match_id,innings,over,ball,batter,non_striker,bowler,runs_total,runs_batter,runs_extras,play_type,is_wicket,wicket_kind,dismissed,team_score
1439761,1,1,1,S Sujay,Jayaraman Suresh Kumar,Abhishek Baljeetsingh Tanwar,0,0,0,no run,0,,,0/0
1439761,1,1,2,S Sujay,Jayaraman Suresh Kumar,Abhishek Baljeetsingh Tanwar,2,2,0,run,0,,,2/0
1439761,1,1,3,S Sujay,Jayaraman Suresh Kumar,Abhishek Baljeetsingh Tanwar,1,0,1,leg bye,0,,,3/0
1439761,1,1,4,Jayaraman Suresh Kumar,S Sujay,Abhishek Baljeetsingh Tanwar,1,0,1,wide,0,,,4/0
1439761,1,1,5,Jayaraman Suresh Kumar,S Sujay,Abhishek Baljeetsingh Tanwar,4,4,0,four,0,,,8/0
1439761,1,1,6,Jayaraman Suresh Kumar,S Sujay,Abhishek Baljeetsingh Tanwar,0,0,0,no run,0,,,8/0
1439761,1,1,7,Jayaraman Suresh Kumar,S Sujay,Abhishek Baljeetsingh Tanwar,0,0,0,out,1,caught,Jayaraman Suresh Kumar,8/1
1439761,1,2,1,S Sujay,Balasubramaniam Sachin,Baba Aparajith,2,2,0,run,0,,,10/1
1439761,1,2,2,S Sujay,Balasubramaniam Sachin,Baba Aparajith,1,1,0,run,0,,,11/1
1439761,1,2,3,Balasubramaniam Sachin,S Sujay,Baba Aparajith,0,0,0,no run,0,,,11/1
1439761,1,2,4,Balasubramaniam Sachin,S Sujay,Baba Aparajith,1,1,0,run,0,,,12/1
1439761,1,2,5,S Sujay,Balasubramaniam Sachin,Baba Aparajith,1,1,0,run,0,,,13/1
1439761,1,2,6,Balasubramaniam Sachin,S Sujay,Baba Aparajith,0,0,0,no run,0,,,13/1
1439761,1,3,1,S Sujay,Balasubramaniam Sachin,Abhishek Baljeetsingh Tanwar,0,0,0,no run,0,,,13/1
1439761,1,3,2,S Sujay,Balasubramaniam Sachin,Abhishek Baljeetsingh Tanwar,0,0,0,out,1,caught,S Sujay,13/2
1439761,1,3,3,Masood Shahrukh Khan,Balasubramaniam Sachin,Abhishek Baljeetsingh Tanwar,4,4,0,four,0,,,17/2
1439761,1,3,4,Masood Shahrukh Khan,Balasubramaniam Sachin,Abhishek Baljeetsingh Tanwar,0,0,0,no run,0,,,17/2
1439761,1,3,5,Masood Shahrukh Khan,Balasubramaniam Sachin,Abhishek Baljeetsingh Tanwar,1,1,0,run,0,,,18/2
1439761,1,3,6,Balasubramaniam Sachin,Masood Shahrukh Khan,Abhishek Baljeetsingh Tanwar,1,1,0,run,0,,,19/2
1439761,1,4,1,Balasubramaniam Sachin,Masood Shahrukh Khan,Rahil S Shah,0,0,0,no run,0,,,19/2
1439761,1,4,2,Balasubramaniam Sachin,Masood Shahrukh Khan,Rahil S Shah,1,1,0,run,0,,,20/2
1439761,1,4,3,Masood Shahrukh Khan,Balasubramaniam Sachin,Rahil S Shah,0,0,0,no run,0,,,20/2
1439761,1,4,4,Masood Shahrukh Khan,Balasubramaniam Sachin,Rahil S Shah,0,0,0,no run,0,,,20/2
1439761,1,4,5,Masood Shahrukh Khan,Balasubramaniam Sachin,Rahil S Shah,1,1,0,run,0,,,21/2
1439761,1,4,6,Balasubramaniam Sachin,Masood Shahrukh Khan,Rahil S Shah,0,0,0,no run,0,,,21/2
1439761,1,5,1,Masood Shahrukh Khan,Balasubramaniam Sachin,Ganeshan Periyaswamy,0,0,0,no run,0,,,21/2
1439761,1,5,2,Masood Shahrukh Khan,Balasubramaniam Sachin,Ganeshan Periyaswamy,0,0,0,no run,0,,,21/2
1439761,1,5,3,Masood Shahrukh Khan,Balasubramaniam Sachin,Ganeshan Periyaswamy,1,1,0,run,0,,,22/2
1439761,1,5,4,Balasubramaniam Sachin,Masood Shahrukh Khan,Ganeshan Periyaswamy,1,1,0,run,0,,,23/2
1439761,1,5,5,Masood Shahrukh Khan,Balasubramaniam Sachin,Ganeshan Periyaswamy,0,0,0,no run,0,,,23/2
1439761,1,5,6,Masood Shahrukh Khan,Balasubramaniam Sachin,Ganeshan Periyaswamy,1,1,0,run,0,,,24/2
1439761,1,6,1,Masood Shahrukh Khan,Balasubramaniam Sachin,Rahil S Shah,0,0,0,out,1,run out,Masood Shahrukh Khan,24/3
1439761,1,6,2,Balasubramaniam Sachin,U Mukilesh,Rahil S Shah,4,4,0,four,0,,,28/3
1439761,1,6,3,Balasubramaniam Sachin,U Mukilesh,Rahil S Shah,4,4,0,four,0,,,32/3
1439761,1,6,4,Balasubramaniam Sachin,U Mukilesh,Rahil S Shah,0,0,0,no run,0,,,32/3
1439761,1,6,5,Balasubramaniam Sachin,U Mukilesh,Rahil S Shah,1,1,0,run,0,,,33/3
1439761,1,6,6,U Mukilesh,Balasubramaniam Sachin,Rahil S Shah,1,1,0,run,0,,,34/3
1439761,1,7,1,U Mukilesh,Balasubramaniam Sachin,M Silambarasan,0,0,0,no run,0,,,34/3
1439761,1,7,2,U Mukilesh,Balasubramaniam Sachin,M Silambarasan,1,1,0,run,0,,,35/3
1439761,1,7,3,Balasubramaniam Sachin,U Mukilesh,M Silambarasan,1,1,0,run,0,,,36/3
1439761,1,7,4,U Mukilesh,Balasubramaniam Sachin,M Silambarasan,1,1,0,run,0,,,37/3
1439761,1,7,5,Balasubramaniam Sachin,U Mukilesh,M Silambarasan,0,0,0,no run,0,,,37/3
1439761,1,7,6,Balasubramaniam Sachin,U Mukilesh,M Silambarasan,1,1,0,run,0,,,38/3
1439761,1,8,1,Balasubramaniam Sachin,U Mukilesh,Baba Aparajith,0,0,0,no run,0,,,38/3
1439761,1,8,2,Balasubramaniam Sachin,U Mukilesh,Baba Aparajith,1,1,0,run,0,,,39/3
1439761,1,8,3,U Mukilesh,Balasubramaniam Sachin,Baba Aparajith,1,1,0,run,0,,,40/3
1439761,1,8,4,Balasubramaniam Sachin,U Mukilesh,Baba Aparajith,1,1,0,run,0,,,41/3
1439761,1,8,5,U Mukilesh,Balasubramaniam Sachin,Baba Aparajith,1,1,0,run,0,,,42/3
1439761,1,8,6,Balasubramaniam Sachin,U Mukilesh,Baba Aparajith,1,1,0,run,0,,,43/3
1439761,1,9,1,Balasubramaniam Sachin,U Mukilesh,M Silambarasan,1,1,0,run,0,,,44/3
1439761,1,9,2,U Mukilesh,Balasubramaniam Sachin,M Silambarasan,1,1,0,run,0,,,45/3
1439761,1,9,3,Balasubramaniam Sachin,U Mukilesh,M Silambarasan,4,4,0,four,0,,,49/3
1439761,1,9,4,Balasubramaniam Sachin,U Mukilesh,M Silambarasan,2,0,2,wide,0,,,51/3
1439761,1,9,5,U Mukilesh,Balasubramaniam Sachin,M Silambarasan,2,2,0,run,0,,,53/3
1439761,1,9,6,U Mukilesh,Balasubramaniam Sachin,M Silambarasan,1,1,0,run,0,,,54/3
1439761,1,9,7,Balasubramaniam Sachin,U Mukilesh,M Silambarasan,1,1,0,run,0,,,55/3
1439761,1,10,1,Balasubramaniam Sachin,U Mukilesh,Baba Aparajith,0,0,0,no run,0,,,55/3
1439761,1,10,2,Balasubramaniam Sachin,U Mukilesh,Baba Aparajith,1,1,0,run,0,,,56/3
1439761,1,10,3,U Mukilesh,Balasubramaniam Sachin,Baba Aparajith,4,4,0,four,0,,,60/3
1439761,1,10,4,U Mukilesh,Balasubramaniam Sachin,Baba Aparajith,1,1,0,run,0,,,61/3
1439761,1,10,5,Balasubramaniam Sachin,U Mukilesh,Baba Aparajith,1,1,0,run,0,,,62/3
1439761,1,10,6,U Mukilesh,Balasubramaniam Sachin,Baba Aparajith,1,1,0,run,0,,,63/3
1439761,1,11,1,U Mukilesh,Balasubramaniam Sachin,Rahil S Shah,2,2,0,run,0,,,65/3
1439761,1,11,2,U Mukilesh,Balasubramaniam Sachin,Rahil S Shah,1,1,0,run,0,,,66/3
1439761,1,11,3,Balasubramaniam Sachin,U Mukilesh,Rahil S Shah,4,4,0,four,0,,,70/3
1439761,1,11,4,Balasubramaniam Sachin,U Mukilesh,Rahil S Shah,0,0,0,no run,0,,,70/3
1439761,1,11,5,Balasubramaniam Sachin,U Mukilesh,Rahil S Shah,1,1,0,run,0,,,71/3
1439761,1,11,6,U Mukilesh,Balasubramaniam Sachin,Rahil S Shah,1,1,0,run,0,,,72/3
1439761,1,12,1,U Mukilesh,Balasubramaniam Sachin,Antony Chandrasekaran Aswin Crist,0,0,0,no run,0,,,72/3
1439761,1,12,2,U Mukilesh,Balasubramaniam Sachin,Antony Chandrasekaran Aswin Crist,1,1,0,run,0,,,73/3
1439761,1,12,3,Balasubramaniam Sachin,U Mukilesh,Antony Chandrasekaran Aswin Crist,1,1,0,run,0,,,74/3
1439761,1,12,4,U Mukilesh,Balasubramaniam Sachin,Antony Chandrasekaran Aswin Crist,4,4,0,four,0,,,78/3
1439761,1,12,5,U Mukilesh,Balasubramaniam Sachin,Antony Chandrasekaran Aswin Crist,4,4,0,four,0,,,82/3
1439761,1,12,6,U Mukilesh,Balasubramaniam Sachin,Antony Chandrasekaran Aswin Crist,1,1,0,run,0,,,83/3
1439761,1,13,1,U Mukilesh,Balasubramaniam Sachin,Ganeshan Periyaswamy,0,0,0,no run,0,,,83/3
1439761,1,13,2,U Mukilesh,Balasubramaniam Sachin,Ganeshan Periyaswamy,1,1,0,run,0,,,84/3
1439761,1,13,3,Balasubramaniam Sachin,U Mukilesh,Ganeshan Periyaswamy,1,1,0,run,0,,,85/3
1439761,1,13,4,U Mukilesh,Balasubramaniam Sachin,Ganeshan Periyaswamy,0,0,0,no run,0,,,85/3
1439761,1,13,5,U Mukilesh,Balasubramaniam Sachin,Ganeshan Periyaswamy,1,1,0,run,0,,,86/3
1439761,1,13,6,Balasubramaniam Sachin,U Mukilesh,Ganeshan Periyaswamy,2,2,0,run,0,,,88/3
1439761,1,14,1,U Mukilesh,Balasubramaniam Sachin,Daryl Sunder Ferrario,0,0,0,out,1,caught,U Mukilesh,88/4
1439761,1,14,2,R Ram Arvindh,Balasubramaniam Sachin,Daryl Sunder Ferrario,1,1,0,run,0,,,89/4
1439761,1,14,3,Balasubramaniam Sachin,R Ram Arvindh,Daryl Sunder Ferrario,1,1,0,run,0,,,90/4
1439761,1,14,4,R Ram Arvindh,Balasubramaniam Sachin,Daryl Sunder Ferrario,0,0,0,no run,0,,,90/4
1439761,1,14,5,R Ram Arvindh,Balasubramaniam Sachin,Daryl Sunder Ferrario,1,1,0,run,0,,,91/4
1439761,1,14,6,Balasubramaniam Sachin,R Ram Arvindh,Daryl Sunder Ferrario,1,1,0,run,0,,,92/4
1439761,1,15,1,Balasubramaniam Sachin,R Ram Arvindh,Rahil S Shah,1,1,0,run,0,,,93/4
1439761,1,15,2,R Ram Arvindh,Balasubramaniam Sachin,Rahil S Shah,1,1,0,run,0,,,94/4
1439761,1,15,3,Balasubramaniam Sachin,R Ram Arvindh,Rahil S Shah,0,0,0,no run,0,,,94/4
1439761,1,15,4,Balasubramaniam Sachin,R Ram Arvindh,Rahil S Shah,2,2,0,run,0,,,96/4
1439761,1,15,5,Balasubramaniam Sachin,R Ram Arvindh,Rahil S Shah,1,1,0,run,0,,,97/4
1439761,1,15,6,R Ram Arvindh,Balasubramaniam Sachin,Rahil S Shah,1,0,1,leg bye,0,,,98/4
1439761,1,16,1,R Ram Arvindh,Balasubramaniam Sachin,Daryl Sunder Ferrario,6,6,0,six,0,,,104/4
1439761,1,16,2,R Ram Arvindh,Balasubramaniam Sachin,Daryl Sunder Ferrario,0,0,0,no run,0,,,104/4
1439761,1,16,3,R Ram Arvindh,Balasubramaniam Sachin,Daryl Sunder Ferrario,1,1,0,run,0,,,105/4
1439761,1,16,4,Balasubramaniam Sachin,R Ram Arvindh,Daryl Sunder Ferrario,1,1,0,run,0,,,106/4
1439761,1,16,5,R Ram Arvindh,Balasubramaniam Sachin,Daryl Sunder Ferrario,1,1,0,run,0,,,107/4
1439761,1,16,6,Balasubramaniam Sachin,R Ram Arvindh,Daryl Sunder Ferrario,4,4,0,four,0,,,111/4
1439761,1,17,1,R Ram Arvindh,Balasubramaniam Sachin,Ganeshan Periyaswamy,1,1,0,run,0,,,112/4
1439761,1,17,2,Balasubramaniam Sachin,R Ram Arvindh,Ganeshan Periyaswamy,0,0,0,no run,0,,,112/4
1439761,1,17,3,Balasubramaniam Sachin,R Ram Arvindh,Ganeshan Periyaswamy,1,1,0,run,0,,,113/4
1439761,1,17,4,R Ram Arvindh,Balasubramaniam Sachin,Ganeshan Periyaswamy,0,0,0,out,1,caught,R Ram Arvindh,113/5
1439761,1,17,5,Atheeq Ur Rahman,Balasubramaniam Sachin,Ganeshan Periyaswamy,1,0,1,wide,0,,,114/5
1439761,1,17,6,Atheeq Ur Rahman,Balasubramaniam Sachin,Ganeshan Periyaswamy,1,1,0,run,0,,,115/5
1439761,1,17,7,Balasubramaniam Sachin,Atheeq Ur Rahman,Ganeshan Periyaswamy,0,0,0,no run,0,,,115/5
1439761,1,18,1,Atheeq Ur Rahman,Balasubramaniam Sachin,Abhishek Baljeetsingh Tanwar,1,1,0,run,0,,,116/5
1439761,1,18,2,Balasubramaniam Sachin,Atheeq Ur Rahman,Abhishek Baljeetsingh Tanwar,1,1,0,run,0,,,117/5
1439761,1,18,3,Atheeq Ur Rahman,Balasubramaniam Sachin,Abhishek Baljeetsingh Tanwar,1,1,0,run,0,,,118/5
1439761,1,18,4,Balasubramaniam Sachin,Atheeq Ur Rahman,Abhishek Baljeetsingh Tanwar,1,1,0,run,0,,,119/5
1439761,1,18,5,Atheeq Ur Rahman,Balasubramaniam Sachin,Abhishek Baljeetsingh Tanwar,0,0,0,out,1,caught,Atheeq Ur Rahman,119/6
1439761,1,18,6,M Mohammed,Balasubramaniam Sachin,Abhishek Baljeetsingh Tanwar,1,1,0,run,0,,,120/6
1439761,1,19,1,M Mohammed,Balasubramaniam Sachin,Ganeshan Periyaswamy,1,0,1,bye,0,,,121/6
1439761,1,19,2,Balasubramaniam Sachin,M Mohammed,Ganeshan Periyaswamy,5,0,5,wide,0,,,126/6
1439761,1,19,3,Balasubramaniam Sachin,M Mohammed,Ganeshan Periyaswamy,1,1,0,run,0,,,127/6
1439761,1,19,4,M Mohammed,Balasubramaniam Sachin,Ganeshan Periyaswamy,1,1,0,run,0,,,128/6
1439761,1,19,5,Balasubramaniam Sachin,M Mohammed,Ganeshan Periyaswamy,4,4,0,four,0,,,132/6
1439761,1,19,6,Balasubramaniam Sachin,M Mohammed,Ganeshan Periyaswamy,1,1,0,run,0,,,133/6
1439761,1,19,7,M Mohammed,Balasubramaniam Sachin,Ganeshan Periyaswamy,0,0,0,no run,0,,,133/6
1439761,1,20,1,Balasubramaniam Sachin,M Mohammed,Abhishek Baljeetsingh Tanwar,0,0,0,no run,0,,,133/6
1439761,1,20,2,Balasubramaniam Sachin,M Mohammed,Abhishek Baljeetsingh Tanwar,4,4,0,four,0,,,137/6
1439761,1,20,3,Balasubramaniam Sachin,M Mohammed,Abhishek Baljeetsingh Tanwar,0,0,0,no run,0,,,137/6
1439761,1,20,4,Balasubramaniam Sachin,M Mohammed,Abhishek Baljeetsingh Tanwar,4,4,0,four,0,,,141/6
1439761,1,20,5,Balasubramaniam Sachin,M Mohammed,Abhishek Baljeetsingh Tanwar,0,0,0,no run,0,,,141/6
1439761,1,20,6,Balasubramaniam Sachin,M Mohammed,Abhishek Baljeetsingh Tanwar,0,0,0,out,1,caught,Balasubramaniam Sachin,141/7
1439761,2,1,1,D Santhosh Kumar,Narayan Jagadeesan,K Gowtham Thamarai Kannan,0,0,0,no run,0,,,0/0
1439761,2,1,2,D Santhosh Kumar,Narayan Jagadeesan,K Gowtham Thamarai Kannan,0,0,0,out,1,caught,D Santhosh Kumar,0/1
1439761,2,1,3,Baba Aparajith,Narayan Jagadeesan,K Gowtham Thamarai Kannan,2,2,0,run,0,,,2/1
1439761,2,1,4,Baba Aparajith,Narayan Jagadeesan,K Gowtham Thamarai Kannan,4,4,0,four,0,,,6/1
1439761,2,1,5,Baba Aparajith,Narayan Jagadeesan,K Gowtham Thamarai Kannan,0,0,0,no run,0,,,6/1
1439761,2,1,6,Baba Aparajith,Narayan Jagadeesan,K Gowtham Thamarai Kannan,4,4,0,four,0,,,10/1
1439761,2,2,1,Narayan Jagadeesan,Baba Aparajith,Manimaran Siddharth,0,0,0,no run,0,,,10/1
1439761,2,2,2,Narayan Jagadeesan,Baba Aparajith,Manimaran Siddharth,0,0,0,no run,0,,,10/1
1439761,2,2,3,Narayan Jagadeesan,Baba Aparajith,Manimaran Siddharth,1,0,1,leg bye,0,,,11/1
1439761,2,2,4,Baba Aparajith,Narayan Jagadeesan,Manimaran Siddharth,1,1,0,run,0,,,12/1
1439761,2,2,5,Narayan Jagadeesan,Baba Aparajith,Manimaran Siddharth,0,0,0,no run,0,,,12/1
1439761,2,2,6,Narayan Jagadeesan,Baba Aparajith,Manimaran Siddharth,0,0,0,no run,0,,,12/1
1439761,2,3,1,Baba Aparajith,Narayan Jagadeesan,K Gowtham Thamarai Kannan,0,0,0,no run,0,,,12/1
1439761,2,3,2,Baba Aparajith,Narayan Jagadeesan,K Gowtham Thamarai Kannan,2,2,0,run,0,,,14/1
1439761,2,3,3,Baba Aparajith,Narayan Jagadeesan,K Gowtham Thamarai Kannan,0,0,0,no run,0,,,14/1
1439761,2,3,4,Baba Aparajith,Narayan Jagadeesan,K Gowtham Thamarai Kannan,0,0,0,no run,0,,,14/1
1439761,2,3,5,Baba Aparajith,Narayan Jagadeesan,K Gowtham Thamarai Kannan,1,1,0,run,0,,,15/1
1439761,2,3,6,Narayan Jagadeesan,Baba Aparajith,K Gowtham Thamarai Kannan,0,0,0,no run,0,,,15/1
1439761,2,4,1,Baba Aparajith,Narayan Jagadeesan,Manimaran Siddharth,4,4,0,four,0,,,19/1
1439761,2,4,2,Baba Aparajith,Narayan Jagadeesan,Manimaran Siddharth,1,1,0,run,0,,,20/1
1439761,2,4,3,Narayan Jagadeesan,Baba Aparajith,Manimaran Siddharth,1,1,0,run,0,,,21/1
1439761,2,4,4,Baba Aparajith,Narayan Jagadeesan,Manimaran Siddharth,4,4,0,four,0,,,25/1
1439761,2,4,5,Baba Aparajith,Narayan Jagadeesan,Manimaran Siddharth,0,0,0,no run,0,,,25/1
1439761,2,4,6,Baba Aparajith,Narayan Jagadeesan,Manimaran Siddharth,2,2,0,run,0,,,27/1
1439761,2,5,1,Narayan Jagadeesan,Baba Aparajith,K Gowtham Thamarai Kannan,4,4,0,four,0,,,31/1
1439761,2,5,2,Narayan Jagadeesan,Baba Aparajith,K Gowtham Thamarai Kannan,0,0,0,no run,0,,,31/1
1439761,2,5,3,Narayan Jagadeesan,Baba Aparajith,K Gowtham Thamarai Kannan,1,1,0,run,0,,,32/1
1439761,2,5,4,Baba Aparajith,Narayan Jagadeesan,K Gowtham Thamarai Kannan,1,1,0,run,0,,,33/1
1439761,2,5,5,Narayan Jagadeesan,Baba Aparajith,K Gowtham Thamarai Kannan,0,0,0,no run,0,,,33/1
1439761,2,5,6,Narayan Jagadeesan,Baba Aparajith,K Gowtham Thamarai Kannan,0,0,0,no run,0,,,33/1
1439761,2,6,1,Baba Aparajith,Narayan Jagadeesan,M Mohammed,1,1,0,run,0,,,34/1
1439761,2,6,2,Narayan Jagadeesan,Baba Aparajith,M Mohammed,4,4,0,four,0,,,38/1
1439761,2,6,3,Narayan Jagadeesan,Baba Aparajith,M Mohammed,1,1,0,run,0,,,39/1
1439761,2,6,4,Baba Aparajith,Narayan Jagadeesan,M Mohammed,6,6,0,six,0,,,45/1
1439761,2,6,5,Baba Aparajith,Narayan Jagadeesan,M Mohammed,0,0,0,no run,0,,,45/1
1439761,2,6,6,Baba Aparajith,Narayan Jagadeesan,M Mohammed,2,2,0,run,0,,,47/1
1439761,2,7,1,Narayan Jagadeesan,Baba Aparajith,Jhathavedh Subramanyan,0,0,0,no run,0,,,47/1
1439761,2,7,2,Narayan Jagadeesan,Baba Aparajith,Jhathavedh Subramanyan,1,1,0,run,0,,,48/1
1439761,2,7,3,Baba Aparajith,Narayan Jagadeesan,Jhathavedh Subramanyan,1,1,0,run,0,,,49/1
1439761,2,7,4,Narayan Jagadeesan,Baba Aparajith,Jhathavedh Subramanyan,0,0,0,no run,0,,,49/1
1439761,2,7,5,Narayan Jagadeesan,Baba Aparajith,Jhathavedh Subramanyan,0,0,0,no run,0,,,49/1
1439761,2,7,6,Narayan Jagadeesan,Baba Aparajith,Jhathavedh Subramanyan,1,1,0,run,0,,,50/1
1439761,2,8,1,Narayan Jagadeesan,Baba Aparajith,M Mohammed,1,1,0,run,0,,,51/1
1439761,2,8,2,Baba Aparajith,Narayan Jagadeesan,M Mohammed,0,0,0,no run,0,,,51/1
1439761,2,8,3,Baba Aparajith,Narayan Jagadeesan,M Mohammed,1,1,0,run,0,,,52/1
1439761,2,8,4,Narayan Jagadeesan,Baba Aparajith,M Mohammed,4,4,0,four,0,,,56/1
1439761,2,8,5,Narayan Jagadeesan,Baba Aparajith,M Mohammed,0,0,0,out,1,bowled,Narayan Jagadeesan,56/2
1439761,2,8,6,Pradosh Ranjan Paul,Baba Aparajith,M Mohammed,0,0,0,no run,0,,,56/2
1439761,2,9,1,Baba Aparajith,Pradosh Ranjan Paul,Jhathavedh Subramanyan,0,0,0,no run,0,,,56/2
1439761,2,9,2,Baba Aparajith,Pradosh Ranjan Paul,Jhathavedh Subramanyan,0,0,0,no run,0,,,56/2
1439761,2,9,3,Baba Aparajith,Pradosh Ranjan Paul,Jhathavedh Subramanyan,0,0,0,no run,0,,,56/2
1439761,2,9,4,Baba Aparajith,Pradosh Ranjan Paul,Jhathavedh Subramanyan,0,0,0,no run,0,,,56/2
1439761,2,9,5,Baba Aparajith,Pradosh Ranjan Paul,Jhathavedh Subramanyan,1,1,0,run,0,,,57/2
1439761,2,9,6,Pradosh Ranjan Paul,Baba Aparajith,Jhathavedh Subramanyan,1,1,0,run,0,,,58/2
1439761,2,10,1,Pradosh Ranjan Paul,Baba Aparajith,Masood Shahrukh Khan,1,0,1,wide,0,,,59/2
1439761,2,10,2,Pradosh Ranjan Paul,Baba Aparajith,Masood Shahrukh Khan,0,0,0,no run,0,,,59/2
1439761,2,10,3,Pradosh Ranjan Paul,Baba Aparajith,Masood Shahrukh Khan,1,1,0,run,0,,,60/2
1439761,2,10,4,Baba Aparajith,Pradosh Ranjan Paul,Masood Shahrukh Khan,0,0,0,out,1,caught,Baba Aparajith,60/3
1439761,2,10,5,Daryl Sunder Ferrario,Pradosh Ranjan Paul,Masood Shahrukh Khan,1,1,0,run,0,,,61/3
1439761,2,10,6,Pradosh Ranjan Paul,Daryl Sunder Ferrario,Masood Shahrukh Khan,1,1,0,run,0,,,62/3
1439761,2,10,7,Daryl Sunder Ferrario,Pradosh Ranjan Paul,Masood Shahrukh Khan,1,1,0,run,0,,,63/3
1439761,2,11,1,Daryl Sunder Ferrario,Pradosh Ranjan Paul,Jhathavedh Subramanyan,0,0,0,no run,0,,,63/3
1439761,2,11,2,Daryl Sunder Ferrario,Pradosh Ranjan Paul,Jhathavedh Subramanyan,0,0,0,out,1,stumped,Daryl Sunder Ferrario,63/4
1439761,2,11,3,CH Jitendra Kumar,Pradosh Ranjan Paul,Jhathavedh Subramanyan,1,1,0,run,0,,,64/4
1439761,2,11,4,Pradosh Ranjan Paul,CH Jitendra Kumar,Jhathavedh Subramanyan,1,1,0,run,0,,,65/4
1439761,2,11,5,CH Jitendra Kumar,Pradosh Ranjan Paul,Jhathavedh Subramanyan,0,0,0,no run,0,,,65/4
1439761,2,11,6,CH Jitendra Kumar,Pradosh Ranjan Paul,Jhathavedh Subramanyan,0,0,0,no run,0,,,65/4
1439761,2,12,1,Pradosh Ranjan Paul,CH Jitendra Kumar,Masood Shahrukh Khan,1,1,0,run,0,,,66/4
1439761,2,12,2,CH Jitendra Kumar,Pradosh Ranjan Paul,Masood Shahrukh Khan,0,0,0,no run,0,,,66/4
1439761,2,12,3,CH Jitendra Kumar,Pradosh Ranjan Paul,Masood Shahrukh Khan,0,0,0,no run,0,,,66/4
1439761,2,12,4,CH Jitendra Kumar,Pradosh Ranjan Paul,Masood Shahrukh Khan,1,1,0,run,0,,,67/4
1439761,2,12,5,Pradosh Ranjan Paul,CH Jitendra Kumar,Masood Shahrukh Khan,1,1,0,run,0,,,68/4
1439761,2,12,6,CH Jitendra Kumar,Pradosh Ranjan Paul,Masood Shahrukh Khan,0,0,0,no run,0,,,68/4
1439761,2,13,1,Pradosh Ranjan Paul,CH Jitendra Kumar,Valliappan Yudheeswaran,0,0,0,no run,0,,,68/4
1439761,2,13,2,Pradosh Ranjan Paul,CH Jitendra Kumar,Valliappan Yudheeswaran,4,4,0,four,0,,,72/4
1439761,2,13,3,Pradosh Ranjan Paul,CH Jitendra Kumar,Valliappan Yudheeswaran,0,0,0,no run,0,,,72/4
1439761,2,13,4,Pradosh Ranjan Paul,CH Jitendra Kumar,Valliappan Yudheeswaran,1,1,0,run,0,,,73/4
1439761,2,13,5,CH Jitendra Kumar,Pradosh Ranjan Paul,Valliappan Yudheeswaran,1,1,0,run,0,,,74/4
1439761,2,13,6,Pradosh Ranjan Paul,CH Jitendra Kumar,Valliappan Yudheeswaran,1,1,0,run,0,,,75/4
1439761,2,14,1,Pradosh Ranjan Paul,CH Jitendra Kumar,Masood Shahrukh Khan,1,1,0,run,0,,,76/4
1439761,2,14,2,CH Jitendra Kumar,Pradosh Ranjan Paul,Masood Shahrukh Khan,1,1,0,run,0,,,77/4
1439761,2,14,3,Pradosh Ranjan Paul,CH Jitendra Kumar,Masood Shahrukh Khan,0,0,0,no run,0,,,77/4
1439761,2,14,4,Pradosh Ranjan Paul,CH Jitendra Kumar,Masood Shahrukh Khan,4,4,0,four,0,,,81/4
1439761,2,14,5,Pradosh Ranjan Paul,CH Jitendra Kumar,Masood Shahrukh Khan,1,1,0,run,0,,,82/4
1439761,2,14,6,CH Jitendra Kumar,Pradosh Ranjan Paul,Masood Shahrukh Khan,1,1,0,run,0,,,83/4
1439761,2,15,1,CH Jitendra Kumar,Pradosh Ranjan Paul,Valliappan Yudheeswaran,1,1,0,run,0,,,84/4
1439761,2,15,2,Pradosh Ranjan Paul,CH Jitendra Kumar,Valliappan Yudheeswaran,1,1,0,run,0,,,85/4
1439761,2,15,3,CH Jitendra Kumar,Pradosh Ranjan Paul,Valliappan Yudheeswaran,1,1,0,run,0,,,86/4
1439761,2,15,4,Pradosh Ranjan Paul,CH Jitendra Kumar,Valliappan Yudheeswaran,2,2,0,run,0,,,88/4
1439761,2,15,5,Pradosh Ranjan Paul,CH Jitendra Kumar,Valliappan Yudheeswaran,1,1,0,run,0,,,89/4
1439761,2,15,6,CH Jitendra Kumar,Pradosh Ranjan Paul,Valliappan Yudheeswaran,1,1,0,run,0,,,90/4
1439761,2,16,1,CH Jitendra Kumar,Pradosh Ranjan Paul,Manimaran Siddharth,1,1,0,run,0,,,91/4
1439761,2,16,2,Pradosh Ranjan Paul,CH Jitendra Kumar,Manimaran Siddharth,2,2,0,run,0,,,93/4
1439761,2,16,3,Pradosh Ranjan Paul,CH Jitendra Kumar,Manimaran Siddharth,1,1,0,run,0,,,94/4
1439761,2,16,4,CH Jitendra Kumar,Pradosh Ranjan Paul,Manimaran Siddharth,1,1,0,run,0,,,95/4
1439761,2,16,5,Pradosh Ranjan Paul,CH Jitendra Kumar,Manimaran Siddharth,1,1,0,run,0,,,96/4
1439761,2,16,6,CH Jitendra Kumar,Pradosh Ranjan Paul,Manimaran Siddharth,0,0,0,no run,0,,,96/4
1439761,2,17,1,Pradosh Ranjan Paul,CH Jitendra Kumar,Jhathavedh Subramanyan,0,0,0,no run,0,,,96/4
1439761,2,17,2,Pradosh Ranjan Paul,CH Jitendra Kumar,Jhathavedh Subramanyan,1,1,0,run,0,,,97/4
1439761,2,17,3,CH Jitendra Kumar,Pradosh Ranjan Paul,Jhathavedh Subramanyan,0,0,0,no run,0,,,97/4
1439761,2,17,4,CH Jitendra Kumar,Pradosh Ranjan Paul,Jhathavedh Subramanyan,1,1,0,run,0,,,98/4
1439761,2,17,5,Pradosh Ranjan Paul,CH Jitendra Kumar,Jhathavedh Subramanyan,1,1,0,run,0,,,99/4
1439761,2,17,6,CH Jitendra Kumar,Pradosh Ranjan Paul,Jhathavedh Subramanyan,1,1,0,run,0,,,100/4
1439761,2,18,1,CH Jitendra Kumar,Pradosh Ranjan Paul,Manimaran Siddharth,1,1,0,run,0,,,101/4
1439761,2,18,2,Pradosh Ranjan Paul,CH Jitendra Kumar,Manimaran Siddharth,1,1,0,run,0,,,102/4
1439761,2,18,3,CH Jitendra Kumar,Pradosh Ranjan Paul,Manimaran Siddharth,1,1,0,run,0,,,103/4
1439761,2,18,4,Pradosh Ranjan Paul,CH Jitendra Kumar,Manimaran Siddharth,4,4,0,four,0,,,107/4
1439761,2,18,5,Pradosh Ranjan Paul,CH Jitendra Kumar,Manimaran Siddharth,1,1,0,run,1,run out,CH Jitendra Kumar,108/5
1439761,2,18,6,Pradosh Ranjan Paul,Rajagopal Sathish,Manimaran Siddharth,4,4,0,four,0,,,112/5
1439761,2,19,1,Rajagopal Sathish,Pradosh Ranjan Paul,Valliappan Yudheeswaran,1,1,0,run,0,,,113/5
1439761,2,19,2,Pradosh Ranjan Paul,Rajagopal Sathish,Valliappan Yudheeswaran,1,1,0,run,0,,,114/5
1439761,2,19,3,Rajagopal Sathish,Pradosh Ranjan Paul,Valliappan Yudheeswaran,1,1,0,run,0,,,115/5
1439761,2,19,4,Pradosh Ranjan Paul,Rajagopal Sathish,Valliappan Yudheeswaran,1,1,0,run,0,,,116/5
1439761,2,19,5,Rajagopal Sathish,Pradosh Ranjan Paul,Valliappan Yudheeswaran,1,1,0,run,0,,,117/5
1439761,2,19,6,Pradosh Ranjan Paul,Rajagopal Sathish,Valliappan Yudheeswaran,1,0,1,wide,1,retired out,Pradosh Ranjan Paul,118/6
1439761,2,19,7,Abhishek Baljeetsingh Tanwar,Rajagopal Sathish,Valliappan Yudheeswaran,6,6,0,six,0,,,124/6
1439761,2,20,1,Rajagopal Sathish,Abhishek Baljeetsingh Tanwar,M Mohammed,1,1,0,run,0,,,125/6
1439761,2,20,2,Abhishek Baljeetsingh Tanwar,Rajagopal Sathish,M Mohammed,1,1,0,run,0,,,126/6
1439761,2,20,3,Rajagopal Sathish,Abhishek Baljeetsingh Tanwar,M Mohammed,1,1,0,run,0,,,127/6
1439761,2,20,4,Abhishek Baljeetsingh Tanwar,Rajagopal Sathish,M Mohammed,1,0,1,leg bye,0,,,128/6
1439761,2,20,5,Rajagopal Sathish,Abhishek Baljeetsingh Tanwar,M Mohammed,0,0,0,no run,0,,,128/6
1439761,2,20,6,Rajagopal Sathish,Abhishek Baljeetsingh Tanwar,M Mohammed,0,0,0,no run,0,,,128/6
1439762,1,1,1,Shivam Singh,Ravichandran Ashwin,V Athisayaraj Davidson,4,4,0,four,0,,,4/0
1439762,1,1,2,Shivam Singh,Ravichandran Ashwin,V Athisayaraj Davidson,0,0,0,no run,0,,,4/0
1439762,1,1,3,Shivam Singh,Ravichandran Ashwin,V Athisayaraj Davidson,4,4,0,four,0,,,8/0
1439762,1,1,4,Shivam Singh,Ravichandran Ashwin,V Athisayaraj Davidson,0,0,0,no run,0,,,8/0
1439762,1,1,5,Shivam Singh,Ravichandran Ashwin,V Athisayaraj Davidson,0,0,0,no run,0,,,8/0
1439762,1,1,6,Shivam Singh,Ravichandran Ashwin,V Athisayaraj Davidson,6,6,0,six,0,,,14/0
1439762,1,2,1,Ravichandran Ashwin,Shivam Singh,P Saravana Kumar,0,0,0,no run,0,,,14/0
1439762,1,2,2,Ravichandran Ashwin,Shivam Singh,P Saravana Kumar,0,0,0,no run,0,,,14/0
1439762,1,2,3,Ravichandran Ashwin,Shivam Singh,P Saravana Kumar,4,4,0,four,0,,,18/0
1439762,1,2,4,Ravichandran Ashwin,Shivam Singh,P Saravana Kumar,0,0,0,no run,0,,,18/0
1439762,1,2,5,Ravichandran Ashwin,Shivam Singh,P Saravana Kumar,1,1,0,run,0,,,19/0
1439762,1,2,6,Shivam Singh,Ravichandran Ashwin,P Saravana Kumar,1,1,0,run,0,,,20/0
1439762,1,3,1,Shivam Singh,Ravichandran Ashwin,K Easwaran,1,1,0,run,0,,,21/0
1439762,1,3,2,Ravichandran Ashwin,Shivam Singh,K Easwaran,1,0,1,wide,0,,,22/0
1439762,1,3,3,Ravichandran Ashwin,Shivam Singh,K Easwaran,0,0,0,out,1,caught,Ravichandran Ashwin,22/1
1439762,1,3,4,R Vimal Khumar,Shivam Singh,K Easwaran,4,4,0,four,0,,,26/1
1439762,1,3,5,R Vimal Khumar,Shivam Singh,K Easwaran,1,1,0,run,0,,,27/1
1439762,1,3,6,Shivam Singh,R Vimal Khumar,K Easwaran,1,1,0,run,0,,,28/1
1439762,1,3,7,R Vimal Khumar,Shivam Singh,K Easwaran,0,0,0,no run,0,,,28/1
1439762,1,4,1,Shivam Singh,R Vimal Khumar,P Saravana Kumar,0,0,0,no run,0,,,28/1
1439762,1,4,2,Shivam Singh,R Vimal Khumar,P Saravana Kumar,0,0,0,no run,0,,,28/1
1439762,1,4,3,Shivam Singh,R Vimal Khumar,P Saravana Kumar,1,1,0,run,0,,,29/1
1439762,1,4,4,R Vimal Khumar,Shivam Singh,P Saravana Kumar,0,0,0,no run,0,,,29/1
1439762,1,4,5,R Vimal Khumar,Shivam Singh,P Saravana Kumar,1,1,0,run,0,,,30/1
1439762,1,4,6,Shivam Singh,R Vimal Khumar,P Saravana Kumar,0,0,0,no run,0,,,30/1
1439762,1,5,1,R Vimal Khumar,Shivam Singh,Kannan Vignesh,1,1,0,run,0,,,31/1
1439762,1,5,2,Shivam Singh,R Vimal Khumar,Kannan Vignesh,0,0,0,no run,0,,,31/1
1439762,1,5,3,Shivam Singh,R Vimal Khumar,Kannan Vignesh,0,0,0,no run,0,,,31/1
1439762,1,5,4,Shivam Singh,R Vimal Khumar,Kannan Vignesh,4,4,0,four,0,,,35/1
1439762,1,5,5,Shivam Singh,R Vimal Khumar,Kannan Vignesh,1,1,0,run,0,,,36/1
1439762,1,5,6,R Vimal Khumar,Shivam Singh,Kannan Vignesh,2,2,0,run,0,,,38/1
1439762,1,6,1,Shivam Singh,R Vimal Khumar,K Easwaran,6,6,0,six,0,,,44/1
1439762,1,6,2,Shivam Singh,R Vimal Khumar,K Easwaran,1,1,0,run,0,,,45/1
1439762,1,6,3,R Vimal Khumar,Shivam Singh,K Easwaran,0,0,0,out,1,caught,R Vimal Khumar,45/2
1439762,1,6,4,Baba Indrajith,Shivam Singh,K Easwaran,0,0,0,no run,0,,,45/2
1439762,1,6,5,Baba Indrajith,Shivam Singh,K Easwaran,1,0,1,wide,0,,,46/2
1439762,1,6,6,Baba Indrajith,Shivam Singh,K Easwaran,1,1,0,run,0,,,47/2
1439762,1,6,7,Shivam Singh,Baba Indrajith,K Easwaran,4,4,0,four,0,,,51/2
1439762,1,7,1,Baba Indrajith,Shivam Singh,Kannan Vignesh,0,0,0,no run,0,,,51/2
1439762,1,7,2,Baba Indrajith,Shivam Singh,Kannan Vignesh,1,1,0,run,0,,,52/2
1439762,1,7,3,Shivam Singh,Baba Indrajith,Kannan Vignesh,1,1,0,run,0,,,53/2
1439762,1,7,4,Baba Indrajith,Shivam Singh,Kannan Vignesh,1,1,0,run,0,,,54/2
1439762,1,7,5,Shivam Singh,Baba Indrajith,Kannan Vignesh,1,0,1,leg bye,0,,,55/2
1439762,1,7,6,Baba Indrajith,Shivam Singh,Kannan Vignesh,1,1,0,run,0,,,56/2
1439762,1,8,1,Baba Indrajith,Shivam Singh,Ramsingh  Sanjay Yadav,1,1,0,run,0,,,57/2
1439762,1,8,2,Shivam Singh,Baba Indrajith,Ramsingh  Sanjay Yadav,1,1,0,run,0,,,58/2
1439762,1,8,3,Baba Indrajith,Shivam Singh,Ramsingh  Sanjay Yadav,0,0,0,no run,0,,,58/2
1439762,1,8,4,Baba Indrajith,Shivam Singh,Ramsingh  Sanjay Yadav,1,1,0,run,0,,,59/2
1439762,1,8,5,Shivam Singh,Baba Indrajith,Ramsingh  Sanjay Yadav,1,1,0,run,0,,,60/2
1439762,1,8,6,Baba Indrajith,Shivam Singh,Ramsingh  Sanjay Yadav,1,1,0,run,0,,,61/2
1439762,1,9,1,Baba Indrajith,Shivam Singh,Kannan Vignesh,1,1,0,run,0,,,62/2
1439762,1,9,2,Shivam Singh,Baba Indrajith,Kannan Vignesh,1,1,0,run,0,,,63/2
1439762,1,9,3,Baba Indrajith,Shivam Singh,Kannan Vignesh,1,1,0,run,0,,,64/2
1439762,1,9,4,Shivam Singh,Baba Indrajith,Kannan Vignesh,0,0,0,no run,0,,,64/2
1439762,1,9,5,Shivam Singh,Baba Indrajith,Kannan Vignesh,0,0,0,no run,0,,,64/2
1439762,1,9,6,Shivam Singh,Baba Indrajith,Kannan Vignesh,1,1,0,run,0,,,65/2
1439762,1,10,1,Shivam Singh,Baba Indrajith,Ramsingh  Sanjay Yadav,1,1,0,run,0,,,66/2
1439762,1,10,2,Baba Indrajith,Shivam Singh,Ramsingh  Sanjay Yadav,1,1,0,run,0,,,67/2
1439762,1,10,3,Shivam Singh,Baba Indrajith,Ramsingh  Sanjay Yadav,0,0,0,no run,0,,,67/2
1439762,1,10,4,Shivam Singh,Baba Indrajith,Ramsingh  Sanjay Yadav,4,4,0,four,0,,,71/2
1439762,1,10,5,Shivam Singh,Baba Indrajith,Ramsingh  Sanjay Yadav,1,1,0,run,0,,,72/2
1439762,1,10,6,Baba Indrajith,Shivam Singh,Ramsingh  Sanjay Yadav,1,1,0,run,0,,,73/2
1439762,1,11,1,Baba Indrajith,Shivam Singh,Wenseslaus Antony Dhas,1,1,0,run,0,,,74/2
1439762,1,11,2,Shivam Singh,Baba Indrajith,Wenseslaus Antony Dhas,1,1,0,run,0,,,75/2
1439762,1,11,3,Baba Indrajith,Shivam Singh,Wenseslaus Antony Dhas,4,4,0,four,0,,,79/2
1439762,1,11,4,Baba Indrajith,Shivam Singh,Wenseslaus Antony Dhas,6,6,0,six,0,,,85/2
1439762,1,11,5,Baba Indrajith,Shivam Singh,Wenseslaus Antony Dhas,0,0,0,no run,0,,,85/2
1439762,1,11,6,Baba Indrajith,Shivam Singh,Wenseslaus Antony Dhas,1,0,1,wide,0,,,86/2
1439762,1,11,7,Baba Indrajith,Shivam Singh,Wenseslaus Antony Dhas,0,0,0,no run,0,,,86/2
1439762,1,12,1,Shivam Singh,Baba Indrajith,Ramsingh  Sanjay Yadav,0,0,0,no run,0,,,86/2
1439762,1,12,2,Shivam Singh,Baba Indrajith,Ramsingh  Sanjay Yadav,1,1,0,run,0,,,87/2
1439762,1,12,3,Baba Indrajith,Shivam Singh,Ramsingh  Sanjay Yadav,1,1,0,run,0,,,88/2
1439762,1,12,4,Shivam Singh,Baba Indrajith,Ramsingh  Sanjay Yadav,1,1,0,run,0,,,89/2
1439762,1,12,5,Baba Indrajith,Shivam Singh,Ramsingh  Sanjay Yadav,0,0,0,no run,0,,,89/2
1439762,1,12,6,Baba Indrajith,Shivam Singh,Ramsingh  Sanjay Yadav,2,2,0,run,0,,,91/2
1439762,1,13,1,Shivam Singh,Baba Indrajith,R Rajkumar,1,1,0,run,0,,,92/2
1439762,1,13,2,Baba Indrajith,Shivam Singh,R Rajkumar,1,1,0,run,0,,,93/2
1439762,1,13,3,Shivam Singh,Baba Indrajith,R Rajkumar,1,0,1,wide,0,,,94/2
1439762,1,13,4,Shivam Singh,Baba Indrajith,R Rajkumar,4,4,0,four,0,,,98/2
1439762,1,13,5,Shivam Singh,Baba Indrajith,R Rajkumar,1,1,0,run,0,,,99/2
1439762,1,13,6,Baba Indrajith,Shivam Singh,R Rajkumar,1,1,0,run,0,,,100/2
1439762,1,13,7,Shivam Singh,Baba Indrajith,R Rajkumar,0,0,0,no run,0,,,100/2
1439762,1,14,1,Baba Indrajith,Shivam Singh,Ramsingh  Sanjay Yadav,1,1,0,run,0,,,101/2
1439762,1,14,2,Shivam Singh,Baba Indrajith,Ramsingh  Sanjay Yadav,1,1,0,run,0,,,102/2
1439762,1,14,3,Baba Indrajith,Shivam Singh,Ramsingh  Sanjay Yadav,1,1,0,run,0,,,103/2
1439762,1,14,4,Shivam Singh,Baba Indrajith,Ramsingh  Sanjay Yadav,6,6,0,six,0,,,109/2
1439762,1,14,5,Shivam Singh,Baba Indrajith,Ramsingh  Sanjay Yadav,1,1,0,run,0,,,110/2
1439762,1,14,6,Baba Indrajith,Shivam Singh,Ramsingh  Sanjay Yadav,4,4,0,four,0,,,114/2
1439762,1,15,1,Shivam Singh,Baba Indrajith,P Saravana Kumar,0,0,0,no run,0,,,114/2
1439762,1,15,2,Shivam Singh,Baba Indrajith,P Saravana Kumar,6,6,0,six,0,,,120/2
1439762,1,15,3,Shivam Singh,Baba Indrajith,P Saravana Kumar,6,6,0,six,0,,,126/2
1439762,1,15,4,Shivam Singh,Baba Indrajith,P Saravana Kumar,1,1,0,run,0,,,127/2
1439762,1,15,5,Baba Indrajith,Shivam Singh,P Saravana Kumar,0,0,0,out,1,caught,Baba Indrajith,127/3
1439762,1,15,6,Boopathi Vaishna Kumar,Shivam Singh,P Saravana Kumar,0,0,0,no run,0,,,127/3
1439762,1,16,1,Shivam Singh,Boopathi Vaishna Kumar,R Rajkumar,1,1,0,run,0,,,128/3
1439762,1,16,2,Boopathi Vaishna Kumar,Shivam Singh,R Rajkumar,1,1,0,run,0,,,129/3
1439762,1,16,3,Shivam Singh,Boopathi Vaishna Kumar,R Rajkumar,1,1,0,run,0,,,130/3
1439762,1,16,4,Boopathi Vaishna Kumar,Shivam Singh,R Rajkumar,1,1,0,run,0,,,131/3
1439762,1,16,5,Shivam Singh,Boopathi Vaishna Kumar,R Rajkumar,1,1,0,run,0,,,132/3
1439762,1,16,6,Boopathi Vaishna Kumar,Shivam Singh,R Rajkumar,1,1,0,run,0,,,133/3
1439762,1,17,1,Boopathi Vaishna Kumar,Shivam Singh,K Easwaran,1,1,0,run,0,,,134/3
1439762,1,17,2,Shivam Singh,Boopathi Vaishna Kumar,K Easwaran,0,0,0,out,1,caught,Shivam Singh,134/4
1439762,1,17,3,S Dinesh Raj,Boopathi Vaishna Kumar,K Easwaran,1,1,0,run,0,,,135/4
1439762,1,17,4,Boopathi Vaishna Kumar,S Dinesh Raj,K Easwaran,1,1,0,run,0,,,136/4
1439762,1,17,5,S Dinesh Raj,Boopathi Vaishna Kumar,K Easwaran,0,0,0,out,1,caught,S Dinesh Raj,136/5
1439762,1,17,6,C Sarath Kumar,Boopathi Vaishna Kumar,K Easwaran,0,0,0,out,1,caught,C Sarath Kumar,136/6
1439762,1,18,1,Boopathi Vaishna Kumar,G Kishoor,V Athisayaraj Davidson,1,1,0,run,0,,,137/6
1439762,1,18,2,G Kishoor,Boopathi Vaishna Kumar,V Athisayaraj Davidson,1,1,0,run,0,,,138/6
1439762,1,18,3,Boopathi Vaishna Kumar,G Kishoor,V Athisayaraj Davidson,1,1,0,run,0,,,139/6
1439762,1,18,4,G Kishoor,Boopathi Vaishna Kumar,V Athisayaraj Davidson,1,0,1,leg bye,0,,,140/6
1439762,1,18,5,Boopathi Vaishna Kumar,G Kishoor,V Athisayaraj Davidson,1,1,0,run,0,,,141/6
1439762,1,18,6,G Kishoor,Boopathi Vaishna Kumar,V Athisayaraj Davidson,1,1,0,run,0,,,142/6
1439762,1,19,1,G Kishoor,Boopathi Vaishna Kumar,K Easwaran,0,0,0,out,1,caught,G Kishoor,142/7
1439762,1,19,2,Varun Chakravarthy Vinod,Boopathi Vaishna Kumar,K Easwaran,1,1,0,run,0,,,143/7
1439762,1,19,3,Boopathi Vaishna Kumar,Varun Chakravarthy Vinod,K Easwaran,4,4,0,four,0,,,147/7
1439762,1,19,4,Boopathi Vaishna Kumar,Varun Chakravarthy Vinod,K Easwaran,1,1,0,run,0,,,148/7
1439762,1,19,5,Varun Chakravarthy Vinod,Boopathi Vaishna Kumar,K Easwaran,1,1,0,run,0,,,149/7
1439762,1,19,6,Boopathi Vaishna Kumar,Varun Chakravarthy Vinod,K Easwaran,1,1,0,run,0,,,150/7
1439762,1,20,1,Boopathi Vaishna Kumar,Varun Chakravarthy Vinod,V Athisayaraj Davidson,4,4,0,four,0,,,154/7
1439762,1,20,2,Boopathi Vaishna Kumar,Varun Chakravarthy Vinod,V Athisayaraj Davidson,2,2,0,run,0,,,156/7
1439762,1,20,3,Boopathi Vaishna Kumar,Varun Chakravarthy Vinod,V Athisayaraj Davidson,1,1,0,run,0,,,157/7
1439762,1,20,4,Varun Chakravarthy Vinod,Boopathi Vaishna Kumar,V Athisayaraj Davidson,0,0,0,out,1,caught,Varun Chakravarthy Vinod,157/8
1439762,1,20,5,VP Diran,Boopathi Vaishna Kumar,V Athisayaraj Davidson,1,1,0,run,0,,,158/8
1439762,1,20,6,Boopathi Vaishna Kumar,VP Diran,V Athisayaraj Davidson,2,2,0,run,0,,,160/8
1439762,2,1,1,Arjun P Murthy,Waseem Ahmed,Sankarankutty Sandeep Warrier,0,0,0,no run,0,,,0/0
1439762,2,1,2,Arjun P Murthy,Waseem Ahmed,Sankarankutty Sandeep Warrier,0,0,0,no run,0,,,0/0
1439762,2,1,3,Arjun P Murthy,Waseem Ahmed,Sankarankutty Sandeep Warrier,0,0,0,no run,0,,,0/0
1439762,2,1,4,Arjun P Murthy,Waseem Ahmed,Sankarankutty Sandeep Warrier,1,1,0,run,0,,,1/0
1439762,2,1,5,Waseem Ahmed,Arjun P Murthy,Sankarankutty Sandeep Warrier,6,6,0,six,0,,,7/0
1439762,2,1,6,Waseem Ahmed,Arjun P Murthy,Sankarankutty Sandeep Warrier,0,0,0,out,1,caught,Waseem Ahmed,7/1
1439762,2,2,1,Arjun P Murthy,ME Tamil Dhileepan,G Kishoor,4,4,0,four,0,,,11/1
1439762,2,2,2,Arjun P Murthy,ME Tamil Dhileepan,G Kishoor,1,1,0,run,0,,,12/1
1439762,2,2,3,ME Tamil Dhileepan,Arjun P Murthy,G Kishoor,0,0,0,no run,0,,,12/1
1439762,2,2,4,ME Tamil Dhileepan,Arjun P Murthy,G Kishoor,0,0,0,no run,0,,,12/1
1439762,2,2,5,ME Tamil Dhileepan,Arjun P Murthy,G Kishoor,4,4,0,four,0,,,16/1
1439762,2,2,6,ME Tamil Dhileepan,Arjun P Murthy,G Kishoor,0,0,0,no run,0,,,16/1
1439762,2,3,1,Arjun P Murthy,ME Tamil Dhileepan,Sankarankutty Sandeep Warrier,0,0,0,no run,0,,,16/1
1439762,2,3,2,Arjun P Murthy,ME Tamil Dhileepan,Sankarankutty Sandeep Warrier,4,4,0,four,0,,,20/1
1439762,2,3,3,Arjun P Murthy,ME Tamil Dhileepan,Sankarankutty Sandeep Warrier,0,0,0,no run,0,,,20/1
1439762,2,3,4,Arjun P Murthy,ME Tamil Dhileepan,Sankarankutty Sandeep Warrier,0,0,0,no run,0,,,20/1
1439762,2,3,5,Arjun P Murthy,ME Tamil Dhileepan,Sankarankutty Sandeep Warrier,0,0,0,no run,0,,,20/1
1439762,2,3,6,Arjun P Murthy,ME Tamil Dhileepan,Sankarankutty Sandeep Warrier,1,1,0,run,0,,,21/1
1439762,2,4,1,Arjun P Murthy,ME Tamil Dhileepan,Ravichandran Ashwin,1,1,0,run,0,,,22/1
1439762,2,4,2,ME Tamil Dhileepan,Arjun P Murthy,Ravichandran Ashwin,1,1,0,run,0,,,23/1
1439762,2,4,3,Arjun P Murthy,ME Tamil Dhileepan,Ravichandran Ashwin,1,1,0,run,0,,,24/1
1439762,2,4,4,ME Tamil Dhileepan,Arjun P Murthy,Ravichandran Ashwin,0,0,0,out,1,caught,ME Tamil Dhileepan,24/2
1439762,2,4,5,S Shyam Sundar,Arjun P Murthy,Ravichandran Ashwin,1,1,0,run,0,,,25/2
1439762,2,4,6,Arjun P Murthy,S Shyam Sundar,Ravichandran Ashwin,1,1,0,run,0,,,26/2
1439762,2,5,1,Arjun P Murthy,S Shyam Sundar,Varun Chakravarthy Vinod,0,0,0,no run,0,,,26/2
1439762,2,5,2,Arjun P Murthy,S Shyam Sundar,Varun Chakravarthy Vinod,0,0,0,no run,0,,,26/2
1439762,2,5,3,Arjun P Murthy,S Shyam Sundar,Varun Chakravarthy Vinod,4,4,0,four,0,,,30/2
1439762,2,5,4,Arjun P Murthy,S Shyam Sundar,Varun Chakravarthy Vinod,0,0,0,no run,0,,,30/2
1439762,2,5,5,Arjun P Murthy,S Shyam Sundar,Varun Chakravarthy Vinod,0,0,0,out,1,caught,Arjun P Murthy,30/3
1439762,2,5,6,Jafar Jamal,S Shyam Sundar,Varun Chakravarthy Vinod,0,0,0,no run,0,,,30/3
1439762,2,6,1,S Shyam Sundar,Jafar Jamal,VP Diran,1,1,0,run,0,,,31/3
1439762,2,6,2,Jafar Jamal,S Shyam Sundar,VP Diran,4,4,0,four,0,,,35/3
1439762,2,6,3,Jafar Jamal,S Shyam Sundar,VP Diran,2,2,0,run,0,,,37/3
1439762,2,6,4,Jafar Jamal,S Shyam Sundar,VP Diran,1,1,0,run,0,,,38/3
1439762,2,6,5,S Shyam Sundar,Jafar Jamal,VP Diran,0,0,0,no run,0,,,38/3
1439762,2,6,6,S Shyam Sundar,Jafar Jamal,VP Diran,0,0,0,no run,0,,,38/3
1439762,2,7,1,Jafar Jamal,S Shyam Sundar,P Vignesh,1,1,0,run,0,,,39/3
1439762,2,7,2,S Shyam Sundar,Jafar Jamal,P Vignesh,1,1,0,run,0,,,40/3
1439762,2,7,3,Jafar Jamal,S Shyam Sundar,P Vignesh,4,4,0,four,0,,,44/3
1439762,2,7,4,Jafar Jamal,S Shyam Sundar,P Vignesh,1,1,0,run,0,,,45/3
1439762,2,7,5,S Shyam Sundar,Jafar Jamal,P Vignesh,1,1,0,run,0,,,46/3
1439762,2,7,6,Jafar Jamal,S Shyam Sundar,P Vignesh,0,0,0,no run,0,,,46/3
1439762,2,8,1,S Shyam Sundar,Jafar Jamal,Ravichandran Ashwin,1,1,0,run,0,,,47/3
1439762,2,8,2,Jafar Jamal,S Shyam Sundar,Ravichandran Ashwin,0,0,0,no run,0,,,47/3
1439762,2,8,3,Jafar Jamal,S Shyam Sundar,Ravichandran Ashwin,0,0,0,out,1,caught,Jafar Jamal,47/4
1439762,2,8,4,Ramsingh  Sanjay Yadav,S Shyam Sundar,Ravichandran Ashwin,0,0,0,no run,0,,,47/4
1439762,2,8,5,Ramsingh  Sanjay Yadav,S Shyam Sundar,Ravichandran Ashwin,0,0,0,no run,0,,,47/4
1439762,2,8,6,Ramsingh  Sanjay Yadav,S Shyam Sundar,Ravichandran Ashwin,0,0,0,no run,0,,,47/4
1439762,2,9,1,S Shyam Sundar,Ramsingh  Sanjay Yadav,Varun Chakravarthy Vinod,1,1,0,run,0,,,48/4
1439762,2,9,2,Ramsingh  Sanjay Yadav,S Shyam Sundar,Varun Chakravarthy Vinod,0,0,0,no run,0,,,48/4
1439762,2,9,3,Ramsingh  Sanjay Yadav,S Shyam Sundar,Varun Chakravarthy Vinod,0,0,0,no run,0,,,48/4
1439762,2,9,4,Ramsingh  Sanjay Yadav,S Shyam Sundar,Varun Chakravarthy Vinod,0,0,0,no run,0,,,48/4
1439762,2,9,5,Ramsingh  Sanjay Yadav,S Shyam Sundar,Varun Chakravarthy Vinod,0,0,0,no run,0,,,48/4
1439762,2,9,6,Ramsingh  Sanjay Yadav,S Shyam Sundar,Varun Chakravarthy Vinod,1,1,0,run,0,,,49/4
1439762,2,10,1,Ramsingh  Sanjay Yadav,S Shyam Sundar,Ravichandran Ashwin,2,2,0,run,0,,,51/4
1439762,2,10,2,Ramsingh  Sanjay Yadav,S Shyam Sundar,Ravichandran Ashwin,1,1,0,run,0,,,52/4
1439762,2,10,3,S Shyam Sundar,Ramsingh  Sanjay Yadav,Ravichandran Ashwin,1,1,0,run,0,,,53/4
1439762,2,10,4,Ramsingh  Sanjay Yadav,S Shyam Sundar,Ravichandran Ashwin,0,0,0,no run,0,,,53/4
1439762,2,10,5,Ramsingh  Sanjay Yadav,S Shyam Sundar,Ravichandran Ashwin,0,0,0,no run,0,,,53/4
1439762,2,10,6,Ramsingh  Sanjay Yadav,S Shyam Sundar,Ravichandran Ashwin,1,1,0,run,0,,,54/4
1439762,2,11,1,Ramsingh  Sanjay Yadav,S Shyam Sundar,VP Diran,1,1,0,run,0,,,55/4
1439762,2,11,2,S Shyam Sundar,Ramsingh  Sanjay Yadav,VP Diran,6,6,0,six,0,,,61/4
1439762,2,11,3,S Shyam Sundar,Ramsingh  Sanjay Yadav,VP Diran,0,0,0,no run,0,,,61/4
1439762,2,11,4,S Shyam Sundar,Ramsingh  Sanjay Yadav,VP Diran,1,1,0,run,0,,,62/4
1439762,2,11,5,Ramsingh  Sanjay Yadav,S Shyam Sundar,VP Diran,0,0,0,no run,0,,,62/4
1439762,2,11,6,Ramsingh  Sanjay Yadav,S Shyam Sundar,VP Diran,1,1,0,run,0,,,63/4
1439762,2,12,1,Ramsingh  Sanjay Yadav,S Shyam Sundar,Varun Chakravarthy Vinod,6,6,0,six,0,,,69/4
1439762,2,12,2,Ramsingh  Sanjay Yadav,S Shyam Sundar,Varun Chakravarthy Vinod,1,1,0,run,0,,,70/4
1439762,2,12,3,S Shyam Sundar,Ramsingh  Sanjay Yadav,Varun Chakravarthy Vinod,0,0,0,no run,0,,,70/4
1439762,2,12,4,S Shyam Sundar,Ramsingh  Sanjay Yadav,Varun Chakravarthy Vinod,1,1,0,run,0,,,71/4
1439762,2,12,5,Ramsingh  Sanjay Yadav,S Shyam Sundar,Varun Chakravarthy Vinod,0,0,0,no run,0,,,71/4
1439762,2,12,6,Ramsingh  Sanjay Yadav,S Shyam Sundar,Varun Chakravarthy Vinod,4,4,0,four,0,,,75/4
1439762,2,13,1,S Shyam Sundar,Ramsingh  Sanjay Yadav,Sankarankutty Sandeep Warrier,0,0,0,no run,0,,,75/4
1439762,2,13,2,S Shyam Sundar,Ramsingh  Sanjay Yadav,Sankarankutty Sandeep Warrier,1,1,0,run,0,,,76/4
1439762,2,13,3,Ramsingh  Sanjay Yadav,S Shyam Sundar,Sankarankutty Sandeep Warrier,1,1,0,run,0,,,77/4
1439762,2,13,4,S Shyam Sundar,Ramsingh  Sanjay Yadav,Sankarankutty Sandeep Warrier,1,1,0,run,0,,,78/4
1439762,2,13,5,Ramsingh  Sanjay Yadav,S Shyam Sundar,Sankarankutty Sandeep Warrier,0,0,0,no run,0,,,78/4
1439762,2,13,6,Ramsingh  Sanjay Yadav,S Shyam Sundar,Sankarankutty Sandeep Warrier,0,0,0,no run,0,,,78/4
1439762,2,14,1,S Shyam Sundar,Ramsingh  Sanjay Yadav,Ravichandran Ashwin,1,0,1,leg bye,0,,,79/4
1439762,2,14,2,Ramsingh  Sanjay Yadav,S Shyam Sundar,Ravichandran Ashwin,1,1,0,run,0,,,80/4
1439762,2,14,3,S Shyam Sundar,Ramsingh  Sanjay Yadav,Ravichandran Ashwin,0,0,0,no run,0,,,80/4
1439762,2,14,4,S Shyam Sundar,Ramsingh  Sanjay Yadav,Ravichandran Ashwin,6,6,0,six,0,,,86/4
1439762,2,14,5,S Shyam Sundar,Ramsingh  Sanjay Yadav,Ravichandran Ashwin,0,0,0,no run,0,,,86/4
1439762,2,14,6,S Shyam Sundar,Ramsingh  Sanjay Yadav,Ravichandran Ashwin,0,0,0,out,1,caught,S Shyam Sundar,86/5
1439762,2,15,1,Ramsingh  Sanjay Yadav,R Rajkumar,G Kishoor,2,2,0,run,0,,,88/5
1439762,2,15,2,Ramsingh  Sanjay Yadav,R Rajkumar,G Kishoor,1,1,0,run,0,,,89/5
1439762,2,15,3,R Rajkumar,Ramsingh  Sanjay Yadav,G Kishoor,0,0,0,no run,0,,,89/5
1439762,2,15,4,R Rajkumar,Ramsingh  Sanjay Yadav,G Kishoor,1,1,0,run,0,,,90/5
1439762,2,15,5,Ramsingh  Sanjay Yadav,R Rajkumar,G Kishoor,1,1,0,run,0,,,91/5
1439762,2,15,6,R Rajkumar,Ramsingh  Sanjay Yadav,G Kishoor,6,6,0,six,0,,,97/5
1439762,2,16,1,Ramsingh  Sanjay Yadav,R Rajkumar,VP Diran,0,0,0,out,1,leg before wicket,Ramsingh  Sanjay Yadav,97/6
1439762,2,16,2,Wenseslaus Antony Dhas,R Rajkumar,VP Diran,1,1,0,run,0,,,98/6
1439762,2,16,3,R Rajkumar,Wenseslaus Antony Dhas,VP Diran,6,6,0,six,0,,,104/6
1439762,2,16,4,R Rajkumar,Wenseslaus Antony Dhas,VP Diran,0,0,0,no run,0,,,104/6
1439762,2,16,5,R Rajkumar,Wenseslaus Antony Dhas,VP Diran,1,1,0,run,0,,,105/6
1439762,2,16,6,Wenseslaus Antony Dhas,R Rajkumar,VP Diran,2,2,0,run,0,,,107/6
1439762,2,17,1,R Rajkumar,Wenseslaus Antony Dhas,Sankarankutty Sandeep Warrier,1,1,0,run,0,,,108/6
1439762,2,17,2,Wenseslaus Antony Dhas,R Rajkumar,Sankarankutty Sandeep Warrier,0,0,0,out,1,bowled,Wenseslaus Antony Dhas,108/7
1439762,2,17,3,P Saravana Kumar,R Rajkumar,Sankarankutty Sandeep Warrier,0,0,0,no run,0,,,108/7
1439762,2,17,4,P Saravana Kumar,R Rajkumar,Sankarankutty Sandeep Warrier,0,0,0,no run,0,,,108/7
1439762,2,17,5,P Saravana Kumar,R Rajkumar,Sankarankutty Sandeep Warrier,0,0,0,no run,0,,,108/7
1439762,2,17,6,P Saravana Kumar,R Rajkumar,Sankarankutty Sandeep Warrier,1,1,0,run,0,,,109/7
1439762,2,18,1,P Saravana Kumar,R Rajkumar,Varun Chakravarthy Vinod,1,1,0,run,0,,,110/7
1439762,2,18,2,R Rajkumar,P Saravana Kumar,Varun Chakravarthy Vinod,0,0,0,no run,0,,,110/7
1439762,2,18,3,R Rajkumar,P Saravana Kumar,Varun Chakravarthy Vinod,1,1,0,run,0,,,111/7
1439762,2,18,4,P Saravana Kumar,R Rajkumar,Varun Chakravarthy Vinod,1,0,1,wide,0,,,112/7
1439762,2,18,5,P Saravana Kumar,R Rajkumar,Varun Chakravarthy Vinod,1,1,0,run,0,,,113/7
1439762,2,18,6,R Rajkumar,P Saravana Kumar,Varun Chakravarthy Vinod,0,0,0,no run,0,,,113/7
1439762,2,18,7,R Rajkumar,P Saravana Kumar,Varun Chakravarthy Vinod,0,0,0,no run,0,,,113/7
1439762,2,19,1,P Saravana Kumar,R Rajkumar,VP Diran,1,0,1,wide,0,,,114/7
1439762,2,19,2,P Saravana Kumar,R Rajkumar,VP Diran,1,1,0,run,0,,,115/7
1439762,2,19,3,R Rajkumar,P Saravana Kumar,VP Diran,4,4,0,four,0,,,119/7
1439762,2,19,4,R Rajkumar,P Saravana Kumar,VP Diran,6,6,0,six,0,,,125/7
1439762,2,19,5,R Rajkumar,P Saravana Kumar,VP Diran,0,0,0,no run,0,,,125/7
1439762,2,19,6,R Rajkumar,P Saravana Kumar,VP Diran,1,1,0,run,0,,,126/7
1439762,2,19,7,P Saravana Kumar,R Rajkumar,VP Diran,1,0,1,wide,0,,,127/7
1439762,2,19,8,P Saravana Kumar,R Rajkumar,VP Diran,0,0,0,no run,0,,,127/7
1439762,2,20,1,R Rajkumar,P Saravana Kumar,G Kishoor,4,4,0,four,0,,,131/7
1439762,2,20,2,R Rajkumar,P Saravana Kumar,G Kishoor,0,0,0,out,1,caught,R Rajkumar,131/8
1439762,2,20,3,Kannan Vignesh,P Saravana Kumar,G Kishoor,1,0,1,wide,0,,,132/8
1439762,2,20,4,Kannan Vignesh,P Saravana Kumar,G Kishoor,1,1,0,run,0,,,133/8
1439762,2,20,5,P Saravana Kumar,Kannan Vignesh,G Kishoor,4,4,0,four,0,,,137/8
1439762,2,20,6,P Saravana Kumar,Kannan Vignesh,G Kishoor,6,6,0,six,0,,,143/8
1439762,2,20,7,P Saravana Kumar,Kannan Vignesh,G Kishoor,1,1,0,run,0,,,144/8
1439763,1,1,1,S Abishiek,R Kavin,Swapnil Singh,0,0,0,no run,0,,,0/0
1439763,1,1,2,S Abishiek,R Kavin,Swapnil Singh,1,1,0,run,0,,,1/0
1439763,1,1,3,R Kavin,S Abishiek,Swapnil Singh,0,0,0,no run,0,,,1/0
1439763,1,1,4,R Kavin,S Abishiek,Swapnil Singh,1,1,0,run,0,,,2/0
1439763,1,1,5,S Abishiek,R Kavin,Swapnil Singh,2,1,1,run,0,,,4/0
1439763,1,1,6,R Kavin,S Abishiek,Swapnil Singh,6,6,0,six,0,,,10/0
1439763,1,1,7,R Kavin,S Abishiek,Swapnil Singh,1,1,0,run,0,,,11/0
1439763,1,2,1,R Kavin,S Abishiek,Gurjapneet Singh,0,0,0,no run,0,,,11/0
1439763,1,2,2,R Kavin,S Abishiek,Gurjapneet Singh,4,4,0,four,0,,,15/0
1439763,1,2,3,R Kavin,S Abishiek,Gurjapneet Singh,1,1,0,run,0,,,16/0
1439763,1,2,4,S Abishiek,R Kavin,Gurjapneet Singh,1,0,1,wide,0,,,17/0
1439763,1,2,5,S Abishiek,R Kavin,Gurjapneet Singh,2,2,0,run,0,,,19/0
1439763,1,2,6,S Abishiek,R Kavin,Gurjapneet Singh,0,0,0,no run,0,,,19/0
1439763,1,2,7,S Abishiek,R Kavin,Gurjapneet Singh,0,0,0,no run,0,,,19/0
1439763,1,3,1,R Kavin,S Abishiek,S Shankar Ganesh,1,0,1,wide,0,,,20/0
1439763,1,3,2,R Kavin,S Abishiek,S Shankar Ganesh,0,0,0,no run,0,,,20/0
1439763,1,3,3,R Kavin,S Abishiek,S Shankar Ganesh,2,2,0,run,0,,,22/0
1439763,1,3,4,R Kavin,S Abishiek,S Shankar Ganesh,1,1,0,run,0,,,23/0
1439763,1,3,5,S Abishiek,R Kavin,S Shankar Ganesh,4,4,0,four,0,,,27/0
1439763,1,3,6,S Abishiek,R Kavin,S Shankar Ganesh,4,4,0,four,0,,,31/0
1439763,1,3,7,S Abishiek,R Kavin,S Shankar Ganesh,1,1,0,run,0,,,32/0
1439763,1,4,1,S Abishiek,R Kavin,Ramadoss Alexander,1,1,0,run,0,,,33/0
1439763,1,4,2,R Kavin,S Abishiek,Ramadoss Alexander,0,0,0,no run,0,,,33/0
1439763,1,4,3,R Kavin,S Abishiek,Ramadoss Alexander,4,4,0,four,0,,,37/0
1439763,1,4,4,R Kavin,S Abishiek,Ramadoss Alexander,1,1,0,run,0,,,38/0
1439763,1,4,5,S Abishiek,R Kavin,Ramadoss Alexander,0,0,0,no run,0,,,38/0
1439763,1,4,6,S Abishiek,R Kavin,Ramadoss Alexander,0,0,0,no run,0,,,38/0
1439763,1,5,1,R Kavin,S Abishiek,Swapnil Singh,1,1,0,run,0,,,39/0
1439763,1,5,2,S Abishiek,R Kavin,Swapnil Singh,0,0,0,no run,0,,,39/0
1439763,1,5,3,S Abishiek,R Kavin,Swapnil Singh,1,1,0,run,0,,,40/0
1439763,1,5,4,R Kavin,S Abishiek,Swapnil Singh,1,1,0,run,0,,,41/0
1439763,1,5,5,S Abishiek,R Kavin,Swapnil Singh,1,1,0,run,0,,,42/0
1439763,1,5,6,R Kavin,S Abishiek,Swapnil Singh,4,4,0,four,0,,,46/0
1439763,1,6,1,S Abishiek,R Kavin,Ramadoss Alexander,4,4,0,four,0,,,50/0
1439763,1,6,2,S Abishiek,R Kavin,Ramadoss Alexander,0,0,0,no run,0,,,50/0
1439763,1,6,3,S Abishiek,R Kavin,Ramadoss Alexander,0,0,0,out,1,bowled,S Abishiek,50/1
1439763,1,6,4,Robin Bist,R Kavin,Ramadoss Alexander,0,0,0,no run,0,,,50/1
1439763,1,6,5,Robin Bist,R Kavin,Ramadoss Alexander,0,0,0,no run,0,,,50/1
1439763,1,6,6,Robin Bist,R Kavin,Ramadoss Alexander,0,0,0,no run,0,,,50/1
1439763,1,7,1,R Kavin,Robin Bist,Murugan Ashwin,0,0,0,no run,0,,,50/1
1439763,1,7,2,R Kavin,Robin Bist,Murugan Ashwin,4,4,0,four,0,,,54/1
1439763,1,7,3,R Kavin,Robin Bist,Murugan Ashwin,0,0,0,no run,0,,,54/1
1439763,1,7,4,R Kavin,Robin Bist,Murugan Ashwin,0,0,0,no run,0,,,54/1
1439763,1,7,5,R Kavin,Robin Bist,Murugan Ashwin,0,0,0,no run,0,,,54/1
1439763,1,7,6,R Kavin,Robin Bist,Murugan Ashwin,1,1,0,run,0,,,55/1
1439763,1,8,1,R Kavin,Robin Bist,Jagatheesan Kousik,1,1,0,run,0,,,56/1
1439763,1,8,2,Robin Bist,R Kavin,Jagatheesan Kousik,2,2,0,run,0,,,58/1
1439763,1,8,3,Robin Bist,R Kavin,Jagatheesan Kousik,1,1,0,run,0,,,59/1
1439763,1,8,4,R Kavin,Robin Bist,Jagatheesan Kousik,6,6,0,six,0,,,65/1
1439763,1,8,5,R Kavin,Robin Bist,Jagatheesan Kousik,1,1,0,run,0,,,66/1
1439763,1,8,6,Robin Bist,R Kavin,Jagatheesan Kousik,1,1,0,run,0,,,67/1
1439763,1,9,1,Robin Bist,R Kavin,Murugan Ashwin,1,1,0,run,0,,,68/1
1439763,1,9,2,R Kavin,Robin Bist,Murugan Ashwin,0,0,0,no run,0,,,68/1
1439763,1,9,3,R Kavin,Robin Bist,Murugan Ashwin,1,1,0,run,0,,,69/1
1439763,1,9,4,Robin Bist,R Kavin,Murugan Ashwin,0,0,0,out,1,bowled,Robin Bist,69/2
1439763,1,9,5,K Vishal Vaidhya,R Kavin,Murugan Ashwin,4,4,0,four,0,,,73/2
1439763,1,9,6,K Vishal Vaidhya,R Kavin,Murugan Ashwin,0,0,0,no run,0,,,73/2
1439763,1,10,1,R Kavin,K Vishal Vaidhya,Jagatheesan Kousik,0,0,0,no run,0,,,73/2
1439763,1,10,2,R Kavin,K Vishal Vaidhya,Jagatheesan Kousik,1,1,0,run,0,,,74/2
1439763,1,10,3,K Vishal Vaidhya,R Kavin,Jagatheesan Kousik,1,1,0,run,0,,,75/2
1439763,1,10,4,R Kavin,K Vishal Vaidhya,Jagatheesan Kousik,1,1,0,run,0,,,76/2
1439763,1,10,5,K Vishal Vaidhya,R Kavin,Jagatheesan Kousik,1,1,0,run,0,,,77/2
1439763,1,10,6,R Kavin,K Vishal Vaidhya,Jagatheesan Kousik,6,6,0,six,0,,,83/2
1439763,1,11,1,K Vishal Vaidhya,R Kavin,P Saravanan,2,2,0,run,0,,,85/2
1439763,1,11,2,K Vishal Vaidhya,R Kavin,P Saravanan,1,1,0,run,0,,,86/2
1439763,1,11,3,R Kavin,K Vishal Vaidhya,P Saravanan,1,1,0,run,0,,,87/2
1439763,1,11,4,K Vishal Vaidhya,R Kavin,P Saravanan,1,1,0,run,0,,,88/2
1439763,1,11,5,R Kavin,K Vishal Vaidhya,P Saravanan,1,1,0,run,0,,,89/2
1439763,1,11,6,K Vishal Vaidhya,R Kavin,P Saravanan,1,1,0,run,0,,,90/2
1439763,1,12,1,K Vishal Vaidhya,R Kavin,Gurjapneet Singh,1,1,0,run,0,,,91/2
1439763,1,12,2,R Kavin,K Vishal Vaidhya,Gurjapneet Singh,0,0,0,no run,0,,,91/2
1439763,1,12,3,R Kavin,K Vishal Vaidhya,Gurjapneet Singh,1,1,0,run,0,,,92/2
1439763,1,12,4,K Vishal Vaidhya,R Kavin,Gurjapneet Singh,4,4,0,four,0,,,96/2
1439763,1,12,5,K Vishal Vaidhya,R Kavin,Gurjapneet Singh,4,4,0,four,0,,,100/2
1439763,1,12,6,K Vishal Vaidhya,R Kavin,Gurjapneet Singh,1,1,0,run,0,,,101/2
1439763,1,13,1,K Vishal Vaidhya,R Kavin,P Saravanan,4,4,0,four,0,,,105/2
1439763,1,13,2,K Vishal Vaidhya,R Kavin,P Saravanan,1,1,0,run,0,,,106/2
1439763,1,13,3,R Kavin,K Vishal Vaidhya,P Saravanan,0,0,0,no run,0,,,106/2
1439763,1,13,4,R Kavin,K Vishal Vaidhya,P Saravanan,0,0,0,no run,0,,,106/2
1439763,1,13,5,R Kavin,K Vishal Vaidhya,P Saravanan,1,1,0,run,0,,,107/2
1439763,1,13,6,K Vishal Vaidhya,R Kavin,P Saravanan,4,4,0,four,0,,,111/2
1439763,1,14,1,R Kavin,K Vishal Vaidhya,S Shankar Ganesh,4,4,0,four,0,,,115/2
1439763,1,14,2,R Kavin,K Vishal Vaidhya,S Shankar Ganesh,1,0,1,wide,0,,,116/2
1439763,1,14,3,R Kavin,K Vishal Vaidhya,S Shankar Ganesh,0,0,0,no run,0,,,116/2
1439763,1,14,4,R Kavin,K Vishal Vaidhya,S Shankar Ganesh,1,1,0,run,0,,,117/2
1439763,1,14,5,K Vishal Vaidhya,R Kavin,S Shankar Ganesh,1,1,0,run,0,,,118/2
1439763,1,14,6,R Kavin,K Vishal Vaidhya,S Shankar Ganesh,6,6,0,six,0,,,124/2
1439763,1,14,7,R Kavin,K Vishal Vaidhya,S Shankar Ganesh,1,0,1,wide,0,,,125/2
1439763,1,14,8,R Kavin,K Vishal Vaidhya,S Shankar Ganesh,2,0,2,leg bye,0,,,127/2
1439763,1,14,9,K Vishal Vaidhya,R Kavin,S Shankar Ganesh,1,1,0,run,0,,,128/2
1439763,1,15,1,K Vishal Vaidhya,R Kavin,Swapnil Singh,1,1,0,run,0,,,129/2
1439763,1,15,2,R Kavin,K Vishal Vaidhya,Swapnil Singh,6,6,0,six,0,,,135/2
1439763,1,15,3,R Kavin,K Vishal Vaidhya,Swapnil Singh,0,0,0,out,1,caught,R Kavin,135/3
1439763,1,15,4,Rajendran Vivek,K Vishal Vaidhya,Swapnil Singh,1,1,0,run,0,,,136/3
1439763,1,15,5,K Vishal Vaidhya,Rajendran Vivek,Swapnil Singh,2,2,0,run,0,,,138/3
1439763,1,15,6,K Vishal Vaidhya,Rajendran Vivek,Swapnil Singh,1,1,0,run,0,,,139/3
1439763,1,16,1,K Vishal Vaidhya,Rajendran Vivek,Murugan Ashwin,1,1,0,run,0,,,140/3
1439763,1,16,2,Rajendran Vivek,K Vishal Vaidhya,Murugan Ashwin,0,0,0,out,1,stumped,Rajendran Vivek,140/4
1439763,1,16,3,Sunny Sandhu,K Vishal Vaidhya,Murugan Ashwin,0,0,0,no run,0,,,140/4
1439763,1,16,4,Sunny Sandhu,K Vishal Vaidhya,Murugan Ashwin,1,1,0,run,0,,,141/4
1439763,1,16,5,K Vishal Vaidhya,Sunny Sandhu,Murugan Ashwin,0,0,0,no run,0,,,141/4
1439763,1,16,6,K Vishal Vaidhya,Sunny Sandhu,Murugan Ashwin,1,1,0,run,0,,,142/4
1439763,1,17,1,K Vishal Vaidhya,Sunny Sandhu,Ramadoss Alexander,1,1,0,run,0,,,143/4
1439763,1,17,2,Sunny Sandhu,K Vishal Vaidhya,Ramadoss Alexander,1,1,0,run,0,,,144/4
1439763,1,17,3,K Vishal Vaidhya,Sunny Sandhu,Ramadoss Alexander,1,1,0,run,0,,,145/4
1439763,1,17,4,Sunny Sandhu,K Vishal Vaidhya,Ramadoss Alexander,4,4,0,four,0,,,149/4
1439763,1,17,5,Sunny Sandhu,K Vishal Vaidhya,Ramadoss Alexander,4,4,0,four,0,,,153/4
1439763,1,17,6,Sunny Sandhu,K Vishal Vaidhya,Ramadoss Alexander,0,0,0,out,1,caught,Sunny Sandhu,153/5
1439763,1,18,1,K Vishal Vaidhya,S Harish Kumar,Gurjapneet Singh,6,6,0,six,0,,,159/5
1439763,1,18,2,K Vishal Vaidhya,S Harish Kumar,Gurjapneet Singh,1,0,1,wide,0,,,160/5
1439763,1,18,3,K Vishal Vaidhya,S Harish Kumar,Gurjapneet Singh,1,1,0,run,0,,,161/5
1439763,1,18,4,S Harish Kumar,K Vishal Vaidhya,Gurjapneet Singh,1,1,0,run,0,,,162/5
1439763,1,18,5,K Vishal Vaidhya,S Harish Kumar,Gurjapneet Singh,4,4,0,four,0,,,166/5
1439763,1,18,6,K Vishal Vaidhya,S Harish Kumar,Gurjapneet Singh,1,1,0,run,0,,,167/5
1439763,1,18,7,S Harish Kumar,K Vishal Vaidhya,Gurjapneet Singh,1,0,1,leg bye,0,,,168/5
1439763,1,19,1,S Harish Kumar,K Vishal Vaidhya,Murugan Ashwin,0,0,0,out,1,caught,S Harish Kumar,168/6
1439763,1,19,2,Poovathinga Shijit Chandran,K Vishal Vaidhya,Murugan Ashwin,1,1,0,run,0,,,169/6
1439763,1,19,3,K Vishal Vaidhya,Poovathinga Shijit Chandran,Murugan Ashwin,0,0,0,no run,0,,,169/6
1439763,1,19,4,K Vishal Vaidhya,Poovathinga Shijit Chandran,Murugan Ashwin,2,2,0,run,0,,,171/6
1439763,1,19,5,K Vishal Vaidhya,Poovathinga Shijit Chandran,Murugan Ashwin,1,1,0,run,0,,,172/6
1439763,1,19,6,Poovathinga Shijit Chandran,K Vishal Vaidhya,Murugan Ashwin,1,0,1,wide,0,,,173/6
1439763,1,19,7,Poovathinga Shijit Chandran,K Vishal Vaidhya,Murugan Ashwin,1,1,0,run,0,,,174/6
1439763,1,20,1,Poovathinga Shijit Chandran,K Vishal Vaidhya,Gurjapneet Singh,0,0,0,no run,0,,,174/6
1439763,1,20,2,Poovathinga Shijit Chandran,K Vishal Vaidhya,Gurjapneet Singh,1,1,0,run,0,,,175/6
1439763,1,20,3,K Vishal Vaidhya,Poovathinga Shijit Chandran,Gurjapneet Singh,1,1,0,run,0,,,176/6
1439763,1,20,4,Poovathinga Shijit Chandran,K Vishal Vaidhya,Gurjapneet Singh,1,1,0,run,1,run out,Poovathinga Shijit Chandran,177/7
1439763,1,20,5,M Poiyamozhi,K Vishal Vaidhya,Gurjapneet Singh,2,0,2,bye,0,,,179/7
1439763,1,20,6,M Poiyamozhi,K Vishal Vaidhya,Gurjapneet Singh,1,0,1,bye,0,,,180/7
1439763,2,1,1,Chezhian Nishaanth,Suresh Lokeshwar,Sunny Sandhu,4,4,0,four,0,,,4/0
1439763,2,1,2,Chezhian Nishaanth,Suresh Lokeshwar,Sunny Sandhu,1,1,0,run,0,,,5/0
1439763,2,1,3,Suresh Lokeshwar,Chezhian Nishaanth,Sunny Sandhu,1,1,0,run,0,,,6/0
1439763,2,1,4,Chezhian Nishaanth,Suresh Lokeshwar,Sunny Sandhu,1,1,0,run,0,,,7/0
1439763,2,1,5,Suresh Lokeshwar,Chezhian Nishaanth,Sunny Sandhu,4,4,0,four,0,,,11/0
1439763,2,1,6,Suresh Lokeshwar,Chezhian Nishaanth,Sunny Sandhu,0,0,0,no run,0,,,11/0
1439763,2,2,1,Chezhian Nishaanth,Suresh Lokeshwar,M Ganesh Moorthi,1,1,0,run,0,,,12/0
1439763,2,2,2,Suresh Lokeshwar,Chezhian Nishaanth,M Ganesh Moorthi,0,0,0,no run,0,,,12/0
1439763,2,2,3,Suresh Lokeshwar,Chezhian Nishaanth,M Ganesh Moorthi,1,1,0,run,0,,,13/0
1439763,2,2,4,Chezhian Nishaanth,Suresh Lokeshwar,M Ganesh Moorthi,1,1,0,run,0,,,14/0
1439763,2,2,5,Suresh Lokeshwar,Chezhian Nishaanth,M Ganesh Moorthi,6,6,0,six,0,,,20/0
1439763,2,2,6,Suresh Lokeshwar,Chezhian Nishaanth,M Ganesh Moorthi,1,1,0,run,0,,,21/0
1439763,2,3,1,Suresh Lokeshwar,Chezhian Nishaanth,Sunny Sandhu,0,0,0,no run,0,,,21/0
1439763,2,3,2,Suresh Lokeshwar,Chezhian Nishaanth,Sunny Sandhu,4,4,0,four,0,,,25/0
1439763,2,3,3,Suresh Lokeshwar,Chezhian Nishaanth,Sunny Sandhu,4,4,0,four,0,,,29/0
1439763,2,3,4,Suresh Lokeshwar,Chezhian Nishaanth,Sunny Sandhu,1,1,0,run,0,,,30/0
1439763,2,3,5,Chezhian Nishaanth,Suresh Lokeshwar,Sunny Sandhu,0,0,0,no run,0,,,30/0
1439763,2,3,6,Chezhian Nishaanth,Suresh Lokeshwar,Sunny Sandhu,0,0,0,out,1,caught,Chezhian Nishaanth,30/1
1439763,2,4,1,Suresh Lokeshwar,Jagatheesan Kousik,M Ganesh Moorthi,0,0,0,no run,0,,,30/1
1439763,2,4,2,Suresh Lokeshwar,Jagatheesan Kousik,M Ganesh Moorthi,6,6,0,six,0,,,36/1
1439763,2,4,3,Suresh Lokeshwar,Jagatheesan Kousik,M Ganesh Moorthi,4,4,0,four,0,,,40/1
1439763,2,4,4,Suresh Lokeshwar,Jagatheesan Kousik,M Ganesh Moorthi,1,1,0,run,0,,,41/1
1439763,2,4,5,Jagatheesan Kousik,Suresh Lokeshwar,M Ganesh Moorthi,0,0,0,no run,0,,,41/1
1439763,2,4,6,Jagatheesan Kousik,Suresh Lokeshwar,M Ganesh Moorthi,0,0,0,no run,0,,,41/1
1439763,2,5,1,Suresh Lokeshwar,Jagatheesan Kousik,Sachin Rathi,1,1,0,run,0,,,42/1
1439763,2,5,2,Jagatheesan Kousik,Suresh Lokeshwar,Sachin Rathi,0,0,0,no run,0,,,42/1
1439763,2,5,3,Jagatheesan Kousik,Suresh Lokeshwar,Sachin Rathi,1,1,0,run,0,,,43/1
1439763,2,5,4,Suresh Lokeshwar,Jagatheesan Kousik,Sachin Rathi,6,6,0,six,0,,,49/1
1439763,2,5,5,Suresh Lokeshwar,Jagatheesan Kousik,Sachin Rathi,0,0,0,no run,0,,,49/1
1439763,2,5,6,Suresh Lokeshwar,Jagatheesan Kousik,Sachin Rathi,4,4,0,four,0,,,53/1
1439763,2,6,1,Jagatheesan Kousik,Suresh Lokeshwar,Raju Aushik Srinivas,4,4,0,four,0,,,57/1
1439763,2,6,2,Jagatheesan Kousik,Suresh Lokeshwar,Raju Aushik Srinivas,0,0,0,no run,0,,,57/1
1439763,2,6,3,Jagatheesan Kousik,Suresh Lokeshwar,Raju Aushik Srinivas,0,0,0,no run,0,,,57/1
1439763,2,6,4,Jagatheesan Kousik,Suresh Lokeshwar,Raju Aushik Srinivas,0,0,0,no run,0,,,57/1
1439763,2,6,5,Jagatheesan Kousik,Suresh Lokeshwar,Raju Aushik Srinivas,1,1,0,run,0,,,58/1
1439763,2,6,6,Suresh Lokeshwar,Jagatheesan Kousik,Raju Aushik Srinivas,0,0,0,no run,0,,,58/1
1439763,2,7,1,Jagatheesan Kousik,Suresh Lokeshwar,M Poiyamozhi,1,1,0,run,0,,,59/1
1439763,2,7,2,Suresh Lokeshwar,Jagatheesan Kousik,M Poiyamozhi,1,1,0,run,0,,,60/1
1439763,2,7,3,Jagatheesan Kousik,Suresh Lokeshwar,M Poiyamozhi,1,1,0,run,0,,,61/1
1439763,2,7,4,Suresh Lokeshwar,Jagatheesan Kousik,M Poiyamozhi,1,1,0,run,0,,,62/1
1439763,2,7,5,Jagatheesan Kousik,Suresh Lokeshwar,M Poiyamozhi,1,1,0,run,0,,,63/1
1439763,2,7,6,Suresh Lokeshwar,Jagatheesan Kousik,M Poiyamozhi,2,2,0,run,0,,,65/1
1439763,2,8,1,Jagatheesan Kousik,Suresh Lokeshwar,Raju Aushik Srinivas,1,1,0,run,0,,,66/1
1439763,2,8,2,Suresh Lokeshwar,Jagatheesan Kousik,Raju Aushik Srinivas,1,1,0,run,0,,,67/1
1439763,2,8,3,Jagatheesan Kousik,Suresh Lokeshwar,Raju Aushik Srinivas,1,1,0,run,0,,,68/1
1439763,2,8,4,Suresh Lokeshwar,Jagatheesan Kousik,Raju Aushik Srinivas,1,1,0,run,0,,,69/1
1439763,2,8,5,Jagatheesan Kousik,Suresh Lokeshwar,Raju Aushik Srinivas,1,1,0,run,0,,,70/1
1439763,2,8,6,Suresh Lokeshwar,Jagatheesan Kousik,Raju Aushik Srinivas,4,4,0,four,0,,,74/1
1439763,2,9,1,Jagatheesan Kousik,Suresh Lokeshwar,M Poiyamozhi,1,1,0,run,0,,,75/1
1439763,2,9,2,Suresh Lokeshwar,Jagatheesan Kousik,M Poiyamozhi,4,4,0,four,0,,,79/1
1439763,2,9,3,Suresh Lokeshwar,Jagatheesan Kousik,M Poiyamozhi,1,1,0,run,0,,,80/1
1439763,2,9,4,Jagatheesan Kousik,Suresh Lokeshwar,M Poiyamozhi,1,1,0,run,0,,,81/1
1439763,2,9,5,Suresh Lokeshwar,Jagatheesan Kousik,M Poiyamozhi,1,1,0,run,0,,,82/1
1439763,2,9,6,Jagatheesan Kousik,Suresh Lokeshwar,M Poiyamozhi,2,0,2,wide,0,,,84/1
1439763,2,9,7,Suresh Lokeshwar,Jagatheesan Kousik,M Poiyamozhi,1,1,0,run,0,,,85/1
1439763,2,10,1,Suresh Lokeshwar,Jagatheesan Kousik,Sachin Rathi,1,1,0,run,0,,,86/1
1439763,2,10,2,Jagatheesan Kousik,Suresh Lokeshwar,Sachin Rathi,6,6,0,six,0,,,92/1
1439763,2,10,3,Jagatheesan Kousik,Suresh Lokeshwar,Sachin Rathi,4,4,0,four,0,,,96/1
1439763,2,10,4,Jagatheesan Kousik,Suresh Lokeshwar,Sachin Rathi,0,0,0,no run,0,,,96/1
1439763,2,10,5,Jagatheesan Kousik,Suresh Lokeshwar,Sachin Rathi,2,2,0,run,0,,,98/1
1439763,2,10,6,Jagatheesan Kousik,Suresh Lokeshwar,Sachin Rathi,1,1,0,run,0,,,99/1
1439763,2,11,1,Jagatheesan Kousik,Suresh Lokeshwar,S Harish Kumar,1,1,0,run,0,,,100/1
1439763,2,11,2,Suresh Lokeshwar,Jagatheesan Kousik,S Harish Kumar,1,1,0,run,0,,,101/1
1439763,2,11,3,Jagatheesan Kousik,Suresh Lokeshwar,S Harish Kumar,0,0,0,no run,0,,,101/1
1439763,2,11,4,Jagatheesan Kousik,Suresh Lokeshwar,S Harish Kumar,1,1,0,run,0,,,102/1
1439763,2,11,5,Suresh Lokeshwar,Jagatheesan Kousik,S Harish Kumar,4,4,0,four,0,,,106/1
1439763,2,11,6,Suresh Lokeshwar,Jagatheesan Kousik,S Harish Kumar,1,1,0,run,0,,,107/1
1439763,2,12,1,Suresh Lokeshwar,Jagatheesan Kousik,Sachin Rathi,0,0,0,no run,0,,,107/1
1439763,2,12,2,Suresh Lokeshwar,Jagatheesan Kousik,Sachin Rathi,0,0,0,no run,0,,,107/1
1439763,2,12,3,Suresh Lokeshwar,Jagatheesan Kousik,Sachin Rathi,1,1,0,run,0,,,108/1
1439763,2,12,4,Jagatheesan Kousik,Suresh Lokeshwar,Sachin Rathi,1,1,0,run,0,,,109/1
1439763,2,12,5,Suresh Lokeshwar,Jagatheesan Kousik,Sachin Rathi,0,0,0,out,1,bowled,Suresh Lokeshwar,109/2
1439763,2,12,6,Uthirasamy Sasidev,Jagatheesan Kousik,Sachin Rathi,1,1,0,run,0,,,110/2
1439763,2,13,1,Uthirasamy Sasidev,Jagatheesan Kousik,S Harish Kumar,1,1,0,run,0,,,111/2
1439763,2,13,2,Jagatheesan Kousik,Uthirasamy Sasidev,S Harish Kumar,1,1,0,run,0,,,112/2
1439763,2,13,3,Uthirasamy Sasidev,Jagatheesan Kousik,S Harish Kumar,4,4,0,four,0,,,116/2
1439763,2,13,4,Uthirasamy Sasidev,Jagatheesan Kousik,S Harish Kumar,2,2,0,run,0,,,118/2
1439763,2,13,5,Uthirasamy Sasidev,Jagatheesan Kousik,S Harish Kumar,1,0,1,leg bye,0,,,119/2
1439763,2,13,6,Jagatheesan Kousik,Uthirasamy Sasidev,S Harish Kumar,1,1,0,run,0,,,120/2
1439763,2,14,1,Jagatheesan Kousik,Uthirasamy Sasidev,Raju Aushik Srinivas,2,2,0,run,0,,,122/2
1439763,2,14,2,Jagatheesan Kousik,Uthirasamy Sasidev,Raju Aushik Srinivas,1,1,0,run,0,,,123/2
1439763,2,14,3,Uthirasamy Sasidev,Jagatheesan Kousik,Raju Aushik Srinivas,2,2,0,run,0,,,125/2
1439763,2,14,4,Uthirasamy Sasidev,Jagatheesan Kousik,Raju Aushik Srinivas,1,1,0,run,0,,,126/2
1439763,2,14,5,Jagatheesan Kousik,Uthirasamy Sasidev,Raju Aushik Srinivas,0,0,0,no run,0,,,126/2
1439763,2,14,6,Jagatheesan Kousik,Uthirasamy Sasidev,Raju Aushik Srinivas,1,1,0,run,0,,,127/2
1439763,2,15,1,Jagatheesan Kousik,Uthirasamy Sasidev,S Harish Kumar,6,6,0,six,0,,,133/2
1439763,2,15,2,Jagatheesan Kousik,Uthirasamy Sasidev,S Harish Kumar,1,1,0,run,0,,,134/2
1439763,2,15,3,Uthirasamy Sasidev,Jagatheesan Kousik,S Harish Kumar,1,1,0,run,0,,,135/2
1439763,2,15,4,Jagatheesan Kousik,Uthirasamy Sasidev,S Harish Kumar,0,0,0,no run,0,,,135/2
1439763,2,15,5,Jagatheesan Kousik,Uthirasamy Sasidev,S Harish Kumar,1,1,0,run,0,,,136/2
1439763,2,15,6,Uthirasamy Sasidev,Jagatheesan Kousik,S Harish Kumar,1,1,0,run,0,,,137/2
1439763,2,16,1,Uthirasamy Sasidev,Jagatheesan Kousik,Raju Aushik Srinivas,0,0,0,out,1,caught,Uthirasamy Sasidev,137/3
1439763,2,16,2,Swapnil Singh,Jagatheesan Kousik,Raju Aushik Srinivas,1,1,0,run,0,,,138/3
1439763,2,16,3,Jagatheesan Kousik,Swapnil Singh,Raju Aushik Srinivas,0,0,0,no run,0,,,138/3
1439763,2,16,4,Jagatheesan Kousik,Swapnil Singh,Raju Aushik Srinivas,2,2,0,run,0,,,140/3
1439763,2,16,5,Jagatheesan Kousik,Swapnil Singh,Raju Aushik Srinivas,4,4,0,four,0,,,144/3
1439763,2,16,6,Jagatheesan Kousik,Swapnil Singh,Raju Aushik Srinivas,1,1,0,run,0,,,145/3
1439763,2,17,1,Jagatheesan Kousik,Swapnil Singh,M Poiyamozhi,0,0,0,no run,0,,,145/3
1439763,2,17,2,Jagatheesan Kousik,Swapnil Singh,M Poiyamozhi,1,1,0,run,0,,,146/3
1439763,2,17,3,Swapnil Singh,Jagatheesan Kousik,M Poiyamozhi,0,0,0,out,1,bowled,Swapnil Singh,146/4
1439763,2,17,4,P Saravanan,Jagatheesan Kousik,M Poiyamozhi,0,0,0,no run,0,,,146/4
1439763,2,17,5,P Saravanan,Jagatheesan Kousik,M Poiyamozhi,1,1,0,run,0,,,147/4
1439763,2,17,6,Jagatheesan Kousik,P Saravanan,M Poiyamozhi,1,1,0,run,0,,,148/4
1439763,2,18,1,Jagatheesan Kousik,P Saravanan,Sunny Sandhu,0,0,0,no run,0,,,148/4
1439763,2,18,2,Jagatheesan Kousik,P Saravanan,Sunny Sandhu,4,4,0,four,0,,,152/4
1439763,2,18,3,Jagatheesan Kousik,P Saravanan,Sunny Sandhu,0,0,0,out,1,caught,Jagatheesan Kousik,152/5
1439763,2,18,4,N Sarangarajan Chaturved,P Saravanan,Sunny Sandhu,1,1,0,run,0,,,153/5
1439763,2,18,5,P Saravanan,N Sarangarajan Chaturved,Sunny Sandhu,1,0,1,leg bye,0,,,154/5
1439763,2,18,6,N Sarangarajan Chaturved,P Saravanan,Sunny Sandhu,4,4,0,four,0,,,158/5
1439763,2,19,1,P Saravanan,N Sarangarajan Chaturved,M Poiyamozhi,6,6,0,six,0,,,164/5
1439763,2,19,2,P Saravanan,N Sarangarajan Chaturved,M Poiyamozhi,0,0,0,out,1,caught,P Saravanan,164/6
1439763,2,19,3,Murugan Ashwin,N Sarangarajan Chaturved,M Poiyamozhi,1,1,0,run,0,,,165/6
1439763,2,19,4,N Sarangarajan Chaturved,Murugan Ashwin,M Poiyamozhi,1,1,0,run,0,,,166/6
1439763,2,19,5,Murugan Ashwin,N Sarangarajan Chaturved,M Poiyamozhi,1,1,0,run,0,,,167/6
1439763,2,19,6,N Sarangarajan Chaturved,Murugan Ashwin,M Poiyamozhi,0,0,0,no run,0,,,167/6
1439763,2,20,1,Murugan Ashwin,N Sarangarajan Chaturved,Sunny Sandhu,6,6,0,six,0,,,173/6
1439763,2,20,2,Murugan Ashwin,N Sarangarajan Chaturved,Sunny Sandhu,6,6,0,six,0,,,179/6
1439763,2,20,3,Murugan Ashwin,N Sarangarajan Chaturved,Sunny Sandhu,6,6,0,six,0,,,185/6
1439764,1,1,1,D Santhosh Kumar,Narayan Jagadeesan,Emmanuel Cherian,0,0,0,no run,0,,,0/0
1439764,1,1,2,D Santhosh Kumar,Narayan Jagadeesan,Emmanuel Cherian,4,4,0,four,0,,,4/0
1439764,1,1,3,D Santhosh Kumar,Narayan Jagadeesan,Emmanuel Cherian,0,0,0,no run,0,,,4/0
1439764,1,1,4,D Santhosh Kumar,Narayan Jagadeesan,Emmanuel Cherian,0,0,0,no run,0,,,4/0
1439764,1,1,5,D Santhosh Kumar,Narayan Jagadeesan,Emmanuel Cherian,1,1,0,run,0,,,5/0
1439764,1,1,6,Narayan Jagadeesan,D Santhosh Kumar,Emmanuel Cherian,0,0,0,no run,0,,,5/0
1439764,1,2,1,D Santhosh Kumar,Narayan Jagadeesan,Ragupathy Silambarasan,0,0,0,no run,0,,,5/0
1439764,1,2,2,D Santhosh Kumar,Narayan Jagadeesan,Ragupathy Silambarasan,1,1,0,run,0,,,6/0
1439764,1,2,3,Narayan Jagadeesan,D Santhosh Kumar,Ragupathy Silambarasan,1,1,0,run,0,,,7/0
1439764,1,2,4,D Santhosh Kumar,Narayan Jagadeesan,Ragupathy Silambarasan,1,1,0,run,0,,,8/0
1439764,1,2,5,Narayan Jagadeesan,D Santhosh Kumar,Ragupathy Silambarasan,1,1,0,run,0,,,9/0
1439764,1,2,6,D Santhosh Kumar,Narayan Jagadeesan,Ragupathy Silambarasan,0,0,0,no run,0,,,9/0
1439764,1,3,1,Narayan Jagadeesan,D Santhosh Kumar,Emmanuel Cherian,1,0,1,leg bye,0,,,10/0
1439764,1,3,2,D Santhosh Kumar,Narayan Jagadeesan,Emmanuel Cherian,0,0,0,no run,0,,,10/0
1439764,1,3,3,D Santhosh Kumar,Narayan Jagadeesan,Emmanuel Cherian,1,0,1,wide,0,,,11/0
1439764,1,3,4,D Santhosh Kumar,Narayan Jagadeesan,Emmanuel Cherian,4,4,0,four,0,,,15/0
1439764,1,3,5,D Santhosh Kumar,Narayan Jagadeesan,Emmanuel Cherian,0,0,0,no run,0,,,15/0
1439764,1,3,6,D Santhosh Kumar,Narayan Jagadeesan,Emmanuel Cherian,0,0,0,no run,0,,,15/0
1439764,1,3,7,D Santhosh Kumar,Narayan Jagadeesan,Emmanuel Cherian,4,4,0,four,0,,,19/0
1439764,1,4,1,Narayan Jagadeesan,D Santhosh Kumar,S Mohan Prasath,0,0,0,no run,0,,,19/0
1439764,1,4,2,Narayan Jagadeesan,D Santhosh Kumar,S Mohan Prasath,1,1,0,run,0,,,20/0
1439764,1,4,3,D Santhosh Kumar,Narayan Jagadeesan,S Mohan Prasath,6,6,0,six,0,,,26/0
1439764,1,4,4,D Santhosh Kumar,Narayan Jagadeesan,S Mohan Prasath,0,0,0,no run,0,,,26/0
1439764,1,4,5,D Santhosh Kumar,Narayan Jagadeesan,S Mohan Prasath,1,1,0,run,0,,,27/0
1439764,1,4,6,Narayan Jagadeesan,D Santhosh Kumar,S Mohan Prasath,4,4,0,four,0,,,31/0
1439764,1,5,1,D Santhosh Kumar,Narayan Jagadeesan,Ramsingh Sonu Yadav,1,1,0,run,0,,,32/0
1439764,1,5,2,Narayan Jagadeesan,D Santhosh Kumar,Ramsingh Sonu Yadav,1,1,0,run,0,,,33/0
1439764,1,5,3,D Santhosh Kumar,Narayan Jagadeesan,Ramsingh Sonu Yadav,4,4,0,four,0,,,37/0
1439764,1,5,4,D Santhosh Kumar,Narayan Jagadeesan,Ramsingh Sonu Yadav,1,1,0,run,0,,,38/0
1439764,1,5,5,Narayan Jagadeesan,D Santhosh Kumar,Ramsingh Sonu Yadav,0,0,0,no run,0,,,38/0
1439764,1,5,6,Narayan Jagadeesan,D Santhosh Kumar,Ramsingh Sonu Yadav,3,3,0,run,0,,,41/0
1439764,1,6,1,Narayan Jagadeesan,D Santhosh Kumar,Ragupathy Silambarasan,1,1,0,run,0,,,42/0
1439764,1,6,2,D Santhosh Kumar,Narayan Jagadeesan,Ragupathy Silambarasan,0,0,0,no run,0,,,42/0
1439764,1,6,3,D Santhosh Kumar,Narayan Jagadeesan,Ragupathy Silambarasan,4,4,0,four,0,,,46/0
1439764,1,6,4,D Santhosh Kumar,Narayan Jagadeesan,Ragupathy Silambarasan,1,0,1,no ball,0,,,47/0
1439764,1,6,5,D Santhosh Kumar,Narayan Jagadeesan,Ragupathy Silambarasan,6,6,0,six,0,,,53/0
1439764,1,6,6,D Santhosh Kumar,Narayan Jagadeesan,Ragupathy Silambarasan,0,0,0,no run,0,,,53/0
1439764,1,6,7,D Santhosh Kumar,Narayan Jagadeesan,Ragupathy Silambarasan,1,1,0,run,0,,,54/0
1439764,1,7,1,D Santhosh Kumar,Narayan Jagadeesan,S Mohan Prasath,1,1,0,run,0,,,55/0
1439764,1,7,2,Narayan Jagadeesan,D Santhosh Kumar,S Mohan Prasath,1,1,0,run,0,,,56/0
1439764,1,7,3,D Santhosh Kumar,Narayan Jagadeesan,S Mohan Prasath,1,1,0,run,0,,,57/0
1439764,1,7,4,Narayan Jagadeesan,D Santhosh Kumar,S Mohan Prasath,0,0,0,no run,0,,,57/0
1439764,1,7,5,Narayan Jagadeesan,D Santhosh Kumar,S Mohan Prasath,1,1,0,run,0,,,58/0
1439764,1,7,6,D Santhosh Kumar,Narayan Jagadeesan,S Mohan Prasath,0,0,0,out,1,caught,D Santhosh Kumar,58/1
1439764,1,8,1,Narayan Jagadeesan,Baba Aparajith,S Lakshay Jain,1,1,0,run,0,,,59/1
1439764,1,8,2,Baba Aparajith,Narayan Jagadeesan,S Lakshay Jain,0,0,0,no run,0,,,59/1
1439764,1,8,3,Baba Aparajith,Narayan Jagadeesan,S Lakshay Jain,6,6,0,six,0,,,65/1
1439764,1,8,4,Baba Aparajith,Narayan Jagadeesan,S Lakshay Jain,1,1,0,run,0,,,66/1
1439764,1,8,5,Narayan Jagadeesan,Baba Aparajith,S Lakshay Jain,1,1,0,run,0,,,67/1
1439764,1,8,6,Baba Aparajith,Narayan Jagadeesan,S Lakshay Jain,0,0,0,no run,0,,,67/1
1439764,1,9,1,Narayan Jagadeesan,Baba Aparajith,R Kirubakar,1,0,1,leg bye,0,,,68/1
1439764,1,9,2,Baba Aparajith,Narayan Jagadeesan,R Kirubakar,1,1,0,run,0,,,69/1
1439764,1,9,3,Narayan Jagadeesan,Baba Aparajith,R Kirubakar,0,0,0,no run,0,,,69/1
1439764,1,9,4,Narayan Jagadeesan,Baba Aparajith,R Kirubakar,1,1,0,run,0,,,70/1
1439764,1,9,5,Baba Aparajith,Narayan Jagadeesan,R Kirubakar,0,0,0,no run,0,,,70/1
1439764,1,9,6,Baba Aparajith,Narayan Jagadeesan,R Kirubakar,4,4,0,four,0,,,74/1
1439764,1,10,1,Narayan Jagadeesan,Baba Aparajith,RS Mokit Hariharan,1,1,0,run,0,,,75/1
1439764,1,10,2,Baba Aparajith,Narayan Jagadeesan,RS Mokit Hariharan,1,1,0,run,0,,,76/1
1439764,1,10,3,Narayan Jagadeesan,Baba Aparajith,RS Mokit Hariharan,1,1,0,run,0,,,77/1
1439764,1,10,4,Baba Aparajith,Narayan Jagadeesan,RS Mokit Hariharan,1,1,0,run,0,,,78/1
1439764,1,10,5,Narayan Jagadeesan,Baba Aparajith,RS Mokit Hariharan,1,1,0,run,0,,,79/1
1439764,1,10,6,Baba Aparajith,Narayan Jagadeesan,RS Mokit Hariharan,1,1,0,run,0,,,80/1
1439764,1,11,1,Baba Aparajith,Narayan Jagadeesan,S Mohan Prasath,1,1,0,run,0,,,81/1
1439764,1,11,2,Narayan Jagadeesan,Baba Aparajith,S Mohan Prasath,1,1,0,run,0,,,82/1
1439764,1,11,3,Baba Aparajith,Narayan Jagadeesan,S Mohan Prasath,1,1,0,run,0,,,83/1
1439764,1,11,4,Narayan Jagadeesan,Baba Aparajith,S Mohan Prasath,1,1,0,run,0,,,84/1
1439764,1,11,5,Baba Aparajith,Narayan Jagadeesan,S Mohan Prasath,4,4,0,four,0,,,88/1
1439764,1,11,6,Baba Aparajith,Narayan Jagadeesan,S Mohan Prasath,1,1,0,run,0,,,89/1
1439764,1,12,1,Baba Aparajith,Narayan Jagadeesan,Ramsingh Sonu Yadav,1,1,0,run,0,,,90/1
1439764,1,12,2,Narayan Jagadeesan,Baba Aparajith,Ramsingh Sonu Yadav,1,1,0,run,0,,,91/1
1439764,1,12,3,Baba Aparajith,Narayan Jagadeesan,Ramsingh Sonu Yadav,0,0,0,no run,0,,,91/1
1439764,1,12,4,Baba Aparajith,Narayan Jagadeesan,Ramsingh Sonu Yadav,1,1,0,run,0,,,92/1
1439764,1,12,5,Narayan Jagadeesan,Baba Aparajith,Ramsingh Sonu Yadav,1,1,0,run,0,,,93/1
1439764,1,12,6,Baba Aparajith,Narayan Jagadeesan,Ramsingh Sonu Yadav,0,0,0,out,1,caught,Baba Aparajith,93/2
1439764,1,13,1,Narayan Jagadeesan,C Andre Siddarth,R Kirubakar,1,1,0,run,0,,,94/2
1439764,1,13,2,C Andre Siddarth,Narayan Jagadeesan,R Kirubakar,1,1,0,run,0,,,95/2
1439764,1,13,3,Narayan Jagadeesan,C Andre Siddarth,R Kirubakar,1,1,0,run,0,,,96/2
1439764,1,13,4,C Andre Siddarth,Narayan Jagadeesan,R Kirubakar,2,2,0,run,0,,,98/2
1439764,1,13,5,C Andre Siddarth,Narayan Jagadeesan,R Kirubakar,1,1,0,run,0,,,99/2
1439764,1,13,6,Narayan Jagadeesan,C Andre Siddarth,R Kirubakar,1,1,0,run,0,,,100/2
1439764,1,14,1,Narayan Jagadeesan,C Andre Siddarth,RS Mokit Hariharan,1,1,0,run,0,,,101/2
1439764,1,14,2,C Andre Siddarth,Narayan Jagadeesan,RS Mokit Hariharan,1,1,0,run,0,,,102/2
1439764,1,14,3,Narayan Jagadeesan,C Andre Siddarth,RS Mokit Hariharan,1,1,0,run,0,,,103/2
1439764,1,14,4,C Andre Siddarth,Narayan Jagadeesan,RS Mokit Hariharan,1,1,0,run,0,,,104/2
1439764,1,14,5,Narayan Jagadeesan,C Andre Siddarth,RS Mokit Hariharan,1,1,0,run,0,,,105/2
1439764,1,14,6,C Andre Siddarth,Narayan Jagadeesan,RS Mokit Hariharan,1,1,0,run,0,,,106/2
1439764,1,15,1,C Andre Siddarth,Narayan Jagadeesan,R Kirubakar,0,0,0,no run,0,,,106/2
1439764,1,15,2,C Andre Siddarth,Narayan Jagadeesan,R Kirubakar,1,1,0,run,0,,,107/2
1439764,1,15,3,Narayan Jagadeesan,C Andre Siddarth,R Kirubakar,4,4,0,four,0,,,111/2
1439764,1,15,4,Narayan Jagadeesan,C Andre Siddarth,R Kirubakar,6,6,0,six,0,,,117/2
1439764,1,15,5,Narayan Jagadeesan,C Andre Siddarth,R Kirubakar,1,1,0,run,0,,,118/2
1439764,1,15,6,C Andre Siddarth,Narayan Jagadeesan,R Kirubakar,1,1,0,run,0,,,119/2
1439764,1,16,1,C Andre Siddarth,Narayan Jagadeesan,Ramsingh Sonu Yadav,1,1,0,run,0,,,120/2
1439764,1,16,2,Narayan Jagadeesan,C Andre Siddarth,Ramsingh Sonu Yadav,1,1,0,run,0,,,121/2
1439764,1,16,3,C Andre Siddarth,Narayan Jagadeesan,Ramsingh Sonu Yadav,1,1,0,run,0,,,122/2
1439764,1,16,4,Narayan Jagadeesan,C Andre Siddarth,Ramsingh Sonu Yadav,1,1,0,run,0,,,123/2
1439764,1,16,5,C Andre Siddarth,Narayan Jagadeesan,Ramsingh Sonu Yadav,0,0,0,no run,0,,,123/2
1439764,1,16,6,C Andre Siddarth,Narayan Jagadeesan,Ramsingh Sonu Yadav,1,1,0,run,0,,,124/2
1439764,1,17,1,C Andre Siddarth,Narayan Jagadeesan,S Mohan Prasath,4,4,0,four,0,,,128/2
1439764,1,17,2,C Andre Siddarth,Narayan Jagadeesan,S Mohan Prasath,0,0,0,no run,0,,,128/2
1439764,1,17,3,C Andre Siddarth,Narayan Jagadeesan,S Mohan Prasath,1,1,0,run,0,,,129/2
1439764,1,17,4,Narayan Jagadeesan,C Andre Siddarth,S Mohan Prasath,4,4,0,four,0,,,133/2
1439764,1,17,5,Narayan Jagadeesan,C Andre Siddarth,S Mohan Prasath,6,6,0,six,0,,,139/2
1439764,1,17,6,Narayan Jagadeesan,C Andre Siddarth,S Mohan Prasath,0,0,0,no run,0,,,139/2
1439764,1,18,1,C Andre Siddarth,Narayan Jagadeesan,Ragupathy Silambarasan,0,0,0,out,1,caught,C Andre Siddarth,139/3
1439764,1,18,2,Abhishek Baljeetsingh Tanwar,Narayan Jagadeesan,Ragupathy Silambarasan,0,0,0,no run,0,,,139/3
1439764,1,18,3,Abhishek Baljeetsingh Tanwar,Narayan Jagadeesan,Ragupathy Silambarasan,1,1,0,run,0,,,140/3
1439764,1,18,4,Narayan Jagadeesan,Abhishek Baljeetsingh Tanwar,Ragupathy Silambarasan,1,1,0,run,0,,,141/3
1439764,1,18,5,Abhishek Baljeetsingh Tanwar,Narayan Jagadeesan,Ragupathy Silambarasan,2,2,0,run,0,,,143/3
1439764,1,18,6,Abhishek Baljeetsingh Tanwar,Narayan Jagadeesan,Ragupathy Silambarasan,0,0,0,out,1,caught,Abhishek Baljeetsingh Tanwar,143/4
1439764,1,19,1,Narayan Jagadeesan,Rajagopal Sathish,Ramsingh Sonu Yadav,1,1,0,run,0,,,144/4
1439764,1,19,2,Rajagopal Sathish,Narayan Jagadeesan,Ramsingh Sonu Yadav,1,0,1,wide,0,,,145/4
1439764,1,19,3,Rajagopal Sathish,Narayan Jagadeesan,Ramsingh Sonu Yadav,1,0,1,wide,0,,,146/4
1439764,1,19,4,Rajagopal Sathish,Narayan Jagadeesan,Ramsingh Sonu Yadav,0,0,0,no run,0,,,146/4
1439764,1,19,5,Rajagopal Sathish,Narayan Jagadeesan,Ramsingh Sonu Yadav,1,1,0,run,0,,,147/4
1439764,1,19,6,Narayan Jagadeesan,Rajagopal Sathish,Ramsingh Sonu Yadav,1,1,0,run,0,,,148/4
1439764,1,19,7,Rajagopal Sathish,Narayan Jagadeesan,Ramsingh Sonu Yadav,2,0,2,wide,0,,,150/4
1439764,1,19,8,Narayan Jagadeesan,Rajagopal Sathish,Ramsingh Sonu Yadav,0,0,0,no run,0,,,150/4
1439764,1,19,9,Narayan Jagadeesan,Rajagopal Sathish,Ramsingh Sonu Yadav,6,6,0,six,0,,,156/4
1439764,1,20,1,Rajagopal Sathish,Narayan Jagadeesan,Ragupathy Silambarasan,2,2,0,run,0,,,158/4
1439764,1,20,2,Rajagopal Sathish,Narayan Jagadeesan,Ragupathy Silambarasan,0,0,0,no run,0,,,158/4
1439764,1,20,3,Rajagopal Sathish,Narayan Jagadeesan,Ragupathy Silambarasan,6,6,0,six,0,,,164/4
1439764,1,20,4,Rajagopal Sathish,Narayan Jagadeesan,Ragupathy Silambarasan,0,0,0,out,1,bowled,Rajagopal Sathish,164/5
1439764,1,20,5,Daryl Sunder Ferrario,Narayan Jagadeesan,Ragupathy Silambarasan,1,1,0,run,0,,,165/5
1439764,1,20,6,Narayan Jagadeesan,Daryl Sunder Ferrario,Ragupathy Silambarasan,1,1,0,run,1,run out,Daryl Sunder Ferrario,166/6
1439764,2,1,1,Konda Bhaskir Arun Karthik,RS Mokit Hariharan,Abhishek Baljeetsingh Tanwar,1,1,0,run,0,,,1/0
1439764,2,1,2,RS Mokit Hariharan,Konda Bhaskir Arun Karthik,Abhishek Baljeetsingh Tanwar,4,4,0,four,0,,,5/0
1439764,2,1,3,RS Mokit Hariharan,Konda Bhaskir Arun Karthik,Abhishek Baljeetsingh Tanwar,2,2,0,run,0,,,7/0
1439764,2,1,4,RS Mokit Hariharan,Konda Bhaskir Arun Karthik,Abhishek Baljeetsingh Tanwar,1,1,0,run,0,,,8/0
1439764,2,1,5,Konda Bhaskir Arun Karthik,RS Mokit Hariharan,Abhishek Baljeetsingh Tanwar,4,4,0,four,0,,,12/0
1439764,2,1,6,Konda Bhaskir Arun Karthik,RS Mokit Hariharan,Abhishek Baljeetsingh Tanwar,4,4,0,four,0,,,16/0
1439764,2,2,1,RS Mokit Hariharan,Konda Bhaskir Arun Karthik,Rahil S Shah,1,1,0,run,0,,,17/0
1439764,2,2,2,Konda Bhaskir Arun Karthik,RS Mokit Hariharan,Rahil S Shah,1,1,0,run,0,,,18/0
1439764,2,2,3,RS Mokit Hariharan,Konda Bhaskir Arun Karthik,Rahil S Shah,4,4,0,four,0,,,22/0
1439764,2,2,4,RS Mokit Hariharan,Konda Bhaskir Arun Karthik,Rahil S Shah,0,0,0,no run,0,,,22/0
1439764,2,2,5,RS Mokit Hariharan,Konda Bhaskir Arun Karthik,Rahil S Shah,0,0,0,no run,0,,,22/0
1439764,2,2,6,RS Mokit Hariharan,Konda Bhaskir Arun Karthik,Rahil S Shah,1,1,0,run,0,,,23/0
1439764,2,3,1,RS Mokit Hariharan,Konda Bhaskir Arun Karthik,Daryl Sunder Ferrario,1,1,0,run,0,,,24/0
1439764,2,3,2,Konda Bhaskir Arun Karthik,RS Mokit Hariharan,Daryl Sunder Ferrario,0,0,0,out,1,caught,Konda Bhaskir Arun Karthik,24/1
1439764,2,3,3,Guruswamy Ajitesh,RS Mokit Hariharan,Daryl Sunder Ferrario,1,1,0,run,0,,,25/1
1439764,2,3,4,RS Mokit Hariharan,Guruswamy Ajitesh,Daryl Sunder Ferrario,4,4,0,four,0,,,29/1
1439764,2,3,5,RS Mokit Hariharan,Guruswamy Ajitesh,Daryl Sunder Ferrario,1,1,0,run,0,,,30/1
1439764,2,3,6,Guruswamy Ajitesh,RS Mokit Hariharan,Daryl Sunder Ferrario,1,1,0,run,0,,,31/1
1439764,2,4,1,Guruswamy Ajitesh,RS Mokit Hariharan,Rahil S Shah,1,1,0,run,0,,,32/1
1439764,2,4,2,RS Mokit Hariharan,Guruswamy Ajitesh,Rahil S Shah,4,4,0,four,0,,,36/1
1439764,2,4,3,RS Mokit Hariharan,Guruswamy Ajitesh,Rahil S Shah,0,0,0,no run,0,,,36/1
1439764,2,4,4,RS Mokit Hariharan,Guruswamy Ajitesh,Rahil S Shah,0,0,0,no run,0,,,36/1
1439764,2,4,5,RS Mokit Hariharan,Guruswamy Ajitesh,Rahil S Shah,6,6,0,six,0,,,42/1
1439764,2,4,6,RS Mokit Hariharan,Guruswamy Ajitesh,Rahil S Shah,1,1,0,run,0,,,43/1
1439764,2,5,1,RS Mokit Hariharan,Guruswamy Ajitesh,Daryl Sunder Ferrario,1,1,0,run,0,,,44/1
1439764,2,5,2,Guruswamy Ajitesh,RS Mokit Hariharan,Daryl Sunder Ferrario,4,4,0,four,0,,,48/1
1439764,2,5,3,Guruswamy Ajitesh,RS Mokit Hariharan,Daryl Sunder Ferrario,0,0,0,no run,0,,,48/1
1439764,2,5,4,Guruswamy Ajitesh,RS Mokit Hariharan,Daryl Sunder Ferrario,4,4,0,four,0,,,52/1
1439764,2,5,5,Guruswamy Ajitesh,RS Mokit Hariharan,Daryl Sunder Ferrario,6,6,0,six,0,,,58/1
1439764,2,5,6,Guruswamy Ajitesh,RS Mokit Hariharan,Daryl Sunder Ferrario,1,1,0,run,0,,,59/1
1439764,2,6,1,Guruswamy Ajitesh,RS Mokit Hariharan,Ganeshan Periyaswamy,4,4,0,four,0,,,63/1
1439764,2,6,2,Guruswamy Ajitesh,RS Mokit Hariharan,Ganeshan Periyaswamy,1,1,0,run,0,,,64/1
1439764,2,6,3,RS Mokit Hariharan,Guruswamy Ajitesh,Ganeshan Periyaswamy,1,1,0,run,0,,,65/1
1439764,2,6,4,Guruswamy Ajitesh,RS Mokit Hariharan,Ganeshan Periyaswamy,0,0,0,no run,0,,,65/1
1439764,2,6,5,Guruswamy Ajitesh,RS Mokit Hariharan,Ganeshan Periyaswamy,4,4,0,four,0,,,69/1
1439764,2,6,6,Guruswamy Ajitesh,RS Mokit Hariharan,Ganeshan Periyaswamy,3,3,0,run,0,,,72/1
1439764,2,7,1,Guruswamy Ajitesh,RS Mokit Hariharan,Antony Chandrasekaran Aswin Crist,0,0,0,out,1,caught,Guruswamy Ajitesh,72/2
1439764,2,7,2,SJ Arun Kumar,RS Mokit Hariharan,Antony Chandrasekaran Aswin Crist,0,0,0,no run,0,,,72/2
1439764,2,7,3,SJ Arun Kumar,RS Mokit Hariharan,Antony Chandrasekaran Aswin Crist,4,4,0,four,0,,,76/2
1439764,2,7,4,SJ Arun Kumar,RS Mokit Hariharan,Antony Chandrasekaran Aswin Crist,1,1,0,run,0,,,77/2
1439764,2,7,5,RS Mokit Hariharan,SJ Arun Kumar,Antony Chandrasekaran Aswin Crist,1,1,0,run,0,,,78/2
1439764,2,7,6,SJ Arun Kumar,RS Mokit Hariharan,Antony Chandrasekaran Aswin Crist,1,0,1,wide,0,,,79/2
1439764,2,7,7,SJ Arun Kumar,RS Mokit Hariharan,Antony Chandrasekaran Aswin Crist,0,0,0,no run,0,,,79/2
1439764,2,8,1,RS Mokit Hariharan,SJ Arun Kumar,Baba Aparajith,1,1,0,run,0,,,80/2
1439764,2,8,2,SJ Arun Kumar,RS Mokit Hariharan,Baba Aparajith,1,1,0,run,0,,,81/2
1439764,2,8,3,RS Mokit Hariharan,SJ Arun Kumar,Baba Aparajith,1,1,0,run,0,,,82/2
1439764,2,8,4,SJ Arun Kumar,RS Mokit Hariharan,Baba Aparajith,0,0,0,out,1,caught,SJ Arun Kumar,82/3
1439764,2,8,5,Nidhish S Rajagopal,RS Mokit Hariharan,Baba Aparajith,1,1,0,run,0,,,83/3
1439764,2,8,6,RS Mokit Hariharan,Nidhish S Rajagopal,Baba Aparajith,1,1,0,run,0,,,84/3
1439764,2,9,1,RS Mokit Hariharan,Nidhish S Rajagopal,Antony Chandrasekaran Aswin Crist,1,1,0,run,0,,,85/3
1439764,2,9,2,Nidhish S Rajagopal,RS Mokit Hariharan,Antony Chandrasekaran Aswin Crist,0,0,0,no run,0,,,85/3
1439764,2,9,3,Nidhish S Rajagopal,RS Mokit Hariharan,Antony Chandrasekaran Aswin Crist,1,1,0,run,0,,,86/3
1439764,2,9,4,RS Mokit Hariharan,Nidhish S Rajagopal,Antony Chandrasekaran Aswin Crist,0,0,0,no run,0,,,86/3
1439764,2,9,5,RS Mokit Hariharan,Nidhish S Rajagopal,Antony Chandrasekaran Aswin Crist,1,1,0,run,0,,,87/3
1439764,2,9,6,Nidhish S Rajagopal,RS Mokit Hariharan,Antony Chandrasekaran Aswin Crist,4,4,0,four,0,,,91/3
1439764,2,10,1,RS Mokit Hariharan,Nidhish S Rajagopal,Baba Aparajith,1,1,0,run,0,,,92/3
1439764,2,10,2,Nidhish S Rajagopal,RS Mokit Hariharan,Baba Aparajith,1,1,0,run,0,,,93/3
1439764,2,10,3,RS Mokit Hariharan,Nidhish S Rajagopal,Baba Aparajith,1,1,0,run,0,,,94/3
1439764,2,10,4,Nidhish S Rajagopal,RS Mokit Hariharan,Baba Aparajith,1,1,0,run,0,,,95/3
1439764,2,10,5,RS Mokit Hariharan,Nidhish S Rajagopal,Baba Aparajith,1,1,0,run,0,,,96/3
1439764,2,10,6,Nidhish S Rajagopal,RS Mokit Hariharan,Baba Aparajith,6,6,0,six,0,,,102/3
1439764,2,11,1,RS Mokit Hariharan,Nidhish S Rajagopal,Ganeshan Periyaswamy,0,0,0,no run,0,,,102/3
1439764,2,11,2,RS Mokit Hariharan,Nidhish S Rajagopal,Ganeshan Periyaswamy,1,1,0,run,0,,,103/3
1439764,2,11,3,Nidhish S Rajagopal,RS Mokit Hariharan,Ganeshan Periyaswamy,1,1,0,run,0,,,104/3
1439764,2,11,4,RS Mokit Hariharan,Nidhish S Rajagopal,Ganeshan Periyaswamy,1,1,0,run,0,,,105/3
1439764,2,11,5,Nidhish S Rajagopal,RS Mokit Hariharan,Ganeshan Periyaswamy,1,0,1,wide,0,,,106/3
1439764,2,11,6,Nidhish S Rajagopal,RS Mokit Hariharan,Ganeshan Periyaswamy,1,1,0,run,0,,,107/3
1439764,2,11,7,RS Mokit Hariharan,Nidhish S Rajagopal,Ganeshan Periyaswamy,1,1,0,run,0,,,108/3
1439764,2,12,1,RS Mokit Hariharan,Nidhish S Rajagopal,Daryl Sunder Ferrario,1,1,0,run,0,,,109/3
1439764,2,12,2,Nidhish S Rajagopal,RS Mokit Hariharan,Daryl Sunder Ferrario,0,0,0,no run,0,,,109/3
1439764,2,12,3,Nidhish S Rajagopal,RS Mokit Hariharan,Daryl Sunder Ferrario,1,1,0,run,0,,,110/3
1439764,2,12,4,RS Mokit Hariharan,Nidhish S Rajagopal,Daryl Sunder Ferrario,1,1,0,run,0,,,111/3
1439764,2,12,5,Nidhish S Rajagopal,RS Mokit Hariharan,Daryl Sunder Ferrario,2,2,0,run,0,,,113/3
1439764,2,12,6,Nidhish S Rajagopal,RS Mokit Hariharan,Daryl Sunder Ferrario,1,1,0,run,0,,,114/3
1439764,2,13,1,Nidhish S Rajagopal,RS Mokit Hariharan,Ganeshan Periyaswamy,1,1,0,run,0,,,115/3
1439764,2,13,2,RS Mokit Hariharan,Nidhish S Rajagopal,Ganeshan Periyaswamy,4,4,0,four,0,,,119/3
1439764,2,13,3,RS Mokit Hariharan,Nidhish S Rajagopal,Ganeshan Periyaswamy,1,1,0,run,0,,,120/3
1439764,2,13,4,Nidhish S Rajagopal,RS Mokit Hariharan,Ganeshan Periyaswamy,1,1,0,run,0,,,121/3
1439764,2,13,5,RS Mokit Hariharan,Nidhish S Rajagopal,Ganeshan Periyaswamy,1,1,0,run,0,,,122/3
1439764,2,13,6,Nidhish S Rajagopal,RS Mokit Hariharan,Ganeshan Periyaswamy,0,0,0,no run,0,,,122/3
1439764,2,14,1,RS Mokit Hariharan,Nidhish S Rajagopal,Daryl Sunder Ferrario,0,0,0,out,1,caught,RS Mokit Hariharan,122/4
1439764,2,14,2,Ramsingh Sonu Yadav,Nidhish S Rajagopal,Daryl Sunder Ferrario,1,1,0,run,0,,,123/4
1439764,2,14,3,Nidhish S Rajagopal,Ramsingh Sonu Yadav,Daryl Sunder Ferrario,1,1,0,run,0,,,124/4
1439764,2,14,4,Ramsingh Sonu Yadav,Nidhish S Rajagopal,Daryl Sunder Ferrario,0,0,0,no run,0,,,124/4
1439764,2,14,5,Ramsingh Sonu Yadav,Nidhish S Rajagopal,Daryl Sunder Ferrario,0,0,0,out,1,caught,Ramsingh Sonu Yadav,124/5
1439764,2,14,6,S Rithik Easwaran,Nidhish S Rajagopal,Daryl Sunder Ferrario,0,0,0,no run,0,,,124/5
1439764,2,15,1,Nidhish S Rajagopal,S Rithik Easwaran,Antony Chandrasekaran Aswin Crist,0,0,0,no run,0,,,124/5
1439764,2,15,2,Nidhish S Rajagopal,S Rithik Easwaran,Antony Chandrasekaran Aswin Crist,1,1,0,run,0,,,125/5
1439764,2,15,3,S Rithik Easwaran,Nidhish S Rajagopal,Antony Chandrasekaran Aswin Crist,2,2,0,run,0,,,127/5
1439764,2,15,4,S Rithik Easwaran,Nidhish S Rajagopal,Antony Chandrasekaran Aswin Crist,1,1,0,run,0,,,128/5
1439764,2,15,5,Nidhish S Rajagopal,S Rithik Easwaran,Antony Chandrasekaran Aswin Crist,0,0,0,no run,0,,,128/5
1439764,2,15,6,Nidhish S Rajagopal,S Rithik Easwaran,Antony Chandrasekaran Aswin Crist,1,1,0,run,0,,,129/5
1439764,2,16,1,Nidhish S Rajagopal,S Rithik Easwaran,Baba Aparajith,1,1,0,run,0,,,130/5
1439764,2,16,2,S Rithik Easwaran,Nidhish S Rajagopal,Baba Aparajith,1,1,0,run,0,,,131/5
1439764,2,16,3,Nidhish S Rajagopal,S Rithik Easwaran,Baba Aparajith,1,1,0,run,0,,,132/5
1439764,2,16,4,S Rithik Easwaran,Nidhish S Rajagopal,Baba Aparajith,1,1,0,run,0,,,133/5
1439764,2,16,5,Nidhish S Rajagopal,S Rithik Easwaran,Baba Aparajith,1,1,0,run,0,,,134/5
1439764,2,16,6,S Rithik Easwaran,Nidhish S Rajagopal,Baba Aparajith,1,1,0,run,0,,,135/5
1439764,2,17,1,S Rithik Easwaran,Nidhish S Rajagopal,Ganeshan Periyaswamy,0,0,0,no run,0,,,135/5
1439764,2,17,2,S Rithik Easwaran,Nidhish S Rajagopal,Ganeshan Periyaswamy,2,2,0,run,0,,,137/5
1439764,2,17,3,S Rithik Easwaran,Nidhish S Rajagopal,Ganeshan Periyaswamy,1,1,0,run,0,,,138/5
1439764,2,17,4,Nidhish S Rajagopal,S Rithik Easwaran,Ganeshan Periyaswamy,1,1,0,run,0,,,139/5
1439764,2,17,5,S Rithik Easwaran,Nidhish S Rajagopal,Ganeshan Periyaswamy,0,0,0,out,1,caught,S Rithik Easwaran,139/6
1439764,2,17,6,R Kirubakar,Nidhish S Rajagopal,Ganeshan Periyaswamy,1,1,0,run,0,,,140/6
1439764,2,18,1,R Kirubakar,Nidhish S Rajagopal,Baba Aparajith,0,0,0,no run,0,,,140/6
1439764,2,18,2,R Kirubakar,Nidhish S Rajagopal,Baba Aparajith,1,1,0,run,0,,,141/6
1439764,2,18,3,Nidhish S Rajagopal,R Kirubakar,Baba Aparajith,0,0,0,no run,0,,,141/6
1439764,2,18,4,Nidhish S Rajagopal,R Kirubakar,Baba Aparajith,1,1,0,run,0,,,142/6
1439764,2,18,5,R Kirubakar,Nidhish S Rajagopal,Baba Aparajith,0,0,0,no run,0,,,142/6
1439764,2,18,6,R Kirubakar,Nidhish S Rajagopal,Baba Aparajith,0,0,0,no run,0,,,142/6
1439764,2,19,1,Nidhish S Rajagopal,R Kirubakar,Abhishek Baljeetsingh Tanwar,1,1,0,run,0,,,143/6
1439764,2,19,2,R Kirubakar,Nidhish S Rajagopal,Abhishek Baljeetsingh Tanwar,1,1,0,run,0,,,144/6
1439764,2,19,3,Nidhish S Rajagopal,R Kirubakar,Abhishek Baljeetsingh Tanwar,1,1,0,run,1,retired out,R Kirubakar,145/7
1439764,2,19,4,Ragupathy Silambarasan,Nidhish S Rajagopal,Abhishek Baljeetsingh Tanwar,1,1,0,run,0,,,146/7
1439764,2,19,5,Nidhish S Rajagopal,Ragupathy Silambarasan,Abhishek Baljeetsingh Tanwar,1,1,0,run,0,,,147/7
1439764,2,19,6,Ragupathy Silambarasan,Nidhish S Rajagopal,Abhishek Baljeetsingh Tanwar,0,0,0,no run,0,,,147/7
1439764,2,20,1,Nidhish S Rajagopal,Ragupathy Silambarasan,Antony Chandrasekaran Aswin Crist,1,0,1,wide,0,,,148/7
1439764,2,20,2,Nidhish S Rajagopal,Ragupathy Silambarasan,Antony Chandrasekaran Aswin Crist,0,0,0,no run,0,,,148/7
1439764,2,20,3,Nidhish S Rajagopal,Ragupathy Silambarasan,Antony Chandrasekaran Aswin Crist,4,4,0,four,0,,,152/7
1439764,2,20,4,Nidhish S Rajagopal,Ragupathy Silambarasan,Antony Chandrasekaran Aswin Crist,6,6,0,six,0,,,158/7
1439764,2,20,5,Nidhish S Rajagopal,Ragupathy Silambarasan,Antony Chandrasekaran Aswin Crist,6,6,0,six,0,,,164/7
1439764,2,20,6,Nidhish S Rajagopal,Ragupathy Silambarasan,Antony Chandrasekaran Aswin Crist,4,4,0,four,0,,,168/7
1439765,1,1,1,S Sujay,Jayaraman Suresh Kumar,P Bhuvaneswaran,4,4,0,four,0,,,4/0
1439765,1,1,2,S Sujay,Jayaraman Suresh Kumar,P Bhuvaneswaran,4,4,0,four,0,,,8/0
1439765,1,1,3,S Sujay,Jayaraman Suresh Kumar,P Bhuvaneswaran,0,0,0,no run,0,,,8/0
1439765,1,1,4,S Sujay,Jayaraman Suresh Kumar,P Bhuvaneswaran,1,1,0,run,0,,,9/0
1439765,1,1,5,Jayaraman Suresh Kumar,S Sujay,P Bhuvaneswaran,1,1,0,run,0,,,10/0
1439765,1,1,6,S Sujay,Jayaraman Suresh Kumar,P Bhuvaneswaran,4,4,0,four,0,,,14/0
1439765,1,2,1,Jayaraman Suresh Kumar,S Sujay,Vijay Shankar,0,0,0,no run,0,,,14/0
1439765,1,2,2,Jayaraman Suresh Kumar,S Sujay,Vijay Shankar,1,0,1,wide,0,,,15/0
1439765,1,2,3,Jayaraman Suresh Kumar,S Sujay,Vijay Shankar,0,0,0,no run,0,,,15/0
1439765,1,2,4,Jayaraman Suresh Kumar,S Sujay,Vijay Shankar,0,0,0,no run,0,,,15/0
1439765,1,2,5,Jayaraman Suresh Kumar,S Sujay,Vijay Shankar,4,4,0,four,0,,,19/0
1439765,1,2,6,Jayaraman Suresh Kumar,S Sujay,Vijay Shankar,0,0,0,no run,0,,,19/0
1439765,1,2,7,Jayaraman Suresh Kumar,S Sujay,Vijay Shankar,1,1,0,run,0,,,20/0
1439765,1,3,1,Jayaraman Suresh Kumar,S Sujay,S Mohamed Ali,0,0,0,no run,0,,,20/0
1439765,1,3,2,Jayaraman Suresh Kumar,S Sujay,S Mohamed Ali,0,0,0,out,1,caught,Jayaraman Suresh Kumar,20/1
1439765,1,3,3,Balasubramaniam Sachin,S Sujay,S Mohamed Ali,4,4,0,four,0,,,24/1
1439765,1,3,4,Balasubramaniam Sachin,S Sujay,S Mohamed Ali,1,1,0,run,0,,,25/1
1439765,1,3,5,S Sujay,Balasubramaniam Sachin,S Mohamed Ali,1,0,1,wide,0,,,26/1
1439765,1,3,6,S Sujay,Balasubramaniam Sachin,S Mohamed Ali,1,1,0,run,0,,,27/1
1439765,1,3,7,Balasubramaniam Sachin,S Sujay,S Mohamed Ali,0,0,0,no run,0,,,27/1
1439765,1,4,1,S Sujay,Balasubramaniam Sachin,Vijay Shankar,0,0,0,no run,0,,,27/1
1439765,1,4,2,S Sujay,Balasubramaniam Sachin,Vijay Shankar,1,1,0,run,0,,,28/1
1439765,1,4,3,Balasubramaniam Sachin,S Sujay,Vijay Shankar,1,1,0,run,0,,,29/1
1439765,1,4,4,S Sujay,Balasubramaniam Sachin,Vijay Shankar,1,1,0,run,0,,,30/1
1439765,1,4,5,Balasubramaniam Sachin,S Sujay,Vijay Shankar,1,1,0,run,0,,,31/1
1439765,1,4,6,S Sujay,Balasubramaniam Sachin,Vijay Shankar,0,0,0,no run,0,,,31/1
1439765,1,5,1,Balasubramaniam Sachin,S Sujay,S Mohamed Ali,1,1,0,run,0,,,32/1
1439765,1,5,2,S Sujay,Balasubramaniam Sachin,S Mohamed Ali,1,1,0,run,0,,,33/1
1439765,1,5,3,Balasubramaniam Sachin,S Sujay,S Mohamed Ali,0,0,0,no run,0,,,33/1
1439765,1,5,4,Balasubramaniam Sachin,S Sujay,S Mohamed Ali,4,4,0,four,0,,,37/1
1439765,1,5,5,Balasubramaniam Sachin,S Sujay,S Mohamed Ali,0,0,0,no run,0,,,37/1
1439765,1,5,6,Balasubramaniam Sachin,S Sujay,S Mohamed Ali,2,2,0,run,0,,,39/1
1439765,1,6,1,S Sujay,Balasubramaniam Sachin,Thangarasu Natarajan,1,1,0,run,0,,,40/1
1439765,1,6,2,Balasubramaniam Sachin,S Sujay,Thangarasu Natarajan,0,0,0,no run,0,,,40/1
1439765,1,6,3,Balasubramaniam Sachin,S Sujay,Thangarasu Natarajan,4,4,0,four,0,,,44/1
1439765,1,6,4,Balasubramaniam Sachin,S Sujay,Thangarasu Natarajan,1,1,0,run,0,,,45/1
1439765,1,6,5,S Sujay,Balasubramaniam Sachin,Thangarasu Natarajan,0,0,0,no run,0,,,45/1
1439765,1,6,6,S Sujay,Balasubramaniam Sachin,Thangarasu Natarajan,1,1,0,run,0,,,46/1
1439765,1,7,1,S Sujay,Balasubramaniam Sachin,S Mohamed Ali,1,1,0,run,0,,,47/1
1439765,1,7,2,Balasubramaniam Sachin,S Sujay,S Mohamed Ali,1,1,0,run,0,,,48/1
1439765,1,7,3,S Sujay,Balasubramaniam Sachin,S Mohamed Ali,1,1,0,run,0,,,49/1
1439765,1,7,4,Balasubramaniam Sachin,S Sujay,S Mohamed Ali,4,4,0,four,0,,,53/1
1439765,1,7,5,Balasubramaniam Sachin,S Sujay,S Mohamed Ali,1,1,0,run,0,,,54/1
1439765,1,7,6,S Sujay,Balasubramaniam Sachin,S Mohamed Ali,1,1,0,run,0,,,55/1
1439765,1,8,1,S Sujay,Balasubramaniam Sachin, Sriram Ajith Ram,0,0,0,no run,0,,,55/1
1439765,1,8,2,S Sujay,Balasubramaniam Sachin, Sriram Ajith Ram,1,1,0,run,0,,,56/1
1439765,1,8,3,Balasubramaniam Sachin,S Sujay, Sriram Ajith Ram,1,1,0,run,0,,,57/1
1439765,1,8,4,S Sujay,Balasubramaniam Sachin, Sriram Ajith Ram,1,1,0,run,0,,,58/1
1439765,1,8,5,Balasubramaniam Sachin,S Sujay, Sriram Ajith Ram,1,1,0,run,0,,,59/1
1439765,1,8,6,S Sujay,Balasubramaniam Sachin, Sriram Ajith Ram,1,1,0,run,0,,,60/1
1439765,1,9,1,S Sujay,Balasubramaniam Sachin,Alliraj Karuppusamy,2,2,0,run,0,,,62/1
1439765,1,9,2,S Sujay,Balasubramaniam Sachin,Alliraj Karuppusamy,0,0,0,no run,0,,,62/1
1439765,1,9,3,S Sujay,Balasubramaniam Sachin,Alliraj Karuppusamy,0,0,0,out,1,caught,S Sujay,62/2
1439765,1,9,4,Masood Shahrukh Khan,Balasubramaniam Sachin,Alliraj Karuppusamy,0,0,0,no run,0,,,62/2
1439765,1,9,5,Masood Shahrukh Khan,Balasubramaniam Sachin,Alliraj Karuppusamy,0,0,0,no run,0,,,62/2
1439765,1,9,6,Masood Shahrukh Khan,Balasubramaniam Sachin,Alliraj Karuppusamy,4,4,0,four,0,,,66/2
1439765,1,10,1,Balasubramaniam Sachin,Masood Shahrukh Khan, Sriram Ajith Ram,0,0,0,no run,0,,,66/2
1439765,1,10,2,Balasubramaniam Sachin,Masood Shahrukh Khan, Sriram Ajith Ram,0,0,0,no run,0,,,66/2
1439765,1,10,3,Balasubramaniam Sachin,Masood Shahrukh Khan, Sriram Ajith Ram,1,1,0,run,0,,,67/2
1439765,1,10,4,Masood Shahrukh Khan,Balasubramaniam Sachin, Sriram Ajith Ram,0,0,0,no run,0,,,67/2
1439765,1,10,5,Masood Shahrukh Khan,Balasubramaniam Sachin, Sriram Ajith Ram,0,0,0,no run,0,,,67/2
1439765,1,10,6,Masood Shahrukh Khan,Balasubramaniam Sachin, Sriram Ajith Ram,0,0,0,no run,0,,,67/2
1439765,1,11,1,Balasubramaniam Sachin,Masood Shahrukh Khan,Alliraj Karuppusamy,1,1,0,run,0,,,68/2
1439765,1,11,2,Masood Shahrukh Khan,Balasubramaniam Sachin,Alliraj Karuppusamy,4,4,0,four,0,,,72/2
1439765,1,11,3,Masood Shahrukh Khan,Balasubramaniam Sachin,Alliraj Karuppusamy,1,1,0,run,0,,,73/2
1439765,1,11,4,Balasubramaniam Sachin,Masood Shahrukh Khan,Alliraj Karuppusamy,1,1,0,run,0,,,74/2
1439765,1,11,5,Masood Shahrukh Khan,Balasubramaniam Sachin,Alliraj Karuppusamy,6,6,0,six,0,,,80/2
1439765,1,11,6,Masood Shahrukh Khan,Balasubramaniam Sachin,Alliraj Karuppusamy,2,2,0,run,0,,,82/2
1439765,1,12,1,Balasubramaniam Sachin,Masood Shahrukh Khan, Sriram Ajith Ram,0,0,0,out,1,stumped,Balasubramaniam Sachin,82/3
1439765,1,12,2,U Mukilesh,Masood Shahrukh Khan, Sriram Ajith Ram,1,1,0,run,0,,,83/3
1439765,1,12,3,Masood Shahrukh Khan,U Mukilesh, Sriram Ajith Ram,1,1,0,run,0,,,84/3
1439765,1,12,4,U Mukilesh,Masood Shahrukh Khan, Sriram Ajith Ram,1,1,0,run,0,,,85/3
1439765,1,12,5,Masood Shahrukh Khan,U Mukilesh, Sriram Ajith Ram,1,1,0,run,0,,,86/3
1439765,1,12,6,U Mukilesh,Masood Shahrukh Khan, Sriram Ajith Ram,0,0,0,no run,0,,,86/3
1439765,1,13,1,Masood Shahrukh Khan,U Mukilesh,Thangarasu Natarajan,4,4,0,four,0,,,90/3
1439765,1,13,2,Masood Shahrukh Khan,U Mukilesh,Thangarasu Natarajan,1,1,0,run,0,,,91/3
1439765,1,13,3,U Mukilesh,Masood Shahrukh Khan,Thangarasu Natarajan,0,0,0,no run,0,,,91/3
1439765,1,13,4,U Mukilesh,Masood Shahrukh Khan,Thangarasu Natarajan,1,1,0,run,0,,,92/3
1439765,1,13,5,Masood Shahrukh Khan,U Mukilesh,Thangarasu Natarajan,1,1,0,run,0,,,93/3
1439765,1,13,6,U Mukilesh,Masood Shahrukh Khan,Thangarasu Natarajan,0,0,0,no run,0,,,93/3
1439765,1,14,1,Masood Shahrukh Khan,U Mukilesh,M Mathivannan,0,0,0,no run,0,,,93/3
1439765,1,14,2,Masood Shahrukh Khan,U Mukilesh,M Mathivannan,1,1,0,run,0,,,94/3
1439765,1,14,3,U Mukilesh,Masood Shahrukh Khan,M Mathivannan,1,1,0,run,0,,,95/3
1439765,1,14,4,Masood Shahrukh Khan,U Mukilesh,M Mathivannan,6,6,0,six,0,,,101/3
1439765,1,14,5,Masood Shahrukh Khan,U Mukilesh,M Mathivannan,0,0,0,no run,0,,,101/3
1439765,1,14,6,Masood Shahrukh Khan,U Mukilesh,M Mathivannan,0,0,0,no run,0,,,101/3
1439765,1,15,1,U Mukilesh,Masood Shahrukh Khan,P Bhuvaneswaran,4,4,0,four,0,,,105/3
1439765,1,15,2,U Mukilesh,Masood Shahrukh Khan,P Bhuvaneswaran,4,4,0,four,0,,,109/3
1439765,1,15,3,U Mukilesh,Masood Shahrukh Khan,P Bhuvaneswaran,1,1,0,run,0,,,110/3
1439765,1,15,4,Masood Shahrukh Khan,U Mukilesh,P Bhuvaneswaran,0,0,0,no run,0,,,110/3
1439765,1,15,5,Masood Shahrukh Khan,U Mukilesh,P Bhuvaneswaran,1,1,0,run,0,,,111/3
1439765,1,15,6,U Mukilesh,Masood Shahrukh Khan,P Bhuvaneswaran,0,0,0,no run,0,,,111/3
1439765,1,16,1,Masood Shahrukh Khan,U Mukilesh, Sriram Ajith Ram,1,1,0,run,0,,,112/3
1439765,1,16,2,U Mukilesh,Masood Shahrukh Khan, Sriram Ajith Ram,0,0,0,no run,0,,,112/3
1439765,1,16,3,U Mukilesh,Masood Shahrukh Khan, Sriram Ajith Ram,0,0,0,out,1,bowled,U Mukilesh,112/4
1439765,1,16,4,Atheeq Ur Rahman,Masood Shahrukh Khan, Sriram Ajith Ram,0,0,0,no run,0,,,112/4
1439765,1,16,5,Atheeq Ur Rahman,Masood Shahrukh Khan, Sriram Ajith Ram,1,1,0,run,0,,,113/4
1439765,1,16,6,Masood Shahrukh Khan,Atheeq Ur Rahman, Sriram Ajith Ram,1,1,0,run,0,,,114/4
1439765,1,17,1,Masood Shahrukh Khan,Atheeq Ur Rahman,Thangarasu Natarajan,1,1,0,run,0,,,115/4
1439765,1,17,2,Atheeq Ur Rahman,Masood Shahrukh Khan,Thangarasu Natarajan,4,4,0,four,0,,,119/4
1439765,1,17,3,Atheeq Ur Rahman,Masood Shahrukh Khan,Thangarasu Natarajan,1,1,0,run,0,,,120/4
1439765,1,17,4,Masood Shahrukh Khan,Atheeq Ur Rahman,Thangarasu Natarajan,1,0,1,wide,0,,,121/4
1439765,1,17,5,Masood Shahrukh Khan,Atheeq Ur Rahman,Thangarasu Natarajan,6,6,0,six,0,,,127/4
1439765,1,17,6,Masood Shahrukh Khan,Atheeq Ur Rahman,Thangarasu Natarajan,1,1,0,run,0,,,128/4
1439765,1,17,7,Atheeq Ur Rahman,Masood Shahrukh Khan,Thangarasu Natarajan,1,1,0,run,0,,,129/4
1439765,1,18,1,Atheeq Ur Rahman,Masood Shahrukh Khan,P Bhuvaneswaran,1,1,0,run,0,,,130/4
1439765,1,18,2,Masood Shahrukh Khan,Atheeq Ur Rahman,P Bhuvaneswaran,4,4,0,four,0,,,134/4
1439765,1,18,3,Masood Shahrukh Khan,Atheeq Ur Rahman,P Bhuvaneswaran,6,6,0,six,0,,,140/4
1439765,1,18,4,Masood Shahrukh Khan,Atheeq Ur Rahman,P Bhuvaneswaran,1,0,1,wide,0,,,141/4
1439765,1,18,5,Masood Shahrukh Khan,Atheeq Ur Rahman,P Bhuvaneswaran,1,1,0,run,0,,,142/4
1439765,1,18,6,Atheeq Ur Rahman,Masood Shahrukh Khan,P Bhuvaneswaran,1,1,0,run,0,,,143/4
1439765,1,18,7,Masood Shahrukh Khan,Atheeq Ur Rahman,P Bhuvaneswaran,1,1,0,run,0,,,144/4
1439765,1,19,1,Masood Shahrukh Khan,Atheeq Ur Rahman,Thangarasu Natarajan,0,0,0,out,1,caught,Masood Shahrukh Khan,144/5
1439765,1,19,2,M Mohammed,Atheeq Ur Rahman,Thangarasu Natarajan,0,0,0,no run,0,,,144/5
1439765,1,19,3,M Mohammed,Atheeq Ur Rahman,Thangarasu Natarajan,0,0,0,out,1,caught,M Mohammed,144/6
1439765,1,19,4,R Ram Arvindh,Atheeq Ur Rahman,Thangarasu Natarajan,1,1,0,run,0,,,145/6
1439765,1,19,5,Atheeq Ur Rahman,R Ram Arvindh,Thangarasu Natarajan,1,1,0,run,0,,,146/6
1439765,1,19,6,R Ram Arvindh,Atheeq Ur Rahman,Thangarasu Natarajan,1,1,0,run,0,,,147/6
1439765,1,20,1,R Ram Arvindh,Atheeq Ur Rahman,Vijay Shankar,6,6,0,six,0,,,153/6
1439765,1,20,2,R Ram Arvindh,Atheeq Ur Rahman,Vijay Shankar,4,4,0,four,0,,,157/6
1439765,1,20,3,R Ram Arvindh,Atheeq Ur Rahman,Vijay Shankar,1,1,0,run,0,,,158/6
1439765,1,20,4,Atheeq Ur Rahman,R Ram Arvindh,Vijay Shankar,1,1,0,run,0,,,159/6
1439765,1,20,5,R Ram Arvindh,Atheeq Ur Rahman,Vijay Shankar,1,0,1,wide,0,,,160/6
1439765,1,20,6,R Ram Arvindh,Atheeq Ur Rahman,Vijay Shankar,0,0,0,no run,0,,,160/6
1439765,1,20,7,R Ram Arvindh,Atheeq Ur Rahman,Vijay Shankar,0,0,0,out,1,caught,R Ram Arvindh,160/7
1439765,2,1,1,Sundararaman Radhakrishnan,Tushar Raheja,K Gowtham Thamarai Kannan,0,0,0,out,1,caught,Sundararaman Radhakrishnan,0/1
1439765,2,1,2,VP Amit Sathvik,Tushar Raheja,K Gowtham Thamarai Kannan,0,0,0,no run,0,,,0/1
1439765,2,1,3,VP Amit Sathvik,Tushar Raheja,K Gowtham Thamarai Kannan,0,0,0,no run,0,,,0/1
1439765,2,1,4,VP Amit Sathvik,Tushar Raheja,K Gowtham Thamarai Kannan,1,1,0,run,0,,,1/1
1439765,2,1,5,Tushar Raheja,VP Amit Sathvik,K Gowtham Thamarai Kannan,4,4,0,four,0,,,5/1
1439765,2,1,6,Tushar Raheja,VP Amit Sathvik,K Gowtham Thamarai Kannan,4,4,0,four,0,,,9/1
1439765,2,2,1,VP Amit Sathvik,Tushar Raheja,Manimaran Siddharth,0,0,0,no run,0,,,9/1
1439765,2,2,2,VP Amit Sathvik,Tushar Raheja,Manimaran Siddharth,0,0,0,no run,0,,,9/1
1439765,2,2,3,VP Amit Sathvik,Tushar Raheja,Manimaran Siddharth,0,0,0,no run,0,,,9/1
1439765,2,2,4,VP Amit Sathvik,Tushar Raheja,Manimaran Siddharth,1,1,0,run,0,,,10/1
1439765,2,2,5,Tushar Raheja,VP Amit Sathvik,Manimaran Siddharth,0,0,0,no run,0,,,10/1
1439765,2,2,6,Tushar Raheja,VP Amit Sathvik,Manimaran Siddharth,1,1,0,run,0,,,11/1
1439765,2,3,1,Tushar Raheja,VP Amit Sathvik,K Gowtham Thamarai Kannan,4,4,0,four,0,,,15/1
1439765,2,3,2,Tushar Raheja,VP Amit Sathvik,K Gowtham Thamarai Kannan,0,0,0,no run,0,,,15/1
1439765,2,3,3,Tushar Raheja,VP Amit Sathvik,K Gowtham Thamarai Kannan,6,6,0,six,0,,,21/1
1439765,2,3,4,Tushar Raheja,VP Amit Sathvik,K Gowtham Thamarai Kannan,1,1,0,run,0,,,22/1
1439765,2,3,5,VP Amit Sathvik,Tushar Raheja,K Gowtham Thamarai Kannan,4,4,0,four,0,,,26/1
1439765,2,3,6,VP Amit Sathvik,Tushar Raheja,K Gowtham Thamarai Kannan,1,1,0,run,0,,,27/1
1439765,2,4,1,VP Amit Sathvik,Tushar Raheja,Manimaran Siddharth,0,0,0,no run,0,,,27/1
1439765,2,4,2,VP Amit Sathvik,Tushar Raheja,Manimaran Siddharth,4,4,0,four,0,,,31/1
1439765,2,4,3,VP Amit Sathvik,Tushar Raheja,Manimaran Siddharth,4,0,4,leg bye,0,,,35/1
1439765,2,4,4,VP Amit Sathvik,Tushar Raheja,Manimaran Siddharth,0,0,0,no run,0,,,35/1
1439765,2,4,5,VP Amit Sathvik,Tushar Raheja,Manimaran Siddharth,1,1,0,run,0,,,36/1
1439765,2,4,6,Tushar Raheja,VP Amit Sathvik,Manimaran Siddharth,0,0,0,no run,0,,,36/1
1439765,2,5,1,VP Amit Sathvik,Tushar Raheja,Masood Shahrukh Khan,0,0,0,out,1,caught,VP Amit Sathvik,36/2
1439765,2,5,2,Vijay Shankar,Tushar Raheja,Masood Shahrukh Khan,0,0,0,no run,0,,,36/2
1439765,2,5,3,Vijay Shankar,Tushar Raheja,Masood Shahrukh Khan,1,1,0,run,0,,,37/2
1439765,2,5,4,Tushar Raheja,Vijay Shankar,Masood Shahrukh Khan,1,1,0,run,0,,,38/2
1439765,2,5,5,Vijay Shankar,Tushar Raheja,Masood Shahrukh Khan,1,1,0,run,0,,,39/2
1439765,2,5,6,Tushar Raheja,Vijay Shankar,Masood Shahrukh Khan,0,0,0,no run,0,,,39/2
1439765,2,6,1,Vijay Shankar,Tushar Raheja,M Mohammed,4,4,0,four,0,,,43/2
1439765,2,6,2,Vijay Shankar,Tushar Raheja,M Mohammed,4,4,0,four,0,,,47/2
1439765,2,6,3,Vijay Shankar,Tushar Raheja,M Mohammed,0,0,0,no run,0,,,47/2
1439765,2,6,4,Vijay Shankar,Tushar Raheja,M Mohammed,1,1,0,run,0,,,48/2
1439765,2,6,5,Tushar Raheja,Vijay Shankar,M Mohammed,4,4,0,four,0,,,52/2
1439765,2,6,6,Tushar Raheja,Vijay Shankar,M Mohammed,1,1,0,run,0,,,53/2
1439765,2,7,1,Tushar Raheja,Vijay Shankar,Jhathavedh Subramanyan,1,0,1,leg bye,0,,,54/2
1439765,2,7,2,Vijay Shankar,Tushar Raheja,Jhathavedh Subramanyan,1,1,0,run,0,,,55/2
1439765,2,7,3,Tushar Raheja,Vijay Shankar,Jhathavedh Subramanyan,0,0,0,no run,0,,,55/2
1439765,2,7,4,Tushar Raheja,Vijay Shankar,Jhathavedh Subramanyan,1,1,0,run,0,,,56/2
1439765,2,7,5,Vijay Shankar,Tushar Raheja,Jhathavedh Subramanyan,1,1,0,run,0,,,57/2
1439765,2,7,6,Tushar Raheja,Vijay Shankar,Jhathavedh Subramanyan,1,1,0,run,0,,,58/2
1439765,2,8,1,Tushar Raheja,Vijay Shankar,Masood Shahrukh Khan,1,1,0,run,0,,,59/2
1439765,2,8,2,Vijay Shankar,Tushar Raheja,Masood Shahrukh Khan,0,0,0,no run,0,,,59/2
1439765,2,8,3,Vijay Shankar,Tushar Raheja,Masood Shahrukh Khan,1,1,0,run,0,,,60/2
1439765,2,8,4,Tushar Raheja,Vijay Shankar,Masood Shahrukh Khan,4,4,0,four,0,,,64/2
1439765,2,8,5,Tushar Raheja,Vijay Shankar,Masood Shahrukh Khan,1,1,0,run,0,,,65/2
1439765,2,8,6,Vijay Shankar,Tushar Raheja,Masood Shahrukh Khan,1,1,0,run,0,,,66/2
1439765,2,9,1,Vijay Shankar,Tushar Raheja,Jhathavedh Subramanyan,0,0,0,no run,0,,,66/2
1439765,2,9,2,Vijay Shankar,Tushar Raheja,Jhathavedh Subramanyan,1,1,0,run,0,,,67/2
1439765,2,9,3,Tushar Raheja,Vijay Shankar,Jhathavedh Subramanyan,6,6,0,six,0,,,73/2
1439765,2,9,4,Tushar Raheja,Vijay Shankar,Jhathavedh Subramanyan,0,0,0,no run,0,,,73/2
1439765,2,9,5,Tushar Raheja,Vijay Shankar,Jhathavedh Subramanyan,1,1,0,run,0,,,74/2
1439765,2,9,6,Vijay Shankar,Tushar Raheja,Jhathavedh Subramanyan,0,0,0,no run,0,,,74/2
1439765,2,10,1,Tushar Raheja,Vijay Shankar,M Mohammed,0,0,0,no run,0,,,74/2
1439765,2,10,2,Tushar Raheja,Vijay Shankar,M Mohammed,2,2,0,run,0,,,76/2
1439765,2,10,3,Tushar Raheja,Vijay Shankar,M Mohammed,4,4,0,four,0,,,80/2
1439765,2,10,4,Tushar Raheja,Vijay Shankar,M Mohammed,4,4,0,four,0,,,84/2
1439765,2,10,5,Tushar Raheja,Vijay Shankar,M Mohammed,0,0,0,no run,0,,,84/2
1439765,2,10,6,Tushar Raheja,Vijay Shankar,M Mohammed,1,1,0,run,0,,,85/2
1439765,2,11,1,Tushar Raheja,Vijay Shankar,Manimaran Siddharth,0,0,0,no run,0,,,85/2
1439765,2,11,2,Tushar Raheja,Vijay Shankar,Manimaran Siddharth,1,1,0,run,0,,,86/2
1439765,2,11,3,Vijay Shankar,Tushar Raheja,Manimaran Siddharth,0,0,0,out,1,caught,Vijay Shankar,86/3
1439765,2,11,4,Balchander Anirudh,Tushar Raheja,Manimaran Siddharth,1,1,0,run,0,,,87/3
1439765,2,11,5,Tushar Raheja,Balchander Anirudh,Manimaran Siddharth,1,1,0,run,0,,,88/3
1439765,2,11,6,Balchander Anirudh,Tushar Raheja,Manimaran Siddharth,0,0,0,no run,0,,,88/3
1439765,2,12,1,Tushar Raheja,Balchander Anirudh,Masood Shahrukh Khan,1,1,0,run,0,,,89/3
1439765,2,12,2,Balchander Anirudh,Tushar Raheja,Masood Shahrukh Khan,1,1,0,run,0,,,90/3
1439765,2,12,3,Tushar Raheja,Balchander Anirudh,Masood Shahrukh Khan,0,0,0,no run,0,,,90/3
1439765,2,12,4,Tushar Raheja,Balchander Anirudh,Masood Shahrukh Khan,1,1,0,run,0,,,91/3
1439765,2,12,5,Balchander Anirudh,Tushar Raheja,Masood Shahrukh Khan,1,1,0,run,0,,,92/3
1439765,2,12,6,Tushar Raheja,Balchander Anirudh,Masood Shahrukh Khan,1,1,0,run,0,,,93/3
1439765,2,13,1,Tushar Raheja,Balchander Anirudh,U Mukilesh,0,0,0,no run,0,,,93/3
1439765,2,13,2,Tushar Raheja,Balchander Anirudh,U Mukilesh,2,2,0,run,0,,,95/3
1439765,2,13,3,Tushar Raheja,Balchander Anirudh,U Mukilesh,1,1,0,run,0,,,96/3
1439765,2,13,4,Balchander Anirudh,Tushar Raheja,U Mukilesh,1,1,0,run,0,,,97/3
1439765,2,13,5,Tushar Raheja,Balchander Anirudh,U Mukilesh,0,0,0,out,1,run out,Balchander Anirudh,97/4
1439765,2,13,6,S Mohamed Ali,Tushar Raheja,U Mukilesh,1,1,0,run,0,,,98/4
1439765,2,14,1,S Mohamed Ali,Tushar Raheja,Valliappan Yudheeswaran,1,1,0,run,0,,,99/4
1439765,2,14,2,Tushar Raheja,S Mohamed Ali,Valliappan Yudheeswaran,1,1,0,run,0,,,100/4
1439765,2,14,3,S Mohamed Ali,Tushar Raheja,Valliappan Yudheeswaran,1,1,0,run,0,,,101/4
1439765,2,14,4,Tushar Raheja,S Mohamed Ali,Valliappan Yudheeswaran,1,1,0,run,0,,,102/4
1439765,2,14,5,S Mohamed Ali,Tushar Raheja,Valliappan Yudheeswaran,6,6,0,six,0,,,108/4
1439765,2,14,6,S Mohamed Ali,Tushar Raheja,Valliappan Yudheeswaran,0,0,0,no run,0,,,108/4
1439765,2,15,1,Tushar Raheja,S Mohamed Ali,Jhathavedh Subramanyan,1,1,0,run,0,,,109/4
1439765,2,15,2,S Mohamed Ali,Tushar Raheja,Jhathavedh Subramanyan,0,0,0,no run,0,,,109/4
1439765,2,15,3,S Mohamed Ali,Tushar Raheja,Jhathavedh Subramanyan,1,1,0,run,0,,,110/4
1439765,2,15,4,Tushar Raheja,S Mohamed Ali,Jhathavedh Subramanyan,0,0,0,no run,0,,,110/4
1439765,2,15,5,Tushar Raheja,S Mohamed Ali,Jhathavedh Subramanyan,1,1,0,run,0,,,111/4
1439765,2,15,6,S Mohamed Ali,Tushar Raheja,Jhathavedh Subramanyan,1,1,0,run,0,,,112/4
1439765,2,16,1,S Mohamed Ali,Tushar Raheja,Manimaran Siddharth,1,1,0,run,0,,,113/4
1439765,2,16,2,Tushar Raheja,S Mohamed Ali,Manimaran Siddharth,1,1,0,run,0,,,114/4
1439765,2,16,3,S Mohamed Ali,Tushar Raheja,Manimaran Siddharth,1,1,0,run,0,,,115/4
1439765,2,16,4,Tushar Raheja,S Mohamed Ali,Manimaran Siddharth,0,0,0,no run,0,,,115/4
1439765,2,16,5,Tushar Raheja,S Mohamed Ali,Manimaran Siddharth,4,4,0,four,0,,,119/4
1439765,2,16,6,Tushar Raheja,S Mohamed Ali,Manimaran Siddharth,4,4,0,four,0,,,123/4
1439765,2,17,1,S Mohamed Ali,Tushar Raheja,Jhathavedh Subramanyan,4,4,0,four,0,,,127/4
1439765,2,17,2,S Mohamed Ali,Tushar Raheja,Jhathavedh Subramanyan,0,0,0,no run,0,,,127/4
1439765,2,17,3,S Mohamed Ali,Tushar Raheja,Jhathavedh Subramanyan,6,6,0,six,0,,,133/4
1439765,2,17,4,S Mohamed Ali,Tushar Raheja,Jhathavedh Subramanyan,1,1,0,run,0,,,134/4
1439765,2,17,5,Tushar Raheja,S Mohamed Ali,Jhathavedh Subramanyan,1,1,0,run,0,,,135/4
1439765,2,17,6,S Mohamed Ali,Tushar Raheja,Jhathavedh Subramanyan,1,1,0,run,0,,,136/4
1439765,2,18,1,S Mohamed Ali,Tushar Raheja,M Mohammed,4,4,0,four,0,,,140/4
1439765,2,18,2,S Mohamed Ali,Tushar Raheja,M Mohammed,4,4,0,four,0,,,144/4
1439765,2,18,3,S Mohamed Ali,Tushar Raheja,M Mohammed,1,1,0,run,0,,,145/4
1439765,2,18,4,Tushar Raheja,S Mohamed Ali,M Mohammed,1,1,0,run,0,,,146/4
1439765,2,18,5,S Mohamed Ali,Tushar Raheja,M Mohammed,1,1,0,run,0,,,147/4
1439765,2,18,6,Tushar Raheja,S Mohamed Ali,M Mohammed,1,1,0,run,0,,,148/4
1439765,2,19,1,Tushar Raheja,S Mohamed Ali,Masood Shahrukh Khan,1,1,0,run,0,,,149/4
1439765,2,19,2,S Mohamed Ali,Tushar Raheja,Masood Shahrukh Khan,0,0,0,out,1,leg before wicket,S Mohamed Ali,149/5
1439765,2,19,3,S Ganesh,Tushar Raheja,Masood Shahrukh Khan,0,0,0,no run,0,,,149/5
1439765,2,19,4,S Ganesh,Tushar Raheja,Masood Shahrukh Khan,1,1,0,run,0,,,150/5
1439765,2,19,5,Tushar Raheja,S Ganesh,Masood Shahrukh Khan,1,0,1,leg bye,0,,,151/5
1439765,2,19,6,S Ganesh,Tushar Raheja,Masood Shahrukh Khan,0,0,0,no run,0,,,151/5
1439765,2,20,1,Tushar Raheja,S Ganesh,M Mohammed,2,2,0,run,0,,,153/5
1439765,2,20,2,Tushar Raheja,S Ganesh,M Mohammed,2,2,0,run,0,,,155/5
1439765,2,20,3,Tushar Raheja,S Ganesh,M Mohammed,0,0,0,out,1,caught,Tushar Raheja,155/6
1439765,2,20,4,P Bhuvaneswaran,S Ganesh,M Mohammed,0,0,0,out,1,caught,P Bhuvaneswaran,155/7
1439765,2,20,5, Sriram Ajith Ram,S Ganesh,M Mohammed,4,4,0,four,0,,,159/7
1439765,2,20,6, Sriram Ajith Ram,S Ganesh,M Mohammed,0,0,0,out,1,run out,S Ganesh,159/8
1439766,1,1,1,Shivam Singh,Ravichandran Ashwin,Sunny Sandhu,0,0,0,no run,0,,,0/0
1439766,1,1,2,Shivam Singh,Ravichandran Ashwin,Sunny Sandhu,0,0,0,no run,0,,,0/0
1439766,1,1,3,Shivam Singh,Ravichandran Ashwin,Sunny Sandhu,1,0,1,wide,0,,,1/0
1439766,1,1,4,Shivam Singh,Ravichandran Ashwin,Sunny Sandhu,0,0,0,no run,0,,,1/0
1439766,1,1,5,Shivam Singh,Ravichandran Ashwin,Sunny Sandhu,0,0,0,no run,0,,,1/0
1439766,1,1,6,Shivam Singh,Ravichandran Ashwin,Sunny Sandhu,1,1,0,run,0,,,2/0
1439766,1,1,7,Ravichandran Ashwin,Shivam Singh,Sunny Sandhu,0,0,0,no run,0,,,2/0
1439766,1,2,1,Shivam Singh,Ravichandran Ashwin,N Selva Kumaran,0,0,0,no run,0,,,2/0
1439766,1,2,2,Shivam Singh,Ravichandran Ashwin,N Selva Kumaran,0,0,0,no run,0,,,2/0
1439766,1,2,3,Shivam Singh,Ravichandran Ashwin,N Selva Kumaran,0,0,0,no run,0,,,2/0
1439766,1,2,4,Shivam Singh,Ravichandran Ashwin,N Selva Kumaran,0,0,0,no run,0,,,2/0
1439766,1,2,5,Shivam Singh,Ravichandran Ashwin,N Selva Kumaran,1,1,0,run,0,,,3/0
1439766,1,2,6,Ravichandran Ashwin,Shivam Singh,N Selva Kumaran,1,1,0,run,0,,,4/0
1439766,1,3,1,Ravichandran Ashwin,Shivam Singh,Sunny Sandhu,0,0,0,no run,0,,,4/0
1439766,1,3,2,Ravichandran Ashwin,Shivam Singh,Sunny Sandhu,1,1,0,run,0,,,5/0
1439766,1,3,3,Shivam Singh,Ravichandran Ashwin,Sunny Sandhu,0,0,0,no run,0,,,5/0
1439766,1,3,4,Shivam Singh,Ravichandran Ashwin,Sunny Sandhu,0,0,0,out,1,caught,Shivam Singh,5/1
1439766,1,3,5,R Vimal Khumar,Ravichandran Ashwin,Sunny Sandhu,0,0,0,no run,0,,,5/1
1439766,1,3,6,R Vimal Khumar,Ravichandran Ashwin,Sunny Sandhu,1,1,0,run,0,,,6/1
1439766,1,4,1,R Vimal Khumar,Ravichandran Ashwin,N Selva Kumaran,0,0,0,no run,0,,,6/1
1439766,1,4,2,R Vimal Khumar,Ravichandran Ashwin,N Selva Kumaran,2,1,1,run,0,,,8/1
1439766,1,4,3,Ravichandran Ashwin,R Vimal Khumar,N Selva Kumaran,1,1,0,run,0,,,9/1
1439766,1,4,4,R Vimal Khumar,Ravichandran Ashwin,N Selva Kumaran,4,4,0,four,0,,,13/1
1439766,1,4,5,R Vimal Khumar,Ravichandran Ashwin,N Selva Kumaran,0,0,0,no run,0,,,13/1
1439766,1,4,6,R Vimal Khumar,Ravichandran Ashwin,N Selva Kumaran,6,6,0,six,0,,,19/1
1439766,1,4,7,R Vimal Khumar,Ravichandran Ashwin,N Selva Kumaran,4,4,0,four,0,,,23/1
1439766,1,5,1,Ravichandran Ashwin,R Vimal Khumar,M Poiyamozhi,1,0,1,wide,0,,,24/1
1439766,1,5,2,Ravichandran Ashwin,R Vimal Khumar,M Poiyamozhi,1,1,0,run,0,,,25/1
1439766,1,5,3,R Vimal Khumar,Ravichandran Ashwin,M Poiyamozhi,1,1,0,run,0,,,26/1
1439766,1,5,4,Ravichandran Ashwin,R Vimal Khumar,M Poiyamozhi,1,1,0,run,0,,,27/1
1439766,1,5,5,R Vimal Khumar,Ravichandran Ashwin,M Poiyamozhi,1,1,0,run,0,,,28/1
1439766,1,5,6,Ravichandran Ashwin,R Vimal Khumar,M Poiyamozhi,0,0,0,no run,0,,,28/1
1439766,1,5,7,Ravichandran Ashwin,R Vimal Khumar,M Poiyamozhi,1,1,0,run,0,,,29/1
1439766,1,6,1,Ravichandran Ashwin,R Vimal Khumar,S Harish Kumar,0,0,0,out,1,bowled,Ravichandran Ashwin,29/2
1439766,1,6,2,Baba Indrajith,R Vimal Khumar,S Harish Kumar,1,1,0,run,0,,,30/2
1439766,1,6,3,R Vimal Khumar,Baba Indrajith,S Harish Kumar,1,1,0,run,0,,,31/2
1439766,1,6,4,Baba Indrajith,R Vimal Khumar,S Harish Kumar,1,1,0,run,0,,,32/2
1439766,1,6,5,R Vimal Khumar,Baba Indrajith,S Harish Kumar,3,3,0,run,0,,,35/2
1439766,1,6,6,Baba Indrajith,R Vimal Khumar,S Harish Kumar,1,1,0,run,0,,,36/2
1439766,1,7,1,Baba Indrajith,R Vimal Khumar,Raju Aushik Srinivas,1,1,0,run,0,,,37/2
1439766,1,7,2,R Vimal Khumar,Baba Indrajith,Raju Aushik Srinivas,1,1,0,run,0,,,38/2
1439766,1,7,3,Baba Indrajith,R Vimal Khumar,Raju Aushik Srinivas,1,1,0,run,0,,,39/2
1439766,1,7,4,R Vimal Khumar,Baba Indrajith,Raju Aushik Srinivas,0,0,0,no run,0,,,39/2
1439766,1,7,5,R Vimal Khumar,Baba Indrajith,Raju Aushik Srinivas,1,1,0,run,0,,,40/2
1439766,1,7,6,Baba Indrajith,R Vimal Khumar,Raju Aushik Srinivas,1,1,0,run,0,,,41/2
1439766,1,8,1,Baba Indrajith,R Vimal Khumar,S Harish Kumar,0,0,0,no run,0,,,41/2
1439766,1,8,2,Baba Indrajith,R Vimal Khumar,S Harish Kumar,1,1,0,run,0,,,42/2
1439766,1,8,3,R Vimal Khumar,Baba Indrajith,S Harish Kumar,0,0,0,no run,0,,,42/2
1439766,1,8,4,R Vimal Khumar,Baba Indrajith,S Harish Kumar,2,2,0,run,0,,,44/2
1439766,1,8,5,R Vimal Khumar,Baba Indrajith,S Harish Kumar,4,4,0,four,0,,,48/2
1439766,1,8,6,R Vimal Khumar,Baba Indrajith,S Harish Kumar,1,1,0,run,0,,,49/2
1439766,1,9,1,R Vimal Khumar,Baba Indrajith,Raju Aushik Srinivas,1,1,0,run,0,,,50/2
1439766,1,9,2,Baba Indrajith,R Vimal Khumar,Raju Aushik Srinivas,1,1,0,run,0,,,51/2
1439766,1,9,3,R Vimal Khumar,Baba Indrajith,Raju Aushik Srinivas,1,1,0,run,0,,,52/2
1439766,1,9,4,Baba Indrajith,R Vimal Khumar,Raju Aushik Srinivas,2,2,0,run,0,,,54/2
1439766,1,9,5,Baba Indrajith,R Vimal Khumar,Raju Aushik Srinivas,1,1,0,run,0,,,55/2
1439766,1,9,6,R Vimal Khumar,Baba Indrajith,Raju Aushik Srinivas,2,2,0,run,0,,,57/2
1439766,1,10,1,Baba Indrajith,R Vimal Khumar,Rajendran Vivek,0,0,0,no run,0,,,57/2
1439766,1,10,2,Baba Indrajith,R Vimal Khumar,Rajendran Vivek,1,1,0,run,0,,,58/2
1439766,1,10,3,R Vimal Khumar,Baba Indrajith,Rajendran Vivek,1,1,0,run,0,,,59/2
1439766,1,10,4,Baba Indrajith,R Vimal Khumar,Rajendran Vivek,0,0,0,no run,0,,,59/2
1439766,1,10,5,Baba Indrajith,R Vimal Khumar,Rajendran Vivek,1,1,0,run,0,,,60/2
1439766,1,10,6,R Vimal Khumar,Baba Indrajith,Rajendran Vivek,2,2,0,run,0,,,62/2
1439766,1,11,1,Baba Indrajith,R Vimal Khumar,M Poiyamozhi,4,4,0,four,0,,,66/2
1439766,1,11,2,Baba Indrajith,R Vimal Khumar,M Poiyamozhi,1,0,1,wide,0,,,67/2
1439766,1,11,3,Baba Indrajith,R Vimal Khumar,M Poiyamozhi,1,1,0,run,0,,,68/2
1439766,1,11,4,R Vimal Khumar,Baba Indrajith,M Poiyamozhi,1,1,0,run,0,,,69/2
1439766,1,11,5,Baba Indrajith,R Vimal Khumar,M Poiyamozhi,0,0,0,no run,0,,,69/2
1439766,1,11,6,Baba Indrajith,R Vimal Khumar,M Poiyamozhi,0,0,0,no run,0,,,69/2
1439766,1,11,7,Baba Indrajith,R Vimal Khumar,M Poiyamozhi,2,2,0,run,0,,,71/2
1439766,1,12,1,R Vimal Khumar,Baba Indrajith,Rajendran Vivek,0,0,0,no run,0,,,71/2
1439766,1,12,2,R Vimal Khumar,Baba Indrajith,Rajendran Vivek,1,1,0,run,0,,,72/2
1439766,1,12,3,Baba Indrajith,R Vimal Khumar,Rajendran Vivek,1,1,0,run,0,,,73/2
1439766,1,12,4,R Vimal Khumar,Baba Indrajith,Rajendran Vivek,6,6,0,six,0,,,79/2
1439766,1,12,5,R Vimal Khumar,Baba Indrajith,Rajendran Vivek,0,0,0,no run,0,,,79/2
1439766,1,12,6,R Vimal Khumar,Baba Indrajith,Rajendran Vivek,0,0,0,no run,0,,,79/2
1439766,1,13,1,Baba Indrajith,R Vimal Khumar,Raju Aushik Srinivas,1,1,0,run,0,,,80/2
1439766,1,13,2,R Vimal Khumar,Baba Indrajith,Raju Aushik Srinivas,1,1,0,run,0,,,81/2
1439766,1,13,3,Baba Indrajith,R Vimal Khumar,Raju Aushik Srinivas,0,0,0,no run,0,,,81/2
1439766,1,13,4,Baba Indrajith,R Vimal Khumar,Raju Aushik Srinivas,2,2,0,run,0,,,83/2
1439766,1,13,5,Baba Indrajith,R Vimal Khumar,Raju Aushik Srinivas,4,4,0,four,0,,,87/2
1439766,1,13,6,Baba Indrajith,R Vimal Khumar,Raju Aushik Srinivas,6,6,0,six,0,,,93/2
1439766,1,14,1,R Vimal Khumar,Baba Indrajith,S Harish Kumar,0,0,0,out,1,run out,R Vimal Khumar,93/3
1439766,1,14,2,Baba Indrajith,Boopathi Vaishna Kumar,S Harish Kumar,1,1,0,run,0,,,94/3
1439766,1,14,3,Boopathi Vaishna Kumar,Baba Indrajith,S Harish Kumar,1,1,0,run,0,,,95/3
1439766,1,14,4,Baba Indrajith,Boopathi Vaishna Kumar,S Harish Kumar,4,4,0,four,0,,,99/3
1439766,1,14,5,Baba Indrajith,Boopathi Vaishna Kumar,S Harish Kumar,4,4,0,four,0,,,103/3
1439766,1,14,6,Baba Indrajith,Boopathi Vaishna Kumar,S Harish Kumar,0,0,0,no run,0,,,103/3
1439766,1,15,1,Boopathi Vaishna Kumar,Baba Indrajith,Sunny Sandhu,2,2,0,run,0,,,105/3
1439766,1,15,2,Boopathi Vaishna Kumar,Baba Indrajith,Sunny Sandhu,0,0,0,no run,0,,,105/3
1439766,1,15,3,Boopathi Vaishna Kumar,Baba Indrajith,Sunny Sandhu,1,1,0,run,0,,,106/3
1439766,1,15,4,Baba Indrajith,Boopathi Vaishna Kumar,Sunny Sandhu,6,6,0,six,0,,,112/3
1439766,1,15,5,Baba Indrajith,Boopathi Vaishna Kumar,Sunny Sandhu,2,2,0,run,0,,,114/3
1439766,1,15,6,Baba Indrajith,Boopathi Vaishna Kumar,Sunny Sandhu,0,0,0,no run,0,,,114/3
1439766,1,16,1,Boopathi Vaishna Kumar,Baba Indrajith,S Harish Kumar,1,1,0,run,0,,,115/3
1439766,1,16,2,Baba Indrajith,Boopathi Vaishna Kumar,S Harish Kumar,0,0,0,out,1,leg before wicket,Baba Indrajith,115/4
1439766,1,16,3,C Sarath Kumar,Boopathi Vaishna Kumar,S Harish Kumar,1,1,0,run,0,,,116/4
1439766,1,16,4,Boopathi Vaishna Kumar,C Sarath Kumar,S Harish Kumar,0,0,0,no run,0,,,116/4
1439766,1,16,5,Boopathi Vaishna Kumar,C Sarath Kumar,S Harish Kumar,1,1,0,run,0,,,117/4
1439766,1,16,6,C Sarath Kumar,Boopathi Vaishna Kumar,S Harish Kumar,0,0,0,no run,0,,,117/4
1439766,1,17,1,Boopathi Vaishna Kumar,C Sarath Kumar,Raju Aushik Srinivas,1,1,0,run,0,,,118/4
1439766,1,17,2,C Sarath Kumar,Boopathi Vaishna Kumar,Raju Aushik Srinivas,2,2,0,run,0,,,120/4
1439766,1,17,3,C Sarath Kumar,Boopathi Vaishna Kumar,Raju Aushik Srinivas,1,1,0,run,0,,,121/4
1439766,1,17,4,Boopathi Vaishna Kumar,C Sarath Kumar,Raju Aushik Srinivas,1,0,1,wide,0,,,122/4
1439766,1,17,5,Boopathi Vaishna Kumar,C Sarath Kumar,Raju Aushik Srinivas,1,1,0,run,0,,,123/4
1439766,1,17,6,C Sarath Kumar,Boopathi Vaishna Kumar,Raju Aushik Srinivas,1,1,0,run,0,,,124/4
1439766,1,17,7,Boopathi Vaishna Kumar,C Sarath Kumar,Raju Aushik Srinivas,1,0,1,wide,0,,,125/4
1439766,1,17,8,Boopathi Vaishna Kumar,C Sarath Kumar,Raju Aushik Srinivas,0,0,0,out,1,caught,Boopathi Vaishna Kumar,125/5
1439766,1,18,1,C Sarath Kumar,S Dinesh Raj,M Poiyamozhi,0,0,0,no run,0,,,125/5
1439766,1,18,2,C Sarath Kumar,S Dinesh Raj,M Poiyamozhi,0,0,0,out,1,caught,C Sarath Kumar,125/6
1439766,1,18,3,G Kishoor,S Dinesh Raj,M Poiyamozhi,1,1,0,run,0,,,126/6
1439766,1,18,4,S Dinesh Raj,G Kishoor,M Poiyamozhi,1,1,0,run,0,,,127/6
1439766,1,18,5,G Kishoor,S Dinesh Raj,M Poiyamozhi,1,1,0,run,0,,,128/6
1439766,1,18,6,S Dinesh Raj,G Kishoor,M Poiyamozhi,1,1,0,run,0,,,129/6
1439766,1,19,1,S Dinesh Raj,G Kishoor,Sunny Sandhu,1,1,0,run,0,,,130/6
1439766,1,19,2,G Kishoor,S Dinesh Raj,Sunny Sandhu,0,0,0,out,1,caught,G Kishoor,130/7
1439766,1,19,3,Varun Chakravarthy Vinod,S Dinesh Raj,Sunny Sandhu,0,0,0,no run,0,,,130/7
1439766,1,19,4,Varun Chakravarthy Vinod,S Dinesh Raj,Sunny Sandhu,1,1,0,run,0,,,131/7
1439766,1,19,5,S Dinesh Raj,Varun Chakravarthy Vinod,Sunny Sandhu,6,6,0,six,0,,,137/7
1439766,1,19,6,S Dinesh Raj,Varun Chakravarthy Vinod,Sunny Sandhu,0,0,0,out,1,run out,Varun Chakravarthy Vinod,137/8
1439766,1,20,1,S Dinesh Raj,VP Diran,M Poiyamozhi,6,6,0,six,0,,,143/8
1439766,1,20,2,S Dinesh Raj,VP Diran,M Poiyamozhi,1,1,0,run,0,,,144/8
1439766,1,20,3,VP Diran,S Dinesh Raj,M Poiyamozhi,1,1,0,run,0,,,145/8
1439766,1,20,4,S Dinesh Raj,VP Diran,M Poiyamozhi,0,0,0,no run,0,,,145/8
1439766,1,20,5,S Dinesh Raj,VP Diran,M Poiyamozhi,4,4,0,four,0,,,149/8
1439766,1,20,6,S Dinesh Raj,VP Diran,M Poiyamozhi,0,0,0,out,1,run out,S Dinesh Raj,149/9
1439766,2,1,1,S Abishiek,R Kavin,Sankarankutty Sandeep Warrier,1,1,0,run,0,,,1/0
1439766,2,1,2,R Kavin,S Abishiek,Sankarankutty Sandeep Warrier,0,0,0,no run,0,,,1/0
1439766,2,1,3,R Kavin,S Abishiek,Sankarankutty Sandeep Warrier,0,0,0,no run,0,,,1/0
1439766,2,1,4,R Kavin,S Abishiek,Sankarankutty Sandeep Warrier,4,4,0,four,0,,,5/0
1439766,2,1,5,R Kavin,S Abishiek,Sankarankutty Sandeep Warrier,4,4,0,four,0,,,9/0
1439766,2,1,6,R Kavin,S Abishiek,Sankarankutty Sandeep Warrier,0,0,0,no run,0,,,9/0
1439766,2,2,1,S Abishiek,R Kavin,P Vignesh,1,1,0,run,0,,,10/0
1439766,2,2,2,R Kavin,S Abishiek,P Vignesh,1,1,0,run,0,,,11/0
1439766,2,2,3,S Abishiek,R Kavin,P Vignesh,0,0,0,no run,0,,,11/0
1439766,2,2,4,S Abishiek,R Kavin,P Vignesh,4,4,0,four,0,,,15/0
1439766,2,2,5,S Abishiek,R Kavin,P Vignesh,1,0,1,wide,0,,,16/0
1439766,2,2,6,S Abishiek,R Kavin,P Vignesh,0,0,0,no run,0,,,16/0
1439766,2,2,7,S Abishiek,R Kavin,P Vignesh,0,0,0,no run,0,,,16/0
1439766,2,3,1,R Kavin,S Abishiek,Ravichandran Ashwin,2,2,0,run,0,,,18/0
1439766,2,3,2,R Kavin,S Abishiek,Ravichandran Ashwin,1,1,0,run,0,,,19/0
1439766,2,3,3,S Abishiek,R Kavin,Ravichandran Ashwin,0,0,0,no run,0,,,19/0
1439766,2,3,4,S Abishiek,R Kavin,Ravichandran Ashwin,0,0,0,no run,0,,,19/0
1439766,2,3,5,S Abishiek,R Kavin,Ravichandran Ashwin,1,1,0,run,0,,,20/0
1439766,2,3,6,R Kavin,S Abishiek,Ravichandran Ashwin,0,0,0,no run,0,,,20/0
1439766,2,4,1,S Abishiek,R Kavin,Varun Chakravarthy Vinod,1,1,0,run,0,,,21/0
1439766,2,4,2,R Kavin,S Abishiek,Varun Chakravarthy Vinod,0,0,0,no run,0,,,21/0
1439766,2,4,3,R Kavin,S Abishiek,Varun Chakravarthy Vinod,0,0,0,no run,0,,,21/0
1439766,2,4,4,R Kavin,S Abishiek,Varun Chakravarthy Vinod,4,4,0,four,0,,,25/0
1439766,2,4,5,R Kavin,S Abishiek,Varun Chakravarthy Vinod,0,0,0,no run,0,,,25/0
1439766,2,4,6,R Kavin,S Abishiek,Varun Chakravarthy Vinod,0,0,0,no run,0,,,25/0
1439766,2,5,1,S Abishiek,R Kavin,Ravichandran Ashwin,2,2,0,run,0,,,27/0
1439766,2,5,2,S Abishiek,R Kavin,Ravichandran Ashwin,0,0,0,no run,0,,,27/0
1439766,2,5,3,S Abishiek,R Kavin,Ravichandran Ashwin,1,1,0,run,0,,,28/0
1439766,2,5,4,R Kavin,S Abishiek,Ravichandran Ashwin,0,0,0,no run,0,,,28/0
1439766,2,5,5,R Kavin,S Abishiek,Ravichandran Ashwin,0,0,0,no run,0,,,28/0
1439766,2,5,6,R Kavin,S Abishiek,Ravichandran Ashwin,1,1,0,run,0,,,29/0
1439766,2,6,1,R Kavin,S Abishiek,VP Diran,1,1,0,run,0,,,30/0
1439766,2,6,2,S Abishiek,R Kavin,VP Diran,1,1,0,run,0,,,31/0
1439766,2,6,3,R Kavin,S Abishiek,VP Diran,1,1,0,run,0,,,32/0
1439766,2,6,4,S Abishiek,R Kavin,VP Diran,0,0,0,no run,0,,,32/0
1439766,2,6,5,S Abishiek,R Kavin,VP Diran,4,4,0,four,0,,,36/0
1439766,2,6,6,S Abishiek,R Kavin,VP Diran,1,1,0,run,0,,,37/0
1439766,2,7,1,S Abishiek,R Kavin,P Vignesh,6,6,0,six,0,,,43/0
1439766,2,7,2,S Abishiek,R Kavin,P Vignesh,1,1,0,run,0,,,44/0
1439766,2,7,3,R Kavin,S Abishiek,P Vignesh,0,0,0,no run,0,,,44/0
1439766,2,7,4,R Kavin,S Abishiek,P Vignesh,1,1,0,run,0,,,45/0
1439766,2,7,5,S Abishiek,R Kavin,P Vignesh,0,0,0,no run,0,,,45/0
1439766,2,7,6,S Abishiek,R Kavin,P Vignesh,0,0,0,no run,0,,,45/0
1439766,2,8,1,R Kavin,S Abishiek,G Kishoor,4,4,0,four,0,,,49/0
1439766,2,8,2,R Kavin,S Abishiek,G Kishoor,1,1,0,run,0,,,50/0
1439766,2,8,3,S Abishiek,R Kavin,G Kishoor,1,1,0,run,0,,,51/0
1439766,2,8,4,R Kavin,S Abishiek,G Kishoor,4,4,0,four,0,,,55/0
1439766,2,8,5,R Kavin,S Abishiek,G Kishoor,1,1,0,run,0,,,56/0
1439766,2,8,6,S Abishiek,R Kavin,G Kishoor,1,1,0,run,0,,,57/0
1439766,2,9,1,S Abishiek,R Kavin,Varun Chakravarthy Vinod,2,2,0,run,0,,,59/0
1439766,2,9,2,S Abishiek,R Kavin,Varun Chakravarthy Vinod,0,0,0,no run,0,,,59/0
1439766,2,9,3,S Abishiek,R Kavin,Varun Chakravarthy Vinod,0,0,0,out,1,caught,S Abishiek,59/1
1439766,2,9,4,Rajendran Vivek,R Kavin,Varun Chakravarthy Vinod,0,0,0,no run,0,,,59/1
1439766,2,9,5,Rajendran Vivek,R Kavin,Varun Chakravarthy Vinod,1,1,0,run,0,,,60/1
1439766,2,9,6,R Kavin,Rajendran Vivek,Varun Chakravarthy Vinod,1,1,0,run,0,,,61/1
1439766,2,10,1,R Kavin,Rajendran Vivek,Sankarankutty Sandeep Warrier,1,1,0,run,0,,,62/1
1439766,2,10,2,Rajendran Vivek,R Kavin,Sankarankutty Sandeep Warrier,0,0,0,no run,0,,,62/1
1439766,2,10,3,Rajendran Vivek,R Kavin,Sankarankutty Sandeep Warrier,0,0,0,no run,0,,,62/1
1439766,2,10,4,Rajendran Vivek,R Kavin,Sankarankutty Sandeep Warrier,0,0,0,no run,0,,,62/1
1439766,2,10,5,Rajendran Vivek,R Kavin,Sankarankutty Sandeep Warrier,1,0,1,leg bye,0,,,63/1
1439766,2,10,6,R Kavin,Rajendran Vivek,Sankarankutty Sandeep Warrier,1,1,0,run,0,,,64/1
1439766,2,11,1,R Kavin,Rajendran Vivek,VP Diran,1,1,0,run,0,,,65/1
1439766,2,11,2,Rajendran Vivek,R Kavin,VP Diran,6,6,0,six,0,,,71/1
1439766,2,11,3,Rajendran Vivek,R Kavin,VP Diran,4,4,0,four,0,,,75/1
1439766,2,11,4,Rajendran Vivek,R Kavin,VP Diran,6,6,0,six,0,,,81/1
1439766,2,11,5,Rajendran Vivek,R Kavin,VP Diran,0,0,0,no run,0,,,81/1
1439766,2,11,6,Rajendran Vivek,R Kavin,VP Diran,4,4,0,four,0,,,85/1
1439766,2,12,1,R Kavin,Rajendran Vivek,Sankarankutty Sandeep Warrier,0,0,0,no run,0,,,85/1
1439766,2,12,2,R Kavin,Rajendran Vivek,Sankarankutty Sandeep Warrier,4,4,0,four,0,,,89/1
1439766,2,12,3,R Kavin,Rajendran Vivek,Sankarankutty Sandeep Warrier,4,4,0,four,0,,,93/1
1439766,2,12,4,R Kavin,Rajendran Vivek,Sankarankutty Sandeep Warrier,4,4,0,four,0,,,97/1
1439766,2,12,5,R Kavin,Rajendran Vivek,Sankarankutty Sandeep Warrier,0,0,0,out,1,caught,R Kavin,97/2
1439766,2,12,6,K Vishal Vaidhya,Rajendran Vivek,Sankarankutty Sandeep Warrier,0,0,0,no run,0,,,97/2
1439766,2,13,1,Rajendran Vivek,K Vishal Vaidhya,Varun Chakravarthy Vinod,1,1,0,run,0,,,98/2
1439766,2,13,2,K Vishal Vaidhya,Rajendran Vivek,Varun Chakravarthy Vinod,0,0,0,no run,0,,,98/2
1439766,2,13,3,K Vishal Vaidhya,Rajendran Vivek,Varun Chakravarthy Vinod,1,1,0,run,0,,,99/2
1439766,2,13,4,Rajendran Vivek,K Vishal Vaidhya,Varun Chakravarthy Vinod,4,4,0,four,0,,,103/2
1439766,2,13,5,Rajendran Vivek,K Vishal Vaidhya,Varun Chakravarthy Vinod,0,0,0,no run,0,,,103/2
1439766,2,13,6,Rajendran Vivek,K Vishal Vaidhya,Varun Chakravarthy Vinod,4,4,0,four,0,,,107/2
1439766,2,14,1,K Vishal Vaidhya,Rajendran Vivek,Ravichandran Ashwin,1,1,0,run,0,,,108/2
1439766,2,14,2,Rajendran Vivek,K Vishal Vaidhya,Ravichandran Ashwin,1,1,0,run,0,,,109/2
1439766,2,14,3,K Vishal Vaidhya,Rajendran Vivek,Ravichandran Ashwin,0,0,0,no run,0,,,109/2
1439766,2,14,4,K Vishal Vaidhya,Rajendran Vivek,Ravichandran Ashwin,0,0,0,no run,0,,,109/2
1439766,2,14,5,K Vishal Vaidhya,Rajendran Vivek,Ravichandran Ashwin,0,0,0,no run,0,,,109/2
1439766,2,14,6,K Vishal Vaidhya,Rajendran Vivek,Ravichandran Ashwin,0,0,0,no run,0,,,109/2
1439766,2,15,1,Rajendran Vivek,K Vishal Vaidhya,Sankarankutty Sandeep Warrier,0,0,0,no run,0,,,109/2
1439766,2,15,2,Rajendran Vivek,K Vishal Vaidhya,Sankarankutty Sandeep Warrier,2,2,0,run,0,,,111/2
1439766,2,15,3,Rajendran Vivek,K Vishal Vaidhya,Sankarankutty Sandeep Warrier,1,1,0,run,0,,,112/2
1439766,2,15,4,K Vishal Vaidhya,Rajendran Vivek,Sankarankutty Sandeep Warrier,0,0,0,no run,0,,,112/2
1439766,2,15,5,K Vishal Vaidhya,Rajendran Vivek,Sankarankutty Sandeep Warrier,0,0,0,no run,0,,,112/2
1439766,2,15,6,K Vishal Vaidhya,Rajendran Vivek,Sankarankutty Sandeep Warrier,4,4,0,four,0,,,116/2
1439766,2,16,1,Rajendran Vivek,K Vishal Vaidhya,Varun Chakravarthy Vinod,0,0,0,no run,0,,,116/2
1439766,2,16,2,Rajendran Vivek,K Vishal Vaidhya,Varun Chakravarthy Vinod,1,1,0,run,0,,,117/2
1439766,2,16,3,K Vishal Vaidhya,Rajendran Vivek,Varun Chakravarthy Vinod,4,4,0,four,0,,,121/2
1439766,2,16,4,K Vishal Vaidhya,Rajendran Vivek,Varun Chakravarthy Vinod,2,2,0,run,0,,,123/2
1439766,2,16,5,K Vishal Vaidhya,Rajendran Vivek,Varun Chakravarthy Vinod,0,0,0,no run,0,,,123/2
1439766,2,16,6,K Vishal Vaidhya,Rajendran Vivek,Varun Chakravarthy Vinod,1,1,0,run,0,,,124/2
1439766,2,17,1,K Vishal Vaidhya,Rajendran Vivek,Ravichandran Ashwin,1,1,0,run,0,,,125/2
1439766,2,17,2,Rajendran Vivek,K Vishal Vaidhya,Ravichandran Ashwin,1,0,1,wide,0,,,126/2
1439766,2,17,3,Rajendran Vivek,K Vishal Vaidhya,Ravichandran Ashwin,1,0,1,wide,0,,,127/2
1439766,2,17,4,Rajendran Vivek,K Vishal Vaidhya,Ravichandran Ashwin,1,1,0,run,0,,,128/2
1439766,2,17,5,K Vishal Vaidhya,Rajendran Vivek,Ravichandran Ashwin,1,1,0,run,0,,,129/2
1439766,2,17,6,Rajendran Vivek,K Vishal Vaidhya,Ravichandran Ashwin,6,6,0,six,0,,,135/2
1439766,2,17,7,Rajendran Vivek,K Vishal Vaidhya,Ravichandran Ashwin,2,2,0,run,0,,,137/2
1439766,2,17,8,Rajendran Vivek,K Vishal Vaidhya,Ravichandran Ashwin,1,1,0,run,0,,,138/2
1439766,2,18,1,Rajendran Vivek,K Vishal Vaidhya,P Vignesh,1,1,0,run,0,,,139/2
1439766,2,18,2,K Vishal Vaidhya,Rajendran Vivek,P Vignesh,1,0,1,wide,0,,,140/2
1439766,2,18,3,K Vishal Vaidhya,Rajendran Vivek,P Vignesh,0,0,0,out,1,caught,K Vishal Vaidhya,140/3
1439766,2,18,4,Muhammed Adnan Khan,Rajendran Vivek,P Vignesh,4,4,0,four,0,,,144/3
1439766,2,18,5,Muhammed Adnan Khan,Rajendran Vivek,P Vignesh,0,0,0,no run,0,,,144/3
1439766,2,18,6,Muhammed Adnan Khan,Rajendran Vivek,P Vignesh,1,1,0,run,0,,,145/3
1439766,2,18,7,Rajendran Vivek,Muhammed Adnan Khan,P Vignesh,1,1,0,run,0,,,146/3
1439766,2,19,1,Rajendran Vivek,Muhammed Adnan Khan,VP Diran,4,4,0,four,0,,,150/3
1439767,1,1,1,Arjun P Murthy,Waseem Ahmed,Gurjapneet Singh,0,0,0,no run,0,,,0/0
1439767,1,1,2,Arjun P Murthy,Waseem Ahmed,Gurjapneet Singh,0,0,0,no run,0,,,0/0
1439767,1,1,3,Arjun P Murthy,Waseem Ahmed,Gurjapneet Singh,1,0,1,wide,0,,,1/0
1439767,1,1,4,Arjun P Murthy,Waseem Ahmed,Gurjapneet Singh,0,0,0,no run,0,,,1/0
1439767,1,1,5,Arjun P Murthy,Waseem Ahmed,Gurjapneet Singh,1,1,0,run,0,,,2/0
1439767,1,1,6,Waseem Ahmed,Arjun P Murthy,Gurjapneet Singh,1,1,0,run,0,,,3/0
1439767,1,1,7,Arjun P Murthy,Waseem Ahmed,Gurjapneet Singh,0,0,0,out,1,caught,Arjun P Murthy,3/1
1439767,1,2,1,Waseem Ahmed,S Shyam Sundar,L Kiran Akash,1,1,0,run,0,,,4/1
1439767,1,2,2,S Shyam Sundar,Waseem Ahmed,L Kiran Akash,0,0,0,no run,0,,,4/1
1439767,1,2,3,S Shyam Sundar,Waseem Ahmed,L Kiran Akash,0,0,0,no run,0,,,4/1
1439767,1,2,4,S Shyam Sundar,Waseem Ahmed,L Kiran Akash,0,0,0,no run,0,,,4/1
1439767,1,2,5,S Shyam Sundar,Waseem Ahmed,L Kiran Akash,4,4,0,four,0,,,8/1
1439767,1,2,6,S Shyam Sundar,Waseem Ahmed,L Kiran Akash,0,0,0,no run,0,,,8/1
1439767,1,3,1,Waseem Ahmed,S Shyam Sundar,Gurjapneet Singh,0,0,0,no run,0,,,8/1
1439767,1,3,2,Waseem Ahmed,S Shyam Sundar,Gurjapneet Singh,0,0,0,no run,0,,,8/1
1439767,1,3,3,Waseem Ahmed,S Shyam Sundar,Gurjapneet Singh,0,0,0,no run,0,,,8/1
1439767,1,3,4,Waseem Ahmed,S Shyam Sundar,Gurjapneet Singh,0,0,0,no run,0,,,8/1
1439767,1,3,5,Waseem Ahmed,S Shyam Sundar,Gurjapneet Singh,0,0,0,no run,0,,,8/1
1439767,1,3,6,Waseem Ahmed,S Shyam Sundar,Gurjapneet Singh,1,1,0,run,0,,,9/1
1439767,1,4,1,Waseem Ahmed,S Shyam Sundar,Ramadoss Alexander,4,4,0,four,0,,,13/1
1439767,1,4,2,Waseem Ahmed,S Shyam Sundar,Ramadoss Alexander,1,1,0,run,0,,,14/1
1439767,1,4,3,S Shyam Sundar,Waseem Ahmed,Ramadoss Alexander,4,4,0,four,0,,,18/1
1439767,1,4,4,S Shyam Sundar,Waseem Ahmed,Ramadoss Alexander,1,1,0,run,0,,,19/1
1439767,1,4,5,Waseem Ahmed,S Shyam Sundar,Ramadoss Alexander,1,1,0,run,0,,,20/1
1439767,1,4,6,S Shyam Sundar,Waseem Ahmed,Ramadoss Alexander,0,0,0,no run,0,,,20/1
1439767,1,5,1,Waseem Ahmed,S Shyam Sundar,Swapnil Singh,1,1,0,run,0,,,21/1
1439767,1,5,2,S Shyam Sundar,Waseem Ahmed,Swapnil Singh,1,1,0,run,0,,,22/1
1439767,1,5,3,Waseem Ahmed,S Shyam Sundar,Swapnil Singh,1,1,0,run,0,,,23/1
1439767,1,5,4,S Shyam Sundar,Waseem Ahmed,Swapnil Singh,0,0,0,no run,0,,,23/1
1439767,1,5,5,S Shyam Sundar,Waseem Ahmed,Swapnil Singh,0,0,0,no run,0,,,23/1
1439767,1,5,6,S Shyam Sundar,Waseem Ahmed,Swapnil Singh,1,0,1,wide,0,,,24/1
1439767,1,5,7,S Shyam Sundar,Waseem Ahmed,Swapnil Singh,1,1,0,run,0,,,25/1
1439767,1,6,1,S Shyam Sundar,Waseem Ahmed,L Kiran Akash,1,1,0,run,0,,,26/1
1439767,1,6,2,Waseem Ahmed,S Shyam Sundar,L Kiran Akash,6,6,0,six,0,,,32/1
1439767,1,6,3,Waseem Ahmed,S Shyam Sundar,L Kiran Akash,0,0,0,no run,0,,,32/1
1439767,1,6,4,Waseem Ahmed,S Shyam Sundar,L Kiran Akash,0,0,0,no run,0,,,32/1
1439767,1,6,5,Waseem Ahmed,S Shyam Sundar,L Kiran Akash,1,1,0,run,0,,,33/1
1439767,1,6,6,S Shyam Sundar,Waseem Ahmed,L Kiran Akash,1,1,0,run,0,,,34/1
1439767,1,7,1,S Shyam Sundar,Waseem Ahmed,Swapnil Singh,0,0,0,no run,0,,,34/1
1439767,1,7,2,S Shyam Sundar,Waseem Ahmed,Swapnil Singh,1,1,0,run,0,,,35/1
1439767,1,7,3,Waseem Ahmed,S Shyam Sundar,Swapnil Singh,1,1,0,run,0,,,36/1
1439767,1,7,4,S Shyam Sundar,Waseem Ahmed,Swapnil Singh,1,1,0,run,0,,,37/1
1439767,1,7,5,Waseem Ahmed,S Shyam Sundar,Swapnil Singh,1,1,0,run,0,,,38/1
1439767,1,7,6,S Shyam Sundar,Waseem Ahmed,Swapnil Singh,1,1,0,run,0,,,39/1
1439767,1,8,1,S Shyam Sundar,Waseem Ahmed,Chezhian Nishaanth,1,1,0,run,0,,,40/1
1439767,1,8,2,Waseem Ahmed,S Shyam Sundar,Chezhian Nishaanth,1,1,0,run,0,,,41/1
1439767,1,8,3,S Shyam Sundar,Waseem Ahmed,Chezhian Nishaanth,1,1,0,run,0,,,42/1
1439767,1,8,4,Waseem Ahmed,S Shyam Sundar,Chezhian Nishaanth,6,6,0,six,0,,,48/1
1439767,1,8,5,Waseem Ahmed,S Shyam Sundar,Chezhian Nishaanth,1,1,0,run,0,,,49/1
1439767,1,8,6,S Shyam Sundar,Waseem Ahmed,Chezhian Nishaanth,0,0,0,no run,0,,,49/1
1439767,1,9,1,Waseem Ahmed,S Shyam Sundar,Murugan Ashwin,1,1,0,run,0,,,50/1
1439767,1,9,2,S Shyam Sundar,Waseem Ahmed,Murugan Ashwin,2,2,0,run,0,,,52/1
1439767,1,9,3,S Shyam Sundar,Waseem Ahmed,Murugan Ashwin,2,2,0,run,0,,,54/1
1439767,1,9,4,S Shyam Sundar,Waseem Ahmed,Murugan Ashwin,0,0,0,no run,0,,,54/1
1439767,1,9,5,S Shyam Sundar,Waseem Ahmed,Murugan Ashwin,1,1,0,run,0,,,55/1
1439767,1,9,6,Waseem Ahmed,S Shyam Sundar,Murugan Ashwin,4,4,0,four,0,,,59/1
1439767,1,10,1,S Shyam Sundar,Waseem Ahmed,Ramadoss Alexander,6,6,0,six,0,,,65/1
1439767,1,10,2,S Shyam Sundar,Waseem Ahmed,Ramadoss Alexander,1,1,0,run,0,,,66/1
1439767,1,10,3,Waseem Ahmed,S Shyam Sundar,Ramadoss Alexander,1,1,0,run,0,,,67/1
1439767,1,10,4,S Shyam Sundar,Waseem Ahmed,Ramadoss Alexander,0,0,0,out,1,caught,S Shyam Sundar,67/2
1439767,1,10,5,Ramsingh  Sanjay Yadav,Waseem Ahmed,Ramadoss Alexander,1,1,0,run,0,,,68/2
1439767,1,10,6,Waseem Ahmed,Ramsingh  Sanjay Yadav,Ramadoss Alexander,1,1,0,run,0,,,69/2
1439767,1,11,1,Waseem Ahmed,Ramsingh  Sanjay Yadav,Swapnil Singh,0,0,0,no run,0,,,69/2
1439767,1,11,2,Waseem Ahmed,Ramsingh  Sanjay Yadav,Swapnil Singh,4,4,0,four,0,,,73/2
1439767,1,11,3,Waseem Ahmed,Ramsingh  Sanjay Yadav,Swapnil Singh,4,4,0,four,0,,,77/2
1439767,1,11,4,Waseem Ahmed,Ramsingh  Sanjay Yadav,Swapnil Singh,1,1,0,run,0,,,78/2
1439767,1,11,5,Ramsingh  Sanjay Yadav,Waseem Ahmed,Swapnil Singh,1,0,1,wide,0,,,79/2
1439767,1,11,6,Ramsingh  Sanjay Yadav,Waseem Ahmed,Swapnil Singh,0,0,0,no run,0,,,79/2
1439767,1,11,7,Ramsingh  Sanjay Yadav,Waseem Ahmed,Swapnil Singh,0,0,0,no run,0,,,79/2
1439767,1,12,1,Waseem Ahmed,Ramsingh  Sanjay Yadav,Murugan Ashwin,6,6,0,six,0,,,85/2
1439767,1,12,2,Waseem Ahmed,Ramsingh  Sanjay Yadav,Murugan Ashwin,0,0,0,no run,0,,,85/2
1439767,1,12,3,Waseem Ahmed,Ramsingh  Sanjay Yadav,Murugan Ashwin,1,1,0,run,0,,,86/2
1439767,1,12,4,Ramsingh  Sanjay Yadav,Waseem Ahmed,Murugan Ashwin,1,1,0,run,0,,,87/2
1439767,1,12,5,Waseem Ahmed,Ramsingh  Sanjay Yadav,Murugan Ashwin,1,1,0,run,0,,,88/2
1439767,1,12,6,Ramsingh  Sanjay Yadav,Waseem Ahmed,Murugan Ashwin,1,1,0,run,0,,,89/2
1439767,1,13,1,Ramsingh  Sanjay Yadav,Waseem Ahmed,P Saravanan,1,1,0,run,0,,,90/2
1439767,1,13,2,Waseem Ahmed,Ramsingh  Sanjay Yadav,P Saravanan,6,6,0,six,0,,,96/2
1439767,1,13,3,Waseem Ahmed,Ramsingh  Sanjay Yadav,P Saravanan,1,1,0,run,0,,,97/2
1439767,1,13,4,Ramsingh  Sanjay Yadav,Waseem Ahmed,P Saravanan,1,0,1,wide,0,,,98/2
1439767,1,13,5,Ramsingh  Sanjay Yadav,Waseem Ahmed,P Saravanan,6,6,0,six,0,,,104/2
1439767,1,13,6,Ramsingh  Sanjay Yadav,Waseem Ahmed,P Saravanan,4,4,0,four,0,,,108/2
1439767,1,13,7,Ramsingh  Sanjay Yadav,Waseem Ahmed,P Saravanan,2,2,0,run,0,,,110/2
1439767,1,14,1,Waseem Ahmed,Ramsingh  Sanjay Yadav,Murugan Ashwin,1,1,0,run,0,,,111/2
1439767,1,14,2,Ramsingh  Sanjay Yadav,Waseem Ahmed,Murugan Ashwin,1,1,0,run,0,,,112/2
1439767,1,14,3,Waseem Ahmed,Ramsingh  Sanjay Yadav,Murugan Ashwin,0,0,0,no run,0,,,112/2
1439767,1,14,4,Waseem Ahmed,Ramsingh  Sanjay Yadav,Murugan Ashwin,1,0,1,wide,0,,,113/2
1439767,1,14,5,Waseem Ahmed,Ramsingh  Sanjay Yadav,Murugan Ashwin,1,1,0,run,0,,,114/2
1439767,1,14,6,Ramsingh  Sanjay Yadav,Waseem Ahmed,Murugan Ashwin,0,0,0,no run,0,,,114/2
1439767,1,14,7,Ramsingh  Sanjay Yadav,Waseem Ahmed,Murugan Ashwin,4,4,0,four,0,,,118/2
1439767,1,15,1,Waseem Ahmed,Ramsingh  Sanjay Yadav,Jagatheesan Kousik,1,1,0,run,0,,,119/2
1439767,1,15,2,Ramsingh  Sanjay Yadav,Waseem Ahmed,Jagatheesan Kousik,0,0,0,no run,0,,,119/2
1439767,1,15,3,Ramsingh  Sanjay Yadav,Waseem Ahmed,Jagatheesan Kousik,1,1,0,run,0,,,120/2
1439767,1,15,4,Waseem Ahmed,Ramsingh  Sanjay Yadav,Jagatheesan Kousik,1,1,0,run,0,,,121/2
1439767,1,15,5,Ramsingh  Sanjay Yadav,Waseem Ahmed,Jagatheesan Kousik,1,1,0,run,0,,,122/2
1439767,1,15,6,Waseem Ahmed,Ramsingh  Sanjay Yadav,Jagatheesan Kousik,1,0,1,wide,0,,,123/2
1439767,1,15,7,Waseem Ahmed,Ramsingh  Sanjay Yadav,Jagatheesan Kousik,4,4,0,four,0,,,127/2
1439767,1,16,1,Ramsingh  Sanjay Yadav,Waseem Ahmed,L Kiran Akash,1,1,0,run,0,,,128/2
1439767,1,16,2,Waseem Ahmed,Ramsingh  Sanjay Yadav,L Kiran Akash,4,4,0,four,0,,,132/2
1439767,1,16,3,Waseem Ahmed,Ramsingh  Sanjay Yadav,L Kiran Akash,0,0,0,no run,0,,,132/2
1439767,1,16,4,Waseem Ahmed,Ramsingh  Sanjay Yadav,L Kiran Akash,1,1,0,run,0,,,133/2
1439767,1,16,5,Ramsingh  Sanjay Yadav,Waseem Ahmed,L Kiran Akash,1,1,0,run,0,,,134/2
1439767,1,16,6,Waseem Ahmed,Ramsingh  Sanjay Yadav,L Kiran Akash,6,6,0,six,0,,,140/2
1439767,1,17,1,Ramsingh  Sanjay Yadav,Waseem Ahmed,Murugan Ashwin,4,4,0,four,0,,,144/2
1439767,1,17,2,Ramsingh  Sanjay Yadav,Waseem Ahmed,Murugan Ashwin,1,1,0,run,0,,,145/2
1439767,1,17,3,Waseem Ahmed,Ramsingh  Sanjay Yadav,Murugan Ashwin,1,0,1,wide,0,,,146/2
1439767,1,17,4,Waseem Ahmed,Ramsingh  Sanjay Yadav,Murugan Ashwin,1,1,0,run,0,,,147/2
1439767,1,17,5,Ramsingh  Sanjay Yadav,Waseem Ahmed,Murugan Ashwin,1,1,0,run,0,,,148/2
1439767,1,17,6,Waseem Ahmed,Ramsingh  Sanjay Yadav,Murugan Ashwin,1,1,0,run,0,,,149/2
1439767,1,17,7,Ramsingh  Sanjay Yadav,Waseem Ahmed,Murugan Ashwin,1,1,0,run,0,,,150/2
1439767,1,18,1,Ramsingh  Sanjay Yadav,Waseem Ahmed,Gurjapneet Singh,0,0,0,no run,0,,,150/2
1439767,1,18,2,Ramsingh  Sanjay Yadav,Waseem Ahmed,Gurjapneet Singh,1,0,1,wide,0,,,151/2
1439767,1,18,3,Ramsingh  Sanjay Yadav,Waseem Ahmed,Gurjapneet Singh,2,2,0,run,0,,,153/2
1439767,1,18,4,Ramsingh  Sanjay Yadav,Waseem Ahmed,Gurjapneet Singh,1,0,1,wide,0,,,154/2
1439767,1,18,5,Ramsingh  Sanjay Yadav,Waseem Ahmed,Gurjapneet Singh,1,1,0,run,0,,,155/2
1439767,1,18,6,Waseem Ahmed,Ramsingh  Sanjay Yadav,Gurjapneet Singh,4,4,0,four,0,,,159/2
1439767,1,18,7,Waseem Ahmed,Ramsingh  Sanjay Yadav,Gurjapneet Singh,0,0,0,no run,0,,,159/2
1439767,1,18,8,Waseem Ahmed,Ramsingh  Sanjay Yadav,Gurjapneet Singh,2,2,0,run,0,,,161/2
1439767,1,19,1,Ramsingh  Sanjay Yadav,Waseem Ahmed,L Kiran Akash,1,1,0,run,0,,,162/2
1439767,1,19,2,Waseem Ahmed,Ramsingh  Sanjay Yadav,L Kiran Akash,1,1,0,run,0,,,163/2
1439767,1,19,3,Ramsingh  Sanjay Yadav,Waseem Ahmed,L Kiran Akash,6,6,0,six,0,,,169/2
1439767,1,19,4,Ramsingh  Sanjay Yadav,Waseem Ahmed,L Kiran Akash,1,1,0,run,0,,,170/2
1439767,1,19,5,Waseem Ahmed,Ramsingh  Sanjay Yadav,L Kiran Akash,1,0,1,wide,0,,,171/2
1439767,1,19,6,Waseem Ahmed,Ramsingh  Sanjay Yadav,L Kiran Akash,1,0,1,wide,0,,,172/2
1439767,1,19,7,Waseem Ahmed,Ramsingh  Sanjay Yadav,L Kiran Akash,1,1,0,run,0,,,173/2
1439767,1,19,8,Ramsingh  Sanjay Yadav,Waseem Ahmed,L Kiran Akash,6,6,0,six,0,,,179/2
1439767,1,20,1,Waseem Ahmed,Ramsingh  Sanjay Yadav,Gurjapneet Singh,1,1,0,run,0,,,180/2
1439767,1,20,2,Ramsingh  Sanjay Yadav,Waseem Ahmed,Gurjapneet Singh,1,1,0,run,0,,,181/2
1439767,1,20,3,Waseem Ahmed,Ramsingh  Sanjay Yadav,Gurjapneet Singh,1,1,0,run,0,,,182/2
1439767,1,20,4,Ramsingh  Sanjay Yadav,Waseem Ahmed,Gurjapneet Singh,0,0,0,no run,0,,,182/2
1439767,1,20,5,Ramsingh  Sanjay Yadav,Waseem Ahmed,Gurjapneet Singh,7,6,1,six,0,,,189/2
1439767,1,20,6,Ramsingh  Sanjay Yadav,Waseem Ahmed,Gurjapneet Singh,2,2,0,run,0,,,191/2
1439767,1,20,7,Ramsingh  Sanjay Yadav,Waseem Ahmed,Gurjapneet Singh,2,2,0,run,0,,,193/2
1439767,2,1,1,Suresh Lokeshwar,Chezhian Nishaanth,K Easwaran,1,1,0,run,0,,,1/0
1439767,2,1,2,Chezhian Nishaanth,Suresh Lokeshwar,K Easwaran,4,4,0,four,0,,,5/0
1439767,2,1,3,Chezhian Nishaanth,Suresh Lokeshwar,K Easwaran,1,1,0,run,0,,,6/0
1439767,2,1,4,Suresh Lokeshwar,Chezhian Nishaanth,K Easwaran,2,2,0,run,0,,,8/0
1439767,2,1,5,Suresh Lokeshwar,Chezhian Nishaanth,K Easwaran,0,0,0,no run,0,,,8/0
1439767,2,1,6,Suresh Lokeshwar,Chezhian Nishaanth,K Easwaran,4,4,0,four,0,,,12/0
1439767,2,2,1,Chezhian Nishaanth,Suresh Lokeshwar,P Saravana Kumar,4,4,0,four,0,,,16/0
1439767,2,2,2,Chezhian Nishaanth,Suresh Lokeshwar,P Saravana Kumar,3,3,0,run,0,,,19/0
1439767,2,2,3,Suresh Lokeshwar,Chezhian Nishaanth,P Saravana Kumar,0,0,0,out,1,caught,Suresh Lokeshwar,19/1
1439767,2,2,4,Jagatheesan Kousik,Chezhian Nishaanth,P Saravana Kumar,1,1,0,run,0,,,20/1
1439767,2,2,5,Chezhian Nishaanth,Jagatheesan Kousik,P Saravana Kumar,4,4,0,four,0,,,24/1
1439767,2,2,6,Chezhian Nishaanth,Jagatheesan Kousik,P Saravana Kumar,1,1,0,run,0,,,25/1
1439767,2,3,1,Chezhian Nishaanth,Jagatheesan Kousik,V Athisayaraj Davidson,1,1,0,run,0,,,26/1
1439767,2,3,2,Jagatheesan Kousik,Chezhian Nishaanth,V Athisayaraj Davidson,0,0,0,no run,0,,,26/1
1439767,2,3,3,Jagatheesan Kousik,Chezhian Nishaanth,V Athisayaraj Davidson,0,0,0,out,1,caught,Jagatheesan Kousik,26/2
1439767,2,3,4,N Sarangarajan Chaturved,Chezhian Nishaanth,V Athisayaraj Davidson,1,1,0,run,0,,,27/2
1439767,2,3,5,Chezhian Nishaanth,N Sarangarajan Chaturved,V Athisayaraj Davidson,0,0,0,no run,0,,,27/2
1439767,2,3,6,Chezhian Nishaanth,N Sarangarajan Chaturved,V Athisayaraj Davidson,4,4,0,four,0,,,31/2
1439767,2,4,1,N Sarangarajan Chaturved,Chezhian Nishaanth,P Saravana Kumar,0,0,0,no run,0,,,31/2
1439767,2,4,2,N Sarangarajan Chaturved,Chezhian Nishaanth,P Saravana Kumar,2,2,0,run,0,,,33/2
1439767,2,4,3,N Sarangarajan Chaturved,Chezhian Nishaanth,P Saravana Kumar,4,4,0,four,0,,,37/2
1439767,2,4,4,N Sarangarajan Chaturved,Chezhian Nishaanth,P Saravana Kumar,0,0,0,no run,0,,,37/2
1439767,2,4,5,N Sarangarajan Chaturved,Chezhian Nishaanth,P Saravana Kumar,0,0,0,no run,0,,,37/2
1439767,2,4,6,N Sarangarajan Chaturved,Chezhian Nishaanth,P Saravana Kumar,4,0,4,leg bye,0,,,41/2
1439767,2,5,1,Chezhian Nishaanth,N Sarangarajan Chaturved,V Athisayaraj Davidson,4,4,0,four,0,,,45/2
1439767,2,5,2,Chezhian Nishaanth,N Sarangarajan Chaturved,V Athisayaraj Davidson,4,0,4,bye,0,,,49/2
1439767,2,5,3,Chezhian Nishaanth,N Sarangarajan Chaturved,V Athisayaraj Davidson,1,1,0,run,0,,,50/2
1439767,2,5,4,N Sarangarajan Chaturved,Chezhian Nishaanth,V Athisayaraj Davidson,0,0,0,no run,0,,,50/2
1439767,2,5,5,N Sarangarajan Chaturved,Chezhian Nishaanth,V Athisayaraj Davidson,0,0,0,no run,0,,,50/2
1439767,2,5,6,N Sarangarajan Chaturved,Chezhian Nishaanth,V Athisayaraj Davidson,0,0,0,out,1,caught,N Sarangarajan Chaturved,50/3
1439767,2,6,1,Chezhian Nishaanth,M Akram Khan,Ramsingh  Sanjay Yadav,1,1,0,run,0,,,51/3
1439767,2,6,2,M Akram Khan,Chezhian Nishaanth,Ramsingh  Sanjay Yadav,0,0,0,no run,0,,,51/3
1439767,2,6,3,M Akram Khan,Chezhian Nishaanth,Ramsingh  Sanjay Yadav,0,0,0,no run,0,,,51/3
1439767,2,6,4,M Akram Khan,Chezhian Nishaanth,Ramsingh  Sanjay Yadav,6,6,0,six,0,,,57/3
1439767,2,6,5,M Akram Khan,Chezhian Nishaanth,Ramsingh  Sanjay Yadav,0,0,0,no run,0,,,57/3
1439767,2,6,6,M Akram Khan,Chezhian Nishaanth,Ramsingh  Sanjay Yadav,0,0,0,no run,0,,,57/3
1439767,2,7,1,Chezhian Nishaanth,M Akram Khan,Kannan Vignesh,1,1,0,run,0,,,58/3
1439767,2,7,2,M Akram Khan,Chezhian Nishaanth,Kannan Vignesh,0,0,0,no run,0,,,58/3
1439767,2,7,3,M Akram Khan,Chezhian Nishaanth,Kannan Vignesh,1,1,0,run,0,,,59/3
1439767,2,7,4,Chezhian Nishaanth,M Akram Khan,Kannan Vignesh,6,6,0,six,0,,,65/3
1439767,2,7,5,Chezhian Nishaanth,M Akram Khan,Kannan Vignesh,1,1,0,run,0,,,66/3
1439767,2,7,6,M Akram Khan,Chezhian Nishaanth,Kannan Vignesh,1,1,0,run,0,,,67/3
1439767,2,8,1,M Akram Khan,Chezhian Nishaanth,Ramsingh  Sanjay Yadav,0,0,0,no run,0,,,67/3
1439767,2,8,2,M Akram Khan,Chezhian Nishaanth,Ramsingh  Sanjay Yadav,1,1,0,run,0,,,68/3
1439767,2,8,3,Chezhian Nishaanth,M Akram Khan,Ramsingh  Sanjay Yadav,1,1,0,run,0,,,69/3
1439767,2,8,4,M Akram Khan,Chezhian Nishaanth,Ramsingh  Sanjay Yadav,2,2,0,run,0,,,71/3
1439767,2,8,5,M Akram Khan,Chezhian Nishaanth,Ramsingh  Sanjay Yadav,0,0,0,out,1,caught,M Akram Khan,71/4
1439767,2,8,6,Swapnil Singh,Chezhian Nishaanth,Ramsingh  Sanjay Yadav,0,0,0,no run,0,,,71/4
1439767,2,9,1,Chezhian Nishaanth,Swapnil Singh,Wenseslaus Antony Dhas,1,1,0,run,0,,,72/4
1439767,2,9,2,Swapnil Singh,Chezhian Nishaanth,Wenseslaus Antony Dhas,4,0,4,leg bye,0,,,76/4
1439767,2,9,3,Swapnil Singh,Chezhian Nishaanth,Wenseslaus Antony Dhas,1,1,0,run,0,,,77/4
1439767,2,9,4,Chezhian Nishaanth,Swapnil Singh,Wenseslaus Antony Dhas,1,1,0,run,0,,,78/4
1439767,2,9,5,Swapnil Singh,Chezhian Nishaanth,Wenseslaus Antony Dhas,4,4,0,four,0,,,82/4
1439767,2,9,6,Swapnil Singh,Chezhian Nishaanth,Wenseslaus Antony Dhas,2,2,0,run,0,,,84/4
1439767,2,10,1,Chezhian Nishaanth,Swapnil Singh,Ramsingh  Sanjay Yadav,0,0,0,out,1,caught,Chezhian Nishaanth,84/5
1439767,2,10,2,Uthirasamy Sasidev,Swapnil Singh,Ramsingh  Sanjay Yadav,0,0,0,no run,0,,,84/5
1439767,2,10,3,Uthirasamy Sasidev,Swapnil Singh,Ramsingh  Sanjay Yadav,0,0,0,no run,0,,,84/5
1439767,2,10,4,Uthirasamy Sasidev,Swapnil Singh,Ramsingh  Sanjay Yadav,4,4,0,four,0,,,88/5
1439767,2,10,5,Uthirasamy Sasidev,Swapnil Singh,Ramsingh  Sanjay Yadav,1,0,1,no ball,0,,,89/5
1439767,2,10,6,Uthirasamy Sasidev,Swapnil Singh,Ramsingh  Sanjay Yadav,1,0,1,wide,0,,,90/5
1439767,2,10,7,Uthirasamy Sasidev,Swapnil Singh,Ramsingh  Sanjay Yadav,5,0,5,wide,0,,,95/5
1439767,2,10,8,Uthirasamy Sasidev,Swapnil Singh,Ramsingh  Sanjay Yadav,2,2,0,run,0,,,97/5
1439767,2,10,9,Uthirasamy Sasidev,Swapnil Singh,Ramsingh  Sanjay Yadav,1,1,0,run,0,,,98/5
1439767,2,11,1,Uthirasamy Sasidev,Swapnil Singh,Wenseslaus Antony Dhas,1,1,0,run,0,,,99/5
1439767,2,11,2,Swapnil Singh,Uthirasamy Sasidev,Wenseslaus Antony Dhas,1,1,0,run,0,,,100/5
1439767,2,11,3,Uthirasamy Sasidev,Swapnil Singh,Wenseslaus Antony Dhas,1,1,0,run,0,,,101/5
1439767,2,11,4,Swapnil Singh,Uthirasamy Sasidev,Wenseslaus Antony Dhas,2,2,0,run,0,,,103/5
1439767,2,11,5,Swapnil Singh,Uthirasamy Sasidev,Wenseslaus Antony Dhas,0,0,0,no run,0,,,103/5
1439767,2,11,6,Swapnil Singh,Uthirasamy Sasidev,Wenseslaus Antony Dhas,1,1,0,run,0,,,104/5
1439767,2,12,1,Swapnil Singh,Uthirasamy Sasidev,R Rajkumar,0,0,0,no run,0,,,104/5
1439767,2,12,2,Swapnil Singh,Uthirasamy Sasidev,R Rajkumar,1,1,0,run,0,,,105/5
1439767,2,12,3,Uthirasamy Sasidev,Swapnil Singh,R Rajkumar,1,1,0,run,0,,,106/5
1439767,2,12,4,Swapnil Singh,Uthirasamy Sasidev,R Rajkumar,1,1,0,run,0,,,107/5
1439767,2,12,5,Uthirasamy Sasidev,Swapnil Singh,R Rajkumar,0,0,0,no run,0,,,107/5
1439767,2,12,6,Uthirasamy Sasidev,Swapnil Singh,R Rajkumar,1,1,0,run,0,,,108/5
1439767,2,13,1,Uthirasamy Sasidev,Swapnil Singh,Wenseslaus Antony Dhas,1,1,0,run,0,,,109/5
1439767,2,13,2,Swapnil Singh,Uthirasamy Sasidev,Wenseslaus Antony Dhas,1,1,0,run,0,,,110/5
1439767,2,13,3,Uthirasamy Sasidev,Swapnil Singh,Wenseslaus Antony Dhas,4,4,0,four,0,,,114/5
1439767,2,13,4,Uthirasamy Sasidev,Swapnil Singh,Wenseslaus Antony Dhas,1,1,0,run,0,,,115/5
1439767,2,13,5,Swapnil Singh,Uthirasamy Sasidev,Wenseslaus Antony Dhas,0,0,0,no run,0,,,115/5
1439767,2,13,6,Swapnil Singh,Uthirasamy Sasidev,Wenseslaus Antony Dhas,1,1,0,run,0,,,116/5
1439767,2,14,1,Swapnil Singh,Uthirasamy Sasidev,R Rajkumar,1,1,0,run,0,,,117/5
1439767,2,14,2,Uthirasamy Sasidev,Swapnil Singh,R Rajkumar,0,0,0,out,1,caught,Uthirasamy Sasidev,117/6
1439767,2,14,3,Murugan Ashwin,Swapnil Singh,R Rajkumar,1,1,0,run,0,,,118/6
1439767,2,14,4,Swapnil Singh,Murugan Ashwin,R Rajkumar,1,1,0,run,0,,,119/6
1439767,2,14,5,Murugan Ashwin,Swapnil Singh,R Rajkumar,0,0,0,no run,0,,,119/6
1439767,2,14,6,Murugan Ashwin,Swapnil Singh,R Rajkumar,1,1,0,run,0,,,120/6
1439767,2,15,1,Murugan Ashwin,Swapnil Singh,Ramsingh  Sanjay Yadav,0,0,0,no run,0,,,120/6
1439767,2,15,2,Murugan Ashwin,Swapnil Singh,Ramsingh  Sanjay Yadav,1,1,0,run,0,,,121/6
1439767,2,15,3,Swapnil Singh,Murugan Ashwin,Ramsingh  Sanjay Yadav,1,1,0,run,0,,,122/6
1439767,2,15,4,Murugan Ashwin,Swapnil Singh,Ramsingh  Sanjay Yadav,1,1,0,run,0,,,123/6
1439767,2,15,5,Swapnil Singh,Murugan Ashwin,Ramsingh  Sanjay Yadav,0,0,0,out,1,caught,Swapnil Singh,123/7
1439767,2,15,6,P Saravanan,Murugan Ashwin,Ramsingh  Sanjay Yadav,0,0,0,no run,0,,,123/7
1439767,2,16,1,Murugan Ashwin,P Saravanan,R Rajkumar,0,0,0,out,1,caught,Murugan Ashwin,123/8
1439767,2,16,2,Gurjapneet Singh,P Saravanan,R Rajkumar,0,0,0,no run,0,,,123/8
1439767,2,16,3,Gurjapneet Singh,P Saravanan,R Rajkumar,1,1,0,run,0,,,124/8
1439767,2,16,4,P Saravanan,Gurjapneet Singh,R Rajkumar,0,0,0,out,1,caught,P Saravanan,124/9
1439767,2,16,5,L Kiran Akash,Gurjapneet Singh,R Rajkumar,0,0,0,no run,0,,,124/9
1439767,2,16,6,L Kiran Akash,Gurjapneet Singh,R Rajkumar,0,0,0,no run,0,,,124/9
1439767,2,17,1,Gurjapneet Singh,L Kiran Akash,K Easwaran,1,1,0,run,0,,,125/9
1439767,2,17,2,L Kiran Akash,Gurjapneet Singh,K Easwaran,0,0,0,no run,0,,,125/9
1439767,2,17,3,L Kiran Akash,Gurjapneet Singh,K Easwaran,1,1,0,run,0,,,126/9
1439767,2,17,4,Gurjapneet Singh,L Kiran Akash,K Easwaran,0,0,0,out,1,caught,Gurjapneet Singh,126/10
1439768,1,1,1,D Santhosh Kumar,Narayan Jagadeesan,P Bhuvaneswaran,0,0,0,no run,0,,,0/0
1439768,1,1,2,D Santhosh Kumar,Narayan Jagadeesan,P Bhuvaneswaran,0,0,0,no run,0,,,0/0
1439768,1,1,3,D Santhosh Kumar,Narayan Jagadeesan,P Bhuvaneswaran,1,0,1,wide,0,,,1/0
1439768,1,1,4,D Santhosh Kumar,Narayan Jagadeesan,P Bhuvaneswaran,1,1,0,run,0,,,2/0
1439768,1,1,5,Narayan Jagadeesan,D Santhosh Kumar,P Bhuvaneswaran,0,0,0,no run,0,,,2/0
1439768,1,1,6,Narayan Jagadeesan,D Santhosh Kumar,P Bhuvaneswaran,1,1,0,run,0,,,3/0
1439768,1,1,7,D Santhosh Kumar,Narayan Jagadeesan,P Bhuvaneswaran,1,1,0,run,0,,,4/0
1439768,1,2,1,D Santhosh Kumar,Narayan Jagadeesan,S Mohamed Ali,4,4,0,four,0,,,8/0
1439768,1,2,2,D Santhosh Kumar,Narayan Jagadeesan,S Mohamed Ali,0,0,0,no run,0,,,8/0
1439768,1,2,3,D Santhosh Kumar,Narayan Jagadeesan,S Mohamed Ali,2,2,0,run,0,,,10/0
1439768,1,2,4,D Santhosh Kumar,Narayan Jagadeesan,S Mohamed Ali,0,0,0,no run,0,,,10/0
1439768,1,2,5,D Santhosh Kumar,Narayan Jagadeesan,S Mohamed Ali,0,0,0,out,1,bowled,D Santhosh Kumar,10/1
1439768,1,2,6,Baba Aparajith,Narayan Jagadeesan,S Mohamed Ali,1,1,0,run,0,,,11/1
1439768,1,3,1,Baba Aparajith,Narayan Jagadeesan, Sriram Ajith Ram,1,1,0,run,0,,,12/1
1439768,1,3,2,Narayan Jagadeesan,Baba Aparajith, Sriram Ajith Ram,1,1,0,run,0,,,13/1
1439768,1,3,3,Baba Aparajith,Narayan Jagadeesan, Sriram Ajith Ram,1,1,0,run,0,,,14/1
1439768,1,3,4,Narayan Jagadeesan,Baba Aparajith, Sriram Ajith Ram,2,2,0,run,0,,,16/1
1439768,1,3,5,Narayan Jagadeesan,Baba Aparajith, Sriram Ajith Ram,6,6,0,six,0,,,22/1
1439768,1,3,6,Narayan Jagadeesan,Baba Aparajith, Sriram Ajith Ram,0,0,0,no run,0,,,22/1
1439768,1,4,1,Baba Aparajith,Narayan Jagadeesan,P Bhuvaneswaran,1,1,0,run,0,,,23/1
1439768,1,4,2,Narayan Jagadeesan,Baba Aparajith,P Bhuvaneswaran,0,0,0,no run,0,,,23/1
1439768,1,4,3,Narayan Jagadeesan,Baba Aparajith,P Bhuvaneswaran,1,1,0,run,0,,,24/1
1439768,1,4,4,Baba Aparajith,Narayan Jagadeesan,P Bhuvaneswaran,1,1,0,run,0,,,25/1
1439768,1,4,5,Narayan Jagadeesan,Baba Aparajith,P Bhuvaneswaran,1,1,0,run,0,,,26/1
1439768,1,4,6,Baba Aparajith,Narayan Jagadeesan,P Bhuvaneswaran,4,4,0,four,0,,,30/1
1439768,1,5,1,Narayan Jagadeesan,Baba Aparajith,M Mathivannan,1,1,0,run,0,,,31/1
1439768,1,5,2,Baba Aparajith,Narayan Jagadeesan,M Mathivannan,0,0,0,out,1,caught,Baba Aparajith,31/2
1439768,1,5,3,Pradosh Ranjan Paul,Narayan Jagadeesan,M Mathivannan,4,4,0,four,0,,,35/2
1439768,1,5,4,Pradosh Ranjan Paul,Narayan Jagadeesan,M Mathivannan,1,1,0,run,0,,,36/2
1439768,1,5,5,Narayan Jagadeesan,Pradosh Ranjan Paul,M Mathivannan,1,1,0,run,0,,,37/2
1439768,1,5,6,Pradosh Ranjan Paul,Narayan Jagadeesan,M Mathivannan,1,1,0,run,0,,,38/2
1439768,1,6,1,Pradosh Ranjan Paul,Narayan Jagadeesan,Thangarasu Natarajan,1,1,0,run,0,,,39/2
1439768,1,6,2,Narayan Jagadeesan,Pradosh Ranjan Paul,Thangarasu Natarajan,4,4,0,four,0,,,43/2
1439768,1,6,3,Narayan Jagadeesan,Pradosh Ranjan Paul,Thangarasu Natarajan,1,1,0,run,0,,,44/2
1439768,1,6,4,Pradosh Ranjan Paul,Narayan Jagadeesan,Thangarasu Natarajan,4,4,0,four,0,,,48/2
1439768,1,6,5,Pradosh Ranjan Paul,Narayan Jagadeesan,Thangarasu Natarajan,2,2,0,run,0,,,50/2
1439768,1,6,6,Pradosh Ranjan Paul,Narayan Jagadeesan,Thangarasu Natarajan,1,1,0,run,0,,,51/2
1439768,1,7,1,Pradosh Ranjan Paul,Narayan Jagadeesan,M Mathivannan,0,0,0,no run,0,,,51/2
1439768,1,7,2,Pradosh Ranjan Paul,Narayan Jagadeesan,M Mathivannan,2,2,0,run,0,,,53/2
1439768,1,7,3,Pradosh Ranjan Paul,Narayan Jagadeesan,M Mathivannan,1,1,0,run,0,,,54/2
1439768,1,7,4,Narayan Jagadeesan,Pradosh Ranjan Paul,M Mathivannan,0,0,0,no run,0,,,54/2
1439768,1,7,5,Narayan Jagadeesan,Pradosh Ranjan Paul,M Mathivannan,1,1,0,run,0,,,55/2
1439768,1,7,6,Pradosh Ranjan Paul,Narayan Jagadeesan,M Mathivannan,1,1,0,run,0,,,56/2
1439768,1,8,1,Pradosh Ranjan Paul,Narayan Jagadeesan,S Mohamed Ali,4,4,0,four,0,,,60/2
1439768,1,8,2,Pradosh Ranjan Paul,Narayan Jagadeesan,S Mohamed Ali,1,1,0,run,0,,,61/2
1439768,1,8,3,Narayan Jagadeesan,Pradosh Ranjan Paul,S Mohamed Ali,1,1,0,run,0,,,62/2
1439768,1,8,4,Pradosh Ranjan Paul,Narayan Jagadeesan,S Mohamed Ali,1,1,0,run,0,,,63/2
1439768,1,8,5,Narayan Jagadeesan,Pradosh Ranjan Paul,S Mohamed Ali,1,1,0,run,0,,,64/2
1439768,1,8,6,Pradosh Ranjan Paul,Narayan Jagadeesan,S Mohamed Ali,1,1,0,run,0,,,65/2
1439768,1,9,1,Pradosh Ranjan Paul,Narayan Jagadeesan, Sriram Ajith Ram,1,1,0,run,0,,,66/2
1439768,1,9,2,Narayan Jagadeesan,Pradosh Ranjan Paul, Sriram Ajith Ram,4,4,0,four,0,,,70/2
1439768,1,9,3,Narayan Jagadeesan,Pradosh Ranjan Paul, Sriram Ajith Ram,1,1,0,run,0,,,71/2
1439768,1,9,4,Pradosh Ranjan Paul,Narayan Jagadeesan, Sriram Ajith Ram,1,1,0,run,0,,,72/2
1439768,1,9,5,Narayan Jagadeesan,Pradosh Ranjan Paul, Sriram Ajith Ram,1,1,0,run,0,,,73/2
1439768,1,9,6,Pradosh Ranjan Paul,Narayan Jagadeesan, Sriram Ajith Ram,2,0,2,wide,0,,,75/2
1439768,1,9,7,Narayan Jagadeesan,Pradosh Ranjan Paul, Sriram Ajith Ram,1,1,0,run,0,,,76/2
1439768,1,10,1,Narayan Jagadeesan,Pradosh Ranjan Paul,S Mohamed Ali,1,1,0,run,0,,,77/2
1439768,1,10,2,Pradosh Ranjan Paul,Narayan Jagadeesan,S Mohamed Ali,1,1,0,run,0,,,78/2
1439768,1,10,3,Narayan Jagadeesan,Pradosh Ranjan Paul,S Mohamed Ali,0,0,0,no run,0,,,78/2
1439768,1,10,4,Narayan Jagadeesan,Pradosh Ranjan Paul,S Mohamed Ali,6,6,0,six,0,,,84/2
1439768,1,10,5,Narayan Jagadeesan,Pradosh Ranjan Paul,S Mohamed Ali,0,0,0,no run,0,,,84/2
1439768,1,10,6,Narayan Jagadeesan,Pradosh Ranjan Paul,S Mohamed Ali,0,0,0,out,1,caught,Narayan Jagadeesan,84/3
1439768,1,11,1,Pradosh Ranjan Paul,Daryl Sunder Ferrario,Vijay Shankar,0,0,0,no run,0,,,84/3
1439768,1,11,2,Pradosh Ranjan Paul,Daryl Sunder Ferrario,Vijay Shankar,4,4,0,four,0,,,88/3
1439768,1,11,3,Pradosh Ranjan Paul,Daryl Sunder Ferrario,Vijay Shankar,1,1,0,run,0,,,89/3
1439768,1,11,4,Daryl Sunder Ferrario,Pradosh Ranjan Paul,Vijay Shankar,1,1,0,run,0,,,90/3
1439768,1,11,5,Pradosh Ranjan Paul,Daryl Sunder Ferrario,Vijay Shankar,1,1,0,run,0,,,91/3
1439768,1,11,6,Daryl Sunder Ferrario,Pradosh Ranjan Paul,Vijay Shankar,1,1,0,run,0,,,92/3
1439768,1,12,1,Daryl Sunder Ferrario,Pradosh Ranjan Paul,S Mohamed Ali,2,2,0,run,0,,,94/3
1439768,1,12,2,Daryl Sunder Ferrario,Pradosh Ranjan Paul,S Mohamed Ali,0,0,0,out,1,caught,Daryl Sunder Ferrario,94/4
1439768,1,12,3,C Andre Siddarth,Pradosh Ranjan Paul,S Mohamed Ali,0,0,0,no run,0,,,94/4
1439768,1,12,4,C Andre Siddarth,Pradosh Ranjan Paul,S Mohamed Ali,1,1,0,run,0,,,95/4
1439768,1,12,5,Pradosh Ranjan Paul,C Andre Siddarth,S Mohamed Ali,1,1,0,run,0,,,96/4
1439768,1,12,6,C Andre Siddarth,Pradosh Ranjan Paul,S Mohamed Ali,1,1,0,run,0,,,97/4
1439768,1,13,1,C Andre Siddarth,Pradosh Ranjan Paul,Vijay Shankar,0,0,0,no run,0,,,97/4
1439768,1,13,2,C Andre Siddarth,Pradosh Ranjan Paul,Vijay Shankar,1,1,0,run,0,,,98/4
1439768,1,13,3,Pradosh Ranjan Paul,C Andre Siddarth,Vijay Shankar,4,4,0,four,0,,,102/4
1439768,1,13,4,Pradosh Ranjan Paul,C Andre Siddarth,Vijay Shankar,0,0,0,no run,0,,,102/4
1439768,1,13,5,Pradosh Ranjan Paul,C Andre Siddarth,Vijay Shankar,1,1,0,run,0,,,103/4
1439768,1,13,6,C Andre Siddarth,Pradosh Ranjan Paul,Vijay Shankar,1,1,0,run,0,,,104/4
1439768,1,14,1,C Andre Siddarth,Pradosh Ranjan Paul,Thangarasu Natarajan,4,4,0,four,0,,,108/4
1439768,1,14,2,C Andre Siddarth,Pradosh Ranjan Paul,Thangarasu Natarajan,0,0,0,no run,0,,,108/4
1439768,1,14,3,C Andre Siddarth,Pradosh Ranjan Paul,Thangarasu Natarajan,0,0,0,no run,0,,,108/4
1439768,1,14,4,C Andre Siddarth,Pradosh Ranjan Paul,Thangarasu Natarajan,0,0,0,no run,0,,,108/4
1439768,1,14,5,C Andre Siddarth,Pradosh Ranjan Paul,Thangarasu Natarajan,4,4,0,four,0,,,112/4
1439768,1,14,6,C Andre Siddarth,Pradosh Ranjan Paul,Thangarasu Natarajan,1,1,0,run,0,,,113/4
1439768,1,15,1,C Andre Siddarth,Pradosh Ranjan Paul,M Mathivannan,1,1,0,run,0,,,114/4
1439768,1,15,2,Pradosh Ranjan Paul,C Andre Siddarth,M Mathivannan,1,1,0,run,0,,,115/4
1439768,1,15,3,C Andre Siddarth,Pradosh Ranjan Paul,M Mathivannan,0,0,0,no run,0,,,115/4
1439768,1,15,4,C Andre Siddarth,Pradosh Ranjan Paul,M Mathivannan,6,6,0,six,0,,,121/4
1439768,1,15,5,C Andre Siddarth,Pradosh Ranjan Paul,M Mathivannan,1,1,0,run,0,,,122/4
1439768,1,15,6,Pradosh Ranjan Paul,C Andre Siddarth,M Mathivannan,1,1,0,run,0,,,123/4
1439768,1,16,1,Pradosh Ranjan Paul,C Andre Siddarth,P Bhuvaneswaran,0,0,0,no run,0,,,123/4
1439768,1,16,2,Pradosh Ranjan Paul,C Andre Siddarth,P Bhuvaneswaran,1,1,0,run,0,,,124/4
1439768,1,16,3,C Andre Siddarth,Pradosh Ranjan Paul,P Bhuvaneswaran,1,1,0,run,0,,,125/4
1439768,1,16,4,Pradosh Ranjan Paul,C Andre Siddarth,P Bhuvaneswaran,0,0,0,no run,0,,,125/4
1439768,1,16,5,Pradosh Ranjan Paul,C Andre Siddarth,P Bhuvaneswaran,1,1,0,run,0,,,126/4
1439768,1,16,6,C Andre Siddarth,Pradosh Ranjan Paul,P Bhuvaneswaran,1,0,1,wide,0,,,127/4
1439768,1,16,7,C Andre Siddarth,Pradosh Ranjan Paul,P Bhuvaneswaran,1,1,0,run,0,,,128/4
1439768,1,17,1,C Andre Siddarth,Pradosh Ranjan Paul,Thangarasu Natarajan,0,0,0,out,1,caught,C Andre Siddarth,128/5
1439768,1,17,2,Abhishek Baljeetsingh Tanwar,Pradosh Ranjan Paul,Thangarasu Natarajan,1,1,0,run,0,,,129/5
1439768,1,17,3,Pradosh Ranjan Paul,Abhishek Baljeetsingh Tanwar,Thangarasu Natarajan,1,1,0,run,0,,,130/5
1439768,1,17,4,Abhishek Baljeetsingh Tanwar,Pradosh Ranjan Paul,Thangarasu Natarajan,1,1,0,run,0,,,131/5
1439768,1,17,5,Pradosh Ranjan Paul,Abhishek Baljeetsingh Tanwar,Thangarasu Natarajan,2,2,0,run,0,,,133/5
1439768,1,17,6,Pradosh Ranjan Paul,Abhishek Baljeetsingh Tanwar,Thangarasu Natarajan,1,1,0,run,0,,,134/5
1439768,1,18,1,Pradosh Ranjan Paul,Abhishek Baljeetsingh Tanwar,P Bhuvaneswaran,1,1,0,run,0,,,135/5
1439768,1,18,2,Abhishek Baljeetsingh Tanwar,Pradosh Ranjan Paul,P Bhuvaneswaran,0,0,0,out,1,caught,Abhishek Baljeetsingh Tanwar,135/6
1439768,1,18,3,M Shajahan,Pradosh Ranjan Paul,P Bhuvaneswaran,0,0,0,no run,0,,,135/6
1439768,1,18,4,M Shajahan,Pradosh Ranjan Paul,P Bhuvaneswaran,1,1,0,run,0,,,136/6
1439768,1,18,5,Pradosh Ranjan Paul,M Shajahan,P Bhuvaneswaran,0,0,0,no run,0,,,136/6
1439768,1,18,6,Pradosh Ranjan Paul,M Shajahan,P Bhuvaneswaran,0,0,0,no run,0,,,136/6
1439768,1,19,1,M Shajahan,Pradosh Ranjan Paul,Vijay Shankar,1,1,0,run,0,,,137/6
1439768,1,19,2,Pradosh Ranjan Paul,M Shajahan,Vijay Shankar,4,4,0,four,0,,,141/6
1439768,1,19,3,Pradosh Ranjan Paul,M Shajahan,Vijay Shankar,1,1,0,run,0,,,142/6
1439768,1,19,4,M Shajahan,Pradosh Ranjan Paul,Vijay Shankar,1,1,0,run,0,,,143/6
1439768,1,19,5,Pradosh Ranjan Paul,M Shajahan,Vijay Shankar,4,4,0,four,0,,,147/6
1439768,1,19,6,Pradosh Ranjan Paul,M Shajahan,Vijay Shankar,1,1,0,run,0,,,148/6
1439768,1,20,1,Pradosh Ranjan Paul,M Shajahan,Thangarasu Natarajan,1,1,0,run,0,,,149/6
1439768,1,20,2,M Shajahan,Pradosh Ranjan Paul,Thangarasu Natarajan,0,0,0,no run,0,,,149/6
1439768,1,20,3,M Shajahan,Pradosh Ranjan Paul,Thangarasu Natarajan,1,1,0,run,0,,,150/6
1439768,1,20,4,Pradosh Ranjan Paul,M Shajahan,Thangarasu Natarajan,2,2,0,run,0,,,152/6
1439768,1,20,5,Pradosh Ranjan Paul,M Shajahan,Thangarasu Natarajan,4,4,0,four,0,,,156/6
1439768,1,20,6,Pradosh Ranjan Paul,M Shajahan,Thangarasu Natarajan,1,1,0,run,0,,,157/6
1439768,2,1,1,Sundararaman Radhakrishnan,Tushar Raheja,Abhishek Baljeetsingh Tanwar,0,0,0,no run,0,,,0/0
1439768,2,1,2,Sundararaman Radhakrishnan,Tushar Raheja,Abhishek Baljeetsingh Tanwar,0,0,0,no run,0,,,0/0
1439768,2,1,3,Sundararaman Radhakrishnan,Tushar Raheja,Abhishek Baljeetsingh Tanwar,0,0,0,no run,0,,,0/0
1439768,2,1,4,Sundararaman Radhakrishnan,Tushar Raheja,Abhishek Baljeetsingh Tanwar,0,0,0,no run,0,,,0/0
1439768,2,1,5,Sundararaman Radhakrishnan,Tushar Raheja,Abhishek Baljeetsingh Tanwar,1,1,0,run,0,,,1/0
1439768,2,1,6,Tushar Raheja,Sundararaman Radhakrishnan,Abhishek Baljeetsingh Tanwar,0,0,0,no run,0,,,1/0
1439768,2,2,1,Sundararaman Radhakrishnan,Tushar Raheja,Rahil S Shah,0,0,0,no run,0,,,1/0
1439768,2,2,2,Sundararaman Radhakrishnan,Tushar Raheja,Rahil S Shah,6,6,0,six,0,,,7/0
1439768,2,2,3,Sundararaman Radhakrishnan,Tushar Raheja,Rahil S Shah,1,1,0,run,0,,,8/0
1439768,2,2,4,Tushar Raheja,Sundararaman Radhakrishnan,Rahil S Shah,1,1,0,run,0,,,9/0
1439768,2,2,5,Sundararaman Radhakrishnan,Tushar Raheja,Rahil S Shah,1,1,0,run,0,,,10/0
1439768,2,2,6,Tushar Raheja,Sundararaman Radhakrishnan,Rahil S Shah,6,6,0,six,0,,,16/0
1439768,2,3,1,Sundararaman Radhakrishnan,Tushar Raheja,Abhishek Baljeetsingh Tanwar,2,2,0,run,0,,,18/0
1439768,2,3,2,Sundararaman Radhakrishnan,Tushar Raheja,Abhishek Baljeetsingh Tanwar,2,2,0,run,0,,,20/0
1439768,2,3,3,Sundararaman Radhakrishnan,Tushar Raheja,Abhishek Baljeetsingh Tanwar,1,1,0,run,0,,,21/0
1439768,2,3,4,Tushar Raheja,Sundararaman Radhakrishnan,Abhishek Baljeetsingh Tanwar,1,1,0,run,0,,,22/0
1439768,2,3,5,Sundararaman Radhakrishnan,Tushar Raheja,Abhishek Baljeetsingh Tanwar,1,1,0,run,0,,,23/0
1439768,2,3,6,Tushar Raheja,Sundararaman Radhakrishnan,Abhishek Baljeetsingh Tanwar,0,0,0,no run,0,,,23/0
1439768,2,4,1,Sundararaman Radhakrishnan,Tushar Raheja,Balu Surya,0,0,0,out,1,caught,Sundararaman Radhakrishnan,23/1
1439768,2,4,2,VP Amit Sathvik,Tushar Raheja,Balu Surya,1,1,0,run,0,,,24/1
1439768,2,4,3,Tushar Raheja,VP Amit Sathvik,Balu Surya,0,0,0,no run,0,,,24/1
1439768,2,4,4,Tushar Raheja,VP Amit Sathvik,Balu Surya,1,1,0,run,0,,,25/1
1439768,2,4,5,VP Amit Sathvik,Tushar Raheja,Balu Surya,1,1,0,run,0,,,26/1
1439768,2,4,6,Tushar Raheja,VP Amit Sathvik,Balu Surya,1,1,0,run,0,,,27/1
1439768,2,5,1,Tushar Raheja,VP Amit Sathvik,Ganeshan Periyaswamy,0,0,0,no run,0,,,27/1
1439768,2,5,2,Tushar Raheja,VP Amit Sathvik,Ganeshan Periyaswamy,1,1,0,run,0,,,28/1
1439768,2,5,3,VP Amit Sathvik,Tushar Raheja,Ganeshan Periyaswamy,0,0,0,no run,0,,,28/1
1439768,2,5,4,VP Amit Sathvik,Tushar Raheja,Ganeshan Periyaswamy,1,1,0,run,0,,,29/1
1439768,2,5,5,Tushar Raheja,VP Amit Sathvik,Ganeshan Periyaswamy,1,1,0,run,0,,,30/1
1439768,2,5,6,VP Amit Sathvik,Tushar Raheja,Ganeshan Periyaswamy,1,1,0,run,0,,,31/1
1439768,2,6,1,VP Amit Sathvik,Tushar Raheja,Balu Surya,4,4,0,four,0,,,35/1
1439768,2,6,2,VP Amit Sathvik,Tushar Raheja,Balu Surya,1,1,0,run,0,,,36/1
1439768,2,6,3,Tushar Raheja,VP Amit Sathvik,Balu Surya,0,0,0,no run,0,,,36/1
1439768,2,6,4,Tushar Raheja,VP Amit Sathvik,Balu Surya,0,0,0,no run,0,,,36/1
1439768,2,6,5,Tushar Raheja,VP Amit Sathvik,Balu Surya,1,1,0,run,0,,,37/1
1439768,2,6,6,VP Amit Sathvik,Tushar Raheja,Balu Surya,1,1,0,run,0,,,38/1
1439768,2,7,1,VP Amit Sathvik,Tushar Raheja,Daryl Sunder Ferrario,0,0,0,no run,0,,,38/1
1439768,2,7,2,VP Amit Sathvik,Tushar Raheja,Daryl Sunder Ferrario,1,1,0,run,0,,,39/1
1439768,2,7,3,Tushar Raheja,VP Amit Sathvik,Daryl Sunder Ferrario,1,1,0,run,0,,,40/1
1439768,2,7,4,VP Amit Sathvik,Tushar Raheja,Daryl Sunder Ferrario,1,1,0,run,0,,,41/1
1439768,2,7,5,Tushar Raheja,VP Amit Sathvik,Daryl Sunder Ferrario,1,1,0,run,0,,,42/1
1439768,2,7,6,VP Amit Sathvik,Tushar Raheja,Daryl Sunder Ferrario,0,0,0,no run,0,,,42/1
1439768,2,8,1,Tushar Raheja,VP Amit Sathvik,Rahil S Shah,1,1,0,run,0,,,43/1
1439768,2,8,2,VP Amit Sathvik,Tushar Raheja,Rahil S Shah,1,1,0,run,0,,,44/1
1439768,2,8,3,Tushar Raheja,VP Amit Sathvik,Rahil S Shah,2,2,0,run,0,,,46/1
1439768,2,8,4,Tushar Raheja,VP Amit Sathvik,Rahil S Shah,1,1,0,run,0,,,47/1
1439768,2,8,5,VP Amit Sathvik,Tushar Raheja,Rahil S Shah,0,0,0,no run,0,,,47/1
1439768,2,8,6,VP Amit Sathvik,Tushar Raheja,Rahil S Shah,1,1,0,run,0,,,48/1
1439768,2,9,1,VP Amit Sathvik,Tushar Raheja,Daryl Sunder Ferrario,0,0,0,out,1,caught,VP Amit Sathvik,48/2
1439768,2,9,2,S Ganesh,Tushar Raheja,Daryl Sunder Ferrario,1,1,0,run,0,,,49/2
1439768,2,9,3,Tushar Raheja,S Ganesh,Daryl Sunder Ferrario,1,1,0,run,0,,,50/2
1439768,2,9,4,S Ganesh,Tushar Raheja,Daryl Sunder Ferrario,4,4,0,four,0,,,54/2
1439768,2,9,5,S Ganesh,Tushar Raheja,Daryl Sunder Ferrario,0,0,0,no run,0,,,54/2
1439768,2,9,6,S Ganesh,Tushar Raheja,Daryl Sunder Ferrario,1,1,0,run,0,,,55/2
1439768,2,10,1,S Ganesh,Tushar Raheja,Antony Chandrasekaran Aswin Crist,1,1,0,run,0,,,56/2
1439768,2,10,2,Tushar Raheja,S Ganesh,Antony Chandrasekaran Aswin Crist,0,0,0,no run,0,,,56/2
1439768,2,10,3,Tushar Raheja,S Ganesh,Antony Chandrasekaran Aswin Crist,0,0,0,out,1,caught,Tushar Raheja,56/3
1439768,2,10,4,Balchander Anirudh,S Ganesh,Antony Chandrasekaran Aswin Crist,1,1,0,run,0,,,57/3
1439768,2,10,5,S Ganesh,Balchander Anirudh,Antony Chandrasekaran Aswin Crist,1,1,0,run,0,,,58/3
1439768,2,10,6,Balchander Anirudh,S Ganesh,Antony Chandrasekaran Aswin Crist,1,0,1,leg bye,0,,,59/3
1439768,2,11,1,Balchander Anirudh,S Ganesh,Daryl Sunder Ferrario,1,1,0,run,0,,,60/3
1439768,2,11,2,S Ganesh,Balchander Anirudh,Daryl Sunder Ferrario,4,4,0,four,0,,,64/3
1439768,2,11,3,S Ganesh,Balchander Anirudh,Daryl Sunder Ferrario,1,1,0,run,0,,,65/3
1439768,2,11,4,Balchander Anirudh,S Ganesh,Daryl Sunder Ferrario,1,1,0,run,0,,,66/3
1439768,2,11,5,S Ganesh,Balchander Anirudh,Daryl Sunder Ferrario,1,1,0,run,0,,,67/3
1439768,2,11,6,Balchander Anirudh,S Ganesh,Daryl Sunder Ferrario,1,1,0,run,0,,,68/3
1439768,2,12,1,Balchander Anirudh,S Ganesh,Antony Chandrasekaran Aswin Crist,1,1,0,run,0,,,69/3
1439768,2,12,2,S Ganesh,Balchander Anirudh,Antony Chandrasekaran Aswin Crist,4,4,0,four,0,,,73/3
1439768,2,12,3,S Ganesh,Balchander Anirudh,Antony Chandrasekaran Aswin Crist,0,0,0,no run,0,,,73/3
1439768,2,12,4,S Ganesh,Balchander Anirudh,Antony Chandrasekaran Aswin Crist,0,0,0,no run,0,,,73/3
1439768,2,12,5,S Ganesh,Balchander Anirudh,Antony Chandrasekaran Aswin Crist,4,4,0,four,0,,,77/3
1439768,2,12,6,S Ganesh,Balchander Anirudh,Antony Chandrasekaran Aswin Crist,1,1,0,run,0,,,78/3
1439768,2,13,1,S Ganesh,Balchander Anirudh,Balu Surya,1,1,0,run,0,,,79/3
1439768,2,13,2,Balchander Anirudh,S Ganesh,Balu Surya,0,0,0,no run,0,,,79/3
1439768,2,13,3,Balchander Anirudh,S Ganesh,Balu Surya,1,1,0,run,0,,,80/3
1439768,2,13,4,S Ganesh,Balchander Anirudh,Balu Surya,1,1,0,run,0,,,81/3
1439768,2,13,5,Balchander Anirudh,S Ganesh,Balu Surya,1,1,0,run,0,,,82/3
1439768,2,13,6,S Ganesh,Balchander Anirudh,Balu Surya,1,1,0,run,0,,,83/3
1439768,2,14,1,S Ganesh,Balchander Anirudh,Rahil S Shah,1,1,0,run,0,,,84/3
1439768,2,14,2,Balchander Anirudh,S Ganesh,Rahil S Shah,0,0,0,no run,0,,,84/3
1439768,2,14,3,Balchander Anirudh,S Ganesh,Rahil S Shah,0,0,0,out,1,caught,Balchander Anirudh,84/4
1439768,2,14,4,S Mohamed Ali,S Ganesh,Rahil S Shah,1,1,0,run,0,,,85/4
1439768,2,14,5,S Ganesh,S Mohamed Ali,Rahil S Shah,6,6,0,six,0,,,91/4
1439768,2,14,6,S Ganesh,S Mohamed Ali,Rahil S Shah,1,1,0,run,0,,,92/4
1439768,2,15,1,S Ganesh,S Mohamed Ali,Ganeshan Periyaswamy,2,2,0,run,0,,,94/4
1439768,2,15,2,S Ganesh,S Mohamed Ali,Ganeshan Periyaswamy,0,0,0,no run,0,,,94/4
1439768,2,15,3,S Ganesh,S Mohamed Ali,Ganeshan Periyaswamy,1,1,0,run,0,,,95/4
1439768,2,15,4,S Mohamed Ali,S Ganesh,Ganeshan Periyaswamy,1,1,0,run,0,,,96/4
1439768,2,15,5,S Ganesh,S Mohamed Ali,Ganeshan Periyaswamy,1,1,0,run,0,,,97/4
1439768,2,15,6,S Mohamed Ali,S Ganesh,Ganeshan Periyaswamy,2,2,0,run,0,,,99/4
1439768,2,16,1,S Ganesh,S Mohamed Ali,Balu Surya,1,0,1,wide,0,,,100/4
1439768,2,16,2,S Ganesh,S Mohamed Ali,Balu Surya,1,1,0,run,0,,,101/4
1439768,2,16,3,S Mohamed Ali,S Ganesh,Balu Surya,0,0,0,no run,0,,,101/4
1439768,2,16,4,S Mohamed Ali,S Ganesh,Balu Surya,1,1,0,run,0,,,102/4
1439768,2,16,5,S Ganesh,S Mohamed Ali,Balu Surya,1,1,0,run,0,,,103/4
1439768,2,16,6,S Mohamed Ali,S Ganesh,Balu Surya,6,6,0,six,0,,,109/4
1439768,2,16,7,S Mohamed Ali,S Ganesh,Balu Surya,1,1,0,run,0,,,110/4
1439768,2,17,1,S Mohamed Ali,S Ganesh,Ganeshan Periyaswamy,0,0,0,no run,0,,,110/4
1439768,2,17,2,S Mohamed Ali,S Ganesh,Ganeshan Periyaswamy,0,0,0,out,1,bowled,S Mohamed Ali,110/5
1439768,2,17,3,Vijay Shankar,S Ganesh,Ganeshan Periyaswamy,1,1,0,run,0,,,111/5
1439768,2,17,4,S Ganesh,Vijay Shankar,Ganeshan Periyaswamy,1,1,0,run,0,,,112/5
1439768,2,17,5,Vijay Shankar,S Ganesh,Ganeshan Periyaswamy,2,2,0,run,0,,,114/5
1439768,2,17,6,Vijay Shankar,S Ganesh,Ganeshan Periyaswamy,1,1,0,run,0,,,115/5
1439768,2,18,1,Vijay Shankar,S Ganesh,Abhishek Baljeetsingh Tanwar,0,0,0,out,1,caught,Vijay Shankar,115/6
1439768,2,18,2,P Bhuvaneswaran,S Ganesh,Abhishek Baljeetsingh Tanwar,4,4,0,four,0,,,119/6
1439768,2,18,3,P Bhuvaneswaran,S Ganesh,Abhishek Baljeetsingh Tanwar,0,0,0,no run,0,,,119/6
1439768,2,18,4,P Bhuvaneswaran,S Ganesh,Abhishek Baljeetsingh Tanwar,0,0,0,no run,0,,,119/6
1439768,2,18,5,P Bhuvaneswaran,S Ganesh,Abhishek Baljeetsingh Tanwar,1,1,0,run,0,,,120/6
1439768,2,18,6,S Ganesh,P Bhuvaneswaran,Abhishek Baljeetsingh Tanwar,4,4,0,four,0,,,124/6
1439768,2,19,1,P Bhuvaneswaran,S Ganesh,Ganeshan Periyaswamy,0,0,0,no run,0,,,124/6
1439768,2,19,2,P Bhuvaneswaran,S Ganesh,Ganeshan Periyaswamy,1,1,0,run,0,,,125/6
1439768,2,19,3,S Ganesh,P Bhuvaneswaran,Ganeshan Periyaswamy,0,0,0,no run,0,,,125/6
1439768,2,19,4,S Ganesh,P Bhuvaneswaran,Ganeshan Periyaswamy,1,1,0,run,0,,,126/6
1439768,2,19,5,P Bhuvaneswaran,S Ganesh,Ganeshan Periyaswamy,0,0,0,no run,0,,,126/6
1439768,2,19,6,P Bhuvaneswaran,S Ganesh,Ganeshan Periyaswamy,0,0,0,out,1,caught,P Bhuvaneswaran,126/7
1439768,2,20,1,S Ganesh,M Mathivannan,Abhishek Baljeetsingh Tanwar,0,0,0,no run,0,,,126/7
1439768,2,20,2,S Ganesh,M Mathivannan,Abhishek Baljeetsingh Tanwar,6,6,0,six,0,,,132/7
1439768,2,20,3,S Ganesh,M Mathivannan,Abhishek Baljeetsingh Tanwar,4,4,0,four,0,,,136/7
1439768,2,20,4,S Ganesh,M Mathivannan,Abhishek Baljeetsingh Tanwar,4,4,0,four,0,,,140/7
1439768,2,20,5,S Ganesh,M Mathivannan,Abhishek Baljeetsingh Tanwar,1,1,0,run,1,run out,S Ganesh,141/8
1439768,2,20,6, Sriram Ajith Ram,M Mathivannan,Abhishek Baljeetsingh Tanwar,1,1,0,run,0,,,142/8
1439769,1,1,1,S Abishiek,R Kavin,Emmanuel Cherian,0,0,0,no run,0,,,0/0
1439769,1,1,2,S Abishiek,R Kavin,Emmanuel Cherian,1,1,0,run,0,,,1/0
1439769,1,1,3,R Kavin,S Abishiek,Emmanuel Cherian,0,0,0,no run,0,,,1/0
1439769,1,1,4,R Kavin,S Abishiek,Emmanuel Cherian,0,0,0,no run,0,,,1/0
1439769,1,1,5,R Kavin,S Abishiek,Emmanuel Cherian,4,4,0,four,0,,,5/0
1439769,1,1,6,R Kavin,S Abishiek,Emmanuel Cherian,1,0,1,wide,0,,,6/0
1439769,1,1,7,R Kavin,S Abishiek,Emmanuel Cherian,0,0,0,no run,0,,,6/0
1439769,1,2,1,S Abishiek,R Kavin,S Mohan Prasath,0,0,0,no run,0,,,6/0
1439769,1,2,2,S Abishiek,R Kavin,S Mohan Prasath,1,1,0,run,0,,,7/0
1439769,1,2,3,R Kavin,S Abishiek,S Mohan Prasath,0,0,0,no run,0,,,7/0
1439769,1,2,4,R Kavin,S Abishiek,S Mohan Prasath,0,0,0,no run,0,,,7/0
1439769,1,2,5,R Kavin,S Abishiek,S Mohan Prasath,1,1,0,run,0,,,8/0
1439769,1,2,6,S Abishiek,R Kavin,S Mohan Prasath,0,0,0,no run,0,,,8/0
1439769,1,3,1,R Kavin,S Abishiek,Emmanuel Cherian,0,0,0,no run,0,,,8/0
1439769,1,3,2,R Kavin,S Abishiek,Emmanuel Cherian,0,0,0,no run,0,,,8/0
1439769,1,3,3,R Kavin,S Abishiek,Emmanuel Cherian,1,1,0,run,0,,,9/0
1439769,1,3,4,S Abishiek,R Kavin,Emmanuel Cherian,4,4,0,four,0,,,13/0
1439769,1,3,5,S Abishiek,R Kavin,Emmanuel Cherian,0,0,0,no run,0,,,13/0
1439769,1,3,6,S Abishiek,R Kavin,Emmanuel Cherian,0,0,0,out,1,caught,S Abishiek,13/1
1439769,1,4,1,R Kavin,Robin Bist,S Mohan Prasath,1,1,0,run,0,,,14/1
1439769,1,4,2,Robin Bist,R Kavin,S Mohan Prasath,1,1,0,run,0,,,15/1
1439769,1,4,3,R Kavin,Robin Bist,S Mohan Prasath,1,1,0,run,0,,,16/1
1439769,1,4,4,Robin Bist,R Kavin,S Mohan Prasath,0,0,0,no run,0,,,16/1
1439769,1,4,5,Robin Bist,R Kavin,S Mohan Prasath,1,1,0,run,0,,,17/1
1439769,1,4,6,R Kavin,Robin Bist,S Mohan Prasath,2,2,0,run,0,,,19/1
1439769,1,5,1,Robin Bist,R Kavin,Emmanuel Cherian,0,0,0,no run,0,,,19/1
1439769,1,5,2,Robin Bist,R Kavin,Emmanuel Cherian,1,1,0,run,0,,,20/1
1439769,1,5,3,R Kavin,Robin Bist,Emmanuel Cherian,1,1,0,run,0,,,21/1
1439769,1,5,4,Robin Bist,R Kavin,Emmanuel Cherian,4,4,0,four,0,,,25/1
1439769,1,5,5,Robin Bist,R Kavin,Emmanuel Cherian,1,0,1,leg bye,0,,,26/1
1439769,1,5,6,R Kavin,Robin Bist,Emmanuel Cherian,4,4,0,four,0,,,30/1
1439769,1,6,1,Robin Bist,R Kavin,Ramsingh Sonu Yadav,1,1,0,run,0,,,31/1
1439769,1,6,2,R Kavin,Robin Bist,Ramsingh Sonu Yadav,1,1,0,run,0,,,32/1
1439769,1,6,3,Robin Bist,R Kavin,Ramsingh Sonu Yadav,1,1,0,run,0,,,33/1
1439769,1,6,4,R Kavin,Robin Bist,Ramsingh Sonu Yadav,0,0,0,out,1,caught,R Kavin,33/2
1439769,1,6,5,Rajendran Vivek,Robin Bist,Ramsingh Sonu Yadav,1,1,0,run,0,,,34/2
1439769,1,6,6,Robin Bist,Rajendran Vivek,Ramsingh Sonu Yadav,1,1,0,run,0,,,35/2
1439769,1,7,1,Robin Bist,Rajendran Vivek,Ragupathy Silambarasan,0,0,0,no run,0,,,35/2
1439769,1,7,2,Robin Bist,Rajendran Vivek,Ragupathy Silambarasan,1,1,0,run,0,,,36/2
1439769,1,7,3,Rajendran Vivek,Robin Bist,Ragupathy Silambarasan,0,0,0,no run,0,,,36/2
1439769,1,7,4,Rajendran Vivek,Robin Bist,Ragupathy Silambarasan,6,6,0,six,0,,,42/2
1439769,1,7,5,Rajendran Vivek,Robin Bist,Ragupathy Silambarasan,1,1,0,run,0,,,43/2
1439769,1,7,6,Robin Bist,Rajendran Vivek,Ragupathy Silambarasan,1,1,0,run,0,,,44/2
1439769,1,8,1,Robin Bist,Rajendran Vivek,NS Harish,1,1,0,run,0,,,45/2
1439769,1,8,2,Rajendran Vivek,Robin Bist,NS Harish,0,0,0,no run,0,,,45/2
1439769,1,8,3,Rajendran Vivek,Robin Bist,NS Harish,0,0,0,no run,0,,,45/2
1439769,1,8,4,Rajendran Vivek,Robin Bist,NS Harish,4,4,0,four,0,,,49/2
1439769,1,8,5,Rajendran Vivek,Robin Bist,NS Harish,0,0,0,no run,0,,,49/2
1439769,1,8,6,Rajendran Vivek,Robin Bist,NS Harish,1,1,0,run,0,,,50/2
1439769,1,9,1,Rajendran Vivek,Robin Bist,Ramsingh Sonu Yadav,0,0,0,out,1,bowled,Rajendran Vivek,50/3
1439769,1,9,2,K Vishal Vaidhya,Robin Bist,Ramsingh Sonu Yadav,0,0,0,no run,0,,,50/3
1439769,1,9,3,K Vishal Vaidhya,Robin Bist,Ramsingh Sonu Yadav,0,0,0,no run,0,,,50/3
1439769,1,9,4,K Vishal Vaidhya,Robin Bist,Ramsingh Sonu Yadav,0,0,0,no run,0,,,50/3
1439769,1,9,5,K Vishal Vaidhya,Robin Bist,Ramsingh Sonu Yadav,1,1,0,run,0,,,51/3
1439769,1,9,6,Robin Bist,K Vishal Vaidhya,Ramsingh Sonu Yadav,2,0,2,wide,0,,,53/3
1439769,1,9,7,K Vishal Vaidhya,Robin Bist,Ramsingh Sonu Yadav,1,1,0,run,0,,,54/3
1439769,1,10,1,K Vishal Vaidhya,Robin Bist,RS Mokit Hariharan,1,1,0,run,0,,,55/3
1439769,1,10,2,Robin Bist,K Vishal Vaidhya,RS Mokit Hariharan,4,4,0,four,0,,,59/3
1439769,1,10,3,Robin Bist,K Vishal Vaidhya,RS Mokit Hariharan,1,1,0,run,0,,,60/3
1439769,1,10,4,K Vishal Vaidhya,Robin Bist,RS Mokit Hariharan,0,0,0,no run,0,,,60/3
1439769,1,10,5,K Vishal Vaidhya,Robin Bist,RS Mokit Hariharan,1,1,0,run,0,,,61/3
1439769,1,10,6,Robin Bist,K Vishal Vaidhya,RS Mokit Hariharan,1,1,0,run,0,,,62/3
1439769,1,11,1,Robin Bist,K Vishal Vaidhya,Ragupathy Silambarasan,4,4,0,four,0,,,66/3
1439769,1,11,2,Robin Bist,K Vishal Vaidhya,Ragupathy Silambarasan,0,0,0,no run,0,,,66/3
1439769,1,11,3,Robin Bist,K Vishal Vaidhya,Ragupathy Silambarasan,0,0,0,out,1,caught,Robin Bist,66/4
1439769,1,11,4,Poovathinga Shijit Chandran,K Vishal Vaidhya,Ragupathy Silambarasan,0,0,0,no run,0,,,66/4
1439769,1,11,5,Poovathinga Shijit Chandran,K Vishal Vaidhya,Ragupathy Silambarasan,1,1,0,run,0,,,67/4
1439769,1,11,6,K Vishal Vaidhya,Poovathinga Shijit Chandran,Ragupathy Silambarasan,0,0,0,no run,0,,,67/4
1439769,1,12,1,Poovathinga Shijit Chandran,K Vishal Vaidhya,S Mohan Prasath,0,0,0,no run,0,,,67/4
1439769,1,12,2,Poovathinga Shijit Chandran,K Vishal Vaidhya,S Mohan Prasath,1,1,0,run,0,,,68/4
1439769,1,12,3,K Vishal Vaidhya,Poovathinga Shijit Chandran,S Mohan Prasath,4,4,0,four,0,,,72/4
1439769,1,12,4,K Vishal Vaidhya,Poovathinga Shijit Chandran,S Mohan Prasath,1,1,0,run,0,,,73/4
1439769,1,12,5,Poovathinga Shijit Chandran,K Vishal Vaidhya,S Mohan Prasath,1,1,0,run,0,,,74/4
1439769,1,12,6,K Vishal Vaidhya,Poovathinga Shijit Chandran,S Mohan Prasath,1,0,1,wide,0,,,75/4
1439769,1,12,7,K Vishal Vaidhya,Poovathinga Shijit Chandran,S Mohan Prasath,1,1,0,run,0,,,76/4
1439769,1,13,1,K Vishal Vaidhya,Poovathinga Shijit Chandran,Emmanuel Cherian,0,0,0,no run,0,,,76/4
1439769,1,13,2,K Vishal Vaidhya,Poovathinga Shijit Chandran,Emmanuel Cherian,0,0,0,no run,0,,,76/4
1439769,1,13,3,K Vishal Vaidhya,Poovathinga Shijit Chandran,Emmanuel Cherian,1,1,0,run,0,,,77/4
1439769,1,13,4,Poovathinga Shijit Chandran,K Vishal Vaidhya,Emmanuel Cherian,4,4,0,four,0,,,81/4
1439769,1,13,5,Poovathinga Shijit Chandran,K Vishal Vaidhya,Emmanuel Cherian,0,0,0,no run,0,,,81/4
1439769,1,13,6,Poovathinga Shijit Chandran,K Vishal Vaidhya,Emmanuel Cherian,1,1,0,run,0,,,82/4
1439769,1,14,1,Poovathinga Shijit Chandran,K Vishal Vaidhya,RS Mokit Hariharan,0,0,0,no run,0,,,82/4
1439769,1,14,2,Poovathinga Shijit Chandran,K Vishal Vaidhya,RS Mokit Hariharan,6,6,0,six,0,,,88/4
1439769,1,14,3,Poovathinga Shijit Chandran,K Vishal Vaidhya,RS Mokit Hariharan,1,1,0,run,0,,,89/4
1439769,1,14,4,K Vishal Vaidhya,Poovathinga Shijit Chandran,RS Mokit Hariharan,1,1,0,run,0,,,90/4
1439769,1,14,5,Poovathinga Shijit Chandran,K Vishal Vaidhya,RS Mokit Hariharan,1,0,1,leg bye,0,,,91/4
1439769,1,14,6,K Vishal Vaidhya,Poovathinga Shijit Chandran,RS Mokit Hariharan,0,0,0,no run,0,,,91/4
1439769,1,15,1,Poovathinga Shijit Chandran,K Vishal Vaidhya,S Mohan Prasath,0,0,0,no run,0,,,91/4
1439769,1,15,2,Poovathinga Shijit Chandran,K Vishal Vaidhya,S Mohan Prasath,0,0,0,no run,0,,,91/4
1439769,1,15,3,Poovathinga Shijit Chandran,K Vishal Vaidhya,S Mohan Prasath,1,1,0,run,0,,,92/4
1439769,1,15,4,K Vishal Vaidhya,Poovathinga Shijit Chandran,S Mohan Prasath,0,0,0,out,1,caught,K Vishal Vaidhya,92/5
1439769,1,15,5,Sunny Sandhu,Poovathinga Shijit Chandran,S Mohan Prasath,1,1,0,run,0,,,93/5
1439769,1,15,6,Poovathinga Shijit Chandran,Sunny Sandhu,S Mohan Prasath,0,0,0,no run,0,,,93/5
1439769,1,16,1,Sunny Sandhu,Poovathinga Shijit Chandran,NS Harish,1,1,0,run,0,,,94/5
1439769,1,16,2,Poovathinga Shijit Chandran,Sunny Sandhu,NS Harish,4,4,0,four,0,,,98/5
1439769,1,16,3,Poovathinga Shijit Chandran,Sunny Sandhu,NS Harish,0,0,0,out,1,caught,Poovathinga Shijit Chandran,98/6
1439769,1,16,4,Muhammed Adnan Khan,Sunny Sandhu,NS Harish,1,0,1,leg bye,0,,,99/6
1439769,1,16,5,Sunny Sandhu,Muhammed Adnan Khan,NS Harish,2,2,0,run,0,,,101/6
1439769,1,16,6,Sunny Sandhu,Muhammed Adnan Khan,NS Harish,0,0,0,no run,0,,,101/6
1439769,1,17,1,Muhammed Adnan Khan,Sunny Sandhu,Ramsingh Sonu Yadav,6,6,0,six,0,,,107/6
1439769,1,17,2,Muhammed Adnan Khan,Sunny Sandhu,Ramsingh Sonu Yadav,1,1,0,run,0,,,108/6
1439769,1,17,3,Sunny Sandhu,Muhammed Adnan Khan,Ramsingh Sonu Yadav,4,4,0,four,0,,,112/6
1439769,1,17,4,Sunny Sandhu,Muhammed Adnan Khan,Ramsingh Sonu Yadav,2,2,0,run,0,,,114/6
1439769,1,17,5,Sunny Sandhu,Muhammed Adnan Khan,Ramsingh Sonu Yadav,4,4,0,four,0,,,118/6
1439769,1,17,6,Sunny Sandhu,Muhammed Adnan Khan,Ramsingh Sonu Yadav,0,0,0,out,1,caught,Sunny Sandhu,118/7
1439769,1,18,1,Muhammed Adnan Khan,S Harish Kumar,Ragupathy Silambarasan,1,1,0,run,0,,,119/7
1439769,1,18,2,S Harish Kumar,Muhammed Adnan Khan,Ragupathy Silambarasan,1,1,0,run,0,,,120/7
1439769,1,18,3,Muhammed Adnan Khan,S Harish Kumar,Ragupathy Silambarasan,1,1,0,run,0,,,121/7
1439769,1,18,4,S Harish Kumar,Muhammed Adnan Khan,Ragupathy Silambarasan,6,6,0,six,0,,,127/7
1439769,1,18,5,S Harish Kumar,Muhammed Adnan Khan,Ragupathy Silambarasan,2,2,0,run,0,,,129/7
1439769,1,18,6,S Harish Kumar,Muhammed Adnan Khan,Ragupathy Silambarasan,1,0,1,wide,0,,,130/7
1439769,1,18,7,S Harish Kumar,Muhammed Adnan Khan,Ragupathy Silambarasan,0,0,0,no run,0,,,130/7
1439769,1,19,1,Muhammed Adnan Khan,S Harish Kumar,Ramsingh Sonu Yadav,1,1,0,run,0,,,131/7
1439769,1,19,2,S Harish Kumar,Muhammed Adnan Khan,Ramsingh Sonu Yadav,1,1,0,run,0,,,132/7
1439769,1,19,3,Muhammed Adnan Khan,S Harish Kumar,Ramsingh Sonu Yadav,0,0,0,out,1,caught,Muhammed Adnan Khan,132/8
1439769,1,19,4,M Poiyamozhi,S Harish Kumar,Ramsingh Sonu Yadav,1,0,1,wide,0,,,133/8
1439769,1,19,5,M Poiyamozhi,S Harish Kumar,Ramsingh Sonu Yadav,1,0,1,leg bye,0,,,134/8
1439769,1,19,6,S Harish Kumar,M Poiyamozhi,Ramsingh Sonu Yadav,1,1,0,run,0,,,135/8
1439769,1,19,7,M Poiyamozhi,S Harish Kumar,Ramsingh Sonu Yadav,0,0,0,out,1,leg before wicket,M Poiyamozhi,135/9
1439769,1,20,1,S Harish Kumar,ME Yazh Arun Mozhi,Ragupathy Silambarasan,6,6,0,six,0,,,141/9
1439769,1,20,2,S Harish Kumar,ME Yazh Arun Mozhi,Ragupathy Silambarasan,0,0,0,out,1,caught,S Harish Kumar,141/10
1439769,2,1,1,Konda Bhaskir Arun Karthik,RS Mokit Hariharan,ME Yazh Arun Mozhi,5,0,5,wide,0,,,5/0
1439769,2,1,2,Konda Bhaskir Arun Karthik,RS Mokit Hariharan,Sunny Sandhu,5,5,0,run,0,,,10/0
1439769,2,1,3,RS Mokit Hariharan,Konda Bhaskir Arun Karthik,Sunny Sandhu,0,0,0,out,1,caught,RS Mokit Hariharan,10/1
1439769,2,1,4,Guruswamy Ajitesh,Konda Bhaskir Arun Karthik,Sunny Sandhu,0,0,0,no run,0,,,10/1
1439769,2,1,5,Guruswamy Ajitesh,Konda Bhaskir Arun Karthik,Sunny Sandhu,0,0,0,no run,0,,,10/1
1439769,2,1,6,Guruswamy Ajitesh,Konda Bhaskir Arun Karthik,Sunny Sandhu,0,0,0,no run,0,,,10/1
1439769,2,1,7,Guruswamy Ajitesh,Konda Bhaskir Arun Karthik,Sunny Sandhu,6,6,0,six,0,,,16/1
1439769,2,2,1,Konda Bhaskir Arun Karthik,Guruswamy Ajitesh,Raju Aushik Srinivas,1,1,0,run,0,,,17/1
1439769,2,2,2,Guruswamy Ajitesh,Konda Bhaskir Arun Karthik,Raju Aushik Srinivas,4,4,0,four,0,,,21/1
1439769,2,2,3,Guruswamy Ajitesh,Konda Bhaskir Arun Karthik,Raju Aushik Srinivas,1,1,0,run,0,,,22/1
1439769,2,2,4,Konda Bhaskir Arun Karthik,Guruswamy Ajitesh,Raju Aushik Srinivas,1,1,0,run,0,,,23/1
1439769,2,2,5,Guruswamy Ajitesh,Konda Bhaskir Arun Karthik,Raju Aushik Srinivas,0,0,0,no run,0,,,23/1
1439769,2,2,6,Guruswamy Ajitesh,Konda Bhaskir Arun Karthik,Raju Aushik Srinivas,0,0,0,no run,0,,,23/1
1439769,2,3,1,Konda Bhaskir Arun Karthik,Guruswamy Ajitesh,Sunny Sandhu,1,1,0,run,0,,,24/1
1439769,2,3,2,Guruswamy Ajitesh,Konda Bhaskir Arun Karthik,Sunny Sandhu,0,0,0,no run,0,,,24/1
1439769,2,3,3,Guruswamy Ajitesh,Konda Bhaskir Arun Karthik,Sunny Sandhu,2,2,0,run,0,,,26/1
1439769,2,3,4,Guruswamy Ajitesh,Konda Bhaskir Arun Karthik,Sunny Sandhu,0,0,0,no run,0,,,26/1
1439769,2,3,5,Guruswamy Ajitesh,Konda Bhaskir Arun Karthik,Sunny Sandhu,4,4,0,four,0,,,30/1
1439769,2,3,6,Guruswamy Ajitesh,Konda Bhaskir Arun Karthik,Sunny Sandhu,1,1,0,run,0,,,31/1
1439769,2,4,1,Guruswamy Ajitesh,Konda Bhaskir Arun Karthik,Raju Aushik Srinivas,1,1,0,run,0,,,32/1
1439769,2,4,2,Konda Bhaskir Arun Karthik,Guruswamy Ajitesh,Raju Aushik Srinivas,1,1,0,run,0,,,33/1
1439769,2,4,3,Guruswamy Ajitesh,Konda Bhaskir Arun Karthik,Raju Aushik Srinivas,0,0,0,no run,0,,,33/1
1439769,2,4,4,Guruswamy Ajitesh,Konda Bhaskir Arun Karthik,Raju Aushik Srinivas,1,1,0,run,0,,,34/1
1439769,2,4,5,Konda Bhaskir Arun Karthik,Guruswamy Ajitesh,Raju Aushik Srinivas,1,1,0,run,0,,,35/1
1439769,2,4,6,Guruswamy Ajitesh,Konda Bhaskir Arun Karthik,Raju Aushik Srinivas,0,0,0,no run,0,,,35/1
1439769,2,5,1,Konda Bhaskir Arun Karthik,Guruswamy Ajitesh,S Harish Kumar,1,1,0,run,0,,,36/1
1439769,2,5,2,Guruswamy Ajitesh,Konda Bhaskir Arun Karthik,S Harish Kumar,0,0,0,no run,0,,,36/1
1439769,2,5,3,Guruswamy Ajitesh,Konda Bhaskir Arun Karthik,S Harish Kumar,1,1,0,run,0,,,37/1
1439769,2,5,4,Konda Bhaskir Arun Karthik,Guruswamy Ajitesh,S Harish Kumar,0,0,0,out,1,caught,Konda Bhaskir Arun Karthik,37/2
1439769,2,5,5,Nidhish S Rajagopal,Guruswamy Ajitesh,S Harish Kumar,0,0,0,no run,0,,,37/2
1439769,2,5,6,Nidhish S Rajagopal,Guruswamy Ajitesh,S Harish Kumar,4,4,0,four,0,,,41/2
1439769,2,6,1,Guruswamy Ajitesh,Nidhish S Rajagopal,M Poiyamozhi,1,1,0,run,0,,,42/2
1439769,2,6,2,Nidhish S Rajagopal,Guruswamy Ajitesh,M Poiyamozhi,0,0,0,no run,0,,,42/2
1439769,2,6,3,Nidhish S Rajagopal,Guruswamy Ajitesh,M Poiyamozhi,1,1,0,run,0,,,43/2
1439769,2,6,4,Guruswamy Ajitesh,Nidhish S Rajagopal,M Poiyamozhi,2,2,0,run,0,,,45/2
1439769,2,6,5,Guruswamy Ajitesh,Nidhish S Rajagopal,M Poiyamozhi,0,0,0,no run,0,,,45/2
1439769,2,6,6,Guruswamy Ajitesh,Nidhish S Rajagopal,M Poiyamozhi,4,4,0,four,0,,,49/2
1439769,2,7,1,Nidhish S Rajagopal,Guruswamy Ajitesh,S Harish Kumar,1,1,0,run,0,,,50/2
1439769,2,7,2,Guruswamy Ajitesh,Nidhish S Rajagopal,S Harish Kumar,0,0,0,no run,0,,,50/2
1439769,2,7,3,Guruswamy Ajitesh,Nidhish S Rajagopal,S Harish Kumar,1,1,0,run,0,,,51/2
1439769,2,7,4,Nidhish S Rajagopal,Guruswamy Ajitesh,S Harish Kumar,4,4,0,four,0,,,55/2
1439769,2,7,5,Nidhish S Rajagopal,Guruswamy Ajitesh,S Harish Kumar,1,1,0,run,0,,,56/2
1439769,2,7,6,Guruswamy Ajitesh,Nidhish S Rajagopal,S Harish Kumar,4,4,0,four,0,,,60/2
1439769,2,8,1,Nidhish S Rajagopal,Guruswamy Ajitesh,ME Yazh Arun Mozhi,1,1,0,run,0,,,61/2
1439769,2,8,2,Guruswamy Ajitesh,Nidhish S Rajagopal,ME Yazh Arun Mozhi,4,4,0,four,0,,,65/2
1439769,2,8,3,Guruswamy Ajitesh,Nidhish S Rajagopal,ME Yazh Arun Mozhi,0,0,0,no run,0,,,65/2
1439769,2,8,4,Guruswamy Ajitesh,Nidhish S Rajagopal,ME Yazh Arun Mozhi,0,0,0,no run,0,,,65/2
1439769,2,8,5,Guruswamy Ajitesh,Nidhish S Rajagopal,ME Yazh Arun Mozhi,1,1,0,run,0,,,66/2
1439769,2,8,6,Nidhish S Rajagopal,Guruswamy Ajitesh,ME Yazh Arun Mozhi,1,1,0,run,0,,,67/2
1439769,2,9,1,Nidhish S Rajagopal,Guruswamy Ajitesh,Raju Aushik Srinivas,1,1,0,run,0,,,68/2
1439769,2,9,2,Guruswamy Ajitesh,Nidhish S Rajagopal,Raju Aushik Srinivas,4,4,0,four,0,,,72/2
1439769,2,9,3,Guruswamy Ajitesh,Nidhish S Rajagopal,Raju Aushik Srinivas,1,1,0,run,0,,,73/2
1439769,2,9,4,Nidhish S Rajagopal,Guruswamy Ajitesh,Raju Aushik Srinivas,1,1,0,run,0,,,74/2
1439769,2,9,5,Guruswamy Ajitesh,Nidhish S Rajagopal,Raju Aushik Srinivas,1,1,0,run,0,,,75/2
1439769,2,9,6,Nidhish S Rajagopal,Guruswamy Ajitesh,Raju Aushik Srinivas,0,0,0,no run,0,,,75/2
1439769,2,10,1,Guruswamy Ajitesh,Nidhish S Rajagopal,ME Yazh Arun Mozhi,1,1,0,run,0,,,76/2
1439769,2,10,2,Nidhish S Rajagopal,Guruswamy Ajitesh,ME Yazh Arun Mozhi,0,0,0,no run,0,,,76/2
1439769,2,10,3,Nidhish S Rajagopal,Guruswamy Ajitesh,ME Yazh Arun Mozhi,1,1,0,run,0,,,77/2
1439769,2,10,4,Guruswamy Ajitesh,Nidhish S Rajagopal,ME Yazh Arun Mozhi,0,0,0,no run,0,,,77/2
1439769,2,10,5,Guruswamy Ajitesh,Nidhish S Rajagopal,ME Yazh Arun Mozhi,0,0,0,out,1,caught,Guruswamy Ajitesh,77/3
1439769,2,10,6,Laxmesha Suryaprakash,Nidhish S Rajagopal,ME Yazh Arun Mozhi,0,0,0,no run,0,,,77/3
1439769,2,11,1,Nidhish S Rajagopal,Laxmesha Suryaprakash,Rajendran Vivek,1,1,0,run,0,,,78/3
1439769,2,11,2,Laxmesha Suryaprakash,Nidhish S Rajagopal,Rajendran Vivek,1,1,0,run,0,,,79/3
1439769,2,11,3,Nidhish S Rajagopal,Laxmesha Suryaprakash,Rajendran Vivek,1,0,1,wide,0,,,80/3
1439769,2,11,4,Nidhish S Rajagopal,Laxmesha Suryaprakash,Rajendran Vivek,1,1,0,run,0,,,81/3
1439769,2,11,5,Laxmesha Suryaprakash,Nidhish S Rajagopal,Rajendran Vivek,2,2,0,run,0,,,83/3
1439769,2,11,6,Laxmesha Suryaprakash,Nidhish S Rajagopal,Rajendran Vivek,0,0,0,no run,0,,,83/3
1439769,2,11,7,Laxmesha Suryaprakash,Nidhish S Rajagopal,Rajendran Vivek,1,1,0,run,0,,,84/3
1439769,2,12,1,Laxmesha Suryaprakash,Nidhish S Rajagopal,ME Yazh Arun Mozhi,1,1,0,run,0,,,85/3
1439769,2,12,2,Nidhish S Rajagopal,Laxmesha Suryaprakash,ME Yazh Arun Mozhi,1,1,0,run,0,,,86/3
1439769,2,12,3,Laxmesha Suryaprakash,Nidhish S Rajagopal,ME Yazh Arun Mozhi,0,0,0,no run,0,,,86/3
1439769,2,12,4,Laxmesha Suryaprakash,Nidhish S Rajagopal,ME Yazh Arun Mozhi,1,1,0,run,0,,,87/3
1439769,2,12,5,Nidhish S Rajagopal,Laxmesha Suryaprakash,ME Yazh Arun Mozhi,0,0,0,out,1,caught,Nidhish S Rajagopal,87/4
1439769,2,12,6,S Rithik Easwaran,Laxmesha Suryaprakash,ME Yazh Arun Mozhi,0,0,0,no run,0,,,87/4
1439769,2,13,1,Laxmesha Suryaprakash,S Rithik Easwaran,M Poiyamozhi,0,0,0,no run,0,,,87/4
1439769,2,13,2,Laxmesha Suryaprakash,S Rithik Easwaran,M Poiyamozhi,0,0,0,no run,0,,,87/4
1439769,2,13,3,Laxmesha Suryaprakash,S Rithik Easwaran,M Poiyamozhi,1,0,1,wide,0,,,88/4
1439769,2,13,4,Laxmesha Suryaprakash,S Rithik Easwaran,M Poiyamozhi,2,2,0,run,0,,,90/4
1439769,2,13,5,Laxmesha Suryaprakash,S Rithik Easwaran,M Poiyamozhi,0,0,0,no run,0,,,90/4
1439769,2,13,6,Laxmesha Suryaprakash,S Rithik Easwaran,M Poiyamozhi,4,4,0,four,0,,,94/4
1439769,2,13,7,Laxmesha Suryaprakash,S Rithik Easwaran,M Poiyamozhi,1,1,0,run,0,,,95/4
1439769,2,14,1,Laxmesha Suryaprakash,S Rithik Easwaran,ME Yazh Arun Mozhi,1,1,0,run,0,,,96/4
1439769,2,14,2,S Rithik Easwaran,Laxmesha Suryaprakash,ME Yazh Arun Mozhi,1,1,0,run,0,,,97/4
1439769,2,14,3,Laxmesha Suryaprakash,S Rithik Easwaran,ME Yazh Arun Mozhi,1,1,0,run,0,,,98/4
1439769,2,14,4,S Rithik Easwaran,Laxmesha Suryaprakash,ME Yazh Arun Mozhi,0,0,0,out,1,leg before wicket,S Rithik Easwaran,98/5
1439769,2,14,5,NS Harish,Laxmesha Suryaprakash,ME Yazh Arun Mozhi,1,1,0,run,0,,,99/5
1439769,2,14,6,Laxmesha Suryaprakash,NS Harish,ME Yazh Arun Mozhi,1,1,0,run,0,,,100/5
1439769,2,15,1,Laxmesha Suryaprakash,NS Harish,Raju Aushik Srinivas,0,0,0,no run,0,,,100/5
1439769,2,15,2,Laxmesha Suryaprakash,NS Harish,Raju Aushik Srinivas,1,1,0,run,0,,,101/5
1439769,2,15,3,NS Harish,Laxmesha Suryaprakash,Raju Aushik Srinivas,0,0,0,no run,0,,,101/5
1439769,2,15,4,NS Harish,Laxmesha Suryaprakash,Raju Aushik Srinivas,6,6,0,six,0,,,107/5
1439769,2,15,5,NS Harish,Laxmesha Suryaprakash,Raju Aushik Srinivas,4,4,0,four,0,,,111/5
1439769,2,15,6,NS Harish,Laxmesha Suryaprakash,Raju Aushik Srinivas,2,2,0,run,0,,,113/5
1439769,2,16,1,Laxmesha Suryaprakash,NS Harish,M Poiyamozhi,0,0,0,no run,0,,,113/5
1439769,2,16,2,Laxmesha Suryaprakash,NS Harish,M Poiyamozhi,1,1,0,run,0,,,114/5
1439769,2,16,3,NS Harish,Laxmesha Suryaprakash,M Poiyamozhi,0,0,0,out,1,bowled,NS Harish,114/6
1439769,2,16,4,Ramsingh Sonu Yadav,Laxmesha Suryaprakash,M Poiyamozhi,1,1,0,run,0,,,115/6
1439769,2,16,5,Laxmesha Suryaprakash,Ramsingh Sonu Yadav,M Poiyamozhi,2,2,0,run,0,,,117/6
1439769,2,16,6,Laxmesha Suryaprakash,Ramsingh Sonu Yadav,M Poiyamozhi,1,1,0,run,0,,,118/6
1439769,2,17,1,Laxmesha Suryaprakash,Ramsingh Sonu Yadav,S Harish Kumar,4,4,0,four,0,,,122/6
1439769,2,17,2,Laxmesha Suryaprakash,Ramsingh Sonu Yadav,S Harish Kumar,0,0,0,no run,0,,,122/6
1439769,2,17,3,Laxmesha Suryaprakash,Ramsingh Sonu Yadav,S Harish Kumar,1,1,0,run,0,,,123/6
1439769,2,17,4,Ramsingh Sonu Yadav,Laxmesha Suryaprakash,S Harish Kumar,1,1,0,run,0,,,124/6
1439769,2,17,5,Laxmesha Suryaprakash,Ramsingh Sonu Yadav,S Harish Kumar,1,1,0,run,0,,,125/6
1439769,2,17,6,Ramsingh Sonu Yadav,Laxmesha Suryaprakash,S Harish Kumar,0,0,0,out,1,caught,Ramsingh Sonu Yadav,125/7
1439769,2,18,1,Laxmesha Suryaprakash,SJ Arun Kumar,Sunny Sandhu,1,1,0,run,0,,,126/7
1439769,2,18,2,SJ Arun Kumar,Laxmesha Suryaprakash,Sunny Sandhu,1,1,0,run,0,,,127/7
1439769,2,18,3,Laxmesha Suryaprakash,SJ Arun Kumar,Sunny Sandhu,4,4,0,four,0,,,131/7
1439769,2,18,4,Laxmesha Suryaprakash,SJ Arun Kumar,Sunny Sandhu,1,1,0,run,0,,,132/7
1439769,2,18,5,SJ Arun Kumar,Laxmesha Suryaprakash,Sunny Sandhu,1,1,0,run,0,,,133/7
1439769,2,18,6,Laxmesha Suryaprakash,SJ Arun Kumar,Sunny Sandhu,1,1,0,run,0,,,134/7
1439769,2,19,1,Laxmesha Suryaprakash,SJ Arun Kumar,M Poiyamozhi,1,1,0,run,0,,,135/7
1439769,2,19,2,SJ Arun Kumar,Laxmesha Suryaprakash,M Poiyamozhi,1,1,0,run,0,,,136/7
1439769,2,19,3,Laxmesha Suryaprakash,SJ Arun Kumar,M Poiyamozhi,4,4,0,four,0,,,140/7
1439769,2,19,4,Laxmesha Suryaprakash,SJ Arun Kumar,M Poiyamozhi,0,0,0,no run,0,,,140/7
1439769,2,19,5,Laxmesha Suryaprakash,SJ Arun Kumar,M Poiyamozhi,4,4,0,four,0,,,144/7
1439770,1,1,1,Chezhian Nishaanth,Suresh Lokeshwar,P Bhuvaneswaran,1,0,1,leg bye,0,,,1/0
1439770,1,1,2,Suresh Lokeshwar,Chezhian Nishaanth,P Bhuvaneswaran,4,4,0,four,0,,,5/0
1439770,1,1,3,Suresh Lokeshwar,Chezhian Nishaanth,P Bhuvaneswaran,0,0,0,out,1,leg before wicket,Suresh Lokeshwar,5/1
1439770,1,1,4,J Ajay Chetan,Chezhian Nishaanth,P Bhuvaneswaran,1,1,0,run,0,,,6/1
1439770,1,1,5,Chezhian Nishaanth,J Ajay Chetan,P Bhuvaneswaran,1,0,1,wide,0,,,7/1
1439770,1,1,6,Chezhian Nishaanth,J Ajay Chetan,P Bhuvaneswaran,0,0,0,no run,0,,,7/1
1439770,1,1,7,Chezhian Nishaanth,J Ajay Chetan,P Bhuvaneswaran,1,1,0,run,0,,,8/1
1439770,1,2,1,Chezhian Nishaanth,J Ajay Chetan,Ramalingam Rohit,0,0,0,no run,0,,,8/1
1439770,1,2,2,Chezhian Nishaanth,J Ajay Chetan,Ramalingam Rohit,0,0,0,no run,0,,,8/1
1439770,1,2,3,Chezhian Nishaanth,J Ajay Chetan,Ramalingam Rohit,2,2,0,run,0,,,10/1
1439770,1,2,4,Chezhian Nishaanth,J Ajay Chetan,Ramalingam Rohit,4,4,0,four,0,,,14/1
1439770,1,2,5,Chezhian Nishaanth,J Ajay Chetan,Ramalingam Rohit,0,0,0,no run,0,,,14/1
1439770,1,2,6,Chezhian Nishaanth,J Ajay Chetan,Ramalingam Rohit,0,0,0,no run,0,,,14/1
1439770,1,3,1,J Ajay Chetan,Chezhian Nishaanth,P Bhuvaneswaran,1,1,0,run,0,,,15/1
1439770,1,3,2,Chezhian Nishaanth,J Ajay Chetan,P Bhuvaneswaran,1,0,1,wide,0,,,16/1
1439770,1,3,3,Chezhian Nishaanth,J Ajay Chetan,P Bhuvaneswaran,1,0,1,leg bye,0,,,17/1
1439770,1,3,4,J Ajay Chetan,Chezhian Nishaanth,P Bhuvaneswaran,0,0,0,no run,0,,,17/1
1439770,1,3,5,J Ajay Chetan,Chezhian Nishaanth,P Bhuvaneswaran,1,0,1,leg bye,0,,,18/1
1439770,1,3,6,Chezhian Nishaanth,J Ajay Chetan,P Bhuvaneswaran,1,1,0,run,0,,,19/1
1439770,1,3,7,J Ajay Chetan,Chezhian Nishaanth,P Bhuvaneswaran,1,1,0,run,0,,,20/1
1439770,1,4,1,J Ajay Chetan,Chezhian Nishaanth,S Mohamed Ali,0,0,0,no run,0,,,20/1
1439770,1,4,2,J Ajay Chetan,Chezhian Nishaanth,S Mohamed Ali,1,0,1,bye,0,,,21/1
1439770,1,4,3,Chezhian Nishaanth,J Ajay Chetan,S Mohamed Ali,1,1,0,run,0,,,22/1
1439770,1,4,4,J Ajay Chetan,Chezhian Nishaanth,S Mohamed Ali,0,0,0,no run,0,,,22/1
1439770,1,4,5,J Ajay Chetan,Chezhian Nishaanth,S Mohamed Ali,0,0,0,no run,0,,,22/1
1439770,1,4,6,J Ajay Chetan,Chezhian Nishaanth,S Mohamed Ali,0,0,0,out,1,caught,J Ajay Chetan,22/2
1439770,1,5,1,Chezhian Nishaanth,Jagatheesan Kousik, Sriram Ajith Ram,1,1,0,run,0,,,23/2
1439770,1,5,2,Jagatheesan Kousik,Chezhian Nishaanth, Sriram Ajith Ram,1,1,0,run,0,,,24/2
1439770,1,5,3,Chezhian Nishaanth,Jagatheesan Kousik, Sriram Ajith Ram,1,1,0,run,0,,,25/2
1439770,1,5,4,Jagatheesan Kousik,Chezhian Nishaanth, Sriram Ajith Ram,0,0,0,no run,0,,,25/2
1439770,1,5,5,Jagatheesan Kousik,Chezhian Nishaanth, Sriram Ajith Ram,0,0,0,no run,0,,,25/2
1439770,1,5,6,Jagatheesan Kousik,Chezhian Nishaanth, Sriram Ajith Ram,1,1,0,run,0,,,26/2
1439770,1,6,1,Jagatheesan Kousik,Chezhian Nishaanth,Ramalingam Rohit,0,0,0,no run,0,,,26/2
1439770,1,6,2,Jagatheesan Kousik,Chezhian Nishaanth,Ramalingam Rohit,1,1,0,run,0,,,27/2
1439770,1,6,3,Chezhian Nishaanth,Jagatheesan Kousik,Ramalingam Rohit,1,1,0,run,0,,,28/2
1439770,1,6,4,Jagatheesan Kousik,Chezhian Nishaanth,Ramalingam Rohit,1,1,0,run,0,,,29/2
1439770,1,6,5,Chezhian Nishaanth,Jagatheesan Kousik,Ramalingam Rohit,1,0,1,wide,0,,,30/2
1439770,1,6,6,Chezhian Nishaanth,Jagatheesan Kousik,Ramalingam Rohit,4,4,0,four,0,,,34/2
1439770,1,6,7,Chezhian Nishaanth,Jagatheesan Kousik,Ramalingam Rohit,1,1,0,run,0,,,35/2
1439770,1,7,1,Chezhian Nishaanth,Jagatheesan Kousik, Sriram Ajith Ram,0,0,0,out,1,caught,Chezhian Nishaanth,35/3
1439770,1,7,2,S Sri Abisek,Jagatheesan Kousik, Sriram Ajith Ram,0,0,0,no run,0,,,35/3
1439770,1,7,3,S Sri Abisek,Jagatheesan Kousik, Sriram Ajith Ram,0,0,0,no run,0,,,35/3
1439770,1,7,4,S Sri Abisek,Jagatheesan Kousik, Sriram Ajith Ram,0,0,0,no run,0,,,35/3
1439770,1,7,5,S Sri Abisek,Jagatheesan Kousik, Sriram Ajith Ram,4,4,0,four,0,,,39/3
1439770,1,7,6,S Sri Abisek,Jagatheesan Kousik, Sriram Ajith Ram,0,0,0,no run,0,,,39/3
1439770,1,8,1,Jagatheesan Kousik,S Sri Abisek,S Mohamed Ali,0,0,0,no run,0,,,39/3
1439770,1,8,2,Jagatheesan Kousik,S Sri Abisek,S Mohamed Ali,0,0,0,no run,0,,,39/3
1439770,1,8,3,Jagatheesan Kousik,S Sri Abisek,S Mohamed Ali,0,0,0,no run,0,,,39/3
1439770,1,8,4,Jagatheesan Kousik,S Sri Abisek,S Mohamed Ali,1,1,0,run,0,,,40/3
1439770,1,8,5,S Sri Abisek,Jagatheesan Kousik,S Mohamed Ali,0,0,0,no run,0,,,40/3
1439770,1,8,6,S Sri Abisek,Jagatheesan Kousik,S Mohamed Ali,1,1,0,run,0,,,41/3
1439770,1,9,1,S Sri Abisek,Jagatheesan Kousik,Ravisrinivasan Sai Kishore,1,1,0,run,0,,,42/3
1439770,1,9,2,Jagatheesan Kousik,S Sri Abisek,Ravisrinivasan Sai Kishore,0,0,0,no run,0,,,42/3
1439770,1,9,3,Jagatheesan Kousik,S Sri Abisek,Ravisrinivasan Sai Kishore,1,1,0,run,0,,,43/3
1439770,1,9,4,S Sri Abisek,Jagatheesan Kousik,Ravisrinivasan Sai Kishore,4,4,0,four,0,,,47/3
1439770,1,9,5,S Sri Abisek,Jagatheesan Kousik,Ravisrinivasan Sai Kishore,0,0,0,no run,0,,,47/3
1439770,1,9,6,S Sri Abisek,Jagatheesan Kousik,Ravisrinivasan Sai Kishore,1,1,0,run,0,,,48/3
1439770,1,10,1,S Sri Abisek,Jagatheesan Kousik,S Mohamed Ali,0,0,0,no run,0,,,48/3
1439770,1,10,2,S Sri Abisek,Jagatheesan Kousik,S Mohamed Ali,1,1,0,run,0,,,49/3
1439770,1,10,3,Jagatheesan Kousik,S Sri Abisek,S Mohamed Ali,0,0,0,no run,0,,,49/3
1439770,1,10,4,Jagatheesan Kousik,S Sri Abisek,S Mohamed Ali,2,2,0,run,0,,,51/3
1439770,1,10,5,Jagatheesan Kousik,S Sri Abisek,S Mohamed Ali,0,0,0,no run,0,,,51/3
1439770,1,10,6,Jagatheesan Kousik,S Sri Abisek,S Mohamed Ali,1,1,0,run,0,,,52/3
1439770,1,11,1,Jagatheesan Kousik,S Sri Abisek,Ravisrinivasan Sai Kishore,0,0,0,no run,0,,,52/3
1439770,1,11,2,Jagatheesan Kousik,S Sri Abisek,Ravisrinivasan Sai Kishore,1,1,0,run,0,,,53/3
1439770,1,11,3,S Sri Abisek,Jagatheesan Kousik,Ravisrinivasan Sai Kishore,1,1,0,run,0,,,54/3
1439770,1,11,4,Jagatheesan Kousik,S Sri Abisek,Ravisrinivasan Sai Kishore,0,0,0,no run,0,,,54/3
1439770,1,11,5,Jagatheesan Kousik,S Sri Abisek,Ravisrinivasan Sai Kishore,1,1,0,run,0,,,55/3
1439770,1,11,6,S Sri Abisek,Jagatheesan Kousik,Ravisrinivasan Sai Kishore,1,1,0,run,0,,,56/3
1439770,1,12,1,S Sri Abisek,Jagatheesan Kousik,S Mohamed Ali,6,6,0,six,0,,,62/3
1439770,1,12,2,S Sri Abisek,Jagatheesan Kousik,S Mohamed Ali,1,1,0,run,0,,,63/3
1439770,1,12,3,Jagatheesan Kousik,S Sri Abisek,S Mohamed Ali,4,4,0,four,0,,,67/3
1439770,1,12,4,Jagatheesan Kousik,S Sri Abisek,S Mohamed Ali,4,4,0,four,0,,,71/3
1439770,1,12,5,Jagatheesan Kousik,S Sri Abisek,S Mohamed Ali,0,0,0,no run,0,,,71/3
1439770,1,12,6,Jagatheesan Kousik,S Sri Abisek,S Mohamed Ali,1,1,0,run,0,,,72/3
1439770,1,13,1,Jagatheesan Kousik,S Sri Abisek,M Mathivannan,1,1,0,run,0,,,73/3
1439770,1,13,2,S Sri Abisek,Jagatheesan Kousik,M Mathivannan,1,0,1,wide,0,,,74/3
1439770,1,13,3,S Sri Abisek,Jagatheesan Kousik,M Mathivannan,0,0,0,out,1,caught,S Sri Abisek,74/4
1439770,1,13,4,Uthirasamy Sasidev,Jagatheesan Kousik,M Mathivannan,1,1,0,run,0,,,75/4
1439770,1,13,5,Jagatheesan Kousik,Uthirasamy Sasidev,M Mathivannan,1,1,0,run,0,,,76/4
1439770,1,13,6,Uthirasamy Sasidev,Jagatheesan Kousik,M Mathivannan,1,1,0,run,0,,,77/4
1439770,1,13,7,Jagatheesan Kousik,Uthirasamy Sasidev,M Mathivannan,1,1,0,run,0,,,78/4
1439770,1,14,1,Jagatheesan Kousik,Uthirasamy Sasidev, Sriram Ajith Ram,4,4,0,four,0,,,82/4
1439770,1,14,2,Jagatheesan Kousik,Uthirasamy Sasidev, Sriram Ajith Ram,1,1,0,run,0,,,83/4
1439770,1,14,3,Uthirasamy Sasidev,Jagatheesan Kousik, Sriram Ajith Ram,4,4,0,four,0,,,87/4
1439770,1,14,4,Uthirasamy Sasidev,Jagatheesan Kousik, Sriram Ajith Ram,6,6,0,six,0,,,93/4
1439770,1,14,5,Uthirasamy Sasidev,Jagatheesan Kousik, Sriram Ajith Ram,0,0,0,no run,0,,,93/4
1439770,1,14,6,Uthirasamy Sasidev,Jagatheesan Kousik, Sriram Ajith Ram,0,0,0,no run,0,,,93/4
1439770,1,15,1,Jagatheesan Kousik,Uthirasamy Sasidev,Ravisrinivasan Sai Kishore,0,0,0,out,1,caught,Jagatheesan Kousik,93/5
1439770,1,15,2,Swapnil Singh,Uthirasamy Sasidev,Ravisrinivasan Sai Kishore,0,0,0,no run,0,,,93/5
1439770,1,15,3,Swapnil Singh,Uthirasamy Sasidev,Ravisrinivasan Sai Kishore,1,1,0,run,0,,,94/5
1439770,1,15,4,Uthirasamy Sasidev,Swapnil Singh,Ravisrinivasan Sai Kishore,1,0,1,wide,0,,,95/5
1439770,1,15,5,Uthirasamy Sasidev,Swapnil Singh,Ravisrinivasan Sai Kishore,1,1,0,run,0,,,96/5
1439770,1,15,6,Swapnil Singh,Uthirasamy Sasidev,Ravisrinivasan Sai Kishore,0,0,0,no run,0,,,96/5
1439770,1,15,7,Swapnil Singh,Uthirasamy Sasidev,Ravisrinivasan Sai Kishore,0,0,0,no run,0,,,96/5
1439770,1,16,1,Uthirasamy Sasidev,Swapnil Singh,P Bhuvaneswaran,0,0,0,no run,0,,,96/5
1439770,1,16,2,Uthirasamy Sasidev,Swapnil Singh,P Bhuvaneswaran,6,6,0,six,0,,,102/5
1439770,1,16,3,Uthirasamy Sasidev,Swapnil Singh,P Bhuvaneswaran,1,1,0,run,0,,,103/5
1439770,1,16,4,Swapnil Singh,Uthirasamy Sasidev,P Bhuvaneswaran,0,0,0,no run,0,,,103/5
1439770,1,16,5,Swapnil Singh,Uthirasamy Sasidev,P Bhuvaneswaran,1,1,0,run,0,,,104/5
1439770,1,16,6,Uthirasamy Sasidev,Swapnil Singh,P Bhuvaneswaran,1,1,0,run,0,,,105/5
1439770,1,17,1,Uthirasamy Sasidev,Swapnil Singh,Ramalingam Rohit,1,1,0,run,0,,,106/5
1439770,1,17,2,Swapnil Singh,Uthirasamy Sasidev,Ramalingam Rohit,6,6,0,six,0,,,112/5
1439770,1,17,3,Swapnil Singh,Uthirasamy Sasidev,Ramalingam Rohit,0,0,0,no run,0,,,112/5
1439770,1,17,4,Swapnil Singh,Uthirasamy Sasidev,Ramalingam Rohit,1,1,0,run,0,,,113/5
1439770,1,17,5,Uthirasamy Sasidev,Swapnil Singh,Ramalingam Rohit,1,1,0,run,0,,,114/5
1439770,1,17,6,Swapnil Singh,Uthirasamy Sasidev,Ramalingam Rohit,0,0,0,no run,0,,,114/5
1439770,1,18,1,Uthirasamy Sasidev,Swapnil Singh,P Bhuvaneswaran,6,6,0,six,0,,,120/5
1439770,1,18,2,Uthirasamy Sasidev,Swapnil Singh,P Bhuvaneswaran,1,1,0,run,0,,,121/5
1439770,1,18,3,Swapnil Singh,Uthirasamy Sasidev,P Bhuvaneswaran,6,6,0,six,0,,,127/5
1439770,1,18,4,Swapnil Singh,Uthirasamy Sasidev,P Bhuvaneswaran,1,0,1,wide,0,,,128/5
1439770,1,18,5,Swapnil Singh,Uthirasamy Sasidev,P Bhuvaneswaran,1,1,0,run,0,,,129/5
1439770,1,18,6,Uthirasamy Sasidev,Swapnil Singh,P Bhuvaneswaran,4,4,0,four,0,,,133/5
1439770,1,18,7,Uthirasamy Sasidev,Swapnil Singh,P Bhuvaneswaran,1,1,0,run,0,,,134/5
1439770,1,19,1,Uthirasamy Sasidev,Swapnil Singh, Sriram Ajith Ram,6,6,0,six,0,,,140/5
1439770,1,19,2,Uthirasamy Sasidev,Swapnil Singh, Sriram Ajith Ram,0,0,0,out,1,caught,Uthirasamy Sasidev,140/6
1439770,1,19,3,P Saravanan,Swapnil Singh, Sriram Ajith Ram,0,0,0,no run,0,,,140/6
1439770,1,19,4,P Saravanan,Swapnil Singh, Sriram Ajith Ram,6,6,0,six,0,,,146/6
1439770,1,19,5,P Saravanan,Swapnil Singh, Sriram Ajith Ram,0,0,0,no run,0,,,146/6
1439770,1,19,6,P Saravanan,Swapnil Singh, Sriram Ajith Ram,0,0,0,out,1,caught,P Saravanan,146/7
1439770,1,20,1,Swapnil Singh,Murugan Ashwin,Ramalingam Rohit,1,1,0,run,0,,,147/7
1439770,1,20,2,Murugan Ashwin,Swapnil Singh,Ramalingam Rohit,0,0,0,out,1,hit wicket,Murugan Ashwin,147/8
1439770,1,20,3,N Sarangarajan Chaturved,Swapnil Singh,Ramalingam Rohit,4,4,0,four,0,,,151/8
1439770,1,20,4,N Sarangarajan Chaturved,Swapnil Singh,Ramalingam Rohit,4,4,0,four,0,,,155/8
1439770,1,20,5,N Sarangarajan Chaturved,Swapnil Singh,Ramalingam Rohit,0,0,0,out,1,caught,N Sarangarajan Chaturved,155/9
1439770,1,20,6,L Kiran Akash,Swapnil Singh,Ramalingam Rohit,1,1,0,run,0,,,156/9
1439770,2,1,1,Sundararaman Radhakrishnan,Tushar Raheja,L Kiran Akash,1,0,1,wide,0,,,1/0
1439770,2,1,2,Sundararaman Radhakrishnan,Tushar Raheja,L Kiran Akash,1,0,1,wide,0,,,2/0
1439770,2,1,3,Sundararaman Radhakrishnan,Tushar Raheja,L Kiran Akash,0,0,0,no run,0,,,2/0
1439770,2,1,4,Sundararaman Radhakrishnan,Tushar Raheja,L Kiran Akash,4,4,0,four,0,,,6/0
1439770,2,1,5,Sundararaman Radhakrishnan,Tushar Raheja,L Kiran Akash,1,0,1,wide,0,,,7/0
1439770,2,1,6,Sundararaman Radhakrishnan,Tushar Raheja,L Kiran Akash,1,1,0,run,0,,,8/0
1439770,2,1,7,Tushar Raheja,Sundararaman Radhakrishnan,L Kiran Akash,2,2,0,run,0,,,10/0
1439770,2,1,8,Tushar Raheja,Sundararaman Radhakrishnan,L Kiran Akash,1,0,1,leg bye,0,,,11/0
1439770,2,1,9,Sundararaman Radhakrishnan,Tushar Raheja,L Kiran Akash,0,0,0,no run,0,,,11/0
1439770,2,2,1,Tushar Raheja,Sundararaman Radhakrishnan,Gurjapneet Singh,0,0,0,no run,0,,,11/0
1439770,2,2,2,Tushar Raheja,Sundararaman Radhakrishnan,Gurjapneet Singh,0,0,0,no run,0,,,11/0
1439770,2,2,3,Tushar Raheja,Sundararaman Radhakrishnan,Gurjapneet Singh,1,1,0,run,0,,,12/0
1439770,2,2,4,Sundararaman Radhakrishnan,Tushar Raheja,Gurjapneet Singh,1,0,1,wide,0,,,13/0
1439770,2,2,5,Sundararaman Radhakrishnan,Tushar Raheja,Gurjapneet Singh,0,0,0,no run,0,,,13/0
1439770,2,2,6,Sundararaman Radhakrishnan,Tushar Raheja,Gurjapneet Singh,0,0,0,no run,0,,,13/0
1439770,2,2,7,Sundararaman Radhakrishnan,Tushar Raheja,Gurjapneet Singh,0,0,0,out,1,caught,Sundararaman Radhakrishnan,13/1
1439770,2,3,1,Tushar Raheja,VP Amit Sathvik,L Kiran Akash,0,0,0,no run,0,,,13/1
1439770,2,3,2,Tushar Raheja,VP Amit Sathvik,L Kiran Akash,0,0,0,out,1,bowled,Tushar Raheja,13/2
1439770,2,3,3,Balchander Anirudh,VP Amit Sathvik,L Kiran Akash,0,0,0,no run,0,,,13/2
1439770,2,3,4,Balchander Anirudh,VP Amit Sathvik,L Kiran Akash,1,1,0,run,0,,,14/2
1439770,2,3,5,VP Amit Sathvik,Balchander Anirudh,L Kiran Akash,1,1,0,run,0,,,15/2
1439770,2,3,6,Balchander Anirudh,VP Amit Sathvik,L Kiran Akash,6,6,0,six,0,,,21/2
1439770,2,4,1,VP Amit Sathvik,Balchander Anirudh,Chezhian Nishaanth,1,1,0,run,0,,,22/2
1439770,2,4,2,Balchander Anirudh,VP Amit Sathvik,Chezhian Nishaanth,0,0,0,no run,0,,,22/2
1439770,2,4,3,Balchander Anirudh,VP Amit Sathvik,Chezhian Nishaanth,4,4,0,four,0,,,26/2
1439770,2,4,4,Balchander Anirudh,VP Amit Sathvik,Chezhian Nishaanth,1,1,0,run,0,,,27/2
1439770,2,4,5,VP Amit Sathvik,Balchander Anirudh,Chezhian Nishaanth,4,4,0,four,0,,,31/2
1439770,2,4,6,VP Amit Sathvik,Balchander Anirudh,Chezhian Nishaanth,0,0,0,no run,0,,,31/2
1439770,2,5,1,Balchander Anirudh,VP Amit Sathvik,P Saravanan,1,1,0,run,0,,,32/2
1439770,2,5,2,VP Amit Sathvik,Balchander Anirudh,P Saravanan,0,0,0,no run,0,,,32/2
1439770,2,5,3,VP Amit Sathvik,Balchander Anirudh,P Saravanan,4,4,0,four,0,,,36/2
1439770,2,5,4,VP Amit Sathvik,Balchander Anirudh,P Saravanan,1,1,0,run,0,,,37/2
1439770,2,5,5,Balchander Anirudh,VP Amit Sathvik,P Saravanan,4,4,0,four,0,,,41/2
1439770,2,5,6,Balchander Anirudh,VP Amit Sathvik,P Saravanan,4,4,0,four,0,,,45/2
1439770,2,6,1,VP Amit Sathvik,Balchander Anirudh,L Kiran Akash,1,0,1,wide,0,,,46/2
1439770,2,6,2,VP Amit Sathvik,Balchander Anirudh,L Kiran Akash,6,6,0,six,0,,,52/2
1439770,2,6,3,VP Amit Sathvik,Balchander Anirudh,L Kiran Akash,4,4,0,four,0,,,56/2
1439770,2,6,4,VP Amit Sathvik,Balchander Anirudh,L Kiran Akash,1,0,1,wide,0,,,57/2
1439770,2,6,5,VP Amit Sathvik,Balchander Anirudh,L Kiran Akash,0,0,0,no run,0,,,57/2
1439770,2,6,6,VP Amit Sathvik,Balchander Anirudh,L Kiran Akash,1,1,0,run,0,,,58/2
1439770,2,6,7,Balchander Anirudh,VP Amit Sathvik,L Kiran Akash,0,0,0,no run,0,,,58/2
1439770,2,6,8,Balchander Anirudh,VP Amit Sathvik,L Kiran Akash,4,4,0,four,0,,,62/2
1439770,2,7,1,VP Amit Sathvik,Balchander Anirudh,Murugan Ashwin,1,1,0,run,0,,,63/2
1439770,2,7,2,Balchander Anirudh,VP Amit Sathvik,Murugan Ashwin,1,1,0,run,0,,,64/2
1439770,2,7,3,VP Amit Sathvik,Balchander Anirudh,Murugan Ashwin,0,0,0,out,1,bowled,VP Amit Sathvik,64/3
1439770,2,7,4,S Ganesh,Balchander Anirudh,Murugan Ashwin,0,0,0,no run,0,,,64/3
1439770,2,7,5,S Ganesh,Balchander Anirudh,Murugan Ashwin,0,0,0,no run,0,,,64/3
1439770,2,7,6,S Ganesh,Balchander Anirudh,Murugan Ashwin,4,4,0,four,0,,,68/3
1439770,2,8,1,Balchander Anirudh,S Ganesh,Chezhian Nishaanth,2,2,0,run,0,,,70/3
1439770,2,8,2,Balchander Anirudh,S Ganesh,Chezhian Nishaanth,1,1,0,run,0,,,71/3
1439770,2,8,3,S Ganesh,Balchander Anirudh,Chezhian Nishaanth,0,0,0,no run,0,,,71/3
1439770,2,8,4,S Ganesh,Balchander Anirudh,Chezhian Nishaanth,0,0,0,no run,0,,,71/3
1439770,2,8,5,S Ganesh,Balchander Anirudh,Chezhian Nishaanth,1,1,0,run,0,,,72/3
1439770,2,8,6,Balchander Anirudh,S Ganesh,Chezhian Nishaanth,0,0,0,no run,0,,,72/3
1439770,2,9,1,S Ganesh,Balchander Anirudh,Murugan Ashwin,4,4,0,four,0,,,76/3
1439770,2,9,2,S Ganesh,Balchander Anirudh,Murugan Ashwin,1,1,0,run,0,,,77/3
1439770,2,9,3,Balchander Anirudh,S Ganesh,Murugan Ashwin,1,0,1,wide,0,,,78/3
1439770,2,9,4,Balchander Anirudh,S Ganesh,Murugan Ashwin,0,0,0,no run,0,,,78/3
1439770,2,9,5,Balchander Anirudh,S Ganesh,Murugan Ashwin,0,0,0,no run,0,,,78/3
1439770,2,9,6,Balchander Anirudh,S Ganesh,Murugan Ashwin,1,1,0,run,0,,,79/3
1439770,2,9,7,S Ganesh,Balchander Anirudh,Murugan Ashwin,0,0,0,out,1,caught,S Ganesh,79/4
1439770,2,10,1,Balchander Anirudh,S Mohamed Ali,Chezhian Nishaanth,1,1,0,run,0,,,80/4
1439770,2,10,2,S Mohamed Ali,Balchander Anirudh,Chezhian Nishaanth,0,0,0,no run,0,,,80/4
1439770,2,10,3,S Mohamed Ali,Balchander Anirudh,Chezhian Nishaanth,1,1,0,run,0,,,81/4
1439770,2,10,4,Balchander Anirudh,S Mohamed Ali,Chezhian Nishaanth,6,6,0,six,0,,,87/4
1439770,2,10,5,Balchander Anirudh,S Mohamed Ali,Chezhian Nishaanth,4,4,0,four,0,,,91/4
1439770,2,10,6,Balchander Anirudh,S Mohamed Ali,Chezhian Nishaanth,1,1,0,run,0,,,92/4
1439770,2,11,1,Balchander Anirudh,S Mohamed Ali,Gurjapneet Singh,1,1,0,run,0,,,93/4
1439770,2,11,2,S Mohamed Ali,Balchander Anirudh,Gurjapneet Singh,1,1,0,run,0,,,94/4
1439770,2,11,3,Balchander Anirudh,S Mohamed Ali,Gurjapneet Singh,6,6,0,six,0,,,100/4
1439770,2,11,4,Balchander Anirudh,S Mohamed Ali,Gurjapneet Singh,1,0,1,wide,0,,,101/4
1439770,2,11,5,Balchander Anirudh,S Mohamed Ali,Gurjapneet Singh,1,1,0,run,0,,,102/4
1439770,2,11,6,S Mohamed Ali,Balchander Anirudh,Gurjapneet Singh,0,0,0,no run,0,,,102/4
1439770,2,11,7,S Mohamed Ali,Balchander Anirudh,Gurjapneet Singh,1,1,0,run,0,,,103/4
1439770,2,12,1,S Mohamed Ali,Balchander Anirudh,Jagatheesan Kousik,1,1,0,run,0,,,104/4
1439770,2,12,2,Balchander Anirudh,S Mohamed Ali,Jagatheesan Kousik,1,1,0,run,0,,,105/4
1439770,2,12,3,S Mohamed Ali,Balchander Anirudh,Jagatheesan Kousik,2,2,0,run,0,,,107/4
1439770,2,12,4,S Mohamed Ali,Balchander Anirudh,Jagatheesan Kousik,0,0,0,no run,0,,,107/4
1439770,2,12,5,S Mohamed Ali,Balchander Anirudh,Jagatheesan Kousik,1,1,0,run,0,,,108/4
1439770,2,12,6,Balchander Anirudh,S Mohamed Ali,Jagatheesan Kousik,1,1,0,run,0,,,109/4
1439770,2,13,1,Balchander Anirudh,S Mohamed Ali,Murugan Ashwin,0,0,0,out,1,caught,Balchander Anirudh,109/5
1439770,2,13,2,Ravisrinivasan Sai Kishore,S Mohamed Ali,Murugan Ashwin,1,1,0,run,0,,,110/5
1439770,2,13,3,S Mohamed Ali,Ravisrinivasan Sai Kishore,Murugan Ashwin,1,1,0,run,0,,,111/5
1439770,2,13,4,Ravisrinivasan Sai Kishore,S Mohamed Ali,Murugan Ashwin,0,0,0,no run,0,,,111/5
1439770,2,13,5,Ravisrinivasan Sai Kishore,S Mohamed Ali,Murugan Ashwin,1,1,0,run,0,,,112/5
1439770,2,13,6,S Mohamed Ali,Ravisrinivasan Sai Kishore,Murugan Ashwin,0,0,0,no run,0,,,112/5
1439770,2,14,1,Ravisrinivasan Sai Kishore,S Mohamed Ali,Jagatheesan Kousik,0,0,0,no run,0,,,112/5
1439770,2,14,2,Ravisrinivasan Sai Kishore,S Mohamed Ali,Jagatheesan Kousik,0,0,0,no run,0,,,112/5
1439770,2,14,3,Ravisrinivasan Sai Kishore,S Mohamed Ali,Jagatheesan Kousik,6,6,0,six,0,,,118/5
1439770,2,14,4,Ravisrinivasan Sai Kishore,S Mohamed Ali,Jagatheesan Kousik,1,0,1,wide,0,,,119/5
1439770,2,14,5,Ravisrinivasan Sai Kishore,S Mohamed Ali,Jagatheesan Kousik,4,4,0,four,0,,,123/5
1439770,2,14,6,Ravisrinivasan Sai Kishore,S Mohamed Ali,Jagatheesan Kousik,0,0,0,no run,0,,,123/5
1439770,2,14,7,Ravisrinivasan Sai Kishore,S Mohamed Ali,Jagatheesan Kousik,2,2,0,run,0,,,125/5
1439770,2,15,1,S Mohamed Ali,Ravisrinivasan Sai Kishore,P Saravanan,1,1,0,run,0,,,126/5
1439770,2,15,2,Ravisrinivasan Sai Kishore,S Mohamed Ali,P Saravanan,0,0,0,no run,0,,,126/5
1439770,2,15,3,Ravisrinivasan Sai Kishore,S Mohamed Ali,P Saravanan,1,1,0,run,0,,,127/5
1439770,2,15,4,S Mohamed Ali,Ravisrinivasan Sai Kishore,P Saravanan,0,0,0,no run,0,,,127/5
1439770,2,15,5,S Mohamed Ali,Ravisrinivasan Sai Kishore,P Saravanan,0,0,0,no run,0,,,127/5
1439770,2,15,6,S Mohamed Ali,Ravisrinivasan Sai Kishore,P Saravanan,1,1,0,run,0,,,128/5
1439770,2,16,1,S Mohamed Ali,Ravisrinivasan Sai Kishore,Gurjapneet Singh,6,6,0,six,0,,,134/5
1439770,2,16,2,S Mohamed Ali,Ravisrinivasan Sai Kishore,Gurjapneet Singh,2,2,0,run,0,,,136/5
1439770,2,16,3,S Mohamed Ali,Ravisrinivasan Sai Kishore,Gurjapneet Singh,0,0,0,no run,0,,,136/5
1439770,2,16,4,S Mohamed Ali,Ravisrinivasan Sai Kishore,Gurjapneet Singh,1,1,0,run,0,,,137/5
1439770,2,16,5,Ravisrinivasan Sai Kishore,S Mohamed Ali,Gurjapneet Singh,1,1,0,run,0,,,138/5
1439770,2,16,6,S Mohamed Ali,Ravisrinivasan Sai Kishore,Gurjapneet Singh,1,1,0,run,0,,,139/5
1439770,2,17,1,S Mohamed Ali,Ravisrinivasan Sai Kishore,Murugan Ashwin,3,3,0,run,0,,,142/5
1439770,2,17,2,Ravisrinivasan Sai Kishore,S Mohamed Ali,Murugan Ashwin,0,0,0,no run,0,,,142/5
1439770,2,17,3,Ravisrinivasan Sai Kishore,S Mohamed Ali,Murugan Ashwin,0,0,0,out,1,bowled,Ravisrinivasan Sai Kishore,142/6
1439770,2,17,4,M Mathivannan,S Mohamed Ali,Murugan Ashwin,0,0,0,no run,0,,,142/6
1439770,2,17,5,M Mathivannan,S Mohamed Ali,Murugan Ashwin,1,1,0,run,0,,,143/6
1439770,2,17,6,S Mohamed Ali,M Mathivannan,Murugan Ashwin,1,1,0,run,0,,,144/6
1439770,2,18,1,S Mohamed Ali,M Mathivannan,Gurjapneet Singh,2,2,0,run,0,,,146/6
1439770,2,18,2,S Mohamed Ali,M Mathivannan,Gurjapneet Singh,1,0,1,leg bye,0,,,147/6
1439770,2,18,3,M Mathivannan,S Mohamed Ali,Gurjapneet Singh,1,1,0,run,0,,,148/6
1439770,2,18,4,S Mohamed Ali,M Mathivannan,Gurjapneet Singh,1,1,0,run,0,,,149/6
1439770,2,18,5,M Mathivannan,S Mohamed Ali,Gurjapneet Singh,2,2,0,run,0,,,151/6
1439770,2,18,6,M Mathivannan,S Mohamed Ali,Gurjapneet Singh,0,0,0,no run,0,,,151/6
1439770,2,19,1,S Mohamed Ali,M Mathivannan,P Saravanan,0,0,0,no run,0,,,151/6
1439770,2,19,2,S Mohamed Ali,M Mathivannan,P Saravanan,6,6,0,six,0,,,157/6
1439771,1,1,1,Konda Bhaskir Arun Karthik,RS Mokit Hariharan,K Gowtham Thamarai Kannan,0,0,0,no run,0,,,0/0
1439771,1,1,2,Konda Bhaskir Arun Karthik,RS Mokit Hariharan,K Gowtham Thamarai Kannan,4,4,0,four,0,,,4/0
1439771,1,1,3,Konda Bhaskir Arun Karthik,RS Mokit Hariharan,K Gowtham Thamarai Kannan,0,0,0,no run,0,,,4/0
1439771,1,1,4,Konda Bhaskir Arun Karthik,RS Mokit Hariharan,K Gowtham Thamarai Kannan,0,0,0,no run,0,,,4/0
1439771,1,1,5,Konda Bhaskir Arun Karthik,RS Mokit Hariharan,K Gowtham Thamarai Kannan,4,4,0,four,0,,,8/0
1439771,1,1,6,Konda Bhaskir Arun Karthik,RS Mokit Hariharan,K Gowtham Thamarai Kannan,1,0,1,leg bye,0,,,9/0
1439771,1,2,1,Konda Bhaskir Arun Karthik,RS Mokit Hariharan,Manimaran Siddharth,1,1,0,run,0,,,10/0
1439771,1,2,2,RS Mokit Hariharan,Konda Bhaskir Arun Karthik,Manimaran Siddharth,1,1,0,run,0,,,11/0
1439771,1,2,3,Konda Bhaskir Arun Karthik,RS Mokit Hariharan,Manimaran Siddharth,0,0,0,no run,0,,,11/0
1439771,1,2,4,Konda Bhaskir Arun Karthik,RS Mokit Hariharan,Manimaran Siddharth,1,1,0,run,0,,,12/0
1439771,1,2,5,RS Mokit Hariharan,Konda Bhaskir Arun Karthik,Manimaran Siddharth,0,0,0,out,1,bowled,RS Mokit Hariharan,12/1
1439771,1,2,6,NS Harish,Konda Bhaskir Arun Karthik,Manimaran Siddharth,0,0,0,no run,0,,,12/1
1439771,1,3,1,Konda Bhaskir Arun Karthik,NS Harish,K Gowtham Thamarai Kannan,1,0,1,no ball,0,,,13/1
1439771,1,3,2,Konda Bhaskir Arun Karthik,NS Harish,K Gowtham Thamarai Kannan,5,4,1,four,0,,,18/1
1439771,1,3,3,Konda Bhaskir Arun Karthik,NS Harish,K Gowtham Thamarai Kannan,4,4,0,four,0,,,22/1
1439771,1,3,4,Konda Bhaskir Arun Karthik,NS Harish,K Gowtham Thamarai Kannan,1,1,0,run,0,,,23/1
1439771,1,3,5,NS Harish,Konda Bhaskir Arun Karthik,K Gowtham Thamarai Kannan,0,0,0,no run,0,,,23/1
1439771,1,3,6,NS Harish,Konda Bhaskir Arun Karthik,K Gowtham Thamarai Kannan,0,0,0,no run,0,,,23/1
1439771,1,3,7,NS Harish,Konda Bhaskir Arun Karthik,K Gowtham Thamarai Kannan,1,1,0,run,0,,,24/1
1439771,1,3,8,Konda Bhaskir Arun Karthik,NS Harish,K Gowtham Thamarai Kannan,0,0,0,no run,0,,,24/1
1439771,1,4,1,NS Harish,Konda Bhaskir Arun Karthik,Manimaran Siddharth,0,0,0,no run,0,,,24/1
1439771,1,4,2,NS Harish,Konda Bhaskir Arun Karthik,Manimaran Siddharth,5,0,5,wide,0,,,29/1
1439771,1,4,3,NS Harish,Konda Bhaskir Arun Karthik,Manimaran Siddharth,0,0,0,no run,0,,,29/1
1439771,1,4,4,NS Harish,Konda Bhaskir Arun Karthik,Manimaran Siddharth,6,6,0,six,0,,,35/1
1439771,1,4,5,NS Harish,Konda Bhaskir Arun Karthik,Manimaran Siddharth,0,0,0,no run,0,,,35/1
1439771,1,4,6,NS Harish,Konda Bhaskir Arun Karthik,Manimaran Siddharth,4,4,0,four,0,,,39/1
1439771,1,4,7,NS Harish,Konda Bhaskir Arun Karthik,Manimaran Siddharth,0,0,0,no run,0,,,39/1
1439771,1,5,1,Konda Bhaskir Arun Karthik,NS Harish,Masood Shahrukh Khan,0,0,0,no run,0,,,39/1
1439771,1,5,2,Konda Bhaskir Arun Karthik,NS Harish,Masood Shahrukh Khan,0,0,0,no run,0,,,39/1
1439771,1,5,3,Konda Bhaskir Arun Karthik,NS Harish,Masood Shahrukh Khan,1,1,0,run,0,,,40/1
1439771,1,5,4,NS Harish,Konda Bhaskir Arun Karthik,Masood Shahrukh Khan,6,6,0,six,0,,,46/1
1439771,1,5,5,NS Harish,Konda Bhaskir Arun Karthik,Masood Shahrukh Khan,2,2,0,run,0,,,48/1
1439771,1,5,6,NS Harish,Konda Bhaskir Arun Karthik,Masood Shahrukh Khan,1,1,0,run,0,,,49/1
1439771,1,6,1,NS Harish,Konda Bhaskir Arun Karthik,M Mohammed,1,1,0,run,0,,,50/1
1439771,1,6,2,Konda Bhaskir Arun Karthik,NS Harish,M Mohammed,7,6,1,six,0,,,57/1
1439771,1,6,3,Konda Bhaskir Arun Karthik,NS Harish,M Mohammed,0,0,0,no run,0,,,57/1
1439771,1,6,4,Konda Bhaskir Arun Karthik,NS Harish,M Mohammed,1,1,0,run,0,,,58/1
1439771,1,6,5,NS Harish,Konda Bhaskir Arun Karthik,M Mohammed,4,4,0,four,0,,,62/1
1439771,1,6,6,NS Harish,Konda Bhaskir Arun Karthik,M Mohammed,1,1,0,run,0,,,63/1
1439771,1,6,7,Konda Bhaskir Arun Karthik,NS Harish,M Mohammed,0,0,0,no run,0,,,63/1
1439771,1,7,1,NS Harish,Konda Bhaskir Arun Karthik,Jhathavedh Subramanyan,2,2,0,run,0,,,65/1
1439771,1,7,2,NS Harish,Konda Bhaskir Arun Karthik,Jhathavedh Subramanyan,0,0,0,no run,0,,,65/1
1439771,1,7,3,NS Harish,Konda Bhaskir Arun Karthik,Jhathavedh Subramanyan,1,1,0,run,0,,,66/1
1439771,1,7,4,Konda Bhaskir Arun Karthik,NS Harish,Jhathavedh Subramanyan,4,4,0,four,0,,,70/1
1439771,1,7,5,Konda Bhaskir Arun Karthik,NS Harish,Jhathavedh Subramanyan,0,0,0,no run,0,,,70/1
1439771,1,7,6,Konda Bhaskir Arun Karthik,NS Harish,Jhathavedh Subramanyan,1,1,0,run,0,,,71/1
1439771,1,8,1,Konda Bhaskir Arun Karthik,NS Harish,Valliappan Yudheeswaran,1,1,0,run,0,,,72/1
1439771,1,8,2,NS Harish,Konda Bhaskir Arun Karthik,Valliappan Yudheeswaran,0,0,0,out,1,caught,NS Harish,72/2
1439771,1,8,3,Guruswamy Ajitesh,Konda Bhaskir Arun Karthik,Valliappan Yudheeswaran,2,2,0,run,0,,,74/2
1439771,1,8,4,Guruswamy Ajitesh,Konda Bhaskir Arun Karthik,Valliappan Yudheeswaran,1,1,0,run,0,,,75/2
1439771,1,8,5,Konda Bhaskir Arun Karthik,Guruswamy Ajitesh,Valliappan Yudheeswaran,6,6,0,six,0,,,81/2
1439771,1,8,6,Konda Bhaskir Arun Karthik,Guruswamy Ajitesh,Valliappan Yudheeswaran,1,1,0,run,0,,,82/2
1439771,1,9,1,Konda Bhaskir Arun Karthik,Guruswamy Ajitesh,Jhathavedh Subramanyan,0,0,0,no run,0,,,82/2
1439771,1,9,2,Konda Bhaskir Arun Karthik,Guruswamy Ajitesh,Jhathavedh Subramanyan,0,0,0,no run,0,,,82/2
1439771,1,9,3,Konda Bhaskir Arun Karthik,Guruswamy Ajitesh,Jhathavedh Subramanyan,1,1,0,run,0,,,83/2
1439771,1,9,4,Guruswamy Ajitesh,Konda Bhaskir Arun Karthik,Jhathavedh Subramanyan,1,1,0,run,0,,,84/2
1439771,1,9,5,Konda Bhaskir Arun Karthik,Guruswamy Ajitesh,Jhathavedh Subramanyan,1,1,0,run,0,,,85/2
1439771,1,9,6,Guruswamy Ajitesh,Konda Bhaskir Arun Karthik,Jhathavedh Subramanyan,4,4,0,four,0,,,89/2
1439771,1,10,1,Konda Bhaskir Arun Karthik,Guruswamy Ajitesh,Valliappan Yudheeswaran,1,1,0,run,0,,,90/2
1439771,1,10,2,Guruswamy Ajitesh,Konda Bhaskir Arun Karthik,Valliappan Yudheeswaran,4,4,0,four,0,,,94/2
1439771,1,10,3,Guruswamy Ajitesh,Konda Bhaskir Arun Karthik,Valliappan Yudheeswaran,1,1,0,run,0,,,95/2
1439771,1,10,4,Konda Bhaskir Arun Karthik,Guruswamy Ajitesh,Valliappan Yudheeswaran,1,1,0,run,0,,,96/2
1439771,1,10,5,Guruswamy Ajitesh,Konda Bhaskir Arun Karthik,Valliappan Yudheeswaran,0,0,0,no run,0,,,96/2
1439771,1,10,6,Guruswamy Ajitesh,Konda Bhaskir Arun Karthik,Valliappan Yudheeswaran,1,1,0,run,0,,,97/2
1439771,1,11,1,Guruswamy Ajitesh,Konda Bhaskir Arun Karthik,Manimaran Siddharth,0,0,0,no run,0,,,97/2
1439771,1,11,2,Guruswamy Ajitesh,Konda Bhaskir Arun Karthik,Manimaran Siddharth,0,0,0,no run,0,,,97/2
1439771,1,11,3,Guruswamy Ajitesh,Konda Bhaskir Arun Karthik,Manimaran Siddharth,0,0,0,no run,0,,,97/2
1439771,1,11,4,Guruswamy Ajitesh,Konda Bhaskir Arun Karthik,Manimaran Siddharth,1,1,0,run,0,,,98/2
1439771,1,11,5,Konda Bhaskir Arun Karthik,Guruswamy Ajitesh,Manimaran Siddharth,1,1,0,run,0,,,99/2
1439771,1,11,6,Guruswamy Ajitesh,Konda Bhaskir Arun Karthik,Manimaran Siddharth,1,1,0,run,0,,,100/2
1439771,1,12,1,Guruswamy Ajitesh,Konda Bhaskir Arun Karthik,Masood Shahrukh Khan,1,1,0,run,0,,,101/2
1439771,1,12,2,Konda Bhaskir Arun Karthik,Guruswamy Ajitesh,Masood Shahrukh Khan,1,1,0,run,0,,,102/2
1439771,1,12,3,Guruswamy Ajitesh,Konda Bhaskir Arun Karthik,Masood Shahrukh Khan,0,0,0,out,1,bowled,Guruswamy Ajitesh,102/3
1439771,1,12,4,Nidhish S Rajagopal,Konda Bhaskir Arun Karthik,Masood Shahrukh Khan,0,0,0,no run,0,,,102/3
1439771,1,12,5,Nidhish S Rajagopal,Konda Bhaskir Arun Karthik,Masood Shahrukh Khan,1,1,0,run,0,,,103/3
1439771,1,12,6,Konda Bhaskir Arun Karthik,Nidhish S Rajagopal,Masood Shahrukh Khan,1,1,0,run,0,,,104/3
1439771,1,13,1,Konda Bhaskir Arun Karthik,Nidhish S Rajagopal,M Mohammed,0,0,0,no run,0,,,104/3
1439771,1,13,2,Konda Bhaskir Arun Karthik,Nidhish S Rajagopal,M Mohammed,0,0,0,out,1,bowled,Konda Bhaskir Arun Karthik,104/4
1439771,1,13,3,Ramsingh Sonu Yadav,Nidhish S Rajagopal,M Mohammed,1,1,0,run,0,,,105/4
1439771,1,13,4,Nidhish S Rajagopal,Ramsingh Sonu Yadav,M Mohammed,1,1,0,run,0,,,106/4
1439771,1,13,5,Ramsingh Sonu Yadav,Nidhish S Rajagopal,M Mohammed,0,0,0,no run,0,,,106/4
1439771,1,13,6,Ramsingh Sonu Yadav,Nidhish S Rajagopal,M Mohammed,1,1,0,run,0,,,107/4
1439771,1,14,1,Ramsingh Sonu Yadav,Nidhish S Rajagopal,Jhathavedh Subramanyan,1,1,0,run,0,,,108/4
1439771,1,14,2,Nidhish S Rajagopal,Ramsingh Sonu Yadav,Jhathavedh Subramanyan,1,1,0,run,0,,,109/4
1439771,1,14,3,Ramsingh Sonu Yadav,Nidhish S Rajagopal,Jhathavedh Subramanyan,0,0,0,no run,0,,,109/4
1439771,1,14,4,Ramsingh Sonu Yadav,Nidhish S Rajagopal,Jhathavedh Subramanyan,0,0,0,no run,0,,,109/4
1439771,1,14,5,Ramsingh Sonu Yadav,Nidhish S Rajagopal,Jhathavedh Subramanyan,0,0,0,no run,0,,,109/4
1439771,1,14,6,Ramsingh Sonu Yadav,Nidhish S Rajagopal,Jhathavedh Subramanyan,0,0,0,no run,0,,,109/4
1439771,1,15,1,Nidhish S Rajagopal,Ramsingh Sonu Yadav,Masood Shahrukh Khan,0,0,0,out,1,bowled,Nidhish S Rajagopal,109/5
1439771,1,15,2,Laxmesha Suryaprakash,Ramsingh Sonu Yadav,Masood Shahrukh Khan,0,0,0,no run,0,,,109/5
1439771,1,15,3,Laxmesha Suryaprakash,Ramsingh Sonu Yadav,Masood Shahrukh Khan,1,1,0,run,0,,,110/5
1439771,1,15,4,Ramsingh Sonu Yadav,Laxmesha Suryaprakash,Masood Shahrukh Khan,0,0,0,no run,0,,,110/5
1439771,1,15,5,Ramsingh Sonu Yadav,Laxmesha Suryaprakash,Masood Shahrukh Khan,1,1,0,run,0,,,111/5
1439771,1,15,6,Laxmesha Suryaprakash,Ramsingh Sonu Yadav,Masood Shahrukh Khan,1,1,0,run,0,,,112/5
1439771,1,16,1,Laxmesha Suryaprakash,Ramsingh Sonu Yadav,Manimaran Siddharth,0,0,0,no run,0,,,112/5
1439771,1,16,2,Laxmesha Suryaprakash,Ramsingh Sonu Yadav,Manimaran Siddharth,4,4,0,four,0,,,116/5
1439771,1,16,3,Laxmesha Suryaprakash,Ramsingh Sonu Yadav,Manimaran Siddharth,1,1,0,run,0,,,117/5
1439771,1,16,4,Ramsingh Sonu Yadav,Laxmesha Suryaprakash,Manimaran Siddharth,1,1,0,run,0,,,118/5
1439771,1,16,5,Laxmesha Suryaprakash,Ramsingh Sonu Yadav,Manimaran Siddharth,0,0,0,no run,0,,,118/5
1439771,1,16,6,Laxmesha Suryaprakash,Ramsingh Sonu Yadav,Manimaran Siddharth,0,0,0,no run,0,,,118/5
1439771,1,17,1,Ramsingh Sonu Yadav,Laxmesha Suryaprakash,Jhathavedh Subramanyan,1,1,0,run,0,,,119/5
1439771,1,17,2,Laxmesha Suryaprakash,Ramsingh Sonu Yadav,Jhathavedh Subramanyan,0,0,0,out,1,caught,Laxmesha Suryaprakash,119/6
1439771,1,17,3,S Rithik Easwaran,Ramsingh Sonu Yadav,Jhathavedh Subramanyan,1,1,0,run,0,,,120/6
1439771,1,17,4,Ramsingh Sonu Yadav,S Rithik Easwaran,Jhathavedh Subramanyan,1,1,0,run,0,,,121/6
1439771,1,17,5,S Rithik Easwaran,Ramsingh Sonu Yadav,Jhathavedh Subramanyan,1,1,0,run,0,,,122/6
1439771,1,17,6,Ramsingh Sonu Yadav,S Rithik Easwaran,Jhathavedh Subramanyan,6,6,0,six,0,,,128/6
1439771,1,18,1,S Rithik Easwaran,Ramsingh Sonu Yadav,Masood Shahrukh Khan,1,1,0,run,0,,,129/6
1439771,1,18,2,Ramsingh Sonu Yadav,S Rithik Easwaran,Masood Shahrukh Khan,4,4,0,four,0,,,133/6
1439771,1,18,3,Ramsingh Sonu Yadav,S Rithik Easwaran,Masood Shahrukh Khan,0,0,0,no run,0,,,133/6
1439771,1,18,4,Ramsingh Sonu Yadav,S Rithik Easwaran,Masood Shahrukh Khan,6,6,0,six,0,,,139/6
1439771,1,18,5,Ramsingh Sonu Yadav,S Rithik Easwaran,Masood Shahrukh Khan,1,1,0,run,0,,,140/6
1439771,1,18,6,S Rithik Easwaran,Ramsingh Sonu Yadav,Masood Shahrukh Khan,1,1,0,run,0,,,141/6
1439771,1,19,1,S Rithik Easwaran,Ramsingh Sonu Yadav,M Mohammed,4,4,0,four,0,,,145/6
1439771,1,19,2,S Rithik Easwaran,Ramsingh Sonu Yadav,M Mohammed,0,0,0,out,1,leg before wicket,S Rithik Easwaran,145/7
1439771,1,19,3,S Lakshay Jain,Ramsingh Sonu Yadav,M Mohammed,0,0,0,no run,0,,,145/7
1439771,1,19,4,S Lakshay Jain,Ramsingh Sonu Yadav,M Mohammed,1,1,0,run,0,,,146/7
1439771,1,19,5,Ramsingh Sonu Yadav,S Lakshay Jain,M Mohammed,6,6,0,six,0,,,152/7
1439771,1,19,6,Ramsingh Sonu Yadav,S Lakshay Jain,M Mohammed,1,1,0,run,0,,,153/7
1439771,1,20,1,Ramsingh Sonu Yadav,S Lakshay Jain,Valliappan Yudheeswaran,0,0,0,no run,0,,,153/7
1439771,1,20,2,Ramsingh Sonu Yadav,S Lakshay Jain,Valliappan Yudheeswaran,0,0,0,no run,0,,,153/7
1439771,1,20,3,Ramsingh Sonu Yadav,S Lakshay Jain,Valliappan Yudheeswaran,1,0,1,wide,0,,,154/7
1439771,1,20,4,Ramsingh Sonu Yadav,S Lakshay Jain,Valliappan Yudheeswaran,0,0,0,no run,0,,,154/7
1439771,1,20,5,Ramsingh Sonu Yadav,S Lakshay Jain,Valliappan Yudheeswaran,1,0,1,wide,0,,,155/7
1439771,1,20,6,Ramsingh Sonu Yadav,S Lakshay Jain,Valliappan Yudheeswaran,6,6,0,six,0,,,161/7
1439771,1,20,7,Ramsingh Sonu Yadav,S Lakshay Jain,Valliappan Yudheeswaran,0,0,0,no run,0,,,161/7
1439771,1,20,8,Ramsingh Sonu Yadav,S Lakshay Jain,Valliappan Yudheeswaran,6,6,0,six,0,,,167/7
1439771,2,1,1,Bhardwaj Sai Sudharsan,Jayaraman Suresh Kumar,S Lakshay Jain,1,1,0,run,0,,,1/0
1439771,2,1,2,Jayaraman Suresh Kumar,Bhardwaj Sai Sudharsan,S Lakshay Jain,1,1,0,run,0,,,2/0
1439771,2,1,3,Bhardwaj Sai Sudharsan,Jayaraman Suresh Kumar,S Lakshay Jain,2,2,0,run,0,,,4/0
1439771,2,1,4,Bhardwaj Sai Sudharsan,Jayaraman Suresh Kumar,S Lakshay Jain,1,1,0,run,0,,,5/0
1439771,2,1,5,Jayaraman Suresh Kumar,Bhardwaj Sai Sudharsan,S Lakshay Jain,1,1,0,run,0,,,6/0
1439771,2,1,6,Bhardwaj Sai Sudharsan,Jayaraman Suresh Kumar,S Lakshay Jain,4,4,0,four,0,,,10/0
1439771,2,2,1,Jayaraman Suresh Kumar,Bhardwaj Sai Sudharsan,Emmanuel Cherian,5,0,5,wide,0,,,15/0
1439771,2,2,2,Jayaraman Suresh Kumar,Bhardwaj Sai Sudharsan,Emmanuel Cherian,1,1,0,run,0,,,16/0
1439771,2,2,3,Bhardwaj Sai Sudharsan,Jayaraman Suresh Kumar,Emmanuel Cherian,0,0,0,out,1,bowled,Bhardwaj Sai Sudharsan,16/1
1439771,2,2,4,Balasubramaniam Sachin,Jayaraman Suresh Kumar,Emmanuel Cherian,1,1,0,run,0,,,17/1
1439771,2,2,5,Jayaraman Suresh Kumar,Balasubramaniam Sachin,Emmanuel Cherian,0,0,0,no run,0,,,17/1
1439771,2,2,6,Jayaraman Suresh Kumar,Balasubramaniam Sachin,Emmanuel Cherian,1,1,0,run,0,,,18/1
1439771,2,2,7,Balasubramaniam Sachin,Jayaraman Suresh Kumar,Emmanuel Cherian,1,1,0,run,0,,,19/1
1439771,2,3,1,Balasubramaniam Sachin,Jayaraman Suresh Kumar,S Lakshay Jain,1,1,0,run,0,,,20/1
1439771,2,3,2,Jayaraman Suresh Kumar,Balasubramaniam Sachin,S Lakshay Jain,0,0,0,no run,0,,,20/1
1439771,2,3,3,Jayaraman Suresh Kumar,Balasubramaniam Sachin,S Lakshay Jain,1,1,0,run,0,,,21/1
1439771,2,3,4,Balasubramaniam Sachin,Jayaraman Suresh Kumar,S Lakshay Jain,1,0,1,wide,0,,,22/1
1439771,2,3,5,Balasubramaniam Sachin,Jayaraman Suresh Kumar,S Lakshay Jain,1,1,0,run,0,,,23/1
1439771,2,3,6,Jayaraman Suresh Kumar,Balasubramaniam Sachin,S Lakshay Jain,0,0,0,no run,0,,,23/1
1439771,2,3,7,Jayaraman Suresh Kumar,Balasubramaniam Sachin,S Lakshay Jain,0,0,0,no run,0,,,23/1
1439771,2,4,1,Balasubramaniam Sachin,Jayaraman Suresh Kumar,Emmanuel Cherian,0,0,0,no run,0,,,23/1
1439771,2,4,2,Balasubramaniam Sachin,Jayaraman Suresh Kumar,Emmanuel Cherian,1,1,0,run,0,,,24/1
1439771,2,4,3,Jayaraman Suresh Kumar,Balasubramaniam Sachin,Emmanuel Cherian,0,0,0,no run,0,,,24/1
1439771,2,4,4,Jayaraman Suresh Kumar,Balasubramaniam Sachin,Emmanuel Cherian,5,0,5,wide,0,,,29/1
1439771,2,4,5,Jayaraman Suresh Kumar,Balasubramaniam Sachin,Emmanuel Cherian,0,0,0,no run,0,,,29/1
1439771,2,4,6,Jayaraman Suresh Kumar,Balasubramaniam Sachin,Emmanuel Cherian,6,6,0,six,0,,,35/1
1439771,2,4,7,Jayaraman Suresh Kumar,Balasubramaniam Sachin,Emmanuel Cherian,1,1,0,run,0,,,36/1
1439771,2,5,1,Jayaraman Suresh Kumar,Balasubramaniam Sachin,Ramsingh Sonu Yadav,0,0,0,no run,0,,,36/1
1439771,2,5,2,Jayaraman Suresh Kumar,Balasubramaniam Sachin,Ramsingh Sonu Yadav,2,2,0,run,0,,,38/1
1439771,2,5,3,Jayaraman Suresh Kumar,Balasubramaniam Sachin,Ramsingh Sonu Yadav,1,1,0,run,0,,,39/1
1439771,2,5,4,Balasubramaniam Sachin,Jayaraman Suresh Kumar,Ramsingh Sonu Yadav,0,0,0,no run,0,,,39/1
1439771,2,5,5,Balasubramaniam Sachin,Jayaraman Suresh Kumar,Ramsingh Sonu Yadav,0,0,0,no run,0,,,39/1
1439771,2,5,6,Balasubramaniam Sachin,Jayaraman Suresh Kumar,Ramsingh Sonu Yadav,0,0,0,no run,0,,,39/1
1439771,2,6,1,Jayaraman Suresh Kumar,Balasubramaniam Sachin,S Lakshay Jain,1,1,0,run,0,,,40/1
1439771,2,6,2,Balasubramaniam Sachin,Jayaraman Suresh Kumar,S Lakshay Jain,1,1,0,run,0,,,41/1
1439771,2,6,3,Jayaraman Suresh Kumar,Balasubramaniam Sachin,S Lakshay Jain,1,1,0,run,0,,,42/1
1439771,2,6,4,Balasubramaniam Sachin,Jayaraman Suresh Kumar,S Lakshay Jain,0,0,0,no run,0,,,42/1
1439771,2,6,5,Balasubramaniam Sachin,Jayaraman Suresh Kumar,S Lakshay Jain,4,4,0,four,0,,,46/1
1439771,2,6,6,Balasubramaniam Sachin,Jayaraman Suresh Kumar,S Lakshay Jain,1,1,0,run,0,,,47/1
1439771,2,7,1,Balasubramaniam Sachin,Jayaraman Suresh Kumar,S Mohan Prasath,4,4,0,four,0,,,51/1
1439771,2,7,2,Balasubramaniam Sachin,Jayaraman Suresh Kumar,S Mohan Prasath,1,1,0,run,0,,,52/1
1439771,2,7,3,Jayaraman Suresh Kumar,Balasubramaniam Sachin,S Mohan Prasath,1,1,0,run,0,,,53/1
1439771,2,7,4,Balasubramaniam Sachin,Jayaraman Suresh Kumar,S Mohan Prasath,1,1,0,run,0,,,54/1
1439771,2,7,5,Jayaraman Suresh Kumar,Balasubramaniam Sachin,S Mohan Prasath,1,1,0,run,0,,,55/1
1439771,2,7,6,Balasubramaniam Sachin,Jayaraman Suresh Kumar,S Mohan Prasath,6,6,0,six,0,,,61/1
1439771,2,8,1,Jayaraman Suresh Kumar,Balasubramaniam Sachin,Ragupathy Silambarasan,1,1,0,run,0,,,62/1
1439771,2,8,2,Balasubramaniam Sachin,Jayaraman Suresh Kumar,Ragupathy Silambarasan,4,4,0,four,0,,,66/1
1439771,2,8,3,Balasubramaniam Sachin,Jayaraman Suresh Kumar,Ragupathy Silambarasan,1,1,0,run,0,,,67/1
1439771,2,8,4,Jayaraman Suresh Kumar,Balasubramaniam Sachin,Ragupathy Silambarasan,1,0,1,wide,0,,,68/1
1439771,2,8,5,Jayaraman Suresh Kumar,Balasubramaniam Sachin,Ragupathy Silambarasan,1,1,0,run,0,,,69/1
1439771,2,8,6,Balasubramaniam Sachin,Jayaraman Suresh Kumar,Ragupathy Silambarasan,1,1,0,run,0,,,70/1
1439771,2,8,7,Jayaraman Suresh Kumar,Balasubramaniam Sachin,Ragupathy Silambarasan,1,1,0,run,0,,,71/1
1439771,2,9,1,Jayaraman Suresh Kumar,Balasubramaniam Sachin,Ramsingh Sonu Yadav,1,1,0,run,0,,,72/1
1439771,2,9,2,Balasubramaniam Sachin,Jayaraman Suresh Kumar,Ramsingh Sonu Yadav,0,0,0,no run,0,,,72/1
1439771,2,9,3,Balasubramaniam Sachin,Jayaraman Suresh Kumar,Ramsingh Sonu Yadav,1,1,0,run,0,,,73/1
1439771,2,9,4,Jayaraman Suresh Kumar,Balasubramaniam Sachin,Ramsingh Sonu Yadav,1,0,1,wide,0,,,74/1
1439771,2,9,5,Jayaraman Suresh Kumar,Balasubramaniam Sachin,Ramsingh Sonu Yadav,4,4,0,four,0,,,78/1
1439771,2,9,6,Jayaraman Suresh Kumar,Balasubramaniam Sachin,Ramsingh Sonu Yadav,1,1,0,run,0,,,79/1
1439771,2,9,7,Balasubramaniam Sachin,Jayaraman Suresh Kumar,Ramsingh Sonu Yadav,1,1,0,run,0,,,80/1
1439771,2,10,1,Balasubramaniam Sachin,Jayaraman Suresh Kumar,S Lakshay Jain,1,1,0,run,0,,,81/1
1439771,2,10,2,Jayaraman Suresh Kumar,Balasubramaniam Sachin,S Lakshay Jain,0,0,0,no run,0,,,81/1
1439771,2,10,3,Jayaraman Suresh Kumar,Balasubramaniam Sachin,S Lakshay Jain,0,0,0,no run,0,,,81/1
1439771,2,10,4,Jayaraman Suresh Kumar,Balasubramaniam Sachin,S Lakshay Jain,0,0,0,no run,0,,,81/1
1439771,2,10,5,Jayaraman Suresh Kumar,Balasubramaniam Sachin,S Lakshay Jain,1,0,1,wide,0,,,82/1
1439771,2,10,6,Jayaraman Suresh Kumar,Balasubramaniam Sachin,S Lakshay Jain,1,1,0,run,0,,,83/1
1439771,2,10,7,Balasubramaniam Sachin,Jayaraman Suresh Kumar,S Lakshay Jain,4,4,0,four,0,,,87/1
1439771,2,11,1,Jayaraman Suresh Kumar,Balasubramaniam Sachin,NS Harish,1,1,0,run,0,,,88/1
1439771,2,11,2,Balasubramaniam Sachin,Jayaraman Suresh Kumar,NS Harish,1,1,0,run,0,,,89/1
1439771,2,11,3,Jayaraman Suresh Kumar,Balasubramaniam Sachin,NS Harish,0,0,0,no run,0,,,89/1
1439771,2,11,4,Jayaraman Suresh Kumar,Balasubramaniam Sachin,NS Harish,4,4,0,four,0,,,93/1
1439771,2,11,5,Jayaraman Suresh Kumar,Balasubramaniam Sachin,NS Harish,1,1,0,run,0,,,94/1
1439771,2,11,6,Balasubramaniam Sachin,Jayaraman Suresh Kumar,NS Harish,0,0,0,no run,0,,,94/1
1439771,2,12,1,Jayaraman Suresh Kumar,Balasubramaniam Sachin,RS Mokit Hariharan,3,3,0,run,0,,,97/1
1439771,2,12,2,Balasubramaniam Sachin,Jayaraman Suresh Kumar,RS Mokit Hariharan,1,1,0,run,0,,,98/1
1439771,2,12,3,Jayaraman Suresh Kumar,Balasubramaniam Sachin,RS Mokit Hariharan,1,1,0,run,0,,,99/1
1439771,2,12,4,Balasubramaniam Sachin,Jayaraman Suresh Kumar,RS Mokit Hariharan,1,1,0,run,0,,,100/1
1439771,2,12,5,Jayaraman Suresh Kumar,Balasubramaniam Sachin,RS Mokit Hariharan,1,1,0,run,0,,,101/1
1439771,2,12,6,Balasubramaniam Sachin,Jayaraman Suresh Kumar,RS Mokit Hariharan,1,1,0,run,0,,,102/1
1439771,2,13,1,Balasubramaniam Sachin,Jayaraman Suresh Kumar,NS Harish,1,1,0,run,0,,,103/1
1439771,2,13,2,Jayaraman Suresh Kumar,Balasubramaniam Sachin,NS Harish,2,2,0,run,0,,,105/1
1439771,2,13,3,Jayaraman Suresh Kumar,Balasubramaniam Sachin,NS Harish,1,0,1,bye,0,,,106/1
1439771,2,13,4,Balasubramaniam Sachin,Jayaraman Suresh Kumar,NS Harish,4,4,0,four,0,,,110/1
1439771,2,13,5,Balasubramaniam Sachin,Jayaraman Suresh Kumar,NS Harish,0,0,0,no run,0,,,110/1
1439771,2,13,6,Balasubramaniam Sachin,Jayaraman Suresh Kumar,NS Harish,1,1,0,run,0,,,111/1
1439771,2,14,1,Balasubramaniam Sachin,Jayaraman Suresh Kumar,Ragupathy Silambarasan,1,1,0,run,0,,,112/1
1439771,2,14,2,Jayaraman Suresh Kumar,Balasubramaniam Sachin,Ragupathy Silambarasan,1,1,0,run,0,,,113/1
1439771,2,14,3,Balasubramaniam Sachin,Jayaraman Suresh Kumar,Ragupathy Silambarasan,0,0,0,no run,0,,,113/1
1439771,2,14,4,Balasubramaniam Sachin,Jayaraman Suresh Kumar,Ragupathy Silambarasan,1,1,0,run,0,,,114/1
1439771,2,14,5,Jayaraman Suresh Kumar,Balasubramaniam Sachin,Ragupathy Silambarasan,1,0,1,leg bye,0,,,115/1
1439771,2,14,6,Balasubramaniam Sachin,Jayaraman Suresh Kumar,Ragupathy Silambarasan,0,0,0,no run,0,,,115/1
1439771,2,15,1,Jayaraman Suresh Kumar,Balasubramaniam Sachin,S Mohan Prasath,1,1,0,run,0,,,116/1
1439771,2,15,2,Balasubramaniam Sachin,Jayaraman Suresh Kumar,S Mohan Prasath,1,1,0,run,0,,,117/1
1439771,2,15,3,Jayaraman Suresh Kumar,Balasubramaniam Sachin,S Mohan Prasath,4,4,0,four,0,,,121/1
1439771,2,15,4,Jayaraman Suresh Kumar,Balasubramaniam Sachin,S Mohan Prasath,0,0,0,no run,0,,,121/1
1439771,2,15,5,Jayaraman Suresh Kumar,Balasubramaniam Sachin,S Mohan Prasath,1,1,0,run,0,,,122/1
1439771,2,15,6,Balasubramaniam Sachin,Jayaraman Suresh Kumar,S Mohan Prasath,1,1,0,run,0,,,123/1
1439771,2,16,1,Balasubramaniam Sachin,Jayaraman Suresh Kumar,Ramsingh Sonu Yadav,4,4,0,four,0,,,127/1
1439771,2,16,2,Balasubramaniam Sachin,Jayaraman Suresh Kumar,Ramsingh Sonu Yadav,1,1,0,run,0,,,128/1
1439771,2,16,3,Jayaraman Suresh Kumar,Balasubramaniam Sachin,Ramsingh Sonu Yadav,0,0,0,no run,0,,,128/1
1439771,2,16,4,Jayaraman Suresh Kumar,Balasubramaniam Sachin,Ramsingh Sonu Yadav,1,1,0,run,0,,,129/1
1439771,2,16,5,Balasubramaniam Sachin,Jayaraman Suresh Kumar,Ramsingh Sonu Yadav,4,4,0,four,0,,,133/1
1439771,2,16,6,Balasubramaniam Sachin,Jayaraman Suresh Kumar,Ramsingh Sonu Yadav,4,4,0,four,0,,,137/1
1439771,2,17,1,Jayaraman Suresh Kumar,Balasubramaniam Sachin,S Mohan Prasath,0,0,0,no run,0,,,137/1
1439771,2,17,2,Jayaraman Suresh Kumar,Balasubramaniam Sachin,S Mohan Prasath,1,1,0,run,0,,,138/1
1439771,2,17,3,Balasubramaniam Sachin,Jayaraman Suresh Kumar,S Mohan Prasath,6,6,0,six,0,,,144/1
1439771,2,17,4,Balasubramaniam Sachin,Jayaraman Suresh Kumar,S Mohan Prasath,6,6,0,six,0,,,150/1
1439771,2,17,5,Balasubramaniam Sachin,Jayaraman Suresh Kumar,S Mohan Prasath,1,1,0,run,0,,,151/1
1439771,2,17,6,Jayaraman Suresh Kumar,Balasubramaniam Sachin,S Mohan Prasath,1,1,0,run,0,,,152/1
1439771,2,18,1,Jayaraman Suresh Kumar,Balasubramaniam Sachin,Ragupathy Silambarasan,1,0,1,wide,0,,,153/1
1439771,2,18,2,Jayaraman Suresh Kumar,Balasubramaniam Sachin,Ragupathy Silambarasan,6,6,0,six,0,,,159/1
1439771,2,18,3,Jayaraman Suresh Kumar,Balasubramaniam Sachin,Ragupathy Silambarasan,1,1,0,run,0,,,160/1
1439771,2,18,4,Balasubramaniam Sachin,Jayaraman Suresh Kumar,Ragupathy Silambarasan,0,0,0,no run,0,retired not out (hurt),Balasubramaniam Sachin,160/1
1439771,2,18,5,Masood Shahrukh Khan,Jayaraman Suresh Kumar,Ragupathy Silambarasan,1,1,0,run,0,,,161/1
1439771,2,18,6,Jayaraman Suresh Kumar,Masood Shahrukh Khan,Ragupathy Silambarasan,2,2,0,run,0,,,163/1
1439771,2,18,7,Jayaraman Suresh Kumar,Masood Shahrukh Khan,Ragupathy Silambarasan,1,0,1,wide,0,,,164/1
1439771,2,18,8,Jayaraman Suresh Kumar,Masood Shahrukh Khan,Ragupathy Silambarasan,1,1,0,run,0,,,165/1
1439771,2,19,1,Jayaraman Suresh Kumar,Masood Shahrukh Khan,Emmanuel Cherian,1,1,0,run,0,,,166/1
1439771,2,19,2,Masood Shahrukh Khan,Jayaraman Suresh Kumar,Emmanuel Cherian,0,0,0,no run,0,,,166/1
1439771,2,19,3,Masood Shahrukh Khan,Jayaraman Suresh Kumar,Emmanuel Cherian,6,6,0,six,0,,,172/1
1439772,1,1,1,Arjun P Murthy,Waseem Ahmed,N Selva Kumaran,1,1,0,run,0,,,1/0
1439772,1,1,2,Waseem Ahmed,Arjun P Murthy,N Selva Kumaran,0,0,0,no run,0,,,1/0
1439772,1,1,3,Waseem Ahmed,Arjun P Murthy,N Selva Kumaran,0,0,0,no run,0,,,1/0
1439772,1,1,4,Waseem Ahmed,Arjun P Murthy,N Selva Kumaran,1,1,0,run,0,,,2/0
1439772,1,1,5,Arjun P Murthy,Waseem Ahmed,N Selva Kumaran,1,1,0,run,0,,,3/0
1439772,1,1,6,Waseem Ahmed,Arjun P Murthy,N Selva Kumaran,0,0,0,no run,0,,,3/0
1439772,1,2,1,Arjun P Murthy,Waseem Ahmed,Sunny Sandhu,0,0,0,no run,0,,,3/0
1439772,1,2,2,Arjun P Murthy,Waseem Ahmed,Sunny Sandhu,0,0,0,no run,0,,,3/0
1439772,1,2,3,Arjun P Murthy,Waseem Ahmed,Sunny Sandhu,0,0,0,no run,0,,,3/0
1439772,1,2,4,Arjun P Murthy,Waseem Ahmed,Sunny Sandhu,0,0,0,no run,0,,,3/0
1439772,1,2,5,Arjun P Murthy,Waseem Ahmed,Sunny Sandhu,1,1,0,run,0,,,4/0
1439772,1,2,6,Waseem Ahmed,Arjun P Murthy,Sunny Sandhu,0,0,0,no run,0,,,4/0
1439772,1,3,1,Arjun P Murthy,Waseem Ahmed,N Selva Kumaran,1,1,0,run,0,,,5/0
1439772,1,3,2,Waseem Ahmed,Arjun P Murthy,N Selva Kumaran,4,4,0,four,0,,,9/0
1439772,1,3,3,Waseem Ahmed,Arjun P Murthy,N Selva Kumaran,0,0,0,no run,0,,,9/0
1439772,1,3,4,Waseem Ahmed,Arjun P Murthy,N Selva Kumaran,1,1,0,run,0,,,10/0
1439772,1,3,5,Arjun P Murthy,Waseem Ahmed,N Selva Kumaran,1,1,0,run,0,,,11/0
1439772,1,3,6,Waseem Ahmed,Arjun P Murthy,N Selva Kumaran,0,0,0,no run,0,,,11/0
1439772,1,4,1,Arjun P Murthy,Waseem Ahmed,Sunny Sandhu,0,0,0,no run,0,,,11/0
1439772,1,4,2,Arjun P Murthy,Waseem Ahmed,Sunny Sandhu,0,0,0,no run,0,,,11/0
1439772,1,4,3,Arjun P Murthy,Waseem Ahmed,Sunny Sandhu,1,1,0,run,0,,,12/0
1439772,1,4,4,Waseem Ahmed,Arjun P Murthy,Sunny Sandhu,1,1,0,run,0,,,13/0
1439772,1,4,5,Arjun P Murthy,Waseem Ahmed,Sunny Sandhu,0,0,0,no run,0,,,13/0
1439772,1,4,6,Arjun P Murthy,Waseem Ahmed,Sunny Sandhu,1,1,0,run,0,,,14/0
1439772,1,5,1,Arjun P Murthy,Waseem Ahmed,M Poiyamozhi,4,4,0,four,0,,,18/0
1439772,1,5,2,Arjun P Murthy,Waseem Ahmed,M Poiyamozhi,0,0,0,no run,0,,,18/0
1439772,1,5,3,Arjun P Murthy,Waseem Ahmed,M Poiyamozhi,0,0,0,no run,0,,,18/0
1439772,1,5,4,Arjun P Murthy,Waseem Ahmed,M Poiyamozhi,0,0,0,out,1,caught,Arjun P Murthy,18/1
1439772,1,5,5,S Shyam Sundar,Waseem Ahmed,M Poiyamozhi,5,0,5,wide,0,,,23/1
1439772,1,5,6,S Shyam Sundar,Waseem Ahmed,M Poiyamozhi,0,0,0,no run,0,,,23/1
1439772,1,5,7,S Shyam Sundar,Waseem Ahmed,M Poiyamozhi,1,1,0,run,0,,,24/1
1439772,1,6,1,S Shyam Sundar,Waseem Ahmed,S Harish Kumar,0,0,0,no run,0,,,24/1
1439772,1,6,2,S Shyam Sundar,Waseem Ahmed,S Harish Kumar,0,0,0,no run,0,,,24/1
1439772,1,6,3,S Shyam Sundar,Waseem Ahmed,S Harish Kumar,2,2,0,run,0,,,26/1
1439772,1,6,4,S Shyam Sundar,Waseem Ahmed,S Harish Kumar,6,6,0,six,0,,,32/1
1439772,1,6,5,S Shyam Sundar,Waseem Ahmed,S Harish Kumar,4,4,0,four,0,,,36/1
1439772,1,6,6,S Shyam Sundar,Waseem Ahmed,S Harish Kumar,1,1,0,run,0,,,37/1
1439772,1,7,1,S Shyam Sundar,Waseem Ahmed,ME Yazh Arun Mozhi,1,1,0,run,0,,,38/1
1439772,1,7,2,Waseem Ahmed,S Shyam Sundar,ME Yazh Arun Mozhi,0,0,0,no run,0,,,38/1
1439772,1,7,3,Waseem Ahmed,S Shyam Sundar,ME Yazh Arun Mozhi,0,0,0,no run,0,,,38/1
1439772,1,7,4,Waseem Ahmed,S Shyam Sundar,ME Yazh Arun Mozhi,1,1,0,run,0,,,39/1
1439772,1,7,5,S Shyam Sundar,Waseem Ahmed,ME Yazh Arun Mozhi,1,1,0,run,0,,,40/1
1439772,1,7,6,Waseem Ahmed,S Shyam Sundar,ME Yazh Arun Mozhi,1,1,0,run,0,,,41/1
1439772,1,8,1,Waseem Ahmed,S Shyam Sundar,Raju Aushik Srinivas,0,0,0,no run,0,,,41/1
1439772,1,8,2,Waseem Ahmed,S Shyam Sundar,Raju Aushik Srinivas,1,1,0,run,0,,,42/1
1439772,1,8,3,S Shyam Sundar,Waseem Ahmed,Raju Aushik Srinivas,1,1,0,run,0,,,43/1
1439772,1,8,4,Waseem Ahmed,S Shyam Sundar,Raju Aushik Srinivas,1,1,0,run,0,,,44/1
1439772,1,8,5,S Shyam Sundar,Waseem Ahmed,Raju Aushik Srinivas,1,1,0,run,0,,,45/1
1439772,1,8,6,Waseem Ahmed,S Shyam Sundar,Raju Aushik Srinivas,1,1,0,run,0,,,46/1
1439772,1,9,1,Waseem Ahmed,S Shyam Sundar,ME Yazh Arun Mozhi,1,1,0,run,0,,,47/1
1439772,1,9,2,S Shyam Sundar,Waseem Ahmed,ME Yazh Arun Mozhi,1,1,0,run,0,,,48/1
1439772,1,9,3,Waseem Ahmed,S Shyam Sundar,ME Yazh Arun Mozhi,4,4,0,four,0,,,52/1
1439772,1,9,4,Waseem Ahmed,S Shyam Sundar,ME Yazh Arun Mozhi,2,2,0,run,0,,,54/1
1439772,1,9,5,Waseem Ahmed,S Shyam Sundar,ME Yazh Arun Mozhi,0,0,0,out,1,caught,Waseem Ahmed,54/2
1439772,1,9,6,Jafar Jamal,S Shyam Sundar,ME Yazh Arun Mozhi,0,0,0,no run,0,,,54/2
1439772,1,10,1,S Shyam Sundar,Jafar Jamal,Raju Aushik Srinivas,0,0,0,out,1,bowled,S Shyam Sundar,54/3
1439772,1,10,2,Ramsingh  Sanjay Yadav,Jafar Jamal,Raju Aushik Srinivas,1,1,0,run,0,,,55/3
1439772,1,10,3,Jafar Jamal,Ramsingh  Sanjay Yadav,Raju Aushik Srinivas,1,1,0,run,0,,,56/3
1439772,1,10,4,Ramsingh  Sanjay Yadav,Jafar Jamal,Raju Aushik Srinivas,0,0,0,no run,0,,,56/3
1439772,1,10,5,Ramsingh  Sanjay Yadav,Jafar Jamal,Raju Aushik Srinivas,0,0,0,no run,0,,,56/3
1439772,1,10,6,Ramsingh  Sanjay Yadav,Jafar Jamal,Raju Aushik Srinivas,2,2,0,run,0,,,58/3
1439772,1,11,1,Jafar Jamal,Ramsingh  Sanjay Yadav,ME Yazh Arun Mozhi,6,6,0,six,0,,,64/3
1439772,1,11,2,Jafar Jamal,Ramsingh  Sanjay Yadav,ME Yazh Arun Mozhi,0,0,0,no run,0,,,64/3
1439772,1,11,3,Jafar Jamal,Ramsingh  Sanjay Yadav,ME Yazh Arun Mozhi,0,0,0,no run,0,,,64/3
1439772,1,11,4,Jafar Jamal,Ramsingh  Sanjay Yadav,ME Yazh Arun Mozhi,0,0,0,no run,0,,,64/3
1439772,1,11,5,Jafar Jamal,Ramsingh  Sanjay Yadav,ME Yazh Arun Mozhi,0,0,0,no run,0,,,64/3
1439772,1,11,6,Jafar Jamal,Ramsingh  Sanjay Yadav,ME Yazh Arun Mozhi,2,1,1,run,0,,,66/3
1439772,1,11,7,Ramsingh  Sanjay Yadav,Jafar Jamal,ME Yazh Arun Mozhi,0,0,0,no run,0,,,66/3
1439772,1,12,1,Jafar Jamal,Ramsingh  Sanjay Yadav,Raju Aushik Srinivas,1,1,0,run,0,,,67/3
1439772,1,12,2,Ramsingh  Sanjay Yadav,Jafar Jamal,Raju Aushik Srinivas,1,1,0,run,0,,,68/3
1439772,1,12,3,Jafar Jamal,Ramsingh  Sanjay Yadav,Raju Aushik Srinivas,1,1,0,run,0,,,69/3
1439772,1,12,4,Ramsingh  Sanjay Yadav,Jafar Jamal,Raju Aushik Srinivas,4,4,0,four,0,,,73/3
1439772,1,12,5,Ramsingh  Sanjay Yadav,Jafar Jamal,Raju Aushik Srinivas,0,0,0,no run,0,,,73/3
1439772,1,12,6,Ramsingh  Sanjay Yadav,Jafar Jamal,Raju Aushik Srinivas,1,1,0,run,0,,,74/3
1439772,1,13,1,Ramsingh  Sanjay Yadav,Jafar Jamal,M Poiyamozhi,1,1,0,run,0,,,75/3
1439772,1,13,2,Jafar Jamal,Ramsingh  Sanjay Yadav,M Poiyamozhi,4,4,0,four,0,,,79/3
1439772,1,13,3,Jafar Jamal,Ramsingh  Sanjay Yadav,M Poiyamozhi,1,1,0,run,0,,,80/3
1439772,1,13,4,Ramsingh  Sanjay Yadav,Jafar Jamal,M Poiyamozhi,1,1,0,run,0,,,81/3
1439772,1,13,5,Jafar Jamal,Ramsingh  Sanjay Yadav,M Poiyamozhi,0,0,0,no run,0,,,81/3
1439772,1,13,6,Jafar Jamal,Ramsingh  Sanjay Yadav,M Poiyamozhi,6,6,0,six,0,,,87/3
1439772,1,14,1,Ramsingh  Sanjay Yadav,Jafar Jamal,S Harish Kumar,1,0,1,leg bye,0,,,88/3
1439772,1,14,2,Jafar Jamal,Ramsingh  Sanjay Yadav,S Harish Kumar,1,1,0,run,0,,,89/3
1439772,1,14,3,Ramsingh  Sanjay Yadav,Jafar Jamal,S Harish Kumar,1,1,0,run,0,,,90/3
1439772,1,14,4,Jafar Jamal,Ramsingh  Sanjay Yadav,S Harish Kumar,1,1,0,run,0,,,91/3
1439772,1,14,5,Ramsingh  Sanjay Yadav,Jafar Jamal,S Harish Kumar,6,6,0,six,0,,,97/3
1439772,1,14,6,Ramsingh  Sanjay Yadav,Jafar Jamal,S Harish Kumar,1,1,0,run,0,,,98/3
1439772,1,15,1,Ramsingh  Sanjay Yadav,Jafar Jamal,Sunny Sandhu,1,1,0,run,0,,,99/3
1439772,1,15,2,Jafar Jamal,Ramsingh  Sanjay Yadav,Sunny Sandhu,1,0,1,leg bye,0,,,100/3
1439772,1,15,3,Ramsingh  Sanjay Yadav,Jafar Jamal,Sunny Sandhu,6,6,0,six,0,,,106/3
1439772,1,15,4,Ramsingh  Sanjay Yadav,Jafar Jamal,Sunny Sandhu,4,4,0,four,0,,,110/3
1439772,1,15,5,Ramsingh  Sanjay Yadav,Jafar Jamal,Sunny Sandhu,1,1,0,run,0,,,111/3
1439772,1,15,6,Jafar Jamal,Ramsingh  Sanjay Yadav,Sunny Sandhu,1,1,0,run,0,,,112/3
1439772,1,16,1,Jafar Jamal,Ramsingh  Sanjay Yadav,Raju Aushik Srinivas,1,1,0,run,0,,,113/3
1439772,1,16,2,Ramsingh  Sanjay Yadav,Jafar Jamal,Raju Aushik Srinivas,1,0,1,wide,0,,,114/3
1439772,1,16,3,Ramsingh  Sanjay Yadav,Jafar Jamal,Raju Aushik Srinivas,2,2,0,run,0,,,116/3
1439772,1,16,4,Ramsingh  Sanjay Yadav,Jafar Jamal,Raju Aushik Srinivas,6,6,0,six,0,,,122/3
1439772,1,16,5,Ramsingh  Sanjay Yadav,Jafar Jamal,Raju Aushik Srinivas,1,1,0,run,0,,,123/3
1439772,1,16,6,Jafar Jamal,Ramsingh  Sanjay Yadav,Raju Aushik Srinivas,0,0,0,no run,0,,,123/3
1439772,1,16,7,Jafar Jamal,Ramsingh  Sanjay Yadav,Raju Aushik Srinivas,1,1,0,run,0,,,124/3
1439772,1,17,1,Jafar Jamal,Ramsingh  Sanjay Yadav,M Poiyamozhi,6,6,0,six,0,,,130/3
1439772,1,17,2,Jafar Jamal,Ramsingh  Sanjay Yadav,M Poiyamozhi,1,0,1,wide,0,,,131/3
1439772,1,17,3,Jafar Jamal,Ramsingh  Sanjay Yadav,M Poiyamozhi,0,0,0,out,1,caught,Jafar Jamal,131/4
1439772,1,17,4,R Rajkumar,Ramsingh  Sanjay Yadav,M Poiyamozhi,1,1,0,run,0,,,132/4
1439772,1,17,5,Ramsingh  Sanjay Yadav,R Rajkumar,M Poiyamozhi,4,4,0,four,0,,,136/4
1439772,1,17,6,Ramsingh  Sanjay Yadav,R Rajkumar,M Poiyamozhi,4,4,0,four,0,,,140/4
1439772,1,17,7,Ramsingh  Sanjay Yadav,R Rajkumar,M Poiyamozhi,1,1,0,run,0,,,141/4
1439772,1,18,1,Ramsingh  Sanjay Yadav,R Rajkumar,S Harish Kumar,6,6,0,six,0,,,147/4
1439772,1,18,2,Ramsingh  Sanjay Yadav,R Rajkumar,S Harish Kumar,0,0,0,no run,0,,,147/4
1439772,1,18,3,Ramsingh  Sanjay Yadav,R Rajkumar,S Harish Kumar,6,6,0,six,0,,,153/4
1439772,1,18,4,Ramsingh  Sanjay Yadav,R Rajkumar,S Harish Kumar,0,0,0,no run,0,,,153/4
1439772,1,18,5,Ramsingh  Sanjay Yadav,R Rajkumar,S Harish Kumar,6,6,0,six,0,,,159/4
1439772,1,18,6,Ramsingh  Sanjay Yadav,R Rajkumar,S Harish Kumar,1,1,0,run,0,,,160/4
1439772,1,19,1,Ramsingh  Sanjay Yadav,R Rajkumar,M Poiyamozhi,0,0,0,no run,0,,,160/4
1439772,1,19,2,Ramsingh  Sanjay Yadav,R Rajkumar,M Poiyamozhi,0,0,0,out,1,caught,Ramsingh  Sanjay Yadav,160/5
1439772,1,19,3,P Saravana Kumar,R Rajkumar,M Poiyamozhi,1,0,1,bye,0,,,161/5
1439772,1,19,4,R Rajkumar,P Saravana Kumar,M Poiyamozhi,6,6,0,six,0,,,167/5
1439772,1,19,5,R Rajkumar,P Saravana Kumar,M Poiyamozhi,6,6,0,six,0,,,173/5
1439772,1,19,6,R Rajkumar,P Saravana Kumar,M Poiyamozhi,4,4,0,four,0,,,177/5
1439772,1,20,1,P Saravana Kumar,R Rajkumar,Sunny Sandhu,4,4,0,four,0,,,181/5
1439772,1,20,2,P Saravana Kumar,R Rajkumar,Sunny Sandhu,1,1,0,run,0,,,182/5
1439772,1,20,3,R Rajkumar,P Saravana Kumar,Sunny Sandhu,1,0,1,wide,0,,,183/5
1439772,1,20,4,R Rajkumar,P Saravana Kumar,Sunny Sandhu,1,1,0,run,0,,,184/5
1439772,1,20,5,P Saravana Kumar,R Rajkumar,Sunny Sandhu,6,6,0,six,0,,,190/5
1439772,1,20,6,P Saravana Kumar,R Rajkumar,Sunny Sandhu,6,6,0,six,0,,,196/5
1439772,1,20,7,P Saravana Kumar,R Rajkumar,Sunny Sandhu,2,0,2,bye,0,,,198/5
1439772,2,1,1,S Abishiek,R Kavin,P Saravana Kumar,0,0,0,no run,0,,,0/0
1439772,2,1,2,S Abishiek,R Kavin,P Saravana Kumar,1,1,0,run,0,,,1/0
1439772,2,1,3,R Kavin,S Abishiek,P Saravana Kumar,0,0,0,no run,0,,,1/0
1439772,2,1,4,R Kavin,S Abishiek,P Saravana Kumar,6,6,0,six,0,,,7/0
1439772,2,1,5,R Kavin,S Abishiek,P Saravana Kumar,6,6,0,six,0,,,13/0
1439772,2,1,6,R Kavin,S Abishiek,P Saravana Kumar,0,0,0,no run,0,,,13/0
1439772,2,2,1,S Abishiek,R Kavin,V Athisayaraj Davidson,0,0,0,no run,0,,,13/0
1439772,2,2,2,S Abishiek,R Kavin,V Athisayaraj Davidson,4,4,0,four,0,,,17/0
1439772,2,2,3,S Abishiek,R Kavin,V Athisayaraj Davidson,0,0,0,no run,0,,,17/0
1439772,2,2,4,S Abishiek,R Kavin,V Athisayaraj Davidson,4,4,0,four,0,,,21/0
1439772,2,2,5,S Abishiek,R Kavin,V Athisayaraj Davidson,1,1,0,run,0,,,22/0
1439772,2,2,6,R Kavin,S Abishiek,V Athisayaraj Davidson,1,1,0,run,0,,,23/0
1439772,2,3,1,R Kavin,S Abishiek,P Saravana Kumar,0,0,0,out,1,caught,R Kavin,23/1
1439772,2,3,2,Rajendran Vivek,S Abishiek,P Saravana Kumar,1,1,0,run,0,,,24/1
1439772,2,3,3,S Abishiek,Rajendran Vivek,P Saravana Kumar,0,0,0,no run,0,,,24/1
1439772,2,3,4,S Abishiek,Rajendran Vivek,P Saravana Kumar,0,0,0,no run,0,,,24/1
1439772,2,3,5,S Abishiek,Rajendran Vivek,P Saravana Kumar,0,0,0,out,1,caught,S Abishiek,24/2
1439772,2,3,6,Poovathinga Shijit Chandran,Rajendran Vivek,P Saravana Kumar,0,0,0,no run,0,,,24/2
1439772,2,4,1,Rajendran Vivek,Poovathinga Shijit Chandran,K Easwaran,4,4,0,four,0,,,28/2
1439772,2,4,2,Rajendran Vivek,Poovathinga Shijit Chandran,K Easwaran,0,0,0,no run,0,,,28/2
1439772,2,4,3,Rajendran Vivek,Poovathinga Shijit Chandran,K Easwaran,1,0,1,wide,0,,,29/2
1439772,2,4,4,Rajendran Vivek,Poovathinga Shijit Chandran,K Easwaran,4,4,0,four,0,,,33/2
1439772,2,4,5,Rajendran Vivek,Poovathinga Shijit Chandran,K Easwaran,0,0,0,no run,0,,,33/2
1439772,2,4,6,Rajendran Vivek,Poovathinga Shijit Chandran,K Easwaran,6,6,0,six,0,,,39/2
1439772,2,4,7,Rajendran Vivek,Poovathinga Shijit Chandran,K Easwaran,1,0,1,wide,0,,,40/2
1439772,2,4,8,Rajendran Vivek,Poovathinga Shijit Chandran,K Easwaran,6,6,0,six,0,,,46/2
1439772,2,5,1,Poovathinga Shijit Chandran,Rajendran Vivek,P Saravana Kumar,0,0,0,no run,0,,,46/2
1439772,2,5,2,Poovathinga Shijit Chandran,Rajendran Vivek,P Saravana Kumar,1,1,0,run,0,,,47/2
1439772,2,5,3,Rajendran Vivek,Poovathinga Shijit Chandran,P Saravana Kumar,6,6,0,six,0,,,53/2
1439772,2,5,4,Rajendran Vivek,Poovathinga Shijit Chandran,P Saravana Kumar,6,6,0,six,0,,,59/2
1439772,2,5,5,Rajendran Vivek,Poovathinga Shijit Chandran,P Saravana Kumar,0,0,0,out,1,caught,Rajendran Vivek,59/3
1439772,2,5,6,Muhammed Adnan Khan,Poovathinga Shijit Chandran,P Saravana Kumar,1,1,0,run,0,,,60/3
1439772,2,6,1,Muhammed Adnan Khan,Poovathinga Shijit Chandran,V Athisayaraj Davidson,0,0,0,no run,0,,,60/3
1439772,2,6,2,Muhammed Adnan Khan,Poovathinga Shijit Chandran,V Athisayaraj Davidson,0,0,0,no run,0,,,60/3
1439772,2,6,3,Muhammed Adnan Khan,Poovathinga Shijit Chandran,V Athisayaraj Davidson,0,0,0,no run,0,,,60/3
1439772,2,6,4,Muhammed Adnan Khan,Poovathinga Shijit Chandran,V Athisayaraj Davidson,0,0,0,no run,0,,,60/3
1439772,2,6,5,Muhammed Adnan Khan,Poovathinga Shijit Chandran,V Athisayaraj Davidson,4,4,0,four,0,,,64/3
1439772,2,6,6,Muhammed Adnan Khan,Poovathinga Shijit Chandran,V Athisayaraj Davidson,4,4,0,four,0,,,68/3
1439772,2,7,1,Poovathinga Shijit Chandran,Muhammed Adnan Khan,Wenseslaus Antony Dhas,1,1,0,run,0,,,69/3
1439772,2,7,2,Muhammed Adnan Khan,Poovathinga Shijit Chandran,Wenseslaus Antony Dhas,0,0,0,no run,0,,,69/3
1439772,2,7,3,Muhammed Adnan Khan,Poovathinga Shijit Chandran,Wenseslaus Antony Dhas,1,1,0,run,0,,,70/3
1439772,2,7,4,Poovathinga Shijit Chandran,Muhammed Adnan Khan,Wenseslaus Antony Dhas,0,0,0,no run,0,,,70/3
1439772,2,7,5,Poovathinga Shijit Chandran,Muhammed Adnan Khan,Wenseslaus Antony Dhas,1,1,0,run,0,,,71/3
1439772,2,7,6,Muhammed Adnan Khan,Poovathinga Shijit Chandran,Wenseslaus Antony Dhas,1,0,1,leg bye,0,,,72/3
1439772,2,8,1,Muhammed Adnan Khan,Poovathinga Shijit Chandran,Kannan Vignesh,1,1,0,run,0,,,73/3
1439772,2,8,2,Poovathinga Shijit Chandran,Muhammed Adnan Khan,Kannan Vignesh,0,0,0,no run,0,,,73/3
1439772,2,8,3,Poovathinga Shijit Chandran,Muhammed Adnan Khan,Kannan Vignesh,2,2,0,run,0,,,75/3
1439772,2,8,4,Poovathinga Shijit Chandran,Muhammed Adnan Khan,Kannan Vignesh,1,1,0,run,0,,,76/3
1439772,2,8,5,Muhammed Adnan Khan,Poovathinga Shijit Chandran,Kannan Vignesh,0,0,0,no run,0,,,76/3
1439772,2,8,6,Muhammed Adnan Khan,Poovathinga Shijit Chandran,Kannan Vignesh,1,1,0,run,0,,,77/3
1439772,2,9,1,Muhammed Adnan Khan,Poovathinga Shijit Chandran,Wenseslaus Antony Dhas,1,1,0,run,0,,,78/3
1439772,2,9,2,Poovathinga Shijit Chandran,Muhammed Adnan Khan,Wenseslaus Antony Dhas,0,0,0,out,1,caught,Poovathinga Shijit Chandran,78/4
1439772,2,9,3,K Vishal Vaidhya,Muhammed Adnan Khan,Wenseslaus Antony Dhas,1,1,0,run,0,,,79/4
1439772,2,9,4,Muhammed Adnan Khan,K Vishal Vaidhya,Wenseslaus Antony Dhas,4,4,0,four,0,,,83/4
1439772,2,9,5,Muhammed Adnan Khan,K Vishal Vaidhya,Wenseslaus Antony Dhas,1,1,0,run,0,,,84/4
1439772,2,9,6,K Vishal Vaidhya,Muhammed Adnan Khan,Wenseslaus Antony Dhas,1,1,0,run,0,,,85/4
1439772,2,10,1,K Vishal Vaidhya,Muhammed Adnan Khan,Kannan Vignesh,0,0,0,no run,0,,,85/4
1439772,2,10,2,K Vishal Vaidhya,Muhammed Adnan Khan,Kannan Vignesh,1,1,0,run,0,,,86/4
1439772,2,10,3,Muhammed Adnan Khan,K Vishal Vaidhya,Kannan Vignesh,0,0,0,no run,0,,,86/4
1439772,2,10,4,Muhammed Adnan Khan,K Vishal Vaidhya,Kannan Vignesh,4,4,0,four,0,,,90/4
1439772,2,10,5,Muhammed Adnan Khan,K Vishal Vaidhya,Kannan Vignesh,1,1,0,run,0,,,91/4
1439772,2,10,6,K Vishal Vaidhya,Muhammed Adnan Khan,Kannan Vignesh,1,1,0,run,0,,,92/4
1439772,2,11,1,K Vishal Vaidhya,Muhammed Adnan Khan,R Rajkumar,2,2,0,run,0,,,94/4
1439772,2,11,2,K Vishal Vaidhya,Muhammed Adnan Khan,R Rajkumar,1,1,0,run,0,,,95/4
1439772,2,11,3,Muhammed Adnan Khan,K Vishal Vaidhya,R Rajkumar,2,2,0,run,0,,,97/4
1439772,2,11,4,Muhammed Adnan Khan,K Vishal Vaidhya,R Rajkumar,1,1,0,run,0,,,98/4
1439772,2,11,5,K Vishal Vaidhya,Muhammed Adnan Khan,R Rajkumar,1,1,0,run,0,,,99/4
1439772,2,11,6,Muhammed Adnan Khan,K Vishal Vaidhya,R Rajkumar,1,1,0,run,0,,,100/4
1439772,2,12,1,Muhammed Adnan Khan,K Vishal Vaidhya,Kannan Vignesh,1,1,0,run,0,,,101/4
1439772,2,12,2,K Vishal Vaidhya,Muhammed Adnan Khan,Kannan Vignesh,1,1,0,run,0,,,102/4
1439772,2,12,3,Muhammed Adnan Khan,K Vishal Vaidhya,Kannan Vignesh,4,4,0,four,0,,,106/4
1439772,2,12,4,Muhammed Adnan Khan,K Vishal Vaidhya,Kannan Vignesh,1,1,0,run,0,,,107/4
1439772,2,12,5,K Vishal Vaidhya,Muhammed Adnan Khan,Kannan Vignesh,1,1,0,run,0,,,108/4
1439772,2,12,6,Muhammed Adnan Khan,K Vishal Vaidhya,Kannan Vignesh,2,2,0,run,0,,,110/4
1439772,2,13,1,K Vishal Vaidhya,Muhammed Adnan Khan,R Rajkumar,0,0,0,out,1,caught,K Vishal Vaidhya,110/5
1439772,2,13,2,Sunny Sandhu,Muhammed Adnan Khan,R Rajkumar,0,0,0,no run,0,,,110/5
1439772,2,13,3,Sunny Sandhu,Muhammed Adnan Khan,R Rajkumar,1,1,0,run,0,,,111/5
1439772,2,13,4,Muhammed Adnan Khan,Sunny Sandhu,R Rajkumar,0,0,0,no run,0,,,111/5
1439772,2,13,5,Muhammed Adnan Khan,Sunny Sandhu,R Rajkumar,4,4,0,four,0,,,115/5
1439772,2,13,6,Muhammed Adnan Khan,Sunny Sandhu,R Rajkumar,1,1,0,run,0,,,116/5
1439772,2,14,1,Muhammed Adnan Khan,Sunny Sandhu,Wenseslaus Antony Dhas,0,0,0,no run,0,,,116/5
1439772,2,14,2,Muhammed Adnan Khan,Sunny Sandhu,Wenseslaus Antony Dhas,0,0,0,out,1,caught,Muhammed Adnan Khan,116/6
1439772,2,14,3,S Harish Kumar,Sunny Sandhu,Wenseslaus Antony Dhas,4,4,0,four,0,,,120/6
1439772,2,14,4,S Harish Kumar,Sunny Sandhu,Wenseslaus Antony Dhas,1,1,0,run,0,,,121/6
1439772,2,14,5,Sunny Sandhu,S Harish Kumar,Wenseslaus Antony Dhas,1,1,0,run,0,,,122/6
1439772,2,14,6,S Harish Kumar,Sunny Sandhu,Wenseslaus Antony Dhas,1,1,0,run,0,,,123/6
1439772,2,15,1,S Harish Kumar,Sunny Sandhu,R Rajkumar,0,0,0,no run,0,,,123/6
1439772,2,15,2,S Harish Kumar,Sunny Sandhu,R Rajkumar,0,0,0,no run,0,,,123/6
1439772,2,15,3,S Harish Kumar,Sunny Sandhu,R Rajkumar,6,6,0,six,0,,,129/6
1439772,2,15,4,S Harish Kumar,Sunny Sandhu,R Rajkumar,2,2,0,run,0,,,131/6
1439772,2,15,5,S Harish Kumar,Sunny Sandhu,R Rajkumar,1,1,0,run,0,,,132/6
1439772,2,15,6,Sunny Sandhu,S Harish Kumar,R Rajkumar,1,1,0,run,0,,,133/6
1439772,2,16,1,Sunny Sandhu,S Harish Kumar,Wenseslaus Antony Dhas,0,0,0,no run,0,,,133/6
1439772,2,16,2,Sunny Sandhu,S Harish Kumar,Wenseslaus Antony Dhas,1,1,0,run,1,run out,S Harish Kumar,134/7
1439772,2,16,3,Sunny Sandhu,N Selva Kumaran,Wenseslaus Antony Dhas,1,1,0,run,0,,,135/7
1439772,2,16,4,N Selva Kumaran,Sunny Sandhu,Wenseslaus Antony Dhas,1,1,0,run,0,,,136/7
1439772,2,16,5,Sunny Sandhu,N Selva Kumaran,Wenseslaus Antony Dhas,6,6,0,six,0,,,142/7
1439772,2,16,6,Sunny Sandhu,N Selva Kumaran,Wenseslaus Antony Dhas,6,6,0,six,0,,,148/7
1439772,2,17,1,N Selva Kumaran,Sunny Sandhu,R Rajkumar,0,0,0,no run,0,,,148/7
1439772,2,17,2,N Selva Kumaran,Sunny Sandhu,R Rajkumar,0,0,0,out,1,caught,N Selva Kumaran,148/8
1439772,2,17,3,M Poiyamozhi,Sunny Sandhu,R Rajkumar,1,1,0,run,0,,,149/8
1439772,2,17,4,Sunny Sandhu,M Poiyamozhi,R Rajkumar,4,4,0,four,0,,,153/8
1439772,2,17,5,Sunny Sandhu,M Poiyamozhi,R Rajkumar,1,1,0,run,0,,,154/8
1439772,2,17,6,M Poiyamozhi,Sunny Sandhu,R Rajkumar,1,1,0,run,0,,,155/8
1439772,2,18,1,M Poiyamozhi,Sunny Sandhu,Kannan Vignesh,0,0,0,out,1,bowled,M Poiyamozhi,155/9
1439772,2,18,2,ME Yazh Arun Mozhi,Sunny Sandhu,Kannan Vignesh,0,0,0,no run,0,,,155/9
1439772,2,18,3,ME Yazh Arun Mozhi,Sunny Sandhu,Kannan Vignesh,0,0,0,no run,0,,,155/9
1439772,2,18,4,ME Yazh Arun Mozhi,Sunny Sandhu,Kannan Vignesh,0,0,0,no run,0,,,155/9
1439772,2,18,5,ME Yazh Arun Mozhi,Sunny Sandhu,Kannan Vignesh,1,1,0,run,0,,,156/9
1439772,2,18,6,Sunny Sandhu,ME Yazh Arun Mozhi,Kannan Vignesh,1,1,0,run,0,,,157/9
1439772,2,19,1,Sunny Sandhu,ME Yazh Arun Mozhi,V Athisayaraj Davidson,0,0,0,no run,0,,,157/9
1439772,2,19,2,Sunny Sandhu,ME Yazh Arun Mozhi,V Athisayaraj Davidson,6,6,0,six,0,,,163/9
1439772,2,19,3,Sunny Sandhu,ME Yazh Arun Mozhi,V Athisayaraj Davidson,0,0,0,out,1,caught,Sunny Sandhu,163/10
1439773,1,1,1,Shivam Singh,Ravichandran Ashwin,Abhishek Baljeetsingh Tanwar,0,0,0,out,1,caught,Shivam Singh,0/1
1439773,1,1,2,Boopathi Vaishna Kumar,Ravichandran Ashwin,Abhishek Baljeetsingh Tanwar,0,0,0,no run,0,,,0/1
1439773,1,1,3,Boopathi Vaishna Kumar,Ravichandran Ashwin,Abhishek Baljeetsingh Tanwar,0,0,0,no run,0,,,0/1
1439773,1,1,4,Boopathi Vaishna Kumar,Ravichandran Ashwin,Abhishek Baljeetsingh Tanwar,0,0,0,no run,0,,,0/1
1439773,1,1,5,Boopathi Vaishna Kumar,Ravichandran Ashwin,Abhishek Baljeetsingh Tanwar,0,0,0,no run,0,,,0/1
1439773,1,1,6,Boopathi Vaishna Kumar,Ravichandran Ashwin,Abhishek Baljeetsingh Tanwar,0,0,0,out,1,caught,Boopathi Vaishna Kumar,0/2
1439773,1,2,1,Ravichandran Ashwin,Baba Indrajith,Rahil S Shah,0,0,0,no run,0,,,0/2
1439773,1,2,2,Ravichandran Ashwin,Baba Indrajith,Rahil S Shah,0,0,0,no run,0,,,0/2
1439773,1,2,3,Ravichandran Ashwin,Baba Indrajith,Rahil S Shah,1,0,1,leg bye,0,,,1/2
1439773,1,2,4,Baba Indrajith,Ravichandran Ashwin,Rahil S Shah,0,0,0,out,1,leg before wicket,Baba Indrajith,1/3
1439773,1,2,5,R Vimal Khumar,Ravichandran Ashwin,Rahil S Shah,2,2,0,run,0,,,3/3
1439773,1,2,6,R Vimal Khumar,Ravichandran Ashwin,Rahil S Shah,0,0,0,no run,0,,,3/3
1439773,1,3,1,Ravichandran Ashwin,R Vimal Khumar,Ganeshan Periyaswamy,1,1,0,run,0,,,4/3
1439773,1,3,2,R Vimal Khumar,Ravichandran Ashwin,Ganeshan Periyaswamy,1,0,1,leg bye,0,,,5/3
1439773,1,3,3,Ravichandran Ashwin,R Vimal Khumar,Ganeshan Periyaswamy,1,1,0,run,0,,,6/3
1439773,1,3,4,R Vimal Khumar,Ravichandran Ashwin,Ganeshan Periyaswamy,4,4,0,four,0,,,10/3
1439773,1,3,5,R Vimal Khumar,Ravichandran Ashwin,Ganeshan Periyaswamy,2,2,0,run,0,,,12/3
1439773,1,3,6,R Vimal Khumar,Ravichandran Ashwin,Ganeshan Periyaswamy,4,4,0,four,0,,,16/3
1439773,1,4,1,Ravichandran Ashwin,R Vimal Khumar,Rahil S Shah,0,0,0,no run,0,,,16/3
1439773,1,4,2,Ravichandran Ashwin,R Vimal Khumar,Rahil S Shah,0,0,0,no run,0,,,16/3
1439773,1,4,3,Ravichandran Ashwin,R Vimal Khumar,Rahil S Shah,6,6,0,six,0,,,22/3
1439773,1,4,4,Ravichandran Ashwin,R Vimal Khumar,Rahil S Shah,0,0,0,no run,0,,,22/3
1439773,1,4,5,Ravichandran Ashwin,R Vimal Khumar,Rahil S Shah,6,6,0,six,0,,,28/3
1439773,1,4,6,Ravichandran Ashwin,R Vimal Khumar,Rahil S Shah,4,4,0,four,0,,,32/3
1439773,1,5,1,R Vimal Khumar,Ravichandran Ashwin,Balu Surya,0,0,0,out,1,caught,R Vimal Khumar,32/4
1439773,1,5,2,Subodh Bhati,Ravichandran Ashwin,Balu Surya,1,1,0,run,0,,,33/4
1439773,1,5,3,Ravichandran Ashwin,Subodh Bhati,Balu Surya,0,0,0,no run,0,,,33/4
1439773,1,5,4,Ravichandran Ashwin,Subodh Bhati,Balu Surya,4,4,0,four,0,,,37/4
1439773,1,5,5,Ravichandran Ashwin,Subodh Bhati,Balu Surya,2,2,0,run,0,,,39/4
1439773,1,5,6,Ravichandran Ashwin,Subodh Bhati,Balu Surya,1,0,1,wide,0,,,40/4
1439773,1,5,7,Ravichandran Ashwin,Subodh Bhati,Balu Surya,4,4,0,four,0,,,44/4
1439773,1,6,1,Subodh Bhati,Ravichandran Ashwin,Abhishek Baljeetsingh Tanwar,0,0,0,no run,0,,,44/4
1439773,1,6,2,Subodh Bhati,Ravichandran Ashwin,Abhishek Baljeetsingh Tanwar,1,1,0,run,0,,,45/4
1439773,1,6,3,Ravichandran Ashwin,Subodh Bhati,Abhishek Baljeetsingh Tanwar,1,1,0,run,0,,,46/4
1439773,1,6,4,Subodh Bhati,Ravichandran Ashwin,Abhishek Baljeetsingh Tanwar,1,1,0,run,0,,,47/4
1439773,1,6,5,Ravichandran Ashwin,Subodh Bhati,Abhishek Baljeetsingh Tanwar,6,6,0,six,0,,,53/4
1439773,1,6,6,Ravichandran Ashwin,Subodh Bhati,Abhishek Baljeetsingh Tanwar,6,6,0,six,0,,,59/4
1439773,1,7,1,Subodh Bhati,Ravichandran Ashwin,Ganeshan Periyaswamy,0,0,0,out,1,bowled,Subodh Bhati,59/5
1439773,1,7,2,C Sarath Kumar,Ravichandran Ashwin,Ganeshan Periyaswamy,0,0,0,no run,0,,,59/5
1439773,1,7,3,C Sarath Kumar,Ravichandran Ashwin,Ganeshan Periyaswamy,0,0,0,out,1,leg before wicket,C Sarath Kumar,59/6
1439773,1,7,4,S Dinesh Raj,Ravichandran Ashwin,Ganeshan Periyaswamy,1,1,0,run,0,,,60/6
1439773,1,7,5,Ravichandran Ashwin,S Dinesh Raj,Ganeshan Periyaswamy,2,2,0,run,0,,,62/6
1439773,1,7,6,Ravichandran Ashwin,S Dinesh Raj,Ganeshan Periyaswamy,2,2,0,run,0,,,64/6
1439773,2,1,1,D Santhosh Kumar,Narayan Jagadeesan,Sankarankutty Sandeep Warrier,0,0,0,out,1,leg before wicket,D Santhosh Kumar,0/1
1439773,2,1,2,Baba Aparajith,Narayan Jagadeesan,Sankarankutty Sandeep Warrier,1,1,0,run,0,,,1/1
1439773,2,1,3,Narayan Jagadeesan,Baba Aparajith,Sankarankutty Sandeep Warrier,2,2,0,run,0,,,3/1
1439773,2,1,4,Narayan Jagadeesan,Baba Aparajith,Sankarankutty Sandeep Warrier,6,6,0,six,0,,,9/1
1439773,2,1,5,Narayan Jagadeesan,Baba Aparajith,Sankarankutty Sandeep Warrier,6,6,0,six,0,,,15/1
1439773,2,1,6,Narayan Jagadeesan,Baba Aparajith,Sankarankutty Sandeep Warrier,1,0,1,leg bye,0,,,16/1
1439773,2,2,1,Narayan Jagadeesan,Baba Aparajith,P Vignesh,1,1,0,run,0,,,17/1
1439773,2,2,2,Baba Aparajith,Narayan Jagadeesan,P Vignesh,1,0,1,wide,0,,,18/1
1439773,2,2,3,Baba Aparajith,Narayan Jagadeesan,P Vignesh,6,6,0,six,0,,,24/1
1439773,2,2,4,Baba Aparajith,Narayan Jagadeesan,P Vignesh,1,1,0,run,0,,,25/1
1439773,2,2,5,Narayan Jagadeesan,Baba Aparajith,P Vignesh,2,2,0,run,0,,,27/1
1439773,2,2,6,Narayan Jagadeesan,Baba Aparajith,P Vignesh,2,2,0,run,0,,,29/1
1439773,2,2,7,Narayan Jagadeesan,Baba Aparajith,P Vignesh,0,0,0,no run,0,,,29/1
1439773,2,3,1,Baba Aparajith,Narayan Jagadeesan,Ravichandran Ashwin,2,2,0,run,0,,,31/1
1439773,2,3,2,Baba Aparajith,Narayan Jagadeesan,Ravichandran Ashwin,1,1,0,run,0,,,32/1
1439773,2,3,3,Narayan Jagadeesan,Baba Aparajith,Ravichandran Ashwin,1,1,0,run,0,,,33/1
1439773,2,3,4,Baba Aparajith,Narayan Jagadeesan,Ravichandran Ashwin,2,2,0,run,0,,,35/1
1439773,2,3,5,Baba Aparajith,Narayan Jagadeesan,Ravichandran Ashwin,0,0,0,no run,0,,,35/1
1439773,2,3,6,Baba Aparajith,Narayan Jagadeesan,Ravichandran Ashwin,1,1,0,run,0,,,36/1
1439773,2,4,1,Baba Aparajith,Narayan Jagadeesan,Varun Chakravarthy Vinod,1,1,0,run,0,,,37/1
1439773,2,4,2,Narayan Jagadeesan,Baba Aparajith,Varun Chakravarthy Vinod,1,1,0,run,0,,,38/1
1439773,2,4,3,Baba Aparajith,Narayan Jagadeesan,Varun Chakravarthy Vinod,1,1,0,run,0,,,39/1
1439773,2,4,4,Narayan Jagadeesan,Baba Aparajith,Varun Chakravarthy Vinod,6,6,0,six,0,,,45/1
1439773,2,4,5,Narayan Jagadeesan,Baba Aparajith,Varun Chakravarthy Vinod,4,4,0,four,0,,,49/1
1439773,2,4,6,Narayan Jagadeesan,Baba Aparajith,Varun Chakravarthy Vinod,0,0,0,no run,0,,,49/1
1439773,2,5,1,Baba Aparajith,Narayan Jagadeesan,Ravichandran Ashwin,6,6,0,six,0,,,55/1
1439773,2,5,2,Baba Aparajith,Narayan Jagadeesan,Ravichandran Ashwin,6,6,0,six,0,,,61/1
1439773,2,5,3,Baba Aparajith,Narayan Jagadeesan,Ravichandran Ashwin,2,2,0,run,0,,,63/1
1439773,2,5,4,Baba Aparajith,Narayan Jagadeesan,Ravichandran Ashwin,1,1,0,run,0,,,64/1
1439773,2,5,5,Narayan Jagadeesan,Baba Aparajith,Ravichandran Ashwin,1,1,0,run,0,,,65/1
1439774,1,1,1,Konda Bhaskir Arun Karthik,RS Mokit Hariharan,Gurjapneet Singh,1,1,0,run,0,,,1/0
1439774,1,1,2,RS Mokit Hariharan,Konda Bhaskir Arun Karthik,Gurjapneet Singh,0,0,0,no run,0,,,1/0
1439774,1,1,3,RS Mokit Hariharan,Konda Bhaskir Arun Karthik,Gurjapneet Singh,0,0,0,no run,0,,,1/0
1439774,1,1,4,RS Mokit Hariharan,Konda Bhaskir Arun Karthik,Gurjapneet Singh,0,0,0,no run,0,,,1/0
1439774,1,1,5,RS Mokit Hariharan,Konda Bhaskir Arun Karthik,Gurjapneet Singh,0,0,0,out,1,caught,RS Mokit Hariharan,1/1
1439774,1,1,6,Guruswamy Ajitesh,Konda Bhaskir Arun Karthik,Gurjapneet Singh,0,0,0,no run,0,,,1/1
1439774,1,2,1,Konda Bhaskir Arun Karthik,Guruswamy Ajitesh,Ajay K Krishna,1,0,1,wide,0,,,2/1
1439774,1,2,2,Konda Bhaskir Arun Karthik,Guruswamy Ajitesh,Ajay K Krishna,1,1,0,run,0,,,3/1
1439774,1,2,3,Guruswamy Ajitesh,Konda Bhaskir Arun Karthik,Ajay K Krishna,4,4,0,four,0,,,7/1
1439774,1,2,4,Guruswamy Ajitesh,Konda Bhaskir Arun Karthik,Ajay K Krishna,4,4,0,four,0,,,11/1
1439774,1,2,5,Guruswamy Ajitesh,Konda Bhaskir Arun Karthik,Ajay K Krishna,1,0,1,wide,0,,,12/1
1439774,1,2,6,Guruswamy Ajitesh,Konda Bhaskir Arun Karthik,Ajay K Krishna,1,1,0,run,0,,,13/1
1439774,1,2,7,Konda Bhaskir Arun Karthik,Guruswamy Ajitesh,Ajay K Krishna,0,0,0,no run,0,,,13/1
1439774,1,2,8,Konda Bhaskir Arun Karthik,Guruswamy Ajitesh,Ajay K Krishna,1,0,1,wide,0,,,14/1
1439774,1,2,9,Konda Bhaskir Arun Karthik,Guruswamy Ajitesh,Ajay K Krishna,0,0,0,no run,0,,,14/1
1439774,1,3,1,Guruswamy Ajitesh,Konda Bhaskir Arun Karthik,Ramadoss Alexander,1,1,0,run,0,,,15/1
1439774,1,3,2,Konda Bhaskir Arun Karthik,Guruswamy Ajitesh,Ramadoss Alexander,0,0,0,no run,0,,,15/1
1439774,1,3,3,Konda Bhaskir Arun Karthik,Guruswamy Ajitesh,Ramadoss Alexander,1,1,0,run,0,,,16/1
1439774,1,3,4,Guruswamy Ajitesh,Konda Bhaskir Arun Karthik,Ramadoss Alexander,0,0,0,no run,0,,,16/1
1439774,1,3,5,Guruswamy Ajitesh,Konda Bhaskir Arun Karthik,Ramadoss Alexander,0,0,0,no run,0,,,16/1
1439774,1,3,6,Guruswamy Ajitesh,Konda Bhaskir Arun Karthik,Ramadoss Alexander,1,1,0,run,0,,,17/1
1439774,1,4,1,Guruswamy Ajitesh,Konda Bhaskir Arun Karthik,Gurjapneet Singh,1,1,0,run,0,,,18/1
1439774,1,4,2,Konda Bhaskir Arun Karthik,Guruswamy Ajitesh,Gurjapneet Singh,0,0,0,no run,0,,,18/1
1439774,1,4,3,Konda Bhaskir Arun Karthik,Guruswamy Ajitesh,Gurjapneet Singh,1,1,0,run,0,,,19/1
1439774,1,4,4,Guruswamy Ajitesh,Konda Bhaskir Arun Karthik,Gurjapneet Singh,0,0,0,no run,0,,,19/1
1439774,1,4,5,Guruswamy Ajitesh,Konda Bhaskir Arun Karthik,Gurjapneet Singh,0,0,0,no run,0,,,19/1
1439774,1,4,6,Guruswamy Ajitesh,Konda Bhaskir Arun Karthik,Gurjapneet Singh,0,0,0,out,1,caught,Guruswamy Ajitesh,19/2
1439774,1,5,1,Konda Bhaskir Arun Karthik,NS Harish,Ramadoss Alexander,6,6,0,six,0,,,25/2
1439774,1,5,2,Konda Bhaskir Arun Karthik,NS Harish,Ramadoss Alexander,1,1,0,run,0,,,26/2
1439774,1,5,3,NS Harish,Konda Bhaskir Arun Karthik,Ramadoss Alexander,2,2,0,run,0,,,28/2
1439774,1,5,4,NS Harish,Konda Bhaskir Arun Karthik,Ramadoss Alexander,2,2,0,run,0,,,30/2
1439774,1,5,5,NS Harish,Konda Bhaskir Arun Karthik,Ramadoss Alexander,1,1,0,run,0,,,31/2
1439774,1,5,6,Konda Bhaskir Arun Karthik,NS Harish,Ramadoss Alexander,0,0,0,no run,0,,,31/2
1439774,1,6,1,NS Harish,Konda Bhaskir Arun Karthik,Murugan Ashwin,1,1,0,run,0,,,32/2
1439774,1,6,2,Konda Bhaskir Arun Karthik,NS Harish,Murugan Ashwin,1,1,0,run,0,,,33/2
1439775,1,1,1,Waseem Ahmed,Arjun P Murthy,K Gowtham Thamarai Kannan,0,0,0,no run,0,,,0/0
1439775,1,1,2,Waseem Ahmed,Arjun P Murthy,K Gowtham Thamarai Kannan,0,0,0,no run,0,,,0/0
1439775,1,1,3,Waseem Ahmed,Arjun P Murthy,K Gowtham Thamarai Kannan,1,1,0,run,0,,,1/0
1439775,1,1,4,Arjun P Murthy,Waseem Ahmed,K Gowtham Thamarai Kannan,0,0,0,no run,0,,,1/0
1439775,1,1,5,Arjun P Murthy,Waseem Ahmed,K Gowtham Thamarai Kannan,0,0,0,no run,0,,,1/0
1439775,1,1,6,Arjun P Murthy,Waseem Ahmed,K Gowtham Thamarai Kannan,1,1,0,run,0,,,2/0
1439775,1,2,1,Arjun P Murthy,Waseem Ahmed,Manimaran Siddharth,2,2,0,run,0,,,4/0
1439775,1,2,2,Arjun P Murthy,Waseem Ahmed,Manimaran Siddharth,0,0,0,out,1,run out,Arjun P Murthy,4/1
1439775,1,2,3,S Shyam Sundar,Waseem Ahmed,Manimaran Siddharth,4,0,4,leg bye,0,,,8/1
1439775,1,2,4,S Shyam Sundar,Waseem Ahmed,Manimaran Siddharth,0,0,0,no run,0,,,8/1
1439775,1,2,5,S Shyam Sundar,Waseem Ahmed,Manimaran Siddharth,0,0,0,no run,0,,,8/1
1439775,1,2,6,S Shyam Sundar,Waseem Ahmed,Manimaran Siddharth,0,0,0,no run,0,,,8/1
1439775,1,3,1,Waseem Ahmed,S Shyam Sundar,K Gowtham Thamarai Kannan,4,4,0,four,0,,,12/1
1439775,1,3,2,Waseem Ahmed,S Shyam Sundar,K Gowtham Thamarai Kannan,6,6,0,six,0,,,18/1
1439775,1,3,3,Waseem Ahmed,S Shyam Sundar,K Gowtham Thamarai Kannan,0,0,0,no run,0,,,18/1
1439775,1,3,4,Waseem Ahmed,S Shyam Sundar,K Gowtham Thamarai Kannan,4,4,0,four,0,,,22/1
1439775,1,3,5,Waseem Ahmed,S Shyam Sundar,K Gowtham Thamarai Kannan,1,1,0,run,0,,,23/1
1439775,1,3,6,S Shyam Sundar,Waseem Ahmed,K Gowtham Thamarai Kannan,0,0,0,no run,0,,,23/1
1439775,1,4,1,Waseem Ahmed,S Shyam Sundar,Manimaran Siddharth,0,0,0,no run,0,,,23/1
1439775,1,4,2,Waseem Ahmed,S Shyam Sundar,Manimaran Siddharth,0,0,0,no run,0,,,23/1
1439775,1,4,3,Waseem Ahmed,S Shyam Sundar,Manimaran Siddharth,1,1,0,run,0,,,24/1
1439775,1,4,4,S Shyam Sundar,Waseem Ahmed,Manimaran Siddharth,0,0,0,no run,0,,,24/1
1439775,1,4,5,S Shyam Sundar,Waseem Ahmed,Manimaran Siddharth,1,1,0,run,0,,,25/1
1439775,1,4,6,Waseem Ahmed,S Shyam Sundar,Manimaran Siddharth,0,0,0,no run,0,,,25/1
1439775,1,5,1,S Shyam Sundar,Waseem Ahmed,Masood Shahrukh Khan,1,1,0,run,0,,,26/1
1439775,1,5,2,Waseem Ahmed,S Shyam Sundar,Masood Shahrukh Khan,0,0,0,out,1,leg before wicket,Waseem Ahmed,26/2
1439775,1,5,3,Wenseslaus Antony Dhas,S Shyam Sundar,Masood Shahrukh Khan,0,0,0,out,1,bowled,Wenseslaus Antony Dhas,26/3
1439775,1,5,4,P Nirmal Kumar,S Shyam Sundar,Masood Shahrukh Khan,2,0,2,leg bye,0,,,28/3
1439775,1,5,5,P Nirmal Kumar,S Shyam Sundar,Masood Shahrukh Khan,0,0,0,no run,0,,,28/3
1439775,1,5,6,P Nirmal Kumar,S Shyam Sundar,Masood Shahrukh Khan,1,1,0,run,0,,,29/3
1439775,1,6,1,P Nirmal Kumar,S Shyam Sundar,Valliappan Yudheeswaran,0,0,0,no run,0,,,29/3
1439775,1,6,2,P Nirmal Kumar,S Shyam Sundar,Valliappan Yudheeswaran,0,0,0,no run,0,,,29/3
1439775,1,6,3,P Nirmal Kumar,S Shyam Sundar,Valliappan Yudheeswaran,0,0,0,no run,0,,,29/3
1439775,1,6,4,P Nirmal Kumar,S Shyam Sundar,Valliappan Yudheeswaran,0,0,0,no run,0,,,29/3
1439775,1,6,5,P Nirmal Kumar,S Shyam Sundar,Valliappan Yudheeswaran,2,2,0,run,0,,,31/3
1439775,1,6,6,P Nirmal Kumar,S Shyam Sundar,Valliappan Yudheeswaran,0,0,0,no run,0,,,31/3
1439775,1,7,1,S Shyam Sundar,P Nirmal Kumar,Masood Shahrukh Khan,1,1,0,run,0,,,32/3
1439775,1,7,2,P Nirmal Kumar,S Shyam Sundar,Masood Shahrukh Khan,0,0,0,no run,0,,,32/3
1439775,1,7,3,P Nirmal Kumar,S Shyam Sundar,Masood Shahrukh Khan,0,0,0,no run,0,,,32/3
1439775,1,7,4,P Nirmal Kumar,S Shyam Sundar,Masood Shahrukh Khan,0,0,0,no run,0,,,32/3
1439775,1,7,5,P Nirmal Kumar,S Shyam Sundar,Masood Shahrukh Khan,0,0,0,no run,0,,,32/3
1439775,1,7,6,P Nirmal Kumar,S Shyam Sundar,Masood Shahrukh Khan,0,0,0,out,1,caught,P Nirmal Kumar,32/4
1439775,1,8,1,S Shyam Sundar,P Saravana Kumar,Jhathavedh Subramanyan,0,0,0,no run,0,,,32/4
1439775,1,8,2,S Shyam Sundar,P Saravana Kumar,Jhathavedh Subramanyan,1,1,0,run,0,,,33/4
1439775,1,8,3,P Saravana Kumar,S Shyam Sundar,Jhathavedh Subramanyan,0,0,0,no run,0,,,33/4
1439775,1,8,4,P Saravana Kumar,S Shyam Sundar,Jhathavedh Subramanyan,0,0,0,no run,0,,,33/4
1439775,1,8,5,P Saravana Kumar,S Shyam Sundar,Jhathavedh Subramanyan,0,0,0,no run,0,,,33/4
1439775,1,8,6,P Saravana Kumar,S Shyam Sundar,Jhathavedh Subramanyan,0,0,0,no run,0,,,33/4
1439775,1,9,1,S Shyam Sundar,P Saravana Kumar,M Mohammed,1,1,0,run,0,,,34/4
1439775,1,9,2,P Saravana Kumar,S Shyam Sundar,M Mohammed,0,0,0,no run,0,,,34/4
1439775,1,9,3,P Saravana Kumar,S Shyam Sundar,M Mohammed,0,0,0,no run,0,,,34/4
1439775,1,9,4,P Saravana Kumar,S Shyam Sundar,M Mohammed,1,1,0,run,0,,,35/4
1439775,1,9,5,S Shyam Sundar,P Saravana Kumar,M Mohammed,0,0,0,out,1,caught,S Shyam Sundar,35/5
1439775,1,9,6,Ramsingh  Sanjay Yadav,P Saravana Kumar,M Mohammed,0,0,0,no run,0,,,35/5
1439775,1,10,1,P Saravana Kumar,Ramsingh  Sanjay Yadav,Jhathavedh Subramanyan,0,0,0,no run,0,,,35/5
1439775,1,10,2,P Saravana Kumar,Ramsingh  Sanjay Yadav,Jhathavedh Subramanyan,0,0,0,no run,0,,,35/5
1439775,1,10,3,P Saravana Kumar,Ramsingh  Sanjay Yadav,Jhathavedh Subramanyan,0,0,0,out,1,leg before wicket,P Saravana Kumar,35/6
1439775,1,10,4,Jafar Jamal,Ramsingh  Sanjay Yadav,Jhathavedh Subramanyan,1,0,1,bye,0,,,36/6
1439775,1,10,5,Ramsingh  Sanjay Yadav,Jafar Jamal,Jhathavedh Subramanyan,1,1,0,run,0,,,37/6
1439775,1,10,6,Jafar Jamal,Ramsingh  Sanjay Yadav,Jhathavedh Subramanyan,0,0,0,no run,0,,,37/6
1439775,1,11,1,Ramsingh  Sanjay Yadav,Jafar Jamal,M Mohammed,0,0,0,no run,0,,,37/6
1439775,1,11,2,Ramsingh  Sanjay Yadav,Jafar Jamal,M Mohammed,0,0,0,no run,0,,,37/6
1439775,1,11,3,Ramsingh  Sanjay Yadav,Jafar Jamal,M Mohammed,1,1,0,run,0,,,38/6
1439775,1,11,4,Jafar Jamal,Ramsingh  Sanjay Yadav,M Mohammed,0,0,0,no run,0,,,38/6
1439775,1,11,5,Jafar Jamal,Ramsingh  Sanjay Yadav,M Mohammed,0,0,0,no run,0,,,38/6
1439775,1,11,6,Jafar Jamal,Ramsingh  Sanjay Yadav,M Mohammed,0,0,0,no run,0,,,38/6
1439775,1,12,1,Ramsingh  Sanjay Yadav,Jafar Jamal,Masood Shahrukh Khan,1,1,0,run,0,,,39/6
1439775,1,12,2,Jafar Jamal,Ramsingh  Sanjay Yadav,Masood Shahrukh Khan,1,1,0,run,0,,,40/6
1439775,1,12,3,Ramsingh  Sanjay Yadav,Jafar Jamal,Masood Shahrukh Khan,0,0,0,no run,0,,,40/6
1439775,1,12,4,Ramsingh  Sanjay Yadav,Jafar Jamal,Masood Shahrukh Khan,1,1,0,run,0,,,41/6
1439775,1,12,5,Jafar Jamal,Ramsingh  Sanjay Yadav,Masood Shahrukh Khan,0,0,0,no run,0,,,41/6
1439775,1,12,6,Jafar Jamal,Ramsingh  Sanjay Yadav,Masood Shahrukh Khan,4,4,0,four,0,,,45/6
1439775,1,13,1,Ramsingh  Sanjay Yadav,Jafar Jamal,Valliappan Yudheeswaran,1,1,0,run,0,,,46/6
1439775,1,13,2,Jafar Jamal,Ramsingh  Sanjay Yadav,Valliappan Yudheeswaran,4,4,0,four,0,,,50/6
1439775,1,13,3,Jafar Jamal,Ramsingh  Sanjay Yadav,Valliappan Yudheeswaran,4,4,0,four,0,,,54/6
1439775,1,13,4,Jafar Jamal,Ramsingh  Sanjay Yadav,Valliappan Yudheeswaran,1,1,0,run,0,,,55/6
1439775,1,13,5,Ramsingh  Sanjay Yadav,Jafar Jamal,Valliappan Yudheeswaran,1,1,0,run,0,,,56/6
1439775,1,13,6,Jafar Jamal,Ramsingh  Sanjay Yadav,Valliappan Yudheeswaran,0,0,0,no run,0,,,56/6
1439775,1,14,1,Ramsingh  Sanjay Yadav,Jafar Jamal,Masood Shahrukh Khan,1,1,0,run,0,,,57/6
1439775,1,14,2,Jafar Jamal,Ramsingh  Sanjay Yadav,Masood Shahrukh Khan,1,1,0,run,0,,,58/6
1439775,1,14,3,Ramsingh  Sanjay Yadav,Jafar Jamal,Masood Shahrukh Khan,0,0,0,no run,0,,,58/6
1439775,1,14,4,Ramsingh  Sanjay Yadav,Jafar Jamal,Masood Shahrukh Khan,0,0,0,no run,0,,,58/6
1439775,1,14,5,Ramsingh  Sanjay Yadav,Jafar Jamal,Masood Shahrukh Khan,0,0,0,no run,0,,,58/6
1439775,1,14,6,Ramsingh  Sanjay Yadav,Jafar Jamal,Masood Shahrukh Khan,1,1,0,run,0,,,59/6
1439775,1,15,1,Ramsingh  Sanjay Yadav,Jafar Jamal,Manimaran Siddharth,1,1,0,run,0,,,60/6
1439775,1,15,2,Jafar Jamal,Ramsingh  Sanjay Yadav,Manimaran Siddharth,0,0,0,no run,0,,,60/6
1439775,1,15,3,Jafar Jamal,Ramsingh  Sanjay Yadav,Manimaran Siddharth,0,0,0,no run,0,,,60/6
1439775,1,15,4,Jafar Jamal,Ramsingh  Sanjay Yadav,Manimaran Siddharth,1,1,0,run,0,,,61/6
1439775,1,15,5,Ramsingh  Sanjay Yadav,Jafar Jamal,Manimaran Siddharth,1,1,0,run,0,,,62/6
1439775,1,15,6,Jafar Jamal,Ramsingh  Sanjay Yadav,Manimaran Siddharth,0,0,0,no run,0,,,62/6
1439775,1,16,1,Ramsingh  Sanjay Yadav,Jafar Jamal,M Mohammed,6,6,0,six,0,,,68/6
1439775,1,16,2,Ramsingh  Sanjay Yadav,Jafar Jamal,M Mohammed,1,1,0,run,0,,,69/6
1439775,1,16,3,Jafar Jamal,Ramsingh  Sanjay Yadav,M Mohammed,4,4,0,four,0,,,73/6
1439775,1,16,4,Jafar Jamal,Ramsingh  Sanjay Yadav,M Mohammed,0,0,0,no run,0,,,73/6
1439775,1,16,5,Jafar Jamal,Ramsingh  Sanjay Yadav,M Mohammed,0,0,0,no run,0,,,73/6
1439775,1,16,6,Jafar Jamal,Ramsingh  Sanjay Yadav,M Mohammed,0,0,0,no run,0,,,73/6
1439775,1,17,1,Ramsingh  Sanjay Yadav,Jafar Jamal,Manimaran Siddharth,1,0,1,wide,0,,,74/6
1439775,1,17,2,Ramsingh  Sanjay Yadav,Jafar Jamal,Manimaran Siddharth,0,0,0,no run,0,,,74/6
1439775,1,17,3,Ramsingh  Sanjay Yadav,Jafar Jamal,Manimaran Siddharth,6,6,0,six,0,,,80/6
1439775,1,17,4,Ramsingh  Sanjay Yadav,Jafar Jamal,Manimaran Siddharth,0,0,0,no run,0,,,80/6
1439775,1,17,5,Ramsingh  Sanjay Yadav,Jafar Jamal,Manimaran Siddharth,0,0,0,no run,0,,,80/6
1439775,1,17,6,Ramsingh  Sanjay Yadav,Jafar Jamal,Manimaran Siddharth,6,6,0,six,0,,,86/6
1439775,1,17,7,Ramsingh  Sanjay Yadav,Jafar Jamal,Manimaran Siddharth,1,1,0,run,0,,,87/6
1439775,1,18,1,Ramsingh  Sanjay Yadav,Jafar Jamal,Valliappan Yudheeswaran,4,4,0,four,0,,,91/6
1439775,1,18,2,Ramsingh  Sanjay Yadav,Jafar Jamal,Valliappan Yudheeswaran,0,0,0,out,1,caught,Ramsingh  Sanjay Yadav,91/7
1439775,1,18,3,R Rajkumar,Jafar Jamal,Valliappan Yudheeswaran,1,0,1,wide,0,,,92/7
1439775,1,18,4,R Rajkumar,Jafar Jamal,Valliappan Yudheeswaran,1,1,0,run,0,,,93/7
1439775,1,18,5,Jafar Jamal,R Rajkumar,Valliappan Yudheeswaran,1,1,0,run,0,,,94/7
1439775,1,18,6,R Rajkumar,Jafar Jamal,Valliappan Yudheeswaran,0,0,0,no run,0,,,94/7
1439775,1,18,7,R Rajkumar,Jafar Jamal,Valliappan Yudheeswaran,1,0,1,leg bye,0,,,95/7
1439775,1,19,1,R Rajkumar,Jafar Jamal,M Mohammed,6,6,0,six,0,,,101/7
1439775,1,19,2,R Rajkumar,Jafar Jamal,M Mohammed,1,1,0,run,0,,,102/7
1439775,1,19,3,Jafar Jamal,R Rajkumar,M Mohammed,2,0,2,wide,0,,,104/7
1439775,1,19,4,R Rajkumar,Jafar Jamal,M Mohammed,0,0,0,out,1,caught,R Rajkumar,104/8
1439775,1,19,5,SP Vinod,Jafar Jamal,M Mohammed,0,0,0,out,1,caught,SP Vinod,104/9
1439775,1,19,6,Kannan Vignesh,Jafar Jamal,M Mohammed,0,0,0,no run,0,,,104/9
1439775,1,19,7,Kannan Vignesh,Jafar Jamal,M Mohammed,0,0,0,no run,0,,,104/9
1439775,1,20,1,Jafar Jamal,Kannan Vignesh,Valliappan Yudheeswaran,0,0,0,no run,0,,,104/9
1439775,1,20,2,Jafar Jamal,Kannan Vignesh,Valliappan Yudheeswaran,2,2,0,run,0,,,106/9
1439775,1,20,3,Jafar Jamal,Kannan Vignesh,Valliappan Yudheeswaran,6,6,0,six,0,,,112/9
1439775,1,20,4,Jafar Jamal,Kannan Vignesh,Valliappan Yudheeswaran,0,0,0,no run,0,,,112/9
1439775,1,20,5,Jafar Jamal,Kannan Vignesh,Valliappan Yudheeswaran,6,6,0,six,0,,,118/9
1439775,1,20,6,Jafar Jamal,Kannan Vignesh,Valliappan Yudheeswaran,6,6,0,six,0,,,124/9
1439775,2,1,1,S Sujay,Jayaraman Suresh Kumar,V Athisayaraj Davidson,1,1,0,run,0,,,1/0
1439775,2,1,2,Jayaraman Suresh Kumar,S Sujay,V Athisayaraj Davidson,0,0,0,no run,0,,,1/0
1439775,2,1,3,Jayaraman Suresh Kumar,S Sujay,V Athisayaraj Davidson,1,0,1,wide,0,,,2/0
1439775,2,1,4,Jayaraman Suresh Kumar,S Sujay,V Athisayaraj Davidson,0,0,0,out,1,caught,Jayaraman Suresh Kumar,2/1
1439775,2,1,5,Bhardwaj Sai Sudharsan,S Sujay,V Athisayaraj Davidson,1,0,1,wide,0,,,3/1
1439775,2,1,6,Bhardwaj Sai Sudharsan,S Sujay,V Athisayaraj Davidson,4,4,0,four,0,,,7/1
1439775,2,1,7,Bhardwaj Sai Sudharsan,S Sujay,V Athisayaraj Davidson,0,0,0,out,1,leg before wicket,Bhardwaj Sai Sudharsan,7/2
1439775,2,1,8,U Mukilesh,S Sujay,V Athisayaraj Davidson,1,1,0,run,0,,,8/2
1439775,2,2,1,U Mukilesh,S Sujay,Wenseslaus Antony Dhas,1,1,0,run,0,,,9/2
1439775,2,2,2,S Sujay,U Mukilesh,Wenseslaus Antony Dhas,1,1,0,run,0,,,10/2
1439775,2,2,3,U Mukilesh,S Sujay,Wenseslaus Antony Dhas,0,0,0,no run,0,,,10/2
1439775,2,2,4,U Mukilesh,S Sujay,Wenseslaus Antony Dhas,4,4,0,four,0,,,14/2
1439775,2,2,5,U Mukilesh,S Sujay,Wenseslaus Antony Dhas,1,1,0,run,0,,,15/2
1439775,2,2,6,S Sujay,U Mukilesh,Wenseslaus Antony Dhas,4,4,0,four,0,,,19/2
1439775,2,3,1,U Mukilesh,S Sujay,V Athisayaraj Davidson,1,1,0,run,0,,,20/2
1439775,2,3,2,S Sujay,U Mukilesh,V Athisayaraj Davidson,0,0,0,no run,0,,,20/2
1439775,2,3,3,S Sujay,U Mukilesh,V Athisayaraj Davidson,4,4,0,four,0,,,24/2
1439775,2,3,4,S Sujay,U Mukilesh,V Athisayaraj Davidson,1,1,0,run,0,,,25/2
1439775,2,3,5,U Mukilesh,S Sujay,V Athisayaraj Davidson,0,0,0,no run,0,,,25/2
1439775,2,3,6,U Mukilesh,S Sujay,V Athisayaraj Davidson,0,0,0,no run,0,,,25/2
1439775,2,4,1,S Sujay,U Mukilesh,P Saravana Kumar,1,1,0,run,0,,,26/2
1439775,2,4,2,U Mukilesh,S Sujay,P Saravana Kumar,1,1,0,run,0,,,27/2
1439775,2,4,3,S Sujay,U Mukilesh,P Saravana Kumar,1,0,1,wide,0,,,28/2
1439775,2,4,4,S Sujay,U Mukilesh,P Saravana Kumar,1,0,1,leg bye,0,,,29/2
1439775,2,4,5,U Mukilesh,S Sujay,P Saravana Kumar,0,0,0,no run,0,,,29/2
1439775,2,4,6,U Mukilesh,S Sujay,P Saravana Kumar,0,0,0,no run,0,,,29/2
1439775,2,4,7,U Mukilesh,S Sujay,P Saravana Kumar,0,0,0,no run,0,,,29/2
1439775,2,5,1,S Sujay,U Mukilesh,Kannan Vignesh,1,1,0,run,0,,,30/2
1439775,2,5,2,U Mukilesh,S Sujay,Kannan Vignesh,4,4,0,four,0,,,34/2
1439775,2,5,3,U Mukilesh,S Sujay,Kannan Vignesh,1,1,0,run,0,,,35/2
1439775,2,5,4,S Sujay,U Mukilesh,Kannan Vignesh,0,0,0,no run,0,,,35/2
1439775,2,5,5,S Sujay,U Mukilesh,Kannan Vignesh,0,0,0,no run,0,,,35/2
1439775,2,5,6,S Sujay,U Mukilesh,Kannan Vignesh,4,4,0,four,0,,,39/2
1439775,2,6,1,U Mukilesh,S Sujay,P Saravana Kumar,0,0,0,no run,0,,,39/2
1439775,2,6,2,U Mukilesh,S Sujay,P Saravana Kumar,1,1,0,run,0,,,40/2
1439775,2,6,3,S Sujay,U Mukilesh,P Saravana Kumar,1,0,1,leg bye,0,,,41/2
1439775,2,6,4,U Mukilesh,S Sujay,P Saravana Kumar,1,1,0,run,0,,,42/2
1439775,2,6,5,S Sujay,U Mukilesh,P Saravana Kumar,0,0,0,no run,0,,,42/2
1439775,2,6,6,S Sujay,U Mukilesh,P Saravana Kumar,0,0,0,no run,0,,,42/2
1439775,2,7,1,U Mukilesh,S Sujay,Kannan Vignesh,1,1,0,run,0,,,43/2
1439775,2,7,2,S Sujay,U Mukilesh,Kannan Vignesh,1,1,0,run,0,,,44/2
1439775,2,7,3,U Mukilesh,S Sujay,Kannan Vignesh,3,0,3,wide,0,,,47/2
1439775,2,7,4,U Mukilesh,S Sujay,Kannan Vignesh,0,0,0,no run,0,,,47/2
1439775,2,7,5,U Mukilesh,S Sujay,Kannan Vignesh,1,1,0,run,0,,,48/2
1439775,2,7,6,S Sujay,U Mukilesh,Kannan Vignesh,1,0,1,wide,0,,,49/2
1439775,2,7,7,S Sujay,U Mukilesh,Kannan Vignesh,1,1,0,run,0,,,50/2
1439775,2,7,8,U Mukilesh,S Sujay,Kannan Vignesh,1,1,0,run,0,,,51/2
1439775,2,8,1,U Mukilesh,S Sujay,SP Vinod,1,1,0,run,0,,,52/2
1439775,2,8,2,S Sujay,U Mukilesh,SP Vinod,1,1,0,run,0,,,53/2
1439775,2,8,3,U Mukilesh,S Sujay,SP Vinod,4,4,0,four,0,,,57/2
1439775,2,8,4,U Mukilesh,S Sujay,SP Vinod,0,0,0,no run,0,,,57/2
1439775,2,8,5,U Mukilesh,S Sujay,SP Vinod,1,1,0,run,0,,,58/2
1439775,2,8,6,S Sujay,U Mukilesh,SP Vinod,1,1,0,run,0,,,59/2
1439775,2,9,1,S Sujay,U Mukilesh,P Nirmal Kumar,4,4,0,four,0,,,63/2
1439775,2,9,2,S Sujay,U Mukilesh,P Nirmal Kumar,1,1,0,run,0,,,64/2
1439775,2,9,3,U Mukilesh,S Sujay,P Nirmal Kumar,1,1,0,run,0,,,65/2
1439775,2,9,4,S Sujay,U Mukilesh,P Nirmal Kumar,1,1,0,run,0,,,66/2
1439775,2,9,5,U Mukilesh,S Sujay,P Nirmal Kumar,1,1,0,run,0,,,67/2
1439775,2,9,6,S Sujay,U Mukilesh,P Nirmal Kumar,1,1,0,run,0,,,68/2
1439775,2,10,1,S Sujay,U Mukilesh,SP Vinod,1,1,0,run,0,,,69/2
1439775,2,10,2,U Mukilesh,S Sujay,SP Vinod,2,2,0,run,0,,,71/2
1439775,2,10,3,U Mukilesh,S Sujay,SP Vinod,1,1,0,run,0,,,72/2
1439775,2,10,4,S Sujay,U Mukilesh,SP Vinod,0,0,0,no run,0,,,72/2
1439775,2,10,5,S Sujay,U Mukilesh,SP Vinod,1,1,0,run,0,,,73/2
1439775,2,10,6,U Mukilesh,S Sujay,SP Vinod,1,1,0,run,0,,,74/2
1439775,2,11,1,U Mukilesh,S Sujay,R Rajkumar,1,1,0,run,0,,,75/2
1439775,2,11,2,S Sujay,U Mukilesh,R Rajkumar,1,1,0,run,0,,,76/2
1439775,2,11,3,U Mukilesh,S Sujay,R Rajkumar,2,2,0,run,0,,,78/2
1439775,2,11,4,U Mukilesh,S Sujay,R Rajkumar,0,0,0,no run,0,,,78/2
1439775,2,11,5,U Mukilesh,S Sujay,R Rajkumar,4,4,0,four,0,,,82/2
1439775,2,11,6,U Mukilesh,S Sujay,R Rajkumar,0,0,0,no run,0,,,82/2
1439775,2,12,1,S Sujay,U Mukilesh,SP Vinod,4,4,0,four,0,,,86/2
1439775,2,12,2,S Sujay,U Mukilesh,SP Vinod,0,0,0,no run,0,,,86/2
1439775,2,12,3,S Sujay,U Mukilesh,SP Vinod,1,1,0,run,0,,,87/2
1439775,2,12,4,U Mukilesh,S Sujay,SP Vinod,4,4,0,four,0,,,91/2
1439775,2,12,5,U Mukilesh,S Sujay,SP Vinod,2,2,0,run,0,,,93/2
1439775,2,12,6,U Mukilesh,S Sujay,SP Vinod,1,1,0,run,0,,,94/2
1439775,2,13,1,U Mukilesh,S Sujay,R Rajkumar,0,0,0,no run,0,,,94/2
1439775,2,13,2,U Mukilesh,S Sujay,R Rajkumar,1,1,0,run,0,,,95/2
1439775,2,13,3,S Sujay,U Mukilesh,R Rajkumar,4,4,0,four,0,,,99/2
1439775,2,13,4,S Sujay,U Mukilesh,R Rajkumar,1,1,0,run,0,,,100/2
1439775,2,13,5,U Mukilesh,S Sujay,R Rajkumar,0,0,0,no run,0,,,100/2
1439775,2,13,6,U Mukilesh,S Sujay,R Rajkumar,1,1,0,run,0,,,101/2
1439775,2,14,1,U Mukilesh,S Sujay,Wenseslaus Antony Dhas,0,0,0,no run,0,,,101/2
1439775,2,14,2,U Mukilesh,S Sujay,Wenseslaus Antony Dhas,1,1,0,run,0,,,102/2
1439775,2,14,3,S Sujay,U Mukilesh,Wenseslaus Antony Dhas,0,0,0,no run,0,,,102/2
1439775,2,14,4,S Sujay,U Mukilesh,Wenseslaus Antony Dhas,1,0,1,bye,0,,,103/2
1439775,2,14,5,U Mukilesh,S Sujay,Wenseslaus Antony Dhas,0,0,0,no run,0,,,103/2
1439775,2,14,6,U Mukilesh,S Sujay,Wenseslaus Antony Dhas,1,1,0,run,0,,,104/2
1439775,2,15,1,U Mukilesh,S Sujay,V Athisayaraj Davidson,1,1,0,run,0,,,105/2
1439775,2,15,2,S Sujay,U Mukilesh,V Athisayaraj Davidson,1,1,0,run,0,,,106/2
1439775,2,15,3,U Mukilesh,S Sujay,V Athisayaraj Davidson,1,1,0,run,0,,,107/2
1439775,2,15,4,S Sujay,U Mukilesh,V Athisayaraj Davidson,1,1,0,run,0,,,108/2
1439775,2,15,5,U Mukilesh,S Sujay,V Athisayaraj Davidson,1,1,0,run,0,,,109/2
1439775,2,15,6,S Sujay,U Mukilesh,V Athisayaraj Davidson,0,0,0,no run,0,,,109/2
1439775,2,16,1,U Mukilesh,S Sujay,Wenseslaus Antony Dhas,0,0,0,no run,0,,,109/2
1439775,2,16,2,U Mukilesh,S Sujay,Wenseslaus Antony Dhas,0,0,0,no run,0,,,109/2
1439775,2,16,3,U Mukilesh,S Sujay,Wenseslaus Antony Dhas,6,6,0,six,0,,,115/2
1439775,2,16,4,U Mukilesh,S Sujay,Wenseslaus Antony Dhas,1,1,0,run,0,,,116/2
1439775,2,16,5,S Sujay,U Mukilesh,Wenseslaus Antony Dhas,1,1,0,run,0,,,117/2
1439775,2,16,6,U Mukilesh,S Sujay,Wenseslaus Antony Dhas,4,4,0,four,0,,,121/2
1439775,2,17,1,S Sujay,U Mukilesh,P Saravana Kumar,4,4,0,four,0,,,125/2
1439776,1,1,1,Sundararaman Radhakrishnan,Tushar Raheja,Sankarankutty Sandeep Warrier,0,0,0,no run,0,,,0/0
1439776,1,1,2,Sundararaman Radhakrishnan,Tushar Raheja,Sankarankutty Sandeep Warrier,0,0,0,no run,0,,,0/0
1439776,1,1,3,Sundararaman Radhakrishnan,Tushar Raheja,Sankarankutty Sandeep Warrier,1,1,0,run,0,,,1/0
1439776,1,1,4,Tushar Raheja,Sundararaman Radhakrishnan,Sankarankutty Sandeep Warrier,1,1,0,run,0,,,2/0
1439776,1,1,5,Sundararaman Radhakrishnan,Tushar Raheja,Sankarankutty Sandeep Warrier,0,0,0,no run,0,,,2/0
1439776,1,1,6,Sundararaman Radhakrishnan,Tushar Raheja,Sankarankutty Sandeep Warrier,0,0,0,no run,0,,,2/0
1439776,1,2,1,Tushar Raheja,Sundararaman Radhakrishnan,VP Diran,1,1,0,run,0,,,3/0
1439776,1,2,2,Sundararaman Radhakrishnan,Tushar Raheja,VP Diran,1,1,0,run,0,,,4/0
1439776,1,2,3,Tushar Raheja,Sundararaman Radhakrishnan,VP Diran,1,0,1,no ball,0,,,5/0
1439776,1,2,4,Tushar Raheja,Sundararaman Radhakrishnan,VP Diran,0,0,0,no run,0,,,5/0
1439776,1,2,5,Tushar Raheja,Sundararaman Radhakrishnan,VP Diran,4,4,0,four,0,,,9/0
1439776,1,2,6,Tushar Raheja,Sundararaman Radhakrishnan,VP Diran,1,1,0,run,0,,,10/0
1439776,1,2,7,Sundararaman Radhakrishnan,Tushar Raheja,VP Diran,0,0,0,no run,0,,,10/0
1439776,1,3,1,Tushar Raheja,Sundararaman Radhakrishnan,Sankarankutty Sandeep Warrier,0,0,0,no run,0,,,10/0
1439776,1,3,2,Tushar Raheja,Sundararaman Radhakrishnan,Sankarankutty Sandeep Warrier,1,1,0,run,0,,,11/0
1439776,1,3,3,Sundararaman Radhakrishnan,Tushar Raheja,Sankarankutty Sandeep Warrier,4,4,0,four,0,,,15/0
1439776,1,3,4,Sundararaman Radhakrishnan,Tushar Raheja,Sankarankutty Sandeep Warrier,0,0,0,no run,0,,,15/0
1439776,1,3,5,Sundararaman Radhakrishnan,Tushar Raheja,Sankarankutty Sandeep Warrier,4,4,0,four,0,,,19/0
1439776,1,3,6,Sundararaman Radhakrishnan,Tushar Raheja,Sankarankutty Sandeep Warrier,2,2,0,run,0,,,21/0
1439776,1,4,1,Tushar Raheja,Sundararaman Radhakrishnan,Varun Chakravarthy Vinod,1,1,0,run,0,,,22/0
1439776,1,4,2,Sundararaman Radhakrishnan,Tushar Raheja,Varun Chakravarthy Vinod,1,1,0,run,0,,,23/0
1439776,1,4,3,Tushar Raheja,Sundararaman Radhakrishnan,Varun Chakravarthy Vinod,0,0,0,no run,0,,,23/0
1439776,1,4,4,Tushar Raheja,Sundararaman Radhakrishnan,Varun Chakravarthy Vinod,0,0,0,no run,0,,,23/0
1439776,1,4,5,Tushar Raheja,Sundararaman Radhakrishnan,Varun Chakravarthy Vinod,4,4,0,four,0,,,27/0
1439776,1,4,6,Tushar Raheja,Sundararaman Radhakrishnan,Varun Chakravarthy Vinod,6,6,0,six,0,,,33/0
1439776,1,5,1,Sundararaman Radhakrishnan,Tushar Raheja,Ravichandran Ashwin,6,6,0,six,0,,,39/0
1439776,1,5,2,Sundararaman Radhakrishnan,Tushar Raheja,Ravichandran Ashwin,0,0,0,no run,0,,,39/0
1439776,1,5,3,Sundararaman Radhakrishnan,Tushar Raheja,Ravichandran Ashwin,0,0,0,no run,0,,,39/0
1439776,1,5,4,Sundararaman Radhakrishnan,Tushar Raheja,Ravichandran Ashwin,1,1,0,run,0,,,40/0
1439776,1,5,5,Tushar Raheja,Sundararaman Radhakrishnan,Ravichandran Ashwin,1,1,0,run,0,,,41/0
1439776,1,5,6,Sundararaman Radhakrishnan,Tushar Raheja,Ravichandran Ashwin,1,1,0,run,0,,,42/0
1439776,1,6,1,Sundararaman Radhakrishnan,Tushar Raheja,Subodh Bhati,1,1,0,run,0,,,43/0
1439776,1,6,2,Tushar Raheja,Sundararaman Radhakrishnan,Subodh Bhati,1,1,0,run,0,,,44/0
1439776,1,6,3,Sundararaman Radhakrishnan,Tushar Raheja,Subodh Bhati,2,2,0,run,0,,,46/0
1439776,1,6,4,Sundararaman Radhakrishnan,Tushar Raheja,Subodh Bhati,1,1,0,run,0,,,47/0
1439776,1,6,5,Tushar Raheja,Sundararaman Radhakrishnan,Subodh Bhati,1,0,1,wide,0,,,48/0
1439776,1,6,6,Tushar Raheja,Sundararaman Radhakrishnan,Subodh Bhati,1,1,0,run,0,,,49/0
1439776,1,6,7,Sundararaman Radhakrishnan,Tushar Raheja,Subodh Bhati,0,0,0,no run,0,,,49/0
1439776,1,7,1,Tushar Raheja,Sundararaman Radhakrishnan,Ravichandran Ashwin,0,0,0,no run,0,,,49/0
1439776,1,7,2,Tushar Raheja,Sundararaman Radhakrishnan,Ravichandran Ashwin,1,0,1,wide,0,,,50/0
1439776,1,7,3,Tushar Raheja,Sundararaman Radhakrishnan,Ravichandran Ashwin,1,1,0,run,0,,,51/0
1439776,1,7,4,Sundararaman Radhakrishnan,Tushar Raheja,Ravichandran Ashwin,1,1,0,run,0,,,52/0
1439776,1,7,5,Tushar Raheja,Sundararaman Radhakrishnan,Ravichandran Ashwin,0,0,0,no run,0,,,52/0
1439776,1,7,6,Tushar Raheja,Sundararaman Radhakrishnan,Ravichandran Ashwin,1,1,0,run,0,,,53/0
1439776,1,7,7,Sundararaman Radhakrishnan,Tushar Raheja,Ravichandran Ashwin,1,1,0,run,0,,,54/0
1439776,1,8,1,Sundararaman Radhakrishnan,Tushar Raheja,Varun Chakravarthy Vinod,0,0,0,no run,0,,,54/0
1439776,1,8,2,Sundararaman Radhakrishnan,Tushar Raheja,Varun Chakravarthy Vinod,0,0,0,no run,0,,,54/0
1439776,1,8,3,Sundararaman Radhakrishnan,Tushar Raheja,Varun Chakravarthy Vinod,1,0,1,wide,0,,,55/0
1439776,1,8,4,Sundararaman Radhakrishnan,Tushar Raheja,Varun Chakravarthy Vinod,1,1,0,run,0,,,56/0
1439776,1,8,5,Tushar Raheja,Sundararaman Radhakrishnan,Varun Chakravarthy Vinod,1,1,0,run,0,,,57/0
1439776,1,8,6,Sundararaman Radhakrishnan,Tushar Raheja,Varun Chakravarthy Vinod,0,0,0,no run,0,,,57/0
1439776,1,8,7,Sundararaman Radhakrishnan,Tushar Raheja,Varun Chakravarthy Vinod,2,2,0,run,0,,,59/0
1439776,1,9,1,Tushar Raheja,Sundararaman Radhakrishnan,Ravichandran Ashwin,4,4,0,four,0,,,63/0
1439776,1,9,2,Tushar Raheja,Sundararaman Radhakrishnan,Ravichandran Ashwin,1,1,0,run,0,,,64/0
1439776,1,9,3,Sundararaman Radhakrishnan,Tushar Raheja,Ravichandran Ashwin,6,6,0,six,0,,,70/0
1439776,1,9,4,Sundararaman Radhakrishnan,Tushar Raheja,Ravichandran Ashwin,1,0,1,wide,0,,,71/0
1439776,1,9,5,Sundararaman Radhakrishnan,Tushar Raheja,Ravichandran Ashwin,0,0,0,out,1,caught,Sundararaman Radhakrishnan,71/1
1439776,1,9,6,VP Amit Sathvik,Tushar Raheja,Ravichandran Ashwin,1,1,0,run,0,,,72/1
1439776,1,9,7,Tushar Raheja,VP Amit Sathvik,Ravichandran Ashwin,1,0,1,wide,0,,,73/1
1439776,1,9,8,Tushar Raheja,VP Amit Sathvik,Ravichandran Ashwin,1,1,0,run,0,,,74/1
1439776,1,10,1,Tushar Raheja,VP Amit Sathvik,Subodh Bhati,1,1,0,run,0,,,75/1
1439776,1,10,2,VP Amit Sathvik,Tushar Raheja,Subodh Bhati,1,0,1,wide,0,,,76/1
1439776,1,10,3,VP Amit Sathvik,Tushar Raheja,Subodh Bhati,1,1,0,run,0,,,77/1
1439776,1,10,4,Tushar Raheja,VP Amit Sathvik,Subodh Bhati,0,0,0,out,1,caught,Tushar Raheja,77/2
1439776,1,10,5,S Ganesh,VP Amit Sathvik,Subodh Bhati,0,0,0,no run,0,,,77/2
1439776,1,10,6,S Ganesh,VP Amit Sathvik,Subodh Bhati,0,0,0,no run,0,,,77/2
1439776,1,10,7,S Ganesh,VP Amit Sathvik,Subodh Bhati,0,0,0,out,1,caught,S Ganesh,77/3
1439776,1,11,1,VP Amit Sathvik,Balchander Anirudh,Varun Chakravarthy Vinod,1,1,0,run,0,,,78/3
1439776,1,11,2,Balchander Anirudh,VP Amit Sathvik,Varun Chakravarthy Vinod,1,1,0,run,0,,,79/3
1439776,1,11,3,VP Amit Sathvik,Balchander Anirudh,Varun Chakravarthy Vinod,2,2,0,run,0,,,81/3
1439776,1,11,4,VP Amit Sathvik,Balchander Anirudh,Varun Chakravarthy Vinod,0,0,0,no run,0,,,81/3
1439776,1,11,5,VP Amit Sathvik,Balchander Anirudh,Varun Chakravarthy Vinod,6,6,0,six,0,,,87/3
1439776,1,11,6,VP Amit Sathvik,Balchander Anirudh,Varun Chakravarthy Vinod,1,1,0,run,0,,,88/3
1439776,1,12,1,VP Amit Sathvik,Balchander Anirudh,VP Diran,1,1,0,run,0,,,89/3
1439776,1,12,2,Balchander Anirudh,VP Amit Sathvik,VP Diran,1,0,1,leg bye,0,,,90/3
1439776,1,12,3,VP Amit Sathvik,Balchander Anirudh,VP Diran,0,0,0,no run,0,,,90/3
1439776,1,12,4,VP Amit Sathvik,Balchander Anirudh,VP Diran,6,6,0,six,0,,,96/3
1439776,1,12,5,VP Amit Sathvik,Balchander Anirudh,VP Diran,4,4,0,four,0,,,100/3
1439776,1,12,6,VP Amit Sathvik,Balchander Anirudh,VP Diran,4,4,0,four,0,,,104/3
1439776,1,13,1,Balchander Anirudh,VP Amit Sathvik,Subodh Bhati,1,1,0,run,0,,,105/3
1439776,1,13,2,VP Amit Sathvik,Balchander Anirudh,Subodh Bhati,0,0,0,no run,0,,,105/3
1439776,1,13,3,VP Amit Sathvik,Balchander Anirudh,Subodh Bhati,0,0,0,no run,0,,,105/3
1439776,1,13,4,VP Amit Sathvik,Balchander Anirudh,Subodh Bhati,1,1,0,run,0,,,106/3
1439776,1,13,5,Balchander Anirudh,VP Amit Sathvik,Subodh Bhati,0,0,0,out,1,caught,Balchander Anirudh,106/4
1439776,1,13,6,Ravisrinivasan Sai Kishore,VP Amit Sathvik,Subodh Bhati,2,2,0,run,0,,,108/4
1439776,2,1,1,R Vimal Khumar,Shivam Singh,P Bhuvaneswaran,0,0,0,no run,0,,,0/0
1439776,2,1,2,R Vimal Khumar,Shivam Singh,P Bhuvaneswaran,2,2,0,run,0,,,2/0
1439776,2,1,3,R Vimal Khumar,Shivam Singh,P Bhuvaneswaran,1,0,1,wide,0,,,3/0
1439776,2,1,4,R Vimal Khumar,Shivam Singh,P Bhuvaneswaran,0,0,0,no run,0,,,3/0
1439776,2,1,5,R Vimal Khumar,Shivam Singh,P Bhuvaneswaran,1,0,1,wide,0,,,4/0
1439776,2,1,6,R Vimal Khumar,Shivam Singh,P Bhuvaneswaran,1,1,0,run,0,,,5/0
1439776,2,1,7,Shivam Singh,R Vimal Khumar,P Bhuvaneswaran,0,0,0,no run,0,,,5/0
1439776,2,1,8,Shivam Singh,R Vimal Khumar,P Bhuvaneswaran,4,4,0,four,0,,,9/0
1439776,2,2,1,R Vimal Khumar,Shivam Singh,Thangarasu Natarajan,0,0,0,no run,0,,,9/0
1439776,2,2,2,R Vimal Khumar,Shivam Singh,Thangarasu Natarajan,0,0,0,no run,0,,,9/0
1439776,2,2,3,R Vimal Khumar,Shivam Singh,Thangarasu Natarajan,0,0,0,no run,0,,,9/0
1439776,2,2,4,R Vimal Khumar,Shivam Singh,Thangarasu Natarajan,0,0,0,no run,0,,,9/0
1439776,2,2,5,R Vimal Khumar,Shivam Singh,Thangarasu Natarajan,6,6,0,six,0,,,15/0
1439776,2,2,6,R Vimal Khumar,Shivam Singh,Thangarasu Natarajan,0,0,0,no run,0,,,15/0
1439776,2,3,1,Shivam Singh,R Vimal Khumar,P Bhuvaneswaran,0,0,0,no run,0,,,15/0
1439776,2,3,2,Shivam Singh,R Vimal Khumar,P Bhuvaneswaran,0,0,0,no run,0,,,15/0
1439776,2,3,3,Shivam Singh,R Vimal Khumar,P Bhuvaneswaran,0,0,0,out,1,caught,Shivam Singh,15/1
1439776,2,3,4,Baba Indrajith,R Vimal Khumar,P Bhuvaneswaran,0,0,0,no run,0,,,15/1
1439776,2,3,5,Baba Indrajith,R Vimal Khumar,P Bhuvaneswaran,0,0,0,no run,0,,,15/1
1439776,2,3,6,Baba Indrajith,R Vimal Khumar,P Bhuvaneswaran,1,0,1,leg bye,0,,,16/1
1439776,2,4,1,Baba Indrajith,R Vimal Khumar,Ramalingam Rohit,1,1,0,run,0,,,17/1
1439776,2,4,2,R Vimal Khumar,Baba Indrajith,Ramalingam Rohit,4,4,0,four,0,,,21/1
1439776,2,4,3,R Vimal Khumar,Baba Indrajith,Ramalingam Rohit,1,1,0,run,0,,,22/1
1439776,2,4,4,Baba Indrajith,R Vimal Khumar,Ramalingam Rohit,4,4,0,four,0,,,26/1
1439776,2,4,5,Baba Indrajith,R Vimal Khumar,Ramalingam Rohit,0,0,0,no run,0,,,26/1
1439776,2,4,6,Baba Indrajith,R Vimal Khumar,Ramalingam Rohit,1,1,0,run,0,,,27/1
1439776,2,5,1,Baba Indrajith,R Vimal Khumar,S Mohamed Ali,1,1,0,run,0,,,28/1
1439776,2,5,2,R Vimal Khumar,Baba Indrajith,S Mohamed Ali,1,1,0,run,0,,,29/1
1439776,2,5,3,Baba Indrajith,R Vimal Khumar,S Mohamed Ali,1,1,0,run,0,,,30/1
1439776,2,5,4,R Vimal Khumar,Baba Indrajith,S Mohamed Ali,0,0,0,no run,0,,,30/1
1439776,2,5,5,R Vimal Khumar,Baba Indrajith,S Mohamed Ali,1,1,0,run,0,,,31/1
1439776,2,5,6,Baba Indrajith,R Vimal Khumar,S Mohamed Ali,4,4,0,four,0,,,35/1
1439776,2,6,1,R Vimal Khumar,Baba Indrajith, Sriram Ajith Ram,1,1,0,run,1,run out,R Vimal Khumar,36/2
1439776,2,6,2,Boopathi Vaishna Kumar,Baba Indrajith, Sriram Ajith Ram,1,0,1,leg bye,0,,,37/2
1439776,2,6,3,Baba Indrajith,Boopathi Vaishna Kumar, Sriram Ajith Ram,1,1,0,run,0,,,38/2
1439776,2,6,4,Boopathi Vaishna Kumar,Baba Indrajith, Sriram Ajith Ram,1,1,0,run,0,,,39/2
1439776,2,6,5,Baba Indrajith,Boopathi Vaishna Kumar, Sriram Ajith Ram,1,1,0,run,0,,,40/2
1439776,2,6,6,Boopathi Vaishna Kumar,Baba Indrajith, Sriram Ajith Ram,1,1,0,run,0,,,41/2
1439776,2,7,1,Boopathi Vaishna Kumar,Baba Indrajith,S Mohamed Ali,6,6,0,six,0,,,47/2
1439776,2,7,2,Boopathi Vaishna Kumar,Baba Indrajith,S Mohamed Ali,1,1,0,run,0,,,48/2
1439776,2,7,3,Baba Indrajith,Boopathi Vaishna Kumar,S Mohamed Ali,1,1,0,run,0,,,49/2
1439776,2,7,4,Boopathi Vaishna Kumar,Baba Indrajith,S Mohamed Ali,1,1,0,run,0,,,50/2
1439776,2,7,5,Baba Indrajith,Boopathi Vaishna Kumar,S Mohamed Ali,1,1,0,run,0,,,51/2
1439776,2,7,6,Boopathi Vaishna Kumar,Baba Indrajith,S Mohamed Ali,1,1,0,run,0,,,52/2
1439776,2,8,1,Boopathi Vaishna Kumar,Baba Indrajith,Ravisrinivasan Sai Kishore,1,1,0,run,0,,,53/2
1439776,2,8,2,Baba Indrajith,Boopathi Vaishna Kumar,Ravisrinivasan Sai Kishore,1,1,0,run,0,,,54/2
1439776,2,8,3,Boopathi Vaishna Kumar,Baba Indrajith,Ravisrinivasan Sai Kishore,4,4,0,four,0,,,58/2
1439776,2,8,4,Boopathi Vaishna Kumar,Baba Indrajith,Ravisrinivasan Sai Kishore,1,1,0,run,0,,,59/2
1439776,2,8,5,Baba Indrajith,Boopathi Vaishna Kumar,Ravisrinivasan Sai Kishore,1,1,0,run,0,,,60/2
1439776,2,8,6,Boopathi Vaishna Kumar,Baba Indrajith,Ravisrinivasan Sai Kishore,6,6,0,six,0,,,66/2
1439776,2,9,1,Baba Indrajith,Boopathi Vaishna Kumar,Ramalingam Rohit,1,0,1,wide,0,,,67/2
1439776,2,9,2,Baba Indrajith,Boopathi Vaishna Kumar,Ramalingam Rohit,1,1,0,run,0,,,68/2
1439776,2,9,3,Boopathi Vaishna Kumar,Baba Indrajith,Ramalingam Rohit,1,1,0,run,0,,,69/2
1439776,2,9,4,Baba Indrajith,Boopathi Vaishna Kumar,Ramalingam Rohit,1,1,0,run,0,,,70/2
1439776,2,9,5,Boopathi Vaishna Kumar,Baba Indrajith,Ramalingam Rohit,1,1,0,run,0,,,71/2
1439776,2,9,6,Baba Indrajith,Boopathi Vaishna Kumar,Ramalingam Rohit,1,1,0,run,0,,,72/2
1439776,2,9,7,Boopathi Vaishna Kumar,Baba Indrajith,Ramalingam Rohit,1,1,0,run,0,,,73/2
1439776,2,10,1,Boopathi Vaishna Kumar,Baba Indrajith,Thangarasu Natarajan,2,2,0,run,0,,,75/2
1439776,2,10,2,Boopathi Vaishna Kumar,Baba Indrajith,Thangarasu Natarajan,1,0,1,wide,0,,,76/2
1439776,2,10,3,Boopathi Vaishna Kumar,Baba Indrajith,Thangarasu Natarajan,0,0,0,no run,0,,,76/2
1439776,2,10,4,Boopathi Vaishna Kumar,Baba Indrajith,Thangarasu Natarajan,6,6,0,six,0,,,82/2
1439776,2,10,5,Boopathi Vaishna Kumar,Baba Indrajith,Thangarasu Natarajan,1,1,0,run,0,,,83/2
1439776,2,10,6,Baba Indrajith,Boopathi Vaishna Kumar,Thangarasu Natarajan,4,4,0,four,0,,,87/2
1439776,2,10,7,Baba Indrajith,Boopathi Vaishna Kumar,Thangarasu Natarajan,2,2,0,run,0,,,89/2
1439776,2,11,1,Boopathi Vaishna Kumar,Baba Indrajith,P Bhuvaneswaran,1,1,0,run,0,,,90/2
1439776,2,11,2,Baba Indrajith,Boopathi Vaishna Kumar,P Bhuvaneswaran,1,1,0,run,0,,,91/2
1439776,2,11,3,Boopathi Vaishna Kumar,Baba Indrajith,P Bhuvaneswaran,0,0,0,no run,0,,,91/2
1439776,2,11,4,Boopathi Vaishna Kumar,Baba Indrajith,P Bhuvaneswaran,1,0,1,wide,0,,,92/2
1439776,2,11,5,Boopathi Vaishna Kumar,Baba Indrajith,P Bhuvaneswaran,1,1,0,run,0,,,93/2
1439776,2,11,6,Baba Indrajith,Boopathi Vaishna Kumar,P Bhuvaneswaran,1,1,0,run,0,,,94/2
1439776,2,11,7,Boopathi Vaishna Kumar,Baba Indrajith,P Bhuvaneswaran,1,1,0,run,0,,,95/2
1439776,2,12,1,Boopathi Vaishna Kumar,Baba Indrajith,Ravisrinivasan Sai Kishore,1,1,0,run,0,,,96/2
1439776,2,12,2,Baba Indrajith,Boopathi Vaishna Kumar,Ravisrinivasan Sai Kishore,2,2,0,run,0,,,98/2
1439776,2,12,3,Baba Indrajith,Boopathi Vaishna Kumar,Ravisrinivasan Sai Kishore,1,0,1,leg bye,0,,,99/2
1439776,2,12,4,Boopathi Vaishna Kumar,Baba Indrajith,Ravisrinivasan Sai Kishore,6,6,0,six,0,,,105/2
1439776,2,12,5,Boopathi Vaishna Kumar,Baba Indrajith,Ravisrinivasan Sai Kishore,6,6,0,six,0,,,111/2
1439777,1,1,1,D Santhosh Kumar,Narayan Jagadeesan,N Selva Kumaran,0,0,0,no run,0,,,0/0
1439777,1,1,2,D Santhosh Kumar,Narayan Jagadeesan,N Selva Kumaran,0,0,0,no run,0,,,0/0
1439777,1,1,3,D Santhosh Kumar,Narayan Jagadeesan,N Selva Kumaran,4,4,0,four,0,,,4/0
1439777,1,1,4,D Santhosh Kumar,Narayan Jagadeesan,N Selva Kumaran,0,0,0,no run,0,,,4/0
1439777,1,1,5,D Santhosh Kumar,Narayan Jagadeesan,N Selva Kumaran,1,1,0,run,0,,,5/0
1439777,1,1,6,Narayan Jagadeesan,D Santhosh Kumar,N Selva Kumaran,0,0,0,no run,0,,,5/0
1439777,1,2,1,D Santhosh Kumar,Narayan Jagadeesan,Sunny Sandhu,0,0,0,no run,0,,,5/0
1439777,1,2,2,D Santhosh Kumar,Narayan Jagadeesan,Sunny Sandhu,0,0,0,no run,0,,,5/0
1439777,1,2,3,D Santhosh Kumar,Narayan Jagadeesan,Sunny Sandhu,1,1,0,run,0,,,6/0
1439777,1,2,4,Narayan Jagadeesan,D Santhosh Kumar,Sunny Sandhu,1,1,0,run,0,,,7/0
1439777,1,2,5,D Santhosh Kumar,Narayan Jagadeesan,Sunny Sandhu,0,0,0,no run,0,,,7/0
1439777,1,2,6,D Santhosh Kumar,Narayan Jagadeesan,Sunny Sandhu,1,1,0,run,0,,,8/0
1439777,1,3,1,D Santhosh Kumar,Narayan Jagadeesan,N Selva Kumaran,1,1,0,run,0,,,9/0
1439777,1,3,2,Narayan Jagadeesan,D Santhosh Kumar,N Selva Kumaran,4,4,0,four,0,,,13/0
1439777,1,3,3,Narayan Jagadeesan,D Santhosh Kumar,N Selva Kumaran,4,4,0,four,0,,,17/0
1439777,1,3,4,Narayan Jagadeesan,D Santhosh Kumar,N Selva Kumaran,1,1,0,run,0,,,18/0
1439777,1,3,5,D Santhosh Kumar,Narayan Jagadeesan,N Selva Kumaran,0,0,0,no run,0,,,18/0
1439777,1,3,6,D Santhosh Kumar,Narayan Jagadeesan,N Selva Kumaran,2,2,0,run,0,,,20/0
1439777,1,4,1,Narayan Jagadeesan,D Santhosh Kumar,Sunny Sandhu,0,0,0,no run,0,,,20/0
1439777,1,4,2,Narayan Jagadeesan,D Santhosh Kumar,Sunny Sandhu,0,0,0,out,1,caught,Narayan Jagadeesan,20/1
1439777,1,4,3,Baba Aparajith,D Santhosh Kumar,Sunny Sandhu,0,0,0,no run,0,,,20/1
1439777,1,4,4,Baba Aparajith,D Santhosh Kumar,Sunny Sandhu,2,2,0,run,0,,,22/1
1439777,1,4,5,Baba Aparajith,D Santhosh Kumar,Sunny Sandhu,1,1,0,run,0,,,23/1
1439777,1,4,6,D Santhosh Kumar,Baba Aparajith,Sunny Sandhu,6,6,0,six,0,,,29/1
1439777,1,5,1,Baba Aparajith,D Santhosh Kumar,S Harish Kumar,0,0,0,no run,0,,,29/1
1439777,1,5,2,Baba Aparajith,D Santhosh Kumar,S Harish Kumar,1,1,0,run,0,,,30/1
1439777,1,5,3,D Santhosh Kumar,Baba Aparajith,S Harish Kumar,1,1,0,run,0,,,31/1
1439777,1,5,4,Baba Aparajith,D Santhosh Kumar,S Harish Kumar,1,1,0,run,0,,,32/1
1439777,1,5,5,D Santhosh Kumar,Baba Aparajith,S Harish Kumar,0,0,0,out,1,caught,D Santhosh Kumar,32/2
1439777,1,5,6,Pradosh Ranjan Paul,Baba Aparajith,S Harish Kumar,1,0,1,wide,0,,,33/2
1439777,1,5,7,Pradosh Ranjan Paul,Baba Aparajith,S Harish Kumar,4,4,0,four,0,,,37/2
1439777,1,6,1,Baba Aparajith,Pradosh Ranjan Paul,Sunny Sandhu,0,0,0,no run,0,,,37/2
1439777,1,6,2,Baba Aparajith,Pradosh Ranjan Paul,Sunny Sandhu,1,1,0,run,0,,,38/2
1439777,1,6,3,Pradosh Ranjan Paul,Baba Aparajith,Sunny Sandhu,0,0,0,no run,0,,,38/2
1439777,1,6,4,Pradosh Ranjan Paul,Baba Aparajith,Sunny Sandhu,0,0,0,no run,0,,,38/2
1439777,1,6,5,Pradosh Ranjan Paul,Baba Aparajith,Sunny Sandhu,0,0,0,no run,0,,,38/2
1439777,1,6,6,Pradosh Ranjan Paul,Baba Aparajith,Sunny Sandhu,0,0,0,no run,0,,,38/2
1439777,1,7,1,Baba Aparajith,Pradosh Ranjan Paul,S Harish Kumar,6,6,0,six,0,,,44/2
1439777,1,7,2,Baba Aparajith,Pradosh Ranjan Paul,S Harish Kumar,0,0,0,no run,0,,,44/2
1439777,1,7,3,Baba Aparajith,Pradosh Ranjan Paul,S Harish Kumar,1,1,0,run,0,,,45/2
1439777,1,7,4,Pradosh Ranjan Paul,Baba Aparajith,S Harish Kumar,0,0,0,no run,0,,,45/2
1439777,1,7,5,Pradosh Ranjan Paul,Baba Aparajith,S Harish Kumar,1,1,0,run,0,,,46/2
1439777,1,7,6,Baba Aparajith,Pradosh Ranjan Paul,S Harish Kumar,1,1,0,run,0,,,47/2
1439777,1,8,1,Baba Aparajith,Pradosh Ranjan Paul,ME Yazh Arun Mozhi,5,0,5,wide,0,,,52/2
1439777,1,8,2,Baba Aparajith,Pradosh Ranjan Paul,ME Yazh Arun Mozhi,1,1,0,run,0,,,53/2
1439777,1,8,3,Pradosh Ranjan Paul,Baba Aparajith,ME Yazh Arun Mozhi,1,1,0,run,0,,,54/2
1439777,1,8,4,Baba Aparajith,Pradosh Ranjan Paul,ME Yazh Arun Mozhi,1,1,0,run,0,,,55/2
1439777,1,8,5,Pradosh Ranjan Paul,Baba Aparajith,ME Yazh Arun Mozhi,4,4,0,four,0,,,59/2
1439777,1,8,6,Pradosh Ranjan Paul,Baba Aparajith,ME Yazh Arun Mozhi,1,1,0,run,0,,,60/2
1439777,1,8,7,Baba Aparajith,Pradosh Ranjan Paul,ME Yazh Arun Mozhi,1,1,0,run,0,,,61/2
1439777,1,9,1,Baba Aparajith,Pradosh Ranjan Paul,Raju Aushik Srinivas,0,0,0,no run,0,,,61/2
1439777,1,9,2,Baba Aparajith,Pradosh Ranjan Paul,Raju Aushik Srinivas,0,0,0,no run,0,,,61/2
1439777,1,9,3,Baba Aparajith,Pradosh Ranjan Paul,Raju Aushik Srinivas,0,0,0,no run,0,,,61/2
1439777,1,9,4,Baba Aparajith,Pradosh Ranjan Paul,Raju Aushik Srinivas,1,1,0,run,0,,,62/2
1439777,1,9,5,Pradosh Ranjan Paul,Baba Aparajith,Raju Aushik Srinivas,1,1,0,run,0,,,63/2
1439777,1,9,6,Baba Aparajith,Pradosh Ranjan Paul,Raju Aushik Srinivas,0,0,0,no run,0,,,63/2
1439777,1,10,1,Pradosh Ranjan Paul,Baba Aparajith,ME Yazh Arun Mozhi,0,0,0,no run,0,,,63/2
1439777,1,10,2,Pradosh Ranjan Paul,Baba Aparajith,ME Yazh Arun Mozhi,0,0,0,no run,0,,,63/2
1439777,1,10,3,Pradosh Ranjan Paul,Baba Aparajith,ME Yazh Arun Mozhi,1,1,0,run,0,,,64/2
1439777,1,10,4,Baba Aparajith,Pradosh Ranjan Paul,ME Yazh Arun Mozhi,6,6,0,six,0,,,70/2
1439777,1,10,5,Baba Aparajith,Pradosh Ranjan Paul,ME Yazh Arun Mozhi,2,0,2,wide,0,,,72/2
1439777,1,10,6,Pradosh Ranjan Paul,Baba Aparajith,ME Yazh Arun Mozhi,1,1,0,run,0,,,73/2
1439777,1,10,7,Baba Aparajith,Pradosh Ranjan Paul,ME Yazh Arun Mozhi,1,1,0,run,0,,,74/2
1439777,1,11,1,Baba Aparajith,Pradosh Ranjan Paul,Raju Aushik Srinivas,1,1,0,run,0,,,75/2
1439777,1,11,2,Pradosh Ranjan Paul,Baba Aparajith,Raju Aushik Srinivas,1,1,0,run,0,,,76/2
1439777,1,11,3,Baba Aparajith,Pradosh Ranjan Paul,Raju Aushik Srinivas,1,1,0,run,0,,,77/2
1439777,1,11,4,Pradosh Ranjan Paul,Baba Aparajith,Raju Aushik Srinivas,0,0,0,out,1,caught,Pradosh Ranjan Paul,77/3
1439777,1,11,5,C Andre Siddarth,Baba Aparajith,Raju Aushik Srinivas,0,0,0,no run,0,,,77/3
1439777,1,11,6,C Andre Siddarth,Baba Aparajith,Raju Aushik Srinivas,0,0,0,no run,0,,,77/3
1439777,1,12,1,Baba Aparajith,C Andre Siddarth,M Poiyamozhi,1,1,0,run,0,,,78/3
1439777,1,12,2,C Andre Siddarth,Baba Aparajith,M Poiyamozhi,1,1,0,run,0,,,79/3
1439777,1,12,3,Baba Aparajith,C Andre Siddarth,M Poiyamozhi,1,1,0,run,0,,,80/3
1439777,1,12,4,C Andre Siddarth,Baba Aparajith,M Poiyamozhi,2,0,2,wide,0,,,82/3
1439777,1,12,5,Baba Aparajith,C Andre Siddarth,M Poiyamozhi,1,1,0,run,0,,,83/3
1439777,1,12,6,C Andre Siddarth,Baba Aparajith,M Poiyamozhi,0,0,0,no run,0,,,83/3
1439777,1,12,7,C Andre Siddarth,Baba Aparajith,M Poiyamozhi,1,1,0,run,0,,,84/3
1439777,1,13,1,C Andre Siddarth,Baba Aparajith,N Selva Kumaran,1,0,1,wide,0,,,85/3
1439777,1,13,2,C Andre Siddarth,Baba Aparajith,N Selva Kumaran,2,2,0,run,0,,,87/3
1439777,1,13,3,C Andre Siddarth,Baba Aparajith,N Selva Kumaran,1,1,0,run,0,,,88/3
1439777,1,13,4,Baba Aparajith,C Andre Siddarth,N Selva Kumaran,1,0,1,leg bye,0,,,89/3
1439777,1,13,5,C Andre Siddarth,Baba Aparajith,N Selva Kumaran,1,1,0,run,0,,,90/3
1439777,1,13,6,Baba Aparajith,C Andre Siddarth,N Selva Kumaran,1,1,0,run,0,,,91/3
1439777,1,13,7,C Andre Siddarth,Baba Aparajith,N Selva Kumaran,1,1,0,run,0,,,92/3
1439777,1,14,1,C Andre Siddarth,Baba Aparajith,M Poiyamozhi,0,0,0,no run,0,,,92/3
1439777,1,14,2,C Andre Siddarth,Baba Aparajith,M Poiyamozhi,1,1,0,run,0,,,93/3
1439777,1,14,3,Baba Aparajith,C Andre Siddarth,M Poiyamozhi,1,1,0,run,0,,,94/3
1439777,1,14,4,C Andre Siddarth,Baba Aparajith,M Poiyamozhi,1,1,0,run,0,,,95/3
1439777,1,14,5,Baba Aparajith,C Andre Siddarth,M Poiyamozhi,1,1,0,run,0,,,96/3
1439777,1,14,6,C Andre Siddarth,Baba Aparajith,M Poiyamozhi,0,0,0,no run,0,,,96/3
1439777,1,15,1,Baba Aparajith,C Andre Siddarth,N Selva Kumaran,1,1,0,run,0,,,97/3
1439777,1,15,2,C Andre Siddarth,Baba Aparajith,N Selva Kumaran,1,0,1,wide,0,,,98/3
1439777,1,15,3,C Andre Siddarth,Baba Aparajith,N Selva Kumaran,0,0,0,out,1,stumped,C Andre Siddarth,98/4
1439777,1,15,4,Daryl Sunder Ferrario,Baba Aparajith,N Selva Kumaran,0,0,0,no run,0,,,98/4
1439777,1,15,5,Daryl Sunder Ferrario,Baba Aparajith,N Selva Kumaran,1,0,1,wide,0,,,99/4
1439777,1,15,6,Daryl Sunder Ferrario,Baba Aparajith,N Selva Kumaran,4,4,0,four,0,,,103/4
1439777,1,15,7,Daryl Sunder Ferrario,Baba Aparajith,N Selva Kumaran,1,1,0,run,0,,,104/4
1439777,1,15,8,Baba Aparajith,Daryl Sunder Ferrario,N Selva Kumaran,1,1,0,run,0,,,105/4
1439777,1,16,1,Baba Aparajith,Daryl Sunder Ferrario,S Harish Kumar,1,1,0,run,0,,,106/4
1439777,1,16,2,Daryl Sunder Ferrario,Baba Aparajith,S Harish Kumar,4,4,0,four,0,,,110/4
1439777,1,16,3,Daryl Sunder Ferrario,Baba Aparajith,S Harish Kumar,1,1,0,run,0,,,111/4
1439777,1,16,4,Baba Aparajith,Daryl Sunder Ferrario,S Harish Kumar,1,1,0,run,0,,,112/4
1439777,1,16,5,Daryl Sunder Ferrario,Baba Aparajith,S Harish Kumar,0,0,0,no run,0,,,112/4
1439777,1,16,6,Daryl Sunder Ferrario,Baba Aparajith,S Harish Kumar,6,6,0,six,0,,,118/4
1439777,1,17,1,Baba Aparajith,Daryl Sunder Ferrario,Raju Aushik Srinivas,1,1,0,run,0,,,119/4
1439777,1,17,2,Daryl Sunder Ferrario,Baba Aparajith,Raju Aushik Srinivas,1,1,0,run,0,,,120/4
1439777,1,17,3,Baba Aparajith,Daryl Sunder Ferrario,Raju Aushik Srinivas,1,1,0,run,0,,,121/4
1439777,1,17,4,Daryl Sunder Ferrario,Baba Aparajith,Raju Aushik Srinivas,2,2,0,run,0,,,123/4
1439777,1,17,5,Daryl Sunder Ferrario,Baba Aparajith,Raju Aushik Srinivas,0,0,0,no run,0,,,123/4
1439777,1,17,6,Daryl Sunder Ferrario,Baba Aparajith,Raju Aushik Srinivas,0,0,0,no run,0,,,123/4
1439777,1,18,1,Baba Aparajith,Daryl Sunder Ferrario,Sunny Sandhu,0,0,0,no run,0,,,123/4
1439777,1,18,2,Baba Aparajith,Daryl Sunder Ferrario,Sunny Sandhu,1,1,0,run,0,,,124/4
1439777,1,18,3,Daryl Sunder Ferrario,Baba Aparajith,Sunny Sandhu,4,4,0,four,0,,,128/4
1439777,1,18,4,Daryl Sunder Ferrario,Baba Aparajith,Sunny Sandhu,0,0,0,out,1,caught,Daryl Sunder Ferrario,128/5
1439777,1,18,5,Abhishek Baljeetsingh Tanwar,Baba Aparajith,Sunny Sandhu,1,1,0,run,0,,,129/5
1439777,1,18,6,Baba Aparajith,Abhishek Baljeetsingh Tanwar,Sunny Sandhu,1,1,0,run,0,,,130/5
1439777,1,19,1,Baba Aparajith,Abhishek Baljeetsingh Tanwar,M Poiyamozhi,0,0,0,out,1,caught,Baba Aparajith,130/6
1439777,1,19,2,Antony Chandrasekaran Aswin Crist,Abhishek Baljeetsingh Tanwar,M Poiyamozhi,0,0,0,no run,0,,,130/6
1439777,1,19,3,Antony Chandrasekaran Aswin Crist,Abhishek Baljeetsingh Tanwar,M Poiyamozhi,0,0,0,out,1,caught,Antony Chandrasekaran Aswin Crist,130/7
1439777,1,19,4,Rahil S Shah,Abhishek Baljeetsingh Tanwar,M Poiyamozhi,0,0,0,no run,0,,,130/7
1439777,1,19,5,Rahil S Shah,Abhishek Baljeetsingh Tanwar,M Poiyamozhi,1,1,0,run,0,,,131/7
1439777,1,19,6,Abhishek Baljeetsingh Tanwar,Rahil S Shah,M Poiyamozhi,1,1,0,run,0,,,132/7
1439777,1,20,1,Abhishek Baljeetsingh Tanwar,Rahil S Shah,S Harish Kumar,6,6,0,six,0,,,138/7
1439777,1,20,2,Abhishek Baljeetsingh Tanwar,Rahil S Shah,S Harish Kumar,6,6,0,six,0,,,144/7
1439777,1,20,3,Abhishek Baljeetsingh Tanwar,Rahil S Shah,S Harish Kumar,0,0,0,no run,0,,,144/7
1439777,1,20,4,Abhishek Baljeetsingh Tanwar,Rahil S Shah,S Harish Kumar,6,6,0,six,0,,,150/7
1439777,1,20,5,Abhishek Baljeetsingh Tanwar,Rahil S Shah,S Harish Kumar,6,6,0,six,0,,,156/7
1439777,1,20,6,Abhishek Baljeetsingh Tanwar,Rahil S Shah,S Harish Kumar,0,0,0,no run,0,,,156/7
1439777,2,1,1,S Abishiek,R Kavin,Abhishek Baljeetsingh Tanwar,1,1,0,run,0,,,1/0
1439777,2,1,2,R Kavin,S Abishiek,Abhishek Baljeetsingh Tanwar,0,0,0,no run,0,,,1/0
1439777,2,1,3,R Kavin,S Abishiek,Abhishek Baljeetsingh Tanwar,4,4,0,four,0,,,5/0
1439777,2,1,4,R Kavin,S Abishiek,Abhishek Baljeetsingh Tanwar,0,0,0,no run,0,,,5/0
1439777,2,1,5,R Kavin,S Abishiek,Abhishek Baljeetsingh Tanwar,1,1,0,run,0,,,6/0
1439777,2,1,6,S Abishiek,R Kavin,Abhishek Baljeetsingh Tanwar,0,0,0,no run,0,,,6/0
1439777,2,2,1,R Kavin,S Abishiek,Rahil S Shah,1,1,0,run,0,,,7/0
1439777,2,2,2,S Abishiek,R Kavin,Rahil S Shah,0,0,0,no run,0,,,7/0
1439777,2,2,3,S Abishiek,R Kavin,Rahil S Shah,1,1,0,run,0,,,8/0
1439777,2,2,4,R Kavin,S Abishiek,Rahil S Shah,1,1,0,run,0,,,9/0
1439777,2,2,5,S Abishiek,R Kavin,Rahil S Shah,4,4,0,four,0,,,13/0
1439777,2,2,6,S Abishiek,R Kavin,Rahil S Shah,0,0,0,no run,0,,,13/0
1439777,2,3,1,R Kavin,S Abishiek,Abhishek Baljeetsingh Tanwar,1,1,0,run,0,,,14/0
1439777,2,3,2,S Abishiek,R Kavin,Abhishek Baljeetsingh Tanwar,0,0,0,no run,0,,,14/0
1439777,2,3,3,S Abishiek,R Kavin,Abhishek Baljeetsingh Tanwar,1,0,1,wide,0,,,15/0
1439777,2,3,4,S Abishiek,R Kavin,Abhishek Baljeetsingh Tanwar,0,0,0,no run,0,,,15/0
1439777,2,3,5,S Abishiek,R Kavin,Abhishek Baljeetsingh Tanwar,0,0,0,no run,0,,,15/0
1439777,2,3,6,S Abishiek,R Kavin,Abhishek Baljeetsingh Tanwar,0,0,0,no run,0,,,15/0
1439777,2,3,7,S Abishiek,R Kavin,Abhishek Baljeetsingh Tanwar,0,0,0,no run,0,,,15/0
1439777,2,4,1,R Kavin,S Abishiek,M Silambarasan,1,1,0,run,0,,,16/0
1439777,2,4,2,S Abishiek,R Kavin,M Silambarasan,0,0,0,no run,0,,,16/0
1439777,2,4,3,S Abishiek,R Kavin,M Silambarasan,0,0,0,no run,0,,,16/0
1439777,2,4,4,S Abishiek,R Kavin,M Silambarasan,0,0,0,no run,0,,,16/0
1439777,2,4,5,S Abishiek,R Kavin,M Silambarasan,1,1,0,run,0,,,17/0
1439777,2,4,6,R Kavin,S Abishiek,M Silambarasan,0,0,0,no run,0,,,17/0
1439777,2,5,1,S Abishiek,R Kavin,Rahil S Shah,0,0,0,out,1,stumped,S Abishiek,17/1
1439777,2,5,2,Rajendran Vivek,R Kavin,Rahil S Shah,0,0,0,no run,0,,,17/1
1439777,2,5,3,Rajendran Vivek,R Kavin,Rahil S Shah,0,0,0,no run,0,,,17/1
1439777,2,5,4,Rajendran Vivek,R Kavin,Rahil S Shah,0,0,0,no run,0,,,17/1
1439777,2,5,5,Rajendran Vivek,R Kavin,Rahil S Shah,0,0,0,no run,0,,,17/1
1439777,2,5,6,Rajendran Vivek,R Kavin,Rahil S Shah,1,1,0,run,0,,,18/1
1439777,2,6,1,Rajendran Vivek,R Kavin,M Silambarasan,0,0,0,no run,0,,,18/1
1439777,2,6,2,Rajendran Vivek,R Kavin,M Silambarasan,0,0,0,no run,0,,,18/1
1439777,2,6,3,Rajendran Vivek,R Kavin,M Silambarasan,0,0,0,no run,0,,,18/1
1439777,2,6,4,Rajendran Vivek,R Kavin,M Silambarasan,0,0,0,out,1,stumped,Rajendran Vivek,18/2
1439777,2,6,5,Robin Bist,R Kavin,M Silambarasan,4,4,0,four,0,,,22/2
1439777,2,6,6,Robin Bist,R Kavin,M Silambarasan,0,0,0,no run,0,,,22/2
1439777,2,7,1,R Kavin,Robin Bist,Balu Surya,1,0,1,wide,0,,,23/2
1439777,2,7,2,R Kavin,Robin Bist,Balu Surya,1,0,1,wide,0,,,24/2
1439777,2,7,3,R Kavin,Robin Bist,Balu Surya,1,1,0,run,0,,,25/2
1439777,2,7,4,Robin Bist,R Kavin,Balu Surya,0,0,0,no run,0,,,25/2
1439777,2,7,5,Robin Bist,R Kavin,Balu Surya,0,0,0,no run,0,,,25/2
1439777,2,7,6,Robin Bist,R Kavin,Balu Surya,0,0,0,no run,0,,,25/2
1439777,2,7,7,Robin Bist,R Kavin,Balu Surya,1,1,0,run,0,,,26/2
1439777,2,7,8,R Kavin,Robin Bist,Balu Surya,0,0,0,no run,0,,,26/2
1439777,2,8,1,Robin Bist,R Kavin,Ganeshan Periyaswamy,0,0,0,no run,0,,,26/2
1439777,2,8,2,Robin Bist,R Kavin,Ganeshan Periyaswamy,1,1,0,run,0,,,27/2
1439777,2,8,3,R Kavin,Robin Bist,Ganeshan Periyaswamy,1,1,0,run,0,,,28/2
1439777,2,8,4,Robin Bist,R Kavin,Ganeshan Periyaswamy,1,1,0,run,0,,,29/2
1439777,2,8,5,R Kavin,Robin Bist,Ganeshan Periyaswamy,0,0,0,no run,0,,,29/2
1439777,2,8,6,R Kavin,Robin Bist,Ganeshan Periyaswamy,0,0,0,no run,0,,,29/2
1439777,2,9,1,Robin Bist,R Kavin,Balu Surya,1,1,0,run,0,,,30/2
1439777,2,9,2,R Kavin,Robin Bist,Balu Surya,1,1,0,run,0,,,31/2
1439777,2,9,3,Robin Bist,R Kavin,Balu Surya,2,2,0,run,0,,,33/2
1439777,2,9,4,Robin Bist,R Kavin,Balu Surya,0,0,0,no run,0,,,33/2
1439777,2,9,5,Robin Bist,R Kavin,Balu Surya,1,1,0,run,0,,,34/2
1439777,2,9,6,R Kavin,Robin Bist,Balu Surya,0,0,0,no run,0,,,34/2
1439777,2,10,1,Robin Bist,R Kavin,Ganeshan Periyaswamy,1,1,0,run,0,,,35/2
1439777,2,10,2,R Kavin,Robin Bist,Ganeshan Periyaswamy,1,0,1,wide,0,,,36/2
1439777,2,10,3,R Kavin,Robin Bist,Ganeshan Periyaswamy,1,0,1,wide,0,,,37/2
1439777,2,10,4,R Kavin,Robin Bist,Ganeshan Periyaswamy,1,0,1,wide,0,,,38/2
1439777,2,10,5,R Kavin,Robin Bist,Ganeshan Periyaswamy,0,0,0,no run,0,,,38/2
1439777,2,10,6,R Kavin,Robin Bist,Ganeshan Periyaswamy,1,1,0,run,0,,,39/2
1439777,2,10,7,Robin Bist,R Kavin,Ganeshan Periyaswamy,1,1,0,run,0,,,40/2
1439777,2,10,8,R Kavin,Robin Bist,Ganeshan Periyaswamy,1,0,1,wide,0,,,41/2
1439777,2,10,9,R Kavin,Robin Bist,Ganeshan Periyaswamy,1,1,0,run,0,,,42/2
1439777,2,10,10,Robin Bist,R Kavin,Ganeshan Periyaswamy,0,0,0,no run,0,,,42/2
1439777,2,11,1,R Kavin,Robin Bist,Rahil S Shah,1,1,0,run,0,,,43/2
1439777,2,11,2,Robin Bist,R Kavin,Rahil S Shah,1,1,0,run,0,,,44/2
1439777,2,11,3,R Kavin,Robin Bist,Rahil S Shah,0,0,0,no run,0,,,44/2
1439777,2,11,4,R Kavin,Robin Bist,Rahil S Shah,0,0,0,out,1,bowled,R Kavin,44/3
1439777,2,11,5,Muhammed Adnan Khan,Robin Bist,Rahil S Shah,0,0,0,no run,0,,,44/3
1439777,2,11,6,Muhammed Adnan Khan,Robin Bist,Rahil S Shah,1,1,0,run,0,,,45/3
1439777,2,12,1,Muhammed Adnan Khan,Robin Bist,M Silambarasan,0,0,0,no run,0,,,45/3
1439777,2,12,2,Muhammed Adnan Khan,Robin Bist,M Silambarasan,1,1,0,run,0,,,46/3
1439777,2,12,3,Robin Bist,Muhammed Adnan Khan,M Silambarasan,1,1,0,run,0,,,47/3
1439777,2,12,4,Muhammed Adnan Khan,Robin Bist,M Silambarasan,1,1,0,run,0,,,48/3
1439777,2,12,5,Robin Bist,Muhammed Adnan Khan,M Silambarasan,0,0,0,no run,0,,,48/3
1439777,2,12,6,Robin Bist,Muhammed Adnan Khan,M Silambarasan,0,0,0,no run,0,,,48/3
1439777,2,13,1,Muhammed Adnan Khan,Robin Bist,Balu Surya,6,6,0,six,0,,,54/3
1439777,2,13,2,Muhammed Adnan Khan,Robin Bist,Balu Surya,4,4,0,four,0,,,58/3
1439777,2,13,3,Muhammed Adnan Khan,Robin Bist,Balu Surya,0,0,0,no run,0,,,58/3
1439777,2,13,4,Muhammed Adnan Khan,Robin Bist,Balu Surya,6,6,0,six,0,,,64/3
1439777,2,13,5,Muhammed Adnan Khan,Robin Bist,Balu Surya,6,6,0,six,0,,,70/3
1439777,2,13,6,Muhammed Adnan Khan,Robin Bist,Balu Surya,1,1,0,run,0,,,71/3
1439777,2,14,1,Muhammed Adnan Khan,Robin Bist,Antony Chandrasekaran Aswin Crist,1,0,1,wide,0,,,72/3
1439777,2,14,2,Muhammed Adnan Khan,Robin Bist,Antony Chandrasekaran Aswin Crist,1,1,0,run,0,,,73/3
1439777,2,14,3,Robin Bist,Muhammed Adnan Khan,Antony Chandrasekaran Aswin Crist,1,1,0,run,0,,,74/3
1439777,2,14,4,Muhammed Adnan Khan,Robin Bist,Antony Chandrasekaran Aswin Crist,1,1,0,run,0,,,75/3
1439777,2,14,5,Robin Bist,Muhammed Adnan Khan,Antony Chandrasekaran Aswin Crist,4,4,0,four,0,,,79/3
1439777,2,14,6,Robin Bist,Muhammed Adnan Khan,Antony Chandrasekaran Aswin Crist,1,1,0,run,0,,,80/3
1439777,2,14,7,Muhammed Adnan Khan,Robin Bist,Antony Chandrasekaran Aswin Crist,1,1,0,run,0,,,81/3
1439777,2,15,1,Muhammed Adnan Khan,Robin Bist,M Silambarasan,0,0,0,no run,0,,,81/3
1439777,2,15,2,Muhammed Adnan Khan,Robin Bist,M Silambarasan,0,0,0,no run,0,,,81/3
1439777,2,15,3,Muhammed Adnan Khan,Robin Bist,M Silambarasan,0,0,0,no run,0,,,81/3
1439777,2,15,4,Muhammed Adnan Khan,Robin Bist,M Silambarasan,0,0,0,no run,0,,,81/3
1439777,2,15,5,Muhammed Adnan Khan,Robin Bist,M Silambarasan,0,0,0,no run,0,,,81/3
1439777,2,15,6,Muhammed Adnan Khan,Robin Bist,M Silambarasan,1,1,0,run,0,,,82/3
1439777,2,16,1,Muhammed Adnan Khan,Robin Bist,Ganeshan Periyaswamy,1,1,0,run,0,,,83/3
1439777,2,16,2,Robin Bist,Muhammed Adnan Khan,Ganeshan Periyaswamy,0,0,0,no run,0,,,83/3
1439777,2,16,3,Robin Bist,Muhammed Adnan Khan,Ganeshan Periyaswamy,0,0,0,no run,0,,,83/3
1439777,2,16,4,Robin Bist,Muhammed Adnan Khan,Ganeshan Periyaswamy,2,2,0,run,0,,,85/3
1439777,2,16,5,Robin Bist,Muhammed Adnan Khan,Ganeshan Periyaswamy,6,6,0,six,0,,,91/3
1439777,2,16,6,Robin Bist,Muhammed Adnan Khan,Ganeshan Periyaswamy,4,4,0,four,0,,,95/3
1439777,2,17,1,Muhammed Adnan Khan,Robin Bist,Rahil S Shah,0,0,0,out,1,bowled,Muhammed Adnan Khan,95/4
1439777,2,17,2,S Harish Kumar,Robin Bist,Rahil S Shah,0,0,0,no run,0,,,95/4
1439777,2,17,3,S Harish Kumar,Robin Bist,Rahil S Shah,0,0,0,no run,0,,,95/4
1439777,2,17,4,S Harish Kumar,Robin Bist,Rahil S Shah,1,1,0,run,0,,,96/4
1439777,2,17,5,Robin Bist,S Harish Kumar,Rahil S Shah,1,1,0,run,0,,,97/4
1439777,2,17,6,S Harish Kumar,Robin Bist,Rahil S Shah,1,0,1,leg bye,0,,,98/4
1439777,2,18,1,S Harish Kumar,Robin Bist,Abhishek Baljeetsingh Tanwar,1,1,0,run,0,,,99/4
1439777,2,18,2,Robin Bist,S Harish Kumar,Abhishek Baljeetsingh Tanwar,1,1,0,run,0,,,100/4
1439777,2,18,3,S Harish Kumar,Robin Bist,Abhishek Baljeetsingh Tanwar,1,1,0,run,0,,,101/4
1439777,2,18,4,Robin Bist,S Harish Kumar,Abhishek Baljeetsingh Tanwar,1,1,0,run,0,,,102/4
1439777,2,18,5,S Harish Kumar,Robin Bist,Abhishek Baljeetsingh Tanwar,4,4,0,four,0,,,106/4
1439777,2,18,6,S Harish Kumar,Robin Bist,Abhishek Baljeetsingh Tanwar,6,6,0,six,0,,,112/4
1439777,2,19,1,Robin Bist,S Harish Kumar,Ganeshan Periyaswamy,0,0,0,out,1,caught,Robin Bist,112/5
1439777,2,19,2,Sunny Sandhu,S Harish Kumar,Ganeshan Periyaswamy,0,0,0,no run,0,,,112/5
1439777,2,19,3,Sunny Sandhu,S Harish Kumar,Ganeshan Periyaswamy,0,0,0,no run,0,,,112/5
1439777,2,19,4,Sunny Sandhu,S Harish Kumar,Ganeshan Periyaswamy,0,0,0,no run,0,,,112/5
1439777,2,19,5,Sunny Sandhu,S Harish Kumar,Ganeshan Periyaswamy,0,0,0,no run,0,,,112/5
1439777,2,19,6,Sunny Sandhu,S Harish Kumar,Ganeshan Periyaswamy,1,0,1,bye,0,,,113/5
1439777,2,20,1,S Harish Kumar,Sunny Sandhu,Abhishek Baljeetsingh Tanwar,6,6,0,six,0,,,119/5
1439777,2,20,2,S Harish Kumar,Sunny Sandhu,Abhishek Baljeetsingh Tanwar,6,6,0,six,0,,,125/5
1439777,2,20,3,S Harish Kumar,Sunny Sandhu,Abhishek Baljeetsingh Tanwar,6,6,0,six,0,,,131/5
1439777,2,20,4,S Harish Kumar,Sunny Sandhu,Abhishek Baljeetsingh Tanwar,0,0,0,no run,0,,,131/5
1439777,2,20,5,S Harish Kumar,Sunny Sandhu,Abhishek Baljeetsingh Tanwar,0,0,0,no run,0,,,131/5
1439777,2,20,6,S Harish Kumar,Sunny Sandhu,Abhishek Baljeetsingh Tanwar,2,2,0,run,0,,,133/5
1439778,1,1,1,Konda Bhaskir Arun Karthik,RS Mokit Hariharan,P Saravana Kumar,1,0,1,wide,0,,,1/0
1439778,1,1,2,Konda Bhaskir Arun Karthik,RS Mokit Hariharan,P Saravana Kumar,1,0,1,wide,0,,,2/0
1439778,1,1,3,Konda Bhaskir Arun Karthik,RS Mokit Hariharan,P Saravana Kumar,1,1,0,run,0,,,3/0
1439778,1,1,4,RS Mokit Hariharan,Konda Bhaskir Arun Karthik,P Saravana Kumar,1,0,1,wide,0,,,4/0
1439778,1,1,5,RS Mokit Hariharan,Konda Bhaskir Arun Karthik,P Saravana Kumar,1,0,1,wide,0,,,5/0
1439778,1,1,6,RS Mokit Hariharan,Konda Bhaskir Arun Karthik,P Saravana Kumar,1,1,0,run,0,,,6/0
1439778,1,1,7,Konda Bhaskir Arun Karthik,RS Mokit Hariharan,P Saravana Kumar,0,0,0,no run,0,,,6/0
1439778,1,1,8,Konda Bhaskir Arun Karthik,RS Mokit Hariharan,P Saravana Kumar,0,0,0,no run,0,,,6/0
1439778,1,1,9,Konda Bhaskir Arun Karthik,RS Mokit Hariharan,P Saravana Kumar,1,1,0,run,0,,,7/0
1439778,1,1,10,RS Mokit Hariharan,Konda Bhaskir Arun Karthik,P Saravana Kumar,1,0,1,wide,0,,,8/0
1439778,1,1,11,RS Mokit Hariharan,Konda Bhaskir Arun Karthik,P Saravana Kumar,1,0,1,leg bye,0,,,9/0
1439778,1,2,1,RS Mokit Hariharan,Konda Bhaskir Arun Karthik,V Athisayaraj Davidson,0,0,0,no run,0,,,9/0
1439778,1,2,2,RS Mokit Hariharan,Konda Bhaskir Arun Karthik,V Athisayaraj Davidson,0,0,0,out,1,leg before wicket,RS Mokit Hariharan,9/1
1439778,1,2,3,Guruswamy Ajitesh,Konda Bhaskir Arun Karthik,V Athisayaraj Davidson,0,0,0,no run,0,,,9/1
1439778,1,2,4,Guruswamy Ajitesh,Konda Bhaskir Arun Karthik,V Athisayaraj Davidson,4,4,0,four,0,,,13/1
1439778,1,2,5,Guruswamy Ajitesh,Konda Bhaskir Arun Karthik,V Athisayaraj Davidson,1,1,0,run,0,,,14/1
1439778,1,2,6,Konda Bhaskir Arun Karthik,Guruswamy Ajitesh,V Athisayaraj Davidson,0,0,0,no run,0,,,14/1
1439778,1,3,1,Guruswamy Ajitesh,Konda Bhaskir Arun Karthik,P Saravana Kumar,0,0,0,no run,0,,,14/1
1439778,1,3,2,Guruswamy Ajitesh,Konda Bhaskir Arun Karthik,P Saravana Kumar,1,0,1,wide,0,,,15/1
1439778,1,3,3,Guruswamy Ajitesh,Konda Bhaskir Arun Karthik,P Saravana Kumar,1,0,1,wide,0,,,16/1
1439778,1,3,4,Guruswamy Ajitesh,Konda Bhaskir Arun Karthik,P Saravana Kumar,0,0,0,out,1,bowled,Guruswamy Ajitesh,16/2
1439778,1,3,5,Nidhish S Rajagopal,Konda Bhaskir Arun Karthik,P Saravana Kumar,1,0,1,wide,0,,,17/2
1439778,1,3,6,Nidhish S Rajagopal,Konda Bhaskir Arun Karthik,P Saravana Kumar,0,0,0,no run,0,,,17/2
1439778,1,3,7,Nidhish S Rajagopal,Konda Bhaskir Arun Karthik,P Saravana Kumar,0,0,0,no run,0,,,17/2
1439778,1,3,8,Nidhish S Rajagopal,Konda Bhaskir Arun Karthik,P Saravana Kumar,0,0,0,no run,0,,,17/2
1439778,1,3,9,Nidhish S Rajagopal,Konda Bhaskir Arun Karthik,P Saravana Kumar,0,0,0,no run,0,,,17/2
1439778,1,4,1,Konda Bhaskir Arun Karthik,Nidhish S Rajagopal,V Athisayaraj Davidson,0,0,0,no run,0,,,17/2
1439778,1,4,2,Konda Bhaskir Arun Karthik,Nidhish S Rajagopal,V Athisayaraj Davidson,1,1,0,run,0,,,18/2
1439778,1,4,3,Nidhish S Rajagopal,Konda Bhaskir Arun Karthik,V Athisayaraj Davidson,1,1,0,run,0,,,19/2
1439778,1,4,4,Konda Bhaskir Arun Karthik,Nidhish S Rajagopal,V Athisayaraj Davidson,4,4,0,four,0,,,23/2
1439778,1,4,5,Konda Bhaskir Arun Karthik,Nidhish S Rajagopal,V Athisayaraj Davidson,1,1,0,run,0,,,24/2
1439778,1,4,6,Nidhish S Rajagopal,Konda Bhaskir Arun Karthik,V Athisayaraj Davidson,0,0,0,no run,0,,,24/2
1439778,1,5,1,Konda Bhaskir Arun Karthik,Nidhish S Rajagopal,P Saravana Kumar,1,1,0,run,0,,,25/2
1439778,1,5,2,Nidhish S Rajagopal,Konda Bhaskir Arun Karthik,P Saravana Kumar,1,1,0,run,0,,,26/2
1439778,1,5,3,Konda Bhaskir Arun Karthik,Nidhish S Rajagopal,P Saravana Kumar,1,1,0,run,0,,,27/2
1439778,1,5,4,Nidhish S Rajagopal,Konda Bhaskir Arun Karthik,P Saravana Kumar,5,5,0,run,0,,,32/2
1439778,1,5,5,Konda Bhaskir Arun Karthik,Nidhish S Rajagopal,P Saravana Kumar,2,2,0,run,0,,,34/2
1439778,1,5,6,Konda Bhaskir Arun Karthik,Nidhish S Rajagopal,P Saravana Kumar,4,4,0,four,0,,,38/2
1439778,1,6,1,Nidhish S Rajagopal,Konda Bhaskir Arun Karthik,Ramsingh  Sanjay Yadav,6,6,0,six,0,,,44/2
1439778,1,6,2,Nidhish S Rajagopal,Konda Bhaskir Arun Karthik,Ramsingh  Sanjay Yadav,1,0,1,wide,0,,,45/2
1439778,1,6,3,Nidhish S Rajagopal,Konda Bhaskir Arun Karthik,Ramsingh  Sanjay Yadav,0,0,0,no run,0,,,45/2
1439778,1,6,4,Nidhish S Rajagopal,Konda Bhaskir Arun Karthik,Ramsingh  Sanjay Yadav,1,1,0,run,0,,,46/2
1439778,1,6,5,Konda Bhaskir Arun Karthik,Nidhish S Rajagopal,Ramsingh  Sanjay Yadav,0,0,0,no run,0,,,46/2
1439778,1,6,6,Konda Bhaskir Arun Karthik,Nidhish S Rajagopal,Ramsingh  Sanjay Yadav,4,4,0,four,0,,,50/2
1439778,1,6,7,Konda Bhaskir Arun Karthik,Nidhish S Rajagopal,Ramsingh  Sanjay Yadav,1,1,0,run,0,,,51/2
1439778,1,7,1,Konda Bhaskir Arun Karthik,Nidhish S Rajagopal,Wenseslaus Antony Dhas,1,1,0,run,0,,,52/2
1439778,1,7,2,Nidhish S Rajagopal,Konda Bhaskir Arun Karthik,Wenseslaus Antony Dhas,1,1,0,run,0,,,53/2
1439778,1,7,3,Konda Bhaskir Arun Karthik,Nidhish S Rajagopal,Wenseslaus Antony Dhas,1,1,0,run,0,,,54/2
1439778,1,7,4,Nidhish S Rajagopal,Konda Bhaskir Arun Karthik,Wenseslaus Antony Dhas,0,0,0,out,1,caught,Nidhish S Rajagopal,54/3
1439778,1,7,5,S Rithik Easwaran,Konda Bhaskir Arun Karthik,Wenseslaus Antony Dhas,0,0,0,no run,0,,,54/3
1439778,1,7,6,S Rithik Easwaran,Konda Bhaskir Arun Karthik,Wenseslaus Antony Dhas,1,1,0,run,0,,,55/3
1439778,1,8,1,S Rithik Easwaran,Konda Bhaskir Arun Karthik,G Godson,0,0,0,no run,0,,,55/3
1439778,1,8,2,S Rithik Easwaran,Konda Bhaskir Arun Karthik,G Godson,1,1,0,run,0,,,56/3
1439778,1,8,3,Konda Bhaskir Arun Karthik,S Rithik Easwaran,G Godson,4,4,0,four,0,,,60/3
1439778,1,8,4,Konda Bhaskir Arun Karthik,S Rithik Easwaran,G Godson,1,1,0,run,0,,,61/3
1439778,1,8,5,S Rithik Easwaran,Konda Bhaskir Arun Karthik,G Godson,6,6,0,six,0,,,67/3
1439778,1,8,6,S Rithik Easwaran,Konda Bhaskir Arun Karthik,G Godson,1,1,0,run,0,,,68/3
1439778,1,9,1,S Rithik Easwaran,Konda Bhaskir Arun Karthik,Wenseslaus Antony Dhas,4,4,0,four,0,,,72/3
1439778,1,9,2,S Rithik Easwaran,Konda Bhaskir Arun Karthik,Wenseslaus Antony Dhas,1,1,0,run,0,,,73/3
1439778,1,9,3,Konda Bhaskir Arun Karthik,S Rithik Easwaran,Wenseslaus Antony Dhas,0,0,0,no run,0,,,73/3
1439778,1,9,4,Konda Bhaskir Arun Karthik,S Rithik Easwaran,Wenseslaus Antony Dhas,1,1,0,run,0,,,74/3
1439778,1,9,5,S Rithik Easwaran,Konda Bhaskir Arun Karthik,Wenseslaus Antony Dhas,1,1,0,run,0,,,75/3
1439778,1,9,6,Konda Bhaskir Arun Karthik,S Rithik Easwaran,Wenseslaus Antony Dhas,2,2,0,run,0,,,77/3
1439778,1,10,1,S Rithik Easwaran,Konda Bhaskir Arun Karthik,G Godson,0,0,0,no run,0,,,77/3
1439778,1,10,2,S Rithik Easwaran,Konda Bhaskir Arun Karthik,G Godson,2,2,0,run,0,,,79/3
1439778,1,10,3,S Rithik Easwaran,Konda Bhaskir Arun Karthik,G Godson,1,1,0,run,0,,,80/3
1439778,1,10,4,Konda Bhaskir Arun Karthik,S Rithik Easwaran,G Godson,1,1,0,run,0,,,81/3
1439778,1,10,5,S Rithik Easwaran,Konda Bhaskir Arun Karthik,G Godson,1,1,0,run,0,,,82/3
1439778,1,10,6,Konda Bhaskir Arun Karthik,S Rithik Easwaran,G Godson,1,1,0,run,0,,,83/3
1439778,1,11,1,Konda Bhaskir Arun Karthik,S Rithik Easwaran,Ramsingh  Sanjay Yadav,0,0,0,no run,0,,,83/3
1439778,1,11,2,Konda Bhaskir Arun Karthik,S Rithik Easwaran,Ramsingh  Sanjay Yadav,1,1,0,run,0,,,84/3
1439778,1,11,3,S Rithik Easwaran,Konda Bhaskir Arun Karthik,Ramsingh  Sanjay Yadav,2,2,0,run,0,,,86/3
1439778,1,11,4,S Rithik Easwaran,Konda Bhaskir Arun Karthik,Ramsingh  Sanjay Yadav,1,1,0,run,0,,,87/3
1439778,1,11,5,Konda Bhaskir Arun Karthik,S Rithik Easwaran,Ramsingh  Sanjay Yadav,1,1,0,run,0,,,88/3
1439778,1,11,6,S Rithik Easwaran,Konda Bhaskir Arun Karthik,Ramsingh  Sanjay Yadav,1,1,0,run,0,,,89/3
1439778,1,12,1,S Rithik Easwaran,Konda Bhaskir Arun Karthik,G Godson,1,1,0,run,0,,,90/3
1439778,1,12,2,Konda Bhaskir Arun Karthik,S Rithik Easwaran,G Godson,4,4,0,four,0,,,94/3
1439778,1,12,3,Konda Bhaskir Arun Karthik,S Rithik Easwaran,G Godson,1,1,0,run,0,,,95/3
1439778,1,12,4,S Rithik Easwaran,Konda Bhaskir Arun Karthik,G Godson,0,0,0,no run,0,,,95/3
1439778,1,12,5,S Rithik Easwaran,Konda Bhaskir Arun Karthik,G Godson,2,2,0,run,0,,,97/3
1439778,1,12,6,S Rithik Easwaran,Konda Bhaskir Arun Karthik,G Godson,1,1,0,run,0,,,98/3
1439778,1,13,1,S Rithik Easwaran,Konda Bhaskir Arun Karthik,Ramsingh  Sanjay Yadav,1,1,0,run,0,,,99/3
1439778,1,13,2,Konda Bhaskir Arun Karthik,S Rithik Easwaran,Ramsingh  Sanjay Yadav,1,1,0,run,0,,,100/3
1439778,1,13,3,S Rithik Easwaran,Konda Bhaskir Arun Karthik,Ramsingh  Sanjay Yadav,1,1,0,run,0,,,101/3
1439778,1,13,4,Konda Bhaskir Arun Karthik,S Rithik Easwaran,Ramsingh  Sanjay Yadav,1,1,0,run,0,,,102/3
1439778,1,13,5,S Rithik Easwaran,Konda Bhaskir Arun Karthik,Ramsingh  Sanjay Yadav,0,0,0,out,1,caught,S Rithik Easwaran,102/4
1439778,1,13,6,Ramsingh Sonu Yadav,Konda Bhaskir Arun Karthik,Ramsingh  Sanjay Yadav,0,0,0,no run,0,,,102/4
1439778,1,14,1,Konda Bhaskir Arun Karthik,Ramsingh Sonu Yadav,R Rajkumar,1,1,0,run,0,,,103/4
1439778,1,14,2,Ramsingh Sonu Yadav,Konda Bhaskir Arun Karthik,R Rajkumar,1,1,0,run,0,,,104/4
1439778,1,14,3,Konda Bhaskir Arun Karthik,Ramsingh Sonu Yadav,R Rajkumar,1,1,0,run,0,,,105/4
1439778,1,14,4,Ramsingh Sonu Yadav,Konda Bhaskir Arun Karthik,R Rajkumar,1,1,0,run,0,,,106/4
1439778,1,14,5,Konda Bhaskir Arun Karthik,Ramsingh Sonu Yadav,R Rajkumar,0,0,0,no run,0,,,106/4
1439778,1,14,6,Konda Bhaskir Arun Karthik,Ramsingh Sonu Yadav,R Rajkumar,1,1,0,run,0,,,107/4
1439778,1,15,1,Konda Bhaskir Arun Karthik,Ramsingh Sonu Yadav,Ramsingh  Sanjay Yadav,2,2,0,run,0,,,109/4
1439778,1,15,2,Konda Bhaskir Arun Karthik,Ramsingh Sonu Yadav,Ramsingh  Sanjay Yadav,0,0,0,no run,0,,,109/4
1439778,1,15,3,Konda Bhaskir Arun Karthik,Ramsingh Sonu Yadav,Ramsingh  Sanjay Yadav,1,1,0,run,0,,,110/4
1439778,1,15,4,Ramsingh Sonu Yadav,Konda Bhaskir Arun Karthik,Ramsingh  Sanjay Yadav,6,6,0,six,0,,,116/4
1439778,1,15,5,Ramsingh Sonu Yadav,Konda Bhaskir Arun Karthik,Ramsingh  Sanjay Yadav,1,1,0,run,0,,,117/4
1439778,1,15,6,Konda Bhaskir Arun Karthik,Ramsingh Sonu Yadav,Ramsingh  Sanjay Yadav,1,1,0,run,0,,,118/4
1439778,1,16,1,Konda Bhaskir Arun Karthik,Ramsingh Sonu Yadav,R Rajkumar,1,1,0,run,0,,,119/4
1439778,1,16,2,Ramsingh Sonu Yadav,Konda Bhaskir Arun Karthik,R Rajkumar,1,1,0,run,0,,,120/4
1439778,1,16,3,Konda Bhaskir Arun Karthik,Ramsingh Sonu Yadav,R Rajkumar,4,4,0,four,0,,,124/4
1439778,1,16,4,Konda Bhaskir Arun Karthik,Ramsingh Sonu Yadav,R Rajkumar,6,6,0,six,0,,,130/4
1439778,1,16,5,Konda Bhaskir Arun Karthik,Ramsingh Sonu Yadav,R Rajkumar,1,1,0,run,0,,,131/4
1439778,1,16,6,Ramsingh Sonu Yadav,Konda Bhaskir Arun Karthik,R Rajkumar,1,1,0,run,0,,,132/4
1439778,1,17,1,Ramsingh Sonu Yadav,Konda Bhaskir Arun Karthik,Wenseslaus Antony Dhas,6,6,0,six,0,,,138/4
1439778,1,17,2,Ramsingh Sonu Yadav,Konda Bhaskir Arun Karthik,Wenseslaus Antony Dhas,0,0,0,out,1,caught,Ramsingh Sonu Yadav,138/5
1439778,1,17,3,NS Harish,Konda Bhaskir Arun Karthik,Wenseslaus Antony Dhas,0,0,0,no run,0,,,138/5
1439778,1,17,4,NS Harish,Konda Bhaskir Arun Karthik,Wenseslaus Antony Dhas,1,1,0,run,0,,,139/5
1439778,1,17,5,Konda Bhaskir Arun Karthik,NS Harish,Wenseslaus Antony Dhas,4,4,0,four,0,,,143/5
1439778,1,17,6,Konda Bhaskir Arun Karthik,NS Harish,Wenseslaus Antony Dhas,4,4,0,four,0,,,147/5
1439778,1,18,1,NS Harish,Konda Bhaskir Arun Karthik,V Athisayaraj Davidson,1,0,1,no ball,0,,,148/5
1439778,1,18,2,NS Harish,Konda Bhaskir Arun Karthik,V Athisayaraj Davidson,1,1,0,run,0,,,149/5
1439778,1,18,3,Konda Bhaskir Arun Karthik,NS Harish,V Athisayaraj Davidson,1,1,0,run,0,,,150/5
1439778,1,18,4,NS Harish,Konda Bhaskir Arun Karthik,V Athisayaraj Davidson,1,1,0,run,0,,,151/5
1439778,1,18,5,Konda Bhaskir Arun Karthik,NS Harish,V Athisayaraj Davidson,6,6,0,six,0,,,157/5
1439778,1,18,6,Konda Bhaskir Arun Karthik,NS Harish,V Athisayaraj Davidson,4,4,0,four,0,,,161/5
1439778,1,18,7,Konda Bhaskir Arun Karthik,NS Harish,V Athisayaraj Davidson,4,4,0,four,0,,,165/5
1439778,1,19,1,NS Harish,Konda Bhaskir Arun Karthik,P Saravana Kumar,0,0,0,out,1,caught,NS Harish,165/6
1439778,1,19,2,Laxmesha Suryaprakash,Konda Bhaskir Arun Karthik,P Saravana Kumar,1,1,0,run,0,,,166/6
1439778,1,19,3,Konda Bhaskir Arun Karthik,Laxmesha Suryaprakash,P Saravana Kumar,0,0,0,out,1,caught,Konda Bhaskir Arun Karthik,166/7
1439778,1,19,4,Ragupathy Silambarasan,Laxmesha Suryaprakash,P Saravana Kumar,4,4,0,four,0,,,170/7
1439778,1,19,5,Ragupathy Silambarasan,Laxmesha Suryaprakash,P Saravana Kumar,0,0,0,no run,0,,,170/7
1439778,1,19,6,Ragupathy Silambarasan,Laxmesha Suryaprakash,P Saravana Kumar,0,0,0,out,1,caught,Ragupathy Silambarasan,170/8
1439778,1,20,1,Laxmesha Suryaprakash,S Mohan Prasath,V Athisayaraj Davidson,0,0,0,no run,0,,,170/8
1439778,1,20,2,Laxmesha Suryaprakash,S Mohan Prasath,V Athisayaraj Davidson,0,0,0,out,1,caught,Laxmesha Suryaprakash,170/9
1439778,1,20,3,S Lakshay Jain,S Mohan Prasath,V Athisayaraj Davidson,1,1,0,run,0,,,171/9
1439778,1,20,4,S Mohan Prasath,S Lakshay Jain,V Athisayaraj Davidson,4,4,0,four,0,,,175/9
1439778,1,20,5,S Mohan Prasath,S Lakshay Jain,V Athisayaraj Davidson,1,1,0,run,0,,,176/9
1439778,1,20,6,S Lakshay Jain,S Mohan Prasath,V Athisayaraj Davidson,1,1,0,run,0,,,177/9
1439778,2,1,1,Waseem Ahmed,K Rajkumar,Emmanuel Cherian,2,0,2,wide,0,,,2/0
1439778,2,1,2,K Rajkumar,Waseem Ahmed,Emmanuel Cherian,0,0,0,no run,0,,,2/0
1439778,2,1,3,K Rajkumar,Waseem Ahmed,Emmanuel Cherian,4,4,0,four,0,,,6/0
1439778,2,1,4,K Rajkumar,Waseem Ahmed,Emmanuel Cherian,1,1,0,run,0,,,7/0
1439778,2,1,5,Waseem Ahmed,K Rajkumar,Emmanuel Cherian,1,1,0,run,0,,,8/0
1439778,2,1,6,K Rajkumar,Waseem Ahmed,Emmanuel Cherian,0,0,0,no run,0,,,8/0
1439778,2,1,7,K Rajkumar,Waseem Ahmed,Emmanuel Cherian,0,0,0,no run,0,,,8/0
1439778,2,2,1,Waseem Ahmed,K Rajkumar,Ragupathy Silambarasan,2,2,0,run,0,,,10/0
1439778,2,2,2,Waseem Ahmed,K Rajkumar,Ragupathy Silambarasan,4,4,0,four,0,,,14/0
1439778,2,2,3,Waseem Ahmed,K Rajkumar,Ragupathy Silambarasan,0,0,0,no run,0,,,14/0
1439778,2,2,4,Waseem Ahmed,K Rajkumar,Ragupathy Silambarasan,1,1,0,run,0,,,15/0
1439778,2,2,5,K Rajkumar,Waseem Ahmed,Ragupathy Silambarasan,4,4,0,four,0,,,19/0
1439778,2,2,6,K Rajkumar,Waseem Ahmed,Ragupathy Silambarasan,6,6,0,six,0,,,25/0
1439778,2,3,1,Waseem Ahmed,K Rajkumar,Emmanuel Cherian,1,1,0,run,0,,,26/0
1439778,2,3,2,K Rajkumar,Waseem Ahmed,Emmanuel Cherian,0,0,0,no run,0,,,26/0
1439778,2,3,3,K Rajkumar,Waseem Ahmed,Emmanuel Cherian,0,0,0,no run,0,,,26/0
1439778,2,3,4,K Rajkumar,Waseem Ahmed,Emmanuel Cherian,0,0,0,no run,0,,,26/0
1439778,2,3,5,K Rajkumar,Waseem Ahmed,Emmanuel Cherian,1,1,0,run,0,,,27/0
1439778,2,3,6,Waseem Ahmed,K Rajkumar,Emmanuel Cherian,4,4,0,four,0,,,31/0
1439778,2,4,1,K Rajkumar,Waseem Ahmed,Ramsingh Sonu Yadav,0,0,0,no run,0,,,31/0
1439778,2,4,2,K Rajkumar,Waseem Ahmed,Ramsingh Sonu Yadav,6,6,0,six,0,,,37/0
1439778,2,4,3,K Rajkumar,Waseem Ahmed,Ramsingh Sonu Yadav,0,0,0,no run,0,,,37/0
1439778,2,4,4,K Rajkumar,Waseem Ahmed,Ramsingh Sonu Yadav,0,0,0,no run,0,,,37/0
1439778,2,4,5,K Rajkumar,Waseem Ahmed,Ramsingh Sonu Yadav,0,0,0,out,1,run out,K Rajkumar,37/1
1439778,2,4,6,Waseem Ahmed,Arjun P Murthy,Ramsingh Sonu Yadav,0,0,0,no run,0,,,37/1
1439778,2,5,1,Arjun P Murthy,Waseem Ahmed,Emmanuel Cherian,1,1,0,run,0,,,38/1
1439778,2,5,2,Waseem Ahmed,Arjun P Murthy,Emmanuel Cherian,1,1,0,run,0,,,39/1
1439778,2,5,3,Arjun P Murthy,Waseem Ahmed,Emmanuel Cherian,0,0,0,out,1,caught,Arjun P Murthy,39/2
1439778,2,5,4,S Shyam Sundar,Waseem Ahmed,Emmanuel Cherian,0,0,0,no run,0,,,39/2
1439778,2,5,5,S Shyam Sundar,Waseem Ahmed,Emmanuel Cherian,0,0,0,no run,0,,,39/2
1439778,2,5,6,S Shyam Sundar,Waseem Ahmed,Emmanuel Cherian,0,0,0,no run,0,,,39/2
1439778,2,6,1,Waseem Ahmed,S Shyam Sundar,S Lakshay Jain,4,4,0,four,0,,,43/2
1439778,2,6,2,Waseem Ahmed,S Shyam Sundar,S Lakshay Jain,2,2,0,run,0,,,45/2
1439778,2,6,3,Waseem Ahmed,S Shyam Sundar,S Lakshay Jain,1,1,0,run,0,,,46/2
1439778,2,6,4,S Shyam Sundar,Waseem Ahmed,S Lakshay Jain,1,1,0,run,0,,,47/2
1439778,2,6,5,Waseem Ahmed,S Shyam Sundar,S Lakshay Jain,1,1,0,run,0,,,48/2
1439778,2,6,6,S Shyam Sundar,Waseem Ahmed,S Lakshay Jain,0,0,0,no run,0,,,48/2
1439778,2,7,1,Waseem Ahmed,S Shyam Sundar,S Mohan Prasath,4,4,0,four,0,,,52/2
1439778,2,7,2,Waseem Ahmed,S Shyam Sundar,S Mohan Prasath,1,1,0,run,0,,,53/2
1439778,2,7,3,S Shyam Sundar,Waseem Ahmed,S Mohan Prasath,1,1,0,run,0,,,54/2
1439778,2,7,4,Waseem Ahmed,S Shyam Sundar,S Mohan Prasath,0,0,0,no run,0,,,54/2
1439778,2,7,5,Waseem Ahmed,S Shyam Sundar,S Mohan Prasath,0,0,0,out,1,caught,Waseem Ahmed,54/3
1439778,2,7,6,Jafar Jamal,S Shyam Sundar,S Mohan Prasath,0,0,0,no run,0,,,54/3
1439778,2,8,1,S Shyam Sundar,Jafar Jamal,S Lakshay Jain,0,0,0,no run,0,,,54/3
1439778,2,8,2,S Shyam Sundar,Jafar Jamal,S Lakshay Jain,0,0,0,no run,0,,,54/3
1439778,2,8,3,S Shyam Sundar,Jafar Jamal,S Lakshay Jain,1,1,0,run,0,,,55/3
1439778,2,8,4,Jafar Jamal,S Shyam Sundar,S Lakshay Jain,1,0,1,wide,0,,,56/3
1439778,2,8,5,Jafar Jamal,S Shyam Sundar,S Lakshay Jain,1,1,0,run,0,,,57/3
1439778,2,8,6,S Shyam Sundar,Jafar Jamal,S Lakshay Jain,0,0,0,no run,0,,,57/3
1439778,2,8,7,S Shyam Sundar,Jafar Jamal,S Lakshay Jain,1,1,0,run,0,,,58/3
1439778,2,9,1,S Shyam Sundar,Jafar Jamal,S Mohan Prasath,4,4,0,four,0,,,62/3
1439778,2,9,2,S Shyam Sundar,Jafar Jamal,S Mohan Prasath,0,0,0,no run,0,,,62/3
1439778,2,9,3,S Shyam Sundar,Jafar Jamal,S Mohan Prasath,6,6,0,six,0,,,68/3
1439778,2,9,4,S Shyam Sundar,Jafar Jamal,S Mohan Prasath,1,1,0,run,0,,,69/3
1439778,2,9,5,Jafar Jamal,S Shyam Sundar,S Mohan Prasath,2,2,0,run,0,,,71/3
1439778,2,9,6,Jafar Jamal,S Shyam Sundar,S Mohan Prasath,0,0,0,no run,0,,,71/3
1439778,2,10,1,S Shyam Sundar,Jafar Jamal,S Lakshay Jain,1,1,0,run,0,,,72/3
1439778,2,10,2,Jafar Jamal,S Shyam Sundar,S Lakshay Jain,1,1,0,run,0,,,73/3
1439778,2,10,3,S Shyam Sundar,Jafar Jamal,S Lakshay Jain,1,1,0,run,0,,,74/3
1439778,2,10,4,Jafar Jamal,S Shyam Sundar,S Lakshay Jain,1,1,0,run,0,,,75/3
1439778,2,10,5,S Shyam Sundar,Jafar Jamal,S Lakshay Jain,4,4,0,four,0,,,79/3
1439778,2,10,6,S Shyam Sundar,Jafar Jamal,S Lakshay Jain,0,0,0,no run,0,,,79/3
1439778,2,11,1,Jafar Jamal,S Shyam Sundar,NS Harish,1,1,0,run,0,,,80/3
1439778,2,11,2,S Shyam Sundar,Jafar Jamal,NS Harish,1,1,0,run,0,,,81/3
1439778,2,11,3,Jafar Jamal,S Shyam Sundar,NS Harish,0,0,0,no run,0,,,81/3
1439778,2,11,4,Jafar Jamal,S Shyam Sundar,NS Harish,6,6,0,six,0,,,87/3
1439778,2,11,5,Jafar Jamal,S Shyam Sundar,NS Harish,1,1,0,run,0,,,88/3
1439778,2,11,6,S Shyam Sundar,Jafar Jamal,NS Harish,2,2,0,run,0,,,90/3
1439778,2,12,1,Jafar Jamal,S Shyam Sundar,Ramsingh Sonu Yadav,1,1,0,run,0,,,91/3
1439778,2,12,2,S Shyam Sundar,Jafar Jamal,Ramsingh Sonu Yadav,1,1,0,run,0,,,92/3
1439778,2,12,3,Jafar Jamal,S Shyam Sundar,Ramsingh Sonu Yadav,1,1,0,run,0,,,93/3
1439778,2,12,4,S Shyam Sundar,Jafar Jamal,Ramsingh Sonu Yadav,4,4,0,four,0,,,97/3
1439778,2,12,5,S Shyam Sundar,Jafar Jamal,Ramsingh Sonu Yadav,1,1,0,run,0,,,98/3
1439778,2,12,6,Jafar Jamal,S Shyam Sundar,Ramsingh Sonu Yadav,1,1,0,run,0,,,99/3
1439778,2,13,1,Jafar Jamal,S Shyam Sundar,NS Harish,4,4,0,four,0,,,103/3
1439778,2,13,2,Jafar Jamal,S Shyam Sundar,NS Harish,1,1,0,run,0,,,104/3
1439778,2,13,3,S Shyam Sundar,Jafar Jamal,NS Harish,1,1,0,run,1,run out,S Shyam Sundar,105/4
1439778,2,13,4,Ramsingh  Sanjay Yadav,Jafar Jamal,NS Harish,0,0,0,no run,0,,,105/4
1439778,2,13,5,Ramsingh  Sanjay Yadav,Jafar Jamal,NS Harish,0,0,0,no run,0,,,105/4
1439778,2,13,6,Ramsingh  Sanjay Yadav,Jafar Jamal,NS Harish,6,6,0,six,0,,,111/4
1439778,2,14,1,Jafar Jamal,Ramsingh  Sanjay Yadav,S Lakshay Jain,1,1,0,run,0,,,112/4
1439778,2,14,2,Ramsingh  Sanjay Yadav,Jafar Jamal,S Lakshay Jain,1,1,0,run,0,,,113/4
1439778,2,14,3,Jafar Jamal,Ramsingh  Sanjay Yadav,S Lakshay Jain,1,1,0,run,0,,,114/4
1439778,2,14,4,Ramsingh  Sanjay Yadav,Jafar Jamal,S Lakshay Jain,6,6,0,six,0,,,120/4
1439778,2,14,5,Ramsingh  Sanjay Yadav,Jafar Jamal,S Lakshay Jain,1,1,0,run,0,,,121/4
1439778,2,14,6,Jafar Jamal,Ramsingh  Sanjay Yadav,S Lakshay Jain,1,1,0,run,0,,,122/4
1439778,2,15,1,Jafar Jamal,Ramsingh  Sanjay Yadav,Ragupathy Silambarasan,0,0,0,no run,0,,,122/4
1439778,2,15,2,Jafar Jamal,Ramsingh  Sanjay Yadav,Ragupathy Silambarasan,0,0,0,no run,0,,,122/4
1439778,2,15,3,Jafar Jamal,Ramsingh  Sanjay Yadav,Ragupathy Silambarasan,0,0,0,no run,0,,,122/4
1439778,2,15,4,Jafar Jamal,Ramsingh  Sanjay Yadav,Ragupathy Silambarasan,6,6,0,six,0,,,128/4
1439778,2,15,5,Jafar Jamal,Ramsingh  Sanjay Yadav,Ragupathy Silambarasan,6,6,0,six,0,,,134/4
1439778,2,15,6,Jafar Jamal,Ramsingh  Sanjay Yadav,Ragupathy Silambarasan,1,1,0,run,0,,,135/4
1439778,2,16,1,Jafar Jamal,Ramsingh  Sanjay Yadav,Ramsingh Sonu Yadav,1,1,0,run,0,,,136/4
1439778,2,16,2,Ramsingh  Sanjay Yadav,Jafar Jamal,Ramsingh Sonu Yadav,1,0,1,wide,0,,,137/4
1439778,2,16,3,Ramsingh  Sanjay Yadav,Jafar Jamal,Ramsingh Sonu Yadav,1,0,1,wide,0,,,138/4
1439778,2,16,4,Ramsingh  Sanjay Yadav,Jafar Jamal,Ramsingh Sonu Yadav,1,1,0,run,0,,,139/4
1439778,2,16,5,Jafar Jamal,Ramsingh  Sanjay Yadav,Ramsingh Sonu Yadav,1,1,0,run,0,,,140/4
1439778,2,16,6,Ramsingh  Sanjay Yadav,Jafar Jamal,Ramsingh Sonu Yadav,1,0,1,wide,0,,,141/4
1439778,2,16,7,Ramsingh  Sanjay Yadav,Jafar Jamal,Ramsingh Sonu Yadav,1,1,0,run,0,,,142/4
1439778,2,16,8,Jafar Jamal,Ramsingh  Sanjay Yadav,Ramsingh Sonu Yadav,0,0,0,out,1,run out,Jafar Jamal,142/5
1439778,2,16,9,R Rajkumar,Ramsingh  Sanjay Yadav,Ramsingh Sonu Yadav,0,0,0,no run,0,,,142/5
1439778,2,17,1,Ramsingh  Sanjay Yadav,R Rajkumar,Ragupathy Silambarasan,0,0,0,no run,0,,,142/5
1439778,2,17,2,Ramsingh  Sanjay Yadav,R Rajkumar,Ragupathy Silambarasan,0,0,0,no run,0,,,142/5
1439778,2,17,3,Ramsingh  Sanjay Yadav,R Rajkumar,Ragupathy Silambarasan,4,4,0,four,0,,,146/5
1439778,2,17,4,Ramsingh  Sanjay Yadav,R Rajkumar,Ragupathy Silambarasan,1,0,1,leg bye,0,,,147/5
1439778,2,17,5,R Rajkumar,Ramsingh  Sanjay Yadav,Ragupathy Silambarasan,4,4,0,four,0,,,151/5
1439778,2,17,6,R Rajkumar,Ramsingh  Sanjay Yadav,Ragupathy Silambarasan,4,4,0,four,0,,,155/5
1439778,2,18,1,Ramsingh  Sanjay Yadav,R Rajkumar,Ramsingh Sonu Yadav,1,1,0,run,0,,,156/5
1439778,2,18,2,R Rajkumar,Ramsingh  Sanjay Yadav,Ramsingh Sonu Yadav,6,6,0,six,0,,,162/5
1439778,2,18,3,R Rajkumar,Ramsingh  Sanjay Yadav,Ramsingh Sonu Yadav,0,0,0,no run,0,,,162/5
1439778,2,18,4,R Rajkumar,Ramsingh  Sanjay Yadav,Ramsingh Sonu Yadav,0,0,0,no run,0,,,162/5
1439778,2,18,5,R Rajkumar,Ramsingh  Sanjay Yadav,Ramsingh Sonu Yadav,4,4,0,four,0,,,166/5
1439778,2,18,6,R Rajkumar,Ramsingh  Sanjay Yadav,Ramsingh Sonu Yadav,0,0,0,no run,0,,,166/5
1439778,2,19,1,Ramsingh  Sanjay Yadav,R Rajkumar,Emmanuel Cherian,1,1,0,run,0,,,167/5
1439778,2,19,2,R Rajkumar,Ramsingh  Sanjay Yadav,Emmanuel Cherian,1,1,0,run,0,,,168/5
1439778,2,19,3,Ramsingh  Sanjay Yadav,R Rajkumar,Emmanuel Cherian,1,1,0,run,0,,,169/5
1439778,2,19,4,R Rajkumar,Ramsingh  Sanjay Yadav,Emmanuel Cherian,0,0,0,no run,0,,,169/5
1439778,2,19,5,R Rajkumar,Ramsingh  Sanjay Yadav,Emmanuel Cherian,0,0,0,no run,0,,,169/5
1439778,2,19,6,R Rajkumar,Ramsingh  Sanjay Yadav,Emmanuel Cherian,6,6,0,six,0,,,175/5
1439778,2,20,1,Ramsingh  Sanjay Yadav,R Rajkumar,RS Mokit Hariharan,0,0,0,out,1,caught,Ramsingh  Sanjay Yadav,175/6
1439778,2,20,2,Wenseslaus Antony Dhas,R Rajkumar,RS Mokit Hariharan,1,1,0,run,0,,,176/6
1439778,2,20,3,R Rajkumar,Wenseslaus Antony Dhas,RS Mokit Hariharan,6,6,0,six,0,,,182/6
1439779,1,1,1,S Sujay,Jayaraman Suresh Kumar,Sankarankutty Sandeep Warrier,0,0,0,no run,0,,,0/0
1439779,1,1,2,S Sujay,Jayaraman Suresh Kumar,Sankarankutty Sandeep Warrier,0,0,0,no run,0,,,0/0
1439779,1,1,3,S Sujay,Jayaraman Suresh Kumar,Sankarankutty Sandeep Warrier,0,0,0,no run,0,,,0/0
1439779,1,1,4,S Sujay,Jayaraman Suresh Kumar,Sankarankutty Sandeep Warrier,0,0,0,no run,0,,,0/0
1439779,1,1,5,S Sujay,Jayaraman Suresh Kumar,Sankarankutty Sandeep Warrier,0,0,0,no run,0,,,0/0
1439779,1,1,6,S Sujay,Jayaraman Suresh Kumar,Sankarankutty Sandeep Warrier,2,2,0,run,0,,,2/0
1439779,1,2,1,Jayaraman Suresh Kumar,S Sujay,VP Diran,4,0,4,leg bye,0,,,6/0
1439779,1,2,2,Jayaraman Suresh Kumar,S Sujay,VP Diran,1,0,1,wide,0,,,7/0
1439779,1,2,3,Jayaraman Suresh Kumar,S Sujay,VP Diran,1,0,1,leg bye,0,,,8/0
1439779,1,2,4,S Sujay,Jayaraman Suresh Kumar,VP Diran,6,6,0,six,0,,,14/0
1439779,1,2,5,S Sujay,Jayaraman Suresh Kumar,VP Diran,0,0,0,no run,0,,,14/0
1439779,1,2,6,S Sujay,Jayaraman Suresh Kumar,VP Diran,0,0,0,out,1,caught,S Sujay,14/1
1439779,1,2,7,Bhardwaj Sai Sudharsan,Jayaraman Suresh Kumar,VP Diran,0,0,0,no run,0,,,14/1
1439779,1,3,1,Jayaraman Suresh Kumar,Bhardwaj Sai Sudharsan,Sankarankutty Sandeep Warrier,0,0,0,no run,0,,,14/1
1439779,1,3,2,Jayaraman Suresh Kumar,Bhardwaj Sai Sudharsan,Sankarankutty Sandeep Warrier,0,0,0,no run,0,,,14/1
1439779,1,3,3,Jayaraman Suresh Kumar,Bhardwaj Sai Sudharsan,Sankarankutty Sandeep Warrier,3,3,0,run,0,,,17/1
1439779,1,3,4,Bhardwaj Sai Sudharsan,Jayaraman Suresh Kumar,Sankarankutty Sandeep Warrier,0,0,0,no run,0,,,17/1
1439779,1,3,5,Bhardwaj Sai Sudharsan,Jayaraman Suresh Kumar,Sankarankutty Sandeep Warrier,1,1,0,run,0,,,18/1
1439779,1,3,6,Jayaraman Suresh Kumar,Bhardwaj Sai Sudharsan,Sankarankutty Sandeep Warrier,0,0,0,out,1,bowled,Jayaraman Suresh Kumar,18/2
1439779,1,4,1,Bhardwaj Sai Sudharsan,U Mukilesh,VP Diran,0,0,0,no run,0,,,18/2
1439779,1,4,2,Bhardwaj Sai Sudharsan,U Mukilesh,VP Diran,0,0,0,no run,0,,,18/2
1439779,1,4,3,Bhardwaj Sai Sudharsan,U Mukilesh,VP Diran,1,1,0,run,0,,,19/2
1439779,1,4,4,U Mukilesh,Bhardwaj Sai Sudharsan,VP Diran,1,1,0,run,0,,,20/2
1439779,1,4,5,Bhardwaj Sai Sudharsan,U Mukilesh,VP Diran,0,0,0,no run,0,,,20/2
1439779,1,4,6,Bhardwaj Sai Sudharsan,U Mukilesh,VP Diran,1,1,0,run,0,,,21/2
1439779,1,5,1,Bhardwaj Sai Sudharsan,U Mukilesh,Varun Chakravarthy Vinod,1,1,0,run,0,,,22/2
1439779,1,5,2,U Mukilesh,Bhardwaj Sai Sudharsan,Varun Chakravarthy Vinod,0,0,0,no run,0,,,22/2
1439779,1,5,3,U Mukilesh,Bhardwaj Sai Sudharsan,Varun Chakravarthy Vinod,4,4,0,four,0,,,26/2
1439779,1,5,4,U Mukilesh,Bhardwaj Sai Sudharsan,Varun Chakravarthy Vinod,0,0,0,out,1,leg before wicket,U Mukilesh,26/3
1439779,1,5,5,R Ram Arvindh,Bhardwaj Sai Sudharsan,Varun Chakravarthy Vinod,1,1,0,run,0,,,27/3
1439779,1,5,6,Bhardwaj Sai Sudharsan,R Ram Arvindh,Varun Chakravarthy Vinod,1,1,0,run,0,,,28/3
1439779,1,6,1,Bhardwaj Sai Sudharsan,R Ram Arvindh,Ravichandran Ashwin,0,0,0,no run,0,,,28/3
1439779,1,6,2,Bhardwaj Sai Sudharsan,R Ram Arvindh,Ravichandran Ashwin,0,0,0,no run,0,,,28/3
1439779,1,6,3,Bhardwaj Sai Sudharsan,R Ram Arvindh,Ravichandran Ashwin,0,0,0,no run,0,,,28/3
1439779,1,6,4,Bhardwaj Sai Sudharsan,R Ram Arvindh,Ravichandran Ashwin,1,1,0,run,0,,,29/3
1439779,1,6,5,R Ram Arvindh,Bhardwaj Sai Sudharsan,Ravichandran Ashwin,0,0,0,no run,0,,,29/3
1439779,1,6,6,R Ram Arvindh,Bhardwaj Sai Sudharsan,Ravichandran Ashwin,1,1,0,run,0,,,30/3
1439779,1,7,1,R Ram Arvindh,Bhardwaj Sai Sudharsan,Subodh Bhati,0,0,0,no run,0,,,30/3
1439779,1,7,2,R Ram Arvindh,Bhardwaj Sai Sudharsan,Subodh Bhati,0,0,0,no run,0,,,30/3
1439779,1,7,3,R Ram Arvindh,Bhardwaj Sai Sudharsan,Subodh Bhati,0,0,0,no run,0,,,30/3
1439779,1,7,4,R Ram Arvindh,Bhardwaj Sai Sudharsan,Subodh Bhati,1,1,0,run,0,,,31/3
1439779,1,7,5,Bhardwaj Sai Sudharsan,R Ram Arvindh,Subodh Bhati,1,1,0,run,0,,,32/3
1439779,1,7,6,R Ram Arvindh,Bhardwaj Sai Sudharsan,Subodh Bhati,0,0,0,no run,0,,,32/3
1439779,1,8,1,Bhardwaj Sai Sudharsan,R Ram Arvindh,Ravichandran Ashwin,0,0,0,no run,0,,,32/3
1439779,1,8,2,Bhardwaj Sai Sudharsan,R Ram Arvindh,Ravichandran Ashwin,1,1,0,run,0,,,33/3
1439779,1,8,3,R Ram Arvindh,Bhardwaj Sai Sudharsan,Ravichandran Ashwin,1,1,0,run,0,,,34/3
1439779,1,8,4,Bhardwaj Sai Sudharsan,R Ram Arvindh,Ravichandran Ashwin,1,1,0,run,0,,,35/3
1439779,1,8,5,R Ram Arvindh,Bhardwaj Sai Sudharsan,Ravichandran Ashwin,0,0,0,no run,0,,,35/3
1439779,1,8,6,R Ram Arvindh,Bhardwaj Sai Sudharsan,Ravichandran Ashwin,1,1,0,run,0,,,36/3
1439779,1,9,1,R Ram Arvindh,Bhardwaj Sai Sudharsan,Varun Chakravarthy Vinod,1,1,0,run,0,,,37/3
1439779,1,9,2,Bhardwaj Sai Sudharsan,R Ram Arvindh,Varun Chakravarthy Vinod,1,1,0,run,0,,,38/3
1439779,1,9,3,R Ram Arvindh,Bhardwaj Sai Sudharsan,Varun Chakravarthy Vinod,0,0,0,no run,0,,,38/3
1439779,1,9,4,R Ram Arvindh,Bhardwaj Sai Sudharsan,Varun Chakravarthy Vinod,2,2,0,run,0,,,40/3
1439779,1,9,5,R Ram Arvindh,Bhardwaj Sai Sudharsan,Varun Chakravarthy Vinod,1,1,0,run,0,,,41/3
1439779,1,9,6,Bhardwaj Sai Sudharsan,R Ram Arvindh,Varun Chakravarthy Vinod,1,1,0,run,0,,,42/3
1439779,1,10,1,Bhardwaj Sai Sudharsan,R Ram Arvindh,P Vignesh,1,1,0,run,0,,,43/3
1439779,1,10,2,R Ram Arvindh,Bhardwaj Sai Sudharsan,P Vignesh,0,0,0,no run,0,,,43/3
1439779,1,10,3,R Ram Arvindh,Bhardwaj Sai Sudharsan,P Vignesh,0,0,0,no run,0,,,43/3
1439779,1,10,4,R Ram Arvindh,Bhardwaj Sai Sudharsan,P Vignesh,1,1,0,run,0,,,44/3
1439779,1,10,5,Bhardwaj Sai Sudharsan,R Ram Arvindh,P Vignesh,1,1,0,run,0,,,45/3
1439779,1,10,6,R Ram Arvindh,Bhardwaj Sai Sudharsan,P Vignesh,1,1,0,run,0,,,46/3
1439779,1,11,1,R Ram Arvindh,Bhardwaj Sai Sudharsan,Ravichandran Ashwin,6,6,0,six,0,,,52/3
1439779,1,11,2,R Ram Arvindh,Bhardwaj Sai Sudharsan,Ravichandran Ashwin,6,6,0,six,0,,,58/3
1439779,1,11,3,R Ram Arvindh,Bhardwaj Sai Sudharsan,Ravichandran Ashwin,1,1,0,run,0,,,59/3
1439779,1,11,4,Bhardwaj Sai Sudharsan,R Ram Arvindh,Ravichandran Ashwin,2,2,0,run,0,,,61/3
1439779,1,11,5,Bhardwaj Sai Sudharsan,R Ram Arvindh,Ravichandran Ashwin,1,1,0,run,0,,,62/3
1439779,1,11,6,R Ram Arvindh,Bhardwaj Sai Sudharsan,Ravichandran Ashwin,1,1,0,run,0,,,63/3
1439779,1,12,1,R Ram Arvindh,Bhardwaj Sai Sudharsan,P Vignesh,0,0,0,no run,0,,,63/3
1439779,1,12,2,R Ram Arvindh,Bhardwaj Sai Sudharsan,P Vignesh,0,0,0,no run,0,,,63/3
1439779,1,12,3,R Ram Arvindh,Bhardwaj Sai Sudharsan,P Vignesh,0,0,0,out,1,bowled,R Ram Arvindh,63/4
1439779,1,12,4,Masood Shahrukh Khan,Bhardwaj Sai Sudharsan,P Vignesh,1,1,0,run,0,,,64/4
1439779,1,12,5,Bhardwaj Sai Sudharsan,Masood Shahrukh Khan,P Vignesh,1,1,0,run,0,,,65/4
1439779,1,12,6,Masood Shahrukh Khan,Bhardwaj Sai Sudharsan,P Vignesh,0,0,0,no run,0,,,65/4
1439779,1,13,1,Bhardwaj Sai Sudharsan,Masood Shahrukh Khan,Varun Chakravarthy Vinod,4,4,0,four,0,,,69/4
1439779,1,13,2,Bhardwaj Sai Sudharsan,Masood Shahrukh Khan,Varun Chakravarthy Vinod,1,1,0,run,0,,,70/4
1439779,1,13,3,Masood Shahrukh Khan,Bhardwaj Sai Sudharsan,Varun Chakravarthy Vinod,1,1,0,run,0,,,71/4
1439779,1,13,4,Bhardwaj Sai Sudharsan,Masood Shahrukh Khan,Varun Chakravarthy Vinod,0,0,0,no run,0,,,71/4
1439779,1,13,5,Bhardwaj Sai Sudharsan,Masood Shahrukh Khan,Varun Chakravarthy Vinod,0,0,0,no run,0,,,71/4
1439779,1,13,6,Bhardwaj Sai Sudharsan,Masood Shahrukh Khan,Varun Chakravarthy Vinod,1,1,0,run,0,,,72/4
1439779,1,14,1,Bhardwaj Sai Sudharsan,Masood Shahrukh Khan,P Vignesh,1,1,0,run,0,,,73/4
1439779,1,14,2,Masood Shahrukh Khan,Bhardwaj Sai Sudharsan,P Vignesh,6,6,0,six,0,,,79/4
1439779,1,14,3,Masood Shahrukh Khan,Bhardwaj Sai Sudharsan,P Vignesh,1,1,0,run,0,,,80/4
1439779,1,14,4,Bhardwaj Sai Sudharsan,Masood Shahrukh Khan,P Vignesh,1,1,0,run,0,,,81/4
1439779,1,14,5,Masood Shahrukh Khan,Bhardwaj Sai Sudharsan,P Vignesh,0,0,0,no run,0,,,81/4
1439779,1,14,6,Masood Shahrukh Khan,Bhardwaj Sai Sudharsan,P Vignesh,1,1,0,run,0,,,82/4
1439779,1,15,1,Masood Shahrukh Khan,Bhardwaj Sai Sudharsan,Sankarankutty Sandeep Warrier,1,1,0,run,0,,,83/4
1439779,1,15,2,Bhardwaj Sai Sudharsan,Masood Shahrukh Khan,Sankarankutty Sandeep Warrier,1,0,1,wide,0,,,84/4
1439779,1,15,3,Bhardwaj Sai Sudharsan,Masood Shahrukh Khan,Sankarankutty Sandeep Warrier,1,1,0,run,0,,,85/4
1439779,1,15,4,Masood Shahrukh Khan,Bhardwaj Sai Sudharsan,Sankarankutty Sandeep Warrier,1,0,1,leg bye,0,,,86/4
1439779,1,15,5,Bhardwaj Sai Sudharsan,Masood Shahrukh Khan,Sankarankutty Sandeep Warrier,4,4,0,four,0,,,90/4
1439779,1,15,6,Bhardwaj Sai Sudharsan,Masood Shahrukh Khan,Sankarankutty Sandeep Warrier,1,1,0,run,0,,,91/4
1439779,1,15,7,Masood Shahrukh Khan,Bhardwaj Sai Sudharsan,Sankarankutty Sandeep Warrier,1,1,0,run,0,,,92/4
1439779,1,16,1,Masood Shahrukh Khan,Bhardwaj Sai Sudharsan,Subodh Bhati,2,0,2,wide,0,,,94/4
1439779,1,16,2,Bhardwaj Sai Sudharsan,Masood Shahrukh Khan,Subodh Bhati,1,0,1,leg bye,0,,,95/4
1439779,1,16,3,Masood Shahrukh Khan,Bhardwaj Sai Sudharsan,Subodh Bhati,1,1,0,run,0,,,96/4
1439779,1,16,4,Bhardwaj Sai Sudharsan,Masood Shahrukh Khan,Subodh Bhati,1,1,0,run,0,,,97/4
1439779,1,16,5,Masood Shahrukh Khan,Bhardwaj Sai Sudharsan,Subodh Bhati,1,1,0,run,0,,,98/4
1439779,1,16,6,Bhardwaj Sai Sudharsan,Masood Shahrukh Khan,Subodh Bhati,1,1,0,run,0,,,99/4
1439779,1,16,7,Masood Shahrukh Khan,Bhardwaj Sai Sudharsan,Subodh Bhati,6,6,0,six,0,,,105/4
1439779,1,17,1,Bhardwaj Sai Sudharsan,Masood Shahrukh Khan,Varun Chakravarthy Vinod,0,0,0,out,1,caught,Bhardwaj Sai Sudharsan,105/5
1439779,1,17,2,Atheeq Ur Rahman,Masood Shahrukh Khan,Varun Chakravarthy Vinod,2,1,1,run,0,,,107/5
1439779,1,17,3,Masood Shahrukh Khan,Atheeq Ur Rahman,Varun Chakravarthy Vinod,1,1,0,run,0,,,108/5
1439779,1,17,4,Atheeq Ur Rahman,Masood Shahrukh Khan,Varun Chakravarthy Vinod,1,1,0,run,0,,,109/5
1439779,1,17,5,Masood Shahrukh Khan,Atheeq Ur Rahman,Varun Chakravarthy Vinod,0,0,0,no run,0,,,109/5
1439779,1,17,6,Masood Shahrukh Khan,Atheeq Ur Rahman,Varun Chakravarthy Vinod,4,4,0,four,0,,,113/5
1439779,1,17,7,Masood Shahrukh Khan,Atheeq Ur Rahman,Varun Chakravarthy Vinod,1,1,0,run,0,,,114/5
1439779,1,18,1,Masood Shahrukh Khan,Atheeq Ur Rahman,Subodh Bhati,1,0,1,wide,0,,,115/5
1439779,1,18,2,Masood Shahrukh Khan,Atheeq Ur Rahman,Subodh Bhati,4,4,0,four,0,,,119/5
1439779,1,18,3,Masood Shahrukh Khan,Atheeq Ur Rahman,Subodh Bhati,4,4,0,four,0,,,123/5
1439779,1,18,4,Masood Shahrukh Khan,Atheeq Ur Rahman,Subodh Bhati,6,6,0,six,0,,,129/5
1439779,1,18,5,Masood Shahrukh Khan,Atheeq Ur Rahman,Subodh Bhati,1,0,1,wide,0,,,130/5
1439779,1,18,6,Masood Shahrukh Khan,Atheeq Ur Rahman,Subodh Bhati,4,4,0,four,0,,,134/5
1439779,1,18,7,Masood Shahrukh Khan,Atheeq Ur Rahman,Subodh Bhati,1,0,1,wide,0,,,135/5
1439779,1,18,8,Masood Shahrukh Khan,Atheeq Ur Rahman,Subodh Bhati,4,4,0,four,0,,,139/5
1439779,1,18,9,Masood Shahrukh Khan,Atheeq Ur Rahman,Subodh Bhati,1,1,0,run,0,,,140/5
1439779,1,19,1,Masood Shahrukh Khan,Atheeq Ur Rahman,Sankarankutty Sandeep Warrier,1,1,0,run,0,,,141/5
1439779,1,19,2,Atheeq Ur Rahman,Masood Shahrukh Khan,Sankarankutty Sandeep Warrier,0,0,0,no run,0,,,141/5
1439779,1,19,3,Atheeq Ur Rahman,Masood Shahrukh Khan,Sankarankutty Sandeep Warrier,1,0,1,wide,0,,,142/5
1439779,1,19,4,Atheeq Ur Rahman,Masood Shahrukh Khan,Sankarankutty Sandeep Warrier,4,4,0,four,0,,,146/5
1439779,1,19,5,Atheeq Ur Rahman,Masood Shahrukh Khan,Sankarankutty Sandeep Warrier,6,6,0,six,0,,,152/5
1439779,1,19,6,Atheeq Ur Rahman,Masood Shahrukh Khan,Sankarankutty Sandeep Warrier,4,4,0,four,0,,,156/5
1439779,1,19,7,Atheeq Ur Rahman,Masood Shahrukh Khan,Sankarankutty Sandeep Warrier,1,1,0,run,0,,,157/5
1439779,1,20,1,Atheeq Ur Rahman,Masood Shahrukh Khan,Subodh Bhati,1,0,1,wide,0,,,158/5
1439779,1,20,2,Atheeq Ur Rahman,Masood Shahrukh Khan,Subodh Bhati,0,0,0,no run,0,,,158/5
1439779,1,20,3,Atheeq Ur Rahman,Masood Shahrukh Khan,Subodh Bhati,4,4,0,four,0,,,162/5
1439779,1,20,4,Atheeq Ur Rahman,Masood Shahrukh Khan,Subodh Bhati,1,0,1,wide,0,,,163/5
1439779,1,20,5,Atheeq Ur Rahman,Masood Shahrukh Khan,Subodh Bhati,6,6,0,six,0,,,169/5
1439779,1,20,6,Atheeq Ur Rahman,Masood Shahrukh Khan,Subodh Bhati,1,1,0,run,0,,,170/5
1439779,1,20,7,Masood Shahrukh Khan,Atheeq Ur Rahman,Subodh Bhati,1,1,0,run,0,,,171/5
1439779,1,20,8,Atheeq Ur Rahman,Masood Shahrukh Khan,Subodh Bhati,1,1,0,run,0,,,172/5
1439779,2,1,1,R Vimal Khumar,Shivam Singh,K Gowtham Thamarai Kannan,0,0,0,no run,0,,,0/0
1439779,2,1,2,R Vimal Khumar,Shivam Singh,K Gowtham Thamarai Kannan,1,1,0,run,0,,,1/0
1439779,2,1,3,Shivam Singh,R Vimal Khumar,K Gowtham Thamarai Kannan,0,0,0,no run,0,,,1/0
1439779,2,1,4,Shivam Singh,R Vimal Khumar,K Gowtham Thamarai Kannan,0,0,0,no run,0,,,1/0
1439779,2,1,5,Shivam Singh,R Vimal Khumar,K Gowtham Thamarai Kannan,6,6,0,six,0,,,7/0
1439779,2,1,6,Shivam Singh,R Vimal Khumar,K Gowtham Thamarai Kannan,1,0,1,wide,0,,,8/0
1439779,2,1,7,Shivam Singh,R Vimal Khumar,K Gowtham Thamarai Kannan,0,0,0,no run,0,,,8/0
1439779,2,2,1,R Vimal Khumar,Shivam Singh,Manimaran Siddharth,4,4,0,four,0,,,12/0
1439779,2,2,2,R Vimal Khumar,Shivam Singh,Manimaran Siddharth,0,0,0,no run,0,,,12/0
1439779,2,2,3,R Vimal Khumar,Shivam Singh,Manimaran Siddharth,1,1,0,run,0,,,13/0
1439779,2,2,4,Shivam Singh,R Vimal Khumar,Manimaran Siddharth,4,4,0,four,0,,,17/0
1439779,2,2,5,Shivam Singh,R Vimal Khumar,Manimaran Siddharth,0,0,0,no run,0,,,17/0
1439779,2,2,6,Shivam Singh,R Vimal Khumar,Manimaran Siddharth,2,2,0,run,0,,,19/0
1439779,2,3,1,R Vimal Khumar,Shivam Singh,K Gowtham Thamarai Kannan,0,0,0,no run,0,,,19/0
1439779,2,3,2,R Vimal Khumar,Shivam Singh,K Gowtham Thamarai Kannan,0,0,0,no run,0,,,19/0
1439779,2,3,3,R Vimal Khumar,Shivam Singh,K Gowtham Thamarai Kannan,0,0,0,no run,0,,,19/0
1439779,2,3,4,R Vimal Khumar,Shivam Singh,K Gowtham Thamarai Kannan,6,6,0,six,0,,,25/0
1439779,2,3,5,R Vimal Khumar,Shivam Singh,K Gowtham Thamarai Kannan,1,1,0,run,0,,,26/0
1439779,2,3,6,Shivam Singh,R Vimal Khumar,K Gowtham Thamarai Kannan,0,0,0,no run,0,,,26/0
1439779,2,4,1,R Vimal Khumar,Shivam Singh,Manimaran Siddharth,0,0,0,no run,0,,,26/0
1439779,2,4,2,R Vimal Khumar,Shivam Singh,Manimaran Siddharth,0,0,0,out,1,caught,R Vimal Khumar,26/1
1439779,2,4,3,Baba Indrajith,Shivam Singh,Manimaran Siddharth,4,4,0,four,0,,,30/1
1439779,2,4,4,Baba Indrajith,Shivam Singh,Manimaran Siddharth,0,0,0,no run,0,,,30/1
1439779,2,4,5,Baba Indrajith,Shivam Singh,Manimaran Siddharth,0,0,0,no run,0,,,30/1
1439779,2,4,6,Baba Indrajith,Shivam Singh,Manimaran Siddharth,4,4,0,four,0,,,34/1
1439779,2,5,1,Shivam Singh,Baba Indrajith,K Gowtham Thamarai Kannan,0,0,0,no run,0,,,34/1
1439779,2,5,2,Shivam Singh,Baba Indrajith,K Gowtham Thamarai Kannan,1,1,0,run,0,,,35/1
1439779,2,5,3,Baba Indrajith,Shivam Singh,K Gowtham Thamarai Kannan,0,0,0,no run,0,,,35/1
1439779,2,5,4,Baba Indrajith,Shivam Singh,K Gowtham Thamarai Kannan,0,0,0,no run,0,,,35/1
1439779,2,5,5,Baba Indrajith,Shivam Singh,K Gowtham Thamarai Kannan,1,1,0,run,0,,,36/1
1439779,2,5,6,Shivam Singh,Baba Indrajith,K Gowtham Thamarai Kannan,1,1,0,run,0,,,37/1
1439779,2,6,1,Shivam Singh,Baba Indrajith,Manimaran Siddharth,0,0,0,no run,0,,,37/1
1439779,2,6,2,Shivam Singh,Baba Indrajith,Manimaran Siddharth,0,0,0,no run,0,,,37/1
1439779,2,6,3,Shivam Singh,Baba Indrajith,Manimaran Siddharth,0,0,0,no run,0,,,37/1
1439779,2,6,4,Shivam Singh,Baba Indrajith,Manimaran Siddharth,1,1,0,run,0,,,38/1
1439779,2,6,5,Baba Indrajith,Shivam Singh,Manimaran Siddharth,2,2,0,run,0,,,40/1
1439779,2,6,6,Baba Indrajith,Shivam Singh,Manimaran Siddharth,4,4,0,four,0,,,44/1
1439779,2,7,1,Shivam Singh,Baba Indrajith,Masood Shahrukh Khan,0,0,0,no run,0,,,44/1
1439779,2,7,2,Shivam Singh,Baba Indrajith,Masood Shahrukh Khan,1,1,0,run,0,,,45/1
1439779,2,7,3,Baba Indrajith,Shivam Singh,Masood Shahrukh Khan,0,0,0,no run,0,,,45/1
1439779,2,7,4,Baba Indrajith,Shivam Singh,Masood Shahrukh Khan,1,1,0,run,0,,,46/1
1439779,2,7,5,Shivam Singh,Baba Indrajith,Masood Shahrukh Khan,0,0,0,no run,0,,,46/1
1439779,2,7,6,Shivam Singh,Baba Indrajith,Masood Shahrukh Khan,1,1,0,run,0,,,47/1
1439779,2,8,1,Shivam Singh,Baba Indrajith,Jhathavedh Subramanyan,1,1,0,run,0,,,48/1
1439779,2,8,2,Baba Indrajith,Shivam Singh,Jhathavedh Subramanyan,1,1,0,run,0,,,49/1
1439779,2,8,3,Shivam Singh,Baba Indrajith,Jhathavedh Subramanyan,1,1,0,run,0,,,50/1
1439779,2,8,4,Baba Indrajith,Shivam Singh,Jhathavedh Subramanyan,0,0,0,no run,0,,,50/1
1439779,2,8,5,Baba Indrajith,Shivam Singh,Jhathavedh Subramanyan,1,1,0,run,0,,,51/1
1439779,2,8,6,Shivam Singh,Baba Indrajith,Jhathavedh Subramanyan,1,1,0,run,0,,,52/1
1439779,2,9,1,Shivam Singh,Baba Indrajith,M Mohammed,0,0,0,no run,0,,,52/1
1439779,2,9,2,Shivam Singh,Baba Indrajith,M Mohammed,1,1,0,run,0,,,53/1
1439779,2,9,3,Baba Indrajith,Shivam Singh,M Mohammed,4,4,0,four,0,,,57/1
1439779,2,9,4,Baba Indrajith,Shivam Singh,M Mohammed,0,0,0,no run,0,,,57/1
1439779,2,9,5,Baba Indrajith,Shivam Singh,M Mohammed,1,1,0,run,0,,,58/1
1439779,2,9,6,Shivam Singh,Baba Indrajith,M Mohammed,2,2,0,run,0,,,60/1
1439779,2,10,1,Baba Indrajith,Shivam Singh,Jhathavedh Subramanyan,0,0,0,no run,0,,,60/1
1439779,2,10,2,Baba Indrajith,Shivam Singh,Jhathavedh Subramanyan,6,6,0,six,0,,,66/1
1439779,2,10,3,Baba Indrajith,Shivam Singh,Jhathavedh Subramanyan,0,0,0,no run,0,,,66/1
1439779,2,10,4,Baba Indrajith,Shivam Singh,Jhathavedh Subramanyan,0,0,0,no run,0,,,66/1
1439779,2,10,5,Baba Indrajith,Shivam Singh,Jhathavedh Subramanyan,1,1,0,run,0,,,67/1
1439779,2,10,6,Shivam Singh,Baba Indrajith,Jhathavedh Subramanyan,1,0,1,wide,0,,,68/1
1439779,2,10,7,Shivam Singh,Baba Indrajith,Jhathavedh Subramanyan,4,4,0,four,0,,,72/1
1439779,2,11,1,Baba Indrajith,Shivam Singh,Masood Shahrukh Khan,4,4,0,four,0,,,76/1
1439779,2,11,2,Baba Indrajith,Shivam Singh,Masood Shahrukh Khan,6,6,0,six,0,,,82/1
1439779,2,11,3,Baba Indrajith,Shivam Singh,Masood Shahrukh Khan,1,1,0,run,0,,,83/1
1439779,2,11,4,Shivam Singh,Baba Indrajith,Masood Shahrukh Khan,1,1,0,run,0,,,84/1
1439779,2,11,5,Baba Indrajith,Shivam Singh,Masood Shahrukh Khan,1,1,0,run,0,,,85/1
1439779,2,11,6,Shivam Singh,Baba Indrajith,Masood Shahrukh Khan,1,1,0,run,0,,,86/1
1439779,2,12,1,Shivam Singh,Baba Indrajith,Valliappan Yudheeswaran,1,1,0,run,0,,,87/1
1439779,2,12,2,Baba Indrajith,Shivam Singh,Valliappan Yudheeswaran,0,0,0,no run,0,,,87/1
1439779,2,12,3,Baba Indrajith,Shivam Singh,Valliappan Yudheeswaran,4,4,0,four,0,,,91/1
1439779,2,12,4,Baba Indrajith,Shivam Singh,Valliappan Yudheeswaran,1,1,0,run,0,,,92/1
1439779,2,12,5,Shivam Singh,Baba Indrajith,Valliappan Yudheeswaran,0,0,0,no run,0,,,92/1
1439779,2,12,6,Shivam Singh,Baba Indrajith,Valliappan Yudheeswaran,4,4,0,four,0,,,96/1
1439779,2,13,1,Baba Indrajith,Shivam Singh,Jhathavedh Subramanyan,1,1,0,run,0,,,97/1
1439779,2,13,2,Shivam Singh,Baba Indrajith,Jhathavedh Subramanyan,2,2,0,run,0,,,99/1
1439779,2,13,3,Shivam Singh,Baba Indrajith,Jhathavedh Subramanyan,0,0,0,out,1,caught,Shivam Singh,99/2
1439779,2,13,4,Boopathi Vaishna Kumar,Baba Indrajith,Jhathavedh Subramanyan,0,0,0,no run,0,,,99/2
1439779,2,13,5,Boopathi Vaishna Kumar,Baba Indrajith,Jhathavedh Subramanyan,0,0,0,out,1,caught,Boopathi Vaishna Kumar,99/3
1439779,2,13,6,C Sarath Kumar,Baba Indrajith,Jhathavedh Subramanyan,1,1,0,run,0,,,100/3
1439779,2,14,1,C Sarath Kumar,Baba Indrajith,Valliappan Yudheeswaran,0,0,0,no run,0,,,100/3
1439779,2,14,2,C Sarath Kumar,Baba Indrajith,Valliappan Yudheeswaran,0,0,0,no run,0,,,100/3
1439779,2,14,3,C Sarath Kumar,Baba Indrajith,Valliappan Yudheeswaran,0,0,0,no run,0,,,100/3
1439779,2,14,4,C Sarath Kumar,Baba Indrajith,Valliappan Yudheeswaran,6,6,0,six,0,,,106/3
1439779,2,14,5,C Sarath Kumar,Baba Indrajith,Valliappan Yudheeswaran,1,1,0,run,0,,,107/3
1439779,2,14,6,Baba Indrajith,C Sarath Kumar,Valliappan Yudheeswaran,1,0,1,leg bye,0,,,108/3
1439779,2,15,1,Baba Indrajith,C Sarath Kumar,Jhathavedh Subramanyan,2,2,0,run,0,,,110/3
1439779,2,15,2,Baba Indrajith,C Sarath Kumar,Jhathavedh Subramanyan,6,6,0,six,0,,,116/3
1439779,2,15,3,Baba Indrajith,C Sarath Kumar,Jhathavedh Subramanyan,0,0,0,no run,0,,,116/3
1439779,2,15,4,Baba Indrajith,C Sarath Kumar,Jhathavedh Subramanyan,1,1,0,run,0,,,117/3
1439779,2,15,5,C Sarath Kumar,Baba Indrajith,Jhathavedh Subramanyan,1,1,0,run,0,,,118/3
1439779,2,15,6,Baba Indrajith,C Sarath Kumar,Jhathavedh Subramanyan,1,1,0,run,0,,,119/3
1439779,2,16,1,Baba Indrajith,C Sarath Kumar,Valliappan Yudheeswaran,1,1,0,run,0,,,120/3
1439779,2,16,2,C Sarath Kumar,Baba Indrajith,Valliappan Yudheeswaran,1,1,0,run,0,,,121/3
1439779,2,16,3,Baba Indrajith,C Sarath Kumar,Valliappan Yudheeswaran,4,4,0,four,0,,,125/3
1439779,2,16,4,Baba Indrajith,C Sarath Kumar,Valliappan Yudheeswaran,4,4,0,four,0,,,129/3
1439779,2,16,5,Baba Indrajith,C Sarath Kumar,Valliappan Yudheeswaran,6,6,0,six,0,,,135/3
1439779,2,16,6,Baba Indrajith,C Sarath Kumar,Valliappan Yudheeswaran,1,1,0,run,0,,,136/3
1439779,2,17,1,Baba Indrajith,C Sarath Kumar,Manimaran Siddharth,4,4,0,four,0,,,140/3
1439779,2,17,2,Baba Indrajith,C Sarath Kumar,Manimaran Siddharth,4,4,0,four,0,,,144/3
1439779,2,17,3,Baba Indrajith,C Sarath Kumar,Manimaran Siddharth,1,1,0,run,0,,,145/3
1439779,2,17,4,C Sarath Kumar,Baba Indrajith,Manimaran Siddharth,1,1,0,run,0,,,146/3
1439779,2,17,5,Baba Indrajith,C Sarath Kumar,Manimaran Siddharth,4,4,0,four,0,,,150/3
1439779,2,17,6,Baba Indrajith,C Sarath Kumar,Manimaran Siddharth,6,6,0,six,0,,,156/3
1439779,2,18,1,C Sarath Kumar,Baba Indrajith,M Mohammed,6,6,0,six,0,,,162/3
1439779,2,18,2,C Sarath Kumar,Baba Indrajith,M Mohammed,1,1,0,run,0,,,163/3
1439779,2,18,3,Baba Indrajith,C Sarath Kumar,M Mohammed,1,1,0,run,0,,,164/3
1439779,2,18,4,C Sarath Kumar,Baba Indrajith,M Mohammed,1,1,0,run,0,,,165/3
1439779,2,18,5,Baba Indrajith,C Sarath Kumar,M Mohammed,1,1,0,run,0,,,166/3
1439779,2,18,6,C Sarath Kumar,Baba Indrajith,M Mohammed,1,0,1,bye,0,,,167/3
1439779,2,19,1,C Sarath Kumar,Baba Indrajith,Masood Shahrukh Khan,1,1,0,run,0,,,168/3
1439779,2,19,2,Baba Indrajith,C Sarath Kumar,Masood Shahrukh Khan,1,1,0,run,0,,,169/3
1439779,2,19,3,C Sarath Kumar,Baba Indrajith,Masood Shahrukh Khan,0,0,0,out,1,caught,C Sarath Kumar,169/4
1439779,2,19,4,Ravichandran Ashwin,Baba Indrajith,Masood Shahrukh Khan,0,0,0,out,1,caught,Ravichandran Ashwin,169/5
1439779,2,19,5,Subodh Bhati,Baba Indrajith,Masood Shahrukh Khan,0,0,0,no run,0,,,169/5
1439779,2,19,6,Subodh Bhati,Baba Indrajith,Masood Shahrukh Khan,1,1,0,run,0,,,170/5
1439779,2,20,1,Subodh Bhati,Baba Indrajith,M Mohammed,0,0,0,no run,0,,,170/5
1439779,2,20,2,Subodh Bhati,Baba Indrajith,M Mohammed,6,6,0,six,0,,,176/5
1439780,1,1,1,VP Amit Sathvik,Tushar Raheja,N Selva Kumaran,4,4,0,four,0,,,4/0
1439780,1,1,2,VP Amit Sathvik,Tushar Raheja,N Selva Kumaran,1,1,0,run,0,,,5/0
1439780,1,1,3,Tushar Raheja,VP Amit Sathvik,N Selva Kumaran,4,4,0,four,0,,,9/0
1439780,1,1,4,Tushar Raheja,VP Amit Sathvik,N Selva Kumaran,0,0,0,no run,0,,,9/0
1439780,1,1,5,Tushar Raheja,VP Amit Sathvik,N Selva Kumaran,6,6,0,six,0,,,15/0
1439780,1,1,6,Tushar Raheja,VP Amit Sathvik,N Selva Kumaran,4,4,0,four,0,,,19/0
1439780,1,2,1,VP Amit Sathvik,Tushar Raheja,S Guru Sayee,1,1,0,run,0,,,20/0
1439780,1,2,2,Tushar Raheja,VP Amit Sathvik,S Guru Sayee,0,0,0,no run,0,,,20/0
1439780,1,2,3,Tushar Raheja,VP Amit Sathvik,S Guru Sayee,1,1,0,run,0,,,21/0
1439780,1,2,4,VP Amit Sathvik,Tushar Raheja,S Guru Sayee,0,0,0,no run,0,,,21/0
1439780,1,2,5,VP Amit Sathvik,Tushar Raheja,S Guru Sayee,0,0,0,no run,0,,,21/0
1439780,1,2,6,VP Amit Sathvik,Tushar Raheja,S Guru Sayee,4,4,0,four,0,,,25/0
1439780,1,3,1,Tushar Raheja,VP Amit Sathvik,S Harish Kumar,0,0,0,no run,0,,,25/0
1439780,1,3,2,Tushar Raheja,VP Amit Sathvik,S Harish Kumar,0,0,0,no run,0,,,25/0
1439780,1,3,3,Tushar Raheja,VP Amit Sathvik,S Harish Kumar,1,1,0,run,0,,,26/0
1439780,1,3,4,VP Amit Sathvik,Tushar Raheja,S Harish Kumar,0,0,0,no run,0,,,26/0
1439780,1,3,5,VP Amit Sathvik,Tushar Raheja,S Harish Kumar,0,0,0,no run,0,,,26/0
1439780,1,3,6,VP Amit Sathvik,Tushar Raheja,S Harish Kumar,1,1,0,run,0,,,27/0
1439780,1,4,1,VP Amit Sathvik,Tushar Raheja,M Ganesh Moorthi,0,0,0,no run,0,,,27/0
1439780,1,4,2,VP Amit Sathvik,Tushar Raheja,M Ganesh Moorthi,1,0,1,wide,0,,,28/0
1439780,1,4,3,VP Amit Sathvik,Tushar Raheja,M Ganesh Moorthi,1,1,0,run,0,,,29/0
1439780,1,4,4,Tushar Raheja,VP Amit Sathvik,M Ganesh Moorthi,4,4,0,four,0,,,33/0
1439780,1,4,5,Tushar Raheja,VP Amit Sathvik,M Ganesh Moorthi,6,6,0,six,0,,,39/0
1439780,1,4,6,Tushar Raheja,VP Amit Sathvik,M Ganesh Moorthi,0,0,0,no run,0,,,39/0
1439780,1,4,7,Tushar Raheja,VP Amit Sathvik,M Ganesh Moorthi,2,0,2,wide,0,,,41/0
1439780,1,4,8,VP Amit Sathvik,Tushar Raheja,M Ganesh Moorthi,4,4,0,four,0,,,45/0
1439780,1,5,1,Tushar Raheja,VP Amit Sathvik,S Harish Kumar,1,1,0,run,0,,,46/0
1439780,1,5,2,VP Amit Sathvik,Tushar Raheja,S Harish Kumar,0,0,0,no run,0,,,46/0
1439780,1,5,3,VP Amit Sathvik,Tushar Raheja,S Harish Kumar,0,0,0,no run,0,,,46/0
1439780,1,5,4,VP Amit Sathvik,Tushar Raheja,S Harish Kumar,1,0,1,wide,0,,,47/0
1439780,1,5,5,VP Amit Sathvik,Tushar Raheja,S Harish Kumar,0,0,0,no run,0,,,47/0
1439780,1,5,6,VP Amit Sathvik,Tushar Raheja,S Harish Kumar,1,1,0,run,0,,,48/0
1439780,1,5,7,Tushar Raheja,VP Amit Sathvik,S Harish Kumar,1,0,1,no ball,0,,,49/0
1439780,1,5,8,Tushar Raheja,VP Amit Sathvik,S Harish Kumar,3,2,1,run,0,,,52/0
1439780,1,5,9,Tushar Raheja,VP Amit Sathvik,S Harish Kumar,5,4,1,four,0,,,57/0
1439780,1,5,10,Tushar Raheja,VP Amit Sathvik,S Harish Kumar,0,0,0,no run,0,,,57/0
1439780,1,6,1,VP Amit Sathvik,Tushar Raheja,S Guru Sayee,4,4,0,four,0,,,61/0
1439780,1,6,2,VP Amit Sathvik,Tushar Raheja,S Guru Sayee,0,0,0,no run,0,,,61/0
1439780,1,6,3,VP Amit Sathvik,Tushar Raheja,S Guru Sayee,0,0,0,no run,0,,,61/0
1439780,1,6,4,VP Amit Sathvik,Tushar Raheja,S Guru Sayee,4,4,0,four,0,,,65/0
1439780,1,6,5,VP Amit Sathvik,Tushar Raheja,S Guru Sayee,1,1,0,run,0,,,66/0
1439780,1,6,6,Tushar Raheja,VP Amit Sathvik,S Guru Sayee,0,0,0,no run,0,,,66/0
1439780,1,7,1,VP Amit Sathvik,Tushar Raheja,M Poiyamozhi,4,4,0,four,0,,,70/0
1439780,1,7,2,VP Amit Sathvik,Tushar Raheja,M Poiyamozhi,2,2,0,run,0,,,72/0
1439780,1,7,3,VP Amit Sathvik,Tushar Raheja,M Poiyamozhi,1,1,0,run,0,,,73/0
1439780,1,7,4,Tushar Raheja,VP Amit Sathvik,M Poiyamozhi,1,1,0,run,0,,,74/0
1439780,1,7,5,VP Amit Sathvik,Tushar Raheja,M Poiyamozhi,1,1,0,run,0,,,75/0
1439780,1,7,6,Tushar Raheja,VP Amit Sathvik,M Poiyamozhi,1,1,0,run,0,,,76/0
1439780,1,8,1,Tushar Raheja,VP Amit Sathvik,M Ganesh Moorthi,1,0,1,wide,0,,,77/0
1439780,1,8,2,Tushar Raheja,VP Amit Sathvik,M Ganesh Moorthi,1,1,0,run,0,,,78/0
1439780,1,8,3,VP Amit Sathvik,Tushar Raheja,M Ganesh Moorthi,2,2,0,run,0,,,80/0
1439780,1,8,4,VP Amit Sathvik,Tushar Raheja,M Ganesh Moorthi,0,0,0,no run,0,,,80/0
1439780,1,8,5,VP Amit Sathvik,Tushar Raheja,M Ganesh Moorthi,1,1,0,run,0,,,81/0
1439780,1,8,6,Tushar Raheja,VP Amit Sathvik,M Ganesh Moorthi,1,1,0,run,0,,,82/0
1439780,1,8,7,VP Amit Sathvik,Tushar Raheja,M Ganesh Moorthi,1,1,0,run,0,,,83/0
1439780,1,9,1,VP Amit Sathvik,Tushar Raheja,M Poiyamozhi,1,1,0,run,0,,,84/0
1439780,1,9,2,Tushar Raheja,VP Amit Sathvik,M Poiyamozhi,1,1,0,run,0,,,85/0
1439780,1,9,3,VP Amit Sathvik,Tushar Raheja,M Poiyamozhi,0,0,0,no run,0,,,85/0
1439780,1,9,4,VP Amit Sathvik,Tushar Raheja,M Poiyamozhi,1,0,1,wide,0,,,86/0
1439780,1,9,5,VP Amit Sathvik,Tushar Raheja,M Poiyamozhi,1,1,0,run,0,,,87/0
1439780,1,9,6,Tushar Raheja,VP Amit Sathvik,M Poiyamozhi,4,4,0,four,0,,,91/0
1439780,1,9,7,Tushar Raheja,VP Amit Sathvik,M Poiyamozhi,1,1,0,run,0,,,92/0
1439780,1,10,1,Tushar Raheja,VP Amit Sathvik,M Ganesh Moorthi,6,6,0,six,0,,,98/0
1439780,1,10,2,Tushar Raheja,VP Amit Sathvik,M Ganesh Moorthi,0,0,0,no run,0,,,98/0
1439780,1,10,3,Tushar Raheja,VP Amit Sathvik,M Ganesh Moorthi,1,1,0,run,0,,,99/0
1439780,1,10,4,VP Amit Sathvik,Tushar Raheja,M Ganesh Moorthi,2,2,0,run,0,,,101/0
1439780,1,10,5,VP Amit Sathvik,Tushar Raheja,M Ganesh Moorthi,0,0,0,no run,0,,,101/0
1439780,1,10,6,VP Amit Sathvik,Tushar Raheja,M Ganesh Moorthi,1,1,0,run,0,,,102/0
1439780,1,11,1,VP Amit Sathvik,Tushar Raheja,Rajendran Vivek,6,6,0,six,0,,,108/0
1439780,1,11,2,VP Amit Sathvik,Tushar Raheja,Rajendran Vivek,0,0,0,no run,0,,,108/0
1439780,1,11,3,VP Amit Sathvik,Tushar Raheja,Rajendran Vivek,1,1,0,run,0,,,109/0
1439780,1,11,4,Tushar Raheja,VP Amit Sathvik,Rajendran Vivek,1,1,0,run,0,,,110/0
1439780,1,11,5,VP Amit Sathvik,Tushar Raheja,Rajendran Vivek,0,0,0,out,1,caught,VP Amit Sathvik,110/1
1439780,1,11,6,Balchander Anirudh,Tushar Raheja,Rajendran Vivek,1,1,0,run,0,,,111/1
1439780,1,12,1,Balchander Anirudh,Tushar Raheja,N Selva Kumaran,1,1,0,run,0,,,112/1
1439780,1,12,2,Tushar Raheja,Balchander Anirudh,N Selva Kumaran,1,1,0,run,0,,,113/1
1439780,1,12,3,Balchander Anirudh,Tushar Raheja,N Selva Kumaran,1,1,0,run,0,,,114/1
1439780,1,12,4,Tushar Raheja,Balchander Anirudh,N Selva Kumaran,1,1,0,run,0,,,115/1
1439780,1,12,5,Balchander Anirudh,Tushar Raheja,N Selva Kumaran,1,1,0,run,0,,,116/1
1439780,1,12,6,Tushar Raheja,Balchander Anirudh,N Selva Kumaran,1,1,0,run,0,,,117/1
1439780,1,13,1,Tushar Raheja,Balchander Anirudh,Rajendran Vivek,0,0,0,no run,0,,,117/1
1439780,1,13,2,Tushar Raheja,Balchander Anirudh,Rajendran Vivek,1,1,0,run,0,,,118/1
1439780,1,13,3,Balchander Anirudh,Tushar Raheja,Rajendran Vivek,1,1,0,run,0,,,119/1
1439780,1,13,4,Tushar Raheja,Balchander Anirudh,Rajendran Vivek,1,1,0,run,0,,,120/1
1439780,1,13,5,Balchander Anirudh,Tushar Raheja,Rajendran Vivek,4,4,0,four,0,,,124/1
1439780,1,13,6,Balchander Anirudh,Tushar Raheja,Rajendran Vivek,1,1,0,run,0,,,125/1
1439780,1,14,1,Balchander Anirudh,Tushar Raheja,N Selva Kumaran,1,1,0,run,0,,,126/1
1439780,1,14,2,Tushar Raheja,Balchander Anirudh,N Selva Kumaran,2,2,0,run,0,,,128/1
1439780,1,14,3,Tushar Raheja,Balchander Anirudh,N Selva Kumaran,1,1,0,run,0,,,129/1
1439780,1,14,4,Balchander Anirudh,Tushar Raheja,N Selva Kumaran,6,6,0,six,0,,,135/1
1439780,1,14,5,Balchander Anirudh,Tushar Raheja,N Selva Kumaran,0,0,0,out,1,caught,Balchander Anirudh,135/2
1439780,1,14,6,Ravisrinivasan Sai Kishore,Tushar Raheja,N Selva Kumaran,1,1,0,run,0,,,136/2
1439780,1,15,1,Ravisrinivasan Sai Kishore,Tushar Raheja,S Harish Kumar,6,6,0,six,0,,,142/2
1439780,1,15,2,Ravisrinivasan Sai Kishore,Tushar Raheja,S Harish Kumar,1,1,0,run,0,,,143/2
1439780,1,15,3,Tushar Raheja,Ravisrinivasan Sai Kishore,S Harish Kumar,2,2,0,run,0,,,145/2
1439780,1,15,4,Tushar Raheja,Ravisrinivasan Sai Kishore,S Harish Kumar,6,6,0,six,0,,,151/2
1439780,1,15,5,Tushar Raheja,Ravisrinivasan Sai Kishore,S Harish Kumar,1,1,0,run,0,,,152/2
1439780,1,15,6,Ravisrinivasan Sai Kishore,Tushar Raheja,S Harish Kumar,1,1,0,run,0,,,153/2
1439780,1,16,1,Ravisrinivasan Sai Kishore,Tushar Raheja,S Guru Sayee,0,0,0,no run,0,,,153/2
1439780,1,16,2,Ravisrinivasan Sai Kishore,Tushar Raheja,S Guru Sayee,0,0,0,no run,0,,,153/2
1439780,1,16,3,Ravisrinivasan Sai Kishore,Tushar Raheja,S Guru Sayee,1,1,0,run,0,,,154/2
1439780,1,16,4,Tushar Raheja,Ravisrinivasan Sai Kishore,S Guru Sayee,4,4,0,four,0,,,158/2
1439780,1,16,5,Tushar Raheja,Ravisrinivasan Sai Kishore,S Guru Sayee,4,4,0,four,0,,,162/2
1439780,1,16,6,Tushar Raheja,Ravisrinivasan Sai Kishore,S Guru Sayee,0,0,0,no run,0,,,162/2
1439780,1,17,1,Ravisrinivasan Sai Kishore,Tushar Raheja,M Poiyamozhi,2,2,0,run,0,,,164/2
1439780,1,17,2,Ravisrinivasan Sai Kishore,Tushar Raheja,M Poiyamozhi,0,0,0,out,1,caught,Ravisrinivasan Sai Kishore,164/3
1439780,1,17,3,S Mohamed Ali,Tushar Raheja,M Poiyamozhi,1,1,0,run,0,,,165/3
1439780,1,17,4,Tushar Raheja,S Mohamed Ali,M Poiyamozhi,1,1,0,run,0,,,166/3
1439780,1,17,5,S Mohamed Ali,Tushar Raheja,M Poiyamozhi,1,1,0,run,0,,,167/3
1439780,1,17,6,Tushar Raheja,S Mohamed Ali,M Poiyamozhi,1,1,0,run,0,,,168/3
1439780,1,18,1,Tushar Raheja,S Mohamed Ali,N Selva Kumaran,1,1,0,run,0,,,169/3
1439780,1,18,2,S Mohamed Ali,Tushar Raheja,N Selva Kumaran,1,1,0,run,0,,,170/3
1439780,1,18,3,Tushar Raheja,S Mohamed Ali,N Selva Kumaran,0,0,0,no run,0,,,170/3
1439780,1,18,4,Tushar Raheja,S Mohamed Ali,N Selva Kumaran,1,0,1,leg bye,0,,,171/3
1439780,1,18,5,S Mohamed Ali,Tushar Raheja,N Selva Kumaran,6,6,0,six,0,,,177/3
1439780,1,18,6,S Mohamed Ali,Tushar Raheja,N Selva Kumaran,1,0,1,wide,0,,,178/3
1439780,1,18,7,S Mohamed Ali,Tushar Raheja,N Selva Kumaran,0,0,0,out,1,caught,S Mohamed Ali,178/4
1439780,1,19,1,Tushar Raheja,S Ganesh,M Poiyamozhi,0,0,0,out,1,caught,Tushar Raheja,178/5
1439780,1,19,2,M Mathivannan,S Ganesh,M Poiyamozhi,1,1,0,run,0,,,179/5
1439780,1,19,3,S Ganesh,M Mathivannan,M Poiyamozhi,2,2,0,run,0,,,181/5
1439780,1,19,4,S Ganesh,M Mathivannan,M Poiyamozhi,1,1,0,run,0,,,182/5
1439780,1,19,5,M Mathivannan,S Ganesh,M Poiyamozhi,0,0,0,out,1,caught,M Mathivannan,182/6
1439780,1,19,6,P Bhuvaneswaran,S Ganesh,M Poiyamozhi,1,0,1,wide,0,,,183/6
1439780,1,19,7,P Bhuvaneswaran,S Ganesh,M Poiyamozhi,0,0,0,no run,0,,,183/6
1439780,1,20,1,S Ganesh,P Bhuvaneswaran,S Guru Sayee,0,0,0,out,1,caught,S Ganesh,183/7
1439780,1,20,2,Sundararaman Radhakrishnan,P Bhuvaneswaran,S Guru Sayee,4,4,0,four,0,,,187/7
1439780,1,20,3,Sundararaman Radhakrishnan,P Bhuvaneswaran,S Guru Sayee,0,0,0,out,1,caught,Sundararaman Radhakrishnan,187/8
1439780,1,20,4, Sriram Ajith Ram,P Bhuvaneswaran,S Guru Sayee,4,4,0,four,0,,,191/8
1439780,1,20,5, Sriram Ajith Ram,P Bhuvaneswaran,S Guru Sayee,0,0,0,out,1,caught, Sriram Ajith Ram,191/9
1439780,1,20,6,Ramalingam Rohit,P Bhuvaneswaran,S Guru Sayee,1,1,0,run,0,,,192/9
1439780,2,1,1,S Abishiek,Muhammed Adnan Khan,P Bhuvaneswaran,1,1,0,run,0,,,1/0
1439780,2,1,2,Muhammed Adnan Khan,S Abishiek,P Bhuvaneswaran,1,0,1,leg bye,0,,,2/0
1439780,2,1,3,S Abishiek,Muhammed Adnan Khan,P Bhuvaneswaran,0,0,0,out,1,caught,S Abishiek,2/1
1439780,2,1,4,K Vishal Vaidhya,Muhammed Adnan Khan,P Bhuvaneswaran,0,0,0,no run,0,,,2/1
1439780,2,1,5,K Vishal Vaidhya,Muhammed Adnan Khan,P Bhuvaneswaran,1,1,0,run,0,,,3/1
1439780,2,1,6,Muhammed Adnan Khan,K Vishal Vaidhya,P Bhuvaneswaran,0,0,0,no run,0,,,3/1
1439780,2,2,1,K Vishal Vaidhya,Muhammed Adnan Khan,Thangarasu Natarajan,0,0,0,no run,0,,,3/1
1439780,2,2,2,K Vishal Vaidhya,Muhammed Adnan Khan,Thangarasu Natarajan,1,1,0,run,0,,,4/1
1439780,2,2,3,Muhammed Adnan Khan,K Vishal Vaidhya,Thangarasu Natarajan,0,0,0,no run,0,,,4/1
1439780,2,2,4,Muhammed Adnan Khan,K Vishal Vaidhya,Thangarasu Natarajan,0,0,0,out,1,caught,Muhammed Adnan Khan,4/2
1439780,2,2,5,Robin Bist,K Vishal Vaidhya,Thangarasu Natarajan,0,0,0,no run,0,,,4/2
1439780,2,2,6,Robin Bist,K Vishal Vaidhya,Thangarasu Natarajan,0,0,0,no run,0,,,4/2
1439780,2,3,1,K Vishal Vaidhya,Robin Bist,P Bhuvaneswaran,4,4,0,four,0,,,8/2
1439780,2,3,2,K Vishal Vaidhya,Robin Bist,P Bhuvaneswaran,4,4,0,four,0,,,12/2
1439780,2,3,3,K Vishal Vaidhya,Robin Bist,P Bhuvaneswaran,1,1,0,run,0,,,13/2
1439780,2,3,4,Robin Bist,K Vishal Vaidhya,P Bhuvaneswaran,0,0,0,no run,0,,,13/2
1439780,2,3,5,Robin Bist,K Vishal Vaidhya,P Bhuvaneswaran,0,0,0,no run,0,,,13/2
1439780,2,3,6,Robin Bist,K Vishal Vaidhya,P Bhuvaneswaran,1,1,0,run,0,,,14/2
1439780,2,4,1,Robin Bist,K Vishal Vaidhya, Sriram Ajith Ram,0,0,0,no run,0,,,14/2
1439780,2,4,2,Robin Bist,K Vishal Vaidhya, Sriram Ajith Ram,0,0,0,no run,0,,,14/2
1439780,2,4,3,Robin Bist,K Vishal Vaidhya, Sriram Ajith Ram,1,1,0,run,0,,,15/2
1439780,2,4,4,K Vishal Vaidhya,Robin Bist, Sriram Ajith Ram,1,1,0,run,0,,,16/2
1439780,2,4,5,Robin Bist,K Vishal Vaidhya, Sriram Ajith Ram,0,0,0,no run,0,,,16/2
1439780,2,4,6,Robin Bist,K Vishal Vaidhya, Sriram Ajith Ram,1,1,0,run,0,,,17/2
1439780,2,5,1,Robin Bist,K Vishal Vaidhya,S Mohamed Ali,0,0,0,out,1,caught,Robin Bist,17/3
1439780,2,5,2,Rajendran Vivek,K Vishal Vaidhya,S Mohamed Ali,1,1,0,run,0,,,18/3
1439780,2,5,3,K Vishal Vaidhya,Rajendran Vivek,S Mohamed Ali,1,0,1,leg bye,0,,,19/3
1439780,2,5,4,Rajendran Vivek,K Vishal Vaidhya,S Mohamed Ali,0,0,0,out,1,caught,Rajendran Vivek,19/4
1439780,2,5,5,Poovathinga Shijit Chandran,K Vishal Vaidhya,S Mohamed Ali,1,1,0,run,0,,,20/4
1439780,2,5,6,K Vishal Vaidhya,Poovathinga Shijit Chandran,S Mohamed Ali,1,0,1,leg bye,0,,,21/4
1439780,2,6,1,K Vishal Vaidhya,Poovathinga Shijit Chandran, Sriram Ajith Ram,1,1,0,run,0,,,22/4
1439780,2,6,2,Poovathinga Shijit Chandran,K Vishal Vaidhya, Sriram Ajith Ram,0,0,0,no run,0,,,22/4
1439780,2,6,3,Poovathinga Shijit Chandran,K Vishal Vaidhya, Sriram Ajith Ram,0,0,0,no run,0,,,22/4
1439780,2,6,4,Poovathinga Shijit Chandran,K Vishal Vaidhya, Sriram Ajith Ram,0,0,0,no run,0,,,22/4
1439780,2,6,5,Poovathinga Shijit Chandran,K Vishal Vaidhya, Sriram Ajith Ram,0,0,0,out,1,bowled,Poovathinga Shijit Chandran,22/5
1439780,2,6,6,R Rajan,K Vishal Vaidhya, Sriram Ajith Ram,0,0,0,no run,0,,,22/5
1439780,2,7,1,K Vishal Vaidhya,R Rajan,S Mohamed Ali,0,0,0,no run,0,,,22/5
1439780,2,7,2,K Vishal Vaidhya,R Rajan,S Mohamed Ali,0,0,0,no run,0,,,22/5
1439780,2,7,3,K Vishal Vaidhya,R Rajan,S Mohamed Ali,1,1,0,run,0,,,23/5
1439780,2,7,4,R Rajan,K Vishal Vaidhya,S Mohamed Ali,1,1,0,run,0,,,24/5
1439780,2,7,5,K Vishal Vaidhya,R Rajan,S Mohamed Ali,0,0,0,no run,0,,,24/5
1439780,2,7,6,K Vishal Vaidhya,R Rajan,S Mohamed Ali,4,4,0,four,0,,,28/5
1439780,2,8,1,R Rajan,K Vishal Vaidhya,Ravisrinivasan Sai Kishore,1,1,0,run,0,,,29/5
1439780,2,8,2,K Vishal Vaidhya,R Rajan,Ravisrinivasan Sai Kishore,4,4,0,four,0,,,33/5
1439780,2,8,3,K Vishal Vaidhya,R Rajan,Ravisrinivasan Sai Kishore,1,1,0,run,0,,,34/5
1439780,2,8,4,R Rajan,K Vishal Vaidhya,Ravisrinivasan Sai Kishore,0,0,0,no run,0,,,34/5
1439780,2,8,5,R Rajan,K Vishal Vaidhya,Ravisrinivasan Sai Kishore,1,1,0,run,0,,,35/5
1439780,2,8,6,K Vishal Vaidhya,R Rajan,Ravisrinivasan Sai Kishore,1,1,0,run,0,,,36/5
1439780,2,9,1,K Vishal Vaidhya,R Rajan,Ramalingam Rohit,1,1,0,run,0,,,37/5
1439780,2,9,2,R Rajan,K Vishal Vaidhya,Ramalingam Rohit,1,1,0,run,0,,,38/5
1439780,2,9,3,K Vishal Vaidhya,R Rajan,Ramalingam Rohit,2,2,0,run,0,,,40/5
1439780,2,9,4,K Vishal Vaidhya,R Rajan,Ramalingam Rohit,1,1,0,run,0,,,41/5
1439780,2,9,5,R Rajan,K Vishal Vaidhya,Ramalingam Rohit,4,4,0,four,0,,,45/5
1439780,2,9,6,R Rajan,K Vishal Vaidhya,Ramalingam Rohit,1,1,0,run,0,,,46/5
1439780,2,10,1,R Rajan,K Vishal Vaidhya,Ravisrinivasan Sai Kishore,0,0,0,no run,0,,,46/5
1439780,2,10,2,R Rajan,K Vishal Vaidhya,Ravisrinivasan Sai Kishore,1,1,0,run,0,,,47/5
1439780,2,10,3,K Vishal Vaidhya,R Rajan,Ravisrinivasan Sai Kishore,1,1,0,run,0,,,48/5
1439780,2,10,4,R Rajan,K Vishal Vaidhya,Ravisrinivasan Sai Kishore,1,1,0,run,0,,,49/5
1439780,2,10,5,K Vishal Vaidhya,R Rajan,Ravisrinivasan Sai Kishore,2,2,0,run,0,,,51/5
1439780,2,10,6,K Vishal Vaidhya,R Rajan,Ravisrinivasan Sai Kishore,4,4,0,four,0,,,55/5
1439780,2,11,1,R Rajan,K Vishal Vaidhya,S Mohamed Ali,1,1,0,run,0,,,56/5
1439780,2,11,2,K Vishal Vaidhya,R Rajan,S Mohamed Ali,0,0,0,no run,0,,,56/5
1439780,2,11,3,K Vishal Vaidhya,R Rajan,S Mohamed Ali,0,0,0,out,1,leg before wicket,K Vishal Vaidhya,56/6
1439780,2,11,4,S Harish Kumar,R Rajan,S Mohamed Ali,0,0,0,no run,0,,,56/6
1439780,2,11,5,S Harish Kumar,R Rajan,S Mohamed Ali,0,0,0,no run,0,,,56/6
1439780,2,11,6,S Harish Kumar,R Rajan,S Mohamed Ali,1,1,0,run,0,,,57/6
1439780,2,12,1,S Harish Kumar,R Rajan,Thangarasu Natarajan,4,4,0,four,0,,,61/6
1439780,2,12,2,S Harish Kumar,R Rajan,Thangarasu Natarajan,0,0,0,no run,0,,,61/6
1439780,2,12,3,S Harish Kumar,R Rajan,Thangarasu Natarajan,1,0,1,wide,0,,,62/6
1439780,2,12,4,S Harish Kumar,R Rajan,Thangarasu Natarajan,1,1,0,run,0,,,63/6
1439780,2,12,5,R Rajan,S Harish Kumar,Thangarasu Natarajan,1,1,0,run,0,,,64/6
1439780,2,12,6,S Harish Kumar,R Rajan,Thangarasu Natarajan,0,0,0,no run,0,,,64/6
1439780,2,12,7,S Harish Kumar,R Rajan,Thangarasu Natarajan,1,1,0,run,0,,,65/6
1439780,2,13,1,S Harish Kumar,R Rajan,M Mathivannan,6,6,0,six,0,,,71/6
1439780,2,13,2,S Harish Kumar,R Rajan,M Mathivannan,1,1,0,run,0,,,72/6
1439780,2,13,3,R Rajan,S Harish Kumar,M Mathivannan,0,0,0,no run,0,,,72/6
1439780,2,13,4,R Rajan,S Harish Kumar,M Mathivannan,0,0,0,no run,0,,,72/6
1439780,2,13,5,R Rajan,S Harish Kumar,M Mathivannan,1,1,0,run,0,,,73/6
1439780,2,13,6,S Harish Kumar,R Rajan,M Mathivannan,1,1,0,run,0,,,74/6
1439780,2,14,1,S Harish Kumar,R Rajan, Sriram Ajith Ram,1,1,0,run,0,,,75/6
1439780,2,14,2,R Rajan,S Harish Kumar, Sriram Ajith Ram,1,1,0,run,0,,,76/6
1439780,2,14,3,S Harish Kumar,R Rajan, Sriram Ajith Ram,1,1,0,run,0,,,77/6
1439780,2,14,4,R Rajan,S Harish Kumar, Sriram Ajith Ram,1,1,0,run,0,,,78/6
1439780,2,14,5,S Harish Kumar,R Rajan, Sriram Ajith Ram,0,0,0,no run,0,,,78/6
1439780,2,14,6,S Harish Kumar,R Rajan, Sriram Ajith Ram,1,1,0,run,0,,,79/6
1439780,2,15,1,S Harish Kumar,R Rajan,M Mathivannan,1,1,0,run,0,,,80/6
1439780,2,15,2,R Rajan,S Harish Kumar,M Mathivannan,0,0,0,no run,0,,,80/6
1439780,2,15,3,R Rajan,S Harish Kumar,M Mathivannan,0,0,0,no run,0,,,80/6
1439780,2,15,4,R Rajan,S Harish Kumar,M Mathivannan,1,1,0,run,0,,,81/6
1439780,2,15,5,S Harish Kumar,R Rajan,M Mathivannan,0,0,0,no run,0,,,81/6
1439780,2,15,6,S Harish Kumar,R Rajan,M Mathivannan,1,1,0,run,0,,,82/6
1439780,2,16,1,S Harish Kumar,R Rajan, Sriram Ajith Ram,6,6,0,six,0,,,88/6
1439780,2,16,2,S Harish Kumar,R Rajan, Sriram Ajith Ram,6,6,0,six,0,,,94/6
1439780,2,16,3,S Harish Kumar,R Rajan, Sriram Ajith Ram,0,0,0,out,1,caught,S Harish Kumar,94/7
1439780,2,16,4,M Poiyamozhi,R Rajan, Sriram Ajith Ram,0,0,0,no run,0,,,94/7
1439780,2,16,5,M Poiyamozhi,R Rajan, Sriram Ajith Ram,0,0,0,no run,0,,,94/7
1439780,2,16,6,M Poiyamozhi,R Rajan, Sriram Ajith Ram,0,0,0,no run,0,,,94/7
1439780,2,17,1,R Rajan,M Poiyamozhi,M Mathivannan,4,4,0,four,0,,,98/7
1439780,2,17,2,R Rajan,M Poiyamozhi,M Mathivannan,0,0,0,no run,0,,,98/7
1439780,2,17,3,R Rajan,M Poiyamozhi,M Mathivannan,0,0,0,no run,0,,,98/7
1439780,2,17,4,R Rajan,M Poiyamozhi,M Mathivannan,2,2,0,run,0,,,100/7
1439780,2,17,5,R Rajan,M Poiyamozhi,M Mathivannan,0,0,0,no run,0,,,100/7
1439780,2,17,6,R Rajan,M Poiyamozhi,M Mathivannan,1,1,0,run,0,,,101/7
1439780,2,18,1,R Rajan,M Poiyamozhi,Thangarasu Natarajan,6,6,0,six,0,,,107/7
1439780,2,18,2,R Rajan,M Poiyamozhi,Thangarasu Natarajan,2,2,0,run,0,,,109/7
1439780,2,18,3,R Rajan,M Poiyamozhi,Thangarasu Natarajan,1,1,0,run,0,,,110/7
1439780,2,18,4,M Poiyamozhi,R Rajan,Thangarasu Natarajan,1,1,0,run,0,,,111/7
1439780,2,18,5,R Rajan,M Poiyamozhi,Thangarasu Natarajan,1,0,1,leg bye,0,,,112/7
1439780,2,18,6,M Poiyamozhi,R Rajan,Thangarasu Natarajan,0,0,0,no run,0,,,112/7
1439780,2,19,1,R Rajan,M Poiyamozhi,Ramalingam Rohit,1,1,0,run,0,,,113/7
1439780,2,19,2,M Poiyamozhi,R Rajan,Ramalingam Rohit,1,1,0,run,0,,,114/7
1439780,2,19,3,R Rajan,M Poiyamozhi,Ramalingam Rohit,4,4,0,four,0,,,118/7
1439780,2,19,4,R Rajan,M Poiyamozhi,Ramalingam Rohit,4,4,0,four,0,,,122/7
1439780,2,19,5,R Rajan,M Poiyamozhi,Ramalingam Rohit,1,0,1,wide,0,,,123/7
1439780,2,19,6,R Rajan,M Poiyamozhi,Ramalingam Rohit,1,1,0,run,0,,,124/7
1439780,2,19,7,M Poiyamozhi,R Rajan,Ramalingam Rohit,6,6,0,six,0,,,130/7
1439780,2,20,1,R Rajan,M Poiyamozhi,Thangarasu Natarajan,2,2,0,run,0,,,132/7
1439780,2,20,2,R Rajan,M Poiyamozhi,Thangarasu Natarajan,1,1,0,run,0,,,133/7
1439780,2,20,3,M Poiyamozhi,R Rajan,Thangarasu Natarajan,1,1,0,run,0,,,134/7
1439780,2,20,4,R Rajan,M Poiyamozhi,Thangarasu Natarajan,6,6,0,six,0,,,140/7
1439780,2,20,5,R Rajan,M Poiyamozhi,Thangarasu Natarajan,1,1,0,run,0,,,141/7
1439780,2,20,6,M Poiyamozhi,R Rajan,Thangarasu Natarajan,0,0,0,out,1,bowled,M Poiyamozhi,141/8
1439781,1,1,1,D Santhosh Kumar,Narayan Jagadeesan,P Saravana Kumar,0,0,0,no run,0,,,0/0
1439781,1,1,2,D Santhosh Kumar,Narayan Jagadeesan,P Saravana Kumar,1,1,0,run,0,,,1/0
1439781,1,1,3,Narayan Jagadeesan,D Santhosh Kumar,P Saravana Kumar,0,0,0,no run,0,,,1/0
1439781,1,1,4,Narayan Jagadeesan,D Santhosh Kumar,P Saravana Kumar,0,0,0,no run,0,,,1/0
1439781,1,1,5,Narayan Jagadeesan,D Santhosh Kumar,P Saravana Kumar,0,0,0,no run,0,,,1/0
1439781,1,1,6,Narayan Jagadeesan,D Santhosh Kumar,P Saravana Kumar,1,1,0,run,0,,,2/0
1439781,1,2,1,Narayan Jagadeesan,D Santhosh Kumar,V Athisayaraj Davidson,0,0,0,no run,0,,,2/0
1439781,1,2,2,Narayan Jagadeesan,D Santhosh Kumar,V Athisayaraj Davidson,0,0,0,no run,0,,,2/0
1439781,1,2,3,Narayan Jagadeesan,D Santhosh Kumar,V Athisayaraj Davidson,0,0,0,no run,0,,,2/0
1439781,1,2,4,Narayan Jagadeesan,D Santhosh Kumar,V Athisayaraj Davidson,0,0,0,no run,0,,,2/0
1439781,1,2,5,Narayan Jagadeesan,D Santhosh Kumar,V Athisayaraj Davidson,1,1,0,run,0,,,3/0
1439781,1,2,6,D Santhosh Kumar,Narayan Jagadeesan,V Athisayaraj Davidson,0,0,0,no run,0,,,3/0
1439781,1,3,1,Narayan Jagadeesan,D Santhosh Kumar,P Saravana Kumar,1,1,0,run,0,,,4/0
1439781,1,3,2,D Santhosh Kumar,Narayan Jagadeesan,P Saravana Kumar,1,1,0,run,0,,,5/0
1439781,1,3,3,Narayan Jagadeesan,D Santhosh Kumar,P Saravana Kumar,1,1,0,run,0,,,6/0
1439781,1,3,4,D Santhosh Kumar,Narayan Jagadeesan,P Saravana Kumar,4,4,0,four,0,,,10/0
1439781,1,3,5,D Santhosh Kumar,Narayan Jagadeesan,P Saravana Kumar,1,1,0,run,0,,,11/0
1439781,1,3,6,Narayan Jagadeesan,D Santhosh Kumar,P Saravana Kumar,4,4,0,four,0,,,15/0
1439781,1,4,1,D Santhosh Kumar,Narayan Jagadeesan,V Athisayaraj Davidson,0,0,0,no run,0,,,15/0
1439781,1,4,2,D Santhosh Kumar,Narayan Jagadeesan,V Athisayaraj Davidson,0,0,0,no run,0,,,15/0
1439781,1,4,3,D Santhosh Kumar,Narayan Jagadeesan,V Athisayaraj Davidson,0,0,0,no run,0,,,15/0
1439781,1,4,4,D Santhosh Kumar,Narayan Jagadeesan,V Athisayaraj Davidson,4,4,0,four,0,,,19/0
1439781,1,4,5,D Santhosh Kumar,Narayan Jagadeesan,V Athisayaraj Davidson,6,6,0,six,0,,,25/0
1439781,1,4,6,D Santhosh Kumar,Narayan Jagadeesan,V Athisayaraj Davidson,0,0,0,no run,0,,,25/0
1439781,1,5,1,Narayan Jagadeesan,D Santhosh Kumar,P Saravana Kumar,1,1,0,run,0,,,26/0
1439781,1,5,2,D Santhosh Kumar,Narayan Jagadeesan,P Saravana Kumar,4,4,0,four,0,,,30/0
1439781,1,5,3,D Santhosh Kumar,Narayan Jagadeesan,P Saravana Kumar,1,1,0,run,0,,,31/0
1439781,1,5,4,Narayan Jagadeesan,D Santhosh Kumar,P Saravana Kumar,4,4,0,four,0,,,35/0
1439781,1,5,5,Narayan Jagadeesan,D Santhosh Kumar,P Saravana Kumar,0,0,0,no run,0,,,35/0
1439781,1,5,6,Narayan Jagadeesan,D Santhosh Kumar,P Saravana Kumar,1,1,0,run,0,,,36/0
1439781,1,6,1,Narayan Jagadeesan,D Santhosh Kumar,Ramsingh  Sanjay Yadav,0,0,0,no run,0,,,36/0
1439781,1,6,2,Narayan Jagadeesan,D Santhosh Kumar,Ramsingh  Sanjay Yadav,1,1,0,run,0,,,37/0
1439781,1,6,3,D Santhosh Kumar,Narayan Jagadeesan,Ramsingh  Sanjay Yadav,0,0,0,no run,0,,,37/0
1439781,1,6,4,D Santhosh Kumar,Narayan Jagadeesan,Ramsingh  Sanjay Yadav,1,1,0,run,0,,,38/0
1439781,1,6,5,Narayan Jagadeesan,D Santhosh Kumar,Ramsingh  Sanjay Yadav,1,0,1,wide,0,,,39/0
1439781,1,6,6,Narayan Jagadeesan,D Santhosh Kumar,Ramsingh  Sanjay Yadav,2,2,0,run,0,,,41/0
1439781,1,6,7,Narayan Jagadeesan,D Santhosh Kumar,Ramsingh  Sanjay Yadav,4,4,0,four,0,,,45/0
1439781,1,7,1,D Santhosh Kumar,Narayan Jagadeesan,Wenseslaus Antony Dhas,1,1,0,run,0,,,46/0
1439781,1,7,2,Narayan Jagadeesan,D Santhosh Kumar,Wenseslaus Antony Dhas,1,1,0,run,0,,,47/0
1439781,1,7,3,D Santhosh Kumar,Narayan Jagadeesan,Wenseslaus Antony Dhas,6,6,0,six,0,,,53/0
1439781,1,7,4,D Santhosh Kumar,Narayan Jagadeesan,Wenseslaus Antony Dhas,1,1,0,run,0,,,54/0
1439781,1,7,5,Narayan Jagadeesan,D Santhosh Kumar,Wenseslaus Antony Dhas,1,1,0,run,0,,,55/0
1439781,1,7,6,D Santhosh Kumar,Narayan Jagadeesan,Wenseslaus Antony Dhas,0,0,0,no run,0,,,55/0
1439781,1,8,1,Narayan Jagadeesan,D Santhosh Kumar,Ramsingh  Sanjay Yadav,1,1,0,run,0,,,56/0
1439781,1,8,2,D Santhosh Kumar,Narayan Jagadeesan,Ramsingh  Sanjay Yadav,0,0,0,no run,0,,,56/0
1439781,1,8,3,D Santhosh Kumar,Narayan Jagadeesan,Ramsingh  Sanjay Yadav,1,1,0,run,0,,,57/0
1439781,1,8,4,Narayan Jagadeesan,D Santhosh Kumar,Ramsingh  Sanjay Yadav,1,1,0,run,0,,,58/0
1439781,1,8,5,D Santhosh Kumar,Narayan Jagadeesan,Ramsingh  Sanjay Yadav,1,0,1,wide,0,,,59/0
1439781,1,8,6,D Santhosh Kumar,Narayan Jagadeesan,Ramsingh  Sanjay Yadav,4,4,0,four,0,,,63/0
1439781,1,8,7,D Santhosh Kumar,Narayan Jagadeesan,Ramsingh  Sanjay Yadav,1,1,0,run,0,,,64/0
1439781,1,9,1,D Santhosh Kumar,Narayan Jagadeesan,Wenseslaus Antony Dhas,1,1,0,run,0,,,65/0
1439781,1,9,2,Narayan Jagadeesan,D Santhosh Kumar,Wenseslaus Antony Dhas,4,4,0,four,0,,,69/0
1439781,1,9,3,Narayan Jagadeesan,D Santhosh Kumar,Wenseslaus Antony Dhas,4,4,0,four,0,,,73/0
1439781,1,9,4,Narayan Jagadeesan,D Santhosh Kumar,Wenseslaus Antony Dhas,1,1,0,run,0,,,74/0
1439781,1,9,5,D Santhosh Kumar,Narayan Jagadeesan,Wenseslaus Antony Dhas,1,0,1,leg bye,0,,,75/0
1439781,1,9,6,Narayan Jagadeesan,D Santhosh Kumar,Wenseslaus Antony Dhas,1,1,0,run,0,,,76/0
1439781,1,10,1,Narayan Jagadeesan,D Santhosh Kumar,SP Vinod,0,0,0,no run,0,,,76/0
1439781,1,10,2,Narayan Jagadeesan,D Santhosh Kumar,SP Vinod,1,1,0,run,0,,,77/0
1439781,1,10,3,D Santhosh Kumar,Narayan Jagadeesan,SP Vinod,1,1,0,run,0,,,78/0
1439781,1,10,4,Narayan Jagadeesan,D Santhosh Kumar,SP Vinod,2,2,0,run,0,,,80/0
1439781,1,10,5,Narayan Jagadeesan,D Santhosh Kumar,SP Vinod,2,2,0,run,0,,,82/0
1439781,1,10,6,Narayan Jagadeesan,D Santhosh Kumar,SP Vinod,1,1,0,run,0,,,83/0
1439781,1,11,1,Narayan Jagadeesan,D Santhosh Kumar,Ramsingh  Sanjay Yadav,4,4,0,four,0,,,87/0
1439781,1,11,2,Narayan Jagadeesan,D Santhosh Kumar,Ramsingh  Sanjay Yadav,1,1,0,run,0,,,88/0
1439781,1,11,3,D Santhosh Kumar,Narayan Jagadeesan,Ramsingh  Sanjay Yadav,1,0,1,leg bye,0,,,89/0
1439781,1,11,4,Narayan Jagadeesan,D Santhosh Kumar,Ramsingh  Sanjay Yadav,1,1,0,run,0,,,90/0
1439781,1,11,5,D Santhosh Kumar,Narayan Jagadeesan,Ramsingh  Sanjay Yadav,4,4,0,four,0,,,94/0
1439781,1,11,6,D Santhosh Kumar,Narayan Jagadeesan,Ramsingh  Sanjay Yadav,4,4,0,four,0,,,98/0
1439781,1,12,1,Narayan Jagadeesan,D Santhosh Kumar,SP Vinod,1,1,0,run,0,,,99/0
1439781,1,12,2,D Santhosh Kumar,Narayan Jagadeesan,SP Vinod,1,1,0,run,0,,,100/0
1439781,1,12,3,Narayan Jagadeesan,D Santhosh Kumar,SP Vinod,2,2,0,run,0,,,102/0
1439781,1,12,4,Narayan Jagadeesan,D Santhosh Kumar,SP Vinod,1,1,0,run,0,,,103/0
1439781,1,12,5,D Santhosh Kumar,Narayan Jagadeesan,SP Vinod,0,0,0,no run,0,,,103/0
1439781,1,12,6,D Santhosh Kumar,Narayan Jagadeesan,SP Vinod,1,1,0,run,0,,,104/0
1439781,1,13,1,D Santhosh Kumar,Narayan Jagadeesan,R Rajkumar,1,1,0,run,0,,,105/0
1439781,1,13,2,Narayan Jagadeesan,D Santhosh Kumar,R Rajkumar,0,0,0,out,1,caught,Narayan Jagadeesan,105/1
1439781,1,13,3,Baba Aparajith,D Santhosh Kumar,R Rajkumar,0,0,0,no run,0,,,105/1
1439781,1,13,4,Baba Aparajith,D Santhosh Kumar,R Rajkumar,1,1,0,run,0,,,106/1
1439781,1,13,5,D Santhosh Kumar,Baba Aparajith,R Rajkumar,4,4,0,four,0,,,110/1
1439781,1,13,6,D Santhosh Kumar,Baba Aparajith,R Rajkumar,1,1,0,run,0,,,111/1
1439781,1,14,1,D Santhosh Kumar,Baba Aparajith,SP Vinod,1,1,0,run,0,,,112/1
1439781,1,14,2,Baba Aparajith,D Santhosh Kumar,SP Vinod,1,1,0,run,0,,,113/1
1439781,1,14,3,D Santhosh Kumar,Baba Aparajith,SP Vinod,0,0,0,out,1,caught,D Santhosh Kumar,113/2
1439781,1,14,4,Daryl Sunder Ferrario,Baba Aparajith,SP Vinod,2,2,0,run,0,,,115/2
1439781,1,14,5,Daryl Sunder Ferrario,Baba Aparajith,SP Vinod,0,0,0,no run,0,,,115/2
1439781,1,14,6,Daryl Sunder Ferrario,Baba Aparajith,SP Vinod,1,1,0,run,0,,,116/2
1439781,1,15,1,Daryl Sunder Ferrario,Baba Aparajith,R Rajkumar,1,1,0,run,0,,,117/2
1439781,1,15,2,Baba Aparajith,Daryl Sunder Ferrario,R Rajkumar,0,0,0,no run,0,,,117/2
1439781,1,15,3,Baba Aparajith,Daryl Sunder Ferrario,R Rajkumar,0,0,0,out,1,caught,Baba Aparajith,117/3
1439781,1,15,4,Pradosh Ranjan Paul,Daryl Sunder Ferrario,R Rajkumar,1,1,0,run,0,,,118/3
1439781,1,15,5,Daryl Sunder Ferrario,Pradosh Ranjan Paul,R Rajkumar,1,1,0,run,0,,,119/3
1439781,1,15,6,Pradosh Ranjan Paul,Daryl Sunder Ferrario,R Rajkumar,1,1,0,run,0,,,120/3
1439781,1,16,1,Pradosh Ranjan Paul,Daryl Sunder Ferrario,SP Vinod,1,1,0,run,0,,,121/3
1439781,1,16,2,Daryl Sunder Ferrario,Pradosh Ranjan Paul,SP Vinod,6,6,0,six,0,,,127/3
1439781,1,16,3,Daryl Sunder Ferrario,Pradosh Ranjan Paul,SP Vinod,1,1,0,run,0,,,128/3
1439781,1,16,4,Pradosh Ranjan Paul,Daryl Sunder Ferrario,SP Vinod,6,6,0,six,0,,,134/3
1439781,1,16,5,Pradosh Ranjan Paul,Daryl Sunder Ferrario,SP Vinod,4,4,0,four,0,,,138/3
1439781,1,16,6,Pradosh Ranjan Paul,Daryl Sunder Ferrario,SP Vinod,4,4,0,four,0,,,142/3
1439781,1,17,1,Daryl Sunder Ferrario,Pradosh Ranjan Paul,R Rajkumar,1,1,0,run,0,,,143/3
1439781,1,17,2,Pradosh Ranjan Paul,Daryl Sunder Ferrario,R Rajkumar,1,1,0,run,0,,,144/3
1439781,1,17,3,Daryl Sunder Ferrario,Pradosh Ranjan Paul,R Rajkumar,1,1,0,run,0,,,145/3
1439781,1,17,4,Pradosh Ranjan Paul,Daryl Sunder Ferrario,R Rajkumar,4,4,0,four,0,,,149/3
1439781,1,17,5,Pradosh Ranjan Paul,Daryl Sunder Ferrario,R Rajkumar,1,1,0,run,0,,,150/3
1439781,1,17,6,Daryl Sunder Ferrario,Pradosh Ranjan Paul,R Rajkumar,4,4,0,four,0,,,154/3
1439781,1,18,1,Pradosh Ranjan Paul,Daryl Sunder Ferrario,V Athisayaraj Davidson,1,1,0,run,0,,,155/3
1439781,1,18,2,Daryl Sunder Ferrario,Pradosh Ranjan Paul,V Athisayaraj Davidson,0,0,0,no run,0,,,155/3
1439781,1,18,3,Daryl Sunder Ferrario,Pradosh Ranjan Paul,V Athisayaraj Davidson,0,0,0,no run,0,,,155/3
1439781,1,18,4,Daryl Sunder Ferrario,Pradosh Ranjan Paul,V Athisayaraj Davidson,6,6,0,six,0,,,161/3
1439781,1,18,5,Daryl Sunder Ferrario,Pradosh Ranjan Paul,V Athisayaraj Davidson,6,6,0,six,0,,,167/3
1439781,1,18,6,Daryl Sunder Ferrario,Pradosh Ranjan Paul,V Athisayaraj Davidson,0,0,0,out,1,caught,Daryl Sunder Ferrario,167/4
1439781,1,19,1,Pradosh Ranjan Paul,Abhishek Baljeetsingh Tanwar,P Saravana Kumar,1,1,0,run,0,,,168/4
1439781,1,19,2,Abhishek Baljeetsingh Tanwar,Pradosh Ranjan Paul,P Saravana Kumar,1,1,0,run,0,,,169/4
1439781,1,19,3,Pradosh Ranjan Paul,Abhishek Baljeetsingh Tanwar,P Saravana Kumar,1,1,0,run,0,,,170/4
1439781,1,19,4,Abhishek Baljeetsingh Tanwar,Pradosh Ranjan Paul,P Saravana Kumar,1,1,0,run,0,,,171/4
1439781,1,19,5,Pradosh Ranjan Paul,Abhishek Baljeetsingh Tanwar,P Saravana Kumar,1,1,0,run,0,,,172/4
1439781,1,19,6,Abhishek Baljeetsingh Tanwar,Pradosh Ranjan Paul,P Saravana Kumar,1,1,0,run,0,,,173/4
1439781,1,20,1,Abhishek Baljeetsingh Tanwar,Pradosh Ranjan Paul,V Athisayaraj Davidson,4,4,0,four,0,,,177/4
1439781,1,20,2,Abhishek Baljeetsingh Tanwar,Pradosh Ranjan Paul,V Athisayaraj Davidson,6,6,0,six,0,,,183/4
1439781,1,20,3,Abhishek Baljeetsingh Tanwar,Pradosh Ranjan Paul,V Athisayaraj Davidson,6,6,0,six,0,,,189/4
1439781,1,20,4,Abhishek Baljeetsingh Tanwar,Pradosh Ranjan Paul,V Athisayaraj Davidson,6,6,0,six,0,,,195/4
1439781,1,20,5,Abhishek Baljeetsingh Tanwar,Pradosh Ranjan Paul,V Athisayaraj Davidson,1,1,0,run,0,,,196/4
1439781,1,20,6,Pradosh Ranjan Paul,Abhishek Baljeetsingh Tanwar,V Athisayaraj Davidson,2,2,0,run,0,,,198/4
1439781,2,1,1,Waseem Ahmed,K Rajkumar,Abhishek Baljeetsingh Tanwar,0,0,0,no run,0,,,0/0
1439781,2,1,2,Waseem Ahmed,K Rajkumar,Abhishek Baljeetsingh Tanwar,0,0,0,no run,0,,,0/0
1439781,2,1,3,Waseem Ahmed,K Rajkumar,Abhishek Baljeetsingh Tanwar,1,1,0,run,0,,,1/0
1439781,2,1,4,K Rajkumar,Waseem Ahmed,Abhishek Baljeetsingh Tanwar,4,0,4,leg bye,0,,,5/0
1439781,2,1,5,K Rajkumar,Waseem Ahmed,Abhishek Baljeetsingh Tanwar,1,1,0,run,0,,,6/0
1439781,2,1,6,Waseem Ahmed,K Rajkumar,Abhishek Baljeetsingh Tanwar,1,1,0,run,0,,,7/0
1439781,2,2,1,Waseem Ahmed,K Rajkumar,Baba Aparajith,0,0,0,no run,0,,,7/0
1439781,2,2,2,Waseem Ahmed,K Rajkumar,Baba Aparajith,1,1,0,run,0,,,8/0
1439781,2,2,3,K Rajkumar,Waseem Ahmed,Baba Aparajith,0,0,0,no run,0,,,8/0
1439781,2,2,4,K Rajkumar,Waseem Ahmed,Baba Aparajith,4,4,0,four,0,,,12/0
1439781,2,2,5,K Rajkumar,Waseem Ahmed,Baba Aparajith,4,4,0,four,0,,,16/0
1439781,2,2,6,K Rajkumar,Waseem Ahmed,Baba Aparajith,4,4,0,four,0,,,20/0
1439781,2,3,1,Waseem Ahmed,K Rajkumar,Rahil S Shah,1,1,0,run,0,,,21/0
1439781,2,3,2,K Rajkumar,Waseem Ahmed,Rahil S Shah,1,1,0,run,0,,,22/0
1439781,2,3,3,Waseem Ahmed,K Rajkumar,Rahil S Shah,6,6,0,six,0,,,28/0
1439781,2,3,4,Waseem Ahmed,K Rajkumar,Rahil S Shah,4,4,0,four,0,,,32/0
1439781,2,3,5,Waseem Ahmed,K Rajkumar,Rahil S Shah,0,0,0,no run,0,,,32/0
1439781,2,3,6,Waseem Ahmed,K Rajkumar,Rahil S Shah,1,1,0,run,0,,,33/0
1439781,2,4,1,Waseem Ahmed,K Rajkumar,Abhishek Baljeetsingh Tanwar,0,0,0,no run,0,,,33/0
1439781,2,4,2,Waseem Ahmed,K Rajkumar,Abhishek Baljeetsingh Tanwar,4,4,0,four,0,,,37/0
1439781,2,4,3,Waseem Ahmed,K Rajkumar,Abhishek Baljeetsingh Tanwar,1,1,0,run,0,,,38/0
1439781,2,4,4,K Rajkumar,Waseem Ahmed,Abhishek Baljeetsingh Tanwar,0,0,0,out,1,caught,K Rajkumar,38/1
1439781,2,4,5,S Shyam Sundar,Waseem Ahmed,Abhishek Baljeetsingh Tanwar,4,4,0,four,0,,,42/1
1439781,2,4,6,S Shyam Sundar,Waseem Ahmed,Abhishek Baljeetsingh Tanwar,0,0,0,no run,0,,,42/1
1439781,2,5,1,Waseem Ahmed,S Shyam Sundar,M Silambarasan,1,1,0,run,0,,,43/1
1439781,2,5,2,S Shyam Sundar,Waseem Ahmed,M Silambarasan,0,0,0,no run,0,,,43/1
1439781,2,5,3,S Shyam Sundar,Waseem Ahmed,M Silambarasan,0,0,0,no run,0,,,43/1
1439781,2,5,4,S Shyam Sundar,Waseem Ahmed,M Silambarasan,1,1,0,run,0,,,44/1
1439781,2,5,5,Waseem Ahmed,S Shyam Sundar,M Silambarasan,6,6,0,six,0,,,50/1
1439781,2,5,6,Waseem Ahmed,S Shyam Sundar,M Silambarasan,1,1,0,run,0,,,51/1
1439781,2,6,1,Waseem Ahmed,S Shyam Sundar,Ganeshan Periyaswamy,1,1,0,run,0,,,52/1
1439781,2,6,2,S Shyam Sundar,Waseem Ahmed,Ganeshan Periyaswamy,0,0,0,no run,0,,,52/1
1439781,2,6,3,S Shyam Sundar,Waseem Ahmed,Ganeshan Periyaswamy,4,4,0,four,0,,,56/1
1439781,2,6,4,S Shyam Sundar,Waseem Ahmed,Ganeshan Periyaswamy,0,0,0,no run,0,,,56/1
1439781,2,6,5,S Shyam Sundar,Waseem Ahmed,Ganeshan Periyaswamy,1,0,1,leg bye,0,,,57/1
1439781,2,6,6,Waseem Ahmed,S Shyam Sundar,Ganeshan Periyaswamy,1,1,0,run,0,,,58/1
1439781,2,7,1,Waseem Ahmed,S Shyam Sundar,M Silambarasan,1,1,0,run,0,,,59/1
1439781,2,7,2,S Shyam Sundar,Waseem Ahmed,M Silambarasan,0,0,0,out,1,caught,S Shyam Sundar,59/2
1439781,2,7,3,Ramsingh  Sanjay Yadav,Waseem Ahmed,M Silambarasan,0,0,0,no run,0,,,59/2
1439781,2,7,4,Ramsingh  Sanjay Yadav,Waseem Ahmed,M Silambarasan,1,1,0,run,1,run out,Ramsingh  Sanjay Yadav,60/3
1439781,2,7,5,Arjun P Murthy,Waseem Ahmed,M Silambarasan,1,1,0,run,0,,,61/3
1439781,2,7,6,Waseem Ahmed,Arjun P Murthy,M Silambarasan,1,1,0,run,0,,,62/3
1439781,2,8,1,Waseem Ahmed,Arjun P Murthy,Antony Chandrasekaran Aswin Crist,0,0,0,no run,0,,,62/3
1439781,2,8,2,Waseem Ahmed,Arjun P Murthy,Antony Chandrasekaran Aswin Crist,1,1,0,run,0,,,63/3
1439781,2,8,3,Arjun P Murthy,Waseem Ahmed,Antony Chandrasekaran Aswin Crist,4,4,0,four,0,,,67/3
1439781,2,8,4,Arjun P Murthy,Waseem Ahmed,Antony Chandrasekaran Aswin Crist,0,0,0,out,1,caught,Arjun P Murthy,67/4
1439781,2,8,5,Jafar Jamal,Waseem Ahmed,Antony Chandrasekaran Aswin Crist,0,0,0,no run,0,,,67/4
1439781,2,8,6,Jafar Jamal,Waseem Ahmed,Antony Chandrasekaran Aswin Crist,0,0,0,no run,0,,,67/4
1439781,2,9,1,Waseem Ahmed,Jafar Jamal,M Silambarasan,1,1,0,run,0,,,68/4
1439781,2,9,2,Jafar Jamal,Waseem Ahmed,M Silambarasan,0,0,0,no run,0,,,68/4
1439781,2,9,3,Jafar Jamal,Waseem Ahmed,M Silambarasan,1,1,0,run,0,,,69/4
1439781,2,9,4,Waseem Ahmed,Jafar Jamal,M Silambarasan,1,1,0,run,0,,,70/4
1439781,2,9,5,Jafar Jamal,Waseem Ahmed,M Silambarasan,0,0,0,no run,0,,,70/4
1439781,2,9,6,Jafar Jamal,Waseem Ahmed,M Silambarasan,1,1,0,run,0,,,71/4
1439781,2,10,1,Jafar Jamal,Waseem Ahmed,Antony Chandrasekaran Aswin Crist,1,1,0,run,0,,,72/4
1439781,2,10,2,Waseem Ahmed,Jafar Jamal,Antony Chandrasekaran Aswin Crist,1,1,0,run,0,,,73/4
1439781,2,10,3,Jafar Jamal,Waseem Ahmed,Antony Chandrasekaran Aswin Crist,1,1,0,run,0,,,74/4
1439781,2,10,4,Waseem Ahmed,Jafar Jamal,Antony Chandrasekaran Aswin Crist,0,0,0,no run,0,,,74/4
1439781,2,10,5,Waseem Ahmed,Jafar Jamal,Antony Chandrasekaran Aswin Crist,1,1,0,run,0,,,75/4
1439781,2,10,6,Jafar Jamal,Waseem Ahmed,Antony Chandrasekaran Aswin Crist,4,4,0,four,0,,,79/4
1439781,2,11,1,Waseem Ahmed,Jafar Jamal,M Silambarasan,4,4,0,four,0,,,83/4
1439781,2,11,2,Waseem Ahmed,Jafar Jamal,M Silambarasan,0,0,0,no run,0,,,83/4
1439781,2,11,3,Waseem Ahmed,Jafar Jamal,M Silambarasan,1,1,0,run,0,,,84/4
1439781,2,11,4,Jafar Jamal,Waseem Ahmed,M Silambarasan,6,6,0,six,0,,,90/4
1439781,2,11,5,Jafar Jamal,Waseem Ahmed,M Silambarasan,1,0,1,wide,0,,,91/4
1439781,2,11,6,Jafar Jamal,Waseem Ahmed,M Silambarasan,0,0,0,no run,0,,,91/4
1439781,2,11,7,Jafar Jamal,Waseem Ahmed,M Silambarasan,1,1,0,run,0,,,92/4
1439781,2,12,1,Jafar Jamal,Waseem Ahmed,Ganeshan Periyaswamy,0,0,0,no run,0,,,92/4
1439781,2,12,2,Jafar Jamal,Waseem Ahmed,Ganeshan Periyaswamy,0,0,0,no run,0,,,92/4
1439781,2,12,3,Jafar Jamal,Waseem Ahmed,Ganeshan Periyaswamy,4,4,0,four,0,,,96/4
1439781,2,12,4,Jafar Jamal,Waseem Ahmed,Ganeshan Periyaswamy,1,1,0,run,0,,,97/4
1439781,2,12,5,Waseem Ahmed,Jafar Jamal,Ganeshan Periyaswamy,2,2,0,run,0,,,99/4
1439781,2,12,6,Waseem Ahmed,Jafar Jamal,Ganeshan Periyaswamy,1,1,0,run,0,,,100/4
1439781,2,13,1,Waseem Ahmed,Jafar Jamal,Rahil S Shah,1,1,0,run,0,,,101/4
1439781,2,13,2,Jafar Jamal,Waseem Ahmed,Rahil S Shah,1,1,0,run,0,,,102/4
1439781,2,13,3,Waseem Ahmed,Jafar Jamal,Rahil S Shah,0,0,0,no run,0,,,102/4
1439781,2,13,4,Waseem Ahmed,Jafar Jamal,Rahil S Shah,1,1,0,run,0,,,103/4
1439781,2,13,5,Jafar Jamal,Waseem Ahmed,Rahil S Shah,1,1,0,run,0,,,104/4
1439781,2,13,6,Waseem Ahmed,Jafar Jamal,Rahil S Shah,1,0,1,wide,0,,,105/4
1439781,2,13,7,Waseem Ahmed,Jafar Jamal,Rahil S Shah,1,1,0,run,0,,,106/4
1439781,2,14,1,Waseem Ahmed,Jafar Jamal,Antony Chandrasekaran Aswin Crist,0,0,0,out,1,caught,Waseem Ahmed,106/5
1439781,2,14,2,R Rajkumar,Jafar Jamal,Antony Chandrasekaran Aswin Crist,4,4,0,four,0,,,110/5
1439781,2,14,3,R Rajkumar,Jafar Jamal,Antony Chandrasekaran Aswin Crist,6,6,0,six,0,,,116/5
1439781,2,14,4,R Rajkumar,Jafar Jamal,Antony Chandrasekaran Aswin Crist,4,4,0,four,0,,,120/5
1439781,2,14,5,R Rajkumar,Jafar Jamal,Antony Chandrasekaran Aswin Crist,2,2,0,run,0,,,122/5
1439781,2,14,6,R Rajkumar,Jafar Jamal,Antony Chandrasekaran Aswin Crist,6,6,0,six,0,,,128/5
1439781,2,15,1,Jafar Jamal,R Rajkumar,Rahil S Shah,6,6,0,six,0,,,134/5
1439781,2,15,2,Jafar Jamal,R Rajkumar,Rahil S Shah,1,1,0,run,0,,,135/5
1439781,2,15,3,R Rajkumar,Jafar Jamal,Rahil S Shah,6,6,0,six,0,,,141/5
1439781,2,15,4,R Rajkumar,Jafar Jamal,Rahil S Shah,0,0,0,no run,0,,,141/5
1439781,2,15,5,R Rajkumar,Jafar Jamal,Rahil S Shah,0,0,0,no run,0,,,141/5
1439781,2,15,6,R Rajkumar,Jafar Jamal,Rahil S Shah,1,1,0,run,0,,,142/5
1439781,2,16,1,R Rajkumar,Jafar Jamal,Ganeshan Periyaswamy,2,2,0,run,0,,,144/5
1439781,2,16,2,R Rajkumar,Jafar Jamal,Ganeshan Periyaswamy,1,1,0,run,0,,,145/5
1439781,2,16,3,Jafar Jamal,R Rajkumar,Ganeshan Periyaswamy,0,0,0,no run,0,,,145/5
1439781,2,16,4,Jafar Jamal,R Rajkumar,Ganeshan Periyaswamy,1,0,1,leg bye,0,,,146/5
1439781,2,16,5,R Rajkumar,Jafar Jamal,Ganeshan Periyaswamy,2,2,0,run,0,,,148/5
1439781,2,16,6,R Rajkumar,Jafar Jamal,Ganeshan Periyaswamy,1,1,0,run,0,,,149/5
1439781,2,17,1,R Rajkumar,Jafar Jamal,Abhishek Baljeetsingh Tanwar,1,1,0,run,0,,,150/5
1439781,2,17,2,Jafar Jamal,R Rajkumar,Abhishek Baljeetsingh Tanwar,4,4,0,four,0,,,154/5
1439781,2,17,3,Jafar Jamal,R Rajkumar,Abhishek Baljeetsingh Tanwar,1,1,0,run,0,,,155/5
1439781,2,17,4,R Rajkumar,Jafar Jamal,Abhishek Baljeetsingh Tanwar,1,0,1,wide,0,,,156/5
1439781,2,17,5,R Rajkumar,Jafar Jamal,Abhishek Baljeetsingh Tanwar,1,1,0,run,0,,,157/5
1439781,2,17,6,Jafar Jamal,R Rajkumar,Abhishek Baljeetsingh Tanwar,0,0,0,no run,0,,,157/5
1439781,2,17,7,Jafar Jamal,R Rajkumar,Abhishek Baljeetsingh Tanwar,0,0,0,no run,0,,,157/5
1439781,2,18,1,R Rajkumar,Jafar Jamal,Ganeshan Periyaswamy,2,2,0,run,0,,,159/5
1439781,2,18,2,R Rajkumar,Jafar Jamal,Ganeshan Periyaswamy,0,0,0,no run,0,,,159/5
1439781,2,18,3,R Rajkumar,Jafar Jamal,Ganeshan Periyaswamy,0,0,0,out,1,caught,R Rajkumar,159/6
1439781,2,18,4,SP Vinod,Jafar Jamal,Ganeshan Periyaswamy,1,1,0,run,0,,,160/6
1439781,2,18,5,Jafar Jamal,SP Vinod,Ganeshan Periyaswamy,1,1,0,run,0,,,161/6
1439781,2,18,6,SP Vinod,Jafar Jamal,Ganeshan Periyaswamy,0,0,0,no run,0,,,161/6
1439781,2,19,1,Jafar Jamal,SP Vinod,Abhishek Baljeetsingh Tanwar,1,1,0,run,0,,,162/6
1439781,2,19,2,SP Vinod,Jafar Jamal,Abhishek Baljeetsingh Tanwar,0,0,0,no run,1,retired out,SP Vinod,162/7
1439781,2,19,3,P Saravana Kumar,Jafar Jamal,Abhishek Baljeetsingh Tanwar,4,4,0,four,0,,,166/7
1439781,2,19,4,P Saravana Kumar,Jafar Jamal,Abhishek Baljeetsingh Tanwar,1,1,0,run,0,,,167/7
1439781,2,19,5,Jafar Jamal,P Saravana Kumar,Abhishek Baljeetsingh Tanwar,1,1,0,run,0,,,168/7
1439781,2,19,6,P Saravana Kumar,Jafar Jamal,Abhishek Baljeetsingh Tanwar,0,0,0,no run,0,,,168/7
1439781,2,20,1,Jafar Jamal,P Saravana Kumar,Antony Chandrasekaran Aswin Crist,0,0,0,no run,0,,,168/7
1439781,2,20,2,Jafar Jamal,P Saravana Kumar,Antony Chandrasekaran Aswin Crist,4,4,0,four,0,,,172/7
1439781,2,20,3,Jafar Jamal,P Saravana Kumar,Antony Chandrasekaran Aswin Crist,1,1,0,run,0,,,173/7
1439781,2,20,4,P Saravana Kumar,Jafar Jamal,Antony Chandrasekaran Aswin Crist,1,1,0,run,0,,,174/7
1439781,2,20,5,Jafar Jamal,P Saravana Kumar,Antony Chandrasekaran Aswin Crist,6,6,0,six,0,,,180/7
1439781,2,20,6,Jafar Jamal,P Saravana Kumar,Antony Chandrasekaran Aswin Crist,4,4,0,four,0,,,184/7
1439782,1,1,1,S Sujay,Jayaraman Suresh Kumar,Gurjapneet Singh,0,0,0,no run,0,,,0/0
1439782,1,1,2,S Sujay,Jayaraman Suresh Kumar,Gurjapneet Singh,0,0,0,no run,0,,,0/0
1439782,1,1,3,S Sujay,Jayaraman Suresh Kumar,Gurjapneet Singh,0,0,0,no run,0,,,0/0
1439782,1,1,4,S Sujay,Jayaraman Suresh Kumar,Gurjapneet Singh,0,0,0,no run,0,,,0/0
1439782,1,1,5,S Sujay,Jayaraman Suresh Kumar,Gurjapneet Singh,1,1,0,run,0,,,1/0
1439782,1,1,6,Jayaraman Suresh Kumar,S Sujay,Gurjapneet Singh,1,0,1,wide,0,,,2/0
1439782,1,1,7,Jayaraman Suresh Kumar,S Sujay,Gurjapneet Singh,0,0,0,no run,0,,,2/0
1439782,1,2,1,S Sujay,Jayaraman Suresh Kumar,Jagatheesan Kousik,2,2,0,run,0,,,4/0
1439782,1,2,2,S Sujay,Jayaraman Suresh Kumar,Jagatheesan Kousik,6,6,0,six,0,,,10/0
1439782,1,2,3,S Sujay,Jayaraman Suresh Kumar,Jagatheesan Kousik,0,0,0,no run,0,,,10/0
1439782,1,2,4,S Sujay,Jayaraman Suresh Kumar,Jagatheesan Kousik,1,1,0,run,0,,,11/0
1439782,1,2,5,Jayaraman Suresh Kumar,S Sujay,Jagatheesan Kousik,4,4,0,four,0,,,15/0
1439782,1,2,6,Jayaraman Suresh Kumar,S Sujay,Jagatheesan Kousik,0,0,0,no run,0,,,15/0
1439782,1,3,1,S Sujay,Jayaraman Suresh Kumar,Ramadoss Alexander,1,1,0,run,0,,,16/0
1439782,1,3,2,Jayaraman Suresh Kumar,S Sujay,Ramadoss Alexander,4,4,0,four,0,,,20/0
1439782,1,3,3,Jayaraman Suresh Kumar,S Sujay,Ramadoss Alexander,0,0,0,no run,0,,,20/0
1439782,1,3,4,Jayaraman Suresh Kumar,S Sujay,Ramadoss Alexander,4,4,0,four,0,,,24/0
1439782,1,3,5,Jayaraman Suresh Kumar,S Sujay,Ramadoss Alexander,4,4,0,four,0,,,28/0
1439782,1,3,6,Jayaraman Suresh Kumar,S Sujay,Ramadoss Alexander,0,0,0,no run,0,,,28/0
1439782,1,4,1,S Sujay,Jayaraman Suresh Kumar,R Mithun,0,0,0,no run,0,,,28/0
1439782,1,4,2,S Sujay,Jayaraman Suresh Kumar,R Mithun,0,0,0,no run,0,,,28/0
1439782,1,4,3,S Sujay,Jayaraman Suresh Kumar,R Mithun,0,0,0,no run,0,,,28/0
1439782,1,4,4,S Sujay,Jayaraman Suresh Kumar,R Mithun,1,1,0,run,0,,,29/0
1439782,1,4,5,Jayaraman Suresh Kumar,S Sujay,R Mithun,0,0,0,out,1,bowled,Jayaraman Suresh Kumar,29/1
1439782,1,4,6,Bhardwaj Sai Sudharsan,S Sujay,R Mithun,1,1,0,run,0,,,30/1
1439782,1,5,1,Bhardwaj Sai Sudharsan,S Sujay,Ramadoss Alexander,4,4,0,four,0,,,34/1
1439782,1,5,2,Bhardwaj Sai Sudharsan,S Sujay,Ramadoss Alexander,1,1,0,run,0,,,35/1
1439782,1,5,3,S Sujay,Bhardwaj Sai Sudharsan,Ramadoss Alexander,1,1,0,run,0,,,36/1
1439782,1,5,4,Bhardwaj Sai Sudharsan,S Sujay,Ramadoss Alexander,2,2,0,run,0,,,38/1
1439782,1,5,5,Bhardwaj Sai Sudharsan,S Sujay,Ramadoss Alexander,1,1,0,run,0,,,39/1
1439782,1,5,6,S Sujay,Bhardwaj Sai Sudharsan,Ramadoss Alexander,1,1,0,run,0,,,40/1
1439782,1,6,1,S Sujay,Bhardwaj Sai Sudharsan,R Mithun,1,0,1,leg bye,0,,,41/1
1439782,1,6,2,Bhardwaj Sai Sudharsan,S Sujay,R Mithun,1,0,1,leg bye,0,,,42/1
1439782,1,6,3,S Sujay,Bhardwaj Sai Sudharsan,R Mithun,1,1,0,run,0,,,43/1
1439782,1,6,4,Bhardwaj Sai Sudharsan,S Sujay,R Mithun,1,1,0,run,0,,,44/1
1439782,1,6,5,S Sujay,Bhardwaj Sai Sudharsan,R Mithun,0,0,0,out,1,caught,S Sujay,44/2
1439782,1,6,6,U Mukilesh,Bhardwaj Sai Sudharsan,R Mithun,0,0,0,no run,0,,,44/2
1439782,1,7,1,Bhardwaj Sai Sudharsan,U Mukilesh,Murugan Ashwin,1,1,0,run,0,,,45/2
1439782,1,7,2,U Mukilesh,Bhardwaj Sai Sudharsan,Murugan Ashwin,1,1,0,run,0,,,46/2
1439782,1,7,3,Bhardwaj Sai Sudharsan,U Mukilesh,Murugan Ashwin,2,2,0,run,0,,,48/2
1439782,1,7,4,Bhardwaj Sai Sudharsan,U Mukilesh,Murugan Ashwin,1,1,0,run,0,,,49/2
1439782,1,7,5,U Mukilesh,Bhardwaj Sai Sudharsan,Murugan Ashwin,1,1,0,run,0,,,50/2
1439782,1,7,6,Bhardwaj Sai Sudharsan,U Mukilesh,Murugan Ashwin,0,0,0,no run,0,,,50/2
1439782,1,8,1,U Mukilesh,Bhardwaj Sai Sudharsan,R Mithun,2,2,0,run,0,,,52/2
1439782,1,8,2,U Mukilesh,Bhardwaj Sai Sudharsan,R Mithun,1,1,0,run,0,,,53/2
1439782,1,8,3,Bhardwaj Sai Sudharsan,U Mukilesh,R Mithun,1,1,0,run,0,,,54/2
1439782,1,8,4,U Mukilesh,Bhardwaj Sai Sudharsan,R Mithun,2,2,0,run,0,,,56/2
1439782,1,8,5,U Mukilesh,Bhardwaj Sai Sudharsan,R Mithun,1,1,0,run,0,,,57/2
1439782,1,8,6,Bhardwaj Sai Sudharsan,U Mukilesh,R Mithun,1,1,0,run,0,,,58/2
1439782,1,9,1,Bhardwaj Sai Sudharsan,U Mukilesh,Gurjapneet Singh,1,1,0,run,0,,,59/2
1439782,1,9,2,U Mukilesh,Bhardwaj Sai Sudharsan,Gurjapneet Singh,0,0,0,no run,0,,,59/2
1439782,1,9,3,U Mukilesh,Bhardwaj Sai Sudharsan,Gurjapneet Singh,4,4,0,four,0,,,63/2
1439782,1,9,4,U Mukilesh,Bhardwaj Sai Sudharsan,Gurjapneet Singh,0,0,0,no run,0,,,63/2
1439782,1,9,5,U Mukilesh,Bhardwaj Sai Sudharsan,Gurjapneet Singh,1,1,0,run,0,,,64/2
1439782,1,9,6,Bhardwaj Sai Sudharsan,U Mukilesh,Gurjapneet Singh,1,1,0,run,0,,,65/2
1439782,1,10,1,Bhardwaj Sai Sudharsan,U Mukilesh,Ajay K Krishna,1,1,0,run,0,,,66/2
1439782,1,10,2,U Mukilesh,Bhardwaj Sai Sudharsan,Ajay K Krishna,1,1,0,run,0,,,67/2
1439782,1,10,3,Bhardwaj Sai Sudharsan,U Mukilesh,Ajay K Krishna,4,4,0,four,0,,,71/2
1439782,1,10,4,Bhardwaj Sai Sudharsan,U Mukilesh,Ajay K Krishna,1,1,0,run,0,,,72/2
1439782,1,10,5,U Mukilesh,Bhardwaj Sai Sudharsan,Ajay K Krishna,0,0,0,no run,0,,,72/2
1439782,1,10,6,U Mukilesh,Bhardwaj Sai Sudharsan,Ajay K Krishna,1,1,0,run,0,,,73/2
1439782,1,11,1,U Mukilesh,Bhardwaj Sai Sudharsan,VS Karthick Manikandan,1,0,1,wide,0,,,74/2
1439782,1,11,2,U Mukilesh,Bhardwaj Sai Sudharsan,VS Karthick Manikandan,1,1,0,run,0,,,75/2
1439782,1,11,3,Bhardwaj Sai Sudharsan,U Mukilesh,VS Karthick Manikandan,1,1,0,run,0,,,76/2
1439782,1,11,4,U Mukilesh,Bhardwaj Sai Sudharsan,VS Karthick Manikandan,4,4,0,four,0,,,80/2
1439782,1,11,5,U Mukilesh,Bhardwaj Sai Sudharsan,VS Karthick Manikandan,1,1,0,run,0,,,81/2
1439782,1,11,6,Bhardwaj Sai Sudharsan,U Mukilesh,VS Karthick Manikandan,4,4,0,four,0,,,85/2
1439782,1,11,7,Bhardwaj Sai Sudharsan,U Mukilesh,VS Karthick Manikandan,0,0,0,no run,0,,,85/2
1439782,1,12,1,U Mukilesh,Bhardwaj Sai Sudharsan,Ajay K Krishna,1,0,1,wide,0,,,86/2
1439782,1,12,2,U Mukilesh,Bhardwaj Sai Sudharsan,Ajay K Krishna,0,0,0,out,1,bowled,U Mukilesh,86/3
1439782,1,12,3,R Ram Arvindh,Bhardwaj Sai Sudharsan,Ajay K Krishna,1,1,0,run,0,,,87/3
1439782,1,12,4,Bhardwaj Sai Sudharsan,R Ram Arvindh,Ajay K Krishna,2,2,0,run,0,,,89/3
1439782,1,12,5,Bhardwaj Sai Sudharsan,R Ram Arvindh,Ajay K Krishna,2,2,0,run,0,,,91/3
1439782,1,12,6,Bhardwaj Sai Sudharsan,R Ram Arvindh,Ajay K Krishna,1,1,0,run,0,,,92/3
1439782,1,12,7,R Ram Arvindh,Bhardwaj Sai Sudharsan,Ajay K Krishna,1,1,0,run,0,,,93/3
1439782,1,13,1,R Ram Arvindh,Bhardwaj Sai Sudharsan,Murugan Ashwin,1,1,0,run,0,,,94/3
1439782,1,13,2,Bhardwaj Sai Sudharsan,R Ram Arvindh,Murugan Ashwin,0,0,0,no run,0,,,94/3
1439782,1,13,3,Bhardwaj Sai Sudharsan,R Ram Arvindh,Murugan Ashwin,0,0,0,out,1,bowled,Bhardwaj Sai Sudharsan,94/4
1439782,1,13,4,Masood Shahrukh Khan,R Ram Arvindh,Murugan Ashwin,1,1,0,run,0,,,95/4
1439782,1,13,5,R Ram Arvindh,Masood Shahrukh Khan,Murugan Ashwin,1,1,0,run,0,,,96/4
1439782,1,13,6,Masood Shahrukh Khan,R Ram Arvindh,Murugan Ashwin,1,1,0,run,0,,,97/4
1439782,1,14,1,Masood Shahrukh Khan,R Ram Arvindh,VS Karthick Manikandan,1,1,0,run,0,,,98/4
1439782,1,14,2,R Ram Arvindh,Masood Shahrukh Khan,VS Karthick Manikandan,1,1,0,run,0,,,99/4
1439782,1,14,3,Masood Shahrukh Khan,R Ram Arvindh,VS Karthick Manikandan,1,1,0,run,0,,,100/4
1439782,1,14,4,R Ram Arvindh,Masood Shahrukh Khan,VS Karthick Manikandan,1,0,1,wide,0,,,101/4
1439782,1,14,5,R Ram Arvindh,Masood Shahrukh Khan,VS Karthick Manikandan,1,1,0,run,0,,,102/4
1439782,1,14,6,Masood Shahrukh Khan,R Ram Arvindh,VS Karthick Manikandan,0,0,0,no run,0,,,102/4
1439782,1,14,7,Masood Shahrukh Khan,R Ram Arvindh,VS Karthick Manikandan,1,1,0,run,0,,,103/4
1439782,1,15,1,Masood Shahrukh Khan,R Ram Arvindh,Murugan Ashwin,0,0,0,no run,0,,,103/4
1439782,1,15,2,Masood Shahrukh Khan,R Ram Arvindh,Murugan Ashwin,1,1,0,run,0,,,104/4
1439782,1,15,3,R Ram Arvindh,Masood Shahrukh Khan,Murugan Ashwin,0,0,0,no run,0,,,104/4
1439782,1,15,4,R Ram Arvindh,Masood Shahrukh Khan,Murugan Ashwin,1,1,0,run,0,,,105/4
1439782,1,15,5,Masood Shahrukh Khan,R Ram Arvindh,Murugan Ashwin,1,0,1,wide,0,,,106/4
1439782,1,15,6,Masood Shahrukh Khan,R Ram Arvindh,Murugan Ashwin,6,6,0,six,0,,,112/4
1439782,1,15,7,Masood Shahrukh Khan,R Ram Arvindh,Murugan Ashwin,0,0,0,no run,0,,,112/4
1439782,1,16,1,R Ram Arvindh,Masood Shahrukh Khan,VS Karthick Manikandan,1,1,0,run,0,,,113/4
1439782,1,16,2,Masood Shahrukh Khan,R Ram Arvindh,VS Karthick Manikandan,6,6,0,six,0,,,119/4
1439782,1,16,3,Masood Shahrukh Khan,R Ram Arvindh,VS Karthick Manikandan,1,1,0,run,0,,,120/4
1439782,1,16,4,R Ram Arvindh,Masood Shahrukh Khan,VS Karthick Manikandan,0,0,0,out,1,caught,R Ram Arvindh,120/5
1439782,1,16,5,Atheeq Ur Rahman,Masood Shahrukh Khan,VS Karthick Manikandan,1,1,0,run,0,,,121/5
1439782,1,16,6,Masood Shahrukh Khan,Atheeq Ur Rahman,VS Karthick Manikandan,6,6,0,six,0,,,127/5
1439782,1,17,1,Atheeq Ur Rahman,Masood Shahrukh Khan,Murugan Ashwin,0,0,0,no run,0,,,127/5
1439782,1,17,2,Atheeq Ur Rahman,Masood Shahrukh Khan,Murugan Ashwin,1,0,1,leg bye,0,,,128/5
1439782,1,17,3,Masood Shahrukh Khan,Atheeq Ur Rahman,Murugan Ashwin,6,6,0,six,0,,,134/5
1439782,1,17,4,Masood Shahrukh Khan,Atheeq Ur Rahman,Murugan Ashwin,1,1,0,run,0,,,135/5
1439782,1,17,5,Atheeq Ur Rahman,Masood Shahrukh Khan,Murugan Ashwin,1,1,0,run,0,,,136/5
1439782,1,17,6,Masood Shahrukh Khan,Atheeq Ur Rahman,Murugan Ashwin,1,1,0,run,0,,,137/5
1439782,1,18,1,Masood Shahrukh Khan,Atheeq Ur Rahman,Gurjapneet Singh,0,0,0,no run,0,,,137/5
1439782,1,18,2,Masood Shahrukh Khan,Atheeq Ur Rahman,Gurjapneet Singh,2,2,0,run,0,,,139/5
1439782,1,18,3,Masood Shahrukh Khan,Atheeq Ur Rahman,Gurjapneet Singh,1,1,0,run,0,,,140/5
1439782,1,18,4,Atheeq Ur Rahman,Masood Shahrukh Khan,Gurjapneet Singh,1,1,0,run,0,,,141/5
1439782,1,18,5,Masood Shahrukh Khan,Atheeq Ur Rahman,Gurjapneet Singh,6,6,0,six,0,,,147/5
1439782,1,18,6,Masood Shahrukh Khan,Atheeq Ur Rahman,Gurjapneet Singh,0,0,0,no run,0,,,147/5
1439782,1,19,1,Atheeq Ur Rahman,Masood Shahrukh Khan,Ajay K Krishna,0,0,0,out,1,caught,Atheeq Ur Rahman,147/6
1439782,1,19,2,M Mohammed,Masood Shahrukh Khan,Ajay K Krishna,0,0,0,no run,0,,,147/6
1439782,1,19,3,M Mohammed,Masood Shahrukh Khan,Ajay K Krishna,0,0,0,out,1,caught,M Mohammed,147/7
1439782,1,19,4,Manimaran Siddharth,Masood Shahrukh Khan,Ajay K Krishna,4,4,0,four,0,,,151/7
1439782,1,19,5,Manimaran Siddharth,Masood Shahrukh Khan,Ajay K Krishna,0,0,0,no run,0,,,151/7
1439782,1,19,6,Manimaran Siddharth,Masood Shahrukh Khan,Ajay K Krishna,0,0,0,out,1,bowled,Manimaran Siddharth,151/8
1439782,1,20,1,Masood Shahrukh Khan,Valliappan Yudheeswaran,Gurjapneet Singh,4,4,0,four,0,,,155/8
1439782,1,20,2,Masood Shahrukh Khan,Valliappan Yudheeswaran,Gurjapneet Singh,1,1,0,run,0,,,156/8
1439782,1,20,3,Valliappan Yudheeswaran,Masood Shahrukh Khan,Gurjapneet Singh,2,0,2,wide,0,,,158/8
1439782,1,20,4,Masood Shahrukh Khan,Valliappan Yudheeswaran,Gurjapneet Singh,4,4,0,four,0,,,162/8
1439782,1,20,5,Masood Shahrukh Khan,Valliappan Yudheeswaran,Gurjapneet Singh,0,0,0,no run,0,,,162/8
1439782,1,20,6,Masood Shahrukh Khan,Valliappan Yudheeswaran,Gurjapneet Singh,0,0,0,out,1,leg before wicket,Masood Shahrukh Khan,162/9
1439782,1,20,7,Jhathavedh Subramanyan,Valliappan Yudheeswaran,Gurjapneet Singh,1,0,1,bye,0,,,163/9
1439782,2,1,1,Suresh Lokeshwar,Chezhian Nishaanth,K Gowtham Thamarai Kannan,1,1,0,run,0,,,1/0
1439782,2,1,2,Chezhian Nishaanth,Suresh Lokeshwar,K Gowtham Thamarai Kannan,0,0,0,no run,0,,,1/0
1439782,2,1,3,Chezhian Nishaanth,Suresh Lokeshwar,K Gowtham Thamarai Kannan,0,0,0,no run,0,,,1/0
1439782,2,1,4,Chezhian Nishaanth,Suresh Lokeshwar,K Gowtham Thamarai Kannan,1,0,1,wide,0,,,2/0
1439782,2,1,5,Chezhian Nishaanth,Suresh Lokeshwar,K Gowtham Thamarai Kannan,0,0,0,out,1,leg before wicket,Chezhian Nishaanth,2/1
1439782,2,1,6,Jagatheesan Kousik,Suresh Lokeshwar,K Gowtham Thamarai Kannan,1,1,0,run,0,,,3/1
1439782,2,1,7,Suresh Lokeshwar,Jagatheesan Kousik,K Gowtham Thamarai Kannan,1,1,0,run,0,,,4/1
1439782,2,2,1,Suresh Lokeshwar,Jagatheesan Kousik,Manimaran Siddharth,0,0,0,no run,0,,,4/1
1439782,2,2,2,Suresh Lokeshwar,Jagatheesan Kousik,Manimaran Siddharth,0,0,0,no run,0,,,4/1
1439782,2,2,3,Suresh Lokeshwar,Jagatheesan Kousik,Manimaran Siddharth,4,4,0,four,0,,,8/1
1439782,2,2,4,Suresh Lokeshwar,Jagatheesan Kousik,Manimaran Siddharth,0,0,0,no run,0,,,8/1
1439782,2,2,5,Suresh Lokeshwar,Jagatheesan Kousik,Manimaran Siddharth,0,0,0,out,1,leg before wicket,Suresh Lokeshwar,8/2
1439782,2,2,6,N Sarangarajan Chaturved,Jagatheesan Kousik,Manimaran Siddharth,1,1,0,run,0,,,9/2
1439782,2,3,1,N Sarangarajan Chaturved,Jagatheesan Kousik,K Gowtham Thamarai Kannan,2,1,1,run,0,,,11/2
1439782,2,3,2,Jagatheesan Kousik,N Sarangarajan Chaturved,K Gowtham Thamarai Kannan,4,4,0,four,0,,,15/2
1439782,2,3,3,Jagatheesan Kousik,N Sarangarajan Chaturved,K Gowtham Thamarai Kannan,1,1,0,run,0,,,16/2
1439782,2,3,4,N Sarangarajan Chaturved,Jagatheesan Kousik,K Gowtham Thamarai Kannan,4,4,0,four,0,,,20/2
1439782,2,3,5,N Sarangarajan Chaturved,Jagatheesan Kousik,K Gowtham Thamarai Kannan,0,0,0,no run,0,,,20/2
1439782,2,3,6,N Sarangarajan Chaturved,Jagatheesan Kousik,K Gowtham Thamarai Kannan,1,0,1,leg bye,0,,,21/2
1439782,2,3,7,Jagatheesan Kousik,N Sarangarajan Chaturved,K Gowtham Thamarai Kannan,0,0,0,no run,0,,,21/2
1439782,2,4,1,N Sarangarajan Chaturved,Jagatheesan Kousik,Manimaran Siddharth,0,0,0,no run,0,,,21/2
1439782,2,4,2,N Sarangarajan Chaturved,Jagatheesan Kousik,Manimaran Siddharth,0,0,0,no run,0,,,21/2
1439782,2,4,3,N Sarangarajan Chaturved,Jagatheesan Kousik,Manimaran Siddharth,0,0,0,no run,0,,,21/2
1439782,2,4,4,N Sarangarajan Chaturved,Jagatheesan Kousik,Manimaran Siddharth,4,4,0,four,0,,,25/2
1439782,2,4,5,N Sarangarajan Chaturved,Jagatheesan Kousik,Manimaran Siddharth,0,0,0,out,1,stumped,N Sarangarajan Chaturved,25/3
1439782,2,4,6,S Sri Abisek,Jagatheesan Kousik,Manimaran Siddharth,0,0,0,no run,0,,,25/3
1439782,2,5,1,Jagatheesan Kousik,S Sri Abisek,K Gowtham Thamarai Kannan,1,1,0,run,0,,,26/3
1439782,2,5,2,S Sri Abisek,Jagatheesan Kousik,K Gowtham Thamarai Kannan,1,1,0,run,0,,,27/3
1439782,2,5,3,Jagatheesan Kousik,S Sri Abisek,K Gowtham Thamarai Kannan,1,1,0,run,0,,,28/3
1439782,2,5,4,S Sri Abisek,Jagatheesan Kousik,K Gowtham Thamarai Kannan,0,0,0,out,1,caught,S Sri Abisek,28/4
1439782,2,5,5,Uthirasamy Sasidev,Jagatheesan Kousik,K Gowtham Thamarai Kannan,0,0,0,no run,0,,,28/4
1439782,2,5,6,Uthirasamy Sasidev,Jagatheesan Kousik,K Gowtham Thamarai Kannan,0,0,0,no run,0,,,28/4
1439782,2,6,1,Jagatheesan Kousik,Uthirasamy Sasidev,Manimaran Siddharth,0,0,0,no run,0,,,28/4
1439782,2,6,2,Jagatheesan Kousik,Uthirasamy Sasidev,Manimaran Siddharth,4,4,0,four,0,,,32/4
1439782,2,6,3,Jagatheesan Kousik,Uthirasamy Sasidev,Manimaran Siddharth,4,4,0,four,0,,,36/4
1439782,2,6,4,Jagatheesan Kousik,Uthirasamy Sasidev,Manimaran Siddharth,1,1,0,run,0,,,37/4
1439782,2,6,5,Uthirasamy Sasidev,Jagatheesan Kousik,Manimaran Siddharth,1,1,0,run,0,,,38/4
1439782,2,6,6,Jagatheesan Kousik,Uthirasamy Sasidev,Manimaran Siddharth,1,1,0,run,0,,,39/4
1439782,2,7,1,Jagatheesan Kousik,Uthirasamy Sasidev,Masood Shahrukh Khan,1,1,0,run,0,,,40/4
1439782,2,7,2,Uthirasamy Sasidev,Jagatheesan Kousik,Masood Shahrukh Khan,0,0,0,no run,0,,,40/4
1439782,2,7,3,Uthirasamy Sasidev,Jagatheesan Kousik,Masood Shahrukh Khan,1,1,0,run,0,,,41/4
1439782,2,7,4,Jagatheesan Kousik,Uthirasamy Sasidev,Masood Shahrukh Khan,1,1,0,run,0,,,42/4
1439782,2,7,5,Uthirasamy Sasidev,Jagatheesan Kousik,Masood Shahrukh Khan,0,0,0,no run,0,,,42/4
1439782,2,7,6,Uthirasamy Sasidev,Jagatheesan Kousik,Masood Shahrukh Khan,0,0,0,out,1,caught,Uthirasamy Sasidev,42/5
1439782,2,8,1,Jagatheesan Kousik,Murugan Ashwin,Jhathavedh Subramanyan,1,1,0,run,0,,,43/5
1439782,2,8,2,Murugan Ashwin,Jagatheesan Kousik,Jhathavedh Subramanyan,0,0,0,no run,0,,,43/5
1439782,2,8,3,Murugan Ashwin,Jagatheesan Kousik,Jhathavedh Subramanyan,0,0,0,no run,0,,,43/5
1439782,2,8,4,Murugan Ashwin,Jagatheesan Kousik,Jhathavedh Subramanyan,0,0,0,no run,0,,,43/5
1439782,2,8,5,Murugan Ashwin,Jagatheesan Kousik,Jhathavedh Subramanyan,0,0,0,no run,0,,,43/5
1439782,2,8,6,Murugan Ashwin,Jagatheesan Kousik,Jhathavedh Subramanyan,1,1,0,run,0,,,44/5
1439782,2,9,1,Murugan Ashwin,Jagatheesan Kousik,Masood Shahrukh Khan,0,0,0,no run,0,,,44/5
1439782,2,9,2,Murugan Ashwin,Jagatheesan Kousik,Masood Shahrukh Khan,0,0,0,no run,0,,,44/5
1439782,2,9,3,Murugan Ashwin,Jagatheesan Kousik,Masood Shahrukh Khan,1,1,0,run,0,,,45/5
1439782,2,9,4,Jagatheesan Kousik,Murugan Ashwin,Masood Shahrukh Khan,1,0,1,leg bye,0,,,46/5
1439782,2,9,5,Murugan Ashwin,Jagatheesan Kousik,Masood Shahrukh Khan,1,1,0,run,0,,,47/5
1439782,2,9,6,Jagatheesan Kousik,Murugan Ashwin,Masood Shahrukh Khan,0,0,0,no run,0,,,47/5
1439782,2,10,1,Murugan Ashwin,Jagatheesan Kousik,Jhathavedh Subramanyan,0,0,0,no run,0,,,47/5
1439782,2,10,2,Murugan Ashwin,Jagatheesan Kousik,Jhathavedh Subramanyan,1,1,0,run,0,,,48/5
1439782,2,10,3,Jagatheesan Kousik,Murugan Ashwin,Jhathavedh Subramanyan,1,1,0,run,0,,,49/5
1439782,2,10,4,Murugan Ashwin,Jagatheesan Kousik,Jhathavedh Subramanyan,1,1,0,run,0,,,50/5
1439782,2,10,5,Jagatheesan Kousik,Murugan Ashwin,Jhathavedh Subramanyan,0,0,0,no run,0,,,50/5
1439782,2,10,6,Jagatheesan Kousik,Murugan Ashwin,Jhathavedh Subramanyan,4,4,0,four,0,,,54/5
1439782,2,11,1,Murugan Ashwin,Jagatheesan Kousik,M Mohammed,0,0,0,no run,0,,,54/5
1439782,2,11,2,Murugan Ashwin,Jagatheesan Kousik,M Mohammed,0,0,0,no run,0,,,54/5
1439782,2,11,3,Murugan Ashwin,Jagatheesan Kousik,M Mohammed,0,0,0,no run,0,,,54/5
1439782,2,11,4,Murugan Ashwin,Jagatheesan Kousik,M Mohammed,1,1,0,run,0,,,55/5
1439782,2,11,5,Jagatheesan Kousik,Murugan Ashwin,M Mohammed,1,1,0,run,0,,,56/5
1439782,2,11,6,Murugan Ashwin,Jagatheesan Kousik,M Mohammed,1,1,0,run,0,,,57/5
1439782,2,12,1,Murugan Ashwin,Jagatheesan Kousik,K Gowtham Thamarai Kannan,0,0,0,out,1,caught,Murugan Ashwin,57/6
1439782,2,12,2,R Mithun,Jagatheesan Kousik,K Gowtham Thamarai Kannan,0,0,0,no run,0,,,57/6
1439782,2,12,3,R Mithun,Jagatheesan Kousik,K Gowtham Thamarai Kannan,1,1,0,run,0,,,58/6
1439782,2,12,4,Jagatheesan Kousik,R Mithun,K Gowtham Thamarai Kannan,0,0,0,out,1,caught,Jagatheesan Kousik,58/7
1439782,2,12,5,VS Karthick Manikandan,R Mithun,K Gowtham Thamarai Kannan,1,1,0,run,0,,,59/7
1439782,2,12,6,R Mithun,VS Karthick Manikandan,K Gowtham Thamarai Kannan,0,0,0,no run,0,,,59/7
1439782,2,13,1,VS Karthick Manikandan,R Mithun,M Mohammed,1,1,0,run,0,,,60/7
1439782,2,13,2,R Mithun,VS Karthick Manikandan,M Mohammed,1,1,0,run,0,,,61/7
1439782,2,13,3,VS Karthick Manikandan,R Mithun,M Mohammed,2,2,0,run,0,,,63/7
1439782,2,13,4,VS Karthick Manikandan,R Mithun,M Mohammed,1,1,0,run,0,,,64/7
1439782,2,13,5,R Mithun,VS Karthick Manikandan,M Mohammed,1,1,0,run,0,,,65/7
1439782,2,13,6,VS Karthick Manikandan,R Mithun,M Mohammed,0,0,0,no run,0,,,65/7
1439782,2,14,1,R Mithun,VS Karthick Manikandan,Jhathavedh Subramanyan,6,6,0,six,0,,,71/7
1439782,2,14,2,R Mithun,VS Karthick Manikandan,Jhathavedh Subramanyan,1,1,0,run,0,,,72/7
1439782,2,14,3,VS Karthick Manikandan,R Mithun,Jhathavedh Subramanyan,1,1,0,run,0,,,73/7
1439782,2,14,4,R Mithun,VS Karthick Manikandan,Jhathavedh Subramanyan,4,4,0,four,0,,,77/7
1439782,2,14,5,R Mithun,VS Karthick Manikandan,Jhathavedh Subramanyan,0,0,0,no run,0,,,77/7
1439782,2,14,6,R Mithun,VS Karthick Manikandan,Jhathavedh Subramanyan,1,1,0,run,0,,,78/7
1439782,2,15,1,R Mithun,VS Karthick Manikandan,Masood Shahrukh Khan,0,0,0,no run,0,,,78/7
1439782,2,15,2,R Mithun,VS Karthick Manikandan,Masood Shahrukh Khan,1,1,0,run,0,,,79/7
1439782,2,15,3,VS Karthick Manikandan,R Mithun,Masood Shahrukh Khan,1,1,0,run,0,,,80/7
1439782,2,15,4,R Mithun,VS Karthick Manikandan,Masood Shahrukh Khan,0,0,0,no run,0,,,80/7
1439782,2,15,5,R Mithun,VS Karthick Manikandan,Masood Shahrukh Khan,0,0,0,no run,0,,,80/7
1439782,2,15,6,R Mithun,VS Karthick Manikandan,Masood Shahrukh Khan,1,0,1,wide,0,,,81/7
1439782,2,15,7,R Mithun,VS Karthick Manikandan,Masood Shahrukh Khan,1,1,0,run,0,,,82/7
1439782,2,16,1,R Mithun,VS Karthick Manikandan,Valliappan Yudheeswaran,0,0,0,no run,0,,,82/7
1439782,2,16,2,R Mithun,VS Karthick Manikandan,Valliappan Yudheeswaran,4,4,0,four,0,,,86/7
1439782,2,16,3,R Mithun,VS Karthick Manikandan,Valliappan Yudheeswaran,0,0,0,no run,0,,,86/7
1439782,2,16,4,R Mithun,VS Karthick Manikandan,Valliappan Yudheeswaran,0,0,0,no run,0,,,86/7
1439782,2,16,5,R Mithun,VS Karthick Manikandan,Valliappan Yudheeswaran,0,0,0,no run,0,,,86/7
1439782,2,16,6,R Mithun,VS Karthick Manikandan,Valliappan Yudheeswaran,4,4,0,four,0,,,90/7
1439782,2,17,1,VS Karthick Manikandan,R Mithun,Masood Shahrukh Khan,0,0,0,no run,0,,,90/7
1439782,2,17,2,VS Karthick Manikandan,R Mithun,Masood Shahrukh Khan,4,4,0,four,0,,,94/7
1439782,2,17,3,VS Karthick Manikandan,R Mithun,Masood Shahrukh Khan,1,1,0,run,0,,,95/7
1439782,2,17,4,R Mithun,VS Karthick Manikandan,Masood Shahrukh Khan,1,1,0,run,1,run out,R Mithun,96/8
1439782,2,17,5,Ajay K Krishna,VS Karthick Manikandan,Masood Shahrukh Khan,0,0,0,no run,0,,,96/8
1439782,2,17,6,Ajay K Krishna,VS Karthick Manikandan,Masood Shahrukh Khan,1,1,0,run,0,,,97/8
1439782,2,18,1,Ajay K Krishna,VS Karthick Manikandan,Valliappan Yudheeswaran,0,0,0,no run,0,,,97/8
1439782,2,18,2,Ajay K Krishna,VS Karthick Manikandan,Valliappan Yudheeswaran,1,1,0,run,0,,,98/8
1439782,2,18,3,VS Karthick Manikandan,Ajay K Krishna,Valliappan Yudheeswaran,6,6,0,six,0,,,104/8
1439782,2,18,4,VS Karthick Manikandan,Ajay K Krishna,Valliappan Yudheeswaran,0,0,0,no run,0,,,104/8
1439782,2,18,5,VS Karthick Manikandan,Ajay K Krishna,Valliappan Yudheeswaran,4,4,0,four,0,,,108/8
1439782,2,18,6,VS Karthick Manikandan,Ajay K Krishna,Valliappan Yudheeswaran,0,0,0,no run,0,,,108/8
1439782,2,19,1,Ajay K Krishna,VS Karthick Manikandan,M Mohammed,0,0,0,no run,0,,,108/8
1439782,2,19,2,Ajay K Krishna,VS Karthick Manikandan,M Mohammed,0,0,0,out,1,caught,Ajay K Krishna,108/9
1439782,2,19,3,Gurjapneet Singh,VS Karthick Manikandan,M Mohammed,0,0,0,no run,0,,,108/9
1439782,2,19,4,Gurjapneet Singh,VS Karthick Manikandan,M Mohammed,1,1,0,run,0,,,109/9
1439782,2,19,5,VS Karthick Manikandan,Gurjapneet Singh,M Mohammed,1,1,0,run,0,,,110/9
1439782,2,19,6,Gurjapneet Singh,VS Karthick Manikandan,M Mohammed,0,0,0,no run,0,,,110/9
1439782,2,20,1,VS Karthick Manikandan,Gurjapneet Singh,Valliappan Yudheeswaran,2,2,0,run,0,,,112/9
1439782,2,20,2,VS Karthick Manikandan,Gurjapneet Singh,Valliappan Yudheeswaran,4,4,0,four,0,,,116/9
1439782,2,20,3,VS Karthick Manikandan,Gurjapneet Singh,Valliappan Yudheeswaran,4,4,0,four,0,,,120/9
1439782,2,20,4,VS Karthick Manikandan,Gurjapneet Singh,Valliappan Yudheeswaran,0,0,0,no run,0,,,120/9
1439782,2,20,5,VS Karthick Manikandan,Gurjapneet Singh,Valliappan Yudheeswaran,0,0,0,no run,0,,,120/9
1439782,2,20,6,VS Karthick Manikandan,Gurjapneet Singh,Valliappan Yudheeswaran,0,0,0,out,1,caught,VS Karthick Manikandan,120/10
1439783,1,1,1,VP Amit Sathvik,Tushar Raheja,Emmanuel Cherian,0,0,0,out,1,bowled,VP Amit Sathvik,0/1
1439783,1,1,2,Sundararaman Radhakrishnan,Tushar Raheja,Emmanuel Cherian,0,0,0,no run,0,,,0/1
1439783,1,1,3,Sundararaman Radhakrishnan,Tushar Raheja,Emmanuel Cherian,0,0,0,no run,0,,,0/1
1439783,1,1,4,Sundararaman Radhakrishnan,Tushar Raheja,Emmanuel Cherian,4,4,0,four,0,,,4/1
1439783,1,1,5,Sundararaman Radhakrishnan,Tushar Raheja,Emmanuel Cherian,0,0,0,no run,0,,,4/1
1439783,1,1,6,Sundararaman Radhakrishnan,Tushar Raheja,Emmanuel Cherian,1,0,1,leg bye,0,,,5/1
1439783,1,2,1,Sundararaman Radhakrishnan,Tushar Raheja,Ramsingh Sonu Yadav,0,0,0,no run,0,,,5/1
1439783,1,2,2,Sundararaman Radhakrishnan,Tushar Raheja,Ramsingh Sonu Yadav,1,1,0,run,0,,,6/1
1439783,1,2,3,Tushar Raheja,Sundararaman Radhakrishnan,Ramsingh Sonu Yadav,0,0,0,no run,0,,,6/1
1439783,1,2,4,Tushar Raheja,Sundararaman Radhakrishnan,Ramsingh Sonu Yadav,6,6,0,six,0,,,12/1
1439783,1,2,5,Tushar Raheja,Sundararaman Radhakrishnan,Ramsingh Sonu Yadav,1,1,0,run,0,,,13/1
1439783,1,2,6,Sundararaman Radhakrishnan,Tushar Raheja,Ramsingh Sonu Yadav,1,1,0,run,0,,,14/1
1439783,1,3,1,Sundararaman Radhakrishnan,Tushar Raheja,Emmanuel Cherian,1,1,0,run,0,,,15/1
1439783,1,3,2,Tushar Raheja,Sundararaman Radhakrishnan,Emmanuel Cherian,6,6,0,six,0,,,21/1
1439783,1,3,3,Tushar Raheja,Sundararaman Radhakrishnan,Emmanuel Cherian,4,4,0,four,0,,,25/1
1439783,1,3,4,Tushar Raheja,Sundararaman Radhakrishnan,Emmanuel Cherian,4,4,0,four,0,,,29/1
1439783,1,3,5,Tushar Raheja,Sundararaman Radhakrishnan,Emmanuel Cherian,4,4,0,four,0,,,33/1
1439783,1,3,6,Tushar Raheja,Sundararaman Radhakrishnan,Emmanuel Cherian,1,1,0,run,0,,,34/1
1439783,1,4,1,Tushar Raheja,Sundararaman Radhakrishnan,S Lakshay Jain,1,1,0,run,0,,,35/1
1439783,1,4,2,Sundararaman Radhakrishnan,Tushar Raheja,S Lakshay Jain,0,0,0,no run,0,,,35/1
1439783,1,4,3,Sundararaman Radhakrishnan,Tushar Raheja,S Lakshay Jain,1,1,0,run,0,,,36/1
1439783,1,4,4,Tushar Raheja,Sundararaman Radhakrishnan,S Lakshay Jain,4,4,0,four,0,,,40/1
1439783,1,4,5,Tushar Raheja,Sundararaman Radhakrishnan,S Lakshay Jain,6,6,0,six,0,,,46/1
1439783,1,4,6,Tushar Raheja,Sundararaman Radhakrishnan,S Lakshay Jain,4,4,0,four,0,,,50/1
1439783,1,5,1,Sundararaman Radhakrishnan,Tushar Raheja,Ragupathy Silambarasan,0,0,0,no run,0,,,50/1
1439783,1,5,2,Sundararaman Radhakrishnan,Tushar Raheja,Ragupathy Silambarasan,4,4,0,four,0,,,54/1
1439783,1,5,3,Sundararaman Radhakrishnan,Tushar Raheja,Ragupathy Silambarasan,5,4,1,four,0,,,59/1
1439783,1,5,4,Sundararaman Radhakrishnan,Tushar Raheja,Ragupathy Silambarasan,4,4,0,four,0,,,63/1
1439783,1,5,5,Sundararaman Radhakrishnan,Tushar Raheja,Ragupathy Silambarasan,0,0,0,no run,0,,,63/1
1439783,1,5,6,Sundararaman Radhakrishnan,Tushar Raheja,Ragupathy Silambarasan,1,1,0,run,0,,,64/1
1439783,1,5,7,Tushar Raheja,Sundararaman Radhakrishnan,Ragupathy Silambarasan,0,0,0,out,1,caught,Tushar Raheja,64/2
1439783,1,6,1,Sundararaman Radhakrishnan,Balchander Anirudh,S Lakshay Jain,0,0,0,no run,0,,,64/2
1439783,1,6,2,Sundararaman Radhakrishnan,Balchander Anirudh,S Lakshay Jain,4,4,0,four,0,,,68/2
1439783,1,6,3,Sundararaman Radhakrishnan,Balchander Anirudh,S Lakshay Jain,4,4,0,four,0,,,72/2
1439783,1,6,4,Sundararaman Radhakrishnan,Balchander Anirudh,S Lakshay Jain,4,4,0,four,0,,,76/2
1439783,1,6,5,Sundararaman Radhakrishnan,Balchander Anirudh,S Lakshay Jain,1,1,0,run,0,,,77/2
1439783,1,6,6,Balchander Anirudh,Sundararaman Radhakrishnan,S Lakshay Jain,0,0,0,no run,0,,,77/2
1439783,1,7,1,Sundararaman Radhakrishnan,Balchander Anirudh,NS Harish,1,1,0,run,0,,,78/2
1439783,1,7,2,Balchander Anirudh,Sundararaman Radhakrishnan,NS Harish,0,0,0,no run,0,,,78/2
1439783,1,7,3,Balchander Anirudh,Sundararaman Radhakrishnan,NS Harish,1,1,0,run,0,,,79/2
1439783,1,7,4,Sundararaman Radhakrishnan,Balchander Anirudh,NS Harish,0,0,0,no run,0,,,79/2
1439783,1,7,5,Sundararaman Radhakrishnan,Balchander Anirudh,NS Harish,0,0,0,no run,0,,,79/2
1439783,1,7,6,Sundararaman Radhakrishnan,Balchander Anirudh,NS Harish,1,1,0,run,0,,,80/2
1439783,1,8,1,Sundararaman Radhakrishnan,Balchander Anirudh,S Gohulmoorthi,4,4,0,four,0,,,84/2
1439783,1,8,2,Sundararaman Radhakrishnan,Balchander Anirudh,S Gohulmoorthi,1,1,0,run,0,,,85/2
1439783,1,8,3,Balchander Anirudh,Sundararaman Radhakrishnan,S Gohulmoorthi,2,1,1,run,0,,,87/2
1439783,1,8,4,Sundararaman Radhakrishnan,Balchander Anirudh,S Gohulmoorthi,1,1,0,run,0,,,88/2
1439783,1,8,5,Balchander Anirudh,Sundararaman Radhakrishnan,S Gohulmoorthi,2,2,0,run,0,,,90/2
1439783,1,8,6,Balchander Anirudh,Sundararaman Radhakrishnan,S Gohulmoorthi,1,1,0,run,0,,,91/2
1439783,1,8,7,Sundararaman Radhakrishnan,Balchander Anirudh,S Gohulmoorthi,1,1,0,run,0,,,92/2
1439783,1,9,1,Sundararaman Radhakrishnan,Balchander Anirudh,NS Harish,4,4,0,four,0,,,96/2
1439783,1,9,2,Sundararaman Radhakrishnan,Balchander Anirudh,NS Harish,1,1,0,run,0,,,97/2
1439783,1,9,3,Balchander Anirudh,Sundararaman Radhakrishnan,NS Harish,1,1,0,run,0,,,98/2
1439783,1,9,4,Sundararaman Radhakrishnan,Balchander Anirudh,NS Harish,1,1,0,run,0,,,99/2
1439783,1,9,5,Balchander Anirudh,Sundararaman Radhakrishnan,NS Harish,2,0,2,wide,0,,,101/2
1439783,1,9,6,Sundararaman Radhakrishnan,Balchander Anirudh,NS Harish,1,1,0,run,0,,,102/2
1439783,1,9,7,Balchander Anirudh,Sundararaman Radhakrishnan,NS Harish,0,0,0,no run,0,,,102/2
1439783,1,10,1,Sundararaman Radhakrishnan,Balchander Anirudh,S Gohulmoorthi,0,0,0,out,1,caught,Sundararaman Radhakrishnan,102/3
1439783,1,10,2,S Mohamed Ali,Balchander Anirudh,S Gohulmoorthi,1,1,0,run,0,,,103/3
1439783,1,10,3,Balchander Anirudh,S Mohamed Ali,S Gohulmoorthi,4,4,0,four,0,,,107/3
1439783,1,10,4,Balchander Anirudh,S Mohamed Ali,S Gohulmoorthi,1,1,0,run,0,,,108/3
1439783,1,10,5,S Mohamed Ali,Balchander Anirudh,S Gohulmoorthi,1,1,0,run,0,,,109/3
1439783,1,10,6,Balchander Anirudh,S Mohamed Ali,S Gohulmoorthi,1,1,0,run,0,,,110/3
1439783,1,11,1,Balchander Anirudh,S Mohamed Ali,NS Harish,1,1,0,run,0,,,111/3
1439783,1,11,2,S Mohamed Ali,Balchander Anirudh,NS Harish,0,0,0,no run,0,,,111/3
1439783,1,11,3,S Mohamed Ali,Balchander Anirudh,NS Harish,1,1,0,run,0,,,112/3
1439783,1,11,4,Balchander Anirudh,S Mohamed Ali,NS Harish,1,1,0,run,0,,,113/3
1439783,1,11,5,S Mohamed Ali,Balchander Anirudh,NS Harish,6,6,0,six,0,,,119/3
1439783,1,11,6,S Mohamed Ali,Balchander Anirudh,NS Harish,4,4,0,four,0,,,123/3
1439783,1,12,1,Balchander Anirudh,S Mohamed Ali,Ramsingh Sonu Yadav,0,0,0,out,1,caught,Balchander Anirudh,123/4
1439783,1,12,2,Ravisrinivasan Sai Kishore,S Mohamed Ali,Ramsingh Sonu Yadav,1,1,0,run,0,,,124/4
1439783,1,12,3,S Mohamed Ali,Ravisrinivasan Sai Kishore,Ramsingh Sonu Yadav,1,1,0,run,0,,,125/4
1439783,1,12,4,Ravisrinivasan Sai Kishore,S Mohamed Ali,Ramsingh Sonu Yadav,0,0,0,no run,0,,,125/4
1439783,1,12,5,Ravisrinivasan Sai Kishore,S Mohamed Ali,Ramsingh Sonu Yadav,0,0,0,no run,0,,,125/4
1439783,1,12,6,Ravisrinivasan Sai Kishore,S Mohamed Ali,Ramsingh Sonu Yadav,1,1,0,run,0,,,126/4
1439783,1,13,1,Ravisrinivasan Sai Kishore,S Mohamed Ali,NS Harish,0,0,0,out,1,caught,Ravisrinivasan Sai Kishore,126/5
1439783,1,13,2,S Ganesh,S Mohamed Ali,NS Harish,1,1,0,run,0,,,127/5
1439783,1,13,3,S Mohamed Ali,S Ganesh,NS Harish,1,1,0,run,0,,,128/5
1439783,1,13,4,S Ganesh,S Mohamed Ali,NS Harish,0,0,0,no run,0,,,128/5
1439783,1,13,5,S Ganesh,S Mohamed Ali,NS Harish,1,1,0,run,0,,,129/5
1439783,1,13,6,S Mohamed Ali,S Ganesh,NS Harish,0,0,0,no run,0,,,129/5
1439783,1,14,1,S Ganesh,S Mohamed Ali,S Gohulmoorthi,1,1,0,run,0,,,130/5
1439783,1,14,2,S Mohamed Ali,S Ganesh,S Gohulmoorthi,1,1,0,run,0,,,131/5
1439783,1,14,3,S Ganesh,S Mohamed Ali,S Gohulmoorthi,1,0,1,leg bye,0,,,132/5
1439783,1,14,4,S Mohamed Ali,S Ganesh,S Gohulmoorthi,1,1,0,run,0,,,133/5
1439783,1,14,5,S Ganesh,S Mohamed Ali,S Gohulmoorthi,1,1,0,run,0,,,134/5
1439783,1,14,6,S Mohamed Ali,S Ganesh,S Gohulmoorthi,1,1,0,run,0,,,135/5
1439783,1,15,1,S Mohamed Ali,S Ganesh,Ragupathy Silambarasan,1,1,0,run,0,,,136/5
1439783,1,15,2,S Ganesh,S Mohamed Ali,Ragupathy Silambarasan,1,1,0,run,0,,,137/5
1439783,1,15,3,S Mohamed Ali,S Ganesh,Ragupathy Silambarasan,1,1,0,run,0,,,138/5
1439783,1,15,4,S Ganesh,S Mohamed Ali,Ragupathy Silambarasan,0,0,0,no run,0,,,138/5
1439783,1,15,5,S Ganesh,S Mohamed Ali,Ragupathy Silambarasan,1,0,1,leg bye,0,,,139/5
1439783,1,15,6,S Mohamed Ali,S Ganesh,Ragupathy Silambarasan,1,1,0,run,0,,,140/5
1439783,1,16,1,S Mohamed Ali,S Ganesh,S Gohulmoorthi,1,1,0,run,0,,,141/5
1439783,1,16,2,S Ganesh,S Mohamed Ali,S Gohulmoorthi,6,6,0,six,0,,,147/5
1439783,1,16,3,S Ganesh,S Mohamed Ali,S Gohulmoorthi,1,1,0,run,0,,,148/5
1439783,1,16,4,S Mohamed Ali,S Ganesh,S Gohulmoorthi,1,1,0,run,0,,,149/5
1439783,1,16,5,S Ganesh,S Mohamed Ali,S Gohulmoorthi,2,2,0,run,0,,,151/5
1439783,1,16,6,S Ganesh,S Mohamed Ali,S Gohulmoorthi,1,1,0,run,0,,,152/5
1439783,1,17,1,S Ganesh,S Mohamed Ali,Ramsingh Sonu Yadav,1,1,0,run,0,,,153/5
1439783,1,17,2,S Mohamed Ali,S Ganesh,Ramsingh Sonu Yadav,0,0,0,no run,0,,,153/5
1439783,1,17,3,S Mohamed Ali,S Ganesh,Ramsingh Sonu Yadav,4,4,0,four,0,,,157/5
1439783,1,17,4,S Mohamed Ali,S Ganesh,Ramsingh Sonu Yadav,0,0,0,no run,0,,,157/5
1439783,1,17,5,S Mohamed Ali,S Ganesh,Ramsingh Sonu Yadav,1,1,0,run,0,,,158/5
1439783,1,17,6,S Ganesh,S Mohamed Ali,Ramsingh Sonu Yadav,1,1,0,run,0,,,159/5
1439783,1,18,1,S Ganesh,S Mohamed Ali,Ragupathy Silambarasan,4,4,0,four,0,,,163/5
1439783,1,18,2,S Ganesh,S Mohamed Ali,Ragupathy Silambarasan,0,0,0,no run,0,,,163/5
1439783,1,18,3,S Ganesh,S Mohamed Ali,Ragupathy Silambarasan,0,0,0,no run,0,,,163/5
1439783,1,18,4,S Ganesh,S Mohamed Ali,Ragupathy Silambarasan,6,6,0,six,0,,,169/5
1439783,1,18,5,S Ganesh,S Mohamed Ali,Ragupathy Silambarasan,1,1,0,run,0,,,170/5
1439783,1,18,6,S Mohamed Ali,S Ganesh,Ragupathy Silambarasan,1,1,0,run,0,,,171/5
1439783,1,19,1,S Mohamed Ali,S Ganesh,Ramsingh Sonu Yadav,2,2,0,run,0,,,173/5
1439783,1,19,2,S Mohamed Ali,S Ganesh,Ramsingh Sonu Yadav,2,1,1,run,0,,,175/5
1439783,1,19,3,S Ganesh,S Mohamed Ali,Ramsingh Sonu Yadav,1,1,0,run,0,,,176/5
1439783,1,19,4,S Mohamed Ali,S Ganesh,Ramsingh Sonu Yadav,2,2,0,run,0,,,178/5
1439783,1,19,5,S Mohamed Ali,S Ganesh,Ramsingh Sonu Yadav,1,0,1,wide,0,,,179/5
1439783,1,19,6,S Mohamed Ali,S Ganesh,Ramsingh Sonu Yadav,1,0,1,leg bye,0,,,180/5
1439783,1,19,7,S Ganesh,S Mohamed Ali,Ramsingh Sonu Yadav,1,1,0,run,0,,,181/5
1439783,1,19,8,S Mohamed Ali,S Ganesh,Ramsingh Sonu Yadav,1,1,0,run,0,,,182/5
1439783,1,20,1,S Mohamed Ali,S Ganesh,Ragupathy Silambarasan,0,0,0,no run,0,,,182/5
1439783,1,20,2,S Mohamed Ali,S Ganesh,Ragupathy Silambarasan,0,0,0,out,1,caught,S Mohamed Ali,182/6
1439783,1,20,3,M Mathivannan,S Ganesh,Ragupathy Silambarasan,1,1,0,run,0,,,183/6
1439783,1,20,4,S Ganesh,M Mathivannan,Ragupathy Silambarasan,6,6,0,six,0,,,189/6
1439783,1,20,5,S Ganesh,M Mathivannan,Ragupathy Silambarasan,0,0,0,out,1,run out,M Mathivannan,189/7
1439783,1,20,6,S Ganesh,P Bhuvaneswaran,Ragupathy Silambarasan,0,0,0,out,1,caught,S Ganesh,189/8
1439783,2,1,1,Konda Bhaskir Arun Karthik,Guruswamy Ajitesh,P Bhuvaneswaran,6,6,0,six,0,,,6/0
1439783,2,1,2,Konda Bhaskir Arun Karthik,Guruswamy Ajitesh,P Bhuvaneswaran,1,1,0,run,0,,,7/0
1439783,2,1,3,Guruswamy Ajitesh,Konda Bhaskir Arun Karthik,P Bhuvaneswaran,1,0,1,wide,0,,,8/0
1439783,2,1,4,Guruswamy Ajitesh,Konda Bhaskir Arun Karthik,P Bhuvaneswaran,0,0,0,out,1,caught,Guruswamy Ajitesh,8/1
1439783,2,1,5,Nidhish S Rajagopal,Konda Bhaskir Arun Karthik,P Bhuvaneswaran,0,0,0,no run,0,,,8/1
1439783,2,1,6,Nidhish S Rajagopal,Konda Bhaskir Arun Karthik,P Bhuvaneswaran,1,1,0,run,0,,,9/1
1439783,2,1,7,Konda Bhaskir Arun Karthik,Nidhish S Rajagopal,P Bhuvaneswaran,1,0,1,leg bye,0,,,10/1
1439783,2,2,1,Konda Bhaskir Arun Karthik,Nidhish S Rajagopal,Thangarasu Natarajan,4,4,0,four,0,,,14/1
1439783,2,2,2,Konda Bhaskir Arun Karthik,Nidhish S Rajagopal,Thangarasu Natarajan,1,1,0,run,0,,,15/1
1439783,2,2,3,Nidhish S Rajagopal,Konda Bhaskir Arun Karthik,Thangarasu Natarajan,1,0,1,wide,0,,,16/1
1439783,2,2,4,Nidhish S Rajagopal,Konda Bhaskir Arun Karthik,Thangarasu Natarajan,0,0,0,no run,0,,,16/1
1439783,2,2,5,Nidhish S Rajagopal,Konda Bhaskir Arun Karthik,Thangarasu Natarajan,0,0,0,out,1,caught,Nidhish S Rajagopal,16/2
1439783,2,2,6,SJ Arun Kumar,Konda Bhaskir Arun Karthik,Thangarasu Natarajan,1,1,0,run,0,,,17/2
1439783,2,2,7,Konda Bhaskir Arun Karthik,SJ Arun Kumar,Thangarasu Natarajan,0,0,0,no run,0,,,17/2
1439783,2,3,1,SJ Arun Kumar,Konda Bhaskir Arun Karthik,P Bhuvaneswaran,1,1,0,run,0,,,18/2
1439783,2,3,2,Konda Bhaskir Arun Karthik,SJ Arun Kumar,P Bhuvaneswaran,2,2,0,run,0,,,20/2
1439783,2,3,3,Konda Bhaskir Arun Karthik,SJ Arun Kumar,P Bhuvaneswaran,4,4,0,four,0,,,24/2
1439783,2,3,4,Konda Bhaskir Arun Karthik,SJ Arun Kumar,P Bhuvaneswaran,1,0,1,wide,0,,,25/2
1439783,2,3,5,Konda Bhaskir Arun Karthik,SJ Arun Kumar,P Bhuvaneswaran,4,4,0,four,0,,,29/2
1439783,2,3,6,Konda Bhaskir Arun Karthik,SJ Arun Kumar,P Bhuvaneswaran,4,4,0,four,0,,,33/2
1439783,2,3,7,Konda Bhaskir Arun Karthik,SJ Arun Kumar,P Bhuvaneswaran,1,1,0,run,0,,,34/2
1439783,2,4,1,Konda Bhaskir Arun Karthik,SJ Arun Kumar, Sriram Ajith Ram,0,0,0,no run,0,,,34/2
1439783,2,4,2,Konda Bhaskir Arun Karthik,SJ Arun Kumar, Sriram Ajith Ram,1,1,0,run,0,,,35/2
1439783,2,4,3,SJ Arun Kumar,Konda Bhaskir Arun Karthik, Sriram Ajith Ram,0,0,0,no run,0,,,35/2
1439783,2,4,4,SJ Arun Kumar,Konda Bhaskir Arun Karthik, Sriram Ajith Ram,0,0,0,no run,0,,,35/2
1439783,2,4,5,SJ Arun Kumar,Konda Bhaskir Arun Karthik, Sriram Ajith Ram,1,1,0,run,0,,,36/2
1439783,2,4,6,Konda Bhaskir Arun Karthik,SJ Arun Kumar, Sriram Ajith Ram,1,1,0,run,0,,,37/2
1439783,2,5,1,Konda Bhaskir Arun Karthik,SJ Arun Kumar,M Mathivannan,0,0,0,no run,0,,,37/2
1439783,2,5,2,Konda Bhaskir Arun Karthik,SJ Arun Kumar,M Mathivannan,4,4,0,four,0,,,41/2
1439783,2,5,3,Konda Bhaskir Arun Karthik,SJ Arun Kumar,M Mathivannan,1,0,1,leg bye,0,,,42/2
1439783,2,5,4,SJ Arun Kumar,Konda Bhaskir Arun Karthik,M Mathivannan,1,1,0,run,0,,,43/2
1439783,2,5,5,Konda Bhaskir Arun Karthik,SJ Arun Kumar,M Mathivannan,1,1,0,run,0,,,44/2
1439783,2,5,6,SJ Arun Kumar,Konda Bhaskir Arun Karthik,M Mathivannan,1,1,0,run,0,,,45/2
1439783,2,6,1,SJ Arun Kumar,Konda Bhaskir Arun Karthik,Ramalingam Rohit,1,1,0,run,0,,,46/2
1439783,2,6,2,Konda Bhaskir Arun Karthik,SJ Arun Kumar,Ramalingam Rohit,4,4,0,four,0,,,50/2
1439783,2,6,3,Konda Bhaskir Arun Karthik,SJ Arun Kumar,Ramalingam Rohit,0,0,0,no run,0,,,50/2
1439783,2,6,4,Konda Bhaskir Arun Karthik,SJ Arun Kumar,Ramalingam Rohit,4,4,0,four,0,,,54/2
1439783,2,6,5,Konda Bhaskir Arun Karthik,SJ Arun Kumar,Ramalingam Rohit,0,0,0,no run,0,,,54/2
1439783,2,6,6,Konda Bhaskir Arun Karthik,SJ Arun Kumar,Ramalingam Rohit,1,1,0,run,0,,,55/2
1439783,2,7,1,Konda Bhaskir Arun Karthik,SJ Arun Kumar,Ravisrinivasan Sai Kishore,0,0,0,no run,0,,,55/2
1439783,2,7,2,Konda Bhaskir Arun Karthik,SJ Arun Kumar,Ravisrinivasan Sai Kishore,0,0,0,no run,0,,,55/2
1439783,2,7,3,Konda Bhaskir Arun Karthik,SJ Arun Kumar,Ravisrinivasan Sai Kishore,1,1,0,run,0,,,56/2
1439783,2,7,4,SJ Arun Kumar,Konda Bhaskir Arun Karthik,Ravisrinivasan Sai Kishore,0,0,0,out,1,bowled,SJ Arun Kumar,56/3
1439783,2,7,5,S Rithik Easwaran,Konda Bhaskir Arun Karthik,Ravisrinivasan Sai Kishore,1,1,0,run,0,,,57/3
1439783,2,7,6,Konda Bhaskir Arun Karthik,S Rithik Easwaran,Ravisrinivasan Sai Kishore,1,1,0,run,0,,,58/3
1439783,2,8,1,Konda Bhaskir Arun Karthik,S Rithik Easwaran, Sriram Ajith Ram,0,0,0,no run,0,,,58/3
1439783,2,8,2,Konda Bhaskir Arun Karthik,S Rithik Easwaran, Sriram Ajith Ram,1,1,0,run,0,,,59/3
1439783,2,8,3,S Rithik Easwaran,Konda Bhaskir Arun Karthik, Sriram Ajith Ram,0,0,0,no run,0,,,59/3
1439783,2,8,4,S Rithik Easwaran,Konda Bhaskir Arun Karthik, Sriram Ajith Ram,6,6,0,six,0,,,65/3
1439783,2,8,5,S Rithik Easwaran,Konda Bhaskir Arun Karthik, Sriram Ajith Ram,4,4,0,four,0,,,69/3
1439783,2,8,6,S Rithik Easwaran,Konda Bhaskir Arun Karthik, Sriram Ajith Ram,1,1,0,run,0,,,70/3
1439783,2,9,1,S Rithik Easwaran,Konda Bhaskir Arun Karthik,S Mohamed Ali,1,1,0,run,0,,,71/3
1439783,2,9,2,Konda Bhaskir Arun Karthik,S Rithik Easwaran,S Mohamed Ali,1,1,0,run,0,,,72/3
1439783,2,9,3,S Rithik Easwaran,Konda Bhaskir Arun Karthik,S Mohamed Ali,1,1,0,run,0,,,73/3
1439783,2,9,4,Konda Bhaskir Arun Karthik,S Rithik Easwaran,S Mohamed Ali,1,1,0,run,0,,,74/3
1439783,2,9,5,S Rithik Easwaran,Konda Bhaskir Arun Karthik,S Mohamed Ali,1,1,0,run,0,,,75/3
1439783,2,9,6,Konda Bhaskir Arun Karthik,S Rithik Easwaran,S Mohamed Ali,1,1,0,run,0,,,76/3
1439783,2,10,1,Konda Bhaskir Arun Karthik,S Rithik Easwaran,M Mathivannan,0,0,0,no run,0,,,76/3
1439783,2,10,2,Konda Bhaskir Arun Karthik,S Rithik Easwaran,M Mathivannan,1,1,0,run,0,,,77/3
1439783,2,10,3,S Rithik Easwaran,Konda Bhaskir Arun Karthik,M Mathivannan,0,0,0,no run,0,,,77/3
1439783,2,10,4,S Rithik Easwaran,Konda Bhaskir Arun Karthik,M Mathivannan,0,0,0,no run,0,,,77/3
1439783,2,10,5,S Rithik Easwaran,Konda Bhaskir Arun Karthik,M Mathivannan,0,0,0,no run,0,,,77/3
1439783,2,10,6,S Rithik Easwaran,Konda Bhaskir Arun Karthik,M Mathivannan,0,0,0,no run,0,,,77/3
1439783,2,11,1,Konda Bhaskir Arun Karthik,S Rithik Easwaran,Thangarasu Natarajan,1,1,0,run,0,,,78/3
1439783,2,11,2,S Rithik Easwaran,Konda Bhaskir Arun Karthik,Thangarasu Natarajan,0,0,0,no run,0,,,78/3
1439783,2,11,3,S Rithik Easwaran,Konda Bhaskir Arun Karthik,Thangarasu Natarajan,0,0,0,no run,0,,,78/3
1439783,2,11,4,S Rithik Easwaran,Konda Bhaskir Arun Karthik,Thangarasu Natarajan,1,1,0,run,0,,,79/3
1439783,2,11,5,Konda Bhaskir Arun Karthik,S Rithik Easwaran,Thangarasu Natarajan,0,0,0,out,1,caught,Konda Bhaskir Arun Karthik,79/4
1439783,2,11,6,Ramsingh Sonu Yadav,S Rithik Easwaran,Thangarasu Natarajan,1,1,0,run,0,,,80/4
1439783,2,12,1,Ramsingh Sonu Yadav,S Rithik Easwaran,M Mathivannan,1,1,0,run,0,,,81/4
1439783,2,12,2,S Rithik Easwaran,Ramsingh Sonu Yadav,M Mathivannan,6,6,0,six,0,,,87/4
1439783,2,12,3,S Rithik Easwaran,Ramsingh Sonu Yadav,M Mathivannan,1,1,0,run,0,,,88/4
1439783,2,12,4,Ramsingh Sonu Yadav,S Rithik Easwaran,M Mathivannan,4,4,0,four,0,,,92/4
1439783,2,12,5,Ramsingh Sonu Yadav,S Rithik Easwaran,M Mathivannan,1,1,0,run,0,,,93/4
1439783,2,12,6,S Rithik Easwaran,Ramsingh Sonu Yadav,M Mathivannan,1,1,0,run,0,,,94/4
1439783,2,13,1,S Rithik Easwaran,Ramsingh Sonu Yadav,S Mohamed Ali,1,1,0,run,0,,,95/4
1439783,2,13,2,Ramsingh Sonu Yadav,S Rithik Easwaran,S Mohamed Ali,1,1,0,run,0,,,96/4
1439783,2,13,3,S Rithik Easwaran,Ramsingh Sonu Yadav,S Mohamed Ali,4,4,0,four,0,,,100/4
1439783,2,13,4,S Rithik Easwaran,Ramsingh Sonu Yadav,S Mohamed Ali,1,1,0,run,0,,,101/4
1439783,2,13,5,Ramsingh Sonu Yadav,S Rithik Easwaran,S Mohamed Ali,1,1,0,run,0,,,102/4
1439783,2,13,6,S Rithik Easwaran,Ramsingh Sonu Yadav,S Mohamed Ali,1,0,1,leg bye,0,,,103/4
1439783,2,14,1,S Rithik Easwaran,Ramsingh Sonu Yadav,Ramalingam Rohit,1,1,0,run,0,,,104/4
1439783,2,14,2,Ramsingh Sonu Yadav,S Rithik Easwaran,Ramalingam Rohit,0,0,0,no run,0,,,104/4
1439783,2,14,3,Ramsingh Sonu Yadav,S Rithik Easwaran,Ramalingam Rohit,1,0,1,wide,0,,,105/4
1439783,2,14,4,Ramsingh Sonu Yadav,S Rithik Easwaran,Ramalingam Rohit,4,4,0,four,0,,,109/4
1439783,2,14,5,Ramsingh Sonu Yadav,S Rithik Easwaran,Ramalingam Rohit,1,1,0,run,0,,,110/4
1439783,2,14,6,S Rithik Easwaran,Ramsingh Sonu Yadav,Ramalingam Rohit,2,2,0,run,0,,,112/4
1439783,2,14,7,S Rithik Easwaran,Ramsingh Sonu Yadav,Ramalingam Rohit,1,1,0,run,0,,,113/4
1439783,2,15,1,S Rithik Easwaran,Ramsingh Sonu Yadav,S Mohamed Ali,6,6,0,six,0,,,119/4
1439783,2,15,2,S Rithik Easwaran,Ramsingh Sonu Yadav,S Mohamed Ali,1,1,0,run,0,,,120/4
1439783,2,15,3,Ramsingh Sonu Yadav,S Rithik Easwaran,S Mohamed Ali,1,1,0,run,0,,,121/4
1439783,2,15,4,S Rithik Easwaran,Ramsingh Sonu Yadav,S Mohamed Ali,4,4,0,four,0,,,125/4
1439783,2,15,5,S Rithik Easwaran,Ramsingh Sonu Yadav,S Mohamed Ali,1,1,0,run,0,,,126/4
1439783,2,15,6,Ramsingh Sonu Yadav,S Rithik Easwaran,S Mohamed Ali,2,2,0,run,0,,,128/4
1439783,2,16,1,S Rithik Easwaran,Ramsingh Sonu Yadav,Ramalingam Rohit,1,1,0,run,0,,,129/4
1439783,2,16,2,Ramsingh Sonu Yadav,S Rithik Easwaran,Ramalingam Rohit,1,1,0,run,0,,,130/4
1439783,2,16,3,S Rithik Easwaran,Ramsingh Sonu Yadav,Ramalingam Rohit,1,1,0,run,0,,,131/4
1439783,2,16,4,Ramsingh Sonu Yadav,S Rithik Easwaran,Ramalingam Rohit,6,6,0,six,0,,,137/4
1439783,2,16,5,Ramsingh Sonu Yadav,S Rithik Easwaran,Ramalingam Rohit,0,0,0,no run,0,,,137/4
1439783,2,16,6,Ramsingh Sonu Yadav,S Rithik Easwaran,Ramalingam Rohit,1,1,0,run,0,,,138/4
1439783,2,17,1,Ramsingh Sonu Yadav,S Rithik Easwaran,P Bhuvaneswaran,0,0,0,no run,0,,,138/4
1439783,2,17,2,Ramsingh Sonu Yadav,S Rithik Easwaran,P Bhuvaneswaran,2,2,0,run,0,,,140/4
1439783,2,17,3,Ramsingh Sonu Yadav,S Rithik Easwaran,P Bhuvaneswaran,4,4,0,four,0,,,144/4
1439783,2,17,4,Ramsingh Sonu Yadav,S Rithik Easwaran,P Bhuvaneswaran,1,1,0,run,0,,,145/4
1439783,2,17,5,S Rithik Easwaran,Ramsingh Sonu Yadav,P Bhuvaneswaran,4,4,0,four,0,,,149/4
1439783,2,17,6,S Rithik Easwaran,Ramsingh Sonu Yadav,P Bhuvaneswaran,6,6,0,six,0,,,155/4
1439783,2,18,1,Ramsingh Sonu Yadav,S Rithik Easwaran,Thangarasu Natarajan,0,0,0,no run,0,,,155/4
1439783,2,18,2,Ramsingh Sonu Yadav,S Rithik Easwaran,Thangarasu Natarajan,6,6,0,six,0,,,161/4
1439783,2,18,3,Ramsingh Sonu Yadav,S Rithik Easwaran,Thangarasu Natarajan,2,2,0,run,0,,,163/4
1439783,2,18,4,Ramsingh Sonu Yadav,S Rithik Easwaran,Thangarasu Natarajan,1,0,1,wide,0,,,164/4
1439783,2,18,5,Ramsingh Sonu Yadav,S Rithik Easwaran,Thangarasu Natarajan,0,0,0,out,1,caught,Ramsingh Sonu Yadav,164/5
1439783,2,18,6,NS Harish,S Rithik Easwaran,Thangarasu Natarajan,1,0,1,wide,0,,,165/5
1439783,2,18,7,NS Harish,S Rithik Easwaran,Thangarasu Natarajan,0,0,0,no run,0,,,165/5
1439783,2,18,8,NS Harish,S Rithik Easwaran,Thangarasu Natarajan,0,0,0,no run,0,,,165/5
1439783,2,19,1,S Rithik Easwaran,NS Harish,Ramalingam Rohit,1,1,0,run,0,,,166/5
1439783,2,19,2,NS Harish,S Rithik Easwaran,Ramalingam Rohit,0,0,0,out,1,caught,NS Harish,166/6
1439783,2,19,3,RS Mokit Hariharan,S Rithik Easwaran,Ramalingam Rohit,1,1,0,run,0,,,167/6
1439783,2,19,4,S Rithik Easwaran,RS Mokit Hariharan,Ramalingam Rohit,0,0,0,out,1,caught,S Rithik Easwaran,167/7
1439783,2,19,5,S Gohulmoorthi,RS Mokit Hariharan,Ramalingam Rohit,1,1,0,run,0,,,168/7
1439783,2,19,6,RS Mokit Hariharan,S Gohulmoorthi,Ramalingam Rohit,0,0,0,out,1,caught,RS Mokit Hariharan,168/8
1439783,2,20,1,S Gohulmoorthi,S Lakshay Jain,Thangarasu Natarajan,1,1,0,run,0,,,169/8
1439783,2,20,2,S Lakshay Jain,S Gohulmoorthi,Thangarasu Natarajan,6,6,0,six,0,,,175/8
1439783,2,20,3,S Lakshay Jain,S Gohulmoorthi,Thangarasu Natarajan,0,0,0,out,1,bowled,S Lakshay Jain,175/9
1439783,2,20,4,Ragupathy Silambarasan,S Gohulmoorthi,Thangarasu Natarajan,1,1,0,run,0,,,176/9
1439783,2,20,5,S Gohulmoorthi,Ragupathy Silambarasan,Thangarasu Natarajan,1,0,1,wide,0,,,177/9
1439783,2,20,6,S Gohulmoorthi,Ragupathy Silambarasan,Thangarasu Natarajan,1,1,0,run,0,,,178/9
1439783,2,20,7,Ragupathy Silambarasan,S Gohulmoorthi,Thangarasu Natarajan,6,6,0,six,0,,,184/9
1439784,1,1,1,R Vimal Khumar,Shivam Singh,Gurjapneet Singh,2,2,0,run,0,,,2/0
1439784,1,1,2,R Vimal Khumar,Shivam Singh,Gurjapneet Singh,4,4,0,four,0,,,6/0
1439784,1,1,3,R Vimal Khumar,Shivam Singh,Gurjapneet Singh,1,1,0,run,0,,,7/0
1439784,1,1,4,Shivam Singh,R Vimal Khumar,Gurjapneet Singh,1,1,0,run,0,,,8/0
1439784,1,1,5,R Vimal Khumar,Shivam Singh,Gurjapneet Singh,1,0,1,wide,0,,,9/0
1439784,1,1,6,R Vimal Khumar,Shivam Singh,Gurjapneet Singh,4,4,0,four,0,,,13/0
1439784,1,1,7,R Vimal Khumar,Shivam Singh,Gurjapneet Singh,0,0,0,no run,0,,,13/0
1439784,1,2,1,Shivam Singh,R Vimal Khumar,R Mithun,1,1,0,run,0,,,14/0
1439784,1,2,2,R Vimal Khumar,Shivam Singh,R Mithun,1,1,0,run,0,,,15/0
1439784,1,2,3,Shivam Singh,R Vimal Khumar,R Mithun,0,0,0,no run,0,,,15/0
1439784,1,2,4,Shivam Singh,R Vimal Khumar,R Mithun,6,6,0,six,0,,,21/0
1439784,1,2,5,Shivam Singh,R Vimal Khumar,R Mithun,0,0,0,no run,0,,,21/0
1439784,1,2,6,Shivam Singh,R Vimal Khumar,R Mithun,0,0,0,no run,0,,,21/0
1439784,1,3,1,R Vimal Khumar,Shivam Singh,P Saravanan,4,4,0,four,0,,,25/0
1439784,1,3,2,R Vimal Khumar,Shivam Singh,P Saravanan,1,0,1,no ball,0,,,26/0
1439784,1,3,3,R Vimal Khumar,Shivam Singh,P Saravanan,6,6,0,six,0,,,32/0
1439784,1,3,4,R Vimal Khumar,Shivam Singh,P Saravanan,0,0,0,no run,0,,,32/0
1439784,1,3,5,R Vimal Khumar,Shivam Singh,P Saravanan,0,0,0,no run,0,,,32/0
1439784,1,3,6,R Vimal Khumar,Shivam Singh,P Saravanan,0,0,0,no run,0,,,32/0
1439784,1,3,7,R Vimal Khumar,Shivam Singh,P Saravanan,1,1,0,run,0,,,33/0
1439784,1,4,1,R Vimal Khumar,Shivam Singh,R Mithun,0,0,0,out,1,caught,R Vimal Khumar,33/1
1439784,1,4,2,Baba Indrajith,Shivam Singh,R Mithun,0,0,0,no run,0,,,33/1
1439784,1,4,3,Baba Indrajith,Shivam Singh,R Mithun,0,0,0,no run,0,,,33/1
1439784,1,4,4,Baba Indrajith,Shivam Singh,R Mithun,1,1,0,run,0,,,34/1
1439784,1,4,5,Shivam Singh,Baba Indrajith,R Mithun,4,4,0,four,0,,,38/1
1439784,1,4,6,Shivam Singh,Baba Indrajith,R Mithun,0,0,0,no run,0,,,38/1
1439784,1,5,1,Baba Indrajith,Shivam Singh,P Saravanan,1,1,0,run,0,,,39/1
1439784,1,5,2,Shivam Singh,Baba Indrajith,P Saravanan,0,0,0,no run,0,,,39/1
1439784,1,5,3,Shivam Singh,Baba Indrajith,P Saravanan,4,4,0,four,0,,,43/1
1439784,1,5,4,Shivam Singh,Baba Indrajith,P Saravanan,1,1,0,run,0,,,44/1
1439784,1,5,5,Baba Indrajith,Shivam Singh,P Saravanan,0,0,0,no run,0,,,44/1
1439784,1,5,6,Baba Indrajith,Shivam Singh,P Saravanan,1,1,0,run,0,,,45/1
1439784,1,6,1,Baba Indrajith,Shivam Singh,Gurjapneet Singh,1,1,0,run,0,,,46/1
1439784,1,6,2,Shivam Singh,Baba Indrajith,Gurjapneet Singh,0,0,0,no run,0,,,46/1
1439784,1,6,3,Shivam Singh,Baba Indrajith,Gurjapneet Singh,1,1,0,run,0,,,47/1
1439784,1,6,4,Baba Indrajith,Shivam Singh,Gurjapneet Singh,0,0,0,no run,0,,,47/1
1439784,1,6,5,Baba Indrajith,Shivam Singh,Gurjapneet Singh,4,4,0,four,0,,,51/1
1439784,1,6,6,Baba Indrajith,Shivam Singh,Gurjapneet Singh,1,1,0,run,0,,,52/1
1439784,1,7,1,Baba Indrajith,Shivam Singh,Murugan Ashwin,4,4,0,four,0,,,56/1
1439784,1,7,2,Baba Indrajith,Shivam Singh,Murugan Ashwin,1,1,0,run,0,,,57/1
1439784,1,7,3,Shivam Singh,Baba Indrajith,Murugan Ashwin,0,0,0,no run,0,,,57/1
1439784,1,7,4,Shivam Singh,Baba Indrajith,Murugan Ashwin,1,1,0,run,0,,,58/1
1439784,1,7,5,Baba Indrajith,Shivam Singh,Murugan Ashwin,1,1,0,run,0,,,59/1
1439784,1,7,6,Shivam Singh,Baba Indrajith,Murugan Ashwin,4,4,0,four,0,,,63/1
1439784,1,8,1,Baba Indrajith,Shivam Singh,VS Karthick Manikandan,0,0,0,no run,0,,,63/1
1439784,1,8,2,Baba Indrajith,Shivam Singh,VS Karthick Manikandan,1,1,0,run,0,,,64/1
1439784,1,8,3,Shivam Singh,Baba Indrajith,VS Karthick Manikandan,0,0,0,no run,0,,,64/1
1439784,1,8,4,Shivam Singh,Baba Indrajith,VS Karthick Manikandan,1,1,0,run,0,,,65/1
1439784,1,8,5,Baba Indrajith,Shivam Singh,VS Karthick Manikandan,4,4,0,four,0,,,69/1
1439784,1,8,6,Baba Indrajith,Shivam Singh,VS Karthick Manikandan,1,1,0,run,0,,,70/1
1439784,1,9,1,Baba Indrajith,Shivam Singh,Murugan Ashwin,4,4,0,four,0,,,74/1
1439784,1,9,2,Baba Indrajith,Shivam Singh,Murugan Ashwin,0,0,0,no run,0,,,74/1
1439784,1,9,3,Baba Indrajith,Shivam Singh,Murugan Ashwin,1,1,0,run,0,,,75/1
1439784,1,9,4,Shivam Singh,Baba Indrajith,Murugan Ashwin,0,0,0,no run,0,,,75/1
1439784,1,9,5,Shivam Singh,Baba Indrajith,Murugan Ashwin,0,0,0,no run,0,,,75/1
1439784,1,9,6,Shivam Singh,Baba Indrajith,Murugan Ashwin,6,6,0,six,0,,,81/1
1439784,1,10,1,Baba Indrajith,Shivam Singh,VS Karthick Manikandan,2,2,0,run,0,,,83/1
1439784,1,10,2,Baba Indrajith,Shivam Singh,VS Karthick Manikandan,1,1,0,run,0,,,84/1
1439784,1,10,3,Shivam Singh,Baba Indrajith,VS Karthick Manikandan,1,1,0,run,0,,,85/1
1439784,1,10,4,Baba Indrajith,Shivam Singh,VS Karthick Manikandan,0,0,0,out,1,caught,Baba Indrajith,85/2
1439784,1,10,5,C Sarath Kumar,Shivam Singh,VS Karthick Manikandan,4,4,0,four,0,,,89/2
1439784,1,10,6,C Sarath Kumar,Shivam Singh,VS Karthick Manikandan,0,0,0,no run,0,,,89/2
1439784,1,11,1,Shivam Singh,C Sarath Kumar,Murugan Ashwin,4,4,0,four,0,,,93/2
1439784,1,11,2,Shivam Singh,C Sarath Kumar,Murugan Ashwin,1,1,0,run,0,,,94/2
1439784,1,11,3,C Sarath Kumar,Shivam Singh,Murugan Ashwin,2,2,0,run,0,,,96/2
1439784,1,11,4,C Sarath Kumar,Shivam Singh,Murugan Ashwin,1,1,0,run,0,,,97/2
1439784,1,11,5,Shivam Singh,C Sarath Kumar,Murugan Ashwin,1,0,1,wide,0,,,98/2
1439784,1,11,6,Shivam Singh,C Sarath Kumar,Murugan Ashwin,1,1,0,run,0,,,99/2
1439784,1,11,7,C Sarath Kumar,Shivam Singh,Murugan Ashwin,0,0,0,no run,0,,,99/2
1439784,1,12,1,Shivam Singh,C Sarath Kumar,Ajay K Krishna,1,1,0,run,0,,,100/2
1439784,1,12,2,C Sarath Kumar,Shivam Singh,Ajay K Krishna,4,4,0,four,0,,,104/2
1439784,1,12,3,C Sarath Kumar,Shivam Singh,Ajay K Krishna,1,1,0,run,0,,,105/2
1439784,1,12,4,Shivam Singh,C Sarath Kumar,Ajay K Krishna,6,6,0,six,0,,,111/2
1439784,1,12,5,Shivam Singh,C Sarath Kumar,Ajay K Krishna,0,0,0,no run,0,,,111/2
1439784,1,12,6,Shivam Singh,C Sarath Kumar,Ajay K Krishna,6,6,0,six,0,,,117/2
1439784,1,13,1,C Sarath Kumar,Shivam Singh,VS Karthick Manikandan,1,1,0,run,0,,,118/2
1439784,1,13,2,Shivam Singh,C Sarath Kumar,VS Karthick Manikandan,1,1,0,run,0,,,119/2
1439784,1,13,3,C Sarath Kumar,Shivam Singh,VS Karthick Manikandan,4,4,0,four,0,,,123/2
1439784,1,13,4,C Sarath Kumar,Shivam Singh,VS Karthick Manikandan,1,0,1,leg bye,0,,,124/2
1439784,1,13,5,Shivam Singh,C Sarath Kumar,VS Karthick Manikandan,1,1,0,run,0,,,125/2
1439784,1,13,6,C Sarath Kumar,Shivam Singh,VS Karthick Manikandan,1,1,0,run,0,,,126/2
1439784,1,14,1,C Sarath Kumar,Shivam Singh,P Saravanan,1,1,0,run,0,,,127/2
1439784,1,14,2,Shivam Singh,C Sarath Kumar,P Saravanan,4,4,0,four,0,,,131/2
1439784,1,14,3,Shivam Singh,C Sarath Kumar,P Saravanan,0,0,0,no run,0,,,131/2
1439784,1,14,4,Shivam Singh,C Sarath Kumar,P Saravanan,0,0,0,no run,0,,,131/2
1439784,1,14,5,Shivam Singh,C Sarath Kumar,P Saravanan,6,6,0,six,0,,,137/2
1439784,1,14,6,Shivam Singh,C Sarath Kumar,P Saravanan,1,1,0,run,0,,,138/2
1439784,1,15,1,Shivam Singh,C Sarath Kumar,VS Karthick Manikandan,6,6,0,six,0,,,144/2
1439784,1,15,2,Shivam Singh,C Sarath Kumar,VS Karthick Manikandan,6,6,0,six,0,,,150/2
1439784,1,15,3,Shivam Singh,C Sarath Kumar,VS Karthick Manikandan,6,6,0,six,0,,,156/2
1439784,1,15,4,Shivam Singh,C Sarath Kumar,VS Karthick Manikandan,0,0,0,no run,0,,,156/2
1439784,1,15,5,Shivam Singh,C Sarath Kumar,VS Karthick Manikandan,1,1,0,run,0,,,157/2
1439784,1,15,6,C Sarath Kumar,Shivam Singh,VS Karthick Manikandan,0,0,0,out,1,caught,C Sarath Kumar,157/3
1439784,1,16,1,Shivam Singh,Ravichandran Ashwin,Ajay K Krishna,0,0,0,no run,0,,,157/3
1439784,1,16,2,Shivam Singh,Ravichandran Ashwin,Ajay K Krishna,1,1,0,run,0,,,158/3
1439784,1,16,3,Ravichandran Ashwin,Shivam Singh,Ajay K Krishna,1,1,0,run,0,,,159/3
1439784,1,16,4,Shivam Singh,Ravichandran Ashwin,Ajay K Krishna,0,0,0,no run,0,,,159/3
1439784,1,16,5,Shivam Singh,Ravichandran Ashwin,Ajay K Krishna,1,1,0,run,0,,,160/3
1439784,1,16,6,Ravichandran Ashwin,Shivam Singh,Ajay K Krishna,1,1,0,run,0,,,161/3
1439784,1,17,1,Ravichandran Ashwin,Shivam Singh,Gurjapneet Singh,1,0,1,no ball,0,,,162/3
1439784,1,17,2,Ravichandran Ashwin,Shivam Singh,Gurjapneet Singh,1,1,0,run,0,,,163/3
1439784,1,17,3,Shivam Singh,Ravichandran Ashwin,Gurjapneet Singh,1,0,1,leg bye,0,,,164/3
1439784,1,17,4,Ravichandran Ashwin,Shivam Singh,Gurjapneet Singh,0,0,0,out,1,caught,Ravichandran Ashwin,164/4
1439784,1,17,5,Boopathi Vaishna Kumar,Shivam Singh,Gurjapneet Singh,1,1,0,run,0,,,165/4
1439784,1,17,6,Shivam Singh,Boopathi Vaishna Kumar,Gurjapneet Singh,4,4,0,four,0,,,169/4
1439784,1,17,7,Shivam Singh,Boopathi Vaishna Kumar,Gurjapneet Singh,1,1,0,run,0,,,170/4
1439784,1,18,1,Shivam Singh,Boopathi Vaishna Kumar,Murugan Ashwin,0,0,0,no run,0,,,170/4
1439784,1,18,2,Shivam Singh,Boopathi Vaishna Kumar,Murugan Ashwin,6,6,0,six,0,,,176/4
1439784,1,18,3,Shivam Singh,Boopathi Vaishna Kumar,Murugan Ashwin,0,0,0,no run,0,,,176/4
1439784,1,18,4,Shivam Singh,Boopathi Vaishna Kumar,Murugan Ashwin,1,1,0,run,0,,,177/4
1439784,1,18,5,Boopathi Vaishna Kumar,Shivam Singh,Murugan Ashwin,0,0,0,out,1,caught,Boopathi Vaishna Kumar,177/5
1439784,1,18,6,S Dinesh Raj,Shivam Singh,Murugan Ashwin,6,6,0,six,0,,,183/5
1439784,1,19,1,Shivam Singh,S Dinesh Raj,Ajay K Krishna,1,0,1,wide,0,,,184/5
1439784,1,19,2,Shivam Singh,S Dinesh Raj,Ajay K Krishna,1,1,0,run,0,,,185/5
1439784,1,19,3,S Dinesh Raj,Shivam Singh,Ajay K Krishna,4,4,0,four,0,,,189/5
1439784,1,19,4,S Dinesh Raj,Shivam Singh,Ajay K Krishna,1,1,0,run,0,,,190/5
1439784,1,19,5,Shivam Singh,S Dinesh Raj,Ajay K Krishna,1,1,0,run,0,,,191/5
1439784,1,19,6,S Dinesh Raj,Shivam Singh,Ajay K Krishna,0,0,0,no run,0,,,191/5
1439784,1,19,7,S Dinesh Raj,Shivam Singh,Ajay K Krishna,0,0,0,no run,0,,,191/5
1439784,1,20,1,Shivam Singh,S Dinesh Raj,Gurjapneet Singh,1,1,0,run,0,,,192/5
1439784,1,20,2,S Dinesh Raj,Shivam Singh,Gurjapneet Singh,0,0,0,no run,0,,,192/5
1439784,1,20,3,S Dinesh Raj,Shivam Singh,Gurjapneet Singh,1,1,0,run,0,,,193/5
1439784,1,20,4,Shivam Singh,S Dinesh Raj,Gurjapneet Singh,1,1,0,run,0,,,194/5
1439784,1,20,5,S Dinesh Raj,Shivam Singh,Gurjapneet Singh,1,1,0,run,0,,,195/5
1439784,1,20,6,Shivam Singh,S Dinesh Raj,Gurjapneet Singh,6,6,0,six,0,,,201/5
1439784,2,1,1,Suresh Lokeshwar,Chezhian Nishaanth,Sankarankutty Sandeep Warrier,0,0,0,no run,0,,,0/0
1439784,2,1,2,Suresh Lokeshwar,Chezhian Nishaanth,Sankarankutty Sandeep Warrier,1,1,0,run,0,,,1/0
1439784,2,1,3,Chezhian Nishaanth,Suresh Lokeshwar,Sankarankutty Sandeep Warrier,0,0,0,no run,0,,,1/0
1439784,2,1,4,Chezhian Nishaanth,Suresh Lokeshwar,Sankarankutty Sandeep Warrier,0,0,0,no run,0,,,1/0
1439784,2,1,5,Chezhian Nishaanth,Suresh Lokeshwar,Sankarankutty Sandeep Warrier,4,4,0,four,0,,,5/0
1439784,2,1,6,Chezhian Nishaanth,Suresh Lokeshwar,Sankarankutty Sandeep Warrier,0,0,0,no run,0,,,5/0
1439784,2,2,1,Suresh Lokeshwar,Chezhian Nishaanth,VP Diran,0,0,0,no run,0,,,5/0
1439784,2,2,2,Suresh Lokeshwar,Chezhian Nishaanth,VP Diran,1,1,0,run,0,,,6/0
1439784,2,2,3,Chezhian Nishaanth,Suresh Lokeshwar,VP Diran,4,4,0,four,0,,,10/0
1439784,2,2,4,Chezhian Nishaanth,Suresh Lokeshwar,VP Diran,1,1,0,run,0,,,11/0
1439784,2,2,5,Suresh Lokeshwar,Chezhian Nishaanth,VP Diran,4,4,0,four,0,,,15/0
1439784,2,2,6,Suresh Lokeshwar,Chezhian Nishaanth,VP Diran,6,6,0,six,0,,,21/0
1439784,2,3,1,Chezhian Nishaanth,Suresh Lokeshwar,Sankarankutty Sandeep Warrier,0,0,0,no run,0,,,21/0
1439784,2,3,2,Chezhian Nishaanth,Suresh Lokeshwar,Sankarankutty Sandeep Warrier,1,1,0,run,0,,,22/0
1439784,2,3,3,Suresh Lokeshwar,Chezhian Nishaanth,Sankarankutty Sandeep Warrier,6,6,0,six,0,,,28/0
1439784,2,3,4,Suresh Lokeshwar,Chezhian Nishaanth,Sankarankutty Sandeep Warrier,0,0,0,no run,0,,,28/0
1439784,2,3,5,Suresh Lokeshwar,Chezhian Nishaanth,Sankarankutty Sandeep Warrier,0,0,0,no run,0,,,28/0
1439784,2,3,6,Suresh Lokeshwar,Chezhian Nishaanth,Sankarankutty Sandeep Warrier,1,1,0,run,0,,,29/0
1439784,2,4,1,Suresh Lokeshwar,Chezhian Nishaanth,Ravichandran Ashwin,4,4,0,four,0,,,33/0
1439784,2,4,2,Suresh Lokeshwar,Chezhian Nishaanth,Ravichandran Ashwin,1,1,0,run,1,run out,Chezhian Nishaanth,34/1
1439784,2,4,3,Suresh Lokeshwar,Jagatheesan Kousik,Ravichandran Ashwin,1,1,0,run,0,,,35/1
1439784,2,4,4,Jagatheesan Kousik,Suresh Lokeshwar,Ravichandran Ashwin,1,1,0,run,0,,,36/1
1439784,2,4,5,Suresh Lokeshwar,Jagatheesan Kousik,Ravichandran Ashwin,6,6,0,six,0,,,42/1
1439784,2,4,6,Suresh Lokeshwar,Jagatheesan Kousik,Ravichandran Ashwin,0,0,0,no run,0,,,42/1
1439784,2,5,1,Jagatheesan Kousik,Suresh Lokeshwar,Subodh Bhati,0,0,0,no run,0,,,42/1
1439784,2,5,2,Jagatheesan Kousik,Suresh Lokeshwar,Subodh Bhati,0,0,0,no run,0,,,42/1
1439784,2,5,3,Jagatheesan Kousik,Suresh Lokeshwar,Subodh Bhati,1,1,0,run,0,,,43/1
1439784,2,5,4,Suresh Lokeshwar,Jagatheesan Kousik,Subodh Bhati,0,0,0,no run,0,,,43/1
1439784,2,5,5,Suresh Lokeshwar,Jagatheesan Kousik,Subodh Bhati,4,4,0,four,0,,,47/1
1439784,2,5,6,Suresh Lokeshwar,Jagatheesan Kousik,Subodh Bhati,1,1,0,run,0,,,48/1
1439784,2,6,1,Suresh Lokeshwar,Jagatheesan Kousik,Varun Chakravarthy Vinod,1,1,0,run,0,,,49/1
1439784,2,6,2,Jagatheesan Kousik,Suresh Lokeshwar,Varun Chakravarthy Vinod,1,1,0,run,0,,,50/1
1439784,2,6,3,Suresh Lokeshwar,Jagatheesan Kousik,Varun Chakravarthy Vinod,1,1,0,run,0,,,51/1
1439784,2,6,4,Jagatheesan Kousik,Suresh Lokeshwar,Varun Chakravarthy Vinod,6,6,0,six,0,,,57/1
1439784,2,6,5,Jagatheesan Kousik,Suresh Lokeshwar,Varun Chakravarthy Vinod,1,0,1,leg bye,0,,,58/1
1439784,2,6,6,Suresh Lokeshwar,Jagatheesan Kousik,Varun Chakravarthy Vinod,0,0,0,no run,0,,,58/1
1439784,2,7,1,Jagatheesan Kousik,Suresh Lokeshwar,P Vignesh,6,6,0,six,0,,,64/1
1439784,2,7,2,Jagatheesan Kousik,Suresh Lokeshwar,P Vignesh,0,0,0,no run,0,,,64/1
1439784,2,7,3,Jagatheesan Kousik,Suresh Lokeshwar,P Vignesh,1,1,0,run,0,,,65/1
1439784,2,7,4,Suresh Lokeshwar,Jagatheesan Kousik,P Vignesh,6,6,0,six,0,,,71/1
1439784,2,7,5,Suresh Lokeshwar,Jagatheesan Kousik,P Vignesh,1,1,0,run,0,,,72/1
1439784,2,7,6,Jagatheesan Kousik,Suresh Lokeshwar,P Vignesh,1,1,0,run,0,,,73/1
1439784,2,8,1,Jagatheesan Kousik,Suresh Lokeshwar,Ravichandran Ashwin,6,6,0,six,0,,,79/1
1439784,2,8,2,Jagatheesan Kousik,Suresh Lokeshwar,Ravichandran Ashwin,1,1,0,run,0,,,80/1
1439784,2,8,3,Suresh Lokeshwar,Jagatheesan Kousik,Ravichandran Ashwin,1,1,0,run,0,,,81/1
1439784,2,8,4,Jagatheesan Kousik,Suresh Lokeshwar,Ravichandran Ashwin,0,0,0,no run,0,,,81/1
1439784,2,8,5,Jagatheesan Kousik,Suresh Lokeshwar,Ravichandran Ashwin,0,0,0,no run,0,,,81/1
1439784,2,8,6,Jagatheesan Kousik,Suresh Lokeshwar,Ravichandran Ashwin,0,0,0,no run,0,,,81/1
1439784,2,9,1,Suresh Lokeshwar,Jagatheesan Kousik,Subodh Bhati,1,0,1,wide,0,,,82/1
1439784,2,9,2,Suresh Lokeshwar,Jagatheesan Kousik,Subodh Bhati,1,1,0,run,0,,,83/1
1439784,2,9,3,Jagatheesan Kousik,Suresh Lokeshwar,Subodh Bhati,1,1,0,run,0,,,84/1
1439784,2,9,4,Suresh Lokeshwar,Jagatheesan Kousik,Subodh Bhati,0,0,0,no run,0,,,84/1
1439784,2,9,5,Suresh Lokeshwar,Jagatheesan Kousik,Subodh Bhati,0,0,0,no run,0,,,84/1
1439784,2,9,6,Suresh Lokeshwar,Jagatheesan Kousik,Subodh Bhati,0,0,0,no run,0,,,84/1
1439784,2,9,7,Suresh Lokeshwar,Jagatheesan Kousik,Subodh Bhati,1,1,0,run,0,,,85/1
1439784,2,10,1,Suresh Lokeshwar,Jagatheesan Kousik,Varun Chakravarthy Vinod,1,1,0,run,0,,,86/1
1439784,2,10,2,Jagatheesan Kousik,Suresh Lokeshwar,Varun Chakravarthy Vinod,0,0,0,no run,0,,,86/1
1439784,2,10,3,Jagatheesan Kousik,Suresh Lokeshwar,Varun Chakravarthy Vinod,1,1,0,run,0,,,87/1
1439784,2,10,4,Suresh Lokeshwar,Jagatheesan Kousik,Varun Chakravarthy Vinod,1,1,0,run,0,,,88/1
1439784,2,10,5,Jagatheesan Kousik,Suresh Lokeshwar,Varun Chakravarthy Vinod,1,1,0,run,0,,,89/1
1439784,2,10,6,Suresh Lokeshwar,Jagatheesan Kousik,Varun Chakravarthy Vinod,1,1,0,run,0,,,90/1
1439784,2,11,1,Suresh Lokeshwar,Jagatheesan Kousik,P Vignesh,2,2,0,run,0,,,92/1
1439784,2,11,2,Suresh Lokeshwar,Jagatheesan Kousik,P Vignesh,1,1,0,run,0,,,93/1
1439784,2,11,3,Jagatheesan Kousik,Suresh Lokeshwar,P Vignesh,1,1,0,run,0,,,94/1
1439784,2,11,4,Suresh Lokeshwar,Jagatheesan Kousik,P Vignesh,1,1,0,run,0,,,95/1
1439784,2,11,5,Jagatheesan Kousik,Suresh Lokeshwar,P Vignesh,0,0,0,out,1,caught,Jagatheesan Kousik,95/2
1439784,2,11,6,N Sarangarajan Chaturved,Suresh Lokeshwar,P Vignesh,1,1,0,run,0,,,96/2
1439784,2,12,1,N Sarangarajan Chaturved,Suresh Lokeshwar,Ravichandran Ashwin,1,1,0,run,0,,,97/2
1439784,2,12,2,Suresh Lokeshwar,N Sarangarajan Chaturved,Ravichandran Ashwin,0,0,0,no run,0,,,97/2
1439784,2,12,3,Suresh Lokeshwar,N Sarangarajan Chaturved,Ravichandran Ashwin,0,0,0,out,1,bowled,Suresh Lokeshwar,97/3
1439784,2,12,4,Uthirasamy Sasidev,N Sarangarajan Chaturved,Ravichandran Ashwin,4,4,0,four,0,,,101/3
1439784,2,12,5,Uthirasamy Sasidev,N Sarangarajan Chaturved,Ravichandran Ashwin,1,0,1,leg bye,0,,,102/3
1439784,2,12,6,N Sarangarajan Chaturved,Uthirasamy Sasidev,Ravichandran Ashwin,1,1,0,run,0,,,103/3
1439784,2,13,1,N Sarangarajan Chaturved,Uthirasamy Sasidev,Sankarankutty Sandeep Warrier,1,0,1,wide,0,,,104/3
1439784,2,13,2,N Sarangarajan Chaturved,Uthirasamy Sasidev,Sankarankutty Sandeep Warrier,1,1,0,run,0,,,105/3
1439784,2,13,3,Uthirasamy Sasidev,N Sarangarajan Chaturved,Sankarankutty Sandeep Warrier,1,1,0,run,0,,,106/3
1439784,2,13,4,N Sarangarajan Chaturved,Uthirasamy Sasidev,Sankarankutty Sandeep Warrier,4,4,0,four,0,,,110/3
1439784,2,13,5,N Sarangarajan Chaturved,Uthirasamy Sasidev,Sankarankutty Sandeep Warrier,4,4,0,four,0,,,114/3
1439784,2,13,6,N Sarangarajan Chaturved,Uthirasamy Sasidev,Sankarankutty Sandeep Warrier,6,6,0,six,0,,,120/3
1439784,2,13,7,N Sarangarajan Chaturved,Uthirasamy Sasidev,Sankarankutty Sandeep Warrier,1,0,1,bye,0,,,121/3
1439784,2,14,1,N Sarangarajan Chaturved,Uthirasamy Sasidev,Varun Chakravarthy Vinod,0,0,0,no run,0,,,121/3
1439784,2,14,2,N Sarangarajan Chaturved,Uthirasamy Sasidev,Varun Chakravarthy Vinod,1,0,1,wide,0,,,122/3
1439784,2,14,3,N Sarangarajan Chaturved,Uthirasamy Sasidev,Varun Chakravarthy Vinod,0,0,0,no run,0,,,122/3
1439784,2,14,4,N Sarangarajan Chaturved,Uthirasamy Sasidev,Varun Chakravarthy Vinod,0,0,0,no run,0,,,122/3
1439784,2,14,5,N Sarangarajan Chaturved,Uthirasamy Sasidev,Varun Chakravarthy Vinod,0,0,0,out,1,bowled,N Sarangarajan Chaturved,122/4
1439784,2,14,6,M Akram Khan,Uthirasamy Sasidev,Varun Chakravarthy Vinod,1,1,0,run,0,,,123/4
1439784,2,14,7,Uthirasamy Sasidev,M Akram Khan,Varun Chakravarthy Vinod,1,1,0,run,0,,,124/4
1439784,2,15,1,Uthirasamy Sasidev,M Akram Khan,Subodh Bhati,6,6,0,six,0,,,130/4
1439784,2,15,2,Uthirasamy Sasidev,M Akram Khan,Subodh Bhati,0,0,0,no run,0,,,130/4
1439784,2,15,3,Uthirasamy Sasidev,M Akram Khan,Subodh Bhati,1,1,0,run,0,,,131/4
1439784,2,15,4,M Akram Khan,Uthirasamy Sasidev,Subodh Bhati,0,0,0,no run,0,,,131/4
1439784,2,15,5,M Akram Khan,Uthirasamy Sasidev,Subodh Bhati,0,0,0,no run,0,,,131/4
1439784,2,15,6,M Akram Khan,Uthirasamy Sasidev,Subodh Bhati,0,0,0,out,1,bowled,M Akram Khan,131/5
1439784,2,16,1,Uthirasamy Sasidev,R Mithun,Ravichandran Ashwin,1,1,0,run,0,,,132/5
1439784,2,16,2,R Mithun,Uthirasamy Sasidev,Ravichandran Ashwin,1,1,0,run,0,,,133/5
1439784,2,16,3,Uthirasamy Sasidev,R Mithun,Ravichandran Ashwin,0,0,0,out,1,caught,Uthirasamy Sasidev,133/6
1439784,2,16,4,P Saravanan,R Mithun,Ravichandran Ashwin,6,6,0,six,0,,,139/6
1439784,2,16,5,P Saravanan,R Mithun,Ravichandran Ashwin,0,0,0,no run,0,,,139/6
1439784,2,16,6,P Saravanan,R Mithun,Ravichandran Ashwin,0,0,0,no run,0,,,139/6
1439784,2,17,1,R Mithun,P Saravanan,Sankarankutty Sandeep Warrier,0,0,0,out,1,caught,R Mithun,139/7
1439784,2,17,2,VS Karthick Manikandan,P Saravanan,Sankarankutty Sandeep Warrier,0,0,0,no run,0,,,139/7
1439784,2,17,3,VS Karthick Manikandan,P Saravanan,Sankarankutty Sandeep Warrier,0,0,0,no run,0,,,139/7
1439784,2,17,4,VS Karthick Manikandan,P Saravanan,Sankarankutty Sandeep Warrier,0,0,0,no run,0,,,139/7
1439784,2,17,5,VS Karthick Manikandan,P Saravanan,Sankarankutty Sandeep Warrier,0,0,0,no run,0,,,139/7
1439784,2,17,6,VS Karthick Manikandan,P Saravanan,Sankarankutty Sandeep Warrier,0,0,0,out,1,caught,VS Karthick Manikandan,139/8
1439784,2,18,1,P Saravanan,Murugan Ashwin,Varun Chakravarthy Vinod,0,0,0,no run,0,,,139/8
1439784,2,18,2,P Saravanan,Murugan Ashwin,Varun Chakravarthy Vinod,0,0,0,no run,0,,,139/8
1439784,2,18,3,P Saravanan,Murugan Ashwin,Varun Chakravarthy Vinod,6,6,0,six,0,,,145/8
1439784,2,18,4,P Saravanan,Murugan Ashwin,Varun Chakravarthy Vinod,4,4,0,four,0,,,149/8
1439784,2,18,5,P Saravanan,Murugan Ashwin,Varun Chakravarthy Vinod,1,1,0,run,0,,,150/8
1439784,2,18,6,Murugan Ashwin,P Saravanan,Varun Chakravarthy Vinod,1,1,0,run,0,,,151/8
1439784,2,19,1,Murugan Ashwin,P Saravanan,Subodh Bhati,1,1,0,run,0,,,152/8
1439784,2,19,2,P Saravanan,Murugan Ashwin,Subodh Bhati,1,0,1,bye,0,,,153/8
1439784,2,19,3,Murugan Ashwin,P Saravanan,Subodh Bhati,1,1,0,run,0,,,154/8
1439784,2,19,4,P Saravanan,Murugan Ashwin,Subodh Bhati,4,4,0,four,0,,,158/8
1439784,2,19,5,P Saravanan,Murugan Ashwin,Subodh Bhati,1,0,1,leg bye,0,,,159/8
1439784,2,19,6,Murugan Ashwin,P Saravanan,Subodh Bhati,1,1,0,run,0,,,160/8
1439784,2,20,1,Murugan Ashwin,P Saravanan,VP Diran,1,0,1,wide,0,,,161/8
1439784,2,20,2,Murugan Ashwin,P Saravanan,VP Diran,1,1,0,run,0,,,162/8
1439784,2,20,3,P Saravanan,Murugan Ashwin,VP Diran,1,0,1,wide,0,,,163/8
1439784,2,20,4,P Saravanan,Murugan Ashwin,VP Diran,1,1,0,run,0,,,164/8
1439784,2,20,5,Murugan Ashwin,P Saravanan,VP Diran,1,0,1,wide,0,,,165/8
1439784,2,20,6,Murugan Ashwin,P Saravanan,VP Diran,4,4,0,four,0,,,169/8
1439784,2,20,7,Murugan Ashwin,P Saravanan,VP Diran,1,1,0,run,0,,,170/8
1439784,2,20,8,P Saravanan,Murugan Ashwin,VP Diran,1,0,1,leg bye,0,,,171/8
1439784,2,20,9,Murugan Ashwin,P Saravanan,VP Diran,0,0,0,no run,0,,,171/8
1439785,1,1,1,K Vishal Vaidhya,S Abishiek,K Gowtham Thamarai Kannan,0,0,0,no run,0,,,0/0
1439785,1,1,2,K Vishal Vaidhya,S Abishiek,K Gowtham Thamarai Kannan,1,0,1,leg bye,0,,,1/0
1439785,1,1,3,S Abishiek,K Vishal Vaidhya,K Gowtham Thamarai Kannan,1,1,0,run,0,,,2/0
1439785,1,1,4,K Vishal Vaidhya,S Abishiek,K Gowtham Thamarai Kannan,0,0,0,no run,0,,,2/0
1439785,1,1,5,K Vishal Vaidhya,S Abishiek,K Gowtham Thamarai Kannan,0,0,0,no run,0,,,2/0
1439785,1,1,6,K Vishal Vaidhya,S Abishiek,K Gowtham Thamarai Kannan,1,0,1,leg bye,0,,,3/0
1439785,1,2,1,K Vishal Vaidhya,S Abishiek,Manimaran Siddharth,0,0,0,no run,0,,,3/0
1439785,1,2,2,K Vishal Vaidhya,S Abishiek,Manimaran Siddharth,0,0,0,no run,0,,,3/0
1439785,1,2,3,K Vishal Vaidhya,S Abishiek,Manimaran Siddharth,1,1,0,run,0,,,4/0
1439785,1,2,4,S Abishiek,K Vishal Vaidhya,Manimaran Siddharth,0,0,0,no run,0,,,4/0
1439785,1,2,5,S Abishiek,K Vishal Vaidhya,Manimaran Siddharth,0,0,0,no run,0,,,4/0
1439785,1,2,6,S Abishiek,K Vishal Vaidhya,Manimaran Siddharth,0,0,0,no run,0,,,4/0
1439785,1,3,1,K Vishal Vaidhya,S Abishiek,K Gowtham Thamarai Kannan,0,0,0,no run,0,,,4/0
1439785,1,3,2,K Vishal Vaidhya,S Abishiek,K Gowtham Thamarai Kannan,4,4,0,four,0,,,8/0
1439785,1,3,3,K Vishal Vaidhya,S Abishiek,K Gowtham Thamarai Kannan,1,1,0,run,0,,,9/0
1439785,1,3,4,S Abishiek,K Vishal Vaidhya,K Gowtham Thamarai Kannan,1,1,0,run,0,,,10/0
1439785,1,3,5,K Vishal Vaidhya,S Abishiek,K Gowtham Thamarai Kannan,4,4,0,four,0,,,14/0
1439785,1,3,6,K Vishal Vaidhya,S Abishiek,K Gowtham Thamarai Kannan,1,1,0,run,0,,,15/0
1439785,1,4,1,K Vishal Vaidhya,S Abishiek,Manimaran Siddharth,1,1,0,run,0,,,16/0
1439785,1,4,2,S Abishiek,K Vishal Vaidhya,Manimaran Siddharth,1,1,0,run,0,,,17/0
1439785,1,4,3,K Vishal Vaidhya,S Abishiek,Manimaran Siddharth,1,1,0,run,0,,,18/0
1439785,1,4,4,S Abishiek,K Vishal Vaidhya,Manimaran Siddharth,1,1,0,run,0,,,19/0
1439785,1,4,5,K Vishal Vaidhya,S Abishiek,Manimaran Siddharth,4,4,0,four,0,,,23/0
1439785,1,4,6,K Vishal Vaidhya,S Abishiek,Manimaran Siddharth,1,1,0,run,0,,,24/0
1439785,1,5,1,K Vishal Vaidhya,S Abishiek,K Gowtham Thamarai Kannan,0,0,0,no run,0,,,24/0
1439785,1,5,2,K Vishal Vaidhya,S Abishiek,K Gowtham Thamarai Kannan,4,4,0,four,0,,,28/0
1439785,1,5,3,K Vishal Vaidhya,S Abishiek,K Gowtham Thamarai Kannan,2,2,0,run,0,,,30/0
1439785,1,5,4,K Vishal Vaidhya,S Abishiek,K Gowtham Thamarai Kannan,0,0,0,no run,0,,,30/0
1439785,1,5,5,K Vishal Vaidhya,S Abishiek,K Gowtham Thamarai Kannan,4,4,0,four,0,,,34/0
1439785,1,5,6,K Vishal Vaidhya,S Abishiek,K Gowtham Thamarai Kannan,1,1,0,run,0,,,35/0
1439785,1,6,1,K Vishal Vaidhya,S Abishiek,Masood Shahrukh Khan,2,0,2,wide,0,,,37/0
1439785,1,6,2,S Abishiek,K Vishal Vaidhya,Masood Shahrukh Khan,4,4,0,four,0,,,41/0
1439785,1,6,3,S Abishiek,K Vishal Vaidhya,Masood Shahrukh Khan,0,0,0,no run,0,,,41/0
1439785,1,6,4,S Abishiek,K Vishal Vaidhya,Masood Shahrukh Khan,0,0,0,no run,0,,,41/0
1439785,1,6,5,S Abishiek,K Vishal Vaidhya,Masood Shahrukh Khan,1,1,0,run,0,,,42/0
1439785,1,6,6,K Vishal Vaidhya,S Abishiek,Masood Shahrukh Khan,1,0,1,wide,0,,,43/0
1439785,1,6,7,K Vishal Vaidhya,S Abishiek,Masood Shahrukh Khan,1,1,0,run,0,,,44/0
1439785,1,6,8,S Abishiek,K Vishal Vaidhya,Masood Shahrukh Khan,1,0,1,leg bye,0,,,45/0
1439785,1,7,1,S Abishiek,K Vishal Vaidhya,Jhathavedh Subramanyan,0,0,0,no run,0,,,45/0
1439785,1,7,2,S Abishiek,K Vishal Vaidhya,Jhathavedh Subramanyan,1,1,0,run,0,,,46/0
1439785,1,7,3,K Vishal Vaidhya,S Abishiek,Jhathavedh Subramanyan,1,0,1,wide,0,,,47/0
1439785,1,7,4,K Vishal Vaidhya,S Abishiek,Jhathavedh Subramanyan,0,0,0,no run,0,,,47/0
1439785,1,7,5,K Vishal Vaidhya,S Abishiek,Jhathavedh Subramanyan,2,2,0,run,0,,,49/0
1439785,1,7,6,K Vishal Vaidhya,S Abishiek,Jhathavedh Subramanyan,0,0,0,no run,0,,,49/0
1439785,1,7,7,K Vishal Vaidhya,S Abishiek,Jhathavedh Subramanyan,1,1,0,run,0,,,50/0
1439785,1,8,1,K Vishal Vaidhya,S Abishiek,U Mukilesh,1,1,0,run,0,,,51/0
1439785,1,8,2,S Abishiek,K Vishal Vaidhya,U Mukilesh,6,6,0,six,0,,,57/0
1439785,1,8,3,S Abishiek,K Vishal Vaidhya,U Mukilesh,1,1,0,run,0,,,58/0
1439785,1,8,4,K Vishal Vaidhya,S Abishiek,U Mukilesh,1,1,0,run,0,,,59/0
1439785,1,8,5,S Abishiek,K Vishal Vaidhya,U Mukilesh,1,1,0,run,0,,,60/0
1439785,1,8,6,K Vishal Vaidhya,S Abishiek,U Mukilesh,1,1,0,run,0,,,61/0
1439785,1,9,1,K Vishal Vaidhya,S Abishiek,Jhathavedh Subramanyan,0,0,0,no run,0,,,61/0
1439785,1,9,2,K Vishal Vaidhya,S Abishiek,Jhathavedh Subramanyan,0,0,0,out,1,leg before wicket,K Vishal Vaidhya,61/1
1439785,1,9,3,Rajendran Vivek,S Abishiek,Jhathavedh Subramanyan,0,0,0,no run,0,,,61/1
1439785,1,9,4,Rajendran Vivek,S Abishiek,Jhathavedh Subramanyan,0,0,0,no run,0,,,61/1
1439785,1,9,5,Rajendran Vivek,S Abishiek,Jhathavedh Subramanyan,0,0,0,no run,0,,,61/1
1439785,1,9,6,Rajendran Vivek,S Abishiek,Jhathavedh Subramanyan,1,1,0,run,0,,,62/1
1439785,1,10,1,Rajendran Vivek,S Abishiek,M Mohammed,0,0,0,no run,0,,,62/1
1439785,1,10,2,Rajendran Vivek,S Abishiek,M Mohammed,1,1,0,run,0,,,63/1
1439785,1,10,3,S Abishiek,Rajendran Vivek,M Mohammed,0,0,0,no run,0,,,63/1
1439785,1,10,4,S Abishiek,Rajendran Vivek,M Mohammed,0,0,0,no run,0,,,63/1
1439785,1,10,5,S Abishiek,Rajendran Vivek,M Mohammed,1,1,0,run,0,,,64/1
1439785,1,10,6,Rajendran Vivek,S Abishiek,M Mohammed,1,0,1,leg bye,0,,,65/1
1439785,1,11,1,Rajendran Vivek,S Abishiek,Jhathavedh Subramanyan,4,4,0,four,0,,,69/1
1439785,1,11,2,Rajendran Vivek,S Abishiek,Jhathavedh Subramanyan,1,1,0,run,0,,,70/1
1439785,1,11,3,S Abishiek,Rajendran Vivek,Jhathavedh Subramanyan,0,0,0,no run,0,,,70/1
1439785,1,11,4,S Abishiek,Rajendran Vivek,Jhathavedh Subramanyan,1,1,0,run,0,,,71/1
1439785,1,11,5,Rajendran Vivek,S Abishiek,Jhathavedh Subramanyan,0,0,0,no run,0,,,71/1
1439785,1,11,6,Rajendran Vivek,S Abishiek,Jhathavedh Subramanyan,0,0,0,out,1,run out,S Abishiek,71/2
1439785,1,12,1,Sudhan Sanjeevi Kandepan,Rajendran Vivek,Valliappan Yudheeswaran,1,1,0,run,0,,,72/2
1439785,1,12,2,Rajendran Vivek,Sudhan Sanjeevi Kandepan,Valliappan Yudheeswaran,4,4,0,four,0,,,76/2
1439785,1,12,3,Rajendran Vivek,Sudhan Sanjeevi Kandepan,Valliappan Yudheeswaran,1,1,0,run,0,,,77/2
1439785,1,12,4,Sudhan Sanjeevi Kandepan,Rajendran Vivek,Valliappan Yudheeswaran,1,1,0,run,0,,,78/2
1439785,1,12,5,Rajendran Vivek,Sudhan Sanjeevi Kandepan,Valliappan Yudheeswaran,6,6,0,six,0,,,84/2
1439785,1,12,6,Rajendran Vivek,Sudhan Sanjeevi Kandepan,Valliappan Yudheeswaran,1,1,0,run,0,,,85/2
1439785,1,13,1,Rajendran Vivek,Sudhan Sanjeevi Kandepan,Manimaran Siddharth,1,0,1,no ball,0,,,86/2
1439785,1,13,2,Rajendran Vivek,Sudhan Sanjeevi Kandepan,Manimaran Siddharth,1,1,0,run,0,,,87/2
1439785,1,13,3,Sudhan Sanjeevi Kandepan,Rajendran Vivek,Manimaran Siddharth,1,1,0,run,0,,,88/2
1439785,1,13,4,Rajendran Vivek,Sudhan Sanjeevi Kandepan,Manimaran Siddharth,1,1,0,run,0,,,89/2
1439785,1,13,5,Sudhan Sanjeevi Kandepan,Rajendran Vivek,Manimaran Siddharth,2,2,0,run,0,,,91/2
1439785,1,13,6,Sudhan Sanjeevi Kandepan,Rajendran Vivek,Manimaran Siddharth,1,1,0,run,0,,,92/2
1439785,1,13,7,Rajendran Vivek,Sudhan Sanjeevi Kandepan,Manimaran Siddharth,1,1,0,run,0,,,93/2
1439785,1,14,1,Rajendran Vivek,Sudhan Sanjeevi Kandepan,M Mohammed,6,6,0,six,0,,,99/2
1439785,1,14,2,Rajendran Vivek,Sudhan Sanjeevi Kandepan,M Mohammed,6,6,0,six,0,,,105/2
1439785,1,14,3,Rajendran Vivek,Sudhan Sanjeevi Kandepan,M Mohammed,4,4,0,four,0,,,109/2
1439785,1,14,4,Rajendran Vivek,Sudhan Sanjeevi Kandepan,M Mohammed,4,4,0,four,0,,,113/2
1439785,1,14,5,Rajendran Vivek,Sudhan Sanjeevi Kandepan,M Mohammed,0,0,0,no run,0,,,113/2
1439785,1,14,6,Rajendran Vivek,Sudhan Sanjeevi Kandepan,M Mohammed,0,0,0,no run,0,,,113/2
1439785,1,15,1,Sudhan Sanjeevi Kandepan,Rajendran Vivek,Manimaran Siddharth,0,0,0,out,1,caught,Sudhan Sanjeevi Kandepan,113/3
1439785,1,15,2,Sunny Sandhu,Rajendran Vivek,Manimaran Siddharth,0,0,0,no run,0,,,113/3
1439785,1,15,3,Sunny Sandhu,Rajendran Vivek,Manimaran Siddharth,1,1,0,run,0,,,114/3
1439785,1,15,4,Rajendran Vivek,Sunny Sandhu,Manimaran Siddharth,0,0,0,no run,0,,,114/3
1439785,1,15,5,Rajendran Vivek,Sunny Sandhu,Manimaran Siddharth,0,0,0,no run,0,,,114/3
1439785,1,15,6,Rajendran Vivek,Sunny Sandhu,Manimaran Siddharth,0,0,0,no run,0,,,114/3
1439785,1,16,1,Sunny Sandhu,Rajendran Vivek,Jhathavedh Subramanyan,1,1,0,run,0,,,115/3
1439785,1,16,2,Rajendran Vivek,Sunny Sandhu,Jhathavedh Subramanyan,1,1,0,run,0,,,116/3
1439785,1,16,3,Sunny Sandhu,Rajendran Vivek,Jhathavedh Subramanyan,1,1,0,run,0,,,117/3
1439785,1,16,4,Rajendran Vivek,Sunny Sandhu,Jhathavedh Subramanyan,0,0,0,out,1,caught,Rajendran Vivek,117/4
1439785,1,16,5,S Harish Kumar,Sunny Sandhu,Jhathavedh Subramanyan,0,0,0,no run,0,,,117/4
1439785,1,16,6,S Harish Kumar,Sunny Sandhu,Jhathavedh Subramanyan,1,1,0,run,0,,,118/4
1439785,1,17,1,S Harish Kumar,Sunny Sandhu,K Gowtham Thamarai Kannan,1,0,1,wide,0,,,119/4
1439785,1,17,2,S Harish Kumar,Sunny Sandhu,K Gowtham Thamarai Kannan,0,0,0,no run,0,,,119/4
1439785,1,17,3,S Harish Kumar,Sunny Sandhu,K Gowtham Thamarai Kannan,1,1,0,run,0,,,120/4
1439785,1,17,4,Sunny Sandhu,S Harish Kumar,K Gowtham Thamarai Kannan,1,1,0,run,0,,,121/4
1439785,1,17,5,S Harish Kumar,Sunny Sandhu,K Gowtham Thamarai Kannan,6,6,0,six,0,,,127/4
1439785,1,17,6,S Harish Kumar,Sunny Sandhu,K Gowtham Thamarai Kannan,4,4,0,four,0,,,131/4
1439785,1,17,7,S Harish Kumar,Sunny Sandhu,K Gowtham Thamarai Kannan,6,6,0,six,0,,,137/4
1439785,1,18,1,Sunny Sandhu,S Harish Kumar,M Mohammed,0,0,0,no run,0,,,137/4
1439785,1,18,2,Sunny Sandhu,S Harish Kumar,M Mohammed,0,0,0,no run,0,,,137/4
1439785,1,18,3,Sunny Sandhu,S Harish Kumar,M Mohammed,1,0,1,leg bye,0,,,138/4
1439785,1,18,4,S Harish Kumar,Sunny Sandhu,M Mohammed,4,4,0,four,0,,,142/4
1439785,1,18,5,S Harish Kumar,Sunny Sandhu,M Mohammed,6,6,0,six,0,,,148/4
1439785,1,18,6,S Harish Kumar,Sunny Sandhu,M Mohammed,1,0,1,leg bye,0,,,149/4
1439785,1,19,1,S Harish Kumar,Sunny Sandhu,Valliappan Yudheeswaran,1,0,1,wide,0,,,150/4
1439785,1,19,2,S Harish Kumar,Sunny Sandhu,Valliappan Yudheeswaran,0,0,0,no run,0,,,150/4
1439785,1,19,3,S Harish Kumar,Sunny Sandhu,Valliappan Yudheeswaran,0,0,0,no run,0,,,150/4
1439785,1,19,4,S Harish Kumar,Sunny Sandhu,Valliappan Yudheeswaran,1,1,0,run,0,,,151/4
1439785,1,19,5,Sunny Sandhu,S Harish Kumar,Valliappan Yudheeswaran,0,0,0,no run,0,,,151/4
1439785,1,19,6,Sunny Sandhu,S Harish Kumar,Valliappan Yudheeswaran,1,0,1,wide,0,,,152/4
1439785,1,19,7,Sunny Sandhu,S Harish Kumar,Valliappan Yudheeswaran,1,0,1,wide,0,,,153/4
1439785,1,19,8,Sunny Sandhu,S Harish Kumar,Valliappan Yudheeswaran,4,4,0,four,0,,,157/4
1439785,1,19,9,Sunny Sandhu,S Harish Kumar,Valliappan Yudheeswaran,0,0,0,no run,0,,,157/4
1439785,1,20,1,S Harish Kumar,Sunny Sandhu,M Mohammed,0,0,0,no run,0,,,157/4
1439785,1,20,2,S Harish Kumar,Sunny Sandhu,M Mohammed,6,6,0,six,0,,,163/4
1439785,1,20,3,S Harish Kumar,Sunny Sandhu,M Mohammed,0,0,0,no run,0,,,163/4
1439785,1,20,4,S Harish Kumar,Sunny Sandhu,M Mohammed,0,0,0,no run,0,,,163/4
1439785,1,20,5,S Harish Kumar,Sunny Sandhu,M Mohammed,6,6,0,six,0,,,169/4
1439785,1,20,6,S Harish Kumar,Sunny Sandhu,M Mohammed,1,0,1,wide,0,,,170/4
1439785,1,20,7,S Harish Kumar,Sunny Sandhu,M Mohammed,1,1,0,run,0,,,171/4
1439785,2,1,1,S Sujay,Jayaraman Suresh Kumar,ME Yazh Arun Mozhi,1,1,0,run,0,,,1/0
1439785,2,1,2,Jayaraman Suresh Kumar,S Sujay,ME Yazh Arun Mozhi,1,1,0,run,0,,,2/0
1439785,2,1,3,S Sujay,Jayaraman Suresh Kumar,ME Yazh Arun Mozhi,0,0,0,no run,0,,,2/0
1439785,2,1,4,S Sujay,Jayaraman Suresh Kumar,ME Yazh Arun Mozhi,1,1,0,run,0,,,3/0
1439785,2,1,5,Jayaraman Suresh Kumar,S Sujay,ME Yazh Arun Mozhi,0,0,0,no run,0,,,3/0
1439785,2,1,6,Jayaraman Suresh Kumar,S Sujay,ME Yazh Arun Mozhi,0,0,0,no run,0,,,3/0
1439785,2,2,1,S Sujay,Jayaraman Suresh Kumar,Sunny Sandhu,4,4,0,four,0,,,7/0
1439785,2,2,2,S Sujay,Jayaraman Suresh Kumar,Sunny Sandhu,1,1,0,run,0,,,8/0
1439785,2,2,3,Jayaraman Suresh Kumar,S Sujay,Sunny Sandhu,1,1,0,run,0,,,9/0
1439785,2,2,4,S Sujay,Jayaraman Suresh Kumar,Sunny Sandhu,0,0,0,no run,0,,,9/0
1439785,2,2,5,S Sujay,Jayaraman Suresh Kumar,Sunny Sandhu,4,4,0,four,0,,,13/0
1439785,2,2,6,S Sujay,Jayaraman Suresh Kumar,Sunny Sandhu,0,0,0,no run,0,,,13/0
1439785,2,3,1,Jayaraman Suresh Kumar,S Sujay,ME Yazh Arun Mozhi,0,0,0,no run,0,,,13/0
1439785,2,3,2,Jayaraman Suresh Kumar,S Sujay,ME Yazh Arun Mozhi,0,0,0,no run,0,,,13/0
1439785,2,3,3,Jayaraman Suresh Kumar,S Sujay,ME Yazh Arun Mozhi,4,4,0,four,0,,,17/0
1439785,2,3,4,Jayaraman Suresh Kumar,S Sujay,ME Yazh Arun Mozhi,1,0,1,wide,0,,,18/0
1439785,2,3,5,Jayaraman Suresh Kumar,S Sujay,ME Yazh Arun Mozhi,4,4,0,four,0,,,22/0
1439785,2,3,6,Jayaraman Suresh Kumar,S Sujay,ME Yazh Arun Mozhi,0,0,0,no run,0,,,22/0
1439785,2,3,7,Jayaraman Suresh Kumar,S Sujay,ME Yazh Arun Mozhi,4,4,0,four,0,,,26/0
1439785,2,4,1,S Sujay,Jayaraman Suresh Kumar,Sunny Sandhu,1,1,0,run,0,,,27/0
1439785,2,4,2,Jayaraman Suresh Kumar,S Sujay,Sunny Sandhu,0,0,0,no run,0,,,27/0
1439785,2,4,3,Jayaraman Suresh Kumar,S Sujay,Sunny Sandhu,0,0,0,out,1,caught,Jayaraman Suresh Kumar,27/1
1439785,2,4,4,Bhardwaj Sai Sudharsan,S Sujay,Sunny Sandhu,3,3,0,run,0,,,30/1
1439785,2,4,5,S Sujay,Bhardwaj Sai Sudharsan,Sunny Sandhu,0,0,0,no run,0,,,30/1
1439785,2,4,6,S Sujay,Bhardwaj Sai Sudharsan,Sunny Sandhu,0,0,0,no run,0,,,30/1
1439785,2,5,1,Bhardwaj Sai Sudharsan,S Sujay,ME Yazh Arun Mozhi,0,0,0,no run,0,,,30/1
1439785,2,5,2,Bhardwaj Sai Sudharsan,S Sujay,ME Yazh Arun Mozhi,0,0,0,no run,0,,,30/1
1439785,2,5,3,Bhardwaj Sai Sudharsan,S Sujay,ME Yazh Arun Mozhi,4,4,0,four,0,,,34/1
1439785,2,5,4,Bhardwaj Sai Sudharsan,S Sujay,ME Yazh Arun Mozhi,0,0,0,no run,0,,,34/1
1439785,2,5,5,Bhardwaj Sai Sudharsan,S Sujay,ME Yazh Arun Mozhi,0,0,0,no run,0,,,34/1
1439785,2,5,6,Bhardwaj Sai Sudharsan,S Sujay,ME Yazh Arun Mozhi,4,4,0,four,0,,,38/1
1439785,2,6,1,S Sujay,Bhardwaj Sai Sudharsan,S Harish Kumar,1,1,0,run,0,,,39/1
1439785,2,6,2,Bhardwaj Sai Sudharsan,S Sujay,S Harish Kumar,1,1,0,run,0,,,40/1
1439785,2,6,3,S Sujay,Bhardwaj Sai Sudharsan,S Harish Kumar,0,0,0,no run,0,,,40/1
1439785,2,6,4,S Sujay,Bhardwaj Sai Sudharsan,S Harish Kumar,1,0,1,wide,0,,,41/1
1439785,2,6,5,S Sujay,Bhardwaj Sai Sudharsan,S Harish Kumar,1,0,1,wide,0,,,42/1
1439785,2,6,6,S Sujay,Bhardwaj Sai Sudharsan,S Harish Kumar,4,4,0,four,0,,,46/1
1439785,2,6,7,S Sujay,Bhardwaj Sai Sudharsan,S Harish Kumar,0,0,0,no run,0,,,46/1
1439785,2,6,8,S Sujay,Bhardwaj Sai Sudharsan,S Harish Kumar,6,6,0,six,0,,,52/1
1439785,2,7,1,Bhardwaj Sai Sudharsan,S Sujay,Rajendran Vivek,1,1,0,run,0,,,53/1
1439785,2,7,2,S Sujay,Bhardwaj Sai Sudharsan,Rajendran Vivek,1,1,0,run,0,,,54/1
1439785,2,7,3,Bhardwaj Sai Sudharsan,S Sujay,Rajendran Vivek,1,1,0,run,0,,,55/1
1439785,2,7,4,S Sujay,Bhardwaj Sai Sudharsan,Rajendran Vivek,1,1,0,run,0,,,56/1
1439785,2,7,5,Bhardwaj Sai Sudharsan,S Sujay,Rajendran Vivek,4,4,0,four,0,,,60/1
1439785,2,7,6,Bhardwaj Sai Sudharsan,S Sujay,Rajendran Vivek,1,1,0,run,0,,,61/1
1439785,2,8,1,Bhardwaj Sai Sudharsan,S Sujay,Raju Aushik Srinivas,1,1,0,run,0,,,62/1
1439785,2,8,2,S Sujay,Bhardwaj Sai Sudharsan,Raju Aushik Srinivas,1,1,0,run,0,,,63/1
1439785,2,8,3,Bhardwaj Sai Sudharsan,S Sujay,Raju Aushik Srinivas,1,1,0,run,0,,,64/1
1439785,2,8,4,S Sujay,Bhardwaj Sai Sudharsan,Raju Aushik Srinivas,1,1,0,run,0,,,65/1
1439785,2,8,5,Bhardwaj Sai Sudharsan,S Sujay,Raju Aushik Srinivas,1,1,0,run,0,,,66/1
1439785,2,8,6,S Sujay,Bhardwaj Sai Sudharsan,Raju Aushik Srinivas,0,0,0,no run,0,,,66/1
1439785,2,9,1,Bhardwaj Sai Sudharsan,S Sujay,S Harish Kumar,1,0,1,wide,0,,,67/1
1439785,2,9,2,Bhardwaj Sai Sudharsan,S Sujay,S Harish Kumar,0,0,0,out,1,leg before wicket,Bhardwaj Sai Sudharsan,67/2
1439785,2,9,3,U Mukilesh,S Sujay,S Harish Kumar,2,2,0,run,0,,,69/2
1439785,2,9,4,U Mukilesh,S Sujay,S Harish Kumar,3,3,0,run,0,,,72/2
1439785,2,9,5,S Sujay,U Mukilesh,S Harish Kumar,0,0,0,no run,0,,,72/2
1439785,2,9,6,S Sujay,U Mukilesh,S Harish Kumar,1,1,0,run,0,,,73/2
1439785,2,9,7,U Mukilesh,S Sujay,S Harish Kumar,0,0,0,no run,0,,,73/2
1439785,2,10,1,S Sujay,U Mukilesh,J Gowri Sankar,1,1,0,run,0,,,74/2
1439785,2,10,2,U Mukilesh,S Sujay,J Gowri Sankar,1,1,0,run,0,,,75/2
1439785,2,10,3,S Sujay,U Mukilesh,J Gowri Sankar,4,4,0,four,0,,,79/2
1439785,2,10,4,S Sujay,U Mukilesh,J Gowri Sankar,4,4,0,four,0,,,83/2
1439785,2,10,5,S Sujay,U Mukilesh,J Gowri Sankar,1,1,0,run,0,,,84/2
1439785,2,10,6,U Mukilesh,S Sujay,J Gowri Sankar,0,0,0,no run,0,,,84/2
1439785,2,11,1,S Sujay,U Mukilesh,Rajendran Vivek,1,1,0,run,0,,,85/2
1439785,2,11,2,U Mukilesh,S Sujay,Rajendran Vivek,4,4,0,four,0,,,89/2
1439785,2,11,3,U Mukilesh,S Sujay,Rajendran Vivek,2,2,0,run,0,,,91/2
1439785,2,11,4,U Mukilesh,S Sujay,Rajendran Vivek,1,1,0,run,0,,,92/2
1439785,2,11,5,S Sujay,U Mukilesh,Rajendran Vivek,1,1,0,run,0,,,93/2
1439785,2,11,6,U Mukilesh,S Sujay,Rajendran Vivek,1,1,0,run,0,,,94/2
1439785,2,12,1,U Mukilesh,S Sujay,M Poiyamozhi,0,0,0,no run,0,,,94/2
1439785,2,12,2,U Mukilesh,S Sujay,M Poiyamozhi,0,0,0,no run,0,,,94/2
1439785,2,12,3,U Mukilesh,S Sujay,M Poiyamozhi,0,0,0,no run,0,,,94/2
1439785,2,12,4,U Mukilesh,S Sujay,M Poiyamozhi,0,0,0,out,1,caught,U Mukilesh,94/3
1439785,2,12,5,Atheeq Ur Rahman,S Sujay,M Poiyamozhi,0,0,0,no run,0,,,94/3
1439785,2,12,6,Atheeq Ur Rahman,S Sujay,M Poiyamozhi,1,1,0,run,0,,,95/3
1439785,2,13,1,Atheeq Ur Rahman,S Sujay,Muhammed Adnan Khan,1,1,0,run,0,,,96/3
1439785,2,13,2,S Sujay,Atheeq Ur Rahman,Muhammed Adnan Khan,1,1,0,run,0,,,97/3
1439785,2,13,3,Atheeq Ur Rahman,S Sujay,Muhammed Adnan Khan,4,4,0,four,0,,,101/3
1439785,2,13,4,Atheeq Ur Rahman,S Sujay,Muhammed Adnan Khan,4,4,0,four,0,,,105/3
1439785,2,13,5,Atheeq Ur Rahman,S Sujay,Muhammed Adnan Khan,0,0,0,out,1,caught,Atheeq Ur Rahman,105/4
1439785,2,13,6,Masood Shahrukh Khan,S Sujay,Muhammed Adnan Khan,1,1,0,run,0,,,106/4
1439785,2,14,1,Masood Shahrukh Khan,S Sujay,M Poiyamozhi,1,1,0,run,0,,,107/4
1439785,2,14,2,S Sujay,Masood Shahrukh Khan,M Poiyamozhi,1,1,0,run,0,,,108/4
1439785,2,14,3,Masood Shahrukh Khan,S Sujay,M Poiyamozhi,1,0,1,wide,0,,,109/4
1439785,2,14,4,Masood Shahrukh Khan,S Sujay,M Poiyamozhi,1,1,0,run,0,,,110/4
1439785,2,14,5,S Sujay,Masood Shahrukh Khan,M Poiyamozhi,1,1,0,run,0,,,111/4
1439785,2,14,6,Masood Shahrukh Khan,S Sujay,M Poiyamozhi,6,6,0,six,0,,,117/4
1439785,2,14,7,Masood Shahrukh Khan,S Sujay,M Poiyamozhi,1,1,0,run,0,,,118/4
1439785,2,15,1,Masood Shahrukh Khan,S Sujay,Raju Aushik Srinivas,1,1,0,run,0,,,119/4
1439785,2,15,2,S Sujay,Masood Shahrukh Khan,Raju Aushik Srinivas,1,1,0,run,0,,,120/4
1439785,2,15,3,Masood Shahrukh Khan,S Sujay,Raju Aushik Srinivas,1,1,0,run,0,,,121/4
1439785,2,15,4,S Sujay,Masood Shahrukh Khan,Raju Aushik Srinivas,1,1,0,run,0,,,122/4
1439785,2,15,5,Masood Shahrukh Khan,S Sujay,Raju Aushik Srinivas,6,6,0,six,0,,,128/4
1439785,2,15,6,Masood Shahrukh Khan,S Sujay,Raju Aushik Srinivas,6,6,0,six,0,,,134/4
1439785,2,16,1,S Sujay,Masood Shahrukh Khan,M Poiyamozhi,0,0,0,no run,0,,,134/4
1439785,2,16,2,S Sujay,Masood Shahrukh Khan,M Poiyamozhi,1,1,0,run,0,,,135/4
1439785,2,16,3,Masood Shahrukh Khan,S Sujay,M Poiyamozhi,1,1,0,run,0,,,136/4
1439785,2,16,4,S Sujay,Masood Shahrukh Khan,M Poiyamozhi,1,1,0,run,0,,,137/4
1439785,2,16,5,Masood Shahrukh Khan,S Sujay,M Poiyamozhi,1,1,0,run,0,,,138/4
1439785,2,16,6,S Sujay,Masood Shahrukh Khan,M Poiyamozhi,1,1,0,run,0,,,139/4
1439785,2,17,1,S Sujay,Masood Shahrukh Khan,S Harish Kumar,0,0,0,out,1,run out,S Sujay,139/5
1439785,2,17,2,R Ram Arvindh,Masood Shahrukh Khan,S Harish Kumar,1,0,1,wide,0,,,140/5
1439785,2,17,3,R Ram Arvindh,Masood Shahrukh Khan,S Harish Kumar,1,1,0,run,0,,,141/5
1439785,2,17,4,Masood Shahrukh Khan,R Ram Arvindh,S Harish Kumar,6,6,0,six,0,,,147/5
1439785,2,17,5,Masood Shahrukh Khan,R Ram Arvindh,S Harish Kumar,6,6,0,six,0,,,153/5
1439785,2,17,6,Masood Shahrukh Khan,R Ram Arvindh,S Harish Kumar,4,4,0,four,0,,,157/5
1439785,2,17,7,Masood Shahrukh Khan,R Ram Arvindh,S Harish Kumar,1,1,0,run,0,,,158/5
1439785,2,18,1,Masood Shahrukh Khan,R Ram Arvindh,M Poiyamozhi,1,0,1,wide,0,,,159/5
1439785,2,18,2,Masood Shahrukh Khan,R Ram Arvindh,M Poiyamozhi,6,6,0,six,0,,,165/5
1439785,2,18,3,Masood Shahrukh Khan,R Ram Arvindh,M Poiyamozhi,1,1,0,run,0,,,166/5
1439785,2,18,4,R Ram Arvindh,Masood Shahrukh Khan,M Poiyamozhi,0,0,0,out,1,caught,R Ram Arvindh,166/6
1439785,2,18,5,M Mohammed,Masood Shahrukh Khan,M Poiyamozhi,1,0,1,wide,0,,,167/6
1439785,2,18,6,M Mohammed,Masood Shahrukh Khan,M Poiyamozhi,0,0,0,out,1,caught,M Mohammed,167/7
1439785,2,18,7,Manimaran Siddharth,Masood Shahrukh Khan,M Poiyamozhi,1,1,0,run,0,,,168/7
1439785,2,18,8,Masood Shahrukh Khan,Manimaran Siddharth,M Poiyamozhi,0,0,0,out,1,caught,Masood Shahrukh Khan,168/8
1439785,2,19,1,Manimaran Siddharth,Valliappan Yudheeswaran,Raju Aushik Srinivas,1,1,0,run,0,,,169/8
1439785,2,19,2,Valliappan Yudheeswaran,Manimaran Siddharth,Raju Aushik Srinivas,0,0,0,no run,0,,,169/8
1439785,2,19,3,Valliappan Yudheeswaran,Manimaran Siddharth,Raju Aushik Srinivas,0,0,0,no run,0,,,169/8
1439785,2,19,4,Valliappan Yudheeswaran,Manimaran Siddharth,Raju Aushik Srinivas,0,0,0,no run,0,,,169/8
1439785,2,19,5,Valliappan Yudheeswaran,Manimaran Siddharth,Raju Aushik Srinivas,0,0,0,no run,0,,,169/8
1439785,2,19,6,Valliappan Yudheeswaran,Manimaran Siddharth,Raju Aushik Srinivas,0,0,0,no run,0,,,169/8
1439785,2,20,1,Manimaran Siddharth,Valliappan Yudheeswaran,Sunny Sandhu,1,1,0,run,1,run out,Valliappan Yudheeswaran,170/9
1439785,2,20,2,Jhathavedh Subramanyan,Manimaran Siddharth,Sunny Sandhu,0,0,0,no run,0,,,170/9
1439785,2,20,3,Jhathavedh Subramanyan,Manimaran Siddharth,Sunny Sandhu,0,0,0,no run,0,,,170/9
1439785,2,20,4,Jhathavedh Subramanyan,Manimaran Siddharth,Sunny Sandhu,0,0,0,no run,0,,,170/9
1439785,2,20,5,Jhathavedh Subramanyan,Manimaran Siddharth,Sunny Sandhu,1,1,0,run,0,,,171/9
1439785,2,20,6,Manimaran Siddharth,Jhathavedh Subramanyan,Sunny Sandhu,4,4,0,four,0,,,175/9
1439786,1,1,1,VP Amit Sathvik,Tushar Raheja,V Athisayaraj Davidson,1,1,0,run,0,,,1/0
1439786,1,1,2,Tushar Raheja,VP Amit Sathvik,V Athisayaraj Davidson,1,1,0,run,0,,,2/0
1439786,1,1,3,VP Amit Sathvik,Tushar Raheja,V Athisayaraj Davidson,1,1,0,run,0,,,3/0
1439786,1,1,4,Tushar Raheja,VP Amit Sathvik,V Athisayaraj Davidson,4,4,0,four,0,,,7/0
1439786,1,1,5,Tushar Raheja,VP Amit Sathvik,V Athisayaraj Davidson,0,0,0,out,1,caught,Tushar Raheja,7/1
1439786,1,1,6,Sundararaman Radhakrishnan,VP Amit Sathvik,V Athisayaraj Davidson,0,0,0,no run,0,,,7/1
1439786,1,2,1,VP Amit Sathvik,Sundararaman Radhakrishnan,P Saravana Kumar,4,4,0,four,0,,,11/1
1439786,1,2,2,VP Amit Sathvik,Sundararaman Radhakrishnan,P Saravana Kumar,0,0,0,no run,0,,,11/1
1439786,1,2,3,VP Amit Sathvik,Sundararaman Radhakrishnan,P Saravana Kumar,0,0,0,no run,0,,,11/1
1439786,1,2,4,VP Amit Sathvik,Sundararaman Radhakrishnan,P Saravana Kumar,4,4,0,four,0,,,15/1
1439786,1,2,5,VP Amit Sathvik,Sundararaman Radhakrishnan,P Saravana Kumar,4,4,0,four,0,,,19/1
1439786,1,2,6,VP Amit Sathvik,Sundararaman Radhakrishnan,P Saravana Kumar,4,4,0,four,0,,,23/1
1439786,1,3,1,Sundararaman Radhakrishnan,VP Amit Sathvik,V Athisayaraj Davidson,0,0,0,no run,0,,,23/1
1439786,1,3,2,Sundararaman Radhakrishnan,VP Amit Sathvik,V Athisayaraj Davidson,0,0,0,out,1,run out,VP Amit Sathvik,23/2
1439786,1,3,3,Sundararaman Radhakrishnan,Balchander Anirudh,V Athisayaraj Davidson,1,0,1,wide,0,,,24/2
1439786,1,3,4,Sundararaman Radhakrishnan,Balchander Anirudh,V Athisayaraj Davidson,2,2,0,run,0,,,26/2
1439786,1,3,5,Sundararaman Radhakrishnan,Balchander Anirudh,V Athisayaraj Davidson,1,1,0,run,0,,,27/2
1439786,1,3,6,Balchander Anirudh,Sundararaman Radhakrishnan,V Athisayaraj Davidson,1,0,1,wide,0,,,28/2
1439786,1,3,7,Balchander Anirudh,Sundararaman Radhakrishnan,V Athisayaraj Davidson,1,1,0,run,0,,,29/2
1439786,1,3,8,Sundararaman Radhakrishnan,Balchander Anirudh,V Athisayaraj Davidson,1,1,0,run,0,,,30/2
1439786,1,4,1,Sundararaman Radhakrishnan,Balchander Anirudh,K Easwaran,1,0,1,wide,0,,,31/2
1439786,1,4,2,Sundararaman Radhakrishnan,Balchander Anirudh,K Easwaran,6,6,0,six,0,,,37/2
1439786,1,4,3,Sundararaman Radhakrishnan,Balchander Anirudh,K Easwaran,0,0,0,out,1,caught,Sundararaman Radhakrishnan,37/3
1439786,1,4,4,Ravisrinivasan Sai Kishore,Balchander Anirudh,K Easwaran,0,0,0,no run,0,,,37/3
1439786,1,4,5,Ravisrinivasan Sai Kishore,Balchander Anirudh,K Easwaran,1,1,0,run,0,,,38/3
1439786,1,4,6,Balchander Anirudh,Ravisrinivasan Sai Kishore,K Easwaran,0,0,0,no run,0,,,38/3
1439786,1,4,7,Balchander Anirudh,Ravisrinivasan Sai Kishore,K Easwaran,1,1,0,run,0,,,39/3
1439786,1,5,1,Balchander Anirudh,Ravisrinivasan Sai Kishore,V Athisayaraj Davidson,0,0,0,no run,0,,,39/3
1439786,1,5,2,Balchander Anirudh,Ravisrinivasan Sai Kishore,V Athisayaraj Davidson,4,4,0,four,0,,,43/3
1439786,1,5,3,Balchander Anirudh,Ravisrinivasan Sai Kishore,V Athisayaraj Davidson,1,1,0,run,0,,,44/3
1439786,1,5,4,Ravisrinivasan Sai Kishore,Balchander Anirudh,V Athisayaraj Davidson,0,0,0,no run,0,,,44/3
1439786,1,5,5,Ravisrinivasan Sai Kishore,Balchander Anirudh,V Athisayaraj Davidson,0,0,0,out,1,bowled,Ravisrinivasan Sai Kishore,44/4
1439786,1,5,6,Maan K Bafna,Balchander Anirudh,V Athisayaraj Davidson,1,1,0,run,0,,,45/4
1439786,1,6,1,Maan K Bafna,Balchander Anirudh,K Easwaran,1,1,0,run,0,,,46/4
1439786,1,6,2,Balchander Anirudh,Maan K Bafna,K Easwaran,5,5,0,run,0,,,51/4
1439786,1,6,3,Maan K Bafna,Balchander Anirudh,K Easwaran,2,1,1,run,0,,,53/4
1439786,1,6,4,Balchander Anirudh,Maan K Bafna,K Easwaran,4,4,0,four,0,,,57/4
1439786,1,6,5,Balchander Anirudh,Maan K Bafna,K Easwaran,1,1,0,run,0,,,58/4
1439786,1,6,6,Maan K Bafna,Balchander Anirudh,K Easwaran,1,1,0,run,0,,,59/4
1439786,1,6,7,Balchander Anirudh,Maan K Bafna,K Easwaran,1,1,0,run,0,,,60/4
1439786,1,7,1,Balchander Anirudh,Maan K Bafna,G Godson,0,0,0,no run,0,,,60/4
1439786,1,7,2,Balchander Anirudh,Maan K Bafna,G Godson,1,1,0,run,0,,,61/4
1439786,1,7,3,Maan K Bafna,Balchander Anirudh,G Godson,1,1,0,run,0,,,62/4
1439786,1,7,4,Balchander Anirudh,Maan K Bafna,G Godson,0,0,0,out,1,bowled,Balchander Anirudh,62/5
1439786,1,7,5,S Mohamed Ali,Maan K Bafna,G Godson,0,0,0,no run,0,,,62/5
1439786,1,7,6,S Mohamed Ali,Maan K Bafna,G Godson,1,1,0,run,0,,,63/5
1439786,1,8,1,S Mohamed Ali,Maan K Bafna,Ramsingh  Sanjay Yadav,1,1,0,run,0,,,64/5
1439786,1,8,2,Maan K Bafna,S Mohamed Ali,Ramsingh  Sanjay Yadav,2,2,0,run,0,,,66/5
1439786,1,8,3,Maan K Bafna,S Mohamed Ali,Ramsingh  Sanjay Yadav,1,1,0,run,0,,,67/5
1439786,1,8,4,S Mohamed Ali,Maan K Bafna,Ramsingh  Sanjay Yadav,0,0,0,no run,0,,,67/5
1439786,1,8,5,S Mohamed Ali,Maan K Bafna,Ramsingh  Sanjay Yadav,0,0,0,out,1,caught,S Mohamed Ali,67/6
1439786,1,8,6,S Ganesh,Maan K Bafna,Ramsingh  Sanjay Yadav,1,1,0,run,0,,,68/6
1439786,1,9,1,S Ganesh,Maan K Bafna,G Godson,1,1,0,run,0,,,69/6
1439786,1,9,2,Maan K Bafna,S Ganesh,G Godson,0,0,0,no run,0,,,69/6
1439786,1,9,3,Maan K Bafna,S Ganesh,G Godson,1,1,0,run,0,,,70/6
1439786,1,9,4,S Ganesh,Maan K Bafna,G Godson,1,1,0,run,0,,,71/6
1439786,1,9,5,Maan K Bafna,S Ganesh,G Godson,1,1,0,run,0,,,72/6
1439786,1,9,6,S Ganesh,Maan K Bafna,G Godson,1,1,0,run,0,,,73/6
1439786,1,10,1,S Ganesh,Maan K Bafna,Ramsingh  Sanjay Yadav,1,1,0,run,0,,,74/6
1439786,1,10,2,Maan K Bafna,S Ganesh,Ramsingh  Sanjay Yadav,1,0,1,wide,0,,,75/6
1439786,1,10,3,Maan K Bafna,S Ganesh,Ramsingh  Sanjay Yadav,1,1,0,run,0,,,76/6
1439786,1,10,4,S Ganesh,Maan K Bafna,Ramsingh  Sanjay Yadav,0,0,0,no run,0,,,76/6
1439786,1,10,5,S Ganesh,Maan K Bafna,Ramsingh  Sanjay Yadav,4,4,0,four,0,,,80/6
1439786,1,10,6,S Ganesh,Maan K Bafna,Ramsingh  Sanjay Yadav,0,0,0,no run,0,,,80/6
1439786,1,10,7,S Ganesh,Maan K Bafna,Ramsingh  Sanjay Yadav,1,1,0,run,0,,,81/6
1439786,1,11,1,S Ganesh,Maan K Bafna,G Godson,1,1,0,run,0,,,82/6
1439786,1,11,2,Maan K Bafna,S Ganesh,G Godson,4,4,0,four,0,,,86/6
1439786,1,11,3,Maan K Bafna,S Ganesh,G Godson,2,2,0,run,0,,,88/6
1439786,1,11,4,Maan K Bafna,S Ganesh,G Godson,1,1,0,run,0,,,89/6
1439786,1,11,5,S Ganesh,Maan K Bafna,G Godson,0,0,0,no run,0,,,89/6
1439786,1,11,6,S Ganesh,Maan K Bafna,G Godson,1,1,0,run,0,,,90/6
1439786,1,12,1,S Ganesh,Maan K Bafna,Wenseslaus Antony Dhas,1,0,1,wide,0,,,91/6
1439786,1,12,2,S Ganesh,Maan K Bafna,Wenseslaus Antony Dhas,0,0,0,no run,0,,,91/6
1439786,1,12,3,S Ganesh,Maan K Bafna,Wenseslaus Antony Dhas,1,1,0,run,0,,,92/6
1439786,1,12,4,Maan K Bafna,S Ganesh,Wenseslaus Antony Dhas,0,0,0,no run,0,,,92/6
1439786,1,12,5,Maan K Bafna,S Ganesh,Wenseslaus Antony Dhas,1,1,0,run,0,,,93/6
1439786,1,12,6,S Ganesh,Maan K Bafna,Wenseslaus Antony Dhas,1,1,0,run,0,,,94/6
1439786,1,12,7,Maan K Bafna,S Ganesh,Wenseslaus Antony Dhas,4,4,0,four,0,,,98/6
1439786,1,13,1,S Ganesh,Maan K Bafna,R Rajkumar,0,0,0,no run,0,,,98/6
1439786,1,13,2,S Ganesh,Maan K Bafna,R Rajkumar,0,0,0,no run,0,,,98/6
1439786,1,13,3,S Ganesh,Maan K Bafna,R Rajkumar,1,1,0,run,0,,,99/6
1439786,1,13,4,Maan K Bafna,S Ganesh,R Rajkumar,4,4,0,four,0,,,103/6
1439786,1,13,5,Maan K Bafna,S Ganesh,R Rajkumar,1,1,0,run,0,,,104/6
1439786,1,13,6,S Ganesh,Maan K Bafna,R Rajkumar,0,0,0,no run,0,,,104/6
1439786,1,14,1,Maan K Bafna,S Ganesh,Wenseslaus Antony Dhas,0,0,0,no run,0,,,104/6
1439786,1,14,2,Maan K Bafna,S Ganesh,Wenseslaus Antony Dhas,4,4,0,four,0,,,108/6
1439786,1,14,3,Maan K Bafna,S Ganesh,Wenseslaus Antony Dhas,1,1,0,run,0,,,109/6
1439786,1,14,4,S Ganesh,Maan K Bafna,Wenseslaus Antony Dhas,0,0,0,no run,0,,,109/6
1439786,1,14,5,S Ganesh,Maan K Bafna,Wenseslaus Antony Dhas,4,4,0,four,0,,,113/6
1439786,1,14,6,S Ganesh,Maan K Bafna,Wenseslaus Antony Dhas,1,1,0,run,0,,,114/6
1439786,1,15,1,S Ganesh,Maan K Bafna,R Rajkumar,0,0,0,no run,0,,,114/6
1439786,1,15,2,S Ganesh,Maan K Bafna,R Rajkumar,0,0,0,no run,0,,,114/6
1439786,1,15,3,S Ganesh,Maan K Bafna,R Rajkumar,1,1,0,run,0,,,115/6
1439786,1,15,4,Maan K Bafna,S Ganesh,R Rajkumar,2,2,0,run,0,,,117/6
1439786,1,15,5,Maan K Bafna,S Ganesh,R Rajkumar,1,1,0,run,0,,,118/6
1439786,1,15,6,S Ganesh,Maan K Bafna,R Rajkumar,1,1,0,run,0,,,119/6
1439786,1,16,1,S Ganesh,Maan K Bafna,Ramsingh  Sanjay Yadav,0,0,0,no run,0,,,119/6
1439786,1,16,2,S Ganesh,Maan K Bafna,Ramsingh  Sanjay Yadav,0,0,0,no run,0,,,119/6
1439786,1,16,3,S Ganesh,Maan K Bafna,Ramsingh  Sanjay Yadav,1,1,0,run,0,,,120/6
1439786,1,16,4,Maan K Bafna,S Ganesh,Ramsingh  Sanjay Yadav,1,0,1,wide,0,,,121/6
1439786,1,16,5,Maan K Bafna,S Ganesh,Ramsingh  Sanjay Yadav,1,1,0,run,0,,,122/6
1439786,1,16,6,S Ganesh,Maan K Bafna,Ramsingh  Sanjay Yadav,1,1,0,run,0,,,123/6
1439786,1,16,7,Maan K Bafna,S Ganesh,Ramsingh  Sanjay Yadav,1,1,0,run,0,,,124/6
1439786,1,17,1,Maan K Bafna,S Ganesh,R Rajkumar,1,1,0,run,0,,,125/6
1439786,1,17,2,S Ganesh,Maan K Bafna,R Rajkumar,1,1,0,run,0,,,126/6
1439786,1,17,3,Maan K Bafna,S Ganesh,R Rajkumar,1,1,0,run,0,,,127/6
1439786,1,17,4,S Ganesh,Maan K Bafna,R Rajkumar,1,1,0,run,0,,,128/6
1439786,1,17,5,Maan K Bafna,S Ganesh,R Rajkumar,2,2,0,run,0,,,130/6
1439786,1,17,6,Maan K Bafna,S Ganesh,R Rajkumar,0,0,0,no run,0,,,130/6
1439786,1,18,1,S Ganesh,Maan K Bafna,Ramsingh  Sanjay Yadav,4,4,0,four,0,,,134/6
1439786,1,18,2,S Ganesh,Maan K Bafna,Ramsingh  Sanjay Yadav,1,1,0,run,0,,,135/6
1439786,1,18,3,Maan K Bafna,S Ganesh,Ramsingh  Sanjay Yadav,0,0,0,no run,0,,,135/6
1439786,1,18,4,Maan K Bafna,S Ganesh,Ramsingh  Sanjay Yadav,6,6,0,six,0,,,141/6
1439786,1,18,5,Maan K Bafna,S Ganesh,Ramsingh  Sanjay Yadav,1,1,0,run,0,,,142/6
1439786,1,18,6,S Ganesh,Maan K Bafna,Ramsingh  Sanjay Yadav,4,4,0,four,0,,,146/6
1439786,1,19,1,Maan K Bafna,S Ganesh,V Athisayaraj Davidson,1,1,0,run,0,,,147/6
1439786,1,19,2,S Ganesh,Maan K Bafna,V Athisayaraj Davidson,4,4,0,four,0,,,151/6
1439786,1,19,3,S Ganesh,Maan K Bafna,V Athisayaraj Davidson,0,0,0,out,1,caught,S Ganesh,151/7
1439786,1,19,4,Ramalingam Rohit,Maan K Bafna,V Athisayaraj Davidson,6,6,0,six,0,,,157/7
1439786,1,19,5,Ramalingam Rohit,Maan K Bafna,V Athisayaraj Davidson,1,1,0,run,0,,,158/7
1439786,1,19,6,Maan K Bafna,Ramalingam Rohit,V Athisayaraj Davidson,0,0,0,out,1,bowled,Maan K Bafna,158/8
1439786,1,20,1,Ramalingam Rohit,P Bhuvaneswaran,K Easwaran,4,4,0,four,0,,,162/8
1439786,1,20,2,Ramalingam Rohit,P Bhuvaneswaran,K Easwaran,1,1,0,run,0,,,163/8
1439786,1,20,3,P Bhuvaneswaran,Ramalingam Rohit,K Easwaran,1,0,1,leg bye,0,,,164/8
1439786,1,20,4,Ramalingam Rohit,P Bhuvaneswaran,K Easwaran,2,0,2,bye,0,,,166/8
1439786,1,20,5,Ramalingam Rohit,P Bhuvaneswaran,K Easwaran,1,1,0,run,0,,,167/8
1439786,1,20,6,P Bhuvaneswaran,Ramalingam Rohit,K Easwaran,2,2,0,run,0,,,169/8
1439786,2,1,1,Waseem Ahmed,K Rajkumar,P Bhuvaneswaran,0,0,0,no run,0,,,0/0
1439786,2,1,2,Waseem Ahmed,K Rajkumar,P Bhuvaneswaran,0,0,0,no run,0,,,0/0
1439786,2,1,3,Waseem Ahmed,K Rajkumar,P Bhuvaneswaran,0,0,0,no run,0,,,0/0
1439786,2,1,4,Waseem Ahmed,K Rajkumar,P Bhuvaneswaran,0,0,0,no run,0,,,0/0
1439786,2,1,5,Waseem Ahmed,K Rajkumar,P Bhuvaneswaran,1,1,0,run,0,,,1/0
1439786,2,1,6,K Rajkumar,Waseem Ahmed,P Bhuvaneswaran,0,0,0,no run,0,,,1/0
1439786,2,2,1,Waseem Ahmed,K Rajkumar,Thangarasu Natarajan,1,1,0,run,0,,,2/0
1439786,2,2,2,K Rajkumar,Waseem Ahmed,Thangarasu Natarajan,0,0,0,no run,0,,,2/0
1439786,2,2,3,K Rajkumar,Waseem Ahmed,Thangarasu Natarajan,0,0,0,no run,0,,,2/0
1439786,2,2,4,K Rajkumar,Waseem Ahmed,Thangarasu Natarajan,0,0,0,no run,0,,,2/0
1439786,2,2,5,K Rajkumar,Waseem Ahmed,Thangarasu Natarajan,0,0,0,no run,0,,,2/0
1439786,2,2,6,K Rajkumar,Waseem Ahmed,Thangarasu Natarajan,1,0,1,leg bye,0,,,3/0
1439786,2,3,1,K Rajkumar,Waseem Ahmed,P Bhuvaneswaran,0,0,0,no run,0,,,3/0
1439786,2,3,2,K Rajkumar,Waseem Ahmed,P Bhuvaneswaran,1,1,0,run,0,,,4/0
1439786,2,3,3,Waseem Ahmed,K Rajkumar,P Bhuvaneswaran,4,4,0,four,0,,,8/0
1439786,2,3,4,Waseem Ahmed,K Rajkumar,P Bhuvaneswaran,4,4,0,four,0,,,12/0
1439786,2,3,5,Waseem Ahmed,K Rajkumar,P Bhuvaneswaran,0,0,0,out,1,caught,Waseem Ahmed,12/1
1439786,2,3,6,S Shyam Sundar,K Rajkumar,P Bhuvaneswaran,1,1,0,run,0,,,13/1
1439786,2,4,1,S Shyam Sundar,K Rajkumar,S Mohamed Ali,0,0,0,out,1,leg before wicket,S Shyam Sundar,13/2
1439786,2,4,2,P Nirmal Kumar,K Rajkumar,S Mohamed Ali,1,1,0,run,0,,,14/2
1439786,2,4,3,K Rajkumar,P Nirmal Kumar,S Mohamed Ali,0,0,0,no run,0,,,14/2
1439786,2,4,4,K Rajkumar,P Nirmal Kumar,S Mohamed Ali,1,1,0,run,0,,,15/2
1439786,2,4,5,P Nirmal Kumar,K Rajkumar,S Mohamed Ali,0,0,0,no run,0,,,15/2
1439786,2,4,6,P Nirmal Kumar,K Rajkumar,S Mohamed Ali,1,0,1,wide,0,,,16/2
1439786,2,4,7,P Nirmal Kumar,K Rajkumar,S Mohamed Ali,1,1,0,run,0,,,17/2
1439786,2,5,1,P Nirmal Kumar,K Rajkumar,P Bhuvaneswaran,1,1,0,run,0,,,18/2
1439786,2,5,2,K Rajkumar,P Nirmal Kumar,P Bhuvaneswaran,0,0,0,no run,0,,,18/2
1439786,2,5,3,K Rajkumar,P Nirmal Kumar,P Bhuvaneswaran,4,4,0,four,0,,,22/2
1439786,2,5,4,K Rajkumar,P Nirmal Kumar,P Bhuvaneswaran,1,1,0,run,0,,,23/2
1439786,2,5,5,P Nirmal Kumar,K Rajkumar,P Bhuvaneswaran,2,2,0,run,0,,,25/2
1439786,2,5,6,P Nirmal Kumar,K Rajkumar,P Bhuvaneswaran,4,4,0,four,0,,,29/2
1439786,2,6,1,K Rajkumar,P Nirmal Kumar, Sriram Ajith Ram,1,1,0,run,0,,,30/2
1439786,2,6,2,P Nirmal Kumar,K Rajkumar, Sriram Ajith Ram,1,1,0,run,0,,,31/2
1439786,2,6,3,K Rajkumar,P Nirmal Kumar, Sriram Ajith Ram,0,0,0,no run,0,,,31/2
1439786,2,6,4,K Rajkumar,P Nirmal Kumar, Sriram Ajith Ram,0,0,0,out,1,caught,K Rajkumar,31/3
1439786,2,6,5,Ramsingh  Sanjay Yadav,P Nirmal Kumar, Sriram Ajith Ram,0,0,0,no run,0,,,31/3
1439786,2,6,6,Ramsingh  Sanjay Yadav,P Nirmal Kumar, Sriram Ajith Ram,0,0,0,no run,0,,,31/3
1439786,2,7,1,P Nirmal Kumar,Ramsingh  Sanjay Yadav,Ravisrinivasan Sai Kishore,0,0,0,no run,0,,,31/3
1439786,2,7,2,P Nirmal Kumar,Ramsingh  Sanjay Yadav,Ravisrinivasan Sai Kishore,1,1,0,run,0,,,32/3
1439786,2,7,3,Ramsingh  Sanjay Yadav,P Nirmal Kumar,Ravisrinivasan Sai Kishore,0,0,0,no run,0,,,32/3
1439786,2,7,4,Ramsingh  Sanjay Yadav,P Nirmal Kumar,Ravisrinivasan Sai Kishore,1,1,0,run,0,,,33/3
1439786,2,7,5,P Nirmal Kumar,Ramsingh  Sanjay Yadav,Ravisrinivasan Sai Kishore,0,0,0,no run,0,,,33/3
1439786,2,7,6,P Nirmal Kumar,Ramsingh  Sanjay Yadav,Ravisrinivasan Sai Kishore,0,0,0,no run,0,,,33/3
1439786,2,8,1,Ramsingh  Sanjay Yadav,P Nirmal Kumar, Sriram Ajith Ram,1,1,0,run,0,,,34/3
1439786,2,8,2,P Nirmal Kumar,Ramsingh  Sanjay Yadav, Sriram Ajith Ram,0,0,0,no run,0,,,34/3
1439786,2,8,3,P Nirmal Kumar,Ramsingh  Sanjay Yadav, Sriram Ajith Ram,1,1,0,run,0,,,35/3
1439786,2,8,4,Ramsingh  Sanjay Yadav,P Nirmal Kumar, Sriram Ajith Ram,6,6,0,six,0,,,41/3
1439786,2,8,5,Ramsingh  Sanjay Yadav,P Nirmal Kumar, Sriram Ajith Ram,4,4,0,four,0,,,45/3
1439786,2,8,6,Ramsingh  Sanjay Yadav,P Nirmal Kumar, Sriram Ajith Ram,0,0,0,no run,0,,,45/3
1439786,2,9,1,P Nirmal Kumar,Ramsingh  Sanjay Yadav,Ravisrinivasan Sai Kishore,4,4,0,four,0,,,49/3
1439786,2,9,2,P Nirmal Kumar,Ramsingh  Sanjay Yadav,Ravisrinivasan Sai Kishore,1,1,0,run,0,,,50/3
1439786,2,9,3,Ramsingh  Sanjay Yadav,P Nirmal Kumar,Ravisrinivasan Sai Kishore,1,1,0,run,0,,,51/3
1439786,2,9,4,P Nirmal Kumar,Ramsingh  Sanjay Yadav,Ravisrinivasan Sai Kishore,1,1,0,run,0,,,52/3
1439786,2,9,5,Ramsingh  Sanjay Yadav,P Nirmal Kumar,Ravisrinivasan Sai Kishore,1,0,1,wide,0,,,53/3
1439786,2,9,6,Ramsingh  Sanjay Yadav,P Nirmal Kumar,Ravisrinivasan Sai Kishore,1,1,0,run,0,,,54/3
1439786,2,9,7,P Nirmal Kumar,Ramsingh  Sanjay Yadav,Ravisrinivasan Sai Kishore,1,0,1,leg bye,0,,,55/3
1439786,2,10,1,P Nirmal Kumar,Ramsingh  Sanjay Yadav,S Mohamed Ali,0,0,0,no run,0,,,55/3
1439786,2,10,2,P Nirmal Kumar,Ramsingh  Sanjay Yadav,S Mohamed Ali,6,6,0,six,0,,,61/3
1439786,2,10,3,P Nirmal Kumar,Ramsingh  Sanjay Yadav,S Mohamed Ali,6,6,0,six,0,,,67/3
1439786,2,10,4,P Nirmal Kumar,Ramsingh  Sanjay Yadav,S Mohamed Ali,6,6,0,six,0,,,73/3
1439786,2,10,5,P Nirmal Kumar,Ramsingh  Sanjay Yadav,S Mohamed Ali,1,1,0,run,0,,,74/3
1439786,2,10,6,Ramsingh  Sanjay Yadav,P Nirmal Kumar,S Mohamed Ali,1,1,0,run,0,,,75/3
1439786,2,11,1,Ramsingh  Sanjay Yadav,P Nirmal Kumar,Ravisrinivasan Sai Kishore,1,1,0,run,0,,,76/3
1439786,2,11,2,P Nirmal Kumar,Ramsingh  Sanjay Yadav,Ravisrinivasan Sai Kishore,1,1,0,run,0,,,77/3
1439786,2,11,3,Ramsingh  Sanjay Yadav,P Nirmal Kumar,Ravisrinivasan Sai Kishore,0,0,0,out,1,leg before wicket,Ramsingh  Sanjay Yadav,77/4
1439786,2,11,4,Jafar Jamal,P Nirmal Kumar,Ravisrinivasan Sai Kishore,0,0,0,no run,0,,,77/4
1439786,2,11,5,Jafar Jamal,P Nirmal Kumar,Ravisrinivasan Sai Kishore,0,0,0,no run,0,,,77/4
1439786,2,11,6,Jafar Jamal,P Nirmal Kumar,Ravisrinivasan Sai Kishore,0,0,0,out,1,stumped,Jafar Jamal,77/5
1439786,2,12,1,P Nirmal Kumar,R Rajkumar, Sriram Ajith Ram,1,1,0,run,0,,,78/5
1439786,2,12,2,R Rajkumar,P Nirmal Kumar, Sriram Ajith Ram,6,6,0,six,0,,,84/5
1439786,2,12,3,R Rajkumar,P Nirmal Kumar, Sriram Ajith Ram,1,1,0,run,0,,,85/5
1439786,2,12,4,P Nirmal Kumar,R Rajkumar, Sriram Ajith Ram,0,0,0,no run,0,,,85/5
1439786,2,12,5,P Nirmal Kumar,R Rajkumar, Sriram Ajith Ram,1,1,0,run,0,,,86/5
1439786,2,12,6,R Rajkumar,P Nirmal Kumar, Sriram Ajith Ram,1,1,0,run,0,,,87/5
1439786,2,13,1,R Rajkumar,P Nirmal Kumar,Ravisrinivasan Sai Kishore,6,6,0,six,0,,,93/5
1439786,2,13,2,R Rajkumar,P Nirmal Kumar,Ravisrinivasan Sai Kishore,1,1,0,run,0,,,94/5
1439786,2,13,3,P Nirmal Kumar,R Rajkumar,Ravisrinivasan Sai Kishore,4,4,0,four,0,,,98/5
1439786,2,13,4,P Nirmal Kumar,R Rajkumar,Ravisrinivasan Sai Kishore,0,0,0,no run,0,,,98/5
1439786,2,13,5,P Nirmal Kumar,R Rajkumar,Ravisrinivasan Sai Kishore,1,1,0,run,0,,,99/5
1439786,2,13,6,R Rajkumar,P Nirmal Kumar,Ravisrinivasan Sai Kishore,4,4,0,four,0,,,103/5
1439786,2,14,1,P Nirmal Kumar,R Rajkumar,Thangarasu Natarajan,1,1,0,run,0,,,104/5
1439786,2,14,2,R Rajkumar,P Nirmal Kumar,Thangarasu Natarajan,0,0,0,out,1,caught,R Rajkumar,104/6
1439786,2,14,3,Wenseslaus Antony Dhas,P Nirmal Kumar,Thangarasu Natarajan,1,1,0,run,0,,,105/6
1439786,2,14,4,P Nirmal Kumar,Wenseslaus Antony Dhas,Thangarasu Natarajan,0,0,0,no run,0,,,105/6
1439786,2,14,5,P Nirmal Kumar,Wenseslaus Antony Dhas,Thangarasu Natarajan,0,0,0,out,1,caught,P Nirmal Kumar,105/7
1439786,2,14,6,P Saravana Kumar,Wenseslaus Antony Dhas,Thangarasu Natarajan,0,0,0,no run,0,,,105/7
1439786,2,15,1,Wenseslaus Antony Dhas,P Saravana Kumar,Ramalingam Rohit,1,1,0,run,0,,,106/7
1439786,2,15,2,P Saravana Kumar,Wenseslaus Antony Dhas,Ramalingam Rohit,0,0,0,no run,0,,,106/7
1439786,2,15,3,P Saravana Kumar,Wenseslaus Antony Dhas,Ramalingam Rohit,1,1,0,run,0,,,107/7
1439786,2,15,4,Wenseslaus Antony Dhas,P Saravana Kumar,Ramalingam Rohit,1,1,0,run,0,,,108/7
1439786,2,15,5,P Saravana Kumar,Wenseslaus Antony Dhas,Ramalingam Rohit,0,0,0,no run,0,,,108/7
1439786,2,15,6,P Saravana Kumar,Wenseslaus Antony Dhas,Ramalingam Rohit,4,4,0,four,0,,,112/7
1439786,2,16,1,Wenseslaus Antony Dhas,P Saravana Kumar,Thangarasu Natarajan,1,1,0,run,0,,,113/7
1439786,2,16,2,P Saravana Kumar,Wenseslaus Antony Dhas,Thangarasu Natarajan,1,1,0,run,0,,,114/7
1439786,2,16,3,Wenseslaus Antony Dhas,P Saravana Kumar,Thangarasu Natarajan,1,0,1,leg bye,0,,,115/7
1439786,2,16,4,P Saravana Kumar,Wenseslaus Antony Dhas,Thangarasu Natarajan,0,0,0,no run,0,,,115/7
1439786,2,16,5,P Saravana Kumar,Wenseslaus Antony Dhas,Thangarasu Natarajan,1,1,0,run,0,,,116/7
1439786,2,16,6,Wenseslaus Antony Dhas,P Saravana Kumar,Thangarasu Natarajan,0,0,0,out,1,caught,Wenseslaus Antony Dhas,116/8
1439786,2,17,1,P Saravana Kumar,G Godson, Sriram Ajith Ram,0,0,0,out,1,bowled,P Saravana Kumar,116/9
1439786,2,17,2,V Athisayaraj Davidson,G Godson, Sriram Ajith Ram,0,0,0,no run,0,,,116/9
1439786,2,17,3,V Athisayaraj Davidson,G Godson, Sriram Ajith Ram,6,6,0,six,0,,,122/9
1439786,2,17,4,V Athisayaraj Davidson,G Godson, Sriram Ajith Ram,0,0,0,no run,0,,,122/9
1439786,2,17,5,V Athisayaraj Davidson,G Godson, Sriram Ajith Ram,0,0,0,out,1,caught,V Athisayaraj Davidson,122/10
1439787,1,1,1,Suresh Lokeshwar,Chezhian Nishaanth,Abhishek Baljeetsingh Tanwar,0,0,0,no run,0,,,0/0
1439787,1,1,2,Suresh Lokeshwar,Chezhian Nishaanth,Abhishek Baljeetsingh Tanwar,0,0,0,no run,0,,,0/0
1439787,1,1,3,Suresh Lokeshwar,Chezhian Nishaanth,Abhishek Baljeetsingh Tanwar,6,6,0,six,0,,,6/0
1439787,1,1,4,Suresh Lokeshwar,Chezhian Nishaanth,Abhishek Baljeetsingh Tanwar,0,0,0,no run,0,,,6/0
1439787,1,1,5,Suresh Lokeshwar,Chezhian Nishaanth,Abhishek Baljeetsingh Tanwar,1,1,0,run,0,,,7/0
1439787,1,1,6,Chezhian Nishaanth,Suresh Lokeshwar,Abhishek Baljeetsingh Tanwar,0,0,0,no run,0,,,7/0
1439787,1,2,1,Suresh Lokeshwar,Chezhian Nishaanth,Baba Aparajith,0,0,0,no run,0,,,7/0
1439787,1,2,2,Suresh Lokeshwar,Chezhian Nishaanth,Baba Aparajith,1,1,0,run,0,,,8/0
1439787,1,2,3,Chezhian Nishaanth,Suresh Lokeshwar,Baba Aparajith,1,1,0,run,0,,,9/0
1439787,1,2,4,Suresh Lokeshwar,Chezhian Nishaanth,Baba Aparajith,1,1,0,run,0,,,10/0
1439787,1,2,5,Chezhian Nishaanth,Suresh Lokeshwar,Baba Aparajith,0,0,0,no run,0,,,10/0
1439787,1,2,6,Chezhian Nishaanth,Suresh Lokeshwar,Baba Aparajith,2,2,0,run,0,,,12/0
1439787,1,3,1,Suresh Lokeshwar,Chezhian Nishaanth,Rahil S Shah,6,6,0,six,0,,,18/0
1439787,1,3,2,Suresh Lokeshwar,Chezhian Nishaanth,Rahil S Shah,0,0,0,no run,0,,,18/0
1439787,1,3,3,Suresh Lokeshwar,Chezhian Nishaanth,Rahil S Shah,6,6,0,six,0,,,24/0
1439787,1,3,4,Suresh Lokeshwar,Chezhian Nishaanth,Rahil S Shah,4,4,0,four,0,,,28/0
1439787,1,3,5,Suresh Lokeshwar,Chezhian Nishaanth,Rahil S Shah,0,0,0,no run,0,,,28/0
1439787,1,3,6,Suresh Lokeshwar,Chezhian Nishaanth,Rahil S Shah,6,6,0,six,0,,,34/0
1439787,1,4,1,Chezhian Nishaanth,Suresh Lokeshwar,Baba Aparajith,1,1,0,run,0,,,35/0
1439787,1,4,2,Suresh Lokeshwar,Chezhian Nishaanth,Baba Aparajith,0,0,0,no run,0,,,35/0
1439787,1,4,3,Suresh Lokeshwar,Chezhian Nishaanth,Baba Aparajith,0,0,0,no run,0,,,35/0
1439787,1,4,4,Suresh Lokeshwar,Chezhian Nishaanth,Baba Aparajith,1,1,0,run,0,,,36/0
1439787,1,4,5,Chezhian Nishaanth,Suresh Lokeshwar,Baba Aparajith,1,1,0,run,0,,,37/0
1439787,1,4,6,Suresh Lokeshwar,Chezhian Nishaanth,Baba Aparajith,1,1,0,run,0,,,38/0
1439787,1,5,1,Suresh Lokeshwar,Chezhian Nishaanth,Ganeshan Periyaswamy,4,4,0,four,0,,,42/0
1439787,1,5,2,Suresh Lokeshwar,Chezhian Nishaanth,Ganeshan Periyaswamy,0,0,0,no run,0,,,42/0
1439787,1,5,3,Suresh Lokeshwar,Chezhian Nishaanth,Ganeshan Periyaswamy,0,0,0,no run,0,,,42/0
1439787,1,5,4,Suresh Lokeshwar,Chezhian Nishaanth,Ganeshan Periyaswamy,0,0,0,no run,0,,,42/0
1439787,1,5,5,Suresh Lokeshwar,Chezhian Nishaanth,Ganeshan Periyaswamy,0,0,0,no run,0,,,42/0
1439787,1,5,6,Suresh Lokeshwar,Chezhian Nishaanth,Ganeshan Periyaswamy,6,6,0,six,0,,,48/0
1439787,1,6,1,Chezhian Nishaanth,Suresh Lokeshwar,Abhishek Baljeetsingh Tanwar,1,1,0,run,0,,,49/0
1439787,1,6,2,Suresh Lokeshwar,Chezhian Nishaanth,Abhishek Baljeetsingh Tanwar,0,0,0,no run,0,,,49/0
1439787,1,6,3,Suresh Lokeshwar,Chezhian Nishaanth,Abhishek Baljeetsingh Tanwar,1,1,0,run,0,,,50/0
1439787,1,6,4,Chezhian Nishaanth,Suresh Lokeshwar,Abhishek Baljeetsingh Tanwar,0,0,0,no run,0,,,50/0
1439787,1,6,5,Chezhian Nishaanth,Suresh Lokeshwar,Abhishek Baljeetsingh Tanwar,1,1,0,run,0,,,51/0
1439787,1,6,6,Suresh Lokeshwar,Chezhian Nishaanth,Abhishek Baljeetsingh Tanwar,0,0,0,no run,0,,,51/0
1439787,1,7,1,Chezhian Nishaanth,Suresh Lokeshwar,M Silambarasan,0,0,0,no run,0,,,51/0
1439787,1,7,2,Chezhian Nishaanth,Suresh Lokeshwar,M Silambarasan,1,1,0,run,0,,,52/0
1439787,1,7,3,Suresh Lokeshwar,Chezhian Nishaanth,M Silambarasan,2,2,0,run,0,,,54/0
1439787,1,7,4,Suresh Lokeshwar,Chezhian Nishaanth,M Silambarasan,0,0,0,no run,0,,,54/0
1439787,1,7,5,Suresh Lokeshwar,Chezhian Nishaanth,M Silambarasan,1,1,0,run,0,,,55/0
1439787,1,7,6,Chezhian Nishaanth,Suresh Lokeshwar,M Silambarasan,1,1,0,run,0,,,56/0
1439787,1,8,1,Chezhian Nishaanth,Suresh Lokeshwar,Baba Aparajith,1,1,0,run,0,,,57/0
1439787,1,8,2,Suresh Lokeshwar,Chezhian Nishaanth,Baba Aparajith,1,1,0,run,0,,,58/0
1439787,1,8,3,Chezhian Nishaanth,Suresh Lokeshwar,Baba Aparajith,2,2,0,run,0,,,60/0
1439787,1,8,4,Chezhian Nishaanth,Suresh Lokeshwar,Baba Aparajith,1,1,0,run,0,,,61/0
1439787,1,8,5,Suresh Lokeshwar,Chezhian Nishaanth,Baba Aparajith,0,0,0,no run,0,,,61/0
1439787,1,8,6,Suresh Lokeshwar,Chezhian Nishaanth,Baba Aparajith,1,1,0,run,0,,,62/0
1439787,1,9,1,Suresh Lokeshwar,Chezhian Nishaanth,M Silambarasan,1,1,0,run,0,,,63/0
1439787,1,9,2,Chezhian Nishaanth,Suresh Lokeshwar,M Silambarasan,6,6,0,six,0,,,69/0
1439787,1,9,3,Chezhian Nishaanth,Suresh Lokeshwar,M Silambarasan,1,1,0,run,0,,,70/0
1439787,1,9,4,Suresh Lokeshwar,Chezhian Nishaanth,M Silambarasan,1,1,0,run,0,,,71/0
1439787,1,9,5,Chezhian Nishaanth,Suresh Lokeshwar,M Silambarasan,1,1,0,run,0,,,72/0
1439787,1,9,6,Suresh Lokeshwar,Chezhian Nishaanth,M Silambarasan,1,1,0,run,0,,,73/0
1439787,1,10,1,Suresh Lokeshwar,Chezhian Nishaanth,Baba Aparajith,2,2,0,run,0,,,75/0
1439787,1,10,2,Suresh Lokeshwar,Chezhian Nishaanth,Baba Aparajith,0,0,0,no run,0,,,75/0
1439787,1,10,3,Suresh Lokeshwar,Chezhian Nishaanth,Baba Aparajith,1,1,0,run,0,,,76/0
1439787,1,10,4,Chezhian Nishaanth,Suresh Lokeshwar,Baba Aparajith,1,1,0,run,0,,,77/0
1439787,1,10,5,Suresh Lokeshwar,Chezhian Nishaanth,Baba Aparajith,0,0,0,out,1,caught,Suresh Lokeshwar,77/1
1439787,1,10,6,Jagatheesan Kousik,Chezhian Nishaanth,Baba Aparajith,4,4,0,four,0,,,81/1
1439787,1,11,1,Chezhian Nishaanth,Jagatheesan Kousik,Antony Chandrasekaran Aswin Crist,4,4,0,four,0,,,85/1
1439787,1,11,2,Chezhian Nishaanth,Jagatheesan Kousik,Antony Chandrasekaran Aswin Crist,2,2,0,run,0,,,87/1
1439787,1,11,3,Chezhian Nishaanth,Jagatheesan Kousik,Antony Chandrasekaran Aswin Crist,1,1,0,run,0,,,88/1
1439787,1,11,4,Jagatheesan Kousik,Chezhian Nishaanth,Antony Chandrasekaran Aswin Crist,4,4,0,four,0,,,92/1
1439787,1,11,5,Jagatheesan Kousik,Chezhian Nishaanth,Antony Chandrasekaran Aswin Crist,1,1,0,run,0,,,93/1
1439787,1,11,6,Chezhian Nishaanth,Jagatheesan Kousik,Antony Chandrasekaran Aswin Crist,4,4,0,four,0,,,97/1
1439787,1,12,1,Jagatheesan Kousik,Chezhian Nishaanth,Daryl Sunder Ferrario,1,1,0,run,0,,,98/1
1439787,1,12,2,Chezhian Nishaanth,Jagatheesan Kousik,Daryl Sunder Ferrario,0,0,0,no run,0,,,98/1
1439787,1,12,3,Chezhian Nishaanth,Jagatheesan Kousik,Daryl Sunder Ferrario,1,1,0,run,0,,,99/1
1439787,1,12,4,Jagatheesan Kousik,Chezhian Nishaanth,Daryl Sunder Ferrario,1,1,0,run,0,,,100/1
1439787,1,12,5,Chezhian Nishaanth,Jagatheesan Kousik,Daryl Sunder Ferrario,1,1,0,run,0,,,101/1
1439787,1,12,6,Jagatheesan Kousik,Chezhian Nishaanth,Daryl Sunder Ferrario,1,1,0,run,0,,,102/1
1439787,1,13,1,Jagatheesan Kousik,Chezhian Nishaanth,M Silambarasan,0,0,0,no run,0,,,102/1
1439787,1,13,2,Jagatheesan Kousik,Chezhian Nishaanth,M Silambarasan,1,1,0,run,0,,,103/1
1439787,1,13,3,Chezhian Nishaanth,Jagatheesan Kousik,M Silambarasan,2,2,0,run,0,,,105/1
1439787,1,13,4,Chezhian Nishaanth,Jagatheesan Kousik,M Silambarasan,0,0,0,out,1,caught,Chezhian Nishaanth,105/2
1439787,1,13,5,P Saravanan,Jagatheesan Kousik,M Silambarasan,0,0,0,no run,0,,,105/2
1439787,1,13,6,P Saravanan,Jagatheesan Kousik,M Silambarasan,6,6,0,six,0,,,111/2
1439787,1,14,1,Jagatheesan Kousik,P Saravanan,Ganeshan Periyaswamy,1,1,0,run,0,,,112/2
1439787,1,14,2,P Saravanan,Jagatheesan Kousik,Ganeshan Periyaswamy,4,4,0,four,0,,,116/2
1439787,1,14,3,P Saravanan,Jagatheesan Kousik,Ganeshan Periyaswamy,1,1,0,run,0,,,117/2
1439787,1,14,4,Jagatheesan Kousik,P Saravanan,Ganeshan Periyaswamy,2,2,0,run,0,,,119/2
1439787,1,14,5,Jagatheesan Kousik,P Saravanan,Ganeshan Periyaswamy,1,1,0,run,0,,,120/2
1439787,1,14,6,P Saravanan,Jagatheesan Kousik,Ganeshan Periyaswamy,1,0,1,leg bye,0,,,121/2
1439787,1,15,1,P Saravanan,Jagatheesan Kousik,M Silambarasan,6,6,0,six,0,,,127/2
1439787,1,15,2,P Saravanan,Jagatheesan Kousik,M Silambarasan,1,1,0,run,0,,,128/2
1439787,1,15,3,Jagatheesan Kousik,P Saravanan,M Silambarasan,1,1,0,run,0,,,129/2
1439787,1,15,4,P Saravanan,Jagatheesan Kousik,M Silambarasan,0,0,0,no run,0,,,129/2
1439787,1,15,5,P Saravanan,Jagatheesan Kousik,M Silambarasan,6,6,0,six,0,,,135/2
1439787,1,15,6,P Saravanan,Jagatheesan Kousik,M Silambarasan,1,1,0,run,0,,,136/2
1439787,1,16,1,P Saravanan,Jagatheesan Kousik,Antony Chandrasekaran Aswin Crist,0,0,0,no run,0,,,136/2
1439787,1,16,2,P Saravanan,Jagatheesan Kousik,Antony Chandrasekaran Aswin Crist,0,0,0,no run,0,,,136/2
1439787,1,16,3,P Saravanan,Jagatheesan Kousik,Antony Chandrasekaran Aswin Crist,0,0,0,out,1,caught,P Saravanan,136/3
1439787,1,16,4,Uthirasamy Sasidev,Jagatheesan Kousik,Antony Chandrasekaran Aswin Crist,1,1,0,run,0,,,137/3
1439787,1,16,5,Jagatheesan Kousik,Uthirasamy Sasidev,Antony Chandrasekaran Aswin Crist,2,1,1,run,0,,,139/3
1439787,1,16,6,Uthirasamy Sasidev,Jagatheesan Kousik,Antony Chandrasekaran Aswin Crist,1,1,0,run,0,,,140/3
1439787,1,16,7,Jagatheesan Kousik,Uthirasamy Sasidev,Antony Chandrasekaran Aswin Crist,1,1,0,run,0,,,141/3
1439787,1,17,1,Jagatheesan Kousik,Uthirasamy Sasidev,Abhishek Baljeetsingh Tanwar,1,1,0,run,0,,,142/3
1439787,1,17,2,Uthirasamy Sasidev,Jagatheesan Kousik,Abhishek Baljeetsingh Tanwar,0,0,0,out,1,caught,Uthirasamy Sasidev,142/4
1439787,1,17,3,N Sarangarajan Chaturved,Jagatheesan Kousik,Abhishek Baljeetsingh Tanwar,1,1,0,run,0,,,143/4
1439787,1,17,4,Jagatheesan Kousik,N Sarangarajan Chaturved,Abhishek Baljeetsingh Tanwar,2,1,1,run,0,,,145/4
1439787,1,17,5,N Sarangarajan Chaturved,Jagatheesan Kousik,Abhishek Baljeetsingh Tanwar,6,6,0,six,0,,,151/4
1439787,1,17,6,N Sarangarajan Chaturved,Jagatheesan Kousik,Abhishek Baljeetsingh Tanwar,4,4,0,four,0,,,155/4
1439787,1,17,7,N Sarangarajan Chaturved,Jagatheesan Kousik,Abhishek Baljeetsingh Tanwar,1,1,0,run,0,,,156/4
1439787,1,18,1,N Sarangarajan Chaturved,Jagatheesan Kousik,Ganeshan Periyaswamy,1,1,0,run,0,,,157/4
1439787,1,18,2,Jagatheesan Kousik,N Sarangarajan Chaturved,Ganeshan Periyaswamy,1,1,0,run,0,,,158/4
1439787,1,18,3,N Sarangarajan Chaturved,Jagatheesan Kousik,Ganeshan Periyaswamy,1,1,0,run,0,,,159/4
1439787,1,18,4,Jagatheesan Kousik,N Sarangarajan Chaturved,Ganeshan Periyaswamy,1,1,0,run,0,,,160/4
1439787,1,18,5,N Sarangarajan Chaturved,Jagatheesan Kousik,Ganeshan Periyaswamy,1,1,0,run,0,,,161/4
1439787,1,18,6,Jagatheesan Kousik,N Sarangarajan Chaturved,Ganeshan Periyaswamy,4,4,0,four,0,,,165/4
1439787,1,19,1,N Sarangarajan Chaturved,Jagatheesan Kousik,Abhishek Baljeetsingh Tanwar,1,1,0,run,0,,,166/4
1439787,1,19,2,Jagatheesan Kousik,N Sarangarajan Chaturved,Abhishek Baljeetsingh Tanwar,1,1,0,run,0,,,167/4
1439787,1,19,3,N Sarangarajan Chaturved,Jagatheesan Kousik,Abhishek Baljeetsingh Tanwar,0,0,0,no run,0,,,167/4
1439787,1,19,4,N Sarangarajan Chaturved,Jagatheesan Kousik,Abhishek Baljeetsingh Tanwar,1,1,0,run,0,,,168/4
1439787,1,19,5,Jagatheesan Kousik,N Sarangarajan Chaturved,Abhishek Baljeetsingh Tanwar,6,6,0,six,0,,,174/4
1439787,1,19,6,Jagatheesan Kousik,N Sarangarajan Chaturved,Abhishek Baljeetsingh Tanwar,6,6,0,six,0,,,180/4
1439787,1,20,1,N Sarangarajan Chaturved,Jagatheesan Kousik,Ganeshan Periyaswamy,1,1,0,run,0,,,181/4
1439787,1,20,2,Jagatheesan Kousik,N Sarangarajan Chaturved,Ganeshan Periyaswamy,1,1,0,run,0,,,182/4
1439787,1,20,3,N Sarangarajan Chaturved,Jagatheesan Kousik,Ganeshan Periyaswamy,6,6,0,six,0,,,188/4
1439787,1,20,4,N Sarangarajan Chaturved,Jagatheesan Kousik,Ganeshan Periyaswamy,1,1,0,run,0,,,189/4
1439787,1,20,5,Jagatheesan Kousik,N Sarangarajan Chaturved,Ganeshan Periyaswamy,1,1,0,run,0,,,190/4
1439787,1,20,6,N Sarangarajan Chaturved,Jagatheesan Kousik,Ganeshan Periyaswamy,1,1,0,run,0,,,191/4
1439787,2,1,1,D Santhosh Kumar,Narayan Jagadeesan,Gurjapneet Singh,1,1,0,run,0,,,1/0
1439787,2,1,2,Narayan Jagadeesan,D Santhosh Kumar,Gurjapneet Singh,1,1,0,run,0,,,2/0
1439787,2,1,3,D Santhosh Kumar,Narayan Jagadeesan,Gurjapneet Singh,0,0,0,no run,0,,,2/0
1439787,2,1,4,D Santhosh Kumar,Narayan Jagadeesan,Gurjapneet Singh,0,0,0,no run,0,,,2/0
1439787,2,1,5,D Santhosh Kumar,Narayan Jagadeesan,Gurjapneet Singh,0,0,0,no run,0,,,2/0
1439787,2,1,6,D Santhosh Kumar,Narayan Jagadeesan,Gurjapneet Singh,4,4,0,four,0,,,6/0
1439787,2,2,1,Narayan Jagadeesan,D Santhosh Kumar,Ajay K Krishna,4,4,0,run,0,,,10/0
1439787,2,2,2,Narayan Jagadeesan,D Santhosh Kumar,Ajay K Krishna,4,4,0,four,0,,,14/0
1439787,2,2,3,Narayan Jagadeesan,D Santhosh Kumar,Ajay K Krishna,1,1,0,run,0,,,15/0
1439787,2,2,4,D Santhosh Kumar,Narayan Jagadeesan,Ajay K Krishna,1,0,1,wide,0,,,16/0
1439787,2,2,5,D Santhosh Kumar,Narayan Jagadeesan,Ajay K Krishna,1,0,1,leg bye,0,,,17/0
1439787,2,2,6,Narayan Jagadeesan,D Santhosh Kumar,Ajay K Krishna,0,0,0,no run,0,,,17/0
1439787,2,2,7,Narayan Jagadeesan,D Santhosh Kumar,Ajay K Krishna,0,0,0,out,1,caught,Narayan Jagadeesan,17/1
1439787,2,3,1,D Santhosh Kumar,Baba Aparajith,Gurjapneet Singh,4,4,0,four,0,,,21/1
1439787,2,3,2,D Santhosh Kumar,Baba Aparajith,Gurjapneet Singh,0,0,0,no run,0,,,21/1
1439787,2,3,3,D Santhosh Kumar,Baba Aparajith,Gurjapneet Singh,4,4,0,four,0,,,25/1
1439787,2,3,4,D Santhosh Kumar,Baba Aparajith,Gurjapneet Singh,0,0,0,no run,0,,,25/1
1439787,2,3,5,D Santhosh Kumar,Baba Aparajith,Gurjapneet Singh,1,1,0,run,0,,,26/1
1439787,2,3,6,Baba Aparajith,D Santhosh Kumar,Gurjapneet Singh,0,0,0,no run,0,,,26/1
1439787,2,4,1,D Santhosh Kumar,Baba Aparajith,Chezhian Nishaanth,1,1,0,run,0,,,27/1
1439787,2,4,2,Baba Aparajith,D Santhosh Kumar,Chezhian Nishaanth,6,6,0,six,0,,,33/1
1439787,2,4,3,Baba Aparajith,D Santhosh Kumar,Chezhian Nishaanth,4,4,0,four,0,,,37/1
1439787,2,4,4,Baba Aparajith,D Santhosh Kumar,Chezhian Nishaanth,1,1,0,run,0,,,38/1
1439787,2,4,5,D Santhosh Kumar,Baba Aparajith,Chezhian Nishaanth,1,1,0,run,0,,,39/1
1439787,2,4,6,Baba Aparajith,D Santhosh Kumar,Chezhian Nishaanth,6,6,0,six,0,,,45/1
1439787,2,5,1,D Santhosh Kumar,Baba Aparajith,P Saravanan,0,0,0,no run,0,,,45/1
1439787,2,5,2,D Santhosh Kumar,Baba Aparajith,P Saravanan,1,1,0,run,0,,,46/1
1439787,2,5,3,Baba Aparajith,D Santhosh Kumar,P Saravanan,0,0,0,no run,0,,,46/1
1439787,2,5,4,Baba Aparajith,D Santhosh Kumar,P Saravanan,0,0,0,out,1,caught,Baba Aparajith,46/2
1439787,2,5,5,Pradosh Ranjan Paul,D Santhosh Kumar,P Saravanan,4,4,0,four,0,,,50/2
1439787,2,5,6,Pradosh Ranjan Paul,D Santhosh Kumar,P Saravanan,1,1,0,run,0,,,51/2
1439787,2,6,1,Pradosh Ranjan Paul,D Santhosh Kumar,Ajay K Krishna,0,0,0,no run,0,,,51/2
1439787,2,6,2,Pradosh Ranjan Paul,D Santhosh Kumar,Ajay K Krishna,0,0,0,no run,0,,,51/2
1439787,2,6,3,Pradosh Ranjan Paul,D Santhosh Kumar,Ajay K Krishna,2,2,0,run,0,,,53/2
1439787,2,6,4,Pradosh Ranjan Paul,D Santhosh Kumar,Ajay K Krishna,1,0,1,bye,0,,,54/2
1439787,2,6,5,D Santhosh Kumar,Pradosh Ranjan Paul,Ajay K Krishna,1,1,0,run,0,,,55/2
1439787,2,6,6,Pradosh Ranjan Paul,D Santhosh Kumar,Ajay K Krishna,1,1,0,run,0,,,56/2
1439787,2,7,1,Pradosh Ranjan Paul,D Santhosh Kumar,Murugan Ashwin,0,0,0,no run,0,,,56/2
1439787,2,7,2,Pradosh Ranjan Paul,D Santhosh Kumar,Murugan Ashwin,1,1,0,run,0,,,57/2
1439787,2,7,3,D Santhosh Kumar,Pradosh Ranjan Paul,Murugan Ashwin,0,0,0,no run,0,,,57/2
1439787,2,7,4,D Santhosh Kumar,Pradosh Ranjan Paul,Murugan Ashwin,1,1,0,run,0,,,58/2
1439787,2,7,5,Pradosh Ranjan Paul,D Santhosh Kumar,Murugan Ashwin,1,1,0,run,0,,,59/2
1439787,2,7,6,D Santhosh Kumar,Pradosh Ranjan Paul,Murugan Ashwin,1,1,0,run,0,,,60/2
1439787,2,8,1,D Santhosh Kumar,Pradosh Ranjan Paul,Chezhian Nishaanth,1,1,0,run,0,,,61/2
1439787,2,8,2,Pradosh Ranjan Paul,D Santhosh Kumar,Chezhian Nishaanth,0,0,0,no run,0,,,61/2
1439787,2,8,3,Pradosh Ranjan Paul,D Santhosh Kumar,Chezhian Nishaanth,1,1,0,run,0,,,62/2
1439787,2,8,4,D Santhosh Kumar,Pradosh Ranjan Paul,Chezhian Nishaanth,0,0,0,no run,0,,,62/2
1439787,2,8,5,D Santhosh Kumar,Pradosh Ranjan Paul,Chezhian Nishaanth,1,1,0,run,0,,,63/2
1439787,2,8,6,Pradosh Ranjan Paul,D Santhosh Kumar,Chezhian Nishaanth,1,1,0,run,0,,,64/2
1439787,2,9,1,Pradosh Ranjan Paul,D Santhosh Kumar,Murugan Ashwin,1,1,0,run,0,,,65/2
1439787,2,9,2,D Santhosh Kumar,Pradosh Ranjan Paul,Murugan Ashwin,1,1,0,run,0,,,66/2
1439787,2,9,3,Pradosh Ranjan Paul,D Santhosh Kumar,Murugan Ashwin,1,1,0,run,0,,,67/2
1439787,2,9,4,D Santhosh Kumar,Pradosh Ranjan Paul,Murugan Ashwin,1,1,0,run,0,,,68/2
1439787,2,9,5,Pradosh Ranjan Paul,D Santhosh Kumar,Murugan Ashwin,1,1,0,run,0,,,69/2
1439787,2,9,6,D Santhosh Kumar,Pradosh Ranjan Paul,Murugan Ashwin,1,0,1,bye,0,,,70/2
1439787,2,10,1,D Santhosh Kumar,Pradosh Ranjan Paul,Chezhian Nishaanth,6,6,0,six,0,,,76/2
1439787,2,10,2,D Santhosh Kumar,Pradosh Ranjan Paul,Chezhian Nishaanth,1,1,0,run,0,,,77/2
1439787,2,10,3,Pradosh Ranjan Paul,D Santhosh Kumar,Chezhian Nishaanth,0,0,0,no run,0,,,77/2
1439787,2,10,4,Pradosh Ranjan Paul,D Santhosh Kumar,Chezhian Nishaanth,6,6,0,six,0,,,83/2
1439787,2,10,5,Pradosh Ranjan Paul,D Santhosh Kumar,Chezhian Nishaanth,1,0,1,leg bye,0,,,84/2
1439787,2,10,6,D Santhosh Kumar,Pradosh Ranjan Paul,Chezhian Nishaanth,6,6,0,six,0,,,90/2
1439787,2,11,1,Pradosh Ranjan Paul,D Santhosh Kumar,VS Karthick Manikandan,1,1,0,run,0,,,91/2
1439787,2,11,2,D Santhosh Kumar,Pradosh Ranjan Paul,VS Karthick Manikandan,1,1,0,run,0,,,92/2
1439787,2,11,3,Pradosh Ranjan Paul,D Santhosh Kumar,VS Karthick Manikandan,1,1,0,run,0,,,93/2
1439787,2,11,4,D Santhosh Kumar,Pradosh Ranjan Paul,VS Karthick Manikandan,1,1,0,run,0,,,94/2
1439787,2,11,5,Pradosh Ranjan Paul,D Santhosh Kumar,VS Karthick Manikandan,0,0,0,no run,0,,,94/2
1439787,2,11,6,Pradosh Ranjan Paul,D Santhosh Kumar,VS Karthick Manikandan,1,1,0,run,0,,,95/2
1439787,2,12,1,Pradosh Ranjan Paul,D Santhosh Kumar,Jagatheesan Kousik,7,6,1,six,0,,,102/2
1439787,2,12,2,Pradosh Ranjan Paul,D Santhosh Kumar,Jagatheesan Kousik,1,1,0,run,0,,,103/2
1439787,2,12,3,D Santhosh Kumar,Pradosh Ranjan Paul,Jagatheesan Kousik,1,1,0,run,0,,,104/2
1439787,2,12,4,Pradosh Ranjan Paul,D Santhosh Kumar,Jagatheesan Kousik,2,2,0,run,0,,,106/2
1439787,2,12,5,Pradosh Ranjan Paul,D Santhosh Kumar,Jagatheesan Kousik,1,1,0,run,0,,,107/2
1439787,2,12,6,D Santhosh Kumar,Pradosh Ranjan Paul,Jagatheesan Kousik,6,6,0,six,0,,,113/2
1439787,2,12,7,D Santhosh Kumar,Pradosh Ranjan Paul,Jagatheesan Kousik,1,0,1,leg bye,0,,,114/2
1439787,2,13,1,D Santhosh Kumar,Pradosh Ranjan Paul,VS Karthick Manikandan,1,1,0,run,0,,,115/2
1439787,2,13,2,Pradosh Ranjan Paul,D Santhosh Kumar,VS Karthick Manikandan,6,6,0,six,0,,,121/2
1439787,2,13,3,Pradosh Ranjan Paul,D Santhosh Kumar,VS Karthick Manikandan,1,1,0,run,0,,,122/2
1439787,2,13,4,D Santhosh Kumar,Pradosh Ranjan Paul,VS Karthick Manikandan,1,1,0,run,0,,,123/2
1439787,2,13,5,Pradosh Ranjan Paul,D Santhosh Kumar,VS Karthick Manikandan,1,1,0,run,0,,,124/2
1439787,2,13,6,D Santhosh Kumar,Pradosh Ranjan Paul,VS Karthick Manikandan,0,0,0,out,1,stumped,D Santhosh Kumar,124/3
1439787,2,14,1,Pradosh Ranjan Paul,Daryl Sunder Ferrario,Murugan Ashwin,0,0,0,no run,0,,,124/3
1439787,2,14,2,Pradosh Ranjan Paul,Daryl Sunder Ferrario,Murugan Ashwin,1,1,0,run,0,,,125/3
1439787,2,14,3,Daryl Sunder Ferrario,Pradosh Ranjan Paul,Murugan Ashwin,1,1,0,run,0,,,126/3
1439787,2,14,4,Pradosh Ranjan Paul,Daryl Sunder Ferrario,Murugan Ashwin,1,0,1,wide,0,,,127/3
1439787,2,14,5,Pradosh Ranjan Paul,Daryl Sunder Ferrario,Murugan Ashwin,6,6,0,six,0,,,133/3
1439787,2,14,6,Pradosh Ranjan Paul,Daryl Sunder Ferrario,Murugan Ashwin,1,1,0,run,0,,,134/3
1439787,2,14,7,Daryl Sunder Ferrario,Pradosh Ranjan Paul,Murugan Ashwin,1,1,0,run,0,,,135/3
1439787,2,15,1,Daryl Sunder Ferrario,Pradosh Ranjan Paul,VS Karthick Manikandan,1,1,0,run,0,,,136/3
1439787,2,15,2,Pradosh Ranjan Paul,Daryl Sunder Ferrario,VS Karthick Manikandan,1,1,0,run,0,,,137/3
1439787,2,15,3,Daryl Sunder Ferrario,Pradosh Ranjan Paul,VS Karthick Manikandan,0,0,0,out,1,caught,Daryl Sunder Ferrario,137/4
1439787,2,15,4,C Andre Siddarth,Pradosh Ranjan Paul,VS Karthick Manikandan,2,2,0,run,0,,,139/4
1439787,2,15,5,C Andre Siddarth,Pradosh Ranjan Paul,VS Karthick Manikandan,4,4,0,four,0,,,143/4
1439787,2,15,6,C Andre Siddarth,Pradosh Ranjan Paul,VS Karthick Manikandan,0,0,0,out,1,caught,C Andre Siddarth,143/5
1439787,2,16,1,Pradosh Ranjan Paul,Rajagopal Sathish,Murugan Ashwin,1,1,0,run,0,,,144/5
1439787,2,16,2,Rajagopal Sathish,Pradosh Ranjan Paul,Murugan Ashwin,1,1,0,run,0,,,145/5
1439787,2,16,3,Pradosh Ranjan Paul,Rajagopal Sathish,Murugan Ashwin,0,0,0,out,1,caught,Pradosh Ranjan Paul,145/6
1439787,2,16,4,Abhishek Baljeetsingh Tanwar,Rajagopal Sathish,Murugan Ashwin,0,0,0,no run,0,,,145/6
1439787,2,16,5,Abhishek Baljeetsingh Tanwar,Rajagopal Sathish,Murugan Ashwin,0,0,0,no run,0,,,145/6
1439787,2,16,6,Abhishek Baljeetsingh Tanwar,Rajagopal Sathish,Murugan Ashwin,1,1,0,run,0,,,146/6
1439787,2,17,1,Abhishek Baljeetsingh Tanwar,Rajagopal Sathish,Ajay K Krishna,0,0,0,no run,0,,,146/6
1439787,2,17,2,Abhishek Baljeetsingh Tanwar,Rajagopal Sathish,Ajay K Krishna,2,2,0,run,0,,,148/6
1439787,2,17,3,Abhishek Baljeetsingh Tanwar,Rajagopal Sathish,Ajay K Krishna,6,6,0,six,0,,,154/6
1439787,2,17,4,Abhishek Baljeetsingh Tanwar,Rajagopal Sathish,Ajay K Krishna,1,1,0,run,0,,,155/6
1439787,2,17,5,Rajagopal Sathish,Abhishek Baljeetsingh Tanwar,Ajay K Krishna,1,1,0,run,0,,,156/6
1439787,2,17,6,Abhishek Baljeetsingh Tanwar,Rajagopal Sathish,Ajay K Krishna,0,0,0,out,1,caught,Abhishek Baljeetsingh Tanwar,156/7
1439787,2,18,1,Rajagopal Sathish,Antony Chandrasekaran Aswin Crist,Gurjapneet Singh,1,1,0,run,0,,,157/7
1439787,2,18,2,Antony Chandrasekaran Aswin Crist,Rajagopal Sathish,Gurjapneet Singh,1,1,0,run,0,,,158/7
1439787,2,18,3,Rajagopal Sathish,Antony Chandrasekaran Aswin Crist,Gurjapneet Singh,1,1,0,run,0,,,159/7
1439787,2,18,4,Antony Chandrasekaran Aswin Crist,Rajagopal Sathish,Gurjapneet Singh,1,1,0,run,0,,,160/7
1439787,2,18,5,Rajagopal Sathish,Antony Chandrasekaran Aswin Crist,Gurjapneet Singh,0,0,0,no run,0,,,160/7
1439787,2,18,6,Rajagopal Sathish,Antony Chandrasekaran Aswin Crist,Gurjapneet Singh,1,1,0,run,0,,,161/7
1439787,2,19,1,Rajagopal Sathish,Antony Chandrasekaran Aswin Crist,Ajay K Krishna,0,0,0,no run,0,,,161/7
1439787,2,19,2,Rajagopal Sathish,Antony Chandrasekaran Aswin Crist,Ajay K Krishna,1,1,0,run,0,,,162/7
1439787,2,19,3,Antony Chandrasekaran Aswin Crist,Rajagopal Sathish,Ajay K Krishna,2,1,1,run,0,,,164/7
1439787,2,19,4,Rajagopal Sathish,Antony Chandrasekaran Aswin Crist,Ajay K Krishna,1,1,0,run,0,,,165/7
1439787,2,19,5,Antony Chandrasekaran Aswin Crist,Rajagopal Sathish,Ajay K Krishna,4,4,0,four,0,,,169/7
1439787,2,19,6,Antony Chandrasekaran Aswin Crist,Rajagopal Sathish,Ajay K Krishna,6,6,0,six,0,,,175/7
1439787,2,19,7,Antony Chandrasekaran Aswin Crist,Rajagopal Sathish,Ajay K Krishna,1,1,0,run,0,,,176/7
1439787,2,20,1,Antony Chandrasekaran Aswin Crist,Rajagopal Sathish,Gurjapneet Singh,1,1,0,run,0,,,177/7
1439787,2,20,2,Rajagopal Sathish,Antony Chandrasekaran Aswin Crist,Gurjapneet Singh,4,4,0,four,0,,,181/7
1439787,2,20,3,Rajagopal Sathish,Antony Chandrasekaran Aswin Crist,Gurjapneet Singh,0,0,0,no run,0,,,181/7
1439787,2,20,4,Rajagopal Sathish,Antony Chandrasekaran Aswin Crist,Gurjapneet Singh,1,1,0,run,0,,,182/7
1439787,2,20,5,Antony Chandrasekaran Aswin Crist,Rajagopal Sathish,Gurjapneet Singh,0,0,0,no run,0,,,182/7
1439787,2,20,6,Antony Chandrasekaran Aswin Crist,Rajagopal Sathish,Gurjapneet Singh,0,0,0,out,1,caught,Antony Chandrasekaran Aswin Crist,182/8
1439788,1,1,1,R Vimal Khumar,Shivam Singh,N Kabilan,0,0,0,no run,0,,,0/0
1439788,1,1,2,R Vimal Khumar,Shivam Singh,N Kabilan,4,4,0,four,0,,,4/0
1439788,1,1,3,R Vimal Khumar,Shivam Singh,N Kabilan,0,0,0,out,1,bowled,R Vimal Khumar,4/1
1439788,1,1,4,Baba Indrajith,Shivam Singh,N Kabilan,1,0,1,wide,0,,,5/1
1439788,1,1,5,Baba Indrajith,Shivam Singh,N Kabilan,1,0,1,wide,0,,,6/1
1439788,1,1,6,Baba Indrajith,Shivam Singh,N Kabilan,0,0,0,no run,0,,,6/1
1439788,1,1,7,Baba Indrajith,Shivam Singh,N Kabilan,2,2,0,run,0,,,8/1
1439788,1,1,8,Baba Indrajith,Shivam Singh,N Kabilan,2,2,0,run,0,,,10/1
1439788,1,2,1,Shivam Singh,Baba Indrajith,Ramsingh Sonu Yadav,0,0,0,no run,0,,,10/1
1439788,1,2,2,Shivam Singh,Baba Indrajith,Ramsingh Sonu Yadav,0,0,0,no run,0,,,10/1
1439788,1,2,3,Shivam Singh,Baba Indrajith,Ramsingh Sonu Yadav,0,0,0,no run,0,,,10/1
1439788,1,2,4,Shivam Singh,Baba Indrajith,Ramsingh Sonu Yadav,4,4,0,four,0,,,14/1
1439788,1,2,5,Shivam Singh,Baba Indrajith,Ramsingh Sonu Yadav,4,4,0,four,0,,,18/1
1439788,1,2,6,Shivam Singh,Baba Indrajith,Ramsingh Sonu Yadav,1,1,0,run,0,,,19/1
1439788,1,3,1,Shivam Singh,Baba Indrajith,N Kabilan,4,4,0,four,0,,,23/1
1439788,1,3,2,Shivam Singh,Baba Indrajith,N Kabilan,0,0,0,no run,0,,,23/1
1439788,1,3,3,Shivam Singh,Baba Indrajith,N Kabilan,0,0,0,no run,0,,,23/1
1439788,1,3,4,Shivam Singh,Baba Indrajith,N Kabilan,7,6,1,six,0,,,30/1
1439788,1,3,5,Shivam Singh,Baba Indrajith,N Kabilan,6,6,0,six,0,,,36/1
1439788,1,3,6,Shivam Singh,Baba Indrajith,N Kabilan,0,0,0,no run,0,,,36/1
1439788,1,3,7,Shivam Singh,Baba Indrajith,N Kabilan,0,0,0,no run,0,,,36/1
1439788,1,4,1,Baba Indrajith,Shivam Singh,S Mohan Prasath,0,0,0,no run,0,,,36/1
1439788,1,4,2,Baba Indrajith,Shivam Singh,S Mohan Prasath,0,0,0,no run,0,,,36/1
1439788,1,4,3,Baba Indrajith,Shivam Singh,S Mohan Prasath,1,1,0,run,0,,,37/1
1439788,1,4,4,Shivam Singh,Baba Indrajith,S Mohan Prasath,1,1,0,run,0,,,38/1
1439788,1,4,5,Baba Indrajith,Shivam Singh,S Mohan Prasath,0,0,0,no run,0,,,38/1
1439788,1,4,6,Baba Indrajith,Shivam Singh,S Mohan Prasath,1,1,0,run,0,,,39/1
1439788,1,5,1,Baba Indrajith,Shivam Singh,NS Harish,0,0,0,no run,0,,,39/1
1439788,1,5,2,Baba Indrajith,Shivam Singh,NS Harish,0,0,0,no run,0,,,39/1
1439788,1,5,3,Baba Indrajith,Shivam Singh,NS Harish,0,0,0,out,1,caught,Baba Indrajith,39/2
1439788,1,5,4,Boopathi Vaishna Kumar,Shivam Singh,NS Harish,1,1,0,run,0,,,40/2
1439788,1,5,5,Shivam Singh,Boopathi Vaishna Kumar,NS Harish,0,0,0,no run,0,,,40/2
1439788,1,5,6,Shivam Singh,Boopathi Vaishna Kumar,NS Harish,1,1,0,run,0,,,41/2
1439788,1,6,1,Shivam Singh,Boopathi Vaishna Kumar,S Mohan Prasath,0,0,0,no run,0,,,41/2
1439788,1,6,2,Shivam Singh,Boopathi Vaishna Kumar,S Mohan Prasath,0,0,0,no run,0,,,41/2
1439788,1,6,3,Shivam Singh,Boopathi Vaishna Kumar,S Mohan Prasath,0,0,0,no run,0,,,41/2
1439788,1,6,4,Shivam Singh,Boopathi Vaishna Kumar,S Mohan Prasath,0,0,0,no run,0,,,41/2
1439788,1,6,5,Shivam Singh,Boopathi Vaishna Kumar,S Mohan Prasath,0,0,0,no run,0,,,41/2
1439788,1,6,6,Shivam Singh,Boopathi Vaishna Kumar,S Mohan Prasath,1,1,0,run,0,,,42/2
1439788,1,7,1,Shivam Singh,Boopathi Vaishna Kumar,NS Harish,1,1,0,run,0,,,43/2
1439788,1,7,2,Boopathi Vaishna Kumar,Shivam Singh,NS Harish,4,4,0,four,0,,,47/2
1439788,1,7,3,Boopathi Vaishna Kumar,Shivam Singh,NS Harish,1,1,0,run,0,,,48/2
1439788,1,7,4,Shivam Singh,Boopathi Vaishna Kumar,NS Harish,1,1,0,run,0,,,49/2
1439788,1,7,5,Boopathi Vaishna Kumar,Shivam Singh,NS Harish,0,0,0,no run,0,,,49/2
1439788,1,7,6,Boopathi Vaishna Kumar,Shivam Singh,NS Harish,1,1,0,run,0,,,50/2
1439788,1,8,1,Boopathi Vaishna Kumar,Shivam Singh,Ragupathy Silambarasan,0,0,0,no run,0,,,50/2
1439788,1,8,2,Boopathi Vaishna Kumar,Shivam Singh,Ragupathy Silambarasan,0,0,0,out,1,caught,Boopathi Vaishna Kumar,50/3
1439788,1,8,3,C Sarath Kumar,Shivam Singh,Ragupathy Silambarasan,1,1,0,run,0,,,51/3
1439788,1,8,4,Shivam Singh,C Sarath Kumar,Ragupathy Silambarasan,0,0,0,no run,0,,,51/3
1439788,1,8,5,Shivam Singh,C Sarath Kumar,Ragupathy Silambarasan,1,1,0,run,0,,,52/3
1439788,1,8,6,C Sarath Kumar,Shivam Singh,Ragupathy Silambarasan,1,1,0,run,0,,,53/3
1439788,1,9,1,C Sarath Kumar,Shivam Singh,J Rohan,1,1,0,run,0,,,54/3
1439788,1,9,2,Shivam Singh,C Sarath Kumar,J Rohan,0,0,0,no run,0,,,54/3
1439788,1,9,3,Shivam Singh,C Sarath Kumar,J Rohan,6,6,0,six,0,,,60/3
1439788,1,9,4,Shivam Singh,C Sarath Kumar,J Rohan,0,0,0,no run,0,,,60/3
1439788,1,9,5,Shivam Singh,C Sarath Kumar,J Rohan,0,0,0,no run,0,,,60/3
1439788,1,9,6,Shivam Singh,C Sarath Kumar,J Rohan,0,0,0,no run,0,,,60/3
1439788,1,10,1,C Sarath Kumar,Shivam Singh,Ragupathy Silambarasan,0,0,0,no run,0,,,60/3
1439788,1,10,2,C Sarath Kumar,Shivam Singh,Ragupathy Silambarasan,4,4,0,four,0,,,64/3
1439788,1,10,3,C Sarath Kumar,Shivam Singh,Ragupathy Silambarasan,1,1,0,run,0,,,65/3
1439788,1,10,4,Shivam Singh,C Sarath Kumar,Ragupathy Silambarasan,1,1,0,run,0,,,66/3
1439788,1,10,5,C Sarath Kumar,Shivam Singh,Ragupathy Silambarasan,1,1,0,run,0,,,67/3
1439788,1,10,6,Shivam Singh,C Sarath Kumar,Ragupathy Silambarasan,1,1,0,run,0,,,68/3
1439788,1,11,1,Shivam Singh,C Sarath Kumar,NS Harish,0,0,0,no run,0,,,68/3
1439788,1,11,2,Shivam Singh,C Sarath Kumar,NS Harish,1,1,0,run,0,,,69/3
1439788,1,11,3,C Sarath Kumar,Shivam Singh,NS Harish,0,0,0,out,1,run out,C Sarath Kumar,69/4
1439788,1,11,4,Shivam Singh,S Dinesh Raj,NS Harish,0,0,0,no run,0,,,69/4
1439788,1,11,5,Shivam Singh,S Dinesh Raj,NS Harish,4,4,0,four,0,,,73/4
1439788,1,11,6,Shivam Singh,S Dinesh Raj,NS Harish,1,1,0,run,0,,,74/4
1439788,1,12,1,Shivam Singh,S Dinesh Raj,J Rohan,1,1,0,run,0,,,75/4
1439788,1,12,2,S Dinesh Raj,Shivam Singh,J Rohan,2,1,1,run,0,,,77/4
1439788,1,12,3,Shivam Singh,S Dinesh Raj,J Rohan,6,6,0,six,0,,,83/4
1439788,1,12,4,Shivam Singh,S Dinesh Raj,J Rohan,1,1,0,run,0,,,84/4
1439788,1,12,5,S Dinesh Raj,Shivam Singh,J Rohan,0,0,0,out,1,bowled,S Dinesh Raj,84/5
1439788,1,12,6,Varun Chakravarthy Vinod,Shivam Singh,J Rohan,0,0,0,no run,0,,,84/5
1439788,1,12,7,Varun Chakravarthy Vinod,Shivam Singh,J Rohan,1,1,0,run,0,,,85/5
1439788,1,13,1,Varun Chakravarthy Vinod,Shivam Singh,S Mohan Prasath,1,1,0,run,0,,,86/5
1439788,1,13,2,Shivam Singh,Varun Chakravarthy Vinod,S Mohan Prasath,1,1,0,run,0,,,87/5
1439788,1,13,3,Varun Chakravarthy Vinod,Shivam Singh,S Mohan Prasath,1,1,0,run,0,,,88/5
1439788,1,13,4,Shivam Singh,Varun Chakravarthy Vinod,S Mohan Prasath,0,0,0,no run,0,,,88/5
1439788,1,13,5,Shivam Singh,Varun Chakravarthy Vinod,S Mohan Prasath,1,1,0,run,0,,,89/5
1439788,1,13,6,Varun Chakravarthy Vinod,Shivam Singh,S Mohan Prasath,1,1,0,run,0,,,90/5
1439788,1,14,1,Varun Chakravarthy Vinod,Shivam Singh,Ramsingh Sonu Yadav,4,4,0,four,0,,,94/5
1439788,1,14,2,Varun Chakravarthy Vinod,Shivam Singh,Ramsingh Sonu Yadav,1,1,0,run,0,,,95/5
1439788,1,14,3,Shivam Singh,Varun Chakravarthy Vinod,Ramsingh Sonu Yadav,1,1,0,run,0,,,96/5
1439788,1,14,4,Varun Chakravarthy Vinod,Shivam Singh,Ramsingh Sonu Yadav,0,0,0,out,1,run out,Varun Chakravarthy Vinod,96/6
1439788,1,14,5,Shivam Singh,Ravichandran Ashwin,Ramsingh Sonu Yadav,1,0,1,wide,0,,,97/6
1439788,1,14,6,Shivam Singh,Ravichandran Ashwin,Ramsingh Sonu Yadav,0,0,0,no run,0,,,97/6
1439788,1,14,7,Shivam Singh,Ravichandran Ashwin,Ramsingh Sonu Yadav,1,1,0,run,0,,,98/6
1439788,1,15,1,Shivam Singh,Ravichandran Ashwin,S Mohan Prasath,0,0,0,no run,0,,,98/6
1439788,1,15,2,Shivam Singh,Ravichandran Ashwin,S Mohan Prasath,1,1,0,run,0,,,99/6
1439788,1,15,3,Ravichandran Ashwin,Shivam Singh,S Mohan Prasath,1,1,0,run,0,,,100/6
1439788,1,15,4,Shivam Singh,Ravichandran Ashwin,S Mohan Prasath,1,1,0,run,0,,,101/6
1439788,1,15,5,Ravichandran Ashwin,Shivam Singh,S Mohan Prasath,1,1,0,run,0,,,102/6
1439788,1,15,6,Shivam Singh,Ravichandran Ashwin,S Mohan Prasath,1,1,0,run,0,,,103/6
1439788,1,16,1,Shivam Singh,Ravichandran Ashwin,NS Harish,1,1,0,run,0,,,104/6
1439788,1,16,2,Ravichandran Ashwin,Shivam Singh,NS Harish,1,1,0,run,0,,,105/6
1439788,1,16,3,Shivam Singh,Ravichandran Ashwin,NS Harish,1,1,0,run,0,,,106/6
1439788,1,16,4,Ravichandran Ashwin,Shivam Singh,NS Harish,1,1,0,run,0,,,107/6
1439788,1,16,5,Shivam Singh,Ravichandran Ashwin,NS Harish,1,1,0,run,0,,,108/6
1439788,1,16,6,Ravichandran Ashwin,Shivam Singh,NS Harish,1,1,0,run,0,,,109/6
1439788,1,17,1,Ravichandran Ashwin,Shivam Singh,J Rohan,0,0,0,no run,0,,,109/6
1439788,1,17,2,Ravichandran Ashwin,Shivam Singh,J Rohan,1,1,0,run,0,,,110/6
1439788,1,17,3,Shivam Singh,Ravichandran Ashwin,J Rohan,1,1,0,run,0,,,111/6
1439788,1,17,4,Ravichandran Ashwin,Shivam Singh,J Rohan,1,1,0,run,0,,,112/6
1439788,1,17,5,Shivam Singh,Ravichandran Ashwin,J Rohan,0,0,0,no run,0,,,112/6
1439788,1,17,6,Shivam Singh,Ravichandran Ashwin,J Rohan,6,6,0,six,0,,,118/6
1439788,1,18,1,Ravichandran Ashwin,Shivam Singh,Ramsingh Sonu Yadav,1,1,0,run,0,,,119/6
1439788,1,18,2,Shivam Singh,Ravichandran Ashwin,Ramsingh Sonu Yadav,0,0,0,no run,0,,,119/6
1439788,1,18,3,Shivam Singh,Ravichandran Ashwin,Ramsingh Sonu Yadav,0,0,0,out,1,bowled,Shivam Singh,119/7
1439788,1,18,4,Subodh Bhati,Ravichandran Ashwin,Ramsingh Sonu Yadav,1,1,0,run,0,,,120/7
1439788,1,18,5,Ravichandran Ashwin,Subodh Bhati,Ramsingh Sonu Yadav,1,1,0,run,0,,,121/7
1439788,1,18,6,Subodh Bhati,Ravichandran Ashwin,Ramsingh Sonu Yadav,0,0,0,no run,0,,,121/7
1439788,1,19,1,Ravichandran Ashwin,Subodh Bhati,Ragupathy Silambarasan,1,1,0,run,0,,,122/7
1439788,1,19,2,Subodh Bhati,Ravichandran Ashwin,Ragupathy Silambarasan,4,4,0,four,0,,,126/7
1439788,1,19,3,Subodh Bhati,Ravichandran Ashwin,Ragupathy Silambarasan,0,0,0,out,1,run out,Subodh Bhati,126/8
1439788,1,19,4,Ravichandran Ashwin,VP Diran,Ragupathy Silambarasan,1,1,0,run,0,,,127/8
1439788,1,19,5,VP Diran,Ravichandran Ashwin,Ragupathy Silambarasan,1,1,0,run,0,,,128/8
1439788,1,19,6,Ravichandran Ashwin,VP Diran,Ragupathy Silambarasan,1,0,1,wide,0,,,129/8
1439788,1,19,7,Ravichandran Ashwin,VP Diran,Ragupathy Silambarasan,4,4,0,four,0,,,133/8
1439788,1,20,1,VP Diran,Ravichandran Ashwin,Ramsingh Sonu Yadav,0,0,0,out,1,run out,Ravichandran Ashwin,133/9
1439788,1,20,2,P Vignesh,VP Diran,Ramsingh Sonu Yadav,1,0,1,wide,0,,,134/9
1439788,1,20,3,P Vignesh,VP Diran,Ramsingh Sonu Yadav,1,1,0,run,0,,,135/9
1439788,1,20,4,VP Diran,P Vignesh,Ramsingh Sonu Yadav,1,1,0,run,0,,,136/9
1439788,1,20,5,P Vignesh,VP Diran,Ramsingh Sonu Yadav,0,0,0,out,1,bowled,P Vignesh,136/10
1439788,2,1,1,Konda Bhaskir Arun Karthik,Laxmesha Suryaprakash,Sankarankutty Sandeep Warrier,0,0,0,no run,0,,,0/0
1439788,2,1,2,Konda Bhaskir Arun Karthik,Laxmesha Suryaprakash,Sankarankutty Sandeep Warrier,0,0,0,no run,0,,,0/0
1439788,2,1,3,Konda Bhaskir Arun Karthik,Laxmesha Suryaprakash,Sankarankutty Sandeep Warrier,1,1,0,run,0,,,1/0
1439788,2,1,4,Laxmesha Suryaprakash,Konda Bhaskir Arun Karthik,Sankarankutty Sandeep Warrier,0,0,0,no run,0,,,1/0
1439788,2,1,5,Laxmesha Suryaprakash,Konda Bhaskir Arun Karthik,Sankarankutty Sandeep Warrier,0,0,0,no run,0,,,1/0
1439788,2,1,6,Laxmesha Suryaprakash,Konda Bhaskir Arun Karthik,Sankarankutty Sandeep Warrier,0,0,0,no run,0,,,1/0
1439788,2,2,1,Konda Bhaskir Arun Karthik,Laxmesha Suryaprakash,VP Diran,4,4,0,four,0,,,5/0
1439788,2,2,2,Konda Bhaskir Arun Karthik,Laxmesha Suryaprakash,VP Diran,4,4,0,four,0,,,9/0
1439788,2,2,3,Konda Bhaskir Arun Karthik,Laxmesha Suryaprakash,VP Diran,4,0,4,leg bye,0,,,13/0
1439788,2,2,4,Konda Bhaskir Arun Karthik,Laxmesha Suryaprakash,VP Diran,6,6,0,six,0,,,19/0
1439788,2,2,5,Konda Bhaskir Arun Karthik,Laxmesha Suryaprakash,VP Diran,1,1,0,run,0,,,20/0
1439788,2,2,6,Laxmesha Suryaprakash,Konda Bhaskir Arun Karthik,VP Diran,0,0,0,out,1,caught,Laxmesha Suryaprakash,20/1
1439788,2,3,1,Konda Bhaskir Arun Karthik,Guruswamy Ajitesh,Sankarankutty Sandeep Warrier,0,0,0,no run,0,,,20/1
1439788,2,3,2,Konda Bhaskir Arun Karthik,Guruswamy Ajitesh,Sankarankutty Sandeep Warrier,0,0,0,no run,0,,,20/1
1439788,2,3,3,Konda Bhaskir Arun Karthik,Guruswamy Ajitesh,Sankarankutty Sandeep Warrier,0,0,0,no run,0,,,20/1
1439788,2,3,4,Konda Bhaskir Arun Karthik,Guruswamy Ajitesh,Sankarankutty Sandeep Warrier,1,1,0,run,0,,,21/1
1439788,2,3,5,Guruswamy Ajitesh,Konda Bhaskir Arun Karthik,Sankarankutty Sandeep Warrier,1,0,1,wide,0,,,22/1
1439788,2,3,6,Guruswamy Ajitesh,Konda Bhaskir Arun Karthik,Sankarankutty Sandeep Warrier,4,4,0,four,0,,,26/1
1439788,2,3,7,Guruswamy Ajitesh,Konda Bhaskir Arun Karthik,Sankarankutty Sandeep Warrier,0,0,0,no run,0,,,26/1
1439788,2,4,1,Konda Bhaskir Arun Karthik,Guruswamy Ajitesh,P Vignesh,6,6,0,six,0,,,32/1
1439788,2,4,2,Konda Bhaskir Arun Karthik,Guruswamy Ajitesh,P Vignesh,1,1,0,run,0,,,33/1
1439788,2,4,3,Guruswamy Ajitesh,Konda Bhaskir Arun Karthik,P Vignesh,1,1,0,run,0,,,34/1
1439788,2,4,4,Konda Bhaskir Arun Karthik,Guruswamy Ajitesh,P Vignesh,2,2,0,run,0,,,36/1
1439788,2,4,5,Konda Bhaskir Arun Karthik,Guruswamy Ajitesh,P Vignesh,2,2,0,run,0,,,38/1
1439788,2,4,6,Konda Bhaskir Arun Karthik,Guruswamy Ajitesh,P Vignesh,1,1,0,run,0,,,39/1
1439788,2,5,1,Konda Bhaskir Arun Karthik,Guruswamy Ajitesh,Varun Chakravarthy Vinod,1,1,0,run,0,,,40/1
1439788,2,5,2,Guruswamy Ajitesh,Konda Bhaskir Arun Karthik,Varun Chakravarthy Vinod,1,1,0,run,0,,,41/1
1439788,2,5,3,Konda Bhaskir Arun Karthik,Guruswamy Ajitesh,Varun Chakravarthy Vinod,1,1,0,run,0,,,42/1
1439788,2,5,4,Guruswamy Ajitesh,Konda Bhaskir Arun Karthik,Varun Chakravarthy Vinod,2,2,0,run,0,,,44/1
1439788,2,5,5,Guruswamy Ajitesh,Konda Bhaskir Arun Karthik,Varun Chakravarthy Vinod,0,0,0,no run,0,,,44/1
1439788,2,5,6,Guruswamy Ajitesh,Konda Bhaskir Arun Karthik,Varun Chakravarthy Vinod,1,1,0,run,0,,,45/1
1439788,2,6,1,Guruswamy Ajitesh,Konda Bhaskir Arun Karthik,Subodh Bhati,0,0,0,no run,0,,,45/1
1439788,2,6,2,Guruswamy Ajitesh,Konda Bhaskir Arun Karthik,Subodh Bhati,4,4,0,four,0,,,49/1
1439788,2,6,3,Guruswamy Ajitesh,Konda Bhaskir Arun Karthik,Subodh Bhati,1,0,1,wide,0,,,50/1
1439788,2,6,4,Guruswamy Ajitesh,Konda Bhaskir Arun Karthik,Subodh Bhati,0,0,0,no run,0,,,50/1
1439788,2,6,5,Guruswamy Ajitesh,Konda Bhaskir Arun Karthik,Subodh Bhati,1,1,0,run,0,,,51/1
1439788,2,6,6,Konda Bhaskir Arun Karthik,Guruswamy Ajitesh,Subodh Bhati,4,4,0,four,0,,,55/1
1439788,2,6,7,Konda Bhaskir Arun Karthik,Guruswamy Ajitesh,Subodh Bhati,1,1,0,run,0,,,56/1
1439788,2,7,1,Konda Bhaskir Arun Karthik,Guruswamy Ajitesh,Ravichandran Ashwin,1,1,0,run,0,,,57/1
1439788,2,7,2,Guruswamy Ajitesh,Konda Bhaskir Arun Karthik,Ravichandran Ashwin,4,0,4,bye,0,,,61/1
1439788,2,7,3,Guruswamy Ajitesh,Konda Bhaskir Arun Karthik,Ravichandran Ashwin,1,1,0,run,0,,,62/1
1439788,2,7,4,Konda Bhaskir Arun Karthik,Guruswamy Ajitesh,Ravichandran Ashwin,0,0,0,no run,0,,,62/1
1439788,2,7,5,Konda Bhaskir Arun Karthik,Guruswamy Ajitesh,Ravichandran Ashwin,0,0,0,no run,0,,,62/1
1439788,2,7,6,Konda Bhaskir Arun Karthik,Guruswamy Ajitesh,Ravichandran Ashwin,1,1,0,run,0,,,63/1
1439788,2,8,1,Konda Bhaskir Arun Karthik,Guruswamy Ajitesh,P Vignesh,1,1,0,run,0,,,64/1
1439788,2,8,2,Guruswamy Ajitesh,Konda Bhaskir Arun Karthik,P Vignesh,1,1,0,run,0,,,65/1
1439788,2,8,3,Konda Bhaskir Arun Karthik,Guruswamy Ajitesh,P Vignesh,0,0,0,no run,0,,,65/1
1439788,2,8,4,Konda Bhaskir Arun Karthik,Guruswamy Ajitesh,P Vignesh,6,6,0,six,0,,,71/1
1439788,2,8,5,Konda Bhaskir Arun Karthik,Guruswamy Ajitesh,P Vignesh,0,0,0,no run,0,,,71/1
1439788,2,8,6,Konda Bhaskir Arun Karthik,Guruswamy Ajitesh,P Vignesh,0,0,0,out,1,leg before wicket,Konda Bhaskir Arun Karthik,71/2
1439788,2,9,1,Guruswamy Ajitesh,Nidhish S Rajagopal,Ravichandran Ashwin,1,1,0,run,0,,,72/2
1439788,2,9,2,Nidhish S Rajagopal,Guruswamy Ajitesh,Ravichandran Ashwin,0,0,0,out,1,caught,Nidhish S Rajagopal,72/3
1439788,2,9,3,S Rithik Easwaran,Guruswamy Ajitesh,Ravichandran Ashwin,0,0,0,no run,0,,,72/3
1439788,2,9,4,S Rithik Easwaran,Guruswamy Ajitesh,Ravichandran Ashwin,1,1,0,run,0,,,73/3
1439788,2,9,5,Guruswamy Ajitesh,S Rithik Easwaran,Ravichandran Ashwin,0,0,0,no run,0,,,73/3
1439788,2,9,6,Guruswamy Ajitesh,S Rithik Easwaran,Ravichandran Ashwin,0,0,0,no run,0,,,73/3
1439788,2,10,1,S Rithik Easwaran,Guruswamy Ajitesh,P Vignesh,1,1,0,run,0,,,74/3
1439788,2,10,2,Guruswamy Ajitesh,S Rithik Easwaran,P Vignesh,2,2,0,run,0,,,76/3
1439788,2,10,3,Guruswamy Ajitesh,S Rithik Easwaran,P Vignesh,0,0,0,no run,0,,,76/3
1439788,2,10,4,Guruswamy Ajitesh,S Rithik Easwaran,P Vignesh,0,0,0,no run,0,,,76/3
1439788,2,10,5,Guruswamy Ajitesh,S Rithik Easwaran,P Vignesh,0,0,0,no run,0,,,76/3
1439788,2,10,6,Guruswamy Ajitesh,S Rithik Easwaran,P Vignesh,0,0,0,no run,0,,,76/3
1439788,2,11,1,S Rithik Easwaran,Guruswamy Ajitesh,Ravichandran Ashwin,0,0,0,out,1,leg before wicket,S Rithik Easwaran,76/4
1439788,2,11,2,Ramsingh Sonu Yadav,Guruswamy Ajitesh,Ravichandran Ashwin,0,0,0,no run,0,,,76/4
1439788,2,11,3,Ramsingh Sonu Yadav,Guruswamy Ajitesh,Ravichandran Ashwin,1,1,0,run,0,,,77/4
1439788,2,11,4,Guruswamy Ajitesh,Ramsingh Sonu Yadav,Ravichandran Ashwin,1,1,0,run,0,,,78/4
1439788,2,11,5,Ramsingh Sonu Yadav,Guruswamy Ajitesh,Ravichandran Ashwin,1,1,0,run,0,,,79/4
1439788,2,11,6,Guruswamy Ajitesh,Ramsingh Sonu Yadav,Ravichandran Ashwin,4,4,0,four,0,,,83/4
1439788,2,12,1,Ramsingh Sonu Yadav,Guruswamy Ajitesh,P Vignesh,6,6,0,six,0,,,89/4
1439788,2,12,2,Ramsingh Sonu Yadav,Guruswamy Ajitesh,P Vignesh,1,1,0,run,0,,,90/4
1439788,2,12,3,Guruswamy Ajitesh,Ramsingh Sonu Yadav,P Vignesh,0,0,0,no run,0,,,90/4
1439788,2,12,4,Guruswamy Ajitesh,Ramsingh Sonu Yadav,P Vignesh,2,2,0,run,0,,,92/4
1439788,2,12,5,Guruswamy Ajitesh,Ramsingh Sonu Yadav,P Vignesh,1,1,0,run,0,,,93/4
1439788,2,12,6,Ramsingh Sonu Yadav,Guruswamy Ajitesh,P Vignesh,6,6,0,six,0,,,99/4
1439788,2,13,1,Guruswamy Ajitesh,Ramsingh Sonu Yadav,Varun Chakravarthy Vinod,1,1,0,run,0,,,100/4
1439788,2,13,2,Ramsingh Sonu Yadav,Guruswamy Ajitesh,Varun Chakravarthy Vinod,0,0,0,no run,0,,,100/4
1439788,2,13,3,Ramsingh Sonu Yadav,Guruswamy Ajitesh,Varun Chakravarthy Vinod,0,0,0,out,1,caught,Ramsingh Sonu Yadav,100/5
1439788,2,13,4,NS Harish,Guruswamy Ajitesh,Varun Chakravarthy Vinod,0,0,0,no run,0,,,100/5
1439788,2,13,5,NS Harish,Guruswamy Ajitesh,Varun Chakravarthy Vinod,0,0,0,no run,0,,,100/5
1439788,2,13,6,NS Harish,Guruswamy Ajitesh,Varun Chakravarthy Vinod,0,0,0,no run,0,,,100/5
1439788,2,14,1,Guruswamy Ajitesh,NS Harish,Subodh Bhati,1,1,0,run,0,,,101/5
1439788,2,14,2,NS Harish,Guruswamy Ajitesh,Subodh Bhati,0,0,0,no run,0,,,101/5
1439788,2,14,3,NS Harish,Guruswamy Ajitesh,Subodh Bhati,1,1,0,run,0,,,102/5
1439788,2,14,4,Guruswamy Ajitesh,NS Harish,Subodh Bhati,1,1,0,run,0,,,103/5
1439788,2,14,5,NS Harish,Guruswamy Ajitesh,Subodh Bhati,0,0,0,no run,0,,,103/5
1439788,2,14,6,NS Harish,Guruswamy Ajitesh,Subodh Bhati,6,6,0,six,0,,,109/5
1439788,2,15,1,Guruswamy Ajitesh,NS Harish,Varun Chakravarthy Vinod,1,1,0,run,0,,,110/5
1439788,2,15,2,NS Harish,Guruswamy Ajitesh,Varun Chakravarthy Vinod,4,4,0,four,0,,,114/5
1439788,2,15,3,NS Harish,Guruswamy Ajitesh,Varun Chakravarthy Vinod,1,1,0,run,0,,,115/5
1439788,2,15,4,Guruswamy Ajitesh,NS Harish,Varun Chakravarthy Vinod,1,1,0,run,0,,,116/5
1439788,2,15,5,NS Harish,Guruswamy Ajitesh,Varun Chakravarthy Vinod,0,0,0,no run,0,,,116/5
1439788,2,15,6,NS Harish,Guruswamy Ajitesh,Varun Chakravarthy Vinod,0,0,0,no run,0,,,116/5
1439788,2,16,1,Guruswamy Ajitesh,NS Harish,Ravichandran Ashwin,0,0,0,no run,0,,,116/5
1439788,2,16,2,Guruswamy Ajitesh,NS Harish,Ravichandran Ashwin,0,0,0,no run,0,,,116/5
1439788,2,16,3,Guruswamy Ajitesh,NS Harish,Ravichandran Ashwin,1,1,0,run,0,,,117/5
1439788,2,16,4,NS Harish,Guruswamy Ajitesh,Ravichandran Ashwin,6,6,0,six,0,,,123/5
1439788,2,16,5,NS Harish,Guruswamy Ajitesh,Ravichandran Ashwin,4,4,0,four,0,,,127/5
1439788,2,16,6,NS Harish,Guruswamy Ajitesh,Ravichandran Ashwin,0,0,0,no run,0,,,127/5
1439788,2,17,1,Guruswamy Ajitesh,NS Harish,Varun Chakravarthy Vinod,1,1,0,run,0,,,128/5
1439788,2,17,2,NS Harish,Guruswamy Ajitesh,Varun Chakravarthy Vinod,0,0,0,out,1,caught,NS Harish,128/6
1439788,2,17,3,SJ Arun Kumar,Guruswamy Ajitesh,Varun Chakravarthy Vinod,0,0,0,no run,0,,,128/6
1439788,2,17,4,SJ Arun Kumar,Guruswamy Ajitesh,Varun Chakravarthy Vinod,0,0,0,no run,0,,,128/6
1439788,2,17,5,SJ Arun Kumar,Guruswamy Ajitesh,Varun Chakravarthy Vinod,0,0,0,no run,0,,,128/6
1439788,2,17,6,SJ Arun Kumar,Guruswamy Ajitesh,Varun Chakravarthy Vinod,0,0,0,no run,0,,,128/6
1439788,2,18,1,Guruswamy Ajitesh,SJ Arun Kumar,Sankarankutty Sandeep Warrier,1,1,0,run,0,,,129/6
1439788,2,18,2,SJ Arun Kumar,Guruswamy Ajitesh,Sankarankutty Sandeep Warrier,0,0,0,no run,0,,,129/6
1439788,2,18,3,SJ Arun Kumar,Guruswamy Ajitesh,Sankarankutty Sandeep Warrier,1,0,1,leg bye,0,,,130/6
1439788,2,18,4,Guruswamy Ajitesh,SJ Arun Kumar,Sankarankutty Sandeep Warrier,4,4,0,four,0,,,134/6
1439788,2,18,5,Guruswamy Ajitesh,SJ Arun Kumar,Sankarankutty Sandeep Warrier,4,4,0,four,0,,,138/6
1439789,1,1,1,VP Amit Sathvik,Tushar Raheja,K Gowtham Thamarai Kannan,1,1,0,run,0,,,1/0
1439789,1,1,2,Tushar Raheja,VP Amit Sathvik,K Gowtham Thamarai Kannan,4,4,0,four,0,,,5/0
1439789,1,1,3,Tushar Raheja,VP Amit Sathvik,K Gowtham Thamarai Kannan,6,6,0,six,0,,,11/0
1439789,1,1,4,Tushar Raheja,VP Amit Sathvik,K Gowtham Thamarai Kannan,0,0,0,no run,0,,,11/0
1439789,1,1,5,Tushar Raheja,VP Amit Sathvik,K Gowtham Thamarai Kannan,4,4,0,four,0,,,15/0
1439789,1,1,6,Tushar Raheja,VP Amit Sathvik,K Gowtham Thamarai Kannan,0,0,0,no run,0,,,15/0
1439789,1,2,1,VP Amit Sathvik,Tushar Raheja,Manimaran Siddharth,0,0,0,no run,0,,,15/0
1439789,1,2,2,VP Amit Sathvik,Tushar Raheja,Manimaran Siddharth,1,1,0,run,0,,,16/0
1439789,1,2,3,Tushar Raheja,VP Amit Sathvik,Manimaran Siddharth,0,0,0,no run,0,,,16/0
1439789,1,2,4,Tushar Raheja,VP Amit Sathvik,Manimaran Siddharth,1,1,0,run,0,,,17/0
1439789,1,2,5,VP Amit Sathvik,Tushar Raheja,Manimaran Siddharth,1,0,1,wide,0,,,18/0
1439789,1,2,6,VP Amit Sathvik,Tushar Raheja,Manimaran Siddharth,0,0,0,no run,0,,,18/0
1439789,1,2,7,VP Amit Sathvik,Tushar Raheja,Manimaran Siddharth,1,1,0,run,0,,,19/0
1439789,1,3,1,VP Amit Sathvik,Tushar Raheja,K Gowtham Thamarai Kannan,0,0,0,no run,0,,,19/0
1439789,1,3,2,VP Amit Sathvik,Tushar Raheja,K Gowtham Thamarai Kannan,1,1,0,run,0,,,20/0
1439789,1,3,3,Tushar Raheja,VP Amit Sathvik,K Gowtham Thamarai Kannan,4,4,0,four,0,,,24/0
1439789,1,3,4,Tushar Raheja,VP Amit Sathvik,K Gowtham Thamarai Kannan,0,0,0,no run,0,,,24/0
1439789,1,3,5,Tushar Raheja,VP Amit Sathvik,K Gowtham Thamarai Kannan,4,4,0,four,0,,,28/0
1439789,1,3,6,Tushar Raheja,VP Amit Sathvik,K Gowtham Thamarai Kannan,6,6,0,six,0,,,34/0
1439789,1,4,1,VP Amit Sathvik,Tushar Raheja,Manimaran Siddharth,1,1,0,run,0,,,35/0
1439789,1,4,2,Tushar Raheja,VP Amit Sathvik,Manimaran Siddharth,1,1,0,run,0,,,36/0
1439789,1,4,3,VP Amit Sathvik,Tushar Raheja,Manimaran Siddharth,2,2,0,run,0,,,38/0
1439789,1,4,4,VP Amit Sathvik,Tushar Raheja,Manimaran Siddharth,0,0,0,no run,0,,,38/0
1439789,1,4,5,VP Amit Sathvik,Tushar Raheja,Manimaran Siddharth,1,1,0,run,0,,,39/0
1439789,1,4,6,Tushar Raheja,VP Amit Sathvik,Manimaran Siddharth,4,4,0,four,0,,,43/0
1439789,1,5,1,VP Amit Sathvik,Tushar Raheja,Masood Shahrukh Khan,0,0,0,no run,0,,,43/0
1439789,1,5,2,VP Amit Sathvik,Tushar Raheja,Masood Shahrukh Khan,6,6,0,six,0,,,49/0
1439789,1,5,3,VP Amit Sathvik,Tushar Raheja,Masood Shahrukh Khan,1,1,0,run,0,,,50/0
1439789,1,5,4,Tushar Raheja,VP Amit Sathvik,Masood Shahrukh Khan,4,4,0,four,0,,,54/0
1439789,1,5,5,Tushar Raheja,VP Amit Sathvik,Masood Shahrukh Khan,1,1,0,run,0,,,55/0
1439789,1,5,6,VP Amit Sathvik,Tushar Raheja,Masood Shahrukh Khan,0,0,0,no run,0,,,55/0
1439789,1,6,1,Tushar Raheja,VP Amit Sathvik,M Mohammed,1,1,0,run,0,,,56/0
1439789,1,6,2,VP Amit Sathvik,Tushar Raheja,M Mohammed,1,1,0,run,0,,,57/0
1439789,1,6,3,Tushar Raheja,VP Amit Sathvik,M Mohammed,1,1,0,run,0,,,58/0
1439789,1,6,4,VP Amit Sathvik,Tushar Raheja,M Mohammed,0,0,0,no run,0,,,58/0
1439789,1,6,5,VP Amit Sathvik,Tushar Raheja,M Mohammed,1,1,0,run,0,,,59/0
1439789,1,6,6,Tushar Raheja,VP Amit Sathvik,M Mohammed,0,0,0,no run,0,,,59/0
1439789,1,7,1,VP Amit Sathvik,Tushar Raheja,Jhathavedh Subramanyan,1,1,0,run,0,,,60/0
1439789,1,7,2,Tushar Raheja,VP Amit Sathvik,Jhathavedh Subramanyan,4,4,0,four,0,,,64/0
1439789,1,7,3,Tushar Raheja,VP Amit Sathvik,Jhathavedh Subramanyan,0,0,0,no run,0,,,64/0
1439789,1,7,4,Tushar Raheja,VP Amit Sathvik,Jhathavedh Subramanyan,1,1,0,run,0,,,65/0
1439789,1,7,5,VP Amit Sathvik,Tushar Raheja,Jhathavedh Subramanyan,0,0,0,no run,0,,,65/0
1439789,1,7,6,VP Amit Sathvik,Tushar Raheja,Jhathavedh Subramanyan,6,6,0,six,0,,,71/0
1439789,1,8,1,Tushar Raheja,VP Amit Sathvik,Masood Shahrukh Khan,1,1,0,run,0,,,72/0
1439789,1,8,2,VP Amit Sathvik,Tushar Raheja,Masood Shahrukh Khan,6,6,0,six,0,,,78/0
1439789,1,8,3,VP Amit Sathvik,Tushar Raheja,Masood Shahrukh Khan,1,1,0,run,0,,,79/0
1439789,1,8,4,Tushar Raheja,VP Amit Sathvik,Masood Shahrukh Khan,1,1,0,run,0,,,80/0
1439789,1,8,5,VP Amit Sathvik,Tushar Raheja,Masood Shahrukh Khan,1,1,0,run,0,,,81/0
1439789,1,8,6,Tushar Raheja,VP Amit Sathvik,Masood Shahrukh Khan,0,0,0,no run,0,,,81/0
1439789,1,9,1,VP Amit Sathvik,Tushar Raheja,Jhathavedh Subramanyan,6,6,0,six,0,,,87/0
1439789,1,9,2,VP Amit Sathvik,Tushar Raheja,Jhathavedh Subramanyan,0,0,0,no run,0,,,87/0
1439789,1,9,3,VP Amit Sathvik,Tushar Raheja,Jhathavedh Subramanyan,6,6,0,six,0,,,93/0
1439789,1,9,4,VP Amit Sathvik,Tushar Raheja,Jhathavedh Subramanyan,1,1,0,run,0,,,94/0
1439789,1,9,5,Tushar Raheja,VP Amit Sathvik,Jhathavedh Subramanyan,1,1,0,run,0,,,95/0
1439789,1,9,6,VP Amit Sathvik,Tushar Raheja,Jhathavedh Subramanyan,0,0,0,no run,0,,,95/0
1439789,1,10,1,Tushar Raheja,VP Amit Sathvik,Valliappan Yudheeswaran,0,0,0,no run,0,,,95/0
1439789,1,10,2,Tushar Raheja,VP Amit Sathvik,Valliappan Yudheeswaran,4,4,0,four,0,,,99/0
1439789,1,10,3,Tushar Raheja,VP Amit Sathvik,Valliappan Yudheeswaran,0,0,0,no run,0,,,99/0
1439789,1,10,4,Tushar Raheja,VP Amit Sathvik,Valliappan Yudheeswaran,1,1,0,run,0,,,100/0
1439789,1,10,5,VP Amit Sathvik,Tushar Raheja,Valliappan Yudheeswaran,0,0,0,no run,0,,,100/0
1439789,1,10,6,VP Amit Sathvik,Tushar Raheja,Valliappan Yudheeswaran,4,4,0,four,0,,,104/0
1439789,1,11,1,Tushar Raheja,VP Amit Sathvik,Manimaran Siddharth,0,0,0,no run,0,,,104/0
1439789,1,11,2,Tushar Raheja,VP Amit Sathvik,Manimaran Siddharth,1,1,0,run,0,,,105/0
1439789,1,11,3,VP Amit Sathvik,Tushar Raheja,Manimaran Siddharth,0,0,0,out,1,run out,Tushar Raheja,105/1
1439789,1,11,4,Balchander Anirudh,VP Amit Sathvik,Manimaran Siddharth,2,0,2,leg bye,0,,,107/1
1439789,1,11,5,Balchander Anirudh,VP Amit Sathvik,Manimaran Siddharth,0,0,0,no run,0,,,107/1
1439789,1,11,6,Balchander Anirudh,VP Amit Sathvik,Manimaran Siddharth,4,4,0,four,0,,,111/1
1439789,1,12,1,VP Amit Sathvik,Balchander Anirudh,M Mohammed,0,0,0,no run,0,,,111/1
1439789,1,12,2,VP Amit Sathvik,Balchander Anirudh,M Mohammed,1,1,0,run,0,,,112/1
1439789,1,12,3,Balchander Anirudh,VP Amit Sathvik,M Mohammed,0,0,0,no run,0,,,112/1
1439789,1,12,4,Balchander Anirudh,VP Amit Sathvik,M Mohammed,0,0,0,no run,0,,,112/1
1439789,1,12,5,Balchander Anirudh,VP Amit Sathvik,M Mohammed,1,1,0,run,0,,,113/1
1439789,1,12,6,VP Amit Sathvik,Balchander Anirudh,M Mohammed,1,1,0,run,0,,,114/1
1439789,1,13,1,VP Amit Sathvik,Balchander Anirudh,Manimaran Siddharth,1,1,0,run,0,,,115/1
1439789,1,13,2,Balchander Anirudh,VP Amit Sathvik,Manimaran Siddharth,0,0,0,no run,0,,,115/1
1439789,1,13,3,Balchander Anirudh,VP Amit Sathvik,Manimaran Siddharth,6,6,0,six,0,,,121/1
1439789,1,13,4,Balchander Anirudh,VP Amit Sathvik,Manimaran Siddharth,1,1,0,run,0,,,122/1
1439789,1,13,5,VP Amit Sathvik,Balchander Anirudh,Manimaran Siddharth,2,2,0,run,0,,,124/1
1439789,1,13,6,VP Amit Sathvik,Balchander Anirudh,Manimaran Siddharth,0,0,0,no run,0,,,124/1
1439789,1,14,1,Balchander Anirudh,VP Amit Sathvik,Masood Shahrukh Khan,1,1,0,run,0,,,125/1
1439789,1,14,2,VP Amit Sathvik,Balchander Anirudh,Masood Shahrukh Khan,1,1,0,run,0,,,126/1
1439789,1,14,3,Balchander Anirudh,VP Amit Sathvik,Masood Shahrukh Khan,1,1,0,run,0,,,127/1
1439789,1,14,4,VP Amit Sathvik,Balchander Anirudh,Masood Shahrukh Khan,6,6,0,six,0,,,133/1
1439789,1,14,5,VP Amit Sathvik,Balchander Anirudh,Masood Shahrukh Khan,6,6,0,six,0,,,139/1
1439789,1,14,6,VP Amit Sathvik,Balchander Anirudh,Masood Shahrukh Khan,0,0,0,out,1,caught,VP Amit Sathvik,139/2
1439789,1,15,1,Balchander Anirudh,S Mohamed Ali,Jhathavedh Subramanyan,2,2,0,run,0,,,141/2
1439789,1,15,2,Balchander Anirudh,S Mohamed Ali,Jhathavedh Subramanyan,1,1,0,run,0,,,142/2
1439789,1,15,3,S Mohamed Ali,Balchander Anirudh,Jhathavedh Subramanyan,1,1,0,run,0,,,143/2
1439789,1,15,4,Balchander Anirudh,S Mohamed Ali,Jhathavedh Subramanyan,0,0,0,no run,0,,,143/2
1439789,1,15,5,Balchander Anirudh,S Mohamed Ali,Jhathavedh Subramanyan,1,1,0,run,0,,,144/2
1439789,1,15,6,S Mohamed Ali,Balchander Anirudh,Jhathavedh Subramanyan,1,0,1,leg bye,0,,,145/2
1439789,1,16,1,S Mohamed Ali,Balchander Anirudh,Masood Shahrukh Khan,0,0,0,no run,0,,,145/2
1439789,1,16,2,S Mohamed Ali,Balchander Anirudh,Masood Shahrukh Khan,1,1,0,run,0,,,146/2
1439789,1,16,3,Balchander Anirudh,S Mohamed Ali,Masood Shahrukh Khan,1,1,0,run,0,,,147/2
1439789,1,16,4,S Mohamed Ali,Balchander Anirudh,Masood Shahrukh Khan,6,6,0,six,0,,,153/2
1439789,1,16,5,S Mohamed Ali,Balchander Anirudh,Masood Shahrukh Khan,1,1,0,run,0,,,154/2
1439789,1,16,6,Balchander Anirudh,S Mohamed Ali,Masood Shahrukh Khan,1,1,0,run,0,,,155/2
1439789,1,17,1,Balchander Anirudh,S Mohamed Ali,Jhathavedh Subramanyan,1,1,0,run,0,,,156/2
1439789,1,17,2,S Mohamed Ali,Balchander Anirudh,Jhathavedh Subramanyan,1,1,0,run,0,,,157/2
1439789,1,17,3,Balchander Anirudh,S Mohamed Ali,Jhathavedh Subramanyan,0,0,0,out,1,caught,Balchander Anirudh,157/3
1439789,1,17,4,Ravisrinivasan Sai Kishore,S Mohamed Ali,Jhathavedh Subramanyan,1,1,0,run,0,,,158/3
1439789,1,17,5,S Mohamed Ali,Ravisrinivasan Sai Kishore,Jhathavedh Subramanyan,0,0,0,no run,0,,,158/3
1439789,1,17,6,S Mohamed Ali,Ravisrinivasan Sai Kishore,Jhathavedh Subramanyan,4,4,0,four,0,,,162/3
1439789,1,18,1,Ravisrinivasan Sai Kishore,S Mohamed Ali,M Mohammed,1,1,0,run,0,,,163/3
1439789,1,18,2,S Mohamed Ali,Ravisrinivasan Sai Kishore,M Mohammed,1,1,0,run,0,,,164/3
1439789,1,18,3,Ravisrinivasan Sai Kishore,S Mohamed Ali,M Mohammed,1,1,0,run,0,,,165/3
1439789,1,18,4,S Mohamed Ali,Ravisrinivasan Sai Kishore,M Mohammed,4,4,0,four,0,,,169/3
1439789,1,18,5,S Mohamed Ali,Ravisrinivasan Sai Kishore,M Mohammed,4,4,0,four,0,,,173/3
1439789,1,18,6,S Mohamed Ali,Ravisrinivasan Sai Kishore,M Mohammed,1,1,0,run,0,,,174/3
1439789,1,19,1,S Mohamed Ali,Ravisrinivasan Sai Kishore,Valliappan Yudheeswaran,1,1,0,run,0,,,175/3
1439789,1,19,2,Ravisrinivasan Sai Kishore,S Mohamed Ali,Valliappan Yudheeswaran,1,1,0,run,0,,,176/3
1439789,1,19,3,S Mohamed Ali,Ravisrinivasan Sai Kishore,Valliappan Yudheeswaran,0,0,0,no run,0,,,176/3
1439789,1,19,4,S Mohamed Ali,Ravisrinivasan Sai Kishore,Valliappan Yudheeswaran,2,2,0,run,0,,,178/3
1439789,1,19,5,S Mohamed Ali,Ravisrinivasan Sai Kishore,Valliappan Yudheeswaran,1,1,0,run,0,,,179/3
1439789,1,19,6,Ravisrinivasan Sai Kishore,S Mohamed Ali,Valliappan Yudheeswaran,4,4,0,four,0,,,183/3
1439789,1,20,1,S Mohamed Ali,Ravisrinivasan Sai Kishore,M Mohammed,6,6,0,six,0,,,189/3
1439789,1,20,2,S Mohamed Ali,Ravisrinivasan Sai Kishore,M Mohammed,4,4,0,four,0,,,193/3
1439789,1,20,3,S Mohamed Ali,Ravisrinivasan Sai Kishore,M Mohammed,0,0,0,no run,0,,,193/3
1439789,1,20,4,S Mohamed Ali,Ravisrinivasan Sai Kishore,M Mohammed,6,6,0,six,0,,,199/3
1439789,1,20,5,S Mohamed Ali,Ravisrinivasan Sai Kishore,M Mohammed,0,0,0,no run,0,,,199/3
1439789,1,20,6,S Mohamed Ali,Ravisrinivasan Sai Kishore,M Mohammed,1,1,0,run,0,,,200/3
1439789,2,1,1,GV Vignesh,S Sujay,P Bhuvaneswaran,0,0,0,out,1,bowled,GV Vignesh,0/1
1439789,2,1,2,Bhardwaj Sai Sudharsan,S Sujay,P Bhuvaneswaran,4,4,0,four,0,,,4/1
1439789,2,1,3,Bhardwaj Sai Sudharsan,S Sujay,P Bhuvaneswaran,0,0,0,no run,0,,,4/1
1439789,2,1,4,Bhardwaj Sai Sudharsan,S Sujay,P Bhuvaneswaran,0,0,0,no run,0,,,4/1
1439789,2,1,5,Bhardwaj Sai Sudharsan,S Sujay,P Bhuvaneswaran,0,0,0,no run,0,,,4/1
1439789,2,1,6,Bhardwaj Sai Sudharsan,S Sujay,P Bhuvaneswaran,0,0,0,no run,0,,,4/1
1439789,2,2,1,S Sujay,Bhardwaj Sai Sudharsan,Thangarasu Natarajan,0,0,0,no run,0,,,4/1
1439789,2,2,2,S Sujay,Bhardwaj Sai Sudharsan,Thangarasu Natarajan,1,1,0,run,0,,,5/1
1439789,2,2,3,Bhardwaj Sai Sudharsan,S Sujay,Thangarasu Natarajan,4,4,0,four,0,,,9/1
1439789,2,2,4,Bhardwaj Sai Sudharsan,S Sujay,Thangarasu Natarajan,0,0,0,no run,0,,,9/1
1439789,2,2,5,Bhardwaj Sai Sudharsan,S Sujay,Thangarasu Natarajan,1,1,0,run,0,,,10/1
1439789,2,2,6,S Sujay,Bhardwaj Sai Sudharsan,Thangarasu Natarajan,1,1,0,run,0,,,11/1
1439789,2,3,1,S Sujay,Bhardwaj Sai Sudharsan,P Bhuvaneswaran,4,4,0,four,0,,,15/1
1439789,2,3,2,S Sujay,Bhardwaj Sai Sudharsan,P Bhuvaneswaran,0,0,0,no run,0,,,15/1
1439789,2,3,3,S Sujay,Bhardwaj Sai Sudharsan,P Bhuvaneswaran,1,1,0,run,0,,,16/1
1439789,2,3,4,Bhardwaj Sai Sudharsan,S Sujay,P Bhuvaneswaran,1,0,1,leg bye,0,,,17/1
1439789,2,3,5,S Sujay,Bhardwaj Sai Sudharsan,P Bhuvaneswaran,2,2,0,run,0,,,19/1
1439789,2,3,6,S Sujay,Bhardwaj Sai Sudharsan,P Bhuvaneswaran,0,0,0,no run,0,,,19/1
1439789,2,4,1,Bhardwaj Sai Sudharsan,S Sujay,Ramalingam Rohit,4,4,0,four,0,,,23/1
1439789,2,4,2,Bhardwaj Sai Sudharsan,S Sujay,Ramalingam Rohit,1,1,0,run,0,,,24/1
1439789,2,4,3,S Sujay,Bhardwaj Sai Sudharsan,Ramalingam Rohit,1,1,0,run,0,,,25/1
1439789,2,4,4,Bhardwaj Sai Sudharsan,S Sujay,Ramalingam Rohit,4,4,0,four,0,,,29/1
1439789,2,4,5,Bhardwaj Sai Sudharsan,S Sujay,Ramalingam Rohit,1,1,0,run,0,,,30/1
1439789,2,4,6,S Sujay,Bhardwaj Sai Sudharsan,Ramalingam Rohit,1,1,0,run,0,,,31/1
1439789,2,5,1,S Sujay,Bhardwaj Sai Sudharsan,P Bhuvaneswaran,0,0,0,no run,0,,,31/1
1439789,2,5,2,S Sujay,Bhardwaj Sai Sudharsan,P Bhuvaneswaran,1,1,0,run,0,,,32/1
1439789,2,5,3,Bhardwaj Sai Sudharsan,S Sujay,P Bhuvaneswaran,0,0,0,no run,0,,,32/1
1439789,2,5,4,Bhardwaj Sai Sudharsan,S Sujay,P Bhuvaneswaran,1,1,0,run,0,,,33/1
1439789,2,5,5,S Sujay,Bhardwaj Sai Sudharsan,P Bhuvaneswaran,4,4,0,four,0,,,37/1
1439789,2,5,6,S Sujay,Bhardwaj Sai Sudharsan,P Bhuvaneswaran,1,1,0,run,0,,,38/1
1439789,2,6,1,S Sujay,Bhardwaj Sai Sudharsan,S Mohamed Ali,1,1,0,run,0,,,39/1
1439789,2,6,2,Bhardwaj Sai Sudharsan,S Sujay,S Mohamed Ali,1,0,1,leg bye,0,,,40/1
1439789,2,6,3,S Sujay,Bhardwaj Sai Sudharsan,S Mohamed Ali,0,0,0,no run,0,,,40/1
1439789,2,6,4,S Sujay,Bhardwaj Sai Sudharsan,S Mohamed Ali,1,1,0,run,0,,,41/1
1439789,2,6,5,Bhardwaj Sai Sudharsan,S Sujay,S Mohamed Ali,1,0,1,wide,0,,,42/1
1439789,2,6,6,Bhardwaj Sai Sudharsan,S Sujay,S Mohamed Ali,4,4,0,four,0,,,46/1
1439789,2,6,7,Bhardwaj Sai Sudharsan,S Sujay,S Mohamed Ali,1,1,0,run,0,,,47/1
1439789,2,7,1,Bhardwaj Sai Sudharsan,S Sujay,Ravisrinivasan Sai Kishore,1,1,0,run,0,,,48/1
1439789,2,7,2,S Sujay,Bhardwaj Sai Sudharsan,Ravisrinivasan Sai Kishore,0,0,0,out,1,caught,S Sujay,48/2
1439789,2,7,3,Jayaraman Suresh Kumar,Bhardwaj Sai Sudharsan,Ravisrinivasan Sai Kishore,0,0,0,no run,0,,,48/2
1439789,2,7,4,Jayaraman Suresh Kumar,Bhardwaj Sai Sudharsan,Ravisrinivasan Sai Kishore,2,2,0,run,0,,,50/2
1439789,2,7,5,Jayaraman Suresh Kumar,Bhardwaj Sai Sudharsan,Ravisrinivasan Sai Kishore,0,0,0,no run,0,,,50/2
1439789,2,7,6,Jayaraman Suresh Kumar,Bhardwaj Sai Sudharsan,Ravisrinivasan Sai Kishore,1,1,0,run,0,,,51/2
1439789,2,8,1,Jayaraman Suresh Kumar,Bhardwaj Sai Sudharsan, Sriram Ajith Ram,2,2,0,run,0,,,53/2
1439789,2,8,2,Jayaraman Suresh Kumar,Bhardwaj Sai Sudharsan, Sriram Ajith Ram,0,0,0,no run,0,,,53/2
1439789,2,8,3,Jayaraman Suresh Kumar,Bhardwaj Sai Sudharsan, Sriram Ajith Ram,0,0,0,out,1,caught,Jayaraman Suresh Kumar,53/3
1439789,2,8,4,U Mukilesh,Bhardwaj Sai Sudharsan, Sriram Ajith Ram,1,1,0,run,0,,,54/3
1439789,2,8,5,Bhardwaj Sai Sudharsan,U Mukilesh, Sriram Ajith Ram,6,6,0,six,0,,,60/3
1439789,2,8,6,Bhardwaj Sai Sudharsan,U Mukilesh, Sriram Ajith Ram,1,1,0,run,0,,,61/3
1439789,2,9,1,Bhardwaj Sai Sudharsan,U Mukilesh,Ravisrinivasan Sai Kishore,1,1,0,run,0,,,62/3
1439789,2,9,2,U Mukilesh,Bhardwaj Sai Sudharsan,Ravisrinivasan Sai Kishore,2,2,0,run,0,,,64/3
1439789,2,9,3,U Mukilesh,Bhardwaj Sai Sudharsan,Ravisrinivasan Sai Kishore,0,0,0,no run,0,,,64/3
1439789,2,9,4,U Mukilesh,Bhardwaj Sai Sudharsan,Ravisrinivasan Sai Kishore,2,2,0,run,0,,,66/3
1439789,2,9,5,U Mukilesh,Bhardwaj Sai Sudharsan,Ravisrinivasan Sai Kishore,0,0,0,no run,0,,,66/3
1439789,2,9,6,U Mukilesh,Bhardwaj Sai Sudharsan,Ravisrinivasan Sai Kishore,1,1,0,run,0,,,67/3
1439789,2,10,1,U Mukilesh,Bhardwaj Sai Sudharsan,S Mohamed Ali,2,2,0,run,0,,,69/3
1439789,2,10,2,U Mukilesh,Bhardwaj Sai Sudharsan,S Mohamed Ali,1,1,0,run,0,,,70/3
1439789,2,10,3,Bhardwaj Sai Sudharsan,U Mukilesh,S Mohamed Ali,2,2,0,run,0,,,72/3
1439789,2,10,4,Bhardwaj Sai Sudharsan,U Mukilesh,S Mohamed Ali,1,1,0,run,0,,,73/3
1439789,2,10,5,U Mukilesh,Bhardwaj Sai Sudharsan,S Mohamed Ali,0,0,0,no run,0,,,73/3
1439789,2,10,6,U Mukilesh,Bhardwaj Sai Sudharsan,S Mohamed Ali,6,6,0,six,0,,,79/3
1439789,2,11,1,Bhardwaj Sai Sudharsan,U Mukilesh, Sriram Ajith Ram,1,1,0,run,0,,,80/3
1439789,2,11,2,U Mukilesh,Bhardwaj Sai Sudharsan, Sriram Ajith Ram,1,1,0,run,0,,,81/3
1439789,2,11,3,Bhardwaj Sai Sudharsan,U Mukilesh, Sriram Ajith Ram,4,4,0,four,0,,,85/3
1439789,2,11,4,Bhardwaj Sai Sudharsan,U Mukilesh, Sriram Ajith Ram,2,2,0,run,0,,,87/3
1439789,2,11,5,Bhardwaj Sai Sudharsan,U Mukilesh, Sriram Ajith Ram,1,1,0,run,0,,,88/3
1439789,2,11,6,U Mukilesh,Bhardwaj Sai Sudharsan, Sriram Ajith Ram,0,0,0,no run,0,,,88/3
1439789,2,12,1,Bhardwaj Sai Sudharsan,U Mukilesh,Thangarasu Natarajan,1,1,0,run,0,,,89/3
1439789,2,12,2,U Mukilesh,Bhardwaj Sai Sudharsan,Thangarasu Natarajan,1,1,0,run,0,,,90/3
1439789,2,12,3,Bhardwaj Sai Sudharsan,U Mukilesh,Thangarasu Natarajan,1,1,0,run,0,,,91/3
1439789,2,12,4,U Mukilesh,Bhardwaj Sai Sudharsan,Thangarasu Natarajan,0,0,0,no run,0,,,91/3
1439789,2,12,5,U Mukilesh,Bhardwaj Sai Sudharsan,Thangarasu Natarajan,4,4,0,four,0,,,95/3
1439789,2,12,6,U Mukilesh,Bhardwaj Sai Sudharsan,Thangarasu Natarajan,1,1,0,run,0,,,96/3
1439789,2,13,1,U Mukilesh,Bhardwaj Sai Sudharsan, Sriram Ajith Ram,4,4,0,four,0,,,100/3
1439789,2,13,2,U Mukilesh,Bhardwaj Sai Sudharsan, Sriram Ajith Ram,1,1,0,run,0,,,101/3
1439789,2,13,3,Bhardwaj Sai Sudharsan,U Mukilesh, Sriram Ajith Ram,2,2,0,run,0,,,103/3
1439789,2,13,4,Bhardwaj Sai Sudharsan,U Mukilesh, Sriram Ajith Ram,6,6,0,six,0,,,109/3
1439789,2,13,5,Bhardwaj Sai Sudharsan,U Mukilesh, Sriram Ajith Ram,4,4,0,four,0,,,113/3
1439789,2,13,6,Bhardwaj Sai Sudharsan,U Mukilesh, Sriram Ajith Ram,1,1,0,run,0,,,114/3
1439789,2,14,1,Bhardwaj Sai Sudharsan,U Mukilesh,Ramalingam Rohit,0,0,0,no run,0,,,114/3
1439789,2,14,2,Bhardwaj Sai Sudharsan,U Mukilesh,Ramalingam Rohit,1,1,0,run,0,,,115/3
1439789,2,14,3,U Mukilesh,Bhardwaj Sai Sudharsan,Ramalingam Rohit,4,4,0,four,0,,,119/3
1439789,2,14,4,U Mukilesh,Bhardwaj Sai Sudharsan,Ramalingam Rohit,1,1,0,run,0,,,120/3
1439789,2,14,5,Bhardwaj Sai Sudharsan,U Mukilesh,Ramalingam Rohit,1,1,0,run,0,,,121/3
1439789,2,14,6,U Mukilesh,Bhardwaj Sai Sudharsan,Ramalingam Rohit,1,1,0,run,0,,,122/3
1439789,2,15,1,U Mukilesh,Bhardwaj Sai Sudharsan,Thangarasu Natarajan,1,1,0,run,0,,,123/3
1439789,2,15,2,Bhardwaj Sai Sudharsan,U Mukilesh,Thangarasu Natarajan,1,1,0,run,0,,,124/3
1439789,2,15,3,U Mukilesh,Bhardwaj Sai Sudharsan,Thangarasu Natarajan,1,0,1,bye,0,,,125/3
1439789,2,15,4,Bhardwaj Sai Sudharsan,U Mukilesh,Thangarasu Natarajan,1,1,0,run,0,,,126/3
1439789,2,15,5,U Mukilesh,Bhardwaj Sai Sudharsan,Thangarasu Natarajan,0,0,0,no run,0,,,126/3
1439789,2,15,6,U Mukilesh,Bhardwaj Sai Sudharsan,Thangarasu Natarajan,4,4,0,four,0,,,130/3
1439789,2,16,1,Bhardwaj Sai Sudharsan,U Mukilesh,Ramalingam Rohit,6,6,0,six,0,,,136/3
1439789,2,16,2,Bhardwaj Sai Sudharsan,U Mukilesh,Ramalingam Rohit,1,1,0,run,0,,,137/3
1439789,2,16,3,U Mukilesh,Bhardwaj Sai Sudharsan,Ramalingam Rohit,4,4,0,four,0,,,141/3
1439789,2,16,4,U Mukilesh,Bhardwaj Sai Sudharsan,Ramalingam Rohit,2,2,0,run,0,,,143/3
1439789,2,16,5,U Mukilesh,Bhardwaj Sai Sudharsan,Ramalingam Rohit,1,0,1,wide,0,,,144/3
1439789,2,16,6,U Mukilesh,Bhardwaj Sai Sudharsan,Ramalingam Rohit,1,1,0,run,0,,,145/3
1439789,2,16,7,Bhardwaj Sai Sudharsan,U Mukilesh,Ramalingam Rohit,1,1,0,run,0,,,146/3
1439789,2,17,1,Bhardwaj Sai Sudharsan,U Mukilesh,Ravisrinivasan Sai Kishore,3,3,0,run,0,,,149/3
1439789,2,17,2,U Mukilesh,Bhardwaj Sai Sudharsan,Ravisrinivasan Sai Kishore,1,1,0,run,0,,,150/3
1439789,2,17,3,Bhardwaj Sai Sudharsan,U Mukilesh,Ravisrinivasan Sai Kishore,6,6,0,six,0,,,156/3
1439789,2,17,4,Bhardwaj Sai Sudharsan,U Mukilesh,Ravisrinivasan Sai Kishore,6,6,0,six,0,,,162/3
1439789,2,17,5,Bhardwaj Sai Sudharsan,U Mukilesh,Ravisrinivasan Sai Kishore,6,6,0,six,0,,,168/3
1439789,2,17,6,Bhardwaj Sai Sudharsan,U Mukilesh,Ravisrinivasan Sai Kishore,1,1,0,run,0,,,169/3
1439789,2,18,1,Bhardwaj Sai Sudharsan,U Mukilesh,Thangarasu Natarajan,6,6,0,six,0,,,175/3
1439789,2,18,2,Bhardwaj Sai Sudharsan,U Mukilesh,Thangarasu Natarajan,0,0,0,no run,0,,,175/3
1439789,2,18,3,Bhardwaj Sai Sudharsan,U Mukilesh,Thangarasu Natarajan,1,1,0,run,0,,,176/3
1439789,2,18,4,U Mukilesh,Bhardwaj Sai Sudharsan,Thangarasu Natarajan,1,1,0,run,0,,,177/3
1439789,2,18,5,Bhardwaj Sai Sudharsan,U Mukilesh,Thangarasu Natarajan,1,0,1,wide,0,,,178/3
1439789,2,18,6,Bhardwaj Sai Sudharsan,U Mukilesh,Thangarasu Natarajan,4,4,0,four,0,,,182/3
1439789,2,18,7,Bhardwaj Sai Sudharsan,U Mukilesh,Thangarasu Natarajan,1,1,0,run,0,,,183/3
1439789,2,19,1,Bhardwaj Sai Sudharsan,U Mukilesh,P Bhuvaneswaran,1,1,0,run,0,,,184/3
1439789,2,19,2,U Mukilesh,Bhardwaj Sai Sudharsan,P Bhuvaneswaran,1,1,0,run,0,,,185/3
1439789,2,19,3,Bhardwaj Sai Sudharsan,U Mukilesh,P Bhuvaneswaran,6,6,0,six,0,,,191/3
1439789,2,19,4,Bhardwaj Sai Sudharsan,U Mukilesh,P Bhuvaneswaran,6,6,0,six,0,,,197/3
1439789,2,19,5,Bhardwaj Sai Sudharsan,U Mukilesh,P Bhuvaneswaran,4,4,0,four,0,,,201/3
1439790,1,1,1,D Santhosh Kumar,Narayan Jagadeesan,Sankarankutty Sandeep Warrier,0,0,0,no run,0,,,0/0
1439790,1,1,2,D Santhosh Kumar,Narayan Jagadeesan,Sankarankutty Sandeep Warrier,0,0,0,no run,0,,,0/0
1439790,1,1,3,D Santhosh Kumar,Narayan Jagadeesan,Sankarankutty Sandeep Warrier,0,0,0,no run,0,,,0/0
1439790,1,1,4,D Santhosh Kumar,Narayan Jagadeesan,Sankarankutty Sandeep Warrier,1,1,0,run,0,,,1/0
1439790,1,1,5,Narayan Jagadeesan,D Santhosh Kumar,Sankarankutty Sandeep Warrier,1,1,0,run,0,,,2/0
1439790,1,1,6,D Santhosh Kumar,Narayan Jagadeesan,Sankarankutty Sandeep Warrier,0,0,0,out,1,caught,D Santhosh Kumar,2/1
1439790,1,2,1,Narayan Jagadeesan,Baba Aparajith,VP Diran,4,4,0,four,0,,,6/1
1439790,1,2,2,Narayan Jagadeesan,Baba Aparajith,VP Diran,1,1,0,run,0,,,7/1
1439790,1,2,3,Baba Aparajith,Narayan Jagadeesan,VP Diran,4,4,0,four,0,,,11/1
1439790,1,2,4,Baba Aparajith,Narayan Jagadeesan,VP Diran,0,0,0,no run,0,,,11/1
1439790,1,2,5,Baba Aparajith,Narayan Jagadeesan,VP Diran,4,4,0,four,0,,,15/1
1439790,1,2,6,Baba Aparajith,Narayan Jagadeesan,VP Diran,1,1,0,run,0,,,16/1
1439790,1,3,1,Baba Aparajith,Narayan Jagadeesan,Sankarankutty Sandeep Warrier,0,0,0,no run,0,,,16/1
1439790,1,3,2,Baba Aparajith,Narayan Jagadeesan,Sankarankutty Sandeep Warrier,1,1,0,run,0,,,17/1
1439790,1,3,3,Narayan Jagadeesan,Baba Aparajith,Sankarankutty Sandeep Warrier,1,1,0,run,0,,,18/1
1439790,1,3,4,Baba Aparajith,Narayan Jagadeesan,Sankarankutty Sandeep Warrier,1,1,0,run,0,,,19/1
1439790,1,3,5,Narayan Jagadeesan,Baba Aparajith,Sankarankutty Sandeep Warrier,0,0,0,no run,0,,,19/1
1439790,1,3,6,Narayan Jagadeesan,Baba Aparajith,Sankarankutty Sandeep Warrier,1,1,0,run,0,,,20/1
1439790,1,4,1,Narayan Jagadeesan,Baba Aparajith,Varun Chakravarthy Vinod,1,1,0,run,0,,,21/1
1439790,1,4,2,Baba Aparajith,Narayan Jagadeesan,Varun Chakravarthy Vinod,0,0,0,no run,0,,,21/1
1439790,1,4,3,Baba Aparajith,Narayan Jagadeesan,Varun Chakravarthy Vinod,1,1,0,run,0,,,22/1
1439790,1,4,4,Narayan Jagadeesan,Baba Aparajith,Varun Chakravarthy Vinod,1,1,0,run,0,,,23/1
1439790,1,4,5,Baba Aparajith,Narayan Jagadeesan,Varun Chakravarthy Vinod,1,1,0,run,0,,,24/1
1439790,1,4,6,Narayan Jagadeesan,Baba Aparajith,Varun Chakravarthy Vinod,1,1,0,run,0,,,25/1
1439790,1,5,1,Narayan Jagadeesan,Baba Aparajith,Sankarankutty Sandeep Warrier,0,0,0,no run,0,,,25/1
1439790,1,5,2,Narayan Jagadeesan,Baba Aparajith,Sankarankutty Sandeep Warrier,1,0,1,wide,0,,,26/1
1439790,1,5,3,Narayan Jagadeesan,Baba Aparajith,Sankarankutty Sandeep Warrier,4,4,0,four,0,,,30/1
1439790,1,5,4,Narayan Jagadeesan,Baba Aparajith,Sankarankutty Sandeep Warrier,0,0,0,no run,0,,,30/1
1439790,1,5,5,Narayan Jagadeesan,Baba Aparajith,Sankarankutty Sandeep Warrier,4,4,0,four,0,,,34/1
1439790,1,5,6,Narayan Jagadeesan,Baba Aparajith,Sankarankutty Sandeep Warrier,2,2,0,run,0,,,36/1
1439790,1,5,7,Narayan Jagadeesan,Baba Aparajith,Sankarankutty Sandeep Warrier,4,4,0,four,0,,,40/1
1439790,1,6,1,Baba Aparajith,Narayan Jagadeesan,P Vignesh,0,0,0,no run,0,,,40/1
1439790,1,6,2,Baba Aparajith,Narayan Jagadeesan,P Vignesh,1,1,0,run,0,,,41/1
1439790,1,6,3,Narayan Jagadeesan,Baba Aparajith,P Vignesh,0,0,0,out,1,leg before wicket,Narayan Jagadeesan,41/2
1439790,1,6,4,Pradosh Ranjan Paul,Baba Aparajith,P Vignesh,4,4,0,four,0,,,45/2
1439790,1,6,5,Pradosh Ranjan Paul,Baba Aparajith,P Vignesh,0,0,0,no run,0,,,45/2
1439790,1,6,6,Pradosh Ranjan Paul,Baba Aparajith,P Vignesh,1,1,0,run,0,,,46/2
1439790,1,7,1,Pradosh Ranjan Paul,Baba Aparajith,Subodh Bhati,0,0,0,no run,0,,,46/2
1439790,1,7,2,Pradosh Ranjan Paul,Baba Aparajith,Subodh Bhati,1,1,0,run,0,,,47/2
1439790,1,7,3,Baba Aparajith,Pradosh Ranjan Paul,Subodh Bhati,1,1,0,run,0,,,48/2
1439790,1,7,4,Pradosh Ranjan Paul,Baba Aparajith,Subodh Bhati,1,1,0,run,0,,,49/2
1439790,1,7,5,Baba Aparajith,Pradosh Ranjan Paul,Subodh Bhati,1,1,0,run,0,,,50/2
1439790,1,7,6,Pradosh Ranjan Paul,Baba Aparajith,Subodh Bhati,1,1,0,run,0,,,51/2
1439790,1,8,1,Pradosh Ranjan Paul,Baba Aparajith,Ravichandran Ashwin,0,0,0,no run,0,,,51/2
1439790,1,8,2,Pradosh Ranjan Paul,Baba Aparajith,Ravichandran Ashwin,1,1,0,run,0,,,52/2
1439790,1,8,3,Baba Aparajith,Pradosh Ranjan Paul,Ravichandran Ashwin,1,1,0,run,0,,,53/2
1439790,1,8,4,Pradosh Ranjan Paul,Baba Aparajith,Ravichandran Ashwin,1,1,0,run,0,,,54/2
1439790,1,8,5,Baba Aparajith,Pradosh Ranjan Paul,Ravichandran Ashwin,4,4,0,four,0,,,58/2
1439790,1,8,6,Baba Aparajith,Pradosh Ranjan Paul,Ravichandran Ashwin,1,1,0,run,0,,,59/2
1439790,1,9,1,Baba Aparajith,Pradosh Ranjan Paul,P Vignesh,0,0,0,no run,0,,,59/2
1439790,1,9,2,Baba Aparajith,Pradosh Ranjan Paul,P Vignesh,1,1,0,run,0,,,60/2
1439790,1,9,3,Pradosh Ranjan Paul,Baba Aparajith,P Vignesh,0,0,0,no run,0,,,60/2
1439790,1,9,4,Pradosh Ranjan Paul,Baba Aparajith,P Vignesh,0,0,0,no run,0,,,60/2
1439790,1,9,5,Pradosh Ranjan Paul,Baba Aparajith,P Vignesh,1,1,0,run,0,,,61/2
1439790,1,9,6,Baba Aparajith,Pradosh Ranjan Paul,P Vignesh,1,1,0,run,0,,,62/2
1439790,1,10,1,Baba Aparajith,Pradosh Ranjan Paul,Ravichandran Ashwin,4,4,0,four,0,,,66/2
1439790,1,10,2,Baba Aparajith,Pradosh Ranjan Paul,Ravichandran Ashwin,1,1,0,run,0,,,67/2
1439790,1,10,3,Pradosh Ranjan Paul,Baba Aparajith,Ravichandran Ashwin,4,4,0,four,0,,,71/2
1439790,1,10,4,Pradosh Ranjan Paul,Baba Aparajith,Ravichandran Ashwin,1,1,0,run,0,,,72/2
1439790,1,10,5,Baba Aparajith,Pradosh Ranjan Paul,Ravichandran Ashwin,4,4,0,four,0,,,76/2
1439790,1,10,6,Baba Aparajith,Pradosh Ranjan Paul,Ravichandran Ashwin,1,1,0,run,0,,,77/2
1439790,1,11,1,Baba Aparajith,Pradosh Ranjan Paul,P Vignesh,0,0,0,no run,0,,,77/2
1439790,1,11,2,Baba Aparajith,Pradosh Ranjan Paul,P Vignesh,1,1,0,run,0,,,78/2
1439790,1,11,3,Pradosh Ranjan Paul,Baba Aparajith,P Vignesh,1,0,1,leg bye,0,,,79/2
1439790,1,11,4,Baba Aparajith,Pradosh Ranjan Paul,P Vignesh,0,0,0,no run,0,,,79/2
1439790,1,11,5,Baba Aparajith,Pradosh Ranjan Paul,P Vignesh,0,0,0,no run,0,,,79/2
1439790,1,11,6,Baba Aparajith,Pradosh Ranjan Paul,P Vignesh,1,1,0,run,0,,,80/2
1439790,1,12,1,Baba Aparajith,Pradosh Ranjan Paul,Varun Chakravarthy Vinod,1,0,1,wide,0,,,81/2
1439790,1,12,2,Baba Aparajith,Pradosh Ranjan Paul,Varun Chakravarthy Vinod,1,1,0,run,0,,,82/2
1439790,1,12,3,Pradosh Ranjan Paul,Baba Aparajith,Varun Chakravarthy Vinod,1,1,0,run,0,,,83/2
1439790,1,12,4,Baba Aparajith,Pradosh Ranjan Paul,Varun Chakravarthy Vinod,1,1,0,run,0,,,84/2
1439790,1,12,5,Pradosh Ranjan Paul,Baba Aparajith,Varun Chakravarthy Vinod,1,1,0,run,0,,,85/2
1439790,1,12,6,Baba Aparajith,Pradosh Ranjan Paul,Varun Chakravarthy Vinod,1,1,0,run,0,,,86/2
1439790,1,12,7,Pradosh Ranjan Paul,Baba Aparajith,Varun Chakravarthy Vinod,1,1,0,run,1,run out,Pradosh Ranjan Paul,87/3
1439790,1,13,1,Baba Aparajith,Daryl Sunder Ferrario,P Vignesh,0,0,0,no run,0,,,87/3
1439790,1,13,2,Baba Aparajith,Daryl Sunder Ferrario,P Vignesh,4,4,0,four,0,,,91/3
1439790,1,13,3,Baba Aparajith,Daryl Sunder Ferrario,P Vignesh,1,1,0,run,0,,,92/3
1439790,1,13,4,Daryl Sunder Ferrario,Baba Aparajith,P Vignesh,0,0,0,no run,0,,,92/3
1439790,1,13,5,Daryl Sunder Ferrario,Baba Aparajith,P Vignesh,0,0,0,no run,0,,,92/3
1439790,1,13,6,Daryl Sunder Ferrario,Baba Aparajith,P Vignesh,1,1,0,run,0,,,93/3
1439790,1,14,1,Daryl Sunder Ferrario,Baba Aparajith,Ravichandran Ashwin,1,1,0,run,0,,,94/3
1439790,1,14,2,Baba Aparajith,Daryl Sunder Ferrario,Ravichandran Ashwin,1,1,0,run,0,,,95/3
1439790,1,14,3,Daryl Sunder Ferrario,Baba Aparajith,Ravichandran Ashwin,0,0,0,no run,0,,,95/3
1439790,1,14,4,Daryl Sunder Ferrario,Baba Aparajith,Ravichandran Ashwin,1,1,0,run,0,,,96/3
1439790,1,14,5,Baba Aparajith,Daryl Sunder Ferrario,Ravichandran Ashwin,1,1,0,run,0,,,97/3
1439790,1,14,6,Daryl Sunder Ferrario,Baba Aparajith,Ravichandran Ashwin,1,1,0,run,0,,,98/3
1439790,1,15,1,Daryl Sunder Ferrario,Baba Aparajith,Varun Chakravarthy Vinod,0,0,0,out,1,bowled,Daryl Sunder Ferrario,98/4
1439790,1,15,2,C Andre Siddarth,Baba Aparajith,Varun Chakravarthy Vinod,1,1,0,run,0,,,99/4
1439790,1,15,3,Baba Aparajith,C Andre Siddarth,Varun Chakravarthy Vinod,1,1,0,run,0,,,100/4
1439790,1,15,4,C Andre Siddarth,Baba Aparajith,Varun Chakravarthy Vinod,4,0,4,bye,0,,,104/4
1439790,1,15,5,C Andre Siddarth,Baba Aparajith,Varun Chakravarthy Vinod,3,3,0,run,0,,,107/4
1439790,1,15,6,Baba Aparajith,C Andre Siddarth,Varun Chakravarthy Vinod,1,1,0,run,0,,,108/4
1439790,1,16,1,Baba Aparajith,C Andre Siddarth,Ravichandran Ashwin,1,1,0,run,0,,,109/4
1439790,1,16,2,C Andre Siddarth,Baba Aparajith,Ravichandran Ashwin,1,1,0,run,0,,,110/4
1439790,1,16,3,Baba Aparajith,C Andre Siddarth,Ravichandran Ashwin,1,1,0,run,0,,,111/4
1439790,1,16,4,C Andre Siddarth,Baba Aparajith,Ravichandran Ashwin,1,1,0,run,0,,,112/4
1439790,1,16,5,Baba Aparajith,C Andre Siddarth,Ravichandran Ashwin,0,0,0,no run,0,,,112/4
1439790,1,16,6,Baba Aparajith,C Andre Siddarth,Ravichandran Ashwin,1,1,0,run,0,,,113/4
1439790,1,17,1,Baba Aparajith,C Andre Siddarth,Subodh Bhati,1,1,0,run,0,,,114/4
1439790,1,17,2,C Andre Siddarth,Baba Aparajith,Subodh Bhati,0,0,0,no run,0,,,114/4
1439790,1,17,3,C Andre Siddarth,Baba Aparajith,Subodh Bhati,0,0,0,no run,0,,,114/4
1439790,1,17,4,C Andre Siddarth,Baba Aparajith,Subodh Bhati,1,1,0,run,0,,,115/4
1439790,1,17,5,Baba Aparajith,C Andre Siddarth,Subodh Bhati,1,1,0,run,0,,,116/4
1439790,1,17,6,C Andre Siddarth,Baba Aparajith,Subodh Bhati,0,0,0,out,1,bowled,C Andre Siddarth,116/5
1439790,1,18,1,Baba Aparajith,Abhishek Baljeetsingh Tanwar,Varun Chakravarthy Vinod,1,1,0,run,0,,,117/5
1439790,1,18,2,Abhishek Baljeetsingh Tanwar,Baba Aparajith,Varun Chakravarthy Vinod,1,1,0,run,0,,,118/5
1439790,1,18,3,Baba Aparajith,Abhishek Baljeetsingh Tanwar,Varun Chakravarthy Vinod,4,4,0,four,0,,,122/5
1439790,1,18,4,Baba Aparajith,Abhishek Baljeetsingh Tanwar,Varun Chakravarthy Vinod,1,1,0,run,0,,,123/5
1439790,1,18,5,Abhishek Baljeetsingh Tanwar,Baba Aparajith,Varun Chakravarthy Vinod,6,6,0,six,0,,,129/5
1439790,1,18,6,Abhishek Baljeetsingh Tanwar,Baba Aparajith,Varun Chakravarthy Vinod,1,1,0,run,0,,,130/5
1439790,1,19,1,Abhishek Baljeetsingh Tanwar,Baba Aparajith,Subodh Bhati,6,6,0,six,0,,,136/5
1439790,1,19,2,Abhishek Baljeetsingh Tanwar,Baba Aparajith,Subodh Bhati,1,1,0,run,0,,,137/5
1439790,1,19,3,Baba Aparajith,Abhishek Baljeetsingh Tanwar,Subodh Bhati,4,4,0,four,0,,,141/5
1439790,1,19,4,Baba Aparajith,Abhishek Baljeetsingh Tanwar,Subodh Bhati,1,1,0,run,0,,,142/5
1439790,1,19,5,Abhishek Baljeetsingh Tanwar,Baba Aparajith,Subodh Bhati,1,0,1,leg bye,0,,,143/5
1439790,1,19,6,Baba Aparajith,Abhishek Baljeetsingh Tanwar,Subodh Bhati,1,1,0,run,0,,,144/5
1439790,1,20,1,Baba Aparajith,Abhishek Baljeetsingh Tanwar,Sankarankutty Sandeep Warrier,6,6,0,six,0,,,150/5
1439790,1,20,2,Baba Aparajith,Abhishek Baljeetsingh Tanwar,Sankarankutty Sandeep Warrier,1,1,0,run,0,,,151/5
1439790,1,20,3,Abhishek Baljeetsingh Tanwar,Baba Aparajith,Sankarankutty Sandeep Warrier,6,6,0,six,0,,,157/5
1439790,1,20,4,Abhishek Baljeetsingh Tanwar,Baba Aparajith,Sankarankutty Sandeep Warrier,0,0,0,no run,0,,,157/5
1439790,1,20,5,Abhishek Baljeetsingh Tanwar,Baba Aparajith,Sankarankutty Sandeep Warrier,1,1,0,run,0,,,158/5
1439790,1,20,6,Baba Aparajith,Abhishek Baljeetsingh Tanwar,Sankarankutty Sandeep Warrier,0,0,0,out,1,caught,Baba Aparajith,158/6
1439790,2,1,1,R Vimal Khumar,Shivam Singh,Abhishek Baljeetsingh Tanwar,0,0,0,no run,0,,,0/0
1439790,2,1,2,R Vimal Khumar,Shivam Singh,Abhishek Baljeetsingh Tanwar,2,2,0,run,0,,,2/0
1439790,2,1,3,R Vimal Khumar,Shivam Singh,Abhishek Baljeetsingh Tanwar,0,0,0,no run,0,,,2/0
1439790,2,1,4,R Vimal Khumar,Shivam Singh,Abhishek Baljeetsingh Tanwar,1,1,0,run,0,,,3/0
1439790,2,1,5,Shivam Singh,R Vimal Khumar,Abhishek Baljeetsingh Tanwar,0,0,0,no run,0,,,3/0
1439790,2,1,6,Shivam Singh,R Vimal Khumar,Abhishek Baljeetsingh Tanwar,0,0,0,no run,0,,,3/0
1439790,2,2,1,R Vimal Khumar,Shivam Singh,Rahil S Shah,0,0,0,no run,0,,,3/0
1439790,2,2,2,R Vimal Khumar,Shivam Singh,Rahil S Shah,0,0,0,out,1,caught,R Vimal Khumar,3/1
1439790,2,2,3,Ravichandran Ashwin,Shivam Singh,Rahil S Shah,0,0,0,no run,0,,,3/1
1439790,2,2,4,Ravichandran Ashwin,Shivam Singh,Rahil S Shah,0,0,0,no run,0,,,3/1
1439790,2,2,5,Ravichandran Ashwin,Shivam Singh,Rahil S Shah,0,0,0,no run,0,,,3/1
1439790,2,2,6,Ravichandran Ashwin,Shivam Singh,Rahil S Shah,6,6,0,six,0,,,9/1
1439790,2,3,1,Shivam Singh,Ravichandran Ashwin,Abhishek Baljeetsingh Tanwar,1,1,0,run,0,,,10/1
1439790,2,3,2,Ravichandran Ashwin,Shivam Singh,Abhishek Baljeetsingh Tanwar,0,0,0,no run,0,,,10/1
1439790,2,3,3,Ravichandran Ashwin,Shivam Singh,Abhishek Baljeetsingh Tanwar,0,0,0,no run,0,,,10/1
1439790,2,3,4,Ravichandran Ashwin,Shivam Singh,Abhishek Baljeetsingh Tanwar,6,6,0,six,0,,,16/1
1439790,2,3,5,Ravichandran Ashwin,Shivam Singh,Abhishek Baljeetsingh Tanwar,0,0,0,no run,0,,,16/1
1439790,2,3,6,Ravichandran Ashwin,Shivam Singh,Abhishek Baljeetsingh Tanwar,4,4,0,four,0,,,20/1
1439790,2,4,1,Shivam Singh,Ravichandran Ashwin,M Silambarasan,1,1,0,run,0,,,21/1
1439790,2,4,2,Ravichandran Ashwin,Shivam Singh,M Silambarasan,4,4,0,four,0,,,25/1
1439790,2,4,3,Ravichandran Ashwin,Shivam Singh,M Silambarasan,0,0,0,no run,0,,,25/1
1439790,2,4,4,Ravichandran Ashwin,Shivam Singh,M Silambarasan,0,0,0,no run,0,,,25/1
1439790,2,4,5,Ravichandran Ashwin,Shivam Singh,M Silambarasan,6,6,0,six,0,,,31/1
1439790,2,4,6,Ravichandran Ashwin,Shivam Singh,M Silambarasan,6,6,0,six,0,,,37/1
1439790,2,5,1,Shivam Singh,Ravichandran Ashwin,Ganeshan Periyaswamy,1,0,1,wide,0,,,38/1
1439790,2,5,2,Shivam Singh,Ravichandran Ashwin,Ganeshan Periyaswamy,0,0,0,no run,0,,,38/1
1439790,2,5,3,Shivam Singh,Ravichandran Ashwin,Ganeshan Periyaswamy,1,1,0,run,0,,,39/1
1439790,2,5,4,Ravichandran Ashwin,Shivam Singh,Ganeshan Periyaswamy,1,1,0,run,0,,,40/1
1439790,2,5,5,Shivam Singh,Ravichandran Ashwin,Ganeshan Periyaswamy,1,0,1,wide,0,,,41/1
1439790,2,5,6,Shivam Singh,Ravichandran Ashwin,Ganeshan Periyaswamy,0,0,0,no run,0,,,41/1
1439790,2,5,7,Shivam Singh,Ravichandran Ashwin,Ganeshan Periyaswamy,1,1,0,run,0,,,42/1
1439790,2,5,8,Ravichandran Ashwin,Shivam Singh,Ganeshan Periyaswamy,1,1,0,run,0,,,43/1
1439790,2,6,1,Ravichandran Ashwin,Shivam Singh,J Prem Kumar,1,1,0,run,0,,,44/1
1439790,2,6,2,Shivam Singh,Ravichandran Ashwin,J Prem Kumar,4,4,0,four,0,,,48/1
1439790,2,6,3,Shivam Singh,Ravichandran Ashwin,J Prem Kumar,0,0,0,no run,0,,,48/1
1439790,2,6,4,Shivam Singh,Ravichandran Ashwin,J Prem Kumar,1,0,1,wide,0,,,49/1
1439790,2,6,5,Shivam Singh,Ravichandran Ashwin,J Prem Kumar,0,0,0,no run,0,,,49/1
1439790,2,6,6,Shivam Singh,Ravichandran Ashwin,J Prem Kumar,1,1,0,run,0,,,50/1
1439790,2,6,7,Ravichandran Ashwin,Shivam Singh,J Prem Kumar,4,4,0,four,0,,,54/1
1439790,2,7,1,Shivam Singh,Ravichandran Ashwin,Rahil S Shah,0,0,0,no run,0,,,54/1
1439790,2,7,2,Shivam Singh,Ravichandran Ashwin,Rahil S Shah,1,1,0,run,0,,,55/1
1439790,2,7,3,Ravichandran Ashwin,Shivam Singh,Rahil S Shah,0,0,0,no run,0,,,55/1
1439790,2,7,4,Ravichandran Ashwin,Shivam Singh,Rahil S Shah,1,1,0,run,0,,,56/1
1439790,2,7,5,Shivam Singh,Ravichandran Ashwin,Rahil S Shah,4,4,0,four,0,,,60/1
1439790,2,7,6,Shivam Singh,Ravichandran Ashwin,Rahil S Shah,1,1,0,run,0,,,61/1
1439790,2,8,1,Shivam Singh,Ravichandran Ashwin,Balu Surya,1,1,0,run,0,,,62/1
1439790,2,8,2,Ravichandran Ashwin,Shivam Singh,Balu Surya,1,1,0,run,0,,,63/1
1439790,2,8,3,Shivam Singh,Ravichandran Ashwin,Balu Surya,1,1,0,run,0,,,64/1
1439790,2,8,4,Ravichandran Ashwin,Shivam Singh,Balu Surya,1,1,0,run,0,,,65/1
1439790,2,8,5,Shivam Singh,Ravichandran Ashwin,Balu Surya,4,4,0,four,0,,,69/1
1439790,2,8,6,Shivam Singh,Ravichandran Ashwin,Balu Surya,1,1,0,run,0,,,70/1
1439790,2,9,1,Shivam Singh,Ravichandran Ashwin,Rahil S Shah,4,4,0,four,0,,,74/1
1439790,2,9,2,Shivam Singh,Ravichandran Ashwin,Rahil S Shah,1,0,1,wide,0,,,75/1
1439790,2,9,3,Shivam Singh,Ravichandran Ashwin,Rahil S Shah,1,1,0,run,0,,,76/1
1439790,2,9,4,Ravichandran Ashwin,Shivam Singh,Rahil S Shah,1,1,0,run,0,,,77/1
1439790,2,9,5,Shivam Singh,Ravichandran Ashwin,Rahil S Shah,6,6,0,six,0,,,83/1
1439790,2,9,6,Shivam Singh,Ravichandran Ashwin,Rahil S Shah,0,0,0,no run,0,,,83/1
1439790,2,9,7,Shivam Singh,Ravichandran Ashwin,Rahil S Shah,0,0,0,no run,0,,,83/1
1439790,2,10,1,Ravichandran Ashwin,Shivam Singh,Ganeshan Periyaswamy,1,1,0,run,0,,,84/1
1439790,2,10,2,Shivam Singh,Ravichandran Ashwin,Ganeshan Periyaswamy,0,0,0,no run,0,,,84/1
1439790,2,10,3,Shivam Singh,Ravichandran Ashwin,Ganeshan Periyaswamy,1,1,0,run,0,,,85/1
1439790,2,10,4,Ravichandran Ashwin,Shivam Singh,Ganeshan Periyaswamy,1,1,0,run,0,,,86/1
1439790,2,10,5,Shivam Singh,Ravichandran Ashwin,Ganeshan Periyaswamy,1,1,0,run,0,,,87/1
1439790,2,10,6,Ravichandran Ashwin,Shivam Singh,Ganeshan Periyaswamy,1,1,0,run,0,,,88/1
1439790,2,11,1,Ravichandran Ashwin,Shivam Singh,Balu Surya,4,4,0,four,0,,,92/1
1439790,2,11,2,Ravichandran Ashwin,Shivam Singh,Balu Surya,2,2,0,run,0,,,94/1
1439790,2,11,3,Ravichandran Ashwin,Shivam Singh,Balu Surya,1,1,0,run,0,,,95/1
1439790,2,11,4,Shivam Singh,Ravichandran Ashwin,Balu Surya,0,0,0,no run,0,,,95/1
1439790,2,11,5,Shivam Singh,Ravichandran Ashwin,Balu Surya,1,1,0,run,0,,,96/1
1439790,2,11,6,Ravichandran Ashwin,Shivam Singh,Balu Surya,0,0,0,no run,0,,,96/1
1439790,2,12,1,Shivam Singh,Ravichandran Ashwin,J Prem Kumar,4,4,0,four,0,,,100/1
1439790,2,12,2,Shivam Singh,Ravichandran Ashwin,J Prem Kumar,1,1,0,run,0,,,101/1
1439790,2,12,3,Ravichandran Ashwin,Shivam Singh,J Prem Kumar,1,1,0,run,0,,,102/1
1439790,2,12,4,Shivam Singh,Ravichandran Ashwin,J Prem Kumar,1,1,0,run,0,,,103/1
1439790,2,12,5,Ravichandran Ashwin,Shivam Singh,J Prem Kumar,1,1,0,run,0,,,104/1
1439790,2,12,6,Shivam Singh,Ravichandran Ashwin,J Prem Kumar,1,1,0,run,0,,,105/1
1439790,2,13,1,Shivam Singh,Ravichandran Ashwin,M Silambarasan,4,4,0,four,0,,,109/1
1439790,2,13,2,Shivam Singh,Ravichandran Ashwin,M Silambarasan,1,1,0,run,0,,,110/1
1439790,2,13,3,Ravichandran Ashwin,Shivam Singh,M Silambarasan,1,1,0,run,0,,,111/1
1439790,2,13,4,Shivam Singh,Ravichandran Ashwin,M Silambarasan,1,1,0,run,0,,,112/1
1439790,2,13,5,Ravichandran Ashwin,Shivam Singh,M Silambarasan,1,1,0,run,0,,,113/1
1439790,2,13,6,Shivam Singh,Ravichandran Ashwin,M Silambarasan,1,1,0,run,0,,,114/1
1439790,2,14,1,Shivam Singh,Ravichandran Ashwin,J Prem Kumar,1,1,0,run,0,,,115/1
1439790,2,14,2,Ravichandran Ashwin,Shivam Singh,J Prem Kumar,0,0,0,out,1,caught,Ravichandran Ashwin,115/2
1439790,2,14,3,Baba Indrajith,Shivam Singh,J Prem Kumar,0,0,0,out,1,run out,Baba Indrajith,115/3
1439790,2,14,4,Shivam Singh,Boopathi Vaishna Kumar,J Prem Kumar,0,0,0,no run,0,,,115/3
1439790,2,14,5,Shivam Singh,Boopathi Vaishna Kumar,J Prem Kumar,1,1,0,run,0,,,116/3
1439790,2,14,6,Boopathi Vaishna Kumar,Shivam Singh,J Prem Kumar,0,0,0,no run,0,,,116/3
1439790,2,15,1,Shivam Singh,Boopathi Vaishna Kumar,Ganeshan Periyaswamy,6,6,0,six,0,,,122/3
1439790,2,15,2,Shivam Singh,Boopathi Vaishna Kumar,Ganeshan Periyaswamy,0,0,0,no run,0,,,122/3
1439790,2,15,3,Shivam Singh,Boopathi Vaishna Kumar,Ganeshan Periyaswamy,1,1,0,run,0,,,123/3
1439790,2,15,4,Boopathi Vaishna Kumar,Shivam Singh,Ganeshan Periyaswamy,1,1,0,run,0,,,124/3
1439790,2,15,5,Shivam Singh,Boopathi Vaishna Kumar,Ganeshan Periyaswamy,2,2,0,run,0,,,126/3
1439790,2,15,6,Shivam Singh,Boopathi Vaishna Kumar,Ganeshan Periyaswamy,1,1,0,run,0,,,127/3
1439790,2,16,1,Shivam Singh,Boopathi Vaishna Kumar,J Prem Kumar,1,1,0,run,0,,,128/3
1439790,2,16,2,Boopathi Vaishna Kumar,Shivam Singh,J Prem Kumar,0,0,0,out,1,caught,Boopathi Vaishna Kumar,128/4
1439790,2,16,3,C Sarath Kumar,Shivam Singh,J Prem Kumar,0,0,0,no run,0,,,128/4
1439790,2,16,4,C Sarath Kumar,Shivam Singh,J Prem Kumar,1,1,0,run,0,,,129/4
1439790,2,16,5,Shivam Singh,C Sarath Kumar,J Prem Kumar,1,1,0,run,0,,,130/4
1439790,2,16,6,C Sarath Kumar,Shivam Singh,J Prem Kumar,1,1,0,run,0,,,131/4
1439790,2,17,1,C Sarath Kumar,Shivam Singh,Abhishek Baljeetsingh Tanwar,6,6,0,six,0,,,137/4
1439790,2,17,2,C Sarath Kumar,Shivam Singh,Abhishek Baljeetsingh Tanwar,1,1,0,run,0,,,138/4
1439790,2,17,3,Shivam Singh,C Sarath Kumar,Abhishek Baljeetsingh Tanwar,0,0,0,out,1,caught,Shivam Singh,138/5
1439790,2,17,4,Subodh Bhati,C Sarath Kumar,Abhishek Baljeetsingh Tanwar,2,2,0,run,0,,,140/5
1439790,2,17,5,Subodh Bhati,C Sarath Kumar,Abhishek Baljeetsingh Tanwar,0,0,0,no run,0,,,140/5
1439790,2,17,6,Subodh Bhati,C Sarath Kumar,Abhishek Baljeetsingh Tanwar,1,1,0,run,0,,,141/5
1439790,2,18,1,Subodh Bhati,C Sarath Kumar,Ganeshan Periyaswamy,0,0,0,no run,0,,,141/5
1439790,2,18,2,Subodh Bhati,C Sarath Kumar,Ganeshan Periyaswamy,1,1,0,run,0,,,142/5
1439790,2,18,3,C Sarath Kumar,Subodh Bhati,Ganeshan Periyaswamy,0,0,0,no run,0,,,142/5
1439790,2,18,4,C Sarath Kumar,Subodh Bhati,Ganeshan Periyaswamy,1,1,0,run,0,,,143/5
1439790,2,18,5,Subodh Bhati,C Sarath Kumar,Ganeshan Periyaswamy,0,0,0,no run,0,,,143/5
1439790,2,18,6,Subodh Bhati,C Sarath Kumar,Ganeshan Periyaswamy,1,1,0,run,0,,,144/5
1439790,2,19,1,Subodh Bhati,C Sarath Kumar,Abhishek Baljeetsingh Tanwar,1,1,0,run,0,,,145/5
1439790,2,19,2,C Sarath Kumar,Subodh Bhati,Abhishek Baljeetsingh Tanwar,1,1,0,run,0,,,146/5
1439790,2,19,3,Subodh Bhati,C Sarath Kumar,Abhishek Baljeetsingh Tanwar,6,6,0,six,0,,,152/5
1439790,2,19,4,Subodh Bhati,C Sarath Kumar,Abhishek Baljeetsingh Tanwar,1,1,0,run,0,,,153/5
1439790,2,19,5,C Sarath Kumar,Subodh Bhati,Abhishek Baljeetsingh Tanwar,0,0,0,no run,0,,,153/5
1439790,2,19,6,C Sarath Kumar,Subodh Bhati,Abhishek Baljeetsingh Tanwar,1,1,0,run,0,,,154/5
1439790,2,20,1,C Sarath Kumar,Subodh Bhati,Rahil S Shah,0,0,0,out,1,caught,C Sarath Kumar,154/6
1439790,2,20,2,S Dinesh Raj,Subodh Bhati,Rahil S Shah,1,0,1,leg bye,0,,,155/6
1439790,2,20,3,Subodh Bhati,S Dinesh Raj,Rahil S Shah,1,0,1,wide,0,,,156/6
1439790,2,20,4,Subodh Bhati,S Dinesh Raj,Rahil S Shah,0,0,0,no run,0,,,156/6
1439790,2,20,5,Subodh Bhati,S Dinesh Raj,Rahil S Shah,1,1,0,run,0,,,157/6
1439790,2,20,6,S Dinesh Raj,Subodh Bhati,Rahil S Shah,4,4,0,four,0,,,161/6
1439791,1,1,1,VP Amit Sathvik,Tushar Raheja,Sankarankutty Sandeep Warrier,0,0,0,no run,0,,,0/0
1439791,1,1,2,VP Amit Sathvik,Tushar Raheja,Sankarankutty Sandeep Warrier,0,0,0,no run,0,,,0/0
1439791,1,1,3,VP Amit Sathvik,Tushar Raheja,Sankarankutty Sandeep Warrier,4,4,0,four,0,,,4/0
1439791,1,1,4,VP Amit Sathvik,Tushar Raheja,Sankarankutty Sandeep Warrier,1,0,1,leg bye,0,,,5/0
1439791,1,1,5,Tushar Raheja,VP Amit Sathvik,Sankarankutty Sandeep Warrier,0,0,0,no run,0,,,5/0
1439791,1,1,6,Tushar Raheja,VP Amit Sathvik,Sankarankutty Sandeep Warrier,0,0,0,no run,0,,,5/0
1439791,1,2,1,VP Amit Sathvik,Tushar Raheja,VP Diran,0,0,0,no run,0,,,5/0
1439791,1,2,2,VP Amit Sathvik,Tushar Raheja,VP Diran,4,4,0,four,0,,,9/0
1439791,1,2,3,VP Amit Sathvik,Tushar Raheja,VP Diran,0,0,0,no run,0,,,9/0
1439791,1,2,4,VP Amit Sathvik,Tushar Raheja,VP Diran,1,1,0,run,0,,,10/0
1439791,1,2,5,Tushar Raheja,VP Amit Sathvik,VP Diran,1,1,0,run,0,,,11/0
1439791,1,2,6,VP Amit Sathvik,Tushar Raheja,VP Diran,4,4,0,four,0,,,15/0
1439791,1,3,1,Tushar Raheja,VP Amit Sathvik,Sankarankutty Sandeep Warrier,0,0,0,no run,0,,,15/0
1439791,1,3,2,Tushar Raheja,VP Amit Sathvik,Sankarankutty Sandeep Warrier,1,1,0,run,0,,,16/0
1439791,1,3,3,VP Amit Sathvik,Tushar Raheja,Sankarankutty Sandeep Warrier,0,0,0,no run,0,,,16/0
1439791,1,3,4,VP Amit Sathvik,Tushar Raheja,Sankarankutty Sandeep Warrier,0,0,0,no run,0,,,16/0
1439791,1,3,5,VP Amit Sathvik,Tushar Raheja,Sankarankutty Sandeep Warrier,1,1,0,run,0,,,17/0
1439791,1,3,6,Tushar Raheja,VP Amit Sathvik,Sankarankutty Sandeep Warrier,6,6,0,six,0,,,23/0
1439791,1,4,1,VP Amit Sathvik,Tushar Raheja,Ravichandran Ashwin,1,1,0,run,0,,,24/0
1439791,1,4,2,Tushar Raheja,VP Amit Sathvik,Ravichandran Ashwin,0,0,0,no run,0,,,24/0
1439791,1,4,3,Tushar Raheja,VP Amit Sathvik,Ravichandran Ashwin,0,0,0,out,1,stumped,Tushar Raheja,24/1
1439791,1,4,4,Balchander Anirudh,VP Amit Sathvik,Ravichandran Ashwin,0,0,0,no run,0,,,24/1
1439791,1,4,5,Balchander Anirudh,VP Amit Sathvik,Ravichandran Ashwin,4,4,0,four,0,,,28/1
1439791,1,4,6,Balchander Anirudh,VP Amit Sathvik,Ravichandran Ashwin,0,0,0,no run,0,,,28/1
1439791,1,5,1,VP Amit Sathvik,Balchander Anirudh,P Vignesh,0,0,0,no run,0,,,28/1
1439791,1,5,2,VP Amit Sathvik,Balchander Anirudh,P Vignesh,0,0,0,no run,0,,,28/1
1439791,1,5,3,VP Amit Sathvik,Balchander Anirudh,P Vignesh,1,0,1,leg bye,0,,,29/1
1439791,1,5,4,Balchander Anirudh,VP Amit Sathvik,P Vignesh,0,0,0,no run,0,,,29/1
1439791,1,5,5,Balchander Anirudh,VP Amit Sathvik,P Vignesh,1,1,0,run,0,,,30/1
1439791,1,5,6,VP Amit Sathvik,Balchander Anirudh,P Vignesh,1,1,0,run,0,,,31/1
1439791,1,6,1,VP Amit Sathvik,Balchander Anirudh,Sankarankutty Sandeep Warrier,0,0,0,no run,0,,,31/1
1439791,1,6,2,VP Amit Sathvik,Balchander Anirudh,Sankarankutty Sandeep Warrier,0,0,0,out,1,caught,VP Amit Sathvik,31/2
1439791,1,6,3,Sundararaman Radhakrishnan,Balchander Anirudh,Sankarankutty Sandeep Warrier,1,1,0,run,0,,,32/2
1439791,1,6,4,Balchander Anirudh,Sundararaman Radhakrishnan,Sankarankutty Sandeep Warrier,0,0,0,no run,0,,,32/2
1439791,1,6,5,Balchander Anirudh,Sundararaman Radhakrishnan,Sankarankutty Sandeep Warrier,1,1,0,run,0,,,33/2
1439791,1,6,6,Sundararaman Radhakrishnan,Balchander Anirudh,Sankarankutty Sandeep Warrier,0,0,0,no run,0,,,33/2
1439791,1,7,1,Balchander Anirudh,Sundararaman Radhakrishnan,P Vignesh,0,0,0,no run,0,,,33/2
1439791,1,7,2,Balchander Anirudh,Sundararaman Radhakrishnan,P Vignesh,0,0,0,no run,0,,,33/2
1439791,1,7,3,Balchander Anirudh,Sundararaman Radhakrishnan,P Vignesh,0,0,0,out,1,caught,Balchander Anirudh,33/3
1439791,1,7,4,Ravisrinivasan Sai Kishore,Sundararaman Radhakrishnan,P Vignesh,1,1,0,run,0,,,34/3
1439791,1,7,5,Sundararaman Radhakrishnan,Ravisrinivasan Sai Kishore,P Vignesh,1,1,0,run,0,,,35/3
1439791,1,7,6,Ravisrinivasan Sai Kishore,Sundararaman Radhakrishnan,P Vignesh,0,0,0,no run,0,,,35/3
1439791,1,8,1,Sundararaman Radhakrishnan,Ravisrinivasan Sai Kishore,Subodh Bhati,0,0,0,no run,0,,,35/3
1439791,1,8,2,Sundararaman Radhakrishnan,Ravisrinivasan Sai Kishore,Subodh Bhati,0,0,0,no run,0,,,35/3
1439791,1,8,3,Sundararaman Radhakrishnan,Ravisrinivasan Sai Kishore,Subodh Bhati,0,0,0,out,1,caught,Sundararaman Radhakrishnan,35/4
1439791,1,8,4,S Ganesh,Ravisrinivasan Sai Kishore,Subodh Bhati,1,1,0,run,0,,,36/4
1439791,1,8,5,Ravisrinivasan Sai Kishore,S Ganesh,Subodh Bhati,1,0,1,wide,0,,,37/4
1439791,1,8,6,Ravisrinivasan Sai Kishore,S Ganesh,Subodh Bhati,1,1,0,run,0,,,38/4
1439791,1,8,7,S Ganesh,Ravisrinivasan Sai Kishore,Subodh Bhati,0,0,0,no run,0,,,38/4
1439791,1,9,1,Ravisrinivasan Sai Kishore,S Ganesh,Varun Chakravarthy Vinod,0,0,0,no run,0,,,38/4
1439791,1,9,2,Ravisrinivasan Sai Kishore,S Ganesh,Varun Chakravarthy Vinod,0,0,0,out,1,caught,Ravisrinivasan Sai Kishore,38/5
1439791,1,9,3,Maan K Bafna,S Ganesh,Varun Chakravarthy Vinod,0,0,0,no run,0,,,38/5
1439791,1,9,4,Maan K Bafna,S Ganesh,Varun Chakravarthy Vinod,0,0,0,no run,0,,,38/5
1439791,1,9,5,Maan K Bafna,S Ganesh,Varun Chakravarthy Vinod,1,1,0,run,0,,,39/5
1439791,1,9,6,S Ganesh,Maan K Bafna,Varun Chakravarthy Vinod,1,1,0,run,0,,,40/5
1439791,1,10,1,S Ganesh,Maan K Bafna,Ravichandran Ashwin,2,2,0,run,0,,,42/5
1439791,1,10,2,S Ganesh,Maan K Bafna,Ravichandran Ashwin,1,1,0,run,0,,,43/5
1439791,1,10,3,Maan K Bafna,S Ganesh,Ravichandran Ashwin,1,1,0,run,0,,,44/5
1439791,1,10,4,S Ganesh,Maan K Bafna,Ravichandran Ashwin,1,0,1,leg bye,0,,,45/5
1439791,1,10,5,Maan K Bafna,S Ganesh,Ravichandran Ashwin,0,0,0,no run,0,,,45/5
1439791,1,10,6,Maan K Bafna,S Ganesh,Ravichandran Ashwin,0,0,0,no run,0,,,45/5
1439791,1,11,1,S Ganesh,Maan K Bafna,Varun Chakravarthy Vinod,1,1,0,run,0,,,46/5
1439791,1,11,2,Maan K Bafna,S Ganesh,Varun Chakravarthy Vinod,1,1,0,run,0,,,47/5
1439791,1,11,3,S Ganesh,Maan K Bafna,Varun Chakravarthy Vinod,1,1,0,run,0,,,48/5
1439791,1,11,4,Maan K Bafna,S Ganesh,Varun Chakravarthy Vinod,6,6,0,six,0,,,54/5
1439791,1,11,5,Maan K Bafna,S Ganesh,Varun Chakravarthy Vinod,0,0,0,no run,0,,,54/5
1439791,1,11,6,Maan K Bafna,S Ganesh,Varun Chakravarthy Vinod,0,0,0,no run,0,,,54/5
1439791,1,12,1,S Ganesh,Maan K Bafna,Ravichandran Ashwin,1,1,0,run,0,,,55/5
1439791,1,12,2,Maan K Bafna,S Ganesh,Ravichandran Ashwin,0,0,0,no run,0,,,55/5
1439791,1,12,3,Maan K Bafna,S Ganesh,Ravichandran Ashwin,0,0,0,no run,0,,,55/5
1439791,1,12,4,Maan K Bafna,S Ganesh,Ravichandran Ashwin,1,1,0,run,0,,,56/5
1439791,1,12,5,S Ganesh,Maan K Bafna,Ravichandran Ashwin,6,6,0,six,0,,,62/5
1439791,1,12,6,S Ganesh,Maan K Bafna,Ravichandran Ashwin,0,0,0,no run,0,,,62/5
1439791,1,13,1,Maan K Bafna,S Ganesh,Subodh Bhati,1,1,0,run,0,,,63/5
1439791,1,13,2,S Ganesh,Maan K Bafna,Subodh Bhati,1,0,1,wide,0,,,64/5
1439791,1,13,3,S Ganesh,Maan K Bafna,Subodh Bhati,1,1,0,run,0,,,65/5
1439791,1,13,4,Maan K Bafna,S Ganesh,Subodh Bhati,6,6,0,six,0,,,71/5
1439791,1,13,5,Maan K Bafna,S Ganesh,Subodh Bhati,4,4,0,four,0,,,75/5
1439791,1,13,6,Maan K Bafna,S Ganesh,Subodh Bhati,4,4,0,four,0,,,79/5
1439791,1,13,7,Maan K Bafna,S Ganesh,Subodh Bhati,1,1,0,run,0,,,80/5
1439791,1,14,1,Maan K Bafna,S Ganesh,P Vignesh,0,0,0,out,1,caught,Maan K Bafna,80/6
1439791,1,14,2,S Mohamed Ali,S Ganesh,P Vignesh,0,0,0,no run,0,,,80/6
1439791,1,14,3,S Mohamed Ali,S Ganesh,P Vignesh,1,1,0,run,0,,,81/6
1439791,1,14,4,S Ganesh,S Mohamed Ali,P Vignesh,0,0,0,no run,0,,,81/6
1439791,1,14,5,S Ganesh,S Mohamed Ali,P Vignesh,1,1,0,run,0,,,82/6
1439791,1,14,6,S Mohamed Ali,S Ganesh,P Vignesh,1,1,0,run,0,,,83/6
1439791,1,15,1,S Mohamed Ali,S Ganesh,Varun Chakravarthy Vinod,0,0,0,out,1,caught,S Mohamed Ali,83/7
1439791,1,15,2,Ramalingam Rohit,S Ganesh,Varun Chakravarthy Vinod,2,2,0,run,0,,,85/7
1439791,1,15,3,Ramalingam Rohit,S Ganesh,Varun Chakravarthy Vinod,1,1,0,run,0,,,86/7
1439791,1,15,4,S Ganesh,Ramalingam Rohit,Varun Chakravarthy Vinod,1,1,0,run,0,,,87/7
1439791,1,15,5,Ramalingam Rohit,S Ganesh,Varun Chakravarthy Vinod,0,0,0,no run,0,,,87/7
1439791,1,15,6,Ramalingam Rohit,S Ganesh,Varun Chakravarthy Vinod,0,0,0,no run,0,,,87/7
1439791,1,16,1,S Ganesh,Ramalingam Rohit,P Vignesh,0,0,0,out,1,caught,S Ganesh,87/8
1439791,1,16,2, Sriram Ajith Ram,Ramalingam Rohit,P Vignesh,0,0,0,no run,0,,,87/8
1439791,1,16,3, Sriram Ajith Ram,Ramalingam Rohit,P Vignesh,0,0,0,no run,0,,,87/8
1439791,1,16,4, Sriram Ajith Ram,Ramalingam Rohit,P Vignesh,0,0,0,no run,0,,,87/8
1439791,1,16,5, Sriram Ajith Ram,Ramalingam Rohit,P Vignesh,0,0,0,no run,0,,,87/8
1439791,1,16,6, Sriram Ajith Ram,Ramalingam Rohit,P Vignesh,1,1,0,run,0,,,88/8
1439791,1,17,1, Sriram Ajith Ram,Ramalingam Rohit,Varun Chakravarthy Vinod,0,0,0,no run,0,,,88/8
1439791,1,17,2, Sriram Ajith Ram,Ramalingam Rohit,Varun Chakravarthy Vinod,0,0,0,no run,0,,,88/8
1439791,1,17,3, Sriram Ajith Ram,Ramalingam Rohit,Varun Chakravarthy Vinod,1,1,0,run,0,,,89/8
1439791,1,17,4,Ramalingam Rohit, Sriram Ajith Ram,Varun Chakravarthy Vinod,0,0,0,no run,0,,,89/8
1439791,1,17,5,Ramalingam Rohit, Sriram Ajith Ram,Varun Chakravarthy Vinod,0,0,0,no run,0,,,89/8
1439791,1,17,6,Ramalingam Rohit, Sriram Ajith Ram,Varun Chakravarthy Vinod,1,1,0,run,0,,,90/8
1439791,1,18,1,Ramalingam Rohit, Sriram Ajith Ram,Ravichandran Ashwin,1,1,0,run,0,,,91/8
1439791,1,18,2, Sriram Ajith Ram,Ramalingam Rohit,Ravichandran Ashwin,1,1,0,run,0,,,92/8
1439791,1,18,3,Ramalingam Rohit, Sriram Ajith Ram,Ravichandran Ashwin,1,1,0,run,0,,,93/8
1439791,1,18,4, Sriram Ajith Ram,Ramalingam Rohit,Ravichandran Ashwin,2,2,0,run,0,,,95/8
1439791,1,18,5, Sriram Ajith Ram,Ramalingam Rohit,Ravichandran Ashwin,1,1,0,run,0,,,96/8
1439791,1,18,6,Ramalingam Rohit, Sriram Ajith Ram,Ravichandran Ashwin,4,4,0,four,0,,,100/8
1439791,1,19,1, Sriram Ajith Ram,Ramalingam Rohit,Subodh Bhati,1,1,0,run,0,,,101/8
1439791,1,19,2,Ramalingam Rohit, Sriram Ajith Ram,Subodh Bhati,1,1,0,run,0,,,102/8
1439791,1,19,3, Sriram Ajith Ram,Ramalingam Rohit,Subodh Bhati,0,0,0,no run,0,,,102/8
1439791,1,19,4, Sriram Ajith Ram,Ramalingam Rohit,Subodh Bhati,1,0,1,wide,0,,,103/8
1439791,1,19,5, Sriram Ajith Ram,Ramalingam Rohit,Subodh Bhati,1,1,0,run,0,,,104/8
1439791,1,19,6,Ramalingam Rohit, Sriram Ajith Ram,Subodh Bhati,1,1,0,run,0,,,105/8
1439791,1,19,7, Sriram Ajith Ram,Ramalingam Rohit,Subodh Bhati,0,0,0,out,1,bowled, Sriram Ajith Ram,105/9
1439791,1,20,1,Ramalingam Rohit,P Bhuvaneswaran,Sankarankutty Sandeep Warrier,1,1,0,run,0,,,106/9
1439791,1,20,2,P Bhuvaneswaran,Ramalingam Rohit,Sankarankutty Sandeep Warrier,1,1,0,run,0,,,107/9
1439791,1,20,3,Ramalingam Rohit,P Bhuvaneswaran,Sankarankutty Sandeep Warrier,1,1,0,run,0,,,108/9
1439791,1,20,4,P Bhuvaneswaran,Ramalingam Rohit,Sankarankutty Sandeep Warrier,0,0,0,out,1,run out,Ramalingam Rohit,108/10
1439791,2,1,1,R Vimal Khumar,Ravichandran Ashwin,Thangarasu Natarajan,1,0,1,wide,0,,,1/0
1439791,2,1,2,R Vimal Khumar,Ravichandran Ashwin,Thangarasu Natarajan,0,0,0,no run,0,,,1/0
1439791,2,1,3,R Vimal Khumar,Ravichandran Ashwin,Thangarasu Natarajan,0,0,0,no run,0,,,1/0
1439791,2,1,4,R Vimal Khumar,Ravichandran Ashwin,Thangarasu Natarajan,1,0,1,wide,0,,,2/0
1439791,2,1,5,R Vimal Khumar,Ravichandran Ashwin,Thangarasu Natarajan,1,1,0,run,0,,,3/0
1439791,2,1,6,Ravichandran Ashwin,R Vimal Khumar,Thangarasu Natarajan,0,0,0,no run,0,,,3/0
1439791,2,1,7,Ravichandran Ashwin,R Vimal Khumar,Thangarasu Natarajan,0,0,0,no run,0,,,3/0
1439791,2,1,8,Ravichandran Ashwin,R Vimal Khumar,Thangarasu Natarajan,4,4,0,four,0,,,7/0
1439791,2,2,1,R Vimal Khumar,Ravichandran Ashwin, Sriram Ajith Ram,1,1,0,run,0,,,8/0
1439791,2,2,2,Ravichandran Ashwin,R Vimal Khumar, Sriram Ajith Ram,1,1,0,run,0,,,9/0
1439791,2,2,3,R Vimal Khumar,Ravichandran Ashwin, Sriram Ajith Ram,1,1,0,run,0,,,10/0
1439791,2,2,4,Ravichandran Ashwin,R Vimal Khumar, Sriram Ajith Ram,0,0,0,no run,0,,,10/0
1439791,2,2,5,Ravichandran Ashwin,R Vimal Khumar, Sriram Ajith Ram,0,0,0,no run,0,,,10/0
1439791,2,2,6,Ravichandran Ashwin,R Vimal Khumar, Sriram Ajith Ram,0,0,0,no run,0,,,10/0
1439791,2,3,1,R Vimal Khumar,Ravichandran Ashwin,Thangarasu Natarajan,0,0,0,no run,0,,,10/0
1439791,2,3,2,R Vimal Khumar,Ravichandran Ashwin,Thangarasu Natarajan,0,0,0,no run,0,,,10/0
1439791,2,3,3,R Vimal Khumar,Ravichandran Ashwin,Thangarasu Natarajan,0,0,0,no run,0,,,10/0
1439791,2,3,4,R Vimal Khumar,Ravichandran Ashwin,Thangarasu Natarajan,0,0,0,no run,0,,,10/0
1439791,2,3,5,R Vimal Khumar,Ravichandran Ashwin,Thangarasu Natarajan,0,0,0,no run,0,,,10/0
1439791,2,3,6,R Vimal Khumar,Ravichandran Ashwin,Thangarasu Natarajan,4,4,0,four,0,,,14/0
1439791,2,4,1,Ravichandran Ashwin,R Vimal Khumar, Sriram Ajith Ram,0,0,0,no run,0,,,14/0
1439791,2,4,2,Ravichandran Ashwin,R Vimal Khumar, Sriram Ajith Ram,4,4,0,four,0,,,18/0
1439791,2,4,3,Ravichandran Ashwin,R Vimal Khumar, Sriram Ajith Ram,4,4,0,four,0,,,22/0
1439791,2,4,4,Ravichandran Ashwin,R Vimal Khumar, Sriram Ajith Ram,0,0,0,no run,0,,,22/0
1439791,2,4,5,Ravichandran Ashwin,R Vimal Khumar, Sriram Ajith Ram,4,4,0,four,0,,,26/0
1439791,2,4,6,Ravichandran Ashwin,R Vimal Khumar, Sriram Ajith Ram,5,0,5,wide,0,,,31/0
1439791,2,4,7,Ravichandran Ashwin,R Vimal Khumar, Sriram Ajith Ram,0,0,0,no run,0,,,31/0
1439791,2,5,1,R Vimal Khumar,Ravichandran Ashwin,Ravisrinivasan Sai Kishore,1,1,0,run,0,,,32/0
1439791,2,5,2,Ravichandran Ashwin,R Vimal Khumar,Ravisrinivasan Sai Kishore,6,6,0,six,0,,,38/0
1439791,2,5,3,Ravichandran Ashwin,R Vimal Khumar,Ravisrinivasan Sai Kishore,4,4,0,four,0,,,42/0
1439791,2,5,4,Ravichandran Ashwin,R Vimal Khumar,Ravisrinivasan Sai Kishore,4,4,0,four,0,,,46/0
1439791,2,5,5,Ravichandran Ashwin,R Vimal Khumar,Ravisrinivasan Sai Kishore,1,1,0,run,0,,,47/0
1439791,2,5,6,R Vimal Khumar,Ravichandran Ashwin,Ravisrinivasan Sai Kishore,1,1,0,run,0,,,48/0
1439791,2,6,1,R Vimal Khumar,Ravichandran Ashwin, Sriram Ajith Ram,0,0,0,no run,0,,,48/0
1439791,2,6,2,R Vimal Khumar,Ravichandran Ashwin, Sriram Ajith Ram,6,6,0,six,0,,,54/0
1439791,2,6,3,R Vimal Khumar,Ravichandran Ashwin, Sriram Ajith Ram,0,0,0,no run,0,,,54/0
1439791,2,6,4,R Vimal Khumar,Ravichandran Ashwin, Sriram Ajith Ram,2,2,0,run,0,,,56/0
1439791,2,6,5,R Vimal Khumar,Ravichandran Ashwin, Sriram Ajith Ram,0,0,0,no run,0,,,56/0
1439791,2,6,6,R Vimal Khumar,Ravichandran Ashwin, Sriram Ajith Ram,1,1,0,run,0,,,57/0
1439791,2,7,1,R Vimal Khumar,Ravichandran Ashwin,S Mohamed Ali,0,0,0,no run,0,,,57/0
1439791,2,7,2,R Vimal Khumar,Ravichandran Ashwin,S Mohamed Ali,6,6,0,six,0,,,63/0
1439791,2,7,3,R Vimal Khumar,Ravichandran Ashwin,S Mohamed Ali,2,2,0,run,0,,,65/0
1439791,2,7,4,R Vimal Khumar,Ravichandran Ashwin,S Mohamed Ali,0,0,0,no run,0,,,65/0
1439791,2,7,5,R Vimal Khumar,Ravichandran Ashwin,S Mohamed Ali,1,1,0,run,0,,,66/0
1439791,2,7,6,Ravichandran Ashwin,R Vimal Khumar,S Mohamed Ali,1,1,0,run,0,,,67/0
1439791,2,8,1,Ravichandran Ashwin,R Vimal Khumar,Ravisrinivasan Sai Kishore,1,1,0,run,0,,,68/0
1439791,2,8,2,R Vimal Khumar,Ravichandran Ashwin,Ravisrinivasan Sai Kishore,1,1,0,run,0,,,69/0
1439791,2,8,3,Ravichandran Ashwin,R Vimal Khumar,Ravisrinivasan Sai Kishore,4,4,0,four,0,,,73/0
1439791,2,8,4,Ravichandran Ashwin,R Vimal Khumar,Ravisrinivasan Sai Kishore,0,0,0,no run,0,,,73/0
1439791,2,8,5,Ravichandran Ashwin,R Vimal Khumar,Ravisrinivasan Sai Kishore,4,4,0,four,0,,,77/0
1439791,2,8,6,Ravichandran Ashwin,R Vimal Khumar,Ravisrinivasan Sai Kishore,4,4,0,four,0,,,81/0
1439791,2,9,1,R Vimal Khumar,Ravichandran Ashwin,P Bhuvaneswaran,0,0,0,no run,0,,,81/0
1439791,2,9,2,R Vimal Khumar,Ravichandran Ashwin,P Bhuvaneswaran,0,0,0,out,1,caught,R Vimal Khumar,81/1
1439791,2,9,3,Baba Indrajith,Ravichandran Ashwin,P Bhuvaneswaran,1,1,0,run,0,,,82/1
1439791,2,9,4,Ravichandran Ashwin,Baba Indrajith,P Bhuvaneswaran,1,1,0,run,0,,,83/1
1439791,2,9,5,Baba Indrajith,Ravichandran Ashwin,P Bhuvaneswaran,1,1,0,run,0,,,84/1
1439791,2,9,6,Ravichandran Ashwin,Baba Indrajith,P Bhuvaneswaran,4,4,0,four,0,,,88/1
1439791,2,10,1,Baba Indrajith,Ravichandran Ashwin,Ramalingam Rohit,1,1,0,run,0,,,89/1
1439791,2,10,2,Ravichandran Ashwin,Baba Indrajith,Ramalingam Rohit,4,4,0,four,0,,,93/1
1439791,2,10,3,Ravichandran Ashwin,Baba Indrajith,Ramalingam Rohit,1,1,0,run,0,,,94/1
1439791,2,10,4,Baba Indrajith,Ravichandran Ashwin,Ramalingam Rohit,1,1,0,run,0,,,95/1
1439791,2,10,5,Ravichandran Ashwin,Baba Indrajith,Ramalingam Rohit,1,1,0,run,0,,,96/1
1439791,2,10,6,Baba Indrajith,Ravichandran Ashwin,Ramalingam Rohit,1,1,0,run,0,,,97/1
1439791,2,11,1,Baba Indrajith,Ravichandran Ashwin,P Bhuvaneswaran,0,0,0,no run,0,,,97/1
1439791,2,11,2,Baba Indrajith,Ravichandran Ashwin,P Bhuvaneswaran,2,2,0,run,0,,,99/1
1439791,2,11,3,Baba Indrajith,Ravichandran Ashwin,P Bhuvaneswaran,1,1,0,run,0,,,100/1
1439791,2,11,4,Ravichandran Ashwin,Baba Indrajith,P Bhuvaneswaran,6,6,0,six,0,,,106/1
1439791,2,11,5,Ravichandran Ashwin,Baba Indrajith,P Bhuvaneswaran,6,6,0,six,0,,,112/1
1439792,1,1,1,S Sujay,Jayaraman Suresh Kumar,Sankarankutty Sandeep Warrier,1,1,0,run,0,,,1/0
1439792,1,1,2,Jayaraman Suresh Kumar,S Sujay,Sankarankutty Sandeep Warrier,1,1,0,run,0,,,2/0
1439792,1,1,3,S Sujay,Jayaraman Suresh Kumar,Sankarankutty Sandeep Warrier,1,1,0,run,0,,,3/0
1439792,1,1,4,Jayaraman Suresh Kumar,S Sujay,Sankarankutty Sandeep Warrier,0,0,0,no run,0,,,3/0
1439792,1,1,5,Jayaraman Suresh Kumar,S Sujay,Sankarankutty Sandeep Warrier,0,0,0,no run,0,,,3/0
1439792,1,1,6,Jayaraman Suresh Kumar,S Sujay,Sankarankutty Sandeep Warrier,4,4,0,four,0,,,7/0
1439792,1,2,1,S Sujay,Jayaraman Suresh Kumar,VP Diran,4,4,0,run,0,,,11/0
1439792,1,2,2,S Sujay,Jayaraman Suresh Kumar,VP Diran,1,1,0,run,0,,,12/0
1439792,1,2,3,Jayaraman Suresh Kumar,S Sujay,VP Diran,1,1,0,run,0,,,13/0
1439792,1,2,4,S Sujay,Jayaraman Suresh Kumar,VP Diran,1,1,0,run,0,,,14/0
1439792,1,2,5,Jayaraman Suresh Kumar,S Sujay,VP Diran,4,4,0,four,0,,,18/0
1439792,1,2,6,Jayaraman Suresh Kumar,S Sujay,VP Diran,1,1,0,run,0,,,19/0
1439792,1,3,1,Jayaraman Suresh Kumar,S Sujay,Sankarankutty Sandeep Warrier,0,0,0,no run,0,,,19/0
1439792,1,3,2,Jayaraman Suresh Kumar,S Sujay,Sankarankutty Sandeep Warrier,0,0,0,out,1,caught,Jayaraman Suresh Kumar,19/1
1439792,1,3,3,Bhardwaj Sai Sudharsan,S Sujay,Sankarankutty Sandeep Warrier,1,0,1,wide,0,,,20/1
1439792,1,3,4,Bhardwaj Sai Sudharsan,S Sujay,Sankarankutty Sandeep Warrier,1,1,0,run,0,,,21/1
1439792,1,3,5,S Sujay,Bhardwaj Sai Sudharsan,Sankarankutty Sandeep Warrier,4,4,0,four,0,,,25/1
1439792,1,3,6,S Sujay,Bhardwaj Sai Sudharsan,Sankarankutty Sandeep Warrier,2,2,0,run,0,,,27/1
1439792,1,3,7,S Sujay,Bhardwaj Sai Sudharsan,Sankarankutty Sandeep Warrier,0,0,0,no run,0,,,27/1
1439792,1,4,1,Bhardwaj Sai Sudharsan,S Sujay,Ravichandran Ashwin,2,2,0,run,0,,,29/1
1439792,1,4,2,Bhardwaj Sai Sudharsan,S Sujay,Ravichandran Ashwin,0,0,0,no run,0,,,29/1
1439792,1,4,3,Bhardwaj Sai Sudharsan,S Sujay,Ravichandran Ashwin,0,0,0,no run,0,,,29/1
1439792,1,4,4,Bhardwaj Sai Sudharsan,S Sujay,Ravichandran Ashwin,0,0,0,no run,0,,,29/1
1439792,1,4,5,Bhardwaj Sai Sudharsan,S Sujay,Ravichandran Ashwin,0,0,0,no run,0,,,29/1
1439792,1,4,6,Bhardwaj Sai Sudharsan,S Sujay,Ravichandran Ashwin,1,1,0,run,0,,,30/1
1439792,1,5,1,Bhardwaj Sai Sudharsan,S Sujay,VP Diran,2,2,0,run,0,,,32/1
1439792,1,5,2,Bhardwaj Sai Sudharsan,S Sujay,VP Diran,6,6,0,six,0,,,38/1
1439792,1,5,3,Bhardwaj Sai Sudharsan,S Sujay,VP Diran,1,0,1,wide,0,,,39/1
1439792,1,5,4,Bhardwaj Sai Sudharsan,S Sujay,VP Diran,1,1,0,run,0,,,40/1
1439792,1,5,5,S Sujay,Bhardwaj Sai Sudharsan,VP Diran,4,4,0,four,0,,,44/1
1439792,1,5,6,S Sujay,Bhardwaj Sai Sudharsan,VP Diran,4,4,0,four,0,,,48/1
1439792,1,5,7,S Sujay,Bhardwaj Sai Sudharsan,VP Diran,0,0,0,no run,0,,,48/1
1439792,1,6,1,Bhardwaj Sai Sudharsan,S Sujay,Varun Chakravarthy Vinod,0,0,0,no run,0,,,48/1
1439792,1,6,2,Bhardwaj Sai Sudharsan,S Sujay,Varun Chakravarthy Vinod,0,0,0,no run,0,,,48/1
1439792,1,6,3,Bhardwaj Sai Sudharsan,S Sujay,Varun Chakravarthy Vinod,1,1,0,run,0,,,49/1
1439792,1,6,4,S Sujay,Bhardwaj Sai Sudharsan,Varun Chakravarthy Vinod,0,0,0,out,1,stumped,S Sujay,49/2
1439792,1,6,5,U Mukilesh,Bhardwaj Sai Sudharsan,Varun Chakravarthy Vinod,0,0,0,out,1,bowled,U Mukilesh,49/3
1439792,1,6,6,R Ram Arvindh,Bhardwaj Sai Sudharsan,Varun Chakravarthy Vinod,1,1,0,run,0,,,50/3
1439792,1,7,1,R Ram Arvindh,Bhardwaj Sai Sudharsan,P Vignesh,1,1,0,run,0,,,51/3
1439792,1,7,2,Bhardwaj Sai Sudharsan,R Ram Arvindh,P Vignesh,0,0,0,out,1,caught,Bhardwaj Sai Sudharsan,51/4
1439792,1,7,3,Atheeq Ur Rahman,R Ram Arvindh,P Vignesh,0,0,0,no run,0,,,51/4
1439792,1,7,4,Atheeq Ur Rahman,R Ram Arvindh,P Vignesh,1,1,0,run,0,,,52/4
1439792,1,7,5,R Ram Arvindh,Atheeq Ur Rahman,P Vignesh,1,1,0,run,0,,,53/4
1439792,1,7,6,Atheeq Ur Rahman,R Ram Arvindh,P Vignesh,1,1,0,run,0,,,54/4
1439792,1,8,1,Atheeq Ur Rahman,R Ram Arvindh,Ravichandran Ashwin,1,1,0,run,0,,,55/4
1439792,1,8,2,R Ram Arvindh,Atheeq Ur Rahman,Ravichandran Ashwin,0,0,0,no run,0,,,55/4
1439792,1,8,3,R Ram Arvindh,Atheeq Ur Rahman,Ravichandran Ashwin,1,1,0,run,0,,,56/4
1439792,1,8,4,Atheeq Ur Rahman,R Ram Arvindh,Ravichandran Ashwin,0,0,0,no run,0,,,56/4
1439792,1,8,5,Atheeq Ur Rahman,R Ram Arvindh,Ravichandran Ashwin,1,1,0,run,0,,,57/4
1439792,1,8,6,R Ram Arvindh,Atheeq Ur Rahman,Ravichandran Ashwin,0,0,0,no run,0,,,57/4
1439792,1,9,1,Atheeq Ur Rahman,R Ram Arvindh,P Vignesh,1,1,0,run,0,,,58/4
1439792,1,9,2,R Ram Arvindh,Atheeq Ur Rahman,P Vignesh,0,0,0,no run,0,,,58/4
1439792,1,9,3,R Ram Arvindh,Atheeq Ur Rahman,P Vignesh,1,1,0,run,0,,,59/4
1439792,1,9,4,Atheeq Ur Rahman,R Ram Arvindh,P Vignesh,2,2,0,run,0,,,61/4
1439792,1,9,5,Atheeq Ur Rahman,R Ram Arvindh,P Vignesh,1,1,0,run,0,,,62/4
1439792,1,9,6,R Ram Arvindh,Atheeq Ur Rahman,P Vignesh,0,0,0,no run,0,,,62/4
1439792,1,10,1,Atheeq Ur Rahman,R Ram Arvindh,Varun Chakravarthy Vinod,1,1,0,run,0,,,63/4
1439792,1,10,2,R Ram Arvindh,Atheeq Ur Rahman,Varun Chakravarthy Vinod,1,1,0,run,0,,,64/4
1439792,1,10,3,Atheeq Ur Rahman,R Ram Arvindh,Varun Chakravarthy Vinod,4,4,0,four,0,,,68/4
1439792,1,10,4,Atheeq Ur Rahman,R Ram Arvindh,Varun Chakravarthy Vinod,6,6,0,six,0,,,74/4
1439792,1,10,5,Atheeq Ur Rahman,R Ram Arvindh,Varun Chakravarthy Vinod,1,1,0,run,0,,,75/4
1439792,1,10,6,R Ram Arvindh,Atheeq Ur Rahman,Varun Chakravarthy Vinod,0,0,0,no run,0,,,75/4
1439792,1,11,1,Atheeq Ur Rahman,R Ram Arvindh,Subodh Bhati,1,1,0,run,0,,,76/4
1439792,1,11,2,R Ram Arvindh,Atheeq Ur Rahman,Subodh Bhati,6,6,0,six,0,,,82/4
1439792,1,11,3,R Ram Arvindh,Atheeq Ur Rahman,Subodh Bhati,1,1,0,run,0,,,83/4
1439792,1,11,4,Atheeq Ur Rahman,R Ram Arvindh,Subodh Bhati,0,0,0,no run,0,,,83/4
1439792,1,11,5,Atheeq Ur Rahman,R Ram Arvindh,Subodh Bhati,4,4,0,four,0,,,87/4
1439792,1,11,6,Atheeq Ur Rahman,R Ram Arvindh,Subodh Bhati,0,0,0,out,1,caught,Atheeq Ur Rahman,87/5
1439792,1,12,1,R Ram Arvindh,Masood Shahrukh Khan,Ravichandran Ashwin,0,0,0,no run,0,,,87/5
1439792,1,12,2,R Ram Arvindh,Masood Shahrukh Khan,Ravichandran Ashwin,1,1,0,run,0,,,88/5
1439792,1,12,3,Masood Shahrukh Khan,R Ram Arvindh,Ravichandran Ashwin,0,0,0,no run,0,,,88/5
1439792,1,12,4,Masood Shahrukh Khan,R Ram Arvindh,Ravichandran Ashwin,1,1,0,run,0,,,89/5
1439792,1,12,5,R Ram Arvindh,Masood Shahrukh Khan,Ravichandran Ashwin,1,1,0,run,0,,,90/5
1439792,1,12,6,Masood Shahrukh Khan,R Ram Arvindh,Ravichandran Ashwin,1,1,0,run,0,,,91/5
1439792,1,13,1,Masood Shahrukh Khan,R Ram Arvindh,P Vignesh,1,1,0,run,0,,,92/5
1439792,1,13,2,R Ram Arvindh,Masood Shahrukh Khan,P Vignesh,1,1,0,run,0,,,93/5
1439792,1,13,3,Masood Shahrukh Khan,R Ram Arvindh,P Vignesh,0,0,0,no run,0,,,93/5
1439792,1,13,4,Masood Shahrukh Khan,R Ram Arvindh,P Vignesh,0,0,0,no run,0,,,93/5
1439792,1,13,5,Masood Shahrukh Khan,R Ram Arvindh,P Vignesh,0,0,0,out,1,caught,Masood Shahrukh Khan,93/6
1439792,1,13,6,M Mohammed,R Ram Arvindh,P Vignesh,0,0,0,no run,0,,,93/6
1439792,1,14,1,R Ram Arvindh,M Mohammed,Varun Chakravarthy Vinod,1,1,0,run,0,,,94/6
1439792,1,14,2,M Mohammed,R Ram Arvindh,Varun Chakravarthy Vinod,1,1,0,run,0,,,95/6
1439792,1,14,3,R Ram Arvindh,M Mohammed,Varun Chakravarthy Vinod,1,1,0,run,0,,,96/6
1439792,1,14,4,M Mohammed,R Ram Arvindh,Varun Chakravarthy Vinod,1,1,0,run,0,,,97/6
1439792,1,14,5,R Ram Arvindh,M Mohammed,Varun Chakravarthy Vinod,1,1,0,run,0,,,98/6
1439792,1,14,6,M Mohammed,R Ram Arvindh,Varun Chakravarthy Vinod,1,1,0,run,0,,,99/6
1439792,1,15,1,M Mohammed,R Ram Arvindh,P Vignesh,0,0,0,no run,0,,,99/6
1439792,1,15,2,M Mohammed,R Ram Arvindh,P Vignesh,0,0,0,no run,0,,,99/6
1439792,1,15,3,M Mohammed,R Ram Arvindh,P Vignesh,2,2,0,run,0,,,101/6
1439792,1,15,4,M Mohammed,R Ram Arvindh,P Vignesh,1,1,0,run,0,,,102/6
1439792,1,15,5,R Ram Arvindh,M Mohammed,P Vignesh,0,0,0,no run,0,,,102/6
1439792,1,15,6,R Ram Arvindh,M Mohammed,P Vignesh,1,1,0,run,0,,,103/6
1439792,1,16,1,R Ram Arvindh,M Mohammed,Sankarankutty Sandeep Warrier,1,1,0,run,0,,,104/6
1439792,1,16,2,M Mohammed,R Ram Arvindh,Sankarankutty Sandeep Warrier,0,0,0,no run,0,,,104/6
1439792,1,16,3,M Mohammed,R Ram Arvindh,Sankarankutty Sandeep Warrier,1,1,0,run,0,,,105/6
1439792,1,16,4,R Ram Arvindh,M Mohammed,Sankarankutty Sandeep Warrier,2,2,0,run,0,,,107/6
1439792,1,16,5,R Ram Arvindh,M Mohammed,Sankarankutty Sandeep Warrier,4,4,0,four,0,,,111/6
1439792,1,16,6,R Ram Arvindh,M Mohammed,Sankarankutty Sandeep Warrier,0,0,0,out,1,caught,R Ram Arvindh,111/7
1439792,1,17,1,M Mohammed,Manimaran Siddharth,Ravichandran Ashwin,0,0,0,no run,0,,,111/7
1439792,1,17,2,M Mohammed,Manimaran Siddharth,Ravichandran Ashwin,1,1,0,run,0,,,112/7
1439792,1,17,3,Manimaran Siddharth,M Mohammed,Ravichandran Ashwin,0,0,0,no run,0,,,112/7
1439792,1,17,4,Manimaran Siddharth,M Mohammed,Ravichandran Ashwin,1,1,0,run,0,,,113/7
1439792,1,17,5,M Mohammed,Manimaran Siddharth,Ravichandran Ashwin,1,1,0,run,0,,,114/7
1439792,1,17,6,Manimaran Siddharth,M Mohammed,Ravichandran Ashwin,0,0,0,no run,0,,,114/7
1439792,1,18,1,M Mohammed,Manimaran Siddharth,Varun Chakravarthy Vinod,1,1,0,run,0,,,115/7
1439792,1,18,2,Manimaran Siddharth,M Mohammed,Varun Chakravarthy Vinod,1,0,1,leg bye,0,,,116/7
1439792,1,18,3,M Mohammed,Manimaran Siddharth,Varun Chakravarthy Vinod,1,1,0,run,0,,,117/7
1439792,1,18,4,Manimaran Siddharth,M Mohammed,Varun Chakravarthy Vinod,1,1,0,run,0,,,118/7
1439792,1,18,5,M Mohammed,Manimaran Siddharth,Varun Chakravarthy Vinod,1,1,0,run,0,,,119/7
1439792,1,18,6,Manimaran Siddharth,M Mohammed,Varun Chakravarthy Vinod,1,1,0,run,0,,,120/7
1439792,1,19,1,Manimaran Siddharth,M Mohammed,Sankarankutty Sandeep Warrier,1,0,1,wide,0,,,121/7
1439792,1,19,2,Manimaran Siddharth,M Mohammed,Sankarankutty Sandeep Warrier,0,0,0,no run,0,,,121/7
1439792,1,19,3,Manimaran Siddharth,M Mohammed,Sankarankutty Sandeep Warrier,1,1,0,run,0,,,122/7
1439792,1,19,4,M Mohammed,Manimaran Siddharth,Sankarankutty Sandeep Warrier,0,0,0,no run,0,,,122/7
1439792,1,19,5,M Mohammed,Manimaran Siddharth,Sankarankutty Sandeep Warrier,1,0,1,leg bye,0,,,123/7
1439792,1,19,6,Manimaran Siddharth,M Mohammed,Sankarankutty Sandeep Warrier,0,0,0,no run,0,,,123/7
1439792,1,19,7,Manimaran Siddharth,M Mohammed,Sankarankutty Sandeep Warrier,1,1,0,run,0,,,124/7
1439792,1,20,1,Manimaran Siddharth,M Mohammed,Subodh Bhati,1,1,0,run,0,,,125/7
1439792,1,20,2,M Mohammed,Manimaran Siddharth,Subodh Bhati,0,0,0,no run,0,,,125/7
1439792,1,20,3,M Mohammed,Manimaran Siddharth,Subodh Bhati,1,1,0,run,0,,,126/7
1439792,1,20,4,Manimaran Siddharth,M Mohammed,Subodh Bhati,1,1,0,run,0,,,127/7
1439792,1,20,5,M Mohammed,Manimaran Siddharth,Subodh Bhati,0,0,0,no run,0,,,127/7
1439792,1,20,6,M Mohammed,Manimaran Siddharth,Subodh Bhati,2,2,0,run,0,,,129/7
1439792,2,1,1,R Vimal Khumar,Shivam Singh,K Gowtham Thamarai Kannan,0,0,0,no run,0,,,0/0
1439792,2,1,2,R Vimal Khumar,Shivam Singh,K Gowtham Thamarai Kannan,0,0,0,no run,0,,,0/0
1439792,2,1,3,R Vimal Khumar,Shivam Singh,K Gowtham Thamarai Kannan,0,0,0,no run,0,,,0/0
1439792,2,1,4,R Vimal Khumar,Shivam Singh,K Gowtham Thamarai Kannan,4,4,0,four,0,,,4/0
1439792,2,1,5,R Vimal Khumar,Shivam Singh,K Gowtham Thamarai Kannan,4,4,0,four,0,,,8/0
1439792,2,1,6,R Vimal Khumar,Shivam Singh,K Gowtham Thamarai Kannan,0,0,0,no run,0,,,8/0
1439792,2,2,1,Shivam Singh,R Vimal Khumar,Manimaran Siddharth,4,4,0,four,0,,,12/0
1439792,2,2,2,Shivam Singh,R Vimal Khumar,Manimaran Siddharth,0,0,0,no run,0,,,12/0
1439792,2,2,3,Shivam Singh,R Vimal Khumar,Manimaran Siddharth,0,0,0,out,1,caught,Shivam Singh,12/1
1439792,2,2,4,Ravichandran Ashwin,R Vimal Khumar,Manimaran Siddharth,1,1,0,run,0,,,13/1
1439792,2,2,5,R Vimal Khumar,Ravichandran Ashwin,Manimaran Siddharth,1,1,0,run,0,,,14/1
1439792,2,2,6,Ravichandran Ashwin,R Vimal Khumar,Manimaran Siddharth,1,1,0,run,0,,,15/1
1439792,2,3,1,Ravichandran Ashwin,R Vimal Khumar,K Gowtham Thamarai Kannan,1,0,1,wide,0,,,16/1
1439792,2,3,2,Ravichandran Ashwin,R Vimal Khumar,K Gowtham Thamarai Kannan,6,6,0,six,0,,,22/1
1439792,2,3,3,Ravichandran Ashwin,R Vimal Khumar,K Gowtham Thamarai Kannan,1,1,0,run,0,,,23/1
1439792,2,3,4,R Vimal Khumar,Ravichandran Ashwin,K Gowtham Thamarai Kannan,0,0,0,out,1,caught,R Vimal Khumar,23/2
1439792,2,3,5,Baba Indrajith,Ravichandran Ashwin,K Gowtham Thamarai Kannan,4,4,0,four,0,,,27/2
1439792,2,3,6,Baba Indrajith,Ravichandran Ashwin,K Gowtham Thamarai Kannan,4,4,0,four,0,,,31/2
1439792,2,3,7,Baba Indrajith,Ravichandran Ashwin,K Gowtham Thamarai Kannan,1,1,0,run,0,,,32/2
1439792,2,4,1,Baba Indrajith,Ravichandran Ashwin,Manimaran Siddharth,0,0,0,no run,0,,,32/2
1439792,2,4,2,Baba Indrajith,Ravichandran Ashwin,Manimaran Siddharth,1,1,0,run,0,,,33/2
1439792,2,4,3,Ravichandran Ashwin,Baba Indrajith,Manimaran Siddharth,0,0,0,no run,0,,,33/2
1439792,2,4,4,Ravichandran Ashwin,Baba Indrajith,Manimaran Siddharth,0,0,0,no run,0,,,33/2
1439792,2,4,5,Ravichandran Ashwin,Baba Indrajith,Manimaran Siddharth,1,0,1,leg bye,0,,,34/2
1439792,2,4,6,Baba Indrajith,Ravichandran Ashwin,Manimaran Siddharth,1,1,0,run,0,,,35/2
1439792,2,5,1,Baba Indrajith,Ravichandran Ashwin,M Mohammed,1,1,0,run,0,,,36/2
1439792,2,5,2,Ravichandran Ashwin,Baba Indrajith,M Mohammed,0,0,0,no run,0,,,36/2
1439792,2,5,3,Ravichandran Ashwin,Baba Indrajith,M Mohammed,1,1,0,run,0,,,37/2
1439792,2,5,4,Baba Indrajith,Ravichandran Ashwin,M Mohammed,0,0,0,no run,0,,,37/2
1439792,2,5,5,Baba Indrajith,Ravichandran Ashwin,M Mohammed,1,1,0,run,0,,,38/2
1439792,2,5,6,Ravichandran Ashwin,Baba Indrajith,M Mohammed,6,6,0,six,0,,,44/2
1439792,2,6,1,Baba Indrajith,Ravichandran Ashwin,Manimaran Siddharth,0,0,0,no run,0,,,44/2
1439792,2,6,2,Baba Indrajith,Ravichandran Ashwin,Manimaran Siddharth,0,0,0,no run,0,,,44/2
1439792,2,6,3,Baba Indrajith,Ravichandran Ashwin,Manimaran Siddharth,0,0,0,no run,0,,,44/2
1439792,2,6,4,Baba Indrajith,Ravichandran Ashwin,Manimaran Siddharth,1,1,0,run,0,,,45/2
1439792,2,6,5,Ravichandran Ashwin,Baba Indrajith,Manimaran Siddharth,0,0,0,no run,0,,,45/2
1439792,2,6,6,Ravichandran Ashwin,Baba Indrajith,Manimaran Siddharth,1,1,0,run,0,,,46/2
1439792,2,7,1,Ravichandran Ashwin,Baba Indrajith,Jhathavedh Subramanyan,0,0,0,no run,0,,,46/2
1439792,2,7,2,Ravichandran Ashwin,Baba Indrajith,Jhathavedh Subramanyan,1,1,0,run,0,,,47/2
1439792,2,7,3,Baba Indrajith,Ravichandran Ashwin,Jhathavedh Subramanyan,1,1,0,run,0,,,48/2
1439792,2,7,4,Ravichandran Ashwin,Baba Indrajith,Jhathavedh Subramanyan,1,1,0,run,0,,,49/2
1439792,2,7,5,Baba Indrajith,Ravichandran Ashwin,Jhathavedh Subramanyan,0,0,0,no run,0,,,49/2
1439792,2,7,6,Baba Indrajith,Ravichandran Ashwin,Jhathavedh Subramanyan,1,1,0,run,0,,,50/2
1439792,2,8,1,Baba Indrajith,Ravichandran Ashwin,Valliappan Yudheeswaran,1,1,0,run,0,,,51/2
1439792,2,8,2,Ravichandran Ashwin,Baba Indrajith,Valliappan Yudheeswaran,4,4,0,four,0,,,55/2
1439792,2,8,3,Ravichandran Ashwin,Baba Indrajith,Valliappan Yudheeswaran,1,1,0,run,0,,,56/2
1439792,2,8,4,Baba Indrajith,Ravichandran Ashwin,Valliappan Yudheeswaran,1,1,0,run,0,,,57/2
1439792,2,8,5,Ravichandran Ashwin,Baba Indrajith,Valliappan Yudheeswaran,0,0,0,no run,0,,,57/2
1439792,2,8,6,Ravichandran Ashwin,Baba Indrajith,Valliappan Yudheeswaran,1,1,0,run,0,,,58/2
1439792,2,9,1,Ravichandran Ashwin,Baba Indrajith,Jhathavedh Subramanyan,1,1,0,run,0,,,59/2
1439792,2,9,2,Baba Indrajith,Ravichandran Ashwin,Jhathavedh Subramanyan,1,1,0,run,0,,,60/2
1439792,2,9,3,Ravichandran Ashwin,Baba Indrajith,Jhathavedh Subramanyan,1,1,0,run,0,,,61/2
1439792,2,9,4,Baba Indrajith,Ravichandran Ashwin,Jhathavedh Subramanyan,4,4,0,four,0,,,65/2
1439792,2,9,5,Baba Indrajith,Ravichandran Ashwin,Jhathavedh Subramanyan,1,1,0,run,0,,,66/2
1439792,2,9,6,Ravichandran Ashwin,Baba Indrajith,Jhathavedh Subramanyan,0,0,0,no run,0,,,66/2
1439792,2,10,1,Baba Indrajith,Ravichandran Ashwin,Manimaran Siddharth,0,0,0,no run,0,,,66/2
1439792,2,10,2,Baba Indrajith,Ravichandran Ashwin,Manimaran Siddharth,0,0,0,no run,0,,,66/2
1439792,2,10,3,Baba Indrajith,Ravichandran Ashwin,Manimaran Siddharth,0,0,0,no run,0,,,66/2
1439792,2,10,4,Baba Indrajith,Ravichandran Ashwin,Manimaran Siddharth,1,1,0,run,0,,,67/2
1439792,2,10,5,Ravichandran Ashwin,Baba Indrajith,Manimaran Siddharth,1,1,0,run,0,,,68/2
1439792,2,10,6,Baba Indrajith,Ravichandran Ashwin,Manimaran Siddharth,1,1,0,run,0,,,69/2
1439792,2,11,1,Baba Indrajith,Ravichandran Ashwin,Jhathavedh Subramanyan,1,1,0,run,0,,,70/2
1439792,2,11,2,Ravichandran Ashwin,Baba Indrajith,Jhathavedh Subramanyan,0,0,0,no run,0,,,70/2
1439792,2,11,3,Ravichandran Ashwin,Baba Indrajith,Jhathavedh Subramanyan,0,0,0,no run,0,,,70/2
1439792,2,11,4,Ravichandran Ashwin,Baba Indrajith,Jhathavedh Subramanyan,1,1,0,run,0,,,71/2
1439792,2,11,5,Baba Indrajith,Ravichandran Ashwin,Jhathavedh Subramanyan,1,1,0,run,0,,,72/2
1439792,2,11,6,Ravichandran Ashwin,Baba Indrajith,Jhathavedh Subramanyan,0,0,0,no run,0,,,72/2
1439792,2,12,1,Baba Indrajith,Ravichandran Ashwin,M Mohammed,1,1,0,run,0,,,73/2
1439792,2,12,2,Ravichandran Ashwin,Baba Indrajith,M Mohammed,1,1,0,run,0,,,74/2
1439792,2,12,3,Baba Indrajith,Ravichandran Ashwin,M Mohammed,1,1,0,run,0,,,75/2
1439792,2,12,4,Ravichandran Ashwin,Baba Indrajith,M Mohammed,1,1,0,run,0,,,76/2
1439792,2,12,5,Baba Indrajith,Ravichandran Ashwin,M Mohammed,1,1,0,run,0,,,77/2
1439792,2,12,6,Ravichandran Ashwin,Baba Indrajith,M Mohammed,1,1,0,run,0,,,78/2
1439792,2,13,1,Ravichandran Ashwin,Baba Indrajith,Jhathavedh Subramanyan,1,1,0,run,0,,,79/2
1439792,2,13,2,Baba Indrajith,Ravichandran Ashwin,Jhathavedh Subramanyan,0,0,0,no run,0,,,79/2
1439792,2,13,3,Baba Indrajith,Ravichandran Ashwin,Jhathavedh Subramanyan,0,0,0,no run,0,,,79/2
1439792,2,13,4,Baba Indrajith,Ravichandran Ashwin,Jhathavedh Subramanyan,1,1,0,run,0,,,80/2
1439792,2,13,5,Ravichandran Ashwin,Baba Indrajith,Jhathavedh Subramanyan,6,6,0,six,0,,,86/2
1439792,2,13,6,Ravichandran Ashwin,Baba Indrajith,Jhathavedh Subramanyan,1,1,0,run,0,,,87/2
1439792,2,14,1,Ravichandran Ashwin,Baba Indrajith,Masood Shahrukh Khan,1,1,0,run,0,,,88/2
1439792,2,14,2,Baba Indrajith,Ravichandran Ashwin,Masood Shahrukh Khan,0,0,0,out,1,caught,Baba Indrajith,88/3
1439792,2,14,3,C Sarath Kumar,Ravichandran Ashwin,Masood Shahrukh Khan,1,1,0,run,0,,,89/3
1439792,2,14,4,Ravichandran Ashwin,C Sarath Kumar,Masood Shahrukh Khan,1,1,0,run,0,,,90/3
1439792,2,14,5,C Sarath Kumar,Ravichandran Ashwin,Masood Shahrukh Khan,1,0,1,wide,0,,,91/3
1439792,2,14,6,C Sarath Kumar,Ravichandran Ashwin,Masood Shahrukh Khan,4,4,0,four,0,,,95/3
1439792,2,14,7,C Sarath Kumar,Ravichandran Ashwin,Masood Shahrukh Khan,4,4,0,four,0,,,99/3
1439792,2,15,1,Ravichandran Ashwin,C Sarath Kumar,Valliappan Yudheeswaran,1,1,0,run,0,,,100/3
1439792,2,15,2,C Sarath Kumar,Ravichandran Ashwin,Valliappan Yudheeswaran,1,1,0,run,0,,,101/3
1439792,2,15,3,Ravichandran Ashwin,C Sarath Kumar,Valliappan Yudheeswaran,1,1,0,run,0,,,102/3
1439792,2,15,4,C Sarath Kumar,Ravichandran Ashwin,Valliappan Yudheeswaran,1,1,0,run,0,,,103/3
1439792,2,15,5,Ravichandran Ashwin,C Sarath Kumar,Valliappan Yudheeswaran,2,2,0,run,0,,,105/3
1439792,2,15,6,Ravichandran Ashwin,C Sarath Kumar,Valliappan Yudheeswaran,1,1,0,run,0,,,106/3
1439792,2,16,1,Ravichandran Ashwin,C Sarath Kumar,Masood Shahrukh Khan,1,1,0,run,0,,,107/3
1439792,2,16,2,C Sarath Kumar,Ravichandran Ashwin,Masood Shahrukh Khan,1,1,0,run,0,,,108/3
1439792,2,16,3,Ravichandran Ashwin,C Sarath Kumar,Masood Shahrukh Khan,1,1,0,run,0,,,109/3
1439792,2,16,4,C Sarath Kumar,Ravichandran Ashwin,Masood Shahrukh Khan,1,1,0,run,0,,,110/3
1439792,2,16,5,Ravichandran Ashwin,C Sarath Kumar,Masood Shahrukh Khan,1,1,0,run,0,,,111/3
1439792,2,16,6,C Sarath Kumar,Ravichandran Ashwin,Masood Shahrukh Khan,6,6,0,six,0,,,117/3
1439792,2,17,1,Ravichandran Ashwin,C Sarath Kumar,M Mohammed,0,0,0,no run,0,,,117/3
1439792,2,17,2,Ravichandran Ashwin,C Sarath Kumar,M Mohammed,1,1,0,run,0,,,118/3
1439792,2,17,3,C Sarath Kumar,Ravichandran Ashwin,M Mohammed,0,0,0,no run,0,,,118/3
1439792,2,17,4,C Sarath Kumar,Ravichandran Ashwin,M Mohammed,1,0,1,wide,0,,,119/3
1439792,2,17,5,C Sarath Kumar,Ravichandran Ashwin,M Mohammed,0,0,0,no run,0,,,119/3
1439792,2,17,6,C Sarath Kumar,Ravichandran Ashwin,M Mohammed,1,1,0,run,0,,,120/3
1439792,2,17,7,Ravichandran Ashwin,C Sarath Kumar,M Mohammed,1,1,0,run,0,,,121/3
1439792,2,18,1,Ravichandran Ashwin,C Sarath Kumar,Valliappan Yudheeswaran,0,0,0,out,1,caught,Ravichandran Ashwin,121/4
1439792,2,18,2,Boopathi Vaishna Kumar,C Sarath Kumar,Valliappan Yudheeswaran,1,1,0,run,0,,,122/4
1439792,2,18,3,C Sarath Kumar,Boopathi Vaishna Kumar,Valliappan Yudheeswaran,0,0,0,no run,0,,,122/4
1439792,2,18,4,C Sarath Kumar,Boopathi Vaishna Kumar,Valliappan Yudheeswaran,1,1,0,run,0,,,123/4
1439792,2,18,5,Boopathi Vaishna Kumar,C Sarath Kumar,Valliappan Yudheeswaran,1,1,0,run,0,,,124/4
1439792,2,18,6,C Sarath Kumar,Boopathi Vaishna Kumar,Valliappan Yudheeswaran,0,0,0,no run,0,,,124/4
1439792,2,19,1,Boopathi Vaishna Kumar,C Sarath Kumar,Masood Shahrukh Khan,1,1,0,run,0,,,125/4
1439792,2,19,2,C Sarath Kumar,Boopathi Vaishna Kumar,Masood Shahrukh Khan,6,6,0,six,0,,,131/4
