match_id,innings,over,ball,batter,non_striker,bowler,runs_total,runs_batter,runs_extras,play_type,is_wicket,wicket_kind,dismissed,team_score
1047343,1,1,1,Washington Sundar,0,Rajagopal Sathish,1,1,0,run,0,,,1/0
1047343,1,1,2,Kaushik Mohan Gandhi,Washington Sundar,Rajagopal Sathish,0,0,0,no run,0,,,1/0
1047343,1,1,3,Kaushik Mohan Gandhi,Washington Sundar,Rajagopal Sathish,1,1,0,run,0,,,2/0
1047343,1,1,4,Washington Sundar,Kaushik Mohan Gandhi,Rajagopal Sathish,1,0,1,wide,0,,,3/0
1047343,1,1,5,Washington Sundar,Kaushik Mohan Gandhi,Rajagopal Sathish,4,4,0,four,0,,,7/0
1047343,1,1,6,Washington Sundar,Kaushik Mohan Gandhi,Rajagopal Sathish,0,0,0,no run,0,,,7/0
1047343,1,1,7,Washington Sundar,Kaushik Mohan Gandhi,Rajagopal Sathish,0,0,0,no run,0,,,7/0
1047343,1,2,1,Kaushik Mohan Gandhi,Washington Sundar,Dakshinamoorthy Tamil Kumaran,4,4,0,four,0,,,11/0
1047343,1,2,2,Kaushik Mohan Gandhi,Washington Sundar,Dakshinamoorthy Tamil Kumaran,1,1,0,run,0,,,12/0
1047343,1,2,3,Washington Sundar,Kaushik Mohan Gandhi,Dakshinamoorthy Tamil Kumaran,0,0,0,no run,0,,,12/0
1047343,1,2,4,Washington Sundar,Kaushik Mohan Gandhi,Dakshinamoorthy Tamil Kumaran,4,4,0,four,0,,,16/0
1047343,1,2,5,Washington Sundar,Kaushik Mohan Gandhi,Dakshinamoorthy Tamil Kumaran,1,1,0,run,0,,,17/0
1047343,1,2,6,Kaushik Mohan Gandhi,Washington Sundar,Dakshinamoorthy Tamil Kumaran,6,6,0,six,0,,,23/0
1047343,1,3,1,Washington Sundar,Kaushik Mohan Gandhi,Rajagopal Sathish,0,0,0,no run,0,,,23/0
1047343,1,3,2,Washington Sundar,Kaushik Mohan Gandhi,Rajagopal Sathish,0,0,0,no run,0,,,23/0
1047343,1,3,3,Washington Sundar,Kaushik Mohan Gandhi,Rajagopal Sathish,0,0,0,no run,0,,,23/0
1047343,1,3,4,Washington Sundar,Kaushik Mohan Gandhi,Rajagopal Sathish,0,0,0,no run,0,,,23/0
1047343,1,3,5,Washington Sundar,Kaushik Mohan Gandhi,Rajagopal Sathish,4,4,0,four,0,,,27/0
1047343,1,3,6,Washington Sundar,Kaushik Mohan Gandhi,Rajagopal Sathish,0,0,0,no run,0,,,27/0
1047343,1,4,1,Kaushik Mohan Gandhi,Washington Sundar,Vijaykumar Yo Mahesh,6,6,0,six,0,,,33/0
1047343,1,4,2,Kaushik Mohan Gandhi,Washington Sundar,Vijaykumar Yo Mahesh,1,0,1,wide,0,,,34/0
1047343,1,4,3,Kaushik Mohan Gandhi,Washington Sundar,Vijaykumar Yo Mahesh,0,0,0,no run,0,,,34/0
1047343,1,4,4,Kaushik Mohan Gandhi,Washington Sundar,Vijaykumar Yo Mahesh,1,1,0,run,0,,,35/0
1047343,1,4,5,Washington Sundar,Kaushik Mohan Gandhi,Vijaykumar Yo Mahesh,0,0,0,no run,0,,,35/0
1047343,1,4,6,Washington Sundar,Kaushik Mohan Gandhi,Vijaykumar Yo Mahesh,0,0,0,no run,0,,,35/0
1047343,1,4,7,Washington Sundar,Kaushik Mohan Gandhi,Vijaykumar Yo Mahesh,0,0,0,no run,0,,,35/0
1047343,1,5,1,Kaushik Mohan Gandhi,Washington Sundar,Rajagopal Sathish,1,1,0,run,0,,,36/0
1047343,1,5,2,Washington Sundar,Kaushik Mohan Gandhi,Rajagopal Sathish,1,1,0,run,0,,,37/0
1047343,1,5,3,Kaushik Mohan Gandhi,Washington Sundar,Rajagopal Sathish,0,0,0,no run,0,,,37/0
1047343,1,5,4,Kaushik Mohan Gandhi,Washington Sundar,Rajagopal Sathish,0,0,0,out,1,leg before wicket,Kaushik Mohan Gandhi,37/1
1047343,1,5,5,Krishnakumar Dinesh Karthik,Washington Sundar,Rajagopal Sathish,0,0,0,no run,0,,,37/1
1047343,1,5,6,Krishnakumar Dinesh Karthik,Washington Sundar,Rajagopal Sathish,0,0,0,no run,0,,,37/1
1047343,1,6,1,Washington Sundar,Krishnakumar Dinesh Karthik,Vijaykumar Yo Mahesh,0,0,0,no run,0,,,37/1
1047343,1,6,2,Washington Sundar,Krishnakumar Dinesh Karthik,Vijaykumar Yo Mahesh,4,4,0,four,0,,,41/1
1047343,1,6,3,Washington Sundar,Krishnakumar Dinesh Karthik,Vijaykumar Yo Mahesh,1,1,0,run,0,,,42/1
1047343,1,6,4,Krishnakumar Dinesh Karthik,Washington Sundar,Vijaykumar Yo Mahesh,1,1,0,run,0,,,43/1
1047343,1,6,5,Washington Sundar,Krishnakumar Dinesh Karthik,Vijaykumar Yo Mahesh,4,4,0,four,0,,,47/1
1047343,1,6,6,Washington Sundar,Krishnakumar Dinesh Karthik,Vijaykumar Yo Mahesh,0,0,0,no run,0,,,47/1
1047343,1,7,1,Krishnakumar Dinesh Karthik,Washington Sundar,Rajagopal Sathish,1,1,0,run,0,,,48/1
1047343,1,7,2,Washington Sundar,Krishnakumar Dinesh Karthik,Rajagopal Sathish,0,0,0,out,1,caught,Washington Sundar,48/2
1047343,1,7,3,Krishnakumar Dinesh Karthik,0,Rajagopal Sathish,1,1,0,run,0,,,49/2
1047343,1,7,4,V Maaruthi Raghav,Krishnakumar Dinesh Karthik,Rajagopal Sathish,0,0,0,no run,0,,,49/2
1047343,1,7,5,V Maaruthi Raghav,Krishnakumar Dinesh Karthik,Rajagopal Sathish,0,0,0,no run,0,,,49/2
1047343,1,7,6,V Maaruthi Raghav,Krishnakumar Dinesh Karthik,Rajagopal Sathish,1,1,0,run,0,,,50/2
1047343,1,8,1,V Maaruthi Raghav,Krishnakumar Dinesh Karthik,SI Vasudevan,4,4,0,four,0,,,54/2
1047343,1,8,2,V Maaruthi Raghav,Krishnakumar Dinesh Karthik,SI Vasudevan,0,0,0,no run,0,,,54/2
1047343,1,8,3,V Maaruthi Raghav,Krishnakumar Dinesh Karthik,SI Vasudevan,1,1,0,run,0,,,55/2
1047343,1,8,4,Krishnakumar Dinesh Karthik,V Maaruthi Raghav,SI Vasudevan,0,0,0,no run,0,,,55/2
1047343,1,8,5,Krishnakumar Dinesh Karthik,V Maaruthi Raghav,SI Vasudevan,2,2,0,run,0,,,57/2
1047343,1,8,6,Krishnakumar Dinesh Karthik,V Maaruthi Raghav,SI Vasudevan,1,1,0,run,0,,,58/2
1047343,1,9,1,Krishnakumar Dinesh Karthik,V Maaruthi Raghav,Wenseslaus Antony Dhas,4,4,0,four,0,,,62/2
1047343,1,9,2,Krishnakumar Dinesh Karthik,V Maaruthi Raghav,Wenseslaus Antony Dhas,1,1,0,run,0,,,63/2
1047343,1,9,3,V Maaruthi Raghav,Krishnakumar Dinesh Karthik,Wenseslaus Antony Dhas,1,1,0,run,0,,,64/2
1047343,1,9,4,Krishnakumar Dinesh Karthik,V Maaruthi Raghav,Wenseslaus Antony Dhas,0,0,0,no run,0,,,64/2
1047343,1,9,5,Krishnakumar Dinesh Karthik,V Maaruthi Raghav,Wenseslaus Antony Dhas,1,1,0,run,0,,,65/2
1047343,1,9,6,V Maaruthi Raghav,Krishnakumar Dinesh Karthik,Wenseslaus Antony Dhas,1,1,0,run,0,,,66/2
1047343,1,10,1,V Maaruthi Raghav,Krishnakumar Dinesh Karthik,SI Vasudevan,0,0,0,no run,0,,,66/2
1047343,1,10,2,V Maaruthi Raghav,Krishnakumar Dinesh Karthik,SI Vasudevan,0,0,0,no run,0,,,66/2
1047343,1,10,3,V Maaruthi Raghav,Krishnakumar Dinesh Karthik,SI Vasudevan,2,2,0,run,0,,,68/2
1047343,1,10,4,V Maaruthi Raghav,Krishnakumar Dinesh Karthik,SI Vasudevan,1,0,1,wide,0,,,69/2
1047343,1,10,5,V Maaruthi Raghav,Krishnakumar Dinesh Karthik,SI Vasudevan,2,2,0,run,0,,,71/2
1047343,1,10,6,V Maaruthi Raghav,Krishnakumar Dinesh Karthik,SI Vasudevan,0,0,0,no run,0,,,71/2
1047343,1,10,7,V Maaruthi Raghav,Krishnakumar Dinesh Karthik,SI Vasudevan,1,0,1,wide,0,,,72/2
1047343,1,10,8,V Maaruthi Raghav,Krishnakumar Dinesh Karthik,SI Vasudevan,0,0,0,no run,0,,,72/2
1047343,1,11,1,Krishnakumar Dinesh Karthik,V Maaruthi Raghav,Wenseslaus Antony Dhas,0,0,0,no run,0,,,72/2
1047343,1,11,2,Krishnakumar Dinesh Karthik,V Maaruthi Raghav,Wenseslaus Antony Dhas,0,0,0,no run,0,,,72/2
1047343,1,11,3,Krishnakumar Dinesh Karthik,V Maaruthi Raghav,Wenseslaus Antony Dhas,1,1,0,run,0,,,73/2
1047343,1,11,4,V Maaruthi Raghav,Krishnakumar Dinesh Karthik,Wenseslaus Antony Dhas,1,1,0,run,0,,,74/2
1047343,1,11,5,Krishnakumar Dinesh Karthik,V Maaruthi Raghav,Wenseslaus Antony Dhas,1,1,0,run,0,,,75/2
1047343,1,11,6,V Maaruthi Raghav,Krishnakumar Dinesh Karthik,Wenseslaus Antony Dhas,0,0,0,out,1,caught,V Maaruthi Raghav,75/3
1047343,1,12,1,Krishnakumar Dinesh Karthik,0,Ravisrinivasan Sai Kishore,1,1,0,run,0,,,76/3
1047343,1,12,2,Umashankar Sushil,Krishnakumar Dinesh Karthik,Ravisrinivasan Sai Kishore,1,1,0,run,0,,,77/3
1047343,1,12,3,Krishnakumar Dinesh Karthik,Umashankar Sushil,Ravisrinivasan Sai Kishore,0,0,0,no run,0,,,77/3
1047343,1,12,4,Krishnakumar Dinesh Karthik,Umashankar Sushil,Ravisrinivasan Sai Kishore,0,0,0,no run,0,,,77/3
1047343,1,12,5,Krishnakumar Dinesh Karthik,Umashankar Sushil,Ravisrinivasan Sai Kishore,1,0,1,wide,0,,,78/3
1047343,1,12,6,Krishnakumar Dinesh Karthik,Umashankar Sushil,Ravisrinivasan Sai Kishore,1,1,0,run,0,,,79/3
1047343,1,12,7,Umashankar Sushil,Krishnakumar Dinesh Karthik,Ravisrinivasan Sai Kishore,2,2,0,run,0,,,81/3
1047343,1,13,1,Krishnakumar Dinesh Karthik,Umashankar Sushil,Wenseslaus Antony Dhas,1,1,0,run,0,,,82/3
1047343,1,13,2,Umashankar Sushil,Krishnakumar Dinesh Karthik,Wenseslaus Antony Dhas,0,0,0,no run,0,,,82/3
1047343,1,13,3,Umashankar Sushil,Krishnakumar Dinesh Karthik,Wenseslaus Antony Dhas,0,0,0,no run,0,,,82/3
1047343,1,13,4,Umashankar Sushil,Krishnakumar Dinesh Karthik,Wenseslaus Antony Dhas,1,1,0,run,0,,,83/3
1047343,1,13,5,Krishnakumar Dinesh Karthik,Umashankar Sushil,Wenseslaus Antony Dhas,0,0,0,no run,0,,,83/3
1047343,1,13,6,Krishnakumar Dinesh Karthik,Umashankar Sushil,Wenseslaus Antony Dhas,6,6,0,six,0,,,89/3
1047343,1,14,1,Umashankar Sushil,Krishnakumar Dinesh Karthik,Ravisrinivasan Sai Kishore,1,1,0,run,0,,,90/3
1047343,1,14,2,Krishnakumar Dinesh Karthik,Umashankar Sushil,Ravisrinivasan Sai Kishore,1,1,0,run,0,,,91/3
1047343,1,14,3,Umashankar Sushil,Krishnakumar Dinesh Karthik,Ravisrinivasan Sai Kishore,2,2,0,run,0,,,93/3
1047343,1,14,4,Umashankar Sushil,Krishnakumar Dinesh Karthik,Ravisrinivasan Sai Kishore,0,0,0,no run,0,,,93/3
1047343,1,14,5,Umashankar Sushil,Krishnakumar Dinesh Karthik,Ravisrinivasan Sai Kishore,1,1,0,run,0,,,94/3
1047343,1,14,6,Krishnakumar Dinesh Karthik,Umashankar Sushil,Ravisrinivasan Sai Kishore,1,1,0,run,0,,,95/3
1047343,1,15,1,Krishnakumar Dinesh Karthik,Umashankar Sushil,Dakshinamoorthy Tamil Kumaran,0,0,0,no run,0,,,95/3
1047343,1,15,2,Krishnakumar Dinesh Karthik,Umashankar Sushil,Dakshinamoorthy Tamil Kumaran,1,1,0,run,0,,,96/3
1047343,1,15,3,Umashankar Sushil,Krishnakumar Dinesh Karthik,Dakshinamoorthy Tamil Kumaran,1,1,0,run,0,,,97/3
1047343,1,15,4,Krishnakumar Dinesh Karthik,Umashankar Sushil,Dakshinamoorthy Tamil Kumaran,4,4,0,four,0,,,101/3
1047343,1,15,5,Krishnakumar Dinesh Karthik,Umashankar Sushil,Dakshinamoorthy Tamil Kumaran,1,1,0,run,0,,,102/3
1047343,1,15,6,Umashankar Sushil,Krishnakumar Dinesh Karthik,Dakshinamoorthy Tamil Kumaran,0,0,0,no run,0,,,102/3
1047343,1,16,1,Krishnakumar Dinesh Karthik,Umashankar Sushil,Ravisrinivasan Sai Kishore,1,0,1,wide,0,,,103/3
1047343,1,16,2,Krishnakumar Dinesh Karthik,Umashankar Sushil,Ravisrinivasan Sai Kishore,1,1,0,run,0,,,104/3
1047343,1,16,3,Umashankar Sushil,Krishnakumar Dinesh Karthik,Ravisrinivasan Sai Kishore,0,0,0,no run,0,,,104/3
1047343,1,16,4,Umashankar Sushil,Krishnakumar Dinesh Karthik,Ravisrinivasan Sai Kishore,6,6,0,six,0,,,110/3
1047343,1,16,5,Umashankar Sushil,Krishnakumar Dinesh Karthik,Ravisrinivasan Sai Kishore,2,2,0,run,0,,,112/3
1047343,1,16,6,Umashankar Sushil,Krishnakumar Dinesh Karthik,Ravisrinivasan Sai Kishore,1,1,0,run,0,,,113/3
1047343,1,16,7,Krishnakumar Dinesh Karthik,Umashankar Sushil,Ravisrinivasan Sai Kishore,1,1,0,run,0,,,114/3
1047343,1,17,1,Krishnakumar Dinesh Karthik,Umashankar Sushil,Dakshinamoorthy Tamil Kumaran,1,1,0,run,0,,,115/3
1047343,1,17,2,Umashankar Sushil,Krishnakumar Dinesh Karthik,Dakshinamoorthy Tamil Kumaran,4,4,0,four,0,,,119/3
1047343,1,17,3,Umashankar Sushil,Krishnakumar Dinesh Karthik,Dakshinamoorthy Tamil Kumaran,1,1,0,run,0,,,120/3
1047343,1,17,4,Krishnakumar Dinesh Karthik,Umashankar Sushil,Dakshinamoorthy Tamil Kumaran,0,0,0,no run,0,,,120/3
1047343,1,17,5,Krishnakumar Dinesh Karthik,Umashankar Sushil,Dakshinamoorthy Tamil Kumaran,0,0,0,no run,0,,,120/3
1047343,1,17,6,Krishnakumar Dinesh Karthik,Umashankar Sushil,Dakshinamoorthy Tamil Kumaran,0,0,0,no run,0,,,120/3
1047343,1,18,1,Umashankar Sushil,Krishnakumar Dinesh Karthik,Vijaykumar Yo Mahesh,2,2,0,run,0,,,122/3
1047343,1,18,2,Umashankar Sushil,Krishnakumar Dinesh Karthik,Vijaykumar Yo Mahesh,0,0,0,out,1,caught,Umashankar Sushil,122/4
1047343,1,18,3,Krishnakumar Dinesh Karthik,0,Vijaykumar Yo Mahesh,1,0,1,no ball,0,,,123/4
1047343,1,18,4,Krishnakumar Dinesh Karthik,0,Vijaykumar Yo Mahesh,2,2,0,run,0,,,125/4
1047343,1,18,5,Krishnakumar Dinesh Karthik,0,Vijaykumar Yo Mahesh,1,1,0,run,0,,,126/4
1047343,1,19,1,Krishnakumar Dinesh Karthik,0,Dakshinamoorthy Tamil Kumaran,10,6,4,six,0,,,136/4
1047343,1,19,2,Krishnakumar Dinesh Karthik,0,Dakshinamoorthy Tamil Kumaran,2,2,0,run,0,,,138/4
1047343,1,19,3,Krishnakumar Dinesh Karthik,0,Dakshinamoorthy Tamil Kumaran,1,1,0,run,0,,,139/4
1047343,1,19,5,Krishnakumar Dinesh Karthik,0,Dakshinamoorthy Tamil Kumaran,7,6,1,six,0,,,146/4
1047343,1,19,6,Krishnakumar Dinesh Karthik,0,Dakshinamoorthy Tamil Kumaran,1,1,0,run,0,,,147/4
1047343,1,20,1,Krishnakumar Dinesh Karthik,0,Vijaykumar Yo Mahesh,2,2,0,run,0,,,149/4
1047343,1,20,2,Krishnakumar Dinesh Karthik,0,Vijaykumar Yo Mahesh,6,6,0,six,0,,,155/4
1047343,1,20,3,Krishnakumar Dinesh Karthik,0,Vijaykumar Yo Mahesh,0,0,0,no run,1,,,155/5
1047343,1,20,4,Krishnakumar Dinesh Karthik,0,Vijaykumar Yo Mahesh,2,2,0,run,0,,,157/5
1047343,1,20,5,Krishnakumar Dinesh Karthik,0,Vijaykumar Yo Mahesh,2,0,2,bye,0,,,159/5
1047343,1,20,6,Krishnakumar Dinesh Karthik,0,Vijaykumar Yo Mahesh,1,0,1,wide,0,,,160/5
1047343,1,20,7,Krishnakumar Dinesh Karthik,R Sathyanarayan,Vijaykumar Yo Mahesh,4,4,0,four,0,,,164/5
1047343,2,1,1,Hari Gopinath,0,M Ganesh Moorthi,0,0,0,no run,0,,,0/0
1047343,2,1,2,Hari Gopinath,0,M Ganesh Moorthi,1,1,0,run,0,,,1/0
1047343,2,1,3,Vijaykumar Yo Mahesh,Hari Gopinath,M Ganesh Moorthi,2,2,0,run,0,,,3/0
1047343,2,1,4,Vijaykumar Yo Mahesh,Hari Gopinath,M Ganesh Moorthi,0,0,0,no run,0,,,3/0
1047343,2,1,5,Vijaykumar Yo Mahesh,Hari Gopinath,M Ganesh Moorthi,0,0,0,no run,0,,,3/0
1047343,2,1,6,Vijaykumar Yo Mahesh,Hari Gopinath,M Ganesh Moorthi,0,0,0,no run,0,,,3/0
1047343,2,2,1,Hari Gopinath,Vijaykumar Yo Mahesh,Antony Chandrasekaran Aswin Crist,1,0,1,wide,0,,,4/0
1047343,2,2,2,Hari Gopinath,Vijaykumar Yo Mahesh,Antony Chandrasekaran Aswin Crist,0,0,0,no run,0,,,4/0
1047343,2,2,3,Hari Gopinath,Vijaykumar Yo Mahesh,Antony Chandrasekaran Aswin Crist,4,4,0,four,0,,,8/0
1047343,2,2,4,Hari Gopinath,Vijaykumar Yo Mahesh,Antony Chandrasekaran Aswin Crist,4,4,0,four,0,,,12/0
1047343,2,2,5,Hari Gopinath,Vijaykumar Yo Mahesh,Antony Chandrasekaran Aswin Crist,0,0,0,no run,0,,,12/0
1047343,2,2,6,Hari Gopinath,Vijaykumar Yo Mahesh,Antony Chandrasekaran Aswin Crist,1,1,0,run,0,,,13/0
1047343,2,2,7,Vijaykumar Yo Mahesh,Hari Gopinath,Antony Chandrasekaran Aswin Crist,1,1,0,run,0,,,14/0
1047343,2,3,1,Vijaykumar Yo Mahesh,Hari Gopinath,M Ganesh Moorthi,1,1,0,run,0,,,15/0
1047343,2,3,2,Hari Gopinath,Vijaykumar Yo Mahesh,M Ganesh Moorthi,1,1,0,run,0,,,16/0
1047343,2,3,3,Vijaykumar Yo Mahesh,Hari Gopinath,M Ganesh Moorthi,1,1,0,run,0,,,17/0
1047343,2,3,4,Hari Gopinath,Vijaykumar Yo Mahesh,M Ganesh Moorthi,0,0,0,out,1,bowled,Hari Gopinath,17/1
1047343,2,3,5,Xavier Thalaivan Sargunam,Vijaykumar Yo Mahesh,M Ganesh Moorthi,1,0,1,wide,0,,,18/1
1047343,2,3,6,Xavier Thalaivan Sargunam,Vijaykumar Yo Mahesh,M Ganesh Moorthi,0,0,0,no run,0,,,18/1
1047343,2,3,7,Xavier Thalaivan Sargunam,Vijaykumar Yo Mahesh,M Ganesh Moorthi,0,0,0,no run,0,,,18/1
1047343,2,4,1,Vijaykumar Yo Mahesh,Xavier Thalaivan Sargunam,Lakshmipathy Balaji,1,1,0,run,0,,,19/1
1047343,2,4,2,Xavier Thalaivan Sargunam,Vijaykumar Yo Mahesh,Lakshmipathy Balaji,4,4,0,four,0,,,23/1
1047343,2,4,3,Xavier Thalaivan Sargunam,Vijaykumar Yo Mahesh,Lakshmipathy Balaji,2,2,0,run,0,,,25/1
1047343,2,4,4,Xavier Thalaivan Sargunam,Vijaykumar Yo Mahesh,Lakshmipathy Balaji,1,0,1,wide,0,,,26/1
1047343,2,4,5,Xavier Thalaivan Sargunam,Vijaykumar Yo Mahesh,Lakshmipathy Balaji,1,1,0,run,0,,,27/1
1047343,2,4,6,Vijaykumar Yo Mahesh,Xavier Thalaivan Sargunam,Lakshmipathy Balaji,1,1,0,run,0,,,28/1
1047343,2,4,7,Xavier Thalaivan Sargunam,Vijaykumar Yo Mahesh,Lakshmipathy Balaji,0,0,0,no run,0,,,28/1
1047343,2,5,1,Vijaykumar Yo Mahesh,Xavier Thalaivan Sargunam,Raju Aushik Srinivas,1,1,0,run,0,,,29/1
1047343,2,5,2,Xavier Thalaivan Sargunam,Vijaykumar Yo Mahesh,Raju Aushik Srinivas,1,1,0,run,0,,,30/1
1047343,2,5,3,Vijaykumar Yo Mahesh,Xavier Thalaivan Sargunam,Raju Aushik Srinivas,0,0,0,no run,0,,,30/1
1047343,2,5,4,Vijaykumar Yo Mahesh,Xavier Thalaivan Sargunam,Raju Aushik Srinivas,1,1,0,run,0,,,31/1
1047343,2,5,5,Xavier Thalaivan Sargunam,Vijaykumar Yo Mahesh,Raju Aushik Srinivas,4,4,0,four,0,,,35/1
1047343,2,5,6,Xavier Thalaivan Sargunam,Vijaykumar Yo Mahesh,Raju Aushik Srinivas,0,0,0,no run,0,,,35/1
1047343,2,6,1,Vijaykumar Yo Mahesh,Xavier Thalaivan Sargunam,M Ganesh Moorthi,2,2,0,run,0,,,37/1
1047343,2,6,2,Vijaykumar Yo Mahesh,Xavier Thalaivan Sargunam,M Ganesh Moorthi,2,0,2,wide,0,,,39/1
1047343,2,6,3,Xavier Thalaivan Sargunam,Vijaykumar Yo Mahesh,M Ganesh Moorthi,1,1,0,run,0,,,40/1
1047343,2,6,4,Vijaykumar Yo Mahesh,Xavier Thalaivan Sargunam,M Ganesh Moorthi,1,1,0,run,0,,,41/1
1047343,2,6,5,Xavier Thalaivan Sargunam,Vijaykumar Yo Mahesh,M Ganesh Moorthi,6,6,0,six,0,,,47/1
1047343,2,6,6,Xavier Thalaivan Sargunam,Vijaykumar Yo Mahesh,M Ganesh Moorthi,1,1,0,run,0,,,48/1
1047343,2,6,7,Vijaykumar Yo Mahesh,Xavier Thalaivan Sargunam,M Ganesh Moorthi,1,1,0,run,0,,,49/1
1047343,2,7,1,Vijaykumar Yo Mahesh,Xavier Thalaivan Sargunam,Raju Aushik Srinivas,1,1,0,run,0,,,50/1
1047343,2,7,2,Xavier Thalaivan Sargunam,Vijaykumar Yo Mahesh,Raju Aushik Srinivas,1,1,0,run,0,,,51/1
1047343,2,7,3,Vijaykumar Yo Mahesh,Xavier Thalaivan Sargunam,Raju Aushik Srinivas,0,0,0,no run,0,,,51/1
1047343,2,7,4,Vijaykumar Yo Mahesh,Xavier Thalaivan Sargunam,Raju Aushik Srinivas,0,0,0,out,1,bowled,Vijaykumar Yo Mahesh,51/2
1047343,2,7,5,Sathiamoorty Vasanth Saravanan,Xavier Thalaivan Sargunam,Raju Aushik Srinivas,1,1,0,run,0,,,52/2
1047343,2,7,6,Xavier Thalaivan Sargunam,Sathiamoorty Vasanth Saravanan,Raju Aushik Srinivas,4,4,0,four,0,,,56/2
1047343,2,8,1,Sathiamoorty Vasanth Saravanan,Xavier Thalaivan Sargunam,Lakshmipathy Balaji,0,0,0,no run,0,,,56/2
1047343,2,8,2,Sathiamoorty Vasanth Saravanan,Xavier Thalaivan Sargunam,Lakshmipathy Balaji,0,0,0,no run,0,,,56/2
1047343,2,8,3,Sathiamoorty Vasanth Saravanan,Xavier Thalaivan Sargunam,Lakshmipathy Balaji,1,1,0,run,0,,,57/2
1047343,2,8,4,Xavier Thalaivan Sargunam,Sathiamoorty Vasanth Saravanan,Lakshmipathy Balaji,0,0,0,no run,0,,,57/2
1047343,2,8,5,Xavier Thalaivan Sargunam,Sathiamoorty Vasanth Saravanan,Lakshmipathy Balaji,2,2,0,run,0,,,59/2
1047343,2,8,6,Xavier Thalaivan Sargunam,Sathiamoorty Vasanth Saravanan,Lakshmipathy Balaji,1,1,0,run,0,,,60/2
1047343,2,10,1,Sathiamoorty Vasanth Saravanan,0,Lakshmipathy Balaji,2,0,2,no run,2,,,62/4
1047343,2,10,2,Sathiamoorty Vasanth Saravanan,0,Lakshmipathy Balaji,0,0,0,no run,0,,,62/4
1047343,2,10,3,Sathiamoorty Vasanth Saravanan,0,Lakshmipathy Balaji,1,1,0,run,0,,,63/4
1047343,2,10,4,Rajagopal Sathish,Sathiamoorty Vasanth Saravanan,Lakshmipathy Balaji,0,0,0,out,1,caught,Rajagopal Sathish,63/5
1047343,2,10,5,Baskaran Rahul,Sathiamoorty Vasanth Saravanan,Lakshmipathy Balaji,0,0,0,out,1,bowled,Baskaran Rahul,63/6
1047343,2,10,6,Wenseslaus Antony Dhas,Sathiamoorty Vasanth Saravanan,Lakshmipathy Balaji,0,0,0,no run,0,,,63/6
1047343,2,11,3,Wenseslaus Antony Dhas,Sathiamoorty Vasanth Saravanan,Akash Sumra,1,0,1,no run,0,,,64/6
1047343,2,12,1,Sathiamoorty Vasanth Saravanan,Wenseslaus Antony Dhas,Antony Chandrasekaran Aswin Crist,1,1,0,run,0,,,65/6
1047343,2,12,2,Wenseslaus Antony Dhas,Sathiamoorty Vasanth Saravanan,Antony Chandrasekaran Aswin Crist,4,4,0,four,0,,,69/6
1047343,2,12,3,Wenseslaus Antony Dhas,Sathiamoorty Vasanth Saravanan,Antony Chandrasekaran Aswin Crist,0,0,0,no run,0,,,69/6
1047343,2,12,4,Wenseslaus Antony Dhas,Sathiamoorty Vasanth Saravanan,Antony Chandrasekaran Aswin Crist,0,0,0,no run,0,,,69/6
1047343,2,12,5,Wenseslaus Antony Dhas,Sathiamoorty Vasanth Saravanan,Antony Chandrasekaran Aswin Crist,1,0,1,leg bye,0,,,70/6
1047343,2,12,6,Sathiamoorty Vasanth Saravanan,Wenseslaus Antony Dhas,Antony Chandrasekaran Aswin Crist,2,2,0,run,0,,,72/6
1047343,2,14,1,Wenseslaus Antony Dhas,Sathiamoorty Vasanth Saravanan,M Ganesh Moorthi,10,1,9,run,0,,,82/6
1047343,2,14,2,Sathiamoorty Vasanth Saravanan,Wenseslaus Antony Dhas,M Ganesh Moorthi,0,0,0,no run,0,,,82/6
1047343,2,14,3,Sathiamoorty Vasanth Saravanan,Wenseslaus Antony Dhas,M Ganesh Moorthi,1,1,0,run,0,,,83/6
1047343,2,14,4,Wenseslaus Antony Dhas,Sathiamoorty Vasanth Saravanan,M Ganesh Moorthi,0,0,0,no run,0,,,83/6
1047343,2,14,5,Wenseslaus Antony Dhas,Sathiamoorty Vasanth Saravanan,M Ganesh Moorthi,2,0,2,wide,0,,,85/6
1047343,2,14,6,Sathiamoorty Vasanth Saravanan,Wenseslaus Antony Dhas,M Ganesh Moorthi,1,1,0,run,0,,,86/6
1047343,2,14,7,Wenseslaus Antony Dhas,Sathiamoorty Vasanth Saravanan,M Ganesh Moorthi,1,1,0,run,0,,,87/6
1047343,2,15,1,Wenseslaus Antony Dhas,Sathiamoorty Vasanth Saravanan,Raju Aushik Srinivas,0,0,0,out,1,bowled,Wenseslaus Antony Dhas,87/7
1047343,2,15,2,SI Vasudevan,Sathiamoorty Vasanth Saravanan,Raju Aushik Srinivas,0,0,0,no run,0,,,87/7
1047343,2,15,3,SI Vasudevan,Sathiamoorty Vasanth Saravanan,Raju Aushik Srinivas,1,1,0,run,0,,,88/7
1047343,2,15,4,Sathiamoorty Vasanth Saravanan,SI Vasudevan,Raju Aushik Srinivas,1,1,0,run,0,,,89/7
1047343,2,15,5,SI Vasudevan,Sathiamoorty Vasanth Saravanan,Raju Aushik Srinivas,0,0,0,no run,0,,,89/7
1047343,2,15,6,SI Vasudevan,Sathiamoorty Vasanth Saravanan,Raju Aushik Srinivas,1,1,0,run,0,,,90/7
1047343,2,17,1,Sathiamoorty Vasanth Saravanan,Ravisrinivasan Sai Kishore,Antony Chandrasekaran Aswin Crist,2,0,2,no run,1,,,92/8
1047343,2,17,2,Sathiamoorty Vasanth Saravanan,Ravisrinivasan Sai Kishore,Antony Chandrasekaran Aswin Crist,1,1,0,run,0,,,93/8
1047343,2,17,3,Ravisrinivasan Sai Kishore,Sathiamoorty Vasanth Saravanan,Antony Chandrasekaran Aswin Crist,0,0,0,no run,0,,,93/8
1047343,2,17,4,Ravisrinivasan Sai Kishore,Sathiamoorty Vasanth Saravanan,Antony Chandrasekaran Aswin Crist,1,1,0,run,0,,,94/8
1047343,2,17,5,Sathiamoorty Vasanth Saravanan,Ravisrinivasan Sai Kishore,Antony Chandrasekaran Aswin Crist,1,0,1,leg bye,0,,,95/8
1047343,2,17,6,Ravisrinivasan Sai Kishore,Sathiamoorty Vasanth Saravanan,Antony Chandrasekaran Aswin Crist,1,1,0,run,0,,,96/8
1047343,2,18,1,Ravisrinivasan Sai Kishore,Sathiamoorty Vasanth Saravanan,Lakshmipathy Balaji,0,0,0,no run,0,,,96/8
1047343,2,18,2,Ravisrinivasan Sai Kishore,Sathiamoorty Vasanth Saravanan,Lakshmipathy Balaji,1,1,0,run,0,,,97/8
1047343,2,18,3,Sathiamoorty Vasanth Saravanan,Ravisrinivasan Sai Kishore,Lakshmipathy Balaji,4,4,0,four,0,,,101/8
1047343,2,18,4,Sathiamoorty Vasanth Saravanan,Ravisrinivasan Sai Kishore,Lakshmipathy Balaji,1,1,0,run,0,,,102/8
1047343,2,18,5,Ravisrinivasan Sai Kishore,Sathiamoorty Vasanth Saravanan,Lakshmipathy Balaji,4,4,0,four,0,,,106/8
1047343,2,18,6,Ravisrinivasan Sai Kishore,Sathiamoorty Vasanth Saravanan,Lakshmipathy Balaji,1,1,0,run,0,,,107/8
1047343,2,19,1,Ravisrinivasan Sai Kishore,Sathiamoorty Vasanth Saravanan,Antony Chandrasekaran Aswin Crist,1,1,0,run,0,,,108/8
1047343,2,19,2,Sathiamoorty Vasanth Saravanan,Ravisrinivasan Sai Kishore,Antony Chandrasekaran Aswin Crist,0,0,0,out,1,caught,Sathiamoorty Vasanth Saravanan,108/9
1047343,2,19,3,Dakshinamoorthy Tamil Kumaran,Ravisrinivasan Sai Kishore,Antony Chandrasekaran Aswin Crist,4,0,4,bye,0,,,112/9
1047343,2,19,4,Dakshinamoorthy Tamil Kumaran,Ravisrinivasan Sai Kishore,Antony Chandrasekaran Aswin Crist,1,1,0,run,0,,,113/9
1047343,2,19,5,Ravisrinivasan Sai Kishore,Dakshinamoorthy Tamil Kumaran,Antony Chandrasekaran Aswin Crist,0,0,0,no run,0,,,113/9
1047343,2,19,6,Ravisrinivasan Sai Kishore,Dakshinamoorthy Tamil Kumaran,Antony Chandrasekaran Aswin Crist,0,0,0,no run,0,,,113/9
1047343,2,20,1,Dakshinamoorthy Tamil Kumaran,Ravisrinivasan Sai Kishore,Raju Aushik Srinivas,2,2,0,run,0,,,115/9
1047343,2,20,2,Dakshinamoorthy Tamil Kumaran,Ravisrinivasan Sai Kishore,Raju Aushik Srinivas,4,4,0,four,0,,,119/9
1047343,2,20,3,Dakshinamoorthy Tamil Kumaran,Ravisrinivasan Sai Kishore,Raju Aushik Srinivas,0,0,0,no run,0,,,119/9
1047343,2,20,4,Dakshinamoorthy Tamil Kumaran,Ravisrinivasan Sai Kishore,Raju Aushik Srinivas,0,0,0,out,1,bowled,Dakshinamoorthy Tamil Kumaran,119/10
1047345,1,1,1,Srikkanth Anirudha,0,Abhishek Baljeetsingh Tanwar,0,0,0,no run,0,,,0/0
1047345,1,1,2,Srikkanth Anirudha,0,Abhishek Baljeetsingh Tanwar,0,0,0,no run,0,,,0/0
1047345,1,1,3,Srikkanth Anirudha,0,Abhishek Baljeetsingh Tanwar,1,1,0,run,0,,,1/0
1047345,1,1,4,M Vijay Kumar,Srikkanth Anirudha,Abhishek Baljeetsingh Tanwar,0,0,0,no run,0,,,1/0
1047345,1,1,5,M Vijay Kumar,Srikkanth Anirudha,Abhishek Baljeetsingh Tanwar,1,1,0,run,0,,,2/0
1047345,1,1,6,Srikkanth Anirudha,M Vijay Kumar,Abhishek Baljeetsingh Tanwar,0,0,0,no run,0,,,2/0
1047345,1,2,1,M Vijay Kumar,Srikkanth Anirudha,Ramalingam Rohit,4,4,0,four,0,,,6/0
1047345,1,2,2,M Vijay Kumar,Srikkanth Anirudha,Ramalingam Rohit,0,0,0,no run,0,,,6/0
1047345,1,2,3,M Vijay Kumar,Srikkanth Anirudha,Ramalingam Rohit,0,0,0,no run,0,,,6/0
1047345,1,2,4,M Vijay Kumar,Srikkanth Anirudha,Ramalingam Rohit,0,0,0,no run,0,,,6/0
1047345,1,2,5,M Vijay Kumar,Srikkanth Anirudha,Ramalingam Rohit,0,0,0,no run,0,,,6/0
1047345,1,2,6,M Vijay Kumar,Srikkanth Anirudha,Ramalingam Rohit,0,0,0,no run,0,,,6/0
1047345,1,3,1,Srikkanth Anirudha,M Vijay Kumar,Abhishek Baljeetsingh Tanwar,1,1,0,run,0,,,7/0
1047345,1,3,2,M Vijay Kumar,Srikkanth Anirudha,Abhishek Baljeetsingh Tanwar,0,0,0,no run,0,,,7/0
1047345,1,3,3,M Vijay Kumar,Srikkanth Anirudha,Abhishek Baljeetsingh Tanwar,0,0,0,no run,0,,,7/0
1047345,1,3,4,M Vijay Kumar,Srikkanth Anirudha,Abhishek Baljeetsingh Tanwar,1,0,1,wide,0,,,8/0
1047345,1,3,5,M Vijay Kumar,Srikkanth Anirudha,Abhishek Baljeetsingh Tanwar,6,6,0,six,0,,,14/0
1047345,1,3,6,M Vijay Kumar,Srikkanth Anirudha,Abhishek Baljeetsingh Tanwar,0,0,0,no run,0,,,14/0
1047345,1,3,7,M Vijay Kumar,Srikkanth Anirudha,Abhishek Baljeetsingh Tanwar,0,0,0,no run,0,,,14/0
1047345,1,4,1,Srikkanth Anirudha,M Vijay Kumar,Ramalingam Rohit,0,0,0,no run,0,,,14/0
1047345,1,4,2,Srikkanth Anirudha,M Vijay Kumar,Ramalingam Rohit,4,4,0,four,0,,,18/0
1047345,1,4,3,Srikkanth Anirudha,M Vijay Kumar,Ramalingam Rohit,1,1,0,run,0,,,19/0
1047345,1,4,4,M Vijay Kumar,Srikkanth Anirudha,Ramalingam Rohit,0,0,0,no run,0,,,19/0
1047345,1,4,5,M Vijay Kumar,Srikkanth Anirudha,Ramalingam Rohit,2,2,0,run,0,,,21/0
1047345,1,4,6,M Vijay Kumar,Srikkanth Anirudha,Ramalingam Rohit,4,4,0,four,0,,,25/0
1047345,1,5,1,Srikkanth Anirudha,M Vijay Kumar,Abhishek Baljeetsingh Tanwar,0,0,0,no run,0,,,25/0
1047345,1,5,2,Srikkanth Anirudha,M Vijay Kumar,Abhishek Baljeetsingh Tanwar,0,0,0,no run,0,,,25/0
1047345,1,5,3,Srikkanth Anirudha,M Vijay Kumar,Abhishek Baljeetsingh Tanwar,1,0,1,out,1,leg before wicket,Srikkanth Anirudha,26/1
1047345,1,5,4,Rajhamany Srinivasan,M Vijay Kumar,Abhishek Baljeetsingh Tanwar,5,5,0,run,0,,,31/1
1047345,1,5,5,M Vijay Kumar,Rajhamany Srinivasan,Abhishek Baljeetsingh Tanwar,1,1,0,run,0,,,32/1
1047345,1,5,6,Rajhamany Srinivasan,M Vijay Kumar,Abhishek Baljeetsingh Tanwar,1,1,0,run,0,,,33/1
1047345,1,6,1,Rajhamany Srinivasan,M Vijay Kumar,RS Jaganath Sinivas,4,4,0,four,0,,,37/1
1047345,1,6,2,Rajhamany Srinivasan,M Vijay Kumar,RS Jaganath Sinivas,4,4,0,four,0,,,41/1
1047345,1,6,3,Rajhamany Srinivasan,M Vijay Kumar,RS Jaganath Sinivas,0,0,0,no run,0,,,41/1
1047345,1,6,4,Rajhamany Srinivasan,M Vijay Kumar,RS Jaganath Sinivas,0,0,0,no run,0,,,41/1
1047345,1,6,5,Rajhamany Srinivasan,M Vijay Kumar,RS Jaganath Sinivas,4,4,0,four,0,,,45/1
1047345,1,6,6,Rajhamany Srinivasan,M Vijay Kumar,RS Jaganath Sinivas,1,1,0,run,0,,,46/1
1047345,1,7,1,Rajhamany Srinivasan,M Vijay Kumar,Rahil S Shah,1,1,0,run,0,,,47/1
1047345,1,7,2,M Vijay Kumar,Rajhamany Srinivasan,Rahil S Shah,0,0,0,no run,0,,,47/1
1047345,1,7,3,M Vijay Kumar,Rajhamany Srinivasan,Rahil S Shah,1,1,0,run,0,,,48/1
1047345,1,7,4,Rajhamany Srinivasan,M Vijay Kumar,Rahil S Shah,0,0,0,no run,0,,,48/1
1047345,1,7,5,Rajhamany Srinivasan,M Vijay Kumar,Rahil S Shah,0,0,0,no run,0,,,48/1
1047345,1,7,6,Rajhamany Srinivasan,M Vijay Kumar,Rahil S Shah,1,1,0,run,0,,,49/1
1047345,1,8,1,Rajhamany Srinivasan,M Vijay Kumar,M Lakshmi Narayanan,1,1,0,run,0,,,50/1
1047345,1,8,2,M Vijay Kumar,Rajhamany Srinivasan,M Lakshmi Narayanan,1,1,0,run,0,,,51/1
1047345,1,8,3,Rajhamany Srinivasan,M Vijay Kumar,M Lakshmi Narayanan,1,1,0,run,0,,,52/1
1047345,1,8,4,M Vijay Kumar,Rajhamany Srinivasan,M Lakshmi Narayanan,2,2,0,run,0,,,54/1
1047345,1,8,5,M Vijay Kumar,Rajhamany Srinivasan,M Lakshmi Narayanan,0,0,0,no run,0,,,54/1
1047345,1,8,6,M Vijay Kumar,Rajhamany Srinivasan,M Lakshmi Narayanan,1,0,1,wide,0,,,55/1
1047345,1,8,7,M Vijay Kumar,Rajhamany Srinivasan,M Lakshmi Narayanan,1,1,0,run,0,,,56/1
1047345,1,9,1,M Vijay Kumar,Rajhamany Srinivasan,Rahil S Shah,1,0,1,leg bye,0,,,57/1
1047345,1,9,2,Rajhamany Srinivasan,M Vijay Kumar,Rahil S Shah,0,0,0,no run,0,,,57/1
1047345,1,9,3,Rajhamany Srinivasan,M Vijay Kumar,Rahil S Shah,0,0,0,no run,0,,,57/1
1047345,1,9,4,Rajhamany Srinivasan,M Vijay Kumar,Rahil S Shah,1,1,0,run,0,,,58/1
1047345,1,9,5,M Vijay Kumar,Rajhamany Srinivasan,Rahil S Shah,1,0,1,wide,0,,,59/1
1047345,1,9,6,M Vijay Kumar,Rajhamany Srinivasan,Rahil S Shah,0,0,0,no run,0,,,59/1
1047345,1,9,7,M Vijay Kumar,Rajhamany Srinivasan,Rahil S Shah,1,1,0,run,0,,,60/1
1047345,1,10,1,M Vijay Kumar,Rajhamany Srinivasan,M Lakshmi Narayanan,1,1,0,run,0,,,61/1
1047345,1,10,2,Rajhamany Srinivasan,M Vijay Kumar,M Lakshmi Narayanan,1,1,0,run,0,,,62/1
1047345,1,10,3,M Vijay Kumar,Rajhamany Srinivasan,M Lakshmi Narayanan,1,1,0,run,0,,,63/1
1047345,1,10,4,Rajhamany Srinivasan,M Vijay Kumar,M Lakshmi Narayanan,1,1,0,run,0,,,64/1
1047345,1,10,5,M Vijay Kumar,Rajhamany Srinivasan,M Lakshmi Narayanan,4,4,0,four,0,,,68/1
1047345,1,10,6,M Vijay Kumar,Rajhamany Srinivasan,M Lakshmi Narayanan,0,0,0,no run,0,,,68/1
1047345,1,11,1,Rajhamany Srinivasan,M Vijay Kumar,RS Jaganath Sinivas,0,0,0,no run,0,,,68/1
1047345,1,11,2,Rajhamany Srinivasan,M Vijay Kumar,RS Jaganath Sinivas,1,1,0,run,0,,,69/1
1047345,1,11,3,M Vijay Kumar,Rajhamany Srinivasan,RS Jaganath Sinivas,1,1,0,run,0,,,70/1
1047345,1,11,4,Rajhamany Srinivasan,M Vijay Kumar,RS Jaganath Sinivas,4,4,0,four,0,,,74/1
1047345,1,11,5,Rajhamany Srinivasan,M Vijay Kumar,RS Jaganath Sinivas,1,1,0,run,0,,,75/1
1047345,1,11,6,M Vijay Kumar,Rajhamany Srinivasan,RS Jaganath Sinivas,2,2,0,run,0,,,77/1
1047345,1,12,1,Rajhamany Srinivasan,M Vijay Kumar,Malolan Rangarajan,1,1,0,run,0,,,78/1
1047345,1,12,2,M Vijay Kumar,Rajhamany Srinivasan,Malolan Rangarajan,2,2,0,run,0,,,80/1
1047345,1,12,3,M Vijay Kumar,Rajhamany Srinivasan,Malolan Rangarajan,1,0,1,wide,0,,,81/1
1047345,1,12,4,M Vijay Kumar,Rajhamany Srinivasan,Malolan Rangarajan,0,0,0,no run,0,,,81/1
1047345,1,12,5,M Vijay Kumar,Rajhamany Srinivasan,Malolan Rangarajan,2,2,0,run,0,,,83/1
1047345,1,12,6,M Vijay Kumar,Rajhamany Srinivasan,Malolan Rangarajan,1,1,0,run,0,,,84/1
1047345,1,12,7,Rajhamany Srinivasan,M Vijay Kumar,Malolan Rangarajan,1,1,0,run,0,,,85/1
1047345,1,13,1,Rajhamany Srinivasan,M Vijay Kumar,RS Jaganath Sinivas,0,0,0,no run,0,,,85/1
1047345,1,13,2,Rajhamany Srinivasan,M Vijay Kumar,RS Jaganath Sinivas,1,0,1,leg bye,0,,,86/1
1047345,1,13,3,M Vijay Kumar,Rajhamany Srinivasan,RS Jaganath Sinivas,4,4,0,four,0,,,90/1
1047345,1,13,4,M Vijay Kumar,Rajhamany Srinivasan,RS Jaganath Sinivas,1,1,0,run,0,,,91/1
1047345,1,13,5,Rajhamany Srinivasan,M Vijay Kumar,RS Jaganath Sinivas,4,4,0,four,0,,,95/1
1047345,1,13,6,Rajhamany Srinivasan,M Vijay Kumar,RS Jaganath Sinivas,0,0,0,no run,0,,,95/1
1047345,1,14,1,M Vijay Kumar,Rajhamany Srinivasan,Malolan Rangarajan,0,0,0,out,1,caught,M Vijay Kumar,95/2
1047345,1,14,2,Rajhamany Srinivasan,0,Malolan Rangarajan,1,1,0,run,0,,,96/2
1047345,1,14,3,Subramaniam Badrinath,Rajhamany Srinivasan,Malolan Rangarajan,0,0,0,no run,0,,,96/2
1047345,1,14,4,Subramaniam Badrinath,Rajhamany Srinivasan,Malolan Rangarajan,0,0,0,no run,0,,,96/2
1047345,1,14,5,Subramaniam Badrinath,Rajhamany Srinivasan,Malolan Rangarajan,0,0,0,no run,0,,,96/2
1047345,1,14,6,Subramaniam Badrinath,Rajhamany Srinivasan,Malolan Rangarajan,1,1,0,run,0,,,97/2
1047345,1,15,1,Subramaniam Badrinath,Rajhamany Srinivasan,Rahil S Shah,1,1,0,run,0,,,98/2
1047345,1,15,2,Rajhamany Srinivasan,Subramaniam Badrinath,Rahil S Shah,2,2,0,run,0,,,100/2
1047345,1,15,3,Rajhamany Srinivasan,Subramaniam Badrinath,Rahil S Shah,1,0,1,wide,0,,,101/2
1047345,1,15,4,Rajhamany Srinivasan,Subramaniam Badrinath,Rahil S Shah,4,4,0,four,0,,,105/2
1047345,1,15,5,Rajhamany Srinivasan,Subramaniam Badrinath,Rahil S Shah,1,1,0,run,0,,,106/2
1047345,1,15,6,Subramaniam Badrinath,Rajhamany Srinivasan,Rahil S Shah,1,1,0,run,0,,,107/2
1047345,1,15,7,Rajhamany Srinivasan,Subramaniam Badrinath,Rahil S Shah,1,1,0,run,0,,,108/2
1047345,1,16,1,Rajhamany Srinivasan,Subramaniam Badrinath,Malolan Rangarajan,1,1,0,run,0,,,109/2
1047345,1,16,2,Subramaniam Badrinath,Rajhamany Srinivasan,Malolan Rangarajan,4,4,0,four,0,,,113/2
1047345,1,16,3,Subramaniam Badrinath,Rajhamany Srinivasan,Malolan Rangarajan,0,0,0,out,1,caught,Subramaniam Badrinath,113/3
1047345,1,16,4,R Rajkumar,Rajhamany Srinivasan,Malolan Rangarajan,0,0,0,no run,0,,,113/3
1047345,1,16,5,R Rajkumar,Rajhamany Srinivasan,Malolan Rangarajan,1,0,1,wide,0,,,114/3
1047345,1,16,6,R Rajkumar,Rajhamany Srinivasan,Malolan Rangarajan,1,1,0,run,0,,,115/3
1047345,1,16,7,Rajhamany Srinivasan,R Rajkumar,Malolan Rangarajan,1,1,0,run,0,,,116/3
1047345,1,17,1,Rajhamany Srinivasan,R Rajkumar,Rahil S Shah,1,1,0,run,0,,,117/3
1047345,1,17,2,R Rajkumar,Rajhamany Srinivasan,Rahil S Shah,6,6,0,six,0,,,123/3
1047345,1,17,3,R Rajkumar,Rajhamany Srinivasan,Rahil S Shah,1,1,0,run,0,,,124/3
1047345,1,17,4,Rajhamany Srinivasan,R Rajkumar,Rahil S Shah,0,0,0,out,1,caught,Rajhamany Srinivasan,124/4
1047345,1,17,5,R Rajkumar,0,Rahil S Shah,1,1,0,run,0,,,125/4
1047345,1,17,6,Chandrasekar Ganapathy,R Rajkumar,Rahil S Shah,1,1,0,run,0,,,126/4
1047345,1,18,1,Chandrasekar Ganapathy,R Rajkumar,Ramalingam Rohit,6,6,0,six,0,,,132/4
1047345,1,18,2,Chandrasekar Ganapathy,R Rajkumar,Ramalingam Rohit,1,1,0,run,0,,,133/4
1047345,1,18,3,R Rajkumar,Chandrasekar Ganapathy,Ramalingam Rohit,6,6,0,six,0,,,139/4
1047345,1,18,4,R Rajkumar,Chandrasekar Ganapathy,Ramalingam Rohit,4,4,0,four,0,,,143/4
1047345,1,18,5,R Rajkumar,Chandrasekar Ganapathy,Ramalingam Rohit,4,4,0,four,0,,,147/4
1047345,1,18,6,R Rajkumar,Chandrasekar Ganapathy,Ramalingam Rohit,1,1,0,run,0,,,148/4
1047345,1,19,1,R Rajkumar,Chandrasekar Ganapathy,Abhishek Baljeetsingh Tanwar,6,6,0,six,0,,,154/4
1047345,1,19,2,R Rajkumar,Chandrasekar Ganapathy,Abhishek Baljeetsingh Tanwar,0,0,0,no run,0,,,154/4
1047345,1,19,3,R Rajkumar,Chandrasekar Ganapathy,Abhishek Baljeetsingh Tanwar,4,4,0,four,0,,,158/4
1047345,1,19,4,R Rajkumar,Chandrasekar Ganapathy,Abhishek Baljeetsingh Tanwar,0,0,0,out,1,caught,R Rajkumar,158/5
1047345,1,19,5,Chandrasekar Ganapathy,S Sujay,Abhishek Baljeetsingh Tanwar,0,0,0,out,1,bowled,Chandrasekar Ganapathy,158/6
1047345,1,19,6,L Kiran Akash,S Sujay,Abhishek Baljeetsingh Tanwar,1,1,0,run,0,,,159/6
1047345,1,20,1,L Kiran Akash,S Sujay,Ramalingam Rohit,1,1,0,run,0,,,160/6
1047345,1,20,2,S Sujay,L Kiran Akash,Ramalingam Rohit,1,1,0,run,0,,,161/6
1047345,1,20,3,L Kiran Akash,S Sujay,Ramalingam Rohit,1,1,0,run,0,,,162/6
1047345,1,20,4,S Sujay,L Kiran Akash,Ramalingam Rohit,0,0,0,no run,0,,,162/6
1047345,1,20,5,S Sujay,L Kiran Akash,Ramalingam Rohit,1,1,0,run,0,,,163/6
1047345,1,20,6,L Kiran Akash,S Sujay,Ramalingam Rohit,2,2,0,run,0,,,165/6
1047345,2,1,1,Chezhian Nishaanth,0,Chandrasekar Ganapathy,0,0,0,no run,0,,,0/0
1047345,2,1,2,Chezhian Nishaanth,N Sarangarajan Chaturved,Chandrasekar Ganapathy,0,0,0,out,1,caught,Chezhian Nishaanth,0/1
1047345,2,1,3,Baba Aparajith,N Sarangarajan Chaturved,Chandrasekar Ganapathy,0,0,0,no run,0,,,0/1
1047345,2,1,4,Baba Aparajith,N Sarangarajan Chaturved,Chandrasekar Ganapathy,1,1,0,run,0,,,1/1
1047345,2,1,5,N Sarangarajan Chaturved,Baba Aparajith,Chandrasekar Ganapathy,0,0,0,no run,0,,,1/1
1047345,2,1,6,N Sarangarajan Chaturved,Baba Aparajith,Chandrasekar Ganapathy,0,0,0,no run,0,,,1/1
1047345,2,2,1,Baba Aparajith,N Sarangarajan Chaturved,S Mohan Prasath,1,1,0,run,0,,,2/1
1047345,2,2,2,N Sarangarajan Chaturved,Baba Aparajith,S Mohan Prasath,1,1,0,run,0,,,3/1
1047345,2,2,3,Baba Aparajith,N Sarangarajan Chaturved,S Mohan Prasath,0,0,0,no run,0,,,3/1
1047345,2,2,4,Baba Aparajith,N Sarangarajan Chaturved,S Mohan Prasath,0,0,0,no run,0,,,3/1
1047345,2,2,5,Baba Aparajith,N Sarangarajan Chaturved,S Mohan Prasath,4,4,0,four,0,,,7/1
1047345,2,2,6,Baba Aparajith,N Sarangarajan Chaturved,S Mohan Prasath,0,0,0,no run,0,,,7/1
1047345,2,3,1,N Sarangarajan Chaturved,Baba Aparajith,Chandrasekar Ganapathy,1,1,0,run,0,,,8/1
1047345,2,3,2,Baba Aparajith,N Sarangarajan Chaturved,Chandrasekar Ganapathy,0,0,0,no run,0,,,8/1
1047345,2,3,3,Baba Aparajith,N Sarangarajan Chaturved,Chandrasekar Ganapathy,4,4,0,four,0,,,12/1
1047345,2,3,4,Baba Aparajith,N Sarangarajan Chaturved,Chandrasekar Ganapathy,0,0,0,no run,0,,,12/1
1047345,2,3,5,Baba Aparajith,N Sarangarajan Chaturved,Chandrasekar Ganapathy,1,1,0,run,0,,,13/1
1047345,2,3,6,N Sarangarajan Chaturved,Baba Aparajith,Chandrasekar Ganapathy,0,0,0,no run,0,,,13/1
1047345,2,4,1,Baba Aparajith,N Sarangarajan Chaturved,L Kiran Akash,0,0,0,no run,0,,,13/1
1047345,2,4,2,Baba Aparajith,N Sarangarajan Chaturved,L Kiran Akash,6,6,0,six,0,,,19/1
1047345,2,4,3,Baba Aparajith,N Sarangarajan Chaturved,L Kiran Akash,4,4,0,four,0,,,23/1
1047345,2,4,4,Baba Aparajith,N Sarangarajan Chaturved,L Kiran Akash,4,4,0,four,0,,,27/1
1047345,2,4,5,Baba Aparajith,N Sarangarajan Chaturved,L Kiran Akash,4,4,0,four,0,,,31/1
1047345,2,4,6,Baba Aparajith,N Sarangarajan Chaturved,L Kiran Akash,1,1,0,run,0,,,32/1
1047345,2,5,1,Baba Aparajith,N Sarangarajan Chaturved,M Suresh Babu,0,0,0,no run,0,,,32/1
1047345,2,5,2,Baba Aparajith,N Sarangarajan Chaturved,M Suresh Babu,0,0,0,no run,0,,,32/1
1047345,2,5,3,Baba Aparajith,N Sarangarajan Chaturved,M Suresh Babu,1,1,0,run,0,,,33/1
1047345,2,5,4,N Sarangarajan Chaturved,Baba Aparajith,M Suresh Babu,1,1,0,run,0,,,34/1
1047345,2,5,5,Baba Aparajith,N Sarangarajan Chaturved,M Suresh Babu,1,1,0,run,0,,,35/1
1047345,2,5,6,N Sarangarajan Chaturved,Baba Aparajith,M Suresh Babu,1,1,0,run,0,,,36/1
1047345,2,6,1,N Sarangarajan Chaturved,Baba Aparajith,S Mohan Prasath,1,1,0,run,0,,,37/1
1047345,2,6,2,Baba Aparajith,N Sarangarajan Chaturved,S Mohan Prasath,1,1,0,run,0,,,38/1
1047345,2,6,3,N Sarangarajan Chaturved,Baba Aparajith,S Mohan Prasath,1,1,0,run,0,,,39/1
1047345,2,6,4,Baba Aparajith,N Sarangarajan Chaturved,S Mohan Prasath,0,0,0,no run,0,,,39/1
1047345,2,6,5,Baba Aparajith,N Sarangarajan Chaturved,S Mohan Prasath,1,1,0,run,0,,,40/1
1047345,2,6,6,N Sarangarajan Chaturved,Baba Aparajith,S Mohan Prasath,1,0,1,leg bye,0,,,41/1
1047345,2,7,1,N Sarangarajan Chaturved,Baba Aparajith,M Suresh Babu,1,1,0,run,0,,,42/1
1047345,2,7,2,Baba Aparajith,N Sarangarajan Chaturved,M Suresh Babu,1,1,0,run,0,,,43/1
1047345,2,7,3,N Sarangarajan Chaturved,Baba Aparajith,M Suresh Babu,0,0,0,out,1,caught,N Sarangarajan Chaturved,43/2
1047345,2,7,4,GV Vignesh,Baba Aparajith,M Suresh Babu,1,1,0,run,0,,,44/2
1047345,2,7,5,Baba Aparajith,GV Vignesh,M Suresh Babu,0,0,0,no run,0,,,44/2
1047345,2,7,6,Baba Aparajith,GV Vignesh,M Suresh Babu,4,4,0,four,0,,,48/2
1047345,2,8,1,GV Vignesh,Baba Aparajith,S Sujay,1,0,1,wide,0,,,49/2
1047345,2,8,2,GV Vignesh,Baba Aparajith,S Sujay,1,1,0,run,0,,,50/2
1047345,2,8,3,Baba Aparajith,GV Vignesh,S Sujay,1,1,0,run,0,,,51/2
1047345,2,8,4,GV Vignesh,Baba Aparajith,S Sujay,1,1,0,run,0,,,52/2
1047345,2,8,5,Baba Aparajith,GV Vignesh,S Sujay,1,1,0,run,0,,,53/2
1047345,2,8,6,GV Vignesh,Baba Aparajith,S Sujay,0,0,0,out,1,bowled,GV Vignesh,53/3
1047345,2,8,7,R Kavin,Baba Aparajith,S Sujay,0,0,0,no run,0,,,53/3
1047345,2,9,1,Baba Aparajith,R Kavin,M Suresh Babu,1,1,0,run,0,,,54/3
1047345,2,9,2,R Kavin,Baba Aparajith,M Suresh Babu,1,1,0,run,0,,,55/3
1047345,2,9,3,Baba Aparajith,R Kavin,M Suresh Babu,1,1,0,run,0,,,56/3
1047345,2,9,4,R Kavin,Baba Aparajith,M Suresh Babu,1,1,0,run,0,,,57/3
1047345,2,9,5,Baba Aparajith,R Kavin,M Suresh Babu,1,1,0,run,0,,,58/3
1047345,2,9,6,R Kavin,Baba Aparajith,M Suresh Babu,0,0,0,no run,0,,,58/3
1047345,2,10,1,Baba Aparajith,R Kavin,S Sujay,4,4,0,four,0,,,62/3
1047345,2,10,2,Baba Aparajith,R Kavin,S Sujay,4,4,0,four,0,,,66/3
1047345,2,10,3,Baba Aparajith,R Kavin,S Sujay,6,6,0,six,0,,,72/3
1047345,2,10,4,Baba Aparajith,R Kavin,S Sujay,1,1,0,run,0,,,73/3
1047345,2,10,5,R Kavin,Baba Aparajith,S Sujay,1,1,0,run,0,,,74/3
1047345,2,10,6,Baba Aparajith,R Kavin,S Sujay,6,6,0,six,0,,,80/3
1047345,2,11,1,R Kavin,Baba Aparajith,R Rajkumar,0,0,0,no run,0,,,80/3
1047345,2,11,2,R Kavin,Baba Aparajith,R Rajkumar,1,1,0,run,0,,,81/3
1047345,2,11,3,Baba Aparajith,R Kavin,R Rajkumar,4,4,0,four,0,,,85/3
1047345,2,11,4,Baba Aparajith,R Kavin,R Rajkumar,1,1,0,run,0,,,86/3
1047345,2,11,5,R Kavin,Baba Aparajith,R Rajkumar,1,1,0,run,0,,,87/3
1047345,2,11,6,Baba Aparajith,R Kavin,R Rajkumar,1,1,0,run,0,,,88/3
1047345,2,12,1,Baba Aparajith,R Kavin,L Kiran Akash,2,2,0,run,0,,,90/3
1047345,2,12,2,Baba Aparajith,R Kavin,L Kiran Akash,4,4,0,four,0,,,94/3
1047345,2,12,3,Baba Aparajith,R Kavin,L Kiran Akash,1,1,0,run,0,,,95/3
1047345,2,12,4,R Kavin,Baba Aparajith,L Kiran Akash,1,1,0,run,0,,,96/3
1047345,2,12,5,Baba Aparajith,R Kavin,L Kiran Akash,1,1,0,run,0,,,97/3
1047345,2,12,6,R Kavin,Baba Aparajith,L Kiran Akash,0,0,0,no run,0,,,97/3
1047345,2,13,1,Baba Aparajith,R Kavin,R Rajkumar,0,0,0,no run,0,,,97/3
1047345,2,13,2,Baba Aparajith,R Kavin,R Rajkumar,1,1,0,run,0,,,98/3
1047345,2,13,3,R Kavin,Baba Aparajith,R Rajkumar,0,0,0,out,1,caught,R Kavin,98/4
1047345,2,13,4,Malolan Rangarajan,Baba Aparajith,R Rajkumar,1,1,0,run,0,,,99/4
1047345,2,13,5,Baba Aparajith,Malolan Rangarajan,R Rajkumar,1,1,0,run,0,,,100/4
1047345,2,13,6,Malolan Rangarajan,Baba Aparajith,R Rajkumar,0,0,0,no run,0,,,100/4
1047345,2,14,1,Baba Aparajith,Malolan Rangarajan,S Mohan Prasath,1,1,0,run,0,,,101/4
1047345,2,14,2,Malolan Rangarajan,Baba Aparajith,S Mohan Prasath,1,1,0,run,0,,,102/4
1047345,2,14,3,Baba Aparajith,Malolan Rangarajan,S Mohan Prasath,1,1,0,run,0,,,103/4
1047345,2,14,4,Malolan Rangarajan,Baba Aparajith,S Mohan Prasath,1,1,0,run,0,,,104/4
1047345,2,14,5,Baba Aparajith,Malolan Rangarajan,S Mohan Prasath,1,1,0,run,0,,,105/4
1047345,2,14,6,Malolan Rangarajan,Baba Aparajith,S Mohan Prasath,1,1,0,run,0,,,106/4
1047345,2,15,1,Malolan Rangarajan,Baba Aparajith,R Rajkumar,1,1,0,run,0,,,107/4
1047345,2,15,2,Baba Aparajith,Malolan Rangarajan,R Rajkumar,1,1,0,run,0,,,108/4
1047345,2,15,3,Malolan Rangarajan,Baba Aparajith,R Rajkumar,4,4,0,four,0,,,112/4
1047345,2,15,4,Malolan Rangarajan,Baba Aparajith,R Rajkumar,1,1,0,run,0,,,113/4
1047345,2,15,5,Baba Aparajith,Malolan Rangarajan,R Rajkumar,1,1,0,run,0,,,114/4
1047345,2,15,6,Malolan Rangarajan,Baba Aparajith,R Rajkumar,4,4,0,four,0,,,118/4
1047345,2,16,1,Baba Aparajith,Malolan Rangarajan,M Suresh Babu,1,1,0,run,0,,,119/4
1047345,2,16,2,Malolan Rangarajan,Baba Aparajith,M Suresh Babu,4,4,0,four,0,,,123/4
1047345,2,16,3,Malolan Rangarajan,Baba Aparajith,M Suresh Babu,0,0,0,no run,0,,,123/4
1047345,2,16,4,Malolan Rangarajan,Baba Aparajith,M Suresh Babu,4,4,0,four,0,,,127/4
1047345,2,16,5,Malolan Rangarajan,Baba Aparajith,M Suresh Babu,2,2,0,run,0,,,129/4
1047345,2,16,6,Malolan Rangarajan,Baba Aparajith,M Suresh Babu,1,1,0,run,0,,,130/4
1047345,2,17,1,Malolan Rangarajan,Baba Aparajith,Chandrasekar Ganapathy,1,1,0,run,0,,,131/4
1047345,2,17,2,Baba Aparajith,Malolan Rangarajan,Chandrasekar Ganapathy,1,1,0,run,0,,,132/4
1047345,2,17,3,Malolan Rangarajan,Baba Aparajith,Chandrasekar Ganapathy,1,1,0,run,0,,,133/4
1047345,2,17,4,Baba Aparajith,Malolan Rangarajan,Chandrasekar Ganapathy,6,6,0,six,0,,,139/4
1047345,2,17,5,Baba Aparajith,Malolan Rangarajan,Chandrasekar Ganapathy,1,0,1,wide,0,,,140/4
1047345,2,17,6,Baba Aparajith,Malolan Rangarajan,Chandrasekar Ganapathy,6,6,0,six,0,,,146/4
1047345,2,17,7,Baba Aparajith,Malolan Rangarajan,Chandrasekar Ganapathy,1,1,0,run,0,,,147/4
1047345,2,18,1,Baba Aparajith,Malolan Rangarajan,S Mohan Prasath,1,1,0,run,0,,,148/4
1047345,2,18,2,Malolan Rangarajan,Baba Aparajith,S Mohan Prasath,1,1,0,run,0,,,149/4
1047345,2,18,3,Baba Aparajith,Malolan Rangarajan,S Mohan Prasath,1,1,0,run,0,,,150/4
1047345,2,18,4,Malolan Rangarajan,Baba Aparajith,S Mohan Prasath,1,1,0,run,0,,,151/4
1047345,2,18,5,Baba Aparajith,Malolan Rangarajan,S Mohan Prasath,1,1,0,run,0,,,152/4
1047345,2,18,6,Malolan Rangarajan,Baba Aparajith,S Mohan Prasath,1,1,0,run,0,,,153/4
1047345,2,19,1,Malolan Rangarajan,Baba Aparajith,Chandrasekar Ganapathy,0,0,0,out,1,caught,Malolan Rangarajan,153/5
1047345,2,19,2,Baba Aparajith,0,Chandrasekar Ganapathy,4,4,0,four,0,,,157/5
1047345,2,19,3,Baba Aparajith,0,Chandrasekar Ganapathy,6,6,0,six,0,,,163/5
1047345,2,19,4,Baba Aparajith,0,Chandrasekar Ganapathy,4,4,0,four,0,,,167/5
1047347,1,1,1,Laxmesha Suryaprakash,0,Murthy Prabhu,0,0,0,no run,0,,,0/0
1047347,1,1,2,Laxmesha Suryaprakash,0,Murthy Prabhu,1,1,0,run,0,,,1/0
1047347,1,1,3,Murali Vijay,Laxmesha Suryaprakash,Murthy Prabhu,1,1,0,run,0,,,2/0
1047347,1,1,4,Laxmesha Suryaprakash,Murali Vijay,Murthy Prabhu,1,1,0,run,0,,,3/0
1047347,1,1,5,Murali Vijay,Laxmesha Suryaprakash,Murthy Prabhu,0,0,0,no run,0,,,3/0
1047347,1,1,6,Murali Vijay,Laxmesha Suryaprakash,Murthy Prabhu,2,2,0,run,0,,,5/0
1047347,1,2,1,Laxmesha Suryaprakash,Murali Vijay,Rajamani Jesuraj,0,0,0,no run,0,,,5/0
1047347,1,2,2,Laxmesha Suryaprakash,Murali Vijay,Rajamani Jesuraj,1,1,0,run,0,,,6/0
1047347,1,2,3,Murali Vijay,Laxmesha Suryaprakash,Rajamani Jesuraj,2,2,0,run,0,,,8/0
1047347,1,2,4,Murali Vijay,Laxmesha Suryaprakash,Rajamani Jesuraj,1,1,0,run,0,,,9/0
1047347,1,2,5,Laxmesha Suryaprakash,Murali Vijay,Rajamani Jesuraj,0,0,0,no run,0,,,9/0
1047347,1,2,6,Laxmesha Suryaprakash,Murali Vijay,Rajamani Jesuraj,0,0,0,no run,0,,,9/0
1047347,1,3,1,Murali Vijay,Laxmesha Suryaprakash,Murthy Prabhu,0,0,0,no run,0,,,9/0
1047347,1,3,2,Murali Vijay,Laxmesha Suryaprakash,Murthy Prabhu,0,0,0,no run,0,,,9/0
1047347,1,3,3,Murali Vijay,Laxmesha Suryaprakash,Murthy Prabhu,0,0,0,no run,0,,,9/0
1047347,1,3,4,Murali Vijay,Laxmesha Suryaprakash,Murthy Prabhu,0,0,0,no run,0,,,9/0
1047347,1,3,5,Murali Vijay,Laxmesha Suryaprakash,Murthy Prabhu,1,1,0,run,0,,,10/0
1047347,1,3,6,Laxmesha Suryaprakash,Murali Vijay,Murthy Prabhu,1,1,0,run,0,,,11/0
1047347,1,4,1,Laxmesha Suryaprakash,Murali Vijay,Rajamani Jesuraj,1,1,0,run,0,,,12/0
1047347,1,4,2,Murali Vijay,Laxmesha Suryaprakash,Rajamani Jesuraj,2,2,0,run,0,,,14/0
1047347,1,4,3,Murali Vijay,Laxmesha Suryaprakash,Rajamani Jesuraj,0,0,0,no run,0,,,14/0
1047347,1,4,4,Murali Vijay,Laxmesha Suryaprakash,Rajamani Jesuraj,0,0,0,no run,0,,,14/0
1047347,1,4,5,Murali Vijay,Laxmesha Suryaprakash,Rajamani Jesuraj,1,1,0,run,0,,,15/0
1047347,1,4,6,Laxmesha Suryaprakash,Murali Vijay,Rajamani Jesuraj,0,0,0,out,1,caught,Laxmesha Suryaprakash,15/1
1047347,1,5,1,Akshay V Srinivasan,Murali Vijay,Murthy Prabhu,0,0,0,no run,0,,,15/1
1047347,1,5,2,Akshay V Srinivasan,Murali Vijay,Murthy Prabhu,0,0,0,no run,0,,,15/1
1047347,1,5,3,Akshay V Srinivasan,Murali Vijay,Murthy Prabhu,1,1,0,run,0,,,16/1
1047347,1,5,4,Murali Vijay,Akshay V Srinivasan,Murthy Prabhu,0,0,0,no run,0,,,16/1
1047347,1,5,5,Murali Vijay,Akshay V Srinivasan,Murthy Prabhu,1,1,0,run,0,,,17/1
1047347,1,5,6,Akshay V Srinivasan,Murali Vijay,Murthy Prabhu,2,2,0,run,0,,,19/1
1047347,1,6,1,Murali Vijay,Akshay V Srinivasan,Jagannathan Kaushik,4,4,0,four,0,,,23/1
1047347,1,6,2,Murali Vijay,Akshay V Srinivasan,Jagannathan Kaushik,4,4,0,four,0,,,27/1
1047347,1,6,3,Murali Vijay,Akshay V Srinivasan,Jagannathan Kaushik,0,0,0,no run,0,,,27/1
1047347,1,6,4,Murali Vijay,Akshay V Srinivasan,Jagannathan Kaushik,1,1,0,run,0,,,28/1
1047347,1,6,5,Akshay V Srinivasan,Murali Vijay,Jagannathan Kaushik,1,1,0,run,0,,,29/1
1047347,1,6,6,Murali Vijay,Akshay V Srinivasan,Jagannathan Kaushik,0,0,0,no run,0,,,29/1
1047347,1,7,1,Akshay V Srinivasan,Murali Vijay,Jagatheesan Kousik,0,0,0,no run,0,,,29/1
1047347,1,7,2,Akshay V Srinivasan,Murali Vijay,Jagatheesan Kousik,0,0,0,no run,0,,,29/1
1047347,1,7,3,Akshay V Srinivasan,Murali Vijay,Jagatheesan Kousik,0,0,0,no run,0,,,29/1
1047347,1,7,4,Akshay V Srinivasan,Murali Vijay,Jagatheesan Kousik,2,2,0,run,0,,,31/1
1047347,1,7,5,Akshay V Srinivasan,Murali Vijay,Jagatheesan Kousik,2,2,0,run,0,,,33/1
1047347,1,7,6,Akshay V Srinivasan,Murali Vijay,Jagatheesan Kousik,0,0,0,no run,0,,,33/1
1047347,1,8,1,Murali Vijay,Akshay V Srinivasan,Jagannathan Kaushik,1,0,1,leg bye,0,,,34/1
1047347,1,8,2,Akshay V Srinivasan,Murali Vijay,Jagannathan Kaushik,0,0,0,no run,0,,,34/1
1047347,1,8,3,Akshay V Srinivasan,Murali Vijay,Jagannathan Kaushik,0,0,0,out,1,bowled,Akshay V Srinivasan,34/2
1047347,1,8,4,0,Murali Vijay,Jagannathan Kaushik,0,0,0,no run,0,,,34/2
1047347,1,8,5,0,Murali Vijay,Jagannathan Kaushik,0,0,0,no run,0,,,34/2
1047347,1,8,6,0,Murali Vijay,Jagannathan Kaushik,1,1,0,run,0,,,35/2
1047347,1,9,1,0,Murali Vijay,Jagatheesan Kousik,2,2,0,run,0,,,37/2
1047347,1,9,2,0,Murali Vijay,Jagatheesan Kousik,1,1,0,run,0,,,38/2
1047347,1,9,3,Murali Vijay,0,Jagatheesan Kousik,0,0,0,no run,0,,,38/2
1047347,1,9,4,Murali Vijay,0,Jagatheesan Kousik,1,1,0,run,0,,,39/2
1047347,1,9,5,0,Murali Vijay,Jagatheesan Kousik,1,1,0,run,0,,,40/2
1047347,1,9,6,Murali Vijay,0,Jagatheesan Kousik,1,1,0,run,0,,,41/2
1047347,1,10,1,Murali Vijay,0,Jagannathan Kaushik,1,1,0,run,0,,,42/2
1047347,1,10,2,0,Murali Vijay,Jagannathan Kaushik,1,1,0,run,0,,,43/2
1047347,1,10,3,Murali Vijay,0,Jagannathan Kaushik,1,1,0,run,0,,,44/2
1047347,1,10,4,0,Murali Vijay,Jagannathan Kaushik,1,1,0,run,0,,,45/2
1047347,1,10,5,Murali Vijay,0,Jagannathan Kaushik,1,0,1,wide,0,,,46/2
1047347,1,10,6,Murali Vijay,0,Jagannathan Kaushik,0,0,0,out,1,hit wicket,Murali Vijay,46/3
1047347,1,10,7,S Harish Kumar,0,Jagannathan Kaushik,4,4,0,four,0,,,50/3
1047347,1,11,1,0,S Harish Kumar,Jagatheesan Kousik,0,0,0,no run,0,,,50/3
1047347,1,11,2,0,S Harish Kumar,Jagatheesan Kousik,1,1,0,run,0,,,51/3
1047347,1,11,3,S Harish Kumar,0,Jagatheesan Kousik,0,0,0,no run,0,,,51/3
1047347,1,11,4,S Harish Kumar,0,Jagatheesan Kousik,1,0,1,wide,0,,,52/3
1047347,1,11,5,S Harish Kumar,0,Jagatheesan Kousik,0,0,0,no run,0,,,52/3
1047347,1,11,6,S Harish Kumar,0,Jagatheesan Kousik,2,2,0,run,0,,,54/3
1047347,1,11,7,S Harish Kumar,0,Jagatheesan Kousik,1,1,0,run,0,,,55/3
1047347,1,12,1,S Harish Kumar,0,Jagannathan Kaushik,1,1,0,run,0,,,56/3
1047347,1,12,2,0,S Harish Kumar,Jagannathan Kaushik,1,1,0,run,0,,,57/3
1047347,1,12,3,S Harish Kumar,0,Jagannathan Kaushik,1,1,0,run,0,,,58/3
1047347,1,12,4,0,S Harish Kumar,Jagannathan Kaushik,2,2,0,run,0,,,60/3
1047347,1,12,5,0,S Harish Kumar,Jagannathan Kaushik,4,4,0,four,0,,,64/3
1047347,1,12,6,0,S Harish Kumar,Jagannathan Kaushik,1,1,0,run,0,,,65/3
1047347,1,13,1,0,S Harish Kumar,L Ganesh,0,0,0,no run,0,,,65/3
1047347,1,13,2,0,S Harish Kumar,L Ganesh,2,2,0,run,0,,,67/3
1047347,1,13,3,0,S Harish Kumar,L Ganesh,0,0,0,no run,0,,,67/3
1047347,1,13,4,0,S Harish Kumar,L Ganesh,2,2,0,run,0,,,69/3
1047347,1,13,5,0,S Harish Kumar,L Ganesh,1,1,0,run,0,,,70/3
1047347,1,13,6,S Harish Kumar,0,L Ganesh,4,4,0,four,0,,,74/3
1047347,1,14,1,0,S Harish Kumar,Rajamani Jesuraj,1,1,0,run,0,,,75/3
1047347,1,14,2,S Harish Kumar,0,Rajamani Jesuraj,1,1,0,run,0,,,76/3
1047347,1,14,3,0,S Harish Kumar,Rajamani Jesuraj,0,0,0,no run,0,,,76/3
1047347,1,14,4,0,S Harish Kumar,Rajamani Jesuraj,1,1,0,run,0,,,77/3
1047347,1,14,5,S Harish Kumar,0,Rajamani Jesuraj,4,4,0,four,0,,,81/3
1047347,1,14,6,S Harish Kumar,0,Rajamani Jesuraj,1,1,0,run,0,,,82/3
1047347,1,15,1,S Harish Kumar,0,L Ganesh,0,0,0,no run,0,,,82/3
1047347,1,15,2,S Harish Kumar,0,L Ganesh,4,4,0,four,0,,,86/3
1047347,1,15,3,S Harish Kumar,0,L Ganesh,0,0,0,no run,0,,,86/3
1047347,1,15,4,S Harish Kumar,0,L Ganesh,2,2,0,run,0,,,88/3
1047347,1,15,5,S Harish Kumar,0,L Ganesh,1,1,0,run,1,run out,S Harish Kumar,89/4
1047347,1,15,6,0,Jamaluddin Syed Mohammad,L Ganesh,0,0,0,no run,0,,,89/4
1047347,1,16,1,Jamaluddin Syed Mohammad,0,Alagh Chelliah Prathiban,0,0,0,no run,0,,,89/4
1047347,1,16,2,Jamaluddin Syed Mohammad,0,Alagh Chelliah Prathiban,0,0,0,no run,0,,,89/4
1047347,1,16,3,Jamaluddin Syed Mohammad,0,Alagh Chelliah Prathiban,1,1,0,run,0,,,90/4
1047347,1,16,4,0,Jamaluddin Syed Mohammad,Alagh Chelliah Prathiban,1,1,0,run,0,,,91/4
1047347,1,16,5,Jamaluddin Syed Mohammad,0,Alagh Chelliah Prathiban,0,0,0,no run,0,,,91/4
1047347,1,16,6,Jamaluddin Syed Mohammad,0,Alagh Chelliah Prathiban,0,0,0,out,0,run out,Jamaluddin Syed Mohammad,91/4
1047347,1,17,1,0,0,Jagatheesan Kousik,1,1,0,run,0,,,92/4
1047347,1,17,2,Moovervnthali Kasipandian Sivakumar,0,Jagatheesan Kousik,1,1,0,run,0,,,93/4
1047347,1,17,3,0,Moovervnthali Kasipandian Sivakumar,Jagatheesan Kousik,6,6,0,six,0,,,99/4
1047347,1,17,4,0,Moovervnthali Kasipandian Sivakumar,Jagatheesan Kousik,1,1,0,run,0,,,100/4
1047347,1,17,5,Moovervnthali Kasipandian Sivakumar,0,Jagatheesan Kousik,0,0,0,no run,0,,,100/4
1047347,1,17,6,Moovervnthali Kasipandian Sivakumar,0,Jagatheesan Kousik,0,0,0,out,1,run out,Moovervnthali Kasipandian Sivakumar,100/5
1047347,1,18,1,0,0,Alagh Chelliah Prathiban,1,1,0,run,0,,,101/5
1047347,1,18,2,Ravi Kumar Rohith,0,Alagh Chelliah Prathiban,0,0,0,no run,0,,,101/5
1047347,1,18,3,Ravi Kumar Rohith,0,Alagh Chelliah Prathiban,1,1,0,run,0,,,102/5
1047347,1,18,4,0,Ravi Kumar Rohith,Alagh Chelliah Prathiban,1,0,1,leg bye,0,,,103/5
1047347,1,18,5,Ravi Kumar Rohith,0,Alagh Chelliah Prathiban,1,1,0,run,0,,,104/5
1047347,1,18,6,0,Ravi Kumar Rohith,Alagh Chelliah Prathiban,2,2,0,run,1,,,106/6
1047347,1,19,1,Ravi Kumar Rohith,0,Murthy Prabhu,1,1,0,run,0,,,107/6
1047347,1,19,2,0,Ravi Kumar Rohith,Murthy Prabhu,2,2,0,run,0,,,109/6
1047347,1,19,3,0,Ravi Kumar Rohith,Murthy Prabhu,1,1,0,run,0,,,110/6
1047347,1,19,4,Ravi Kumar Rohith,0,Murthy Prabhu,1,0,1,wide,0,,,111/6
1047347,1,19,5,Ravi Kumar Rohith,0,Murthy Prabhu,1,0,1,wide,0,,,112/6
1047347,1,19,6,Ravi Kumar Rohith,0,Murthy Prabhu,1,1,0,run,0,,,113/6
1047347,1,19,7,0,Ravi Kumar Rohith,Murthy Prabhu,1,1,0,run,0,,,114/6
1047347,1,19,8,Ravi Kumar Rohith,0,Murthy Prabhu,0,0,0,no run,0,,,114/6
1047347,1,20,1,0,Ravi Kumar Rohith,Rajamani Jesuraj,0,0,0,out,1,,,114/7
1047347,1,20,2,Ravi Kumar Rohith,0,Rajamani Jesuraj,6,6,0,six,0,,,120/7
1047347,1,20,3,Ravi Kumar Rohith,0,Rajamani Jesuraj,1,1,0,run,0,,,121/7
1047347,1,20,4,M Mohammed,Ravi Kumar Rohith,Rajamani Jesuraj,0,0,0,no run,0,,,121/7
1047347,1,20,5,M Mohammed,Ravi Kumar Rohith,Rajamani Jesuraj,1,1,0,run,0,,,122/7
1047347,1,20,6,Ravi Kumar Rohith,M Mohammed,Rajamani Jesuraj,4,4,0,four,0,,,126/7
1047347,2,1,1,Kumaran Bharath Shankar,0,M Mohammed,0,0,0,no run,0,,,0/0
1047347,2,1,2,Kumaran Bharath Shankar,0,M Mohammed,0,0,0,no run,0,,,0/0
1047347,2,1,3,Kumaran Bharath Shankar,0,M Mohammed,0,0,0,no run,0,,,0/0
1047347,2,1,4,Kumaran Bharath Shankar,R Nilesh Subramanian,M Mohammed,0,0,0,out,1,caught,Kumaran Bharath Shankar,0/1
1047347,2,1,5,R Nilesh Subramanian,0,M Mohammed,0,0,0,no run,0,,,0/1
1047347,2,1,6,R Nilesh Subramanian,Masood Shahrukh Khan,M Mohammed,4,4,0,four,0,,,4/1
1047347,2,2,1,Masood Shahrukh Khan,R Nilesh Subramanian,Krishnamoorthy Vignesh,0,0,0,no run,0,,,4/1
1047347,2,2,2,Masood Shahrukh Khan,R Nilesh Subramanian,Krishnamoorthy Vignesh,0,0,0,no run,0,,,4/1
1047347,2,2,3,Masood Shahrukh Khan,R Nilesh Subramanian,Krishnamoorthy Vignesh,0,0,0,out,1,caught,Masood Shahrukh Khan,4/2
1047347,2,2,4,R Nilesh Subramanian,0,Krishnamoorthy Vignesh,2,2,0,run,0,,,6/2
1047347,2,2,5,R Nilesh Subramanian,0,Krishnamoorthy Vignesh,0,0,0,no run,0,,,6/2
1047347,2,2,6,R Nilesh Subramanian,Alagh Chelliah Prathiban,Krishnamoorthy Vignesh,0,0,0,no run,0,,,6/2
1047347,2,3,1,Alagh Chelliah Prathiban,R Nilesh Subramanian,M Mohammed,1,1,0,run,0,,,7/2
1047347,2,3,2,R Nilesh Subramanian,Alagh Chelliah Prathiban,M Mohammed,0,0,0,no run,0,,,7/2
1047347,2,3,3,R Nilesh Subramanian,Alagh Chelliah Prathiban,M Mohammed,1,1,0,run,0,,,8/2
1047347,2,3,4,Alagh Chelliah Prathiban,R Nilesh Subramanian,M Mohammed,0,0,0,no run,0,,,8/2
1047347,2,3,5,Alagh Chelliah Prathiban,R Nilesh Subramanian,M Mohammed,4,4,0,four,0,,,12/2
1047347,2,3,6,Alagh Chelliah Prathiban,R Nilesh Subramanian,M Mohammed,0,0,0,no run,0,,,12/2
1047347,2,4,1,R Nilesh Subramanian,Alagh Chelliah Prathiban,Krishnamoorthy Vignesh,1,1,0,run,0,,,13/2
1047347,2,4,2,Alagh Chelliah Prathiban,R Nilesh Subramanian,Krishnamoorthy Vignesh,1,1,0,run,0,,,14/2
1047347,2,4,3,R Nilesh Subramanian,Alagh Chelliah Prathiban,Krishnamoorthy Vignesh,0,0,0,no run,0,,,14/2
1047347,2,4,4,R Nilesh Subramanian,Alagh Chelliah Prathiban,Krishnamoorthy Vignesh,1,1,0,run,0,,,15/2
1047347,2,4,5,Alagh Chelliah Prathiban,R Nilesh Subramanian,Krishnamoorthy Vignesh,0,0,0,no run,0,,,15/2
1047347,2,4,6,Alagh Chelliah Prathiban,R Nilesh Subramanian,Krishnamoorthy Vignesh,0,0,0,no run,0,,,15/2
1047347,2,5,1,R Nilesh Subramanian,Alagh Chelliah Prathiban,B Arun,1,1,0,run,0,,,16/2
1047347,2,5,2,Alagh Chelliah Prathiban,R Nilesh Subramanian,B Arun,0,0,0,no run,0,,,16/2
1047347,2,5,3,Alagh Chelliah Prathiban,R Nilesh Subramanian,B Arun,0,0,0,no run,0,,,16/2
1047347,2,5,4,Alagh Chelliah Prathiban,R Nilesh Subramanian,B Arun,0,0,0,out,1,caught,Alagh Chelliah Prathiban,16/3
1047347,2,5,5,Baba Indrajith,R Nilesh Subramanian,B Arun,4,4,0,four,0,,,20/3
1047347,2,5,6,Baba Indrajith,R Nilesh Subramanian,B Arun,0,0,0,no run,0,,,20/3
1047347,2,6,1,R Nilesh Subramanian,Baba Indrajith,Krishnamoorthy Vignesh,1,1,0,run,0,,,21/3
1047347,2,6,2,Baba Indrajith,R Nilesh Subramanian,Krishnamoorthy Vignesh,1,1,0,run,0,,,22/3
1047347,2,6,3,R Nilesh Subramanian,Baba Indrajith,Krishnamoorthy Vignesh,1,0,1,wide,0,,,23/3
1047347,2,6,4,R Nilesh Subramanian,Baba Indrajith,Krishnamoorthy Vignesh,0,0,0,no run,0,,,23/3
1047347,2,6,5,R Nilesh Subramanian,Baba Indrajith,Krishnamoorthy Vignesh,4,4,0,four,0,,,27/3
1047347,2,6,6,R Nilesh Subramanian,Baba Indrajith,Krishnamoorthy Vignesh,0,0,0,no run,0,,,27/3
1047347,2,6,7,R Nilesh Subramanian,Baba Indrajith,Krishnamoorthy Vignesh,1,1,0,run,0,,,28/3
1047347,2,7,1,R Nilesh Subramanian,Baba Indrajith,B Arun,0,0,0,no run,0,,,28/3
1047347,2,7,2,R Nilesh Subramanian,Baba Indrajith,B Arun,1,1,0,run,0,,,29/3
1047347,2,7,3,Baba Indrajith,R Nilesh Subramanian,B Arun,0,0,0,no run,0,,,29/3
1047347,2,7,4,Baba Indrajith,R Nilesh Subramanian,B Arun,1,1,0,run,0,,,30/3
1047347,2,7,5,R Nilesh Subramanian,Baba Indrajith,B Arun,1,1,0,run,0,,,31/3
1047347,2,7,6,Baba Indrajith,R Nilesh Subramanian,B Arun,0,0,0,no run,0,,,31/3
1047347,2,8,1,R Nilesh Subramanian,Baba Indrajith,Moovervnthali Kasipandian Sivakumar,1,1,0,run,0,,,32/3
1047347,2,8,2,Baba Indrajith,R Nilesh Subramanian,Moovervnthali Kasipandian Sivakumar,0,0,0,no run,0,,,32/3
1047347,2,8,3,Baba Indrajith,R Nilesh Subramanian,Moovervnthali Kasipandian Sivakumar,0,0,0,no run,0,,,32/3
1047347,2,8,4,Jagatheesan Kousik,Baba Indrajith,Moovervnthali Kasipandian Sivakumar,2,2,0,run,0,,,34/3
1047347,2,8,5,Jagatheesan Kousik,Baba Indrajith,Moovervnthali Kasipandian Sivakumar,0,0,0,no run,0,,,34/3
1047347,2,8,6,Jagatheesan Kousik,R Nilesh Subramanian,Moovervnthali Kasipandian Sivakumar,0,0,0,no run,0,,,34/3
1047347,2,9,1,R Nilesh Subramanian,Jagatheesan Kousik,Jamaluddin Syed Mohammad,0,0,0,no run,0,,,34/3
1047347,2,9,2,R Nilesh Subramanian,Jagatheesan Kousik,Jamaluddin Syed Mohammad,2,2,0,run,0,,,36/3
1047347,2,9,3,R Nilesh Subramanian,Jagatheesan Kousik,Jamaluddin Syed Mohammad,1,1,0,run,0,,,37/3
1047347,2,9,4,Jagatheesan Kousik,R Nilesh Subramanian,Jamaluddin Syed Mohammad,1,0,1,wide,0,,,38/3
1047347,2,9,5,Jagatheesan Kousik,R Nilesh Subramanian,Jamaluddin Syed Mohammad,1,1,0,run,0,,,39/3
1047347,2,9,6,R Nilesh Subramanian,Jagatheesan Kousik,Jamaluddin Syed Mohammad,6,6,0,six,0,,,45/3
1047347,2,9,7,R Nilesh Subramanian,Jagatheesan Kousik,Jamaluddin Syed Mohammad,0,0,0,no run,0,,,45/3
1047347,2,10,1,Jagatheesan Kousik,R Nilesh Subramanian,Moovervnthali Kasipandian Sivakumar,0,0,0,no run,0,,,45/3
1047347,2,10,2,Jagatheesan Kousik,R Nilesh Subramanian,Moovervnthali Kasipandian Sivakumar,1,1,0,run,0,,,46/3
1047347,2,10,3,R Nilesh Subramanian,Jagatheesan Kousik,Moovervnthali Kasipandian Sivakumar,0,0,0,no run,0,,,46/3
1047347,2,10,4,R Nilesh Subramanian,Jagatheesan Kousik,Moovervnthali Kasipandian Sivakumar,1,1,0,run,0,,,47/3
1047347,2,10,5,Jagatheesan Kousik,R Nilesh Subramanian,Moovervnthali Kasipandian Sivakumar,1,1,0,run,0,,,48/3
1047347,2,10,6,R Nilesh Subramanian,Jagatheesan Kousik,Moovervnthali Kasipandian Sivakumar,0,0,0,no run,0,,,48/3
1047347,2,11,1,Jagatheesan Kousik,R Nilesh Subramanian,S Harish Kumar,1,1,0,run,0,,,49/3
1047347,2,11,2,R Nilesh Subramanian,Jagatheesan Kousik,S Harish Kumar,4,4,0,four,0,,,53/3
1047347,2,11,3,R Nilesh Subramanian,Jagatheesan Kousik,S Harish Kumar,1,1,0,run,0,,,54/3
1047347,2,11,4,Jagatheesan Kousik,R Nilesh Subramanian,S Harish Kumar,0,0,0,no run,0,,,54/3
1047347,2,11,5,Jagatheesan Kousik,R Nilesh Subramanian,S Harish Kumar,2,2,0,run,0,,,56/3
1047347,2,11,6,Jagatheesan Kousik,R Nilesh Subramanian,S Harish Kumar,1,1,0,run,0,,,57/3
1047347,2,12,1,Jagatheesan Kousik,R Nilesh Subramanian,Moovervnthali Kasipandian Sivakumar,1,1,0,run,0,,,58/3
1047347,2,12,2,R Nilesh Subramanian,Jagatheesan Kousik,Moovervnthali Kasipandian Sivakumar,0,0,0,no run,0,,,58/3
1047347,2,12,3,R Nilesh Subramanian,Jagatheesan Kousik,Moovervnthali Kasipandian Sivakumar,1,1,0,run,0,,,59/3
1047347,2,12,4,Jagatheesan Kousik,R Nilesh Subramanian,Moovervnthali Kasipandian Sivakumar,0,0,0,no run,0,,,59/3
1047347,2,12,5,Jagatheesan Kousik,R Nilesh Subramanian,Moovervnthali Kasipandian Sivakumar,0,0,0,no run,0,,,59/3
1047347,2,12,6,Jagatheesan Kousik,R Nilesh Subramanian,Moovervnthali Kasipandian Sivakumar,0,0,0,no run,0,,,59/3
1047347,2,13,1,R Nilesh Subramanian,Jagatheesan Kousik,S Harish Kumar,1,1,0,run,0,,,60/3
1047347,2,13,2,Jagatheesan Kousik,R Nilesh Subramanian,S Harish Kumar,1,1,0,run,0,,,61/3
1047347,2,13,3,R Nilesh Subramanian,Jagatheesan Kousik,S Harish Kumar,2,2,0,run,0,,,63/3
1047347,2,13,4,R Nilesh Subramanian,Jagatheesan Kousik,S Harish Kumar,1,1,0,run,0,,,64/3
1047347,2,13,5,Jagatheesan Kousik,R Nilesh Subramanian,S Harish Kumar,1,1,0,run,0,,,65/3
1047347,2,13,6,R Nilesh Subramanian,Jagatheesan Kousik,S Harish Kumar,1,1,0,run,0,,,66/3
1047347,2,14,1,R Nilesh Subramanian,Jagatheesan Kousik,Jamaluddin Syed Mohammad,1,1,0,run,0,,,67/3
1047347,2,14,2,Jagatheesan Kousik,R Nilesh Subramanian,Jamaluddin Syed Mohammad,1,1,0,run,0,,,68/3
1047347,2,14,3,R Nilesh Subramanian,Jagatheesan Kousik,Jamaluddin Syed Mohammad,4,4,0,four,0,,,72/3
1047347,2,14,4,R Nilesh Subramanian,Jagatheesan Kousik,Jamaluddin Syed Mohammad,2,2,0,run,0,,,74/3
1047347,2,14,5,R Nilesh Subramanian,Jagatheesan Kousik,Jamaluddin Syed Mohammad,1,1,0,run,0,,,75/3
1047347,2,14,6,Jagatheesan Kousik,R Nilesh Subramanian,Jamaluddin Syed Mohammad,1,1,0,run,0,,,76/3
1047347,2,15,1,Jagatheesan Kousik,R Nilesh Subramanian,B Arun,2,2,0,run,0,,,78/3
1047347,2,15,2,Jagatheesan Kousik,R Nilesh Subramanian,B Arun,1,1,0,run,0,,,79/3
1047347,2,15,3,R Nilesh Subramanian,Jagatheesan Kousik,B Arun,0,0,0,no run,0,,,79/3
1047347,2,15,4,R Nilesh Subramanian,Jagatheesan Kousik,B Arun,1,0,1,wide,0,,,80/3
1047347,2,15,5,R Nilesh Subramanian,Jagatheesan Kousik,B Arun,1,1,0,run,0,,,81/3
1047347,2,15,6,Jagatheesan Kousik,R Nilesh Subramanian,B Arun,0,0,0,no run,0,,,81/3
1047347,2,15,7,Jagatheesan Kousik,R Nilesh Subramanian,B Arun,1,1,0,run,0,run out,R Nilesh Subramanian,82/3
1047347,2,16,1,Baba Indrajith,Jagatheesan Kousik,S Harish Kumar,1,1,0,run,0,,,83/3
1047347,2,16,2,Jagatheesan Kousik,Baba Indrajith,S Harish Kumar,0,0,0,out,2,caught,Jagatheesan Kousik,83/5
1047347,2,16,3,Baba Indrajith,0,S Harish Kumar,4,4,0,four,0,,,87/5
1047347,2,16,4,Baba Indrajith,0,S Harish Kumar,2,2,0,run,0,,,89/5
1047347,2,16,5,Baba Indrajith,0,S Harish Kumar,1,1,0,run,0,,,90/5
1047347,2,16,6,Adithya Ganesh,Baba Indrajith,S Harish Kumar,1,1,0,run,0,,,91/5
1047347,2,17,1,Adithya Ganesh,Baba Indrajith,M Mohammed,1,1,0,run,0,,,92/5
1047347,2,17,2,Baba Indrajith,Adithya Ganesh,M Mohammed,1,1,0,run,0,,,93/5
1047347,2,17,3,Adithya Ganesh,Baba Indrajith,M Mohammed,1,1,0,run,0,,,94/5
1047347,2,17,4,Baba Indrajith,Adithya Ganesh,M Mohammed,3,0,3,no ball,0,,,97/5
1047347,2,17,5,Baba Indrajith,Adithya Ganesh,M Mohammed,1,1,0,run,0,,,98/5
1047347,2,17,6,Adithya Ganesh,Baba Indrajith,M Mohammed,0,0,0,no run,0,,,98/5
1047347,2,17,7,Adithya Ganesh,Baba Indrajith,M Mohammed,4,4,0,four,0,,,102/5
1047347,2,18,1,Baba Indrajith,Adithya Ganesh,Moovervnthali Kasipandian Sivakumar,2,2,0,run,0,,,104/5
1047347,2,18,2,Baba Indrajith,Adithya Ganesh,Moovervnthali Kasipandian Sivakumar,2,2,0,run,0,,,106/5
1047347,2,18,3,Baba Indrajith,Adithya Ganesh,Moovervnthali Kasipandian Sivakumar,1,1,0,run,0,,,107/5
1047347,2,18,4,Adithya Ganesh,Baba Indrajith,Moovervnthali Kasipandian Sivakumar,0,0,0,no run,0,,,107/5
1047347,2,18,5,Adithya Ganesh,Baba Indrajith,Moovervnthali Kasipandian Sivakumar,4,4,0,four,0,,,111/5
1047347,2,18,6,Adithya Ganesh,Baba Indrajith,Moovervnthali Kasipandian Sivakumar,1,1,0,run,0,,,112/5
1047347,2,19,1,Adithya Ganesh,Baba Indrajith,B Arun,0,0,0,out,1,leg before wicket,Adithya Ganesh,112/6
1047347,2,19,2,L Ganesh,Baba Indrajith,B Arun,1,1,0,run,0,,,113/6
1047347,2,19,3,Baba Indrajith,L Ganesh,B Arun,2,2,0,run,0,,,115/6
1047347,2,19,4,Baba Indrajith,L Ganesh,B Arun,0,0,0,no run,0,,,115/6
1047347,2,19,5,Baba Indrajith,L Ganesh,B Arun,1,1,0,run,0,,,116/6
1047347,2,19,6,L Ganesh,Baba Indrajith,B Arun,2,2,0,run,0,,,118/6
1047347,2,20,1,Baba Indrajith,L Ganesh,S Harish Kumar,1,1,0,run,0,,,119/6
1047347,2,20,2,L Ganesh,Baba Indrajith,S Harish Kumar,0,0,0,out,1,caught,L Ganesh,119/7
1047347,2,20,3,Baba Indrajith,0,S Harish Kumar,1,1,0,run,0,,,120/7
1047347,2,20,4,Rajamani Jesuraj,Baba Indrajith,S Harish Kumar,1,0,1,bye,0,,,121/7
1047347,2,20,5,Baba Indrajith,Rajamani Jesuraj,S Harish Kumar,4,4,0,four,0,,,125/7
1047347,2,20,6,Baba Indrajith,Rajamani Jesuraj,S Harish Kumar,1,1,0,run,0,,,126/7
1047349,1,1,1,Narayan Jagadeesan,0,Lakshminarayanan Vignesh,0,0,0,no run,0,,,0/0
1047349,1,1,2,Narayan Jagadeesan,0,Lakshminarayanan Vignesh,0,0,0,no run,0,,,0/0
1047349,1,1,3,Narayan Jagadeesan,0,Lakshminarayanan Vignesh,0,0,0,no run,0,,,0/0
1047349,1,1,4,Narayan Jagadeesan,0,Lakshminarayanan Vignesh,0,0,0,no run,0,,,0/0
1047349,1,1,5,Narayan Jagadeesan,0,Lakshminarayanan Vignesh,1,1,0,run,0,,,1/0
1047349,1,1,6,Ganga Sridhar Raju,Narayan Jagadeesan,Lakshminarayanan Vignesh,0,0,0,no run,0,,,1/0
1047349,1,2,1,Narayan Jagadeesan,Ganga Sridhar Raju,M Raja,0,0,0,no run,0,,,1/0
1047349,1,2,2,Narayan Jagadeesan,Ganga Sridhar Raju,M Raja,0,0,0,no run,0,,,1/0
1047349,1,2,3,Narayan Jagadeesan,Ganga Sridhar Raju,M Raja,4,4,0,four,0,,,5/0
1047349,1,2,4,Narayan Jagadeesan,Ganga Sridhar Raju,M Raja,4,4,0,four,0,,,9/0
1047349,1,2,5,Narayan Jagadeesan,Ganga Sridhar Raju,M Raja,0,0,0,no run,0,,,9/0
1047349,1,2,6,Narayan Jagadeesan,Ganga Sridhar Raju,M Raja,1,0,1,wide,0,,,10/0
1047349,1,2,7,Narayan Jagadeesan,Ganga Sridhar Raju,M Raja,4,4,0,four,0,,,14/0
1047349,1,3,1,Ganga Sridhar Raju,Narayan Jagadeesan,Lakshminarayanan Vignesh,0,0,0,no run,0,,,14/0
1047349,1,3,2,Ganga Sridhar Raju,Narayan Jagadeesan,Lakshminarayanan Vignesh,4,4,0,four,0,,,18/0
1047349,1,3,3,Ganga Sridhar Raju,Narayan Jagadeesan,Lakshminarayanan Vignesh,0,0,0,no run,0,,,18/0
1047349,1,3,4,Ganga Sridhar Raju,Narayan Jagadeesan,Lakshminarayanan Vignesh,0,0,0,no run,0,,,18/0
1047349,1,3,5,Ganga Sridhar Raju,Narayan Jagadeesan,Lakshminarayanan Vignesh,6,6,0,six,0,,,24/0
1047349,1,3,6,Ganga Sridhar Raju,Narayan Jagadeesan,Lakshminarayanan Vignesh,1,1,0,run,0,,,25/0
1047349,1,4,1,Ganga Sridhar Raju,Narayan Jagadeesan,SV Muruganantham,1,1,0,run,0,,,26/0
1047349,1,4,2,Narayan Jagadeesan,Ganga Sridhar Raju,SV Muruganantham,0,0,0,no run,0,,,26/0
1047349,1,4,3,Narayan Jagadeesan,Ganga Sridhar Raju,SV Muruganantham,4,4,0,four,0,,,30/0
1047349,1,4,4,Narayan Jagadeesan,Ganga Sridhar Raju,SV Muruganantham,1,1,0,run,0,,,31/0
1047349,1,4,5,Ganga Sridhar Raju,Narayan Jagadeesan,SV Muruganantham,0,0,0,out,1,caught,Ganga Sridhar Raju,31/1
1047349,1,4,6,Narayan Jagadeesan,V Subramania Siva,SV Muruganantham,1,1,0,run,0,,,32/1
1047349,1,5,1,Narayan Jagadeesan,V Subramania Siva,M Raja,4,4,0,four,0,,,36/1
1047349,1,5,2,Narayan Jagadeesan,V Subramania Siva,M Raja,0,0,0,no run,0,,,36/1
1047349,1,5,3,Narayan Jagadeesan,V Subramania Siva,M Raja,0,0,0,no run,0,,,36/1
1047349,1,5,4,Narayan Jagadeesan,V Subramania Siva,M Raja,0,0,0,no run,0,,,36/1
1047349,1,5,5,Narayan Jagadeesan,V Subramania Siva,M Raja,1,1,0,run,0,,,37/1
1047349,1,5,6,V Subramania Siva,Narayan Jagadeesan,M Raja,0,0,0,no run,0,,,37/1
1047349,1,6,1,Narayan Jagadeesan,V Subramania Siva,SV Muruganantham,1,1,0,run,0,,,38/1
1047349,1,6,2,V Subramania Siva,Narayan Jagadeesan,SV Muruganantham,0,0,0,no run,0,,,38/1
1047349,1,6,3,V Subramania Siva,Narayan Jagadeesan,SV Muruganantham,6,6,0,six,0,,,44/1
1047349,1,6,4,V Subramania Siva,Narayan Jagadeesan,SV Muruganantham,0,0,0,no run,0,,,44/1
1047349,1,6,5,V Subramania Siva,Narayan Jagadeesan,SV Muruganantham,1,1,0,run,0,,,45/1
1047349,1,6,6,Narayan Jagadeesan,V Subramania Siva,SV Muruganantham,1,1,0,run,0,,,46/1
1047349,1,7,1,Narayan Jagadeesan,V Subramania Siva,Lakshminarayanan Vignesh,0,0,0,no run,0,,,46/1
1047349,1,7,2,Narayan Jagadeesan,V Subramania Siva,Lakshminarayanan Vignesh,1,1,0,run,0,,,47/1
1047349,1,7,3,V Subramania Siva,Narayan Jagadeesan,Lakshminarayanan Vignesh,0,0,0,no run,0,,,47/1
1047349,1,7,4,V Subramania Siva,Narayan Jagadeesan,Lakshminarayanan Vignesh,1,1,0,run,0,,,48/1
1047349,1,7,5,Narayan Jagadeesan,V Subramania Siva,Lakshminarayanan Vignesh,2,2,0,run,0,,,50/1
1047349,1,7,6,Narayan Jagadeesan,V Subramania Siva,Lakshminarayanan Vignesh,1,0,1,wide,0,,,51/1
1047349,1,7,7,Narayan Jagadeesan,V Subramania Siva,Lakshminarayanan Vignesh,1,1,0,run,0,,,52/1
1047349,1,8,1,Narayan Jagadeesan,V Subramania Siva,Ganapathi Vignesh,1,1,0,run,0,,,53/1
1047349,1,8,2,V Subramania Siva,Narayan Jagadeesan,Ganapathi Vignesh,4,4,0,four,0,,,57/1
1047349,1,8,3,V Subramania Siva,Narayan Jagadeesan,Ganapathi Vignesh,6,6,0,six,0,,,63/1
1047349,1,8,4,V Subramania Siva,Narayan Jagadeesan,Ganapathi Vignesh,1,1,0,run,0,,,64/1
1047349,1,8,5,Narayan Jagadeesan,V Subramania Siva,Ganapathi Vignesh,1,1,0,run,0,,,65/1
1047349,1,8,6,V Subramania Siva,Narayan Jagadeesan,Ganapathi Vignesh,0,0,0,out,1,leg before wicket,V Subramania Siva,65/2
1047349,1,9,1,Narayan Jagadeesan,0,DT Chandrasekar,6,6,0,six,0,,,71/2
1047349,1,9,2,Narayan Jagadeesan,0,DT Chandrasekar,1,1,0,run,0,,,72/2
1047349,1,9,3,Wilkins Joseph Victor,Narayan Jagadeesan,DT Chandrasekar,1,1,0,run,0,,,73/2
1047349,1,9,4,Narayan Jagadeesan,Wilkins Joseph Victor,DT Chandrasekar,0,0,0,no run,0,,,73/2
1047349,1,9,5,Narayan Jagadeesan,Wilkins Joseph Victor,DT Chandrasekar,1,1,0,run,0,,,74/2
1047349,1,9,6,Wilkins Joseph Victor,Narayan Jagadeesan,DT Chandrasekar,0,0,0,no run,0,,,74/2
1047349,1,10,1,Narayan Jagadeesan,Wilkins Joseph Victor,Ganapathi Vignesh,0,0,0,no run,0,,,74/2
1047349,1,10,2,Narayan Jagadeesan,Wilkins Joseph Victor,Ganapathi Vignesh,4,4,0,four,0,,,78/2
1047349,1,10,3,Narayan Jagadeesan,Wilkins Joseph Victor,Ganapathi Vignesh,1,1,0,run,0,,,79/2
1047349,1,10,4,Wilkins Joseph Victor,Narayan Jagadeesan,Ganapathi Vignesh,1,1,0,run,0,,,80/2
1047349,1,10,5,Narayan Jagadeesan,Wilkins Joseph Victor,Ganapathi Vignesh,1,1,0,run,0,,,81/2
1047349,1,10,6,Wilkins Joseph Victor,Narayan Jagadeesan,Ganapathi Vignesh,1,1,0,run,0,,,82/2
1047349,1,11,1,Wilkins Joseph Victor,Narayan Jagadeesan,Singamuthu Thiyagarajan,0,0,0,no run,0,,,82/2
1047349,1,11,2,Wilkins Joseph Victor,Narayan Jagadeesan,Singamuthu Thiyagarajan,0,0,0,no run,0,,,82/2
1047349,1,11,3,Wilkins Joseph Victor,Narayan Jagadeesan,Singamuthu Thiyagarajan,0,0,0,no run,0,,,82/2
1047349,1,11,4,Wilkins Joseph Victor,Narayan Jagadeesan,Singamuthu Thiyagarajan,1,1,0,run,0,,,83/2
1047349,1,11,5,Narayan Jagadeesan,Wilkins Joseph Victor,Singamuthu Thiyagarajan,1,1,0,run,0,,,84/2
1047349,1,11,6,Wilkins Joseph Victor,Narayan Jagadeesan,Singamuthu Thiyagarajan,0,0,0,out,1,caught,Wilkins Joseph Victor,84/3
1047349,1,12,1,Yamuna Sunny Kumar Singh,Narayan Jagadeesan,M Raja,2,2,0,run,0,,,86/3
1047349,1,12,2,Yamuna Sunny Kumar Singh,Narayan Jagadeesan,M Raja,1,1,0,run,0,,,87/3
1047349,1,12,3,Narayan Jagadeesan,Yamuna Sunny Kumar Singh,M Raja,1,0,1,wide,0,,,88/3
1047349,1,12,4,Narayan Jagadeesan,Yamuna Sunny Kumar Singh,M Raja,1,1,0,run,0,,,89/3
1047349,1,12,5,Yamuna Sunny Kumar Singh,Narayan Jagadeesan,M Raja,0,0,0,no run,0,,,89/3
1047349,1,12,6,Yamuna Sunny Kumar Singh,Narayan Jagadeesan,M Raja,1,1,0,run,0,,,90/3
1047349,1,12,7,Narayan Jagadeesan,Yamuna Sunny Kumar Singh,M Raja,0,0,0,no run,0,,,90/3
1047349,1,13,1,Yamuna Sunny Kumar Singh,Narayan Jagadeesan,Singamuthu Thiyagarajan,1,1,0,run,0,,,91/3
1047349,1,13,2,Narayan Jagadeesan,Yamuna Sunny Kumar Singh,Singamuthu Thiyagarajan,0,0,0,no run,0,,,91/3
1047349,1,13,3,Narayan Jagadeesan,Yamuna Sunny Kumar Singh,Singamuthu Thiyagarajan,1,1,0,run,0,,,92/3
1047349,1,13,4,Yamuna Sunny Kumar Singh,Narayan Jagadeesan,Singamuthu Thiyagarajan,1,1,0,run,0,,,93/3
1047349,1,13,5,Narayan Jagadeesan,Yamuna Sunny Kumar Singh,Singamuthu Thiyagarajan,4,4,0,four,0,,,97/3
1047349,1,13,6,Narayan Jagadeesan,Yamuna Sunny Kumar Singh,Singamuthu Thiyagarajan,0,0,0,no run,0,,,97/3
1047349,1,14,1,Yamuna Sunny Kumar Singh,Narayan Jagadeesan,Ganapathi Vignesh,6,6,0,six,0,,,103/3
1047349,1,14,2,Yamuna Sunny Kumar Singh,Narayan Jagadeesan,Ganapathi Vignesh,1,1,0,run,0,,,104/3
1047349,1,14,3,Narayan Jagadeesan,Yamuna Sunny Kumar Singh,Ganapathi Vignesh,1,1,0,run,0,,,105/3
1047349,1,14,4,Yamuna Sunny Kumar Singh,Narayan Jagadeesan,Ganapathi Vignesh,4,4,0,four,0,,,109/3
1047349,1,14,5,Yamuna Sunny Kumar Singh,Narayan Jagadeesan,Ganapathi Vignesh,0,0,0,no run,0,,,109/3
1047349,1,14,6,Yamuna Sunny Kumar Singh,Narayan Jagadeesan,Ganapathi Vignesh,1,1,0,run,0,,,110/3
1047349,1,15,1,Yamuna Sunny Kumar Singh,Narayan Jagadeesan,Singamuthu Thiyagarajan,0,0,0,no run,0,,,110/3
1047349,1,15,2,Yamuna Sunny Kumar Singh,Narayan Jagadeesan,Singamuthu Thiyagarajan,1,1,0,run,0,,,111/3
1047349,1,15,3,Narayan Jagadeesan,Yamuna Sunny Kumar Singh,Singamuthu Thiyagarajan,4,4,0,four,0,,,115/3
1047349,1,15,4,Narayan Jagadeesan,Yamuna Sunny Kumar Singh,Singamuthu Thiyagarajan,6,6,0,six,0,,,121/3
1047349,1,15,5,Narayan Jagadeesan,Yamuna Sunny Kumar Singh,Singamuthu Thiyagarajan,0,0,0,no run,0,,,121/3
1047349,1,15,6,Narayan Jagadeesan,Yamuna Sunny Kumar Singh,Singamuthu Thiyagarajan,6,6,0,six,0,,,127/3
1047349,1,16,1,Yamuna Sunny Kumar Singh,Narayan Jagadeesan,SV Muruganantham,0,0,0,no run,0,,,127/3
1047349,1,16,2,Yamuna Sunny Kumar Singh,Narayan Jagadeesan,SV Muruganantham,0,0,0,no run,0,,,127/3
1047349,1,16,3,Yamuna Sunny Kumar Singh,Narayan Jagadeesan,SV Muruganantham,0,0,0,out,1,caught,Yamuna Sunny Kumar Singh,127/4
1047349,1,16,4,Rajendran Vivek,Narayan Jagadeesan,SV Muruganantham,1,0,1,leg bye,0,,,128/4
1047349,1,16,5,Narayan Jagadeesan,Rajendran Vivek,SV Muruganantham,1,1,0,run,0,,,129/4
1047349,1,16,6,Rajendran Vivek,Narayan Jagadeesan,SV Muruganantham,0,0,0,out,1,caught,Rajendran Vivek,129/5
1047349,1,17,1,Murugan Ashwin,Narayan Jagadeesan,DT Chandrasekar,0,0,0,out,1,run out,Murugan Ashwin,129/6
1047349,1,17,2,Vaithianathan Rajamoney Sornendhra Guru Kedarnath,Narayan Jagadeesan,DT Chandrasekar,1,0,1,bye,0,,,130/6
1047349,1,17,3,Narayan Jagadeesan,Vaithianathan Rajamoney Sornendhra Guru Kedarnath,DT Chandrasekar,0,0,0,out,1,bowled,Narayan Jagadeesan,130/7
1047349,1,17,4,S Abishiek,Vaithianathan Rajamoney Sornendhra Guru Kedarnath,DT Chandrasekar,2,2,0,run,0,,,132/7
1047349,1,17,5,S Abishiek,Vaithianathan Rajamoney Sornendhra Guru Kedarnath,DT Chandrasekar,4,0,4,bye,0,,,136/7
1047349,1,17,6,S Abishiek,Vaithianathan Rajamoney Sornendhra Guru Kedarnath,DT Chandrasekar,1,1,0,run,0,,,137/7
1047349,1,18,1,S Abishiek,Vaithianathan Rajamoney Sornendhra Guru Kedarnath,SV Muruganantham,1,1,0,run,0,,,138/7
1047349,1,18,2,Vaithianathan Rajamoney Sornendhra Guru Kedarnath,S Abishiek,SV Muruganantham,1,1,0,run,0,,,139/7
1047349,1,18,3,S Abishiek,Vaithianathan Rajamoney Sornendhra Guru Kedarnath,SV Muruganantham,1,1,0,run,0,,,140/7
1047349,1,18,4,Vaithianathan Rajamoney Sornendhra Guru Kedarnath,S Abishiek,SV Muruganantham,1,1,0,run,0,,,141/7
1047349,1,18,5,S Abishiek,Vaithianathan Rajamoney Sornendhra Guru Kedarnath,SV Muruganantham,0,0,0,out,1,caught,S Abishiek,141/8
1047349,1,18,6,Vaithianathan Rajamoney Sornendhra Guru Kedarnath,MS Sanjay,SV Muruganantham,1,1,0,run,0,run out,Vaithianathan Rajamoney Sornendhra Guru Kedarnath,142/8
1047349,2,1,1,Konda Bhaskir Arun Karthik,0,Thangarasu Natarajan,2,2,0,run,0,,,2/0
1047349,2,1,2,Konda Bhaskir Arun Karthik,0,Thangarasu Natarajan,1,1,0,run,0,,,3/0
1047349,2,1,3,Ganapathi Vignesh,Konda Bhaskir Arun Karthik,Thangarasu Natarajan,1,1,0,run,0,,,4/0
1047349,2,1,4,Konda Bhaskir Arun Karthik,Ganapathi Vignesh,Thangarasu Natarajan,1,1,0,run,0,,,5/0
1047349,2,1,5,Ganapathi Vignesh,Konda Bhaskir Arun Karthik,Thangarasu Natarajan,1,1,0,run,0,,,6/0
1047349,2,1,6,Konda Bhaskir Arun Karthik,Ganapathi Vignesh,Thangarasu Natarajan,6,6,0,six,0,,,12/0
1047349,2,2,1,Ganapathi Vignesh,Konda Bhaskir Arun Karthik,Vaithianathan Rajamoney Sornendhra Guru Kedarnath,1,1,0,run,0,,,13/0
1047349,2,2,2,Konda Bhaskir Arun Karthik,Ganapathi Vignesh,Vaithianathan Rajamoney Sornendhra Guru Kedarnath,6,6,0,six,0,,,19/0
1047349,2,2,3,Konda Bhaskir Arun Karthik,Ganapathi Vignesh,Vaithianathan Rajamoney Sornendhra Guru Kedarnath,1,1,0,run,0,,,20/0
1047349,2,2,4,Ganapathi Vignesh,Konda Bhaskir Arun Karthik,Vaithianathan Rajamoney Sornendhra Guru Kedarnath,1,1,0,run,0,,,21/0
1047349,2,2,5,Konda Bhaskir Arun Karthik,Ganapathi Vignesh,Vaithianathan Rajamoney Sornendhra Guru Kedarnath,0,0,0,no run,0,,,21/0
1047349,2,2,6,Konda Bhaskir Arun Karthik,Ganapathi Vignesh,Vaithianathan Rajamoney Sornendhra Guru Kedarnath,0,0,0,no run,0,,,21/0
1047349,2,3,1,Ganapathi Vignesh,Konda Bhaskir Arun Karthik,Thangarasu Natarajan,1,1,0,run,0,,,22/0
1047349,2,3,2,Konda Bhaskir Arun Karthik,Ganapathi Vignesh,Thangarasu Natarajan,1,0,1,leg bye,0,,,23/0
1047349,2,3,3,Ganapathi Vignesh,Konda Bhaskir Arun Karthik,Thangarasu Natarajan,4,4,0,four,0,,,27/0
1047349,2,3,4,Ganapathi Vignesh,Konda Bhaskir Arun Karthik,Thangarasu Natarajan,1,1,0,run,0,,,28/0
1047349,2,3,5,Konda Bhaskir Arun Karthik,Ganapathi Vignesh,Thangarasu Natarajan,1,1,0,run,0,,,29/0
1047349,2,3,6,Ganapathi Vignesh,Konda Bhaskir Arun Karthik,Thangarasu Natarajan,0,0,0,no run,0,,,29/0
1047349,2,4,1,Konda Bhaskir Arun Karthik,Ganapathi Vignesh,MS Sanjay,0,0,0,out,1,caught,Konda Bhaskir Arun Karthik,29/1
1047349,2,4,2,Poovathinga Shijit Chandran,Ganapathi Vignesh,MS Sanjay,1,1,0,run,0,,,30/1
1047349,2,4,3,Ganapathi Vignesh,Poovathinga Shijit Chandran,MS Sanjay,0,0,0,out,1,caught,Ganapathi Vignesh,30/2
1047349,2,4,4,Selvam Suresh Kumar,Poovathinga Shijit Chandran,MS Sanjay,0,0,0,no run,0,,,30/2
1047349,2,4,5,Selvam Suresh Kumar,Poovathinga Shijit Chandran,MS Sanjay,1,1,0,run,0,,,31/2
1047349,2,4,6,Poovathinga Shijit Chandran,Selvam Suresh Kumar,MS Sanjay,0,0,0,no run,0,,,31/2
1047349,2,5,1,Selvam Suresh Kumar,Poovathinga Shijit Chandran,Murugan Ashwin,4,4,0,four,0,,,35/2
1047349,2,5,2,Selvam Suresh Kumar,Poovathinga Shijit Chandran,Murugan Ashwin,1,1,0,run,0,,,36/2
1047349,2,5,3,Poovathinga Shijit Chandran,Selvam Suresh Kumar,Murugan Ashwin,0,0,0,no run,0,,,36/2
1047349,2,5,4,Poovathinga Shijit Chandran,Selvam Suresh Kumar,Murugan Ashwin,0,0,0,no run,0,,,36/2
1047349,2,5,5,Poovathinga Shijit Chandran,Selvam Suresh Kumar,Murugan Ashwin,1,1,0,run,0,,,37/2
1047349,2,5,6,Selvam Suresh Kumar,Poovathinga Shijit Chandran,Murugan Ashwin,6,6,0,six,0,,,43/2
1047349,2,6,1,Poovathinga Shijit Chandran,Selvam Suresh Kumar,MS Sanjay,1,1,0,run,0,,,44/2
1047349,2,6,2,Selvam Suresh Kumar,Poovathinga Shijit Chandran,MS Sanjay,1,1,0,run,0,,,45/2
1047349,2,6,3,Poovathinga Shijit Chandran,Selvam Suresh Kumar,MS Sanjay,1,1,0,run,0,,,46/2
1047349,2,6,4,Selvam Suresh Kumar,Poovathinga Shijit Chandran,MS Sanjay,1,1,0,run,0,,,47/2
1047349,2,6,5,Poovathinga Shijit Chandran,Selvam Suresh Kumar,MS Sanjay,1,1,0,run,0,,,48/2
1047349,2,6,6,Selvam Suresh Kumar,Poovathinga Shijit Chandran,MS Sanjay,1,1,0,run,0,,,49/2
1047349,2,7,1,Selvam Suresh Kumar,Poovathinga Shijit Chandran,Vaithianathan Rajamoney Sornendhra Guru Kedarnath,2,2,0,run,0,,,51/2
1047349,2,7,2,Selvam Suresh Kumar,Poovathinga Shijit Chandran,Vaithianathan Rajamoney Sornendhra Guru Kedarnath,1,1,0,run,0,,,52/2
1047349,2,7,3,Poovathinga Shijit Chandran,Selvam Suresh Kumar,Vaithianathan Rajamoney Sornendhra Guru Kedarnath,0,0,0,no run,0,,,52/2
1047349,2,7,4,Poovathinga Shijit Chandran,Selvam Suresh Kumar,Vaithianathan Rajamoney Sornendhra Guru Kedarnath,1,1,0,run,0,,,53/2
1047349,2,7,5,Selvam Suresh Kumar,Poovathinga Shijit Chandran,Vaithianathan Rajamoney Sornendhra Guru Kedarnath,1,1,0,run,0,,,54/2
1047349,2,7,6,Poovathinga Shijit Chandran,Selvam Suresh Kumar,Vaithianathan Rajamoney Sornendhra Guru Kedarnath,0,0,0,out,1,caught,Poovathinga Shijit Chandran,54/3
1047349,2,8,1,S Aswin Kumar,Selvam Suresh Kumar,V Subramania Siva,1,1,0,run,0,,,55/3
1047349,2,8,2,Selvam Suresh Kumar,S Aswin Kumar,V Subramania Siva,0,0,0,no run,0,,,55/3
1047349,2,8,3,Selvam Suresh Kumar,S Aswin Kumar,V Subramania Siva,1,1,0,run,0,,,56/3
1047349,2,8,4,S Aswin Kumar,Selvam Suresh Kumar,V Subramania Siva,0,0,0,no run,0,,,56/3
1047349,2,8,5,S Aswin Kumar,Selvam Suresh Kumar,V Subramania Siva,1,1,0,run,0,,,57/3
1047349,2,8,6,Selvam Suresh Kumar,S Aswin Kumar,V Subramania Siva,0,0,0,no run,0,,,57/3
1047349,2,9,1,S Aswin Kumar,Selvam Suresh Kumar,Vaithianathan Rajamoney Sornendhra Guru Kedarnath,1,1,0,run,0,,,58/3
1047349,2,9,2,Selvam Suresh Kumar,S Aswin Kumar,Vaithianathan Rajamoney Sornendhra Guru Kedarnath,1,1,0,run,0,,,59/3
1047349,2,9,3,S Aswin Kumar,Selvam Suresh Kumar,Vaithianathan Rajamoney Sornendhra Guru Kedarnath,1,1,0,run,0,,,60/3
1047349,2,9,4,Selvam Suresh Kumar,S Aswin Kumar,Vaithianathan Rajamoney Sornendhra Guru Kedarnath,0,0,0,out,1,caught,Selvam Suresh Kumar,60/4
1047349,2,9,5,S Aswin Kumar,0,Vaithianathan Rajamoney Sornendhra Guru Kedarnath,1,1,0,run,0,,,61/4
1047349,2,9,6,P Francis Rokins,S Aswin Kumar,Vaithianathan Rajamoney Sornendhra Guru Kedarnath,1,1,0,run,0,,,62/4
1047349,2,10,1,P Francis Rokins,S Aswin Kumar,Yamuna Sunny Kumar Singh,1,1,0,run,0,,,63/4
1047349,2,10,2,S Aswin Kumar,P Francis Rokins,Yamuna Sunny Kumar Singh,0,0,0,out,1,caught,S Aswin Kumar,63/5
1047349,2,10,3,Singamuthu Thiyagarajan,P Francis Rokins,Yamuna Sunny Kumar Singh,0,0,0,no run,0,,,63/5
1047349,2,10,4,Singamuthu Thiyagarajan,P Francis Rokins,Yamuna Sunny Kumar Singh,1,1,0,run,0,,,64/5
1047349,2,10,5,P Francis Rokins,Singamuthu Thiyagarajan,Yamuna Sunny Kumar Singh,0,0,0,no run,0,,,64/5
1047349,2,10,6,P Francis Rokins,Singamuthu Thiyagarajan,Yamuna Sunny Kumar Singh,1,1,0,run,0,,,65/5
1047349,2,11,1,P Francis Rokins,Singamuthu Thiyagarajan,MS Sanjay,1,1,0,run,0,,,66/5
1047349,2,11,2,Singamuthu Thiyagarajan,P Francis Rokins,MS Sanjay,1,1,0,run,0,,,67/5
1047349,2,11,3,P Francis Rokins,Singamuthu Thiyagarajan,MS Sanjay,0,0,0,no run,0,,,67/5
1047349,2,11,4,P Francis Rokins,Singamuthu Thiyagarajan,MS Sanjay,4,4,0,four,0,,,71/5
1047349,2,11,5,P Francis Rokins,Singamuthu Thiyagarajan,MS Sanjay,0,0,0,no run,0,,,71/5
1047349,2,11,6,P Francis Rokins,Singamuthu Thiyagarajan,MS Sanjay,1,1,0,run,0,,,72/5
1047349,2,12,1,P Francis Rokins,Singamuthu Thiyagarajan,Yamuna Sunny Kumar Singh,4,4,0,four,0,,,76/5
1047349,2,12,2,P Francis Rokins,Singamuthu Thiyagarajan,Yamuna Sunny Kumar Singh,0,0,0,no run,0,,,76/5
1047349,2,12,3,P Francis Rokins,Singamuthu Thiyagarajan,Yamuna Sunny Kumar Singh,0,0,0,no run,0,,,76/5
1047349,2,12,4,P Francis Rokins,Singamuthu Thiyagarajan,Yamuna Sunny Kumar Singh,1,1,0,run,0,,,77/5
1047349,2,12,5,Singamuthu Thiyagarajan,P Francis Rokins,Yamuna Sunny Kumar Singh,1,1,0,run,0,,,78/5
1047349,2,12,6,P Francis Rokins,Singamuthu Thiyagarajan,Yamuna Sunny Kumar Singh,0,0,0,no run,0,,,78/5
1047349,2,13,1,Singamuthu Thiyagarajan,P Francis Rokins,Murugan Ashwin,0,0,0,no run,0,,,78/5
1047349,2,13,2,Singamuthu Thiyagarajan,P Francis Rokins,Murugan Ashwin,1,1,0,run,0,,,79/5
1047349,2,13,3,P Francis Rokins,Singamuthu Thiyagarajan,Murugan Ashwin,4,4,0,four,0,,,83/5
1047349,2,13,4,P Francis Rokins,Singamuthu Thiyagarajan,Murugan Ashwin,1,1,0,run,0,,,84/5
1047349,2,13,5,Singamuthu Thiyagarajan,P Francis Rokins,Murugan Ashwin,1,1,0,run,0,,,85/5
1047349,2,13,6,P Francis Rokins,Singamuthu Thiyagarajan,Murugan Ashwin,1,0,1,wide,0,,,86/5
1047349,2,13,7,P Francis Rokins,Singamuthu Thiyagarajan,Murugan Ashwin,0,0,0,no run,0,,,86/5
1047349,2,14,1,Singamuthu Thiyagarajan,P Francis Rokins,Thangarasu Natarajan,1,1,0,run,0,,,87/5
1047349,2,14,2,P Francis Rokins,Singamuthu Thiyagarajan,Thangarasu Natarajan,0,0,0,no run,0,,,87/5
1047349,2,14,3,P Francis Rokins,Singamuthu Thiyagarajan,Thangarasu Natarajan,1,1,0,run,0,,,88/5
1047349,2,14,4,Singamuthu Thiyagarajan,P Francis Rokins,Thangarasu Natarajan,0,0,0,out,1,run out,P Francis Rokins,88/6
1047349,2,14,5,Lakshminarayanan Vignesh,Singamuthu Thiyagarajan,Thangarasu Natarajan,0,0,0,no run,0,,,88/6
1047349,2,14,6,Lakshminarayanan Vignesh,Singamuthu Thiyagarajan,Thangarasu Natarajan,1,1,0,run,0,,,89/6
1047349,2,15,1,Lakshminarayanan Vignesh,Singamuthu Thiyagarajan,Murugan Ashwin,0,0,0,no run,0,,,89/6
1047349,2,15,2,Lakshminarayanan Vignesh,Singamuthu Thiyagarajan,Murugan Ashwin,1,1,0,run,0,,,90/6
1047349,2,15,3,Singamuthu Thiyagarajan,Lakshminarayanan Vignesh,Murugan Ashwin,1,1,0,run,0,,,91/6
1047349,2,15,4,Lakshminarayanan Vignesh,Singamuthu Thiyagarajan,Murugan Ashwin,0,0,0,no run,0,,,91/6
1047349,2,15,5,Lakshminarayanan Vignesh,Singamuthu Thiyagarajan,Murugan Ashwin,4,4,0,four,0,,,95/6
1047349,2,15,6,Lakshminarayanan Vignesh,Singamuthu Thiyagarajan,Murugan Ashwin,0,0,0,no run,0,,,95/6
1047349,2,16,1,Singamuthu Thiyagarajan,Lakshminarayanan Vignesh,MS Sanjay,6,6,0,six,0,,,101/6
1047349,2,16,2,Singamuthu Thiyagarajan,Lakshminarayanan Vignesh,MS Sanjay,4,4,0,four,0,,,105/6
1047349,2,16,3,Singamuthu Thiyagarajan,Lakshminarayanan Vignesh,MS Sanjay,1,1,0,run,0,,,106/6
1047349,2,16,4,Lakshminarayanan Vignesh,Singamuthu Thiyagarajan,MS Sanjay,1,1,0,run,0,,,107/6
1047349,2,16,5,Singamuthu Thiyagarajan,Lakshminarayanan Vignesh,MS Sanjay,1,1,0,run,0,,,108/6
1047349,2,16,6,Lakshminarayanan Vignesh,Singamuthu Thiyagarajan,MS Sanjay,1,1,0,run,0,,,109/6
1047349,2,17,1,Lakshminarayanan Vignesh,Singamuthu Thiyagarajan,Thangarasu Natarajan,0,0,0,no run,0,,,109/6
1047349,2,17,2,Lakshminarayanan Vignesh,Singamuthu Thiyagarajan,Thangarasu Natarajan,1,1,0,run,0,,,110/6
1047349,2,17,3,Singamuthu Thiyagarajan,Lakshminarayanan Vignesh,Thangarasu Natarajan,1,1,0,run,0,,,111/6
1047349,2,17,4,Lakshminarayanan Vignesh,Singamuthu Thiyagarajan,Thangarasu Natarajan,1,1,0,run,0,,,112/6
1047349,2,17,5,Singamuthu Thiyagarajan,Lakshminarayanan Vignesh,Thangarasu Natarajan,4,4,0,four,0,,,116/6
1047349,2,17,6,Singamuthu Thiyagarajan,Lakshminarayanan Vignesh,Thangarasu Natarajan,6,6,0,six,0,,,122/6
1047349,2,18,1,Lakshminarayanan Vignesh,Singamuthu Thiyagarajan,Murugan Ashwin,1,1,0,run,0,,,123/6
1047349,2,18,2,Singamuthu Thiyagarajan,Lakshminarayanan Vignesh,Murugan Ashwin,2,2,0,run,0,,,125/6
1047349,2,18,3,Singamuthu Thiyagarajan,Lakshminarayanan Vignesh,Murugan Ashwin,4,4,0,four,0,,,129/6
1047349,2,18,4,Singamuthu Thiyagarajan,Lakshminarayanan Vignesh,Murugan Ashwin,1,1,0,run,0,,,130/6
1047349,2,18,5,Lakshminarayanan Vignesh,Singamuthu Thiyagarajan,Murugan Ashwin,0,0,0,out,1,stumped,Lakshminarayanan Vignesh,130/7
1047349,2,18,6,M Raja,Singamuthu Thiyagarajan,Murugan Ashwin,1,1,0,run,0,,,131/7
1047351,1,1,1,Hari Gopinath,0,Santha Moorthy,1,0,1,wide,0,,,1/0
1047351,1,1,2,Hari Gopinath,0,Santha Moorthy,0,0,0,no run,0,,,1/0
1047351,1,1,3,Hari Gopinath,0,Santha Moorthy,1,1,0,run,0,,,2/0
1047351,1,1,4,Xavier Thalaivan Sargunam,Hari Gopinath,Santha Moorthy,0,0,0,no run,0,,,2/0
1047351,1,1,5,Xavier Thalaivan Sargunam,Hari Gopinath,Santha Moorthy,4,4,0,four,0,,,6/0
1047351,1,1,6,Xavier Thalaivan Sargunam,Hari Gopinath,Santha Moorthy,0,0,0,no run,0,,,6/0
1047351,1,1,7,Xavier Thalaivan Sargunam,Hari Gopinath,Santha Moorthy,0,0,0,no run,0,,,6/0
1047351,1,2,1,Hari Gopinath,Xavier Thalaivan Sargunam,S Mohan Prasath,0,0,0,no run,0,,,6/0
1047351,1,2,2,Hari Gopinath,Xavier Thalaivan Sargunam,S Mohan Prasath,1,1,0,run,0,,,7/0
1047351,1,2,3,Xavier Thalaivan Sargunam,Hari Gopinath,S Mohan Prasath,0,0,0,no run,0,,,7/0
1047351,1,2,4,Xavier Thalaivan Sargunam,Hari Gopinath,S Mohan Prasath,0,0,0,no run,0,,,7/0
1047351,1,2,5,Xavier Thalaivan Sargunam,Hari Gopinath,S Mohan Prasath,0,0,0,no run,0,,,7/0
1047351,1,2,6,Xavier Thalaivan Sargunam,Hari Gopinath,S Mohan Prasath,1,1,0,run,0,,,8/0
1047351,1,3,1,Xavier Thalaivan Sargunam,Hari Gopinath,Santha Moorthy,0,0,0,no run,0,,,8/0
1047351,1,3,2,Xavier Thalaivan Sargunam,Hari Gopinath,Santha Moorthy,4,4,0,four,0,,,12/0
1047351,1,3,3,Xavier Thalaivan Sargunam,Hari Gopinath,Santha Moorthy,6,6,0,six,0,,,18/0
1047351,1,3,4,Xavier Thalaivan Sargunam,Hari Gopinath,Santha Moorthy,1,1,0,run,0,,,19/0
1047351,1,3,5,Hari Gopinath,Xavier Thalaivan Sargunam,Santha Moorthy,4,4,0,four,0,,,23/0
1047351,1,3,6,Hari Gopinath,Xavier Thalaivan Sargunam,Santha Moorthy,4,4,0,four,0,,,27/0
1047351,1,4,1,Xavier Thalaivan Sargunam,Hari Gopinath,S Mohan Prasath,0,0,0,out,1,bowled,Xavier Thalaivan Sargunam,27/1
1047351,1,4,2,Sathiamoorty Vasanth Saravanan,Hari Gopinath,S Mohan Prasath,0,0,0,no run,0,,,27/1
1047351,1,4,3,Sathiamoorty Vasanth Saravanan,Hari Gopinath,S Mohan Prasath,0,0,0,no run,0,,,27/1
1047351,1,4,4,Sathiamoorty Vasanth Saravanan,Hari Gopinath,S Mohan Prasath,6,6,0,six,0,,,33/1
1047351,1,4,5,Sathiamoorty Vasanth Saravanan,Hari Gopinath,S Mohan Prasath,1,1,0,run,0,,,34/1
1047351,1,4,6,Hari Gopinath,Sathiamoorty Vasanth Saravanan,S Mohan Prasath,0,0,0,no run,0,,,34/1
1047351,1,5,1,Sathiamoorty Vasanth Saravanan,Hari Gopinath,Ramsingh Sonu Yadav,1,0,1,wide,0,,,35/1
1047351,1,5,2,Sathiamoorty Vasanth Saravanan,Hari Gopinath,Ramsingh Sonu Yadav,0,0,0,no run,0,,,35/1
1047351,1,5,3,Sathiamoorty Vasanth Saravanan,Hari Gopinath,Ramsingh Sonu Yadav,0,0,0,no run,0,,,35/1
1047351,1,5,4,Sathiamoorty Vasanth Saravanan,Hari Gopinath,Ramsingh Sonu Yadav,1,0,1,wide,0,,,36/1
1047351,1,5,5,Sathiamoorty Vasanth Saravanan,Hari Gopinath,Ramsingh Sonu Yadav,0,0,0,no run,0,,,36/1
1047351,1,5,6,Sathiamoorty Vasanth Saravanan,Hari Gopinath,Ramsingh Sonu Yadav,2,2,0,run,0,,,38/1
1047351,1,5,7,Sathiamoorty Vasanth Saravanan,Hari Gopinath,Ramsingh Sonu Yadav,1,0,1,wide,0,,,39/1
1047351,1,5,8,Sathiamoorty Vasanth Saravanan,Hari Gopinath,Ramsingh Sonu Yadav,0,0,0,no run,0,,,39/1
1047351,1,5,9,Sathiamoorty Vasanth Saravanan,Hari Gopinath,Ramsingh Sonu Yadav,6,6,0,six,0,,,45/1
1047351,1,6,1,Hari Gopinath,Sathiamoorty Vasanth Saravanan,Santha Moorthy,4,4,0,four,0,,,49/1
1047351,1,6,2,Hari Gopinath,Sathiamoorty Vasanth Saravanan,Santha Moorthy,6,6,0,six,0,,,55/1
1047351,1,6,3,Hari Gopinath,Sathiamoorty Vasanth Saravanan,Santha Moorthy,1,1,0,run,0,,,56/1
1047351,1,6,4,Sathiamoorty Vasanth Saravanan,Hari Gopinath,Santha Moorthy,1,1,0,run,0,,,57/1
1047351,1,6,5,Hari Gopinath,Sathiamoorty Vasanth Saravanan,Santha Moorthy,1,0,1,wide,0,,,58/1
1047351,1,6,6,Hari Gopinath,Sathiamoorty Vasanth Saravanan,Santha Moorthy,4,4,0,four,0,,,62/1
1047351,1,6,7,Hari Gopinath,Sathiamoorty Vasanth Saravanan,Santha Moorthy,5,0,5,wide,0,,,67/1
1047351,1,6,8,Hari Gopinath,Sathiamoorty Vasanth Saravanan,Santha Moorthy,0,0,0,no run,0,,,67/1
1047351,1,7,1,Sathiamoorty Vasanth Saravanan,Hari Gopinath,Ramsingh Sonu Yadav,0,0,0,out,1,caught,Sathiamoorty Vasanth Saravanan,67/2
1047351,1,7,2,Hari Gopinath,0,Ramsingh Sonu Yadav,1,1,0,run,0,,,68/2
1047351,1,7,3,Vijaykumar Yo Mahesh,Hari Gopinath,Ramsingh Sonu Yadav,0,0,0,no run,0,,,68/2
1047351,1,7,4,Vijaykumar Yo Mahesh,Hari Gopinath,Ramsingh Sonu Yadav,0,0,0,no run,0,,,68/2
1047351,1,7,5,Vijaykumar Yo Mahesh,Hari Gopinath,Ramsingh Sonu Yadav,1,1,0,run,0,,,69/2
1047351,1,7,6,Hari Gopinath,Vijaykumar Yo Mahesh,Ramsingh Sonu Yadav,0,0,0,no run,0,,,69/2
1047351,1,8,1,Vijaykumar Yo Mahesh,Hari Gopinath,M Suresh Babu,0,0,0,no run,0,,,69/2
1047351,1,8,2,Vijaykumar Yo Mahesh,Hari Gopinath,M Suresh Babu,1,1,0,run,0,,,70/2
1047351,1,8,3,Hari Gopinath,Vijaykumar Yo Mahesh,M Suresh Babu,1,0,1,leg bye,0,,,71/2
1047351,1,8,4,Vijaykumar Yo Mahesh,Hari Gopinath,M Suresh Babu,1,0,1,leg bye,0,,,72/2
1047351,1,8,5,Hari Gopinath,Vijaykumar Yo Mahesh,M Suresh Babu,1,1,0,run,0,,,73/2
1047351,1,8,6,Vijaykumar Yo Mahesh,Hari Gopinath,M Suresh Babu,0,0,0,no run,0,,,73/2
1047351,1,9,1,Hari Gopinath,Vijaykumar Yo Mahesh,R Rajkumar,0,0,0,no run,0,,,73/2
1047351,1,9,2,Hari Gopinath,Vijaykumar Yo Mahesh,R Rajkumar,0,0,0,no run,0,,,73/2
1047351,1,9,3,Hari Gopinath,Vijaykumar Yo Mahesh,R Rajkumar,1,1,0,run,0,,,74/2
1047351,1,9,4,Vijaykumar Yo Mahesh,Hari Gopinath,R Rajkumar,0,0,0,no run,0,,,74/2
1047351,1,9,5,Vijaykumar Yo Mahesh,Hari Gopinath,R Rajkumar,1,1,0,run,0,,,75/2
1047351,1,9,6,Hari Gopinath,Vijaykumar Yo Mahesh,R Rajkumar,1,1,0,run,0,,,76/2
1047351,1,10,1,Hari Gopinath,Vijaykumar Yo Mahesh,M Suresh Babu,6,6,0,six,0,,,82/2
1047351,1,10,2,Hari Gopinath,Vijaykumar Yo Mahesh,M Suresh Babu,6,6,0,six,0,,,88/2
1047351,1,10,3,Hari Gopinath,Vijaykumar Yo Mahesh,M Suresh Babu,0,0,0,no run,0,,,88/2
1047351,1,10,4,Hari Gopinath,Vijaykumar Yo Mahesh,M Suresh Babu,1,1,0,run,0,,,89/2
1047351,1,10,5,Vijaykumar Yo Mahesh,Hari Gopinath,M Suresh Babu,4,4,0,four,0,,,93/2
1047351,1,10,6,Vijaykumar Yo Mahesh,Hari Gopinath,M Suresh Babu,1,1,0,run,0,,,94/2
1047351,1,11,1,Vijaykumar Yo Mahesh,Hari Gopinath,R Rajkumar,1,1,0,run,0,,,95/2
1047351,1,11,2,Hari Gopinath,Vijaykumar Yo Mahesh,R Rajkumar,1,1,0,run,0,,,96/2
1047351,1,11,3,Vijaykumar Yo Mahesh,Hari Gopinath,R Rajkumar,4,4,0,four,0,,,100/2
1047351,1,11,4,Vijaykumar Yo Mahesh,Hari Gopinath,R Rajkumar,0,0,0,no run,0,,,100/2
1047351,1,11,5,Vijaykumar Yo Mahesh,Hari Gopinath,R Rajkumar,0,0,0,no run,0,,,100/2
1047351,1,11,6,Vijaykumar Yo Mahesh,Hari Gopinath,R Rajkumar,0,0,0,out,1,caught,Vijaykumar Yo Mahesh,100/3
1047351,1,12,1,Rajagopal Sathish,Hari Gopinath,M Shajahan,0,0,0,no run,0,,,100/3
1047351,1,12,2,Rajagopal Sathish,Hari Gopinath,M Shajahan,4,4,0,four,0,,,104/3
1047351,1,12,3,Rajagopal Sathish,Hari Gopinath,M Shajahan,1,1,0,run,0,,,105/3
1047351,1,12,4,Hari Gopinath,Rajagopal Sathish,M Shajahan,0,0,0,out,1,leg before wicket,Hari Gopinath,105/4
1047351,1,12,5,Uthirasamy Sasidev,Rajagopal Sathish,M Shajahan,1,1,0,run,0,,,106/4
1047351,1,12,6,Rajagopal Sathish,Uthirasamy Sasidev,M Shajahan,1,1,0,run,0,,,107/4
1047351,1,13,1,Rajagopal Sathish,Uthirasamy Sasidev,R Rajkumar,4,4,0,four,0,,,111/4
1047351,1,13,2,Rajagopal Sathish,Uthirasamy Sasidev,R Rajkumar,1,1,0,run,0,,,112/4
1047351,1,13,3,Uthirasamy Sasidev,Rajagopal Sathish,R Rajkumar,0,0,0,no run,0,,,112/4
1047351,1,13,4,Uthirasamy Sasidev,Rajagopal Sathish,R Rajkumar,1,1,0,run,0,,,113/4
1047351,1,13,5,Rajagopal Sathish,Uthirasamy Sasidev,R Rajkumar,1,1,0,run,0,,,114/4
1047351,1,13,6,Uthirasamy Sasidev,Rajagopal Sathish,R Rajkumar,1,1,0,run,0,,,115/4
1047351,1,14,1,Uthirasamy Sasidev,Rajagopal Sathish,M Shajahan,1,1,0,run,0,,,116/4
1047351,1,14,2,Rajagopal Sathish,Uthirasamy Sasidev,M Shajahan,1,1,0,run,0,,,117/4
1047351,1,14,3,Uthirasamy Sasidev,Rajagopal Sathish,M Shajahan,4,4,0,four,0,,,121/4
1047351,1,14,4,Uthirasamy Sasidev,Rajagopal Sathish,M Shajahan,0,0,0,no run,0,,,121/4
1047351,1,14,5,Uthirasamy Sasidev,Rajagopal Sathish,M Shajahan,0,0,0,no run,0,,,121/4
1047351,1,14,6,Uthirasamy Sasidev,Rajagopal Sathish,M Shajahan,4,4,0,four,0,,,125/4
1047351,1,15,1,Rajagopal Sathish,Uthirasamy Sasidev,M Suresh Babu,1,1,0,run,0,,,126/4
1047351,1,15,2,Uthirasamy Sasidev,Rajagopal Sathish,M Suresh Babu,1,1,0,run,0,,,127/4
1047351,1,15,3,Rajagopal Sathish,Uthirasamy Sasidev,M Suresh Babu,1,1,0,run,0,,,128/4
1047351,1,15,4,Uthirasamy Sasidev,Rajagopal Sathish,M Suresh Babu,1,1,0,run,0,,,129/4
1047351,1,15,5,Rajagopal Sathish,Uthirasamy Sasidev,M Suresh Babu,1,0,1,wide,0,,,130/4
1047351,1,15,6,Rajagopal Sathish,Uthirasamy Sasidev,M Suresh Babu,2,0,2,wide,0,,,132/4
1047351,1,15,7,Uthirasamy Sasidev,Rajagopal Sathish,M Suresh Babu,2,0,2,wide,0,,,134/4
1047351,1,15,8,Rajagopal Sathish,Uthirasamy Sasidev,M Suresh Babu,1,0,1,wide,0,,,135/4
1047351,1,15,9,Rajagopal Sathish,Uthirasamy Sasidev,M Suresh Babu,6,6,0,six,0,,,141/4
1047351,1,15,10,Rajagopal Sathish,Uthirasamy Sasidev,M Suresh Babu,1,0,1,wide,0,,,142/4
1047351,1,15,11,Rajagopal Sathish,Uthirasamy Sasidev,M Suresh Babu,2,2,0,run,0,,,144/4
1047351,1,16,1,Uthirasamy Sasidev,Rajagopal Sathish,Srikkanth Anirudha,0,0,0,no run,0,,,144/4
1047351,1,16,2,Uthirasamy Sasidev,Rajagopal Sathish,Srikkanth Anirudha,0,0,0,no run,0,,,144/4
1047351,1,16,3,Uthirasamy Sasidev,Rajagopal Sathish,Srikkanth Anirudha,0,0,0,no run,0,,,144/4
1047351,1,16,4,Uthirasamy Sasidev,Rajagopal Sathish,Srikkanth Anirudha,4,4,0,four,0,,,148/4
1047351,1,16,5,Uthirasamy Sasidev,Rajagopal Sathish,Srikkanth Anirudha,1,1,0,run,0,,,149/4
1047351,1,16,6,Rajagopal Sathish,Uthirasamy Sasidev,Srikkanth Anirudha,6,6,0,six,0,,,155/4
1047351,1,17,1,Uthirasamy Sasidev,Rajagopal Sathish,Ramsingh Sonu Yadav,0,0,0,out,1,caught,Uthirasamy Sasidev,155/5
1047351,1,17,2,Wenseslaus Antony Dhas,Rajagopal Sathish,Ramsingh Sonu Yadav,1,0,1,wide,0,,,156/5
1047351,1,17,3,Wenseslaus Antony Dhas,Rajagopal Sathish,Ramsingh Sonu Yadav,1,1,0,run,0,,,157/5
1047351,1,17,4,Rajagopal Sathish,Wenseslaus Antony Dhas,Ramsingh Sonu Yadav,1,1,0,run,0,,,158/5
1047351,1,17,5,Wenseslaus Antony Dhas,Rajagopal Sathish,Ramsingh Sonu Yadav,4,4,0,four,0,,,162/5
1047351,1,17,6,Wenseslaus Antony Dhas,Rajagopal Sathish,Ramsingh Sonu Yadav,1,1,0,run,0,,,163/5
1047351,1,17,7,Rajagopal Sathish,Wenseslaus Antony Dhas,Ramsingh Sonu Yadav,1,1,0,run,0,,,164/5
1047351,1,18,1,Rajagopal Sathish,Wenseslaus Antony Dhas,S Mohan Prasath,4,4,0,four,0,,,168/5
1047351,1,18,2,Rajagopal Sathish,Wenseslaus Antony Dhas,S Mohan Prasath,1,1,0,run,0,,,169/5
1047351,1,18,3,Wenseslaus Antony Dhas,Rajagopal Sathish,S Mohan Prasath,1,1,0,run,0,,,170/5
1047351,1,18,4,Rajagopal Sathish,Wenseslaus Antony Dhas,S Mohan Prasath,1,1,0,run,0,,,171/5
1047351,1,18,5,Wenseslaus Antony Dhas,Rajagopal Sathish,S Mohan Prasath,1,1,0,run,0,,,172/5
1047351,1,18,6,Rajagopal Sathish,Wenseslaus Antony Dhas,S Mohan Prasath,6,6,0,six,0,,,178/5
1047351,1,19,1,Wenseslaus Antony Dhas,Rajagopal Sathish,R Rajkumar,1,1,0,run,0,,,179/5
1047351,1,19,2,Rajagopal Sathish,Wenseslaus Antony Dhas,R Rajkumar,1,1,0,run,0,,,180/5
1047351,1,19,3,Wenseslaus Antony Dhas,Rajagopal Sathish,R Rajkumar,6,6,0,six,0,,,186/5
1047351,1,19,4,Wenseslaus Antony Dhas,Rajagopal Sathish,R Rajkumar,1,0,1,wide,0,,,187/5
1047351,1,19,5,Wenseslaus Antony Dhas,Rajagopal Sathish,R Rajkumar,1,1,0,run,0,,,188/5
1047351,1,19,6,Rajagopal Sathish,Wenseslaus Antony Dhas,R Rajkumar,2,2,0,run,0,,,190/5
1047351,1,19,7,Rajagopal Sathish,Wenseslaus Antony Dhas,R Rajkumar,0,0,0,out,1,bowled,Rajagopal Sathish,190/6
1047351,1,20,1,Wenseslaus Antony Dhas,0,Ramsingh Sonu Yadav,1,0,1,wide,0,,,191/6
1047351,1,20,2,Wenseslaus Antony Dhas,0,Ramsingh Sonu Yadav,1,0,1,wide,0,,,192/6
1047351,1,20,3,Wenseslaus Antony Dhas,0,Ramsingh Sonu Yadav,1,1,0,run,0,,,193/6
1047351,1,20,4,Jothimani Gowjith Subhash,Wenseslaus Antony Dhas,Ramsingh Sonu Yadav,0,0,0,no run,0,,,193/6
1047351,1,20,5,Jothimani Gowjith Subhash,Wenseslaus Antony Dhas,Ramsingh Sonu Yadav,1,0,1,wide,0,,,194/6
1047351,1,20,6,Jothimani Gowjith Subhash,Wenseslaus Antony Dhas,Ramsingh Sonu Yadav,0,0,0,no run,0,,,194/6
1047351,1,20,7,Jothimani Gowjith Subhash,Wenseslaus Antony Dhas,Ramsingh Sonu Yadav,0,0,0,out,1,caught,Jothimani Gowjith Subhash,194/7
1047351,1,20,8,Dakshinamoorthy Tamil Kumaran,Wenseslaus Antony Dhas,Ramsingh Sonu Yadav,0,0,0,out,1,caught,Dakshinamoorthy Tamil Kumaran,194/8
1047351,1,20,9,Wenseslaus Antony Dhas,Ravisrinivasan Sai Kishore,Ramsingh Sonu Yadav,1,1,0,run,0,run out,Ravisrinivasan Sai Kishore,195/8
1047351,2,1,1,Srikkanth Anirudha,0,Rajagopal Sathish,2,0,2,wide,0,,,2/0
1047351,2,1,2,M Vijay Kumar,Srikkanth Anirudha,Rajagopal Sathish,4,4,0,four,0,,,6/0
1047351,2,1,3,M Vijay Kumar,Srikkanth Anirudha,Rajagopal Sathish,1,1,0,run,0,,,7/0
1047351,2,1,4,Srikkanth Anirudha,M Vijay Kumar,Rajagopal Sathish,0,0,0,no run,0,,,7/0
1047351,2,1,5,Srikkanth Anirudha,M Vijay Kumar,Rajagopal Sathish,6,6,0,six,0,,,13/0
1047351,2,1,6,Srikkanth Anirudha,M Vijay Kumar,Rajagopal Sathish,0,0,0,no run,0,,,13/0
1047351,2,1,7,Srikkanth Anirudha,M Vijay Kumar,Rajagopal Sathish,1,1,0,run,0,,,14/0
1047351,2,2,1,Srikkanth Anirudha,M Vijay Kumar,Dakshinamoorthy Tamil Kumaran,0,0,0,no run,0,,,14/0
1047351,2,2,2,Srikkanth Anirudha,M Vijay Kumar,Dakshinamoorthy Tamil Kumaran,0,0,0,out,1,run out,Srikkanth Anirudha,14/1
1047351,2,2,3,M Vijay Kumar,0,Dakshinamoorthy Tamil Kumaran,0,0,0,no run,0,,,14/1
1047351,2,2,4,M Vijay Kumar,0,Dakshinamoorthy Tamil Kumaran,4,4,0,four,0,,,18/1
1047351,2,2,5,M Vijay Kumar,0,Dakshinamoorthy Tamil Kumaran,6,6,0,six,0,,,24/1
1047351,2,2,6,M Vijay Kumar,Rajhamany Srinivasan,Dakshinamoorthy Tamil Kumaran,1,1,0,run,0,,,25/1
1047351,2,3,1,M Vijay Kumar,Rajhamany Srinivasan,Vijaykumar Yo Mahesh,6,6,0,six,0,,,31/1
1047351,2,3,2,M Vijay Kumar,Rajhamany Srinivasan,Vijaykumar Yo Mahesh,6,6,0,six,0,,,37/1
1047351,2,3,3,M Vijay Kumar,Rajhamany Srinivasan,Vijaykumar Yo Mahesh,0,0,0,no run,0,,,37/1
1047351,2,3,4,M Vijay Kumar,Rajhamany Srinivasan,Vijaykumar Yo Mahesh,1,0,1,wide,0,,,38/1
1047351,2,3,5,M Vijay Kumar,Rajhamany Srinivasan,Vijaykumar Yo Mahesh,4,4,0,four,0,,,42/1
1047351,2,3,6,M Vijay Kumar,Rajhamany Srinivasan,Vijaykumar Yo Mahesh,0,0,0,no run,0,,,42/1
1047351,2,3,7,M Vijay Kumar,Rajhamany Srinivasan,Vijaykumar Yo Mahesh,6,6,0,six,0,,,48/1
1047351,2,4,1,Rajhamany Srinivasan,M Vijay Kumar,Dakshinamoorthy Tamil Kumaran,0,0,0,no run,0,,,48/1
1047351,2,4,2,Rajhamany Srinivasan,M Vijay Kumar,Dakshinamoorthy Tamil Kumaran,4,4,0,four,0,,,52/1
1047351,2,4,3,Rajhamany Srinivasan,M Vijay Kumar,Dakshinamoorthy Tamil Kumaran,0,0,0,no run,0,,,52/1
1047351,2,4,4,Rajhamany Srinivasan,M Vijay Kumar,Dakshinamoorthy Tamil Kumaran,1,1,0,run,0,,,53/1
1047351,2,4,5,M Vijay Kumar,Rajhamany Srinivasan,Dakshinamoorthy Tamil Kumaran,1,1,0,run,0,,,54/1
1047351,2,4,6,Rajhamany Srinivasan,M Vijay Kumar,Dakshinamoorthy Tamil Kumaran,1,1,0,run,0,,,55/1
1047351,2,5,1,Rajhamany Srinivasan,M Vijay Kumar,Ramadoss Alexander,1,1,0,run,0,,,56/1
1047351,2,5,2,M Vijay Kumar,Rajhamany Srinivasan,Ramadoss Alexander,6,6,0,six,0,,,62/1
1047351,2,5,3,M Vijay Kumar,Rajhamany Srinivasan,Ramadoss Alexander,1,1,0,run,0,,,63/1
1047351,2,5,4,Rajhamany Srinivasan,M Vijay Kumar,Ramadoss Alexander,1,1,0,run,0,,,64/1
1047351,2,5,5,M Vijay Kumar,Rajhamany Srinivasan,Ramadoss Alexander,0,0,0,no run,0,,,64/1
1047351,2,5,6,M Vijay Kumar,Rajhamany Srinivasan,Ramadoss Alexander,0,0,0,no run,0,,,64/1
1047351,2,6,1,Rajhamany Srinivasan,M Vijay Kumar,Dakshinamoorthy Tamil Kumaran,0,0,0,no run,0,,,64/1
1047351,2,6,2,Rajhamany Srinivasan,M Vijay Kumar,Dakshinamoorthy Tamil Kumaran,4,4,0,four,0,,,68/1
1047351,2,6,3,Rajhamany Srinivasan,M Vijay Kumar,Dakshinamoorthy Tamil Kumaran,0,0,0,no run,0,,,68/1
1047351,2,6,4,Rajhamany Srinivasan,M Vijay Kumar,Dakshinamoorthy Tamil Kumaran,0,0,0,no run,0,,,68/1
1047351,2,6,5,Rajhamany Srinivasan,M Vijay Kumar,Dakshinamoorthy Tamil Kumaran,1,1,0,run,0,,,69/1
1047351,2,6,6,M Vijay Kumar,Rajhamany Srinivasan,Dakshinamoorthy Tamil Kumaran,0,0,0,no run,0,,,69/1
1047351,2,7,1,Rajhamany Srinivasan,M Vijay Kumar,Ramadoss Alexander,1,1,0,run,0,,,70/1
1047351,2,7,2,M Vijay Kumar,Rajhamany Srinivasan,Ramadoss Alexander,0,0,0,no run,0,,,70/1
1047351,2,7,3,M Vijay Kumar,Rajhamany Srinivasan,Ramadoss Alexander,0,0,0,out,1,caught,M Vijay Kumar,70/2
1047351,2,7,4,Subramaniam Badrinath,Rajhamany Srinivasan,Ramadoss Alexander,0,0,0,no run,0,,,70/2
1047351,2,7,5,Subramaniam Badrinath,Rajhamany Srinivasan,Ramadoss Alexander,0,0,0,no run,0,,,70/2
1047351,2,7,6,Subramaniam Badrinath,Rajhamany Srinivasan,Ramadoss Alexander,4,4,0,four,0,,,74/2
1047351,2,8,1,Rajhamany Srinivasan,Subramaniam Badrinath,Ravisrinivasan Sai Kishore,1,1,0,run,0,,,75/2
1047351,2,8,2,Subramaniam Badrinath,Rajhamany Srinivasan,Ravisrinivasan Sai Kishore,0,0,0,no run,0,,,75/2
1047351,2,8,3,Subramaniam Badrinath,Rajhamany Srinivasan,Ravisrinivasan Sai Kishore,2,2,0,run,0,,,77/2
1047351,2,8,4,Subramaniam Badrinath,Rajhamany Srinivasan,Ravisrinivasan Sai Kishore,1,1,0,run,0,,,78/2
1047351,2,8,5,Rajhamany Srinivasan,Subramaniam Badrinath,Ravisrinivasan Sai Kishore,0,0,0,no run,0,,,78/2
1047351,2,8,6,Rajhamany Srinivasan,Subramaniam Badrinath,Ravisrinivasan Sai Kishore,1,1,0,run,0,,,79/2
1047351,2,9,1,Rajhamany Srinivasan,Subramaniam Badrinath,Ramadoss Alexander,2,2,0,run,0,,,81/2
1047351,2,9,2,Rajhamany Srinivasan,Subramaniam Badrinath,Ramadoss Alexander,1,1,0,run,0,,,82/2
1047351,2,9,3,Subramaniam Badrinath,Rajhamany Srinivasan,Ramadoss Alexander,0,0,0,out,1,caught,Subramaniam Badrinath,82/3
1047351,2,9,4,M Shajahan,Rajhamany Srinivasan,Ramadoss Alexander,0,0,0,no run,0,,,82/3
1047351,2,9,5,M Shajahan,Rajhamany Srinivasan,Ramadoss Alexander,0,0,0,no run,0,,,82/3
1047351,2,9,6,M Shajahan,Rajhamany Srinivasan,Ramadoss Alexander,0,0,0,no run,0,,,82/3
1047351,2,10,1,Rajhamany Srinivasan,M Shajahan,Ravisrinivasan Sai Kishore,1,1,0,run,0,,,83/3
1047351,2,10,2,M Shajahan,Rajhamany Srinivasan,Ravisrinivasan Sai Kishore,1,1,0,run,0,,,84/3
1047351,2,10,3,Rajhamany Srinivasan,M Shajahan,Ravisrinivasan Sai Kishore,1,1,0,run,0,,,85/3
1047351,2,10,4,M Shajahan,Rajhamany Srinivasan,Ravisrinivasan Sai Kishore,0,0,0,no run,0,,,85/3
1047351,2,10,5,M Shajahan,Rajhamany Srinivasan,Ravisrinivasan Sai Kishore,4,4,0,four,0,,,89/3
1047351,2,10,6,M Shajahan,Rajhamany Srinivasan,Ravisrinivasan Sai Kishore,0,0,0,no run,0,,,89/3
1047351,2,11,1,Rajhamany Srinivasan,M Shajahan,Ramadoss Alexander,1,1,0,run,0,,,90/3
1047351,2,11,2,M Shajahan,Rajhamany Srinivasan,Ramadoss Alexander,4,4,0,four,0,,,94/3
1047351,2,11,3,M Shajahan,Rajhamany Srinivasan,Ramadoss Alexander,0,0,0,out,1,leg before wicket,M Shajahan,94/4
1047351,2,11,4,M Suresh Babu,Rajhamany Srinivasan,Ramadoss Alexander,0,0,0,no run,0,,,94/4
1047351,2,11,5,M Suresh Babu,Rajhamany Srinivasan,Ramadoss Alexander,1,0,1,wide,0,,,95/4
1047351,2,11,6,M Suresh Babu,Rajhamany Srinivasan,Ramadoss Alexander,1,1,0,run,0,,,96/4
1047351,2,11,7,Rajhamany Srinivasan,M Suresh Babu,Ramadoss Alexander,4,4,0,four,0,,,100/4
1047351,2,12,1,M Suresh Babu,Rajhamany Srinivasan,Ravisrinivasan Sai Kishore,0,0,0,no run,0,,,100/4
1047351,2,12,2,M Suresh Babu,Rajhamany Srinivasan,Ravisrinivasan Sai Kishore,1,1,0,run,0,,,101/4
1047351,2,12,3,Rajhamany Srinivasan,M Suresh Babu,Ravisrinivasan Sai Kishore,1,1,0,run,0,,,102/4
1047351,2,12,4,M Suresh Babu,Rajhamany Srinivasan,Ravisrinivasan Sai Kishore,1,1,0,run,0,,,103/4
1047351,2,12,5,Rajhamany Srinivasan,M Suresh Babu,Ravisrinivasan Sai Kishore,1,0,1,wide,0,,,104/4
1047351,2,12,6,Rajhamany Srinivasan,M Suresh Babu,Ravisrinivasan Sai Kishore,0,0,0,no run,0,,,104/4
1047351,2,12,7,Rajhamany Srinivasan,M Suresh Babu,Ravisrinivasan Sai Kishore,0,0,0,no run,0,,,104/4
1047351,2,13,1,M Suresh Babu,Rajhamany Srinivasan,Wenseslaus Antony Dhas,0,0,0,out,1,bowled,M Suresh Babu,104/5
1047351,2,13,2,Ramsingh Sonu Yadav,Rajhamany Srinivasan,Wenseslaus Antony Dhas,0,0,0,no run,0,,,104/5
1047351,2,13,3,Ramsingh Sonu Yadav,Rajhamany Srinivasan,Wenseslaus Antony Dhas,1,1,0,run,0,,,105/5
1047351,2,13,4,Rajhamany Srinivasan,Ramsingh Sonu Yadav,Wenseslaus Antony Dhas,1,1,0,run,0,,,106/5
1047351,2,13,5,Ramsingh Sonu Yadav,Rajhamany Srinivasan,Wenseslaus Antony Dhas,1,1,0,run,0,,,107/5
1047351,2,13,6,Rajhamany Srinivasan,Ramsingh Sonu Yadav,Wenseslaus Antony Dhas,1,1,0,run,0,,,108/5
1047351,2,14,1,Rajhamany Srinivasan,Ramsingh Sonu Yadav,Ravisrinivasan Sai Kishore,0,0,0,no run,0,,,108/5
1047351,2,14,2,Rajhamany Srinivasan,Ramsingh Sonu Yadav,Ravisrinivasan Sai Kishore,4,4,0,four,0,,,112/5
1047351,2,14,3,Rajhamany Srinivasan,Ramsingh Sonu Yadav,Ravisrinivasan Sai Kishore,2,2,0,run,0,,,114/5
1047351,2,14,4,Rajhamany Srinivasan,Ramsingh Sonu Yadav,Ravisrinivasan Sai Kishore,1,1,0,run,0,,,115/5
1047351,2,14,5,Ramsingh Sonu Yadav,Rajhamany Srinivasan,Ravisrinivasan Sai Kishore,0,0,0,no run,0,,,115/5
1047351,2,14,6,Ramsingh Sonu Yadav,Rajhamany Srinivasan,Ravisrinivasan Sai Kishore,0,0,0,out,1,bowled,Ramsingh Sonu Yadav,115/6
1047351,2,15,1,Rajhamany Srinivasan,0,Wenseslaus Antony Dhas,1,1,0,run,0,,,116/6
1047351,2,15,2,R Rajkumar,Rajhamany Srinivasan,Wenseslaus Antony Dhas,1,0,1,bye,0,,,117/6
1047351,2,15,3,Rajhamany Srinivasan,R Rajkumar,Wenseslaus Antony Dhas,1,1,0,run,0,,,118/6
1047351,2,15,4,R Rajkumar,Rajhamany Srinivasan,Wenseslaus Antony Dhas,0,0,0,out,1,caught,R Rajkumar,118/7
1047351,2,15,5,Rajhamany Srinivasan,S Lokeshwar,Wenseslaus Antony Dhas,0,0,0,out,1,bowled,Rajhamany Srinivasan,118/8
1047351,2,15,6,Santha Moorthy,S Lokeshwar,Wenseslaus Antony Dhas,1,1,0,run,0,,,119/8
1047351,2,16,1,Santha Moorthy,S Lokeshwar,Vijaykumar Yo Mahesh,0,0,0,no run,0,,,119/8
1047351,2,16,2,Santha Moorthy,S Lokeshwar,Vijaykumar Yo Mahesh,1,1,0,run,0,,,120/8
1047351,2,16,3,S Lokeshwar,Santha Moorthy,Vijaykumar Yo Mahesh,1,1,0,run,0,,,121/8
1047351,2,16,4,Santha Moorthy,S Lokeshwar,Vijaykumar Yo Mahesh,0,0,0,no run,0,,,121/8
1047351,2,16,5,Santha Moorthy,S Lokeshwar,Vijaykumar Yo Mahesh,4,4,0,four,0,,,125/8
1047351,2,16,6,Santha Moorthy,S Lokeshwar,Vijaykumar Yo Mahesh,1,1,0,run,0,,,126/8
1047351,2,17,1,Santha Moorthy,S Lokeshwar,Wenseslaus Antony Dhas,1,1,0,run,0,,,127/8
1047351,2,17,2,S Lokeshwar,Santha Moorthy,Wenseslaus Antony Dhas,0,0,0,no run,0,,,127/8
1047351,2,17,3,S Lokeshwar,Santha Moorthy,Wenseslaus Antony Dhas,0,0,0,out,1,caught,S Lokeshwar,127/9
1047351,2,17,4,Santha Moorthy,0,Wenseslaus Antony Dhas,1,1,0,run,0,,,128/9
1047351,2,17,5,S Mohan Prasath,Santha Moorthy,Wenseslaus Antony Dhas,0,0,0,no run,0,,,128/9
1047351,2,17,6,S Mohan Prasath,Santha Moorthy,Wenseslaus Antony Dhas,0,0,0,no run,0,,,128/9
1047351,2,18,1,Santha Moorthy,S Mohan Prasath,Vijaykumar Yo Mahesh,0,0,0,out,1,caught,Santha Moorthy,128/10
1047353,1,1,1,Chezhian Nishaanth,0,Lakshminarayanan Vignesh,0,0,0,no run,0,,,0/0
1047353,1,1,2,Chezhian Nishaanth,0,Lakshminarayanan Vignesh,1,1,0,run,0,,,1/0
1047353,1,1,3,N Sarangarajan Chaturved,Chezhian Nishaanth,Lakshminarayanan Vignesh,1,1,0,run,0,,,2/0
1047353,1,1,4,Chezhian Nishaanth,N Sarangarajan Chaturved,Lakshminarayanan Vignesh,0,0,0,no run,0,,,2/0
1047353,1,1,5,Chezhian Nishaanth,N Sarangarajan Chaturved,Lakshminarayanan Vignesh,1,1,0,run,0,,,3/0
1047353,1,1,6,N Sarangarajan Chaturved,Chezhian Nishaanth,Lakshminarayanan Vignesh,0,0,0,no run,0,,,3/0
1047353,1,2,1,Chezhian Nishaanth,N Sarangarajan Chaturved,SV Muruganantham,0,0,0,no run,0,,,3/0
1047353,1,2,2,Chezhian Nishaanth,N Sarangarajan Chaturved,SV Muruganantham,1,1,0,run,0,,,4/0
1047353,1,2,3,N Sarangarajan Chaturved,Chezhian Nishaanth,SV Muruganantham,0,0,0,no run,0,,,4/0
1047353,1,2,4,N Sarangarajan Chaturved,Chezhian Nishaanth,SV Muruganantham,1,1,0,run,0,,,5/0
1047353,1,2,5,Chezhian Nishaanth,N Sarangarajan Chaturved,SV Muruganantham,1,1,0,run,0,,,6/0
1047353,1,2,6,N Sarangarajan Chaturved,Chezhian Nishaanth,SV Muruganantham,0,0,0,no run,0,,,6/0
1047353,1,3,1,Chezhian Nishaanth,N Sarangarajan Chaturved,Lakshminarayanan Vignesh,5,5,0,run,0,,,11/0
1047353,1,3,2,N Sarangarajan Chaturved,Chezhian Nishaanth,Lakshminarayanan Vignesh,1,1,0,run,0,,,12/0
1047353,1,3,3,Chezhian Nishaanth,N Sarangarajan Chaturved,Lakshminarayanan Vignesh,1,1,0,run,0,,,13/0
1047353,1,3,4,N Sarangarajan Chaturved,Chezhian Nishaanth,Lakshminarayanan Vignesh,1,1,0,run,0,,,14/0
1047353,1,3,5,Chezhian Nishaanth,N Sarangarajan Chaturved,Lakshminarayanan Vignesh,1,1,0,run,0,,,15/0
1047353,1,3,6,N Sarangarajan Chaturved,Chezhian Nishaanth,Lakshminarayanan Vignesh,1,1,0,run,0,,,16/0
1047353,1,4,1,N Sarangarajan Chaturved,Chezhian Nishaanth,SV Muruganantham,0,0,0,no run,0,,,16/0
1047353,1,4,2,N Sarangarajan Chaturved,Chezhian Nishaanth,SV Muruganantham,1,1,0,run,0,,,17/0
1047353,1,4,3,Chezhian Nishaanth,N Sarangarajan Chaturved,SV Muruganantham,1,1,0,run,0,,,18/0
1047353,1,4,4,N Sarangarajan Chaturved,Chezhian Nishaanth,SV Muruganantham,4,4,0,four,0,,,22/0
1047353,1,4,5,N Sarangarajan Chaturved,Chezhian Nishaanth,SV Muruganantham,0,0,0,no run,0,,,22/0
1047353,1,4,6,N Sarangarajan Chaturved,Chezhian Nishaanth,SV Muruganantham,4,4,0,four,0,,,26/0
1047353,1,5,1,Chezhian Nishaanth,N Sarangarajan Chaturved,Lakshminarayanan Vignesh,1,0,1,wide,0,,,27/0
1047353,1,5,2,Chezhian Nishaanth,N Sarangarajan Chaturved,Lakshminarayanan Vignesh,2,2,0,run,0,,,29/0
1047353,1,5,3,Chezhian Nishaanth,N Sarangarajan Chaturved,Lakshminarayanan Vignesh,1,1,0,run,0,,,30/0
1047353,1,5,4,N Sarangarajan Chaturved,Chezhian Nishaanth,Lakshminarayanan Vignesh,0,0,0,no run,0,,,30/0
1047353,1,5,5,N Sarangarajan Chaturved,Chezhian Nishaanth,Lakshminarayanan Vignesh,6,6,0,six,0,,,36/0
1047353,1,5,6,N Sarangarajan Chaturved,Chezhian Nishaanth,Lakshminarayanan Vignesh,0,0,0,no run,0,,,36/0
1047353,1,5,7,N Sarangarajan Chaturved,Chezhian Nishaanth,Lakshminarayanan Vignesh,4,4,0,four,0,,,40/0
1047353,1,6,1,Chezhian Nishaanth,N Sarangarajan Chaturved,DT Chandrasekar,4,4,0,four,0,,,44/0
1047353,1,6,2,Chezhian Nishaanth,N Sarangarajan Chaturved,DT Chandrasekar,0,0,0,out,1,caught,Chezhian Nishaanth,44/1
1047353,1,6,3,GV Vignesh,N Sarangarajan Chaturved,DT Chandrasekar,0,0,0,no run,0,,,44/1
1047353,1,6,4,GV Vignesh,N Sarangarajan Chaturved,DT Chandrasekar,1,1,0,run,0,,,45/1
1047353,1,6,5,N Sarangarajan Chaturved,GV Vignesh,DT Chandrasekar,1,1,0,run,0,,,46/1
1047353,1,6,6,GV Vignesh,N Sarangarajan Chaturved,DT Chandrasekar,1,1,0,run,0,,,47/1
1047353,1,7,1,GV Vignesh,N Sarangarajan Chaturved,M Raja,1,1,0,run,0,,,48/1
1047353,1,7,2,N Sarangarajan Chaturved,GV Vignesh,M Raja,1,1,0,run,0,,,49/1
1047353,1,7,3,GV Vignesh,N Sarangarajan Chaturved,M Raja,1,0,1,bye,0,,,50/1
1047353,1,7,4,N Sarangarajan Chaturved,GV Vignesh,M Raja,1,0,1,leg bye,0,,,51/1
1047353,1,7,5,GV Vignesh,N Sarangarajan Chaturved,M Raja,1,1,0,run,0,,,52/1
1047353,1,7,6,N Sarangarajan Chaturved,GV Vignesh,M Raja,0,0,0,no run,0,,,52/1
1047353,1,8,1,GV Vignesh,N Sarangarajan Chaturved,DT Chandrasekar,1,1,0,run,0,,,53/1
1047353,1,8,2,N Sarangarajan Chaturved,GV Vignesh,DT Chandrasekar,1,1,0,run,0,,,54/1
1047353,1,8,3,GV Vignesh,N Sarangarajan Chaturved,DT Chandrasekar,2,2,0,run,0,,,56/1
1047353,1,8,4,GV Vignesh,N Sarangarajan Chaturved,DT Chandrasekar,1,0,1,wide,0,,,57/1
1047353,1,8,5,GV Vignesh,N Sarangarajan Chaturved,DT Chandrasekar,1,1,0,run,0,,,58/1
1047353,1,8,6,N Sarangarajan Chaturved,GV Vignesh,DT Chandrasekar,4,4,0,four,0,,,62/1
1047353,1,8,7,N Sarangarajan Chaturved,GV Vignesh,DT Chandrasekar,1,1,0,run,0,,,63/1
1047353,1,9,1,N Sarangarajan Chaturved,GV Vignesh,M Raja,1,1,0,run,0,,,64/1
1047353,1,9,2,GV Vignesh,N Sarangarajan Chaturved,M Raja,1,1,0,run,0,,,65/1
1047353,1,9,3,N Sarangarajan Chaturved,GV Vignesh,M Raja,1,0,1,wide,0,,,66/1
1047353,1,9,4,N Sarangarajan Chaturved,GV Vignesh,M Raja,1,1,0,run,0,,,67/1
1047353,1,9,5,GV Vignesh,N Sarangarajan Chaturved,M Raja,2,2,0,run,0,,,69/1
1047353,1,9,6,GV Vignesh,N Sarangarajan Chaturved,M Raja,0,0,0,no run,0,,,69/1
1047353,1,9,7,GV Vignesh,N Sarangarajan Chaturved,M Raja,4,4,0,four,0,,,73/1
1047353,1,10,1,N Sarangarajan Chaturved,GV Vignesh,Poovathinga Shijit Chandran,1,1,0,run,0,,,74/1
1047353,1,10,2,GV Vignesh,N Sarangarajan Chaturved,Poovathinga Shijit Chandran,1,1,0,run,0,,,75/1
1047353,1,10,3,N Sarangarajan Chaturved,GV Vignesh,Poovathinga Shijit Chandran,1,1,0,run,0,,,76/1
1047353,1,10,4,GV Vignesh,N Sarangarajan Chaturved,Poovathinga Shijit Chandran,0,0,0,out,1,stumped,GV Vignesh,76/2
1047353,1,10,5,R Kavin,N Sarangarajan Chaturved,Poovathinga Shijit Chandran,0,0,0,no run,0,,,76/2
1047353,1,10,6,R Kavin,N Sarangarajan Chaturved,Poovathinga Shijit Chandran,1,1,0,run,0,,,77/2
1047353,1,11,1,R Kavin,N Sarangarajan Chaturved,Selvam Suresh Kumar,1,1,0,run,0,,,78/2
1047353,1,11,2,N Sarangarajan Chaturved,R Kavin,Selvam Suresh Kumar,1,1,0,run,0,,,79/2
1047353,1,11,3,R Kavin,N Sarangarajan Chaturved,Selvam Suresh Kumar,2,0,2,wide,0,,,81/2
1047353,1,11,4,N Sarangarajan Chaturved,R Kavin,Selvam Suresh Kumar,0,0,0,out,1,run out,R Kavin,81/3
1047353,1,11,5,N Sarangarajan Chaturved,0,Selvam Suresh Kumar,1,1,0,run,0,,,82/3
1047353,1,11,6,Malolan Rangarajan,N Sarangarajan Chaturved,Selvam Suresh Kumar,0,0,0,no run,0,,,82/3
1047353,1,11,7,Malolan Rangarajan,N Sarangarajan Chaturved,Selvam Suresh Kumar,1,1,0,run,0,,,83/3
1047353,1,12,1,Malolan Rangarajan,N Sarangarajan Chaturved,Poovathinga Shijit Chandran,1,1,0,run,0,,,84/3
1047353,1,12,2,N Sarangarajan Chaturved,Malolan Rangarajan,Poovathinga Shijit Chandran,0,0,0,no run,0,,,84/3
1047353,1,12,3,N Sarangarajan Chaturved,Malolan Rangarajan,Poovathinga Shijit Chandran,0,0,0,no run,0,,,84/3
1047353,1,12,4,N Sarangarajan Chaturved,Malolan Rangarajan,Poovathinga Shijit Chandran,1,1,0,run,0,,,85/3
1047353,1,12,5,Malolan Rangarajan,N Sarangarajan Chaturved,Poovathinga Shijit Chandran,1,1,0,run,0,,,86/3
1047353,1,12,6,N Sarangarajan Chaturved,Malolan Rangarajan,Poovathinga Shijit Chandran,1,1,0,run,0,,,87/3
1047353,1,13,1,N Sarangarajan Chaturved,Malolan Rangarajan,M Raja,1,1,0,run,0,,,88/3
1047353,1,13,2,Malolan Rangarajan,N Sarangarajan Chaturved,M Raja,0,0,0,out,1,caught,Malolan Rangarajan,88/4
1047353,1,13,3,N Sarangarajan Chaturved,0,M Raja,1,1,0,run,0,,,89/4
1047353,1,13,4,M Lakshmi Narayanan,N Sarangarajan Chaturved,M Raja,0,0,0,no run,0,,,89/4
1047353,1,13,5,M Lakshmi Narayanan,N Sarangarajan Chaturved,M Raja,0,0,0,no run,0,,,89/4
1047353,1,13,6,M Lakshmi Narayanan,N Sarangarajan Chaturved,M Raja,1,1,0,run,0,,,90/4
1047353,1,14,1,M Lakshmi Narayanan,N Sarangarajan Chaturved,SV Muruganantham,1,1,0,run,0,,,91/4
1047353,1,14,2,N Sarangarajan Chaturved,M Lakshmi Narayanan,SV Muruganantham,0,0,0,out,1,bowled,N Sarangarajan Chaturved,91/5
1047353,1,14,3,Ramsingh  Sanjay Yadav,M Lakshmi Narayanan,SV Muruganantham,0,0,0,no run,0,,,91/5
1047353,1,14,4,Ramsingh  Sanjay Yadav,M Lakshmi Narayanan,SV Muruganantham,0,0,0,no run,0,,,91/5
1047353,1,14,5,Ramsingh  Sanjay Yadav,M Lakshmi Narayanan,SV Muruganantham,6,6,0,six,0,,,97/5
1047353,1,14,6,Ramsingh  Sanjay Yadav,M Lakshmi Narayanan,SV Muruganantham,4,4,0,four,0,,,101/5
1047353,1,15,1,M Lakshmi Narayanan,Ramsingh  Sanjay Yadav,Singamuthu Thiyagarajan,0,0,0,no run,0,,,101/5
1047353,1,15,2,M Lakshmi Narayanan,Ramsingh  Sanjay Yadav,Singamuthu Thiyagarajan,1,1,0,run,0,,,102/5
1047353,1,15,3,Ramsingh  Sanjay Yadav,M Lakshmi Narayanan,Singamuthu Thiyagarajan,1,1,0,run,0,,,103/5
1047353,1,15,4,M Lakshmi Narayanan,Ramsingh  Sanjay Yadav,Singamuthu Thiyagarajan,6,6,0,six,0,,,109/5
1047353,1,15,5,M Lakshmi Narayanan,Ramsingh  Sanjay Yadav,Singamuthu Thiyagarajan,3,3,0,run,0,,,112/5
1047353,1,15,6,Ramsingh  Sanjay Yadav,M Lakshmi Narayanan,Singamuthu Thiyagarajan,2,2,0,run,0,,,114/5
1047353,1,16,1,M Lakshmi Narayanan,Ramsingh  Sanjay Yadav,Poovathinga Shijit Chandran,1,1,0,run,1,run out,M Lakshmi Narayanan,115/6
1047353,1,16,2,Ramsingh  Sanjay Yadav,0,Poovathinga Shijit Chandran,1,1,0,run,0,,,116/6
1047353,1,16,3,Abhishek Baljeetsingh Tanwar,Ramsingh  Sanjay Yadav,Poovathinga Shijit Chandran,1,1,0,run,0,,,117/6
1047353,1,16,4,Ramsingh  Sanjay Yadav,Abhishek Baljeetsingh Tanwar,Poovathinga Shijit Chandran,1,1,0,run,0,,,118/6
1047353,1,16,5,Abhishek Baljeetsingh Tanwar,Ramsingh  Sanjay Yadav,Poovathinga Shijit Chandran,0,0,0,no run,0,,,118/6
1047353,1,16,6,Abhishek Baljeetsingh Tanwar,Ramsingh  Sanjay Yadav,Poovathinga Shijit Chandran,0,0,0,no run,0,,,118/6
1047353,1,17,1,Ramsingh  Sanjay Yadav,Abhishek Baljeetsingh Tanwar,DT Chandrasekar,1,1,0,run,0,,,119/6
1047353,1,17,2,Abhishek Baljeetsingh Tanwar,Ramsingh  Sanjay Yadav,DT Chandrasekar,1,1,0,run,0,,,120/6
1047353,1,17,3,Ramsingh  Sanjay Yadav,Abhishek Baljeetsingh Tanwar,DT Chandrasekar,0,0,0,no run,0,,,120/6
1047353,1,17,4,Ramsingh  Sanjay Yadav,Abhishek Baljeetsingh Tanwar,DT Chandrasekar,1,1,0,run,0,,,121/6
1047353,1,17,5,Abhishek Baljeetsingh Tanwar,Ramsingh  Sanjay Yadav,DT Chandrasekar,1,1,0,run,0,,,122/6
1047353,1,17,6,Ramsingh  Sanjay Yadav,Abhishek Baljeetsingh Tanwar,DT Chandrasekar,4,4,0,four,0,,,126/6
1047353,1,18,1,Abhishek Baljeetsingh Tanwar,Ramsingh  Sanjay Yadav,Lakshminarayanan Vignesh,1,1,0,run,0,,,127/6
1047353,1,18,2,Ramsingh  Sanjay Yadav,Abhishek Baljeetsingh Tanwar,Lakshminarayanan Vignesh,1,0,1,wide,0,,,128/6
1047353,1,18,3,Ramsingh  Sanjay Yadav,Abhishek Baljeetsingh Tanwar,Lakshminarayanan Vignesh,0,0,0,no run,0,,,128/6
1047353,1,18,4,Ramsingh  Sanjay Yadav,Abhishek Baljeetsingh Tanwar,Lakshminarayanan Vignesh,0,0,0,no run,0,,,128/6
1047353,1,18,5,Ramsingh  Sanjay Yadav,Abhishek Baljeetsingh Tanwar,Lakshminarayanan Vignesh,1,1,0,run,0,,,129/6
1047353,1,18,6,Abhishek Baljeetsingh Tanwar,Ramsingh  Sanjay Yadav,Lakshminarayanan Vignesh,1,1,0,run,0,,,130/6
1047353,1,18,7,Ramsingh  Sanjay Yadav,Abhishek Baljeetsingh Tanwar,Lakshminarayanan Vignesh,1,1,0,run,0,,,131/6
1047353,1,19,1,Ramsingh  Sanjay Yadav,Abhishek Baljeetsingh Tanwar,M Raja,1,1,0,run,0,,,132/6
1047353,1,19,2,Abhishek Baljeetsingh Tanwar,Ramsingh  Sanjay Yadav,M Raja,0,0,0,out,1,caught,Abhishek Baljeetsingh Tanwar,132/7
1047353,1,19,3,Ramsingh  Sanjay Yadav,0,M Raja,4,4,0,four,0,,,136/7
1047353,1,19,4,Ramsingh  Sanjay Yadav,Ramalingam Rohit,M Raja,0,0,0,out,1,bowled,Ramsingh  Sanjay Yadav,136/8
1047353,1,19,5,Rahil S Shah,Ramalingam Rohit,M Raja,1,1,0,run,0,,,137/8
1047353,1,19,6,Ramalingam Rohit,Rahil S Shah,M Raja,0,0,0,no run,0,,,137/8
1047353,1,20,1,Rahil S Shah,Ramalingam Rohit,DT Chandrasekar,0,0,0,out,1,caught,Rahil S Shah,137/9
1047353,1,20,2,Ramalingam Rohit,0,DT Chandrasekar,1,1,0,run,0,,,138/9
1047353,1,20,3,RS Jaganath Sinivas,Ramalingam Rohit,DT Chandrasekar,0,0,0,no run,0,,,138/9
1047353,1,20,4,RS Jaganath Sinivas,Ramalingam Rohit,DT Chandrasekar,1,1,0,run,0,,,139/9
1047353,1,20,5,Ramalingam Rohit,RS Jaganath Sinivas,DT Chandrasekar,0,0,0,no run,0,,,139/9
1047353,1,20,6,Ramalingam Rohit,RS Jaganath Sinivas,DT Chandrasekar,4,4,0,four,0,,,143/9
1047353,2,1,1,Varun Narender,0,Abhishek Baljeetsingh Tanwar,0,0,0,no run,0,,,0/0
1047353,2,1,2,Varun Narender,0,Abhishek Baljeetsingh Tanwar,1,1,0,run,0,,,1/0
1047353,2,1,3,Ganapathi Vignesh,Varun Narender,Abhishek Baljeetsingh Tanwar,4,4,0,four,0,,,5/0
1047353,2,1,4,Ganapathi Vignesh,Varun Narender,Abhishek Baljeetsingh Tanwar,0,0,0,no run,0,,,5/0
1047353,2,1,5,Ganapathi Vignesh,Varun Narender,Abhishek Baljeetsingh Tanwar,0,0,0,no run,0,,,5/0
1047353,2,1,6,Ganapathi Vignesh,Varun Narender,Abhishek Baljeetsingh Tanwar,1,1,0,run,0,,,6/0
1047353,2,2,1,Ganapathi Vignesh,Varun Narender,Ramalingam Rohit,1,1,0,run,0,,,7/0
1047353,2,2,2,Varun Narender,Ganapathi Vignesh,Ramalingam Rohit,0,0,0,no run,0,,,7/0
1047353,2,2,3,Varun Narender,Ganapathi Vignesh,Ramalingam Rohit,1,1,0,run,0,,,8/0
1047353,2,2,4,Ganapathi Vignesh,Varun Narender,Ramalingam Rohit,0,0,0,no run,0,,,8/0
1047353,2,2,5,Ganapathi Vignesh,Varun Narender,Ramalingam Rohit,0,0,0,no run,0,,,8/0
1047353,2,2,6,Ganapathi Vignesh,Varun Narender,Ramalingam Rohit,4,4,0,four,0,,,12/0
1047353,2,3,1,Varun Narender,Ganapathi Vignesh,Abhishek Baljeetsingh Tanwar,4,4,0,four,0,,,16/0
1047353,2,3,2,Varun Narender,Ganapathi Vignesh,Abhishek Baljeetsingh Tanwar,0,0,0,no run,0,,,16/0
1047353,2,3,3,Varun Narender,Ganapathi Vignesh,Abhishek Baljeetsingh Tanwar,1,1,0,run,0,,,17/0
1047353,2,3,4,Ganapathi Vignesh,Varun Narender,Abhishek Baljeetsingh Tanwar,0,0,0,no run,0,,,17/0
1047353,2,3,5,Ganapathi Vignesh,Varun Narender,Abhishek Baljeetsingh Tanwar,1,0,1,leg bye,0,,,18/0
1047353,2,3,6,Varun Narender,Ganapathi Vignesh,Abhishek Baljeetsingh Tanwar,0,0,0,no run,0,,,18/0
1047353,2,4,1,Ganapathi Vignesh,Varun Narender,Ramalingam Rohit,0,0,0,no run,0,,,18/0
1047353,2,4,2,Ganapathi Vignesh,Varun Narender,Ramalingam Rohit,4,4,0,four,0,,,22/0
1047353,2,4,3,Ganapathi Vignesh,Varun Narender,Ramalingam Rohit,0,0,0,no run,0,,,22/0
1047353,2,4,4,Ganapathi Vignesh,Varun Narender,Ramalingam Rohit,0,0,0,out,1,caught,Ganapathi Vignesh,22/1
1047353,2,4,5,Poovathinga Shijit Chandran,Varun Narender,Ramalingam Rohit,1,1,0,run,0,,,23/1
1047353,2,4,6,Varun Narender,Poovathinga Shijit Chandran,Ramalingam Rohit,4,4,0,four,0,,,27/1
1047353,2,5,1,Poovathinga Shijit Chandran,Varun Narender,RS Jaganath Sinivas,0,0,0,no run,0,,,27/1
1047353,2,5,2,Poovathinga Shijit Chandran,Varun Narender,RS Jaganath Sinivas,0,0,0,no run,0,,,27/1
1047353,2,5,3,Poovathinga Shijit Chandran,Varun Narender,RS Jaganath Sinivas,0,0,0,no run,0,,,27/1
1047353,2,5,4,Poovathinga Shijit Chandran,Varun Narender,RS Jaganath Sinivas,0,0,0,no run,0,,,27/1
1047353,2,5,5,Poovathinga Shijit Chandran,Varun Narender,RS Jaganath Sinivas,4,4,0,four,0,,,31/1
1047353,2,5,6,Poovathinga Shijit Chandran,Varun Narender,RS Jaganath Sinivas,4,4,0,four,0,,,35/1
1047353,2,6,1,Varun Narender,Poovathinga Shijit Chandran,Ramalingam Rohit,4,4,0,four,0,,,39/1
1047353,2,6,2,Varun Narender,Poovathinga Shijit Chandran,Ramalingam Rohit,1,1,0,run,0,,,40/1
1047353,2,6,3,Poovathinga Shijit Chandran,Varun Narender,Ramalingam Rohit,0,0,0,no run,0,,,40/1
1047353,2,6,4,Poovathinga Shijit Chandran,Varun Narender,Ramalingam Rohit,0,0,0,no run,0,,,40/1
1047353,2,6,5,Poovathinga Shijit Chandran,Varun Narender,Ramalingam Rohit,0,0,0,no run,0,,,40/1
1047353,2,6,6,Poovathinga Shijit Chandran,Varun Narender,Ramalingam Rohit,0,0,0,no run,0,,,40/1
1047353,2,7,1,Varun Narender,Poovathinga Shijit Chandran,Rahil S Shah,1,1,0,run,0,,,41/1
1047353,2,7,2,Poovathinga Shijit Chandran,Varun Narender,Rahil S Shah,0,0,0,no run,0,,,41/1
1047353,2,7,3,Poovathinga Shijit Chandran,Varun Narender,Rahil S Shah,0,0,0,no run,0,,,41/1
1047353,2,7,4,Poovathinga Shijit Chandran,Varun Narender,Rahil S Shah,1,1,0,run,0,,,42/1
1047353,2,7,5,Varun Narender,Poovathinga Shijit Chandran,Rahil S Shah,1,1,0,run,0,,,43/1
1047353,2,7,6,Poovathinga Shijit Chandran,Varun Narender,Rahil S Shah,1,1,0,run,0,,,44/1
1047353,2,8,1,Poovathinga Shijit Chandran,Varun Narender,Ramsingh  Sanjay Yadav,1,1,0,run,0,,,45/1
1047353,2,8,2,Varun Narender,Poovathinga Shijit Chandran,Ramsingh  Sanjay Yadav,1,1,0,run,0,,,46/1
1047353,2,8,3,Poovathinga Shijit Chandran,Varun Narender,Ramsingh  Sanjay Yadav,4,4,0,four,0,,,50/1
1047353,2,8,4,Poovathinga Shijit Chandran,Varun Narender,Ramsingh  Sanjay Yadav,1,1,0,run,0,,,51/1
1047353,2,8,5,Varun Narender,Poovathinga Shijit Chandran,Ramsingh  Sanjay Yadav,1,0,1,wide,0,,,52/1
1047353,2,8,6,Varun Narender,Poovathinga Shijit Chandran,Ramsingh  Sanjay Yadav,1,0,1,wide,0,,,53/1
1047353,2,8,7,Varun Narender,Poovathinga Shijit Chandran,Ramsingh  Sanjay Yadav,1,1,0,run,0,,,54/1
1047353,2,8,8,Poovathinga Shijit Chandran,Varun Narender,Ramsingh  Sanjay Yadav,1,1,0,run,0,,,55/1
1047353,2,9,1,Poovathinga Shijit Chandran,Varun Narender,Rahil S Shah,1,1,0,run,0,,,56/1
1047353,2,9,2,Varun Narender,Poovathinga Shijit Chandran,Rahil S Shah,0,0,0,no run,0,,,56/1
1047353,2,9,3,Varun Narender,Poovathinga Shijit Chandran,Rahil S Shah,2,2,0,run,0,,,58/1
1047353,2,9,4,Varun Narender,Poovathinga Shijit Chandran,Rahil S Shah,1,1,0,run,0,,,59/1
1047353,2,9,5,Poovathinga Shijit Chandran,Varun Narender,Rahil S Shah,0,0,0,no run,0,,,59/1
1047353,2,9,6,Poovathinga Shijit Chandran,Varun Narender,Rahil S Shah,4,4,0,four,0,,,63/1
1047353,2,10,1,Varun Narender,Poovathinga Shijit Chandran,Malolan Rangarajan,1,1,0,run,0,,,64/1
1047353,2,10,2,Poovathinga Shijit Chandran,Varun Narender,Malolan Rangarajan,4,4,0,four,0,,,68/1
1047353,2,10,3,Poovathinga Shijit Chandran,Varun Narender,Malolan Rangarajan,0,0,0,no run,0,,,68/1
1047353,2,10,4,Poovathinga Shijit Chandran,Varun Narender,Malolan Rangarajan,4,4,0,four,0,,,72/1
1047353,2,10,5,Poovathinga Shijit Chandran,Varun Narender,Malolan Rangarajan,1,1,0,run,0,,,73/1
1047353,2,10,6,Varun Narender,Poovathinga Shijit Chandran,Malolan Rangarajan,1,1,0,run,0,,,74/1
1047353,2,11,1,Varun Narender,Poovathinga Shijit Chandran,M Lakshmi Narayanan,0,0,0,no run,0,,,74/1
1047353,2,11,2,Varun Narender,Poovathinga Shijit Chandran,M Lakshmi Narayanan,0,0,0,no run,0,,,74/1
1047353,2,11,3,Varun Narender,Poovathinga Shijit Chandran,M Lakshmi Narayanan,1,1,0,run,0,,,75/1
1047353,2,11,4,Poovathinga Shijit Chandran,Varun Narender,M Lakshmi Narayanan,1,1,0,run,0,,,76/1
1047353,2,11,5,Varun Narender,Poovathinga Shijit Chandran,M Lakshmi Narayanan,0,0,0,no run,0,,,76/1
1047353,2,11,6,Varun Narender,Poovathinga Shijit Chandran,M Lakshmi Narayanan,1,1,0,run,0,,,77/1
1047353,2,12,1,Varun Narender,Poovathinga Shijit Chandran,RS Jaganath Sinivas,0,0,0,no run,0,,,77/1
1047353,2,12,2,Varun Narender,Poovathinga Shijit Chandran,RS Jaganath Sinivas,0,0,0,no run,0,,,77/1
1047353,2,12,3,Varun Narender,Poovathinga Shijit Chandran,RS Jaganath Sinivas,2,1,1,run,0,,,79/1
1047353,2,12,4,Poovathinga Shijit Chandran,Varun Narender,RS Jaganath Sinivas,0,0,0,no run,0,,,79/1
1047353,2,12,5,Poovathinga Shijit Chandran,Varun Narender,RS Jaganath Sinivas,4,4,0,four,0,,,83/1
1047353,2,12,6,Poovathinga Shijit Chandran,Varun Narender,RS Jaganath Sinivas,2,2,0,run,0,,,85/1
1047353,2,12,7,Poovathinga Shijit Chandran,Varun Narender,RS Jaganath Sinivas,0,0,0,out,1,leg before wicket,Poovathinga Shijit Chandran,85/2
1047353,2,13,1,Varun Narender,0,M Lakshmi Narayanan,0,0,0,no run,0,,,85/2
1047353,2,13,2,Varun Narender,0,M Lakshmi Narayanan,4,4,0,four,0,,,89/2
1047353,2,13,3,Varun Narender,0,M Lakshmi Narayanan,1,1,0,run,0,,,90/2
1047353,2,13,4,Selvam Suresh Kumar,Varun Narender,M Lakshmi Narayanan,1,1,0,run,0,,,91/2
1047353,2,13,5,Varun Narender,Selvam Suresh Kumar,M Lakshmi Narayanan,0,0,0,out,1,bowled,Varun Narender,91/3
1047353,2,13,6,S Aswin Kumar,Selvam Suresh Kumar,M Lakshmi Narayanan,0,0,0,no run,0,,,91/3
1047353,2,14,1,Selvam Suresh Kumar,S Aswin Kumar,RS Jaganath Sinivas,3,3,0,run,0,,,94/3
1047353,2,14,2,S Aswin Kumar,Selvam Suresh Kumar,RS Jaganath Sinivas,0,0,0,no run,0,,,94/3
1047353,2,14,3,S Aswin Kumar,Selvam Suresh Kumar,RS Jaganath Sinivas,0,0,0,no run,0,,,94/3
1047353,2,14,4,S Aswin Kumar,Selvam Suresh Kumar,RS Jaganath Sinivas,1,1,0,run,0,,,95/3
1047353,2,14,5,Selvam Suresh Kumar,S Aswin Kumar,RS Jaganath Sinivas,1,1,0,run,0,,,96/3
1047353,2,14,6,S Aswin Kumar,Selvam Suresh Kumar,RS Jaganath Sinivas,1,1,0,run,0,,,97/3
1047353,2,15,1,S Aswin Kumar,Selvam Suresh Kumar,M Lakshmi Narayanan,1,1,0,run,0,,,98/3
1047353,2,15,2,Selvam Suresh Kumar,S Aswin Kumar,M Lakshmi Narayanan,1,0,1,wide,0,,,99/3
1047353,2,15,3,Selvam Suresh Kumar,S Aswin Kumar,M Lakshmi Narayanan,1,1,0,run,0,,,100/3
1047353,2,15,4,S Aswin Kumar,Selvam Suresh Kumar,M Lakshmi Narayanan,1,1,0,run,0,,,101/3
1047353,2,15,5,Selvam Suresh Kumar,S Aswin Kumar,M Lakshmi Narayanan,0,0,0,out,1,run out,S Aswin Kumar,101/4
1047353,2,15,6,Selvam Suresh Kumar,0,M Lakshmi Narayanan,0,0,0,no run,0,,,101/4
1047353,2,15,7,Selvam Suresh Kumar,P Francis Rokins,M Lakshmi Narayanan,1,1,0,run,0,,,102/4
1047353,2,16,1,Selvam Suresh Kumar,P Francis Rokins,RS Jaganath Sinivas,1,0,1,leg bye,0,,,103/4
1047353,2,16,2,P Francis Rokins,Selvam Suresh Kumar,RS Jaganath Sinivas,1,1,0,run,0,,,104/4
1047353,2,16,3,Selvam Suresh Kumar,P Francis Rokins,RS Jaganath Sinivas,1,1,0,run,0,,,105/4
1047353,2,16,4,P Francis Rokins,Selvam Suresh Kumar,RS Jaganath Sinivas,1,1,0,run,0,,,106/4
1047353,2,16,5,Selvam Suresh Kumar,P Francis Rokins,RS Jaganath Sinivas,0,0,0,no run,0,,,106/4
1047353,2,16,6,Selvam Suresh Kumar,P Francis Rokins,RS Jaganath Sinivas,1,1,0,run,0,,,107/4
1047353,2,17,1,Selvam Suresh Kumar,P Francis Rokins,M Lakshmi Narayanan,1,1,0,run,0,,,108/4
1047353,2,17,2,P Francis Rokins,Selvam Suresh Kumar,M Lakshmi Narayanan,1,1,0,run,0,,,109/4
1047353,2,17,3,Selvam Suresh Kumar,P Francis Rokins,M Lakshmi Narayanan,1,1,0,run,0,,,110/4
1047353,2,17,4,P Francis Rokins,Selvam Suresh Kumar,M Lakshmi Narayanan,0,0,0,no run,0,,,110/4
1047353,2,17,5,P Francis Rokins,Selvam Suresh Kumar,M Lakshmi Narayanan,0,0,0,no run,0,,,110/4
1047353,2,17,6,P Francis Rokins,Selvam Suresh Kumar,M Lakshmi Narayanan,1,1,0,run,0,,,111/4
1047353,2,18,1,P Francis Rokins,Selvam Suresh Kumar,Abhishek Baljeetsingh Tanwar,1,1,0,run,0,,,112/4
1047353,2,18,2,Selvam Suresh Kumar,P Francis Rokins,Abhishek Baljeetsingh Tanwar,4,4,0,four,0,,,116/4
1047353,2,18,3,Selvam Suresh Kumar,P Francis Rokins,Abhishek Baljeetsingh Tanwar,1,1,0,run,0,,,117/4
1047353,2,18,4,P Francis Rokins,Selvam Suresh Kumar,Abhishek Baljeetsingh Tanwar,1,0,1,leg bye,0,,,118/4
1047353,2,18,5,Selvam Suresh Kumar,P Francis Rokins,Abhishek Baljeetsingh Tanwar,6,6,0,six,0,,,124/4
1047353,2,18,6,Selvam Suresh Kumar,P Francis Rokins,Abhishek Baljeetsingh Tanwar,0,0,0,no run,0,,,124/4
1047353,2,19,1,P Francis Rokins,Selvam Suresh Kumar,Ramalingam Rohit,0,0,0,no run,0,,,124/4
1047353,2,19,2,P Francis Rokins,Selvam Suresh Kumar,Ramalingam Rohit,0,0,0,out,1,caught,P Francis Rokins,124/5
1047353,2,19,3,Selvam Suresh Kumar,Singamuthu Thiyagarajan,Ramalingam Rohit,0,0,0,out,1,caught,Selvam Suresh Kumar,124/6
1047353,2,19,4,M Raja,Singamuthu Thiyagarajan,Ramalingam Rohit,0,0,0,no run,0,,,124/6
1047353,2,19,5,M Raja,Singamuthu Thiyagarajan,Ramalingam Rohit,0,0,0,no run,0,,,124/6
1047353,2,19,6,M Raja,Singamuthu Thiyagarajan,Ramalingam Rohit,1,1,0,run,0,,,125/6
1047353,2,20,1,M Raja,Singamuthu Thiyagarajan,Abhishek Baljeetsingh Tanwar,0,0,0,out,1,caught,M Raja,125/7
1047353,2,20,2,Singamuthu Thiyagarajan,0,Abhishek Baljeetsingh Tanwar,0,0,0,no run,0,,,125/7
1047353,2,20,3,Singamuthu Thiyagarajan,0,Abhishek Baljeetsingh Tanwar,1,1,0,run,0,,,126/7
1047353,2,20,4,Lakshminarayanan Vignesh,Singamuthu Thiyagarajan,Abhishek Baljeetsingh Tanwar,6,6,0,six,0,,,132/7
1047353,2,20,5,Lakshminarayanan Vignesh,Singamuthu Thiyagarajan,Abhishek Baljeetsingh Tanwar,1,1,0,run,0,,,133/7
1047353,2,20,6,Singamuthu Thiyagarajan,Lakshminarayanan Vignesh,Abhishek Baljeetsingh Tanwar,4,4,0,four,0,,,137/7
1047355,1,1,1,Narayan Jagadeesan,0,Murthy Prabhu,0,0,0,no run,0,,,0/0
1047355,1,1,2,Narayan Jagadeesan,0,Murthy Prabhu,0,0,0,no run,0,,,0/0
1047355,1,1,3,Narayan Jagadeesan,0,Murthy Prabhu,0,0,0,no run,0,,,0/0
1047355,1,1,4,Narayan Jagadeesan,0,Murthy Prabhu,0,0,0,no run,0,,,0/0
1047355,1,1,5,Narayan Jagadeesan,0,Murthy Prabhu,0,0,0,no run,0,,,0/0
1047355,1,1,6,Narayan Jagadeesan,Ganga Sridhar Raju,Murthy Prabhu,1,1,0,run,0,,,1/0
1047355,1,2,1,Narayan Jagadeesan,Ganga Sridhar Raju,Rajamani Jesuraj,0,0,0,no run,0,,,1/0
1047355,1,2,2,Narayan Jagadeesan,Ganga Sridhar Raju,Rajamani Jesuraj,1,1,0,run,0,,,2/0
1047355,1,2,3,Ganga Sridhar Raju,Narayan Jagadeesan,Rajamani Jesuraj,0,0,0,no run,0,,,2/0
1047355,1,2,4,Ganga Sridhar Raju,Narayan Jagadeesan,Rajamani Jesuraj,1,1,0,run,0,,,3/0
1047355,1,2,5,Narayan Jagadeesan,Ganga Sridhar Raju,Rajamani Jesuraj,0,0,0,no run,0,,,3/0
1047355,1,2,6,Narayan Jagadeesan,Ganga Sridhar Raju,Rajamani Jesuraj,4,4,0,four,0,,,7/0
1047355,1,3,1,Ganga Sridhar Raju,Narayan Jagadeesan,Murthy Prabhu,0,0,0,no run,0,,,7/0
1047355,1,3,2,Ganga Sridhar Raju,Narayan Jagadeesan,Murthy Prabhu,1,1,0,run,0,,,8/0
1047355,1,3,3,Narayan Jagadeesan,Ganga Sridhar Raju,Murthy Prabhu,0,0,0,no run,0,,,8/0
1047355,1,3,4,Narayan Jagadeesan,Ganga Sridhar Raju,Murthy Prabhu,4,4,0,four,0,,,12/0
1047355,1,3,5,Narayan Jagadeesan,Ganga Sridhar Raju,Murthy Prabhu,0,0,0,no run,0,,,12/0
1047355,1,3,6,Narayan Jagadeesan,Ganga Sridhar Raju,Murthy Prabhu,1,1,0,run,0,,,13/0
1047355,1,4,1,Narayan Jagadeesan,Ganga Sridhar Raju,Rajamani Jesuraj,0,0,0,no run,0,,,13/0
1047355,1,4,2,Narayan Jagadeesan,Ganga Sridhar Raju,Rajamani Jesuraj,0,0,0,no run,0,,,13/0
1047355,1,4,3,Narayan Jagadeesan,Ganga Sridhar Raju,Rajamani Jesuraj,0,0,0,no run,0,,,13/0
1047355,1,4,4,Narayan Jagadeesan,Ganga Sridhar Raju,Rajamani Jesuraj,1,1,0,run,0,,,14/0
1047355,1,4,5,Ganga Sridhar Raju,Narayan Jagadeesan,Rajamani Jesuraj,4,4,0,four,0,,,18/0
1047355,1,4,6,Ganga Sridhar Raju,Narayan Jagadeesan,Rajamani Jesuraj,1,1,0,run,0,,,19/0
1047355,1,5,1,Ganga Sridhar Raju,Narayan Jagadeesan,Murthy Prabhu,1,0,1,leg bye,0,,,20/0
1047355,1,5,2,Narayan Jagadeesan,Ganga Sridhar Raju,Murthy Prabhu,0,0,0,no run,0,,,20/0
1047355,1,5,3,Narayan Jagadeesan,Ganga Sridhar Raju,Murthy Prabhu,4,4,0,four,0,,,24/0
1047355,1,5,4,Narayan Jagadeesan,Ganga Sridhar Raju,Murthy Prabhu,1,1,0,run,0,,,25/0
1047355,1,5,5,Ganga Sridhar Raju,Narayan Jagadeesan,Murthy Prabhu,0,0,0,no run,0,,,25/0
1047355,1,5,6,Ganga Sridhar Raju,Narayan Jagadeesan,Murthy Prabhu,1,1,0,run,0,,,26/0
1047355,1,6,1,Ganga Sridhar Raju,Narayan Jagadeesan,Jagannathan Kaushik,0,0,0,no run,0,,,26/0
1047355,1,6,2,Ganga Sridhar Raju,Narayan Jagadeesan,Jagannathan Kaushik,1,1,0,run,0,,,27/0
1047355,1,6,3,Narayan Jagadeesan,Ganga Sridhar Raju,Jagannathan Kaushik,0,0,0,no run,0,,,27/0
1047355,1,6,4,Narayan Jagadeesan,Ganga Sridhar Raju,Jagannathan Kaushik,4,4,0,four,0,,,31/0
1047355,1,6,5,Narayan Jagadeesan,Ganga Sridhar Raju,Jagannathan Kaushik,1,1,0,run,0,,,32/0
1047355,1,6,6,Ganga Sridhar Raju,Narayan Jagadeesan,Jagannathan Kaushik,6,6,0,six,0,,,38/0
1047355,1,7,1,Narayan Jagadeesan,Ganga Sridhar Raju,Jagatheesan Kousik,1,1,0,run,0,,,39/0
1047355,1,7,2,Ganga Sridhar Raju,Narayan Jagadeesan,Jagatheesan Kousik,1,1,0,run,0,,,40/0
1047355,1,7,3,Narayan Jagadeesan,Ganga Sridhar Raju,Jagatheesan Kousik,1,1,0,run,0,,,41/0
1047355,1,7,4,Ganga Sridhar Raju,Narayan Jagadeesan,Jagatheesan Kousik,1,1,0,run,0,,,42/0
1047355,1,7,5,Narayan Jagadeesan,Ganga Sridhar Raju,Jagatheesan Kousik,1,1,0,run,0,,,43/0
1047355,1,7,6,Ganga Sridhar Raju,Narayan Jagadeesan,Jagatheesan Kousik,1,1,0,run,0,,,44/0
1047355,1,8,1,Ganga Sridhar Raju,Narayan Jagadeesan,Alagh Chelliah Prathiban,1,1,0,run,0,,,45/0
1047355,1,8,2,Narayan Jagadeesan,Ganga Sridhar Raju,Alagh Chelliah Prathiban,1,1,0,run,0,,,46/0
1047355,1,8,3,Ganga Sridhar Raju,Narayan Jagadeesan,Alagh Chelliah Prathiban,6,6,0,six,0,,,52/0
1047355,1,8,4,Ganga Sridhar Raju,Narayan Jagadeesan,Alagh Chelliah Prathiban,1,0,1,wide,0,,,53/0
1047355,1,8,5,Ganga Sridhar Raju,Narayan Jagadeesan,Alagh Chelliah Prathiban,0,0,0,no run,0,,,53/0
1047355,1,8,6,Ganga Sridhar Raju,Narayan Jagadeesan,Alagh Chelliah Prathiban,1,1,0,run,0,,,54/0
1047355,1,8,7,Narayan Jagadeesan,Ganga Sridhar Raju,Alagh Chelliah Prathiban,1,1,0,run,0,,,55/0
1047355,1,9,1,Narayan Jagadeesan,Ganga Sridhar Raju,Jagatheesan Kousik,1,1,0,run,0,,,56/0
1047355,1,9,2,Ganga Sridhar Raju,Narayan Jagadeesan,Jagatheesan Kousik,4,4,0,four,0,,,60/0
1047355,1,9,3,Ganga Sridhar Raju,Narayan Jagadeesan,Jagatheesan Kousik,1,1,0,run,0,,,61/0
1047355,1,9,4,Narayan Jagadeesan,Ganga Sridhar Raju,Jagatheesan Kousik,1,1,0,run,0,,,62/0
1047355,1,9,5,Ganga Sridhar Raju,Narayan Jagadeesan,Jagatheesan Kousik,0,0,0,no run,0,,,62/0
1047355,1,9,6,Ganga Sridhar Raju,Narayan Jagadeesan,Jagatheesan Kousik,1,1,0,run,0,,,63/0
1047355,1,10,1,Ganga Sridhar Raju,Narayan Jagadeesan,Alagh Chelliah Prathiban,0,0,0,out,1,caught,Ganga Sridhar Raju,63/1
1047355,1,10,2,Narayan Jagadeesan,0,Alagh Chelliah Prathiban,1,1,0,run,0,,,64/1
1047355,1,10,3,V Subramania Siva,Narayan Jagadeesan,Alagh Chelliah Prathiban,1,1,0,run,0,,,65/1
1047355,1,10,4,Narayan Jagadeesan,V Subramania Siva,Alagh Chelliah Prathiban,1,1,0,run,0,,,66/1
1047355,1,10,5,V Subramania Siva,Narayan Jagadeesan,Alagh Chelliah Prathiban,0,0,0,no run,0,,,66/1
1047355,1,10,6,V Subramania Siva,Narayan Jagadeesan,Alagh Chelliah Prathiban,2,2,0,run,0,,,68/1
1047355,1,11,1,Narayan Jagadeesan,V Subramania Siva,L Ganesh,0,0,0,no run,0,,,68/1
1047355,1,11,2,Narayan Jagadeesan,V Subramania Siva,L Ganesh,6,6,0,six,0,,,74/1
1047355,1,11,3,Narayan Jagadeesan,V Subramania Siva,L Ganesh,1,1,0,run,0,,,75/1
1047355,1,11,4,V Subramania Siva,Narayan Jagadeesan,L Ganesh,1,1,0,run,0,,,76/1
1047355,1,11,5,Narayan Jagadeesan,V Subramania Siva,L Ganesh,4,4,0,four,0,,,80/1
1047355,1,11,6,Narayan Jagadeesan,V Subramania Siva,L Ganesh,1,1,0,run,0,,,81/1
1047355,1,12,1,Narayan Jagadeesan,V Subramania Siva,Alagh Chelliah Prathiban,1,1,0,run,0,,,82/1
1047355,1,12,2,V Subramania Siva,Narayan Jagadeesan,Alagh Chelliah Prathiban,0,0,0,no run,0,,,82/1
1047355,1,12,3,V Subramania Siva,Narayan Jagadeesan,Alagh Chelliah Prathiban,1,1,0,run,0,,,83/1
1047355,1,12,4,Narayan Jagadeesan,V Subramania Siva,Alagh Chelliah Prathiban,0,0,0,out,1,caught,Narayan Jagadeesan,83/2
1047355,1,12,5,Ashwin Venkataraman,V Subramania Siva,Alagh Chelliah Prathiban,0,0,0,no run,0,,,83/2
1047355,1,12,6,Ashwin Venkataraman,V Subramania Siva,Alagh Chelliah Prathiban,1,1,0,run,0,,,84/2
1047355,1,13,1,Ashwin Venkataraman,V Subramania Siva,Jagatheesan Kousik,0,0,0,no run,0,,,84/2
1047355,1,13,2,Ashwin Venkataraman,V Subramania Siva,Jagatheesan Kousik,0,0,0,out,1,caught,Ashwin Venkataraman,84/3
1047355,1,13,3,Ravichandran Ashwin,V Subramania Siva,Jagatheesan Kousik,2,2,0,run,0,,,86/3
1047355,1,13,4,Ravichandran Ashwin,V Subramania Siva,Jagatheesan Kousik,1,0,1,wide,0,,,87/3
1047355,1,13,5,Ravichandran Ashwin,V Subramania Siva,Jagatheesan Kousik,1,1,0,run,0,,,88/3
1047355,1,13,6,V Subramania Siva,Ravichandran Ashwin,Jagatheesan Kousik,1,1,0,run,0,,,89/3
1047355,1,13,7,Ravichandran Ashwin,V Subramania Siva,Jagatheesan Kousik,0,0,0,no run,0,,,89/3
1047355,1,14,1,V Subramania Siva,Ravichandran Ashwin,Alagh Chelliah Prathiban,1,1,0,run,0,,,90/3
1047355,1,14,2,Ravichandran Ashwin,V Subramania Siva,Alagh Chelliah Prathiban,2,2,0,run,0,,,92/3
1047355,1,14,3,Ravichandran Ashwin,V Subramania Siva,Alagh Chelliah Prathiban,1,1,0,run,0,,,93/3
1047355,1,14,4,V Subramania Siva,Ravichandran Ashwin,Alagh Chelliah Prathiban,6,6,0,six,0,,,99/3
1047355,1,14,5,V Subramania Siva,Ravichandran Ashwin,Alagh Chelliah Prathiban,1,1,0,run,0,,,100/3
1047355,1,14,6,Ravichandran Ashwin,V Subramania Siva,Alagh Chelliah Prathiban,2,2,0,run,0,,,102/3
1047355,1,15,1,V Subramania Siva,Ravichandran Ashwin,Jagatheesan Kousik,1,1,0,run,0,,,103/3
1047355,1,15,2,Ravichandran Ashwin,V Subramania Siva,Jagatheesan Kousik,1,1,0,run,0,,,104/3
1047355,1,15,3,V Subramania Siva,Ravichandran Ashwin,Jagatheesan Kousik,6,6,0,six,0,,,110/3
1047355,1,15,4,V Subramania Siva,Ravichandran Ashwin,Jagatheesan Kousik,1,1,0,run,0,,,111/3
1047355,1,15,5,Ravichandran Ashwin,V Subramania Siva,Jagatheesan Kousik,0,0,0,no run,0,,,111/3
1047355,1,15,6,Ravichandran Ashwin,V Subramania Siva,Jagatheesan Kousik,1,1,0,run,0,,,112/3
1047355,1,16,1,Ravichandran Ashwin,V Subramania Siva,Rajamani Jesuraj,1,0,1,leg bye,0,,,113/3
1047355,1,16,2,V Subramania Siva,Ravichandran Ashwin,Rajamani Jesuraj,1,1,0,run,0,,,114/3
1047355,1,16,3,Ravichandran Ashwin,V Subramania Siva,Rajamani Jesuraj,0,0,0,no run,0,,,114/3
1047355,1,16,4,Ravichandran Ashwin,V Subramania Siva,Rajamani Jesuraj,2,2,0,run,0,,,116/3
1047355,1,16,5,Ravichandran Ashwin,V Subramania Siva,Rajamani Jesuraj,1,1,0,run,0,,,117/3
1047355,1,16,6,V Subramania Siva,Ravichandran Ashwin,Rajamani Jesuraj,0,0,0,out,1,caught,V Subramania Siva,117/4
1047355,1,17,1,Rajendran Vivek,Ravichandran Ashwin,Jagannathan Kaushik,1,1,0,run,0,,,118/4
1047355,1,17,2,Ravichandran Ashwin,Rajendran Vivek,Jagannathan Kaushik,1,1,0,run,0,,,119/4
1047355,1,17,3,Rajendran Vivek,Ravichandran Ashwin,Jagannathan Kaushik,2,2,0,run,0,,,121/4
1047355,1,17,4,Rajendran Vivek,Ravichandran Ashwin,Jagannathan Kaushik,1,1,0,run,0,,,122/4
1047355,1,17,5,Ravichandran Ashwin,Rajendran Vivek,Jagannathan Kaushik,1,1,0,run,0,,,123/4
1047355,1,17,6,Rajendran Vivek,Ravichandran Ashwin,Jagannathan Kaushik,0,0,0,out,0,run out,Ravichandran Ashwin,123/4
1047355,1,18,1,Rajendran Vivek,0,Rajamani Jesuraj,0,0,0,no run,0,,,123/4
1047355,1,18,2,Rajendran Vivek,0,Rajamani Jesuraj,6,6,0,six,0,,,129/4
1047355,1,18,3,Rajendran Vivek,0,Rajamani Jesuraj,0,0,0,no run,0,,,129/4
1047355,1,18,4,Rajendran Vivek,0,Rajamani Jesuraj,2,2,0,run,0,,,131/4
1047355,1,18,5,Rajendran Vivek,0,Rajamani Jesuraj,6,6,0,six,0,,,137/4
1047355,1,18,6,Rajendran Vivek,Yamuna Sunny Kumar Singh,Rajamani Jesuraj,0,0,0,out,2,caught,Rajendran Vivek,137/6
1047355,1,19,1,Yamuna Sunny Kumar Singh,0,Jagannathan Kaushik,1,1,0,run,0,,,138/6
1047355,1,19,2,Murugan Ashwin,Yamuna Sunny Kumar Singh,Jagannathan Kaushik,1,1,0,run,0,,,139/6
1047355,1,19,3,Yamuna Sunny Kumar Singh,Murugan Ashwin,Jagannathan Kaushik,6,6,0,six,0,,,145/6
1047355,1,19,4,Yamuna Sunny Kumar Singh,Murugan Ashwin,Jagannathan Kaushik,1,0,1,wide,0,,,146/6
1047355,1,19,5,Yamuna Sunny Kumar Singh,Murugan Ashwin,Jagannathan Kaushik,0,0,0,out,1,caught,Yamuna Sunny Kumar Singh,146/7
1047355,1,19,6,Murugan Ashwin,0,Jagannathan Kaushik,1,1,0,run,0,,,147/7
1047355,1,19,7,Vaithianathan Rajamoney Sornendhra Guru Kedarnath,Murugan Ashwin,Jagannathan Kaushik,1,1,0,run,0,,,148/7
1047355,1,20,1,Vaithianathan Rajamoney Sornendhra Guru Kedarnath,Murugan Ashwin,Murthy Prabhu,1,1,0,run,0,,,149/7
1047355,1,20,2,Murugan Ashwin,Vaithianathan Rajamoney Sornendhra Guru Kedarnath,Murthy Prabhu,1,1,0,run,0,,,150/7
1047355,1,20,3,Vaithianathan Rajamoney Sornendhra Guru Kedarnath,Murugan Ashwin,Murthy Prabhu,0,0,0,no run,0,,,150/7
1047355,1,20,4,Vaithianathan Rajamoney Sornendhra Guru Kedarnath,Murugan Ashwin,Murthy Prabhu,2,2,0,run,0,,,152/7
1047355,1,20,5,Vaithianathan Rajamoney Sornendhra Guru Kedarnath,Murugan Ashwin,Murthy Prabhu,1,1,0,run,0,,,153/7
1047355,1,20,6,Murugan Ashwin,Vaithianathan Rajamoney Sornendhra Guru Kedarnath,Murthy Prabhu,6,6,0,six,0,,,159/7
1047355,2,1,1,Kumaran Bharath Shankar,0,MS Sanjay,1,1,0,run,0,,,1/0
1047355,2,1,2,R Nilesh Subramanian,Kumaran Bharath Shankar,MS Sanjay,0,0,0,no run,0,,,1/0
1047355,2,1,3,R Nilesh Subramanian,Kumaran Bharath Shankar,MS Sanjay,1,1,0,run,0,,,2/0
1047355,2,1,4,Kumaran Bharath Shankar,R Nilesh Subramanian,MS Sanjay,0,0,0,no run,0,,,2/0
1047355,2,1,5,Kumaran Bharath Shankar,R Nilesh Subramanian,MS Sanjay,0,0,0,no run,0,,,2/0
1047355,2,1,6,Kumaran Bharath Shankar,R Nilesh Subramanian,MS Sanjay,0,0,0,no run,0,,,2/0
1047355,2,2,1,R Nilesh Subramanian,Kumaran Bharath Shankar,Thangarasu Natarajan,1,1,0,run,0,,,3/0
1047355,2,2,2,Kumaran Bharath Shankar,R Nilesh Subramanian,Thangarasu Natarajan,1,0,1,wide,0,,,4/0
1047355,2,2,3,Kumaran Bharath Shankar,R Nilesh Subramanian,Thangarasu Natarajan,1,0,1,wide,0,,,5/0
1047355,2,2,4,Kumaran Bharath Shankar,R Nilesh Subramanian,Thangarasu Natarajan,1,1,0,run,0,,,6/0
1047355,2,2,5,R Nilesh Subramanian,Kumaran Bharath Shankar,Thangarasu Natarajan,1,1,0,run,0,,,7/0
1047355,2,2,6,Kumaran Bharath Shankar,R Nilesh Subramanian,Thangarasu Natarajan,1,1,0,run,0,,,8/0
1047355,2,2,7,R Nilesh Subramanian,Kumaran Bharath Shankar,Thangarasu Natarajan,0,0,0,no run,0,,,8/0
1047355,2,2,8,R Nilesh Subramanian,Kumaran Bharath Shankar,Thangarasu Natarajan,1,1,0,run,0,,,9/0
1047355,2,3,1,R Nilesh Subramanian,Kumaran Bharath Shankar,MS Sanjay,0,0,0,out,1,caught,R Nilesh Subramanian,9/1
1047355,2,3,2,Masood Shahrukh Khan,Kumaran Bharath Shankar,MS Sanjay,0,0,0,no run,0,,,9/1
1047355,2,3,3,Masood Shahrukh Khan,Kumaran Bharath Shankar,MS Sanjay,1,1,0,run,0,,,10/1
1047355,2,3,4,Kumaran Bharath Shankar,Masood Shahrukh Khan,MS Sanjay,0,0,0,no run,0,,,10/1
1047355,2,3,5,Kumaran Bharath Shankar,Masood Shahrukh Khan,MS Sanjay,4,4,0,four,0,,,14/1
1047355,2,3,6,Kumaran Bharath Shankar,Masood Shahrukh Khan,MS Sanjay,0,0,0,no run,0,,,14/1
1047355,2,4,1,Masood Shahrukh Khan,Kumaran Bharath Shankar,Thangarasu Natarajan,0,0,0,no run,0,,,14/1
1047355,2,4,2,Masood Shahrukh Khan,Kumaran Bharath Shankar,Thangarasu Natarajan,0,0,0,no run,0,,,14/1
1047355,2,4,3,Masood Shahrukh Khan,Kumaran Bharath Shankar,Thangarasu Natarajan,0,0,0,no run,0,,,14/1
1047355,2,4,4,Masood Shahrukh Khan,Kumaran Bharath Shankar,Thangarasu Natarajan,1,1,0,run,0,,,15/1
1047355,2,4,5,Kumaran Bharath Shankar,Masood Shahrukh Khan,Thangarasu Natarajan,0,0,0,no run,0,,,15/1
1047355,2,4,6,Kumaran Bharath Shankar,Masood Shahrukh Khan,Thangarasu Natarajan,0,0,0,no run,0,,,15/1
1047355,2,5,1,Masood Shahrukh Khan,Kumaran Bharath Shankar,Vaithianathan Rajamoney Sornendhra Guru Kedarnath,2,2,0,run,0,,,17/1
1047355,2,5,2,Masood Shahrukh Khan,Kumaran Bharath Shankar,Vaithianathan Rajamoney Sornendhra Guru Kedarnath,0,0,0,no run,0,,,17/1
1047355,2,5,3,Masood Shahrukh Khan,Kumaran Bharath Shankar,Vaithianathan Rajamoney Sornendhra Guru Kedarnath,1,1,0,run,0,,,18/1
1047355,2,5,4,Kumaran Bharath Shankar,Masood Shahrukh Khan,Vaithianathan Rajamoney Sornendhra Guru Kedarnath,1,1,0,run,0,,,19/1
1047355,2,5,5,Masood Shahrukh Khan,Kumaran Bharath Shankar,Vaithianathan Rajamoney Sornendhra Guru Kedarnath,1,1,0,run,0,,,20/1
1047355,2,5,6,Kumaran Bharath Shankar,Masood Shahrukh Khan,Vaithianathan Rajamoney Sornendhra Guru Kedarnath,0,0,0,out,0,run out,Kumaran Bharath Shankar,20/1
1047355,2,6,1,Masood Shahrukh Khan,0,Ravichandran Ashwin,1,1,0,run,0,,,21/1
1047355,2,6,2,L Ganesh,Masood Shahrukh Khan,Ravichandran Ashwin,1,1,0,run,0,,,22/1
1047355,2,6,3,Masood Shahrukh Khan,L Ganesh,Ravichandran Ashwin,1,1,0,run,0,,,23/1
1047355,2,6,4,L Ganesh,Masood Shahrukh Khan,Ravichandran Ashwin,0,0,0,no run,0,,,23/1
1047355,2,6,5,L Ganesh,Masood Shahrukh Khan,Ravichandran Ashwin,0,0,0,no run,0,,,23/1
1047355,2,6,6,L Ganesh,Masood Shahrukh Khan,Ravichandran Ashwin,1,1,0,run,1,,,24/2
1047355,2,7,1,L Ganesh,Masood Shahrukh Khan,Vaithianathan Rajamoney Sornendhra Guru Kedarnath,4,4,0,four,0,,,28/2
1047355,2,7,2,L Ganesh,Masood Shahrukh Khan,Vaithianathan Rajamoney Sornendhra Guru Kedarnath,1,1,0,run,0,,,29/2
1047355,2,7,3,Masood Shahrukh Khan,L Ganesh,Vaithianathan Rajamoney Sornendhra Guru Kedarnath,1,1,0,run,0,,,30/2
1047355,2,7,4,L Ganesh,Masood Shahrukh Khan,Vaithianathan Rajamoney Sornendhra Guru Kedarnath,1,1,0,run,0,,,31/2
1047355,2,7,5,Masood Shahrukh Khan,L Ganesh,Vaithianathan Rajamoney Sornendhra Guru Kedarnath,1,1,0,run,0,,,32/2
1047355,2,7,6,L Ganesh,Masood Shahrukh Khan,Vaithianathan Rajamoney Sornendhra Guru Kedarnath,1,1,0,run,0,,,33/2
1047355,2,8,1,L Ganesh,Masood Shahrukh Khan,Ravichandran Ashwin,1,1,0,run,0,,,34/2
1047355,2,8,2,Masood Shahrukh Khan,L Ganesh,Ravichandran Ashwin,1,0,1,bye,0,,,35/2
1047355,2,8,3,L Ganesh,Masood Shahrukh Khan,Ravichandran Ashwin,0,0,0,out,1,caught,L Ganesh,35/3
1047355,2,8,4,Masood Shahrukh Khan,0,Ravichandran Ashwin,0,0,0,no run,0,,,35/3
1047355,2,8,5,Masood Shahrukh Khan,0,Ravichandran Ashwin,1,1,0,run,0,,,36/3
1047355,2,8,6,Baba Indrajith,Masood Shahrukh Khan,Ravichandran Ashwin,0,0,0,no run,0,,,36/3
1047355,2,9,1,Masood Shahrukh Khan,Baba Indrajith,Vaithianathan Rajamoney Sornendhra Guru Kedarnath,0,0,0,out,1,caught,Masood Shahrukh Khan,36/4
1047355,2,9,2,Baba Indrajith,0,Vaithianathan Rajamoney Sornendhra Guru Kedarnath,0,0,0,no run,0,,,36/4
1047355,2,9,3,Baba Indrajith,0,Vaithianathan Rajamoney Sornendhra Guru Kedarnath,1,1,0,run,0,,,37/4
1047355,2,9,4,Jagatheesan Kousik,Baba Indrajith,Vaithianathan Rajamoney Sornendhra Guru Kedarnath,1,1,0,run,0,,,38/4
1047355,2,9,5,Baba Indrajith,Jagatheesan Kousik,Vaithianathan Rajamoney Sornendhra Guru Kedarnath,1,1,0,run,0,,,39/4
1047355,2,9,6,Jagatheesan Kousik,Baba Indrajith,Vaithianathan Rajamoney Sornendhra Guru Kedarnath,1,1,0,run,0,,,40/4
1047355,2,10,1,Jagatheesan Kousik,Baba Indrajith,MS Sanjay,0,0,0,no run,0,,,40/4
1047355,2,10,2,Jagatheesan Kousik,Baba Indrajith,MS Sanjay,6,6,0,six,0,,,46/4
1047355,2,10,3,Jagatheesan Kousik,Baba Indrajith,MS Sanjay,0,0,0,no run,0,,,46/4
1047355,2,10,4,Jagatheesan Kousik,Baba Indrajith,MS Sanjay,0,0,0,no run,0,,,46/4
1047355,2,10,5,Jagatheesan Kousik,Baba Indrajith,MS Sanjay,0,0,0,no run,0,,,46/4
1047355,2,10,6,Jagatheesan Kousik,Baba Indrajith,MS Sanjay,0,0,0,no run,0,,,46/4
1047355,2,11,1,Baba Indrajith,Jagatheesan Kousik,Murugan Ashwin,1,1,0,run,0,,,47/4
1047355,2,11,2,Jagatheesan Kousik,Baba Indrajith,Murugan Ashwin,1,1,0,run,0,,,48/4
1047355,2,11,3,Baba Indrajith,Jagatheesan Kousik,Murugan Ashwin,0,0,0,no run,0,,,48/4
1047355,2,11,4,Baba Indrajith,Jagatheesan Kousik,Murugan Ashwin,0,0,0,out,1,stumped,Baba Indrajith,48/5
1047355,2,11,5,Adithya Ganesh,Jagatheesan Kousik,Murugan Ashwin,0,0,0,no run,0,,,48/5
1047355,2,11,6,Adithya Ganesh,Jagatheesan Kousik,Murugan Ashwin,0,0,0,no run,0,,,48/5
1047355,2,12,1,Jagatheesan Kousik,Adithya Ganesh,MS Sanjay,0,0,0,no run,0,,,48/5
1047355,2,12,2,Jagatheesan Kousik,Adithya Ganesh,MS Sanjay,0,0,0,no run,0,,,48/5
1047355,2,12,3,Jagatheesan Kousik,Adithya Ganesh,MS Sanjay,0,0,0,no run,0,,,48/5
1047355,2,12,4,Jagatheesan Kousik,Adithya Ganesh,MS Sanjay,1,1,0,run,0,,,49/5
1047355,2,12,5,Adithya Ganesh,Jagatheesan Kousik,MS Sanjay,0,0,0,no run,0,,,49/5
1047355,2,12,6,Adithya Ganesh,Jagatheesan Kousik,MS Sanjay,1,1,0,run,0,,,50/5
1047355,2,13,1,Adithya Ganesh,Jagatheesan Kousik,Murugan Ashwin,1,1,0,run,0,,,51/5
1047355,2,13,2,Jagatheesan Kousik,Adithya Ganesh,Murugan Ashwin,1,1,0,run,0,,,52/5
1047355,2,13,3,Adithya Ganesh,Jagatheesan Kousik,Murugan Ashwin,0,0,0,no run,0,,,52/5
1047355,2,13,4,Adithya Ganesh,Jagatheesan Kousik,Murugan Ashwin,1,1,0,run,0,,,53/5
1047355,2,13,5,Jagatheesan Kousik,Adithya Ganesh,Murugan Ashwin,0,0,0,out,1,stumped,Jagatheesan Kousik,53/6
1047355,2,13,6,Alagh Chelliah Prathiban,Adithya Ganesh,Murugan Ashwin,0,0,0,no run,0,,,53/6
1047355,2,14,1,Adithya Ganesh,Alagh Chelliah Prathiban,Ganga Sridhar Raju,1,1,0,run,0,,,54/6
1047355,2,14,2,Alagh Chelliah Prathiban,Adithya Ganesh,Ganga Sridhar Raju,1,1,0,run,0,,,55/6
1047355,2,14,3,Adithya Ganesh,Alagh Chelliah Prathiban,Ganga Sridhar Raju,1,1,0,run,0,,,56/6
1047355,2,14,4,Alagh Chelliah Prathiban,Adithya Ganesh,Ganga Sridhar Raju,1,1,0,run,0,,,57/6
1047355,2,14,5,Adithya Ganesh,Alagh Chelliah Prathiban,Ganga Sridhar Raju,1,1,0,run,0,,,58/6
1047355,2,14,6,Alagh Chelliah Prathiban,Adithya Ganesh,Ganga Sridhar Raju,4,4,0,four,0,,,62/6
1047355,2,15,1,Adithya Ganesh,Alagh Chelliah Prathiban,Murugan Ashwin,1,1,0,run,0,,,63/6
1047355,2,15,2,Alagh Chelliah Prathiban,Adithya Ganesh,Murugan Ashwin,1,1,0,run,0,,,64/6
1047355,2,15,3,Adithya Ganesh,Alagh Chelliah Prathiban,Murugan Ashwin,1,1,0,run,0,,,65/6
1047355,2,15,4,Alagh Chelliah Prathiban,Adithya Ganesh,Murugan Ashwin,1,1,0,run,0,,,66/6
1047355,2,15,5,Adithya Ganesh,Alagh Chelliah Prathiban,Murugan Ashwin,0,0,0,no run,0,,,66/6
1047355,2,15,6,Adithya Ganesh,Alagh Chelliah Prathiban,Murugan Ashwin,1,1,0,run,0,,,67/6
1047355,2,16,1,Adithya Ganesh,Alagh Chelliah Prathiban,Yamuna Sunny Kumar Singh,2,2,0,run,0,,,69/6
1047355,2,16,2,Adithya Ganesh,Alagh Chelliah Prathiban,Yamuna Sunny Kumar Singh,2,2,0,run,0,,,71/6
1047355,2,16,3,Alagh Chelliah Prathiban,Adithya Ganesh,Yamuna Sunny Kumar Singh,1,1,0,run,0,,,72/6
1047355,2,16,4,Adithya Ganesh,Alagh Chelliah Prathiban,Yamuna Sunny Kumar Singh,2,2,0,run,0,,,74/6
1047355,2,16,5,Adithya Ganesh,Alagh Chelliah Prathiban,Yamuna Sunny Kumar Singh,0,0,0,no run,0,,,74/6
1047355,2,16,6,Adithya Ganesh,Alagh Chelliah Prathiban,Yamuna Sunny Kumar Singh,3,2,1,run,0,,,77/6
1047355,2,17,1,Alagh Chelliah Prathiban,Adithya Ganesh,Thangarasu Natarajan,1,0,1,no ball,0,,,78/6
1047355,2,17,2,Alagh Chelliah Prathiban,Adithya Ganesh,Thangarasu Natarajan,0,0,0,no run,0,,,78/6
1047355,2,17,3,Alagh Chelliah Prathiban,Adithya Ganesh,Thangarasu Natarajan,1,0,1,wide,0,,,79/6
1047355,2,17,4,Alagh Chelliah Prathiban,Adithya Ganesh,Thangarasu Natarajan,2,2,0,run,0,,,81/6
1047355,2,17,5,Alagh Chelliah Prathiban,Adithya Ganesh,Thangarasu Natarajan,0,0,0,no run,0,,,81/6
1047355,2,17,6,Alagh Chelliah Prathiban,Adithya Ganesh,Thangarasu Natarajan,1,1,0,run,0,,,82/6
1047355,2,17,7,Adithya Ganesh,Alagh Chelliah Prathiban,Thangarasu Natarajan,1,1,0,run,0,,,83/6
1047355,2,17,8,Alagh Chelliah Prathiban,Adithya Ganesh,Thangarasu Natarajan,1,1,0,run,0,,,84/6
1047355,2,18,1,Alagh Chelliah Prathiban,Adithya Ganesh,Yamuna Sunny Kumar Singh,4,4,0,four,0,,,88/6
1047355,2,18,2,Alagh Chelliah Prathiban,Adithya Ganesh,Yamuna Sunny Kumar Singh,0,0,0,out,1,caught,Alagh Chelliah Prathiban,88/7
1047355,2,18,3,Adithya Ganesh,0,Yamuna Sunny Kumar Singh,2,0,2,wide,0,,,90/7
1047355,2,18,4,Murthy Prabhu,Adithya Ganesh,Yamuna Sunny Kumar Singh,2,2,0,run,0,,,92/7
1047355,2,18,5,Murthy Prabhu,Adithya Ganesh,Yamuna Sunny Kumar Singh,0,0,0,no run,0,,,92/7
1047355,2,18,6,Murthy Prabhu,Adithya Ganesh,Yamuna Sunny Kumar Singh,1,1,0,run,0,,,93/7
1047355,2,18,7,Adithya Ganesh,Murthy Prabhu,Yamuna Sunny Kumar Singh,0,0,0,out,1,caught,Adithya Ganesh,93/8
1047355,2,19,1,Rajamani Jesuraj,Murthy Prabhu,Murugan Ashwin,6,6,0,six,0,,,99/8
1047355,2,19,2,Rajamani Jesuraj,Murthy Prabhu,Murugan Ashwin,1,1,0,run,0,,,100/8
1047355,2,19,3,Murthy Prabhu,Rajamani Jesuraj,Murugan Ashwin,6,6,0,six,0,,,106/8
1047355,2,19,4,Murthy Prabhu,Rajamani Jesuraj,Murugan Ashwin,0,0,0,no run,0,,,106/8
1047355,2,19,5,Murthy Prabhu,Rajamani Jesuraj,Murugan Ashwin,1,1,0,run,0,,,107/8
1047355,2,19,6,Rajamani Jesuraj,Murthy Prabhu,Murugan Ashwin,0,0,0,no run,0,,,107/8
1047355,2,20,1,Murthy Prabhu,Rajamani Jesuraj,Vaithianathan Rajamoney Sornendhra Guru Kedarnath,1,1,0,run,0,,,108/8
1047355,2,20,2,Rajamani Jesuraj,Murthy Prabhu,Vaithianathan Rajamoney Sornendhra Guru Kedarnath,1,1,0,run,0,,,109/8
1047355,2,20,3,Murthy Prabhu,Rajamani Jesuraj,Vaithianathan Rajamoney Sornendhra Guru Kedarnath,1,1,0,run,0,,,110/8
1047355,2,20,4,Rajamani Jesuraj,Murthy Prabhu,Vaithianathan Rajamoney Sornendhra Guru Kedarnath,0,0,0,no run,0,,,110/8
1047355,2,20,5,Rajamani Jesuraj,Murthy Prabhu,Vaithianathan Rajamoney Sornendhra Guru Kedarnath,0,0,0,out,1,caught,Rajamani Jesuraj,110/9
1047355,2,20,6,Murthy Prabhu,Jagannathan Kaushik,Vaithianathan Rajamoney Sornendhra Guru Kedarnath,1,1,0,run,0,,,111/9
1047357,1,1,1,Washington Sundar,0,M Mohammed,1,1,0,run,0,,,1/0
1047357,1,1,2,Kaushik Mohan Gandhi,Washington Sundar,M Mohammed,4,4,0,four,0,,,5/0
1047357,1,1,3,Kaushik Mohan Gandhi,Washington Sundar,M Mohammed,0,0,0,no run,0,,,5/0
1047357,1,1,4,Kaushik Mohan Gandhi,Washington Sundar,M Mohammed,0,0,0,no run,0,,,5/0
1047357,1,1,5,Kaushik Mohan Gandhi,Washington Sundar,M Mohammed,1,1,0,run,0,,,6/0
1047357,1,1,6,Washington Sundar,Kaushik Mohan Gandhi,M Mohammed,1,1,0,run,0,,,7/0
1047357,1,2,1,Washington Sundar,Kaushik Mohan Gandhi,Krishnamoorthy Vignesh,0,0,0,no run,0,,,7/0
1047357,1,2,2,Washington Sundar,Kaushik Mohan Gandhi,Krishnamoorthy Vignesh,0,0,0,no run,0,,,7/0
1047357,1,2,3,Washington Sundar,Kaushik Mohan Gandhi,Krishnamoorthy Vignesh,1,1,0,run,0,,,8/0
1047357,1,2,4,Kaushik Mohan Gandhi,Washington Sundar,Krishnamoorthy Vignesh,1,1,0,run,0,,,9/0
1047357,1,2,5,Washington Sundar,Kaushik Mohan Gandhi,Krishnamoorthy Vignesh,1,1,0,run,0,,,10/0
1047357,1,2,6,Kaushik Mohan Gandhi,Washington Sundar,Krishnamoorthy Vignesh,0,0,0,no run,0,,,10/0
1047357,1,3,1,Washington Sundar,Kaushik Mohan Gandhi,B Arun,0,0,0,no run,0,,,10/0
1047357,1,3,2,Washington Sundar,Kaushik Mohan Gandhi,B Arun,1,0,1,wide,0,,,11/0
1047357,1,3,3,Washington Sundar,Kaushik Mohan Gandhi,B Arun,1,1,0,run,0,,,12/0
1047357,1,3,4,Kaushik Mohan Gandhi,Washington Sundar,B Arun,1,1,0,run,0,,,13/0
1047357,1,3,5,Washington Sundar,Kaushik Mohan Gandhi,B Arun,4,4,0,four,0,,,17/0
1047357,1,3,6,Washington Sundar,Kaushik Mohan Gandhi,B Arun,1,1,0,run,0,,,18/0
1047357,1,3,7,Kaushik Mohan Gandhi,Washington Sundar,B Arun,0,0,0,no run,0,,,18/0
1047357,1,4,1,Washington Sundar,Kaushik Mohan Gandhi,Krishnamoorthy Vignesh,4,4,0,four,0,,,22/0
1047357,1,4,2,Washington Sundar,Kaushik Mohan Gandhi,Krishnamoorthy Vignesh,0,0,0,no run,0,,,22/0
1047357,1,4,3,Washington Sundar,Kaushik Mohan Gandhi,Krishnamoorthy Vignesh,1,1,0,run,0,,,23/0
1047357,1,4,4,Kaushik Mohan Gandhi,Washington Sundar,Krishnamoorthy Vignesh,0,0,0,no run,0,,,23/0
1047357,1,4,5,Kaushik Mohan Gandhi,Washington Sundar,Krishnamoorthy Vignesh,0,0,0,out,1,bowled,Kaushik Mohan Gandhi,23/1
1047357,1,4,6,R Sathyanarayan,Washington Sundar,Krishnamoorthy Vignesh,0,0,0,no run,0,,,23/1
1047357,1,5,1,Washington Sundar,R Sathyanarayan,Moovervnthali Kasipandian Sivakumar,0,0,0,no run,0,,,23/1
1047357,1,5,2,Washington Sundar,R Sathyanarayan,Moovervnthali Kasipandian Sivakumar,1,1,0,run,0,,,24/1
1047357,1,5,3,R Sathyanarayan,Washington Sundar,Moovervnthali Kasipandian Sivakumar,0,0,0,out,1,run out,R Sathyanarayan,24/2
1047357,1,5,4,Washington Sundar,0,Moovervnthali Kasipandian Sivakumar,0,0,0,no run,0,,,24/2
1047357,1,5,5,Washington Sundar,0,Moovervnthali Kasipandian Sivakumar,0,0,0,no run,0,,,24/2
1047357,1,5,6,Washington Sundar,V Maaruthi Raghav,Moovervnthali Kasipandian Sivakumar,0,0,0,no run,0,,,24/2
1047357,1,6,1,Subramanian Anand,Washington Sundar,B Arun,1,1,0,run,0,,,25/2
1047357,1,6,2,Washington Sundar,Subramanian Anand,B Arun,1,1,0,run,0,,,26/2
1047357,1,6,3,Subramanian Anand,Washington Sundar,B Arun,1,1,0,run,0,,,27/2
1047357,1,6,4,Washington Sundar,Subramanian Anand,B Arun,0,0,0,no run,0,,,27/2
1047357,1,6,5,Washington Sundar,Subramanian Anand,B Arun,1,1,0,run,0,,,28/2
1047357,1,6,6,Subramanian Anand,Washington Sundar,B Arun,0,0,0,no run,0,,,28/2
1047357,1,7,1,Washington Sundar,Subramanian Anand,Moovervnthali Kasipandian Sivakumar,0,0,0,no run,0,,,28/2
1047357,1,7,2,Washington Sundar,Subramanian Anand,Moovervnthali Kasipandian Sivakumar,0,0,0,no run,0,,,28/2
1047357,1,7,3,Washington Sundar,Subramanian Anand,Moovervnthali Kasipandian Sivakumar,0,0,0,no run,0,,,28/2
1047357,1,7,4,Washington Sundar,Subramanian Anand,Moovervnthali Kasipandian Sivakumar,1,1,0,run,0,,,29/2
1047357,1,7,5,Subramanian Anand,Washington Sundar,Moovervnthali Kasipandian Sivakumar,0,0,0,no run,0,,,29/2
1047357,1,7,6,Subramanian Anand,Washington Sundar,Moovervnthali Kasipandian Sivakumar,1,1,0,run,0,,,30/2
1047357,1,8,1,Subramanian Anand,Washington Sundar,M Mohammed,0,0,0,out,1,caught,Subramanian Anand,30/3
1047357,1,8,2,Washington Sundar,0,M Mohammed,1,1,0,run,0,,,31/3
1047357,1,8,3,Umashankar Sushil,Washington Sundar,M Mohammed,0,0,0,no run,0,,,31/3
1047357,1,8,4,Umashankar Sushil,Washington Sundar,M Mohammed,0,0,0,no run,0,,,31/3
1047357,1,8,5,Umashankar Sushil,Washington Sundar,M Mohammed,0,0,0,no run,0,,,31/3
1047357,1,8,6,Umashankar Sushil,Washington Sundar,M Mohammed,1,1,0,run,0,,,32/3
1047357,1,9,1,Umashankar Sushil,Washington Sundar,Jamaluddin Syed Mohammad,0,0,0,no run,0,,,32/3
1047357,1,9,2,Umashankar Sushil,Washington Sundar,Jamaluddin Syed Mohammad,1,0,1,leg bye,0,,,33/3
1047357,1,9,3,Washington Sundar,Umashankar Sushil,Jamaluddin Syed Mohammad,1,1,0,run,0,,,34/3
1047357,1,9,4,Umashankar Sushil,Washington Sundar,Jamaluddin Syed Mohammad,0,0,0,no run,0,,,34/3
1047357,1,9,5,Umashankar Sushil,Washington Sundar,Jamaluddin Syed Mohammad,1,1,0,run,0,,,35/3
1047357,1,9,6,Washington Sundar,Umashankar Sushil,Jamaluddin Syed Mohammad,0,0,0,no run,0,,,35/3
1047357,1,10,1,Umashankar Sushil,Washington Sundar,M Mohammed,4,4,0,four,0,,,39/3
1047357,1,10,2,Umashankar Sushil,Washington Sundar,M Mohammed,0,0,0,no run,0,,,39/3
1047357,1,10,3,Umashankar Sushil,Washington Sundar,M Mohammed,0,0,0,no run,0,,,39/3
1047357,1,10,4,Umashankar Sushil,Washington Sundar,M Mohammed,0,0,0,no run,0,,,39/3
1047357,1,10,5,Umashankar Sushil,Washington Sundar,M Mohammed,0,0,0,no run,0,,,39/3
1047357,1,10,6,Umashankar Sushil,Washington Sundar,M Mohammed,1,1,0,run,0,,,40/3
1047357,1,11,1,Umashankar Sushil,Washington Sundar,S Harish Kumar,1,1,0,run,0,,,41/3
1047357,1,11,2,Washington Sundar,Umashankar Sushil,S Harish Kumar,1,1,0,run,0,,,42/3
1047357,1,11,3,Umashankar Sushil,Washington Sundar,S Harish Kumar,1,1,0,run,0,,,43/3
1047357,1,11,4,Washington Sundar,Umashankar Sushil,S Harish Kumar,1,1,0,run,0,,,44/3
1047357,1,11,5,Umashankar Sushil,Washington Sundar,S Harish Kumar,1,1,0,run,0,,,45/3
1047357,1,11,6,Washington Sundar,Umashankar Sushil,S Harish Kumar,1,1,0,run,0,,,46/3
1047357,1,12,1,Washington Sundar,Umashankar Sushil,Krishnamoorthy Vignesh,1,1,0,run,0,,,47/3
1047357,1,12,2,Umashankar Sushil,Washington Sundar,Krishnamoorthy Vignesh,0,0,0,no run,0,,,47/3
1047357,1,12,3,Umashankar Sushil,Washington Sundar,Krishnamoorthy Vignesh,1,1,0,run,0,,,48/3
1047357,1,12,4,Washington Sundar,Umashankar Sushil,Krishnamoorthy Vignesh,1,1,0,run,0,,,49/3
1047357,1,12,5,Umashankar Sushil,Washington Sundar,Krishnamoorthy Vignesh,1,1,0,run,0,,,50/3
1047357,1,12,6,Washington Sundar,Umashankar Sushil,Krishnamoorthy Vignesh,0,0,0,no run,0,,,50/3
1047357,1,13,1,Umashankar Sushil,Washington Sundar,Jamaluddin Syed Mohammad,0,0,0,out,1,caught,Umashankar Sushil,50/4
1047357,1,13,2,V Maaruthi Raghav,Washington Sundar,Jamaluddin Syed Mohammad,0,0,0,no run,0,,,50/4
1047357,1,13,3,V Maaruthi Raghav,Washington Sundar,Jamaluddin Syed Mohammad,1,1,0,run,0,,,51/4
1047357,1,13,4,Washington Sundar,V Maaruthi Raghav,Jamaluddin Syed Mohammad,1,1,0,run,0,,,52/4
1047357,1,13,5,V Maaruthi Raghav,Washington Sundar,Jamaluddin Syed Mohammad,0,0,0,no run,0,,,52/4
1047357,1,13,6,V Maaruthi Raghav,Washington Sundar,Jamaluddin Syed Mohammad,0,0,0,no run,0,,,52/4
1047357,1,14,1,Washington Sundar,V Maaruthi Raghav,B Arun,0,0,0,no run,0,,,52/4
1047357,1,14,2,Washington Sundar,V Maaruthi Raghav,B Arun,1,1,0,run,0,,,53/4
1047357,1,14,3,V Maaruthi Raghav,Washington Sundar,B Arun,1,1,0,run,0,,,54/4
1047357,1,14,4,Washington Sundar,V Maaruthi Raghav,B Arun,1,1,0,run,0,,,55/4
1047357,1,14,5,V Maaruthi Raghav,Washington Sundar,B Arun,1,1,0,run,0,,,56/4
1047357,1,14,6,Washington Sundar,V Maaruthi Raghav,B Arun,1,1,0,run,0,,,57/4
1047357,1,15,1,Washington Sundar,V Maaruthi Raghav,S Harish Kumar,1,1,0,run,0,,,58/4
1047357,1,15,2,V Maaruthi Raghav,Washington Sundar,S Harish Kumar,2,0,2,leg bye,0,,,60/4
1047357,1,15,3,V Maaruthi Raghav,Washington Sundar,S Harish Kumar,2,2,0,run,0,,,62/4
1047357,1,15,4,V Maaruthi Raghav,Washington Sundar,S Harish Kumar,2,2,0,run,0,,,64/4
1047357,1,15,5,V Maaruthi Raghav,Washington Sundar,S Harish Kumar,0,0,0,no run,0,,,64/4
1047357,1,15,6,V Maaruthi Raghav,Washington Sundar,S Harish Kumar,1,1,0,run,0,,,65/4
1047357,1,16,1,V Maaruthi Raghav,Washington Sundar,Krishnamoorthy Vignesh,1,1,0,run,0,,,66/4
1047357,1,16,2,Washington Sundar,V Maaruthi Raghav,Krishnamoorthy Vignesh,1,1,0,run,0,,,67/4
1047357,1,16,3,V Maaruthi Raghav,Washington Sundar,Krishnamoorthy Vignesh,0,0,0,no run,0,,,67/4
1047357,1,16,4,V Maaruthi Raghav,Washington Sundar,Krishnamoorthy Vignesh,1,1,0,run,0,,,68/4
1047357,1,16,5,Washington Sundar,V Maaruthi Raghav,Krishnamoorthy Vignesh,0,0,0,no run,0,,,68/4
1047357,1,16,6,Washington Sundar,V Maaruthi Raghav,Krishnamoorthy Vignesh,1,0,1,wide,0,,,69/4
1047357,1,16,7,Washington Sundar,V Maaruthi Raghav,Krishnamoorthy Vignesh,1,0,1,wide,0,,,70/4
1047357,1,16,8,Washington Sundar,V Maaruthi Raghav,Krishnamoorthy Vignesh,1,1,0,run,0,,,71/4
1047357,1,17,1,Washington Sundar,V Maaruthi Raghav,B Arun,6,6,0,six,0,,,77/4
1047357,1,17,2,Washington Sundar,V Maaruthi Raghav,B Arun,2,2,0,run,0,,,79/4
1047357,1,17,3,Washington Sundar,V Maaruthi Raghav,B Arun,0,0,0,no run,0,,,79/4
1047357,1,17,4,Washington Sundar,V Maaruthi Raghav,B Arun,1,1,0,run,0,,,80/4
1047357,1,17,5,V Maaruthi Raghav,Washington Sundar,B Arun,2,2,0,run,0,,,82/4
1047357,1,17,6,V Maaruthi Raghav,Washington Sundar,B Arun,0,0,0,no run,0,,,82/4
1047357,1,18,1,Washington Sundar,V Maaruthi Raghav,Moovervnthali Kasipandian Sivakumar,1,1,0,run,0,,,83/4
1047357,1,18,2,V Maaruthi Raghav,Washington Sundar,Moovervnthali Kasipandian Sivakumar,0,0,0,out,1,caught,V Maaruthi Raghav,83/5
1047357,1,18,3,Washington Sundar,Akash Sumra,Moovervnthali Kasipandian Sivakumar,0,0,0,out,1,caught,Washington Sundar,83/6
1047357,1,18,4,Akash Sumra,M Ganesh Moorthi,Moovervnthali Kasipandian Sivakumar,0,0,0,out,1,bowled,Akash Sumra,83/7
1047357,1,18,5,Lakshmipathy Balaji,M Ganesh Moorthi,Moovervnthali Kasipandian Sivakumar,1,1,0,run,0,,,84/7
1047357,1,18,6,Antony Chandrasekaran Aswin Crist,Lakshmipathy Balaji,Moovervnthali Kasipandian Sivakumar,1,1,0,run,0,,,85/7
1047357,1,19,1,Antony Chandrasekaran Aswin Crist,Lakshmipathy Balaji,S Harish Kumar,0,0,0,no run,0,,,85/7
1047357,1,19,2,Antony Chandrasekaran Aswin Crist,Lakshmipathy Balaji,S Harish Kumar,0,0,0,out,1,caught,Antony Chandrasekaran Aswin Crist,85/8
1047357,1,19,3,M Ganesh Moorthi,Lakshmipathy Balaji,S Harish Kumar,1,0,1,bye,0,,,86/8
1047357,1,19,4,Lakshmipathy Balaji,M Ganesh Moorthi,S Harish Kumar,0,0,0,no run,0,,,86/8
1047357,1,19,5,Lakshmipathy Balaji,M Ganesh Moorthi,S Harish Kumar,1,1,0,run,0,,,87/8
1047357,1,19,6,M Ganesh Moorthi,Lakshmipathy Balaji,S Harish Kumar,1,0,1,no ball,0,,,88/8
1047357,1,19,7,M Ganesh Moorthi,Lakshmipathy Balaji,S Harish Kumar,1,0,1,wide,0,,,89/8
1047357,1,19,8,M Ganesh Moorthi,Lakshmipathy Balaji,S Harish Kumar,2,2,0,run,0,,,91/8
1047357,1,20,1,Lakshmipathy Balaji,M Ganesh Moorthi,Moovervnthali Kasipandian Sivakumar,1,1,0,run,0,,,92/8
1047357,1,20,2,M Ganesh Moorthi,Lakshmipathy Balaji,Moovervnthali Kasipandian Sivakumar,1,1,0,run,0,,,93/8
1047357,1,20,3,Lakshmipathy Balaji,M Ganesh Moorthi,Moovervnthali Kasipandian Sivakumar,0,0,0,out,1,run out,M Ganesh Moorthi,93/9
1047357,1,20,4,Raju Aushik Srinivas,Lakshmipathy Balaji,Moovervnthali Kasipandian Sivakumar,1,1,0,run,0,,,94/9
1047357,1,20,5,Lakshmipathy Balaji,Raju Aushik Srinivas,Moovervnthali Kasipandian Sivakumar,1,1,0,run,1,run out,Lakshmipathy Balaji,95/10
1047357,2,1,1,Laxmesha Suryaprakash,0,Lakshmipathy Balaji,0,0,0,no run,0,,,0/0
1047357,2,1,2,Laxmesha Suryaprakash,0,Lakshmipathy Balaji,1,1,0,run,0,,,1/0
1047357,2,1,3,0,Laxmesha Suryaprakash,Lakshmipathy Balaji,1,1,0,run,0,,,2/0
1047357,2,1,4,Laxmesha Suryaprakash,0,Lakshmipathy Balaji,1,1,0,run,0,,,3/0
1047357,2,1,5,0,Laxmesha Suryaprakash,Lakshmipathy Balaji,0,0,0,no run,0,,,3/0
1047357,2,1,6,0,Laxmesha Suryaprakash,Lakshmipathy Balaji,4,4,0,four,0,,,7/0
1047357,2,2,1,Laxmesha Suryaprakash,0,M Ganesh Moorthi,0,0,0,no run,0,,,7/0
1047357,2,2,2,Laxmesha Suryaprakash,0,M Ganesh Moorthi,0,0,0,no run,0,,,7/0
1047357,2,2,3,Laxmesha Suryaprakash,0,M Ganesh Moorthi,2,2,0,run,0,,,9/0
1047357,2,2,4,Laxmesha Suryaprakash,0,M Ganesh Moorthi,1,1,0,run,0,,,10/0
1047357,2,2,5,0,Laxmesha Suryaprakash,M Ganesh Moorthi,0,0,0,no run,0,,,10/0
1047357,2,2,6,0,Laxmesha Suryaprakash,M Ganesh Moorthi,4,4,0,four,0,,,14/0
1047357,2,3,1,Laxmesha Suryaprakash,0,Lakshmipathy Balaji,0,0,0,no run,0,,,14/0
1047357,2,3,2,Laxmesha Suryaprakash,0,Lakshmipathy Balaji,1,1,0,run,0,,,15/0
1047357,2,3,3,0,Laxmesha Suryaprakash,Lakshmipathy Balaji,0,0,0,no run,0,,,15/0
1047357,2,3,4,0,Laxmesha Suryaprakash,Lakshmipathy Balaji,1,1,0,run,0,,,16/0
1047357,2,3,5,Laxmesha Suryaprakash,0,Lakshmipathy Balaji,0,0,0,no run,0,,,16/0
1047357,2,3,6,Laxmesha Suryaprakash,0,Lakshmipathy Balaji,0,0,0,no run,0,,,16/0
1047357,2,4,1,0,Laxmesha Suryaprakash,M Ganesh Moorthi,1,1,0,run,0,,,17/0
1047357,2,4,2,Laxmesha Suryaprakash,0,M Ganesh Moorthi,0,0,0,no run,0,,,17/0
1047357,2,4,3,Laxmesha Suryaprakash,0,M Ganesh Moorthi,1,1,0,run,0,,,18/0
1047357,2,4,4,0,Laxmesha Suryaprakash,M Ganesh Moorthi,0,0,0,no run,0,,,18/0
1047357,2,4,5,0,Laxmesha Suryaprakash,M Ganesh Moorthi,0,0,0,no run,0,,,18/0
1047357,2,4,6,0,Laxmesha Suryaprakash,M Ganesh Moorthi,1,1,0,run,0,,,19/0
1047357,2,5,1,0,Laxmesha Suryaprakash,Washington Sundar,1,1,0,run,0,,,20/0
1047357,2,5,2,Laxmesha Suryaprakash,0,Washington Sundar,6,6,0,six,0,,,26/0
1047357,2,5,3,Laxmesha Suryaprakash,0,Washington Sundar,1,1,0,run,0,,,27/0
1047357,2,5,4,0,Laxmesha Suryaprakash,Washington Sundar,1,1,0,run,0,,,28/0
1047357,2,5,5,Laxmesha Suryaprakash,0,Washington Sundar,1,1,0,run,0,,,29/0
1047357,2,5,6,0,Laxmesha Suryaprakash,Washington Sundar,1,1,0,run,0,,,30/0
1047357,2,6,1,0,Laxmesha Suryaprakash,M Ganesh Moorthi,4,4,0,four,0,,,34/0
1047357,2,6,2,0,Laxmesha Suryaprakash,M Ganesh Moorthi,1,1,0,run,0,,,35/0
1047357,2,6,3,Laxmesha Suryaprakash,0,M Ganesh Moorthi,0,0,0,no run,0,,,35/0
1047357,2,6,4,Laxmesha Suryaprakash,0,M Ganesh Moorthi,1,1,0,run,0,,,36/0
1047357,2,6,5,0,Laxmesha Suryaprakash,M Ganesh Moorthi,2,2,0,run,0,,,38/0
1047357,2,6,6,0,Laxmesha Suryaprakash,M Ganesh Moorthi,6,6,0,six,0,,,44/0
1047357,2,7,1,Laxmesha Suryaprakash,0,Antony Chandrasekaran Aswin Crist,4,4,0,four,0,,,48/0
1047357,2,7,2,Laxmesha Suryaprakash,0,Antony Chandrasekaran Aswin Crist,1,1,0,run,0,,,49/0
1047357,2,7,3,0,Laxmesha Suryaprakash,Antony Chandrasekaran Aswin Crist,1,1,0,run,0,,,50/0
1047357,2,7,4,Laxmesha Suryaprakash,0,Antony Chandrasekaran Aswin Crist,2,2,0,run,0,,,52/0
1047357,2,7,5,Laxmesha Suryaprakash,0,Antony Chandrasekaran Aswin Crist,1,1,0,run,0,,,53/0
1047357,2,7,6,0,Laxmesha Suryaprakash,Antony Chandrasekaran Aswin Crist,2,2,0,run,0,,,55/0
1047357,2,8,1,Laxmesha Suryaprakash,0,Raju Aushik Srinivas,1,1,0,run,0,,,56/0
1047357,2,8,2,0,Laxmesha Suryaprakash,Raju Aushik Srinivas,1,1,0,run,0,,,57/0
1047357,2,8,3,Laxmesha Suryaprakash,0,Raju Aushik Srinivas,1,0,1,leg bye,0,,,58/0
1047357,2,8,4,0,Laxmesha Suryaprakash,Raju Aushik Srinivas,0,0,0,no run,0,,,58/0
1047357,2,8,5,0,Laxmesha Suryaprakash,Raju Aushik Srinivas,0,0,0,no run,0,,,58/0
1047357,2,8,6,0,Laxmesha Suryaprakash,Raju Aushik Srinivas,1,0,1,leg bye,0,,,59/0
1047357,2,9,1,0,Laxmesha Suryaprakash,Lakshmipathy Balaji,1,1,0,run,0,,,60/0
1047357,2,9,2,Laxmesha Suryaprakash,0,Lakshmipathy Balaji,1,1,0,run,0,,,61/0
1047357,2,9,3,0,Laxmesha Suryaprakash,Lakshmipathy Balaji,1,1,0,run,0,,,62/0
1047357,2,9,4,Laxmesha Suryaprakash,0,Lakshmipathy Balaji,1,1,0,run,0,,,63/0
1047357,2,9,5,0,Laxmesha Suryaprakash,Lakshmipathy Balaji,6,6,0,six,0,,,69/0
1047357,2,9,6,0,Laxmesha Suryaprakash,Lakshmipathy Balaji,0,0,0,no run,0,,,69/0
1047357,2,10,1,Laxmesha Suryaprakash,0,Raju Aushik Srinivas,0,0,0,no run,0,,,69/0
1047357,2,10,2,Laxmesha Suryaprakash,0,Raju Aushik Srinivas,1,1,0,run,0,,,70/0
1047357,2,10,3,0,Laxmesha Suryaprakash,Raju Aushik Srinivas,4,4,0,four,0,,,74/0
1047357,2,10,4,0,Laxmesha Suryaprakash,Raju Aushik Srinivas,1,1,0,run,0,,,75/0
1047357,2,10,5,Laxmesha Suryaprakash,0,Raju Aushik Srinivas,1,1,0,run,0,,,76/0
1047357,2,10,6,0,Laxmesha Suryaprakash,Raju Aushik Srinivas,0,0,0,no run,0,,,76/0
1047357,2,11,1,Laxmesha Suryaprakash,0,Washington Sundar,1,1,0,run,0,,,77/0
1047357,2,11,2,0,Laxmesha Suryaprakash,Washington Sundar,0,0,0,no run,0,,,77/0
1047357,2,11,3,0,Laxmesha Suryaprakash,Washington Sundar,1,1,0,run,0,,,78/0
1047357,2,11,4,Laxmesha Suryaprakash,0,Washington Sundar,6,6,0,six,0,,,84/0
1047357,2,11,5,Laxmesha Suryaprakash,0,Washington Sundar,1,1,0,run,0,,,85/0
1047357,2,11,6,0,Laxmesha Suryaprakash,Washington Sundar,0,0,0,no run,0,,,85/0
1047357,2,12,1,Laxmesha Suryaprakash,0,Antony Chandrasekaran Aswin Crist,0,0,0,no run,0,,,85/0
1047357,2,12,2,Laxmesha Suryaprakash,0,Antony Chandrasekaran Aswin Crist,4,4,0,four,0,,,89/0
1047357,2,12,3,Laxmesha Suryaprakash,0,Antony Chandrasekaran Aswin Crist,0,0,0,no run,0,,,89/0
1047357,2,12,4,Laxmesha Suryaprakash,0,Antony Chandrasekaran Aswin Crist,0,0,0,no run,0,,,89/0
1047357,2,12,5,Laxmesha Suryaprakash,0,Antony Chandrasekaran Aswin Crist,1,1,0,run,0,,,90/0
1047357,2,12,6,0,Laxmesha Suryaprakash,Antony Chandrasekaran Aswin Crist,1,1,0,run,0,,,91/0
1047357,2,13,1,0,Laxmesha Suryaprakash,Akash Sumra,2,0,2,wide,0,,,93/0
1047357,2,13,2,Laxmesha Suryaprakash,0,Akash Sumra,0,0,0,no run,0,,,93/0
1047357,2,13,3,Laxmesha Suryaprakash,0,Akash Sumra,1,1,0,run,0,,,94/0
1047357,2,13,4,0,Laxmesha Suryaprakash,Akash Sumra,0,0,0,out,1,run out,Laxmesha Suryaprakash,94/1
1047357,2,13,5,0,0,Akash Sumra,1,1,0,run,0,,,95/1
1047357,2,13,6,Akshay V Srinivasan,0,Akash Sumra,1,1,0,run,0,,,96/1
1047359,1,1,1,Narayan Jagadeesan,0,Abhishek Baljeetsingh Tanwar,0,0,0,no run,0,,,0/0
1047359,1,1,2,Narayan Jagadeesan,0,Abhishek Baljeetsingh Tanwar,1,0,1,wide,0,,,1/0
1047359,1,1,3,Narayan Jagadeesan,0,Abhishek Baljeetsingh Tanwar,0,0,0,no run,0,,,1/0
1047359,1,1,4,Narayan Jagadeesan,0,Abhishek Baljeetsingh Tanwar,0,0,0,no run,0,,,1/0
1047359,1,1,5,Narayan Jagadeesan,0,Abhishek Baljeetsingh Tanwar,0,0,0,no run,0,,,1/0
1047359,1,1,6,Narayan Jagadeesan,0,Abhishek Baljeetsingh Tanwar,0,0,0,no run,0,,,1/0
1047359,1,1,7,Narayan Jagadeesan,Ganga Sridhar Raju,Abhishek Baljeetsingh Tanwar,4,4,0,four,0,,,5/0
1047359,1,2,1,Ganga Sridhar Raju,Narayan Jagadeesan,Ramalingam Rohit,1,0,1,wide,0,,,6/0
1047359,1,2,2,Ganga Sridhar Raju,Narayan Jagadeesan,Ramalingam Rohit,1,0,1,wide,0,,,7/0
1047359,1,2,3,Ganga Sridhar Raju,Narayan Jagadeesan,Ramalingam Rohit,1,0,1,wide,0,,,8/0
1047359,1,2,4,Ganga Sridhar Raju,Narayan Jagadeesan,Ramalingam Rohit,1,1,0,run,0,,,9/0
1047359,1,2,5,Narayan Jagadeesan,Ganga Sridhar Raju,Ramalingam Rohit,0,0,0,no run,0,,,9/0
1047359,1,2,6,Narayan Jagadeesan,Ganga Sridhar Raju,Ramalingam Rohit,2,2,0,run,0,,,11/0
1047359,1,2,7,Narayan Jagadeesan,Ganga Sridhar Raju,Ramalingam Rohit,0,0,0,no run,0,,,11/0
1047359,1,2,8,Narayan Jagadeesan,Ganga Sridhar Raju,Ramalingam Rohit,1,1,0,run,0,,,12/0
1047359,1,2,9,Ganga Sridhar Raju,Narayan Jagadeesan,Ramalingam Rohit,1,1,0,run,0,,,13/0
1047359,1,3,1,Ganga Sridhar Raju,Narayan Jagadeesan,Abhishek Baljeetsingh Tanwar,0,0,0,no run,0,,,13/0
1047359,1,3,2,Ganga Sridhar Raju,Narayan Jagadeesan,Abhishek Baljeetsingh Tanwar,1,1,0,run,0,,,14/0
1047359,1,3,3,Narayan Jagadeesan,Ganga Sridhar Raju,Abhishek Baljeetsingh Tanwar,0,0,0,no run,0,,,14/0
1047359,1,3,4,Narayan Jagadeesan,Ganga Sridhar Raju,Abhishek Baljeetsingh Tanwar,0,0,0,no run,0,,,14/0
1047359,1,3,5,Narayan Jagadeesan,Ganga Sridhar Raju,Abhishek Baljeetsingh Tanwar,0,0,0,no run,0,,,14/0
1047359,1,3,6,Narayan Jagadeesan,Ganga Sridhar Raju,Abhishek Baljeetsingh Tanwar,0,0,0,no run,0,,,14/0
1047359,1,4,1,Ganga Sridhar Raju,Narayan Jagadeesan,Ramalingam Rohit,1,1,0,run,0,,,15/0
1047359,1,4,2,Narayan Jagadeesan,Ganga Sridhar Raju,Ramalingam Rohit,2,2,0,run,0,,,17/0
1047359,1,4,3,Narayan Jagadeesan,Ganga Sridhar Raju,Ramalingam Rohit,0,0,0,no run,0,,,17/0
1047359,1,4,4,Narayan Jagadeesan,Ganga Sridhar Raju,Ramalingam Rohit,0,0,0,no run,0,,,17/0
1047359,1,4,5,Narayan Jagadeesan,Ganga Sridhar Raju,Ramalingam Rohit,2,2,0,run,0,,,19/0
1047359,1,4,6,Narayan Jagadeesan,Ganga Sridhar Raju,Ramalingam Rohit,1,1,0,run,0,,,20/0
1047359,1,5,1,Narayan Jagadeesan,Ganga Sridhar Raju,Rahil S Shah,0,0,0,no run,0,,,20/0
1047359,1,5,2,Narayan Jagadeesan,Ganga Sridhar Raju,Rahil S Shah,4,4,0,four,0,,,24/0
1047359,1,5,3,Narayan Jagadeesan,Ganga Sridhar Raju,Rahil S Shah,1,1,0,run,0,,,25/0
1047359,1,5,4,Ganga Sridhar Raju,Narayan Jagadeesan,Rahil S Shah,0,0,0,no run,0,,,25/0
1047359,1,5,5,Ganga Sridhar Raju,Narayan Jagadeesan,Rahil S Shah,1,1,0,run,0,,,26/0
1047359,1,5,6,Narayan Jagadeesan,Ganga Sridhar Raju,Rahil S Shah,0,0,0,no run,0,,,26/0
1047359,1,6,1,Ganga Sridhar Raju,Narayan Jagadeesan,Ramalingam Rohit,4,4,0,four,0,,,30/0
1047359,1,6,2,Ganga Sridhar Raju,Narayan Jagadeesan,Ramalingam Rohit,1,1,0,run,0,,,31/0
1047359,1,6,3,Narayan Jagadeesan,Ganga Sridhar Raju,Ramalingam Rohit,1,1,0,run,0,,,32/0
1047359,1,6,4,Ganga Sridhar Raju,Narayan Jagadeesan,Ramalingam Rohit,0,0,0,no run,0,,,32/0
1047359,1,6,5,Ganga Sridhar Raju,Narayan Jagadeesan,Ramalingam Rohit,1,1,0,run,0,,,33/0
1047359,1,6,6,Narayan Jagadeesan,Ganga Sridhar Raju,Ramalingam Rohit,1,1,0,run,0,,,34/0
1047359,1,7,1,Narayan Jagadeesan,Ganga Sridhar Raju,Rahil S Shah,0,0,0,no run,0,,,34/0
1047359,1,7,2,Narayan Jagadeesan,Ganga Sridhar Raju,Rahil S Shah,0,0,0,no run,0,,,34/0
1047359,1,7,3,Narayan Jagadeesan,Ganga Sridhar Raju,Rahil S Shah,1,1,0,run,0,,,35/0
1047359,1,7,4,Ganga Sridhar Raju,Narayan Jagadeesan,Rahil S Shah,1,1,0,run,0,,,36/0
1047359,1,7,5,Narayan Jagadeesan,Ganga Sridhar Raju,Rahil S Shah,1,1,0,run,0,,,37/0
1047359,1,7,6,Ganga Sridhar Raju,Narayan Jagadeesan,Rahil S Shah,0,0,0,no run,0,,,37/0
1047359,1,8,1,Narayan Jagadeesan,Ganga Sridhar Raju,Malolan Rangarajan,0,0,0,no run,0,,,37/0
1047359,1,8,2,Narayan Jagadeesan,Ganga Sridhar Raju,Malolan Rangarajan,1,1,0,run,0,,,38/0
1047359,1,8,3,Ganga Sridhar Raju,Narayan Jagadeesan,Malolan Rangarajan,0,0,0,no run,0,,,38/0
1047359,1,8,4,Ganga Sridhar Raju,Narayan Jagadeesan,Malolan Rangarajan,1,1,0,run,0,,,39/0
1047359,1,8,5,Narayan Jagadeesan,Ganga Sridhar Raju,Malolan Rangarajan,1,1,0,run,0,,,40/0
1047359,1,8,6,Ganga Sridhar Raju,Narayan Jagadeesan,Malolan Rangarajan,1,1,0,run,0,,,41/0
1047359,1,9,1,Ganga Sridhar Raju,Narayan Jagadeesan,Ramsingh  Sanjay Yadav,0,0,0,no run,0,,,41/0
1047359,1,9,2,Ganga Sridhar Raju,Narayan Jagadeesan,Ramsingh  Sanjay Yadav,1,1,0,run,0,,,42/0
1047359,1,9,3,Narayan Jagadeesan,Ganga Sridhar Raju,Ramsingh  Sanjay Yadav,4,4,0,four,0,,,46/0
1047359,1,9,4,Narayan Jagadeesan,Ganga Sridhar Raju,Ramsingh  Sanjay Yadav,1,1,0,run,0,,,47/0
1047359,1,9,5,Ganga Sridhar Raju,Narayan Jagadeesan,Ramsingh  Sanjay Yadav,1,1,0,run,0,,,48/0
1047359,1,9,6,Narayan Jagadeesan,Ganga Sridhar Raju,Ramsingh  Sanjay Yadav,1,1,0,run,0,,,49/0
1047359,1,10,1,Narayan Jagadeesan,Ganga Sridhar Raju,Malolan Rangarajan,6,6,0,six,0,,,55/0
1047359,1,10,2,Narayan Jagadeesan,Ganga Sridhar Raju,Malolan Rangarajan,1,1,0,run,0,,,56/0
1047359,1,10,3,Ganga Sridhar Raju,Narayan Jagadeesan,Malolan Rangarajan,1,0,1,wide,0,,,57/0
1047359,1,10,4,Ganga Sridhar Raju,Narayan Jagadeesan,Malolan Rangarajan,1,1,0,run,0,,,58/0
1047359,1,10,5,Narayan Jagadeesan,Ganga Sridhar Raju,Malolan Rangarajan,1,1,0,run,0,,,59/0
1047359,1,10,6,Ganga Sridhar Raju,Narayan Jagadeesan,Malolan Rangarajan,0,0,0,no run,0,,,59/0
1047359,1,10,7,Ganga Sridhar Raju,Narayan Jagadeesan,Malolan Rangarajan,4,4,0,four,0,,,63/0
1047359,1,11,1,Narayan Jagadeesan,Ganga Sridhar Raju,Ramsingh  Sanjay Yadav,4,4,0,four,0,,,67/0
1047359,1,11,2,Narayan Jagadeesan,Ganga Sridhar Raju,Ramsingh  Sanjay Yadav,1,1,0,run,0,,,68/0
1047359,1,11,3,Ganga Sridhar Raju,Narayan Jagadeesan,Ramsingh  Sanjay Yadav,2,2,0,run,0,,,70/0
1047359,1,11,4,Ganga Sridhar Raju,Narayan Jagadeesan,Ramsingh  Sanjay Yadav,1,1,0,run,0,,,71/0
1047359,1,11,5,Narayan Jagadeesan,Ganga Sridhar Raju,Ramsingh  Sanjay Yadav,2,2,0,run,0,,,73/0
1047359,1,11,6,Narayan Jagadeesan,Ganga Sridhar Raju,Ramsingh  Sanjay Yadav,1,0,1,wide,0,,,74/0
1047359,1,11,7,Narayan Jagadeesan,Ganga Sridhar Raju,Ramsingh  Sanjay Yadav,0,0,0,no run,0,,,74/0
1047359,1,12,1,Ganga Sridhar Raju,Narayan Jagadeesan,M Lakshmi Narayanan,1,1,0,run,0,,,75/0
1047359,1,12,2,Narayan Jagadeesan,Ganga Sridhar Raju,M Lakshmi Narayanan,0,0,0,no run,0,,,75/0
1047359,1,12,3,Narayan Jagadeesan,Ganga Sridhar Raju,M Lakshmi Narayanan,1,1,0,run,0,,,76/0
1047359,1,12,4,Ganga Sridhar Raju,Narayan Jagadeesan,M Lakshmi Narayanan,1,1,0,run,0,,,77/0
1047359,1,12,5,Narayan Jagadeesan,Ganga Sridhar Raju,M Lakshmi Narayanan,2,2,0,run,0,,,79/0
1047359,1,12,6,Narayan Jagadeesan,Ganga Sridhar Raju,M Lakshmi Narayanan,1,1,0,run,0,,,80/0
1047359,1,13,1,Narayan Jagadeesan,Ganga Sridhar Raju,Rahil S Shah,0,0,0,no run,0,,,80/0
1047359,1,13,2,Narayan Jagadeesan,Ganga Sridhar Raju,Rahil S Shah,1,1,0,run,0,,,81/0
1047359,1,13,3,Ganga Sridhar Raju,Narayan Jagadeesan,Rahil S Shah,1,1,0,run,0,,,82/0
1047359,1,13,4,Narayan Jagadeesan,Ganga Sridhar Raju,Rahil S Shah,4,4,0,four,0,,,86/0
1047359,1,13,5,Narayan Jagadeesan,Ganga Sridhar Raju,Rahil S Shah,4,4,0,four,0,,,90/0
1047359,1,13,6,Narayan Jagadeesan,Ganga Sridhar Raju,Rahil S Shah,4,4,0,four,0,,,94/0
1047359,1,14,1,Ganga Sridhar Raju,Narayan Jagadeesan,M Lakshmi Narayanan,1,1,0,run,0,,,95/0
1047359,1,14,2,Narayan Jagadeesan,Ganga Sridhar Raju,M Lakshmi Narayanan,1,1,0,run,0,,,96/0
1047359,1,14,3,Ganga Sridhar Raju,Narayan Jagadeesan,M Lakshmi Narayanan,1,1,0,run,0,,,97/0
1047359,1,14,4,Narayan Jagadeesan,Ganga Sridhar Raju,M Lakshmi Narayanan,4,4,0,four,0,,,101/0
1047359,1,14,5,Narayan Jagadeesan,Ganga Sridhar Raju,M Lakshmi Narayanan,1,1,0,run,0,,,102/0
1047359,1,14,6,Ganga Sridhar Raju,Narayan Jagadeesan,M Lakshmi Narayanan,1,1,0,run,0,,,103/0
1047359,1,15,1,Ganga Sridhar Raju,Narayan Jagadeesan,RS Jaganath Sinivas,0,0,0,no run,0,,,103/0
1047359,1,15,2,Ganga Sridhar Raju,Narayan Jagadeesan,RS Jaganath Sinivas,0,0,0,no run,0,,,103/0
1047359,1,15,3,Ganga Sridhar Raju,Narayan Jagadeesan,RS Jaganath Sinivas,0,0,0,no run,0,,,103/0
1047359,1,15,4,Ganga Sridhar Raju,Narayan Jagadeesan,RS Jaganath Sinivas,1,1,0,run,0,,,104/0
1047359,1,15,5,Narayan Jagadeesan,Ganga Sridhar Raju,RS Jaganath Sinivas,1,1,0,run,0,,,105/0
1047359,1,15,6,Ganga Sridhar Raju,Narayan Jagadeesan,RS Jaganath Sinivas,4,4,0,four,0,,,109/0
1047359,1,16,1,Narayan Jagadeesan,Ganga Sridhar Raju,Malolan Rangarajan,1,1,0,run,0,,,110/0
1047359,1,16,2,Ganga Sridhar Raju,Narayan Jagadeesan,Malolan Rangarajan,4,4,0,four,0,,,114/0
1047359,1,16,3,Ganga Sridhar Raju,Narayan Jagadeesan,Malolan Rangarajan,4,4,0,four,0,,,118/0
1047359,1,16,4,Ganga Sridhar Raju,Narayan Jagadeesan,Malolan Rangarajan,0,0,0,no run,0,,,118/0
1047359,1,16,5,Ganga Sridhar Raju,Narayan Jagadeesan,Malolan Rangarajan,1,1,0,run,0,,,119/0
1047359,1,16,6,Narayan Jagadeesan,Ganga Sridhar Raju,Malolan Rangarajan,4,4,0,four,0,,,123/0
1047359,1,17,1,Ganga Sridhar Raju,Narayan Jagadeesan,RS Jaganath Sinivas,1,1,0,run,0,,,124/0
1047359,1,17,2,Narayan Jagadeesan,Ganga Sridhar Raju,RS Jaganath Sinivas,1,1,0,run,0,,,125/0
1047359,1,17,3,Ganga Sridhar Raju,Narayan Jagadeesan,RS Jaganath Sinivas,1,0,1,leg bye,0,,,126/0
1047359,1,17,4,Narayan Jagadeesan,Ganga Sridhar Raju,RS Jaganath Sinivas,1,1,0,run,0,,,127/0
1047359,1,17,5,Ganga Sridhar Raju,Narayan Jagadeesan,RS Jaganath Sinivas,0,0,0,no run,0,,,127/0
1047359,1,17,6,Ganga Sridhar Raju,Narayan Jagadeesan,RS Jaganath Sinivas,0,0,0,out,1,bowled,Ganga Sridhar Raju,127/1
1047359,1,18,1,Narayan Jagadeesan,0,Abhishek Baljeetsingh Tanwar,2,1,1,run,0,,,129/1
1047359,1,18,2,V Subramania Siva,Narayan Jagadeesan,Abhishek Baljeetsingh Tanwar,1,1,0,run,0,,,130/1
1047359,1,18,3,Narayan Jagadeesan,V Subramania Siva,Abhishek Baljeetsingh Tanwar,0,0,0,no run,0,,,130/1
1047359,1,18,4,Narayan Jagadeesan,V Subramania Siva,Abhishek Baljeetsingh Tanwar,0,0,0,no run,0,,,130/1
1047359,1,18,5,Narayan Jagadeesan,V Subramania Siva,Abhishek Baljeetsingh Tanwar,1,1,0,run,1,run out,V Subramania Siva,131/2
1047359,1,18,6,Narayan Jagadeesan,0,Abhishek Baljeetsingh Tanwar,1,1,0,run,0,,,132/2
1047359,1,18,7,Yamuna Sunny Kumar Singh,Narayan Jagadeesan,Abhishek Baljeetsingh Tanwar,0,0,0,no run,0,,,132/2
1047359,1,19,1,Narayan Jagadeesan,Yamuna Sunny Kumar Singh,RS Jaganath Sinivas,1,1,0,run,0,,,133/2
1047359,1,19,2,Yamuna Sunny Kumar Singh,Narayan Jagadeesan,RS Jaganath Sinivas,1,1,0,run,0,,,134/2
1047359,1,19,3,Narayan Jagadeesan,Yamuna Sunny Kumar Singh,RS Jaganath Sinivas,1,0,1,wide,0,,,135/2
1047359,1,19,4,Narayan Jagadeesan,Yamuna Sunny Kumar Singh,RS Jaganath Sinivas,4,4,0,four,0,,,139/2
1047359,1,19,5,Narayan Jagadeesan,Yamuna Sunny Kumar Singh,RS Jaganath Sinivas,2,2,0,run,0,,,141/2
1047359,1,19,6,Narayan Jagadeesan,Yamuna Sunny Kumar Singh,RS Jaganath Sinivas,1,1,0,run,0,,,142/2
1047359,1,19,7,Yamuna Sunny Kumar Singh,Narayan Jagadeesan,RS Jaganath Sinivas,1,1,0,run,0,run out,Yamuna Sunny Kumar Singh,143/2
1047359,1,20,1,Narayan Jagadeesan,0,Abhishek Baljeetsingh Tanwar,1,1,0,run,0,,,144/2
1047359,1,20,2,Rajendran Vivek,Narayan Jagadeesan,Abhishek Baljeetsingh Tanwar,1,0,1,wide,0,,,145/2
1047359,1,20,3,Rajendran Vivek,Narayan Jagadeesan,Abhishek Baljeetsingh Tanwar,6,6,0,six,0,,,151/2
1047359,1,20,4,Rajendran Vivek,Narayan Jagadeesan,Abhishek Baljeetsingh Tanwar,4,4,0,four,0,,,155/2
1047359,1,20,5,Rajendran Vivek,Narayan Jagadeesan,Abhishek Baljeetsingh Tanwar,1,0,1,no ball,0,,,156/2
1047359,1,20,6,Rajendran Vivek,Narayan Jagadeesan,Abhishek Baljeetsingh Tanwar,0,0,0,no run,0,,,156/2
1047359,1,20,7,Rajendran Vivek,Narayan Jagadeesan,Abhishek Baljeetsingh Tanwar,6,6,0,six,0,,,162/2
1047359,1,20,8,Rajendran Vivek,Narayan Jagadeesan,Abhishek Baljeetsingh Tanwar,1,0,1,bye,1,,,163/3
1047359,2,1,1,Chezhian Nishaanth,0,Vaithianathan Rajamoney Sornendhra Guru Kedarnath,1,1,0,run,0,,,1/0
1047359,2,1,2,N Sarangarajan Chaturved,Chezhian Nishaanth,Vaithianathan Rajamoney Sornendhra Guru Kedarnath,0,0,0,no run,0,,,1/0
1047359,2,1,3,N Sarangarajan Chaturved,Chezhian Nishaanth,Vaithianathan Rajamoney Sornendhra Guru Kedarnath,1,1,0,run,0,,,2/0
1047359,2,1,4,Chezhian Nishaanth,N Sarangarajan Chaturved,Vaithianathan Rajamoney Sornendhra Guru Kedarnath,0,0,0,no run,0,,,2/0
1047359,2,1,5,Chezhian Nishaanth,N Sarangarajan Chaturved,Vaithianathan Rajamoney Sornendhra Guru Kedarnath,1,1,0,run,0,,,3/0
1047359,2,1,6,N Sarangarajan Chaturved,Chezhian Nishaanth,Vaithianathan Rajamoney Sornendhra Guru Kedarnath,1,1,0,run,0,,,4/0
1047359,2,2,1,N Sarangarajan Chaturved,Chezhian Nishaanth,MS Sanjay,2,2,0,run,0,,,6/0
1047359,2,2,2,N Sarangarajan Chaturved,Chezhian Nishaanth,MS Sanjay,1,1,0,run,0,,,7/0
1047359,2,2,3,Chezhian Nishaanth,N Sarangarajan Chaturved,MS Sanjay,1,1,0,run,0,,,8/0
1047359,2,2,4,N Sarangarajan Chaturved,Chezhian Nishaanth,MS Sanjay,0,0,0,no run,0,,,8/0
1047359,2,2,5,N Sarangarajan Chaturved,Chezhian Nishaanth,MS Sanjay,1,1,0,run,0,,,9/0
1047359,2,2,6,N Sarangarajan Chaturved,Chezhian Nishaanth,MS Sanjay,4,4,0,four,0,,,13/0
1047359,2,3,1,Chezhian Nishaanth,N Sarangarajan Chaturved,Vaithianathan Rajamoney Sornendhra Guru Kedarnath,0,0,0,no run,0,,,13/0
1047359,2,3,2,Chezhian Nishaanth,N Sarangarajan Chaturved,Vaithianathan Rajamoney Sornendhra Guru Kedarnath,0,0,0,no run,0,,,13/0
1047359,2,3,3,Chezhian Nishaanth,N Sarangarajan Chaturved,Vaithianathan Rajamoney Sornendhra Guru Kedarnath,1,0,1,leg bye,0,,,14/0
1047359,2,3,4,N Sarangarajan Chaturved,Chezhian Nishaanth,Vaithianathan Rajamoney Sornendhra Guru Kedarnath,1,1,0,run,0,,,15/0
1047359,2,3,5,Chezhian Nishaanth,N Sarangarajan Chaturved,Vaithianathan Rajamoney Sornendhra Guru Kedarnath,-1,0,-1,out,1,caught,Chezhian Nishaanth,14/1
1047359,2,3,6,Ramsingh  Sanjay Yadav,N Sarangarajan Chaturved,Vaithianathan Rajamoney Sornendhra Guru Kedarnath,0,0,0,no run,0,,,14/1
1047359,2,4,1,N Sarangarajan Chaturved,Ramsingh  Sanjay Yadav,Thangarasu Natarajan,0,0,0,no run,0,,,14/1
1047359,2,4,2,N Sarangarajan Chaturved,Ramsingh  Sanjay Yadav,Thangarasu Natarajan,1,1,0,run,0,,,15/1
1047359,2,4,3,Ramsingh  Sanjay Yadav,N Sarangarajan Chaturved,Thangarasu Natarajan,1,1,0,run,0,,,16/1
1047359,2,4,4,N Sarangarajan Chaturved,Ramsingh  Sanjay Yadav,Thangarasu Natarajan,0,0,0,no run,0,,,16/1
1047359,2,4,5,N Sarangarajan Chaturved,Ramsingh  Sanjay Yadav,Thangarasu Natarajan,1,1,0,run,0,,,17/1
1047359,2,4,6,Ramsingh  Sanjay Yadav,N Sarangarajan Chaturved,Thangarasu Natarajan,0,0,0,no run,0,,,17/1
1047359,2,5,1,N Sarangarajan Chaturved,Ramsingh  Sanjay Yadav,Yamuna Sunny Kumar Singh,1,0,1,wide,0,,,18/1
1047359,2,5,2,N Sarangarajan Chaturved,Ramsingh  Sanjay Yadav,Yamuna Sunny Kumar Singh,0,0,0,no run,0,,,18/1
1047359,2,5,3,N Sarangarajan Chaturved,Ramsingh  Sanjay Yadav,Yamuna Sunny Kumar Singh,0,0,0,no run,0,,,18/1
1047359,2,5,4,N Sarangarajan Chaturved,Ramsingh  Sanjay Yadav,Yamuna Sunny Kumar Singh,1,1,0,run,0,,,19/1
1047359,2,5,5,Ramsingh  Sanjay Yadav,N Sarangarajan Chaturved,Yamuna Sunny Kumar Singh,4,4,0,four,0,,,23/1
1047359,2,5,6,Ramsingh  Sanjay Yadav,N Sarangarajan Chaturved,Yamuna Sunny Kumar Singh,0,0,0,no run,0,,,23/1
1047359,2,5,7,Ramsingh  Sanjay Yadav,N Sarangarajan Chaturved,Yamuna Sunny Kumar Singh,1,1,0,run,0,,,24/1
1047359,2,6,1,Ramsingh  Sanjay Yadav,N Sarangarajan Chaturved,Thangarasu Natarajan,1,0,1,wide,0,,,25/1
1047359,2,6,2,Ramsingh  Sanjay Yadav,N Sarangarajan Chaturved,Thangarasu Natarajan,1,1,0,run,0,,,26/1
1047359,2,6,3,N Sarangarajan Chaturved,Ramsingh  Sanjay Yadav,Thangarasu Natarajan,1,1,0,run,0,,,27/1
1047359,2,6,4,Ramsingh  Sanjay Yadav,N Sarangarajan Chaturved,Thangarasu Natarajan,1,1,0,run,0,,,28/1
1047359,2,6,5,N Sarangarajan Chaturved,Ramsingh  Sanjay Yadav,Thangarasu Natarajan,1,1,0,run,0,,,29/1
1047359,2,6,6,Ramsingh  Sanjay Yadav,N Sarangarajan Chaturved,Thangarasu Natarajan,1,1,0,run,0,,,30/1
1047359,2,6,7,N Sarangarajan Chaturved,Ramsingh  Sanjay Yadav,Thangarasu Natarajan,1,1,0,run,0,,,31/1
1047359,2,7,1,N Sarangarajan Chaturved,Ramsingh  Sanjay Yadav,Vaithianathan Rajamoney Sornendhra Guru Kedarnath,1,1,0,run,0,,,32/1
1047359,2,7,2,Ramsingh  Sanjay Yadav,N Sarangarajan Chaturved,Vaithianathan Rajamoney Sornendhra Guru Kedarnath,1,1,0,run,0,,,33/1
1047359,2,7,3,N Sarangarajan Chaturved,Ramsingh  Sanjay Yadav,Vaithianathan Rajamoney Sornendhra Guru Kedarnath,0,0,0,no run,0,,,33/1
1047359,2,7,4,N Sarangarajan Chaturved,Ramsingh  Sanjay Yadav,Vaithianathan Rajamoney Sornendhra Guru Kedarnath,1,1,0,run,0,,,34/1
1047359,2,7,5,Ramsingh  Sanjay Yadav,N Sarangarajan Chaturved,Vaithianathan Rajamoney Sornendhra Guru Kedarnath,1,1,0,run,0,,,35/1
1047359,2,7,6,N Sarangarajan Chaturved,Ramsingh  Sanjay Yadav,Vaithianathan Rajamoney Sornendhra Guru Kedarnath,1,1,0,run,0,,,36/1
1047359,2,8,1,N Sarangarajan Chaturved,Ramsingh  Sanjay Yadav,Murugan Ashwin,0,0,0,no run,0,,,36/1
1047359,2,8,2,N Sarangarajan Chaturved,Ramsingh  Sanjay Yadav,Murugan Ashwin,1,1,0,run,0,,,37/1
1047359,2,8,3,Ramsingh  Sanjay Yadav,N Sarangarajan Chaturved,Murugan Ashwin,6,6,0,six,0,,,43/1
1047359,2,8,4,Ramsingh  Sanjay Yadav,N Sarangarajan Chaturved,Murugan Ashwin,1,1,0,run,0,,,44/1
1047359,2,8,5,N Sarangarajan Chaturved,Ramsingh  Sanjay Yadav,Murugan Ashwin,0,0,0,out,1,caught,N Sarangarajan Chaturved,44/2
1047359,2,8,6,M Lakshmi Narayanan,Ramsingh  Sanjay Yadav,Murugan Ashwin,0,0,0,no run,0,,,44/2
1047359,2,9,1,Ramsingh  Sanjay Yadav,M Lakshmi Narayanan,Vaithianathan Rajamoney Sornendhra Guru Kedarnath,1,1,0,run,0,,,45/2
1047359,2,9,2,M Lakshmi Narayanan,Ramsingh  Sanjay Yadav,Vaithianathan Rajamoney Sornendhra Guru Kedarnath,1,1,0,run,0,,,46/2
1047359,2,9,3,Ramsingh  Sanjay Yadav,M Lakshmi Narayanan,Vaithianathan Rajamoney Sornendhra Guru Kedarnath,1,1,0,run,0,,,47/2
1047359,2,9,4,M Lakshmi Narayanan,Ramsingh  Sanjay Yadav,Vaithianathan Rajamoney Sornendhra Guru Kedarnath,1,1,0,run,0,,,48/2
1047359,2,9,5,Ramsingh  Sanjay Yadav,M Lakshmi Narayanan,Vaithianathan Rajamoney Sornendhra Guru Kedarnath,6,6,0,six,0,,,54/2
1047359,2,9,6,Ramsingh  Sanjay Yadav,M Lakshmi Narayanan,Vaithianathan Rajamoney Sornendhra Guru Kedarnath,1,1,0,run,0,,,55/2
1047359,2,10,1,Ramsingh  Sanjay Yadav,M Lakshmi Narayanan,MS Sanjay,0,0,0,no run,0,,,55/2
1047359,2,10,2,Ramsingh  Sanjay Yadav,M Lakshmi Narayanan,MS Sanjay,0,0,0,no run,0,,,55/2
1047359,2,10,3,Ramsingh  Sanjay Yadav,M Lakshmi Narayanan,MS Sanjay,1,1,0,run,0,,,56/2
1047359,2,10,4,M Lakshmi Narayanan,Ramsingh  Sanjay Yadav,MS Sanjay,0,0,0,no run,0,,,56/2
1047359,2,10,5,M Lakshmi Narayanan,Ramsingh  Sanjay Yadav,MS Sanjay,0,0,0,out,1,run out,M Lakshmi Narayanan,56/3
1047359,2,10,6,Malolan Rangarajan,Ramsingh  Sanjay Yadav,MS Sanjay,0,0,0,no run,0,,,56/3
1047359,2,11,1,Ramsingh  Sanjay Yadav,Malolan Rangarajan,V Subramania Siva,0,0,0,no run,0,,,56/3
1047359,2,11,2,Ramsingh  Sanjay Yadav,Malolan Rangarajan,V Subramania Siva,0,0,0,no run,0,,,56/3
1047359,2,11,3,Ramsingh  Sanjay Yadav,Malolan Rangarajan,V Subramania Siva,0,0,0,no run,0,,,56/3
1047359,2,11,4,Ramsingh  Sanjay Yadav,Malolan Rangarajan,V Subramania Siva,6,6,0,six,0,,,62/3
1047359,2,11,5,Ramsingh  Sanjay Yadav,Malolan Rangarajan,V Subramania Siva,6,6,0,six,0,,,68/3
1047359,2,11,6,Ramsingh  Sanjay Yadav,Malolan Rangarajan,V Subramania Siva,0,0,0,no run,0,,,68/3
1047359,2,12,1,Malolan Rangarajan,Ramsingh  Sanjay Yadav,MS Sanjay,1,1,0,run,0,,,69/3
1047359,2,12,2,Ramsingh  Sanjay Yadav,Malolan Rangarajan,MS Sanjay,6,6,0,six,0,,,75/3
1047359,2,12,3,Ramsingh  Sanjay Yadav,Malolan Rangarajan,MS Sanjay,0,0,0,no run,0,,,75/3
1047359,2,12,4,Ramsingh  Sanjay Yadav,Malolan Rangarajan,MS Sanjay,6,6,0,six,0,,,81/3
1047359,2,12,5,Ramsingh  Sanjay Yadav,Malolan Rangarajan,MS Sanjay,1,1,0,run,0,,,82/3
1047359,2,12,6,Malolan Rangarajan,Ramsingh  Sanjay Yadav,MS Sanjay,1,1,0,run,0,,,83/3
1047359,2,13,1,Malolan Rangarajan,Ramsingh  Sanjay Yadav,Thangarasu Natarajan,4,4,0,four,0,,,87/3
1047359,2,13,2,Malolan Rangarajan,Ramsingh  Sanjay Yadav,Thangarasu Natarajan,1,1,0,run,0,,,88/3
1047359,2,13,3,Ramsingh  Sanjay Yadav,Malolan Rangarajan,Thangarasu Natarajan,0,0,0,out,1,bowled,Ramsingh  Sanjay Yadav,88/4
1047359,2,13,4,R Kavin,Malolan Rangarajan,Thangarasu Natarajan,0,0,0,no run,0,,,88/4
1047359,2,13,5,R Kavin,Malolan Rangarajan,Thangarasu Natarajan,0,0,0,no run,0,,,88/4
1047359,2,13,6,R Kavin,Malolan Rangarajan,Thangarasu Natarajan,0,0,0,no run,0,,,88/4
1047359,2,14,1,Malolan Rangarajan,R Kavin,Murugan Ashwin,0,0,0,no run,0,,,88/4
1047359,2,14,2,Malolan Rangarajan,R Kavin,Murugan Ashwin,6,6,0,six,0,,,94/4
1047359,2,14,3,Malolan Rangarajan,R Kavin,Murugan Ashwin,1,0,1,wide,0,,,95/4
1047359,2,14,4,Malolan Rangarajan,R Kavin,Murugan Ashwin,1,1,0,run,0,,,96/4
1047359,2,14,5,R Kavin,Malolan Rangarajan,Murugan Ashwin,1,1,0,run,0,,,97/4
1047359,2,14,6,Malolan Rangarajan,R Kavin,Murugan Ashwin,1,1,0,run,0,,,98/4
1047359,2,14,7,R Kavin,Malolan Rangarajan,Murugan Ashwin,0,0,0,no run,0,,,98/4
1047359,2,15,1,Malolan Rangarajan,R Kavin,Yamuna Sunny Kumar Singh,1,1,0,run,0,,,99/4
1047359,2,15,2,R Kavin,Malolan Rangarajan,Yamuna Sunny Kumar Singh,1,1,0,run,0,,,100/4
1047359,2,15,3,Malolan Rangarajan,R Kavin,Yamuna Sunny Kumar Singh,1,0,1,leg bye,0,,,101/4
1047359,2,15,4,R Kavin,Malolan Rangarajan,Yamuna Sunny Kumar Singh,1,1,0,run,0,,,102/4
1047359,2,15,5,Malolan Rangarajan,R Kavin,Yamuna Sunny Kumar Singh,1,1,0,run,0,,,103/4
1047359,2,15,6,R Kavin,Malolan Rangarajan,Yamuna Sunny Kumar Singh,0,0,0,no run,0,,,103/4
1047359,2,16,1,Malolan Rangarajan,R Kavin,Murugan Ashwin,0,0,0,out,1,caught,Malolan Rangarajan,103/5
1047359,2,16,2,Abhishek Baljeetsingh Tanwar,R Kavin,Murugan Ashwin,1,1,0,run,0,,,104/5
1047359,2,16,3,R Kavin,Abhishek Baljeetsingh Tanwar,Murugan Ashwin,0,0,0,no run,0,,,104/5
1047359,2,16,4,R Kavin,Abhishek Baljeetsingh Tanwar,Murugan Ashwin,1,1,0,run,0,,,105/5
1047359,2,16,5,Abhishek Baljeetsingh Tanwar,R Kavin,Murugan Ashwin,1,0,1,wide,0,,,106/5
1047359,2,16,6,Abhishek Baljeetsingh Tanwar,R Kavin,Murugan Ashwin,0,0,0,no run,0,,,106/5
1047359,2,16,7,Abhishek Baljeetsingh Tanwar,R Kavin,Murugan Ashwin,1,0,1,wide,0,,,107/5
1047359,2,16,8,Abhishek Baljeetsingh Tanwar,R Kavin,Murugan Ashwin,0,0,0,no run,0,,,107/5
1047359,2,17,1,R Kavin,Abhishek Baljeetsingh Tanwar,Yamuna Sunny Kumar Singh,0,0,0,out,1,caught,R Kavin,107/6
1047359,2,17,2,Abhishek Baljeetsingh Tanwar,0,Yamuna Sunny Kumar Singh,2,2,0,run,0,,,109/6
1047359,2,17,3,Abhishek Baljeetsingh Tanwar,0,Yamuna Sunny Kumar Singh,1,1,0,run,0,,,110/6
1047359,2,17,4,GV Vignesh,Abhishek Baljeetsingh Tanwar,Yamuna Sunny Kumar Singh,1,1,0,run,0,,,111/6
1047359,2,17,5,Abhishek Baljeetsingh Tanwar,GV Vignesh,Yamuna Sunny Kumar Singh,1,1,0,run,0,,,112/6
1047359,2,17,6,GV Vignesh,Abhishek Baljeetsingh Tanwar,Yamuna Sunny Kumar Singh,1,1,0,run,0,,,113/6
1047359,2,18,1,GV Vignesh,Abhishek Baljeetsingh Tanwar,Thangarasu Natarajan,2,0,2,wide,0,,,115/6
1047359,2,18,2,Abhishek Baljeetsingh Tanwar,GV Vignesh,Thangarasu Natarajan,4,4,0,four,0,,,119/6
1047359,2,18,3,Abhishek Baljeetsingh Tanwar,GV Vignesh,Thangarasu Natarajan,0,0,0,out,1,caught,Abhishek Baljeetsingh Tanwar,119/7
1047359,2,18,4,GV Vignesh,0,Thangarasu Natarajan,0,0,0,no run,0,,,119/7
1047359,2,18,5,GV Vignesh,Ramalingam Rohit,Thangarasu Natarajan,0,0,0,out,1,caught,GV Vignesh,119/8
1047359,2,18,6,Rahil S Shah,Ramalingam Rohit,Thangarasu Natarajan,0,0,0,no run,0,,,119/8
1047359,2,18,7,Rahil S Shah,Ramalingam Rohit,Thangarasu Natarajan,6,6,0,six,0,,,125/8
1047359,2,19,1,Ramalingam Rohit,Rahil S Shah,Murugan Ashwin,1,1,0,run,0,,,126/8
1047359,2,19,2,Rahil S Shah,Ramalingam Rohit,Murugan Ashwin,0,0,0,no run,0,,,126/8
1047359,2,19,3,Rahil S Shah,Ramalingam Rohit,Murugan Ashwin,0,0,0,no run,0,,,126/8
1047359,2,19,4,Rahil S Shah,Ramalingam Rohit,Murugan Ashwin,0,0,0,out,1,stumped,Rahil S Shah,126/9
1047359,2,19,5,RS Jaganath Sinivas,Ramalingam Rohit,Murugan Ashwin,3,3,0,run,0,,,129/9
1047359,2,19,6,Ramalingam Rohit,RS Jaganath Sinivas,Murugan Ashwin,1,1,0,run,0,,,130/9
1047359,2,20,1,Ramalingam Rohit,RS Jaganath Sinivas,Yamuna Sunny Kumar Singh,1,1,0,run,0,,,131/9
1047359,2,20,2,RS Jaganath Sinivas,Ramalingam Rohit,Yamuna Sunny Kumar Singh,0,0,0,no run,0,,,131/9
1047359,2,20,3,RS Jaganath Sinivas,Ramalingam Rohit,Yamuna Sunny Kumar Singh,0,0,0,no run,0,,,131/9
1047359,2,20,4,RS Jaganath Sinivas,Ramalingam Rohit,Yamuna Sunny Kumar Singh,0,0,0,no run,0,,,131/9
1047359,2,20,5,RS Jaganath Sinivas,Ramalingam Rohit,Yamuna Sunny Kumar Singh,1,1,0,run,0,,,132/9
1047359,2,20,6,Ramalingam Rohit,RS Jaganath Sinivas,Yamuna Sunny Kumar Singh,2,2,0,run,0,,,134/9
1047361,1,1,1,Laxmesha Suryaprakash,0,Lakshminarayanan Vignesh,1,0,1,wide,0,,,1/0
1047361,1,1,2,Laxmesha Suryaprakash,0,Lakshminarayanan Vignesh,1,1,0,run,0,,,2/0
1047361,1,1,3,0,Laxmesha Suryaprakash,Lakshminarayanan Vignesh,0,0,0,no run,0,,,2/0
1047361,1,1,4,0,Laxmesha Suryaprakash,Lakshminarayanan Vignesh,1,1,0,run,0,,,3/0
1047361,1,1,5,Laxmesha Suryaprakash,0,Lakshminarayanan Vignesh,4,4,0,four,0,,,7/0
1047361,1,1,6,Laxmesha Suryaprakash,0,Lakshminarayanan Vignesh,1,0,1,wide,0,,,8/0
1047361,1,1,7,Laxmesha Suryaprakash,0,Lakshminarayanan Vignesh,4,4,0,four,0,,,12/0
1047361,1,1,8,Laxmesha Suryaprakash,0,Lakshminarayanan Vignesh,0,0,0,no run,0,,,12/0
1047361,1,2,1,0,Laxmesha Suryaprakash,SV Muruganantham,0,0,0,no run,0,,,12/0
1047361,1,2,2,0,Laxmesha Suryaprakash,SV Muruganantham,0,0,0,no run,0,,,12/0
1047361,1,2,3,0,Laxmesha Suryaprakash,SV Muruganantham,4,4,0,four,0,,,16/0
1047361,1,2,4,0,Laxmesha Suryaprakash,SV Muruganantham,0,0,0,no run,0,,,16/0
1047361,1,2,5,0,Laxmesha Suryaprakash,SV Muruganantham,4,4,0,four,0,,,20/0
1047361,1,2,6,0,Laxmesha Suryaprakash,SV Muruganantham,0,0,0,no run,0,,,20/0
1047361,1,3,1,Laxmesha Suryaprakash,0,DT Chandrasekar,1,1,0,run,0,,,21/0
1047361,1,3,2,0,Laxmesha Suryaprakash,DT Chandrasekar,1,1,0,run,0,,,22/0
1047361,1,3,3,Laxmesha Suryaprakash,0,DT Chandrasekar,0,0,0,no run,0,,,22/0
1047361,1,3,4,Laxmesha Suryaprakash,0,DT Chandrasekar,0,0,0,no run,0,,,22/0
1047361,1,3,5,Laxmesha Suryaprakash,0,DT Chandrasekar,4,4,0,four,0,,,26/0
1047361,1,3,6,Laxmesha Suryaprakash,0,DT Chandrasekar,1,1,0,run,0,,,27/0
1047361,1,4,1,Laxmesha Suryaprakash,0,SV Muruganantham,4,4,0,four,0,,,31/0
1047361,1,4,2,Laxmesha Suryaprakash,0,SV Muruganantham,0,0,0,no run,0,,,31/0
1047361,1,4,3,Laxmesha Suryaprakash,0,SV Muruganantham,1,1,0,run,0,,,32/0
1047361,1,4,4,0,Laxmesha Suryaprakash,SV Muruganantham,0,0,0,no run,0,,,32/0
1047361,1,4,5,0,Laxmesha Suryaprakash,SV Muruganantham,1,1,0,run,0,,,33/0
1047361,1,4,6,Laxmesha Suryaprakash,0,SV Muruganantham,0,0,0,no run,0,,,33/0
1047361,1,5,1,0,Laxmesha Suryaprakash,M Raja,4,4,0,four,0,,,37/0
1047361,1,5,2,0,Laxmesha Suryaprakash,M Raja,0,0,0,no run,0,,,37/0
1047361,1,5,3,0,Laxmesha Suryaprakash,M Raja,1,1,0,run,0,,,38/0
1047361,1,5,4,Laxmesha Suryaprakash,0,M Raja,0,0,0,no run,0,,,38/0
1047361,1,5,5,Laxmesha Suryaprakash,0,M Raja,1,1,0,run,0,,,39/0
1047361,1,5,6,0,Laxmesha Suryaprakash,M Raja,4,4,0,four,0,,,43/0
1047361,1,6,1,Laxmesha Suryaprakash,0,DT Chandrasekar,4,4,0,four,0,,,47/0
1047361,1,6,2,Laxmesha Suryaprakash,0,DT Chandrasekar,0,0,0,no run,0,,,47/0
1047361,1,6,3,Laxmesha Suryaprakash,0,DT Chandrasekar,4,4,0,four,0,,,51/0
1047361,1,6,4,Laxmesha Suryaprakash,0,DT Chandrasekar,6,6,0,six,0,,,57/0
1047361,1,6,5,Laxmesha Suryaprakash,0,DT Chandrasekar,1,1,0,run,0,,,58/0
1047361,1,6,6,0,Laxmesha Suryaprakash,DT Chandrasekar,6,6,0,six,0,,,64/0
1047361,1,7,1,Laxmesha Suryaprakash,0,Singamuthu Thiyagarajan,0,0,0,out,1,caught,Laxmesha Suryaprakash,64/1
1047361,1,7,2,S Tarun Srinivas,0,Singamuthu Thiyagarajan,0,0,0,no run,0,,,64/1
1047361,1,7,3,S Tarun Srinivas,0,Singamuthu Thiyagarajan,0,0,0,no run,0,,,64/1
1047361,1,7,4,S Tarun Srinivas,0,Singamuthu Thiyagarajan,1,1,0,run,0,,,65/1
1047361,1,7,5,0,S Tarun Srinivas,Singamuthu Thiyagarajan,0,0,0,out,1,,,65/2
1047361,1,7,6,S Tarun Srinivas,Ravi Kumar Rohith,Singamuthu Thiyagarajan,1,1,0,run,0,,,66/2
1047361,1,8,1,S Tarun Srinivas,Ravi Kumar Rohith,Poovathinga Shijit Chandran,0,0,0,no run,0,,,66/2
1047361,1,8,2,S Tarun Srinivas,Ravi Kumar Rohith,Poovathinga Shijit Chandran,1,1,0,run,0,,,67/2
1047361,1,8,3,Ravi Kumar Rohith,S Tarun Srinivas,Poovathinga Shijit Chandran,1,0,1,wide,0,,,68/2
1047361,1,8,4,Ravi Kumar Rohith,S Tarun Srinivas,Poovathinga Shijit Chandran,1,0,1,wide,0,,,69/2
1047361,1,8,5,Ravi Kumar Rohith,S Tarun Srinivas,Poovathinga Shijit Chandran,1,1,0,run,0,,,70/2
1047361,1,8,6,S Tarun Srinivas,Ravi Kumar Rohith,Poovathinga Shijit Chandran,1,1,0,run,0,,,71/2
1047361,1,8,7,Ravi Kumar Rohith,S Tarun Srinivas,Poovathinga Shijit Chandran,0,0,0,no run,0,,,71/2
1047361,1,8,8,Ravi Kumar Rohith,S Tarun Srinivas,Poovathinga Shijit Chandran,1,0,1,leg bye,0,,,72/2
1047361,1,9,1,Ravi Kumar Rohith,S Tarun Srinivas,Singamuthu Thiyagarajan,1,1,0,run,0,,,73/2
1047361,1,9,2,S Tarun Srinivas,Ravi Kumar Rohith,Singamuthu Thiyagarajan,2,2,0,run,0,,,75/2
1047361,1,9,3,S Tarun Srinivas,Ravi Kumar Rohith,Singamuthu Thiyagarajan,2,2,0,run,0,,,77/2
1047361,1,9,4,S Tarun Srinivas,Ravi Kumar Rohith,Singamuthu Thiyagarajan,0,0,0,no run,0,,,77/2
1047361,1,9,5,S Tarun Srinivas,Ravi Kumar Rohith,Singamuthu Thiyagarajan,6,6,0,six,0,,,83/2
1047361,1,9,6,S Tarun Srinivas,Ravi Kumar Rohith,Singamuthu Thiyagarajan,1,1,0,run,0,,,84/2
1047361,1,10,1,S Tarun Srinivas,Ravi Kumar Rohith,Poovathinga Shijit Chandran,0,0,0,no run,0,,,84/2
1047361,1,10,2,S Tarun Srinivas,Ravi Kumar Rohith,Poovathinga Shijit Chandran,2,2,0,run,0,,,86/2
1047361,1,10,3,S Tarun Srinivas,Ravi Kumar Rohith,Poovathinga Shijit Chandran,1,1,0,run,0,,,87/2
1047361,1,10,4,Ravi Kumar Rohith,S Tarun Srinivas,Poovathinga Shijit Chandran,1,1,0,run,0,,,88/2
1047361,1,10,5,S Tarun Srinivas,Ravi Kumar Rohith,Poovathinga Shijit Chandran,0,0,0,no run,0,,,88/2
1047361,1,10,6,S Tarun Srinivas,Ravi Kumar Rohith,Poovathinga Shijit Chandran,6,6,0,six,0,,,94/2
1047361,1,11,1,Ravi Kumar Rohith,S Tarun Srinivas,DT Chandrasekar,1,1,0,run,0,,,95/2
1047361,1,11,2,S Tarun Srinivas,Ravi Kumar Rohith,DT Chandrasekar,0,0,0,no run,0,,,95/2
1047361,1,11,3,S Tarun Srinivas,Ravi Kumar Rohith,DT Chandrasekar,0,0,0,no run,0,,,95/2
1047361,1,11,4,S Tarun Srinivas,Ravi Kumar Rohith,DT Chandrasekar,4,4,0,four,0,,,99/2
1047361,1,11,5,S Tarun Srinivas,Ravi Kumar Rohith,DT Chandrasekar,2,2,0,run,0,,,101/2
1047361,1,11,6,S Tarun Srinivas,Ravi Kumar Rohith,DT Chandrasekar,0,0,0,no run,0,,,101/2
1047361,1,12,1,Ravi Kumar Rohith,S Tarun Srinivas,Selvam Suresh Kumar,1,1,0,run,0,,,102/2
1047361,1,12,2,S Tarun Srinivas,Ravi Kumar Rohith,Selvam Suresh Kumar,0,0,0,no run,0,,,102/2
1047361,1,12,3,S Tarun Srinivas,Ravi Kumar Rohith,Selvam Suresh Kumar,1,1,0,run,0,,,103/2
1047361,1,12,4,Ravi Kumar Rohith,S Tarun Srinivas,Selvam Suresh Kumar,0,0,0,no run,0,,,103/2
1047361,1,12,5,Ravi Kumar Rohith,S Tarun Srinivas,Selvam Suresh Kumar,1,1,0,run,0,,,104/2
1047361,1,12,6,S Tarun Srinivas,Ravi Kumar Rohith,Selvam Suresh Kumar,1,1,0,run,0,,,105/2
1047361,1,13,1,S Tarun Srinivas,Ravi Kumar Rohith,Pitchaiayan Sakthi,1,1,0,run,0,,,106/2
1047361,1,13,2,Ravi Kumar Rohith,S Tarun Srinivas,Pitchaiayan Sakthi,6,6,0,six,0,,,112/2
1047361,1,13,3,Ravi Kumar Rohith,S Tarun Srinivas,Pitchaiayan Sakthi,0,0,0,no run,0,,,112/2
1047361,1,13,4,Ravi Kumar Rohith,S Tarun Srinivas,Pitchaiayan Sakthi,6,6,0,six,0,,,118/2
1047361,1,13,5,Ravi Kumar Rohith,S Tarun Srinivas,Pitchaiayan Sakthi,6,6,0,six,0,,,124/2
1047361,1,13,6,Ravi Kumar Rohith,S Tarun Srinivas,Pitchaiayan Sakthi,1,1,0,run,0,,,125/2
1047361,1,14,1,Ravi Kumar Rohith,S Tarun Srinivas,Selvam Suresh Kumar,4,4,0,four,0,,,129/2
1047361,1,14,2,Ravi Kumar Rohith,S Tarun Srinivas,Selvam Suresh Kumar,1,1,0,run,0,,,130/2
1047361,1,14,3,S Tarun Srinivas,Ravi Kumar Rohith,Selvam Suresh Kumar,1,1,0,run,0,,,131/2
1047361,1,14,4,Ravi Kumar Rohith,S Tarun Srinivas,Selvam Suresh Kumar,6,6,0,six,0,,,137/2
1047361,1,14,5,Ravi Kumar Rohith,S Tarun Srinivas,Selvam Suresh Kumar,4,4,0,four,0,,,141/2
1047361,1,14,6,Ravi Kumar Rohith,S Tarun Srinivas,Selvam Suresh Kumar,0,0,0,out,1,caught,Ravi Kumar Rohith,141/3
1047361,1,15,1,Jamaluddin Syed Mohammad,S Tarun Srinivas,Lakshminarayanan Vignesh,1,1,0,run,0,,,142/3
1047361,1,15,2,S Tarun Srinivas,Jamaluddin Syed Mohammad,Lakshminarayanan Vignesh,4,4,0,four,0,,,146/3
1047361,1,15,3,S Tarun Srinivas,Jamaluddin Syed Mohammad,Lakshminarayanan Vignesh,6,6,0,six,0,,,152/3
1047361,1,15,4,S Tarun Srinivas,Jamaluddin Syed Mohammad,Lakshminarayanan Vignesh,1,0,1,leg bye,0,,,153/3
1047361,1,15,5,Jamaluddin Syed Mohammad,S Tarun Srinivas,Lakshminarayanan Vignesh,1,1,0,run,0,,,154/3
1047361,1,15,6,S Tarun Srinivas,Jamaluddin Syed Mohammad,Lakshminarayanan Vignesh,1,1,0,run,0,,,155/3
1047361,1,16,1,S Tarun Srinivas,Jamaluddin Syed Mohammad,M Raja,0,0,0,out,1,caught,S Tarun Srinivas,155/4
1047361,1,16,2,Jamaluddin Syed Mohammad,0,M Raja,1,1,0,run,0,,,156/4
1047361,1,16,3,S Harish Kumar,Jamaluddin Syed Mohammad,M Raja,0,0,0,no run,0,,,156/4
1047361,1,16,4,S Harish Kumar,Jamaluddin Syed Mohammad,M Raja,1,1,0,run,0,,,157/4
1047361,1,16,5,Jamaluddin Syed Mohammad,S Harish Kumar,M Raja,0,0,0,no run,0,,,157/4
1047361,1,16,6,Jamaluddin Syed Mohammad,S Harish Kumar,M Raja,1,1,0,run,0,,,158/4
1047361,1,17,1,Jamaluddin Syed Mohammad,S Harish Kumar,Lakshminarayanan Vignesh,1,1,0,run,0,,,159/4
1047361,1,17,2,S Harish Kumar,Jamaluddin Syed Mohammad,Lakshminarayanan Vignesh,0,0,0,out,1,caught,S Harish Kumar,159/5
1047361,1,17,3,Akshay V Srinivasan,Jamaluddin Syed Mohammad,Lakshminarayanan Vignesh,1,1,0,run,1,run out,Akshay V Srinivasan,160/6
1047361,1,17,4,Moovervnthali Kasipandian Sivakumar,Jamaluddin Syed Mohammad,Lakshminarayanan Vignesh,0,0,0,no run,0,,,160/6
1047361,1,17,5,Moovervnthali Kasipandian Sivakumar,Jamaluddin Syed Mohammad,Lakshminarayanan Vignesh,0,0,0,out,1,run out,Moovervnthali Kasipandian Sivakumar,160/7
1047361,1,17,6,Jamaluddin Syed Mohammad,M Mohammed,Lakshminarayanan Vignesh,1,1,0,run,0,,,161/7
1047361,1,18,1,Jamaluddin Syed Mohammad,M Mohammed,M Raja,1,1,0,run,0,,,162/7
1047361,1,18,2,M Mohammed,Jamaluddin Syed Mohammad,M Raja,0,0,0,no run,0,,,162/7
1047361,1,18,3,M Mohammed,Jamaluddin Syed Mohammad,M Raja,1,1,0,run,0,,,163/7
1047361,1,18,4,Jamaluddin Syed Mohammad,M Mohammed,M Raja,1,1,0,run,0,,,164/7
1047361,1,18,5,M Mohammed,Jamaluddin Syed Mohammad,M Raja,1,1,0,run,0,,,165/7
1047361,1,18,6,Jamaluddin Syed Mohammad,M Mohammed,M Raja,0,0,0,no run,0,,,165/7
1047361,1,19,1,M Mohammed,Jamaluddin Syed Mohammad,Lakshminarayanan Vignesh,4,4,0,four,0,,,169/7
1047361,1,19,2,M Mohammed,Jamaluddin Syed Mohammad,Lakshminarayanan Vignesh,0,0,0,no run,0,,,169/7
1047361,1,19,3,M Mohammed,Jamaluddin Syed Mohammad,Lakshminarayanan Vignesh,0,0,0,no run,0,,,169/7
1047361,1,19,4,M Mohammed,Jamaluddin Syed Mohammad,Lakshminarayanan Vignesh,4,4,0,four,0,,,173/7
1047361,1,19,5,M Mohammed,Jamaluddin Syed Mohammad,Lakshminarayanan Vignesh,1,1,0,run,0,,,174/7
1047361,1,19,6,Jamaluddin Syed Mohammad,M Mohammed,Lakshminarayanan Vignesh,1,1,0,run,0,,,175/7
1047361,1,20,1,Jamaluddin Syed Mohammad,M Mohammed,M Raja,2,2,0,run,0,,,177/7
1047361,1,20,2,Jamaluddin Syed Mohammad,M Mohammed,M Raja,2,2,0,run,0,,,179/7
1047361,1,20,3,Jamaluddin Syed Mohammad,M Mohammed,M Raja,2,2,0,run,0,,,181/7
1047361,1,20,4,Jamaluddin Syed Mohammad,M Mohammed,M Raja,1,1,0,run,0,,,182/7
1047361,1,20,5,M Mohammed,Jamaluddin Syed Mohammad,M Raja,6,6,0,six,0,,,188/7
1047361,1,20,6,M Mohammed,Jamaluddin Syed Mohammad,M Raja,5,4,1,four,0,,,193/7
1047361,1,20,7,M Mohammed,Jamaluddin Syed Mohammad,M Raja,6,6,0,six,0,,,199/7
1047361,2,1,1,Singamuthu Thiyagarajan,0,M Mohammed,0,0,0,no run,0,,,0/0
1047361,2,1,2,Singamuthu Thiyagarajan,0,M Mohammed,4,4,0,four,0,,,4/0
1047361,2,1,3,Singamuthu Thiyagarajan,0,M Mohammed,0,0,0,no run,0,,,4/0
1047361,2,1,4,Singamuthu Thiyagarajan,0,M Mohammed,1,1,0,run,0,,,5/0
1047361,2,1,5,Varun Narender,Singamuthu Thiyagarajan,M Mohammed,1,1,0,run,0,,,6/0
1047361,2,1,6,Singamuthu Thiyagarajan,Varun Narender,M Mohammed,4,4,0,four,0,,,10/0
1047361,2,2,1,Varun Narender,Singamuthu Thiyagarajan,Krishnamoorthy Vignesh,0,0,0,no run,0,,,10/0
1047361,2,2,2,Varun Narender,Singamuthu Thiyagarajan,Krishnamoorthy Vignesh,0,0,0,no run,0,,,10/0
1047361,2,2,3,Varun Narender,Singamuthu Thiyagarajan,Krishnamoorthy Vignesh,0,0,0,no run,0,,,10/0
1047361,2,2,4,Varun Narender,Singamuthu Thiyagarajan,Krishnamoorthy Vignesh,1,1,0,run,0,,,11/0
1047361,2,2,5,Singamuthu Thiyagarajan,Varun Narender,Krishnamoorthy Vignesh,1,1,0,run,0,,,12/0
1047361,2,2,6,Varun Narender,Singamuthu Thiyagarajan,Krishnamoorthy Vignesh,0,0,0,no run,0,,,12/0
1047361,2,3,1,Singamuthu Thiyagarajan,Varun Narender,Moovervnthali Kasipandian Sivakumar,1,1,0,run,0,,,13/0
1047361,2,3,2,Varun Narender,Singamuthu Thiyagarajan,Moovervnthali Kasipandian Sivakumar,1,1,0,run,0,,,14/0
1047361,2,3,3,Singamuthu Thiyagarajan,Varun Narender,Moovervnthali Kasipandian Sivakumar,2,2,0,run,0,,,16/0
1047361,2,3,4,Singamuthu Thiyagarajan,Varun Narender,Moovervnthali Kasipandian Sivakumar,6,6,0,six,0,,,22/0
1047361,2,3,5,Singamuthu Thiyagarajan,Varun Narender,Moovervnthali Kasipandian Sivakumar,1,1,0,run,0,,,23/0
1047361,2,3,6,Varun Narender,Singamuthu Thiyagarajan,Moovervnthali Kasipandian Sivakumar,0,0,0,no run,0,,,23/0
1047361,2,4,1,Singamuthu Thiyagarajan,Varun Narender,Krishnamoorthy Vignesh,0,0,0,out,1,caught,Singamuthu Thiyagarajan,23/1
1047361,2,4,2,Konda Bhaskir Arun Karthik,Varun Narender,Krishnamoorthy Vignesh,0,0,0,no run,0,,,23/1
1047361,2,4,3,Konda Bhaskir Arun Karthik,Varun Narender,Krishnamoorthy Vignesh,0,0,0,no run,0,,,23/1
1047361,2,4,4,Konda Bhaskir Arun Karthik,Varun Narender,Krishnamoorthy Vignesh,0,0,0,no run,0,,,23/1
1047361,2,4,5,Konda Bhaskir Arun Karthik,Varun Narender,Krishnamoorthy Vignesh,0,0,0,no run,0,,,23/1
1047361,2,4,6,Konda Bhaskir Arun Karthik,Varun Narender,Krishnamoorthy Vignesh,1,1,0,run,0,,,24/1
1047361,2,5,1,Konda Bhaskir Arun Karthik,Varun Narender,M Mohammed,4,4,0,four,0,,,28/1
1047361,2,5,2,Konda Bhaskir Arun Karthik,Varun Narender,M Mohammed,1,0,1,leg bye,0,,,29/1
1047361,2,5,3,Varun Narender,Konda Bhaskir Arun Karthik,M Mohammed,4,4,0,four,0,,,33/1
1047361,2,5,4,Varun Narender,Konda Bhaskir Arun Karthik,M Mohammed,0,0,0,no run,0,,,33/1
1047361,2,5,5,Varun Narender,Konda Bhaskir Arun Karthik,M Mohammed,1,1,0,run,0,,,34/1
1047361,2,5,6,Konda Bhaskir Arun Karthik,Varun Narender,M Mohammed,2,2,0,run,0,,,36/1
1047361,2,6,1,Varun Narender,Konda Bhaskir Arun Karthik,Krishnamoorthy Vignesh,0,0,0,out,1,caught,Varun Narender,36/2
1047361,2,6,2,Poovathinga Shijit Chandran,Konda Bhaskir Arun Karthik,Krishnamoorthy Vignesh,0,0,0,no run,0,,,36/2
1047361,2,6,3,Poovathinga Shijit Chandran,Konda Bhaskir Arun Karthik,Krishnamoorthy Vignesh,5,5,0,run,0,,,41/2
1047361,2,6,4,Konda Bhaskir Arun Karthik,Poovathinga Shijit Chandran,Krishnamoorthy Vignesh,4,4,0,four,0,,,45/2
1047361,2,6,5,Konda Bhaskir Arun Karthik,Poovathinga Shijit Chandran,Krishnamoorthy Vignesh,1,1,0,run,0,,,46/2
1047361,2,6,6,Poovathinga Shijit Chandran,Konda Bhaskir Arun Karthik,Krishnamoorthy Vignesh,1,1,0,run,0,,,47/2
1047361,2,7,1,Poovathinga Shijit Chandran,Konda Bhaskir Arun Karthik,Jamaluddin Syed Mohammad,1,1,0,run,0,,,48/2
1047361,2,7,2,Konda Bhaskir Arun Karthik,Poovathinga Shijit Chandran,Jamaluddin Syed Mohammad,1,1,0,run,0,,,49/2
1047361,2,7,3,Poovathinga Shijit Chandran,Konda Bhaskir Arun Karthik,Jamaluddin Syed Mohammad,1,1,0,run,0,,,50/2
1047361,2,7,4,Konda Bhaskir Arun Karthik,Poovathinga Shijit Chandran,Jamaluddin Syed Mohammad,6,6,0,six,0,,,56/2
1047361,2,7,5,Konda Bhaskir Arun Karthik,Poovathinga Shijit Chandran,Jamaluddin Syed Mohammad,1,1,0,run,0,,,57/2
1047361,2,7,6,Poovathinga Shijit Chandran,Konda Bhaskir Arun Karthik,Jamaluddin Syed Mohammad,1,0,1,leg bye,0,,,58/2
1047361,2,8,1,Poovathinga Shijit Chandran,Konda Bhaskir Arun Karthik,S Harish Kumar,0,0,0,no run,0,,,58/2
1047361,2,8,2,Poovathinga Shijit Chandran,Konda Bhaskir Arun Karthik,S Harish Kumar,0,0,0,no run,0,,,58/2
1047361,2,8,3,Poovathinga Shijit Chandran,Konda Bhaskir Arun Karthik,S Harish Kumar,4,4,0,four,0,,,62/2
1047361,2,8,4,Poovathinga Shijit Chandran,Konda Bhaskir Arun Karthik,S Harish Kumar,1,0,1,wide,0,,,63/2
1047361,2,8,5,Poovathinga Shijit Chandran,Konda Bhaskir Arun Karthik,S Harish Kumar,2,2,0,run,0,,,65/2
1047361,2,8,6,Poovathinga Shijit Chandran,Konda Bhaskir Arun Karthik,S Harish Kumar,1,1,0,run,0,,,66/2
1047361,2,8,7,Konda Bhaskir Arun Karthik,Poovathinga Shijit Chandran,S Harish Kumar,0,0,0,no run,0,,,66/2
1047361,2,9,1,Poovathinga Shijit Chandran,Konda Bhaskir Arun Karthik,Jamaluddin Syed Mohammad,1,1,0,run,0,,,67/2
1047361,2,9,2,Konda Bhaskir Arun Karthik,Poovathinga Shijit Chandran,Jamaluddin Syed Mohammad,2,2,0,run,0,,,69/2
1047361,2,9,3,Konda Bhaskir Arun Karthik,Poovathinga Shijit Chandran,Jamaluddin Syed Mohammad,0,0,0,no run,0,,,69/2
1047361,2,9,4,Konda Bhaskir Arun Karthik,Poovathinga Shijit Chandran,Jamaluddin Syed Mohammad,4,4,0,four,0,,,73/2
1047361,2,9,5,Konda Bhaskir Arun Karthik,Poovathinga Shijit Chandran,Jamaluddin Syed Mohammad,1,1,0,run,0,,,74/2
1047361,2,9,6,Poovathinga Shijit Chandran,Konda Bhaskir Arun Karthik,Jamaluddin Syed Mohammad,6,6,0,six,0,,,80/2
1047361,2,10,1,Konda Bhaskir Arun Karthik,Poovathinga Shijit Chandran,S Harish Kumar,1,1,0,run,0,,,81/2
1047361,2,10,2,Poovathinga Shijit Chandran,Konda Bhaskir Arun Karthik,S Harish Kumar,1,1,0,run,0,,,82/2
1047361,2,10,3,Konda Bhaskir Arun Karthik,Poovathinga Shijit Chandran,S Harish Kumar,1,1,0,run,0,,,83/2
1047361,2,10,4,Poovathinga Shijit Chandran,Konda Bhaskir Arun Karthik,S Harish Kumar,0,0,0,no run,0,,,83/2
1047361,2,10,5,Poovathinga Shijit Chandran,Konda Bhaskir Arun Karthik,S Harish Kumar,0,0,0,no run,0,,,83/2
1047361,2,10,6,Poovathinga Shijit Chandran,Konda Bhaskir Arun Karthik,S Harish Kumar,1,1,0,run,0,,,84/2
1047361,2,11,1,Poovathinga Shijit Chandran,Konda Bhaskir Arun Karthik,Moovervnthali Kasipandian Sivakumar,1,1,0,run,0,,,85/2
1047361,2,11,2,Konda Bhaskir Arun Karthik,Poovathinga Shijit Chandran,Moovervnthali Kasipandian Sivakumar,4,4,0,four,0,,,89/2
1047361,2,11,3,Konda Bhaskir Arun Karthik,Poovathinga Shijit Chandran,Moovervnthali Kasipandian Sivakumar,1,1,0,run,0,,,90/2
1047361,2,11,4,Poovathinga Shijit Chandran,Konda Bhaskir Arun Karthik,Moovervnthali Kasipandian Sivakumar,0,0,0,out,1,caught,Poovathinga Shijit Chandran,90/3
1047361,2,11,5,Konda Bhaskir Arun Karthik,0,Moovervnthali Kasipandian Sivakumar,1,1,0,run,0,,,91/3
1047361,2,11,6,Selvam Suresh Kumar,Konda Bhaskir Arun Karthik,Moovervnthali Kasipandian Sivakumar,0,0,0,no run,0,,,91/3
1047361,2,12,1,Konda Bhaskir Arun Karthik,Selvam Suresh Kumar,S Harish Kumar,4,4,0,four,0,,,95/3
1047361,2,12,2,Konda Bhaskir Arun Karthik,Selvam Suresh Kumar,S Harish Kumar,4,4,0,four,0,,,99/3
1047361,2,12,3,Konda Bhaskir Arun Karthik,Selvam Suresh Kumar,S Harish Kumar,1,1,0,run,0,,,100/3
1047361,2,12,4,Selvam Suresh Kumar,Konda Bhaskir Arun Karthik,S Harish Kumar,1,0,1,wide,0,,,101/3
1047361,2,12,5,Selvam Suresh Kumar,Konda Bhaskir Arun Karthik,S Harish Kumar,1,1,0,run,0,,,102/3
1047361,2,12,6,Konda Bhaskir Arun Karthik,Selvam Suresh Kumar,S Harish Kumar,1,1,0,run,0,,,103/3
1047361,2,12,7,Selvam Suresh Kumar,Konda Bhaskir Arun Karthik,S Harish Kumar,1,1,0,run,0,,,104/3
1047361,2,13,1,Selvam Suresh Kumar,Konda Bhaskir Arun Karthik,B Arun,1,1,0,run,0,,,105/3
1047361,2,13,2,Konda Bhaskir Arun Karthik,Selvam Suresh Kumar,B Arun,1,1,0,run,0,,,106/3
1047361,2,13,3,Selvam Suresh Kumar,Konda Bhaskir Arun Karthik,B Arun,1,0,1,leg bye,0,,,107/3
1047361,2,13,4,Konda Bhaskir Arun Karthik,Selvam Suresh Kumar,B Arun,6,6,0,six,0,,,113/3
1047361,2,13,5,Konda Bhaskir Arun Karthik,Selvam Suresh Kumar,B Arun,1,1,0,run,0,,,114/3
1047361,2,13,6,Selvam Suresh Kumar,Konda Bhaskir Arun Karthik,B Arun,1,1,0,run,0,,,115/3
1047361,2,14,1,Selvam Suresh Kumar,Konda Bhaskir Arun Karthik,M Mohammed,1,1,0,run,0,,,116/3
1047361,2,14,2,Konda Bhaskir Arun Karthik,Selvam Suresh Kumar,M Mohammed,1,1,0,run,0,,,117/3
1047361,2,14,3,Selvam Suresh Kumar,Konda Bhaskir Arun Karthik,M Mohammed,0,0,0,out,1,bowled,Selvam Suresh Kumar,117/4
1047361,2,14,4,Pitchaiayan Sakthi,Konda Bhaskir Arun Karthik,M Mohammed,1,1,0,run,0,,,118/4
1047361,2,14,5,Konda Bhaskir Arun Karthik,Pitchaiayan Sakthi,M Mohammed,1,1,0,run,0,,,119/4
1047361,2,14,6,Pitchaiayan Sakthi,Konda Bhaskir Arun Karthik,M Mohammed,1,0,1,leg bye,0,,,120/4
1047361,2,15,1,Pitchaiayan Sakthi,Konda Bhaskir Arun Karthik,B Arun,6,6,0,six,0,,,126/4
1047361,2,15,2,Pitchaiayan Sakthi,Konda Bhaskir Arun Karthik,B Arun,1,1,0,run,0,,,127/4
1047361,2,15,3,Konda Bhaskir Arun Karthik,Pitchaiayan Sakthi,B Arun,1,1,0,run,0,,,128/4
1047361,2,15,4,Pitchaiayan Sakthi,Konda Bhaskir Arun Karthik,B Arun,1,1,0,run,0,,,129/4
1047361,2,15,5,Konda Bhaskir Arun Karthik,Pitchaiayan Sakthi,B Arun,0,0,0,no run,0,,,129/4
1047361,2,15,6,Konda Bhaskir Arun Karthik,Pitchaiayan Sakthi,B Arun,0,0,0,no run,0,,,129/4
1047361,2,16,1,Pitchaiayan Sakthi,Konda Bhaskir Arun Karthik,S Harish Kumar,1,0,1,bye,0,,,130/4
1047361,2,16,2,Konda Bhaskir Arun Karthik,Pitchaiayan Sakthi,S Harish Kumar,1,1,0,run,0,,,131/4
1047361,2,16,3,Pitchaiayan Sakthi,Konda Bhaskir Arun Karthik,S Harish Kumar,1,1,0,run,0,,,132/4
1047361,2,16,4,Konda Bhaskir Arun Karthik,Pitchaiayan Sakthi,S Harish Kumar,1,1,0,run,0,,,133/4
1047361,2,16,5,Pitchaiayan Sakthi,Konda Bhaskir Arun Karthik,S Harish Kumar,2,2,0,run,0,,,135/4
1047361,2,16,6,Pitchaiayan Sakthi,Konda Bhaskir Arun Karthik,S Harish Kumar,1,0,1,wide,0,,,136/4
1047361,2,16,7,Pitchaiayan Sakthi,Konda Bhaskir Arun Karthik,S Harish Kumar,1,1,0,run,0,,,137/4
1047361,2,17,1,Pitchaiayan Sakthi,Konda Bhaskir Arun Karthik,Moovervnthali Kasipandian Sivakumar,1,0,1,leg bye,0,,,138/4
1047361,2,17,2,Konda Bhaskir Arun Karthik,Pitchaiayan Sakthi,Moovervnthali Kasipandian Sivakumar,0,0,0,no run,0,,,138/4
1047361,2,17,3,Konda Bhaskir Arun Karthik,Pitchaiayan Sakthi,Moovervnthali Kasipandian Sivakumar,4,4,0,four,0,,,142/4
1047361,2,17,4,Konda Bhaskir Arun Karthik,Pitchaiayan Sakthi,Moovervnthali Kasipandian Sivakumar,6,6,0,six,0,,,148/4
1047361,2,17,5,Konda Bhaskir Arun Karthik,Pitchaiayan Sakthi,Moovervnthali Kasipandian Sivakumar,4,4,0,four,0,,,152/4
1047361,2,17,6,Konda Bhaskir Arun Karthik,Pitchaiayan Sakthi,Moovervnthali Kasipandian Sivakumar,1,1,0,run,0,,,153/4
1047361,2,18,1,Konda Bhaskir Arun Karthik,Pitchaiayan Sakthi,M Mohammed,0,0,0,no run,0,,,153/4
1047361,2,18,2,Konda Bhaskir Arun Karthik,Pitchaiayan Sakthi,M Mohammed,0,0,0,out,1,caught,Konda Bhaskir Arun Karthik,153/5
1047361,2,18,3,Pitchaiayan Sakthi,0,M Mohammed,2,2,0,run,0,,,155/5
1047361,2,18,4,Pitchaiayan Sakthi,0,M Mohammed,1,0,1,leg bye,0,,,156/5
1047361,2,18,5,Lakshminarayanan Vignesh,Pitchaiayan Sakthi,M Mohammed,1,1,0,run,0,,,157/5
1047361,2,18,6,Pitchaiayan Sakthi,Lakshminarayanan Vignesh,M Mohammed,0,0,0,no run,0,,,157/5
1047361,2,19,1,Lakshminarayanan Vignesh,Pitchaiayan Sakthi,Moovervnthali Kasipandian Sivakumar,6,6,0,six,0,,,163/5
1047361,2,19,2,Lakshminarayanan Vignesh,Pitchaiayan Sakthi,Moovervnthali Kasipandian Sivakumar,1,1,0,run,1,run out,Pitchaiayan Sakthi,164/6
1047361,2,19,3,M Raja,Lakshminarayanan Vignesh,Moovervnthali Kasipandian Sivakumar,1,1,0,run,0,,,165/6
1047361,2,19,4,Lakshminarayanan Vignesh,M Raja,Moovervnthali Kasipandian Sivakumar,4,4,0,four,0,,,169/6
1047361,2,19,5,Lakshminarayanan Vignesh,M Raja,Moovervnthali Kasipandian Sivakumar,1,1,0,run,0,,,170/6
1047361,2,19,6,M Raja,Lakshminarayanan Vignesh,Moovervnthali Kasipandian Sivakumar,0,0,0,no run,0,,,170/6
1047361,2,20,1,Lakshminarayanan Vignesh,M Raja,Krishnamoorthy Vignesh,6,6,0,six,0,,,176/6
1047361,2,20,2,Lakshminarayanan Vignesh,M Raja,Krishnamoorthy Vignesh,2,2,0,run,0,,,178/6
1047361,2,20,3,Lakshminarayanan Vignesh,M Raja,Krishnamoorthy Vignesh,1,1,0,run,1,run out,Lakshminarayanan Vignesh,179/7
1047361,2,20,4,P Francis Rokins,M Raja,Krishnamoorthy Vignesh,2,2,0,run,0,,,181/7
1047361,2,20,5,P Francis Rokins,M Raja,Krishnamoorthy Vignesh,4,4,0,four,0,,,185/7
1047361,2,20,6,P Francis Rokins,M Raja,Krishnamoorthy Vignesh,4,4,0,four,0,,,189/7
1047363,1,1,1,M Vijay Kumar,0,M Ganesh Moorthi,0,0,0,no run,0,,,0/0
1047363,1,1,2,M Vijay Kumar,0,M Ganesh Moorthi,0,0,0,no run,0,,,0/0
1047363,1,1,3,M Vijay Kumar,0,M Ganesh Moorthi,0,0,0,no run,0,,,0/0
1047363,1,1,4,M Vijay Kumar,0,M Ganesh Moorthi,1,1,0,run,0,,,1/0
1047363,1,1,5,Srikkanth Anirudha,M Vijay Kumar,M Ganesh Moorthi,0,0,0,no run,0,,,1/0
1047363,1,1,6,Srikkanth Anirudha,M Vijay Kumar,M Ganesh Moorthi,1,1,0,run,0,,,2/0
1047363,1,2,1,Srikkanth Anirudha,M Vijay Kumar,Lakshmipathy Balaji,0,0,0,no run,0,,,2/0
1047363,1,2,2,Srikkanth Anirudha,M Vijay Kumar,Lakshmipathy Balaji,1,1,0,run,0,,,3/0
1047363,1,2,3,M Vijay Kumar,Srikkanth Anirudha,Lakshmipathy Balaji,0,0,0,no run,0,,,3/0
1047363,1,2,4,M Vijay Kumar,Srikkanth Anirudha,Lakshmipathy Balaji,0,0,0,no run,0,,,3/0
1047363,1,2,5,M Vijay Kumar,Srikkanth Anirudha,Lakshmipathy Balaji,0,0,0,no run,0,,,3/0
1047363,1,2,6,M Vijay Kumar,Srikkanth Anirudha,Lakshmipathy Balaji,0,0,0,out,1,caught,M Vijay Kumar,3/1
1047363,1,3,1,Srikkanth Anirudha,0,M Ganesh Moorthi,0,0,0,no run,0,,,3/1
1047363,1,3,2,Srikkanth Anirudha,0,M Ganesh Moorthi,1,1,0,run,0,,,4/1
1047363,1,3,3,Subramaniam Badrinath,Srikkanth Anirudha,M Ganesh Moorthi,0,0,0,no run,0,,,4/1
1047363,1,3,4,Subramaniam Badrinath,Srikkanth Anirudha,M Ganesh Moorthi,0,0,0,no run,0,,,4/1
1047363,1,3,5,Subramaniam Badrinath,Srikkanth Anirudha,M Ganesh Moorthi,1,1,0,run,0,,,5/1
1047363,1,3,6,Srikkanth Anirudha,Subramaniam Badrinath,M Ganesh Moorthi,0,0,0,out,1,caught,Srikkanth Anirudha,5/2
1047363,1,4,1,Subramaniam Badrinath,0,Lakshmipathy Balaji,0,0,0,no run,0,,,5/2
1047363,1,4,2,Subramaniam Badrinath,0,Lakshmipathy Balaji,4,4,0,four,0,,,9/2
1047363,1,4,3,Subramaniam Badrinath,0,Lakshmipathy Balaji,0,0,0,no run,0,,,9/2
1047363,1,4,4,Subramaniam Badrinath,0,Lakshmipathy Balaji,0,0,0,no run,0,,,9/2
1047363,1,4,5,Subramaniam Badrinath,0,Lakshmipathy Balaji,0,0,0,no run,0,,,9/2
1047363,1,4,6,Subramaniam Badrinath,K Vishal Vaidhya,Lakshmipathy Balaji,0,0,0,no run,0,,,9/2
1047363,1,5,1,K Vishal Vaidhya,Subramaniam Badrinath,Antony Chandrasekaran Aswin Crist,1,0,1,wide,0,,,10/2
1047363,1,5,2,K Vishal Vaidhya,Subramaniam Badrinath,Antony Chandrasekaran Aswin Crist,0,0,0,no run,0,,,10/2
1047363,1,5,3,K Vishal Vaidhya,Subramaniam Badrinath,Antony Chandrasekaran Aswin Crist,0,0,0,no run,0,,,10/2
1047363,1,5,4,K Vishal Vaidhya,Subramaniam Badrinath,Antony Chandrasekaran Aswin Crist,1,1,0,run,0,,,11/2
1047363,1,5,5,Subramaniam Badrinath,K Vishal Vaidhya,Antony Chandrasekaran Aswin Crist,1,1,0,run,0,,,12/2
1047363,1,5,6,K Vishal Vaidhya,Subramaniam Badrinath,Antony Chandrasekaran Aswin Crist,1,1,0,run,0,,,13/2
1047363,1,5,7,Subramaniam Badrinath,K Vishal Vaidhya,Antony Chandrasekaran Aswin Crist,1,1,0,run,0,,,14/2
1047363,1,6,1,Subramaniam Badrinath,K Vishal Vaidhya,Lakshmipathy Balaji,0,0,0,no run,0,,,14/2
1047363,1,6,2,Subramaniam Badrinath,K Vishal Vaidhya,Lakshmipathy Balaji,0,0,0,no run,0,,,14/2
1047363,1,6,3,Subramaniam Badrinath,K Vishal Vaidhya,Lakshmipathy Balaji,4,4,0,four,0,,,18/2
1047363,1,6,4,Subramaniam Badrinath,K Vishal Vaidhya,Lakshmipathy Balaji,1,1,0,run,0,,,19/2
1047363,1,6,5,K Vishal Vaidhya,Subramaniam Badrinath,Lakshmipathy Balaji,0,0,0,no run,0,,,19/2
1047363,1,6,6,K Vishal Vaidhya,Subramaniam Badrinath,Lakshmipathy Balaji,0,0,0,no run,0,,,19/2
1047363,1,7,1,Subramaniam Badrinath,K Vishal Vaidhya,Raju Aushik Srinivas,0,0,0,no run,0,,,19/2
1047363,1,7,2,Subramaniam Badrinath,K Vishal Vaidhya,Raju Aushik Srinivas,1,1,0,run,0,,,20/2
1047363,1,7,3,K Vishal Vaidhya,Subramaniam Badrinath,Raju Aushik Srinivas,4,4,0,four,0,,,24/2
1047363,1,7,4,K Vishal Vaidhya,Subramaniam Badrinath,Raju Aushik Srinivas,1,1,0,run,0,,,25/2
1047363,1,7,5,Subramaniam Badrinath,K Vishal Vaidhya,Raju Aushik Srinivas,1,1,0,run,0,,,26/2
1047363,1,7,6,K Vishal Vaidhya,Subramaniam Badrinath,Raju Aushik Srinivas,0,0,0,no run,0,,,26/2
1047363,1,8,1,Subramaniam Badrinath,K Vishal Vaidhya,Antony Chandrasekaran Aswin Crist,1,1,0,run,0,,,27/2
1047363,1,8,2,K Vishal Vaidhya,Subramaniam Badrinath,Antony Chandrasekaran Aswin Crist,0,0,0,no run,0,,,27/2
1047363,1,8,3,K Vishal Vaidhya,Subramaniam Badrinath,Antony Chandrasekaran Aswin Crist,0,0,0,no run,0,,,27/2
1047363,1,8,4,K Vishal Vaidhya,Subramaniam Badrinath,Antony Chandrasekaran Aswin Crist,0,0,0,out,1,caught,K Vishal Vaidhya,27/3
1047363,1,8,5,Rajhamany Srinivasan,Subramaniam Badrinath,Antony Chandrasekaran Aswin Crist,0,0,0,no run,0,,,27/3
1047363,1,8,6,Rajhamany Srinivasan,Subramaniam Badrinath,Antony Chandrasekaran Aswin Crist,0,0,0,no run,0,,,27/3
1047363,1,9,1,Subramaniam Badrinath,Rajhamany Srinivasan,Raju Aushik Srinivas,1,1,0,run,0,,,28/3
1047363,1,9,2,Rajhamany Srinivasan,Subramaniam Badrinath,Raju Aushik Srinivas,1,1,0,run,0,,,29/3
1047363,1,9,3,Subramaniam Badrinath,Rajhamany Srinivasan,Raju Aushik Srinivas,1,1,0,run,0,,,30/3
1047363,1,9,4,Rajhamany Srinivasan,Subramaniam Badrinath,Raju Aushik Srinivas,0,0,0,no run,0,,,30/3
1047363,1,9,5,Rajhamany Srinivasan,Subramaniam Badrinath,Raju Aushik Srinivas,4,4,0,four,0,,,34/3
1047363,1,9,6,Rajhamany Srinivasan,Subramaniam Badrinath,Raju Aushik Srinivas,0,0,0,no run,0,,,34/3
1047363,1,10,1,Subramaniam Badrinath,Rajhamany Srinivasan,Akash Sumra,1,1,0,run,0,,,35/3
1047363,1,10,2,Rajhamany Srinivasan,Subramaniam Badrinath,Akash Sumra,0,0,0,no run,0,,,35/3
1047363,1,10,3,Rajhamany Srinivasan,Subramaniam Badrinath,Akash Sumra,1,1,0,run,0,,,36/3
1047363,1,10,4,Subramaniam Badrinath,Rajhamany Srinivasan,Akash Sumra,0,0,0,no run,0,,,36/3
1047363,1,10,5,Subramaniam Badrinath,Rajhamany Srinivasan,Akash Sumra,1,1,0,run,0,,,37/3
1047363,1,10,6,Rajhamany Srinivasan,Subramaniam Badrinath,Akash Sumra,0,0,0,no run,0,,,37/3
1047363,1,11,1,Subramaniam Badrinath,Rajhamany Srinivasan,M Ganesh Moorthi,1,1,0,run,0,,,38/3
1047363,1,11,2,Rajhamany Srinivasan,Subramaniam Badrinath,M Ganesh Moorthi,1,1,0,run,0,,,39/3
1047363,1,11,3,Subramaniam Badrinath,Rajhamany Srinivasan,M Ganesh Moorthi,1,1,0,run,0,,,40/3
1047363,1,11,4,Rajhamany Srinivasan,Subramaniam Badrinath,M Ganesh Moorthi,0,0,0,no run,0,,,40/3
1047363,1,11,5,Rajhamany Srinivasan,Subramaniam Badrinath,M Ganesh Moorthi,1,1,0,run,0,,,41/3
1047363,1,11,6,Subramaniam Badrinath,Rajhamany Srinivasan,M Ganesh Moorthi,1,1,0,run,0,,,42/3
1047363,1,12,1,Subramaniam Badrinath,Rajhamany Srinivasan,Akash Sumra,2,2,0,run,0,,,44/3
1047363,1,12,2,Subramaniam Badrinath,Rajhamany Srinivasan,Akash Sumra,4,4,0,four,0,,,48/3
1047363,1,12,3,Subramaniam Badrinath,Rajhamany Srinivasan,Akash Sumra,4,4,0,four,0,,,52/3
1047363,1,12,4,Subramaniam Badrinath,Rajhamany Srinivasan,Akash Sumra,4,4,0,four,0,,,56/3
1047363,1,12,5,Subramaniam Badrinath,Rajhamany Srinivasan,Akash Sumra,1,0,1,wide,0,,,57/3
1047363,1,12,6,Subramaniam Badrinath,Rajhamany Srinivasan,Akash Sumra,0,0,0,no run,0,,,57/3
1047363,1,12,7,Subramaniam Badrinath,Rajhamany Srinivasan,Akash Sumra,1,1,0,run,0,,,58/3
1047363,1,13,1,Subramaniam Badrinath,Rajhamany Srinivasan,M Ganesh Moorthi,1,1,0,run,0,,,59/3
1047363,1,13,2,Rajhamany Srinivasan,Subramaniam Badrinath,M Ganesh Moorthi,1,1,0,run,0,,,60/3
1047363,1,13,3,Subramaniam Badrinath,Rajhamany Srinivasan,M Ganesh Moorthi,2,2,0,run,0,,,62/3
1047363,1,13,4,Subramaniam Badrinath,Rajhamany Srinivasan,M Ganesh Moorthi,1,1,0,run,0,,,63/3
1047363,1,13,5,Rajhamany Srinivasan,Subramaniam Badrinath,M Ganesh Moorthi,1,1,0,run,0,,,64/3
1047363,1,13,6,Subramaniam Badrinath,Rajhamany Srinivasan,M Ganesh Moorthi,0,0,0,no run,0,,,64/3
1047363,1,14,1,Rajhamany Srinivasan,Subramaniam Badrinath,Washington Sundar,0,0,0,no run,0,,,64/3
1047363,1,14,2,Rajhamany Srinivasan,Subramaniam Badrinath,Washington Sundar,0,0,0,out,1,bowled,Rajhamany Srinivasan,64/4
1047363,1,14,3,R Rajkumar,Subramaniam Badrinath,Washington Sundar,0,0,0,no run,0,,,64/4
1047363,1,14,4,R Rajkumar,Subramaniam Badrinath,Washington Sundar,0,0,0,no run,0,,,64/4
1047363,1,14,5,R Rajkumar,Subramaniam Badrinath,Washington Sundar,1,1,0,run,0,,,65/4
1047363,1,14,6,Subramaniam Badrinath,R Rajkumar,Washington Sundar,1,1,0,run,0,,,66/4
1047363,1,15,1,Subramaniam Badrinath,R Rajkumar,Raju Aushik Srinivas,1,1,0,run,0,,,67/4
1047363,1,15,2,R Rajkumar,Subramaniam Badrinath,Raju Aushik Srinivas,0,0,0,out,1,bowled,R Rajkumar,67/5
1047363,1,15,3,Chandrasekar Ganapathy,Subramaniam Badrinath,Raju Aushik Srinivas,1,1,0,run,0,,,68/5
1047363,1,15,4,Subramaniam Badrinath,Chandrasekar Ganapathy,Raju Aushik Srinivas,1,1,0,run,0,,,69/5
1047363,1,15,5,Chandrasekar Ganapathy,Subramaniam Badrinath,Raju Aushik Srinivas,0,0,0,no run,0,,,69/5
1047363,1,15,6,Chandrasekar Ganapathy,Subramaniam Badrinath,Raju Aushik Srinivas,0,0,0,no run,0,,,69/5
1047363,1,16,1,Subramaniam Badrinath,Chandrasekar Ganapathy,Washington Sundar,1,1,0,run,0,,,70/5
1047363,1,16,2,Chandrasekar Ganapathy,Subramaniam Badrinath,Washington Sundar,1,1,0,run,0,,,71/5
1047363,1,16,3,Subramaniam Badrinath,Chandrasekar Ganapathy,Washington Sundar,1,1,0,run,0,,,72/5
1047363,1,16,4,Chandrasekar Ganapathy,Subramaniam Badrinath,Washington Sundar,1,1,0,run,0,,,73/5
1047363,1,16,5,Subramaniam Badrinath,Chandrasekar Ganapathy,Washington Sundar,1,1,0,run,0,,,74/5
1047363,1,16,6,Chandrasekar Ganapathy,Subramaniam Badrinath,Washington Sundar,0,0,0,no run,0,,,74/5
1047363,1,17,1,Subramaniam Badrinath,Chandrasekar Ganapathy,Raju Aushik Srinivas,1,1,0,run,0,,,75/5
1047363,1,17,2,Chandrasekar Ganapathy,Subramaniam Badrinath,Raju Aushik Srinivas,1,1,0,run,0,,,76/5
1047363,1,17,3,Subramaniam Badrinath,Chandrasekar Ganapathy,Raju Aushik Srinivas,1,1,0,run,0,,,77/5
1047363,1,17,4,Chandrasekar Ganapathy,Subramaniam Badrinath,Raju Aushik Srinivas,2,2,0,run,0,,,79/5
1047363,1,17,5,Chandrasekar Ganapathy,Subramaniam Badrinath,Raju Aushik Srinivas,4,4,0,four,0,,,83/5
1047363,1,17,6,Chandrasekar Ganapathy,Subramaniam Badrinath,Raju Aushik Srinivas,1,1,0,run,0,,,84/5
1047363,1,18,1,Chandrasekar Ganapathy,Subramaniam Badrinath,Antony Chandrasekaran Aswin Crist,6,6,0,six,0,,,90/5
1047363,1,18,2,Chandrasekar Ganapathy,Subramaniam Badrinath,Antony Chandrasekaran Aswin Crist,4,4,0,four,0,,,94/5
1047363,1,18,3,Chandrasekar Ganapathy,Subramaniam Badrinath,Antony Chandrasekaran Aswin Crist,1,1,0,run,0,,,95/5
1047363,1,18,4,Subramaniam Badrinath,Chandrasekar Ganapathy,Antony Chandrasekaran Aswin Crist,0,0,0,out,1,leg before wicket,Subramaniam Badrinath,95/6
1047363,1,18,5,Shoaib Md Khan,Chandrasekar Ganapathy,Antony Chandrasekaran Aswin Crist,3,3,0,run,0,,,98/6
1047363,1,18,6,Chandrasekar Ganapathy,Shoaib Md Khan,Antony Chandrasekaran Aswin Crist,1,0,1,wide,0,,,99/6
1047363,1,18,7,Chandrasekar Ganapathy,Shoaib Md Khan,Antony Chandrasekaran Aswin Crist,4,4,0,four,0,,,103/6
1047363,1,19,1,Shoaib Md Khan,Chandrasekar Ganapathy,Washington Sundar,1,1,0,run,0,,,104/6
1047363,1,19,2,Chandrasekar Ganapathy,Shoaib Md Khan,Washington Sundar,1,1,0,run,0,,,105/6
1047363,1,19,3,Chandrasekar Ganapathy,Shoaib Md Khan,Washington Sundar,1,1,0,run,0,,,106/6
1047363,1,19,4,Shoaib Md Khan,Chandrasekar Ganapathy,Washington Sundar,1,1,0,run,0,,,107/6
1047363,1,19,5,Chandrasekar Ganapathy,Shoaib Md Khan,Washington Sundar,0,0,0,out,1,caught,Chandrasekar Ganapathy,107/7
1047363,1,19,6,Shoaib Md Khan,Ramsingh Sonu Yadav,Washington Sundar,0,0,0,no run,0,,,107/7
1047363,1,20,1,Ramsingh Sonu Yadav,Shoaib Md Khan,Antony Chandrasekaran Aswin Crist,1,1,0,run,0,,,108/7
1047363,1,20,2,Shoaib Md Khan,Ramsingh Sonu Yadav,Antony Chandrasekaran Aswin Crist,0,0,0,out,1,bowled,Shoaib Md Khan,108/8
1047363,1,20,3,M Suresh Babu,Ramsingh Sonu Yadav,Antony Chandrasekaran Aswin Crist,0,0,0,no run,0,,,108/8
1047363,1,20,4,M Suresh Babu,Ramsingh Sonu Yadav,Antony Chandrasekaran Aswin Crist,0,0,0,no run,0,,,108/8
1047363,1,20,5,M Suresh Babu,Ramsingh Sonu Yadav,Antony Chandrasekaran Aswin Crist,1,0,1,bye,0,,,109/8
1047363,1,20,6,Ramsingh Sonu Yadav,M Suresh Babu,Antony Chandrasekaran Aswin Crist,2,2,0,run,0,,,111/8
1047363,2,1,1,Kaushik Mohan Gandhi,0,Chandrasekar Ganapathy,0,0,0,no run,0,,,0/0
1047363,2,1,2,Kaushik Mohan Gandhi,0,Chandrasekar Ganapathy,0,0,0,no run,0,,,0/0
1047363,2,1,3,Kaushik Mohan Gandhi,0,Chandrasekar Ganapathy,0,0,0,no run,0,,,0/0
1047363,2,1,4,Kaushik Mohan Gandhi,0,Chandrasekar Ganapathy,1,1,0,run,0,,,1/0
1047363,2,1,5,Abhinav Mukund,Kaushik Mohan Gandhi,Chandrasekar Ganapathy,1,0,1,wide,0,,,2/0
1047363,2,1,6,Abhinav Mukund,Kaushik Mohan Gandhi,Chandrasekar Ganapathy,0,0,0,no run,0,,,2/0
1047363,2,1,7,Abhinav Mukund,Kaushik Mohan Gandhi,Chandrasekar Ganapathy,2,0,2,wide,0,,,4/0
1047363,2,1,8,Kaushik Mohan Gandhi,Abhinav Mukund,Chandrasekar Ganapathy,4,4,0,four,0,,,8/0
1047363,2,2,1,Abhinav Mukund,Kaushik Mohan Gandhi,Shoaib Md Khan,4,4,0,four,0,,,12/0
1047363,2,2,2,Abhinav Mukund,Kaushik Mohan Gandhi,Shoaib Md Khan,0,0,0,no run,0,,,12/0
1047363,2,2,3,Abhinav Mukund,Kaushik Mohan Gandhi,Shoaib Md Khan,1,1,0,run,0,,,13/0
1047363,2,2,4,Kaushik Mohan Gandhi,Abhinav Mukund,Shoaib Md Khan,0,0,0,no run,0,,,13/0
1047363,2,2,5,Kaushik Mohan Gandhi,Abhinav Mukund,Shoaib Md Khan,1,1,0,run,0,,,14/0
1047363,2,2,6,Abhinav Mukund,Kaushik Mohan Gandhi,Shoaib Md Khan,1,1,0,run,0,,,15/0
1047363,2,3,1,Abhinav Mukund,Kaushik Mohan Gandhi,S Mohan Prasath,1,1,0,run,0,,,16/0
1047363,2,3,2,Kaushik Mohan Gandhi,Abhinav Mukund,S Mohan Prasath,1,1,0,run,0,,,17/0
1047363,2,3,3,Abhinav Mukund,Kaushik Mohan Gandhi,S Mohan Prasath,1,1,0,run,0,,,18/0
1047363,2,3,4,Kaushik Mohan Gandhi,Abhinav Mukund,S Mohan Prasath,1,1,0,run,0,,,19/0
1047363,2,3,5,Abhinav Mukund,Kaushik Mohan Gandhi,S Mohan Prasath,0,0,0,no run,0,,,19/0
1047363,2,3,6,Abhinav Mukund,Kaushik Mohan Gandhi,S Mohan Prasath,0,0,0,out,1,caught,Abhinav Mukund,19/1
1047363,2,4,1,Washington Sundar,Kaushik Mohan Gandhi,Shoaib Md Khan,1,1,0,run,0,,,20/1
1047363,2,4,2,Kaushik Mohan Gandhi,Washington Sundar,Shoaib Md Khan,0,0,0,no run,0,,,20/1
1047363,2,4,3,Kaushik Mohan Gandhi,Washington Sundar,Shoaib Md Khan,0,0,0,no run,0,,,20/1
1047363,2,4,4,Kaushik Mohan Gandhi,Washington Sundar,Shoaib Md Khan,1,1,0,run,0,,,21/1
1047363,2,4,5,Washington Sundar,Kaushik Mohan Gandhi,Shoaib Md Khan,0,0,0,no run,0,,,21/1
1047363,2,4,6,Washington Sundar,Kaushik Mohan Gandhi,Shoaib Md Khan,0,0,0,out,1,leg before wicket,Washington Sundar,21/2
1047363,2,5,1,Kaushik Mohan Gandhi,0,S Mohan Prasath,1,1,0,run,0,,,22/2
1047363,2,5,2,Subramanian Anand,Kaushik Mohan Gandhi,S Mohan Prasath,0,0,0,no run,0,,,22/2
1047363,2,5,3,Subramanian Anand,Kaushik Mohan Gandhi,S Mohan Prasath,0,0,0,no run,0,,,22/2
1047363,2,5,4,Subramanian Anand,Kaushik Mohan Gandhi,S Mohan Prasath,0,0,0,no run,0,,,22/2
1047363,2,5,5,Subramanian Anand,Kaushik Mohan Gandhi,S Mohan Prasath,1,1,0,run,0,,,23/2
1047363,2,5,6,Kaushik Mohan Gandhi,Subramanian Anand,S Mohan Prasath,0,0,0,no run,0,,,23/2
1047363,2,6,1,Subramanian Anand,Kaushik Mohan Gandhi,M Suresh Babu,0,0,0,no run,0,,,23/2
1047363,2,6,2,Subramanian Anand,Kaushik Mohan Gandhi,M Suresh Babu,1,1,0,run,0,,,24/2
1047363,2,6,3,Kaushik Mohan Gandhi,Subramanian Anand,M Suresh Babu,4,4,0,four,0,,,28/2
1047363,2,6,4,Kaushik Mohan Gandhi,Subramanian Anand,M Suresh Babu,0,0,0,no run,0,,,28/2
1047363,2,6,5,Kaushik Mohan Gandhi,Subramanian Anand,M Suresh Babu,1,1,0,run,0,,,29/2
1047363,2,6,6,Subramanian Anand,Kaushik Mohan Gandhi,M Suresh Babu,1,1,0,run,0,,,30/2
1047363,2,7,1,Subramanian Anand,Kaushik Mohan Gandhi,Ramsingh Sonu Yadav,0,0,0,no run,0,,,30/2
1047363,2,7,2,Subramanian Anand,Kaushik Mohan Gandhi,Ramsingh Sonu Yadav,0,0,0,no run,0,,,30/2
1047363,2,7,3,Subramanian Anand,Kaushik Mohan Gandhi,Ramsingh Sonu Yadav,1,1,0,run,0,,,31/2
1047363,2,7,4,Kaushik Mohan Gandhi,Subramanian Anand,Ramsingh Sonu Yadav,1,1,0,run,0,,,32/2
1047363,2,7,5,Subramanian Anand,Kaushik Mohan Gandhi,Ramsingh Sonu Yadav,6,6,0,six,0,,,38/2
1047363,2,7,6,Subramanian Anand,Kaushik Mohan Gandhi,Ramsingh Sonu Yadav,1,1,0,run,0,,,39/2
1047363,2,8,1,Subramanian Anand,Kaushik Mohan Gandhi,M Suresh Babu,0,0,0,no run,0,,,39/2
1047363,2,8,2,Subramanian Anand,Kaushik Mohan Gandhi,M Suresh Babu,0,0,0,no run,0,,,39/2
1047363,2,8,3,Subramanian Anand,Kaushik Mohan Gandhi,M Suresh Babu,1,1,0,run,0,,,40/2
1047363,2,8,4,Kaushik Mohan Gandhi,Subramanian Anand,M Suresh Babu,0,0,0,no run,0,,,40/2
1047363,2,8,5,Kaushik Mohan Gandhi,Subramanian Anand,M Suresh Babu,1,1,0,run,0,,,41/2
1047363,2,8,6,Subramanian Anand,Kaushik Mohan Gandhi,M Suresh Babu,1,1,0,run,0,,,42/2
1047363,2,9,1,Subramanian Anand,Kaushik Mohan Gandhi,R Rajkumar,0,0,0,no run,0,,,42/2
1047363,2,9,2,Subramanian Anand,Kaushik Mohan Gandhi,R Rajkumar,1,1,0,run,0,,,43/2
1047363,2,9,3,Kaushik Mohan Gandhi,Subramanian Anand,R Rajkumar,0,0,0,no run,0,,,43/2
1047363,2,9,4,Kaushik Mohan Gandhi,Subramanian Anand,R Rajkumar,1,1,0,run,0,,,44/2
1047363,2,9,5,Subramanian Anand,Kaushik Mohan Gandhi,R Rajkumar,1,1,0,run,0,,,45/2
1047363,2,9,6,Kaushik Mohan Gandhi,Subramanian Anand,R Rajkumar,0,0,0,no run,0,,,45/2
1047363,2,10,1,Subramanian Anand,Kaushik Mohan Gandhi,S Mohan Prasath,1,1,0,run,0,,,46/2
1047363,2,10,2,Kaushik Mohan Gandhi,Subramanian Anand,S Mohan Prasath,2,2,0,run,0,,,48/2
1047363,2,10,3,Kaushik Mohan Gandhi,Subramanian Anand,S Mohan Prasath,2,2,0,run,0,,,50/2
1047363,2,10,4,Kaushik Mohan Gandhi,Subramanian Anand,S Mohan Prasath,4,4,0,four,0,,,54/2
1047363,2,10,5,Kaushik Mohan Gandhi,Subramanian Anand,S Mohan Prasath,0,0,0,no run,0,,,54/2
1047363,2,10,6,Kaushik Mohan Gandhi,Subramanian Anand,S Mohan Prasath,1,1,0,run,0,,,55/2
1047363,2,11,1,Kaushik Mohan Gandhi,Subramanian Anand,R Rajkumar,0,0,0,out,1,caught,Kaushik Mohan Gandhi,55/3
1047363,2,11,2,SP Nathan,Subramanian Anand,R Rajkumar,1,1,0,run,0,,,56/3
1047363,2,11,3,Subramanian Anand,SP Nathan,R Rajkumar,1,1,0,run,0,,,57/3
1047363,2,11,4,SP Nathan,Subramanian Anand,R Rajkumar,1,1,0,run,0,,,58/3
1047363,2,11,5,Subramanian Anand,SP Nathan,R Rajkumar,0,0,0,no run,0,,,58/3
1047363,2,11,6,Subramanian Anand,SP Nathan,R Rajkumar,2,2,0,run,0,,,60/3
1047363,2,12,1,SP Nathan,Subramanian Anand,Chandrasekar Ganapathy,6,6,0,six,0,,,66/3
1047363,2,12,2,SP Nathan,Subramanian Anand,Chandrasekar Ganapathy,1,1,0,run,0,,,67/3
1047363,2,12,3,Subramanian Anand,SP Nathan,Chandrasekar Ganapathy,0,0,0,no run,0,,,67/3
1047363,2,12,4,Subramanian Anand,SP Nathan,Chandrasekar Ganapathy,0,0,0,no run,0,,,67/3
1047363,2,12,5,Subramanian Anand,SP Nathan,Chandrasekar Ganapathy,0,0,0,no run,0,,,67/3
1047363,2,12,6,Subramanian Anand,SP Nathan,Chandrasekar Ganapathy,0,0,0,no run,0,,,67/3
1047363,2,13,1,SP Nathan,Subramanian Anand,R Rajkumar,0,0,0,no run,0,,,67/3
1047363,2,13,2,SP Nathan,Subramanian Anand,R Rajkumar,0,0,0,out,1,caught,SP Nathan,67/4
1047363,2,13,3,Subramanian Anand,0,R Rajkumar,1,0,1,wide,0,,,68/4
1047363,2,13,4,Subramanian Anand,0,R Rajkumar,1,1,0,run,0,,,69/4
1047363,2,13,5,Umashankar Sushil,Subramanian Anand,R Rajkumar,0,0,0,no run,0,,,69/4
1047363,2,13,6,Umashankar Sushil,Subramanian Anand,R Rajkumar,1,1,0,run,0,,,70/4
1047363,2,13,7,Subramanian Anand,Umashankar Sushil,R Rajkumar,2,2,0,run,0,,,72/4
1047363,2,14,1,Umashankar Sushil,Subramanian Anand,M Suresh Babu,0,0,0,no run,0,,,72/4
1047363,2,14,2,Umashankar Sushil,Subramanian Anand,M Suresh Babu,0,0,0,no run,0,,,72/4
1047363,2,14,3,Umashankar Sushil,Subramanian Anand,M Suresh Babu,0,0,0,out,1,caught,Umashankar Sushil,72/5
1047363,2,14,4,Akash Sumra,Subramanian Anand,M Suresh Babu,1,1,0,run,0,,,73/5
1047363,2,14,5,Subramanian Anand,Akash Sumra,M Suresh Babu,0,0,0,no run,0,,,73/5
1047363,2,14,6,Subramanian Anand,Akash Sumra,M Suresh Babu,1,1,0,run,0,,,74/5
1047363,2,15,1,Subramanian Anand,Akash Sumra,Ramsingh Sonu Yadav,1,0,1,wide,0,,,75/5
1047363,2,15,2,Subramanian Anand,Akash Sumra,Ramsingh Sonu Yadav,0,0,0,no run,0,,,75/5
1047363,2,15,3,Subramanian Anand,Akash Sumra,Ramsingh Sonu Yadav,1,1,0,run,0,,,76/5
1047363,2,15,4,Akash Sumra,Subramanian Anand,Ramsingh Sonu Yadav,2,2,0,run,0,,,78/5
1047363,2,15,5,Akash Sumra,Subramanian Anand,Ramsingh Sonu Yadav,1,0,1,leg bye,0,,,79/5
1047363,2,15,6,Subramanian Anand,Akash Sumra,Ramsingh Sonu Yadav,0,0,0,out,1,caught,Subramanian Anand,79/6
1047363,2,15,7,Akash Sumra,Antony Chandrasekaran Aswin Crist,Ramsingh Sonu Yadav,4,4,0,four,0,,,83/6
1047363,2,16,1,Antony Chandrasekaran Aswin Crist,Akash Sumra,S Mohan Prasath,0,0,0,no run,0,,,83/6
1047363,2,16,2,Antony Chandrasekaran Aswin Crist,Akash Sumra,S Mohan Prasath,1,1,0,run,0,,,84/6
1047363,2,16,3,Akash Sumra,Antony Chandrasekaran Aswin Crist,S Mohan Prasath,1,1,0,run,0,,,85/6
1047363,2,16,4,Antony Chandrasekaran Aswin Crist,Akash Sumra,S Mohan Prasath,0,0,0,no run,0,,,85/6
1047363,2,16,5,Antony Chandrasekaran Aswin Crist,Akash Sumra,S Mohan Prasath,0,0,0,no run,0,,,85/6
1047363,2,16,6,Antony Chandrasekaran Aswin Crist,Akash Sumra,S Mohan Prasath,0,0,0,no run,0,,,85/6
1047363,2,17,1,Akash Sumra,Antony Chandrasekaran Aswin Crist,Chandrasekar Ganapathy,0,0,0,no run,0,,,85/6
1047363,2,17,2,Akash Sumra,Antony Chandrasekaran Aswin Crist,Chandrasekar Ganapathy,1,1,0,run,0,,,86/6
1047363,2,17,3,Antony Chandrasekaran Aswin Crist,Akash Sumra,Chandrasekar Ganapathy,1,1,0,run,0,,,87/6
1047363,2,17,4,Akash Sumra,Antony Chandrasekaran Aswin Crist,Chandrasekar Ganapathy,1,0,1,leg bye,0,,,88/6
1047363,2,17,5,Antony Chandrasekaran Aswin Crist,Akash Sumra,Chandrasekar Ganapathy,1,1,0,run,0,,,89/6
1047363,2,17,6,Akash Sumra,Antony Chandrasekaran Aswin Crist,Chandrasekar Ganapathy,2,2,0,run,0,,,91/6
1047363,2,18,1,Antony Chandrasekaran Aswin Crist,Akash Sumra,M Suresh Babu,1,1,0,run,0,,,92/6
1047363,2,18,2,Akash Sumra,Antony Chandrasekaran Aswin Crist,M Suresh Babu,0,0,0,no run,0,,,92/6
1047363,2,18,3,Akash Sumra,Antony Chandrasekaran Aswin Crist,M Suresh Babu,2,2,0,run,0,,,94/6
1047363,2,18,4,Akash Sumra,Antony Chandrasekaran Aswin Crist,M Suresh Babu,0,0,0,no run,0,,,94/6
1047363,2,18,5,Akash Sumra,Antony Chandrasekaran Aswin Crist,M Suresh Babu,0,0,0,no run,0,,,94/6
1047363,2,18,6,Akash Sumra,Antony Chandrasekaran Aswin Crist,M Suresh Babu,1,1,0,run,0,,,95/6
1047363,2,19,1,Akash Sumra,Antony Chandrasekaran Aswin Crist,R Rajkumar,1,1,0,run,0,,,96/6
1047363,2,19,2,Antony Chandrasekaran Aswin Crist,Akash Sumra,R Rajkumar,1,0,1,bye,0,,,97/6
1047363,2,19,3,Akash Sumra,Antony Chandrasekaran Aswin Crist,R Rajkumar,1,1,0,run,0,,,98/6
1047363,2,19,4,Antony Chandrasekaran Aswin Crist,Akash Sumra,R Rajkumar,1,1,0,run,0,,,99/6
1047363,2,19,5,Akash Sumra,Antony Chandrasekaran Aswin Crist,R Rajkumar,0,0,0,no run,0,,,99/6
1047363,2,19,6,Akash Sumra,Antony Chandrasekaran Aswin Crist,R Rajkumar,1,1,0,run,0,,,100/6
1047363,2,20,1,Akash Sumra,Antony Chandrasekaran Aswin Crist,Chandrasekar Ganapathy,1,1,0,run,0,,,101/6
1047363,2,20,2,Antony Chandrasekaran Aswin Crist,Akash Sumra,Chandrasekar Ganapathy,0,0,0,out,1,caught,Antony Chandrasekaran Aswin Crist,101/7
1047363,2,20,3,Akash Sumra,Lakshmipathy Balaji,Chandrasekar Ganapathy,0,0,0,out,1,caught,Akash Sumra,101/8
1047363,2,20,4,Lakshmipathy Balaji,0,Chandrasekar Ganapathy,1,1,0,run,0,,,102/8
1047363,2,20,5,M Ganesh Moorthi,Lakshmipathy Balaji,Chandrasekar Ganapathy,0,0,0,out,1,caught,M Ganesh Moorthi,102/9
1047363,2,20,6,Lakshmipathy Balaji,Raju Aushik Srinivas,Chandrasekar Ganapathy,1,1,0,run,0,,,103/9
1047365,1,1,1,Kumaran Bharath Shankar,0,Rajagopal Sathish,6,6,0,six,0,,,6/0
1047365,1,1,2,Kumaran Bharath Shankar,0,Rajagopal Sathish,4,4,0,four,0,,,10/0
1047365,1,1,3,Kumaran Bharath Shankar,0,Rajagopal Sathish,1,1,0,run,0,,,11/0
1047365,1,1,4,R Nilesh Subramanian,Kumaran Bharath Shankar,Rajagopal Sathish,0,0,0,no run,0,,,11/0
1047365,1,1,5,R Nilesh Subramanian,Kumaran Bharath Shankar,Rajagopal Sathish,0,0,0,no run,0,,,11/0
1047365,1,1,6,R Nilesh Subramanian,Kumaran Bharath Shankar,Rajagopal Sathish,0,0,0,no run,0,,,11/0
1047365,1,2,1,Kumaran Bharath Shankar,R Nilesh Subramanian,Ramadoss Alexander,0,0,0,no run,0,,,11/0
1047365,1,2,2,Kumaran Bharath Shankar,R Nilesh Subramanian,Ramadoss Alexander,1,1,0,run,0,,,12/0
1047365,1,2,3,R Nilesh Subramanian,Kumaran Bharath Shankar,Ramadoss Alexander,2,2,0,run,0,,,14/0
1047365,1,2,4,R Nilesh Subramanian,Kumaran Bharath Shankar,Ramadoss Alexander,0,0,0,no run,0,,,14/0
1047365,1,2,5,R Nilesh Subramanian,Kumaran Bharath Shankar,Ramadoss Alexander,2,2,0,run,0,,,16/0
1047365,1,2,6,R Nilesh Subramanian,Kumaran Bharath Shankar,Ramadoss Alexander,4,4,0,four,0,,,20/0
1047365,1,3,1,Kumaran Bharath Shankar,R Nilesh Subramanian,Ravisrinivasan Sai Kishore,0,0,0,no run,0,,,20/0
1047365,1,3,2,Kumaran Bharath Shankar,R Nilesh Subramanian,Ravisrinivasan Sai Kishore,0,0,0,out,1,bowled,Kumaran Bharath Shankar,20/1
1047365,1,3,3,Baba Indrajith,R Nilesh Subramanian,Ravisrinivasan Sai Kishore,0,0,0,no run,0,,,20/1
1047365,1,3,4,Baba Indrajith,R Nilesh Subramanian,Ravisrinivasan Sai Kishore,0,0,0,no run,0,,,20/1
1047365,1,3,5,Baba Indrajith,R Nilesh Subramanian,Ravisrinivasan Sai Kishore,0,0,0,out,1,stumped,Baba Indrajith,20/2
1047365,1,3,6,S Siddharth,R Nilesh Subramanian,Ravisrinivasan Sai Kishore,0,0,0,no run,0,,,20/2
1047365,1,4,1,R Nilesh Subramanian,S Siddharth,Dakshinamoorthy Tamil Kumaran,4,4,0,four,0,,,24/2
1047365,1,4,2,R Nilesh Subramanian,S Siddharth,Dakshinamoorthy Tamil Kumaran,0,0,0,no run,0,,,24/2
1047365,1,4,3,R Nilesh Subramanian,S Siddharth,Dakshinamoorthy Tamil Kumaran,4,4,0,four,0,,,28/2
1047365,1,4,4,R Nilesh Subramanian,S Siddharth,Dakshinamoorthy Tamil Kumaran,1,1,0,run,0,,,29/2
1047365,1,4,5,S Siddharth,R Nilesh Subramanian,Dakshinamoorthy Tamil Kumaran,1,0,1,leg bye,0,,,30/2
1047365,1,4,6,R Nilesh Subramanian,S Siddharth,Dakshinamoorthy Tamil Kumaran,1,1,0,run,0,,,31/2
1047365,1,5,1,R Nilesh Subramanian,S Siddharth,Ravisrinivasan Sai Kishore,1,1,0,run,0,,,32/2
1047365,1,5,2,S Siddharth,R Nilesh Subramanian,Ravisrinivasan Sai Kishore,1,1,0,run,0,,,33/2
1047365,1,5,3,R Nilesh Subramanian,S Siddharth,Ravisrinivasan Sai Kishore,4,4,0,four,0,,,37/2
1047365,1,5,4,R Nilesh Subramanian,S Siddharth,Ravisrinivasan Sai Kishore,0,0,0,no run,0,,,37/2
1047365,1,5,5,R Nilesh Subramanian,S Siddharth,Ravisrinivasan Sai Kishore,1,1,0,run,0,,,38/2
1047365,1,5,6,S Siddharth,R Nilesh Subramanian,Ravisrinivasan Sai Kishore,0,0,0,no run,0,,,38/2
1047365,1,6,1,R Nilesh Subramanian,S Siddharth,Dakshinamoorthy Tamil Kumaran,1,1,0,run,0,,,39/2
1047365,1,6,2,S Siddharth,R Nilesh Subramanian,Dakshinamoorthy Tamil Kumaran,1,1,0,run,0,,,40/2
1047365,1,6,3,R Nilesh Subramanian,S Siddharth,Dakshinamoorthy Tamil Kumaran,0,0,0,out,1,caught,R Nilesh Subramanian,40/3
1047365,1,6,4,S Siddharth,0,Dakshinamoorthy Tamil Kumaran,2,2,0,run,0,,,42/3
1047365,1,6,5,S Siddharth,Masood Shahrukh Khan,Dakshinamoorthy Tamil Kumaran,0,0,0,out,1,caught,S Siddharth,42/4
1047365,1,6,6,Adithya Ganesh,Masood Shahrukh Khan,Dakshinamoorthy Tamil Kumaran,1,1,0,run,0,,,43/4
1047365,1,7,1,Adithya Ganesh,Masood Shahrukh Khan,Ramadoss Alexander,1,0,1,wide,0,,,44/4
1047365,1,7,2,Adithya Ganesh,Masood Shahrukh Khan,Ramadoss Alexander,1,1,0,run,0,,,45/4
1047365,1,7,3,Masood Shahrukh Khan,Adithya Ganesh,Ramadoss Alexander,1,1,0,run,0,,,46/4
1047365,1,7,4,Adithya Ganesh,Masood Shahrukh Khan,Ramadoss Alexander,1,1,0,run,0,,,47/4
1047365,1,7,5,Masood Shahrukh Khan,Adithya Ganesh,Ramadoss Alexander,1,1,0,run,0,,,48/4
1047365,1,7,6,Adithya Ganesh,Masood Shahrukh Khan,Ramadoss Alexander,6,6,0,six,0,,,54/4
1047365,1,7,7,Adithya Ganesh,Masood Shahrukh Khan,Ramadoss Alexander,0,0,0,out,1,caught,Adithya Ganesh,54/5
1047365,1,8,1,Jagatheesan Kousik,Masood Shahrukh Khan,Vijaykumar Yo Mahesh,0,0,0,no run,0,,,54/5
1047365,1,8,2,Jagatheesan Kousik,Masood Shahrukh Khan,Vijaykumar Yo Mahesh,1,1,0,run,0,,,55/5
1047365,1,8,3,Masood Shahrukh Khan,Jagatheesan Kousik,Vijaykumar Yo Mahesh,1,1,0,run,0,,,56/5
1047365,1,8,4,Jagatheesan Kousik,Masood Shahrukh Khan,Vijaykumar Yo Mahesh,1,1,0,run,0,,,57/5
1047365,1,8,5,Masood Shahrukh Khan,Jagatheesan Kousik,Vijaykumar Yo Mahesh,6,6,0,six,0,,,63/5
1047365,1,8,6,Masood Shahrukh Khan,Jagatheesan Kousik,Vijaykumar Yo Mahesh,1,1,0,run,0,,,64/5
1047365,1,9,1,Masood Shahrukh Khan,Jagatheesan Kousik,Ravisrinivasan Sai Kishore,0,0,0,no run,0,,,64/5
1047365,1,9,2,Masood Shahrukh Khan,Jagatheesan Kousik,Ravisrinivasan Sai Kishore,1,1,0,run,0,,,65/5
1047365,1,9,3,Jagatheesan Kousik,Masood Shahrukh Khan,Ravisrinivasan Sai Kishore,0,0,0,no run,0,,,65/5
1047365,1,9,4,Jagatheesan Kousik,Masood Shahrukh Khan,Ravisrinivasan Sai Kishore,0,0,0,no run,0,,,65/5
1047365,1,9,5,Jagatheesan Kousik,Masood Shahrukh Khan,Ravisrinivasan Sai Kishore,1,1,0,run,0,,,66/5
1047365,1,9,6,Masood Shahrukh Khan,Jagatheesan Kousik,Ravisrinivasan Sai Kishore,1,1,0,run,0,,,67/5
1047365,1,10,1,Masood Shahrukh Khan,Jagatheesan Kousik,Vijaykumar Yo Mahesh,1,0,1,wide,0,,,68/5
1047365,1,10,2,Masood Shahrukh Khan,Jagatheesan Kousik,Vijaykumar Yo Mahesh,0,0,0,no run,0,,,68/5
1047365,1,10,3,Masood Shahrukh Khan,Jagatheesan Kousik,Vijaykumar Yo Mahesh,1,1,0,run,0,,,69/5
1047365,1,10,4,Jagatheesan Kousik,Masood Shahrukh Khan,Vijaykumar Yo Mahesh,0,0,0,no run,0,,,69/5
1047365,1,10,5,Jagatheesan Kousik,Masood Shahrukh Khan,Vijaykumar Yo Mahesh,4,4,0,four,0,,,73/5
1047365,1,10,6,Jagatheesan Kousik,Masood Shahrukh Khan,Vijaykumar Yo Mahesh,0,0,0,no run,0,,,73/5
1047365,1,10,7,Jagatheesan Kousik,Masood Shahrukh Khan,Vijaykumar Yo Mahesh,1,1,0,run,0,,,74/5
1047365,1,11,1,Jagatheesan Kousik,Masood Shahrukh Khan,Wenseslaus Antony Dhas,4,4,0,four,0,,,78/5
1047365,1,11,2,Jagatheesan Kousik,Masood Shahrukh Khan,Wenseslaus Antony Dhas,0,0,0,out,1,caught,Jagatheesan Kousik,78/6
1047365,1,11,3,Masood Shahrukh Khan,0,Wenseslaus Antony Dhas,1,1,0,run,0,,,79/6
1047365,1,11,4,L Ganesh,Masood Shahrukh Khan,Wenseslaus Antony Dhas,0,0,0,out,1,run out,L Ganesh,79/7
1047365,1,11,5,Masood Shahrukh Khan,0,Wenseslaus Antony Dhas,0,0,0,no run,0,,,79/7
1047365,1,11,6,Masood Shahrukh Khan,Murthy Prabhu,Wenseslaus Antony Dhas,6,6,0,six,0,,,85/7
1047365,1,12,1,Murthy Prabhu,Masood Shahrukh Khan,Dakshinamoorthy Tamil Kumaran,0,0,0,no run,0,,,85/7
1047365,1,12,2,Murthy Prabhu,Masood Shahrukh Khan,Dakshinamoorthy Tamil Kumaran,2,2,0,run,0,,,87/7
1047365,1,12,3,Murthy Prabhu,Masood Shahrukh Khan,Dakshinamoorthy Tamil Kumaran,0,0,0,out,1,caught,Murthy Prabhu,87/8
1047365,1,12,4,Masood Shahrukh Khan,0,Dakshinamoorthy Tamil Kumaran,6,6,0,six,0,,,93/8
1047365,1,12,5,Masood Shahrukh Khan,Rajamani Jesuraj,Dakshinamoorthy Tamil Kumaran,0,0,0,out,1,bowled,Masood Shahrukh Khan,93/9
1047365,1,12,6, Rangaraj Suthesh,Rajamani Jesuraj,Dakshinamoorthy Tamil Kumaran,1,1,0,run,0,,,94/9
1047365,1,13,1, Rangaraj Suthesh,Rajamani Jesuraj,Wenseslaus Antony Dhas,0,0,0,no run,0,,,94/9
1047365,1,13,2, Rangaraj Suthesh,Rajamani Jesuraj,Wenseslaus Antony Dhas,0,0,0,no run,0,,,94/9
1047365,1,13,3, Rangaraj Suthesh,Rajamani Jesuraj,Wenseslaus Antony Dhas,1,1,0,run,0,,,95/9
1047365,1,13,4,Rajamani Jesuraj, Rangaraj Suthesh,Wenseslaus Antony Dhas,1,1,0,run,0,,,96/9
1047365,1,13,5, Rangaraj Suthesh,Rajamani Jesuraj,Wenseslaus Antony Dhas,1,1,0,run,0,,,97/9
1047365,1,13,6,Rajamani Jesuraj, Rangaraj Suthesh,Wenseslaus Antony Dhas,0,0,0,out,1,caught,Rajamani Jesuraj,97/10
1047365,2,1,1,Xavier Thalaivan Sargunam,0,Murthy Prabhu,1,1,0,run,0,,,1/0
1047365,2,1,2,Hari Gopinath,Xavier Thalaivan Sargunam,Murthy Prabhu,1,1,0,run,0,,,2/0
1047365,2,1,3,Xavier Thalaivan Sargunam,Hari Gopinath,Murthy Prabhu,1,1,0,run,0,,,3/0
1047365,2,1,4,Hari Gopinath,Xavier Thalaivan Sargunam,Murthy Prabhu,1,1,0,run,0,,,4/0
1047365,2,1,5,Xavier Thalaivan Sargunam,Hari Gopinath,Murthy Prabhu,1,1,0,run,0,,,5/0
1047365,2,1,6,Hari Gopinath,Xavier Thalaivan Sargunam,Murthy Prabhu,0,0,0,out,1,caught,Hari Gopinath,5/1
1047365,2,2,1,Xavier Thalaivan Sargunam,0,Rajamani Jesuraj,0,0,0,no run,0,,,5/1
1047365,2,2,2,Xavier Thalaivan Sargunam,0,Rajamani Jesuraj,1,0,1,wide,0,,,6/1
1047365,2,2,3,Xavier Thalaivan Sargunam,0,Rajamani Jesuraj,0,0,0,no run,0,,,6/1
1047365,2,2,4,Xavier Thalaivan Sargunam,0,Rajamani Jesuraj,1,1,0,run,0,,,7/1
1047365,2,2,5,Sathiamoorty Vasanth Saravanan,Xavier Thalaivan Sargunam,Rajamani Jesuraj,0,0,0,no run,0,,,7/1
1047365,2,2,6,Sathiamoorty Vasanth Saravanan,Xavier Thalaivan Sargunam,Rajamani Jesuraj,1,1,0,run,0,,,8/1
1047365,2,2,7,Xavier Thalaivan Sargunam,Sathiamoorty Vasanth Saravanan,Rajamani Jesuraj,0,0,0,no run,0,,,8/1
1047365,2,3,1,Sathiamoorty Vasanth Saravanan,Xavier Thalaivan Sargunam, Rangaraj Suthesh,2,2,0,run,0,,,10/1
1047365,2,3,2,Sathiamoorty Vasanth Saravanan,Xavier Thalaivan Sargunam, Rangaraj Suthesh,0,0,0,no run,0,,,10/1
1047365,2,3,3,Sathiamoorty Vasanth Saravanan,Xavier Thalaivan Sargunam, Rangaraj Suthesh,0,0,0,no run,0,,,10/1
1047365,2,3,4,Sathiamoorty Vasanth Saravanan,Xavier Thalaivan Sargunam, Rangaraj Suthesh,0,0,0,no run,0,,,10/1
1047365,2,3,5,Sathiamoorty Vasanth Saravanan,Xavier Thalaivan Sargunam, Rangaraj Suthesh,1,1,0,run,0,,,11/1
1047365,2,3,6,Xavier Thalaivan Sargunam,Sathiamoorty Vasanth Saravanan, Rangaraj Suthesh,0,0,0,no run,0,,,11/1
1047365,2,4,1,Sathiamoorty Vasanth Saravanan,Xavier Thalaivan Sargunam,Rajamani Jesuraj,2,2,0,run,0,,,13/1
1047365,2,4,2,Sathiamoorty Vasanth Saravanan,Xavier Thalaivan Sargunam,Rajamani Jesuraj,1,1,0,run,0,,,14/1
1047365,2,4,3,Xavier Thalaivan Sargunam,Sathiamoorty Vasanth Saravanan,Rajamani Jesuraj,1,1,0,run,0,,,15/1
1047365,2,4,4,Sathiamoorty Vasanth Saravanan,Xavier Thalaivan Sargunam,Rajamani Jesuraj,1,1,0,run,0,,,16/1
1047365,2,4,5,Xavier Thalaivan Sargunam,Sathiamoorty Vasanth Saravanan,Rajamani Jesuraj,0,0,0,out,1,caught,Xavier Thalaivan Sargunam,16/2
1047365,2,4,6,Sathiamoorty Vasanth Saravanan,Jothimani Gowjith Subhash,Rajamani Jesuraj,1,1,0,run,0,,,17/2
1047365,2,5,1,Sathiamoorty Vasanth Saravanan,Jothimani Gowjith Subhash,L Ganesh,1,1,0,run,0,,,18/2
1047365,2,5,2,Jothimani Gowjith Subhash,Sathiamoorty Vasanth Saravanan,L Ganesh,0,0,0,no run,0,,,18/2
1047365,2,5,3,Jothimani Gowjith Subhash,Sathiamoorty Vasanth Saravanan,L Ganesh,1,1,0,run,0,,,19/2
1047365,2,5,4,Sathiamoorty Vasanth Saravanan,Jothimani Gowjith Subhash,L Ganesh,1,1,0,run,0,,,20/2
1047365,2,5,5,Jothimani Gowjith Subhash,Sathiamoorty Vasanth Saravanan,L Ganesh,1,1,0,run,0,,,21/2
1047365,2,5,6,Sathiamoorty Vasanth Saravanan,Jothimani Gowjith Subhash,L Ganesh,1,1,0,run,0,,,22/2
1047365,2,6,1,Sathiamoorty Vasanth Saravanan,Jothimani Gowjith Subhash,Jagatheesan Kousik,0,0,0,no run,0,,,22/2
1047365,2,6,2,Sathiamoorty Vasanth Saravanan,Jothimani Gowjith Subhash,Jagatheesan Kousik,6,6,0,six,0,,,28/2
1047365,2,6,3,Sathiamoorty Vasanth Saravanan,Jothimani Gowjith Subhash,Jagatheesan Kousik,6,6,0,six,0,,,34/2
1047365,2,6,4,Sathiamoorty Vasanth Saravanan,Jothimani Gowjith Subhash,Jagatheesan Kousik,1,1,0,run,0,,,35/2
1047365,2,6,5,Jothimani Gowjith Subhash,Sathiamoorty Vasanth Saravanan,Jagatheesan Kousik,1,1,0,run,0,,,36/2
1047365,2,6,6,Sathiamoorty Vasanth Saravanan,Jothimani Gowjith Subhash,Jagatheesan Kousik,4,4,0,four,0,,,40/2
1047365,2,7,1,Jothimani Gowjith Subhash,Sathiamoorty Vasanth Saravanan,L Ganesh,1,1,0,run,0,,,41/2
1047365,2,7,2,Sathiamoorty Vasanth Saravanan,Jothimani Gowjith Subhash,L Ganesh,1,1,0,run,0,,,42/2
1047365,2,7,3,Jothimani Gowjith Subhash,Sathiamoorty Vasanth Saravanan,L Ganesh,0,0,0,no run,0,,,42/2
1047365,2,7,4,Jothimani Gowjith Subhash,Sathiamoorty Vasanth Saravanan,L Ganesh,0,0,0,no run,0,,,42/2
1047365,2,7,5,Jothimani Gowjith Subhash,Sathiamoorty Vasanth Saravanan,L Ganesh,4,4,0,four,0,,,46/2
1047365,2,7,6,Jothimani Gowjith Subhash,Sathiamoorty Vasanth Saravanan,L Ganesh,1,1,0,run,0,,,47/2
1047365,2,8,1,Jothimani Gowjith Subhash,Sathiamoorty Vasanth Saravanan, Rangaraj Suthesh,4,4,0,four,0,,,51/2
1047365,2,8,2,Jothimani Gowjith Subhash,Sathiamoorty Vasanth Saravanan, Rangaraj Suthesh,1,0,1,wide,0,,,52/2
1047365,2,8,3,Jothimani Gowjith Subhash,Sathiamoorty Vasanth Saravanan, Rangaraj Suthesh,1,1,0,run,0,,,53/2
1047365,2,8,4,Sathiamoorty Vasanth Saravanan,Jothimani Gowjith Subhash, Rangaraj Suthesh,1,1,0,run,0,,,54/2
1047365,2,8,5,Jothimani Gowjith Subhash,Sathiamoorty Vasanth Saravanan, Rangaraj Suthesh,1,0,1,wide,0,,,55/2
1047365,2,8,6,Jothimani Gowjith Subhash,Sathiamoorty Vasanth Saravanan, Rangaraj Suthesh,6,6,0,six,0,,,61/2
1047365,2,8,7,Jothimani Gowjith Subhash,Sathiamoorty Vasanth Saravanan, Rangaraj Suthesh,1,1,0,run,0,,,62/2
1047365,2,8,8,Sathiamoorty Vasanth Saravanan,Jothimani Gowjith Subhash, Rangaraj Suthesh,4,4,0,four,0,,,66/2
1047365,2,9,1,Jothimani Gowjith Subhash,Sathiamoorty Vasanth Saravanan,Murthy Prabhu,1,1,0,run,0,,,67/2
1047365,2,9,2,Sathiamoorty Vasanth Saravanan,Jothimani Gowjith Subhash,Murthy Prabhu,4,4,0,four,0,,,71/2
1047365,2,9,3,Sathiamoorty Vasanth Saravanan,Jothimani Gowjith Subhash,Murthy Prabhu,1,1,0,run,0,,,72/2
1047365,2,9,4,Jothimani Gowjith Subhash,Sathiamoorty Vasanth Saravanan,Murthy Prabhu,0,0,0,no run,0,,,72/2
1047365,2,9,5,Jothimani Gowjith Subhash,Sathiamoorty Vasanth Saravanan,Murthy Prabhu,1,1,0,run,0,,,73/2
1047365,2,9,6,Sathiamoorty Vasanth Saravanan,Jothimani Gowjith Subhash,Murthy Prabhu,1,1,0,run,0,,,74/2
1047365,2,10,1,Sathiamoorty Vasanth Saravanan,Jothimani Gowjith Subhash,Rajamani Jesuraj,1,1,0,run,0,,,75/2
1047365,2,10,2,Jothimani Gowjith Subhash,Sathiamoorty Vasanth Saravanan,Rajamani Jesuraj,0,0,0,out,1,bowled,Jothimani Gowjith Subhash,75/3
1047365,2,10,3,Rajagopal Sathish,Sathiamoorty Vasanth Saravanan,Rajamani Jesuraj,0,0,0,no run,0,,,75/3
1047365,2,10,4,Rajagopal Sathish,Sathiamoorty Vasanth Saravanan,Rajamani Jesuraj,1,0,1,wide,0,,,76/3
1047365,2,10,5,Rajagopal Sathish,Sathiamoorty Vasanth Saravanan,Rajamani Jesuraj,1,1,0,run,0,,,77/3
1047365,2,10,6,Sathiamoorty Vasanth Saravanan,Rajagopal Sathish,Rajamani Jesuraj,1,0,1,leg bye,0,,,78/3
1047365,2,10,7,Rajagopal Sathish,Sathiamoorty Vasanth Saravanan,Rajamani Jesuraj,1,1,0,run,0,,,79/3
1047365,2,11,1,Rajagopal Sathish,Sathiamoorty Vasanth Saravanan, Rangaraj Suthesh,6,6,0,six,0,,,85/3
1047365,2,11,2,Rajagopal Sathish,Sathiamoorty Vasanth Saravanan, Rangaraj Suthesh,1,1,0,run,0,,,86/3
1047365,2,11,3,Sathiamoorty Vasanth Saravanan,Rajagopal Sathish, Rangaraj Suthesh,0,0,0,no run,0,,,86/3
1047365,2,11,4,Sathiamoorty Vasanth Saravanan,Rajagopal Sathish, Rangaraj Suthesh,0,0,0,no run,0,,,86/3
1047365,2,11,5,Sathiamoorty Vasanth Saravanan,Rajagopal Sathish, Rangaraj Suthesh,1,1,0,run,0,,,87/3
1047365,2,11,6,Rajagopal Sathish,Sathiamoorty Vasanth Saravanan, Rangaraj Suthesh,2,1,1,run,0,,,89/3
1047365,2,11,7,Sathiamoorty Vasanth Saravanan,Rajagopal Sathish, Rangaraj Suthesh,1,1,0,run,0,,,90/3
1047365,2,12,1,Sathiamoorty Vasanth Saravanan,Rajagopal Sathish,Murthy Prabhu,1,1,0,run,0,,,91/3
1047365,2,12,2,Rajagopal Sathish,Sathiamoorty Vasanth Saravanan,Murthy Prabhu,1,1,0,run,0,,,92/3
1047365,2,12,3,Sathiamoorty Vasanth Saravanan,Rajagopal Sathish,Murthy Prabhu,4,4,0,four,0,,,96/3
1047365,2,12,4,Sathiamoorty Vasanth Saravanan,Rajagopal Sathish,Murthy Prabhu,1,1,0,run,0,,,97/3
1047365,2,12,5,Rajagopal Sathish,Sathiamoorty Vasanth Saravanan,Murthy Prabhu,6,6,0,six,0,,,103/3
1047367,1,1,1,Kaushik Mohan Gandhi,0,Vaithianathan Rajamoney Sornendhra Guru Kedarnath,1,1,0,run,0,,,1/0
1047367,1,1,2,Abhinav Mukund,Kaushik Mohan Gandhi,Vaithianathan Rajamoney Sornendhra Guru Kedarnath,0,0,0,no run,0,,,1/0
1047367,1,1,3,Abhinav Mukund,Kaushik Mohan Gandhi,Vaithianathan Rajamoney Sornendhra Guru Kedarnath,1,1,0,run,0,,,2/0
1047367,1,1,4,Kaushik Mohan Gandhi,Abhinav Mukund,Vaithianathan Rajamoney Sornendhra Guru Kedarnath,1,1,0,run,0,,,3/0
1047367,1,1,5,Abhinav Mukund,Kaushik Mohan Gandhi,Vaithianathan Rajamoney Sornendhra Guru Kedarnath,1,1,0,run,0,,,4/0
1047367,1,1,6,Kaushik Mohan Gandhi,Abhinav Mukund,Vaithianathan Rajamoney Sornendhra Guru Kedarnath,0,0,0,no run,0,,,4/0
1047367,1,2,1,Abhinav Mukund,Kaushik Mohan Gandhi,Thangarasu Natarajan,0,0,0,no run,0,,,4/0
1047367,1,2,2,Abhinav Mukund,Kaushik Mohan Gandhi,Thangarasu Natarajan,0,0,0,no run,0,,,4/0
1047367,1,2,3,Abhinav Mukund,Kaushik Mohan Gandhi,Thangarasu Natarajan,0,0,0,no run,0,,,4/0
1047367,1,2,4,Abhinav Mukund,Kaushik Mohan Gandhi,Thangarasu Natarajan,1,1,0,run,0,,,5/0
1047367,1,2,5,Kaushik Mohan Gandhi,Abhinav Mukund,Thangarasu Natarajan,0,0,0,no run,0,,,5/0
1047367,1,2,6,Kaushik Mohan Gandhi,Abhinav Mukund,Thangarasu Natarajan,4,4,0,four,0,,,9/0
1047367,1,3,1,Abhinav Mukund,Kaushik Mohan Gandhi,Vaithianathan Rajamoney Sornendhra Guru Kedarnath,1,1,0,run,0,,,10/0
1047367,1,3,2,Kaushik Mohan Gandhi,Abhinav Mukund,Vaithianathan Rajamoney Sornendhra Guru Kedarnath,0,0,0,no run,0,,,10/0
1047367,1,3,3,Kaushik Mohan Gandhi,Abhinav Mukund,Vaithianathan Rajamoney Sornendhra Guru Kedarnath,1,1,0,run,0,,,11/0
1047367,1,3,4,Abhinav Mukund,Kaushik Mohan Gandhi,Vaithianathan Rajamoney Sornendhra Guru Kedarnath,0,0,0,no run,0,,,11/0
1047367,1,3,5,Abhinav Mukund,Kaushik Mohan Gandhi,Vaithianathan Rajamoney Sornendhra Guru Kedarnath,1,1,0,run,0,,,12/0
1047367,1,3,6,Kaushik Mohan Gandhi,Abhinav Mukund,Vaithianathan Rajamoney Sornendhra Guru Kedarnath,1,1,0,run,0,,,13/0
1047367,1,4,1,Kaushik Mohan Gandhi,Abhinav Mukund,MS Sanjay,0,0,0,no run,0,,,13/0
1047367,1,4,2,Kaushik Mohan Gandhi,Abhinav Mukund,MS Sanjay,0,0,0,no run,0,,,13/0
1047367,1,4,3,Kaushik Mohan Gandhi,Abhinav Mukund,MS Sanjay,4,4,0,four,0,,,17/0
1047367,1,4,4,Kaushik Mohan Gandhi,Abhinav Mukund,MS Sanjay,4,4,0,four,0,,,21/0
1047367,1,4,5,Kaushik Mohan Gandhi,Abhinav Mukund,MS Sanjay,1,1,0,run,0,,,22/0
1047367,1,4,6,Abhinav Mukund,Kaushik Mohan Gandhi,MS Sanjay,0,0,0,no run,0,,,22/0
1047367,1,5,1,Kaushik Mohan Gandhi,Abhinav Mukund,Vaithianathan Rajamoney Sornendhra Guru Kedarnath,6,6,0,six,0,,,28/0
1047367,1,5,2,Kaushik Mohan Gandhi,Abhinav Mukund,Vaithianathan Rajamoney Sornendhra Guru Kedarnath,1,1,0,run,0,,,29/0
1047367,1,5,3,Abhinav Mukund,Kaushik Mohan Gandhi,Vaithianathan Rajamoney Sornendhra Guru Kedarnath,1,1,0,run,0,,,30/0
1047367,1,5,4,Kaushik Mohan Gandhi,Abhinav Mukund,Vaithianathan Rajamoney Sornendhra Guru Kedarnath,1,1,0,run,0,,,31/0
1047367,1,5,5,Abhinav Mukund,Kaushik Mohan Gandhi,Vaithianathan Rajamoney Sornendhra Guru Kedarnath,1,1,0,run,0,,,32/0
1047367,1,5,6,Kaushik Mohan Gandhi,Abhinav Mukund,Vaithianathan Rajamoney Sornendhra Guru Kedarnath,1,1,0,run,0,,,33/0
1047367,1,6,1,Kaushik Mohan Gandhi,Abhinav Mukund,Thangarasu Natarajan,0,0,0,no run,0,,,33/0
1047367,1,6,2,Kaushik Mohan Gandhi,Abhinav Mukund,Thangarasu Natarajan,4,4,0,four,0,,,37/0
1047367,1,6,3,Kaushik Mohan Gandhi,Abhinav Mukund,Thangarasu Natarajan,1,0,1,wide,0,,,38/0
1047367,1,6,4,Kaushik Mohan Gandhi,Abhinav Mukund,Thangarasu Natarajan,0,0,0,no run,0,,,38/0
1047367,1,6,5,Kaushik Mohan Gandhi,Abhinav Mukund,Thangarasu Natarajan,1,1,0,run,0,,,39/0
1047367,1,6,6,Abhinav Mukund,Kaushik Mohan Gandhi,Thangarasu Natarajan,1,0,1,leg bye,0,,,40/0
1047367,1,6,7,Kaushik Mohan Gandhi,Abhinav Mukund,Thangarasu Natarajan,4,4,0,four,0,,,44/0
1047367,1,7,1,Abhinav Mukund,Kaushik Mohan Gandhi,MS Sanjay,1,1,0,run,0,,,45/0
1047367,1,7,2,Kaushik Mohan Gandhi,Abhinav Mukund,MS Sanjay,0,0,0,out,1,caught,Kaushik Mohan Gandhi,45/1
1047367,1,7,3,Washington Sundar,Abhinav Mukund,MS Sanjay,1,1,0,run,0,,,46/1
1047367,1,7,4,Abhinav Mukund,Washington Sundar,MS Sanjay,0,0,0,no run,0,,,46/1
1047367,1,7,5,Abhinav Mukund,Washington Sundar,MS Sanjay,4,4,0,four,0,,,50/1
1047367,1,7,6,Abhinav Mukund,Washington Sundar,MS Sanjay,1,1,0,run,0,,,51/1
1047367,1,8,1,Abhinav Mukund,Washington Sundar,Wilkins Joseph Victor,1,1,0,run,0,,,52/1
1047367,1,8,2,Washington Sundar,Abhinav Mukund,Wilkins Joseph Victor,2,2,0,run,0,,,54/1
1047367,1,8,3,Washington Sundar,Abhinav Mukund,Wilkins Joseph Victor,0,0,0,out,1,stumped,Washington Sundar,54/2
1047367,1,8,4,SP Nathan,Abhinav Mukund,Wilkins Joseph Victor,4,4,0,four,0,,,58/2
1047367,1,8,5,SP Nathan,Abhinav Mukund,Wilkins Joseph Victor,0,0,0,no run,0,,,58/2
1047367,1,8,6,SP Nathan,Abhinav Mukund,Wilkins Joseph Victor,6,6,0,six,0,,,64/2
1047367,1,9,1,Abhinav Mukund,SP Nathan,Murugan Ashwin,0,0,0,no run,0,,,64/2
1047367,1,9,2,Abhinav Mukund,SP Nathan,Murugan Ashwin,1,1,0,run,0,,,65/2
1047367,1,9,3,SP Nathan,Abhinav Mukund,Murugan Ashwin,1,1,0,run,0,,,66/2
1047367,1,9,4,Abhinav Mukund,SP Nathan,Murugan Ashwin,1,1,0,run,0,,,67/2
1047367,1,9,5,SP Nathan,Abhinav Mukund,Murugan Ashwin,0,0,0,no run,0,,,67/2
1047367,1,9,6,SP Nathan,Abhinav Mukund,Murugan Ashwin,1,1,0,run,0,,,68/2
1047367,1,10,1,SP Nathan,Abhinav Mukund,Yamuna Sunny Kumar Singh,1,0,1,leg bye,0,,,69/2
1047367,1,10,2,Abhinav Mukund,SP Nathan,Yamuna Sunny Kumar Singh,0,0,0,no run,0,,,69/2
1047367,1,10,3,Abhinav Mukund,SP Nathan,Yamuna Sunny Kumar Singh,1,1,0,run,0,,,70/2
1047367,1,10,4,SP Nathan,Abhinav Mukund,Yamuna Sunny Kumar Singh,0,0,0,no run,0,,,70/2
1047367,1,10,5,SP Nathan,Abhinav Mukund,Yamuna Sunny Kumar Singh,1,1,0,run,0,,,71/2
1047367,1,10,6,Abhinav Mukund,SP Nathan,Yamuna Sunny Kumar Singh,4,4,0,four,0,,,75/2
1047367,1,11,1,SP Nathan,Abhinav Mukund,Murugan Ashwin,0,0,0,no run,0,,,75/2
1047367,1,11,2,SP Nathan,Abhinav Mukund,Murugan Ashwin,1,1,0,run,0,,,76/2
1047367,1,11,3,Abhinav Mukund,SP Nathan,Murugan Ashwin,1,1,0,run,0,,,77/2
1047367,1,11,4,SP Nathan,Abhinav Mukund,Murugan Ashwin,2,2,0,run,0,,,79/2
1047367,1,11,5,SP Nathan,Abhinav Mukund,Murugan Ashwin,0,0,0,no run,0,,,79/2
1047367,1,11,6,SP Nathan,Abhinav Mukund,Murugan Ashwin,0,0,0,no run,0,,,79/2
1047367,1,12,1,Abhinav Mukund,SP Nathan,Yamuna Sunny Kumar Singh,2,2,0,run,0,,,81/2
1047367,1,12,2,Abhinav Mukund,SP Nathan,Yamuna Sunny Kumar Singh,0,0,0,no run,0,,,81/2
1047367,1,12,3,Abhinav Mukund,SP Nathan,Yamuna Sunny Kumar Singh,0,0,0,out,1,caught,Abhinav Mukund,81/3
1047367,1,12,4,SP Nathan,0,Yamuna Sunny Kumar Singh,1,1,0,run,0,,,82/3
1047367,1,12,5,Subramanian Anand,SP Nathan,Yamuna Sunny Kumar Singh,1,1,0,run,0,,,83/3
1047367,1,12,6,SP Nathan,Subramanian Anand,Yamuna Sunny Kumar Singh,0,0,0,no run,0,,,83/3
1047367,1,13,1,Subramanian Anand,SP Nathan,Murugan Ashwin,1,1,0,run,0,,,84/3
1047367,1,13,2,SP Nathan,Subramanian Anand,Murugan Ashwin,1,1,0,run,0,,,85/3
1047367,1,13,3,Subramanian Anand,SP Nathan,Murugan Ashwin,0,0,0,no run,0,,,85/3
1047367,1,13,4,Subramanian Anand,SP Nathan,Murugan Ashwin,2,2,0,run,0,,,87/3
1047367,1,13,5,Subramanian Anand,SP Nathan,Murugan Ashwin,0,0,0,no run,0,,,87/3
1047367,1,13,6,Subramanian Anand,SP Nathan,Murugan Ashwin,0,0,0,no run,0,,,87/3
1047367,1,14,1,SP Nathan,Subramanian Anand,Yamuna Sunny Kumar Singh,1,1,0,run,0,,,88/3
1047367,1,14,2,Subramanian Anand,SP Nathan,Yamuna Sunny Kumar Singh,0,0,0,no run,0,,,88/3
1047367,1,14,3,Subramanian Anand,SP Nathan,Yamuna Sunny Kumar Singh,0,0,0,no run,0,,,88/3
1047367,1,14,4,Subramanian Anand,SP Nathan,Yamuna Sunny Kumar Singh,6,6,0,six,0,,,94/3
1047367,1,14,5,Subramanian Anand,SP Nathan,Yamuna Sunny Kumar Singh,0,0,0,out,1,leg before wicket,Subramanian Anand,94/4
1047367,1,14,6,Umashankar Sushil,SP Nathan,Yamuna Sunny Kumar Singh,1,1,0,run,0,,,95/4
1047367,1,15,1,Umashankar Sushil,SP Nathan,Thangarasu Natarajan,1,1,0,run,0,,,96/4
1047367,1,15,2,SP Nathan,Umashankar Sushil,Thangarasu Natarajan,0,0,0,no run,0,,,96/4
1047367,1,15,3,SP Nathan,Umashankar Sushil,Thangarasu Natarajan,1,1,0,run,0,,,97/4
1047367,1,15,4,Umashankar Sushil,SP Nathan,Thangarasu Natarajan,0,0,0,no run,0,,,97/4
1047367,1,15,5,Umashankar Sushil,SP Nathan,Thangarasu Natarajan,0,0,0,no run,0,,,97/4
1047367,1,15,6,Umashankar Sushil,SP Nathan,Thangarasu Natarajan,1,1,0,run,0,,,98/4
1047367,1,16,1,Umashankar Sushil,SP Nathan,MS Sanjay,0,0,0,no run,0,,,98/4
1047367,1,16,2,Umashankar Sushil,SP Nathan,MS Sanjay,0,0,0,no run,0,,,98/4
1047367,1,16,3,Umashankar Sushil,SP Nathan,MS Sanjay,0,0,0,no run,0,,,98/4
1047367,1,16,4,Umashankar Sushil,SP Nathan,MS Sanjay,1,1,0,run,0,,,99/4
1047367,1,16,5,SP Nathan,Umashankar Sushil,MS Sanjay,0,0,0,out,1,stumped,SP Nathan,99/5
1047367,1,16,6,Akash Sumra,Umashankar Sushil,MS Sanjay,1,1,0,run,0,,,100/5
1047367,1,17,1,Akash Sumra,Umashankar Sushil,Yamuna Sunny Kumar Singh,1,1,0,run,0,,,101/5
1047367,1,17,2,Umashankar Sushil,Akash Sumra,Yamuna Sunny Kumar Singh,1,1,0,run,0,,,102/5
1047367,1,17,3,Akash Sumra,Umashankar Sushil,Yamuna Sunny Kumar Singh,1,1,0,run,0,,,103/5
1047367,1,17,4,Umashankar Sushil,Akash Sumra,Yamuna Sunny Kumar Singh,1,1,0,run,0,,,104/5
1047367,1,17,5,Akash Sumra,Umashankar Sushil,Yamuna Sunny Kumar Singh,1,1,0,run,0,,,105/5
1047367,1,17,6,Umashankar Sushil,Akash Sumra,Yamuna Sunny Kumar Singh,1,1,0,run,0,,,106/5
1047367,1,18,1,Umashankar Sushil,Akash Sumra,MS Sanjay,0,0,0,no run,0,,,106/5
1047367,1,18,2,Umashankar Sushil,Akash Sumra,MS Sanjay,0,0,0,out,1,caught,Umashankar Sushil,106/6
1047367,1,18,3,Akash Sumra,0,MS Sanjay,0,0,0,no run,0,,,106/6
1047367,1,18,4,Akash Sumra,0,MS Sanjay,1,0,1,bye,0,,,107/6
1047367,1,18,5,Antony Chandrasekaran Aswin Crist,Akash Sumra,MS Sanjay,0,0,0,no run,0,,,107/6
1047367,1,18,6,Antony Chandrasekaran Aswin Crist,Akash Sumra,MS Sanjay,0,0,0,no run,0,,,107/6
1047367,1,19,1,Akash Sumra,Antony Chandrasekaran Aswin Crist,Murugan Ashwin,2,2,0,run,0,,,109/6
1047367,1,19,2,Akash Sumra,Antony Chandrasekaran Aswin Crist,Murugan Ashwin,0,0,0,out,1,caught,Akash Sumra,109/7
1047367,1,19,3,Antony Chandrasekaran Aswin Crist,0,Murugan Ashwin,1,1,0,run,0,,,110/7
1047367,1,19,4,M Ganesh Moorthi,Antony Chandrasekaran Aswin Crist,Murugan Ashwin,0,0,0,no run,0,,,110/7
1047367,1,19,5,M Ganesh Moorthi,Antony Chandrasekaran Aswin Crist,Murugan Ashwin,0,0,0,out,1,caught,M Ganesh Moorthi,110/8
1047367,1,19,6,Antony Chandrasekaran Aswin Crist,R Vishaal,Murugan Ashwin,4,4,0,four,0,,,114/8
1047367,1,20,1,R Vishaal,Antony Chandrasekaran Aswin Crist,Thangarasu Natarajan,0,0,0,out,1,bowled,R Vishaal,114/9
1047367,1,20,2,Raju Aushik Srinivas,Antony Chandrasekaran Aswin Crist,Thangarasu Natarajan,1,1,0,run,0,,,115/9
1047367,1,20,3,Antony Chandrasekaran Aswin Crist,Raju Aushik Srinivas,Thangarasu Natarajan,2,2,0,run,0,,,117/9
1047367,1,20,4,Antony Chandrasekaran Aswin Crist,Raju Aushik Srinivas,Thangarasu Natarajan,1,1,0,run,0,,,118/9
1047367,1,20,5,Raju Aushik Srinivas,Antony Chandrasekaran Aswin Crist,Thangarasu Natarajan,1,0,1,bye,0,,,119/9
1047367,1,20,6,Antony Chandrasekaran Aswin Crist,Raju Aushik Srinivas,Thangarasu Natarajan,1,0,1,bye,0,,,120/9
1047367,2,1,1,Narayan Jagadeesan,0,M Ganesh Moorthi,0,0,0,no run,0,,,0/0
1047367,2,1,2,Narayan Jagadeesan,0,M Ganesh Moorthi,0,0,0,no run,0,,,0/0
1047367,2,1,3,Narayan Jagadeesan,0,M Ganesh Moorthi,4,4,0,four,0,,,4/0
1047367,2,1,4,Narayan Jagadeesan,0,M Ganesh Moorthi,1,1,0,run,0,,,5/0
1047367,2,1,5,Ganga Sridhar Raju,Narayan Jagadeesan,M Ganesh Moorthi,0,0,0,no run,0,,,5/0
1047367,2,1,6,Ganga Sridhar Raju,Narayan Jagadeesan,M Ganesh Moorthi,0,0,0,no run,0,,,5/0
1047367,2,2,1,Narayan Jagadeesan,Ganga Sridhar Raju,Antony Chandrasekaran Aswin Crist,1,1,0,run,0,,,6/0
1047367,2,2,2,Ganga Sridhar Raju,Narayan Jagadeesan,Antony Chandrasekaran Aswin Crist,1,0,1,wide,0,,,7/0
1047367,2,2,3,Ganga Sridhar Raju,Narayan Jagadeesan,Antony Chandrasekaran Aswin Crist,0,0,0,no run,0,,,7/0
1047367,2,2,4,Ganga Sridhar Raju,Narayan Jagadeesan,Antony Chandrasekaran Aswin Crist,1,0,1,wide,0,,,8/0
1047367,2,2,5,Ganga Sridhar Raju,Narayan Jagadeesan,Antony Chandrasekaran Aswin Crist,4,4,0,four,0,,,12/0
1047367,2,2,6,Ganga Sridhar Raju,Narayan Jagadeesan,Antony Chandrasekaran Aswin Crist,0,0,0,no run,0,,,12/0
1047367,2,2,7,Ganga Sridhar Raju,Narayan Jagadeesan,Antony Chandrasekaran Aswin Crist,0,0,0,no run,0,,,12/0
1047367,2,2,8,Ganga Sridhar Raju,Narayan Jagadeesan,Antony Chandrasekaran Aswin Crist,1,1,0,run,0,,,13/0
1047367,2,3,1,Ganga Sridhar Raju,Narayan Jagadeesan,Washington Sundar,0,0,0,no run,0,,,13/0
1047367,2,3,2,Ganga Sridhar Raju,Narayan Jagadeesan,Washington Sundar,1,1,0,run,0,,,14/0
1047367,2,3,3,Narayan Jagadeesan,Ganga Sridhar Raju,Washington Sundar,0,0,0,no run,0,,,14/0
1047367,2,3,4,Narayan Jagadeesan,Ganga Sridhar Raju,Washington Sundar,0,0,0,no run,0,,,14/0
1047367,2,3,5,Narayan Jagadeesan,Ganga Sridhar Raju,Washington Sundar,1,1,0,run,0,,,15/0
1047367,2,3,6,Ganga Sridhar Raju,Narayan Jagadeesan,Washington Sundar,0,0,0,no run,0,,,15/0
1047367,2,4,1,Narayan Jagadeesan,Ganga Sridhar Raju,Raju Aushik Srinivas,1,1,0,run,0,,,16/0
1047367,2,4,2,Ganga Sridhar Raju,Narayan Jagadeesan,Raju Aushik Srinivas,4,4,0,four,0,,,20/0
1047367,2,4,3,Ganga Sridhar Raju,Narayan Jagadeesan,Raju Aushik Srinivas,0,0,0,no run,0,,,20/0
1047367,2,4,4,Ganga Sridhar Raju,Narayan Jagadeesan,Raju Aushik Srinivas,1,1,0,run,0,,,21/0
1047367,2,4,5,Narayan Jagadeesan,Ganga Sridhar Raju,Raju Aushik Srinivas,0,0,0,out,1,caught,Narayan Jagadeesan,21/1
1047367,2,4,6,Murugan Ashwin,Ganga Sridhar Raju,Raju Aushik Srinivas,0,0,0,no run,0,,,21/1
1047367,2,5,1,Ganga Sridhar Raju,Murugan Ashwin,Washington Sundar,0,0,0,no run,0,,,21/1
1047367,2,5,2,Ganga Sridhar Raju,Murugan Ashwin,Washington Sundar,0,0,0,out,1,caught,Ganga Sridhar Raju,21/2
1047367,2,5,3,Murugan Ashwin,0,Washington Sundar,0,0,0,no run,0,,,21/2
1047367,2,5,4,Murugan Ashwin,0,Washington Sundar,0,0,0,no run,0,,,21/2
1047367,2,5,5,Murugan Ashwin,0,Washington Sundar,4,4,0,four,0,,,25/2
1047367,2,5,6,Murugan Ashwin,S Dinesh,Washington Sundar,0,0,0,no run,0,,,25/2
1047367,2,6,1,S Dinesh,Murugan Ashwin,M Ganesh Moorthi,0,0,0,no run,0,,,25/2
1047367,2,6,2,S Dinesh,Murugan Ashwin,M Ganesh Moorthi,1,0,1,leg bye,0,,,26/2
1047367,2,6,3,Murugan Ashwin,S Dinesh,M Ganesh Moorthi,0,0,0,no run,0,,,26/2
1047367,2,6,4,Murugan Ashwin,S Dinesh,M Ganesh Moorthi,0,0,0,no run,0,,,26/2
1047367,2,6,5,Murugan Ashwin,S Dinesh,M Ganesh Moorthi,0,0,0,no run,0,,,26/2
1047367,2,6,6,Murugan Ashwin,S Dinesh,M Ganesh Moorthi,1,1,0,run,0,,,27/2
1047367,2,7,1,Murugan Ashwin,S Dinesh,R Vishaal,1,1,0,run,0,,,28/2
1047367,2,7,2,S Dinesh,Murugan Ashwin,R Vishaal,1,1,0,run,0,,,29/2
1047367,2,7,3,Murugan Ashwin,S Dinesh,R Vishaal,0,0,0,no run,0,,,29/2
1047367,2,7,4,Murugan Ashwin,S Dinesh,R Vishaal,1,1,0,run,0,,,30/2
1047367,2,7,5,S Dinesh,Murugan Ashwin,R Vishaal,0,0,0,no run,0,,,30/2
1047367,2,7,6,S Dinesh,Murugan Ashwin,R Vishaal,1,1,0,run,0,,,31/2
1047367,2,8,1,S Dinesh,Murugan Ashwin,Raju Aushik Srinivas,0,0,0,no run,0,,,31/2
1047367,2,8,2,S Dinesh,Murugan Ashwin,Raju Aushik Srinivas,1,1,0,run,0,,,32/2
1047367,2,8,3,Murugan Ashwin,S Dinesh,Raju Aushik Srinivas,1,0,1,bye,0,,,33/2
1047367,2,8,4,S Dinesh,Murugan Ashwin,Raju Aushik Srinivas,0,0,0,no run,0,,,33/2
1047367,2,8,5,S Dinesh,Murugan Ashwin,Raju Aushik Srinivas,1,1,0,run,0,,,34/2
1047367,2,8,6,Murugan Ashwin,S Dinesh,Raju Aushik Srinivas,1,1,0,run,0,,,35/2
1047367,2,9,1,Murugan Ashwin,S Dinesh,R Vishaal,4,4,0,four,0,,,39/2
1047367,2,9,2,Murugan Ashwin,S Dinesh,R Vishaal,0,0,0,no run,0,,,39/2
1047367,2,9,3,Murugan Ashwin,S Dinesh,R Vishaal,1,1,0,run,0,,,40/2
1047367,2,9,4,S Dinesh,Murugan Ashwin,R Vishaal,1,1,0,run,0,,,41/2
1047367,2,9,5,Murugan Ashwin,S Dinesh,R Vishaal,1,0,1,wide,0,,,42/2
1047367,2,9,6,Murugan Ashwin,S Dinesh,R Vishaal,1,1,0,run,0,,,43/2
1047367,2,9,7,S Dinesh,Murugan Ashwin,R Vishaal,0,0,0,no run,0,,,43/2
1047367,2,10,1,Murugan Ashwin,S Dinesh,Washington Sundar,0,0,0,no run,0,,,43/2
1047367,2,10,2,Murugan Ashwin,S Dinesh,Washington Sundar,1,1,0,run,0,,,44/2
1047367,2,10,3,S Dinesh,Murugan Ashwin,Washington Sundar,1,1,0,run,0,,,45/2
1047367,2,10,4,Murugan Ashwin,S Dinesh,Washington Sundar,1,1,0,run,0,,,46/2
1047367,2,10,5,S Dinesh,Murugan Ashwin,Washington Sundar,1,1,0,run,0,,,47/2
1047367,2,10,6,Murugan Ashwin,S Dinesh,Washington Sundar,1,1,0,run,0,,,48/2
1047367,2,11,1,Murugan Ashwin,S Dinesh,Akash Sumra,1,1,0,run,0,,,49/2
1047367,2,11,2,S Dinesh,Murugan Ashwin,Akash Sumra,0,0,0,no run,0,,,49/2
1047367,2,11,3,S Dinesh,Murugan Ashwin,Akash Sumra,0,0,0,no run,0,,,49/2
1047367,2,11,4,S Dinesh,Murugan Ashwin,Akash Sumra,0,0,0,no run,0,,,49/2
1047367,2,11,5,S Dinesh,Murugan Ashwin,Akash Sumra,1,1,0,run,0,,,50/2
1047367,2,11,6,Murugan Ashwin,S Dinesh,Akash Sumra,1,1,0,run,0,,,51/2
1047367,2,12,1,Murugan Ashwin,S Dinesh,R Vishaal,1,1,0,run,0,,,52/2
1047367,2,12,2,S Dinesh,Murugan Ashwin,R Vishaal,0,0,0,out,1,caught,S Dinesh,52/3
1047367,2,12,3,Murugan Ashwin,0,R Vishaal,1,1,0,run,0,,,53/3
1047367,2,12,4,Ashwin Venkataraman,Murugan Ashwin,R Vishaal,0,0,0,no run,0,,,53/3
1047367,2,12,5,Ashwin Venkataraman,Murugan Ashwin,R Vishaal,1,1,0,run,0,,,54/3
1047367,2,12,6,Murugan Ashwin,Ashwin Venkataraman,R Vishaal,4,0,4,bye,0,,,58/3
1047367,2,13,1,Ashwin Venkataraman,Murugan Ashwin,Raju Aushik Srinivas,1,1,0,run,0,,,59/3
1047367,2,13,2,Murugan Ashwin,Ashwin Venkataraman,Raju Aushik Srinivas,4,4,0,four,0,,,63/3
1047367,2,13,3,Murugan Ashwin,Ashwin Venkataraman,Raju Aushik Srinivas,0,0,0,no run,0,,,63/3
1047367,2,13,4,Murugan Ashwin,Ashwin Venkataraman,Raju Aushik Srinivas,4,4,0,four,0,,,67/3
1047367,2,13,5,Murugan Ashwin,Ashwin Venkataraman,Raju Aushik Srinivas,1,1,0,run,0,,,68/3
1047367,2,13,6,Ashwin Venkataraman,Murugan Ashwin,Raju Aushik Srinivas,0,0,0,no run,0,,,68/3
1047367,2,14,1,Murugan Ashwin,Ashwin Venkataraman,Akash Sumra,0,0,0,no run,0,,,68/3
1047367,2,14,2,Murugan Ashwin,Ashwin Venkataraman,Akash Sumra,1,1,0,run,0,,,69/3
1047367,2,14,3,Ashwin Venkataraman,Murugan Ashwin,Akash Sumra,0,0,0,out,1,caught,Ashwin Venkataraman,69/4
1047367,2,14,4,Wilkins Joseph Victor,Murugan Ashwin,Akash Sumra,1,1,0,run,0,,,70/4
1047367,2,14,5,Murugan Ashwin,Wilkins Joseph Victor,Akash Sumra,1,0,1,wide,0,,,71/4
1047367,2,14,6,Murugan Ashwin,Wilkins Joseph Victor,Akash Sumra,4,4,0,four,0,,,75/4
1047367,2,14,7,Murugan Ashwin,Wilkins Joseph Victor,Akash Sumra,1,1,0,run,0,,,76/4
1047367,2,15,1,Murugan Ashwin,Wilkins Joseph Victor,M Ganesh Moorthi,1,1,0,run,0,,,77/4
1047367,2,15,2,Wilkins Joseph Victor,Murugan Ashwin,M Ganesh Moorthi,0,0,0,no run,0,,,77/4
1047367,2,15,3,Wilkins Joseph Victor,Murugan Ashwin,M Ganesh Moorthi,0,0,0,no run,0,,,77/4
1047367,2,15,4,Wilkins Joseph Victor,Murugan Ashwin,M Ganesh Moorthi,1,1,0,run,0,,,78/4
1047367,2,15,5,Murugan Ashwin,Wilkins Joseph Victor,M Ganesh Moorthi,4,4,0,four,0,,,82/4
1047367,2,15,6,Murugan Ashwin,Wilkins Joseph Victor,M Ganesh Moorthi,1,1,0,run,0,,,83/4
1047367,2,16,1,Murugan Ashwin,Wilkins Joseph Victor,Washington Sundar,1,1,0,run,0,,,84/4
1047367,2,16,2,Wilkins Joseph Victor,Murugan Ashwin,Washington Sundar,1,1,0,run,0,,,85/4
1047367,2,16,3,Murugan Ashwin,Wilkins Joseph Victor,Washington Sundar,1,1,0,run,0,,,86/4
1047367,2,16,4,Wilkins Joseph Victor,Murugan Ashwin,Washington Sundar,1,1,0,run,0,,,87/4
1047367,2,16,5,Murugan Ashwin,Wilkins Joseph Victor,Washington Sundar,1,1,0,run,0,,,88/4
1047367,2,16,6,Wilkins Joseph Victor,Murugan Ashwin,Washington Sundar,1,1,0,run,0,,,89/4
1047367,2,17,1,Wilkins Joseph Victor,Murugan Ashwin,Akash Sumra,1,1,0,run,0,,,90/4
1047367,2,17,2,Murugan Ashwin,Wilkins Joseph Victor,Akash Sumra,0,0,0,no run,0,,,90/4
1047367,2,17,3,Murugan Ashwin,Wilkins Joseph Victor,Akash Sumra,4,4,0,four,0,,,94/4
1047367,2,17,4,Murugan Ashwin,Wilkins Joseph Victor,Akash Sumra,1,1,0,run,0,,,95/4
1047367,2,17,5,Wilkins Joseph Victor,Murugan Ashwin,Akash Sumra,1,1,0,run,0,,,96/4
1047367,2,17,6,Murugan Ashwin,Wilkins Joseph Victor,Akash Sumra,1,1,0,run,0,,,97/4
1047367,2,18,1,Murugan Ashwin,Wilkins Joseph Victor,Raju Aushik Srinivas,0,0,0,no run,0,,,97/4
1047367,2,18,2,Murugan Ashwin,Wilkins Joseph Victor,Raju Aushik Srinivas,1,1,0,run,0,,,98/4
1047367,2,18,3,Wilkins Joseph Victor,Murugan Ashwin,Raju Aushik Srinivas,0,0,0,out,1,leg before wicket,Wilkins Joseph Victor,98/5
1047367,2,18,4,Rajendran Vivek,Murugan Ashwin,Raju Aushik Srinivas,0,0,0,no run,0,,,98/5
1047367,2,18,5,Rajendran Vivek,Murugan Ashwin,Raju Aushik Srinivas,1,1,0,run,0,,,99/5
1047367,2,18,6,Murugan Ashwin,Rajendran Vivek,Raju Aushik Srinivas,0,0,0,no run,0,,,99/5
1047367,2,19,1,Rajendran Vivek,Murugan Ashwin,Antony Chandrasekaran Aswin Crist,6,6,0,six,0,,,105/5
1047367,2,19,2,Rajendran Vivek,Murugan Ashwin,Antony Chandrasekaran Aswin Crist,2,0,2,leg bye,0,,,107/5
1047367,2,19,3,Rajendran Vivek,Murugan Ashwin,Antony Chandrasekaran Aswin Crist,0,0,0,out,1,bowled,Rajendran Vivek,107/6
1047367,2,19,4,Yamuna Sunny Kumar Singh,Murugan Ashwin,Antony Chandrasekaran Aswin Crist,1,1,0,run,1,run out,Yamuna Sunny Kumar Singh,108/7
1047367,2,19,5,Vaithianathan Rajamoney Sornendhra Guru Kedarnath,Murugan Ashwin,Antony Chandrasekaran Aswin Crist,1,1,0,run,0,,,109/7
1047367,2,19,6,Murugan Ashwin,Vaithianathan Rajamoney Sornendhra Guru Kedarnath,Antony Chandrasekaran Aswin Crist,6,6,0,six,0,,,115/7
1047367,2,20,1,Vaithianathan Rajamoney Sornendhra Guru Kedarnath,Murugan Ashwin,M Ganesh Moorthi,0,0,0,no run,0,,,115/7
1047367,2,20,2,Vaithianathan Rajamoney Sornendhra Guru Kedarnath,Murugan Ashwin,M Ganesh Moorthi,1,1,0,run,0,,,116/7
1047367,2,20,3,Murugan Ashwin,Vaithianathan Rajamoney Sornendhra Guru Kedarnath,M Ganesh Moorthi,1,1,0,run,0,,,117/7
1047367,2,20,4,Vaithianathan Rajamoney Sornendhra Guru Kedarnath,Murugan Ashwin,M Ganesh Moorthi,0,0,0,no run,0,,,117/7
1047367,2,20,5,Vaithianathan Rajamoney Sornendhra Guru Kedarnath,Murugan Ashwin,M Ganesh Moorthi,1,0,1,leg bye,0,,,118/7
1047367,2,20,6,Murugan Ashwin,Vaithianathan Rajamoney Sornendhra Guru Kedarnath,M Ganesh Moorthi,2,2,0,run,0,,,120/7
1047369,1,1,1,D Govindaraj,0,Murthy Prabhu,0,0,0,no run,0,,,0/0
1047369,1,1,2,D Govindaraj,N Sarangarajan Chaturved,Murthy Prabhu,0,0,0,out,1,caught,D Govindaraj,0/1
1047369,1,1,3,Baba Aparajith,N Sarangarajan Chaturved,Murthy Prabhu,0,0,0,no run,0,,,0/1
1047369,1,1,4,Baba Aparajith,N Sarangarajan Chaturved,Murthy Prabhu,4,4,0,four,0,,,4/1
1047369,1,1,5,Baba Aparajith,N Sarangarajan Chaturved,Murthy Prabhu,1,1,0,run,0,,,5/1
1047369,1,1,6,N Sarangarajan Chaturved,Baba Aparajith,Murthy Prabhu,0,0,0,no run,0,,,5/1
1047369,1,2,1,Baba Aparajith,N Sarangarajan Chaturved,Rajamani Jesuraj,4,4,0,four,0,,,9/1
1047369,1,2,2,Baba Aparajith,N Sarangarajan Chaturved,Rajamani Jesuraj,1,0,1,wide,0,,,10/1
1047369,1,2,3,Baba Aparajith,N Sarangarajan Chaturved,Rajamani Jesuraj,0,0,0,no run,0,,,10/1
1047369,1,2,4,Baba Aparajith,N Sarangarajan Chaturved,Rajamani Jesuraj,4,4,0,four,0,,,14/1
1047369,1,2,5,Baba Aparajith,N Sarangarajan Chaturved,Rajamani Jesuraj,1,1,0,run,0,,,15/1
1047369,1,2,6,N Sarangarajan Chaturved,Baba Aparajith,Rajamani Jesuraj,1,1,0,run,0,,,16/1
1047369,1,2,7,Baba Aparajith,N Sarangarajan Chaturved,Rajamani Jesuraj,0,0,0,no run,0,,,16/1
1047369,1,3,1,N Sarangarajan Chaturved,Baba Aparajith,Murthy Prabhu,1,1,0,run,0,,,17/1
1047369,1,3,2,Baba Aparajith,N Sarangarajan Chaturved,Murthy Prabhu,0,0,0,no run,0,,,17/1
1047369,1,3,3,Baba Aparajith,N Sarangarajan Chaturved,Murthy Prabhu,1,1,0,run,0,,,18/1
1047369,1,3,4,N Sarangarajan Chaturved,Baba Aparajith,Murthy Prabhu,1,1,0,run,0,,,19/1
1047369,1,3,5,Baba Aparajith,N Sarangarajan Chaturved,Murthy Prabhu,1,1,0,run,0,,,20/1
1047369,1,3,6,N Sarangarajan Chaturved,Baba Aparajith,Murthy Prabhu,4,4,0,four,0,,,24/1
1047369,1,4,1,Baba Aparajith,N Sarangarajan Chaturved,Jagatheesan Kousik,1,1,0,run,0,,,25/1
1047369,1,4,2,N Sarangarajan Chaturved,Baba Aparajith,Jagatheesan Kousik,1,1,0,run,0,,,26/1
1047369,1,4,3,Baba Aparajith,N Sarangarajan Chaturved,Jagatheesan Kousik,0,0,0,no run,0,,,26/1
1047369,1,4,4,Baba Aparajith,N Sarangarajan Chaturved,Jagatheesan Kousik,4,4,0,four,0,,,30/1
1047369,1,4,5,Baba Aparajith,N Sarangarajan Chaturved,Jagatheesan Kousik,1,1,0,run,0,,,31/1
1047369,1,4,6,N Sarangarajan Chaturved,Baba Aparajith,Jagatheesan Kousik,0,0,0,no run,0,,,31/1
1047369,1,5,1,Baba Aparajith,N Sarangarajan Chaturved,L Ganesh,1,1,0,run,0,,,32/1
1047369,1,5,2,N Sarangarajan Chaturved,Baba Aparajith,L Ganesh,6,6,0,six,0,,,38/1
1047369,1,5,3,N Sarangarajan Chaturved,Baba Aparajith,L Ganesh,1,1,0,run,0,,,39/1
1047369,1,5,4,Baba Aparajith,N Sarangarajan Chaturved,L Ganesh,4,4,0,four,0,,,43/1
1047369,1,5,5,Baba Aparajith,N Sarangarajan Chaturved,L Ganesh,4,4,0,four,0,,,47/1
1047369,1,5,6,Baba Aparajith,N Sarangarajan Chaturved,L Ganesh,0,0,0,no run,0,,,47/1
1047369,1,6,1,N Sarangarajan Chaturved,Baba Aparajith,Rajamani Jesuraj,1,1,0,run,0,,,48/1
1047369,1,6,2,Baba Aparajith,N Sarangarajan Chaturved,Rajamani Jesuraj,4,4,0,four,0,,,52/1
1047369,1,6,3,Baba Aparajith,N Sarangarajan Chaturved,Rajamani Jesuraj,6,6,0,six,0,,,58/1
1047369,1,6,4,Baba Aparajith,N Sarangarajan Chaturved,Rajamani Jesuraj,0,0,0,no run,0,,,58/1
1047369,1,6,5,Baba Aparajith,N Sarangarajan Chaturved,Rajamani Jesuraj,1,1,0,run,0,,,59/1
1047369,1,6,6,N Sarangarajan Chaturved,Baba Aparajith,Rajamani Jesuraj,0,0,0,no run,0,,,59/1
1047369,1,7,1,Baba Aparajith,N Sarangarajan Chaturved,Alagh Chelliah Prathiban,1,1,0,run,0,,,60/1
1047369,1,7,2,N Sarangarajan Chaturved,Baba Aparajith,Alagh Chelliah Prathiban,1,1,0,run,0,,,61/1
1047369,1,7,3,Baba Aparajith,N Sarangarajan Chaturved,Alagh Chelliah Prathiban,4,4,0,four,0,,,65/1
1047369,1,7,4,Baba Aparajith,N Sarangarajan Chaturved,Alagh Chelliah Prathiban,0,0,0,no run,0,,,65/1
1047369,1,7,5,Baba Aparajith,N Sarangarajan Chaturved,Alagh Chelliah Prathiban,0,0,0,no run,0,,,65/1
1047369,1,7,6,Baba Aparajith,N Sarangarajan Chaturved,Alagh Chelliah Prathiban,1,1,0,run,0,,,66/1
1047369,1,8,1,Baba Aparajith,N Sarangarajan Chaturved,L Ganesh,1,1,0,run,0,,,67/1
1047369,1,8,2,N Sarangarajan Chaturved,Baba Aparajith,L Ganesh,6,6,0,six,0,,,73/1
1047369,1,8,3,N Sarangarajan Chaturved,Baba Aparajith,L Ganesh,1,1,0,run,0,,,74/1
1047369,1,8,4,Baba Aparajith,N Sarangarajan Chaturved,L Ganesh,6,6,0,six,0,,,80/1
1047369,1,8,5,Baba Aparajith,N Sarangarajan Chaturved,L Ganesh,1,1,0,run,0,,,81/1
1047369,1,8,6,N Sarangarajan Chaturved,Baba Aparajith,L Ganesh,1,1,0,run,0,,,82/1
1047369,1,9,1,N Sarangarajan Chaturved,Baba Aparajith,Alagh Chelliah Prathiban,0,0,0,no run,0,,,82/1
1047369,1,9,2,N Sarangarajan Chaturved,Baba Aparajith,Alagh Chelliah Prathiban,1,1,0,run,0,,,83/1
1047369,1,9,3,Baba Aparajith,N Sarangarajan Chaturved,Alagh Chelliah Prathiban,1,1,0,run,0,,,84/1
1047369,1,9,4,N Sarangarajan Chaturved,Baba Aparajith,Alagh Chelliah Prathiban,4,4,0,four,0,,,88/1
1047369,1,9,5,N Sarangarajan Chaturved,Baba Aparajith,Alagh Chelliah Prathiban,1,1,0,run,0,,,89/1
1047369,1,9,6,Baba Aparajith,N Sarangarajan Chaturved,Alagh Chelliah Prathiban,1,1,0,run,0,,,90/1
1047369,1,10,1,Baba Aparajith,N Sarangarajan Chaturved,Jagatheesan Kousik,1,1,0,run,0,,,91/1
1047369,1,10,2,N Sarangarajan Chaturved,Baba Aparajith,Jagatheesan Kousik,1,1,0,run,0,,,92/1
1047369,1,10,3,Baba Aparajith,N Sarangarajan Chaturved,Jagatheesan Kousik,1,1,0,run,0,,,93/1
1047369,1,10,4,N Sarangarajan Chaturved,Baba Aparajith,Jagatheesan Kousik,1,1,0,run,0,,,94/1
1047369,1,10,5,Baba Aparajith,N Sarangarajan Chaturved,Jagatheesan Kousik,1,1,0,run,0,,,95/1
1047369,1,10,6,N Sarangarajan Chaturved,Baba Aparajith,Jagatheesan Kousik,0,0,0,no run,0,,,95/1
1047369,1,11,1,Baba Aparajith,N Sarangarajan Chaturved,Alagh Chelliah Prathiban,6,6,0,six,0,,,101/1
1047369,1,11,2,Baba Aparajith,N Sarangarajan Chaturved,Alagh Chelliah Prathiban,1,0,1,wide,0,,,102/1
1047369,1,11,3,Baba Aparajith,N Sarangarajan Chaturved,Alagh Chelliah Prathiban,2,2,0,run,0,,,104/1
1047369,1,11,4,Baba Aparajith,N Sarangarajan Chaturved,Alagh Chelliah Prathiban,1,1,0,run,0,,,105/1
1047369,1,11,5,N Sarangarajan Chaturved,Baba Aparajith,Alagh Chelliah Prathiban,1,1,0,run,0,,,106/1
1047369,1,11,6,Baba Aparajith,N Sarangarajan Chaturved,Alagh Chelliah Prathiban,0,0,0,no run,0,,,106/1
1047369,1,11,7,Baba Aparajith,N Sarangarajan Chaturved,Alagh Chelliah Prathiban,1,1,0,run,0,,,107/1
1047369,1,12,1,Baba Aparajith,N Sarangarajan Chaturved,Jagatheesan Kousik,1,1,0,run,0,,,108/1
1047369,1,12,2,N Sarangarajan Chaturved,Baba Aparajith,Jagatheesan Kousik,4,4,0,four,0,,,112/1
1047369,1,12,3,N Sarangarajan Chaturved,Baba Aparajith,Jagatheesan Kousik,1,1,0,run,0,,,113/1
1047369,1,12,4,Baba Aparajith,N Sarangarajan Chaturved,Jagatheesan Kousik,1,1,0,run,0,,,114/1
1047369,1,12,5,N Sarangarajan Chaturved,Baba Aparajith,Jagatheesan Kousik,1,1,0,run,0,,,115/1
1047369,1,12,6,Baba Aparajith,N Sarangarajan Chaturved,Jagatheesan Kousik,1,1,0,run,0,,,116/1
1047369,1,13,1,Baba Aparajith,N Sarangarajan Chaturved,Akkil Srinaath,1,1,0,run,0,,,117/1
1047369,1,13,2,N Sarangarajan Chaturved,Baba Aparajith,Akkil Srinaath,1,1,0,run,0,,,118/1
1047369,1,13,3,Baba Aparajith,N Sarangarajan Chaturved,Akkil Srinaath,4,4,0,four,0,,,122/1
1047369,1,13,4,Baba Aparajith,N Sarangarajan Chaturved,Akkil Srinaath,1,1,0,run,0,,,123/1
1047369,1,13,5,N Sarangarajan Chaturved,Baba Aparajith,Akkil Srinaath,1,1,0,run,0,,,124/1
1047369,1,13,6,Baba Aparajith,N Sarangarajan Chaturved,Akkil Srinaath,1,1,0,run,0,,,125/1
1047369,1,14,1,Baba Aparajith,N Sarangarajan Chaturved,Jagatheesan Kousik,1,1,0,run,0,,,126/1
1047369,1,14,2,N Sarangarajan Chaturved,Baba Aparajith,Jagatheesan Kousik,2,2,0,run,0,,,128/1
1047369,1,14,3,N Sarangarajan Chaturved,Baba Aparajith,Jagatheesan Kousik,1,1,0,run,0,,,129/1
1047369,1,14,4,Baba Aparajith,N Sarangarajan Chaturved,Jagatheesan Kousik,1,1,0,run,0,,,130/1
1047369,1,14,5,N Sarangarajan Chaturved,Baba Aparajith,Jagatheesan Kousik,6,6,0,six,0,,,136/1
1047369,1,14,6,N Sarangarajan Chaturved,Baba Aparajith,Jagatheesan Kousik,0,0,0,no run,0,,,136/1
1047369,1,15,1,Baba Aparajith,N Sarangarajan Chaturved,Akkil Srinaath,6,6,0,six,0,,,142/1
1047369,1,15,2,Baba Aparajith,N Sarangarajan Chaturved,Akkil Srinaath,1,1,0,run,0,,,143/1
1047369,1,15,3,N Sarangarajan Chaturved,Baba Aparajith,Akkil Srinaath,2,2,0,run,0,,,145/1
1047369,1,15,4,N Sarangarajan Chaturved,Baba Aparajith,Akkil Srinaath,0,0,0,out,1,caught,N Sarangarajan Chaturved,145/2
1047369,1,15,5,Baba Aparajith,0,Akkil Srinaath,1,1,0,run,0,,,146/2
1047369,1,15,6,Ramsingh  Sanjay Yadav,Baba Aparajith,Akkil Srinaath,4,4,0,four,0,,,150/2
1047369,1,16,1,Baba Aparajith,Ramsingh  Sanjay Yadav,Alagh Chelliah Prathiban,0,0,0,out,1,stumped,Baba Aparajith,150/3
1047369,1,16,2,Malolan Rangarajan,Ramsingh  Sanjay Yadav,Alagh Chelliah Prathiban,1,1,0,run,0,,,151/3
1047369,1,16,3,Ramsingh  Sanjay Yadav,Malolan Rangarajan,Alagh Chelliah Prathiban,0,0,0,no run,0,,,151/3
1047369,1,16,4,Ramsingh  Sanjay Yadav,Malolan Rangarajan,Alagh Chelliah Prathiban,1,1,0,run,0,,,152/3
1047369,1,16,5,Malolan Rangarajan,Ramsingh  Sanjay Yadav,Alagh Chelliah Prathiban,1,1,0,run,0,,,153/3
1047369,1,16,6,Ramsingh  Sanjay Yadav,Malolan Rangarajan,Alagh Chelliah Prathiban,0,0,0,no run,0,,,153/3
1047369,1,17,1,Malolan Rangarajan,Ramsingh  Sanjay Yadav,Murthy Prabhu,6,6,0,six,0,,,159/3
1047369,1,17,2,Malolan Rangarajan,Ramsingh  Sanjay Yadav,Murthy Prabhu,1,1,0,run,0,,,160/3
1047369,1,17,3,Ramsingh  Sanjay Yadav,Malolan Rangarajan,Murthy Prabhu,1,1,0,run,0,,,161/3
1047369,1,17,4,Malolan Rangarajan,Ramsingh  Sanjay Yadav,Murthy Prabhu,1,1,0,run,0,,,162/3
1047369,1,17,5,Ramsingh  Sanjay Yadav,Malolan Rangarajan,Murthy Prabhu,1,1,0,run,0,,,163/3
1047369,1,17,6,Malolan Rangarajan,Ramsingh  Sanjay Yadav,Murthy Prabhu,1,1,0,run,0,,,164/3
1047369,1,18,1,Malolan Rangarajan,Ramsingh  Sanjay Yadav,Rajamani Jesuraj,4,4,0,four,0,,,168/3
1047369,1,18,2,Malolan Rangarajan,Ramsingh  Sanjay Yadav,Rajamani Jesuraj,1,0,1,bye,0,,,169/3
1047369,1,18,3,Ramsingh  Sanjay Yadav,Malolan Rangarajan,Rajamani Jesuraj,1,0,1,wide,0,,,170/3
1047369,1,18,4,Ramsingh  Sanjay Yadav,Malolan Rangarajan,Rajamani Jesuraj,0,0,0,no run,0,,,170/3
1047369,1,18,5,Ramsingh  Sanjay Yadav,Malolan Rangarajan,Rajamani Jesuraj,1,1,0,run,0,,,171/3
1047369,1,18,6,Malolan Rangarajan,Ramsingh  Sanjay Yadav,Rajamani Jesuraj,2,2,0,run,0,,,173/3
1047369,1,18,7,Malolan Rangarajan,Ramsingh  Sanjay Yadav,Rajamani Jesuraj,4,4,0,four,0,,,177/3
1047369,1,19,1,Ramsingh  Sanjay Yadav,Malolan Rangarajan,Murthy Prabhu,1,1,0,run,0,,,178/3
1047369,1,19,2,Malolan Rangarajan,Ramsingh  Sanjay Yadav,Murthy Prabhu,1,1,0,run,0,,,179/3
1047369,1,19,3,Ramsingh  Sanjay Yadav,Malolan Rangarajan,Murthy Prabhu,6,6,0,six,0,,,185/3
1047369,1,19,4,Ramsingh  Sanjay Yadav,Malolan Rangarajan,Murthy Prabhu,4,4,0,four,0,,,189/3
1047369,1,19,5,Ramsingh  Sanjay Yadav,Malolan Rangarajan,Murthy Prabhu,1,0,1,wide,0,,,190/3
1047369,1,19,6,Ramsingh  Sanjay Yadav,Malolan Rangarajan,Murthy Prabhu,6,6,0,six,0,,,196/3
1047369,1,19,7,Ramsingh  Sanjay Yadav,Malolan Rangarajan,Murthy Prabhu,0,0,0,out,1,caught,Ramsingh  Sanjay Yadav,196/4
1047369,1,20,1,Abhishek Baljeetsingh Tanwar,Malolan Rangarajan,Rajamani Jesuraj,1,0,1,bye,0,,,197/4
1047369,1,20,2,Malolan Rangarajan,Abhishek Baljeetsingh Tanwar,Rajamani Jesuraj,2,2,0,run,0,,,199/4
1047369,1,20,3,Malolan Rangarajan,Abhishek Baljeetsingh Tanwar,Rajamani Jesuraj,1,1,0,run,0,,,200/4
1047369,1,20,4,Abhishek Baljeetsingh Tanwar,Malolan Rangarajan,Rajamani Jesuraj,1,1,0,run,0,,,201/4
1047369,1,20,5,Malolan Rangarajan,Abhishek Baljeetsingh Tanwar,Rajamani Jesuraj,1,1,0,run,0,,,202/4
1047369,1,20,6,Abhishek Baljeetsingh Tanwar,Malolan Rangarajan,Rajamani Jesuraj,4,4,0,four,0,,,206/4
1047369,2,1,1,Kumaran Bharath Shankar,0,Abhishek Baljeetsingh Tanwar,0,0,0,no run,0,,,0/0
1047369,2,1,2,Kumaran Bharath Shankar,0,Abhishek Baljeetsingh Tanwar,0,0,0,no run,0,,,0/0
1047369,2,1,3,Kumaran Bharath Shankar,0,Abhishek Baljeetsingh Tanwar,1,1,0,run,0,,,1/0
1047369,2,1,4,R Nilesh Subramanian,Kumaran Bharath Shankar,Abhishek Baljeetsingh Tanwar,0,0,0,no run,0,,,1/0
1047369,2,1,5,R Nilesh Subramanian,Kumaran Bharath Shankar,Abhishek Baljeetsingh Tanwar,1,1,0,run,0,,,2/0
1047369,2,1,6,Kumaran Bharath Shankar,R Nilesh Subramanian,Abhishek Baljeetsingh Tanwar,1,1,0,run,0,,,3/0
1047369,2,2,1,Kumaran Bharath Shankar,R Nilesh Subramanian,Rahil S Shah,6,6,0,six,0,,,9/0
1047369,2,2,2,Kumaran Bharath Shankar,R Nilesh Subramanian,Rahil S Shah,1,0,1,leg bye,0,,,10/0
1047369,2,2,3,R Nilesh Subramanian,Kumaran Bharath Shankar,Rahil S Shah,1,1,0,run,0,,,11/0
1047369,2,2,4,Kumaran Bharath Shankar,R Nilesh Subramanian,Rahil S Shah,1,0,1,wide,0,,,12/0
1047369,2,2,5,Kumaran Bharath Shankar,R Nilesh Subramanian,Rahil S Shah,0,0,0,no run,0,,,12/0
1047369,2,2,6,Kumaran Bharath Shankar,R Nilesh Subramanian,Rahil S Shah,4,0,4,bye,0,,,16/0
1047369,2,2,7,Kumaran Bharath Shankar,R Nilesh Subramanian,Rahil S Shah,0,0,0,no run,0,,,16/0
1047369,2,3,1,R Nilesh Subramanian,Kumaran Bharath Shankar,Abhishek Baljeetsingh Tanwar,1,1,0,run,0,,,17/0
1047369,2,3,2,Kumaran Bharath Shankar,R Nilesh Subramanian,Abhishek Baljeetsingh Tanwar,0,0,0,no run,0,,,17/0
1047369,2,3,3,Kumaran Bharath Shankar,R Nilesh Subramanian,Abhishek Baljeetsingh Tanwar,4,4,0,four,0,,,21/0
1047369,2,3,4,Kumaran Bharath Shankar,R Nilesh Subramanian,Abhishek Baljeetsingh Tanwar,1,1,0,run,0,,,22/0
1047369,2,3,5,R Nilesh Subramanian,Kumaran Bharath Shankar,Abhishek Baljeetsingh Tanwar,0,0,0,no run,0,,,22/0
1047369,2,3,6,R Nilesh Subramanian,Kumaran Bharath Shankar,Abhishek Baljeetsingh Tanwar,2,2,0,run,0,,,24/0
1047369,2,4,1,Kumaran Bharath Shankar,R Nilesh Subramanian,RS Jaganath Sinivas,6,6,0,six,0,,,30/0
1047369,2,4,2,Kumaran Bharath Shankar,R Nilesh Subramanian,RS Jaganath Sinivas,0,0,0,no run,0,,,30/0
1047369,2,4,3,Kumaran Bharath Shankar,R Nilesh Subramanian,RS Jaganath Sinivas,1,1,0,run,0,,,31/0
1047369,2,4,4,R Nilesh Subramanian,Kumaran Bharath Shankar,RS Jaganath Sinivas,1,1,0,run,0,,,32/0
1047369,2,4,5,Kumaran Bharath Shankar,R Nilesh Subramanian,RS Jaganath Sinivas,4,4,0,four,0,,,36/0
1047369,2,4,6,Kumaran Bharath Shankar,R Nilesh Subramanian,RS Jaganath Sinivas,1,1,0,run,0,,,37/0
1047369,2,5,1,Kumaran Bharath Shankar,R Nilesh Subramanian,Rahil S Shah,1,1,0,run,0,,,38/0
1047369,2,5,2,R Nilesh Subramanian,Kumaran Bharath Shankar,Rahil S Shah,0,0,0,no run,0,,,38/0
1047369,2,5,3,R Nilesh Subramanian,Kumaran Bharath Shankar,Rahil S Shah,4,4,0,four,0,,,42/0
1047369,2,5,4,R Nilesh Subramanian,Kumaran Bharath Shankar,Rahil S Shah,0,0,0,no run,0,,,42/0
1047369,2,5,5,R Nilesh Subramanian,Kumaran Bharath Shankar,Rahil S Shah,1,1,0,run,0,,,43/0
1047369,2,5,6,Kumaran Bharath Shankar,R Nilesh Subramanian,Rahil S Shah,0,0,0,out,0,run out,Kumaran Bharath Shankar,43/0
1047369,2,6,1,Baba Indrajith,R Nilesh Subramanian,Ramalingam Rohit,1,1,0,run,0,,,44/0
1047369,2,6,2,R Nilesh Subramanian,Baba Indrajith,Ramalingam Rohit,0,0,0,no run,0,,,44/0
1047369,2,6,3,R Nilesh Subramanian,Baba Indrajith,Ramalingam Rohit,1,1,0,run,0,,,45/0
1047369,2,6,4,Baba Indrajith,R Nilesh Subramanian,Ramalingam Rohit,0,0,0,no run,0,,,45/0
1047369,2,6,5,Baba Indrajith,R Nilesh Subramanian,Ramalingam Rohit,1,1,0,run,0,,,46/0
1047369,2,6,6,R Nilesh Subramanian,Baba Indrajith,Ramalingam Rohit,1,1,0,run,1,,,47/1
1047369,2,7,1,R Nilesh Subramanian,Baba Indrajith,M Lakshmi Narayanan,1,1,0,run,0,,,48/1
1047369,2,7,2,Baba Indrajith,R Nilesh Subramanian,M Lakshmi Narayanan,1,1,0,run,0,,,49/1
1047369,2,7,3,R Nilesh Subramanian,Baba Indrajith,M Lakshmi Narayanan,1,1,0,run,0,,,50/1
1047369,2,7,4,Baba Indrajith,R Nilesh Subramanian,M Lakshmi Narayanan,1,1,0,run,0,,,51/1
1047369,2,7,5,R Nilesh Subramanian,Baba Indrajith,M Lakshmi Narayanan,1,1,0,run,0,,,52/1
1047369,2,7,6,Baba Indrajith,R Nilesh Subramanian,M Lakshmi Narayanan,1,1,0,run,0,,,53/1
1047369,2,8,1,Baba Indrajith,R Nilesh Subramanian,S Samuel,0,0,0,no run,0,,,53/1
1047369,2,8,2,Baba Indrajith,R Nilesh Subramanian,S Samuel,6,6,0,six,0,,,59/1
1047369,2,8,3,Baba Indrajith,R Nilesh Subramanian,S Samuel,2,2,0,run,0,,,61/1
1047369,2,8,4,Baba Indrajith,R Nilesh Subramanian,S Samuel,0,0,0,no run,0,,,61/1
1047369,2,8,5,Baba Indrajith,R Nilesh Subramanian,S Samuel,1,1,0,run,0,,,62/1
1047369,2,8,6,R Nilesh Subramanian,Baba Indrajith,S Samuel,1,1,0,run,0,,,63/1
1047369,2,9,1,R Nilesh Subramanian,Baba Indrajith,M Lakshmi Narayanan,1,1,0,run,0,,,64/1
1047369,2,9,2,Baba Indrajith,R Nilesh Subramanian,M Lakshmi Narayanan,1,1,0,run,0,,,65/1
1047369,2,9,3,R Nilesh Subramanian,Baba Indrajith,M Lakshmi Narayanan,4,4,0,four,0,,,69/1
1047369,2,9,4,R Nilesh Subramanian,Baba Indrajith,M Lakshmi Narayanan,1,0,1,wide,0,,,70/1
1047369,2,9,5,R Nilesh Subramanian,Baba Indrajith,M Lakshmi Narayanan,1,1,0,run,0,,,71/1
1047369,2,9,6,Baba Indrajith,R Nilesh Subramanian,M Lakshmi Narayanan,1,1,0,run,0,,,72/1
1047369,2,9,7,R Nilesh Subramanian,Baba Indrajith,M Lakshmi Narayanan,1,1,0,run,0,,,73/1
1047369,2,10,1,R Nilesh Subramanian,Baba Indrajith,S Samuel,1,1,0,run,0,,,74/1
1047369,2,10,2,Baba Indrajith,R Nilesh Subramanian,S Samuel,1,1,0,run,0,,,75/1
1047369,2,10,3,R Nilesh Subramanian,Baba Indrajith,S Samuel,1,1,0,run,0,,,76/1
1047369,2,10,4,Baba Indrajith,R Nilesh Subramanian,S Samuel,0,0,0,no run,0,,,76/1
1047369,2,10,5,Baba Indrajith,R Nilesh Subramanian,S Samuel,1,1,0,run,0,,,77/1
1047369,2,10,6,R Nilesh Subramanian,Baba Indrajith,S Samuel,1,1,0,run,0,,,78/1
1047369,2,11,1,R Nilesh Subramanian,Baba Indrajith,M Lakshmi Narayanan,6,6,0,six,0,,,84/1
1047369,2,11,2,R Nilesh Subramanian,Baba Indrajith,M Lakshmi Narayanan,1,1,0,run,0,,,85/1
1047369,2,11,3,Baba Indrajith,R Nilesh Subramanian,M Lakshmi Narayanan,1,1,0,run,0,,,86/1
1047369,2,11,4,R Nilesh Subramanian,Baba Indrajith,M Lakshmi Narayanan,1,1,0,run,0,,,87/1
1047369,2,11,5,Baba Indrajith,R Nilesh Subramanian,M Lakshmi Narayanan,1,1,0,run,0,,,88/1
1047369,2,11,6,R Nilesh Subramanian,Baba Indrajith,M Lakshmi Narayanan,2,2,0,run,0,,,90/1
1047369,2,12,1,Baba Indrajith,R Nilesh Subramanian,S Samuel,1,1,0,run,0,,,91/1
1047369,2,12,2,R Nilesh Subramanian,Baba Indrajith,S Samuel,1,1,0,run,0,,,92/1
1047369,2,12,3,Baba Indrajith,R Nilesh Subramanian,S Samuel,0,0,0,out,1,caught,Baba Indrajith,92/2
1047369,2,12,4,Masood Shahrukh Khan,R Nilesh Subramanian,S Samuel,1,1,0,run,0,,,93/2
1047369,2,12,5,R Nilesh Subramanian,Masood Shahrukh Khan,S Samuel,0,0,0,out,1,caught,R Nilesh Subramanian,93/3
1047369,2,12,6,Masood Shahrukh Khan,L Ganesh,S Samuel,1,1,0,run,0,,,94/3
1047369,2,13,1,Masood Shahrukh Khan,L Ganesh,Malolan Rangarajan,1,1,0,run,0,,,95/3
1047369,2,13,2,L Ganesh,Masood Shahrukh Khan,Malolan Rangarajan,0,0,0,no run,0,,,95/3
1047369,2,13,3,L Ganesh,Masood Shahrukh Khan,Malolan Rangarajan,0,0,0,no run,0,,,95/3
1047369,2,13,4,L Ganesh,Masood Shahrukh Khan,Malolan Rangarajan,0,0,0,no run,0,,,95/3
1047369,2,13,5,L Ganesh,Masood Shahrukh Khan,Malolan Rangarajan,0,0,0,no run,0,,,95/3
1047369,2,13,6,L Ganesh,Masood Shahrukh Khan,Malolan Rangarajan,4,4,0,four,0,,,99/3
1047369,2,14,1,Masood Shahrukh Khan,L Ganesh,S Samuel,1,0,1,wide,0,,,100/3
1047369,2,14,2,Masood Shahrukh Khan,L Ganesh,S Samuel,0,0,0,no run,0,,,100/3
1047369,2,14,3,Masood Shahrukh Khan,L Ganesh,S Samuel,1,0,1,wide,0,,,101/3
1047369,2,14,4,Masood Shahrukh Khan,L Ganesh,S Samuel,1,1,0,run,0,,,102/3
1047369,2,14,5,L Ganesh,Masood Shahrukh Khan,S Samuel,1,0,1,wide,0,,,103/3
1047369,2,14,6,L Ganesh,Masood Shahrukh Khan,S Samuel,0,0,0,no run,0,,,103/3
1047369,2,14,7,L Ganesh,Masood Shahrukh Khan,S Samuel,0,0,0,no run,0,,,103/3
1047369,2,14,8,L Ganesh,Masood Shahrukh Khan,S Samuel,4,4,0,four,0,,,107/3
1047369,2,14,9,L Ganesh,Masood Shahrukh Khan,S Samuel,0,0,0,out,1,caught,L Ganesh,107/4
1047369,2,15,1,Masood Shahrukh Khan,0,Malolan Rangarajan,4,4,0,four,0,,,111/4
1047369,2,15,2,Masood Shahrukh Khan,0,Malolan Rangarajan,1,1,0,run,0,,,112/4
1047369,2,15,3,Jagatheesan Kousik,Masood Shahrukh Khan,Malolan Rangarajan,1,1,0,run,0,,,113/4
1047369,2,15,4,Masood Shahrukh Khan,Jagatheesan Kousik,Malolan Rangarajan,4,4,0,four,0,,,117/4
1047369,2,15,5,Masood Shahrukh Khan,Jagatheesan Kousik,Malolan Rangarajan,1,1,0,run,0,,,118/4
1047369,2,15,6,Jagatheesan Kousik,Masood Shahrukh Khan,Malolan Rangarajan,1,1,0,run,0,,,119/4
1047369,2,16,1,Jagatheesan Kousik,Masood Shahrukh Khan,Rahil S Shah,4,4,0,four,0,,,123/4
1047369,2,16,2,Jagatheesan Kousik,Masood Shahrukh Khan,Rahil S Shah,2,2,0,run,0,,,125/4
1047369,2,16,3,Jagatheesan Kousik,Masood Shahrukh Khan,Rahil S Shah,0,0,0,no run,0,,,125/4
1047369,2,16,4,Jagatheesan Kousik,Masood Shahrukh Khan,Rahil S Shah,6,6,0,six,0,,,131/4
1047369,2,16,5,Jagatheesan Kousik,Masood Shahrukh Khan,Rahil S Shah,1,1,0,run,0,,,132/4
1047369,2,16,6,Masood Shahrukh Khan,Jagatheesan Kousik,Rahil S Shah,1,1,0,run,0,,,133/4
1047369,2,17,1,Masood Shahrukh Khan,Jagatheesan Kousik,Ramalingam Rohit,4,4,0,four,0,,,137/4
1047369,2,17,2,Masood Shahrukh Khan,Jagatheesan Kousik,Ramalingam Rohit,0,0,0,out,1,caught,Masood Shahrukh Khan,137/5
1047369,2,17,3,Jagatheesan Kousik,Akkil Srinaath,Ramalingam Rohit,0,0,0,out,1,caught,Jagatheesan Kousik,137/6
1047369,2,17,4,Adithya Ganesh,Akkil Srinaath,Ramalingam Rohit,1,1,0,run,0,,,138/6
1047369,2,17,5,Akkil Srinaath,Adithya Ganesh,Ramalingam Rohit,2,2,0,run,0,,,140/6
1047369,2,17,6,Akkil Srinaath,Adithya Ganesh,Ramalingam Rohit,0,0,0,no run,0,,,140/6
1047369,2,18,1,Adithya Ganesh,Akkil Srinaath,Malolan Rangarajan,0,0,0,out,1,caught,Adithya Ganesh,140/7
1047369,2,18,2,Akkil Srinaath,0,Malolan Rangarajan,1,1,0,run,0,,,141/7
1047369,2,18,3,Alagh Chelliah Prathiban,Akkil Srinaath,Malolan Rangarajan,0,0,0,no run,0,,,141/7
1047369,2,18,4,Alagh Chelliah Prathiban,Akkil Srinaath,Malolan Rangarajan,1,1,0,run,0,,,142/7
1047369,2,18,5,Akkil Srinaath,Alagh Chelliah Prathiban,Malolan Rangarajan,6,6,0,six,0,,,148/7
1047369,2,18,6,Akkil Srinaath,Alagh Chelliah Prathiban,Malolan Rangarajan,1,1,0,run,0,,,149/7
1047369,2,19,1,Akkil Srinaath,Alagh Chelliah Prathiban,Ramalingam Rohit,6,6,0,six,0,,,155/7
1047369,2,19,2,Akkil Srinaath,Alagh Chelliah Prathiban,Ramalingam Rohit,0,0,0,out,1,caught,Akkil Srinaath,155/8
1047369,2,19,3,Alagh Chelliah Prathiban,0,Ramalingam Rohit,1,1,0,run,0,,,156/8
1047369,2,19,4,Murthy Prabhu,Alagh Chelliah Prathiban,Ramalingam Rohit,1,1,0,run,0,,,157/8
1047369,2,19,5,Alagh Chelliah Prathiban,Murthy Prabhu,Ramalingam Rohit,4,4,0,four,0,,,161/8
1047369,2,19,6,Alagh Chelliah Prathiban,Murthy Prabhu,Ramalingam Rohit,1,1,0,run,0,,,162/8
1047369,2,20,1,Alagh Chelliah Prathiban,Murthy Prabhu,Rahil S Shah,0,0,0,no run,0,,,162/8
1047369,2,20,2,Alagh Chelliah Prathiban,Murthy Prabhu,Rahil S Shah,1,1,0,run,0,,,163/8
1047369,2,20,3,Murthy Prabhu,Alagh Chelliah Prathiban,Rahil S Shah,0,0,0,no run,0,,,163/8
1047369,2,20,4,Murthy Prabhu,Alagh Chelliah Prathiban,Rahil S Shah,0,0,0,no run,0,,,163/8
1047369,2,20,5,Murthy Prabhu,Alagh Chelliah Prathiban,Rahil S Shah,0,0,0,out,1,stumped,Murthy Prabhu,163/9
1047369,2,20,6,Rajamani Jesuraj,Alagh Chelliah Prathiban,Rahil S Shah,1,1,0,run,0,,,164/9
1047371,1,1,1,Laxmesha Suryaprakash,0,Rajagopal Sathish,0,0,0,no run,0,,,0/0
1047371,1,1,2,Laxmesha Suryaprakash,0,Rajagopal Sathish,0,0,0,no run,0,,,0/0
1047371,1,1,3,Laxmesha Suryaprakash,0,Rajagopal Sathish,0,0,0,no run,0,,,0/0
1047371,1,1,4,Laxmesha Suryaprakash,0,Rajagopal Sathish,0,0,0,out,1,caught,Laxmesha Suryaprakash,0/1
1047371,1,1,5,0,0,Rajagopal Sathish,1,1,0,run,0,,,1/1
1047371,1,1,6,S Tarun Srinivas,0,Rajagopal Sathish,0,0,0,no run,0,,,1/1
1047371,1,2,1,0,S Tarun Srinivas,Dakshinamoorthy Tamil Kumaran,1,1,0,run,0,,,2/1
1047371,1,2,2,S Tarun Srinivas,0,Dakshinamoorthy Tamil Kumaran,0,0,0,no run,0,,,2/1
1047371,1,2,3,S Tarun Srinivas,0,Dakshinamoorthy Tamil Kumaran,4,4,0,four,0,,,6/1
1047371,1,2,4,S Tarun Srinivas,0,Dakshinamoorthy Tamil Kumaran,0,0,0,no run,0,,,6/1
1047371,1,2,5,S Tarun Srinivas,0,Dakshinamoorthy Tamil Kumaran,0,0,0,no run,0,,,6/1
1047371,1,2,6,S Tarun Srinivas,0,Dakshinamoorthy Tamil Kumaran,1,1,0,run,0,,,7/1
1047371,1,3,1,S Tarun Srinivas,0,Rajagopal Sathish,1,0,1,wide,0,,,8/1
1047371,1,3,2,S Tarun Srinivas,0,Rajagopal Sathish,0,0,0,no run,0,,,8/1
1047371,1,3,3,S Tarun Srinivas,0,Rajagopal Sathish,4,4,0,four,0,,,12/1
1047371,1,3,4,S Tarun Srinivas,0,Rajagopal Sathish,1,1,0,run,0,,,13/1
1047371,1,3,5,0,S Tarun Srinivas,Rajagopal Sathish,1,1,0,run,0,,,14/1
1047371,1,3,6,S Tarun Srinivas,0,Rajagopal Sathish,1,1,0,run,0,,,15/1
1047371,1,3,7,0,S Tarun Srinivas,Rajagopal Sathish,0,0,0,no run,0,,,15/1
1047371,1,4,1,S Tarun Srinivas,0,Dakshinamoorthy Tamil Kumaran,1,1,0,run,0,,,16/1
1047371,1,4,2,0,S Tarun Srinivas,Dakshinamoorthy Tamil Kumaran,0,0,0,no run,0,,,16/1
1047371,1,4,3,0,S Tarun Srinivas,Dakshinamoorthy Tamil Kumaran,6,6,0,six,0,,,22/1
1047371,1,4,4,0,S Tarun Srinivas,Dakshinamoorthy Tamil Kumaran,0,0,0,no run,0,,,22/1
1047371,1,4,5,0,S Tarun Srinivas,Dakshinamoorthy Tamil Kumaran,4,4,0,four,0,,,26/1
1047371,1,4,6,0,S Tarun Srinivas,Dakshinamoorthy Tamil Kumaran,2,2,0,run,0,,,28/1
1047371,1,5,1,S Tarun Srinivas,0,Rajagopal Sathish,0,0,0,no run,0,,,28/1
1047371,1,5,2,S Tarun Srinivas,0,Rajagopal Sathish,0,0,0,out,1,caught,S Tarun Srinivas,28/2
1047371,1,5,3,Ravi Kumar Rohith,0,Rajagopal Sathish,1,1,0,run,0,,,29/2
1047371,1,5,4,0,Ravi Kumar Rohith,Rajagopal Sathish,4,4,0,four,0,,,33/2
1047371,1,5,5,0,Ravi Kumar Rohith,Rajagopal Sathish,1,1,0,run,0,,,34/2
1047371,1,5,6,Ravi Kumar Rohith,0,Rajagopal Sathish,1,1,0,run,0,,,35/2
1047371,1,6,1,Ravi Kumar Rohith,0,Ravisrinivasan Sai Kishore,0,0,0,no run,0,,,35/2
1047371,1,6,2,Ravi Kumar Rohith,0,Ravisrinivasan Sai Kishore,0,0,0,no run,0,,,35/2
1047371,1,6,3,Ravi Kumar Rohith,0,Ravisrinivasan Sai Kishore,4,4,0,four,0,,,39/2
1047371,1,6,4,Ravi Kumar Rohith,0,Ravisrinivasan Sai Kishore,0,0,0,no run,0,,,39/2
1047371,1,6,5,Ravi Kumar Rohith,0,Ravisrinivasan Sai Kishore,0,0,0,no run,0,,,39/2
1047371,1,6,6,Ravi Kumar Rohith,0,Ravisrinivasan Sai Kishore,4,4,0,four,0,,,43/2
1047371,1,7,1,0,Ravi Kumar Rohith,Rajagopal Sathish,0,0,0,no run,0,,,43/2
1047371,1,7,2,0,Ravi Kumar Rohith,Rajagopal Sathish,1,1,0,run,0,,,44/2
1047371,1,7,3,Ravi Kumar Rohith,0,Rajagopal Sathish,0,0,0,no run,0,,,44/2
1047371,1,7,4,Ravi Kumar Rohith,0,Rajagopal Sathish,2,2,0,run,0,,,46/2
1047371,1,7,5,Ravi Kumar Rohith,0,Rajagopal Sathish,1,1,0,run,0,,,47/2
1047371,1,7,6,0,Ravi Kumar Rohith,Rajagopal Sathish,0,0,0,out,0,run out,Ravi Kumar Rohith,47/2
1047371,1,8,1,0,0,Ravisrinivasan Sai Kishore,2,0,2,wide,0,,,49/2
1047371,1,8,2,Jamaluddin Syed Mohammad,0,Ravisrinivasan Sai Kishore,1,1,0,run,0,,,50/2
1047371,1,8,3,0,Jamaluddin Syed Mohammad,Ravisrinivasan Sai Kishore,1,1,0,run,0,,,51/2
1047371,1,8,4,Jamaluddin Syed Mohammad,0,Ravisrinivasan Sai Kishore,0,0,0,no run,0,,,51/2
1047371,1,8,5,Jamaluddin Syed Mohammad,0,Ravisrinivasan Sai Kishore,1,1,0,run,0,,,52/2
1047371,1,8,6,0,Jamaluddin Syed Mohammad,Ravisrinivasan Sai Kishore,0,0,0,no run,0,,,52/2
1047371,1,8,7,0,Jamaluddin Syed Mohammad,Ravisrinivasan Sai Kishore,0,0,0,no run,1,,,52/3
1047371,1,9,1,Jamaluddin Syed Mohammad,0,Sathiamoorty Vasanth Saravanan,2,2,0,run,0,,,54/3
1047371,1,9,2,Jamaluddin Syed Mohammad,0,Sathiamoorty Vasanth Saravanan,4,4,0,four,0,,,58/3
1047371,1,9,3,Jamaluddin Syed Mohammad,0,Sathiamoorty Vasanth Saravanan,0,0,0,no run,0,,,58/3
1047371,1,9,4,Jamaluddin Syed Mohammad,0,Sathiamoorty Vasanth Saravanan,1,1,0,run,0,,,59/3
1047371,1,9,5,0,Jamaluddin Syed Mohammad,Sathiamoorty Vasanth Saravanan,1,1,0,run,0,,,60/3
1047371,1,9,6,Jamaluddin Syed Mohammad,0,Sathiamoorty Vasanth Saravanan,1,1,0,run,0,,,61/3
1047371,1,10,1,Jamaluddin Syed Mohammad,0,Ramadoss Alexander,0,0,0,no run,0,,,61/3
1047371,1,10,2,Jamaluddin Syed Mohammad,0,Ramadoss Alexander,0,0,0,no run,0,,,61/3
1047371,1,10,3,Jamaluddin Syed Mohammad,0,Ramadoss Alexander,1,1,0,run,0,,,62/3
1047371,1,10,4,0,Jamaluddin Syed Mohammad,Ramadoss Alexander,1,1,0,run,0,,,63/3
1047371,1,10,5,Jamaluddin Syed Mohammad,0,Ramadoss Alexander,1,1,0,run,0,,,64/3
1047371,1,10,6,0,Jamaluddin Syed Mohammad,Ramadoss Alexander,2,2,0,run,0,,,66/3
1047371,1,11,1,Jamaluddin Syed Mohammad,0,Vijaykumar Yo Mahesh,1,0,1,wide,0,,,67/3
1047371,1,11,2,Jamaluddin Syed Mohammad,0,Vijaykumar Yo Mahesh,0,0,0,no run,0,,,67/3
1047371,1,11,3,Jamaluddin Syed Mohammad,0,Vijaykumar Yo Mahesh,1,0,1,wide,0,,,68/3
1047371,1,11,4,Jamaluddin Syed Mohammad,0,Vijaykumar Yo Mahesh,4,4,0,four,0,,,72/3
1047371,1,11,5,Jamaluddin Syed Mohammad,0,Vijaykumar Yo Mahesh,1,0,1,no ball,0,,,73/3
1047371,1,11,6,Jamaluddin Syed Mohammad,0,Vijaykumar Yo Mahesh,2,2,0,run,0,,,75/3
1047371,1,11,7,Jamaluddin Syed Mohammad,0,Vijaykumar Yo Mahesh,1,1,0,run,0,,,76/3
1047371,1,11,8,0,Jamaluddin Syed Mohammad,Vijaykumar Yo Mahesh,1,1,0,run,0,,,77/3
1047371,1,11,9,Jamaluddin Syed Mohammad,0,Vijaykumar Yo Mahesh,2,2,0,run,0,,,79/3
1047371,1,12,1,0,Jamaluddin Syed Mohammad,Ramadoss Alexander,1,1,0,run,0,,,80/3
1047371,1,12,2,Jamaluddin Syed Mohammad,0,Ramadoss Alexander,0,0,0,no run,0,,,80/3
1047371,1,12,3,Jamaluddin Syed Mohammad,0,Ramadoss Alexander,1,1,0,run,0,,,81/3
1047371,1,12,4,0,Jamaluddin Syed Mohammad,Ramadoss Alexander,1,1,0,run,0,,,82/3
1047371,1,12,5,Jamaluddin Syed Mohammad,0,Ramadoss Alexander,1,1,0,run,0,,,83/3
1047371,1,12,6,0,Jamaluddin Syed Mohammad,Ramadoss Alexander,1,1,0,run,0,,,84/3
1047371,1,13,1,0,Jamaluddin Syed Mohammad,Wenseslaus Antony Dhas,0,0,0,no run,0,,,84/3
1047371,1,13,2,0,Jamaluddin Syed Mohammad,Wenseslaus Antony Dhas,0,0,0,no run,0,,,84/3
1047371,1,13,3,0,Jamaluddin Syed Mohammad,Wenseslaus Antony Dhas,1,1,0,run,0,,,85/3
1047371,1,13,4,Jamaluddin Syed Mohammad,0,Wenseslaus Antony Dhas,1,1,0,run,0,,,86/3
1047371,1,13,5,0,Jamaluddin Syed Mohammad,Wenseslaus Antony Dhas,1,1,0,run,0,,,87/3
1047371,1,13,6,Jamaluddin Syed Mohammad,0,Wenseslaus Antony Dhas,2,2,0,run,0,,,89/3
1047371,1,14,1,0,Jamaluddin Syed Mohammad,Ravisrinivasan Sai Kishore,0,0,0,out,1,,,89/4
1047371,1,14,2,S Harish Kumar,Jamaluddin Syed Mohammad,Ravisrinivasan Sai Kishore,0,0,0,no run,0,,,89/4
1047371,1,14,3,S Harish Kumar,Jamaluddin Syed Mohammad,Ravisrinivasan Sai Kishore,0,0,0,no run,0,,,89/4
1047371,1,14,4,S Harish Kumar,Jamaluddin Syed Mohammad,Ravisrinivasan Sai Kishore,0,0,0,no run,0,,,89/4
1047371,1,14,5,S Harish Kumar,Jamaluddin Syed Mohammad,Ravisrinivasan Sai Kishore,0,0,0,no run,0,,,89/4
1047371,1,14,6,S Harish Kumar,Jamaluddin Syed Mohammad,Ravisrinivasan Sai Kishore,0,0,0,no run,0,,,89/4
1047371,1,15,1,Jamaluddin Syed Mohammad,S Harish Kumar,Wenseslaus Antony Dhas,0,0,0,no run,0,,,89/4
1047371,1,15,2,Jamaluddin Syed Mohammad,S Harish Kumar,Wenseslaus Antony Dhas,1,1,0,run,0,,,90/4
1047371,1,15,3,S Harish Kumar,Jamaluddin Syed Mohammad,Wenseslaus Antony Dhas,4,4,0,four,0,,,94/4
1047371,1,15,4,S Harish Kumar,Jamaluddin Syed Mohammad,Wenseslaus Antony Dhas,1,1,0,run,0,,,95/4
1047371,1,15,5,Jamaluddin Syed Mohammad,S Harish Kumar,Wenseslaus Antony Dhas,0,0,0,no run,0,,,95/4
1047371,1,15,6,Jamaluddin Syed Mohammad,S Harish Kumar,Wenseslaus Antony Dhas,1,1,0,run,0,,,96/4
1047371,1,16,1,Jamaluddin Syed Mohammad,S Harish Kumar,Ravisrinivasan Sai Kishore,1,1,0,run,0,,,97/4
1047371,1,16,2,S Harish Kumar,Jamaluddin Syed Mohammad,Ravisrinivasan Sai Kishore,1,1,0,run,0,,,98/4
1047371,1,16,3,Jamaluddin Syed Mohammad,S Harish Kumar,Ravisrinivasan Sai Kishore,0,0,0,no run,0,,,98/4
1047371,1,16,4,Jamaluddin Syed Mohammad,S Harish Kumar,Ravisrinivasan Sai Kishore,6,6,0,six,0,,,104/4
1047371,1,16,5,Jamaluddin Syed Mohammad,S Harish Kumar,Ravisrinivasan Sai Kishore,0,0,0,no run,0,,,104/4
1047371,1,16,6,Jamaluddin Syed Mohammad,S Harish Kumar,Ravisrinivasan Sai Kishore,1,1,0,run,0,,,105/4
1047371,1,17,1,Jamaluddin Syed Mohammad,S Harish Kumar,Wenseslaus Antony Dhas,0,0,0,no run,0,,,105/4
1047371,1,17,2,Jamaluddin Syed Mohammad,S Harish Kumar,Wenseslaus Antony Dhas,1,1,0,run,0,,,106/4
1047371,1,17,3,S Harish Kumar,Jamaluddin Syed Mohammad,Wenseslaus Antony Dhas,1,1,0,run,0,,,107/4
1047371,1,17,4,Jamaluddin Syed Mohammad,S Harish Kumar,Wenseslaus Antony Dhas,0,0,0,out,1,run out,S Harish Kumar,107/5
1047371,1,17,5,Jamaluddin Syed Mohammad,0,Wenseslaus Antony Dhas,0,0,0,no run,0,,,107/5
1047371,1,17,6,Jamaluddin Syed Mohammad,Akshay V Srinivasan,Wenseslaus Antony Dhas,0,0,0,out,1,bowled,Jamaluddin Syed Mohammad,107/6
1047371,1,18,1,Akshay V Srinivasan,0,Ramadoss Alexander,1,1,0,run,0,,,108/6
1047371,1,18,2,M Mohammed,Akshay V Srinivasan,Ramadoss Alexander,0,0,0,no run,0,,,108/6
1047371,1,18,3,M Mohammed,Akshay V Srinivasan,Ramadoss Alexander,0,0,0,no run,0,,,108/6
1047371,1,18,4,M Mohammed,Akshay V Srinivasan,Ramadoss Alexander,1,1,0,run,0,,,109/6
1047371,1,18,5,Akshay V Srinivasan,M Mohammed,Ramadoss Alexander,0,0,0,out,1,caught,Akshay V Srinivasan,109/7
1047371,1,18,6,Moovervnthali Kasipandian Sivakumar,M Mohammed,Ramadoss Alexander,0,0,0,no run,0,,,109/7
1047371,1,19,1,M Mohammed,Moovervnthali Kasipandian Sivakumar,Wenseslaus Antony Dhas,6,6,0,six,0,,,115/7
1047371,1,19,2,M Mohammed,Moovervnthali Kasipandian Sivakumar,Wenseslaus Antony Dhas,6,6,0,six,0,,,121/7
1047371,1,19,3,M Mohammed,Moovervnthali Kasipandian Sivakumar,Wenseslaus Antony Dhas,1,0,1,wide,0,,,122/7
1047371,1,19,4,M Mohammed,Moovervnthali Kasipandian Sivakumar,Wenseslaus Antony Dhas,1,1,0,run,0,,,123/7
1047371,1,19,5,Moovervnthali Kasipandian Sivakumar,M Mohammed,Wenseslaus Antony Dhas,2,2,0,run,0,,,125/7
1047371,1,19,6,Moovervnthali Kasipandian Sivakumar,M Mohammed,Wenseslaus Antony Dhas,0,0,0,no run,0,,,125/7
1047371,1,19,7,Moovervnthali Kasipandian Sivakumar,M Mohammed,Wenseslaus Antony Dhas,0,0,0,no run,0,,,125/7
1047371,1,20,1,M Mohammed,Moovervnthali Kasipandian Sivakumar,Ramadoss Alexander,6,6,0,six,0,,,131/7
1047371,1,20,2,M Mohammed,Moovervnthali Kasipandian Sivakumar,Ramadoss Alexander,0,0,0,no run,0,,,131/7
1047371,1,20,3,M Mohammed,Moovervnthali Kasipandian Sivakumar,Ramadoss Alexander,4,4,0,four,0,,,135/7
1047371,1,20,4,M Mohammed,Moovervnthali Kasipandian Sivakumar,Ramadoss Alexander,0,0,0,no run,0,,,135/7
1047371,1,20,5,M Mohammed,Moovervnthali Kasipandian Sivakumar,Ramadoss Alexander,2,2,0,run,0,,,137/7
1047371,1,20,6,M Mohammed,Moovervnthali Kasipandian Sivakumar,Ramadoss Alexander,0,0,0,no run,0,,,137/7
1047371,2,1,1,Hari Gopinath,0,Krishnamoorthy Vignesh,1,1,0,run,0,,,1/0
1047371,2,1,2,Xavier Thalaivan Sargunam,Hari Gopinath,Krishnamoorthy Vignesh,0,0,0,no run,0,,,1/0
1047371,2,1,3,Xavier Thalaivan Sargunam,Hari Gopinath,Krishnamoorthy Vignesh,0,0,0,no run,0,,,1/0
1047371,2,1,4,Xavier Thalaivan Sargunam,Hari Gopinath,Krishnamoorthy Vignesh,0,0,0,no run,0,,,1/0
1047371,2,1,5,Xavier Thalaivan Sargunam,Hari Gopinath,Krishnamoorthy Vignesh,1,1,0,run,0,,,2/0
1047371,2,1,6,Hari Gopinath,Xavier Thalaivan Sargunam,Krishnamoorthy Vignesh,4,4,0,four,0,,,6/0
1047371,2,2,1,Xavier Thalaivan Sargunam,Hari Gopinath,M Mohammed,0,0,0,no run,0,,,6/0
1047371,2,2,2,Xavier Thalaivan Sargunam,Hari Gopinath,M Mohammed,4,4,0,four,0,,,10/0
1047371,2,2,3,Xavier Thalaivan Sargunam,Hari Gopinath,M Mohammed,1,1,0,run,0,,,11/0
1047371,2,2,4,Hari Gopinath,Xavier Thalaivan Sargunam,M Mohammed,1,1,0,run,0,,,12/0
1047371,2,2,5,Xavier Thalaivan Sargunam,Hari Gopinath,M Mohammed,1,1,0,run,0,,,13/0
1047371,2,2,6,Hari Gopinath,Xavier Thalaivan Sargunam,M Mohammed,0,0,0,no run,0,,,13/0
1047371,2,3,1,Xavier Thalaivan Sargunam,Hari Gopinath,Krishnamoorthy Vignesh,0,0,0,no run,0,,,13/0
1047371,2,3,2,Xavier Thalaivan Sargunam,Hari Gopinath,Krishnamoorthy Vignesh,1,1,0,run,0,,,14/0
1047371,2,3,3,Hari Gopinath,Xavier Thalaivan Sargunam,Krishnamoorthy Vignesh,4,4,0,four,0,,,18/0
1047371,2,3,4,Hari Gopinath,Xavier Thalaivan Sargunam,Krishnamoorthy Vignesh,0,0,0,no run,0,,,18/0
1047371,2,3,5,Hari Gopinath,Xavier Thalaivan Sargunam,Krishnamoorthy Vignesh,4,4,0,four,0,,,22/0
1047371,2,3,6,Hari Gopinath,Xavier Thalaivan Sargunam,Krishnamoorthy Vignesh,1,1,0,run,0,,,23/0
1047371,2,4,1,Hari Gopinath,Xavier Thalaivan Sargunam,Jamaluddin Syed Mohammad,0,0,0,no run,0,,,23/0
1047371,2,4,2,Hari Gopinath,Xavier Thalaivan Sargunam,Jamaluddin Syed Mohammad,0,0,0,no run,0,,,23/0
1047371,2,4,3,Hari Gopinath,Xavier Thalaivan Sargunam,Jamaluddin Syed Mohammad,1,0,1,leg bye,0,,,24/0
1047371,2,4,4,Xavier Thalaivan Sargunam,Hari Gopinath,Jamaluddin Syed Mohammad,1,1,0,run,0,,,25/0
1047371,2,4,5,Hari Gopinath,Xavier Thalaivan Sargunam,Jamaluddin Syed Mohammad,4,4,0,four,0,,,29/0
1047371,2,4,6,Hari Gopinath,Xavier Thalaivan Sargunam,Jamaluddin Syed Mohammad,0,0,0,no run,0,,,29/0
1047371,2,5,1,Xavier Thalaivan Sargunam,Hari Gopinath,M Mohammed,0,0,0,no run,0,,,29/0
1047371,2,5,2,Xavier Thalaivan Sargunam,Hari Gopinath,M Mohammed,1,1,0,run,0,,,30/0
1047371,2,5,3,Hari Gopinath,Xavier Thalaivan Sargunam,M Mohammed,0,0,0,no run,0,,,30/0
1047371,2,5,4,Hari Gopinath,Xavier Thalaivan Sargunam,M Mohammed,0,0,0,no run,0,,,30/0
1047371,2,5,5,Hari Gopinath,Xavier Thalaivan Sargunam,M Mohammed,0,0,0,no run,0,,,30/0
1047371,2,5,6,Hari Gopinath,Xavier Thalaivan Sargunam,M Mohammed,6,6,0,six,0,,,36/0
1047371,2,6,1,Xavier Thalaivan Sargunam,Hari Gopinath,Jamaluddin Syed Mohammad,0,0,0,no run,0,,,36/0
1047371,2,6,2,Xavier Thalaivan Sargunam,Hari Gopinath,Jamaluddin Syed Mohammad,0,0,0,no run,0,,,36/0
1047371,2,6,3,Xavier Thalaivan Sargunam,Hari Gopinath,Jamaluddin Syed Mohammad,0,0,0,no run,0,,,36/0
1047371,2,6,4,Xavier Thalaivan Sargunam,Hari Gopinath,Jamaluddin Syed Mohammad,1,1,0,run,0,,,37/0
1047371,2,6,5,Hari Gopinath,Xavier Thalaivan Sargunam,Jamaluddin Syed Mohammad,1,1,0,run,0,,,38/0
1047371,2,6,6,Xavier Thalaivan Sargunam,Hari Gopinath,Jamaluddin Syed Mohammad,1,1,0,run,0,,,39/0
1047371,2,7,1,Xavier Thalaivan Sargunam,Hari Gopinath,Moovervnthali Kasipandian Sivakumar,1,1,0,run,0,,,40/0
1047371,2,7,2,Hari Gopinath,Xavier Thalaivan Sargunam,Moovervnthali Kasipandian Sivakumar,1,1,0,run,0,,,41/0
1047371,2,7,3,Xavier Thalaivan Sargunam,Hari Gopinath,Moovervnthali Kasipandian Sivakumar,0,0,0,no run,0,,,41/0
1047371,2,7,4,Xavier Thalaivan Sargunam,Hari Gopinath,Moovervnthali Kasipandian Sivakumar,0,0,0,no run,0,,,41/0
1047371,2,7,5,Xavier Thalaivan Sargunam,Hari Gopinath,Moovervnthali Kasipandian Sivakumar,1,1,0,run,0,,,42/0
1047371,2,7,6,Hari Gopinath,Xavier Thalaivan Sargunam,Moovervnthali Kasipandian Sivakumar,1,1,0,run,0,,,43/0
1047371,2,8,1,Hari Gopinath,Xavier Thalaivan Sargunam, Sriram Ajith Ram,1,1,0,run,0,,,44/0
1047371,2,8,2,Xavier Thalaivan Sargunam,Hari Gopinath, Sriram Ajith Ram,0,0,0,no run,0,,,44/0
1047371,2,8,3,Xavier Thalaivan Sargunam,Hari Gopinath, Sriram Ajith Ram,1,1,0,run,0,,,45/0
1047371,2,8,4,Hari Gopinath,Xavier Thalaivan Sargunam, Sriram Ajith Ram,0,0,0,out,1,stumped,Hari Gopinath,45/1
1047371,2,8,5,Sathiamoorty Vasanth Saravanan,Xavier Thalaivan Sargunam, Sriram Ajith Ram,0,0,0,no run,0,,,45/1
1047371,2,8,6,Sathiamoorty Vasanth Saravanan,Xavier Thalaivan Sargunam, Sriram Ajith Ram,0,0,0,no run,0,,,45/1
1047371,2,9,1,Xavier Thalaivan Sargunam,Sathiamoorty Vasanth Saravanan,Moovervnthali Kasipandian Sivakumar,1,1,0,run,0,,,46/1
1047371,2,9,2,Sathiamoorty Vasanth Saravanan,Xavier Thalaivan Sargunam,Moovervnthali Kasipandian Sivakumar,0,0,0,no run,0,,,46/1
1047371,2,9,3,Sathiamoorty Vasanth Saravanan,Xavier Thalaivan Sargunam,Moovervnthali Kasipandian Sivakumar,1,1,0,run,0,,,47/1
1047371,2,9,4,Xavier Thalaivan Sargunam,Sathiamoorty Vasanth Saravanan,Moovervnthali Kasipandian Sivakumar,0,0,0,no run,0,,,47/1
1047371,2,9,5,Xavier Thalaivan Sargunam,Sathiamoorty Vasanth Saravanan,Moovervnthali Kasipandian Sivakumar,1,1,0,run,0,,,48/1
1047371,2,9,6,Sathiamoorty Vasanth Saravanan,Xavier Thalaivan Sargunam,Moovervnthali Kasipandian Sivakumar,0,0,0,no run,0,,,48/1
1047371,2,10,1,Xavier Thalaivan Sargunam,Sathiamoorty Vasanth Saravanan, Sriram Ajith Ram,0,0,0,no run,0,,,48/1
1047371,2,10,2,Xavier Thalaivan Sargunam,Sathiamoorty Vasanth Saravanan, Sriram Ajith Ram,0,0,0,no run,0,,,48/1
1047371,2,10,3,Xavier Thalaivan Sargunam,Sathiamoorty Vasanth Saravanan, Sriram Ajith Ram,1,1,0,run,0,,,49/1
1047371,2,10,4,Sathiamoorty Vasanth Saravanan,Xavier Thalaivan Sargunam, Sriram Ajith Ram,0,0,0,no run,0,,,49/1
1047371,2,10,5,Sathiamoorty Vasanth Saravanan,Xavier Thalaivan Sargunam, Sriram Ajith Ram,0,0,0,no run,0,,,49/1
1047371,2,10,6,Sathiamoorty Vasanth Saravanan,Xavier Thalaivan Sargunam, Sriram Ajith Ram,0,0,0,no run,0,,,49/1
1047371,2,11,1,Xavier Thalaivan Sargunam,Sathiamoorty Vasanth Saravanan,S Harish Kumar,0,0,0,out,1,caught,Xavier Thalaivan Sargunam,49/2
1047371,2,11,2,Rajagopal Sathish,Sathiamoorty Vasanth Saravanan,S Harish Kumar,0,0,0,no run,0,,,49/2
1047371,2,11,3,Rajagopal Sathish,Sathiamoorty Vasanth Saravanan,S Harish Kumar,0,0,0,out,1,caught,Rajagopal Sathish,49/3
1047371,2,11,4,Uthirasamy Sasidev,Sathiamoorty Vasanth Saravanan,S Harish Kumar,1,1,0,run,0,,,50/3
1047371,2,11,5,Sathiamoorty Vasanth Saravanan,Uthirasamy Sasidev,S Harish Kumar,0,0,0,no run,0,,,50/3
1047371,2,11,6,Sathiamoorty Vasanth Saravanan,Uthirasamy Sasidev,S Harish Kumar,1,1,0,run,0,,,51/3
1047371,2,12,1,Sathiamoorty Vasanth Saravanan,Uthirasamy Sasidev,Jamaluddin Syed Mohammad,1,1,0,run,0,,,52/3
1047371,2,12,2,Uthirasamy Sasidev,Sathiamoorty Vasanth Saravanan,Jamaluddin Syed Mohammad,1,1,0,run,0,,,53/3
1047371,2,12,3,Sathiamoorty Vasanth Saravanan,Uthirasamy Sasidev,Jamaluddin Syed Mohammad,1,1,0,run,0,,,54/3
1047371,2,12,4,Uthirasamy Sasidev,Sathiamoorty Vasanth Saravanan,Jamaluddin Syed Mohammad,0,0,0,no run,0,,,54/3
1047371,2,12,5,Uthirasamy Sasidev,Sathiamoorty Vasanth Saravanan,Jamaluddin Syed Mohammad,6,6,0,six,0,,,60/3
1047371,2,12,6,Uthirasamy Sasidev,Sathiamoorty Vasanth Saravanan,Jamaluddin Syed Mohammad,1,1,0,run,0,,,61/3
1047371,2,13,1,Uthirasamy Sasidev,Sathiamoorty Vasanth Saravanan, Sriram Ajith Ram,1,1,0,run,0,,,62/3
1047371,2,13,2,Sathiamoorty Vasanth Saravanan,Uthirasamy Sasidev, Sriram Ajith Ram,1,1,0,run,0,,,63/3
1047371,2,13,3,Uthirasamy Sasidev,Sathiamoorty Vasanth Saravanan, Sriram Ajith Ram,0,0,0,no run,0,,,63/3
1047371,2,13,4,Uthirasamy Sasidev,Sathiamoorty Vasanth Saravanan, Sriram Ajith Ram,4,0,4,bye,0,,,67/3
1047371,2,13,5,Uthirasamy Sasidev,Sathiamoorty Vasanth Saravanan, Sriram Ajith Ram,4,4,0,four,0,,,71/3
1047371,2,13,6,Uthirasamy Sasidev,Sathiamoorty Vasanth Saravanan, Sriram Ajith Ram,0,0,0,out,1,caught,Uthirasamy Sasidev,71/4
1047371,2,14,1,Jothimani Gowjith Subhash,Sathiamoorty Vasanth Saravanan,S Harish Kumar,1,1,0,run,0,,,72/4
1047371,2,14,2,Sathiamoorty Vasanth Saravanan,Jothimani Gowjith Subhash,S Harish Kumar,0,0,0,out,1,caught,Sathiamoorty Vasanth Saravanan,72/5
1047371,2,14,3,Jothimani Gowjith Subhash,0,S Harish Kumar,1,1,0,run,0,,,73/5
1047371,2,14,4,Vijaykumar Yo Mahesh,Jothimani Gowjith Subhash,S Harish Kumar,0,0,0,no run,0,,,73/5
1047371,2,14,5,Vijaykumar Yo Mahesh,Jothimani Gowjith Subhash,S Harish Kumar,0,0,0,no run,0,,,73/5
1047371,2,14,6,Vijaykumar Yo Mahesh,Jothimani Gowjith Subhash,S Harish Kumar,1,1,0,run,0,,,74/5
1047371,2,15,1,Vijaykumar Yo Mahesh,Jothimani Gowjith Subhash,Moovervnthali Kasipandian Sivakumar,0,0,0,no run,0,,,74/5
1047371,2,15,2,Vijaykumar Yo Mahesh,Jothimani Gowjith Subhash,Moovervnthali Kasipandian Sivakumar,0,0,0,out,1,run out,Vijaykumar Yo Mahesh,74/6
1047371,2,15,3,Jothimani Gowjith Subhash,0,Moovervnthali Kasipandian Sivakumar,0,0,0,no run,0,,,74/6
1047371,2,15,4,Jothimani Gowjith Subhash,0,Moovervnthali Kasipandian Sivakumar,0,0,0,no run,0,,,74/6
1047371,2,15,5,Jothimani Gowjith Subhash,0,Moovervnthali Kasipandian Sivakumar,1,1,0,run,0,,,75/6
1047371,2,15,6,Wenseslaus Antony Dhas,Jothimani Gowjith Subhash,Moovervnthali Kasipandian Sivakumar,0,0,0,no run,0,,,75/6
1047371,2,16,1,Jothimani Gowjith Subhash,Wenseslaus Antony Dhas,S Harish Kumar,2,2,0,run,0,,,77/6
1047371,2,16,2,Jothimani Gowjith Subhash,Wenseslaus Antony Dhas,S Harish Kumar,6,6,0,six,0,,,83/6
1047371,2,16,3,Jothimani Gowjith Subhash,Wenseslaus Antony Dhas,S Harish Kumar,1,1,0,run,0,,,84/6
1047371,2,16,4,Wenseslaus Antony Dhas,Jothimani Gowjith Subhash,S Harish Kumar,1,1,0,run,0,,,85/6
1047371,2,16,5,Jothimani Gowjith Subhash,Wenseslaus Antony Dhas,S Harish Kumar,1,1,0,run,0,,,86/6
1047371,2,16,6,Wenseslaus Antony Dhas,Jothimani Gowjith Subhash,S Harish Kumar,4,4,0,four,0,,,90/6
1047371,2,17,1,Jothimani Gowjith Subhash,Wenseslaus Antony Dhas,M Mohammed,1,1,0,run,0,,,91/6
1047371,2,17,2,Wenseslaus Antony Dhas,Jothimani Gowjith Subhash,M Mohammed,4,4,0,four,0,,,95/6
1047371,2,17,3,Wenseslaus Antony Dhas,Jothimani Gowjith Subhash,M Mohammed,1,1,0,run,0,,,96/6
1047371,2,17,4,Jothimani Gowjith Subhash,Wenseslaus Antony Dhas,M Mohammed,6,6,0,six,0,,,102/6
1047371,2,17,5,Jothimani Gowjith Subhash,Wenseslaus Antony Dhas,M Mohammed,0,0,0,no run,0,,,102/6
1047371,2,17,6,Jothimani Gowjith Subhash,Wenseslaus Antony Dhas,M Mohammed,6,6,0,six,0,,,108/6
1047371,2,18,1,Wenseslaus Antony Dhas,Jothimani Gowjith Subhash,S Harish Kumar,0,0,0,no run,0,,,108/6
1047371,2,18,2,Wenseslaus Antony Dhas,Jothimani Gowjith Subhash,S Harish Kumar,2,2,0,run,1,run out,Jothimani Gowjith Subhash,110/7
1047371,2,18,3,Wenseslaus Antony Dhas,0,S Harish Kumar,1,1,0,run,0,,,111/7
1047371,2,18,4,Dakshinamoorthy Tamil Kumaran,Wenseslaus Antony Dhas,S Harish Kumar,0,0,0,no run,0,,,111/7
1047371,2,18,5,Dakshinamoorthy Tamil Kumaran,Wenseslaus Antony Dhas,S Harish Kumar,0,0,0,no run,0,,,111/7
1047371,2,18,6,Dakshinamoorthy Tamil Kumaran,Wenseslaus Antony Dhas,S Harish Kumar,0,0,0,no run,0,,,111/7
1047371,2,19,1,Wenseslaus Antony Dhas,Dakshinamoorthy Tamil Kumaran,Moovervnthali Kasipandian Sivakumar,1,1,0,run,0,,,112/7
1047371,2,19,2,Dakshinamoorthy Tamil Kumaran,Wenseslaus Antony Dhas,Moovervnthali Kasipandian Sivakumar,0,0,0,out,1,run out,Dakshinamoorthy Tamil Kumaran,112/8
1047371,2,19,3,Ravisrinivasan Sai Kishore,Wenseslaus Antony Dhas,Moovervnthali Kasipandian Sivakumar,0,0,0,out,1,caught,Ravisrinivasan Sai Kishore,112/9
1047371,2,19,4,Wenseslaus Antony Dhas,0,Moovervnthali Kasipandian Sivakumar,0,0,0,no run,0,,,112/9
1047371,2,19,5,Wenseslaus Antony Dhas,0,Moovervnthali Kasipandian Sivakumar,0,0,0,no run,0,,,112/9
1047371,2,19,6,Wenseslaus Antony Dhas,Ramadoss Alexander,Moovervnthali Kasipandian Sivakumar,1,1,0,run,0,,,113/9
1047371,2,20,1,Wenseslaus Antony Dhas,Ramadoss Alexander,Krishnamoorthy Vignesh,2,2,0,run,0,,,115/9
1047371,2,20,2,Wenseslaus Antony Dhas,Ramadoss Alexander,Krishnamoorthy Vignesh,0,0,0,no run,0,,,115/9
1047371,2,20,3,Wenseslaus Antony Dhas,Ramadoss Alexander,Krishnamoorthy Vignesh,0,0,0,no run,0,,,115/9
1047371,2,20,4,Wenseslaus Antony Dhas,Ramadoss Alexander,Krishnamoorthy Vignesh,4,4,0,four,0,,,119/9
1047371,2,20,5,Wenseslaus Antony Dhas,Ramadoss Alexander,Krishnamoorthy Vignesh,6,6,0,six,0,,,125/9
1047371,2,20,6,Wenseslaus Antony Dhas,Ramadoss Alexander,Krishnamoorthy Vignesh,1,1,0,run,0,,,126/9
1047373,1,1,1,M Vijay Kumar,0,Palani Amarnath,1,0,1,leg bye,0,,,1/0
1047373,1,1,2,Rajhamany Srinivasan,M Vijay Kumar,Palani Amarnath,1,1,0,run,0,,,2/0
1047373,1,1,3,M Vijay Kumar,Rajhamany Srinivasan,Palani Amarnath,4,4,0,four,0,,,6/0
1047373,1,1,4,M Vijay Kumar,Rajhamany Srinivasan,Palani Amarnath,0,0,0,no run,0,,,6/0
1047373,1,1,5,M Vijay Kumar,Rajhamany Srinivasan,Palani Amarnath,4,4,0,four,0,,,10/0
1047373,1,1,6,M Vijay Kumar,Rajhamany Srinivasan,Palani Amarnath,1,1,0,run,0,,,11/0
1047373,1,2,1,M Vijay Kumar,Rajhamany Srinivasan,SV Muruganantham,0,0,0,no run,0,,,11/0
1047373,1,2,2,M Vijay Kumar,Rajhamany Srinivasan,SV Muruganantham,0,0,0,no run,0,,,11/0
1047373,1,2,3,M Vijay Kumar,Rajhamany Srinivasan,SV Muruganantham,1,1,0,run,0,,,12/0
1047373,1,2,4,Rajhamany Srinivasan,M Vijay Kumar,SV Muruganantham,0,0,0,no run,0,,,12/0
1047373,1,2,5,Rajhamany Srinivasan,M Vijay Kumar,SV Muruganantham,1,1,0,run,0,,,13/0
1047373,1,2,6,M Vijay Kumar,Rajhamany Srinivasan,SV Muruganantham,2,2,0,run,0,,,15/0
1047373,1,3,1,Rajhamany Srinivasan,M Vijay Kumar,Edward Kennedy,0,0,0,no run,0,,,15/0
1047373,1,3,2,Rajhamany Srinivasan,M Vijay Kumar,Edward Kennedy,0,0,0,no run,0,,,15/0
1047373,1,3,3,Rajhamany Srinivasan,M Vijay Kumar,Edward Kennedy,1,1,0,run,0,,,16/0
1047373,1,3,4,M Vijay Kumar,Rajhamany Srinivasan,Edward Kennedy,0,0,0,no run,0,,,16/0
1047373,1,3,5,M Vijay Kumar,Rajhamany Srinivasan,Edward Kennedy,1,1,0,run,0,,,17/0
1047373,1,3,6,Rajhamany Srinivasan,M Vijay Kumar,Edward Kennedy,0,0,0,no run,0,,,17/0
1047373,1,4,1,M Vijay Kumar,Rajhamany Srinivasan,SV Muruganantham,4,4,0,four,0,,,21/0
1047373,1,4,2,M Vijay Kumar,Rajhamany Srinivasan,SV Muruganantham,0,0,0,out,1,leg before wicket,M Vijay Kumar,21/1
1047373,1,4,3,Subramaniam Badrinath,Rajhamany Srinivasan,SV Muruganantham,0,0,0,no run,0,,,21/1
1047373,1,4,4,Subramaniam Badrinath,Rajhamany Srinivasan,SV Muruganantham,0,0,0,no run,0,,,21/1
1047373,1,4,5,Subramaniam Badrinath,Rajhamany Srinivasan,SV Muruganantham,0,0,0,no run,0,,,21/1
1047373,1,4,6,Subramaniam Badrinath,Rajhamany Srinivasan,SV Muruganantham,1,1,0,run,0,,,22/1
1047373,1,5,1,Subramaniam Badrinath,Rajhamany Srinivasan,M Raja,0,0,0,no run,0,,,22/1
1047373,1,5,2,Subramaniam Badrinath,Rajhamany Srinivasan,M Raja,0,0,0,no run,0,,,22/1
1047373,1,5,3,Subramaniam Badrinath,Rajhamany Srinivasan,M Raja,4,4,0,four,0,,,26/1
1047373,1,5,4,Subramaniam Badrinath,Rajhamany Srinivasan,M Raja,2,2,0,run,0,,,28/1
1047373,1,5,5,Subramaniam Badrinath,Rajhamany Srinivasan,M Raja,1,1,0,run,0,,,29/1
1047373,1,5,6,Rajhamany Srinivasan,Subramaniam Badrinath,M Raja,4,4,0,four,0,,,33/1
1047373,1,6,1,Subramaniam Badrinath,Rajhamany Srinivasan,Edward Kennedy,1,1,0,run,0,,,34/1
1047373,1,6,2,Rajhamany Srinivasan,Subramaniam Badrinath,Edward Kennedy,0,0,0,no run,0,,,34/1
1047373,1,6,3,Rajhamany Srinivasan,Subramaniam Badrinath,Edward Kennedy,0,0,0,no run,0,,,34/1
1047373,1,6,4,Rajhamany Srinivasan,Subramaniam Badrinath,Edward Kennedy,4,4,0,four,0,,,38/1
1047373,1,6,5,Rajhamany Srinivasan,Subramaniam Badrinath,Edward Kennedy,0,0,0,no run,0,,,38/1
1047373,1,6,6,Rajhamany Srinivasan,Subramaniam Badrinath,Edward Kennedy,1,0,1,wide,0,,,39/1
1047373,1,6,7,Rajhamany Srinivasan,Subramaniam Badrinath,Edward Kennedy,1,1,0,run,0,,,40/1
1047373,1,7,1,Rajhamany Srinivasan,Subramaniam Badrinath,Maan K Bafna,1,0,1,leg bye,0,,,41/1
1047373,1,7,2,Subramaniam Badrinath,Rajhamany Srinivasan,Maan K Bafna,1,1,0,run,0,,,42/1
1047373,1,7,3,Rajhamany Srinivasan,Subramaniam Badrinath,Maan K Bafna,0,0,0,no run,0,,,42/1
1047373,1,7,4,Rajhamany Srinivasan,Subramaniam Badrinath,Maan K Bafna,1,1,0,run,0,,,43/1
1047373,1,7,5,Subramaniam Badrinath,Rajhamany Srinivasan,Maan K Bafna,0,0,0,no run,0,,,43/1
1047373,1,7,6,Subramaniam Badrinath,Rajhamany Srinivasan,Maan K Bafna,0,0,0,no run,0,,,43/1
1047373,1,8,1,Rajhamany Srinivasan,Subramaniam Badrinath,Selvam Suresh Kumar,1,1,0,run,0,,,44/1
1047373,1,8,2,Subramaniam Badrinath,Rajhamany Srinivasan,Selvam Suresh Kumar,1,1,0,run,0,,,45/1
1047373,1,8,3,Rajhamany Srinivasan,Subramaniam Badrinath,Selvam Suresh Kumar,0,0,0,no run,0,,,45/1
1047373,1,8,4,Rajhamany Srinivasan,Subramaniam Badrinath,Selvam Suresh Kumar,0,0,0,no run,0,,,45/1
1047373,1,8,5,Rajhamany Srinivasan,Subramaniam Badrinath,Selvam Suresh Kumar,1,1,0,run,0,,,46/1
1047373,1,8,6,Subramaniam Badrinath,Rajhamany Srinivasan,Selvam Suresh Kumar,4,4,0,four,0,,,50/1
1047373,1,9,1,Rajhamany Srinivasan,Subramaniam Badrinath,Maan K Bafna,0,0,0,out,1,caught,Rajhamany Srinivasan,50/2
1047373,1,9,2,Subramaniam Badrinath,0,Maan K Bafna,1,1,0,run,0,,,51/2
1047373,1,9,3,K Vishal Vaidhya,Subramaniam Badrinath,Maan K Bafna,0,0,0,no run,0,,,51/2
1047373,1,9,4,K Vishal Vaidhya,Subramaniam Badrinath,Maan K Bafna,0,0,0,no run,0,,,51/2
1047373,1,9,5,K Vishal Vaidhya,Subramaniam Badrinath,Maan K Bafna,1,0,1,wide,0,,,52/2
1047373,1,9,6,K Vishal Vaidhya,Subramaniam Badrinath,Maan K Bafna,0,0,0,no run,0,,,52/2
1047373,1,9,7,K Vishal Vaidhya,Subramaniam Badrinath,Maan K Bafna,1,1,0,run,0,,,53/2
1047373,1,10,1,K Vishal Vaidhya,Subramaniam Badrinath,Selvam Suresh Kumar,1,1,0,run,0,,,54/2
1047373,1,10,2,Subramaniam Badrinath,K Vishal Vaidhya,Selvam Suresh Kumar,1,1,0,run,0,,,55/2
1047373,1,10,3,K Vishal Vaidhya,Subramaniam Badrinath,Selvam Suresh Kumar,0,0,0,no run,0,,,55/2
1047373,1,10,4,K Vishal Vaidhya,Subramaniam Badrinath,Selvam Suresh Kumar,0,0,0,no run,0,,,55/2
1047373,1,10,5,K Vishal Vaidhya,Subramaniam Badrinath,Selvam Suresh Kumar,1,1,0,run,0,,,56/2
1047373,1,10,6,Subramaniam Badrinath,K Vishal Vaidhya,Selvam Suresh Kumar,1,1,0,run,0,,,57/2
1047373,1,11,1,Subramaniam Badrinath,K Vishal Vaidhya,SV Muruganantham,1,1,0,run,0,,,58/2
1047373,1,11,2,K Vishal Vaidhya,Subramaniam Badrinath,SV Muruganantham,0,0,0,no run,0,,,58/2
1047373,1,11,3,K Vishal Vaidhya,Subramaniam Badrinath,SV Muruganantham,2,2,0,run,0,,,60/2
1047373,1,11,4,K Vishal Vaidhya,Subramaniam Badrinath,SV Muruganantham,0,0,0,no run,0,,,60/2
1047373,1,11,5,K Vishal Vaidhya,Subramaniam Badrinath,SV Muruganantham,1,1,0,run,0,,,61/2
1047373,1,11,6,Subramaniam Badrinath,K Vishal Vaidhya,SV Muruganantham,1,1,0,run,0,,,62/2
1047373,1,12,1,Subramaniam Badrinath,K Vishal Vaidhya,Selvam Suresh Kumar,0,0,0,no run,0,,,62/2
1047373,1,12,2,Subramaniam Badrinath,K Vishal Vaidhya,Selvam Suresh Kumar,2,2,0,run,0,,,64/2
1047373,1,12,3,Subramaniam Badrinath,K Vishal Vaidhya,Selvam Suresh Kumar,0,0,0,no run,0,,,64/2
1047373,1,12,4,Subramaniam Badrinath,K Vishal Vaidhya,Selvam Suresh Kumar,1,1,0,run,0,,,65/2
1047373,1,12,5,K Vishal Vaidhya,Subramaniam Badrinath,Selvam Suresh Kumar,1,1,0,run,0,,,66/2
1047373,1,12,6,Subramaniam Badrinath,K Vishal Vaidhya,Selvam Suresh Kumar,1,1,0,run,0,,,67/2
1047373,1,13,1,Subramaniam Badrinath,K Vishal Vaidhya,Maan K Bafna,0,0,0,no run,0,,,67/2
1047373,1,13,2,Subramaniam Badrinath,K Vishal Vaidhya,Maan K Bafna,0,0,0,out,1,caught,Subramaniam Badrinath,67/3
1047373,1,13,3,K Vishal Vaidhya,0,Maan K Bafna,1,1,0,run,0,,,68/3
1047373,1,13,4,Srikkanth Anirudha,K Vishal Vaidhya,Maan K Bafna,1,1,0,run,0,,,69/3
1047373,1,13,5,K Vishal Vaidhya,Srikkanth Anirudha,Maan K Bafna,1,1,0,run,0,,,70/3
1047373,1,13,6,Srikkanth Anirudha,K Vishal Vaidhya,Maan K Bafna,0,0,0,no run,0,,,70/3
1047373,1,14,1,K Vishal Vaidhya,Srikkanth Anirudha,Edward Kennedy,1,1,0,run,0,,,71/3
1047373,1,14,2,Srikkanth Anirudha,K Vishal Vaidhya,Edward Kennedy,6,6,0,six,0,,,77/3
1047373,1,14,3,Srikkanth Anirudha,K Vishal Vaidhya,Edward Kennedy,1,1,0,run,0,,,78/3
1047373,1,14,4,K Vishal Vaidhya,Srikkanth Anirudha,Edward Kennedy,0,0,0,out,1,stumped,K Vishal Vaidhya,78/4
1047373,1,14,5,R Rajkumar,Srikkanth Anirudha,Edward Kennedy,1,1,0,run,0,,,79/4
1047373,1,14,6,Srikkanth Anirudha,R Rajkumar,Edward Kennedy,0,0,0,no run,0,,,79/4
1047373,1,15,1,R Rajkumar,Srikkanth Anirudha,Maan K Bafna,0,0,0,no run,0,,,79/4
1047373,1,15,2,R Rajkumar,Srikkanth Anirudha,Maan K Bafna,1,1,0,run,0,,,80/4
1047373,1,15,3,Srikkanth Anirudha,R Rajkumar,Maan K Bafna,1,1,0,run,0,,,81/4
1047373,1,15,4,R Rajkumar,Srikkanth Anirudha,Maan K Bafna,1,1,0,run,0,,,82/4
1047373,1,15,5,Srikkanth Anirudha,R Rajkumar,Maan K Bafna,2,2,0,run,0,,,84/4
1047373,1,15,6,Srikkanth Anirudha,R Rajkumar,Maan K Bafna,1,1,0,run,0,,,85/4
1047373,1,16,1,Srikkanth Anirudha,R Rajkumar,M Raja,1,1,0,run,0,,,86/4
1047373,1,16,2,R Rajkumar,Srikkanth Anirudha,M Raja,4,4,0,four,0,,,90/4
1047373,1,16,3,R Rajkumar,Srikkanth Anirudha,M Raja,6,6,0,six,0,,,96/4
1047373,1,16,4,R Rajkumar,Srikkanth Anirudha,M Raja,4,4,0,four,0,,,100/4
1047373,1,16,5,R Rajkumar,Srikkanth Anirudha,M Raja,0,0,0,no run,0,,,100/4
1047373,1,16,6,R Rajkumar,Srikkanth Anirudha,M Raja,1,1,0,run,0,,,101/4
1047373,1,17,1,R Rajkumar,Srikkanth Anirudha,SV Muruganantham,0,0,0,no run,0,,,101/4
1047373,1,17,2,R Rajkumar,Srikkanth Anirudha,SV Muruganantham,4,4,0,four,0,,,105/4
1047373,1,17,3,R Rajkumar,Srikkanth Anirudha,SV Muruganantham,1,1,0,run,0,,,106/4
1047373,1,17,4,Srikkanth Anirudha,R Rajkumar,SV Muruganantham,1,1,0,run,0,,,107/4
1047373,1,17,5,R Rajkumar,Srikkanth Anirudha,SV Muruganantham,6,6,0,six,0,,,113/4
1047373,1,17,6,R Rajkumar,Srikkanth Anirudha,SV Muruganantham,1,1,0,run,0,,,114/4
1047373,1,18,1,R Rajkumar,Srikkanth Anirudha,Palani Amarnath,4,4,0,four,0,,,118/4
1047373,1,18,2,R Rajkumar,Srikkanth Anirudha,Palani Amarnath,6,6,0,six,0,,,124/4
1047373,1,18,3,R Rajkumar,Srikkanth Anirudha,Palani Amarnath,0,0,0,no run,0,,,124/4
1047373,1,18,4,R Rajkumar,Srikkanth Anirudha,Palani Amarnath,6,6,0,six,0,,,130/4
1047373,1,18,5,R Rajkumar,Srikkanth Anirudha,Palani Amarnath,0,0,0,out,1,bowled,R Rajkumar,130/5
1047373,1,18,6,Chandrasekar Ganapathy,Srikkanth Anirudha,Palani Amarnath,2,1,1,run,0,,,132/5
1047373,1,18,7,Srikkanth Anirudha,Chandrasekar Ganapathy,Palani Amarnath,1,1,0,run,0,,,133/5
1047373,1,19,1,Srikkanth Anirudha,Chandrasekar Ganapathy,M Raja,0,0,0,out,1,caught,Srikkanth Anirudha,133/6
1047373,1,19,2,Chandrasekar Ganapathy,Shoaib Md Khan,M Raja,0,0,0,out,1,caught,Chandrasekar Ganapathy,133/7
1047373,1,19,3,Shoaib Md Khan,0,M Raja,0,0,0,no run,0,,,133/7
1047373,1,19,4,Shoaib Md Khan,0,M Raja,1,1,0,run,0,,,134/7
1047373,1,19,5,M Suresh Babu,Shoaib Md Khan,M Raja,1,1,0,run,0,,,135/7
1047373,1,19,6,Shoaib Md Khan,M Suresh Babu,M Raja,1,0,1,wide,0,,,136/7
1047373,1,19,7,Shoaib Md Khan,M Suresh Babu,M Raja,3,3,0,run,0,,,139/7
1047373,1,20,1,Shoaib Md Khan,M Suresh Babu,Palani Amarnath,1,1,0,run,0,,,140/7
1047373,1,20,2,M Suresh Babu,Shoaib Md Khan,Palani Amarnath,6,6,0,six,0,,,146/7
1047373,1,20,3,M Suresh Babu,Shoaib Md Khan,Palani Amarnath,1,1,0,run,0,,,147/7
1047373,1,20,4,Shoaib Md Khan,M Suresh Babu,Palani Amarnath,0,0,0,no run,0,,,147/7
1047373,1,20,5,Shoaib Md Khan,M Suresh Babu,Palani Amarnath,1,1,0,run,0,,,148/7
1047373,1,20,6,M Suresh Babu,Shoaib Md Khan,Palani Amarnath,1,1,0,run,0,,,149/7
1047373,2,1,1,Singamuthu Thiyagarajan,0,Chandrasekar Ganapathy,1,1,0,run,0,,,1/0
1047373,2,1,2,Konda Bhaskir Arun Karthik,Singamuthu Thiyagarajan,Chandrasekar Ganapathy,1,1,0,run,0,,,2/0
1047373,2,1,3,Singamuthu Thiyagarajan,Konda Bhaskir Arun Karthik,Chandrasekar Ganapathy,4,4,0,four,0,,,6/0
1047373,2,1,4,Singamuthu Thiyagarajan,Konda Bhaskir Arun Karthik,Chandrasekar Ganapathy,1,1,0,run,0,,,7/0
1047373,2,1,5,Konda Bhaskir Arun Karthik,Singamuthu Thiyagarajan,Chandrasekar Ganapathy,6,6,0,six,0,,,13/0
1047373,2,1,6,Konda Bhaskir Arun Karthik,Singamuthu Thiyagarajan,Chandrasekar Ganapathy,1,1,0,run,0,,,14/0
1047373,2,2,1,Konda Bhaskir Arun Karthik,Singamuthu Thiyagarajan,S Mohan Prasath,1,1,0,run,0,,,15/0
1047373,2,2,2,Singamuthu Thiyagarajan,Konda Bhaskir Arun Karthik,S Mohan Prasath,0,0,0,out,1,bowled,Singamuthu Thiyagarajan,15/1
1047373,2,2,3,Poovathinga Shijit Chandran,Konda Bhaskir Arun Karthik,S Mohan Prasath,1,1,0,run,0,,,16/1
1047373,2,2,4,Konda Bhaskir Arun Karthik,Poovathinga Shijit Chandran,S Mohan Prasath,4,4,0,four,0,,,20/1
1047373,2,2,5,Konda Bhaskir Arun Karthik,Poovathinga Shijit Chandran,S Mohan Prasath,0,0,0,out,1,bowled,Konda Bhaskir Arun Karthik,20/2
1047373,2,2,6,Selvam Suresh Kumar,Poovathinga Shijit Chandran,S Mohan Prasath,0,0,0,no run,0,,,20/2
1047373,2,3,1,Poovathinga Shijit Chandran,Selvam Suresh Kumar,Chandrasekar Ganapathy,0,0,0,no run,0,,,20/2
1047373,2,3,2,Poovathinga Shijit Chandran,Selvam Suresh Kumar,Chandrasekar Ganapathy,1,1,0,run,0,,,21/2
1047373,2,3,3,Selvam Suresh Kumar,Poovathinga Shijit Chandran,Chandrasekar Ganapathy,1,1,0,run,0,,,22/2
1047373,2,3,4,Poovathinga Shijit Chandran,Selvam Suresh Kumar,Chandrasekar Ganapathy,0,0,0,no run,0,,,22/2
1047373,2,3,5,Poovathinga Shijit Chandran,Selvam Suresh Kumar,Chandrasekar Ganapathy,1,1,0,run,0,,,23/2
1047373,2,3,6,Selvam Suresh Kumar,Poovathinga Shijit Chandran,Chandrasekar Ganapathy,0,0,0,no run,0,,,23/2
1047373,2,4,1,Poovathinga Shijit Chandran,Selvam Suresh Kumar,S Mohan Prasath,0,0,0,no run,0,,,23/2
1047373,2,4,2,Poovathinga Shijit Chandran,Selvam Suresh Kumar,S Mohan Prasath,0,0,0,no run,0,,,23/2
1047373,2,4,3,Poovathinga Shijit Chandran,Selvam Suresh Kumar,S Mohan Prasath,1,1,0,run,0,,,24/2
1047373,2,4,4,Selvam Suresh Kumar,Poovathinga Shijit Chandran,S Mohan Prasath,0,0,0,out,1,leg before wicket,Selvam Suresh Kumar,24/3
1047373,2,4,5,P Francis Rokins,Poovathinga Shijit Chandran,S Mohan Prasath,0,0,0,no run,0,,,24/3
1047373,2,4,6,P Francis Rokins,Poovathinga Shijit Chandran,S Mohan Prasath,0,0,0,no run,0,,,24/3
1047373,2,5,1,Poovathinga Shijit Chandran,P Francis Rokins,Ramsingh Sonu Yadav,0,0,0,no run,0,,,24/3
1047373,2,5,2,Poovathinga Shijit Chandran,P Francis Rokins,Ramsingh Sonu Yadav,0,0,0,no run,0,,,24/3
1047373,2,5,3,Poovathinga Shijit Chandran,P Francis Rokins,Ramsingh Sonu Yadav,4,4,0,four,0,,,28/3
1047373,2,5,4,Poovathinga Shijit Chandran,P Francis Rokins,Ramsingh Sonu Yadav,0,0,0,no run,0,,,28/3
1047373,2,5,5,Poovathinga Shijit Chandran,P Francis Rokins,Ramsingh Sonu Yadav,0,0,0,no run,0,,,28/3
1047373,2,5,6,Poovathinga Shijit Chandran,P Francis Rokins,Ramsingh Sonu Yadav,1,1,0,run,0,,,29/3
1047373,2,6,1,Poovathinga Shijit Chandran,P Francis Rokins,M Suresh Babu,0,0,0,no run,0,,,29/3
1047373,2,6,2,Poovathinga Shijit Chandran,P Francis Rokins,M Suresh Babu,1,1,0,run,0,,,30/3
1047373,2,6,3,P Francis Rokins,Poovathinga Shijit Chandran,M Suresh Babu,0,0,0,no run,0,,,30/3
1047373,2,6,4,P Francis Rokins,Poovathinga Shijit Chandran,M Suresh Babu,4,4,0,four,0,,,34/3
1047373,2,6,5,P Francis Rokins,Poovathinga Shijit Chandran,M Suresh Babu,1,1,0,run,0,,,35/3
1047373,2,6,6,Poovathinga Shijit Chandran,P Francis Rokins,M Suresh Babu,1,1,0,run,0,,,36/3
1047373,2,7,1,Poovathinga Shijit Chandran,P Francis Rokins,Ramsingh Sonu Yadav,4,4,0,four,0,,,40/3
1047373,2,7,2,Poovathinga Shijit Chandran,P Francis Rokins,Ramsingh Sonu Yadav,1,1,0,run,0,,,41/3
1047373,2,7,3,P Francis Rokins,Poovathinga Shijit Chandran,Ramsingh Sonu Yadav,1,1,0,run,0,,,42/3
1047373,2,7,4,Poovathinga Shijit Chandran,P Francis Rokins,Ramsingh Sonu Yadav,1,1,0,run,0,,,43/3
1047373,2,7,5,P Francis Rokins,Poovathinga Shijit Chandran,Ramsingh Sonu Yadav,1,1,0,run,0,,,44/3
1047373,2,7,6,Poovathinga Shijit Chandran,P Francis Rokins,Ramsingh Sonu Yadav,2,2,0,run,0,,,46/3
1047373,2,8,1,P Francis Rokins,Poovathinga Shijit Chandran,R Rajkumar,0,0,0,no run,0,,,46/3
1047373,2,8,2,P Francis Rokins,Poovathinga Shijit Chandran,R Rajkumar,2,2,0,run,0,,,48/3
1047373,2,8,3,P Francis Rokins,Poovathinga Shijit Chandran,R Rajkumar,1,1,0,run,0,,,49/3
1047373,2,8,4,Poovathinga Shijit Chandran,P Francis Rokins,R Rajkumar,1,1,0,run,0,,,50/3
1047373,2,8,5,P Francis Rokins,Poovathinga Shijit Chandran,R Rajkumar,0,0,0,out,1,caught,P Francis Rokins,50/4
1047373,2,8,6,Pitchaiayan Sakthi,Poovathinga Shijit Chandran,R Rajkumar,1,1,0,run,0,,,51/4
1047373,2,9,1,Pitchaiayan Sakthi,Poovathinga Shijit Chandran,M Suresh Babu,0,0,0,no run,0,,,51/4
1047373,2,9,2,Pitchaiayan Sakthi,Poovathinga Shijit Chandran,M Suresh Babu,0,0,0,out,1,leg before wicket,Pitchaiayan Sakthi,51/5
1047373,2,9,3,M Raja,Poovathinga Shijit Chandran,M Suresh Babu,0,0,0,no run,0,,,51/5
1047373,2,9,4,M Raja,Poovathinga Shijit Chandran,M Suresh Babu,1,1,0,run,0,,,52/5
1047373,2,9,5,Poovathinga Shijit Chandran,M Raja,M Suresh Babu,1,1,0,run,0,,,53/5
1047373,2,9,6,M Raja,Poovathinga Shijit Chandran,M Suresh Babu,1,1,0,run,0,,,54/5
1047373,2,10,1,M Raja,Poovathinga Shijit Chandran,Ramsingh Sonu Yadav,0,0,0,no run,0,,,54/5
1047373,2,10,2,M Raja,Poovathinga Shijit Chandran,Ramsingh Sonu Yadav,3,0,3,wide,0,,,57/5
1047373,2,10,3,M Raja,Poovathinga Shijit Chandran,Ramsingh Sonu Yadav,0,0,0,out,1,caught,M Raja,57/6
1047373,2,10,4,Maan K Bafna,Poovathinga Shijit Chandran,Ramsingh Sonu Yadav,1,0,1,wide,0,,,58/6
1047373,2,10,5,Maan K Bafna,Poovathinga Shijit Chandran,Ramsingh Sonu Yadav,0,0,0,no run,0,,,58/6
1047373,2,10,6,Maan K Bafna,Poovathinga Shijit Chandran,Ramsingh Sonu Yadav,0,0,0,no run,0,,,58/6
1047373,2,10,7,Maan K Bafna,Poovathinga Shijit Chandran,Ramsingh Sonu Yadav,1,1,0,run,0,,,59/6
1047373,2,10,8,Poovathinga Shijit Chandran,Maan K Bafna,Ramsingh Sonu Yadav,1,1,0,run,0,,,60/6
1047373,2,11,1,Poovathinga Shijit Chandran,Maan K Bafna,M Suresh Babu,1,1,0,run,0,,,61/6
1047373,2,11,2,Maan K Bafna,Poovathinga Shijit Chandran,M Suresh Babu,1,1,0,run,0,,,62/6
1047373,2,11,3,Poovathinga Shijit Chandran,Maan K Bafna,M Suresh Babu,1,1,0,run,0,,,63/6
1047373,2,11,4,Maan K Bafna,Poovathinga Shijit Chandran,M Suresh Babu,1,1,0,run,0,,,64/6
1047373,2,11,5,Poovathinga Shijit Chandran,Maan K Bafna,M Suresh Babu,0,0,0,no run,0,,,64/6
1047373,2,11,6,Poovathinga Shijit Chandran,Maan K Bafna,M Suresh Babu,0,0,0,no run,0,,,64/6
1047373,2,12,1,Maan K Bafna,Poovathinga Shijit Chandran,R Rajkumar,0,0,0,out,1,caught,Maan K Bafna,64/7
1047373,2,12,2,Palani Amarnath,Poovathinga Shijit Chandran,R Rajkumar,0,0,0,no run,0,,,64/7
1047373,2,12,3,Palani Amarnath,Poovathinga Shijit Chandran,R Rajkumar,1,1,0,run,0,,,65/7
1047373,2,12,4,Poovathinga Shijit Chandran,Palani Amarnath,R Rajkumar,1,1,0,run,0,,,66/7
1047373,2,12,5,Palani Amarnath,Poovathinga Shijit Chandran,R Rajkumar,0,0,0,no run,0,,,66/7
1047373,2,12,6,Palani Amarnath,Poovathinga Shijit Chandran,R Rajkumar,4,4,0,four,0,,,70/7
1047373,2,13,1,Poovathinga Shijit Chandran,Palani Amarnath,S Mohan Prasath,0,0,0,no run,0,,,70/7
1047373,2,13,2,Poovathinga Shijit Chandran,Palani Amarnath,S Mohan Prasath,1,1,0,run,0,,,71/7
1047373,2,13,3,Palani Amarnath,Poovathinga Shijit Chandran,S Mohan Prasath,0,0,0,no run,0,,,71/7
1047373,2,13,4,Palani Amarnath,Poovathinga Shijit Chandran,S Mohan Prasath,1,1,0,run,0,,,72/7
1047373,2,13,5,Poovathinga Shijit Chandran,Palani Amarnath,S Mohan Prasath,6,6,0,six,0,,,78/7
1047373,2,13,6,Poovathinga Shijit Chandran,Palani Amarnath,S Mohan Prasath,1,1,0,run,0,,,79/7
1047373,2,14,1,Poovathinga Shijit Chandran,Palani Amarnath,R Rajkumar,1,1,0,run,0,,,80/7
1047373,2,14,2,Palani Amarnath,Poovathinga Shijit Chandran,R Rajkumar,1,1,0,run,0,,,81/7
1047373,2,14,3,Poovathinga Shijit Chandran,Palani Amarnath,R Rajkumar,1,1,0,run,0,,,82/7
1047373,2,14,4,Palani Amarnath,Poovathinga Shijit Chandran,R Rajkumar,2,2,0,run,0,,,84/7
1047373,2,14,5,Palani Amarnath,Poovathinga Shijit Chandran,R Rajkumar,0,0,0,no run,0,,,84/7
1047373,2,14,6,Palani Amarnath,Poovathinga Shijit Chandran,R Rajkumar,0,0,0,out,1,bowled,Palani Amarnath,84/8
1047373,2,15,1,Poovathinga Shijit Chandran,0,M Suresh Babu,1,1,0,run,0,,,85/8
1047373,2,15,2,SV Muruganantham,Poovathinga Shijit Chandran,M Suresh Babu,1,1,0,run,0,,,86/8
1047373,2,15,3,Poovathinga Shijit Chandran,SV Muruganantham,M Suresh Babu,0,0,0,no run,0,,,86/8
1047373,2,15,4,Poovathinga Shijit Chandran,SV Muruganantham,M Suresh Babu,1,1,0,run,0,,,87/8
1047373,2,15,5,SV Muruganantham,Poovathinga Shijit Chandran,M Suresh Babu,1,1,0,run,0,,,88/8
1047373,2,15,6,Poovathinga Shijit Chandran,SV Muruganantham,M Suresh Babu,6,6,0,six,0,,,94/8
1047373,2,16,1,SV Muruganantham,Poovathinga Shijit Chandran,R Rajkumar,1,1,0,run,0,,,95/8
1047373,2,16,2,Poovathinga Shijit Chandran,SV Muruganantham,R Rajkumar,0,0,0,out,1,caught,Poovathinga Shijit Chandran,95/9
1047373,2,16,3,SV Muruganantham,0,R Rajkumar,1,1,0,run,0,,,96/9
1047373,2,16,4,Edward Kennedy,SV Muruganantham,R Rajkumar,1,1,0,run,0,,,97/9
1047373,2,16,5,SV Muruganantham,Edward Kennedy,R Rajkumar,0,0,0,no run,0,,,97/9
1047373,2,16,6,SV Muruganantham,Edward Kennedy,R Rajkumar,0,0,0,no run,0,,,97/9
1047373,2,17,1,Edward Kennedy,SV Muruganantham,Chandrasekar Ganapathy,0,0,0,out,1,bowled,Edward Kennedy,97/10
1047375,1,1,1,Chezhian Nishaanth,0,Lakshmipathy Balaji,0,0,0,no run,0,,,0/0
1047375,1,1,2,Chezhian Nishaanth,0,Lakshmipathy Balaji,1,1,0,run,0,,,1/0
1047375,1,1,3,N Sarangarajan Chaturved,Chezhian Nishaanth,Lakshmipathy Balaji,0,0,0,no run,0,,,1/0
1047375,1,1,4,N Sarangarajan Chaturved,Chezhian Nishaanth,Lakshmipathy Balaji,1,1,0,run,0,,,2/0
1047375,1,1,5,Chezhian Nishaanth,N Sarangarajan Chaturved,Lakshmipathy Balaji,0,0,0,no run,0,,,2/0
1047375,1,1,6,Chezhian Nishaanth,N Sarangarajan Chaturved,Lakshmipathy Balaji,0,0,0,no run,0,,,2/0
1047375,1,2,1,N Sarangarajan Chaturved,Chezhian Nishaanth,Antony Chandrasekaran Aswin Crist,2,2,0,run,0,,,4/0
1047375,1,2,2,N Sarangarajan Chaturved,Chezhian Nishaanth,Antony Chandrasekaran Aswin Crist,0,0,0,no run,0,,,4/0
1047375,1,2,3,N Sarangarajan Chaturved,Chezhian Nishaanth,Antony Chandrasekaran Aswin Crist,1,1,0,run,0,,,5/0
1047375,1,2,4,Chezhian Nishaanth,N Sarangarajan Chaturved,Antony Chandrasekaran Aswin Crist,0,0,0,no run,0,,,5/0
1047375,1,2,5,Chezhian Nishaanth,N Sarangarajan Chaturved,Antony Chandrasekaran Aswin Crist,1,0,1,wide,0,,,6/0
1047375,1,2,6,Chezhian Nishaanth,N Sarangarajan Chaturved,Antony Chandrasekaran Aswin Crist,1,1,0,run,0,,,7/0
1047375,1,2,7,N Sarangarajan Chaturved,Chezhian Nishaanth,Antony Chandrasekaran Aswin Crist,1,1,0,run,0,,,8/0
1047375,1,3,1,N Sarangarajan Chaturved,Chezhian Nishaanth,Lakshmipathy Balaji,0,0,0,out,1,caught,N Sarangarajan Chaturved,8/1
1047375,1,3,2,Baba Aparajith,Chezhian Nishaanth,Lakshmipathy Balaji,0,0,0,no run,0,,,8/1
1047375,1,3,3,Baba Aparajith,Chezhian Nishaanth,Lakshmipathy Balaji,0,0,0,no run,0,,,8/1
1047375,1,3,4,Baba Aparajith,Chezhian Nishaanth,Lakshmipathy Balaji,4,4,0,four,0,,,12/1
1047375,1,3,5,Baba Aparajith,Chezhian Nishaanth,Lakshmipathy Balaji,0,0,0,no run,0,,,12/1
1047375,1,3,6,Baba Aparajith,Chezhian Nishaanth,Lakshmipathy Balaji,0,0,0,no run,0,,,12/1
1047375,1,4,1,Chezhian Nishaanth,Baba Aparajith,Antony Chandrasekaran Aswin Crist,4,4,0,four,0,,,16/1
1047375,1,4,2,Chezhian Nishaanth,Baba Aparajith,Antony Chandrasekaran Aswin Crist,0,0,0,no run,0,,,16/1
1047375,1,4,3,Chezhian Nishaanth,Baba Aparajith,Antony Chandrasekaran Aswin Crist,0,0,0,no run,0,,,16/1
1047375,1,4,4,Chezhian Nishaanth,Baba Aparajith,Antony Chandrasekaran Aswin Crist,4,4,0,four,0,,,20/1
1047375,1,4,5,Chezhian Nishaanth,Baba Aparajith,Antony Chandrasekaran Aswin Crist,1,1,0,run,0,,,21/1
1047375,1,4,6,Baba Aparajith,Chezhian Nishaanth,Antony Chandrasekaran Aswin Crist,1,0,1,wide,0,,,22/1
1047375,1,4,7,Baba Aparajith,Chezhian Nishaanth,Antony Chandrasekaran Aswin Crist,1,1,0,run,0,,,23/1
1047375,1,5,1,Baba Aparajith,Chezhian Nishaanth,Lakshmipathy Balaji,1,1,0,run,0,,,24/1
1047375,1,5,2,Chezhian Nishaanth,Baba Aparajith,Lakshmipathy Balaji,1,1,0,run,0,,,25/1
1047375,1,5,3,Baba Aparajith,Chezhian Nishaanth,Lakshmipathy Balaji,4,4,0,four,0,,,29/1
1047375,1,5,4,Baba Aparajith,Chezhian Nishaanth,Lakshmipathy Balaji,0,0,0,out,1,caught,Baba Aparajith,29/2
1047375,1,5,5,R Kavin,Chezhian Nishaanth,Lakshmipathy Balaji,0,0,0,out,1,bowled,R Kavin,29/3
1047375,1,5,6,Ramsingh  Sanjay Yadav,Chezhian Nishaanth,Lakshmipathy Balaji,0,0,0,no run,0,,,29/3
1047375,1,6,1,Chezhian Nishaanth,Ramsingh  Sanjay Yadav,Washington Sundar,0,0,0,no run,0,,,29/3
1047375,1,6,2,Chezhian Nishaanth,Ramsingh  Sanjay Yadav,Washington Sundar,0,0,0,no run,0,,,29/3
1047375,1,6,3,Chezhian Nishaanth,Ramsingh  Sanjay Yadav,Washington Sundar,0,0,0,no run,0,,,29/3
1047375,1,6,4,Chezhian Nishaanth,Ramsingh  Sanjay Yadav,Washington Sundar,0,0,0,no run,0,,,29/3
1047375,1,6,5,Chezhian Nishaanth,Ramsingh  Sanjay Yadav,Washington Sundar,0,0,0,no run,0,,,29/3
1047375,1,6,6,Chezhian Nishaanth,Ramsingh  Sanjay Yadav,Washington Sundar,1,1,0,run,0,,,30/3
1047375,1,7,1,Chezhian Nishaanth,Ramsingh  Sanjay Yadav,Kaushik Mohan Gandhi,2,2,0,run,0,,,32/3
1047375,1,7,2,Chezhian Nishaanth,Ramsingh  Sanjay Yadav,Kaushik Mohan Gandhi,0,0,0,no run,0,,,32/3
1047375,1,7,3,Chezhian Nishaanth,Ramsingh  Sanjay Yadav,Kaushik Mohan Gandhi,1,1,0,run,0,,,33/3
1047375,1,7,4,Ramsingh  Sanjay Yadav,Chezhian Nishaanth,Kaushik Mohan Gandhi,1,1,0,run,0,,,34/3
1047375,1,7,5,Chezhian Nishaanth,Ramsingh  Sanjay Yadav,Kaushik Mohan Gandhi,1,1,0,run,0,,,35/3
1047375,1,7,6,Ramsingh  Sanjay Yadav,Chezhian Nishaanth,Kaushik Mohan Gandhi,1,1,0,run,0,,,36/3
1047375,1,8,1,Ramsingh  Sanjay Yadav,Chezhian Nishaanth,Washington Sundar,1,1,0,run,0,,,37/3
1047375,1,8,2,Chezhian Nishaanth,Ramsingh  Sanjay Yadav,Washington Sundar,1,1,0,run,0,,,38/3
1047375,1,8,3,Ramsingh  Sanjay Yadav,Chezhian Nishaanth,Washington Sundar,0,0,0,no run,0,,,38/3
1047375,1,8,4,Ramsingh  Sanjay Yadav,Chezhian Nishaanth,Washington Sundar,6,6,0,six,0,,,44/3
1047375,1,8,5,Ramsingh  Sanjay Yadav,Chezhian Nishaanth,Washington Sundar,0,0,0,no run,0,,,44/3
1047375,1,8,6,Ramsingh  Sanjay Yadav,Chezhian Nishaanth,Washington Sundar,1,1,0,run,0,,,45/3
1047375,1,9,1,Ramsingh  Sanjay Yadav,Chezhian Nishaanth,Antony Chandrasekaran Aswin Crist,1,1,0,run,0,,,46/3
1047375,1,9,2,Chezhian Nishaanth,Ramsingh  Sanjay Yadav,Antony Chandrasekaran Aswin Crist,1,1,0,run,0,,,47/3
1047375,1,9,3,Ramsingh  Sanjay Yadav,Chezhian Nishaanth,Antony Chandrasekaran Aswin Crist,0,0,0,no run,0,,,47/3
1047375,1,9,4,Ramsingh  Sanjay Yadav,Chezhian Nishaanth,Antony Chandrasekaran Aswin Crist,4,4,0,four,0,,,51/3
1047375,1,9,5,Ramsingh  Sanjay Yadav,Chezhian Nishaanth,Antony Chandrasekaran Aswin Crist,0,0,0,no run,0,,,51/3
1047375,1,9,6,Ramsingh  Sanjay Yadav,Chezhian Nishaanth,Antony Chandrasekaran Aswin Crist,0,0,0,no run,0,,,51/3
1047375,1,10,1,Chezhian Nishaanth,Ramsingh  Sanjay Yadav,Washington Sundar,1,1,0,run,0,,,52/3
1047375,1,10,2,Ramsingh  Sanjay Yadav,Chezhian Nishaanth,Washington Sundar,0,0,0,out,1,caught,Ramsingh  Sanjay Yadav,52/4
1047375,1,10,3,Chezhian Nishaanth,0,Washington Sundar,0,0,0,no run,0,,,52/4
1047375,1,10,4,Chezhian Nishaanth,0,Washington Sundar,1,1,0,run,0,,,53/4
1047375,1,10,5,Malolan Rangarajan,Chezhian Nishaanth,Washington Sundar,1,1,0,run,0,,,54/4
1047375,1,10,6,Chezhian Nishaanth,Malolan Rangarajan,Washington Sundar,0,0,0,no run,0,,,54/4
1047375,1,11,1,Malolan Rangarajan,Chezhian Nishaanth,M Ganesh Moorthi,0,0,0,no run,0,,,54/4
1047375,1,11,2,Malolan Rangarajan,Chezhian Nishaanth,M Ganesh Moorthi,0,0,0,no run,0,,,54/4
1047375,1,11,3,Malolan Rangarajan,Chezhian Nishaanth,M Ganesh Moorthi,4,4,0,four,0,,,58/4
1047375,1,11,4,Malolan Rangarajan,Chezhian Nishaanth,M Ganesh Moorthi,1,1,0,run,0,,,59/4
1047375,1,11,5,Chezhian Nishaanth,Malolan Rangarajan,M Ganesh Moorthi,0,0,0,no run,0,,,59/4
1047375,1,11,6,Chezhian Nishaanth,Malolan Rangarajan,M Ganesh Moorthi,4,4,0,four,0,,,63/4
1047375,1,12,1,Malolan Rangarajan,Chezhian Nishaanth,Akash Sumra,1,1,0,run,0,,,64/4
1047375,1,12,2,Chezhian Nishaanth,Malolan Rangarajan,Akash Sumra,1,1,0,run,0,,,65/4
1047375,1,12,3,Malolan Rangarajan,Chezhian Nishaanth,Akash Sumra,1,1,0,run,0,,,66/4
1047375,1,12,4,Chezhian Nishaanth,Malolan Rangarajan,Akash Sumra,1,1,0,run,0,,,67/4
1047375,1,12,5,Malolan Rangarajan,Chezhian Nishaanth,Akash Sumra,0,0,0,out,1,run out,Malolan Rangarajan,67/5
1047375,1,12,6,M Lakshmi Narayanan,Chezhian Nishaanth,Akash Sumra,1,1,0,run,0,,,68/5
1047375,1,13,1,M Lakshmi Narayanan,Chezhian Nishaanth,Raju Aushik Srinivas,0,0,0,no run,0,,,68/5
1047375,1,13,2,M Lakshmi Narayanan,Chezhian Nishaanth,Raju Aushik Srinivas,0,0,0,no run,0,,,68/5
1047375,1,13,3,M Lakshmi Narayanan,Chezhian Nishaanth,Raju Aushik Srinivas,4,4,0,four,0,,,72/5
1047375,1,13,4,M Lakshmi Narayanan,Chezhian Nishaanth,Raju Aushik Srinivas,0,0,0,no run,0,,,72/5
1047375,1,13,5,M Lakshmi Narayanan,Chezhian Nishaanth,Raju Aushik Srinivas,1,1,0,run,0,,,73/5
1047375,1,13,6,Chezhian Nishaanth,M Lakshmi Narayanan,Raju Aushik Srinivas,1,1,0,run,0,,,74/5
1047375,1,14,1,Chezhian Nishaanth,M Lakshmi Narayanan,Akash Sumra,1,0,1,wide,0,,,75/5
1047375,1,14,2,Chezhian Nishaanth,M Lakshmi Narayanan,Akash Sumra,6,6,0,six,0,,,81/5
1047375,1,14,3,Chezhian Nishaanth,M Lakshmi Narayanan,Akash Sumra,2,2,0,run,0,,,83/5
1047375,1,14,4,Chezhian Nishaanth,M Lakshmi Narayanan,Akash Sumra,0,0,0,no run,0,,,83/5
1047375,1,14,5,Chezhian Nishaanth,M Lakshmi Narayanan,Akash Sumra,1,1,0,run,0,,,84/5
1047375,1,14,6,M Lakshmi Narayanan,Chezhian Nishaanth,Akash Sumra,4,4,0,four,0,,,88/5
1047375,1,14,7,M Lakshmi Narayanan,Chezhian Nishaanth,Akash Sumra,4,4,0,four,0,,,92/5
1047375,1,15,1,Chezhian Nishaanth,M Lakshmi Narayanan,Raju Aushik Srinivas,1,1,0,run,0,,,93/5
1047375,1,15,2,M Lakshmi Narayanan,Chezhian Nishaanth,Raju Aushik Srinivas,2,2,0,run,0,,,95/5
1047375,1,15,3,M Lakshmi Narayanan,Chezhian Nishaanth,Raju Aushik Srinivas,1,1,0,run,0,,,96/5
1047375,1,15,4,Chezhian Nishaanth,M Lakshmi Narayanan,Raju Aushik Srinivas,6,6,0,six,0,,,102/5
1047375,1,15,5,Chezhian Nishaanth,M Lakshmi Narayanan,Raju Aushik Srinivas,2,1,1,run,0,,,104/5
1047375,1,15,6,M Lakshmi Narayanan,Chezhian Nishaanth,Raju Aushik Srinivas,0,0,0,no run,0,,,104/5
1047375,1,15,7,M Lakshmi Narayanan,Chezhian Nishaanth,Raju Aushik Srinivas,1,1,0,run,0,,,105/5
1047375,1,16,1,M Lakshmi Narayanan,Chezhian Nishaanth,Washington Sundar,1,1,0,run,0,,,106/5
1047375,1,16,2,Chezhian Nishaanth,M Lakshmi Narayanan,Washington Sundar,1,1,0,run,0,,,107/5
1047375,1,16,3,M Lakshmi Narayanan,Chezhian Nishaanth,Washington Sundar,0,0,0,out,1,bowled,M Lakshmi Narayanan,107/6
1047375,1,16,4,Abhishek Baljeetsingh Tanwar,Chezhian Nishaanth,Washington Sundar,1,1,0,run,0,,,108/6
1047375,1,16,5,Chezhian Nishaanth,Abhishek Baljeetsingh Tanwar,Washington Sundar,1,1,0,run,0,,,109/6
1047375,1,16,6,Abhishek Baljeetsingh Tanwar,Chezhian Nishaanth,Washington Sundar,4,4,0,four,0,,,113/6
1047375,1,17,1,Chezhian Nishaanth,Abhishek Baljeetsingh Tanwar,M Ganesh Moorthi,1,0,1,wide,0,,,114/6
1047375,1,17,2,Chezhian Nishaanth,Abhishek Baljeetsingh Tanwar,M Ganesh Moorthi,4,4,0,four,0,,,118/6
1047375,1,17,3,Chezhian Nishaanth,Abhishek Baljeetsingh Tanwar,M Ganesh Moorthi,2,2,0,run,0,,,120/6
1047375,1,17,4,Chezhian Nishaanth,Abhishek Baljeetsingh Tanwar,M Ganesh Moorthi,1,1,0,run,0,,,121/6
1047375,1,17,5,Abhishek Baljeetsingh Tanwar,Chezhian Nishaanth,M Ganesh Moorthi,1,1,0,run,0,,,122/6
1047375,1,17,6,Chezhian Nishaanth,Abhishek Baljeetsingh Tanwar,M Ganesh Moorthi,1,1,0,run,0,,,123/6
1047375,1,17,7,Abhishek Baljeetsingh Tanwar,Chezhian Nishaanth,M Ganesh Moorthi,1,1,0,run,0,,,124/6
1047375,1,18,1,Abhishek Baljeetsingh Tanwar,Chezhian Nishaanth,Lakshmipathy Balaji,2,2,0,run,0,,,126/6
1047375,1,18,2,Abhishek Baljeetsingh Tanwar,Chezhian Nishaanth,Lakshmipathy Balaji,0,0,0,no run,0,,,126/6
1047375,1,18,3,Abhishek Baljeetsingh Tanwar,Chezhian Nishaanth,Lakshmipathy Balaji,0,0,0,no run,0,,,126/6
1047375,1,18,4,Abhishek Baljeetsingh Tanwar,Chezhian Nishaanth,Lakshmipathy Balaji,0,0,0,out,1,caught,Abhishek Baljeetsingh Tanwar,126/7
1047375,1,18,5,Chezhian Nishaanth,0,Lakshmipathy Balaji,4,4,0,four,0,,,130/7
1047375,1,18,6,Chezhian Nishaanth,Ramalingam Rohit,Lakshmipathy Balaji,0,0,0,out,1,caught,Chezhian Nishaanth,130/8
1047375,1,19,1,Rahil S Shah,Ramalingam Rohit,M Ganesh Moorthi,1,1,0,run,0,,,131/8
1047375,1,19,2,Ramalingam Rohit,Rahil S Shah,M Ganesh Moorthi,1,1,0,run,0,,,132/8
1047375,1,19,3,Rahil S Shah,Ramalingam Rohit,M Ganesh Moorthi,1,1,0,run,0,,,133/8
1047375,1,19,4,Ramalingam Rohit,Rahil S Shah,M Ganesh Moorthi,1,1,0,run,0,,,134/8
1047375,1,19,5,Rahil S Shah,Ramalingam Rohit,M Ganesh Moorthi,2,2,0,run,0,,,136/8
1047375,1,19,6,Rahil S Shah,Ramalingam Rohit,M Ganesh Moorthi,0,0,0,out,1,caught,Rahil S Shah,136/9
1047375,1,20,1,RS Jaganath Sinivas,Ramalingam Rohit,Antony Chandrasekaran Aswin Crist,0,0,0,no run,0,,,136/9
1047375,1,20,2,RS Jaganath Sinivas,Ramalingam Rohit,Antony Chandrasekaran Aswin Crist,0,0,0,no run,0,,,136/9
1047375,1,20,3,RS Jaganath Sinivas,Ramalingam Rohit,Antony Chandrasekaran Aswin Crist,0,0,0,no run,0,,,136/9
1047375,1,20,4,RS Jaganath Sinivas,Ramalingam Rohit,Antony Chandrasekaran Aswin Crist,0,0,0,no run,0,,,136/9
1047375,1,20,5,RS Jaganath Sinivas,Ramalingam Rohit,Antony Chandrasekaran Aswin Crist,1,1,0,run,0,,,137/9
1047375,1,20,6,Ramalingam Rohit,RS Jaganath Sinivas,Antony Chandrasekaran Aswin Crist,4,4,0,four,0,,,141/9
1047375,2,1,1,Kaushik Mohan Gandhi,0,Malolan Rangarajan,1,1,0,run,0,,,1/0
1047375,2,1,2,Washington Sundar,Kaushik Mohan Gandhi,Malolan Rangarajan,0,0,0,no run,0,,,1/0
1047375,2,1,3,Washington Sundar,Kaushik Mohan Gandhi,Malolan Rangarajan,0,0,0,no run,0,,,1/0
1047375,2,1,4,Washington Sundar,Kaushik Mohan Gandhi,Malolan Rangarajan,0,0,0,no run,0,,,1/0
1047375,2,1,5,Washington Sundar,Kaushik Mohan Gandhi,Malolan Rangarajan,1,1,0,run,0,,,2/0
1047375,2,1,6,Kaushik Mohan Gandhi,Washington Sundar,Malolan Rangarajan,2,2,0,run,0,,,4/0
1047375,2,2,1,Washington Sundar,Kaushik Mohan Gandhi,Abhishek Baljeetsingh Tanwar,1,1,0,run,0,,,5/0
1047375,2,2,2,Kaushik Mohan Gandhi,Washington Sundar,Abhishek Baljeetsingh Tanwar,4,4,0,four,0,,,9/0
1047375,2,2,3,Kaushik Mohan Gandhi,Washington Sundar,Abhishek Baljeetsingh Tanwar,1,1,0,run,0,,,10/0
1047375,2,2,4,Washington Sundar,Kaushik Mohan Gandhi,Abhishek Baljeetsingh Tanwar,0,0,0,no run,0,,,10/0
1047375,2,2,5,Washington Sundar,Kaushik Mohan Gandhi,Abhishek Baljeetsingh Tanwar,0,0,0,no run,0,,,10/0
1047375,2,2,6,Washington Sundar,Kaushik Mohan Gandhi,Abhishek Baljeetsingh Tanwar,0,0,0,no run,0,,,10/0
1047375,2,3,1,Kaushik Mohan Gandhi,Washington Sundar,Rahil S Shah,4,4,0,four,0,,,14/0
1047375,2,3,2,Kaushik Mohan Gandhi,Washington Sundar,Rahil S Shah,0,0,0,no run,0,,,14/0
1047375,2,3,3,Kaushik Mohan Gandhi,Washington Sundar,Rahil S Shah,0,0,0,no run,0,,,14/0
1047375,2,3,4,Kaushik Mohan Gandhi,Washington Sundar,Rahil S Shah,0,0,0,no run,0,,,14/0
1047375,2,3,5,Kaushik Mohan Gandhi,Washington Sundar,Rahil S Shah,0,0,0,no run,0,,,14/0
1047375,2,3,6,Kaushik Mohan Gandhi,Washington Sundar,Rahil S Shah,0,0,0,no run,0,,,14/0
1047375,2,4,1,Washington Sundar,Kaushik Mohan Gandhi,Abhishek Baljeetsingh Tanwar,1,1,0,run,0,,,15/0
1047375,2,4,2,Kaushik Mohan Gandhi,Washington Sundar,Abhishek Baljeetsingh Tanwar,4,4,0,four,0,,,19/0
1047375,2,4,3,Kaushik Mohan Gandhi,Washington Sundar,Abhishek Baljeetsingh Tanwar,1,0,1,wide,0,,,20/0
1047375,2,4,4,Kaushik Mohan Gandhi,Washington Sundar,Abhishek Baljeetsingh Tanwar,0,0,0,no run,0,,,20/0
1047375,2,4,5,Kaushik Mohan Gandhi,Washington Sundar,Abhishek Baljeetsingh Tanwar,5,4,1,four,0,,,25/0
1047375,2,4,6,Kaushik Mohan Gandhi,Washington Sundar,Abhishek Baljeetsingh Tanwar,4,4,0,four,0,,,29/0
1047375,2,4,7,Kaushik Mohan Gandhi,Washington Sundar,Abhishek Baljeetsingh Tanwar,1,1,0,run,0,,,30/0
1047375,2,4,8,Washington Sundar,Kaushik Mohan Gandhi,Abhishek Baljeetsingh Tanwar,1,1,0,run,0,,,31/0
1047375,2,5,1,Washington Sundar,Kaushik Mohan Gandhi,Rahil S Shah,0,0,0,no run,0,,,31/0
1047375,2,5,2,Washington Sundar,Kaushik Mohan Gandhi,Rahil S Shah,4,4,0,four,0,,,35/0
1047375,2,5,3,Washington Sundar,Kaushik Mohan Gandhi,Rahil S Shah,1,1,0,run,0,,,36/0
1047375,2,5,4,Kaushik Mohan Gandhi,Washington Sundar,Rahil S Shah,0,0,0,no run,0,,,36/0
1047375,2,5,5,Kaushik Mohan Gandhi,Washington Sundar,Rahil S Shah,1,1,0,run,0,,,37/0
1047375,2,5,6,Washington Sundar,Kaushik Mohan Gandhi,Rahil S Shah,1,1,0,run,0,,,38/0
1047375,2,6,1,Washington Sundar,Kaushik Mohan Gandhi,RS Jaganath Sinivas,1,1,0,run,0,,,39/0
1047375,2,6,2,Kaushik Mohan Gandhi,Washington Sundar,RS Jaganath Sinivas,1,1,0,run,0,,,40/0
1047375,2,6,3,Washington Sundar,Kaushik Mohan Gandhi,RS Jaganath Sinivas,0,0,0,no run,0,,,40/0
1047375,2,6,4,Washington Sundar,Kaushik Mohan Gandhi,RS Jaganath Sinivas,1,1,0,run,0,,,41/0
1047375,2,6,5,Kaushik Mohan Gandhi,Washington Sundar,RS Jaganath Sinivas,0,0,0,no run,0,,,41/0
1047375,2,6,6,Kaushik Mohan Gandhi,Washington Sundar,RS Jaganath Sinivas,1,1,0,run,0,,,42/0
1047375,2,7,1,Kaushik Mohan Gandhi,Washington Sundar,Ramalingam Rohit,4,4,0,four,0,,,46/0
1047375,2,7,2,Kaushik Mohan Gandhi,Washington Sundar,Ramalingam Rohit,2,2,0,run,0,,,48/0
1047375,2,7,3,Kaushik Mohan Gandhi,Washington Sundar,Ramalingam Rohit,1,1,0,run,0,,,49/0
1047375,2,7,4,Washington Sundar,Kaushik Mohan Gandhi,Ramalingam Rohit,1,1,0,run,0,,,50/0
1047375,2,7,5,Kaushik Mohan Gandhi,Washington Sundar,Ramalingam Rohit,1,1,0,run,0,,,51/0
1047375,2,7,6,Washington Sundar,Kaushik Mohan Gandhi,Ramalingam Rohit,0,0,0,no run,0,,,51/0
1047375,2,8,1,Kaushik Mohan Gandhi,Washington Sundar,Malolan Rangarajan,1,1,0,run,0,,,52/0
1047375,2,8,2,Washington Sundar,Kaushik Mohan Gandhi,Malolan Rangarajan,4,4,0,four,0,,,56/0
1047375,2,8,3,Washington Sundar,Kaushik Mohan Gandhi,Malolan Rangarajan,1,1,0,run,0,,,57/0
1047375,2,8,4,Kaushik Mohan Gandhi,Washington Sundar,Malolan Rangarajan,1,1,0,run,0,,,58/0
1047375,2,8,5,Washington Sundar,Kaushik Mohan Gandhi,Malolan Rangarajan,1,1,0,run,0,,,59/0
1047375,2,8,6,Kaushik Mohan Gandhi,Washington Sundar,Malolan Rangarajan,1,1,0,run,0,,,60/0
1047375,2,9,1,Kaushik Mohan Gandhi,Washington Sundar,RS Jaganath Sinivas,4,4,0,four,0,,,64/0
1047375,2,9,2,Kaushik Mohan Gandhi,Washington Sundar,RS Jaganath Sinivas,0,0,0,out,1,caught,Kaushik Mohan Gandhi,64/1
1047375,2,9,3,Umashankar Sushil,Washington Sundar,RS Jaganath Sinivas,0,0,0,out,1,caught,Umashankar Sushil,64/2
1047375,2,9,4,Abhinav Mukund,Washington Sundar,RS Jaganath Sinivas,1,1,0,run,0,,,65/2
1047375,2,9,5,Washington Sundar,Abhinav Mukund,RS Jaganath Sinivas,0,0,0,no run,0,,,65/2
1047375,2,9,6,Washington Sundar,Abhinav Mukund,RS Jaganath Sinivas,1,1,0,run,0,,,66/2
1047375,2,10,1,Washington Sundar,Abhinav Mukund,Malolan Rangarajan,1,1,0,run,0,,,67/2
1047375,2,10,2,Abhinav Mukund,Washington Sundar,Malolan Rangarajan,1,1,0,run,0,,,68/2
1047375,2,10,3,Washington Sundar,Abhinav Mukund,Malolan Rangarajan,0,0,0,no run,0,,,68/2
1047375,2,10,4,Washington Sundar,Abhinav Mukund,Malolan Rangarajan,0,0,0,no run,0,,,68/2
1047375,2,10,5,Washington Sundar,Abhinav Mukund,Malolan Rangarajan,1,1,0,run,0,,,69/2
1047375,2,10,6,Abhinav Mukund,Washington Sundar,Malolan Rangarajan,1,1,0,run,0,,,70/2
1047375,2,11,1,Abhinav Mukund,Washington Sundar,RS Jaganath Sinivas,0,0,0,no run,0,,,70/2
1047375,2,11,2,Abhinav Mukund,Washington Sundar,RS Jaganath Sinivas,0,0,0,no run,0,,,70/2
1047375,2,11,3,Abhinav Mukund,Washington Sundar,RS Jaganath Sinivas,2,2,0,run,0,,,72/2
1047375,2,11,4,Abhinav Mukund,Washington Sundar,RS Jaganath Sinivas,2,2,0,run,0,,,74/2
1047375,2,11,5,Abhinav Mukund,Washington Sundar,RS Jaganath Sinivas,1,1,0,run,0,,,75/2
1047375,2,11,6,Washington Sundar,Abhinav Mukund,RS Jaganath Sinivas,4,4,0,four,0,,,79/2
1047375,2,12,1,Abhinav Mukund,Washington Sundar,Malolan Rangarajan,1,1,0,run,0,,,80/2
1047375,2,12,2,Washington Sundar,Abhinav Mukund,Malolan Rangarajan,1,1,0,run,0,,,81/2
1047375,2,12,3,Abhinav Mukund,Washington Sundar,Malolan Rangarajan,2,2,0,run,0,,,83/2
1047375,2,12,4,Abhinav Mukund,Washington Sundar,Malolan Rangarajan,1,1,0,run,0,,,84/2
1047375,2,12,5,Washington Sundar,Abhinav Mukund,Malolan Rangarajan,1,1,0,run,0,,,85/2
1047375,2,12,6,Abhinav Mukund,Washington Sundar,Malolan Rangarajan,0,0,0,no run,0,,,85/2
1047375,2,13,1,Washington Sundar,Abhinav Mukund,M Lakshmi Narayanan,1,1,0,run,0,,,86/2
1047375,2,13,2,Abhinav Mukund,Washington Sundar,M Lakshmi Narayanan,1,1,0,run,0,,,87/2
1047375,2,13,3,Washington Sundar,Abhinav Mukund,M Lakshmi Narayanan,1,1,0,run,0,,,88/2
1047375,2,13,4,Abhinav Mukund,Washington Sundar,M Lakshmi Narayanan,0,0,0,no run,0,,,88/2
1047375,2,13,5,Abhinav Mukund,Washington Sundar,M Lakshmi Narayanan,0,0,0,no run,0,,,88/2
1047375,2,13,6,Abhinav Mukund,Washington Sundar,M Lakshmi Narayanan,1,1,0,run,0,,,89/2
1047375,2,14,1,Abhinav Mukund,Washington Sundar,Baba Aparajith,1,1,0,run,0,,,90/2
1047375,2,14,2,Washington Sundar,Abhinav Mukund,Baba Aparajith,0,0,0,no run,0,,,90/2
1047375,2,14,3,Washington Sundar,Abhinav Mukund,Baba Aparajith,1,1,0,run,1,run out,Washington Sundar,91/3
1047375,2,14,4,SP Nathan,Abhinav Mukund,Baba Aparajith,0,0,0,no run,0,,,91/3
1047375,2,14,5,SP Nathan,Abhinav Mukund,Baba Aparajith,1,1,0,run,0,,,92/3
1047375,2,14,6,Abhinav Mukund,SP Nathan,Baba Aparajith,1,1,0,run,0,,,93/3
1047375,2,15,1,Abhinav Mukund,SP Nathan,Rahil S Shah,1,1,0,run,0,,,94/3
1047375,2,15,2,SP Nathan,Abhinav Mukund,Rahil S Shah,0,0,0,no run,0,,,94/3
1047375,2,15,3,SP Nathan,Abhinav Mukund,Rahil S Shah,1,1,0,run,0,,,95/3
1047375,2,15,4,Abhinav Mukund,SP Nathan,Rahil S Shah,1,1,0,run,0,,,96/3
1047375,2,15,5,SP Nathan,Abhinav Mukund,Rahil S Shah,1,1,0,run,0,,,97/3
1047375,2,15,6,Abhinav Mukund,SP Nathan,Rahil S Shah,1,1,0,run,0,,,98/3
1047375,2,16,1,Abhinav Mukund,SP Nathan,RS Jaganath Sinivas,0,0,0,no run,0,,,98/3
1047375,2,16,2,Abhinav Mukund,SP Nathan,RS Jaganath Sinivas,2,2,0,run,0,,,100/3
1047375,2,16,3,Abhinav Mukund,SP Nathan,RS Jaganath Sinivas,1,1,0,run,0,,,101/3
1047375,2,16,4,SP Nathan,Abhinav Mukund,RS Jaganath Sinivas,0,0,0,no run,0,,,101/3
1047375,2,16,5,SP Nathan,Abhinav Mukund,RS Jaganath Sinivas,1,1,0,run,0,,,102/3
1047375,2,16,6,Abhinav Mukund,SP Nathan,RS Jaganath Sinivas,1,1,0,run,0,,,103/3
1047375,2,17,1,Abhinav Mukund,SP Nathan,Rahil S Shah,1,1,0,run,0,,,104/3
1047375,2,17,2,SP Nathan,Abhinav Mukund,Rahil S Shah,6,6,0,six,0,,,110/3
1047375,2,17,3,SP Nathan,Abhinav Mukund,Rahil S Shah,0,0,0,out,1,bowled,SP Nathan,110/4
1047375,2,17,4,Subramanian Anand,Abhinav Mukund,Rahil S Shah,1,1,0,run,0,,,111/4
1047375,2,17,5,Abhinav Mukund,Subramanian Anand,Rahil S Shah,1,1,0,run,0,,,112/4
1047375,2,17,6,Subramanian Anand,Abhinav Mukund,Rahil S Shah,1,1,0,run,0,,,113/4
1047375,2,18,1,Subramanian Anand,Abhinav Mukund,Ramalingam Rohit,4,4,0,four,0,,,117/4
1047375,2,18,2,Subramanian Anand,Abhinav Mukund,Ramalingam Rohit,1,1,0,run,0,,,118/4
1047375,2,18,3,Abhinav Mukund,Subramanian Anand,Ramalingam Rohit,1,1,0,run,0,,,119/4
1047375,2,18,4,Subramanian Anand,Abhinav Mukund,Ramalingam Rohit,1,1,0,run,0,,,120/4
1047375,2,18,5,Abhinav Mukund,Subramanian Anand,Ramalingam Rohit,4,4,0,four,0,,,124/4
1047375,2,18,6,Abhinav Mukund,Subramanian Anand,Ramalingam Rohit,2,2,0,run,0,,,126/4
1047375,2,19,1,Subramanian Anand,Abhinav Mukund,Abhishek Baljeetsingh Tanwar,1,1,0,run,0,,,127/4
1047375,2,19,2,Abhinav Mukund,Subramanian Anand,Abhishek Baljeetsingh Tanwar,4,4,0,four,0,,,131/4
1047375,2,19,3,Abhinav Mukund,Subramanian Anand,Abhishek Baljeetsingh Tanwar,4,4,0,four,0,,,135/4
1047375,2,19,4,Abhinav Mukund,Subramanian Anand,Abhishek Baljeetsingh Tanwar,1,1,0,run,0,,,136/4
1047375,2,19,5,Subramanian Anand,Abhinav Mukund,Abhishek Baljeetsingh Tanwar,1,1,0,run,0,,,137/4
1047375,2,19,6,Abhinav Mukund,Subramanian Anand,Abhishek Baljeetsingh Tanwar,1,1,0,run,0,,,138/4
1047375,2,20,1,Abhinav Mukund,Subramanian Anand,Baba Aparajith,1,1,0,run,0,,,139/4
1047375,2,20,2,Subramanian Anand,Abhinav Mukund,Baba Aparajith,1,1,0,run,0,,,140/4
1047375,2,20,3,Abhinav Mukund,Subramanian Anand,Baba Aparajith,4,4,0,four,0,,,144/4
1047377,1,1,1,Hari Gopinath,0,Ravichandran Ashwin,1,1,0,run,0,,,1/0
1047377,1,1,2,Xavier Thalaivan Sargunam,Hari Gopinath,Ravichandran Ashwin,0,0,0,no run,0,,,1/0
1047377,1,1,3,Xavier Thalaivan Sargunam,Hari Gopinath,Ravichandran Ashwin,0,0,0,no run,0,,,1/0
1047377,1,1,4,Xavier Thalaivan Sargunam,Hari Gopinath,Ravichandran Ashwin,0,0,0,no run,0,,,1/0
1047377,1,1,5,Xavier Thalaivan Sargunam,Hari Gopinath,Ravichandran Ashwin,1,1,0,run,0,,,2/0
1047377,1,1,6,Hari Gopinath,Xavier Thalaivan Sargunam,Ravichandran Ashwin,0,0,0,no run,0,,,2/0
1047377,1,2,1,Xavier Thalaivan Sargunam,Hari Gopinath,Vaithianathan Rajamoney Sornendhra Guru Kedarnath,1,0,1,leg bye,0,,,3/0
1047377,1,2,2,Hari Gopinath,Xavier Thalaivan Sargunam,Vaithianathan Rajamoney Sornendhra Guru Kedarnath,1,1,0,run,0,,,4/0
1047377,1,2,3,Xavier Thalaivan Sargunam,Hari Gopinath,Vaithianathan Rajamoney Sornendhra Guru Kedarnath,1,1,0,run,0,,,5/0
1047377,1,2,4,Hari Gopinath,Xavier Thalaivan Sargunam,Vaithianathan Rajamoney Sornendhra Guru Kedarnath,1,1,0,run,0,,,6/0
1047377,1,2,5,Xavier Thalaivan Sargunam,Hari Gopinath,Vaithianathan Rajamoney Sornendhra Guru Kedarnath,6,6,0,six,0,,,12/0
1047377,1,2,6,Xavier Thalaivan Sargunam,Hari Gopinath,Vaithianathan Rajamoney Sornendhra Guru Kedarnath,1,1,0,run,0,,,13/0
1047377,1,3,1,Xavier Thalaivan Sargunam,Hari Gopinath,MS Sanjay,0,0,0,no run,0,,,13/0
1047377,1,3,2,Xavier Thalaivan Sargunam,Hari Gopinath,MS Sanjay,2,2,0,run,0,,,15/0
1047377,1,3,3,Xavier Thalaivan Sargunam,Hari Gopinath,MS Sanjay,5,5,0,run,0,,,20/0
1047377,1,3,4,Hari Gopinath,Xavier Thalaivan Sargunam,MS Sanjay,1,1,0,run,0,,,21/0
1047377,1,3,5,Xavier Thalaivan Sargunam,Hari Gopinath,MS Sanjay,0,0,0,no run,0,,,21/0
1047377,1,3,6,Xavier Thalaivan Sargunam,Hari Gopinath,MS Sanjay,1,1,0,run,0,,,22/0
1047377,1,4,1,Xavier Thalaivan Sargunam,Hari Gopinath,Thangarasu Natarajan,1,1,0,run,0,,,23/0
1047377,1,4,2,Hari Gopinath,Xavier Thalaivan Sargunam,Thangarasu Natarajan,2,2,0,run,0,,,25/0
1047377,1,4,3,Hari Gopinath,Xavier Thalaivan Sargunam,Thangarasu Natarajan,4,4,0,four,0,,,29/0
1047377,1,4,4,Hari Gopinath,Xavier Thalaivan Sargunam,Thangarasu Natarajan,1,1,0,run,0,,,30/0
1047377,1,4,5,Xavier Thalaivan Sargunam,Hari Gopinath,Thangarasu Natarajan,2,2,0,run,0,,,32/0
1047377,1,4,6,Xavier Thalaivan Sargunam,Hari Gopinath,Thangarasu Natarajan,0,0,0,no run,0,,,32/0
1047377,1,5,1,Hari Gopinath,Xavier Thalaivan Sargunam,Yamuna Sunny Kumar Singh,4,4,0,four,0,,,36/0
1047377,1,5,2,Hari Gopinath,Xavier Thalaivan Sargunam,Yamuna Sunny Kumar Singh,1,1,0,run,0,,,37/0
1047377,1,5,3,Xavier Thalaivan Sargunam,Hari Gopinath,Yamuna Sunny Kumar Singh,1,1,0,run,0,,,38/0
1047377,1,5,4,Hari Gopinath,Xavier Thalaivan Sargunam,Yamuna Sunny Kumar Singh,4,4,0,four,0,,,42/0
1047377,1,5,5,Hari Gopinath,Xavier Thalaivan Sargunam,Yamuna Sunny Kumar Singh,4,4,0,four,0,,,46/0
1047377,1,5,6,Hari Gopinath,Xavier Thalaivan Sargunam,Yamuna Sunny Kumar Singh,1,1,0,run,0,,,47/0
1047377,1,6,1,Hari Gopinath,Xavier Thalaivan Sargunam,Ravichandran Ashwin,4,4,0,four,0,,,51/0
1047377,1,6,2,Hari Gopinath,Xavier Thalaivan Sargunam,Ravichandran Ashwin,1,0,1,wide,0,,,52/0
1047377,1,6,3,Hari Gopinath,Xavier Thalaivan Sargunam,Ravichandran Ashwin,1,0,1,wide,0,,,53/0
1047377,1,6,4,Hari Gopinath,Xavier Thalaivan Sargunam,Ravichandran Ashwin,1,1,0,run,0,,,54/0
1047377,1,6,5,Xavier Thalaivan Sargunam,Hari Gopinath,Ravichandran Ashwin,1,1,0,run,0,,,55/0
1047377,1,6,6,Hari Gopinath,Xavier Thalaivan Sargunam,Ravichandran Ashwin,4,4,0,four,0,,,59/0
1047377,1,6,7,Hari Gopinath,Xavier Thalaivan Sargunam,Ravichandran Ashwin,1,1,0,run,0,,,60/0
1047377,1,6,8,Xavier Thalaivan Sargunam,Hari Gopinath,Ravichandran Ashwin,0,0,0,no run,0,,,60/0
1047377,1,7,1,Hari Gopinath,Xavier Thalaivan Sargunam,Yamuna Sunny Kumar Singh,1,1,0,run,0,,,61/0
1047377,1,7,2,Xavier Thalaivan Sargunam,Hari Gopinath,Yamuna Sunny Kumar Singh,0,0,0,no run,0,,,61/0
1047377,1,7,3,Xavier Thalaivan Sargunam,Hari Gopinath,Yamuna Sunny Kumar Singh,1,1,0,run,0,,,62/0
1047377,1,7,4,Hari Gopinath,Xavier Thalaivan Sargunam,Yamuna Sunny Kumar Singh,1,1,0,run,0,,,63/0
1047377,1,7,5,Xavier Thalaivan Sargunam,Hari Gopinath,Yamuna Sunny Kumar Singh,0,0,0,no run,0,,,63/0
1047377,1,7,6,Xavier Thalaivan Sargunam,Hari Gopinath,Yamuna Sunny Kumar Singh,1,1,0,run,0,,,64/0
1047377,1,8,1,Xavier Thalaivan Sargunam,Hari Gopinath,Vaithianathan Rajamoney Sornendhra Guru Kedarnath,1,1,0,run,0,,,65/0
1047377,1,8,2,Hari Gopinath,Xavier Thalaivan Sargunam,Vaithianathan Rajamoney Sornendhra Guru Kedarnath,4,4,0,four,0,,,69/0
1047377,1,8,3,Hari Gopinath,Xavier Thalaivan Sargunam,Vaithianathan Rajamoney Sornendhra Guru Kedarnath,1,1,0,run,0,,,70/0
1047377,1,8,4,Xavier Thalaivan Sargunam,Hari Gopinath,Vaithianathan Rajamoney Sornendhra Guru Kedarnath,6,6,0,six,0,,,76/0
1047377,1,8,5,Xavier Thalaivan Sargunam,Hari Gopinath,Vaithianathan Rajamoney Sornendhra Guru Kedarnath,1,1,0,run,0,,,77/0
1047377,1,8,6,Hari Gopinath,Xavier Thalaivan Sargunam,Vaithianathan Rajamoney Sornendhra Guru Kedarnath,1,1,0,run,0,,,78/0
1047377,1,9,1,Hari Gopinath,Xavier Thalaivan Sargunam,Yamuna Sunny Kumar Singh,1,1,0,run,0,,,79/0
1047377,1,9,2,Xavier Thalaivan Sargunam,Hari Gopinath,Yamuna Sunny Kumar Singh,4,4,0,four,0,,,83/0
1047377,1,9,3,Xavier Thalaivan Sargunam,Hari Gopinath,Yamuna Sunny Kumar Singh,1,1,0,run,0,,,84/0
1047377,1,9,4,Hari Gopinath,Xavier Thalaivan Sargunam,Yamuna Sunny Kumar Singh,1,1,0,run,0,,,85/0
1047377,1,9,5,Xavier Thalaivan Sargunam,Hari Gopinath,Yamuna Sunny Kumar Singh,4,4,0,four,0,,,89/0
1047377,1,9,6,Xavier Thalaivan Sargunam,Hari Gopinath,Yamuna Sunny Kumar Singh,4,4,0,four,0,,,93/0
1047377,1,10,1,Hari Gopinath,Xavier Thalaivan Sargunam,Murugan Ashwin,1,1,0,run,0,,,94/0
1047377,1,10,2,Xavier Thalaivan Sargunam,Hari Gopinath,Murugan Ashwin,1,1,0,run,0,,,95/0
1047377,1,10,3,Hari Gopinath,Xavier Thalaivan Sargunam,Murugan Ashwin,1,1,0,run,0,,,96/0
1047377,1,10,4,Xavier Thalaivan Sargunam,Hari Gopinath,Murugan Ashwin,1,1,0,run,0,,,97/0
1047377,1,10,5,Hari Gopinath,Xavier Thalaivan Sargunam,Murugan Ashwin,0,0,0,no run,0,,,97/0
1047377,1,10,6,Hari Gopinath,Xavier Thalaivan Sargunam,Murugan Ashwin,1,1,0,run,0,,,98/0
1047377,1,11,1,Hari Gopinath,Xavier Thalaivan Sargunam,MS Sanjay,1,1,0,run,0,,,99/0
1047377,1,11,2,Xavier Thalaivan Sargunam,Hari Gopinath,MS Sanjay,1,1,0,run,0,,,100/0
1047377,1,11,3,Hari Gopinath,Xavier Thalaivan Sargunam,MS Sanjay,1,1,0,run,0,,,101/0
1047377,1,11,4,Xavier Thalaivan Sargunam,Hari Gopinath,MS Sanjay,1,1,0,run,0,,,102/0
1047377,1,11,5,Hari Gopinath,Xavier Thalaivan Sargunam,MS Sanjay,1,1,0,run,0,,,103/0
1047377,1,11,6,Xavier Thalaivan Sargunam,Hari Gopinath,MS Sanjay,0,0,0,no run,0,,,103/0
1047377,1,12,1,Hari Gopinath,Xavier Thalaivan Sargunam,Murugan Ashwin,6,6,0,six,0,,,109/0
1047377,1,12,2,Hari Gopinath,Xavier Thalaivan Sargunam,Murugan Ashwin,1,1,0,run,0,,,110/0
1047377,1,12,3,Xavier Thalaivan Sargunam,Hari Gopinath,Murugan Ashwin,1,1,0,run,0,,,111/0
1047377,1,12,4,Hari Gopinath,Xavier Thalaivan Sargunam,Murugan Ashwin,0,0,0,no run,0,,,111/0
1047377,1,12,5,Hari Gopinath,Xavier Thalaivan Sargunam,Murugan Ashwin,1,1,0,run,0,,,112/0
1047377,1,12,6,Xavier Thalaivan Sargunam,Hari Gopinath,Murugan Ashwin,1,1,0,run,0,,,113/0
1047377,1,13,1,Xavier Thalaivan Sargunam,Hari Gopinath,Ravichandran Ashwin,4,4,0,four,0,,,117/0
1047377,1,13,2,Xavier Thalaivan Sargunam,Hari Gopinath,Ravichandran Ashwin,0,0,0,no run,0,,,117/0
1047377,1,13,3,Xavier Thalaivan Sargunam,Hari Gopinath,Ravichandran Ashwin,0,0,0,no run,0,,,117/0
1047377,1,13,4,Xavier Thalaivan Sargunam,Hari Gopinath,Ravichandran Ashwin,6,6,0,six,0,,,123/0
1047377,1,13,5,Xavier Thalaivan Sargunam,Hari Gopinath,Ravichandran Ashwin,1,1,0,run,0,,,124/0
1047377,1,13,6,Hari Gopinath,Xavier Thalaivan Sargunam,Ravichandran Ashwin,1,1,0,run,0,,,125/0
1047377,1,14,1,Hari Gopinath,Xavier Thalaivan Sargunam,Murugan Ashwin,0,0,0,no run,0,,,125/0
1047377,1,14,2,Hari Gopinath,Xavier Thalaivan Sargunam,Murugan Ashwin,1,1,0,run,0,,,126/0
1047377,1,14,3,Xavier Thalaivan Sargunam,Hari Gopinath,Murugan Ashwin,1,1,0,run,0,,,127/0
1047377,1,14,4,Hari Gopinath,Xavier Thalaivan Sargunam,Murugan Ashwin,0,0,0,no run,0,,,127/0
1047377,1,14,5,Hari Gopinath,Xavier Thalaivan Sargunam,Murugan Ashwin,1,1,0,run,0,,,128/0
1047377,1,14,6,Xavier Thalaivan Sargunam,Hari Gopinath,Murugan Ashwin,6,6,0,six,0,,,134/0
1047377,1,15,1,Hari Gopinath,Xavier Thalaivan Sargunam,Thangarasu Natarajan,1,1,0,run,0,,,135/0
1047377,1,15,2,Xavier Thalaivan Sargunam,Hari Gopinath,Thangarasu Natarajan,0,0,0,no run,0,,,135/0
1047377,1,15,3,Xavier Thalaivan Sargunam,Hari Gopinath,Thangarasu Natarajan,1,1,0,run,0,,,136/0
1047377,1,15,4,Hari Gopinath,Xavier Thalaivan Sargunam,Thangarasu Natarajan,1,1,0,run,0,,,137/0
1047377,1,15,5,Xavier Thalaivan Sargunam,Hari Gopinath,Thangarasu Natarajan,1,1,0,run,0,,,138/0
1047377,1,15,6,Hari Gopinath,Xavier Thalaivan Sargunam,Thangarasu Natarajan,0,0,0,no run,0,,,138/0
1047377,1,16,1,Xavier Thalaivan Sargunam,Hari Gopinath,MS Sanjay,1,1,0,run,0,,,139/0
1047377,1,16,2,Hari Gopinath,Xavier Thalaivan Sargunam,MS Sanjay,4,4,0,four,0,,,143/0
1047377,1,16,3,Hari Gopinath,Xavier Thalaivan Sargunam,MS Sanjay,1,1,0,run,0,,,144/0
1047377,1,16,4,Xavier Thalaivan Sargunam,Hari Gopinath,MS Sanjay,0,0,0,no run,0,,,144/0
1047377,1,16,5,Xavier Thalaivan Sargunam,Hari Gopinath,MS Sanjay,0,0,0,out,1,bowled,Xavier Thalaivan Sargunam,144/1
1047377,1,16,6,Rajagopal Sathish,Hari Gopinath,MS Sanjay,0,0,0,no run,0,,,144/1
1047377,1,17,1,Hari Gopinath,Rajagopal Sathish,Thangarasu Natarajan,0,0,0,no run,0,,,144/1
1047377,1,17,2,Hari Gopinath,Rajagopal Sathish,Thangarasu Natarajan,1,1,0,run,0,,,145/1
1047377,1,17,3,Rajagopal Sathish,Hari Gopinath,Thangarasu Natarajan,1,1,0,run,0,,,146/1
1047377,1,17,4,Hari Gopinath,Rajagopal Sathish,Thangarasu Natarajan,4,4,0,four,0,,,150/1
1047377,1,17,5,Hari Gopinath,Rajagopal Sathish,Thangarasu Natarajan,0,0,0,no run,0,,,150/1
1047377,1,17,6,Hari Gopinath,Rajagopal Sathish,Thangarasu Natarajan,1,1,0,run,0,,,151/1
1047377,1,18,1,Hari Gopinath,Rajagopal Sathish,MS Sanjay,1,1,0,run,0,,,152/1
1047377,1,18,2,Rajagopal Sathish,Hari Gopinath,MS Sanjay,0,0,0,out,1,caught,Rajagopal Sathish,152/2
1047377,1,18,3,Hari Gopinath,0,MS Sanjay,0,0,0,no run,0,,,152/2
1047377,1,18,4,Hari Gopinath,Jothimani Gowjith Subhash,MS Sanjay,0,0,0,out,1,caught,Hari Gopinath,152/3
1047377,1,18,5,Jothimani Gowjith Subhash,0,MS Sanjay,0,0,0,no run,0,,,152/3
1047377,1,18,6,Jothimani Gowjith Subhash,Uthirasamy Sasidev,MS Sanjay,0,0,0,out,1,stumped,Jothimani Gowjith Subhash,152/4
1047377,1,19,1,Uthirasamy Sasidev,0,Ravichandran Ashwin,4,4,0,four,0,,,156/4
1047377,1,19,2,Uthirasamy Sasidev,0,Ravichandran Ashwin,0,0,0,no run,0,,,156/4
1047377,1,19,3,Uthirasamy Sasidev,Wenseslaus Antony Dhas,Ravichandran Ashwin,0,0,0,out,1,caught,Uthirasamy Sasidev,156/5
1047377,1,19,4,Wenseslaus Antony Dhas,0,Ravichandran Ashwin,1,1,0,run,0,,,157/5
1047377,1,19,5,Sathiamoorty Vasanth Saravanan,Wenseslaus Antony Dhas,Ravichandran Ashwin,1,1,0,run,0,,,158/5
1047377,1,19,6,Wenseslaus Antony Dhas,Sathiamoorty Vasanth Saravanan,Ravichandran Ashwin,1,1,0,run,0,,,159/5
1047377,1,20,1,Wenseslaus Antony Dhas,Sathiamoorty Vasanth Saravanan,Thangarasu Natarajan,0,0,0,out,1,caught,Wenseslaus Antony Dhas,159/6
1047377,1,20,2,Sathiamoorty Vasanth Saravanan,0,Thangarasu Natarajan,1,1,0,run,0,,,160/6
1047377,1,20,3,Vijaykumar Yo Mahesh,Sathiamoorty Vasanth Saravanan,Thangarasu Natarajan,1,1,0,run,0,,,161/6
1047377,1,20,4,Sathiamoorty Vasanth Saravanan,Vijaykumar Yo Mahesh,Thangarasu Natarajan,6,6,0,six,0,,,167/6
1047377,1,20,5,Sathiamoorty Vasanth Saravanan,Vijaykumar Yo Mahesh,Thangarasu Natarajan,1,1,0,run,0,,,168/6
1047377,1,20,6,Vijaykumar Yo Mahesh,Sathiamoorty Vasanth Saravanan,Thangarasu Natarajan,4,4,0,four,0,,,172/6
1047377,2,1,1,Narayan Jagadeesan,0,Rajagopal Sathish,0,0,0,no run,0,,,0/0
1047377,2,1,2,Narayan Jagadeesan,0,Rajagopal Sathish,0,0,0,no run,0,,,0/0
1047377,2,1,3,Narayan Jagadeesan,0,Rajagopal Sathish,1,1,0,run,0,,,1/0
1047377,2,1,4,Ganga Sridhar Raju,Narayan Jagadeesan,Rajagopal Sathish,1,1,0,run,0,,,2/0
1047377,2,1,5,Narayan Jagadeesan,Ganga Sridhar Raju,Rajagopal Sathish,0,0,0,no run,0,,,2/0
1047377,2,1,6,Narayan Jagadeesan,Ganga Sridhar Raju,Rajagopal Sathish,4,4,0,four,0,,,6/0
1047377,2,2,1,Ganga Sridhar Raju,Narayan Jagadeesan,Ramadoss Alexander,0,0,0,no run,0,,,6/0
1047377,2,2,2,Ganga Sridhar Raju,Narayan Jagadeesan,Ramadoss Alexander,1,1,0,run,0,,,7/0
1047377,2,2,3,Narayan Jagadeesan,Ganga Sridhar Raju,Ramadoss Alexander,0,0,0,no run,0,,,7/0
1047377,2,2,4,Narayan Jagadeesan,Ganga Sridhar Raju,Ramadoss Alexander,2,2,0,run,0,,,9/0
1047377,2,2,5,Narayan Jagadeesan,Ganga Sridhar Raju,Ramadoss Alexander,0,0,0,no run,0,,,9/0
1047377,2,2,6,Narayan Jagadeesan,Ganga Sridhar Raju,Ramadoss Alexander,1,1,0,run,0,,,10/0
1047377,2,3,1,Narayan Jagadeesan,Ganga Sridhar Raju,Rajagopal Sathish,4,4,0,four,0,,,14/0
1047377,2,3,2,Narayan Jagadeesan,Ganga Sridhar Raju,Rajagopal Sathish,1,1,0,run,0,,,15/0
1047377,2,3,3,Ganga Sridhar Raju,Narayan Jagadeesan,Rajagopal Sathish,1,1,0,run,0,,,16/0
1047377,2,3,4,Narayan Jagadeesan,Ganga Sridhar Raju,Rajagopal Sathish,0,0,0,no run,0,,,16/0
1047377,2,3,5,Narayan Jagadeesan,Ganga Sridhar Raju,Rajagopal Sathish,1,1,0,run,0,,,17/0
1047377,2,3,6,Ganga Sridhar Raju,Narayan Jagadeesan,Rajagopal Sathish,0,0,0,no run,0,,,17/0
1047377,2,4,1,Narayan Jagadeesan,Ganga Sridhar Raju,Dakshinamoorthy Tamil Kumaran,1,1,0,run,0,,,18/0
1047377,2,4,2,Ganga Sridhar Raju,Narayan Jagadeesan,Dakshinamoorthy Tamil Kumaran,4,4,0,four,0,,,22/0
1047377,2,4,3,Ganga Sridhar Raju,Narayan Jagadeesan,Dakshinamoorthy Tamil Kumaran,4,4,0,four,0,,,26/0
1047377,2,4,4,Ganga Sridhar Raju,Narayan Jagadeesan,Dakshinamoorthy Tamil Kumaran,1,1,0,run,0,,,27/0
1047377,2,4,5,Narayan Jagadeesan,Ganga Sridhar Raju,Dakshinamoorthy Tamil Kumaran,4,4,0,four,0,,,31/0
1047377,2,4,6,Narayan Jagadeesan,Ganga Sridhar Raju,Dakshinamoorthy Tamil Kumaran,1,1,0,run,0,,,32/0
1047377,2,5,1,Narayan Jagadeesan,Ganga Sridhar Raju,Rajagopal Sathish,1,1,0,run,0,,,33/0
1047377,2,5,2,Ganga Sridhar Raju,Narayan Jagadeesan,Rajagopal Sathish,1,1,0,run,0,,,34/0
1047377,2,5,3,Narayan Jagadeesan,Ganga Sridhar Raju,Rajagopal Sathish,1,1,0,run,0,,,35/0
1047377,2,5,4,Ganga Sridhar Raju,Narayan Jagadeesan,Rajagopal Sathish,1,1,0,run,0,,,36/0
1047377,2,5,5,Narayan Jagadeesan,Ganga Sridhar Raju,Rajagopal Sathish,4,4,0,four,0,,,40/0
1047377,2,5,6,Narayan Jagadeesan,Ganga Sridhar Raju,Rajagopal Sathish,0,0,0,no run,0,,,40/0
1047377,2,6,1,Ganga Sridhar Raju,Narayan Jagadeesan,Ravisrinivasan Sai Kishore,1,1,0,run,0,,,41/0
1047377,2,6,2,Narayan Jagadeesan,Ganga Sridhar Raju,Ravisrinivasan Sai Kishore,1,1,0,run,0,,,42/0
1047377,2,6,3,Ganga Sridhar Raju,Narayan Jagadeesan,Ravisrinivasan Sai Kishore,1,1,0,run,0,,,43/0
1047377,2,6,4,Narayan Jagadeesan,Ganga Sridhar Raju,Ravisrinivasan Sai Kishore,0,0,0,no run,0,,,43/0
1047377,2,6,5,Narayan Jagadeesan,Ganga Sridhar Raju,Ravisrinivasan Sai Kishore,0,0,0,no run,0,,,43/0
1047377,2,6,6,Narayan Jagadeesan,Ganga Sridhar Raju,Ravisrinivasan Sai Kishore,0,0,0,no run,0,,,43/0
1047377,2,7,1,Ganga Sridhar Raju,Narayan Jagadeesan,Vijaykumar Yo Mahesh,1,1,0,run,0,,,44/0
1047377,2,7,2,Narayan Jagadeesan,Ganga Sridhar Raju,Vijaykumar Yo Mahesh,1,1,0,run,0,,,45/0
1047377,2,7,3,Ganga Sridhar Raju,Narayan Jagadeesan,Vijaykumar Yo Mahesh,1,1,0,run,0,,,46/0
1047377,2,7,4,Narayan Jagadeesan,Ganga Sridhar Raju,Vijaykumar Yo Mahesh,1,1,0,run,0,,,47/0
1047377,2,7,5,Ganga Sridhar Raju,Narayan Jagadeesan,Vijaykumar Yo Mahesh,1,1,0,run,0,,,48/0
1047377,2,7,6,Narayan Jagadeesan,Ganga Sridhar Raju,Vijaykumar Yo Mahesh,4,4,0,four,0,,,52/0
1047377,2,8,1,Ganga Sridhar Raju,Narayan Jagadeesan,Ravisrinivasan Sai Kishore,1,1,0,run,0,,,53/0
1047377,2,8,2,Narayan Jagadeesan,Ganga Sridhar Raju,Ravisrinivasan Sai Kishore,0,0,0,out,1,run out,Ganga Sridhar Raju,53/1
1047377,2,8,3,Ashwin Venkataraman,Narayan Jagadeesan,Ravisrinivasan Sai Kishore,1,1,0,run,0,,,54/1
1047377,2,8,4,Narayan Jagadeesan,Ashwin Venkataraman,Ravisrinivasan Sai Kishore,1,0,1,wide,0,,,55/1
1047377,2,8,5,Narayan Jagadeesan,Ashwin Venkataraman,Ravisrinivasan Sai Kishore,1,1,0,run,0,,,56/1
1047377,2,8,6,Ashwin Venkataraman,Narayan Jagadeesan,Ravisrinivasan Sai Kishore,0,0,0,no run,0,,,56/1
1047377,2,8,7,Ashwin Venkataraman,Narayan Jagadeesan,Ravisrinivasan Sai Kishore,1,1,0,run,0,,,57/1
1047377,2,9,1,Ashwin Venkataraman,Narayan Jagadeesan,Vijaykumar Yo Mahesh,2,2,0,run,0,,,59/1
1047377,2,9,2,Ashwin Venkataraman,Narayan Jagadeesan,Vijaykumar Yo Mahesh,1,1,0,run,0,,,60/1
1047377,2,9,3,Narayan Jagadeesan,Ashwin Venkataraman,Vijaykumar Yo Mahesh,1,1,0,run,0,,,61/1
1047377,2,9,4,Ashwin Venkataraman,Narayan Jagadeesan,Vijaykumar Yo Mahesh,1,1,0,run,0,,,62/1
1047377,2,9,5,Narayan Jagadeesan,Ashwin Venkataraman,Vijaykumar Yo Mahesh,1,1,0,run,0,,,63/1
1047377,2,9,6,Ashwin Venkataraman,Narayan Jagadeesan,Vijaykumar Yo Mahesh,0,0,0,no run,0,,,63/1
1047377,2,10,1,Narayan Jagadeesan,Ashwin Venkataraman,Ramadoss Alexander,1,1,0,run,0,,,64/1
1047377,2,10,2,Ashwin Venkataraman,Narayan Jagadeesan,Ramadoss Alexander,2,2,0,run,0,,,66/1
1047377,2,10,3,Ashwin Venkataraman,Narayan Jagadeesan,Ramadoss Alexander,1,1,0,run,0,,,67/1
1047377,2,10,4,Narayan Jagadeesan,Ashwin Venkataraman,Ramadoss Alexander,1,1,0,run,0,,,68/1
1047377,2,10,5,Ashwin Venkataraman,Narayan Jagadeesan,Ramadoss Alexander,0,0,0,out,1,stumped,Ashwin Venkataraman,68/2
1047377,2,10,6,V Subramania Siva,Narayan Jagadeesan,Ramadoss Alexander,0,0,0,no run,0,,,68/2
1047377,2,11,1,Narayan Jagadeesan,V Subramania Siva,Wenseslaus Antony Dhas,4,4,0,four,0,,,72/2
1047377,2,11,2,Narayan Jagadeesan,V Subramania Siva,Wenseslaus Antony Dhas,0,0,0,no run,0,,,72/2
1047377,2,11,3,Narayan Jagadeesan,V Subramania Siva,Wenseslaus Antony Dhas,1,1,0,run,0,,,73/2
1047377,2,11,4,V Subramania Siva,Narayan Jagadeesan,Wenseslaus Antony Dhas,0,0,0,no run,0,,,73/2
1047377,2,11,5,V Subramania Siva,Narayan Jagadeesan,Wenseslaus Antony Dhas,1,1,0,run,0,,,74/2
1047377,2,11,6,Narayan Jagadeesan,V Subramania Siva,Wenseslaus Antony Dhas,0,0,0,out,0,run out,V Subramania Siva,74/2
1047377,2,12,1,Rajendran Vivek,Narayan Jagadeesan,Ramadoss Alexander,1,1,0,run,0,,,75/2
1047377,2,12,2,Narayan Jagadeesan,Rajendran Vivek,Ramadoss Alexander,1,1,0,run,0,,,76/2
1047377,2,12,3,Ravichandran Ashwin,Narayan Jagadeesan,Ramadoss Alexander,1,1,0,run,0,,,77/2
1047377,2,12,4,Narayan Jagadeesan,Ravichandran Ashwin,Ramadoss Alexander,1,1,0,run,0,,,78/2
1047377,2,12,5,Ravichandran Ashwin,Narayan Jagadeesan,Ramadoss Alexander,1,1,0,run,0,,,79/2
1047377,2,12,6,Narayan Jagadeesan,Ravichandran Ashwin,Ramadoss Alexander,1,1,0,run,1,,,80/3
1047377,2,13,1,Narayan Jagadeesan,Ravichandran Ashwin,Rajagopal Sathish,1,1,0,run,0,,,81/3
1047377,2,13,2,Ravichandran Ashwin,Narayan Jagadeesan,Rajagopal Sathish,1,0,1,leg bye,0,,,82/3
1047377,2,13,3,Narayan Jagadeesan,Ravichandran Ashwin,Rajagopal Sathish,0,0,0,no run,0,,,82/3
1047377,2,13,4,Narayan Jagadeesan,Ravichandran Ashwin,Rajagopal Sathish,1,1,0,run,0,,,83/3
1047377,2,13,5,Ravichandran Ashwin,Narayan Jagadeesan,Rajagopal Sathish,1,1,0,run,0,,,84/3
1047377,2,13,6,Narayan Jagadeesan,Ravichandran Ashwin,Rajagopal Sathish,0,0,0,no run,0,,,84/3
1047377,2,14,1,Ravichandran Ashwin,Narayan Jagadeesan,Ramadoss Alexander,0,0,0,no run,0,,,84/3
1047377,2,14,2,Ravichandran Ashwin,Narayan Jagadeesan,Ramadoss Alexander,0,0,0,no run,0,,,84/3
1047377,2,14,3,Ravichandran Ashwin,Narayan Jagadeesan,Ramadoss Alexander,6,6,0,six,0,,,90/3
1047377,2,14,4,Ravichandran Ashwin,Narayan Jagadeesan,Ramadoss Alexander,1,1,0,run,0,,,91/3
1047377,2,14,5,Narayan Jagadeesan,Ravichandran Ashwin,Ramadoss Alexander,2,2,0,run,0,,,93/3
1047377,2,14,6,Narayan Jagadeesan,Ravichandran Ashwin,Ramadoss Alexander,1,1,0,run,0,,,94/3
1047377,2,15,1,Narayan Jagadeesan,Ravichandran Ashwin,Dakshinamoorthy Tamil Kumaran,1,1,0,run,0,,,95/3
1047377,2,15,2,Ravichandran Ashwin,Narayan Jagadeesan,Dakshinamoorthy Tamil Kumaran,0,0,0,no run,0,,,95/3
1047377,2,15,3,Ravichandran Ashwin,Narayan Jagadeesan,Dakshinamoorthy Tamil Kumaran,1,1,0,run,0,,,96/3
1047377,2,15,4,Narayan Jagadeesan,Ravichandran Ashwin,Dakshinamoorthy Tamil Kumaran,0,0,0,no run,0,,,96/3
1047377,2,15,5,Narayan Jagadeesan,Ravichandran Ashwin,Dakshinamoorthy Tamil Kumaran,6,6,0,six,0,,,102/3
1047377,2,15,6,Narayan Jagadeesan,Ravichandran Ashwin,Dakshinamoorthy Tamil Kumaran,1,1,0,run,0,,,103/3
1047377,2,16,1,Narayan Jagadeesan,Ravichandran Ashwin,Ravisrinivasan Sai Kishore,1,1,0,run,0,,,104/3
1047377,2,16,2,Ravichandran Ashwin,Narayan Jagadeesan,Ravisrinivasan Sai Kishore,4,4,0,four,0,,,108/3
1047377,2,16,3,Ravichandran Ashwin,Narayan Jagadeesan,Ravisrinivasan Sai Kishore,1,1,0,run,0,,,109/3
1047377,2,16,4,Narayan Jagadeesan,Ravichandran Ashwin,Ravisrinivasan Sai Kishore,0,0,0,no run,0,,,109/3
1047377,2,16,5,Narayan Jagadeesan,Ravichandran Ashwin,Ravisrinivasan Sai Kishore,0,0,0,out,1,caught,Narayan Jagadeesan,109/4
1047377,2,16,6,Murugan Ashwin,Ravichandran Ashwin,Ravisrinivasan Sai Kishore,1,1,0,run,0,,,110/4
1047377,2,17,1,Murugan Ashwin,Ravichandran Ashwin,Wenseslaus Antony Dhas,1,1,0,run,0,,,111/4
1047377,2,17,2,Ravichandran Ashwin,Murugan Ashwin,Wenseslaus Antony Dhas,4,4,0,four,0,,,115/4
1047377,2,17,3,Ravichandran Ashwin,Murugan Ashwin,Wenseslaus Antony Dhas,4,4,0,four,0,,,119/4
1047377,2,17,4,Ravichandran Ashwin,Murugan Ashwin,Wenseslaus Antony Dhas,6,6,0,six,0,,,125/4
1047377,2,17,5,Ravichandran Ashwin,Murugan Ashwin,Wenseslaus Antony Dhas,1,1,0,run,0,,,126/4
1047377,2,17,6,Murugan Ashwin,Ravichandran Ashwin,Wenseslaus Antony Dhas,1,1,0,run,0,,,127/4
1047377,2,18,1,Murugan Ashwin,Ravichandran Ashwin,Ravisrinivasan Sai Kishore,6,6,0,six,0,,,133/4
1047377,2,18,2,Murugan Ashwin,Ravichandran Ashwin,Ravisrinivasan Sai Kishore,1,1,0,run,0,,,134/4
1047377,2,18,3,Ravichandran Ashwin,Murugan Ashwin,Ravisrinivasan Sai Kishore,6,6,0,six,0,,,140/4
1047377,2,18,4,Ravichandran Ashwin,Murugan Ashwin,Ravisrinivasan Sai Kishore,1,1,0,run,0,,,141/4
1047377,2,18,5,Murugan Ashwin,Ravichandran Ashwin,Ravisrinivasan Sai Kishore,0,0,0,no run,0,,,141/4
1047377,2,18,6,Murugan Ashwin,Ravichandran Ashwin,Ravisrinivasan Sai Kishore,1,0,1,wide,0,,,142/4
1047377,2,18,7,Murugan Ashwin,Ravichandran Ashwin,Ravisrinivasan Sai Kishore,1,1,0,run,0,,,143/4
1047377,2,19,1,Murugan Ashwin,Ravichandran Ashwin,Vijaykumar Yo Mahesh,0,0,0,no run,0,,,143/4
1047377,2,19,2,Murugan Ashwin,Ravichandran Ashwin,Vijaykumar Yo Mahesh,4,4,0,four,0,,,147/4
1047377,2,19,3,Murugan Ashwin,Ravichandran Ashwin,Vijaykumar Yo Mahesh,1,1,0,run,0,,,148/4
1047377,2,19,4,Ravichandran Ashwin,Murugan Ashwin,Vijaykumar Yo Mahesh,1,1,0,run,0,,,149/4
1047377,2,19,5,Murugan Ashwin,Ravichandran Ashwin,Vijaykumar Yo Mahesh,1,1,0,run,0,,,150/4
1047377,2,19,6,Ravichandran Ashwin,Murugan Ashwin,Vijaykumar Yo Mahesh,4,4,0,four,0,,,154/4
1047377,2,20,1,Murugan Ashwin,Ravichandran Ashwin,Dakshinamoorthy Tamil Kumaran,5,4,1,four,0,,,159/4
1047377,2,20,2,Murugan Ashwin,Ravichandran Ashwin,Dakshinamoorthy Tamil Kumaran,0,0,0,no run,0,,,159/4
1047377,2,20,3,Murugan Ashwin,Ravichandran Ashwin,Dakshinamoorthy Tamil Kumaran,1,1,0,run,0,,,160/4
1047377,2,20,4,Ravichandran Ashwin,Murugan Ashwin,Dakshinamoorthy Tamil Kumaran,6,6,0,six,0,,,166/4
1047377,2,20,5,Ravichandran Ashwin,Murugan Ashwin,Dakshinamoorthy Tamil Kumaran,0,0,0,no run,0,,,166/4
1047377,2,20,6,Ravichandran Ashwin,Murugan Ashwin,Dakshinamoorthy Tamil Kumaran,0,0,0,out,1,caught,Ravichandran Ashwin,166/5
1047377,2,20,7,Rajendran Vivek,Murugan Ashwin,Dakshinamoorthy Tamil Kumaran,0,0,0,no run,0,,,166/5
1047379,1,1,1,Singamuthu Thiyagarajan,0,Murthy Prabhu,0,0,0,no run,0,,,0/0
1047379,1,1,2,Singamuthu Thiyagarajan,0,Murthy Prabhu,0,0,0,no run,0,,,0/0
1047379,1,1,3,Singamuthu Thiyagarajan,0,Murthy Prabhu,0,0,0,no run,0,,,0/0
1047379,1,1,4,Singamuthu Thiyagarajan,0,Murthy Prabhu,1,1,0,run,0,,,1/0
1047379,1,1,5,Konda Bhaskir Arun Karthik,Singamuthu Thiyagarajan,Murthy Prabhu,0,0,0,out,1,caught,Konda Bhaskir Arun Karthik,1/1
1047379,1,1,6,Poovathinga Shijit Chandran,Singamuthu Thiyagarajan,Murthy Prabhu,2,2,0,run,0,,,3/1
1047379,1,2,1,Singamuthu Thiyagarajan,Poovathinga Shijit Chandran,Jagannathan Kaushik,0,0,0,no run,0,,,3/1
1047379,1,2,2,Singamuthu Thiyagarajan,Poovathinga Shijit Chandran,Jagannathan Kaushik,0,0,0,no run,0,,,3/1
1047379,1,2,3,Singamuthu Thiyagarajan,Poovathinga Shijit Chandran,Jagannathan Kaushik,4,4,0,four,0,,,7/1
1047379,1,2,4,Singamuthu Thiyagarajan,Poovathinga Shijit Chandran,Jagannathan Kaushik,0,0,0,no run,0,,,7/1
1047379,1,2,5,Singamuthu Thiyagarajan,Poovathinga Shijit Chandran,Jagannathan Kaushik,1,1,0,run,0,,,8/1
1047379,1,2,6,Poovathinga Shijit Chandran,Singamuthu Thiyagarajan,Jagannathan Kaushik,0,0,0,no run,0,,,8/1
1047379,1,3,1,Singamuthu Thiyagarajan,Poovathinga Shijit Chandran,Murthy Prabhu,1,1,0,run,0,,,9/1
1047379,1,3,2,Poovathinga Shijit Chandran,Singamuthu Thiyagarajan,Murthy Prabhu,0,0,0,no run,0,,,9/1
1047379,1,3,3,Poovathinga Shijit Chandran,Singamuthu Thiyagarajan,Murthy Prabhu,0,0,0,no run,0,,,9/1
1047379,1,3,4,Poovathinga Shijit Chandran,Singamuthu Thiyagarajan,Murthy Prabhu,1,1,0,run,0,,,10/1
1047379,1,3,5,Singamuthu Thiyagarajan,Poovathinga Shijit Chandran,Murthy Prabhu,0,0,0,no run,0,,,10/1
1047379,1,3,6,Singamuthu Thiyagarajan,Poovathinga Shijit Chandran,Murthy Prabhu,4,4,0,four,0,,,14/1
1047379,1,4,1,Poovathinga Shijit Chandran,Singamuthu Thiyagarajan,Jagannathan Kaushik,0,0,0,no run,0,,,14/1
1047379,1,4,2,Poovathinga Shijit Chandran,Singamuthu Thiyagarajan,Jagannathan Kaushik,0,0,0,no run,0,,,14/1
1047379,1,4,3,Poovathinga Shijit Chandran,Singamuthu Thiyagarajan,Jagannathan Kaushik,0,0,0,no run,0,,,14/1
1047379,1,4,4,Poovathinga Shijit Chandran,Singamuthu Thiyagarajan,Jagannathan Kaushik,0,0,0,no run,0,,,14/1
1047379,1,4,5,Poovathinga Shijit Chandran,Singamuthu Thiyagarajan,Jagannathan Kaushik,4,4,0,four,0,,,18/1
1047379,1,4,6,Poovathinga Shijit Chandran,Singamuthu Thiyagarajan,Jagannathan Kaushik,0,0,0,no run,0,,,18/1
1047379,1,5,1,Singamuthu Thiyagarajan,Poovathinga Shijit Chandran,Murthy Prabhu,4,4,0,four,0,,,22/1
1047379,1,5,2,Singamuthu Thiyagarajan,Poovathinga Shijit Chandran,Murthy Prabhu,1,1,0,run,0,,,23/1
1047379,1,5,3,Poovathinga Shijit Chandran,Singamuthu Thiyagarajan,Murthy Prabhu,1,1,0,run,0,,,24/1
1047379,1,5,4,Singamuthu Thiyagarajan,Poovathinga Shijit Chandran,Murthy Prabhu,1,1,0,run,0,,,25/1
1047379,1,5,5,Poovathinga Shijit Chandran,Singamuthu Thiyagarajan,Murthy Prabhu,1,1,0,run,0,,,26/1
1047379,1,5,6,Singamuthu Thiyagarajan,Poovathinga Shijit Chandran,Murthy Prabhu,1,1,0,run,0,,,27/1
1047379,1,6,1,Singamuthu Thiyagarajan,Poovathinga Shijit Chandran,Jagannathan Kaushik,4,4,0,four,0,,,31/1
1047379,1,6,2,Singamuthu Thiyagarajan,Poovathinga Shijit Chandran,Jagannathan Kaushik,1,1,0,run,0,,,32/1
1047379,1,6,3,Poovathinga Shijit Chandran,Singamuthu Thiyagarajan,Jagannathan Kaushik,4,4,0,four,0,,,36/1
1047379,1,6,4,Poovathinga Shijit Chandran,Singamuthu Thiyagarajan,Jagannathan Kaushik,1,1,0,run,0,,,37/1
1047379,1,6,5,Singamuthu Thiyagarajan,Poovathinga Shijit Chandran,Jagannathan Kaushik,0,0,0,out,1,caught,Singamuthu Thiyagarajan,37/2
1047379,1,6,6,Selvam Suresh Kumar,Poovathinga Shijit Chandran,Jagannathan Kaushik,1,0,1,wide,0,,,38/2
1047379,1,6,7,Selvam Suresh Kumar,Poovathinga Shijit Chandran,Jagannathan Kaushik,0,0,0,no run,0,,,38/2
1047379,1,7,1,Poovathinga Shijit Chandran,Selvam Suresh Kumar,Rajamani Jesuraj,4,4,0,four,0,,,42/2
1047379,1,7,2,Poovathinga Shijit Chandran,Selvam Suresh Kumar,Rajamani Jesuraj,4,4,0,four,0,,,46/2
1047379,1,7,3,Poovathinga Shijit Chandran,Selvam Suresh Kumar,Rajamani Jesuraj,1,1,0,run,0,,,47/2
1047379,1,7,4,Selvam Suresh Kumar,Poovathinga Shijit Chandran,Rajamani Jesuraj,0,0,0,no run,0,,,47/2
1047379,1,7,5,Selvam Suresh Kumar,Poovathinga Shijit Chandran,Rajamani Jesuraj,1,1,0,run,0,,,48/2
1047379,1,7,6,Poovathinga Shijit Chandran,Selvam Suresh Kumar,Rajamani Jesuraj,1,1,0,run,0,,,49/2
1047379,1,8,1,Poovathinga Shijit Chandran,Selvam Suresh Kumar,Akkil Srinaath,0,0,0,no run,0,,,49/2
1047379,1,8,2,Poovathinga Shijit Chandran,Selvam Suresh Kumar,Akkil Srinaath,1,1,0,run,0,,,50/2
1047379,1,8,3,Selvam Suresh Kumar,Poovathinga Shijit Chandran,Akkil Srinaath,4,4,0,four,0,,,54/2
1047379,1,8,4,Selvam Suresh Kumar,Poovathinga Shijit Chandran,Akkil Srinaath,1,1,0,run,0,,,55/2
1047379,1,8,5,Poovathinga Shijit Chandran,Selvam Suresh Kumar,Akkil Srinaath,1,1,0,run,0,,,56/2
1047379,1,8,6,Selvam Suresh Kumar,Poovathinga Shijit Chandran,Akkil Srinaath,0,0,0,no run,0,,,56/2
1047379,1,9,1,Poovathinga Shijit Chandran,Selvam Suresh Kumar,Rajamani Jesuraj,1,1,0,run,0,,,57/2
1047379,1,9,2,Selvam Suresh Kumar,Poovathinga Shijit Chandran,Rajamani Jesuraj,0,0,0,no run,0,,,57/2
1047379,1,9,3,Selvam Suresh Kumar,Poovathinga Shijit Chandran,Rajamani Jesuraj,1,1,0,run,0,,,58/2
1047379,1,9,4,Poovathinga Shijit Chandran,Selvam Suresh Kumar,Rajamani Jesuraj,2,2,0,run,0,,,60/2
1047379,1,9,5,Poovathinga Shijit Chandran,Selvam Suresh Kumar,Rajamani Jesuraj,4,4,0,four,0,,,64/2
1047379,1,9,6,Poovathinga Shijit Chandran,Selvam Suresh Kumar,Rajamani Jesuraj,1,1,0,run,0,,,65/2
1047379,1,10,1,Poovathinga Shijit Chandran,Selvam Suresh Kumar,Jagatheesan Kousik,1,1,0,run,0,,,66/2
1047379,1,10,2,Selvam Suresh Kumar,Poovathinga Shijit Chandran,Jagatheesan Kousik,1,1,0,run,0,,,67/2
1047379,1,10,3,Poovathinga Shijit Chandran,Selvam Suresh Kumar,Jagatheesan Kousik,6,6,0,six,0,,,73/2
1047379,1,10,4,Poovathinga Shijit Chandran,Selvam Suresh Kumar,Jagatheesan Kousik,1,1,0,run,0,,,74/2
1047379,1,10,5,Selvam Suresh Kumar,Poovathinga Shijit Chandran,Jagatheesan Kousik,0,0,0,no run,0,,,74/2
1047379,1,10,6,Selvam Suresh Kumar,Poovathinga Shijit Chandran,Jagatheesan Kousik,0,0,0,no run,0,,,74/2
1047379,1,11,1,Poovathinga Shijit Chandran,Selvam Suresh Kumar,Alagh Chelliah Prathiban,1,1,0,run,0,,,75/2
1047379,1,11,2,Selvam Suresh Kumar,Poovathinga Shijit Chandran,Alagh Chelliah Prathiban,1,1,0,run,0,,,76/2
1047379,1,11,3,Poovathinga Shijit Chandran,Selvam Suresh Kumar,Alagh Chelliah Prathiban,6,6,0,six,0,,,82/2
1047379,1,11,4,Poovathinga Shijit Chandran,Selvam Suresh Kumar,Alagh Chelliah Prathiban,1,1,0,run,0,,,83/2
1047379,1,11,5,Selvam Suresh Kumar,Poovathinga Shijit Chandran,Alagh Chelliah Prathiban,0,0,0,no run,0,,,83/2
1047379,1,11,6,Selvam Suresh Kumar,Poovathinga Shijit Chandran,Alagh Chelliah Prathiban,0,0,0,no run,0,,,83/2
1047379,1,12,1,Poovathinga Shijit Chandran,Selvam Suresh Kumar,Jagatheesan Kousik,0,0,0,no run,0,,,83/2
1047379,1,12,2,Poovathinga Shijit Chandran,Selvam Suresh Kumar,Jagatheesan Kousik,1,1,0,run,0,,,84/2
1047379,1,12,3,Selvam Suresh Kumar,Poovathinga Shijit Chandran,Jagatheesan Kousik,1,1,0,run,0,,,85/2
1047379,1,12,4,Poovathinga Shijit Chandran,Selvam Suresh Kumar,Jagatheesan Kousik,1,1,0,run,0,,,86/2
1047379,1,12,5,Selvam Suresh Kumar,Poovathinga Shijit Chandran,Jagatheesan Kousik,1,1,0,run,0,,,87/2
1047379,1,12,6,Poovathinga Shijit Chandran,Selvam Suresh Kumar,Jagatheesan Kousik,1,1,0,run,0,,,88/2
1047379,1,13,1,Poovathinga Shijit Chandran,Selvam Suresh Kumar,Alagh Chelliah Prathiban,0,0,0,out,1,caught,Poovathinga Shijit Chandran,88/3
1047379,1,13,2,Selvam Suresh Kumar,0,Alagh Chelliah Prathiban,1,1,0,run,0,,,89/3
1047379,1,13,3,P Francis Rokins,Selvam Suresh Kumar,Alagh Chelliah Prathiban,0,0,0,no run,0,,,89/3
1047379,1,13,4,P Francis Rokins,Selvam Suresh Kumar,Alagh Chelliah Prathiban,1,1,0,run,0,,,90/3
1047379,1,13,5,Selvam Suresh Kumar,P Francis Rokins,Alagh Chelliah Prathiban,1,1,0,run,0,,,91/3
1047379,1,13,6,P Francis Rokins,Selvam Suresh Kumar,Alagh Chelliah Prathiban,0,0,0,out,1,caught,P Francis Rokins,91/4
1047379,1,14,1,Selvam Suresh Kumar,0,Jagatheesan Kousik,1,1,0,run,0,,,92/4
1047379,1,14,2,Pitchaiayan Sakthi,Selvam Suresh Kumar,Jagatheesan Kousik,0,0,0,no run,0,,,92/4
1047379,1,14,3,Pitchaiayan Sakthi,Selvam Suresh Kumar,Jagatheesan Kousik,2,2,0,run,0,,,94/4
1047379,1,14,4,Pitchaiayan Sakthi,Selvam Suresh Kumar,Jagatheesan Kousik,1,1,0,run,0,,,95/4
1047379,1,14,5,Selvam Suresh Kumar,Pitchaiayan Sakthi,Jagatheesan Kousik,1,1,0,run,0,,,96/4
1047379,1,14,6,Pitchaiayan Sakthi,Selvam Suresh Kumar,Jagatheesan Kousik,4,4,0,four,0,,,100/4
1047379,1,15,1,Selvam Suresh Kumar,Pitchaiayan Sakthi,Alagh Chelliah Prathiban,0,0,0,no run,0,,,100/4
1047379,1,15,2,Selvam Suresh Kumar,Pitchaiayan Sakthi,Alagh Chelliah Prathiban,1,1,0,run,0,,,101/4
1047379,1,15,3,Pitchaiayan Sakthi,Selvam Suresh Kumar,Alagh Chelliah Prathiban,1,1,0,run,0,,,102/4
1047379,1,15,4,Selvam Suresh Kumar,Pitchaiayan Sakthi,Alagh Chelliah Prathiban,0,0,0,no run,0,,,102/4
1047379,1,15,5,Selvam Suresh Kumar,Pitchaiayan Sakthi,Alagh Chelliah Prathiban,6,6,0,six,0,,,108/4
1047379,1,15,6,Selvam Suresh Kumar,Pitchaiayan Sakthi,Alagh Chelliah Prathiban,1,1,0,run,0,,,109/4
1047379,1,16,1,Selvam Suresh Kumar,Pitchaiayan Sakthi,Rajamani Jesuraj,1,1,0,run,0,,,110/4
1047379,1,16,2,Pitchaiayan Sakthi,Selvam Suresh Kumar,Rajamani Jesuraj,1,1,0,run,0,,,111/4
1047379,1,16,3,Selvam Suresh Kumar,Pitchaiayan Sakthi,Rajamani Jesuraj,1,1,0,run,0,,,112/4
1047379,1,16,4,Pitchaiayan Sakthi,Selvam Suresh Kumar,Rajamani Jesuraj,1,1,0,run,0,,,113/4
1047379,1,16,5,Selvam Suresh Kumar,Pitchaiayan Sakthi,Rajamani Jesuraj,1,1,0,run,0,,,114/4
1047379,1,16,6,Pitchaiayan Sakthi,Selvam Suresh Kumar,Rajamani Jesuraj,1,1,0,run,0,,,115/4
1047379,1,17,1,Pitchaiayan Sakthi,Selvam Suresh Kumar,Alagh Chelliah Prathiban,4,4,0,four,0,,,119/4
1047379,1,17,2,Pitchaiayan Sakthi,Selvam Suresh Kumar,Alagh Chelliah Prathiban,0,0,0,no run,0,,,119/4
1047379,1,17,3,Pitchaiayan Sakthi,Selvam Suresh Kumar,Alagh Chelliah Prathiban,1,1,0,run,0,,,120/4
1047379,1,17,4,Selvam Suresh Kumar,Pitchaiayan Sakthi,Alagh Chelliah Prathiban,1,1,0,run,0,,,121/4
1047379,1,17,5,Pitchaiayan Sakthi,Selvam Suresh Kumar,Alagh Chelliah Prathiban,0,0,0,out,1,caught,Pitchaiayan Sakthi,121/5
1047379,1,17,6,Selvam Suresh Kumar,Lakshminarayanan Vignesh,Alagh Chelliah Prathiban,1,1,0,run,0,,,122/5
1047379,1,18,1,Selvam Suresh Kumar,Lakshminarayanan Vignesh,Rajamani Jesuraj,0,0,0,out,1,caught,Selvam Suresh Kumar,122/6
1047379,1,18,2,Lakshminarayanan Vignesh,0,Rajamani Jesuraj,1,1,0,run,0,,,123/6
1047379,1,18,3,Maan K Bafna,Lakshminarayanan Vignesh,Rajamani Jesuraj,1,1,0,run,0,,,124/6
1047379,1,18,4,Lakshminarayanan Vignesh,Maan K Bafna,Rajamani Jesuraj,0,0,0,no run,0,,,124/6
1047379,1,18,5,Lakshminarayanan Vignesh,Maan K Bafna,Rajamani Jesuraj,0,0,0,out,1,caught,Lakshminarayanan Vignesh,124/7
1047379,1,18,6,Maan K Bafna,SV Muruganantham,Rajamani Jesuraj,1,1,0,run,0,,,125/7
1047379,1,19,1,Maan K Bafna,SV Muruganantham,Murthy Prabhu,1,1,0,run,0,,,126/7
1047379,1,19,2,SV Muruganantham,Maan K Bafna,Murthy Prabhu,1,1,0,run,0,,,127/7
1047379,1,19,3,Maan K Bafna,SV Muruganantham,Murthy Prabhu,1,1,0,run,0,,,128/7
1047379,1,19,4,SV Muruganantham,Maan K Bafna,Murthy Prabhu,1,1,0,run,0,,,129/7
1047379,1,19,5,Maan K Bafna,SV Muruganantham,Murthy Prabhu,1,1,0,run,0,,,130/7
1047379,1,19,6,SV Muruganantham,Maan K Bafna,Murthy Prabhu,1,1,0,run,0,,,131/7
1047379,1,20,1,SV Muruganantham,Maan K Bafna,Jagannathan Kaushik,0,0,0,out,1,run out,Maan K Bafna,131/8
1047379,1,20,2,DT Chandrasekar,SV Muruganantham,Jagannathan Kaushik,1,1,0,run,0,,,132/8
1047379,1,20,3,SV Muruganantham,DT Chandrasekar,Jagannathan Kaushik,0,0,0,out,1,run out,SV Muruganantham,132/9
1047379,1,20,4,Edward Kennedy,DT Chandrasekar,Jagannathan Kaushik,1,1,0,run,0,,,133/9
1047379,1,20,5,DT Chandrasekar,Edward Kennedy,Jagannathan Kaushik,1,0,1,leg bye,0,,,134/9
1047379,1,20,6,Edward Kennedy,DT Chandrasekar,Jagannathan Kaushik,1,1,0,run,0,,,135/9
1047379,2,1,1,Kumaran Bharath Shankar,0,DT Chandrasekar,0,0,0,no run,0,,,0/0
1047379,2,1,2,Kumaran Bharath Shankar,0,DT Chandrasekar,4,4,0,four,0,,,4/0
1047379,2,1,3,Kumaran Bharath Shankar,0,DT Chandrasekar,0,0,0,no run,0,,,4/0
1047379,2,1,4,Kumaran Bharath Shankar,0,DT Chandrasekar,0,0,0,no run,0,,,4/0
1047379,2,1,5,Kumaran Bharath Shankar,0,DT Chandrasekar,6,6,0,six,0,,,10/0
1047379,2,1,6,Kumaran Bharath Shankar,R Nilesh Subramanian,DT Chandrasekar,0,0,0,no run,0,,,10/0
1047379,2,2,1,R Nilesh Subramanian,Kumaran Bharath Shankar,Lakshminarayanan Vignesh,1,1,0,run,0,,,11/0
1047379,2,2,2,Kumaran Bharath Shankar,R Nilesh Subramanian,Lakshminarayanan Vignesh,2,2,0,run,0,,,13/0
1047379,2,2,3,Kumaran Bharath Shankar,R Nilesh Subramanian,Lakshminarayanan Vignesh,4,4,0,four,0,,,17/0
1047379,2,2,4,Kumaran Bharath Shankar,R Nilesh Subramanian,Lakshminarayanan Vignesh,0,0,0,no run,0,,,17/0
1047379,2,2,5,Kumaran Bharath Shankar,R Nilesh Subramanian,Lakshminarayanan Vignesh,6,6,0,six,0,,,23/0
1047379,2,2,6,Kumaran Bharath Shankar,R Nilesh Subramanian,Lakshminarayanan Vignesh,1,1,0,run,0,,,24/0
1047379,2,3,1,Kumaran Bharath Shankar,R Nilesh Subramanian,SV Muruganantham,0,0,0,no run,0,,,24/0
1047379,2,3,2,Kumaran Bharath Shankar,R Nilesh Subramanian,SV Muruganantham,4,4,0,four,0,,,28/0
1047379,2,3,3,Kumaran Bharath Shankar,R Nilesh Subramanian,SV Muruganantham,0,0,0,no run,0,,,28/0
1047379,2,3,4,Kumaran Bharath Shankar,R Nilesh Subramanian,SV Muruganantham,6,6,0,six,0,,,34/0
1047379,2,3,5,Kumaran Bharath Shankar,R Nilesh Subramanian,SV Muruganantham,0,0,0,no run,0,,,34/0
1047379,2,3,6,Kumaran Bharath Shankar,R Nilesh Subramanian,SV Muruganantham,0,0,0,no run,0,,,34/0
1047379,2,4,1,R Nilesh Subramanian,Kumaran Bharath Shankar,Edward Kennedy,1,1,0,run,0,,,35/0
1047379,2,4,2,Kumaran Bharath Shankar,R Nilesh Subramanian,Edward Kennedy,4,4,0,four,0,,,39/0
1047379,2,4,3,Kumaran Bharath Shankar,R Nilesh Subramanian,Edward Kennedy,0,0,0,no run,0,,,39/0
1047379,2,4,4,Kumaran Bharath Shankar,R Nilesh Subramanian,Edward Kennedy,0,0,0,no run,0,,,39/0
1047379,2,4,5,Kumaran Bharath Shankar,R Nilesh Subramanian,Edward Kennedy,0,0,0,no run,0,,,39/0
1047379,2,4,6,Kumaran Bharath Shankar,R Nilesh Subramanian,Edward Kennedy,0,0,0,no run,0,,,39/0
1047379,2,5,1,R Nilesh Subramanian,Kumaran Bharath Shankar,SV Muruganantham,0,0,0,no run,0,,,39/0
1047379,2,5,2,R Nilesh Subramanian,Kumaran Bharath Shankar,SV Muruganantham,1,1,0,run,0,,,40/0
1047379,2,5,3,Kumaran Bharath Shankar,R Nilesh Subramanian,SV Muruganantham,0,0,0,no run,0,,,40/0
1047379,2,5,4,Kumaran Bharath Shankar,R Nilesh Subramanian,SV Muruganantham,0,0,0,out,1,caught,Kumaran Bharath Shankar,40/1
1047379,2,5,5,Krishna Varun Kumar,R Nilesh Subramanian,SV Muruganantham,1,1,0,run,0,,,41/1
1047379,2,5,6,R Nilesh Subramanian,Krishna Varun Kumar,SV Muruganantham,0,0,0,no run,0,,,41/1
1047379,2,6,1,Krishna Varun Kumar,R Nilesh Subramanian,Edward Kennedy,1,1,0,run,0,,,42/1
1047379,2,6,2,R Nilesh Subramanian,Krishna Varun Kumar,Edward Kennedy,4,4,0,four,0,,,46/1
1047379,2,6,3,R Nilesh Subramanian,Krishna Varun Kumar,Edward Kennedy,0,0,0,no run,0,,,46/1
1047379,2,6,4,R Nilesh Subramanian,Krishna Varun Kumar,Edward Kennedy,2,2,0,run,0,,,48/1
1047379,2,6,5,R Nilesh Subramanian,Krishna Varun Kumar,Edward Kennedy,0,0,0,no run,0,,,48/1
1047379,2,6,6,R Nilesh Subramanian,Krishna Varun Kumar,Edward Kennedy,1,1,0,run,0,,,49/1
1047379,2,7,1,R Nilesh Subramanian,Krishna Varun Kumar,Selvam Suresh Kumar,0,0,0,no run,0,,,49/1
1047379,2,7,2,R Nilesh Subramanian,Krishna Varun Kumar,Selvam Suresh Kumar,5,0,5,wide,0,,,54/1
1047379,2,7,3,R Nilesh Subramanian,Krishna Varun Kumar,Selvam Suresh Kumar,0,0,0,no run,0,,,54/1
1047379,2,7,4,R Nilesh Subramanian,Krishna Varun Kumar,Selvam Suresh Kumar,1,1,0,run,0,,,55/1
1047379,2,7,5,Krishna Varun Kumar,R Nilesh Subramanian,Selvam Suresh Kumar,1,1,0,run,0,,,56/1
1047379,2,7,6,R Nilesh Subramanian,Krishna Varun Kumar,Selvam Suresh Kumar,0,0,0,no run,0,,,56/1
1047379,2,7,7,R Nilesh Subramanian,Krishna Varun Kumar,Selvam Suresh Kumar,1,1,0,run,0,,,57/1
1047379,2,8,1,R Nilesh Subramanian,Krishna Varun Kumar,Maan K Bafna,1,0,1,wide,0,,,58/1
1047379,2,8,2,R Nilesh Subramanian,Krishna Varun Kumar,Maan K Bafna,3,3,0,run,0,,,61/1
1047379,2,8,3,Krishna Varun Kumar,R Nilesh Subramanian,Maan K Bafna,0,0,0,no run,0,,,61/1
1047379,2,8,4,Krishna Varun Kumar,R Nilesh Subramanian,Maan K Bafna,4,4,0,four,0,,,65/1
1047379,2,8,5,Krishna Varun Kumar,R Nilesh Subramanian,Maan K Bafna,0,0,0,no run,0,,,65/1
1047379,2,8,6,Krishna Varun Kumar,R Nilesh Subramanian,Maan K Bafna,0,0,0,no run,0,,,65/1
1047379,2,8,7,Krishna Varun Kumar,R Nilesh Subramanian,Maan K Bafna,1,1,0,run,0,,,66/1
1047379,2,9,1,Krishna Varun Kumar,R Nilesh Subramanian,Poovathinga Shijit Chandran,0,0,0,no run,0,,,66/1
1047379,2,9,2,Krishna Varun Kumar,R Nilesh Subramanian,Poovathinga Shijit Chandran,1,1,0,run,0,,,67/1
1047379,2,9,3,R Nilesh Subramanian,Krishna Varun Kumar,Poovathinga Shijit Chandran,0,0,0,no run,0,,,67/1
1047379,2,9,4,R Nilesh Subramanian,Krishna Varun Kumar,Poovathinga Shijit Chandran,1,1,0,run,0,,,68/1
1047379,2,9,5,Krishna Varun Kumar,R Nilesh Subramanian,Poovathinga Shijit Chandran,0,0,0,no run,0,,,68/1
1047379,2,9,6,Krishna Varun Kumar,R Nilesh Subramanian,Poovathinga Shijit Chandran,1,1,0,run,0,,,69/1
1047379,2,10,1,Krishna Varun Kumar,R Nilesh Subramanian,Maan K Bafna,0,0,0,no run,0,,,69/1
1047379,2,10,2,Krishna Varun Kumar,R Nilesh Subramanian,Maan K Bafna,0,0,0,out,1,caught,Krishna Varun Kumar,69/2
1047379,2,10,3,R Nilesh Subramanian,0,Maan K Bafna,1,1,0,run,0,,,70/2
1047379,2,10,4,Baba Indrajith,R Nilesh Subramanian,Maan K Bafna,0,0,0,no run,0,,,70/2
1047379,2,10,5,Baba Indrajith,R Nilesh Subramanian,Maan K Bafna,0,0,0,no run,0,,,70/2
1047379,2,10,6,Baba Indrajith,R Nilesh Subramanian,Maan K Bafna,2,2,0,run,0,,,72/2
1047379,2,11,1,R Nilesh Subramanian,Baba Indrajith,Poovathinga Shijit Chandran,1,1,0,run,0,,,73/2
1047379,2,11,2,Baba Indrajith,R Nilesh Subramanian,Poovathinga Shijit Chandran,4,4,0,four,0,,,77/2
1047379,2,11,3,Baba Indrajith,R Nilesh Subramanian,Poovathinga Shijit Chandran,1,1,0,run,0,,,78/2
1047379,2,11,4,R Nilesh Subramanian,Baba Indrajith,Poovathinga Shijit Chandran,1,1,0,run,0,,,79/2
1047379,2,11,5,Baba Indrajith,R Nilesh Subramanian,Poovathinga Shijit Chandran,1,1,0,run,0,,,80/2
1047379,2,11,6,R Nilesh Subramanian,Baba Indrajith,Poovathinga Shijit Chandran,0,0,0,no run,0,,,80/2
1047379,2,12,1,Baba Indrajith,R Nilesh Subramanian,Edward Kennedy,0,0,0,no run,0,,,80/2
1047379,2,12,2,Baba Indrajith,R Nilesh Subramanian,Edward Kennedy,1,1,0,run,0,,,81/2
1047379,2,12,3,R Nilesh Subramanian,Baba Indrajith,Edward Kennedy,1,1,0,run,0,,,82/2
1047379,2,12,4,Baba Indrajith,R Nilesh Subramanian,Edward Kennedy,0,0,0,no run,0,,,82/2
1047379,2,12,5,Baba Indrajith,R Nilesh Subramanian,Edward Kennedy,0,0,0,no run,0,,,82/2
1047379,2,12,6,Baba Indrajith,R Nilesh Subramanian,Edward Kennedy,1,1,0,run,0,,,83/2
1047379,2,13,1,Baba Indrajith,R Nilesh Subramanian,SV Muruganantham,0,0,0,no run,0,,,83/2
1047379,2,13,2,Baba Indrajith,R Nilesh Subramanian,SV Muruganantham,1,1,0,run,0,,,84/2
1047379,2,13,3,R Nilesh Subramanian,Baba Indrajith,SV Muruganantham,1,1,0,run,0,,,85/2
1047379,2,13,4,Baba Indrajith,R Nilesh Subramanian,SV Muruganantham,1,0,1,wide,0,,,86/2
1047379,2,13,5,Baba Indrajith,R Nilesh Subramanian,SV Muruganantham,1,1,0,run,0,,,87/2
1047379,2,13,6,R Nilesh Subramanian,Baba Indrajith,SV Muruganantham,3,3,0,run,0,,,90/2
1047379,2,13,7,Baba Indrajith,R Nilesh Subramanian,SV Muruganantham,1,1,0,run,0,,,91/2
1047379,2,14,1,Baba Indrajith,R Nilesh Subramanian,DT Chandrasekar,1,1,0,run,0,,,92/2
1047379,2,14,2,R Nilesh Subramanian,Baba Indrajith,DT Chandrasekar,0,0,0,out,1,caught,R Nilesh Subramanian,92/3
1047379,2,14,3,Baba Indrajith,0,DT Chandrasekar,1,1,0,run,0,,,93/3
1047379,2,14,4,Akkil Srinaath,Baba Indrajith,DT Chandrasekar,0,0,0,no run,0,,,93/3
1047379,2,14,5,Akkil Srinaath,Baba Indrajith,DT Chandrasekar,0,0,0,no run,0,,,93/3
1047379,2,14,6,Akkil Srinaath,Baba Indrajith,DT Chandrasekar,1,1,0,run,0,,,94/3
1047379,2,15,1,Akkil Srinaath,Baba Indrajith,Poovathinga Shijit Chandran,6,6,0,six,0,,,100/3
1047379,2,15,2,Akkil Srinaath,Baba Indrajith,Poovathinga Shijit Chandran,4,4,0,four,0,,,104/3
1047379,2,15,3,Akkil Srinaath,Baba Indrajith,Poovathinga Shijit Chandran,4,4,0,four,0,,,108/3
1047379,2,15,4,Akkil Srinaath,Baba Indrajith,Poovathinga Shijit Chandran,0,0,0,no run,0,,,108/3
1047379,2,15,5,Akkil Srinaath,Baba Indrajith,Poovathinga Shijit Chandran,0,0,0,no run,0,,,108/3
1047379,2,15,6,Akkil Srinaath,Baba Indrajith,Poovathinga Shijit Chandran,1,1,0,run,0,,,109/3
1047379,2,16,1,Akkil Srinaath,Baba Indrajith,DT Chandrasekar,6,6,0,six,0,,,115/3
1047379,2,16,2,Akkil Srinaath,Baba Indrajith,DT Chandrasekar,1,1,0,run,0,,,116/3
1047379,2,16,3,Baba Indrajith,Akkil Srinaath,DT Chandrasekar,0,0,0,no run,0,,,116/3
1047379,2,16,4,Baba Indrajith,Akkil Srinaath,DT Chandrasekar,1,1,0,run,0,,,117/3
1047379,2,16,5,Akkil Srinaath,Baba Indrajith,DT Chandrasekar,0,0,0,no run,0,,,117/3
1047379,2,16,6,Akkil Srinaath,Baba Indrajith,DT Chandrasekar,1,1,0,run,0,,,118/3
1047379,2,17,1,Akkil Srinaath,Baba Indrajith,SV Muruganantham,2,0,2,wide,0,,,120/3
1047379,2,17,2,Baba Indrajith,Akkil Srinaath,SV Muruganantham,0,0,0,no run,0,,,120/3
1047379,2,17,3,Baba Indrajith,Akkil Srinaath,SV Muruganantham,1,1,0,run,0,,,121/3
1047379,2,17,4,Akkil Srinaath,Baba Indrajith,SV Muruganantham,6,6,0,six,0,,,127/3
1047379,2,17,5,Akkil Srinaath,Baba Indrajith,SV Muruganantham,6,6,0,six,0,,,133/3
1047379,2,17,6,Akkil Srinaath,Baba Indrajith,SV Muruganantham,0,0,0,no run,0,,,133/3
1047379,2,17,7,Akkil Srinaath,Baba Indrajith,SV Muruganantham,1,1,0,run,0,,,134/3
1047379,2,18,1,Akkil Srinaath,Baba Indrajith,Lakshminarayanan Vignesh,0,0,0,no run,0,,,134/3
1047379,2,18,2,Akkil Srinaath,Baba Indrajith,Lakshminarayanan Vignesh,1,1,0,run,0,,,135/3
1047379,2,18,3,Baba Indrajith,Akkil Srinaath,Lakshminarayanan Vignesh,4,4,0,four,0,,,139/3
1047381,1,1,1,M Vijay Kumar,0,M Mohammed,2,2,0,run,0,,,2/0
1047381,1,1,2,M Vijay Kumar,0,M Mohammed,4,4,0,four,0,,,6/0
1047381,1,1,3,M Vijay Kumar,0,M Mohammed,0,0,0,no run,0,,,6/0
1047381,1,1,4,M Vijay Kumar,0,M Mohammed,4,4,0,four,0,,,10/0
1047381,1,1,5,M Vijay Kumar,0,M Mohammed,0,0,0,no run,0,,,10/0
1047381,1,1,6,M Vijay Kumar,Rajhamany Srinivasan,M Mohammed,2,2,0,run,0,,,12/0
1047381,1,2,1,Rajhamany Srinivasan,M Vijay Kumar,Krishnamoorthy Vignesh,0,0,0,no run,0,,,12/0
1047381,1,2,2,Rajhamany Srinivasan,M Vijay Kumar,Krishnamoorthy Vignesh,0,0,0,no run,0,,,12/0
1047381,1,2,3,Rajhamany Srinivasan,M Vijay Kumar,Krishnamoorthy Vignesh,2,2,0,run,0,,,14/0
1047381,1,2,4,Rajhamany Srinivasan,M Vijay Kumar,Krishnamoorthy Vignesh,0,0,0,out,1,caught,Rajhamany Srinivasan,14/1
1047381,1,2,5,M Vijay Kumar,0,Krishnamoorthy Vignesh,0,0,0,no run,0,,,14/1
1047381,1,2,6,M Vijay Kumar,Subramaniam Badrinath,Krishnamoorthy Vignesh,2,2,0,run,0,,,16/1
1047381,1,3,1,Subramaniam Badrinath,M Vijay Kumar,Jamaluddin Syed Mohammad,4,4,0,four,0,,,20/1
1047381,1,3,2,Subramaniam Badrinath,M Vijay Kumar,Jamaluddin Syed Mohammad,0,0,0,no run,0,,,20/1
1047381,1,3,3,Subramaniam Badrinath,M Vijay Kumar,Jamaluddin Syed Mohammad,0,0,0,no run,0,,,20/1
1047381,1,3,4,Subramaniam Badrinath,M Vijay Kumar,Jamaluddin Syed Mohammad,0,0,0,no run,0,,,20/1
1047381,1,3,5,Subramaniam Badrinath,M Vijay Kumar,Jamaluddin Syed Mohammad,1,1,0,run,0,,,21/1
1047381,1,3,6,M Vijay Kumar,Subramaniam Badrinath,Jamaluddin Syed Mohammad,1,1,0,run,0,,,22/1
1047381,1,4,1,M Vijay Kumar,Subramaniam Badrinath,Krishnamoorthy Vignesh,0,0,0,no run,0,,,22/1
1047381,1,4,2,M Vijay Kumar,Subramaniam Badrinath,Krishnamoorthy Vignesh,1,0,1,leg bye,0,,,23/1
1047381,1,4,3,Subramaniam Badrinath,M Vijay Kumar,Krishnamoorthy Vignesh,0,0,0,no run,0,,,23/1
1047381,1,4,4,Subramaniam Badrinath,M Vijay Kumar,Krishnamoorthy Vignesh,0,0,0,no run,0,,,23/1
1047381,1,4,5,Subramaniam Badrinath,M Vijay Kumar,Krishnamoorthy Vignesh,0,0,0,no run,0,,,23/1
1047381,1,4,6,Subramaniam Badrinath,M Vijay Kumar,Krishnamoorthy Vignesh,0,0,0,no run,0,,,23/1
1047381,1,5,1,M Vijay Kumar,Subramaniam Badrinath,Moovervnthali Kasipandian Sivakumar,0,0,0,no run,0,,,23/1
1047381,1,5,2,M Vijay Kumar,Subramaniam Badrinath,Moovervnthali Kasipandian Sivakumar,6,6,0,six,0,,,29/1
1047381,1,5,3,M Vijay Kumar,Subramaniam Badrinath,Moovervnthali Kasipandian Sivakumar,0,0,0,no run,0,,,29/1
1047381,1,5,4,M Vijay Kumar,Subramaniam Badrinath,Moovervnthali Kasipandian Sivakumar,4,4,0,four,0,,,33/1
1047381,1,5,5,M Vijay Kumar,Subramaniam Badrinath,Moovervnthali Kasipandian Sivakumar,0,0,0,no run,0,,,33/1
1047381,1,5,6,M Vijay Kumar,Subramaniam Badrinath,Moovervnthali Kasipandian Sivakumar,4,4,0,four,0,,,37/1
1047381,1,6,1,Subramaniam Badrinath,M Vijay Kumar,M Mohammed,1,1,0,run,0,,,38/1
1047381,1,6,2,M Vijay Kumar,Subramaniam Badrinath,M Mohammed,4,4,0,four,0,,,42/1
1047381,1,6,3,M Vijay Kumar,Subramaniam Badrinath,M Mohammed,2,2,0,run,0,,,44/1
1047381,1,6,4,M Vijay Kumar,Subramaniam Badrinath,M Mohammed,0,0,0,no run,0,,,44/1
1047381,1,6,5,M Vijay Kumar,Subramaniam Badrinath,M Mohammed,0,0,0,out,1,bowled,M Vijay Kumar,44/2
1047381,1,6,6,K Vishal Vaidhya,Subramaniam Badrinath,M Mohammed,0,0,0,no run,0,,,44/2
1047381,1,7,1,Subramaniam Badrinath,K Vishal Vaidhya, Sriram Ajith Ram,4,4,0,four,0,,,48/2
1047381,1,7,2,Subramaniam Badrinath,K Vishal Vaidhya, Sriram Ajith Ram,0,0,0,no run,0,,,48/2
1047381,1,7,3,Subramaniam Badrinath,K Vishal Vaidhya, Sriram Ajith Ram,1,1,0,run,0,,,49/2
1047381,1,7,4,K Vishal Vaidhya,Subramaniam Badrinath, Sriram Ajith Ram,1,1,0,run,0,,,50/2
1047381,1,7,5,Subramaniam Badrinath,K Vishal Vaidhya, Sriram Ajith Ram,0,0,0,no run,0,,,50/2
1047381,1,7,6,Subramaniam Badrinath,K Vishal Vaidhya, Sriram Ajith Ram,1,1,0,run,0,,,51/2
1047381,1,8,1,Subramaniam Badrinath,K Vishal Vaidhya,S Harish Kumar,1,1,0,run,0,,,52/2
1047381,1,8,2,K Vishal Vaidhya,Subramaniam Badrinath,S Harish Kumar,0,0,0,no run,0,,,52/2
1047381,1,8,3,K Vishal Vaidhya,Subramaniam Badrinath,S Harish Kumar,0,0,0,no run,0,,,52/2
1047381,1,8,4,K Vishal Vaidhya,Subramaniam Badrinath,S Harish Kumar,0,0,0,no run,0,,,52/2
1047381,1,8,5,K Vishal Vaidhya,Subramaniam Badrinath,S Harish Kumar,1,1,0,run,0,,,53/2
1047381,1,8,6,Subramaniam Badrinath,K Vishal Vaidhya,S Harish Kumar,1,1,0,run,0,,,54/2
1047381,1,9,1,Subramaniam Badrinath,K Vishal Vaidhya, Sriram Ajith Ram,1,1,0,run,0,,,55/2
1047381,1,9,2,K Vishal Vaidhya,Subramaniam Badrinath, Sriram Ajith Ram,6,6,0,six,0,,,61/2
1047381,1,9,3,K Vishal Vaidhya,Subramaniam Badrinath, Sriram Ajith Ram,1,1,0,run,0,,,62/2
1047381,1,9,4,Subramaniam Badrinath,K Vishal Vaidhya, Sriram Ajith Ram,1,1,0,run,0,,,63/2
1047381,1,9,5,K Vishal Vaidhya,Subramaniam Badrinath, Sriram Ajith Ram,0,0,0,no run,0,,,63/2
1047381,1,9,6,K Vishal Vaidhya,Subramaniam Badrinath, Sriram Ajith Ram,1,1,0,run,0,,,64/2
1047381,1,10,1,K Vishal Vaidhya,Subramaniam Badrinath,S Harish Kumar,1,1,0,run,0,,,65/2
1047381,1,10,2,Subramaniam Badrinath,K Vishal Vaidhya,S Harish Kumar,6,6,0,six,0,,,71/2
1047381,1,10,3,Subramaniam Badrinath,K Vishal Vaidhya,S Harish Kumar,0,0,0,no run,0,,,71/2
1047381,1,10,4,Subramaniam Badrinath,K Vishal Vaidhya,S Harish Kumar,0,0,0,no run,0,,,71/2
1047381,1,10,5,Subramaniam Badrinath,K Vishal Vaidhya,S Harish Kumar,0,0,0,no run,0,,,71/2
1047381,1,10,6,Subramaniam Badrinath,K Vishal Vaidhya,S Harish Kumar,1,1,0,run,0,,,72/2
1047381,1,11,1,Subramaniam Badrinath,K Vishal Vaidhya,Jamaluddin Syed Mohammad,1,1,0,run,0,,,73/2
1047381,1,11,2,K Vishal Vaidhya,Subramaniam Badrinath,Jamaluddin Syed Mohammad,1,1,0,run,0,,,74/2
1047381,1,11,3,Subramaniam Badrinath,K Vishal Vaidhya,Jamaluddin Syed Mohammad,0,0,0,no run,0,,,74/2
1047381,1,11,4,Subramaniam Badrinath,K Vishal Vaidhya,Jamaluddin Syed Mohammad,0,0,0,no run,0,,,74/2
1047381,1,11,5,Subramaniam Badrinath,K Vishal Vaidhya,Jamaluddin Syed Mohammad,1,1,0,run,0,,,75/2
1047381,1,11,6,K Vishal Vaidhya,Subramaniam Badrinath,Jamaluddin Syed Mohammad,2,2,0,run,0,,,77/2
1047381,1,12,1,Subramaniam Badrinath,K Vishal Vaidhya,Moovervnthali Kasipandian Sivakumar,2,2,0,run,0,,,79/2
1047381,1,12,2,Subramaniam Badrinath,K Vishal Vaidhya,Moovervnthali Kasipandian Sivakumar,1,1,0,run,0,,,80/2
1047381,1,12,3,K Vishal Vaidhya,Subramaniam Badrinath,Moovervnthali Kasipandian Sivakumar,0,0,0,no run,0,,,80/2
1047381,1,12,4,K Vishal Vaidhya,Subramaniam Badrinath,Moovervnthali Kasipandian Sivakumar,0,0,0,no run,0,,,80/2
1047381,1,12,5,K Vishal Vaidhya,Subramaniam Badrinath,Moovervnthali Kasipandian Sivakumar,1,1,0,run,0,,,81/2
1047381,1,12,6,Subramaniam Badrinath,K Vishal Vaidhya,Moovervnthali Kasipandian Sivakumar,1,1,0,run,0,,,82/2
1047381,1,13,1,Subramaniam Badrinath,K Vishal Vaidhya,M Mohammed,1,0,1,leg bye,0,,,83/2
1047381,1,13,2,K Vishal Vaidhya,Subramaniam Badrinath,M Mohammed,1,0,1,wide,0,,,84/2
1047381,1,13,3,K Vishal Vaidhya,Subramaniam Badrinath,M Mohammed,0,0,0,no run,0,,,84/2
1047381,1,13,4,K Vishal Vaidhya,Subramaniam Badrinath,M Mohammed,0,0,0,out,1,bowled,K Vishal Vaidhya,84/3
1047381,1,13,5,Srikkanth Anirudha,Subramaniam Badrinath,M Mohammed,0,0,0,no run,0,,,84/3
1047381,1,13,6,Srikkanth Anirudha,Subramaniam Badrinath,M Mohammed,2,2,0,run,0,,,86/3
1047381,1,13,7,Srikkanth Anirudha,Subramaniam Badrinath,M Mohammed,0,0,0,no run,0,,,86/3
1047381,1,14,1,Subramaniam Badrinath,Srikkanth Anirudha,Jamaluddin Syed Mohammad,4,4,0,four,0,,,90/3
1047381,1,14,2,Subramaniam Badrinath,Srikkanth Anirudha,Jamaluddin Syed Mohammad,1,1,0,run,0,,,91/3
1047381,1,14,3,Srikkanth Anirudha,Subramaniam Badrinath,Jamaluddin Syed Mohammad,0,0,0,no run,0,,,91/3
1047381,1,14,4,Srikkanth Anirudha,Subramaniam Badrinath,Jamaluddin Syed Mohammad,2,2,0,run,0,,,93/3
1047381,1,14,5,Srikkanth Anirudha,Subramaniam Badrinath,Jamaluddin Syed Mohammad,6,6,0,six,0,,,99/3
1047381,1,14,6,Srikkanth Anirudha,Subramaniam Badrinath,Jamaluddin Syed Mohammad,1,1,0,run,0,,,100/3
1047381,1,15,1,Srikkanth Anirudha,Subramaniam Badrinath,S Harish Kumar,0,0,0,no run,0,,,100/3
1047381,1,15,2,Srikkanth Anirudha,Subramaniam Badrinath,S Harish Kumar,1,1,0,run,0,,,101/3
1047381,1,15,3,Subramaniam Badrinath,Srikkanth Anirudha,S Harish Kumar,1,1,0,run,0,,,102/3
1047381,1,15,4,Srikkanth Anirudha,Subramaniam Badrinath,S Harish Kumar,2,2,0,run,0,,,104/3
1047381,1,15,5,Srikkanth Anirudha,Subramaniam Badrinath,S Harish Kumar,1,1,0,run,0,,,105/3
1047381,1,15,6,Subramaniam Badrinath,Srikkanth Anirudha,S Harish Kumar,2,2,0,run,0,,,107/3
1047381,1,16,1,Srikkanth Anirudha,Subramaniam Badrinath,Moovervnthali Kasipandian Sivakumar,4,4,0,four,0,,,111/3
1047381,1,16,2,Srikkanth Anirudha,Subramaniam Badrinath,Moovervnthali Kasipandian Sivakumar,0,0,0,no run,0,,,111/3
1047381,1,16,3,Srikkanth Anirudha,Subramaniam Badrinath,Moovervnthali Kasipandian Sivakumar,4,4,0,four,0,,,115/3
1047381,1,16,4,Srikkanth Anirudha,Subramaniam Badrinath,Moovervnthali Kasipandian Sivakumar,1,1,0,run,0,,,116/3
1047381,1,16,5,Subramaniam Badrinath,Srikkanth Anirudha,Moovervnthali Kasipandian Sivakumar,0,0,0,no run,0,,,116/3
1047381,1,16,6,Subramaniam Badrinath,Srikkanth Anirudha,Moovervnthali Kasipandian Sivakumar,4,4,0,four,0,,,120/3
1047381,1,17,1,Srikkanth Anirudha,Subramaniam Badrinath,Krishnamoorthy Vignesh,6,6,0,six,0,,,126/3
1047381,1,17,2,Srikkanth Anirudha,Subramaniam Badrinath,Krishnamoorthy Vignesh,1,1,0,run,0,,,127/3
1047381,1,17,3,Subramaniam Badrinath,Srikkanth Anirudha,Krishnamoorthy Vignesh,1,1,0,run,0,,,128/3
1047381,1,17,4,Srikkanth Anirudha,Subramaniam Badrinath,Krishnamoorthy Vignesh,1,1,0,run,0,,,129/3
1047381,1,17,5,Subramaniam Badrinath,Srikkanth Anirudha,Krishnamoorthy Vignesh,1,1,0,run,0,,,130/3
1047381,1,17,6,Srikkanth Anirudha,Subramaniam Badrinath,Krishnamoorthy Vignesh,0,0,0,no run,0,,,130/3
1047381,1,18,1,Subramaniam Badrinath,Srikkanth Anirudha,S Harish Kumar,1,1,0,run,0,,,131/3
1047381,1,18,2,Srikkanth Anirudha,Subramaniam Badrinath,S Harish Kumar,1,1,0,run,0,,,132/3
1047381,1,18,3,Subramaniam Badrinath,Srikkanth Anirudha,S Harish Kumar,1,1,0,run,0,,,133/3
1047381,1,18,4,Srikkanth Anirudha,Subramaniam Badrinath,S Harish Kumar,6,6,0,six,0,,,139/3
1047381,1,18,5,Srikkanth Anirudha,Subramaniam Badrinath,S Harish Kumar,2,2,0,run,0,,,141/3
1047381,1,18,6,Srikkanth Anirudha,Subramaniam Badrinath,S Harish Kumar,0,0,0,no run,0,,,141/3
1047381,1,19,1,Subramaniam Badrinath,Srikkanth Anirudha,Krishnamoorthy Vignesh,4,4,0,four,0,,,145/3
1047381,1,19,2,Subramaniam Badrinath,Srikkanth Anirudha,Krishnamoorthy Vignesh,0,0,0,no run,0,,,145/3
1047381,1,19,3,Subramaniam Badrinath,Srikkanth Anirudha,Krishnamoorthy Vignesh,4,4,0,four,0,,,149/3
1047381,1,19,4,Subramaniam Badrinath,Srikkanth Anirudha,Krishnamoorthy Vignesh,0,0,0,out,1,caught,Subramaniam Badrinath,149/4
1047381,1,19,5,Srikkanth Anirudha,0,Krishnamoorthy Vignesh,1,1,0,run,0,,,150/4
1047381,1,19,6,R Rajkumar,Srikkanth Anirudha,Krishnamoorthy Vignesh,2,2,0,run,0,,,152/4
1047381,1,20,1,Srikkanth Anirudha,R Rajkumar,M Mohammed,0,0,0,no run,0,,,152/4
1047381,1,20,2,Srikkanth Anirudha,R Rajkumar,M Mohammed,2,0,2,leg bye,0,,,154/4
1047381,1,20,3,Srikkanth Anirudha,R Rajkumar,M Mohammed,1,1,0,run,0,,,155/4
1047381,1,20,4,R Rajkumar,Srikkanth Anirudha,M Mohammed,1,0,1,no ball,0,,,156/4
1047381,1,20,5,R Rajkumar,Srikkanth Anirudha,M Mohammed,1,0,1,leg bye,0,,,157/4
1047381,1,20,6,Srikkanth Anirudha,R Rajkumar,M Mohammed,2,2,0,run,0,,,159/4
1047381,1,20,7,Srikkanth Anirudha,R Rajkumar,M Mohammed,0,0,0,out,1,caught,Srikkanth Anirudha,159/5
1047381,2,1,1,0,0,Shoaib Md Khan,4,4,0,four,0,,,4/0
1047381,2,1,2,0,0,Shoaib Md Khan,0,0,0,no run,0,,,4/0
1047381,2,1,3,0,0,Shoaib Md Khan,0,0,0,no run,0,,,4/0
1047381,2,1,4,0,0,Shoaib Md Khan,1,1,0,run,0,,,5/0
1047381,2,1,5,Laxmesha Suryaprakash,0,Shoaib Md Khan,1,1,0,run,0,,,6/0
1047381,2,1,6,0,Laxmesha Suryaprakash,Shoaib Md Khan,4,4,0,four,0,,,10/0
1047381,2,2,1,Laxmesha Suryaprakash,0,S Mohan Prasath,0,0,0,no run,0,,,10/0
1047381,2,2,2,Laxmesha Suryaprakash,0,S Mohan Prasath,0,0,0,no run,0,,,10/0
1047381,2,2,3,Laxmesha Suryaprakash,0,S Mohan Prasath,0,0,0,no run,0,,,10/0
1047381,2,2,4,Laxmesha Suryaprakash,0,S Mohan Prasath,1,1,0,run,0,,,11/0
1047381,2,2,5,0,Laxmesha Suryaprakash,S Mohan Prasath,1,1,0,run,0,,,12/0
1047381,2,2,6,Laxmesha Suryaprakash,0,S Mohan Prasath,4,4,0,four,0,,,16/0
1047381,2,3,1,0,Laxmesha Suryaprakash,M Suresh Babu,1,1,0,run,0,,,17/0
1047381,2,3,2,Laxmesha Suryaprakash,0,M Suresh Babu,0,0,0,out,1,leg before wicket,Laxmesha Suryaprakash,17/1
1047381,2,3,3,S Tarun Srinivas,0,M Suresh Babu,0,0,0,no run,0,,,17/1
1047381,2,3,4,S Tarun Srinivas,0,M Suresh Babu,1,1,0,run,0,,,18/1
1047381,2,3,5,0,S Tarun Srinivas,M Suresh Babu,0,0,0,no run,0,,,18/1
1047381,2,3,6,0,S Tarun Srinivas,M Suresh Babu,1,1,0,run,0,,,19/1
1047381,2,4,1,0,S Tarun Srinivas,S Mohan Prasath,1,1,0,run,0,,,20/1
1047381,2,4,2,S Tarun Srinivas,0,S Mohan Prasath,1,1,0,run,0,,,21/1
1047381,2,4,3,0,S Tarun Srinivas,S Mohan Prasath,2,2,0,run,0,,,23/1
1047381,2,4,4,0,S Tarun Srinivas,S Mohan Prasath,6,6,0,six,0,,,29/1
1047381,2,4,5,0,S Tarun Srinivas,S Mohan Prasath,0,0,0,no run,0,,,29/1
1047381,2,4,6,0,S Tarun Srinivas,S Mohan Prasath,6,6,0,six,0,,,35/1
1047381,2,5,1,S Tarun Srinivas,0,Chandrasekar Ganapathy,0,0,0,no run,0,,,35/1
1047381,2,5,2,S Tarun Srinivas,0,Chandrasekar Ganapathy,0,0,0,no run,0,,,35/1
1047381,2,5,3,S Tarun Srinivas,0,Chandrasekar Ganapathy,0,0,0,no run,0,,,35/1
1047381,2,5,4,S Tarun Srinivas,0,Chandrasekar Ganapathy,0,0,0,out,1,caught,S Tarun Srinivas,35/2
1047381,2,5,5,0,0,Chandrasekar Ganapathy,0,0,0,no run,0,,,35/2
1047381,2,5,6,0,Ravi Kumar Rohith,Chandrasekar Ganapathy,1,0,1,leg bye,0,,,36/2
1047381,2,6,1,0,Ravi Kumar Rohith,Ramsingh Sonu Yadav,1,0,1,wide,0,,,37/2
1047381,2,6,2,0,Ravi Kumar Rohith,Ramsingh Sonu Yadav,2,2,0,run,0,,,39/2
1047381,2,6,3,0,Ravi Kumar Rohith,Ramsingh Sonu Yadav,0,0,0,out,1,run out,Ravi Kumar Rohith,39/3
1047381,2,6,4,Jamaluddin Syed Mohammad,0,Ramsingh Sonu Yadav,1,1,0,run,0,,,40/3
1047381,2,6,5,0,Jamaluddin Syed Mohammad,Ramsingh Sonu Yadav,1,1,0,run,0,,,41/3
1047381,2,6,6,Jamaluddin Syed Mohammad,0,Ramsingh Sonu Yadav,0,0,0,no run,0,,,41/3
1047381,2,6,7,Jamaluddin Syed Mohammad,0,Ramsingh Sonu Yadav,0,0,0,no run,0,,,41/3
1047381,2,7,1,0,Jamaluddin Syed Mohammad,Shoaib Md Khan,0,0,0,no run,0,,,41/3
1047381,2,7,2,0,Jamaluddin Syed Mohammad,Shoaib Md Khan,1,1,0,run,0,,,42/3
1047381,2,7,3,Jamaluddin Syed Mohammad,0,Shoaib Md Khan,0,0,0,no run,0,,,42/3
1047381,2,7,4,Jamaluddin Syed Mohammad,0,Shoaib Md Khan,4,4,0,four,0,,,46/3
1047381,2,7,5,Jamaluddin Syed Mohammad,0,Shoaib Md Khan,0,0,0,no run,0,,,46/3
1047381,2,7,6,Jamaluddin Syed Mohammad,0,Shoaib Md Khan,0,0,0,no run,0,,,46/3
1047381,2,8,1,0,Jamaluddin Syed Mohammad,R Rajkumar,0,0,0,no run,0,,,46/3
1047381,2,8,2,0,Jamaluddin Syed Mohammad,R Rajkumar,1,1,0,run,0,,,47/3
1047381,2,8,3,Jamaluddin Syed Mohammad,0,R Rajkumar,1,1,0,run,0,,,48/3
1047381,2,8,4,0,Jamaluddin Syed Mohammad,R Rajkumar,1,1,0,run,0,,,49/3
1047381,2,8,5,Jamaluddin Syed Mohammad,0,R Rajkumar,1,1,0,run,0,,,50/3
1047381,2,8,6,0,Jamaluddin Syed Mohammad,R Rajkumar,1,1,0,run,0,,,51/3
1047381,2,9,1,0,Jamaluddin Syed Mohammad,Chandrasekar Ganapathy,0,0,0,no run,0,,,51/3
1047381,2,9,2,0,Jamaluddin Syed Mohammad,Chandrasekar Ganapathy,1,1,0,run,0,,,52/3
1047381,2,9,3,Jamaluddin Syed Mohammad,0,Chandrasekar Ganapathy,0,0,0,no run,0,,,52/3
1047381,2,9,4,Jamaluddin Syed Mohammad,0,Chandrasekar Ganapathy,1,1,0,run,0,,,53/3
1047381,2,9,5,0,Jamaluddin Syed Mohammad,Chandrasekar Ganapathy,0,0,0,no run,0,,,53/3
1047381,2,9,6,0,Jamaluddin Syed Mohammad,Chandrasekar Ganapathy,0,0,0,out,1,,,53/4
1047381,2,10,1,Jamaluddin Syed Mohammad,0,R Rajkumar,1,1,0,run,0,,,54/4
1047381,2,10,2,S Harish Kumar,Jamaluddin Syed Mohammad,R Rajkumar,0,0,0,no run,0,,,54/4
1047381,2,10,3,S Harish Kumar,Jamaluddin Syed Mohammad,R Rajkumar,1,1,0,run,0,,,55/4
1047381,2,10,4,Jamaluddin Syed Mohammad,S Harish Kumar,R Rajkumar,0,0,0,no run,0,,,55/4
1047381,2,10,5,Jamaluddin Syed Mohammad,S Harish Kumar,R Rajkumar,1,1,0,run,0,,,56/4
1047381,2,10,6,S Harish Kumar,Jamaluddin Syed Mohammad,R Rajkumar,1,1,0,run,0,,,57/4
1047381,2,11,1,S Harish Kumar,Jamaluddin Syed Mohammad,Ramsingh Sonu Yadav,1,1,0,run,0,,,58/4
1047381,2,11,2,Jamaluddin Syed Mohammad,S Harish Kumar,Ramsingh Sonu Yadav,0,0,0,out,1,caught,Jamaluddin Syed Mohammad,58/5
1047381,2,11,3,S Harish Kumar,0,Ramsingh Sonu Yadav,0,0,0,no run,0,,,58/5
1047381,2,11,4,S Harish Kumar,0,Ramsingh Sonu Yadav,0,0,0,no run,0,,,58/5
1047381,2,11,5,S Harish Kumar,0,Ramsingh Sonu Yadav,1,1,0,run,0,,,59/5
1047381,2,11,6,Murugesan Kamlesh,S Harish Kumar,Ramsingh Sonu Yadav,0,0,0,no run,0,,,59/5
1047381,2,12,1,S Harish Kumar,Murugesan Kamlesh,R Rajkumar,1,1,0,run,0,,,60/5
1047381,2,12,2,Murugesan Kamlesh,S Harish Kumar,R Rajkumar,0,0,0,no run,0,,,60/5
1047381,2,12,3,Murugesan Kamlesh,S Harish Kumar,R Rajkumar,1,0,1,leg bye,0,,,61/5
1047381,2,12,4,S Harish Kumar,Murugesan Kamlesh,R Rajkumar,1,1,0,run,0,,,62/5
1047381,2,12,5,Murugesan Kamlesh,S Harish Kumar,R Rajkumar,1,1,0,run,0,,,63/5
1047381,2,12,6,S Harish Kumar,Murugesan Kamlesh,R Rajkumar,6,6,0,six,0,,,69/5
1047381,2,13,1,Murugesan Kamlesh,S Harish Kumar,M Suresh Babu,1,1,0,run,0,,,70/5
1047381,2,13,2,S Harish Kumar,Murugesan Kamlesh,M Suresh Babu,0,0,0,no run,0,,,70/5
1047381,2,13,3,S Harish Kumar,Murugesan Kamlesh,M Suresh Babu,1,1,0,run,0,,,71/5
1047381,2,13,4,Murugesan Kamlesh,S Harish Kumar,M Suresh Babu,1,1,0,run,0,,,72/5
1047381,2,13,5,S Harish Kumar,Murugesan Kamlesh,M Suresh Babu,6,6,0,six,0,,,78/5
1047381,2,13,6,S Harish Kumar,Murugesan Kamlesh,M Suresh Babu,1,1,0,run,0,,,79/5
1047381,2,14,1,S Harish Kumar,Murugesan Kamlesh,Ramsingh Sonu Yadav,0,0,0,out,1,caught,S Harish Kumar,79/6
1047381,2,14,2,Murugesan Kamlesh,0,Ramsingh Sonu Yadav,0,0,0,no run,0,,,79/6
1047381,2,14,3,Murugesan Kamlesh,0,Ramsingh Sonu Yadav,1,1,0,run,0,,,80/6
1047381,2,14,4,Moovervnthali Kasipandian Sivakumar,Murugesan Kamlesh,Ramsingh Sonu Yadav,0,0,0,no run,0,,,80/6
1047381,2,14,5,Moovervnthali Kasipandian Sivakumar,Murugesan Kamlesh,Ramsingh Sonu Yadav,1,1,0,run,0,,,81/6
1047381,2,14,6,Murugesan Kamlesh,Moovervnthali Kasipandian Sivakumar,Ramsingh Sonu Yadav,2,2,0,run,0,,,83/6
1047381,2,15,1,Moovervnthali Kasipandian Sivakumar,Murugesan Kamlesh,S Mohan Prasath,1,1,0,run,0,,,84/6
1047381,2,15,2,Murugesan Kamlesh,Moovervnthali Kasipandian Sivakumar,S Mohan Prasath,1,1,0,run,0,,,85/6
1047381,2,15,3,Moovervnthali Kasipandian Sivakumar,Murugesan Kamlesh,S Mohan Prasath,1,1,0,run,0,,,86/6
1047381,2,15,4,Murugesan Kamlesh,Moovervnthali Kasipandian Sivakumar,S Mohan Prasath,1,1,0,run,0,,,87/6
1047381,2,15,5,Moovervnthali Kasipandian Sivakumar,Murugesan Kamlesh,S Mohan Prasath,1,1,0,run,0,,,88/6
1047381,2,15,6,Murugesan Kamlesh,Moovervnthali Kasipandian Sivakumar,S Mohan Prasath,1,1,0,run,0,,,89/6
1047381,2,16,1,Murugesan Kamlesh,Moovervnthali Kasipandian Sivakumar,Ramsingh Sonu Yadav,0,0,0,out,1,caught,Murugesan Kamlesh,89/7
1047381,2,16,2,M Mohammed,Moovervnthali Kasipandian Sivakumar,Ramsingh Sonu Yadav,1,0,1,wide,0,,,90/7
1047381,2,16,3,M Mohammed,Moovervnthali Kasipandian Sivakumar,Ramsingh Sonu Yadav,6,6,0,six,0,,,96/7
1047381,2,16,4,M Mohammed,Moovervnthali Kasipandian Sivakumar,Ramsingh Sonu Yadav,0,0,0,no run,0,,,96/7
1047381,2,16,5,M Mohammed,Moovervnthali Kasipandian Sivakumar,Ramsingh Sonu Yadav,0,0,0,out,1,caught,M Mohammed,96/8
1047381,2,16,6,Moovervnthali Kasipandian Sivakumar,0,Ramsingh Sonu Yadav,4,4,0,four,0,,,100/8
1047381,2,16,7,Moovervnthali Kasipandian Sivakumar, Sriram Ajith Ram,Ramsingh Sonu Yadav,0,0,0,no run,0,,,100/8
1047381,2,17,1, Sriram Ajith Ram,Moovervnthali Kasipandian Sivakumar,S Mohan Prasath,0,0,0,no run,0,,,100/8
1047381,2,17,2, Sriram Ajith Ram,Moovervnthali Kasipandian Sivakumar,S Mohan Prasath,1,1,0,run,0,,,101/8
1047381,2,17,3,Moovervnthali Kasipandian Sivakumar, Sriram Ajith Ram,S Mohan Prasath,0,0,0,out,1,bowled,Moovervnthali Kasipandian Sivakumar,101/9
1047381,2,17,4,Krishnamoorthy Vignesh, Sriram Ajith Ram,S Mohan Prasath,0,0,0,no run,0,,,101/9
1047381,2,17,5,Krishnamoorthy Vignesh, Sriram Ajith Ram,S Mohan Prasath,1,1,0,run,0,,,102/9
1047381,2,17,6, Sriram Ajith Ram,Krishnamoorthy Vignesh,S Mohan Prasath,1,1,0,run,0,,,103/9
1047381,2,18,1, Sriram Ajith Ram,Krishnamoorthy Vignesh,Chandrasekar Ganapathy,0,0,0,no run,0,,,103/9
1047381,2,18,2, Sriram Ajith Ram,Krishnamoorthy Vignesh,Chandrasekar Ganapathy,0,0,0,no run,0,,,103/9
1047381,2,18,3, Sriram Ajith Ram,Krishnamoorthy Vignesh,Chandrasekar Ganapathy,0,0,0,no run,0,,,103/9
1047381,2,18,4, Sriram Ajith Ram,Krishnamoorthy Vignesh,Chandrasekar Ganapathy,0,0,0,no run,0,,,103/9
1047381,2,18,5, Sriram Ajith Ram,Krishnamoorthy Vignesh,Chandrasekar Ganapathy,6,6,0,six,0,,,109/9
1047381,2,18,6, Sriram Ajith Ram,Krishnamoorthy Vignesh,Chandrasekar Ganapathy,0,0,0,no run,0,,,109/9
1047381,2,19,1,Krishnamoorthy Vignesh, Sriram Ajith Ram,R Rajkumar,1,1,0,run,0,,,110/9
1047381,2,19,2, Sriram Ajith Ram,Krishnamoorthy Vignesh,R Rajkumar,1,1,0,run,0,,,111/9
1047381,2,19,3,Krishnamoorthy Vignesh, Sriram Ajith Ram,R Rajkumar,0,0,0,no run,0,,,111/9
1047381,2,19,4,Krishnamoorthy Vignesh, Sriram Ajith Ram,R Rajkumar,4,4,0,four,0,,,115/9
1047381,2,19,5,Krishnamoorthy Vignesh, Sriram Ajith Ram,R Rajkumar,1,1,0,run,0,,,116/9
1047381,2,19,6, Sriram Ajith Ram,Krishnamoorthy Vignesh,R Rajkumar,1,1,0,run,0,,,117/9
1047381,2,20,1, Sriram Ajith Ram,Krishnamoorthy Vignesh,Chandrasekar Ganapathy,0,0,0,no run,0,,,117/9
1047381,2,20,2, Sriram Ajith Ram,Krishnamoorthy Vignesh,Chandrasekar Ganapathy,1,1,0,run,0,,,118/9
1047381,2,20,3,Krishnamoorthy Vignesh, Sriram Ajith Ram,Chandrasekar Ganapathy,1,1,0,run,0,,,119/9
1047381,2,20,4, Sriram Ajith Ram,Krishnamoorthy Vignesh,Chandrasekar Ganapathy,1,1,0,run,0,,,120/9
1047381,2,20,5,Krishnamoorthy Vignesh, Sriram Ajith Ram,Chandrasekar Ganapathy,1,1,0,run,0,,,121/9
1047381,2,20,6, Sriram Ajith Ram,Krishnamoorthy Vignesh,Chandrasekar Ganapathy,1,0,1,wide,0,,,122/9
1047381,2,20,7, Sriram Ajith Ram,Krishnamoorthy Vignesh,Chandrasekar Ganapathy,1,1,0,run,0,,,123/9
1047383,1,1,1,Hari Gopinath,0,SV Muruganantham,0,0,0,no run,0,,,0/0
1047383,1,1,2,Hari Gopinath,0,SV Muruganantham,0,0,0,no run,0,,,0/0
1047383,1,1,3,Hari Gopinath,0,SV Muruganantham,1,1,0,run,0,,,1/0
1047383,1,1,4,Xavier Thalaivan Sargunam,Hari Gopinath,SV Muruganantham,4,4,0,four,0,,,5/0
1047383,1,1,5,Xavier Thalaivan Sargunam,Hari Gopinath,SV Muruganantham,1,1,0,run,0,,,6/0
1047383,1,1,6,Hari Gopinath,Xavier Thalaivan Sargunam,SV Muruganantham,1,1,0,run,0,,,7/0
1047383,1,2,1,Hari Gopinath,Xavier Thalaivan Sargunam,M Raja,0,0,0,no run,0,,,7/0
1047383,1,2,2,Hari Gopinath,Xavier Thalaivan Sargunam,M Raja,0,0,0,no run,0,,,7/0
1047383,1,2,3,Hari Gopinath,Xavier Thalaivan Sargunam,M Raja,0,0,0,no run,0,,,7/0
1047383,1,2,4,Hari Gopinath,Xavier Thalaivan Sargunam,M Raja,4,4,0,four,0,,,11/0
1047383,1,2,5,Hari Gopinath,Xavier Thalaivan Sargunam,M Raja,0,0,0,no run,0,,,11/0
1047383,1,2,6,Hari Gopinath,Xavier Thalaivan Sargunam,M Raja,0,0,0,out,1,caught,Hari Gopinath,11/1
1047383,1,3,1,Xavier Thalaivan Sargunam,0,SV Muruganantham,1,1,0,run,0,,,12/1
1047383,1,3,2,Jothimani Gowjith Subhash,Xavier Thalaivan Sargunam,SV Muruganantham,0,0,0,no run,0,,,12/1
1047383,1,3,3,Jothimani Gowjith Subhash,Xavier Thalaivan Sargunam,SV Muruganantham,0,0,0,no run,0,,,12/1
1047383,1,3,4,Jothimani Gowjith Subhash,Xavier Thalaivan Sargunam,SV Muruganantham,0,0,0,no run,0,,,12/1
1047383,1,3,5,Jothimani Gowjith Subhash,Xavier Thalaivan Sargunam,SV Muruganantham,0,0,0,no run,0,,,12/1
1047383,1,3,6,Jothimani Gowjith Subhash,Xavier Thalaivan Sargunam,SV Muruganantham,1,1,0,run,0,,,13/1
1047383,1,4,1,Jothimani Gowjith Subhash,Xavier Thalaivan Sargunam,M Raja,1,1,0,run,0,,,14/1
1047383,1,4,2,Xavier Thalaivan Sargunam,Jothimani Gowjith Subhash,M Raja,4,4,0,four,0,,,18/1
1047383,1,4,3,Xavier Thalaivan Sargunam,Jothimani Gowjith Subhash,M Raja,0,0,0,no run,0,,,18/1
1047383,1,4,4,Xavier Thalaivan Sargunam,Jothimani Gowjith Subhash,M Raja,0,0,0,no run,0,,,18/1
1047383,1,4,5,Xavier Thalaivan Sargunam,Jothimani Gowjith Subhash,M Raja,4,4,0,four,0,,,22/1
1047383,1,4,6,Xavier Thalaivan Sargunam,Jothimani Gowjith Subhash,M Raja,0,0,0,no run,0,,,22/1
1047383,1,5,1,Jothimani Gowjith Subhash,Xavier Thalaivan Sargunam,SV Muruganantham,0,0,0,no run,0,,,22/1
1047383,1,5,2,Jothimani Gowjith Subhash,Xavier Thalaivan Sargunam,SV Muruganantham,0,0,0,out,1,bowled,Jothimani Gowjith Subhash,22/2
1047383,1,5,3,Sathiamoorty Vasanth Saravanan,Xavier Thalaivan Sargunam,SV Muruganantham,0,0,0,no run,0,,,22/2
1047383,1,5,4,Sathiamoorty Vasanth Saravanan,Xavier Thalaivan Sargunam,SV Muruganantham,0,0,0,no run,0,,,22/2
1047383,1,5,5,Sathiamoorty Vasanth Saravanan,Xavier Thalaivan Sargunam,SV Muruganantham,1,1,0,run,0,,,23/2
1047383,1,5,6,Xavier Thalaivan Sargunam,Sathiamoorty Vasanth Saravanan,SV Muruganantham,0,0,0,no run,0,,,23/2
1047383,1,6,1,Sathiamoorty Vasanth Saravanan,Xavier Thalaivan Sargunam,M Raja,4,4,0,four,0,,,27/2
1047383,1,6,2,Sathiamoorty Vasanth Saravanan,Xavier Thalaivan Sargunam,M Raja,4,4,0,four,0,,,31/2
1047383,1,6,3,Sathiamoorty Vasanth Saravanan,Xavier Thalaivan Sargunam,M Raja,2,2,0,run,0,,,33/2
1047383,1,6,4,Sathiamoorty Vasanth Saravanan,Xavier Thalaivan Sargunam,M Raja,0,0,0,no run,0,,,33/2
1047383,1,6,5,Sathiamoorty Vasanth Saravanan,Xavier Thalaivan Sargunam,M Raja,4,4,0,four,0,,,37/2
1047383,1,6,6,Sathiamoorty Vasanth Saravanan,Xavier Thalaivan Sargunam,M Raja,0,0,0,no run,0,,,37/2
1047383,1,7,1,Xavier Thalaivan Sargunam,Sathiamoorty Vasanth Saravanan,Edward Kennedy,1,1,0,run,0,,,38/2
1047383,1,7,2,Sathiamoorty Vasanth Saravanan,Xavier Thalaivan Sargunam,Edward Kennedy,0,0,0,no run,0,,,38/2
1047383,1,7,3,Sathiamoorty Vasanth Saravanan,Xavier Thalaivan Sargunam,Edward Kennedy,0,0,0,no run,0,,,38/2
1047383,1,7,4,Sathiamoorty Vasanth Saravanan,Xavier Thalaivan Sargunam,Edward Kennedy,1,1,0,run,0,,,39/2
1047383,1,7,5,Xavier Thalaivan Sargunam,Sathiamoorty Vasanth Saravanan,Edward Kennedy,1,1,0,run,0,,,40/2
1047383,1,7,6,Sathiamoorty Vasanth Saravanan,Xavier Thalaivan Sargunam,Edward Kennedy,1,1,0,run,0,,,41/2
1047383,1,8,1,Sathiamoorty Vasanth Saravanan,Xavier Thalaivan Sargunam,Palani Amarnath,0,0,0,no run,0,,,41/2
1047383,1,8,2,Sathiamoorty Vasanth Saravanan,Xavier Thalaivan Sargunam,Palani Amarnath,1,1,0,run,0,,,42/2
1047383,1,8,3,Xavier Thalaivan Sargunam,Sathiamoorty Vasanth Saravanan,Palani Amarnath,4,4,0,four,0,,,46/2
1047383,1,8,4,Xavier Thalaivan Sargunam,Sathiamoorty Vasanth Saravanan,Palani Amarnath,0,0,0,no run,0,,,46/2
1047383,1,8,5,Xavier Thalaivan Sargunam,Sathiamoorty Vasanth Saravanan,Palani Amarnath,6,6,0,six,0,,,52/2
1047383,1,8,6,Xavier Thalaivan Sargunam,Sathiamoorty Vasanth Saravanan,Palani Amarnath,1,1,0,run,0,,,53/2
1047383,1,9,1,Xavier Thalaivan Sargunam,Sathiamoorty Vasanth Saravanan,Edward Kennedy,0,0,0,no run,0,,,53/2
1047383,1,9,2,Xavier Thalaivan Sargunam,Sathiamoorty Vasanth Saravanan,Edward Kennedy,0,0,0,no run,0,,,53/2
1047383,1,9,3,Xavier Thalaivan Sargunam,Sathiamoorty Vasanth Saravanan,Edward Kennedy,1,1,0,run,0,,,54/2
1047383,1,9,4,Sathiamoorty Vasanth Saravanan,Xavier Thalaivan Sargunam,Edward Kennedy,0,0,0,no run,0,,,54/2
1047383,1,9,5,Sathiamoorty Vasanth Saravanan,Xavier Thalaivan Sargunam,Edward Kennedy,1,1,0,run,0,,,55/2
1047383,1,9,6,Xavier Thalaivan Sargunam,Sathiamoorty Vasanth Saravanan,Edward Kennedy,1,1,0,run,0,,,56/2
1047383,1,10,1,Xavier Thalaivan Sargunam,Sathiamoorty Vasanth Saravanan,Palani Amarnath,6,6,0,six,0,,,62/2
1047383,1,10,2,Xavier Thalaivan Sargunam,Sathiamoorty Vasanth Saravanan,Palani Amarnath,0,0,0,no run,0,,,62/2
1047383,1,10,3,Xavier Thalaivan Sargunam,Sathiamoorty Vasanth Saravanan,Palani Amarnath,4,4,0,four,0,,,66/2
1047383,1,10,4,Xavier Thalaivan Sargunam,Sathiamoorty Vasanth Saravanan,Palani Amarnath,1,1,0,run,0,,,67/2
1047383,1,10,5,Sathiamoorty Vasanth Saravanan,Xavier Thalaivan Sargunam,Palani Amarnath,0,0,0,no run,0,,,67/2
1047383,1,10,6,Sathiamoorty Vasanth Saravanan,Xavier Thalaivan Sargunam,Palani Amarnath,2,2,0,run,0,,,69/2
1047383,1,11,1,Xavier Thalaivan Sargunam,Sathiamoorty Vasanth Saravanan,Edward Kennedy,1,1,0,run,0,,,70/2
1047383,1,11,2,Sathiamoorty Vasanth Saravanan,Xavier Thalaivan Sargunam,Edward Kennedy,0,0,0,no run,0,,,70/2
1047383,1,11,3,Sathiamoorty Vasanth Saravanan,Xavier Thalaivan Sargunam,Edward Kennedy,1,0,1,wide,0,,,71/2
1047383,1,11,4,Sathiamoorty Vasanth Saravanan,Xavier Thalaivan Sargunam,Edward Kennedy,1,1,0,run,0,,,72/2
1047383,1,11,5,Xavier Thalaivan Sargunam,Sathiamoorty Vasanth Saravanan,Edward Kennedy,0,0,0,no run,0,,,72/2
1047383,1,11,6,Xavier Thalaivan Sargunam,Sathiamoorty Vasanth Saravanan,Edward Kennedy,1,1,0,run,0,,,73/2
1047383,1,11,7,Sathiamoorty Vasanth Saravanan,Xavier Thalaivan Sargunam,Edward Kennedy,1,1,0,run,0,,,74/2
1047383,1,12,1,Sathiamoorty Vasanth Saravanan,Xavier Thalaivan Sargunam,Maan K Bafna,1,1,0,run,0,,,75/2
1047383,1,12,2,Xavier Thalaivan Sargunam,Sathiamoorty Vasanth Saravanan,Maan K Bafna,1,1,0,run,0,,,76/2
1047383,1,12,3,Sathiamoorty Vasanth Saravanan,Xavier Thalaivan Sargunam,Maan K Bafna,1,1,0,run,0,,,77/2
1047383,1,12,4,Xavier Thalaivan Sargunam,Sathiamoorty Vasanth Saravanan,Maan K Bafna,1,1,0,run,0,,,78/2
1047383,1,12,5,Sathiamoorty Vasanth Saravanan,Xavier Thalaivan Sargunam,Maan K Bafna,6,6,0,six,0,,,84/2
1047383,1,12,6,Sathiamoorty Vasanth Saravanan,Xavier Thalaivan Sargunam,Maan K Bafna,1,1,0,run,0,,,85/2
1047383,1,13,1,Sathiamoorty Vasanth Saravanan,Xavier Thalaivan Sargunam,Ganapathi Vignesh,1,1,0,run,0,,,86/2
1047383,1,13,2,Xavier Thalaivan Sargunam,Sathiamoorty Vasanth Saravanan,Ganapathi Vignesh,1,1,0,run,0,,,87/2
1047383,1,13,3,Sathiamoorty Vasanth Saravanan,Xavier Thalaivan Sargunam,Ganapathi Vignesh,0,0,0,out,1,caught,Sathiamoorty Vasanth Saravanan,87/3
1047383,1,13,4,Xavier Thalaivan Sargunam,0,Ganapathi Vignesh,1,1,0,run,0,,,88/3
1047383,1,13,5,Rajagopal Sathish,Xavier Thalaivan Sargunam,Ganapathi Vignesh,1,1,0,run,0,,,89/3
1047383,1,13,6,Xavier Thalaivan Sargunam,Rajagopal Sathish,Ganapathi Vignesh,0,0,0,no run,0,,,89/3
1047383,1,14,1,Rajagopal Sathish,Xavier Thalaivan Sargunam,Edward Kennedy,0,0,0,no run,0,,,89/3
1047383,1,14,2,Rajagopal Sathish,Xavier Thalaivan Sargunam,Edward Kennedy,1,1,0,run,0,,,90/3
1047383,1,14,3,Xavier Thalaivan Sargunam,Rajagopal Sathish,Edward Kennedy,1,1,0,run,0,,,91/3
1047383,1,14,4,Rajagopal Sathish,Xavier Thalaivan Sargunam,Edward Kennedy,2,2,0,run,0,,,93/3
1047383,1,14,5,Rajagopal Sathish,Xavier Thalaivan Sargunam,Edward Kennedy,1,1,0,run,0,,,94/3
1047383,1,14,6,Xavier Thalaivan Sargunam,Rajagopal Sathish,Edward Kennedy,1,1,0,run,0,,,95/3
1047383,1,15,1,Xavier Thalaivan Sargunam,Rajagopal Sathish,Ganapathi Vignesh,1,1,0,run,0,,,96/3
1047383,1,15,2,Rajagopal Sathish,Xavier Thalaivan Sargunam,Ganapathi Vignesh,1,1,0,run,0,,,97/3
1047383,1,15,3,Xavier Thalaivan Sargunam,Rajagopal Sathish,Ganapathi Vignesh,1,1,0,run,0,,,98/3
1047383,1,15,4,Rajagopal Sathish,Xavier Thalaivan Sargunam,Ganapathi Vignesh,1,1,0,run,0,,,99/3
1047383,1,15,5,Xavier Thalaivan Sargunam,Rajagopal Sathish,Ganapathi Vignesh,1,1,0,run,0,,,100/3
1047383,1,15,6,Rajagopal Sathish,Xavier Thalaivan Sargunam,Ganapathi Vignesh,1,1,0,run,0,,,101/3
1047383,1,16,1,Rajagopal Sathish,Xavier Thalaivan Sargunam,SV Muruganantham,0,0,0,no run,0,,,101/3
1047383,1,16,2,Rajagopal Sathish,Xavier Thalaivan Sargunam,SV Muruganantham,1,1,0,run,0,,,102/3
1047383,1,16,3,Xavier Thalaivan Sargunam,Rajagopal Sathish,SV Muruganantham,0,0,0,no run,0,,,102/3
1047383,1,16,4,Xavier Thalaivan Sargunam,Rajagopal Sathish,SV Muruganantham,1,1,0,run,0,,,103/3
1047383,1,16,5,Rajagopal Sathish,Xavier Thalaivan Sargunam,SV Muruganantham,1,1,0,run,0,,,104/3
1047383,1,16,6,Xavier Thalaivan Sargunam,Rajagopal Sathish,SV Muruganantham,0,0,0,no run,0,,,104/3
1047383,1,17,1,Rajagopal Sathish,Xavier Thalaivan Sargunam,Maan K Bafna,1,1,0,run,0,,,105/3
1047383,1,17,2,Xavier Thalaivan Sargunam,Rajagopal Sathish,Maan K Bafna,6,6,0,six,0,,,111/3
1047383,1,17,3,Xavier Thalaivan Sargunam,Rajagopal Sathish,Maan K Bafna,1,1,0,run,0,,,112/3
1047383,1,17,4,Rajagopal Sathish,Xavier Thalaivan Sargunam,Maan K Bafna,1,1,0,run,0,,,113/3
1047383,1,17,5,Xavier Thalaivan Sargunam,Rajagopal Sathish,Maan K Bafna,4,4,0,four,0,,,117/3
1047383,1,17,6,Xavier Thalaivan Sargunam,Rajagopal Sathish,Maan K Bafna,2,0,2,wide,0,,,119/3
1047383,1,17,7,Rajagopal Sathish,Xavier Thalaivan Sargunam,Maan K Bafna,1,1,0,run,0,,,120/3
1047383,1,18,1,Rajagopal Sathish,Xavier Thalaivan Sargunam,M Raja,6,6,0,six,0,,,126/3
1047383,1,18,2,Rajagopal Sathish,Xavier Thalaivan Sargunam,M Raja,4,4,0,four,0,,,130/3
1047383,1,18,3,Rajagopal Sathish,Xavier Thalaivan Sargunam,M Raja,1,1,0,run,0,,,131/3
1047383,1,18,4,Xavier Thalaivan Sargunam,Rajagopal Sathish,M Raja,6,6,0,six,0,,,137/3
1047383,1,18,5,Xavier Thalaivan Sargunam,Rajagopal Sathish,M Raja,4,4,0,four,0,,,141/3
1047383,1,18,6,Xavier Thalaivan Sargunam,Rajagopal Sathish,M Raja,0,0,0,no run,0,,,141/3
1047383,1,19,1,Rajagopal Sathish,Xavier Thalaivan Sargunam,Ganapathi Vignesh,4,4,0,four,0,,,145/3
1047383,1,19,2,Rajagopal Sathish,Xavier Thalaivan Sargunam,Ganapathi Vignesh,6,6,0,six,0,,,151/3
1047383,1,19,3,Rajagopal Sathish,Xavier Thalaivan Sargunam,Ganapathi Vignesh,6,6,0,six,0,,,157/3
1047383,1,19,4,Rajagopal Sathish,Xavier Thalaivan Sargunam,Ganapathi Vignesh,1,1,0,run,0,,,158/3
1047383,1,19,5,Xavier Thalaivan Sargunam,Rajagopal Sathish,Ganapathi Vignesh,0,0,0,out,1,caught,Xavier Thalaivan Sargunam,158/4
1047383,1,19,6,Rajagopal Sathish,Wenseslaus Antony Dhas,Ganapathi Vignesh,1,1,0,run,0,,,159/4
1047383,1,20,1,Rajagopal Sathish,Wenseslaus Antony Dhas,Maan K Bafna,6,6,0,six,0,,,165/4
1047383,1,20,2,Rajagopal Sathish,Wenseslaus Antony Dhas,Maan K Bafna,6,6,0,six,0,,,171/4
1047383,1,20,3,Rajagopal Sathish,Wenseslaus Antony Dhas,Maan K Bafna,1,1,0,run,0,,,172/4
1047383,1,20,4,Wenseslaus Antony Dhas,Rajagopal Sathish,Maan K Bafna,0,0,0,out,1,caught,Wenseslaus Antony Dhas,172/5
1047383,1,20,5,Rajagopal Sathish,0,Maan K Bafna,4,0,4,bye,0,,,176/5
1047383,1,20,6,Rajagopal Sathish,Uthirasamy Sasidev,Maan K Bafna,2,2,0,run,0,,,178/5
1047383,2,1,1,Konda Bhaskir Arun Karthik,0,Rajagopal Sathish,1,1,0,run,0,,,1/0
1047383,2,1,2,Ganapathi Vignesh,Konda Bhaskir Arun Karthik,Rajagopal Sathish,0,0,0,no run,0,,,1/0
1047383,2,1,3,Ganapathi Vignesh,Konda Bhaskir Arun Karthik,Rajagopal Sathish,0,0,0,no run,0,,,1/0
1047383,2,1,4,Ganapathi Vignesh,Konda Bhaskir Arun Karthik,Rajagopal Sathish,1,1,0,run,0,,,2/0
1047383,2,1,5,Konda Bhaskir Arun Karthik,Ganapathi Vignesh,Rajagopal Sathish,4,4,0,four,0,,,6/0
1047383,2,1,6,Konda Bhaskir Arun Karthik,Ganapathi Vignesh,Rajagopal Sathish,1,1,0,run,0,,,7/0
1047383,2,2,1,Konda Bhaskir Arun Karthik,Ganapathi Vignesh,Ramadoss Alexander,1,1,0,run,0,,,8/0
1047383,2,2,2,Ganapathi Vignesh,Konda Bhaskir Arun Karthik,Ramadoss Alexander,1,1,0,run,0,,,9/0
1047383,2,2,3,Konda Bhaskir Arun Karthik,Ganapathi Vignesh,Ramadoss Alexander,1,1,0,run,0,,,10/0
1047383,2,2,4,Ganapathi Vignesh,Konda Bhaskir Arun Karthik,Ramadoss Alexander,0,0,0,no run,0,,,10/0
1047383,2,2,5,Ganapathi Vignesh,Konda Bhaskir Arun Karthik,Ramadoss Alexander,0,0,0,no run,0,,,10/0
1047383,2,2,6,Ganapathi Vignesh,Konda Bhaskir Arun Karthik,Ramadoss Alexander,0,0,0,no run,0,,,10/0
1047383,2,3,1,Konda Bhaskir Arun Karthik,Ganapathi Vignesh,Rajagopal Sathish,6,6,0,six,0,,,16/0
1047383,2,3,2,Konda Bhaskir Arun Karthik,Ganapathi Vignesh,Rajagopal Sathish,1,1,0,run,0,,,17/0
1047383,2,3,3,Ganapathi Vignesh,Konda Bhaskir Arun Karthik,Rajagopal Sathish,1,1,0,run,0,,,18/0
1047383,2,3,4,Konda Bhaskir Arun Karthik,Ganapathi Vignesh,Rajagopal Sathish,1,1,0,run,0,,,19/0
1047383,2,3,5,Ganapathi Vignesh,Konda Bhaskir Arun Karthik,Rajagopal Sathish,0,0,0,no run,0,,,19/0
1047383,2,3,6,Ganapathi Vignesh,Konda Bhaskir Arun Karthik,Rajagopal Sathish,1,1,0,run,0,,,20/0
1047383,2,4,1,Ganapathi Vignesh,Konda Bhaskir Arun Karthik,Ramadoss Alexander,4,4,0,four,0,,,24/0
1047383,2,4,2,Ganapathi Vignesh,Konda Bhaskir Arun Karthik,Ramadoss Alexander,4,4,0,four,0,,,28/0
1047383,2,4,3,Ganapathi Vignesh,Konda Bhaskir Arun Karthik,Ramadoss Alexander,1,1,0,run,0,,,29/0
1047383,2,4,4,Konda Bhaskir Arun Karthik,Ganapathi Vignesh,Ramadoss Alexander,0,0,0,no run,0,,,29/0
1047383,2,4,5,Konda Bhaskir Arun Karthik,Ganapathi Vignesh,Ramadoss Alexander,4,4,0,four,0,,,33/0
1047383,2,4,6,Konda Bhaskir Arun Karthik,Ganapathi Vignesh,Ramadoss Alexander,1,1,0,run,0,,,34/0
1047383,2,5,1,Konda Bhaskir Arun Karthik,Ganapathi Vignesh,Rajagopal Sathish,1,1,0,run,0,,,35/0
1047383,2,5,2,Ganapathi Vignesh,Konda Bhaskir Arun Karthik,Rajagopal Sathish,2,0,2,wide,0,,,37/0
1047383,2,5,3,Konda Bhaskir Arun Karthik,Ganapathi Vignesh,Rajagopal Sathish,1,1,0,run,0,,,38/0
1047383,2,5,4,Ganapathi Vignesh,Konda Bhaskir Arun Karthik,Rajagopal Sathish,1,0,1,wide,0,,,39/0
1047383,2,5,5,Ganapathi Vignesh,Konda Bhaskir Arun Karthik,Rajagopal Sathish,1,1,0,run,0,,,40/0
1047383,2,5,6,Konda Bhaskir Arun Karthik,Ganapathi Vignesh,Rajagopal Sathish,1,1,0,run,0,,,41/0
1047383,2,5,7,Ganapathi Vignesh,Konda Bhaskir Arun Karthik,Rajagopal Sathish,1,1,0,run,0,,,42/0
1047383,2,5,8,Konda Bhaskir Arun Karthik,Ganapathi Vignesh,Rajagopal Sathish,1,1,0,run,0,,,43/0
1047383,2,6,1,Konda Bhaskir Arun Karthik,Ganapathi Vignesh,Ravisrinivasan Sai Kishore,1,1,0,run,0,,,44/0
1047383,2,6,2,Ganapathi Vignesh,Konda Bhaskir Arun Karthik,Ravisrinivasan Sai Kishore,0,0,0,out,1,caught,Ganapathi Vignesh,44/1
1047383,2,6,3,Poovathinga Shijit Chandran,Konda Bhaskir Arun Karthik,Ravisrinivasan Sai Kishore,1,1,0,run,0,,,45/1
1047383,2,6,4,Konda Bhaskir Arun Karthik,Poovathinga Shijit Chandran,Ravisrinivasan Sai Kishore,0,0,0,no run,0,,,45/1
1047383,2,6,5,Konda Bhaskir Arun Karthik,Poovathinga Shijit Chandran,Ravisrinivasan Sai Kishore,1,1,0,run,0,,,46/1
1047383,2,6,6,Poovathinga Shijit Chandran,Konda Bhaskir Arun Karthik,Ravisrinivasan Sai Kishore,1,1,0,run,0,,,47/1
1047383,2,7,1,Poovathinga Shijit Chandran,Konda Bhaskir Arun Karthik,Dakshinamoorthy Tamil Kumaran,2,2,0,run,0,,,49/1
1047383,2,7,2,Poovathinga Shijit Chandran,Konda Bhaskir Arun Karthik,Dakshinamoorthy Tamil Kumaran,0,0,0,no run,0,,,49/1
1047383,2,7,3,Poovathinga Shijit Chandran,Konda Bhaskir Arun Karthik,Dakshinamoorthy Tamil Kumaran,1,1,0,run,0,,,50/1
1047383,2,7,4,Konda Bhaskir Arun Karthik,Poovathinga Shijit Chandran,Dakshinamoorthy Tamil Kumaran,0,0,0,no run,0,,,50/1
1047383,2,7,5,Konda Bhaskir Arun Karthik,Poovathinga Shijit Chandran,Dakshinamoorthy Tamil Kumaran,1,1,0,run,0,,,51/1
1047383,2,7,6,Poovathinga Shijit Chandran,Konda Bhaskir Arun Karthik,Dakshinamoorthy Tamil Kumaran,1,1,0,run,0,,,52/1
1047383,2,8,1,Poovathinga Shijit Chandran,Konda Bhaskir Arun Karthik,Ravisrinivasan Sai Kishore,1,1,0,run,0,,,53/1
1047383,2,8,2,Konda Bhaskir Arun Karthik,Poovathinga Shijit Chandran,Ravisrinivasan Sai Kishore,1,1,0,run,0,,,54/1
1047383,2,8,3,Poovathinga Shijit Chandran,Konda Bhaskir Arun Karthik,Ravisrinivasan Sai Kishore,0,0,0,no run,0,,,54/1
1047383,2,8,4,Poovathinga Shijit Chandran,Konda Bhaskir Arun Karthik,Ravisrinivasan Sai Kishore,0,0,0,no run,0,,,54/1
1047383,2,8,5,Poovathinga Shijit Chandran,Konda Bhaskir Arun Karthik,Ravisrinivasan Sai Kishore,1,1,0,run,0,,,55/1
1047383,2,8,6,Konda Bhaskir Arun Karthik,Poovathinga Shijit Chandran,Ravisrinivasan Sai Kishore,0,0,0,no run,0,,,55/1
1047383,2,9,1,Poovathinga Shijit Chandran,Konda Bhaskir Arun Karthik,Dakshinamoorthy Tamil Kumaran,0,0,0,out,1,caught,Poovathinga Shijit Chandran,55/2
1047383,2,9,2,Selvam Suresh Kumar,Konda Bhaskir Arun Karthik,Dakshinamoorthy Tamil Kumaran,4,4,0,four,0,,,59/2
1047383,2,9,3,Selvam Suresh Kumar,Konda Bhaskir Arun Karthik,Dakshinamoorthy Tamil Kumaran,1,1,0,run,0,,,60/2
1047383,2,9,4,Konda Bhaskir Arun Karthik,Selvam Suresh Kumar,Dakshinamoorthy Tamil Kumaran,2,2,0,run,0,,,62/2
1047383,2,9,5,Konda Bhaskir Arun Karthik,Selvam Suresh Kumar,Dakshinamoorthy Tamil Kumaran,1,1,0,run,0,,,63/2
1047383,2,9,6,Selvam Suresh Kumar,Konda Bhaskir Arun Karthik,Dakshinamoorthy Tamil Kumaran,4,4,0,four,0,,,67/2
1047383,2,10,1,Konda Bhaskir Arun Karthik,Selvam Suresh Kumar,Ramadoss Alexander,0,0,0,no run,0,,,67/2
1047383,2,10,2,Konda Bhaskir Arun Karthik,Selvam Suresh Kumar,Ramadoss Alexander,1,1,0,run,0,,,68/2
1047383,2,10,3,Selvam Suresh Kumar,Konda Bhaskir Arun Karthik,Ramadoss Alexander,1,1,0,run,0,,,69/2
1047383,2,10,4,Konda Bhaskir Arun Karthik,Selvam Suresh Kumar,Ramadoss Alexander,1,1,0,run,0,,,70/2
1047383,2,10,5,Selvam Suresh Kumar,Konda Bhaskir Arun Karthik,Ramadoss Alexander,0,0,0,no run,0,,,70/2
1047383,2,10,6,Selvam Suresh Kumar,Konda Bhaskir Arun Karthik,Ramadoss Alexander,1,1,0,run,0,,,71/2
1047383,2,11,1,Selvam Suresh Kumar,Konda Bhaskir Arun Karthik,Vijaykumar Yo Mahesh,1,1,0,run,0,,,72/2
1047383,2,11,2,Konda Bhaskir Arun Karthik,Selvam Suresh Kumar,Vijaykumar Yo Mahesh,0,0,0,out,1,caught,Konda Bhaskir Arun Karthik,72/3
1047383,2,11,3,Maan K Bafna,Selvam Suresh Kumar,Vijaykumar Yo Mahesh,1,1,0,run,0,,,73/3
1047383,2,11,4,Selvam Suresh Kumar,Maan K Bafna,Vijaykumar Yo Mahesh,1,1,0,run,0,,,74/3
1047383,2,11,5,Maan K Bafna,Selvam Suresh Kumar,Vijaykumar Yo Mahesh,0,0,0,no run,0,,,74/3
1047383,2,11,6,Maan K Bafna,Selvam Suresh Kumar,Vijaykumar Yo Mahesh,4,4,0,four,0,,,78/3
1047383,2,12,1,Selvam Suresh Kumar,Maan K Bafna,Ramadoss Alexander,0,0,0,no run,0,,,78/3
1047383,2,12,2,Selvam Suresh Kumar,Maan K Bafna,Ramadoss Alexander,1,1,0,run,0,,,79/3
1047383,2,12,3,Maan K Bafna,Selvam Suresh Kumar,Ramadoss Alexander,1,1,0,run,0,,,80/3
1047383,2,12,4,Selvam Suresh Kumar,Maan K Bafna,Ramadoss Alexander,0,0,0,no run,0,,,80/3
1047383,2,12,5,Selvam Suresh Kumar,Maan K Bafna,Ramadoss Alexander,4,4,0,four,0,,,84/3
1047383,2,12,6,Selvam Suresh Kumar,Maan K Bafna,Ramadoss Alexander,1,0,1,wide,0,,,85/3
1047383,2,12,7,Selvam Suresh Kumar,Maan K Bafna,Ramadoss Alexander,0,0,0,no run,0,,,85/3
1047383,2,13,1,Maan K Bafna,Selvam Suresh Kumar,Vijaykumar Yo Mahesh,0,0,0,no run,0,,,85/3
1047383,2,13,2,Maan K Bafna,Selvam Suresh Kumar,Vijaykumar Yo Mahesh,4,4,0,four,0,,,89/3
1047383,2,13,3,Maan K Bafna,Selvam Suresh Kumar,Vijaykumar Yo Mahesh,4,4,0,four,0,,,93/3
1047383,2,13,4,Maan K Bafna,Selvam Suresh Kumar,Vijaykumar Yo Mahesh,0,0,0,no run,0,,,93/3
1047383,2,13,5,Maan K Bafna,Selvam Suresh Kumar,Vijaykumar Yo Mahesh,1,1,0,run,0,,,94/3
1047383,2,13,6,Selvam Suresh Kumar,Maan K Bafna,Vijaykumar Yo Mahesh,1,1,0,run,0,,,95/3
1047383,2,14,1,Selvam Suresh Kumar,Maan K Bafna,Ravisrinivasan Sai Kishore,0,0,0,out,1,caught,Selvam Suresh Kumar,95/4
1047383,2,14,2,Anton Andrew Subikshan,Maan K Bafna,Ravisrinivasan Sai Kishore,0,0,0,no run,0,,,95/4
1047383,2,14,3,Anton Andrew Subikshan,Maan K Bafna,Ravisrinivasan Sai Kishore,1,1,0,run,0,,,96/4
1047383,2,14,4,Maan K Bafna,Anton Andrew Subikshan,Ravisrinivasan Sai Kishore,0,0,0,no run,0,,,96/4
1047383,2,14,5,Maan K Bafna,Anton Andrew Subikshan,Ravisrinivasan Sai Kishore,1,1,0,run,0,,,97/4
1047383,2,14,6,Anton Andrew Subikshan,Maan K Bafna,Ravisrinivasan Sai Kishore,0,0,0,no run,0,,,97/4
1047383,2,15,1,Maan K Bafna,Anton Andrew Subikshan,Rajagopal Sathish,1,1,0,run,0,,,98/4
1047383,2,15,2,Anton Andrew Subikshan,Maan K Bafna,Rajagopal Sathish,1,0,1,wide,0,,,99/4
1047383,2,15,3,Anton Andrew Subikshan,Maan K Bafna,Rajagopal Sathish,1,1,0,run,0,,,100/4
1047383,2,15,4,Maan K Bafna,Anton Andrew Subikshan,Rajagopal Sathish,1,1,0,run,0,,,101/4
1047383,2,15,5,Anton Andrew Subikshan,Maan K Bafna,Rajagopal Sathish,2,2,0,run,0,,,103/4
1047383,2,15,6,Anton Andrew Subikshan,Maan K Bafna,Rajagopal Sathish,0,0,0,out,1,caught,Anton Andrew Subikshan,103/5
1047383,2,15,7,Maan K Bafna,Pitchaiayan Sakthi,Rajagopal Sathish,0,0,0,no run,0,,,103/5
1047383,2,16,1,Pitchaiayan Sakthi,Maan K Bafna,Ravisrinivasan Sai Kishore,0,0,0,no run,0,,,103/5
1047383,2,16,2,Pitchaiayan Sakthi,Maan K Bafna,Ravisrinivasan Sai Kishore,0,0,0,no run,0,,,103/5
1047383,2,16,3,Pitchaiayan Sakthi,Maan K Bafna,Ravisrinivasan Sai Kishore,0,0,0,no run,0,,,103/5
1047383,2,16,4,Pitchaiayan Sakthi,Maan K Bafna,Ravisrinivasan Sai Kishore,1,1,0,run,0,,,104/5
1047383,2,16,5,Maan K Bafna,Pitchaiayan Sakthi,Ravisrinivasan Sai Kishore,0,0,0,out,1,caught,Maan K Bafna,104/6
1047383,2,16,6,Pitchaiayan Sakthi,M Raja,Ravisrinivasan Sai Kishore,2,2,0,run,0,,,106/6
1047383,2,17,1,M Raja,Pitchaiayan Sakthi,Wenseslaus Antony Dhas,0,0,0,out,1,bowled,M Raja,106/7
1047383,2,17,2,Palani Amarnath,Pitchaiayan Sakthi,Wenseslaus Antony Dhas,0,0,0,no run,0,,,106/7
1047383,2,17,3,Palani Amarnath,Pitchaiayan Sakthi,Wenseslaus Antony Dhas,0,0,0,out,1,caught,Palani Amarnath,106/8
1047383,2,17,4,Edward Kennedy,Pitchaiayan Sakthi,Wenseslaus Antony Dhas,0,0,0,no run,0,,,106/8
1047383,2,17,5,Edward Kennedy,Pitchaiayan Sakthi,Wenseslaus Antony Dhas,0,0,0,no run,0,,,106/8
1047383,2,17,6,Edward Kennedy,Pitchaiayan Sakthi,Wenseslaus Antony Dhas,1,1,0,run,0,,,107/8
1047383,2,18,1,Edward Kennedy,Pitchaiayan Sakthi,Dakshinamoorthy Tamil Kumaran,1,1,0,run,0,,,108/8
1047383,2,18,2,Pitchaiayan Sakthi,Edward Kennedy,Dakshinamoorthy Tamil Kumaran,0,0,0,no run,0,,,108/8
1047383,2,18,3,Pitchaiayan Sakthi,Edward Kennedy,Dakshinamoorthy Tamil Kumaran,2,2,0,run,0,,,110/8
1047383,2,18,4,Pitchaiayan Sakthi,Edward Kennedy,Dakshinamoorthy Tamil Kumaran,2,2,0,run,0,,,112/8
1047383,2,18,5,Pitchaiayan Sakthi,Edward Kennedy,Dakshinamoorthy Tamil Kumaran,0,0,0,out,1,run out,Edward Kennedy,112/9
1047383,2,18,6,SV Muruganantham,Pitchaiayan Sakthi,Dakshinamoorthy Tamil Kumaran,1,1,0,run,0,,,113/9
1047383,2,19,1,SV Muruganantham,Pitchaiayan Sakthi,Wenseslaus Antony Dhas,0,0,0,no run,0,,,113/9
1047383,2,19,2,SV Muruganantham,Pitchaiayan Sakthi,Wenseslaus Antony Dhas,1,1,0,run,0,,,114/9
1047383,2,19,3,Pitchaiayan Sakthi,SV Muruganantham,Wenseslaus Antony Dhas,1,1,0,run,0,,,115/9
1047383,2,19,4,SV Muruganantham,Pitchaiayan Sakthi,Wenseslaus Antony Dhas,0,0,0,no run,0,,,115/9
1047383,2,19,5,SV Muruganantham,Pitchaiayan Sakthi,Wenseslaus Antony Dhas,1,1,0,run,0,,,116/9
1047383,2,19,6,Pitchaiayan Sakthi,SV Muruganantham,Wenseslaus Antony Dhas,4,4,0,four,0,,,120/9
1047383,2,20,1,SV Muruganantham,Pitchaiayan Sakthi,Dakshinamoorthy Tamil Kumaran,0,0,0,no run,0,,,120/9
1047383,2,20,2,SV Muruganantham,Pitchaiayan Sakthi,Dakshinamoorthy Tamil Kumaran,1,1,0,run,0,,,121/9
1047383,2,20,3,Pitchaiayan Sakthi,SV Muruganantham,Dakshinamoorthy Tamil Kumaran,0,0,0,no run,0,,,121/9
1047383,2,20,4,Pitchaiayan Sakthi,SV Muruganantham,Dakshinamoorthy Tamil Kumaran,1,1,0,run,0,,,122/9
1047383,2,20,5,SV Muruganantham,Pitchaiayan Sakthi,Dakshinamoorthy Tamil Kumaran,0,0,0,no run,0,,,122/9
1047383,2,20,6,SV Muruganantham,Pitchaiayan Sakthi,Dakshinamoorthy Tamil Kumaran,1,1,0,run,0,,,123/9
1047385,1,1,1,Chezhian Nishaanth,0,M Mohammed,1,1,0,run,0,,,1/0
1047385,1,1,2,R Kavin,Chezhian Nishaanth,M Mohammed,1,1,0,run,0,,,2/0
1047385,1,1,3,Chezhian Nishaanth,R Kavin,M Mohammed,1,1,0,run,0,,,3/0
1047385,1,1,4,R Kavin,Chezhian Nishaanth,M Mohammed,4,4,0,four,0,,,7/0
1047385,1,1,5,R Kavin,Chezhian Nishaanth,M Mohammed,4,4,0,four,0,,,11/0
1047385,1,1,6,R Kavin,Chezhian Nishaanth,M Mohammed,0,0,0,no run,0,,,11/0
1047385,1,2,1,Chezhian Nishaanth,R Kavin,B Arun,0,0,0,no run,0,,,11/0
1047385,1,2,2,Chezhian Nishaanth,R Kavin,B Arun,0,0,0,no run,0,,,11/0
1047385,1,2,3,Chezhian Nishaanth,R Kavin,B Arun,0,0,0,no run,0,,,11/0
1047385,1,2,4,Chezhian Nishaanth,R Kavin,B Arun,0,0,0,no run,0,,,11/0
1047385,1,2,5,Chezhian Nishaanth,R Kavin,B Arun,0,0,0,no run,0,,,11/0
1047385,1,2,6,Chezhian Nishaanth,R Kavin,B Arun,1,1,0,run,0,,,12/0
1047385,1,3,1,Chezhian Nishaanth,R Kavin,M Mohammed,0,0,0,no run,0,,,12/0
1047385,1,3,2,Chezhian Nishaanth,R Kavin,M Mohammed,4,4,0,four,0,,,16/0
1047385,1,3,3,Chezhian Nishaanth,R Kavin,M Mohammed,4,4,0,four,0,,,20/0
1047385,1,3,4,Chezhian Nishaanth,R Kavin,M Mohammed,0,0,0,no run,0,,,20/0
1047385,1,3,5,Chezhian Nishaanth,R Kavin,M Mohammed,0,0,0,no run,0,,,20/0
1047385,1,3,6,Chezhian Nishaanth,R Kavin,M Mohammed,4,4,0,four,0,,,24/0
1047385,1,4,1,R Kavin,Chezhian Nishaanth,B Arun,2,2,0,run,0,,,26/0
1047385,1,4,2,R Kavin,Chezhian Nishaanth,B Arun,1,1,0,run,0,,,27/0
1047385,1,4,3,Chezhian Nishaanth,R Kavin,B Arun,1,1,0,run,0,,,28/0
1047385,1,4,4,R Kavin,Chezhian Nishaanth,B Arun,0,0,0,no run,0,,,28/0
1047385,1,4,5,R Kavin,Chezhian Nishaanth,B Arun,0,0,0,no run,0,,,28/0
1047385,1,4,6,R Kavin,Chezhian Nishaanth,B Arun,1,1,0,run,0,,,29/0
1047385,1,5,1,R Kavin,Chezhian Nishaanth,K Gowtham Thamarai Kannan,4,4,0,four,0,,,33/0
1047385,1,5,2,R Kavin,Chezhian Nishaanth,K Gowtham Thamarai Kannan,0,0,0,no run,0,,,33/0
1047385,1,5,3,R Kavin,Chezhian Nishaanth,K Gowtham Thamarai Kannan,0,0,0,no run,0,,,33/0
1047385,1,5,4,R Kavin,Chezhian Nishaanth,K Gowtham Thamarai Kannan,4,4,0,four,0,,,37/0
1047385,1,5,5,R Kavin,Chezhian Nishaanth,K Gowtham Thamarai Kannan,0,0,0,no run,0,,,37/0
1047385,1,5,6,R Kavin,Chezhian Nishaanth,K Gowtham Thamarai Kannan,4,4,0,four,0,,,41/0
1047385,1,6,1,Chezhian Nishaanth,R Kavin,B Arun,0,0,0,no run,0,,,41/0
1047385,1,6,2,Chezhian Nishaanth,R Kavin,B Arun,0,0,0,no run,0,,,41/0
1047385,1,6,3,Chezhian Nishaanth,R Kavin,B Arun,1,1,0,run,0,,,42/0
1047385,1,6,4,R Kavin,Chezhian Nishaanth,B Arun,0,0,0,no run,0,,,42/0
1047385,1,6,5,R Kavin,Chezhian Nishaanth,B Arun,4,4,0,four,0,,,46/0
1047385,1,6,6,R Kavin,Chezhian Nishaanth,B Arun,0,0,0,no run,0,,,46/0
1047385,1,7,1,Chezhian Nishaanth,R Kavin,Jamaluddin Syed Mohammad,1,1,0,run,0,,,47/0
1047385,1,7,2,R Kavin,Chezhian Nishaanth,Jamaluddin Syed Mohammad,1,1,0,run,0,,,48/0
1047385,1,7,3,Chezhian Nishaanth,R Kavin,Jamaluddin Syed Mohammad,0,0,0,no run,0,,,48/0
1047385,1,7,4,Chezhian Nishaanth,R Kavin,Jamaluddin Syed Mohammad,0,0,0,out,1,leg before wicket,Chezhian Nishaanth,48/1
1047385,1,7,5,Baba Aparajith,R Kavin,Jamaluddin Syed Mohammad,0,0,0,no run,0,,,48/1
1047385,1,7,6,Baba Aparajith,R Kavin,Jamaluddin Syed Mohammad,0,0,0,no run,0,,,48/1
1047385,1,8,1,R Kavin,Baba Aparajith,Moovervnthali Kasipandian Sivakumar,1,1,0,run,0,,,49/1
1047385,1,8,2,Baba Aparajith,R Kavin,Moovervnthali Kasipandian Sivakumar,0,0,0,out,1,run out,R Kavin,49/2
1047385,1,8,3,Baba Aparajith,0,Moovervnthali Kasipandian Sivakumar,1,1,0,run,0,,,50/2
1047385,1,8,4,N Sarangarajan Chaturved,Baba Aparajith,Moovervnthali Kasipandian Sivakumar,1,1,0,run,0,,,51/2
1047385,1,8,5,Baba Aparajith,N Sarangarajan Chaturved,Moovervnthali Kasipandian Sivakumar,1,1,0,run,0,,,52/2
1047385,1,8,6,N Sarangarajan Chaturved,Baba Aparajith,Moovervnthali Kasipandian Sivakumar,0,0,0,no run,0,,,52/2
1047385,1,9,1,Baba Aparajith,N Sarangarajan Chaturved,Jamaluddin Syed Mohammad,1,1,0,run,0,,,53/2
1047385,1,9,2,N Sarangarajan Chaturved,Baba Aparajith,Jamaluddin Syed Mohammad,1,1,0,run,0,,,54/2
1047385,1,9,3,Baba Aparajith,N Sarangarajan Chaturved,Jamaluddin Syed Mohammad,0,0,0,no run,0,,,54/2
1047385,1,9,4,Baba Aparajith,N Sarangarajan Chaturved,Jamaluddin Syed Mohammad,2,2,0,run,0,,,56/2
1047385,1,9,5,Baba Aparajith,N Sarangarajan Chaturved,Jamaluddin Syed Mohammad,1,1,0,run,0,,,57/2
1047385,1,9,6,N Sarangarajan Chaturved,Baba Aparajith,Jamaluddin Syed Mohammad,1,1,0,run,0,,,58/2
1047385,1,10,1,N Sarangarajan Chaturved,Baba Aparajith,Moovervnthali Kasipandian Sivakumar,1,1,0,run,0,,,59/2
1047385,1,10,2,Baba Aparajith,N Sarangarajan Chaturved,Moovervnthali Kasipandian Sivakumar,1,1,0,run,0,,,60/2
1047385,1,10,3,N Sarangarajan Chaturved,Baba Aparajith,Moovervnthali Kasipandian Sivakumar,4,4,0,four,0,,,64/2
1047385,1,10,4,N Sarangarajan Chaturved,Baba Aparajith,Moovervnthali Kasipandian Sivakumar,1,1,0,run,0,,,65/2
1047385,1,10,5,Baba Aparajith,N Sarangarajan Chaturved,Moovervnthali Kasipandian Sivakumar,1,1,0,run,0,,,66/2
1047385,1,10,6,N Sarangarajan Chaturved,Baba Aparajith,Moovervnthali Kasipandian Sivakumar,0,0,0,no run,0,,,66/2
1047385,1,11,1,Baba Aparajith,N Sarangarajan Chaturved,Jamaluddin Syed Mohammad,1,1,0,run,0,,,67/2
1047385,1,11,2,N Sarangarajan Chaturved,Baba Aparajith,Jamaluddin Syed Mohammad,1,1,0,run,0,,,68/2
1047385,1,11,3,Baba Aparajith,N Sarangarajan Chaturved,Jamaluddin Syed Mohammad,1,1,0,run,0,,,69/2
1047385,1,11,4,N Sarangarajan Chaturved,Baba Aparajith,Jamaluddin Syed Mohammad,1,1,0,run,0,,,70/2
1047385,1,11,5,Baba Aparajith,N Sarangarajan Chaturved,Jamaluddin Syed Mohammad,1,1,0,run,0,,,71/2
1047385,1,11,6,N Sarangarajan Chaturved,Baba Aparajith,Jamaluddin Syed Mohammad,0,0,0,no run,0,,,71/2
1047385,1,12,1,Baba Aparajith,N Sarangarajan Chaturved,S Harish Kumar,1,0,1,wide,0,,,72/2
1047385,1,12,2,Baba Aparajith,N Sarangarajan Chaturved,S Harish Kumar,1,1,0,run,0,,,73/2
1047385,1,12,3,N Sarangarajan Chaturved,Baba Aparajith,S Harish Kumar,0,0,0,out,1,bowled,N Sarangarajan Chaturved,73/3
1047385,1,12,4,M Lakshmi Narayanan,Baba Aparajith,S Harish Kumar,4,4,0,four,0,,,77/3
1047385,1,12,5,M Lakshmi Narayanan,Baba Aparajith,S Harish Kumar,0,0,0,no run,0,,,77/3
1047385,1,12,6,M Lakshmi Narayanan,Baba Aparajith,S Harish Kumar,1,1,0,run,0,,,78/3
1047385,1,12,7,Baba Aparajith,M Lakshmi Narayanan,S Harish Kumar,1,1,0,run,0,,,79/3
1047385,1,13,1,Baba Aparajith,M Lakshmi Narayanan,Jamaluddin Syed Mohammad,1,1,0,run,0,,,80/3
1047385,1,13,2,M Lakshmi Narayanan,Baba Aparajith,Jamaluddin Syed Mohammad,0,0,0,no run,0,,,80/3
1047385,1,13,3,M Lakshmi Narayanan,Baba Aparajith,Jamaluddin Syed Mohammad,1,1,0,run,0,,,81/3
1047385,1,13,4,Baba Aparajith,M Lakshmi Narayanan,Jamaluddin Syed Mohammad,1,1,0,run,0,,,82/3
1047385,1,13,5,M Lakshmi Narayanan,Baba Aparajith,Jamaluddin Syed Mohammad,1,1,0,run,0,,,83/3
1047385,1,13,6,Baba Aparajith,M Lakshmi Narayanan,Jamaluddin Syed Mohammad,1,1,0,run,0,,,84/3
1047385,1,14,1,Baba Aparajith,M Lakshmi Narayanan,S Harish Kumar,1,0,1,wide,0,,,85/3
1047385,1,14,2,Baba Aparajith,M Lakshmi Narayanan,S Harish Kumar,1,1,0,run,0,,,86/3
1047385,1,14,3,M Lakshmi Narayanan,Baba Aparajith,S Harish Kumar,0,0,0,no run,0,,,86/3
1047385,1,14,4,M Lakshmi Narayanan,Baba Aparajith,S Harish Kumar,0,0,0,no run,0,,,86/3
1047385,1,14,5,M Lakshmi Narayanan,Baba Aparajith,S Harish Kumar,0,0,0,no run,0,,,86/3
1047385,1,14,6,M Lakshmi Narayanan,Baba Aparajith,S Harish Kumar,1,1,0,run,0,,,87/3
1047385,1,14,7,Baba Aparajith,M Lakshmi Narayanan,S Harish Kumar,1,1,0,run,0,,,88/3
1047385,1,15,1,Baba Aparajith,M Lakshmi Narayanan,M Mohammed,1,1,0,run,0,,,89/3
1047385,1,15,2,M Lakshmi Narayanan,Baba Aparajith,M Mohammed,0,0,0,no run,0,,,89/3
1047385,1,15,3,M Lakshmi Narayanan,Baba Aparajith,M Mohammed,1,1,0,run,1,run out,M Lakshmi Narayanan,90/4
1047385,1,15,4,Ramsingh  Sanjay Yadav,Baba Aparajith,M Mohammed,0,0,0,no run,0,,,90/4
1047385,1,15,5,Ramsingh  Sanjay Yadav,Baba Aparajith,M Mohammed,0,0,0,no run,0,,,90/4
1047385,1,15,6,Ramsingh  Sanjay Yadav,Baba Aparajith,M Mohammed,1,0,1,wide,0,,,91/4
1047385,1,15,7,Ramsingh  Sanjay Yadav,Baba Aparajith,M Mohammed,1,1,0,run,0,,,92/4
1047385,1,16,1,Ramsingh  Sanjay Yadav,Baba Aparajith,S Harish Kumar,1,1,0,run,0,,,93/4
1047385,1,16,2,Baba Aparajith,Ramsingh  Sanjay Yadav,S Harish Kumar,0,0,0,no run,0,,,93/4
1047385,1,16,3,Baba Aparajith,Ramsingh  Sanjay Yadav,S Harish Kumar,2,2,0,run,0,,,95/4
1047385,1,16,4,Baba Aparajith,Ramsingh  Sanjay Yadav,S Harish Kumar,6,6,0,six,0,,,101/4
1047385,1,16,5,Baba Aparajith,Ramsingh  Sanjay Yadav,S Harish Kumar,1,1,0,run,0,,,102/4
1047385,1,16,6,Ramsingh  Sanjay Yadav,Baba Aparajith,S Harish Kumar,0,0,0,out,1,caught,Ramsingh  Sanjay Yadav,102/5
1047385,1,17,1,Baba Aparajith,0,Moovervnthali Kasipandian Sivakumar,1,1,0,run,0,,,103/5
1047385,1,17,2,Malolan Rangarajan,Baba Aparajith,Moovervnthali Kasipandian Sivakumar,0,0,0,out,1,caught,Malolan Rangarajan,103/6
1047385,1,17,3,Ramalingam Rohit,Baba Aparajith,Moovervnthali Kasipandian Sivakumar,1,1,0,run,0,,,104/6
1047385,1,17,4,Baba Aparajith,Ramalingam Rohit,Moovervnthali Kasipandian Sivakumar,2,2,0,run,0,,,106/6
1047385,1,17,5,Baba Aparajith,Ramalingam Rohit,Moovervnthali Kasipandian Sivakumar,4,4,0,four,0,,,110/6
1047385,1,17,6,Baba Aparajith,Ramalingam Rohit,Moovervnthali Kasipandian Sivakumar,1,1,0,run,0,,,111/6
1047385,1,18,1,Baba Aparajith,Ramalingam Rohit,M Mohammed,6,6,0,six,0,,,117/6
1047385,1,18,2,Baba Aparajith,Ramalingam Rohit,M Mohammed,2,2,0,run,0,,,119/6
1047385,1,18,3,Baba Aparajith,Ramalingam Rohit,M Mohammed,1,1,0,run,0,,,120/6
1047385,1,18,4,Ramalingam Rohit,Baba Aparajith,M Mohammed,0,0,0,no run,0,,,120/6
1047385,1,18,5,Ramalingam Rohit,Baba Aparajith,M Mohammed,0,0,0,no run,0,,,120/6
1047385,1,18,6,Ramalingam Rohit,Baba Aparajith,M Mohammed,1,0,1,no ball,0,,,121/6
1047385,1,18,7,Ramalingam Rohit,Baba Aparajith,M Mohammed,1,1,0,run,0,,,122/6
1047385,1,19,1,Ramalingam Rohit,Baba Aparajith,Moovervnthali Kasipandian Sivakumar,1,1,0,run,0,,,123/6
1047385,1,19,2,Baba Aparajith,Ramalingam Rohit,Moovervnthali Kasipandian Sivakumar,6,6,0,six,0,,,129/6
1047385,1,19,3,Baba Aparajith,Ramalingam Rohit,Moovervnthali Kasipandian Sivakumar,6,6,0,six,0,,,135/6
1047385,1,19,4,Baba Aparajith,Ramalingam Rohit,Moovervnthali Kasipandian Sivakumar,1,1,0,run,0,,,136/6
1047385,1,19,5,Ramalingam Rohit,Baba Aparajith,Moovervnthali Kasipandian Sivakumar,6,6,0,six,0,,,142/6
1047385,1,19,6,Ramalingam Rohit,Baba Aparajith,Moovervnthali Kasipandian Sivakumar,1,1,0,run,0,,,143/6
1047385,1,20,1,Ramalingam Rohit,Baba Aparajith,S Harish Kumar,6,6,0,six,0,,,149/6
1047385,1,20,2,Ramalingam Rohit,Baba Aparajith,S Harish Kumar,4,4,0,four,0,,,153/6
1047385,1,20,3,Ramalingam Rohit,Baba Aparajith,S Harish Kumar,1,1,0,run,0,,,154/6
1047385,1,20,4,Baba Aparajith,Ramalingam Rohit,S Harish Kumar,4,4,0,four,0,,,158/6
1047385,1,20,5,Baba Aparajith,Ramalingam Rohit,S Harish Kumar,6,6,0,six,0,,,164/6
1047385,1,20,6,Baba Aparajith,Ramalingam Rohit,S Harish Kumar,6,6,0,six,0,,,170/6
1047385,2,1,1,Laxmesha Suryaprakash,0,Malolan Rangarajan,0,0,0,no run,0,,,0/0
1047385,2,1,2,Laxmesha Suryaprakash,0,Malolan Rangarajan,0,0,0,no run,0,,,0/0
1047385,2,1,3,Laxmesha Suryaprakash,0,Malolan Rangarajan,0,0,0,no run,0,,,0/0
1047385,2,1,4,Laxmesha Suryaprakash,0,Malolan Rangarajan,0,0,0,no run,0,,,0/0
1047385,2,1,5,Laxmesha Suryaprakash,0,Malolan Rangarajan,1,1,0,run,0,,,1/0
1047385,2,1,6,0,Laxmesha Suryaprakash,Malolan Rangarajan,1,1,0,run,0,,,2/0
1047385,2,2,1,0,Laxmesha Suryaprakash,Ramalingam Rohit,0,0,0,no run,0,,,2/0
1047385,2,2,2,0,Laxmesha Suryaprakash,Ramalingam Rohit,1,0,1,wide,0,,,3/0
1047385,2,2,3,0,Laxmesha Suryaprakash,Ramalingam Rohit,1,1,0,run,0,,,4/0
1047385,2,2,4,Laxmesha Suryaprakash,0,Ramalingam Rohit,0,0,0,no run,0,,,4/0
1047385,2,2,5,Laxmesha Suryaprakash,0,Ramalingam Rohit,0,0,0,no run,0,,,4/0
1047385,2,2,6,Laxmesha Suryaprakash,0,Ramalingam Rohit,0,0,0,no run,0,,,4/0
1047385,2,2,7,Laxmesha Suryaprakash,0,Ramalingam Rohit,1,1,0,run,0,,,5/0
1047385,2,3,1,Laxmesha Suryaprakash,0,Malolan Rangarajan,0,0,0,no run,0,,,5/0
1047385,2,3,2,Laxmesha Suryaprakash,0,Malolan Rangarajan,6,6,0,six,0,,,11/0
1047385,2,3,3,Laxmesha Suryaprakash,0,Malolan Rangarajan,1,1,0,run,0,,,12/0
1047385,2,3,4,0,Laxmesha Suryaprakash,Malolan Rangarajan,0,0,0,no run,0,,,12/0
1047385,2,3,5,0,Laxmesha Suryaprakash,Malolan Rangarajan,0,0,0,no run,0,,,12/0
1047385,2,3,6,0,Laxmesha Suryaprakash,Malolan Rangarajan,1,1,0,run,0,,,13/0
1047385,2,4,1,0,Laxmesha Suryaprakash,Ramalingam Rohit,4,4,0,four,0,,,17/0
1047385,2,4,2,0,Laxmesha Suryaprakash,Ramalingam Rohit,1,1,0,run,0,,,18/0
1047385,2,4,3,Laxmesha Suryaprakash,0,Ramalingam Rohit,6,6,0,six,0,,,24/0
1047385,2,4,4,Laxmesha Suryaprakash,0,Ramalingam Rohit,0,0,0,no run,0,,,24/0
1047385,2,4,5,Laxmesha Suryaprakash,0,Ramalingam Rohit,1,1,0,run,0,,,25/0
1047385,2,4,6,0,Laxmesha Suryaprakash,Ramalingam Rohit,0,0,0,no run,0,,,25/0
1047385,2,5,1,Laxmesha Suryaprakash,0,Rahil S Shah,0,0,0,no run,0,,,25/0
1047385,2,5,2,Laxmesha Suryaprakash,0,Rahil S Shah,1,0,1,leg bye,0,,,26/0
1047385,2,5,3,0,Laxmesha Suryaprakash,Rahil S Shah,1,1,0,run,0,,,27/0
1047385,2,5,4,Laxmesha Suryaprakash,0,Rahil S Shah,1,1,0,run,0,,,28/0
1047385,2,5,5,0,Laxmesha Suryaprakash,Rahil S Shah,1,1,0,run,0,,,29/0
1047385,2,5,6,Laxmesha Suryaprakash,0,Rahil S Shah,0,0,0,out,1,leg before wicket,Laxmesha Suryaprakash,29/1
1047385,2,6,1,0,0,RS Jaganath Sinivas,0,0,0,no run,0,,,29/1
1047385,2,6,2,0,0,RS Jaganath Sinivas,4,4,0,four,0,,,33/1
1047385,2,6,3,0,0,RS Jaganath Sinivas,1,1,0,run,0,,,34/1
1047385,2,6,4,S Tarun Srinivas,0,RS Jaganath Sinivas,0,0,0,no run,0,,,34/1
1047385,2,6,5,S Tarun Srinivas,0,RS Jaganath Sinivas,1,1,0,run,0,,,35/1
1047385,2,6,6,0,S Tarun Srinivas,RS Jaganath Sinivas,1,0,1,leg bye,0,,,36/1
1047385,2,7,1,0,S Tarun Srinivas,Rahil S Shah,1,1,0,run,0,,,37/1
1047385,2,7,2,S Tarun Srinivas,0,Rahil S Shah,2,2,0,run,0,,,39/1
1047385,2,7,3,S Tarun Srinivas,0,Rahil S Shah,0,0,0,no run,0,,,39/1
1047385,2,7,4,S Tarun Srinivas,0,Rahil S Shah,1,1,0,run,0,,,40/1
1047385,2,7,5,0,S Tarun Srinivas,Rahil S Shah,1,1,0,run,0,,,41/1
1047385,2,7,6,S Tarun Srinivas,0,Rahil S Shah,1,1,0,run,0,,,42/1
1047385,2,8,1,S Tarun Srinivas,0,RS Jaganath Sinivas,0,0,0,no run,0,,,42/1
1047385,2,8,2,S Tarun Srinivas,0,RS Jaganath Sinivas,1,1,0,run,0,,,43/1
1047385,2,8,3,0,S Tarun Srinivas,RS Jaganath Sinivas,2,2,0,run,0,,,45/1
1047385,2,8,4,0,S Tarun Srinivas,RS Jaganath Sinivas,6,6,0,six,0,,,51/1
1047385,2,8,5,0,S Tarun Srinivas,RS Jaganath Sinivas,1,1,0,run,0,,,52/1
1047385,2,8,6,S Tarun Srinivas,0,RS Jaganath Sinivas,1,1,0,run,0,,,53/1
1047385,2,9,1,S Tarun Srinivas,0,S Samuel,0,0,0,no run,0,,,53/1
1047385,2,9,2,S Tarun Srinivas,0,S Samuel,0,0,0,no run,0,,,53/1
1047385,2,9,3,S Tarun Srinivas,0,S Samuel,1,1,0,run,0,,,54/1
1047385,2,9,4,0,S Tarun Srinivas,S Samuel,0,0,0,no run,0,,,54/1
1047385,2,9,5,0,S Tarun Srinivas,S Samuel,6,6,0,six,0,,,60/1
1047385,2,9,6,0,S Tarun Srinivas,S Samuel,1,1,0,run,0,,,61/1
1047385,2,10,1,0,S Tarun Srinivas,Malolan Rangarajan,1,1,0,run,0,,,62/1
1047385,2,10,2,S Tarun Srinivas,0,Malolan Rangarajan,0,0,0,no run,0,,,62/1
1047385,2,10,3,S Tarun Srinivas,0,Malolan Rangarajan,0,0,0,no run,0,,,62/1
1047385,2,10,4,S Tarun Srinivas,0,Malolan Rangarajan,1,1,0,run,0,,,63/1
1047385,2,10,5,0,S Tarun Srinivas,Malolan Rangarajan,1,1,0,run,0,,,64/1
1047385,2,10,6,S Tarun Srinivas,0,Malolan Rangarajan,0,0,0,no run,0,,,64/1
1047385,2,11,1,0,S Tarun Srinivas,M Lakshmi Narayanan,1,1,0,run,0,,,65/1
1047385,2,11,2,S Tarun Srinivas,0,M Lakshmi Narayanan,1,0,1,wide,0,,,66/1
1047385,2,11,3,S Tarun Srinivas,0,M Lakshmi Narayanan,1,1,0,run,0,,,67/1
1047385,2,11,4,0,S Tarun Srinivas,M Lakshmi Narayanan,1,1,0,run,0,,,68/1
1047385,2,11,5,S Tarun Srinivas,0,M Lakshmi Narayanan,0,0,0,out,1,caught,S Tarun Srinivas,68/2
1047385,2,11,6,0,0,M Lakshmi Narayanan,0,0,0,no run,0,,,68/2
1047385,2,11,7,0,S Harish Kumar,M Lakshmi Narayanan,1,1,0,run,0,,,69/2
1047385,2,12,1,0,S Harish Kumar,RS Jaganath Sinivas,0,0,0,no run,0,,,69/2
1047385,2,12,2,0,S Harish Kumar,RS Jaganath Sinivas,1,1,0,run,0,,,70/2
1047385,2,12,3,S Harish Kumar,0,RS Jaganath Sinivas,0,0,0,no run,0,,,70/2
1047385,2,12,4,S Harish Kumar,0,RS Jaganath Sinivas,1,1,0,run,0,,,71/2
1047385,2,12,5,0,S Harish Kumar,RS Jaganath Sinivas,4,4,0,four,0,,,75/2
1047385,2,12,6,0,S Harish Kumar,RS Jaganath Sinivas,1,1,0,run,0,,,76/2
1047385,2,13,1,0,S Harish Kumar,M Lakshmi Narayanan,1,1,0,run,0,,,77/2
1047385,2,13,2,S Harish Kumar,0,M Lakshmi Narayanan,1,1,0,run,0,,,78/2
1047385,2,13,3,0,S Harish Kumar,M Lakshmi Narayanan,2,2,0,run,0,,,80/2
1047385,2,13,4,0,S Harish Kumar,M Lakshmi Narayanan,1,1,0,run,0,,,81/2
1047385,2,13,5,S Harish Kumar,0,M Lakshmi Narayanan,1,1,0,run,0,,,82/2
1047385,2,13,6,0,S Harish Kumar,M Lakshmi Narayanan,2,2,0,run,0,,,84/2
1047385,2,14,1,S Harish Kumar,0,RS Jaganath Sinivas,6,6,0,six,0,,,90/2
1047385,2,14,2,S Harish Kumar,0,RS Jaganath Sinivas,6,6,0,six,0,,,96/2
1047385,2,14,3,S Harish Kumar,0,RS Jaganath Sinivas,1,0,1,leg bye,0,,,97/2
1047385,2,14,4,0,S Harish Kumar,RS Jaganath Sinivas,0,0,0,no run,0,,,97/2
1047385,2,14,5,0,S Harish Kumar,RS Jaganath Sinivas,1,1,0,run,0,,,98/2
1047385,2,14,6,S Harish Kumar,0,RS Jaganath Sinivas,1,1,0,run,0,,,99/2
1047385,2,15,1,S Harish Kumar,0,M Lakshmi Narayanan,1,1,0,run,0,,,100/2
1047385,2,15,2,0,S Harish Kumar,M Lakshmi Narayanan,1,1,0,run,0,,,101/2
1047385,2,15,3,S Harish Kumar,0,M Lakshmi Narayanan,1,1,0,run,0,,,102/2
1047385,2,15,4,0,S Harish Kumar,M Lakshmi Narayanan,1,1,0,run,0,,,103/2
1047385,2,15,5,S Harish Kumar,0,M Lakshmi Narayanan,1,1,0,run,0,,,104/2
1047385,2,15,6,0,S Harish Kumar,M Lakshmi Narayanan,6,6,0,six,0,,,110/2
1047385,2,16,1,S Harish Kumar,0,Rahil S Shah,6,6,0,six,0,,,116/2
1047385,2,16,2,S Harish Kumar,0,Rahil S Shah,1,1,0,run,0,,,117/2
1047385,2,16,3,0,S Harish Kumar,Rahil S Shah,1,1,0,run,0,,,118/2
1047385,2,16,4,S Harish Kumar,0,Rahil S Shah,0,0,0,no run,0,,,118/2
1047385,2,16,5,S Harish Kumar,0,Rahil S Shah,1,1,0,run,0,,,119/2
1047385,2,16,6,0,S Harish Kumar,Rahil S Shah,4,4,0,four,0,,,123/2
1047385,2,17,1,0,S Harish Kumar,Ramalingam Rohit,1,0,1,out,1,,,124/3
1047385,2,17,2,S Harish Kumar,0,Ramalingam Rohit,4,4,0,four,0,,,128/3
1047385,2,17,3,S Harish Kumar,0,Ramalingam Rohit,2,2,0,run,0,,,130/3
1047385,2,17,4,S Harish Kumar,0,Ramalingam Rohit,0,0,0,no run,0,,,130/3
1047385,2,17,5,S Harish Kumar,0,Ramalingam Rohit,1,1,0,run,0,,,131/3
1047385,2,17,6,Jamaluddin Syed Mohammad,S Harish Kumar,Ramalingam Rohit,1,1,0,run,0,,,132/3
1047385,2,18,1,Jamaluddin Syed Mohammad,S Harish Kumar,M Lakshmi Narayanan,1,0,1,wide,0,,,133/3
1047385,2,18,2,Jamaluddin Syed Mohammad,S Harish Kumar,M Lakshmi Narayanan,6,6,0,six,0,,,139/3
1047385,2,18,3,Jamaluddin Syed Mohammad,S Harish Kumar,M Lakshmi Narayanan,1,1,0,run,0,,,140/3
1047385,2,18,4,S Harish Kumar,Jamaluddin Syed Mohammad,M Lakshmi Narayanan,0,0,0,no run,0,,,140/3
1047385,2,18,5,S Harish Kumar,Jamaluddin Syed Mohammad,M Lakshmi Narayanan,1,1,0,run,0,,,141/3
1047385,2,18,6,Jamaluddin Syed Mohammad,S Harish Kumar,M Lakshmi Narayanan,0,0,0,out,1,caught,Jamaluddin Syed Mohammad,141/4
1047385,2,18,7,S Harish Kumar,M Mohammed,M Lakshmi Narayanan,0,0,0,no run,0,,,141/4
1047385,2,19,1,M Mohammed,S Harish Kumar,Ramalingam Rohit,2,0,2,wide,0,,,143/4
1047385,2,19,2,S Harish Kumar,M Mohammed,Ramalingam Rohit,1,1,0,run,0,,,144/4
1047385,2,19,3,M Mohammed,S Harish Kumar,Ramalingam Rohit,6,6,0,six,0,,,150/4
1047385,2,19,4,M Mohammed,S Harish Kumar,Ramalingam Rohit,6,6,0,six,0,,,156/4
1047385,2,19,5,M Mohammed,S Harish Kumar,Ramalingam Rohit,0,0,0,out,1,caught,M Mohammed,156/5
1047385,2,19,6,S Harish Kumar,0,Ramalingam Rohit,1,1,0,run,0,,,157/5
1047385,2,19,7,Ravi Kumar Rohith,S Harish Kumar,Ramalingam Rohit,1,1,0,run,0,,,158/5
1047385,2,20,1,Ravi Kumar Rohith,S Harish Kumar,Rahil S Shah,1,1,0,run,0,,,159/5
1047385,2,20,2,S Harish Kumar,Ravi Kumar Rohith,Rahil S Shah,1,1,0,run,0,,,160/5
1047385,2,20,3,Ravi Kumar Rohith,S Harish Kumar,Rahil S Shah,1,0,1,wide,0,,,161/5
1047385,2,20,4,Ravi Kumar Rohith,S Harish Kumar,Rahil S Shah,1,1,0,run,0,,,162/5
1047385,2,20,5,S Harish Kumar,Ravi Kumar Rohith,Rahil S Shah,4,4,0,four,0,,,166/5
1047385,2,20,6,S Harish Kumar,Ravi Kumar Rohith,Rahil S Shah,2,2,0,run,0,,,168/5
1047385,2,20,7,S Harish Kumar,Ravi Kumar Rohith,Rahil S Shah,0,0,0,no run,0,,,168/5
1047387,1,1,1,M Vijay Kumar,0,Thangarasu Natarajan,1,1,0,run,0,,,1/0
1047387,1,1,2,Rajhamany Srinivasan,M Vijay Kumar,Thangarasu Natarajan,1,1,0,run,0,,,2/0
1047387,1,1,3,M Vijay Kumar,Rajhamany Srinivasan,Thangarasu Natarajan,1,1,0,run,0,,,3/0
1047387,1,1,4,Rajhamany Srinivasan,M Vijay Kumar,Thangarasu Natarajan,2,2,0,run,0,,,5/0
1047387,1,1,5,Rajhamany Srinivasan,M Vijay Kumar,Thangarasu Natarajan,0,0,0,no run,0,,,5/0
1047387,1,1,6,Rajhamany Srinivasan,M Vijay Kumar,Thangarasu Natarajan,4,4,0,four,0,,,9/0
1047387,1,2,1,M Vijay Kumar,Rajhamany Srinivasan,Yamuna Sunny Kumar Singh,0,0,0,no run,0,,,9/0
1047387,1,2,2,M Vijay Kumar,Rajhamany Srinivasan,Yamuna Sunny Kumar Singh,1,0,1,leg bye,0,,,10/0
1047387,1,2,3,Rajhamany Srinivasan,M Vijay Kumar,Yamuna Sunny Kumar Singh,0,0,0,no run,0,,,10/0
1047387,1,2,4,Rajhamany Srinivasan,M Vijay Kumar,Yamuna Sunny Kumar Singh,1,1,0,run,0,,,11/0
1047387,1,2,5,M Vijay Kumar,Rajhamany Srinivasan,Yamuna Sunny Kumar Singh,1,1,0,run,0,,,12/0
1047387,1,2,6,Rajhamany Srinivasan,M Vijay Kumar,Yamuna Sunny Kumar Singh,1,1,0,run,0,,,13/0
1047387,1,3,1,Rajhamany Srinivasan,M Vijay Kumar,Thangarasu Natarajan,1,1,0,run,0,,,14/0
1047387,1,3,2,M Vijay Kumar,Rajhamany Srinivasan,Thangarasu Natarajan,1,0,1,leg bye,0,,,15/0
1047387,1,3,3,Rajhamany Srinivasan,M Vijay Kumar,Thangarasu Natarajan,2,2,0,run,0,,,17/0
1047387,1,3,4,Rajhamany Srinivasan,M Vijay Kumar,Thangarasu Natarajan,0,0,0,out,1,caught,Rajhamany Srinivasan,17/1
1047387,1,3,5,Subramaniam Badrinath,M Vijay Kumar,Thangarasu Natarajan,1,1,0,run,0,,,18/1
1047387,1,3,6,M Vijay Kumar,Subramaniam Badrinath,Thangarasu Natarajan,0,0,0,no run,0,,,18/1
1047387,1,4,1,Subramaniam Badrinath,M Vijay Kumar,MS Sanjay,1,1,0,run,0,,,19/1
1047387,1,4,2,M Vijay Kumar,Subramaniam Badrinath,MS Sanjay,1,1,0,run,0,,,20/1
1047387,1,4,3,Subramaniam Badrinath,M Vijay Kumar,MS Sanjay,0,0,0,no run,0,,,20/1
1047387,1,4,4,Subramaniam Badrinath,M Vijay Kumar,MS Sanjay,1,1,0,run,0,,,21/1
1047387,1,4,5,M Vijay Kumar,Subramaniam Badrinath,MS Sanjay,0,0,0,no run,0,,,21/1
1047387,1,4,6,M Vijay Kumar,Subramaniam Badrinath,MS Sanjay,4,4,0,four,0,,,25/1
1047387,1,5,1,Subramaniam Badrinath,M Vijay Kumar,Yamuna Sunny Kumar Singh,0,0,0,no run,0,,,25/1
1047387,1,5,2,Subramaniam Badrinath,M Vijay Kumar,Yamuna Sunny Kumar Singh,0,0,0,no run,0,,,25/1
1047387,1,5,3,Subramaniam Badrinath,M Vijay Kumar,Yamuna Sunny Kumar Singh,1,1,0,run,0,,,26/1
1047387,1,5,4,M Vijay Kumar,Subramaniam Badrinath,Yamuna Sunny Kumar Singh,0,0,0,no run,0,,,26/1
1047387,1,5,5,M Vijay Kumar,Subramaniam Badrinath,Yamuna Sunny Kumar Singh,0,0,0,out,1,caught,M Vijay Kumar,26/2
1047387,1,5,6,Subramaniam Badrinath,K Vishal Vaidhya,Yamuna Sunny Kumar Singh,4,4,0,four,0,,,30/2
1047387,1,6,1,K Vishal Vaidhya,Subramaniam Badrinath,ME Yazh Arun Mozhi,0,0,0,no run,0,,,30/2
1047387,1,6,2,K Vishal Vaidhya,Subramaniam Badrinath,ME Yazh Arun Mozhi,0,0,0,no run,0,,,30/2
1047387,1,6,3,K Vishal Vaidhya,Subramaniam Badrinath,ME Yazh Arun Mozhi,1,1,0,run,0,,,31/2
1047387,1,6,4,Subramaniam Badrinath,K Vishal Vaidhya,ME Yazh Arun Mozhi,4,4,0,four,0,,,35/2
1047387,1,6,5,Subramaniam Badrinath,K Vishal Vaidhya,ME Yazh Arun Mozhi,0,0,0,no run,0,,,35/2
1047387,1,6,6,Subramaniam Badrinath,K Vishal Vaidhya,ME Yazh Arun Mozhi,0,0,0,no run,0,,,35/2
1047387,1,7,1,K Vishal Vaidhya,Subramaniam Badrinath,Murugan Ashwin,1,1,0,run,0,,,36/2
1047387,1,7,2,Subramaniam Badrinath,K Vishal Vaidhya,Murugan Ashwin,1,1,0,run,0,,,37/2
1047387,1,7,3,K Vishal Vaidhya,Subramaniam Badrinath,Murugan Ashwin,1,0,1,leg bye,0,,,38/2
1047387,1,7,4,Subramaniam Badrinath,K Vishal Vaidhya,Murugan Ashwin,1,1,0,run,0,,,39/2
1047387,1,7,5,K Vishal Vaidhya,Subramaniam Badrinath,Murugan Ashwin,0,0,0,out,1,hit wicket,K Vishal Vaidhya,39/3
1047387,1,7,6,Srikkanth Anirudha,Subramaniam Badrinath,Murugan Ashwin,0,0,0,no run,0,,,39/3
1047387,1,8,1,Subramaniam Badrinath,Srikkanth Anirudha,MS Sanjay,0,0,0,no run,0,,,39/3
1047387,1,8,2,Subramaniam Badrinath,Srikkanth Anirudha,MS Sanjay,1,1,0,run,0,,,40/3
1047387,1,8,3,Srikkanth Anirudha,Subramaniam Badrinath,MS Sanjay,0,0,0,no run,0,,,40/3
1047387,1,8,4,Srikkanth Anirudha,Subramaniam Badrinath,MS Sanjay,1,1,0,run,0,,,41/3
1047387,1,8,5,Subramaniam Badrinath,Srikkanth Anirudha,MS Sanjay,0,0,0,no run,0,,,41/3
1047387,1,8,6,Subramaniam Badrinath,Srikkanth Anirudha,MS Sanjay,1,1,0,run,0,,,42/3
1047387,1,9,1,Subramaniam Badrinath,Srikkanth Anirudha,Murugan Ashwin,4,4,0,four,0,,,46/3
1047387,1,9,2,Subramaniam Badrinath,Srikkanth Anirudha,Murugan Ashwin,1,1,0,run,0,,,47/3
1047387,1,9,3,Srikkanth Anirudha,Subramaniam Badrinath,Murugan Ashwin,1,1,0,run,0,,,48/3
1047387,1,9,4,Subramaniam Badrinath,Srikkanth Anirudha,Murugan Ashwin,0,0,0,no run,0,,,48/3
1047387,1,9,5,Subramaniam Badrinath,Srikkanth Anirudha,Murugan Ashwin,0,0,0,no run,0,,,48/3
1047387,1,9,6,Subramaniam Badrinath,Srikkanth Anirudha,Murugan Ashwin,0,0,0,no run,0,,,48/3
1047387,1,10,1,Srikkanth Anirudha,Subramaniam Badrinath,ME Yazh Arun Mozhi,0,0,0,no run,0,,,48/3
1047387,1,10,2,Srikkanth Anirudha,Subramaniam Badrinath,ME Yazh Arun Mozhi,0,0,0,no run,0,,,48/3
1047387,1,10,3,Srikkanth Anirudha,Subramaniam Badrinath,ME Yazh Arun Mozhi,1,1,0,run,0,,,49/3
1047387,1,10,4,Subramaniam Badrinath,Srikkanth Anirudha,ME Yazh Arun Mozhi,0,0,0,no run,0,,,49/3
1047387,1,10,5,Subramaniam Badrinath,Srikkanth Anirudha,ME Yazh Arun Mozhi,0,0,0,no run,0,,,49/3
1047387,1,10,6,Subramaniam Badrinath,Srikkanth Anirudha,ME Yazh Arun Mozhi,0,0,0,no run,0,,,49/3
1047387,1,11,1,Srikkanth Anirudha,Subramaniam Badrinath,Yamuna Sunny Kumar Singh,0,0,0,no run,0,,,49/3
1047387,1,11,2,Srikkanth Anirudha,Subramaniam Badrinath,Yamuna Sunny Kumar Singh,2,2,0,run,0,,,51/3
1047387,1,11,3,Srikkanth Anirudha,Subramaniam Badrinath,Yamuna Sunny Kumar Singh,1,1,0,run,0,,,52/3
1047387,1,11,4,Subramaniam Badrinath,Srikkanth Anirudha,Yamuna Sunny Kumar Singh,1,1,0,run,0,,,53/3
1047387,1,11,5,Srikkanth Anirudha,Subramaniam Badrinath,Yamuna Sunny Kumar Singh,6,6,0,six,0,,,59/3
1047387,1,11,6,Srikkanth Anirudha,Subramaniam Badrinath,Yamuna Sunny Kumar Singh,1,1,0,run,0,,,60/3
1047387,1,12,1,Srikkanth Anirudha,Subramaniam Badrinath,ME Yazh Arun Mozhi,1,1,0,run,0,,,61/3
1047387,1,12,2,Subramaniam Badrinath,Srikkanth Anirudha,ME Yazh Arun Mozhi,0,0,0,no run,0,,,61/3
1047387,1,12,3,Subramaniam Badrinath,Srikkanth Anirudha,ME Yazh Arun Mozhi,0,0,0,no run,0,,,61/3
1047387,1,12,4,Subramaniam Badrinath,Srikkanth Anirudha,ME Yazh Arun Mozhi,1,1,0,run,0,,,62/3
1047387,1,12,5,Srikkanth Anirudha,Subramaniam Badrinath,ME Yazh Arun Mozhi,1,1,0,run,0,,,63/3
1047387,1,12,6,Subramaniam Badrinath,Srikkanth Anirudha,ME Yazh Arun Mozhi,1,1,0,run,0,,,64/3
1047387,1,13,1,Subramaniam Badrinath,Srikkanth Anirudha,Murugan Ashwin,0,0,0,no run,0,,,64/3
1047387,1,13,2,Subramaniam Badrinath,Srikkanth Anirudha,Murugan Ashwin,2,2,0,run,0,,,66/3
1047387,1,13,3,Subramaniam Badrinath,Srikkanth Anirudha,Murugan Ashwin,1,1,0,run,0,,,67/3
1047387,1,13,4,Srikkanth Anirudha,Subramaniam Badrinath,Murugan Ashwin,1,0,1,wide,0,,,68/3
1047387,1,13,5,Srikkanth Anirudha,Subramaniam Badrinath,Murugan Ashwin,1,1,0,run,0,,,69/3
1047387,1,13,6,Subramaniam Badrinath,Srikkanth Anirudha,Murugan Ashwin,0,0,0,out,1,caught,Subramaniam Badrinath,69/4
1047387,1,13,7,Chandrasekar Ganapathy,Srikkanth Anirudha,Murugan Ashwin,1,0,1,wide,0,,,70/4
1047387,1,13,8,Chandrasekar Ganapathy,Srikkanth Anirudha,Murugan Ashwin,1,1,0,run,0,,,71/4
1047387,1,14,1,Chandrasekar Ganapathy,Srikkanth Anirudha,MS Sanjay,0,0,0,no run,0,,,71/4
1047387,1,14,2,Chandrasekar Ganapathy,Srikkanth Anirudha,MS Sanjay,1,1,0,run,0,,,72/4
1047387,1,14,3,Srikkanth Anirudha,Chandrasekar Ganapathy,MS Sanjay,0,0,0,no run,0,,,72/4
1047387,1,14,4,Srikkanth Anirudha,Chandrasekar Ganapathy,MS Sanjay,1,1,0,run,0,,,73/4
1047387,1,14,5,Chandrasekar Ganapathy,Srikkanth Anirudha,MS Sanjay,0,0,0,no run,0,,,73/4
1047387,1,14,6,Chandrasekar Ganapathy,Srikkanth Anirudha,MS Sanjay,1,1,0,run,0,,,74/4
1047387,1,15,1,Chandrasekar Ganapathy,Srikkanth Anirudha,Yamuna Sunny Kumar Singh,1,1,0,run,0,,,75/4
1047387,1,15,2,Srikkanth Anirudha,Chandrasekar Ganapathy,Yamuna Sunny Kumar Singh,0,0,0,no run,0,,,75/4
1047387,1,15,3,Srikkanth Anirudha,Chandrasekar Ganapathy,Yamuna Sunny Kumar Singh,2,2,0,run,0,,,77/4
1047387,1,15,4,Srikkanth Anirudha,Chandrasekar Ganapathy,Yamuna Sunny Kumar Singh,4,4,0,four,0,,,81/4
1047387,1,15,5,Srikkanth Anirudha,Chandrasekar Ganapathy,Yamuna Sunny Kumar Singh,6,6,0,six,0,,,87/4
1047387,1,15,6,Srikkanth Anirudha,Chandrasekar Ganapathy,Yamuna Sunny Kumar Singh,1,1,0,run,0,,,88/4
1047387,1,16,1,Srikkanth Anirudha,Chandrasekar Ganapathy,ME Yazh Arun Mozhi,1,1,0,run,0,,,89/4
1047387,1,16,2,Chandrasekar Ganapathy,Srikkanth Anirudha,ME Yazh Arun Mozhi,4,4,0,four,0,,,93/4
1047387,1,16,3,Chandrasekar Ganapathy,Srikkanth Anirudha,ME Yazh Arun Mozhi,1,1,0,run,0,,,94/4
1047387,1,16,4,Srikkanth Anirudha,Chandrasekar Ganapathy,ME Yazh Arun Mozhi,1,1,0,run,0,,,95/4
1047387,1,16,5,Chandrasekar Ganapathy,Srikkanth Anirudha,ME Yazh Arun Mozhi,0,0,0,out,1,caught,Chandrasekar Ganapathy,95/5
1047387,1,16,6,R Rajkumar,Srikkanth Anirudha,ME Yazh Arun Mozhi,0,0,0,no run,0,,,95/5
1047387,1,17,1,Srikkanth Anirudha,R Rajkumar,MS Sanjay,1,1,0,run,0,,,96/5
1047387,1,17,2,R Rajkumar,Srikkanth Anirudha,MS Sanjay,1,1,0,run,0,,,97/5
1047387,1,17,3,Srikkanth Anirudha,R Rajkumar,MS Sanjay,2,2,0,run,0,,,99/5
1047387,1,17,4,Srikkanth Anirudha,R Rajkumar,MS Sanjay,1,1,0,run,0,,,100/5
1047387,1,17,5,R Rajkumar,Srikkanth Anirudha,MS Sanjay,1,1,0,run,0,,,101/5
1047387,1,17,6,Srikkanth Anirudha,R Rajkumar,MS Sanjay,0,0,0,no run,0,,,101/5
1047387,1,18,1,R Rajkumar,Srikkanth Anirudha,Thangarasu Natarajan,1,1,0,run,0,,,102/5
1047387,1,18,2,Srikkanth Anirudha,R Rajkumar,Thangarasu Natarajan,0,0,0,out,1,caught,Srikkanth Anirudha,102/6
1047387,1,18,3,R Rajkumar,0,Thangarasu Natarajan,0,0,0,no run,0,,,102/6
1047387,1,18,4,R Rajkumar,0,Thangarasu Natarajan,1,1,0,run,0,,,103/6
1047387,1,18,5,Shoaib Md Khan,R Rajkumar,Thangarasu Natarajan,0,0,0,no run,0,,,103/6
1047387,1,18,6,Shoaib Md Khan,R Rajkumar,Thangarasu Natarajan,1,1,0,run,0,,,104/6
1047387,1,19,1,Shoaib Md Khan,R Rajkumar,Murugan Ashwin,1,1,0,run,0,,,105/6
1047387,1,19,2,R Rajkumar,Shoaib Md Khan,Murugan Ashwin,1,1,0,run,0,,,106/6
1047387,1,19,3,Shoaib Md Khan,R Rajkumar,Murugan Ashwin,1,1,0,run,0,,,107/6
1047387,1,19,4,R Rajkumar,Shoaib Md Khan,Murugan Ashwin,6,6,0,six,0,,,113/6
1047387,1,19,5,R Rajkumar,Shoaib Md Khan,Murugan Ashwin,0,0,0,out,1,caught,R Rajkumar,113/7
1047387,1,19,6,Shoaib Md Khan,0,Murugan Ashwin,1,0,1,wide,0,,,114/7
1047387,1,19,7,Shoaib Md Khan,M Suresh Babu,Murugan Ashwin,4,4,0,four,0,,,118/7
1047387,1,20,1,M Suresh Babu,Shoaib Md Khan,Thangarasu Natarajan,0,0,0,out,1,bowled,M Suresh Babu,118/8
1047387,1,20,2,Ramsingh Sonu Yadav,Shoaib Md Khan,Thangarasu Natarajan,1,0,1,bye,0,,,119/8
1047387,1,20,3,Shoaib Md Khan,Ramsingh Sonu Yadav,Thangarasu Natarajan,1,0,1,bye,0,,,120/8
1047387,1,20,4,Ramsingh Sonu Yadav,Shoaib Md Khan,Thangarasu Natarajan,0,0,0,out,1,bowled,Ramsingh Sonu Yadav,120/9
1047387,1,20,5,S Mohan Prasath,Shoaib Md Khan,Thangarasu Natarajan,1,1,0,run,0,,,121/9
1047387,1,20,6,Shoaib Md Khan,S Mohan Prasath,Thangarasu Natarajan,4,4,0,four,0,,,125/9
1047387,2,1,1,Narayan Jagadeesan,0,Chandrasekar Ganapathy,0,0,0,no run,0,,,0/0
1047387,2,1,2,Narayan Jagadeesan,0,Chandrasekar Ganapathy,1,1,0,run,0,,,1/0
1047387,2,1,3,V Subramania Siva,Narayan Jagadeesan,Chandrasekar Ganapathy,4,4,0,four,0,,,5/0
1047387,2,1,4,V Subramania Siva,Narayan Jagadeesan,Chandrasekar Ganapathy,0,0,0,out,1,caught,V Subramania Siva,5/1
1047387,2,1,5,Ganga Sridhar Raju,Narayan Jagadeesan,Chandrasekar Ganapathy,0,0,0,no run,0,,,5/1
1047387,2,1,6,Ganga Sridhar Raju,Narayan Jagadeesan,Chandrasekar Ganapathy,0,0,0,no run,0,,,5/1
1047387,2,2,1,Narayan Jagadeesan,Ganga Sridhar Raju,Shoaib Md Khan,1,1,0,run,0,,,6/1
1047387,2,2,2,Ganga Sridhar Raju,Narayan Jagadeesan,Shoaib Md Khan,0,0,0,no run,0,,,6/1
1047387,2,2,3,Ganga Sridhar Raju,Narayan Jagadeesan,Shoaib Md Khan,2,0,2,leg bye,0,,,8/1
1047387,2,2,4,Ganga Sridhar Raju,Narayan Jagadeesan,Shoaib Md Khan,0,0,0,no run,0,,,8/1
1047387,2,2,5,Ganga Sridhar Raju,Narayan Jagadeesan,Shoaib Md Khan,4,4,0,four,0,,,12/1
1047387,2,2,6,Ganga Sridhar Raju,Narayan Jagadeesan,Shoaib Md Khan,1,1,0,run,0,,,13/1
1047387,2,3,1,Ganga Sridhar Raju,Narayan Jagadeesan,S Mohan Prasath,1,1,0,run,0,,,14/1
1047387,2,3,2,Narayan Jagadeesan,Ganga Sridhar Raju,S Mohan Prasath,1,1,0,run,0,,,15/1
1047387,2,3,3,Ganga Sridhar Raju,Narayan Jagadeesan,S Mohan Prasath,1,1,0,run,0,,,16/1
1047387,2,3,4,Narayan Jagadeesan,Ganga Sridhar Raju,S Mohan Prasath,1,1,0,run,0,,,17/1
1047387,2,3,5,Ganga Sridhar Raju,Narayan Jagadeesan,S Mohan Prasath,0,0,0,no run,0,,,17/1
1047387,2,3,6,Ganga Sridhar Raju,Narayan Jagadeesan,S Mohan Prasath,1,1,0,run,0,,,18/1
1047387,2,4,1,Ganga Sridhar Raju,Narayan Jagadeesan,Shoaib Md Khan,0,0,0,no run,0,,,18/1
1047387,2,4,2,Ganga Sridhar Raju,Narayan Jagadeesan,Shoaib Md Khan,0,0,0,no run,0,,,18/1
1047387,2,4,3,Ganga Sridhar Raju,Narayan Jagadeesan,Shoaib Md Khan,1,1,0,run,0,,,19/1
1047387,2,4,4,Narayan Jagadeesan,Ganga Sridhar Raju,Shoaib Md Khan,0,0,0,no run,0,,,19/1
1047387,2,4,5,Narayan Jagadeesan,Ganga Sridhar Raju,Shoaib Md Khan,1,1,0,run,0,,,20/1
1047387,2,4,6,Ganga Sridhar Raju,Narayan Jagadeesan,Shoaib Md Khan,1,1,0,run,0,,,21/1
1047387,2,5,1,Ganga Sridhar Raju,Narayan Jagadeesan,S Mohan Prasath,4,4,0,four,0,,,25/1
1047387,2,5,2,Ganga Sridhar Raju,Narayan Jagadeesan,S Mohan Prasath,1,1,0,run,0,,,26/1
1047387,2,5,3,Narayan Jagadeesan,Ganga Sridhar Raju,S Mohan Prasath,0,0,0,no run,0,,,26/1
1047387,2,5,4,Narayan Jagadeesan,Ganga Sridhar Raju,S Mohan Prasath,0,0,0,no run,0,,,26/1
1047387,2,5,5,Narayan Jagadeesan,Ganga Sridhar Raju,S Mohan Prasath,1,1,0,run,0,,,27/1
1047387,2,5,6,Ganga Sridhar Raju,Narayan Jagadeesan,S Mohan Prasath,1,1,0,run,0,,,28/1
1047387,2,6,1,Ganga Sridhar Raju,Narayan Jagadeesan,Chandrasekar Ganapathy,0,0,0,no run,0,,,28/1
1047387,2,6,2,Ganga Sridhar Raju,Narayan Jagadeesan,Chandrasekar Ganapathy,0,0,0,no run,0,,,28/1
1047387,2,6,3,Ganga Sridhar Raju,Narayan Jagadeesan,Chandrasekar Ganapathy,0,0,0,no run,0,,,28/1
1047387,2,6,4,Ganga Sridhar Raju,Narayan Jagadeesan,Chandrasekar Ganapathy,1,0,1,wide,0,,,29/1
1047387,2,6,5,Ganga Sridhar Raju,Narayan Jagadeesan,Chandrasekar Ganapathy,1,1,0,run,0,,,30/1
1047387,2,6,6,Narayan Jagadeesan,Ganga Sridhar Raju,Chandrasekar Ganapathy,4,4,0,four,0,,,34/1
1047387,2,6,7,Narayan Jagadeesan,Ganga Sridhar Raju,Chandrasekar Ganapathy,0,0,0,out,1,caught,Narayan Jagadeesan,34/2
1047387,2,7,1,Ganga Sridhar Raju,0,Ramsingh Sonu Yadav,1,1,0,run,0,,,35/2
1047387,2,7,2,Wilkins Joseph Victor,Ganga Sridhar Raju,Ramsingh Sonu Yadav,0,0,0,no run,0,,,35/2
1047387,2,7,3,Wilkins Joseph Victor,Ganga Sridhar Raju,Ramsingh Sonu Yadav,1,1,0,run,0,,,36/2
1047387,2,7,4,Ganga Sridhar Raju,Wilkins Joseph Victor,Ramsingh Sonu Yadav,1,0,1,wide,0,,,37/2
1047387,2,7,5,Ganga Sridhar Raju,Wilkins Joseph Victor,Ramsingh Sonu Yadav,2,2,0,run,0,,,39/2
1047387,2,7,6,Ganga Sridhar Raju,Wilkins Joseph Victor,Ramsingh Sonu Yadav,4,4,0,four,0,,,43/2
1047387,2,7,7,Ganga Sridhar Raju,Wilkins Joseph Victor,Ramsingh Sonu Yadav,4,4,0,four,0,,,47/2
1047387,2,8,1,Wilkins Joseph Victor,Ganga Sridhar Raju,R Rajkumar,1,1,0,run,0,,,48/2
1047387,2,8,2,Ganga Sridhar Raju,Wilkins Joseph Victor,R Rajkumar,4,4,0,four,0,,,52/2
1047387,2,8,3,Ganga Sridhar Raju,Wilkins Joseph Victor,R Rajkumar,0,0,0,no run,0,,,52/2
1047387,2,8,4,Ganga Sridhar Raju,Wilkins Joseph Victor,R Rajkumar,0,0,0,no run,0,,,52/2
1047387,2,8,5,Ganga Sridhar Raju,Wilkins Joseph Victor,R Rajkumar,1,1,0,run,0,,,53/2
1047387,2,8,6,Wilkins Joseph Victor,Ganga Sridhar Raju,R Rajkumar,1,1,0,run,0,,,54/2
1047387,2,9,1,Wilkins Joseph Victor,Ganga Sridhar Raju,M Suresh Babu,4,4,0,four,0,,,58/2
1047387,2,9,2,Wilkins Joseph Victor,Ganga Sridhar Raju,M Suresh Babu,0,0,0,no run,0,,,58/2
1047387,2,9,3,Wilkins Joseph Victor,Ganga Sridhar Raju,M Suresh Babu,1,1,0,run,0,,,59/2
1047387,2,9,4,Ganga Sridhar Raju,Wilkins Joseph Victor,M Suresh Babu,0,0,0,no run,0,,,59/2
1047387,2,9,5,Ganga Sridhar Raju,Wilkins Joseph Victor,M Suresh Babu,1,1,0,run,0,,,60/2
1047387,2,9,6,Wilkins Joseph Victor,Ganga Sridhar Raju,M Suresh Babu,1,1,0,run,0,,,61/2
1047387,2,10,1,Wilkins Joseph Victor,Ganga Sridhar Raju,R Rajkumar,1,1,0,run,0,,,62/2
1047387,2,10,2,Ganga Sridhar Raju,Wilkins Joseph Victor,R Rajkumar,1,1,0,run,0,,,63/2
1047387,2,10,3,Wilkins Joseph Victor,Ganga Sridhar Raju,R Rajkumar,1,1,0,run,0,,,64/2
1047387,2,10,4,Ganga Sridhar Raju,Wilkins Joseph Victor,R Rajkumar,1,1,0,run,0,,,65/2
1047387,2,10,5,Wilkins Joseph Victor,Ganga Sridhar Raju,R Rajkumar,0,0,0,no run,0,,,65/2
1047387,2,10,6,Wilkins Joseph Victor,Ganga Sridhar Raju,R Rajkumar,1,1,0,run,0,,,66/2
1047387,2,11,1,Wilkins Joseph Victor,Ganga Sridhar Raju,M Suresh Babu,0,0,0,no run,0,,,66/2
1047387,2,11,2,Wilkins Joseph Victor,Ganga Sridhar Raju,M Suresh Babu,1,1,0,run,0,,,67/2
1047387,2,11,3,Ganga Sridhar Raju,Wilkins Joseph Victor,M Suresh Babu,1,1,0,run,0,,,68/2
1047387,2,11,4,Wilkins Joseph Victor,Ganga Sridhar Raju,M Suresh Babu,4,4,0,four,0,,,72/2
1047387,2,11,5,Wilkins Joseph Victor,Ganga Sridhar Raju,M Suresh Babu,0,0,0,no run,0,,,72/2
1047387,2,11,6,Wilkins Joseph Victor,Ganga Sridhar Raju,M Suresh Babu,0,0,0,no run,0,,,72/2
1047387,2,12,1,Ganga Sridhar Raju,Wilkins Joseph Victor,Shoaib Md Khan,1,1,0,run,0,,,73/2
1047387,2,12,2,Wilkins Joseph Victor,Ganga Sridhar Raju,Shoaib Md Khan,1,1,0,run,0,,,74/2
1047387,2,12,3,Ganga Sridhar Raju,Wilkins Joseph Victor,Shoaib Md Khan,1,1,0,run,0,,,75/2
1047387,2,12,4,Wilkins Joseph Victor,Ganga Sridhar Raju,Shoaib Md Khan,1,1,0,run,0,,,76/2
1047387,2,12,5,Ganga Sridhar Raju,Wilkins Joseph Victor,Shoaib Md Khan,1,1,0,run,0,,,77/2
1047387,2,12,6,Wilkins Joseph Victor,Ganga Sridhar Raju,Shoaib Md Khan,1,1,0,run,0,,,78/2
1047387,2,13,1,Wilkins Joseph Victor,Ganga Sridhar Raju,S Mohan Prasath,4,4,0,four,0,,,82/2
1047387,2,13,2,Wilkins Joseph Victor,Ganga Sridhar Raju,S Mohan Prasath,0,0,0,no run,0,,,82/2
1047387,2,13,3,Wilkins Joseph Victor,Ganga Sridhar Raju,S Mohan Prasath,1,1,0,run,0,,,83/2
1047387,2,13,4,Ganga Sridhar Raju,Wilkins Joseph Victor,S Mohan Prasath,0,0,0,no run,0,,,83/2
1047387,2,13,5,Ganga Sridhar Raju,Wilkins Joseph Victor,S Mohan Prasath,0,0,0,no run,0,,,83/2
1047387,2,13,6,Ganga Sridhar Raju,Wilkins Joseph Victor,S Mohan Prasath,0,0,0,no run,0,,,83/2
1047387,2,14,1,Wilkins Joseph Victor,Ganga Sridhar Raju,R Rajkumar,0,0,0,no run,0,,,83/2
1047387,2,14,2,Wilkins Joseph Victor,Ganga Sridhar Raju,R Rajkumar,2,2,0,run,0,,,85/2
1047387,2,14,3,Wilkins Joseph Victor,Ganga Sridhar Raju,R Rajkumar,6,6,0,six,0,,,91/2
1047387,2,14,4,Wilkins Joseph Victor,Ganga Sridhar Raju,R Rajkumar,1,1,0,run,0,,,92/2
1047387,2,14,5,Ganga Sridhar Raju,Wilkins Joseph Victor,R Rajkumar,1,1,0,run,0,,,93/2
1047387,2,14,6,Wilkins Joseph Victor,Ganga Sridhar Raju,R Rajkumar,3,4,-1,four,0,,,96/2
1047387,2,15,1,Ganga Sridhar Raju,Wilkins Joseph Victor,Chandrasekar Ganapathy,1,1,0,run,0,,,97/2
1047387,2,15,2,Wilkins Joseph Victor,Ganga Sridhar Raju,Chandrasekar Ganapathy,4,4,0,four,0,,,101/2
1047387,2,15,3,Wilkins Joseph Victor,Ganga Sridhar Raju,Chandrasekar Ganapathy,0,0,0,no run,0,,,101/2
1047387,2,15,4,Wilkins Joseph Victor,Ganga Sridhar Raju,Chandrasekar Ganapathy,6,6,0,six,0,,,107/2
1047387,2,15,5,Wilkins Joseph Victor,Ganga Sridhar Raju,Chandrasekar Ganapathy,0,0,0,no run,0,,,107/2
1047387,2,15,6,Wilkins Joseph Victor,Ganga Sridhar Raju,Chandrasekar Ganapathy,1,1,0,run,0,,,108/2
1047387,2,16,1,Wilkins Joseph Victor,Ganga Sridhar Raju,M Suresh Babu,1,1,0,run,0,,,109/2
1047387,2,16,2,Ganga Sridhar Raju,Wilkins Joseph Victor,M Suresh Babu,6,6,0,six,0,,,115/2
1047387,2,16,3,Ganga Sridhar Raju,Wilkins Joseph Victor,M Suresh Babu,6,6,0,six,0,,,121/2
1047387,2,16,4,Ganga Sridhar Raju,Wilkins Joseph Victor,M Suresh Babu,1,0,1,wide,0,,,122/2
1047387,2,16,5,Ganga Sridhar Raju,Wilkins Joseph Victor,M Suresh Babu,1,1,0,run,0,,,123/2
1047387,2,16,6,Wilkins Joseph Victor,Ganga Sridhar Raju,M Suresh Babu,0,0,0,out,1,caught,Wilkins Joseph Victor,123/3
1047387,2,16,7,S Raghunath,Ganga Sridhar Raju,M Suresh Babu,0,0,0,no run,0,,,123/3
1047387,2,17,1,Ganga Sridhar Raju,S Raghunath,S Mohan Prasath,1,1,0,run,0,,,124/3
1047387,2,17,2,S Raghunath,Ganga Sridhar Raju,S Mohan Prasath,1,1,0,run,0,,,125/3
1047387,2,17,3,Ganga Sridhar Raju,S Raghunath,S Mohan Prasath,1,1,0,run,0,,,126/3
1047389,1,1,1,Kumaran Bharath Shankar,0,Washington Sundar,0,0,0,no run,0,,,0/0
1047389,1,1,2,Kumaran Bharath Shankar,0,Washington Sundar,1,1,0,run,0,,,1/0
1047389,1,1,3,R Nilesh Subramanian,Kumaran Bharath Shankar,Washington Sundar,1,1,0,run,0,,,2/0
1047389,1,1,4,Kumaran Bharath Shankar,R Nilesh Subramanian,Washington Sundar,4,4,0,four,0,,,6/0
1047389,1,1,5,Kumaran Bharath Shankar,R Nilesh Subramanian,Washington Sundar,1,1,0,run,0,,,7/0
1047389,1,1,6,R Nilesh Subramanian,Kumaran Bharath Shankar,Washington Sundar,0,0,0,no run,0,,,7/0
1047389,1,2,1,Kumaran Bharath Shankar,R Nilesh Subramanian,Lakshmipathy Balaji,1,0,1,wide,0,,,8/0
1047389,1,2,2,Kumaran Bharath Shankar,R Nilesh Subramanian,Lakshmipathy Balaji,1,1,0,run,0,,,9/0
1047389,1,2,3,R Nilesh Subramanian,Kumaran Bharath Shankar,Lakshmipathy Balaji,0,0,0,no run,0,,,9/0
1047389,1,2,4,R Nilesh Subramanian,Kumaran Bharath Shankar,Lakshmipathy Balaji,0,0,0,no run,0,,,9/0
1047389,1,2,5,R Nilesh Subramanian,Kumaran Bharath Shankar,Lakshmipathy Balaji,1,1,0,run,0,,,10/0
1047389,1,2,6,Kumaran Bharath Shankar,R Nilesh Subramanian,Lakshmipathy Balaji,0,0,0,no run,0,,,10/0
1047389,1,2,7,Kumaran Bharath Shankar,R Nilesh Subramanian,Lakshmipathy Balaji,6,6,0,six,0,,,16/0
1047389,1,3,1,R Nilesh Subramanian,Kumaran Bharath Shankar,V Athisayaraj Davidson,1,1,0,run,0,,,17/0
1047389,1,3,2,Kumaran Bharath Shankar,R Nilesh Subramanian,V Athisayaraj Davidson,0,0,0,no run,0,,,17/0
1047389,1,3,3,Kumaran Bharath Shankar,R Nilesh Subramanian,V Athisayaraj Davidson,0,0,0,no run,0,,,17/0
1047389,1,3,4,Kumaran Bharath Shankar,R Nilesh Subramanian,V Athisayaraj Davidson,0,0,0,out,1,caught,Kumaran Bharath Shankar,17/1
1047389,1,3,5,R Nilesh Subramanian,0,V Athisayaraj Davidson,1,1,0,run,0,,,18/1
1047389,1,3,6,S Siddharth,R Nilesh Subramanian,V Athisayaraj Davidson,0,0,0,no run,0,,,18/1
1047389,1,4,1,R Nilesh Subramanian,S Siddharth,Antony Chandrasekaran Aswin Crist,2,2,0,run,0,,,20/1
1047389,1,4,2,R Nilesh Subramanian,S Siddharth,Antony Chandrasekaran Aswin Crist,0,0,0,no run,0,,,20/1
1047389,1,4,3,R Nilesh Subramanian,S Siddharth,Antony Chandrasekaran Aswin Crist,1,1,0,run,0,,,21/1
1047389,1,4,4,S Siddharth,R Nilesh Subramanian,Antony Chandrasekaran Aswin Crist,1,1,0,run,0,,,22/1
1047389,1,4,5,R Nilesh Subramanian,S Siddharth,Antony Chandrasekaran Aswin Crist,0,0,0,no run,0,,,22/1
1047389,1,4,6,R Nilesh Subramanian,S Siddharth,Antony Chandrasekaran Aswin Crist,4,4,0,four,0,,,26/1
1047389,1,5,1,S Siddharth,R Nilesh Subramanian,V Athisayaraj Davidson,1,1,0,run,0,,,27/1
1047389,1,5,2,R Nilesh Subramanian,S Siddharth,V Athisayaraj Davidson,0,0,0,no run,0,,,27/1
1047389,1,5,3,R Nilesh Subramanian,S Siddharth,V Athisayaraj Davidson,4,4,0,four,0,,,31/1
1047389,1,5,4,R Nilesh Subramanian,S Siddharth,V Athisayaraj Davidson,1,1,0,run,0,,,32/1
1047389,1,5,5,S Siddharth,R Nilesh Subramanian,V Athisayaraj Davidson,4,4,0,four,0,,,36/1
1047389,1,5,6,S Siddharth,R Nilesh Subramanian,V Athisayaraj Davidson,1,1,0,run,0,,,37/1
1047389,1,6,1,S Siddharth,R Nilesh Subramanian,Antony Chandrasekaran Aswin Crist,0,0,0,out,1,bowled,S Siddharth,37/2
1047389,1,6,2,Baba Indrajith,R Nilesh Subramanian,Antony Chandrasekaran Aswin Crist,0,0,0,no run,0,,,37/2
1047389,1,6,3,Baba Indrajith,R Nilesh Subramanian,Antony Chandrasekaran Aswin Crist,1,1,0,run,0,,,38/2
1047389,1,6,4,R Nilesh Subramanian,Baba Indrajith,Antony Chandrasekaran Aswin Crist,1,1,0,run,0,,,39/2
1047389,1,6,5,Baba Indrajith,R Nilesh Subramanian,Antony Chandrasekaran Aswin Crist,1,1,0,run,0,,,40/2
1047389,1,6,6,R Nilesh Subramanian,Baba Indrajith,Antony Chandrasekaran Aswin Crist,0,0,0,no run,0,,,40/2
1047389,1,7,1,Baba Indrajith,R Nilesh Subramanian,Lakshmipathy Balaji,1,1,0,run,0,,,41/2
1047389,1,7,2,R Nilesh Subramanian,Baba Indrajith,Lakshmipathy Balaji,1,1,0,run,0,,,42/2
1047389,1,7,3,Baba Indrajith,R Nilesh Subramanian,Lakshmipathy Balaji,0,0,0,no run,0,,,42/2
1047389,1,7,4,Baba Indrajith,R Nilesh Subramanian,Lakshmipathy Balaji,1,1,0,run,0,,,43/2
1047389,1,7,5,R Nilesh Subramanian,Baba Indrajith,Lakshmipathy Balaji,1,1,0,run,0,,,44/2
1047389,1,7,6,Baba Indrajith,R Nilesh Subramanian,Lakshmipathy Balaji,0,0,0,no run,0,,,44/2
1047389,1,8,1,R Nilesh Subramanian,Baba Indrajith,Raju Aushik Srinivas,0,0,0,no run,0,,,44/2
1047389,1,8,2,R Nilesh Subramanian,Baba Indrajith,Raju Aushik Srinivas,1,1,0,run,0,,,45/2
1047389,1,8,3,Baba Indrajith,R Nilesh Subramanian,Raju Aushik Srinivas,0,0,0,no run,0,,,45/2
1047389,1,8,4,Baba Indrajith,R Nilesh Subramanian,Raju Aushik Srinivas,1,1,0,run,0,,,46/2
1047389,1,8,5,R Nilesh Subramanian,Baba Indrajith,Raju Aushik Srinivas,2,2,0,run,0,,,48/2
1047389,1,8,6,R Nilesh Subramanian,Baba Indrajith,Raju Aushik Srinivas,0,0,0,no run,0,,,48/2
1047389,1,9,1,Baba Indrajith,R Nilesh Subramanian,Akash Sumra,1,1,0,run,0,,,49/2
1047389,1,9,2,R Nilesh Subramanian,Baba Indrajith,Akash Sumra,4,4,0,four,0,,,53/2
1047389,1,9,3,R Nilesh Subramanian,Baba Indrajith,Akash Sumra,0,0,0,no run,0,,,53/2
1047389,1,9,4,R Nilesh Subramanian,Baba Indrajith,Akash Sumra,6,6,0,six,0,,,59/2
1047389,1,9,5,R Nilesh Subramanian,Baba Indrajith,Akash Sumra,1,1,0,run,0,,,60/2
1047389,1,9,6,Baba Indrajith,R Nilesh Subramanian,Akash Sumra,1,1,0,run,0,,,61/2
1047389,1,10,1,Baba Indrajith,R Nilesh Subramanian,Raju Aushik Srinivas,2,2,0,run,0,,,63/2
1047389,1,10,2,Baba Indrajith,R Nilesh Subramanian,Raju Aushik Srinivas,1,1,0,run,0,,,64/2
1047389,1,10,3,R Nilesh Subramanian,Baba Indrajith,Raju Aushik Srinivas,0,0,0,out,1,leg before wicket,R Nilesh Subramanian,64/3
1047389,1,10,4,Masood Shahrukh Khan,Baba Indrajith,Raju Aushik Srinivas,1,1,0,run,0,,,65/3
1047389,1,10,5,Baba Indrajith,Masood Shahrukh Khan,Raju Aushik Srinivas,1,1,0,run,0,,,66/3
1047389,1,10,6,Masood Shahrukh Khan,Baba Indrajith,Raju Aushik Srinivas,1,1,0,run,0,,,67/3
1047389,1,11,1,Masood Shahrukh Khan,Baba Indrajith,Antony Chandrasekaran Aswin Crist,1,1,0,run,0,,,68/3
1047389,1,11,2,Baba Indrajith,Masood Shahrukh Khan,Antony Chandrasekaran Aswin Crist,0,0,0,no run,0,,,68/3
1047389,1,11,3,Baba Indrajith,Masood Shahrukh Khan,Antony Chandrasekaran Aswin Crist,1,1,0,run,0,,,69/3
1047389,1,11,4,Masood Shahrukh Khan,Baba Indrajith,Antony Chandrasekaran Aswin Crist,0,0,0,no run,0,,,69/3
1047389,1,11,5,Masood Shahrukh Khan,Baba Indrajith,Antony Chandrasekaran Aswin Crist,1,1,0,run,0,,,70/3
1047389,1,11,6,Baba Indrajith,Masood Shahrukh Khan,Antony Chandrasekaran Aswin Crist,1,1,0,run,0,,,71/3
1047389,1,12,1,Baba Indrajith,Masood Shahrukh Khan,Lakshmipathy Balaji,1,1,0,run,0,,,72/3
1047389,1,12,2,Masood Shahrukh Khan,Baba Indrajith,Lakshmipathy Balaji,6,6,0,six,0,,,78/3
1047389,1,12,3,Masood Shahrukh Khan,Baba Indrajith,Lakshmipathy Balaji,1,1,0,run,0,,,79/3
1047389,1,12,4,Baba Indrajith,Masood Shahrukh Khan,Lakshmipathy Balaji,1,1,0,run,0,,,80/3
1047389,1,12,5,Masood Shahrukh Khan,Baba Indrajith,Lakshmipathy Balaji,0,0,0,no run,0,,,80/3
1047389,1,12,6,Masood Shahrukh Khan,Baba Indrajith,Lakshmipathy Balaji,1,1,0,run,0,,,81/3
1047389,1,13,1,Masood Shahrukh Khan,Baba Indrajith,Washington Sundar,1,1,0,run,0,,,82/3
1047389,1,13,2,Baba Indrajith,Masood Shahrukh Khan,Washington Sundar,1,1,0,run,0,,,83/3
1047389,1,13,3,Masood Shahrukh Khan,Baba Indrajith,Washington Sundar,1,1,0,run,0,,,84/3
1047389,1,13,4,Baba Indrajith,Masood Shahrukh Khan,Washington Sundar,1,1,0,run,0,,,85/3
1047389,1,13,5,Masood Shahrukh Khan,Baba Indrajith,Washington Sundar,0,0,0,out,1,caught,Masood Shahrukh Khan,85/4
1047389,1,13,6,Jagatheesan Kousik,Baba Indrajith,Washington Sundar,1,1,0,run,0,,,86/4
1047389,1,14,1,Jagatheesan Kousik,Baba Indrajith,V Athisayaraj Davidson,1,0,1,leg bye,0,,,87/4
1047389,1,14,2,Baba Indrajith,Jagatheesan Kousik,V Athisayaraj Davidson,1,1,0,run,0,,,88/4
1047389,1,14,3,Jagatheesan Kousik,Baba Indrajith,V Athisayaraj Davidson,0,0,0,no run,0,,,88/4
1047389,1,14,4,Jagatheesan Kousik,Baba Indrajith,V Athisayaraj Davidson,0,0,0,no run,0,,,88/4
1047389,1,14,5,Jagatheesan Kousik,Baba Indrajith,V Athisayaraj Davidson,0,0,0,no run,0,,,88/4
1047389,1,14,6,Jagatheesan Kousik,Baba Indrajith,V Athisayaraj Davidson,6,6,0,six,0,,,94/4
1047389,1,15,1,Baba Indrajith,Jagatheesan Kousik,Washington Sundar,1,1,0,run,0,,,95/4
1047389,1,15,2,Jagatheesan Kousik,Baba Indrajith,Washington Sundar,1,1,0,run,0,,,96/4
1047389,1,15,3,Baba Indrajith,Jagatheesan Kousik,Washington Sundar,0,0,0,no run,0,,,96/4
1047389,1,15,4,Baba Indrajith,Jagatheesan Kousik,Washington Sundar,0,0,0,no run,0,,,96/4
1047389,1,15,5,Baba Indrajith,Jagatheesan Kousik,Washington Sundar,1,1,0,run,0,,,97/4
1047389,1,15,6,Jagatheesan Kousik,Baba Indrajith,Washington Sundar,1,1,0,run,0,,,98/4
1047389,1,16,1,Jagatheesan Kousik,Baba Indrajith,Raju Aushik Srinivas,1,1,0,run,0,,,99/4
1047389,1,16,2,Baba Indrajith,Jagatheesan Kousik,Raju Aushik Srinivas,1,1,0,run,0,,,100/4
1047389,1,16,3,Jagatheesan Kousik,Baba Indrajith,Raju Aushik Srinivas,1,1,0,run,0,,,101/4
1047389,1,16,4,Baba Indrajith,Jagatheesan Kousik,Raju Aushik Srinivas,4,4,0,four,0,,,105/4
1047389,1,16,5,Baba Indrajith,Jagatheesan Kousik,Raju Aushik Srinivas,1,1,0,run,0,,,106/4
1047389,1,16,6,Jagatheesan Kousik,Baba Indrajith,Raju Aushik Srinivas,1,1,0,run,0,,,107/4
1047389,1,17,1,Jagatheesan Kousik,Baba Indrajith,Washington Sundar,0,0,0,no run,0,,,107/4
1047389,1,17,2,Jagatheesan Kousik,Baba Indrajith,Washington Sundar,6,6,0,six,0,,,113/4
1047389,1,17,3,Jagatheesan Kousik,Baba Indrajith,Washington Sundar,1,1,0,run,0,,,114/4
1047389,1,17,4,Baba Indrajith,Jagatheesan Kousik,Washington Sundar,1,1,0,run,0,,,115/4
1047389,1,17,5,Jagatheesan Kousik,Baba Indrajith,Washington Sundar,1,1,0,run,0,,,116/4
1047389,1,17,6,Baba Indrajith,Jagatheesan Kousik,Washington Sundar,1,1,0,run,0,,,117/4
1047389,1,18,1,Baba Indrajith,Jagatheesan Kousik,Antony Chandrasekaran Aswin Crist,0,0,0,out,1,caught,Baba Indrajith,117/5
1047389,1,18,2,Jagatheesan Kousik,0,Antony Chandrasekaran Aswin Crist,1,1,0,run,0,,,118/5
1047389,1,18,3,Akkil Srinaath,Jagatheesan Kousik,Antony Chandrasekaran Aswin Crist,1,1,0,run,0,,,119/5
1047389,1,18,4,Jagatheesan Kousik,Akkil Srinaath,Antony Chandrasekaran Aswin Crist,1,1,0,run,0,,,120/5
1047389,1,18,5,Akkil Srinaath,Jagatheesan Kousik,Antony Chandrasekaran Aswin Crist,0,0,0,out,1,caught,Akkil Srinaath,120/6
1047389,1,18,6,Jagatheesan Kousik,Alagh Chelliah Prathiban,Antony Chandrasekaran Aswin Crist,1,1,0,run,0,,,121/6
1047389,1,19,1,Jagatheesan Kousik,Alagh Chelliah Prathiban,Lakshmipathy Balaji,4,4,0,four,0,,,125/6
1047389,1,19,2,Jagatheesan Kousik,Alagh Chelliah Prathiban,Lakshmipathy Balaji,6,6,0,six,0,,,131/6
1047389,1,19,3,Jagatheesan Kousik,Alagh Chelliah Prathiban,Lakshmipathy Balaji,2,2,0,run,0,,,133/6
1047389,1,19,4,Jagatheesan Kousik,Alagh Chelliah Prathiban,Lakshmipathy Balaji,1,1,0,run,0,,,134/6
1047389,1,19,5,Alagh Chelliah Prathiban,Jagatheesan Kousik,Lakshmipathy Balaji,0,0,0,no run,0,,,134/6
1047389,1,19,6,Alagh Chelliah Prathiban,Jagatheesan Kousik,Lakshmipathy Balaji,1,1,0,run,0,,,135/6
1047389,1,20,1,Alagh Chelliah Prathiban,Jagatheesan Kousik,V Athisayaraj Davidson,1,1,0,run,0,,,136/6
1047389,1,20,2,Jagatheesan Kousik,Alagh Chelliah Prathiban,V Athisayaraj Davidson,6,6,0,six,0,,,142/6
1047389,1,20,3,Jagatheesan Kousik,Alagh Chelliah Prathiban,V Athisayaraj Davidson,1,1,0,run,0,,,143/6
1047389,1,20,4,Alagh Chelliah Prathiban,Jagatheesan Kousik,V Athisayaraj Davidson,1,1,0,run,0,,,144/6
1047389,1,20,5,Jagatheesan Kousik,Alagh Chelliah Prathiban,V Athisayaraj Davidson,0,0,0,out,1,caught,Jagatheesan Kousik,144/7
1047389,1,20,6,Alagh Chelliah Prathiban,Jagannathan Kaushik,V Athisayaraj Davidson,1,1,0,run,0,run out,Alagh Chelliah Prathiban,145/7
1047389,2,1,1,Kaushik Mohan Gandhi,0,Murthy Prabhu,0,0,0,no run,0,,,0/0
1047389,2,1,2,Kaushik Mohan Gandhi,0,Murthy Prabhu,0,0,0,no run,0,,,0/0
1047389,2,1,3,Kaushik Mohan Gandhi,0,Murthy Prabhu,0,0,0,no run,0,,,0/0
1047389,2,1,4,Kaushik Mohan Gandhi,0,Murthy Prabhu,2,2,0,run,0,,,2/0
1047389,2,1,5,Kaushik Mohan Gandhi,0,Murthy Prabhu,1,1,0,run,0,,,3/0
1047389,2,1,6,Umashankar Sushil,Kaushik Mohan Gandhi,Murthy Prabhu,1,1,0,run,0,,,4/0
1047389,2,2,1,Umashankar Sushil,Kaushik Mohan Gandhi,Jagannathan Kaushik,1,1,0,run,0,,,5/0
1047389,2,2,2,Kaushik Mohan Gandhi,Umashankar Sushil,Jagannathan Kaushik,4,4,0,four,0,,,9/0
1047389,2,2,3,Kaushik Mohan Gandhi,Umashankar Sushil,Jagannathan Kaushik,0,0,0,no run,0,,,9/0
1047389,2,2,4,Kaushik Mohan Gandhi,Umashankar Sushil,Jagannathan Kaushik,0,0,0,no run,0,,,9/0
1047389,2,2,5,Kaushik Mohan Gandhi,Umashankar Sushil,Jagannathan Kaushik,0,0,0,no run,0,,,9/0
1047389,2,2,6,Kaushik Mohan Gandhi,Umashankar Sushil,Jagannathan Kaushik,1,1,0,run,0,,,10/0
1047389,2,3,1,Kaushik Mohan Gandhi,Umashankar Sushil,Murthy Prabhu,6,6,0,six,0,,,16/0
1047389,2,3,2,Kaushik Mohan Gandhi,Umashankar Sushil,Murthy Prabhu,1,1,0,run,0,,,17/0
1047389,2,3,3,Umashankar Sushil,Kaushik Mohan Gandhi,Murthy Prabhu,0,0,0,no run,0,,,17/0
1047389,2,3,4,Umashankar Sushil,Kaushik Mohan Gandhi,Murthy Prabhu,0,0,0,no run,0,,,17/0
1047389,2,3,5,Umashankar Sushil,Kaushik Mohan Gandhi,Murthy Prabhu,4,4,0,four,0,,,21/0
1047389,2,3,6,Umashankar Sushil,Kaushik Mohan Gandhi,Murthy Prabhu,1,1,0,run,0,,,22/0
1047389,2,4,1,Umashankar Sushil,Kaushik Mohan Gandhi,Jagannathan Kaushik,4,4,0,four,0,,,26/0
1047389,2,4,2,Umashankar Sushil,Kaushik Mohan Gandhi,Jagannathan Kaushik,0,0,0,no run,0,,,26/0
1047389,2,4,3,Umashankar Sushil,Kaushik Mohan Gandhi,Jagannathan Kaushik,0,0,0,no run,0,,,26/0
1047389,2,4,4,Umashankar Sushil,Kaushik Mohan Gandhi,Jagannathan Kaushik,1,1,0,run,0,,,27/0
1047389,2,4,5,Kaushik Mohan Gandhi,Umashankar Sushil,Jagannathan Kaushik,0,0,0,no run,0,,,27/0
1047389,2,4,6,Kaushik Mohan Gandhi,Umashankar Sushil,Jagannathan Kaushik,4,4,0,four,0,,,31/0
1047389,2,5,1,Umashankar Sushil,Kaushik Mohan Gandhi,Rajamani Jesuraj,4,4,0,four,0,,,35/0
1047389,2,5,2,Umashankar Sushil,Kaushik Mohan Gandhi,Rajamani Jesuraj,1,1,0,run,0,,,36/0
1047389,2,5,3,Kaushik Mohan Gandhi,Umashankar Sushil,Rajamani Jesuraj,0,0,0,no run,0,,,36/0
1047389,2,5,4,Kaushik Mohan Gandhi,Umashankar Sushil,Rajamani Jesuraj,1,1,0,run,0,,,37/0
1047389,2,5,5,Umashankar Sushil,Kaushik Mohan Gandhi,Rajamani Jesuraj,4,4,0,four,0,,,41/0
1047389,2,5,6,Umashankar Sushil,Kaushik Mohan Gandhi,Rajamani Jesuraj,1,1,0,run,0,,,42/0
1047389,2,6,1,Umashankar Sushil,Kaushik Mohan Gandhi,Jagannathan Kaushik,1,1,0,run,0,,,43/0
1047389,2,6,2,Kaushik Mohan Gandhi,Umashankar Sushil,Jagannathan Kaushik,0,0,0,no run,0,,,43/0
1047389,2,6,3,Kaushik Mohan Gandhi,Umashankar Sushil,Jagannathan Kaushik,0,0,0,no run,0,,,43/0
1047389,2,6,4,Kaushik Mohan Gandhi,Umashankar Sushil,Jagannathan Kaushik,1,0,1,leg bye,0,,,44/0
1047389,2,6,5,Umashankar Sushil,Kaushik Mohan Gandhi,Jagannathan Kaushik,1,1,0,run,0,,,45/0
1047389,2,6,6,Kaushik Mohan Gandhi,Umashankar Sushil,Jagannathan Kaushik,1,1,0,run,0,,,46/0
1047389,2,7,1,Kaushik Mohan Gandhi,Umashankar Sushil,Jagatheesan Kousik,0,0,0,no run,0,,,46/0
1047389,2,7,2,Kaushik Mohan Gandhi,Umashankar Sushil,Jagatheesan Kousik,1,1,0,run,0,,,47/0
1047389,2,7,3,Umashankar Sushil,Kaushik Mohan Gandhi,Jagatheesan Kousik,1,1,0,run,0,,,48/0
1047389,2,7,4,Kaushik Mohan Gandhi,Umashankar Sushil,Jagatheesan Kousik,1,1,0,run,0,,,49/0
1047389,2,7,5,Umashankar Sushil,Kaushik Mohan Gandhi,Jagatheesan Kousik,1,1,0,run,0,,,50/0
1047389,2,7,6,Kaushik Mohan Gandhi,Umashankar Sushil,Jagatheesan Kousik,1,1,0,run,0,,,51/0
1047389,2,8,1,Kaushik Mohan Gandhi,Umashankar Sushil,Alagh Chelliah Prathiban,4,4,0,four,0,,,55/0
1047389,2,8,2,Kaushik Mohan Gandhi,Umashankar Sushil,Alagh Chelliah Prathiban,0,0,0,no run,0,,,55/0
1047389,2,8,3,Kaushik Mohan Gandhi,Umashankar Sushil,Alagh Chelliah Prathiban,4,4,0,four,0,,,59/0
1047389,2,8,4,Kaushik Mohan Gandhi,Umashankar Sushil,Alagh Chelliah Prathiban,1,1,0,run,0,,,60/0
1047389,2,8,5,Umashankar Sushil,Kaushik Mohan Gandhi,Alagh Chelliah Prathiban,0,0,0,no run,0,,,60/0
1047389,2,8,6,Umashankar Sushil,Kaushik Mohan Gandhi,Alagh Chelliah Prathiban,1,1,0,run,0,,,61/0
1047389,2,9,1,Umashankar Sushil,Kaushik Mohan Gandhi,Jagatheesan Kousik,0,0,0,no run,0,,,61/0
1047389,2,9,2,Umashankar Sushil,Kaushik Mohan Gandhi,Jagatheesan Kousik,0,0,0,no run,0,,,61/0
1047389,2,9,3,Umashankar Sushil,Kaushik Mohan Gandhi,Jagatheesan Kousik,1,1,0,run,0,,,62/0
1047389,2,9,4,Kaushik Mohan Gandhi,Umashankar Sushil,Jagatheesan Kousik,1,1,0,run,0,,,63/0
1047389,2,9,5,Umashankar Sushil,Kaushik Mohan Gandhi,Jagatheesan Kousik,1,1,0,run,0,,,64/0
1047389,2,9,6,Kaushik Mohan Gandhi,Umashankar Sushil,Jagatheesan Kousik,4,4,0,four,0,,,68/0
1047389,2,10,1,Umashankar Sushil,Kaushik Mohan Gandhi,Alagh Chelliah Prathiban,0,0,0,no run,0,,,68/0
1047389,2,10,2,Umashankar Sushil,Kaushik Mohan Gandhi,Alagh Chelliah Prathiban,1,1,0,run,0,,,69/0
1047389,2,10,3,Kaushik Mohan Gandhi,Umashankar Sushil,Alagh Chelliah Prathiban,1,1,0,run,0,,,70/0
1047389,2,10,4,Umashankar Sushil,Kaushik Mohan Gandhi,Alagh Chelliah Prathiban,4,4,0,four,0,,,74/0
1047389,2,10,5,Umashankar Sushil,Kaushik Mohan Gandhi,Alagh Chelliah Prathiban,2,2,0,run,0,,,76/0
1047389,2,10,6,Umashankar Sushil,Kaushik Mohan Gandhi,Alagh Chelliah Prathiban,0,0,0,out,1,caught,Umashankar Sushil,76/1
1047389,2,11,1,SP Nathan,Kaushik Mohan Gandhi,Jagatheesan Kousik,1,1,0,run,0,,,77/1
1047389,2,11,2,Kaushik Mohan Gandhi,SP Nathan,Jagatheesan Kousik,1,1,0,run,0,,,78/1
1047389,2,11,3,SP Nathan,Kaushik Mohan Gandhi,Jagatheesan Kousik,1,0,1,wide,0,,,79/1
1047389,2,11,4,SP Nathan,Kaushik Mohan Gandhi,Jagatheesan Kousik,1,1,0,run,0,,,80/1
1047389,2,11,5,Kaushik Mohan Gandhi,SP Nathan,Jagatheesan Kousik,0,0,0,no run,0,,,80/1
1047389,2,11,6,Kaushik Mohan Gandhi,SP Nathan,Jagatheesan Kousik,4,4,0,four,0,,,84/1
1047389,2,11,7,Kaushik Mohan Gandhi,SP Nathan,Jagatheesan Kousik,1,1,0,run,0,,,85/1
1047389,2,12,1,Kaushik Mohan Gandhi,SP Nathan,Rajamani Jesuraj,1,1,0,run,0,,,86/1
1047389,2,12,2,SP Nathan,Kaushik Mohan Gandhi,Rajamani Jesuraj,2,0,2,leg bye,0,,,88/1
1047389,2,12,3,SP Nathan,Kaushik Mohan Gandhi,Rajamani Jesuraj,2,2,0,run,0,,,90/1
1047389,2,12,4,SP Nathan,Kaushik Mohan Gandhi,Rajamani Jesuraj,1,1,0,run,0,,,91/1
1047389,2,12,5,Kaushik Mohan Gandhi,SP Nathan,Rajamani Jesuraj,1,1,0,run,0,,,92/1
1047389,2,12,6,SP Nathan,Kaushik Mohan Gandhi,Rajamani Jesuraj,1,0,1,wide,0,,,93/1
1047389,2,12,7,SP Nathan,Kaushik Mohan Gandhi,Rajamani Jesuraj,0,0,0,no run,0,,,93/1
1047389,2,13,1,Kaushik Mohan Gandhi,SP Nathan,Jagatheesan Kousik,1,1,0,run,0,,,94/1
1047389,2,13,2,SP Nathan,Kaushik Mohan Gandhi,Jagatheesan Kousik,1,1,0,run,0,,,95/1
1047389,2,13,3,Kaushik Mohan Gandhi,SP Nathan,Jagatheesan Kousik,1,1,0,run,0,,,96/1
1047389,2,13,4,SP Nathan,Kaushik Mohan Gandhi,Jagatheesan Kousik,4,4,0,four,0,,,100/1
1047389,2,13,5,SP Nathan,Kaushik Mohan Gandhi,Jagatheesan Kousik,0,0,0,no run,0,,,100/1
1047389,2,13,6,SP Nathan,Kaushik Mohan Gandhi,Jagatheesan Kousik,1,0,1,wide,0,,,101/1
1047389,2,13,7,SP Nathan,Kaushik Mohan Gandhi,Jagatheesan Kousik,0,0,0,no run,0,,,101/1
1047389,2,14,1,Kaushik Mohan Gandhi,SP Nathan,Alagh Chelliah Prathiban,1,1,0,run,0,,,102/1
1047389,2,14,2,SP Nathan,Kaushik Mohan Gandhi,Alagh Chelliah Prathiban,1,1,0,run,0,,,103/1
1047389,2,14,3,Kaushik Mohan Gandhi,SP Nathan,Alagh Chelliah Prathiban,4,4,0,four,0,,,107/1
1047389,2,14,4,Kaushik Mohan Gandhi,SP Nathan,Alagh Chelliah Prathiban,1,1,0,run,0,,,108/1
1047389,2,14,5,SP Nathan,Kaushik Mohan Gandhi,Alagh Chelliah Prathiban,0,0,0,no run,0,,,108/1
1047389,2,14,6,SP Nathan,Kaushik Mohan Gandhi,Alagh Chelliah Prathiban,4,4,0,four,0,,,112/1
1047389,2,15,1,Kaushik Mohan Gandhi,SP Nathan,Rajamani Jesuraj,6,6,0,six,0,,,118/1
1047389,2,15,2,Kaushik Mohan Gandhi,SP Nathan,Rajamani Jesuraj,1,1,0,run,0,,,119/1
1047389,2,15,3,SP Nathan,Kaushik Mohan Gandhi,Rajamani Jesuraj,0,0,0,no run,0,,,119/1
1047389,2,15,4,SP Nathan,Kaushik Mohan Gandhi,Rajamani Jesuraj,0,0,0,no run,0,,,119/1
1047389,2,15,5,SP Nathan,Kaushik Mohan Gandhi,Rajamani Jesuraj,4,4,0,four,0,,,123/1
1047389,2,15,6,SP Nathan,Kaushik Mohan Gandhi,Rajamani Jesuraj,1,1,0,run,0,,,124/1
1047389,2,16,1,SP Nathan,Kaushik Mohan Gandhi,Alagh Chelliah Prathiban,2,2,0,run,0,,,126/1
1047389,2,16,2,SP Nathan,Kaushik Mohan Gandhi,Alagh Chelliah Prathiban,4,4,0,four,0,,,130/1
1047389,2,16,3,SP Nathan,Kaushik Mohan Gandhi,Alagh Chelliah Prathiban,1,1,0,run,0,,,131/1
1047389,2,16,4,Kaushik Mohan Gandhi,SP Nathan,Alagh Chelliah Prathiban,4,4,0,four,0,,,135/1
1047389,2,16,5,Kaushik Mohan Gandhi,SP Nathan,Alagh Chelliah Prathiban,6,6,0,six,0,,,141/1
1047389,2,16,6,Kaushik Mohan Gandhi,SP Nathan,Alagh Chelliah Prathiban,1,1,0,run,0,,,142/1
1047389,2,17,1,Kaushik Mohan Gandhi,SP Nathan,Akkil Srinaath,1,1,0,run,0,,,143/1
1047389,2,17,2,SP Nathan,Kaushik Mohan Gandhi,Akkil Srinaath,1,1,0,run,0,,,144/1
1047389,2,17,3,Kaushik Mohan Gandhi,SP Nathan,Akkil Srinaath,6,6,0,six,0,,,150/1
1047391,1,1,1,Hari Gopinath,0,Abhishek Baljeetsingh Tanwar,1,1,0,run,0,,,1/0
1047391,1,1,2,Xavier Thalaivan Sargunam,Hari Gopinath,Abhishek Baljeetsingh Tanwar,0,0,0,no run,0,,,1/0
1047391,1,1,3,Xavier Thalaivan Sargunam,Hari Gopinath,Abhishek Baljeetsingh Tanwar,1,1,0,run,0,,,2/0
1047391,1,1,4,Hari Gopinath,Xavier Thalaivan Sargunam,Abhishek Baljeetsingh Tanwar,6,6,0,six,0,,,8/0
1047391,1,1,5,Hari Gopinath,Xavier Thalaivan Sargunam,Abhishek Baljeetsingh Tanwar,0,0,0,no run,0,,,8/0
1047391,1,1,6,Hari Gopinath,Xavier Thalaivan Sargunam,Abhishek Baljeetsingh Tanwar,1,0,1,no ball,0,,,9/0
1047391,1,1,7,Hari Gopinath,Xavier Thalaivan Sargunam,Abhishek Baljeetsingh Tanwar,1,1,0,run,0,,,10/0
1047391,1,2,1,Hari Gopinath,Xavier Thalaivan Sargunam,Rahil S Shah,1,1,0,run,0,,,11/0
1047391,1,2,2,Xavier Thalaivan Sargunam,Hari Gopinath,Rahil S Shah,0,0,0,no run,0,,,11/0
1047391,1,2,3,Xavier Thalaivan Sargunam,Hari Gopinath,Rahil S Shah,6,6,0,six,0,,,17/0
1047391,1,2,4,Xavier Thalaivan Sargunam,Hari Gopinath,Rahil S Shah,0,0,0,no run,0,,,17/0
1047391,1,2,5,Xavier Thalaivan Sargunam,Hari Gopinath,Rahil S Shah,1,1,0,run,0,,,18/0
1047391,1,2,6,Hari Gopinath,Xavier Thalaivan Sargunam,Rahil S Shah,0,0,0,no run,0,,,18/0
1047391,1,3,1,Xavier Thalaivan Sargunam,Hari Gopinath,Abhishek Baljeetsingh Tanwar,1,1,0,run,0,,,19/0
1047391,1,3,2,Hari Gopinath,Xavier Thalaivan Sargunam,Abhishek Baljeetsingh Tanwar,6,6,0,six,0,,,25/0
1047391,1,3,3,Hari Gopinath,Xavier Thalaivan Sargunam,Abhishek Baljeetsingh Tanwar,0,0,0,no run,0,,,25/0
1047391,1,3,4,Hari Gopinath,Xavier Thalaivan Sargunam,Abhishek Baljeetsingh Tanwar,4,4,0,four,0,,,29/0
1047391,1,3,5,Hari Gopinath,Xavier Thalaivan Sargunam,Abhishek Baljeetsingh Tanwar,1,1,0,run,0,,,30/0
1047391,1,3,6,Xavier Thalaivan Sargunam,Hari Gopinath,Abhishek Baljeetsingh Tanwar,1,1,0,run,0,,,31/0
1047391,1,4,1,Xavier Thalaivan Sargunam,Hari Gopinath,Rahil S Shah,0,0,0,no run,0,,,31/0
1047391,1,4,2,Xavier Thalaivan Sargunam,Hari Gopinath,Rahil S Shah,0,0,0,no run,0,,,31/0
1047391,1,4,3,Xavier Thalaivan Sargunam,Hari Gopinath,Rahil S Shah,1,1,0,run,0,,,32/0
1047391,1,4,4,Hari Gopinath,Xavier Thalaivan Sargunam,Rahil S Shah,0,0,0,no run,0,,,32/0
1047391,1,4,5,Hari Gopinath,Xavier Thalaivan Sargunam,Rahil S Shah,1,1,0,run,0,,,33/0
1047391,1,4,6,Xavier Thalaivan Sargunam,Hari Gopinath,Rahil S Shah,1,1,0,run,0,,,34/0
1047391,1,5,1,Xavier Thalaivan Sargunam,Hari Gopinath,M Lakshmi Narayanan,1,1,0,run,0,,,35/0
1047391,1,5,2,Hari Gopinath,Xavier Thalaivan Sargunam,M Lakshmi Narayanan,1,1,0,run,0,,,36/0
1047391,1,5,3,Xavier Thalaivan Sargunam,Hari Gopinath,M Lakshmi Narayanan,0,0,0,out,1,caught,Xavier Thalaivan Sargunam,36/1
1047391,1,5,4,Sathiamoorty Vasanth Saravanan,Hari Gopinath,M Lakshmi Narayanan,0,0,0,no run,0,,,36/1
1047391,1,5,5,Sathiamoorty Vasanth Saravanan,Hari Gopinath,M Lakshmi Narayanan,1,1,0,run,0,,,37/1
1047391,1,5,6,Hari Gopinath,Sathiamoorty Vasanth Saravanan,M Lakshmi Narayanan,4,4,0,four,0,,,41/1
1047391,1,6,1,Sathiamoorty Vasanth Saravanan,Hari Gopinath,Ramalingam Rohit,0,0,0,no run,0,,,41/1
1047391,1,6,2,Sathiamoorty Vasanth Saravanan,Hari Gopinath,Ramalingam Rohit,0,0,0,no run,0,,,41/1
1047391,1,6,3,Sathiamoorty Vasanth Saravanan,Hari Gopinath,Ramalingam Rohit,1,1,0,run,0,,,42/1
1047391,1,6,4,Hari Gopinath,Sathiamoorty Vasanth Saravanan,Ramalingam Rohit,1,1,0,run,0,,,43/1
1047391,1,6,5,Sathiamoorty Vasanth Saravanan,Hari Gopinath,Ramalingam Rohit,4,4,0,four,0,,,47/1
1047391,1,6,6,Sathiamoorty Vasanth Saravanan,Hari Gopinath,Ramalingam Rohit,1,1,0,run,0,,,48/1
1047391,1,7,1,Sathiamoorty Vasanth Saravanan,Hari Gopinath,Ramsingh  Sanjay Yadav,0,0,0,no run,0,,,48/1
1047391,1,7,2,Sathiamoorty Vasanth Saravanan,Hari Gopinath,Ramsingh  Sanjay Yadav,1,1,0,run,0,,,49/1
1047391,1,7,3,Hari Gopinath,Sathiamoorty Vasanth Saravanan,Ramsingh  Sanjay Yadav,0,0,0,no run,0,,,49/1
1047391,1,7,4,Hari Gopinath,Sathiamoorty Vasanth Saravanan,Ramsingh  Sanjay Yadav,0,0,0,no run,0,,,49/1
1047391,1,7,5,Hari Gopinath,Sathiamoorty Vasanth Saravanan,Ramsingh  Sanjay Yadav,1,1,0,run,0,,,50/1
1047391,1,7,6,Sathiamoorty Vasanth Saravanan,Hari Gopinath,Ramsingh  Sanjay Yadav,0,0,0,no run,0,,,50/1
1047391,1,8,1,Hari Gopinath,Sathiamoorty Vasanth Saravanan,S Samuel,1,1,0,run,0,,,51/1
1047391,1,8,2,Sathiamoorty Vasanth Saravanan,Hari Gopinath,S Samuel,2,2,0,run,0,,,53/1
1047391,1,8,3,Sathiamoorty Vasanth Saravanan,Hari Gopinath,S Samuel,1,1,0,run,0,,,54/1
1047391,1,8,4,Hari Gopinath,Sathiamoorty Vasanth Saravanan,S Samuel,0,0,0,no run,0,,,54/1
1047391,1,8,5,Hari Gopinath,Sathiamoorty Vasanth Saravanan,S Samuel,1,1,0,run,0,,,55/1
1047391,1,8,6,Sathiamoorty Vasanth Saravanan,Hari Gopinath,S Samuel,0,0,0,no run,0,,,55/1
1047391,1,9,1,Hari Gopinath,Sathiamoorty Vasanth Saravanan,Ramsingh  Sanjay Yadav,1,1,0,run,0,,,56/1
1047391,1,9,2,Sathiamoorty Vasanth Saravanan,Hari Gopinath,Ramsingh  Sanjay Yadav,2,2,0,run,0,,,58/1
1047391,1,9,3,Sathiamoorty Vasanth Saravanan,Hari Gopinath,Ramsingh  Sanjay Yadav,0,0,0,no run,0,,,58/1
1047391,1,9,4,Sathiamoorty Vasanth Saravanan,Hari Gopinath,Ramsingh  Sanjay Yadav,1,1,0,run,0,,,59/1
1047391,1,9,5,Hari Gopinath,Sathiamoorty Vasanth Saravanan,Ramsingh  Sanjay Yadav,1,1,0,run,0,,,60/1
1047391,1,9,6,Sathiamoorty Vasanth Saravanan,Hari Gopinath,Ramsingh  Sanjay Yadav,1,1,0,run,0,,,61/1
1047391,1,10,1,Sathiamoorty Vasanth Saravanan,Hari Gopinath,S Samuel,0,0,0,no run,0,,,61/1
1047391,1,10,2,Sathiamoorty Vasanth Saravanan,Hari Gopinath,S Samuel,0,0,0,no run,0,,,61/1
1047391,1,10,3,Sathiamoorty Vasanth Saravanan,Hari Gopinath,S Samuel,1,1,0,run,0,,,62/1
1047391,1,10,4,Hari Gopinath,Sathiamoorty Vasanth Saravanan,S Samuel,1,1,0,run,0,,,63/1
1047391,1,10,5,Sathiamoorty Vasanth Saravanan,Hari Gopinath,S Samuel,1,1,0,run,0,,,64/1
1047391,1,10,6,Hari Gopinath,Sathiamoorty Vasanth Saravanan,S Samuel,1,1,0,run,0,,,65/1
1047391,1,11,1,Hari Gopinath,Sathiamoorty Vasanth Saravanan,Ramsingh  Sanjay Yadav,0,0,0,no run,0,,,65/1
1047391,1,11,2,Hari Gopinath,Sathiamoorty Vasanth Saravanan,Ramsingh  Sanjay Yadav,1,1,0,run,0,,,66/1
1047391,1,11,3,Sathiamoorty Vasanth Saravanan,Hari Gopinath,Ramsingh  Sanjay Yadav,0,0,0,no run,0,,,66/1
1047391,1,11,4,Sathiamoorty Vasanth Saravanan,Hari Gopinath,Ramsingh  Sanjay Yadav,1,1,0,run,0,,,67/1
1047391,1,11,5,Hari Gopinath,Sathiamoorty Vasanth Saravanan,Ramsingh  Sanjay Yadav,1,0,1,leg bye,0,,,68/1
1047391,1,11,6,Sathiamoorty Vasanth Saravanan,Hari Gopinath,Ramsingh  Sanjay Yadav,6,6,0,six,0,,,74/1
1047391,1,12,1,Hari Gopinath,Sathiamoorty Vasanth Saravanan,S Samuel,0,0,0,no run,0,,,74/1
1047391,1,12,2,Hari Gopinath,Sathiamoorty Vasanth Saravanan,S Samuel,4,4,0,four,0,,,78/1
1047391,1,12,3,Hari Gopinath,Sathiamoorty Vasanth Saravanan,S Samuel,1,1,0,run,0,,,79/1
1047391,1,12,4,Sathiamoorty Vasanth Saravanan,Hari Gopinath,S Samuel,6,6,0,six,0,,,85/1
1047391,1,12,5,Sathiamoorty Vasanth Saravanan,Hari Gopinath,S Samuel,1,1,0,run,0,,,86/1
1047391,1,12,6,Hari Gopinath,Sathiamoorty Vasanth Saravanan,S Samuel,1,0,1,leg bye,0,,,87/1
1047391,1,13,1,Hari Gopinath,Sathiamoorty Vasanth Saravanan,M Lakshmi Narayanan,1,1,0,run,0,,,88/1
1047391,1,13,2,Sathiamoorty Vasanth Saravanan,Hari Gopinath,M Lakshmi Narayanan,1,1,0,run,0,,,89/1
1047391,1,13,3,Hari Gopinath,Sathiamoorty Vasanth Saravanan,M Lakshmi Narayanan,1,1,0,run,0,,,90/1
1047391,1,13,4,Sathiamoorty Vasanth Saravanan,Hari Gopinath,M Lakshmi Narayanan,2,0,2,wide,0,,,92/1
1047391,1,13,5,Hari Gopinath,Sathiamoorty Vasanth Saravanan,M Lakshmi Narayanan,1,1,0,run,0,,,93/1
1047391,1,13,6,Sathiamoorty Vasanth Saravanan,Hari Gopinath,M Lakshmi Narayanan,1,1,0,run,0,,,94/1
1047391,1,13,7,Hari Gopinath,Sathiamoorty Vasanth Saravanan,M Lakshmi Narayanan,1,1,0,run,0,,,95/1
1047391,1,14,1,Hari Gopinath,Sathiamoorty Vasanth Saravanan,Rahil S Shah,1,1,0,run,0,,,96/1
1047391,1,14,2,Sathiamoorty Vasanth Saravanan,Hari Gopinath,Rahil S Shah,2,2,0,run,0,,,98/1
1047391,1,14,3,Sathiamoorty Vasanth Saravanan,Hari Gopinath,Rahil S Shah,1,1,0,run,0,,,99/1
1047391,1,14,4,Hari Gopinath,Sathiamoorty Vasanth Saravanan,Rahil S Shah,0,0,0,no run,0,,,99/1
1047391,1,14,5,Hari Gopinath,Sathiamoorty Vasanth Saravanan,Rahil S Shah,1,1,0,run,0,,,100/1
1047391,1,14,6,Sathiamoorty Vasanth Saravanan,Hari Gopinath,Rahil S Shah,6,6,0,six,0,,,106/1
1047391,1,15,1,Hari Gopinath,Sathiamoorty Vasanth Saravanan,M Lakshmi Narayanan,1,1,0,run,0,,,107/1
1047391,1,15,2,Sathiamoorty Vasanth Saravanan,Hari Gopinath,M Lakshmi Narayanan,1,1,0,run,0,,,108/1
1047391,1,15,3,Hari Gopinath,Sathiamoorty Vasanth Saravanan,M Lakshmi Narayanan,1,1,0,run,0,,,109/1
1047391,1,15,4,Sathiamoorty Vasanth Saravanan,Hari Gopinath,M Lakshmi Narayanan,1,1,0,run,0,,,110/1
1047391,1,15,5,Hari Gopinath,Sathiamoorty Vasanth Saravanan,M Lakshmi Narayanan,1,1,0,run,0,,,111/1
1047391,1,15,6,Sathiamoorty Vasanth Saravanan,Hari Gopinath,M Lakshmi Narayanan,6,6,0,six,0,,,117/1
1047391,1,16,1,Hari Gopinath,Sathiamoorty Vasanth Saravanan,Rahil S Shah,1,1,0,run,0,,,118/1
1047391,1,16,2,Sathiamoorty Vasanth Saravanan,Hari Gopinath,Rahil S Shah,4,4,0,four,0,,,122/1
1047391,1,16,3,Sathiamoorty Vasanth Saravanan,Hari Gopinath,Rahil S Shah,0,0,0,out,1,caught,Sathiamoorty Vasanth Saravanan,122/2
1047391,1,16,4,Rajagopal Sathish,Hari Gopinath,Rahil S Shah,0,0,0,no run,0,,,122/2
1047391,1,16,5,Rajagopal Sathish,Hari Gopinath,Rahil S Shah,0,0,0,no run,0,,,122/2
1047391,1,16,6,Rajagopal Sathish,Hari Gopinath,Rahil S Shah,0,0,0,no run,0,,,122/2
1047391,1,17,1,Hari Gopinath,Rajagopal Sathish,M Lakshmi Narayanan,1,1,0,run,0,,,123/2
1047391,1,17,2,Rajagopal Sathish,Hari Gopinath,M Lakshmi Narayanan,0,0,0,out,1,caught,Rajagopal Sathish,123/3
1047391,1,17,3,Uthirasamy Sasidev,Hari Gopinath,M Lakshmi Narayanan,1,1,0,run,0,,,124/3
1047391,1,17,4,Hari Gopinath,Uthirasamy Sasidev,M Lakshmi Narayanan,1,1,0,run,0,,,125/3
1047391,1,17,5,Uthirasamy Sasidev,Hari Gopinath,M Lakshmi Narayanan,1,1,0,run,0,,,126/3
1047391,1,17,6,Hari Gopinath,Uthirasamy Sasidev,M Lakshmi Narayanan,1,1,0,run,0,,,127/3
1047391,1,18,1,Hari Gopinath,Uthirasamy Sasidev,Ramalingam Rohit,4,4,0,four,0,,,131/3
1047391,1,18,2,Hari Gopinath,Uthirasamy Sasidev,Ramalingam Rohit,1,1,0,run,0,,,132/3
1047391,1,18,3,Uthirasamy Sasidev,Hari Gopinath,Ramalingam Rohit,1,1,0,run,0,,,133/3
1047391,1,18,4,Hari Gopinath,Uthirasamy Sasidev,Ramalingam Rohit,1,1,0,run,0,,,134/3
1047391,1,18,5,Uthirasamy Sasidev,Hari Gopinath,Ramalingam Rohit,4,4,0,four,0,,,138/3
1047391,1,18,6,Uthirasamy Sasidev,Hari Gopinath,Ramalingam Rohit,6,6,0,six,0,,,144/3
1047391,1,19,1,Hari Gopinath,Uthirasamy Sasidev,Abhishek Baljeetsingh Tanwar,1,1,0,run,0,,,145/3
1047391,1,19,2,Uthirasamy Sasidev,Hari Gopinath,Abhishek Baljeetsingh Tanwar,1,1,0,run,0,,,146/3
1047391,1,19,3,Hari Gopinath,Uthirasamy Sasidev,Abhishek Baljeetsingh Tanwar,0,0,0,no run,0,,,146/3
1047391,1,19,4,Hari Gopinath,Uthirasamy Sasidev,Abhishek Baljeetsingh Tanwar,0,0,0,no run,0,,,146/3
1047391,1,19,5,Hari Gopinath,Uthirasamy Sasidev,Abhishek Baljeetsingh Tanwar,1,1,0,run,0,,,147/3
1047391,1,19,6,Uthirasamy Sasidev,Hari Gopinath,Abhishek Baljeetsingh Tanwar,1,1,0,run,0,,,148/3
1047391,1,20,1,Uthirasamy Sasidev,Hari Gopinath,Ramalingam Rohit,1,0,1,bye,0,,,149/3
1047391,1,20,2,Hari Gopinath,Uthirasamy Sasidev,Ramalingam Rohit,1,1,0,run,0,,,150/3
1047391,1,20,3,Uthirasamy Sasidev,Hari Gopinath,Ramalingam Rohit,2,2,0,run,0,,,152/3
1047391,1,20,4,Uthirasamy Sasidev,Hari Gopinath,Ramalingam Rohit,0,0,0,no run,0,,,152/3
1047391,1,20,5,Uthirasamy Sasidev,Hari Gopinath,Ramalingam Rohit,1,0,1,wide,0,,,153/3
1047391,1,20,6,Uthirasamy Sasidev,Hari Gopinath,Ramalingam Rohit,0,0,0,no run,0,,,153/3
1047391,1,20,7,Uthirasamy Sasidev,Hari Gopinath,Ramalingam Rohit,1,1,0,run,0,,,154/3
1047391,2,1,1,Chezhian Nishaanth,0,Rajagopal Sathish,1,1,0,run,0,,,1/0
1047391,2,1,2,R Kavin,Chezhian Nishaanth,Rajagopal Sathish,0,0,0,no run,0,,,1/0
1047391,2,1,3,R Kavin,Chezhian Nishaanth,Rajagopal Sathish,0,0,0,no run,0,,,1/0
1047391,2,1,4,R Kavin,Chezhian Nishaanth,Rajagopal Sathish,0,0,0,no run,0,,,1/0
1047391,2,1,5,R Kavin,Chezhian Nishaanth,Rajagopal Sathish,0,0,0,no run,0,,,1/0
1047391,2,1,6,R Kavin,Chezhian Nishaanth,Rajagopal Sathish,1,1,0,run,0,,,2/0
1047391,2,2,1,R Kavin,Chezhian Nishaanth,Ashwath Mukunthan,0,0,0,out,1,caught,R Kavin,2/1
1047391,2,2,2,Abhishek Baljeetsingh Tanwar,Chezhian Nishaanth,Ashwath Mukunthan,1,0,1,wide,0,,,3/1
1047391,2,2,3,Abhishek Baljeetsingh Tanwar,Chezhian Nishaanth,Ashwath Mukunthan,1,1,0,run,0,,,4/1
1047391,2,2,4,Chezhian Nishaanth,Abhishek Baljeetsingh Tanwar,Ashwath Mukunthan,0,0,0,no run,0,,,4/1
1047391,2,2,5,Chezhian Nishaanth,Abhishek Baljeetsingh Tanwar,Ashwath Mukunthan,1,1,0,run,0,,,5/1
1047391,2,2,6,Abhishek Baljeetsingh Tanwar,Chezhian Nishaanth,Ashwath Mukunthan,0,0,0,no run,0,,,5/1
1047391,2,2,7,Abhishek Baljeetsingh Tanwar,Chezhian Nishaanth,Ashwath Mukunthan,1,1,0,run,0,,,6/1
1047391,2,3,1,Abhishek Baljeetsingh Tanwar,Chezhian Nishaanth,Rajagopal Sathish,0,0,0,no run,0,,,6/1
1047391,2,3,2,Abhishek Baljeetsingh Tanwar,Chezhian Nishaanth,Rajagopal Sathish,0,0,0,no run,0,,,6/1
1047391,2,3,3,Abhishek Baljeetsingh Tanwar,Chezhian Nishaanth,Rajagopal Sathish,4,4,0,four,0,,,10/1
1047391,2,3,4,Abhishek Baljeetsingh Tanwar,Chezhian Nishaanth,Rajagopal Sathish,0,0,0,no run,0,,,10/1
1047391,2,3,5,Abhishek Baljeetsingh Tanwar,Chezhian Nishaanth,Rajagopal Sathish,0,0,0,no run,0,,,10/1
1047391,2,3,6,Abhishek Baljeetsingh Tanwar,Chezhian Nishaanth,Rajagopal Sathish,0,0,0,no run,0,,,10/1
1047391,2,4,1,Chezhian Nishaanth,Abhishek Baljeetsingh Tanwar,Ashwath Mukunthan,0,0,0,out,1,caught,Chezhian Nishaanth,10/2
1047391,2,4,2,Abhishek Baljeetsingh Tanwar,0,Ashwath Mukunthan,1,1,0,run,0,,,11/2
1047391,2,4,3,Baba Aparajith,Abhishek Baljeetsingh Tanwar,Ashwath Mukunthan,0,0,0,no run,0,,,11/2
1047391,2,4,4,Baba Aparajith,Abhishek Baljeetsingh Tanwar,Ashwath Mukunthan,0,0,0,out,1,caught,Baba Aparajith,11/3
1047391,2,4,5,N Sarangarajan Chaturved,Abhishek Baljeetsingh Tanwar,Ashwath Mukunthan,1,1,0,run,0,,,12/3
1047391,2,4,6,Abhishek Baljeetsingh Tanwar,N Sarangarajan Chaturved,Ashwath Mukunthan,1,1,0,run,0,,,13/3
1047391,2,5,1,Abhishek Baljeetsingh Tanwar,N Sarangarajan Chaturved,Rajagopal Sathish,1,1,0,run,0,,,14/3
1047391,2,5,2,N Sarangarajan Chaturved,Abhishek Baljeetsingh Tanwar,Rajagopal Sathish,0,0,0,no run,0,,,14/3
1047391,2,5,3,N Sarangarajan Chaturved,Abhishek Baljeetsingh Tanwar,Rajagopal Sathish,1,1,0,run,0,,,15/3
1047391,2,5,4,Abhishek Baljeetsingh Tanwar,N Sarangarajan Chaturved,Rajagopal Sathish,1,1,0,run,0,,,16/3
1047391,2,5,5,N Sarangarajan Chaturved,Abhishek Baljeetsingh Tanwar,Rajagopal Sathish,0,0,0,no run,0,,,16/3
1047391,2,5,6,N Sarangarajan Chaturved,Abhishek Baljeetsingh Tanwar,Rajagopal Sathish,1,1,0,run,0,,,17/3
1047391,2,6,1,N Sarangarajan Chaturved,Abhishek Baljeetsingh Tanwar,Ashwath Mukunthan,0,0,0,no run,0,,,17/3
1047391,2,6,2,N Sarangarajan Chaturved,Abhishek Baljeetsingh Tanwar,Ashwath Mukunthan,0,0,0,no run,0,,,17/3
1047391,2,6,3,N Sarangarajan Chaturved,Abhishek Baljeetsingh Tanwar,Ashwath Mukunthan,1,1,0,run,0,,,18/3
1047391,2,6,4,Abhishek Baljeetsingh Tanwar,N Sarangarajan Chaturved,Ashwath Mukunthan,0,0,0,no run,0,,,18/3
1047391,2,6,5,Abhishek Baljeetsingh Tanwar,N Sarangarajan Chaturved,Ashwath Mukunthan,0,0,0,no run,0,,,18/3
1047391,2,6,6,Abhishek Baljeetsingh Tanwar,N Sarangarajan Chaturved,Ashwath Mukunthan,1,1,0,run,0,,,19/3
1047391,2,7,1,Abhishek Baljeetsingh Tanwar,N Sarangarajan Chaturved,Ramadoss Alexander,0,0,0,out,1,stumped,Abhishek Baljeetsingh Tanwar,19/4
1047391,2,7,2,Ramsingh  Sanjay Yadav,N Sarangarajan Chaturved,Ramadoss Alexander,1,1,0,run,0,,,20/4
1047391,2,7,3,N Sarangarajan Chaturved,Ramsingh  Sanjay Yadav,Ramadoss Alexander,1,1,0,run,0,,,21/4
1047391,2,7,4,Ramsingh  Sanjay Yadav,N Sarangarajan Chaturved,Ramadoss Alexander,0,0,0,no run,0,,,21/4
1047391,2,7,5,Ramsingh  Sanjay Yadav,N Sarangarajan Chaturved,Ramadoss Alexander,1,1,0,run,0,,,22/4
1047391,2,7,6,N Sarangarajan Chaturved,Ramsingh  Sanjay Yadav,Ramadoss Alexander,0,0,0,no run,0,,,22/4
1047391,2,8,1,Ramsingh  Sanjay Yadav,N Sarangarajan Chaturved,Ravisrinivasan Sai Kishore,0,0,0,no run,0,,,22/4
1047391,2,8,2,Ramsingh  Sanjay Yadav,N Sarangarajan Chaturved,Ravisrinivasan Sai Kishore,4,4,0,four,0,,,26/4
1047391,2,8,3,Ramsingh  Sanjay Yadav,N Sarangarajan Chaturved,Ravisrinivasan Sai Kishore,0,0,0,no run,0,,,26/4
1047391,2,8,4,Ramsingh  Sanjay Yadav,N Sarangarajan Chaturved,Ravisrinivasan Sai Kishore,1,1,0,run,0,,,27/4
1047391,2,8,5,N Sarangarajan Chaturved,Ramsingh  Sanjay Yadav,Ravisrinivasan Sai Kishore,1,1,0,run,0,,,28/4
1047391,2,8,6,Ramsingh  Sanjay Yadav,N Sarangarajan Chaturved,Ravisrinivasan Sai Kishore,0,0,0,no run,0,,,28/4
1047391,2,9,1,N Sarangarajan Chaturved,Ramsingh  Sanjay Yadav,Vijaykumar Yo Mahesh,1,1,0,run,0,,,29/4
1047391,2,9,2,Ramsingh  Sanjay Yadav,N Sarangarajan Chaturved,Vijaykumar Yo Mahesh,0,0,0,no run,0,,,29/4
1047391,2,9,3,Ramsingh  Sanjay Yadav,N Sarangarajan Chaturved,Vijaykumar Yo Mahesh,0,0,0,no run,0,,,29/4
1047391,2,9,4,Ramsingh  Sanjay Yadav,N Sarangarajan Chaturved,Vijaykumar Yo Mahesh,0,0,0,no run,0,,,29/4
1047391,2,9,5,Ramsingh  Sanjay Yadav,N Sarangarajan Chaturved,Vijaykumar Yo Mahesh,1,1,0,run,0,,,30/4
1047391,2,9,6,N Sarangarajan Chaturved,Ramsingh  Sanjay Yadav,Vijaykumar Yo Mahesh,0,0,0,no run,0,,,30/4
1047391,2,10,1,Ramsingh  Sanjay Yadav,N Sarangarajan Chaturved,Wenseslaus Antony Dhas,4,4,0,four,0,,,34/4
1047391,2,10,2,Ramsingh  Sanjay Yadav,N Sarangarajan Chaturved,Wenseslaus Antony Dhas,1,1,0,run,0,,,35/4
1047391,2,10,3,N Sarangarajan Chaturved,Ramsingh  Sanjay Yadav,Wenseslaus Antony Dhas,1,1,0,run,0,,,36/4
1047391,2,10,4,Ramsingh  Sanjay Yadav,N Sarangarajan Chaturved,Wenseslaus Antony Dhas,0,0,0,out,1,caught,Ramsingh  Sanjay Yadav,36/5
1047391,2,10,5,N Sarangarajan Chaturved,0,Wenseslaus Antony Dhas,0,0,0,no run,0,,,36/5
1047391,2,10,6,N Sarangarajan Chaturved,Malolan Rangarajan,Wenseslaus Antony Dhas,1,1,0,run,0,,,37/5
1047391,2,11,1,N Sarangarajan Chaturved,Malolan Rangarajan,Ravisrinivasan Sai Kishore,1,1,0,run,0,,,38/5
1047391,2,11,2,Malolan Rangarajan,N Sarangarajan Chaturved,Ravisrinivasan Sai Kishore,0,0,0,no run,0,,,38/5
1047391,2,11,3,Malolan Rangarajan,N Sarangarajan Chaturved,Ravisrinivasan Sai Kishore,0,0,0,no run,0,,,38/5
1047391,2,11,4,Malolan Rangarajan,N Sarangarajan Chaturved,Ravisrinivasan Sai Kishore,0,0,0,no run,0,,,38/5
1047391,2,11,5,Malolan Rangarajan,N Sarangarajan Chaturved,Ravisrinivasan Sai Kishore,0,0,0,no run,0,,,38/5
1047391,2,11,6,Malolan Rangarajan,N Sarangarajan Chaturved,Ravisrinivasan Sai Kishore,4,4,0,four,0,,,42/5
1047391,2,12,1,N Sarangarajan Chaturved,Malolan Rangarajan,Ramadoss Alexander,1,1,0,run,0,,,43/5
1047391,2,12,2,Malolan Rangarajan,N Sarangarajan Chaturved,Ramadoss Alexander,0,0,0,no run,0,,,43/5
1047391,2,12,3,Malolan Rangarajan,N Sarangarajan Chaturved,Ramadoss Alexander,1,1,0,run,0,,,44/5
1047391,2,12,4,N Sarangarajan Chaturved,Malolan Rangarajan,Ramadoss Alexander,1,1,0,run,0,,,45/5
1047391,2,12,5,Malolan Rangarajan,N Sarangarajan Chaturved,Ramadoss Alexander,1,1,0,run,0,,,46/5
1047391,2,12,6,N Sarangarajan Chaturved,Malolan Rangarajan,Ramadoss Alexander,6,6,0,six,0,,,52/5
1047391,2,13,1,Malolan Rangarajan,N Sarangarajan Chaturved,Ravisrinivasan Sai Kishore,1,1,0,run,0,,,53/5
1047391,2,13,2,N Sarangarajan Chaturved,Malolan Rangarajan,Ravisrinivasan Sai Kishore,0,0,0,no run,0,,,53/5
1047391,2,13,3,N Sarangarajan Chaturved,Malolan Rangarajan,Ravisrinivasan Sai Kishore,1,1,0,run,0,,,54/5
1047391,2,13,4,Malolan Rangarajan,N Sarangarajan Chaturved,Ravisrinivasan Sai Kishore,0,0,0,no run,0,,,54/5
1047391,2,13,5,Malolan Rangarajan,N Sarangarajan Chaturved,Ravisrinivasan Sai Kishore,1,1,0,run,0,,,55/5
1047391,2,13,6,N Sarangarajan Chaturved,Malolan Rangarajan,Ravisrinivasan Sai Kishore,0,0,0,no run,0,,,55/5
1047391,2,14,1,Malolan Rangarajan,N Sarangarajan Chaturved,Ramadoss Alexander,1,1,0,run,0,,,56/5
1047391,2,14,2,N Sarangarajan Chaturved,Malolan Rangarajan,Ramadoss Alexander,0,0,0,no run,0,,,56/5
1047391,2,14,3,N Sarangarajan Chaturved,Malolan Rangarajan,Ramadoss Alexander,0,0,0,out,1,caught,N Sarangarajan Chaturved,56/6
1047391,2,14,4,Malolan Rangarajan,0,Ramadoss Alexander,0,0,0,no run,0,,,56/6
1047391,2,14,5,Malolan Rangarajan,0,Ramadoss Alexander,4,4,0,four,0,,,60/6
1047391,2,14,6,Malolan Rangarajan,M Lakshmi Narayanan,Ramadoss Alexander,1,1,0,run,0,,,61/6
1047391,2,15,1,Malolan Rangarajan,M Lakshmi Narayanan,Ravisrinivasan Sai Kishore,1,1,0,run,0,,,62/6
1047391,2,15,2,M Lakshmi Narayanan,Malolan Rangarajan,Ravisrinivasan Sai Kishore,1,0,1,wide,0,,,63/6
1047391,2,15,3,M Lakshmi Narayanan,Malolan Rangarajan,Ravisrinivasan Sai Kishore,0,0,0,no run,0,,,63/6
1047391,2,15,4,M Lakshmi Narayanan,Malolan Rangarajan,Ravisrinivasan Sai Kishore,0,0,0,out,1,leg before wicket,M Lakshmi Narayanan,63/7
1047391,2,15,5,Ramalingam Rohit,Malolan Rangarajan,Ravisrinivasan Sai Kishore,1,1,0,run,0,,,64/7
1047391,2,15,6,Malolan Rangarajan,Ramalingam Rohit,Ravisrinivasan Sai Kishore,1,1,0,run,0,,,65/7
1047391,2,15,7,Ramalingam Rohit,Malolan Rangarajan,Ravisrinivasan Sai Kishore,0,0,0,no run,0,,,65/7
1047391,2,16,1,Malolan Rangarajan,Ramalingam Rohit,Ramadoss Alexander,4,4,0,four,0,,,69/7
1047391,2,16,2,Malolan Rangarajan,Ramalingam Rohit,Ramadoss Alexander,1,1,0,run,0,,,70/7
1047391,2,16,3,Ramalingam Rohit,Malolan Rangarajan,Ramadoss Alexander,6,6,0,six,0,,,76/7
1047391,2,16,4,Ramalingam Rohit,Malolan Rangarajan,Ramadoss Alexander,1,1,0,run,0,,,77/7
1047391,2,16,5,Malolan Rangarajan,Ramalingam Rohit,Ramadoss Alexander,1,1,0,run,0,,,78/7
1047391,2,16,6,Ramalingam Rohit,Malolan Rangarajan,Ramadoss Alexander,1,1,0,run,0,,,79/7
1047391,2,17,1,Ramalingam Rohit,Malolan Rangarajan,Rajagopal Sathish,1,0,1,wide,0,,,80/7
1047391,2,17,2,Ramalingam Rohit,Malolan Rangarajan,Rajagopal Sathish,1,1,0,run,0,,,81/7
1047391,2,17,3,Malolan Rangarajan,Ramalingam Rohit,Rajagopal Sathish,1,0,1,leg bye,0,,,82/7
1047391,2,17,4,Ramalingam Rohit,Malolan Rangarajan,Rajagopal Sathish,4,4,0,four,0,,,86/7
1047391,2,17,5,Ramalingam Rohit,Malolan Rangarajan,Rajagopal Sathish,1,1,0,run,0,,,87/7
1047391,2,17,6,Malolan Rangarajan,Ramalingam Rohit,Rajagopal Sathish,1,1,0,run,0,,,88/7
1047391,2,17,7,Ramalingam Rohit,Malolan Rangarajan,Rajagopal Sathish,6,6,0,six,0,,,94/7
1047391,2,18,1,Malolan Rangarajan,Ramalingam Rohit,Ashwath Mukunthan,1,0,1,wide,0,,,95/7
1047391,2,18,2,Malolan Rangarajan,Ramalingam Rohit,Ashwath Mukunthan,0,0,0,out,1,leg before wicket,Malolan Rangarajan,95/8
1047391,2,18,3,S Samuel,Ramalingam Rohit,Ashwath Mukunthan,1,1,0,run,0,,,96/8
1047391,2,18,4,Ramalingam Rohit,S Samuel,Ashwath Mukunthan,1,1,0,run,0,,,97/8
1047391,2,18,5,S Samuel,Ramalingam Rohit,Ashwath Mukunthan,1,0,1,wide,0,,,98/8
1047391,2,18,6,S Samuel,Ramalingam Rohit,Ashwath Mukunthan,0,0,0,out,1,caught,S Samuel,98/9
1047391,2,18,7,Ramalingam Rohit,0,Ashwath Mukunthan,4,4,0,four,0,,,102/9
1047391,2,18,8,Ramalingam Rohit,Rahil S Shah,Ashwath Mukunthan,0,0,0,no run,0,,,102/9
1047391,2,19,1,Rahil S Shah,Ramalingam Rohit,Wenseslaus Antony Dhas,0,0,0,no run,0,,,102/9
1047391,2,19,2,Rahil S Shah,Ramalingam Rohit,Wenseslaus Antony Dhas,0,0,0,no run,0,,,102/9
1047391,2,19,3,Rahil S Shah,Ramalingam Rohit,Wenseslaus Antony Dhas,1,1,0,run,0,,,103/9
1047391,2,19,4,Ramalingam Rohit,Rahil S Shah,Wenseslaus Antony Dhas,4,4,0,four,0,,,107/9
1047391,2,19,5,Ramalingam Rohit,Rahil S Shah,Wenseslaus Antony Dhas,1,1,0,run,0,,,108/9
1047391,2,19,6,Rahil S Shah,Ramalingam Rohit,Wenseslaus Antony Dhas,0,0,0,no run,0,,,108/9
1047391,2,20,1,Ramalingam Rohit,Rahil S Shah,Vijaykumar Yo Mahesh,0,0,0,no run,0,,,108/9
1047391,2,20,2,Ramalingam Rohit,Rahil S Shah,Vijaykumar Yo Mahesh,1,1,0,run,0,,,109/9
1047391,2,20,3,Rahil S Shah,Ramalingam Rohit,Vijaykumar Yo Mahesh,1,1,0,run,0,,,110/9
1047391,2,20,4,Ramalingam Rohit,Rahil S Shah,Vijaykumar Yo Mahesh,1,1,0,run,0,,,111/9
1047391,2,20,5,Rahil S Shah,Ramalingam Rohit,Vijaykumar Yo Mahesh,1,1,0,run,0,,,112/9
1047391,2,20,6,Ramalingam Rohit,Rahil S Shah,Vijaykumar Yo Mahesh,1,1,0,run,0,,,113/9
1047393,1,1,1,0,0,Wilkins Joseph Victor,1,0,1,wide,0,,,1/0
1047393,1,1,2,0,0,Wilkins Joseph Victor,0,0,0,no run,0,,,1/0
1047393,1,1,3,0,0,Wilkins Joseph Victor,0,0,0,no run,0,,,1/0
1047393,1,1,4,0,0,Wilkins Joseph Victor,0,0,0,no run,0,,,1/0
1047393,1,1,5,0,0,Wilkins Joseph Victor,1,1,0,run,0,,,2/0
1047393,1,1,6,Laxmesha Suryaprakash,0,Wilkins Joseph Victor,0,0,0,no run,0,,,2/0
1047393,1,1,7,Laxmesha Suryaprakash,0,Wilkins Joseph Victor,4,4,0,four,0,,,6/0
1047393,1,2,1,0,Laxmesha Suryaprakash,Adithya Arun,1,1,0,run,0,,,7/0
1047393,1,2,2,Laxmesha Suryaprakash,0,Adithya Arun,1,1,0,run,0,,,8/0
1047393,1,2,3,0,Laxmesha Suryaprakash,Adithya Arun,1,1,0,run,0,,,9/0
1047393,1,2,4,Laxmesha Suryaprakash,0,Adithya Arun,0,0,0,no run,0,,,9/0
1047393,1,2,5,Laxmesha Suryaprakash,0,Adithya Arun,4,4,0,four,0,,,13/0
1047393,1,2,6,Laxmesha Suryaprakash,0,Adithya Arun,0,0,0,no run,0,,,13/0
1047393,1,3,1,0,Laxmesha Suryaprakash,Wilkins Joseph Victor,4,4,0,four,0,,,17/0
1047393,1,3,2,0,Laxmesha Suryaprakash,Wilkins Joseph Victor,1,1,0,run,0,,,18/0
1047393,1,3,3,Laxmesha Suryaprakash,0,Wilkins Joseph Victor,0,0,0,no run,0,,,18/0
1047393,1,3,4,Laxmesha Suryaprakash,0,Wilkins Joseph Victor,1,1,0,run,0,,,19/0
1047393,1,3,5,0,Laxmesha Suryaprakash,Wilkins Joseph Victor,1,1,0,run,0,,,20/0
1047393,1,3,6,Laxmesha Suryaprakash,0,Wilkins Joseph Victor,0,0,0,no run,0,,,20/0
1047393,1,4,1,0,Laxmesha Suryaprakash,Adithya Arun,4,4,0,four,0,,,24/0
1047393,1,4,2,0,Laxmesha Suryaprakash,Adithya Arun,1,1,0,run,0,,,25/0
1047393,1,4,3,Laxmesha Suryaprakash,0,Adithya Arun,0,0,0,no run,0,,,25/0
1047393,1,4,4,Laxmesha Suryaprakash,0,Adithya Arun,1,1,0,run,0,,,26/0
1047393,1,4,5,0,Laxmesha Suryaprakash,Adithya Arun,1,0,1,leg bye,0,,,27/0
1047393,1,4,6,Laxmesha Suryaprakash,0,Adithya Arun,0,0,0,no run,0,,,27/0
1047393,1,5,1,0,Laxmesha Suryaprakash,Wilkins Joseph Victor,1,1,0,run,0,,,28/0
1047393,1,5,2,Laxmesha Suryaprakash,0,Wilkins Joseph Victor,1,1,0,run,0,,,29/0
1047393,1,5,3,0,Laxmesha Suryaprakash,Wilkins Joseph Victor,4,4,0,four,0,,,33/0
1047393,1,5,4,0,Laxmesha Suryaprakash,Wilkins Joseph Victor,6,6,0,six,0,,,39/0
1047393,1,5,5,0,Laxmesha Suryaprakash,Wilkins Joseph Victor,1,1,0,run,0,,,40/0
1047393,1,5,6,Laxmesha Suryaprakash,0,Wilkins Joseph Victor,1,0,1,wide,0,,,41/0
1047393,1,5,7,Laxmesha Suryaprakash,0,Wilkins Joseph Victor,1,1,0,run,0,,,42/0
1047393,1,6,1,Laxmesha Suryaprakash,0,ME Yazh Arun Mozhi,1,1,0,run,0,,,43/0
1047393,1,6,2,0,Laxmesha Suryaprakash,ME Yazh Arun Mozhi,1,1,0,run,0,,,44/0
1047393,1,6,3,Laxmesha Suryaprakash,0,ME Yazh Arun Mozhi,0,0,0,no run,0,,,44/0
1047393,1,6,4,Laxmesha Suryaprakash,0,ME Yazh Arun Mozhi,4,4,0,four,0,,,48/0
1047393,1,6,5,Laxmesha Suryaprakash,0,ME Yazh Arun Mozhi,1,1,0,run,0,,,49/0
1047393,1,6,6,0,Laxmesha Suryaprakash,ME Yazh Arun Mozhi,0,0,0,no run,0,,,49/0
1047393,1,7,1,Laxmesha Suryaprakash,0,Murugan Ashwin,1,1,0,run,0,,,50/0
1047393,1,7,2,0,Laxmesha Suryaprakash,Murugan Ashwin,2,2,0,run,0,,,52/0
1047393,1,7,3,0,Laxmesha Suryaprakash,Murugan Ashwin,0,0,0,no run,0,,,52/0
1047393,1,7,4,0,Laxmesha Suryaprakash,Murugan Ashwin,2,2,0,run,0,,,54/0
1047393,1,7,5,0,Laxmesha Suryaprakash,Murugan Ashwin,2,2,0,run,0,,,56/0
1047393,1,7,6,0,Laxmesha Suryaprakash,Murugan Ashwin,1,1,0,run,0,,,57/0
1047393,1,8,1,0,Laxmesha Suryaprakash,S Raghunath,1,1,0,run,0,,,58/0
1047393,1,8,2,Laxmesha Suryaprakash,0,S Raghunath,0,0,0,no run,0,,,58/0
1047393,1,8,3,Laxmesha Suryaprakash,0,S Raghunath,1,1,0,run,0,,,59/0
1047393,1,8,4,0,Laxmesha Suryaprakash,S Raghunath,1,1,0,run,0,,,60/0
1047393,1,8,5,Laxmesha Suryaprakash,0,S Raghunath,0,0,0,no run,0,,,60/0
1047393,1,8,6,Laxmesha Suryaprakash,0,S Raghunath,1,1,0,run,0,,,61/0
1047393,1,9,1,Laxmesha Suryaprakash,0,Murugan Ashwin,1,1,0,run,0,,,62/0
1047393,1,9,2,0,Laxmesha Suryaprakash,Murugan Ashwin,0,0,0,no run,0,,,62/0
1047393,1,9,3,0,Laxmesha Suryaprakash,Murugan Ashwin,1,1,0,run,0,,,63/0
1047393,1,9,4,Laxmesha Suryaprakash,0,Murugan Ashwin,0,0,0,no run,0,,,63/0
1047393,1,9,5,Laxmesha Suryaprakash,0,Murugan Ashwin,0,0,0,no run,0,,,63/0
1047393,1,9,6,Laxmesha Suryaprakash,0,Murugan Ashwin,1,1,0,run,0,,,64/0
1047393,1,10,1,Laxmesha Suryaprakash,0,M Silambarasan,0,0,0,no run,0,,,64/0
1047393,1,10,2,Laxmesha Suryaprakash,0,M Silambarasan,1,1,0,run,0,,,65/0
1047393,1,10,3,0,Laxmesha Suryaprakash,M Silambarasan,1,1,0,run,0,,,66/0
1047393,1,10,4,Laxmesha Suryaprakash,0,M Silambarasan,1,1,0,run,0,,,67/0
1047393,1,10,5,0,Laxmesha Suryaprakash,M Silambarasan,0,0,0,out,1,,,67/1
1047393,1,10,6,Laxmesha Suryaprakash,Ravi Kumar Rohith,M Silambarasan,1,1,0,run,0,,,68/1
1047393,1,11,1,Laxmesha Suryaprakash,Ravi Kumar Rohith,Ganga Sridhar Raju,1,1,0,run,0,,,69/1
1047393,1,11,2,Ravi Kumar Rohith,Laxmesha Suryaprakash,Ganga Sridhar Raju,0,0,0,no run,0,,,69/1
1047393,1,11,3,Ravi Kumar Rohith,Laxmesha Suryaprakash,Ganga Sridhar Raju,0,0,0,no run,0,,,69/1
1047393,1,11,4,Ravi Kumar Rohith,Laxmesha Suryaprakash,Ganga Sridhar Raju,1,1,0,run,0,,,70/1
1047393,1,11,5,Laxmesha Suryaprakash,Ravi Kumar Rohith,Ganga Sridhar Raju,1,1,0,run,0,,,71/1
1047393,1,11,6,Ravi Kumar Rohith,Laxmesha Suryaprakash,Ganga Sridhar Raju,0,0,0,no run,0,,,71/1
1047393,1,12,1,Laxmesha Suryaprakash,Ravi Kumar Rohith,M Silambarasan,1,1,0,run,0,,,72/1
1047393,1,12,2,Ravi Kumar Rohith,Laxmesha Suryaprakash,M Silambarasan,1,1,0,run,0,,,73/1
1047393,1,12,3,Laxmesha Suryaprakash,Ravi Kumar Rohith,M Silambarasan,4,4,0,four,0,,,77/1
1047393,1,12,4,Laxmesha Suryaprakash,Ravi Kumar Rohith,M Silambarasan,1,1,0,run,0,,,78/1
1047393,1,12,5,Ravi Kumar Rohith,Laxmesha Suryaprakash,M Silambarasan,0,0,0,out,1,caught,Ravi Kumar Rohith,78/2
1047393,1,12,6,Laxmesha Suryaprakash,Jamaluddin Syed Mohammad,M Silambarasan,1,1,0,run,0,,,79/2
1047393,1,13,1,Laxmesha Suryaprakash,Jamaluddin Syed Mohammad,ME Yazh Arun Mozhi,1,1,0,run,0,,,80/2
1047393,1,13,2,Jamaluddin Syed Mohammad,Laxmesha Suryaprakash,ME Yazh Arun Mozhi,1,1,0,run,0,,,81/2
1047393,1,13,3,Laxmesha Suryaprakash,Jamaluddin Syed Mohammad,ME Yazh Arun Mozhi,2,2,0,run,0,,,83/2
1047393,1,13,4,Laxmesha Suryaprakash,Jamaluddin Syed Mohammad,ME Yazh Arun Mozhi,1,1,0,run,0,,,84/2
1047393,1,13,5,Jamaluddin Syed Mohammad,Laxmesha Suryaprakash,ME Yazh Arun Mozhi,1,1,0,run,0,,,85/2
1047393,1,13,6,Laxmesha Suryaprakash,Jamaluddin Syed Mohammad,ME Yazh Arun Mozhi,1,1,0,run,0,,,86/2
1047393,1,14,1,Laxmesha Suryaprakash,Jamaluddin Syed Mohammad,M Silambarasan,0,0,0,no run,0,,,86/2
1047393,1,14,2,Laxmesha Suryaprakash,Jamaluddin Syed Mohammad,M Silambarasan,1,1,0,run,0,,,87/2
1047393,1,14,3,Jamaluddin Syed Mohammad,Laxmesha Suryaprakash,M Silambarasan,1,1,0,run,0,,,88/2
1047393,1,14,4,Laxmesha Suryaprakash,Jamaluddin Syed Mohammad,M Silambarasan,1,1,0,run,0,,,89/2
1047393,1,14,5,Jamaluddin Syed Mohammad,Laxmesha Suryaprakash,M Silambarasan,1,1,0,run,0,,,90/2
1047393,1,14,6,Laxmesha Suryaprakash,Jamaluddin Syed Mohammad,M Silambarasan,1,1,0,run,0,,,91/2
1047393,1,15,1,Laxmesha Suryaprakash,Jamaluddin Syed Mohammad,ME Yazh Arun Mozhi,6,6,0,six,0,,,97/2
1047393,1,15,2,Laxmesha Suryaprakash,Jamaluddin Syed Mohammad,ME Yazh Arun Mozhi,0,0,0,no run,0,,,97/2
1047393,1,15,3,Laxmesha Suryaprakash,Jamaluddin Syed Mohammad,ME Yazh Arun Mozhi,1,0,1,wide,0,,,98/2
1047393,1,15,4,Laxmesha Suryaprakash,Jamaluddin Syed Mohammad,ME Yazh Arun Mozhi,0,0,0,no run,0,,,98/2
1047393,1,15,5,Laxmesha Suryaprakash,Jamaluddin Syed Mohammad,ME Yazh Arun Mozhi,1,1,0,run,0,,,99/2
1047393,1,15,6,Jamaluddin Syed Mohammad,Laxmesha Suryaprakash,ME Yazh Arun Mozhi,4,4,0,four,0,,,103/2
1047393,1,15,7,Jamaluddin Syed Mohammad,Laxmesha Suryaprakash,ME Yazh Arun Mozhi,1,1,0,run,0,,,104/2
1047393,1,16,1,Jamaluddin Syed Mohammad,Laxmesha Suryaprakash,Adithya Arun,1,1,0,run,0,,,105/2
1047393,1,16,2,Laxmesha Suryaprakash,Jamaluddin Syed Mohammad,Adithya Arun,0,0,0,out,1,bowled,Laxmesha Suryaprakash,105/3
1047393,1,16,3,S Harish Kumar,Jamaluddin Syed Mohammad,Adithya Arun,1,1,0,run,0,,,106/3
1047393,1,16,4,Jamaluddin Syed Mohammad,S Harish Kumar,Adithya Arun,1,1,0,run,0,,,107/3
1047393,1,16,5,S Harish Kumar,Jamaluddin Syed Mohammad,Adithya Arun,0,0,0,no run,0,,,107/3
1047393,1,16,6,S Harish Kumar,Jamaluddin Syed Mohammad,Adithya Arun,3,3,0,run,0,,,110/3
1047393,1,17,1,S Harish Kumar,Jamaluddin Syed Mohammad,Murugan Ashwin,1,1,0,run,0,,,111/3
1047393,1,17,2,Jamaluddin Syed Mohammad,S Harish Kumar,Murugan Ashwin,1,1,0,run,0,,,112/3
1047393,1,17,3,S Harish Kumar,Jamaluddin Syed Mohammad,Murugan Ashwin,0,0,0,out,1,caught,S Harish Kumar,112/4
1047393,1,17,4,Jamaluddin Syed Mohammad,0,Murugan Ashwin,0,0,0,no run,0,,,112/4
1047393,1,17,5,Jamaluddin Syed Mohammad,0,Murugan Ashwin,0,0,0,no run,0,,,112/4
1047393,1,17,6,Jamaluddin Syed Mohammad,M Mohammed,Murugan Ashwin,1,0,1,leg bye,0,,,113/4
1047393,1,18,1,Jamaluddin Syed Mohammad,M Mohammed,Adithya Arun,0,0,0,no run,0,,,113/4
1047393,1,18,2,Jamaluddin Syed Mohammad,M Mohammed,Adithya Arun,0,0,0,out,1,caught,Jamaluddin Syed Mohammad,113/5
1047393,1,18,3,M Mohammed,0,Adithya Arun,2,2,0,run,0,,,115/5
1047393,1,18,4,M Mohammed,0,Adithya Arun,4,4,0,four,0,,,119/5
1047393,1,18,5,M Mohammed,0,Adithya Arun,2,2,0,run,0,,,121/5
1047393,1,18,6,M Mohammed,S Tarun Srinivas,Adithya Arun,1,1,0,run,0,,,122/5
1047393,1,19,1,M Mohammed,S Tarun Srinivas,Murugan Ashwin,6,6,0,six,0,,,128/5
1047393,1,19,2,M Mohammed,S Tarun Srinivas,Murugan Ashwin,1,1,0,run,0,,,129/5
1047393,1,19,3,S Tarun Srinivas,M Mohammed,Murugan Ashwin,4,4,0,four,0,,,133/5
1047393,1,19,4,S Tarun Srinivas,M Mohammed,Murugan Ashwin,1,1,0,run,0,,,134/5
1047393,1,19,5,M Mohammed,S Tarun Srinivas,Murugan Ashwin,1,0,1,wide,0,,,135/5
1047393,1,19,6,M Mohammed,S Tarun Srinivas,Murugan Ashwin,0,0,0,no run,0,,,135/5
1047393,1,19,7,M Mohammed,S Tarun Srinivas,Murugan Ashwin,6,6,0,six,0,,,141/5
1047393,1,20,1,S Tarun Srinivas,M Mohammed,Adithya Arun,0,0,0,no run,0,,,141/5
1047393,1,20,2,S Tarun Srinivas,M Mohammed,Adithya Arun,1,1,0,run,0,,,142/5
1047393,1,20,3,M Mohammed,S Tarun Srinivas,Adithya Arun,2,2,0,run,0,,,144/5
1047393,1,20,4,M Mohammed,S Tarun Srinivas,Adithya Arun,0,0,0,no run,0,,,144/5
1047393,1,20,5,M Mohammed,S Tarun Srinivas,Adithya Arun,2,2,0,run,0,,,146/5
1047393,1,20,6,M Mohammed,S Tarun Srinivas,Adithya Arun,1,1,0,run,0,run out,S Tarun Srinivas,147/5
1047393,2,1,1,Narayan Jagadeesan,0,Krishnamoorthy Vignesh,0,0,0,no run,0,,,0/0
1047393,2,1,2,Narayan Jagadeesan,0,Krishnamoorthy Vignesh,0,0,0,no run,0,,,0/0
1047393,2,1,3,Narayan Jagadeesan,0,Krishnamoorthy Vignesh,0,0,0,no run,0,,,0/0
1047393,2,1,4,Narayan Jagadeesan,0,Krishnamoorthy Vignesh,0,0,0,no run,0,,,0/0
1047393,2,1,5,Narayan Jagadeesan,0,Krishnamoorthy Vignesh,1,1,0,run,0,,,1/0
1047393,2,1,6,Ganga Sridhar Raju,Narayan Jagadeesan,Krishnamoorthy Vignesh,0,0,0,no run,0,,,1/0
1047393,2,2,1,Narayan Jagadeesan,Ganga Sridhar Raju,B Arun,0,0,0,no run,0,,,1/0
1047393,2,2,2,Narayan Jagadeesan,Ganga Sridhar Raju,B Arun,1,1,0,run,0,,,2/0
1047393,2,2,3,Ganga Sridhar Raju,Narayan Jagadeesan,B Arun,1,1,0,run,0,,,3/0
1047393,2,2,4,Narayan Jagadeesan,Ganga Sridhar Raju,B Arun,0,0,0,no run,0,,,3/0
1047393,2,2,5,Narayan Jagadeesan,Ganga Sridhar Raju,B Arun,1,1,0,run,0,,,4/0
1047393,2,2,6,Ganga Sridhar Raju,Narayan Jagadeesan,B Arun,1,1,0,run,0,,,5/0
1047393,2,3,1,Ganga Sridhar Raju,Narayan Jagadeesan,Krishnamoorthy Vignesh,0,0,0,no run,0,,,5/0
1047393,2,3,2,Ganga Sridhar Raju,Narayan Jagadeesan,Krishnamoorthy Vignesh,4,4,0,four,0,,,9/0
1047393,2,3,3,Ganga Sridhar Raju,Narayan Jagadeesan,Krishnamoorthy Vignesh,0,0,0,no run,0,,,9/0
1047393,2,3,4,Ganga Sridhar Raju,Narayan Jagadeesan,Krishnamoorthy Vignesh,0,0,0,out,1,bowled,Ganga Sridhar Raju,9/1
1047393,2,3,5,S Abishiek,Narayan Jagadeesan,Krishnamoorthy Vignesh,0,0,0,no run,0,,,9/1
1047393,2,3,6,S Abishiek,Narayan Jagadeesan,Krishnamoorthy Vignesh,1,1,0,run,0,,,10/1
1047393,2,4,1,S Abishiek,Narayan Jagadeesan,B Arun,1,1,0,run,0,,,11/1
1047393,2,4,2,Narayan Jagadeesan,S Abishiek,B Arun,0,0,0,no run,0,,,11/1
1047393,2,4,3,Narayan Jagadeesan,S Abishiek,B Arun,0,0,0,no run,0,,,11/1
1047393,2,4,4,Narayan Jagadeesan,S Abishiek,B Arun,0,0,0,no run,0,,,11/1
1047393,2,4,5,Narayan Jagadeesan,S Abishiek,B Arun,0,0,0,no run,0,,,11/1
1047393,2,4,6,Narayan Jagadeesan,S Abishiek,B Arun,1,1,0,run,0,,,12/1
1047393,2,5,1,Narayan Jagadeesan,S Abishiek,M Mohammed,1,0,1,wide,0,,,13/1
1047393,2,5,2,Narayan Jagadeesan,S Abishiek,M Mohammed,0,0,0,no run,0,,,13/1
1047393,2,5,3,Narayan Jagadeesan,S Abishiek,M Mohammed,0,0,0,no run,0,,,13/1
1047393,2,5,4,Narayan Jagadeesan,S Abishiek,M Mohammed,1,1,0,run,0,,,14/1
1047393,2,5,5,S Abishiek,Narayan Jagadeesan,M Mohammed,0,0,0,no run,0,,,14/1
1047393,2,5,6,S Abishiek,Narayan Jagadeesan,M Mohammed,0,0,0,no run,0,,,14/1
1047393,2,5,7,S Abishiek,Narayan Jagadeesan,M Mohammed,0,0,0,no run,0,,,14/1
1047393,2,6,1,Narayan Jagadeesan,S Abishiek,B Arun,1,1,0,run,0,,,15/1
1047393,2,6,2,S Abishiek,Narayan Jagadeesan,B Arun,1,1,0,run,0,,,16/1
1047393,2,6,3,Narayan Jagadeesan,S Abishiek,B Arun,4,4,0,four,0,,,20/1
1047393,2,6,4,Narayan Jagadeesan,S Abishiek,B Arun,1,1,0,run,0,,,21/1
1047393,2,6,5,S Abishiek,Narayan Jagadeesan,B Arun,1,1,0,run,0,,,22/1
1047393,2,6,6,Narayan Jagadeesan,S Abishiek,B Arun,1,1,0,run,0,,,23/1
1047393,2,7,1,Narayan Jagadeesan,S Abishiek,M Mohammed,0,0,0,no run,0,,,23/1
1047393,2,7,2,Narayan Jagadeesan,S Abishiek,M Mohammed,1,1,0,run,0,,,24/1
1047393,2,7,3,S Abishiek,Narayan Jagadeesan,M Mohammed,1,1,0,run,0,,,25/1
1047393,2,7,4,Narayan Jagadeesan,S Abishiek,M Mohammed,0,0,0,no run,0,,,25/1
1047393,2,7,5,Narayan Jagadeesan,S Abishiek,M Mohammed,1,1,0,run,0,,,26/1
1047393,2,7,6,S Abishiek,Narayan Jagadeesan,M Mohammed,0,0,0,no run,0,,,26/1
1047393,2,8,1,Narayan Jagadeesan,S Abishiek,B Arun,1,1,0,run,0,,,27/1
1047393,2,8,2,S Abishiek,Narayan Jagadeesan,B Arun,1,1,0,run,0,,,28/1
1047393,2,8,3,Narayan Jagadeesan,S Abishiek,B Arun,1,1,0,run,0,,,29/1
1047393,2,8,4,S Abishiek,Narayan Jagadeesan,B Arun,0,0,0,no run,0,,,29/1
1047393,2,8,5,S Abishiek,Narayan Jagadeesan,B Arun,1,1,0,run,0,,,30/1
1047393,2,8,6,Narayan Jagadeesan,S Abishiek,B Arun,1,1,0,run,0,,,31/1
1047393,2,9,1,Narayan Jagadeesan,S Abishiek,S Harish Kumar,1,1,0,run,0,,,32/1
1047393,2,9,2,S Abishiek,Narayan Jagadeesan,S Harish Kumar,1,1,0,run,0,,,33/1
1047393,2,9,3,Narayan Jagadeesan,S Abishiek,S Harish Kumar,1,1,0,run,0,,,34/1
1047393,2,9,4,S Abishiek,Narayan Jagadeesan,S Harish Kumar,0,0,0,no run,0,,,34/1
1047393,2,9,5,S Abishiek,Narayan Jagadeesan,S Harish Kumar,1,1,0,run,0,,,35/1
1047393,2,9,6,Narayan Jagadeesan,S Abishiek,S Harish Kumar,1,1,0,run,0,,,36/1
1047393,2,10,1,Narayan Jagadeesan,S Abishiek, Sriram Ajith Ram,1,1,0,run,0,,,37/1
1047393,2,10,2,S Abishiek,Narayan Jagadeesan, Sriram Ajith Ram,1,1,0,run,0,,,38/1
1047393,2,10,3,Narayan Jagadeesan,S Abishiek, Sriram Ajith Ram,1,1,0,run,0,,,39/1
1047393,2,10,4,S Abishiek,Narayan Jagadeesan, Sriram Ajith Ram,1,1,0,run,0,,,40/1
1047393,2,10,5,Narayan Jagadeesan,S Abishiek, Sriram Ajith Ram,4,4,0,four,0,,,44/1
1047393,2,10,6,Narayan Jagadeesan,S Abishiek, Sriram Ajith Ram,1,1,0,run,0,,,45/1
1047393,2,11,1,Narayan Jagadeesan,S Abishiek,S Harish Kumar,1,1,0,run,0,,,46/1
1047393,2,11,2,S Abishiek,Narayan Jagadeesan,S Harish Kumar,1,1,0,run,0,,,47/1
1047393,2,11,3,Narayan Jagadeesan,S Abishiek,S Harish Kumar,0,0,0,no run,0,,,47/1
1047393,2,11,4,Narayan Jagadeesan,S Abishiek,S Harish Kumar,1,1,0,run,0,,,48/1
1047393,2,11,5,S Abishiek,Narayan Jagadeesan,S Harish Kumar,2,2,0,run,0,,,50/1
1047393,2,11,6,S Abishiek,Narayan Jagadeesan,S Harish Kumar,0,0,0,no run,0,,,50/1
1047393,2,12,1,Narayan Jagadeesan,S Abishiek,Jamaluddin Syed Mohammad,4,4,0,four,0,,,54/1
1047393,2,12,2,Narayan Jagadeesan,S Abishiek,Jamaluddin Syed Mohammad,0,0,0,no run,0,,,54/1
1047393,2,12,3,Narayan Jagadeesan,S Abishiek,Jamaluddin Syed Mohammad,1,1,0,run,0,,,55/1
1047393,2,12,4,S Abishiek,Narayan Jagadeesan,Jamaluddin Syed Mohammad,0,0,0,out,1,caught,S Abishiek,55/2
1047393,2,12,5,Narayan Jagadeesan,0,Jamaluddin Syed Mohammad,1,1,0,run,0,,,56/2
1047393,2,12,6,V Subramania Siva,Narayan Jagadeesan,Jamaluddin Syed Mohammad,0,0,0,no run,0,,,56/2
1047393,2,13,1,Narayan Jagadeesan,V Subramania Siva,M Mohammed,1,1,0,run,0,,,57/2
1047393,2,13,2,V Subramania Siva,Narayan Jagadeesan,M Mohammed,1,1,0,run,0,,,58/2
1047393,2,13,3,Narayan Jagadeesan,V Subramania Siva,M Mohammed,1,1,0,run,0,,,59/2
1047393,2,13,4,V Subramania Siva,Narayan Jagadeesan,M Mohammed,1,1,0,run,0,,,60/2
1047393,2,13,5,Narayan Jagadeesan,V Subramania Siva,M Mohammed,6,6,0,six,0,,,66/2
1047393,2,13,6,Narayan Jagadeesan,V Subramania Siva,M Mohammed,6,6,0,six,0,,,72/2
1047393,2,14,1,V Subramania Siva,Narayan Jagadeesan,Jamaluddin Syed Mohammad,1,0,1,wide,0,,,73/2
1047393,2,14,2,V Subramania Siva,Narayan Jagadeesan,Jamaluddin Syed Mohammad,1,1,0,run,0,,,74/2
1047393,2,14,3,Narayan Jagadeesan,V Subramania Siva,Jamaluddin Syed Mohammad,1,1,0,run,0,,,75/2
1047393,2,14,4,V Subramania Siva,Narayan Jagadeesan,Jamaluddin Syed Mohammad,1,1,0,run,0,,,76/2
1047393,2,14,5,Narayan Jagadeesan,V Subramania Siva,Jamaluddin Syed Mohammad,0,0,0,no run,0,,,76/2
1047393,2,14,6,Narayan Jagadeesan,V Subramania Siva,Jamaluddin Syed Mohammad,1,1,0,run,0,,,77/2
1047393,2,14,7,V Subramania Siva,Narayan Jagadeesan,Jamaluddin Syed Mohammad,1,1,0,run,0,,,78/2
1047393,2,15,1,V Subramania Siva,Narayan Jagadeesan,Krishnamoorthy Vignesh,0,0,0,no run,0,,,78/2
1047393,2,15,2,V Subramania Siva,Narayan Jagadeesan,Krishnamoorthy Vignesh,1,1,0,run,0,,,79/2
1047393,2,15,3,Narayan Jagadeesan,V Subramania Siva,Krishnamoorthy Vignesh,1,1,0,run,0,,,80/2
1047393,2,15,4,V Subramania Siva,Narayan Jagadeesan,Krishnamoorthy Vignesh,6,6,0,six,0,,,86/2
1047393,2,15,5,V Subramania Siva,Narayan Jagadeesan,Krishnamoorthy Vignesh,0,0,0,no run,0,,,86/2
1047393,2,15,6,V Subramania Siva,Narayan Jagadeesan,Krishnamoorthy Vignesh,6,6,0,six,0,,,92/2
1047393,2,16,1,Narayan Jagadeesan,V Subramania Siva,S Harish Kumar,1,1,0,run,0,,,93/2
1047393,2,16,2,V Subramania Siva,Narayan Jagadeesan,S Harish Kumar,0,0,0,out,1,caught,V Subramania Siva,93/3
1047393,2,16,3,S Raghunath,Narayan Jagadeesan,S Harish Kumar,0,0,0,out,1,bowled,S Raghunath,93/4
1047393,2,16,4,Murugan Ashwin,Narayan Jagadeesan,S Harish Kumar,1,1,0,run,0,,,94/4
1047393,2,16,5,Narayan Jagadeesan,Murugan Ashwin,S Harish Kumar,4,4,0,four,0,,,98/4
1047393,2,16,6,Narayan Jagadeesan,Murugan Ashwin,S Harish Kumar,1,1,0,run,0,,,99/4
1047393,2,17,1,Narayan Jagadeesan,Murugan Ashwin,Krishnamoorthy Vignesh,0,0,0,out,1,caught,Narayan Jagadeesan,99/5
1047393,2,17,2,Adithya Arun,Murugan Ashwin,Krishnamoorthy Vignesh,1,1,0,run,0,,,100/5
1047393,2,17,3,Murugan Ashwin,Adithya Arun,Krishnamoorthy Vignesh,1,1,0,run,0,,,101/5
1047393,2,17,4,Adithya Arun,Murugan Ashwin,Krishnamoorthy Vignesh,2,1,1,run,0,,,103/5
1047393,2,17,5,Murugan Ashwin,Adithya Arun,Krishnamoorthy Vignesh,0,0,0,no run,0,,,103/5
1047393,2,17,6,Murugan Ashwin,Adithya Arun,Krishnamoorthy Vignesh,1,0,1,wide,0,,,104/5
1047393,2,17,7,Murugan Ashwin,Adithya Arun,Krishnamoorthy Vignesh,4,4,0,four,0,,,108/5
1047393,2,17,8,Murugan Ashwin,Adithya Arun,Krishnamoorthy Vignesh,0,0,0,out,1,bowled,Murugan Ashwin,108/6
1047393,2,18,1,Adithya Arun,0,S Harish Kumar,1,1,0,run,0,,,109/6
1047393,2,18,2,Wilkins Joseph Victor,Adithya Arun,S Harish Kumar,0,0,0,out,1,bowled,Wilkins Joseph Victor,109/7
1047393,2,18,3,D Prashanth Prabhu,Adithya Arun,S Harish Kumar,2,0,2,leg bye,0,,,111/7
1047393,2,18,4,D Prashanth Prabhu,Adithya Arun,S Harish Kumar,1,1,0,run,0,,,112/7
1047393,2,18,5,Adithya Arun,D Prashanth Prabhu,S Harish Kumar,1,1,0,run,0,,,113/7
1047393,2,18,6,D Prashanth Prabhu,Adithya Arun,S Harish Kumar,0,0,0,no run,0,,,113/7
1047393,2,19,1,Adithya Arun,D Prashanth Prabhu,M Mohammed,0,0,0,out,1,bowled,Adithya Arun,113/8
1047393,2,19,2,ME Yazh Arun Mozhi,D Prashanth Prabhu,M Mohammed,1,1,0,run,0,,,114/8
1047393,2,19,3,D Prashanth Prabhu,ME Yazh Arun Mozhi,M Mohammed,0,0,0,no run,0,,,114/8
1047393,2,19,4,D Prashanth Prabhu,ME Yazh Arun Mozhi,M Mohammed,1,1,0,run,0,,,115/8
1047393,2,19,5,ME Yazh Arun Mozhi,D Prashanth Prabhu,M Mohammed,1,1,0,run,0,,,116/8
1047393,2,19,6,D Prashanth Prabhu,ME Yazh Arun Mozhi,M Mohammed,6,6,0,six,0,,,122/8
1047393,2,20,1,ME Yazh Arun Mozhi,D Prashanth Prabhu,Jamaluddin Syed Mohammad,1,1,0,run,0,,,123/8
1047393,2,20,2,D Prashanth Prabhu,ME Yazh Arun Mozhi,Jamaluddin Syed Mohammad,1,1,0,run,0,,,124/8
1047393,2,20,3,ME Yazh Arun Mozhi,D Prashanth Prabhu,Jamaluddin Syed Mohammad,1,1,0,run,0,,,125/8
1047393,2,20,4,D Prashanth Prabhu,ME Yazh Arun Mozhi,Jamaluddin Syed Mohammad,1,0,1,leg bye,0,,,126/8
1047393,2,20,5,ME Yazh Arun Mozhi,D Prashanth Prabhu,Jamaluddin Syed Mohammad,1,1,0,run,0,,,127/8
1047393,2,20,6,D Prashanth Prabhu,ME Yazh Arun Mozhi,Jamaluddin Syed Mohammad,4,4,0,four,0,,,131/8
1047395,1,1,1,Kaushik Mohan Gandhi,0,SV Muruganantham,1,1,0,run,0,,,1/0
1047395,1,1,2,Umashankar Sushil,Kaushik Mohan Gandhi,SV Muruganantham,1,1,0,run,0,,,2/0
1047395,1,1,3,Kaushik Mohan Gandhi,Umashankar Sushil,SV Muruganantham,1,1,0,run,0,,,3/0
1047395,1,1,4,Umashankar Sushil,Kaushik Mohan Gandhi,SV Muruganantham,1,1,0,run,0,,,4/0
1047395,1,1,5,Kaushik Mohan Gandhi,Umashankar Sushil,SV Muruganantham,1,1,0,run,0,,,5/0
1047395,1,1,6,Umashankar Sushil,Kaushik Mohan Gandhi,SV Muruganantham,1,1,0,run,0,,,6/0
1047395,1,2,1,Umashankar Sushil,Kaushik Mohan Gandhi,M Raja,0,0,0,no run,0,,,6/0
1047395,1,2,2,Umashankar Sushil,Kaushik Mohan Gandhi,M Raja,0,0,0,no run,0,,,6/0
1047395,1,2,3,Umashankar Sushil,Kaushik Mohan Gandhi,M Raja,0,0,0,no run,0,,,6/0
1047395,1,2,4,Umashankar Sushil,Kaushik Mohan Gandhi,M Raja,1,1,0,run,0,,,7/0
1047395,1,2,5,Kaushik Mohan Gandhi,Umashankar Sushil,M Raja,1,1,0,run,0,,,8/0
1047395,1,2,6,Umashankar Sushil,Kaushik Mohan Gandhi,M Raja,0,0,0,no run,0,,,8/0
1047395,1,3,1,Kaushik Mohan Gandhi,Umashankar Sushil,SV Muruganantham,0,0,0,no run,0,,,8/0
1047395,1,3,2,Kaushik Mohan Gandhi,Umashankar Sushil,SV Muruganantham,1,1,0,run,0,,,9/0
1047395,1,3,3,Umashankar Sushil,Kaushik Mohan Gandhi,SV Muruganantham,0,0,0,no run,0,,,9/0
1047395,1,3,4,Umashankar Sushil,Kaushik Mohan Gandhi,SV Muruganantham,0,0,0,out,1,caught,Umashankar Sushil,9/1
1047395,1,3,5,Kaushik Mohan Gandhi,0,SV Muruganantham,0,0,0,no run,0,,,9/1
1047395,1,3,6,Kaushik Mohan Gandhi,V Maaruthi Raghav,SV Muruganantham,1,1,0,run,0,,,10/1
1047395,1,4,1,Kaushik Mohan Gandhi,V Maaruthi Raghav,M Raja,4,4,0,four,0,,,14/1
1047395,1,4,2,Kaushik Mohan Gandhi,V Maaruthi Raghav,M Raja,0,0,0,no run,0,,,14/1
1047395,1,4,3,Kaushik Mohan Gandhi,V Maaruthi Raghav,M Raja,6,6,0,six,0,,,20/1
1047395,1,4,4,Kaushik Mohan Gandhi,V Maaruthi Raghav,M Raja,2,2,0,run,0,,,22/1
1047395,1,4,5,Kaushik Mohan Gandhi,V Maaruthi Raghav,M Raja,1,1,0,run,0,,,23/1
1047395,1,4,6,V Maaruthi Raghav,Kaushik Mohan Gandhi,M Raja,0,0,0,no run,0,,,23/1
1047395,1,5,1,Kaushik Mohan Gandhi,V Maaruthi Raghav,SV Muruganantham,2,2,0,run,0,,,25/1
1047395,1,5,2,Kaushik Mohan Gandhi,V Maaruthi Raghav,SV Muruganantham,1,1,0,run,0,,,26/1
1047395,1,5,3,V Maaruthi Raghav,Kaushik Mohan Gandhi,SV Muruganantham,0,0,0,no run,0,,,26/1
1047395,1,5,4,V Maaruthi Raghav,Kaushik Mohan Gandhi,SV Muruganantham,4,4,0,four,0,,,30/1
1047395,1,5,5,V Maaruthi Raghav,Kaushik Mohan Gandhi,SV Muruganantham,0,0,0,no run,0,,,30/1
1047395,1,5,6,V Maaruthi Raghav,Kaushik Mohan Gandhi,SV Muruganantham,0,0,0,no run,0,,,30/1
1047395,1,6,1,Kaushik Mohan Gandhi,V Maaruthi Raghav,Edward Kennedy,4,4,0,four,0,,,34/1
1047395,1,6,2,Kaushik Mohan Gandhi,V Maaruthi Raghav,Edward Kennedy,1,1,0,run,0,,,35/1
1047395,1,6,3,V Maaruthi Raghav,Kaushik Mohan Gandhi,Edward Kennedy,1,1,0,run,0,,,36/1
1047395,1,6,4,Kaushik Mohan Gandhi,V Maaruthi Raghav,Edward Kennedy,4,4,0,four,0,,,40/1
1047395,1,6,5,Kaushik Mohan Gandhi,V Maaruthi Raghav,Edward Kennedy,1,1,0,run,0,,,41/1
1047395,1,6,6,V Maaruthi Raghav,Kaushik Mohan Gandhi,Edward Kennedy,1,1,0,run,0,,,42/1
1047395,1,7,1,V Maaruthi Raghav,Kaushik Mohan Gandhi,Selvam Suresh Kumar,1,1,0,run,0,,,43/1
1047395,1,7,2,Kaushik Mohan Gandhi,V Maaruthi Raghav,Selvam Suresh Kumar,1,1,0,run,0,,,44/1
1047395,1,7,3,V Maaruthi Raghav,Kaushik Mohan Gandhi,Selvam Suresh Kumar,0,0,0,no run,0,,,44/1
1047395,1,7,4,V Maaruthi Raghav,Kaushik Mohan Gandhi,Selvam Suresh Kumar,1,1,0,run,0,,,45/1
1047395,1,7,5,Kaushik Mohan Gandhi,V Maaruthi Raghav,Selvam Suresh Kumar,0,0,0,no run,0,,,45/1
1047395,1,7,6,Kaushik Mohan Gandhi,V Maaruthi Raghav,Selvam Suresh Kumar,2,0,2,wide,0,,,47/1
1047395,1,7,7,V Maaruthi Raghav,Kaushik Mohan Gandhi,Selvam Suresh Kumar,0,0,0,no run,0,,,47/1
1047395,1,8,1,Kaushik Mohan Gandhi,V Maaruthi Raghav,Maan K Bafna,1,1,0,run,0,,,48/1
1047395,1,8,2,V Maaruthi Raghav,Kaushik Mohan Gandhi,Maan K Bafna,6,6,0,six,0,,,54/1
1047395,1,8,3,V Maaruthi Raghav,Kaushik Mohan Gandhi,Maan K Bafna,1,1,0,run,0,,,55/1
1047395,1,8,4,Kaushik Mohan Gandhi,V Maaruthi Raghav,Maan K Bafna,1,1,0,run,0,,,56/1
1047395,1,8,5,V Maaruthi Raghav,Kaushik Mohan Gandhi,Maan K Bafna,4,4,0,four,0,,,60/1
1047395,1,8,6,V Maaruthi Raghav,Kaushik Mohan Gandhi,Maan K Bafna,1,1,0,run,0,,,61/1
1047395,1,9,1,V Maaruthi Raghav,Kaushik Mohan Gandhi,Selvam Suresh Kumar,1,1,0,run,0,,,62/1
1047395,1,9,2,Kaushik Mohan Gandhi,V Maaruthi Raghav,Selvam Suresh Kumar,1,1,0,run,0,,,63/1
1047395,1,9,3,V Maaruthi Raghav,Kaushik Mohan Gandhi,Selvam Suresh Kumar,1,1,0,run,0,,,64/1
1047395,1,9,4,Kaushik Mohan Gandhi,V Maaruthi Raghav,Selvam Suresh Kumar,1,1,0,run,0,,,65/1
1047395,1,9,5,V Maaruthi Raghav,Kaushik Mohan Gandhi,Selvam Suresh Kumar,0,0,0,out,1,leg before wicket,V Maaruthi Raghav,65/2
1047395,1,9,6,Washington Sundar,Kaushik Mohan Gandhi,Selvam Suresh Kumar,0,0,0,no run,0,,,65/2
1047395,1,10,1,Kaushik Mohan Gandhi,Washington Sundar,Poovathinga Shijit Chandran,1,1,0,run,0,,,66/2
1047395,1,10,2,Washington Sundar,Kaushik Mohan Gandhi,Poovathinga Shijit Chandran,0,0,0,no run,0,,,66/2
1047395,1,10,3,Washington Sundar,Kaushik Mohan Gandhi,Poovathinga Shijit Chandran,0,0,0,no run,0,,,66/2
1047395,1,10,4,Washington Sundar,Kaushik Mohan Gandhi,Poovathinga Shijit Chandran,2,2,0,run,0,,,68/2
1047395,1,10,5,Washington Sundar,Kaushik Mohan Gandhi,Poovathinga Shijit Chandran,0,0,0,no run,0,,,68/2
1047395,1,10,6,Washington Sundar,Kaushik Mohan Gandhi,Poovathinga Shijit Chandran,0,0,0,no run,0,,,68/2
1047395,1,11,1,Kaushik Mohan Gandhi,Washington Sundar,Selvam Suresh Kumar,1,1,0,run,0,,,69/2
1047395,1,11,2,Washington Sundar,Kaushik Mohan Gandhi,Selvam Suresh Kumar,1,1,0,run,0,,,70/2
1047395,1,11,3,Kaushik Mohan Gandhi,Washington Sundar,Selvam Suresh Kumar,1,1,0,run,0,,,71/2
1047395,1,11,4,Washington Sundar,Kaushik Mohan Gandhi,Selvam Suresh Kumar,2,2,0,run,0,,,73/2
1047395,1,11,5,Washington Sundar,Kaushik Mohan Gandhi,Selvam Suresh Kumar,0,0,0,no run,0,,,73/2
1047395,1,11,6,Washington Sundar,Kaushik Mohan Gandhi,Selvam Suresh Kumar,1,1,0,run,0,,,74/2
1047395,1,12,1,Washington Sundar,Kaushik Mohan Gandhi,Poovathinga Shijit Chandran,1,1,0,run,0,,,75/2
1047395,1,12,2,Kaushik Mohan Gandhi,Washington Sundar,Poovathinga Shijit Chandran,1,1,0,run,0,,,76/2
1047395,1,12,3,Washington Sundar,Kaushik Mohan Gandhi,Poovathinga Shijit Chandran,0,0,0,no run,0,,,76/2
1047395,1,12,4,Washington Sundar,Kaushik Mohan Gandhi,Poovathinga Shijit Chandran,1,1,0,run,0,,,77/2
1047395,1,12,5,Kaushik Mohan Gandhi,Washington Sundar,Poovathinga Shijit Chandran,0,0,0,no run,0,,,77/2
1047395,1,12,6,Kaushik Mohan Gandhi,Washington Sundar,Poovathinga Shijit Chandran,1,0,1,bye,0,,,78/2
1047395,1,13,1,Kaushik Mohan Gandhi,Washington Sundar,Ganapathi Vignesh,1,1,0,run,0,,,79/2
1047395,1,13,2,Washington Sundar,Kaushik Mohan Gandhi,Ganapathi Vignesh,1,1,0,run,0,,,80/2
1047395,1,13,3,Kaushik Mohan Gandhi,Washington Sundar,Ganapathi Vignesh,4,4,0,four,0,,,84/2
1047395,1,13,4,Kaushik Mohan Gandhi,Washington Sundar,Ganapathi Vignesh,1,1,0,run,0,,,85/2
1047395,1,13,5,Washington Sundar,Kaushik Mohan Gandhi,Ganapathi Vignesh,1,1,0,run,0,,,86/2
1047395,1,13,6,Kaushik Mohan Gandhi,Washington Sundar,Ganapathi Vignesh,0,0,0,no run,0,,,86/2
1047395,1,14,1,Washington Sundar,Kaushik Mohan Gandhi,Edward Kennedy,0,0,0,no run,0,,,86/2
1047395,1,14,2,Washington Sundar,Kaushik Mohan Gandhi,Edward Kennedy,1,1,0,run,0,,,87/2
1047395,1,14,3,Kaushik Mohan Gandhi,Washington Sundar,Edward Kennedy,1,1,0,run,0,,,88/2
1047395,1,14,4,Washington Sundar,Kaushik Mohan Gandhi,Edward Kennedy,1,1,0,run,0,,,89/2
1047395,1,14,5,Kaushik Mohan Gandhi,Washington Sundar,Edward Kennedy,1,1,0,run,0,,,90/2
1047395,1,14,6,Washington Sundar,Kaushik Mohan Gandhi,Edward Kennedy,1,1,0,run,0,,,91/2
1047395,1,15,1,Washington Sundar,Kaushik Mohan Gandhi,Selvam Suresh Kumar,1,1,0,run,0,,,92/2
1047395,1,15,2,Kaushik Mohan Gandhi,Washington Sundar,Selvam Suresh Kumar,0,0,0,no run,0,,,92/2
1047395,1,15,3,Kaushik Mohan Gandhi,Washington Sundar,Selvam Suresh Kumar,1,1,0,run,0,,,93/2
1047395,1,15,4,Washington Sundar,Kaushik Mohan Gandhi,Selvam Suresh Kumar,1,1,0,run,0,,,94/2
1047395,1,15,5,Kaushik Mohan Gandhi,Washington Sundar,Selvam Suresh Kumar,1,1,0,run,0,,,95/2
1047395,1,15,6,Washington Sundar,Kaushik Mohan Gandhi,Selvam Suresh Kumar,2,2,0,run,0,,,97/2
1047395,1,16,1,Kaushik Mohan Gandhi,Washington Sundar,Ganapathi Vignesh,4,4,0,four,0,,,101/2
1047395,1,16,2,Kaushik Mohan Gandhi,Washington Sundar,Ganapathi Vignesh,0,0,0,no run,0,,,101/2
1047395,1,16,3,Kaushik Mohan Gandhi,Washington Sundar,Ganapathi Vignesh,1,1,0,run,0,,,102/2
1047395,1,16,4,Washington Sundar,Kaushik Mohan Gandhi,Ganapathi Vignesh,1,1,0,run,0,,,103/2
1047395,1,16,5,Kaushik Mohan Gandhi,Washington Sundar,Ganapathi Vignesh,1,0,1,leg bye,0,,,104/2
1047395,1,16,6,Washington Sundar,Kaushik Mohan Gandhi,Ganapathi Vignesh,4,4,0,four,0,,,108/2
1047395,1,17,1,Kaushik Mohan Gandhi,Washington Sundar,M Raja,4,4,0,four,0,,,112/2
1047395,1,17,2,Kaushik Mohan Gandhi,Washington Sundar,M Raja,4,4,0,four,0,,,116/2
1047395,1,17,3,Kaushik Mohan Gandhi,Washington Sundar,M Raja,4,4,0,four,0,,,120/2
1047395,1,17,4,Kaushik Mohan Gandhi,Washington Sundar,M Raja,2,2,0,run,0,,,122/2
1047395,1,17,5,Kaushik Mohan Gandhi,Washington Sundar,M Raja,1,1,0,run,0,,,123/2
1047395,1,17,6,Washington Sundar,Kaushik Mohan Gandhi,M Raja,0,0,0,no run,0,,,123/2
1047395,1,18,1,Kaushik Mohan Gandhi,Washington Sundar,SV Muruganantham,1,1,0,run,0,,,124/2
1047395,1,18,2,Washington Sundar,Kaushik Mohan Gandhi,SV Muruganantham,0,0,0,no run,0,,,124/2
1047395,1,18,3,Washington Sundar,Kaushik Mohan Gandhi,SV Muruganantham,4,4,0,four,0,,,128/2
1047395,1,18,4,Washington Sundar,Kaushik Mohan Gandhi,SV Muruganantham,6,6,0,six,0,,,134/2
1047395,1,18,5,Washington Sundar,Kaushik Mohan Gandhi,SV Muruganantham,1,1,0,run,0,,,135/2
1047395,1,18,6,Kaushik Mohan Gandhi,Washington Sundar,SV Muruganantham,0,0,0,no run,0,,,135/2
1047395,1,19,1,Washington Sundar,Kaushik Mohan Gandhi,Poovathinga Shijit Chandran,1,1,0,run,0,,,136/2
1047395,1,19,2,Kaushik Mohan Gandhi,Washington Sundar,Poovathinga Shijit Chandran,2,2,0,run,0,,,138/2
1047395,1,19,3,Kaushik Mohan Gandhi,Washington Sundar,Poovathinga Shijit Chandran,6,6,0,six,0,,,144/2
1047395,1,19,4,Kaushik Mohan Gandhi,Washington Sundar,Poovathinga Shijit Chandran,6,6,0,six,0,,,150/2
1047395,1,19,5,Kaushik Mohan Gandhi,Washington Sundar,Poovathinga Shijit Chandran,0,0,0,out,1,stumped,Kaushik Mohan Gandhi,150/3
1047395,1,19,6,SP Nathan,Washington Sundar,Poovathinga Shijit Chandran,6,6,0,six,0,,,156/3
1047395,1,20,1,Washington Sundar,SP Nathan,M Raja,0,0,0,out,1,caught,Washington Sundar,156/4
1047395,1,20,2,SP Nathan,Akash Sumra,M Raja,0,0,0,out,1,caught,SP Nathan,156/5
1047395,1,20,3,Akash Sumra,0,M Raja,4,4,0,four,0,,,160/5
1047395,1,20,4,Akash Sumra,Subramanian Anand,M Raja,0,0,0,out,1,caught,Akash Sumra,160/6
1047395,1,20,5,Subramanian Anand,0,M Raja,1,0,1,wide,0,,,161/6
1047395,1,20,6,Subramanian Anand,0,M Raja,2,2,0,run,0,,,163/6
1047395,1,20,7,Subramanian Anand,Antony Chandrasekaran Aswin Crist,M Raja,4,4,0,four,0,,,167/6
1047395,2,1,1,Konda Bhaskir Arun Karthik,0,M Ganesh Moorthi,4,4,0,four,0,,,4/0
1047395,2,1,2,Konda Bhaskir Arun Karthik,0,M Ganesh Moorthi,1,1,0,run,0,,,5/0
1047395,2,1,3,Ganapathi Vignesh,Konda Bhaskir Arun Karthik,M Ganesh Moorthi,1,1,0,run,0,,,6/0
1047395,2,1,4,Konda Bhaskir Arun Karthik,Ganapathi Vignesh,M Ganesh Moorthi,0,0,0,no run,0,,,6/0
1047395,2,1,5,Konda Bhaskir Arun Karthik,Ganapathi Vignesh,M Ganesh Moorthi,0,0,0,out,1,caught,Konda Bhaskir Arun Karthik,6/1
1047395,2,1,6,Poovathinga Shijit Chandran,Ganapathi Vignesh,M Ganesh Moorthi,0,0,0,no run,0,,,6/1
1047395,2,2,1,Ganapathi Vignesh,Poovathinga Shijit Chandran,Raju Aushik Srinivas,0,0,0,no run,0,,,6/1
1047395,2,2,2,Ganapathi Vignesh,Poovathinga Shijit Chandran,Raju Aushik Srinivas,0,0,0,no run,0,,,6/1
1047395,2,2,3,Ganapathi Vignesh,Poovathinga Shijit Chandran,Raju Aushik Srinivas,0,0,0,no run,0,,,6/1
1047395,2,2,4,Ganapathi Vignesh,Poovathinga Shijit Chandran,Raju Aushik Srinivas,0,0,0,no run,0,,,6/1
1047395,2,2,5,Ganapathi Vignesh,Poovathinga Shijit Chandran,Raju Aushik Srinivas,0,0,0,no run,0,,,6/1
1047395,2,2,6,Ganapathi Vignesh,Poovathinga Shijit Chandran,Raju Aushik Srinivas,0,0,0,out,1,caught,Ganapathi Vignesh,6/2
1047395,2,3,1,Poovathinga Shijit Chandran,0,M Ganesh Moorthi,1,1,0,run,0,,,7/2
1047395,2,3,2,Anton Andrew Subikshan,Poovathinga Shijit Chandran,M Ganesh Moorthi,1,1,0,run,0,,,8/2
1047395,2,3,3,Poovathinga Shijit Chandran,Anton Andrew Subikshan,M Ganesh Moorthi,4,4,0,four,0,,,12/2
1047395,2,3,4,Poovathinga Shijit Chandran,Anton Andrew Subikshan,M Ganesh Moorthi,1,1,0,run,0,,,13/2
1047395,2,3,5,Anton Andrew Subikshan,Poovathinga Shijit Chandran,M Ganesh Moorthi,0,0,0,out,1,run out,Anton Andrew Subikshan,13/3
1047395,2,3,6,Maan K Bafna,Poovathinga Shijit Chandran,M Ganesh Moorthi,0,0,0,no run,0,,,13/3
1047395,2,4,1,Poovathinga Shijit Chandran,Maan K Bafna,Raju Aushik Srinivas,0,0,0,no run,0,,,13/3
1047395,2,4,2,Poovathinga Shijit Chandran,Maan K Bafna,Raju Aushik Srinivas,0,0,0,no run,0,,,13/3
1047395,2,4,3,Poovathinga Shijit Chandran,Maan K Bafna,Raju Aushik Srinivas,0,0,0,no run,0,,,13/3
1047395,2,4,4,Poovathinga Shijit Chandran,Maan K Bafna,Raju Aushik Srinivas,0,0,0,no run,0,,,13/3
1047395,2,4,5,Poovathinga Shijit Chandran,Maan K Bafna,Raju Aushik Srinivas,0,0,0,no run,0,,,13/3
1047395,2,4,6,Poovathinga Shijit Chandran,Maan K Bafna,Raju Aushik Srinivas,0,0,0,no run,0,,,13/3
1047395,2,5,1,Maan K Bafna,Poovathinga Shijit Chandran,Washington Sundar,0,0,0,no run,0,,,13/3
1047395,2,5,2,Maan K Bafna,Poovathinga Shijit Chandran,Washington Sundar,1,1,0,run,0,,,14/3
1047395,2,5,3,Poovathinga Shijit Chandran,Maan K Bafna,Washington Sundar,0,0,0,no run,0,,,14/3
1047395,2,5,4,Poovathinga Shijit Chandran,Maan K Bafna,Washington Sundar,1,1,0,run,0,,,15/3
1047395,2,5,5,Maan K Bafna,Poovathinga Shijit Chandran,Washington Sundar,1,1,0,run,0,,,16/3
1047395,2,5,6,Poovathinga Shijit Chandran,Maan K Bafna,Washington Sundar,0,0,0,no run,0,,,16/3
1047395,2,6,1,Maan K Bafna,Poovathinga Shijit Chandran,Kaushik Mohan Gandhi,4,4,0,four,0,,,20/3
1047395,2,6,2,Maan K Bafna,Poovathinga Shijit Chandran,Kaushik Mohan Gandhi,1,1,0,run,0,,,21/3
1047395,2,6,3,Poovathinga Shijit Chandran,Maan K Bafna,Kaushik Mohan Gandhi,7,6,1,six,0,,,28/3
1047395,2,6,4,Poovathinga Shijit Chandran,Maan K Bafna,Kaushik Mohan Gandhi,6,6,0,six,0,,,34/3
1047395,2,6,5,Poovathinga Shijit Chandran,Maan K Bafna,Kaushik Mohan Gandhi,2,2,0,run,0,,,36/3
1047395,2,6,6,Poovathinga Shijit Chandran,Maan K Bafna,Kaushik Mohan Gandhi,1,1,0,run,0,,,37/3
1047395,2,6,7,Maan K Bafna,Poovathinga Shijit Chandran,Kaushik Mohan Gandhi,0,0,0,no run,0,,,37/3
1047395,2,7,1,Poovathinga Shijit Chandran,Maan K Bafna,Lakshmipathy Balaji,1,1,0,run,0,,,38/3
1047395,2,7,2,Maan K Bafna,Poovathinga Shijit Chandran,Lakshmipathy Balaji,0,0,0,no run,0,,,38/3
1047395,2,7,3,Maan K Bafna,Poovathinga Shijit Chandran,Lakshmipathy Balaji,1,1,0,run,0,,,39/3
1047395,2,7,4,Poovathinga Shijit Chandran,Maan K Bafna,Lakshmipathy Balaji,0,0,0,no run,0,,,39/3
1047395,2,7,5,Poovathinga Shijit Chandran,Maan K Bafna,Lakshmipathy Balaji,0,0,0,no run,0,,,39/3
1047395,2,7,6,Poovathinga Shijit Chandran,Maan K Bafna,Lakshmipathy Balaji,1,1,0,run,0,,,40/3
1047395,2,8,1,Poovathinga Shijit Chandran,Maan K Bafna,Washington Sundar,1,1,0,run,0,,,41/3
1047395,2,8,2,Maan K Bafna,Poovathinga Shijit Chandran,Washington Sundar,6,6,0,six,0,,,47/3
1047395,2,8,3,Maan K Bafna,Poovathinga Shijit Chandran,Washington Sundar,1,1,0,run,0,,,48/3
1047395,2,8,4,Poovathinga Shijit Chandran,Maan K Bafna,Washington Sundar,0,0,0,no run,0,,,48/3
1047395,2,8,5,Poovathinga Shijit Chandran,Maan K Bafna,Washington Sundar,1,1,0,run,0,,,49/3
1047395,2,8,6,Maan K Bafna,Poovathinga Shijit Chandran,Washington Sundar,0,0,0,no run,0,,,49/3
1047395,2,9,1,Poovathinga Shijit Chandran,Maan K Bafna,Lakshmipathy Balaji,1,1,0,run,0,,,50/3
1047395,2,9,2,Maan K Bafna,Poovathinga Shijit Chandran,Lakshmipathy Balaji,0,0,0,no run,0,,,50/3
1047395,2,9,3,Maan K Bafna,Poovathinga Shijit Chandran,Lakshmipathy Balaji,0,0,0,no run,0,,,50/3
1047395,2,9,4,Maan K Bafna,Poovathinga Shijit Chandran,Lakshmipathy Balaji,1,1,0,run,0,,,51/3
1047395,2,9,5,Poovathinga Shijit Chandran,Maan K Bafna,Lakshmipathy Balaji,0,0,0,no run,0,,,51/3
1047395,2,9,6,Poovathinga Shijit Chandran,Maan K Bafna,Lakshmipathy Balaji,1,1,0,run,0,,,52/3
1047395,2,10,1,Poovathinga Shijit Chandran,Maan K Bafna,Akash Sumra,1,1,0,run,0,,,53/3
1047395,2,10,2,Maan K Bafna,Poovathinga Shijit Chandran,Akash Sumra,5,0,5,wide,0,,,58/3
1047395,2,10,3,Maan K Bafna,Poovathinga Shijit Chandran,Akash Sumra,1,1,0,run,0,,,59/3
1047395,2,10,4,Poovathinga Shijit Chandran,Maan K Bafna,Akash Sumra,1,1,0,run,0,,,60/3
1047395,2,10,5,Maan K Bafna,Poovathinga Shijit Chandran,Akash Sumra,1,1,0,run,0,,,61/3
1047395,2,10,6,Poovathinga Shijit Chandran,Maan K Bafna,Akash Sumra,0,0,0,no run,0,,,61/3
1047395,2,10,7,Poovathinga Shijit Chandran,Maan K Bafna,Akash Sumra,1,1,0,run,0,,,62/3
1047395,2,11,1,Poovathinga Shijit Chandran,Maan K Bafna,Antony Chandrasekaran Aswin Crist,2,2,0,run,0,,,64/3
1047395,2,11,2,Poovathinga Shijit Chandran,Maan K Bafna,Antony Chandrasekaran Aswin Crist,0,0,0,out,1,bowled,Poovathinga Shijit Chandran,64/4
1047395,2,11,3,Selvam Suresh Kumar,Maan K Bafna,Antony Chandrasekaran Aswin Crist,1,0,1,wide,0,,,65/4
1047395,2,11,4,Selvam Suresh Kumar,Maan K Bafna,Antony Chandrasekaran Aswin Crist,0,0,0,no run,0,,,65/4
1047395,2,11,5,Selvam Suresh Kumar,Maan K Bafna,Antony Chandrasekaran Aswin Crist,0,0,0,no run,0,,,65/4
1047395,2,11,6,Selvam Suresh Kumar,Maan K Bafna,Antony Chandrasekaran Aswin Crist,0,0,0,no run,0,,,65/4
1047395,2,11,7,Selvam Suresh Kumar,Maan K Bafna,Antony Chandrasekaran Aswin Crist,0,0,0,no run,0,,,65/4
1047395,2,12,1,Maan K Bafna,Selvam Suresh Kumar,Akash Sumra,0,0,0,out,1,run out,Maan K Bafna,65/5
1047395,2,12,2,Selvam Suresh Kumar,0,Akash Sumra,1,1,0,run,0,,,66/5
1047395,2,12,3,P Francis Rokins,Selvam Suresh Kumar,Akash Sumra,1,1,0,run,0,,,67/5
1047395,2,12,4,Selvam Suresh Kumar,P Francis Rokins,Akash Sumra,0,0,0,no run,0,,,67/5
1047395,2,12,5,Selvam Suresh Kumar,P Francis Rokins,Akash Sumra,1,1,0,run,0,,,68/5
1047395,2,12,6,P Francis Rokins,Selvam Suresh Kumar,Akash Sumra,0,0,0,no run,0,,,68/5
1047395,2,13,1,Selvam Suresh Kumar,P Francis Rokins,Antony Chandrasekaran Aswin Crist,1,1,0,run,0,,,69/5
1047395,2,13,2,P Francis Rokins,Selvam Suresh Kumar,Antony Chandrasekaran Aswin Crist,1,1,0,run,0,,,70/5
1047395,2,13,3,Selvam Suresh Kumar,P Francis Rokins,Antony Chandrasekaran Aswin Crist,6,6,0,six,0,,,76/5
1047395,2,13,4,Selvam Suresh Kumar,P Francis Rokins,Antony Chandrasekaran Aswin Crist,4,4,0,four,0,,,80/5
1047395,2,13,5,Selvam Suresh Kumar,P Francis Rokins,Antony Chandrasekaran Aswin Crist,1,1,0,run,0,,,81/5
1047395,2,13,6,P Francis Rokins,Selvam Suresh Kumar,Antony Chandrasekaran Aswin Crist,0,0,0,no run,0,,,81/5
1047395,2,14,1,Selvam Suresh Kumar,P Francis Rokins,Lakshmipathy Balaji,1,1,0,run,0,,,82/5
1047395,2,14,2,P Francis Rokins,Selvam Suresh Kumar,Lakshmipathy Balaji,1,0,1,wide,0,,,83/5
1047395,2,14,3,P Francis Rokins,Selvam Suresh Kumar,Lakshmipathy Balaji,1,1,0,run,0,,,84/5
1047395,2,14,4,Selvam Suresh Kumar,P Francis Rokins,Lakshmipathy Balaji,0,0,0,no run,0,,,84/5
1047395,2,14,5,Selvam Suresh Kumar,P Francis Rokins,Lakshmipathy Balaji,1,1,0,run,0,,,85/5
1047395,2,14,6,P Francis Rokins,Selvam Suresh Kumar,Lakshmipathy Balaji,0,0,0,no run,0,,,85/5
1047395,2,14,7,P Francis Rokins,Selvam Suresh Kumar,Lakshmipathy Balaji,1,1,0,run,0,,,86/5
1047395,2,15,1,P Francis Rokins,Selvam Suresh Kumar,Raju Aushik Srinivas,1,1,0,run,0,,,87/5
1047395,2,15,2,Selvam Suresh Kumar,P Francis Rokins,Raju Aushik Srinivas,1,1,0,run,0,,,88/5
1047395,2,15,3,P Francis Rokins,Selvam Suresh Kumar,Raju Aushik Srinivas,0,0,0,no run,0,,,88/5
1047395,2,15,4,P Francis Rokins,Selvam Suresh Kumar,Raju Aushik Srinivas,6,6,0,six,0,,,94/5
1047395,2,15,5,P Francis Rokins,Selvam Suresh Kumar,Raju Aushik Srinivas,1,1,0,run,0,,,95/5
1047395,2,15,6,Selvam Suresh Kumar,P Francis Rokins,Raju Aushik Srinivas,0,0,0,no run,0,,,95/5
1047395,2,16,1,P Francis Rokins,Selvam Suresh Kumar,M Ganesh Moorthi,1,1,0,run,0,,,96/5
1047395,2,16,2,Selvam Suresh Kumar,P Francis Rokins,M Ganesh Moorthi,0,0,0,out,1,bowled,Selvam Suresh Kumar,96/6
1047395,2,16,3,C Madhu,P Francis Rokins,M Ganesh Moorthi,0,0,0,no run,0,,,96/6
1047395,2,16,4,C Madhu,P Francis Rokins,M Ganesh Moorthi,0,0,0,no run,0,,,96/6
1047395,2,16,5,C Madhu,P Francis Rokins,M Ganesh Moorthi,1,1,0,run,0,,,97/6
1047395,2,16,6,P Francis Rokins,C Madhu,M Ganesh Moorthi,0,0,0,no run,0,,,97/6
1047395,2,17,1,C Madhu,P Francis Rokins,Antony Chandrasekaran Aswin Crist,0,0,0,no run,0,,,97/6
1047395,2,17,2,C Madhu,P Francis Rokins,Antony Chandrasekaran Aswin Crist,0,0,0,out,1,bowled,C Madhu,97/7
1047395,2,17,3,M Raja,P Francis Rokins,Antony Chandrasekaran Aswin Crist,0,0,0,no run,0,,,97/7
1047395,2,17,4,M Raja,P Francis Rokins,Antony Chandrasekaran Aswin Crist,0,0,0,no run,0,,,97/7
1047395,2,17,5,M Raja,P Francis Rokins,Antony Chandrasekaran Aswin Crist,1,0,1,leg bye,0,,,98/7
1047395,2,17,6,P Francis Rokins,M Raja,Antony Chandrasekaran Aswin Crist,2,2,0,run,0,,,100/7
1047395,2,18,1,M Raja,P Francis Rokins,Lakshmipathy Balaji,1,1,0,run,0,,,101/7
1047395,2,18,2,P Francis Rokins,M Raja,Lakshmipathy Balaji,0,0,0,no run,0,,,101/7
1047395,2,18,3,P Francis Rokins,M Raja,Lakshmipathy Balaji,4,4,0,four,0,,,105/7
1047395,2,18,4,P Francis Rokins,M Raja,Lakshmipathy Balaji,1,1,0,run,0,,,106/7
1047395,2,18,5,M Raja,P Francis Rokins,Lakshmipathy Balaji,1,1,0,run,0,,,107/7
1047395,2,18,6,P Francis Rokins,M Raja,Lakshmipathy Balaji,0,0,0,no run,0,,,107/7
1047395,2,19,1,M Raja,P Francis Rokins,Antony Chandrasekaran Aswin Crist,6,6,0,six,0,,,113/7
1047395,2,19,2,M Raja,P Francis Rokins,Antony Chandrasekaran Aswin Crist,1,1,0,run,0,,,114/7
1047395,2,19,3,P Francis Rokins,M Raja,Antony Chandrasekaran Aswin Crist,1,1,0,run,0,,,115/7
1047395,2,19,4,M Raja,P Francis Rokins,Antony Chandrasekaran Aswin Crist,2,2,0,run,0,,,117/7
1047395,2,19,5,M Raja,P Francis Rokins,Antony Chandrasekaran Aswin Crist,1,0,1,wide,0,,,118/7
1047395,2,19,6,M Raja,P Francis Rokins,Antony Chandrasekaran Aswin Crist,1,1,0,run,0,,,119/7
1047395,2,19,7,P Francis Rokins,M Raja,Antony Chandrasekaran Aswin Crist,1,1,0,run,0,,,120/7
1047395,2,20,1,P Francis Rokins,M Raja,Raju Aushik Srinivas,6,6,0,six,0,,,126/7
1047395,2,20,2,P Francis Rokins,M Raja,Raju Aushik Srinivas,0,0,0,out,1,caught,P Francis Rokins,126/8
1047395,2,20,3,M Raja,0,Raju Aushik Srinivas,5,0,5,wide,0,,,131/8
1047395,2,20,4,M Raja,0,Raju Aushik Srinivas,1,1,0,run,0,,,132/8
1047395,2,20,5,Edward Kennedy,M Raja,Raju Aushik Srinivas,0,0,0,no run,0,,,132/8
1047395,2,20,6,Edward Kennedy,M Raja,Raju Aushik Srinivas,1,1,0,run,0,,,133/8
1047395,2,20,7,M Raja,Edward Kennedy,Raju Aushik Srinivas,1,1,0,run,0,,,134/8
1047397,1,1,1,Kumaran Bharath Shankar,0,S Mohan Prasath,4,0,4,bye,0,,,4/0
1047397,1,1,2,Kumaran Bharath Shankar,0,S Mohan Prasath,0,0,0,no run,0,,,4/0
1047397,1,1,3,Kumaran Bharath Shankar,0,S Mohan Prasath,0,0,0,no run,0,,,4/0
1047397,1,1,4,Kumaran Bharath Shankar,0,S Mohan Prasath,0,0,0,no run,0,,,4/0
1047397,1,1,5,Kumaran Bharath Shankar,0,S Mohan Prasath,0,0,0,no run,0,,,4/0
1047397,1,1,6,Kumaran Bharath Shankar,R Nilesh Subramanian,S Mohan Prasath,0,0,0,no run,0,,,4/0
1047397,1,2,1,R Nilesh Subramanian,Kumaran Bharath Shankar,Shoaib Md Khan,0,0,0,no run,0,,,4/0
1047397,1,2,2,R Nilesh Subramanian,Kumaran Bharath Shankar,Shoaib Md Khan,1,1,0,run,0,,,5/0
1047397,1,2,3,Kumaran Bharath Shankar,R Nilesh Subramanian,Shoaib Md Khan,4,4,0,four,0,,,9/0
1047397,1,2,4,Kumaran Bharath Shankar,R Nilesh Subramanian,Shoaib Md Khan,0,0,0,no run,0,,,9/0
1047397,1,2,5,Kumaran Bharath Shankar,R Nilesh Subramanian,Shoaib Md Khan,0,0,0,no run,0,,,9/0
1047397,1,2,6,Kumaran Bharath Shankar,R Nilesh Subramanian,Shoaib Md Khan,2,0,2,wide,0,,,11/0
1047397,1,2,7,R Nilesh Subramanian,Kumaran Bharath Shankar,Shoaib Md Khan,0,0,0,no run,0,,,11/0
1047397,1,3,1,Kumaran Bharath Shankar,R Nilesh Subramanian,S Mohan Prasath,0,0,0,no run,0,,,11/0
1047397,1,3,2,Kumaran Bharath Shankar,R Nilesh Subramanian,S Mohan Prasath,1,1,0,run,0,,,12/0
1047397,1,3,3,R Nilesh Subramanian,Kumaran Bharath Shankar,S Mohan Prasath,4,0,4,bye,0,,,16/0
1047397,1,3,4,R Nilesh Subramanian,Kumaran Bharath Shankar,S Mohan Prasath,1,0,1,wide,0,,,17/0
1047397,1,3,5,R Nilesh Subramanian,Kumaran Bharath Shankar,S Mohan Prasath,1,1,0,run,0,,,18/0
1047397,1,3,6,Kumaran Bharath Shankar,R Nilesh Subramanian,S Mohan Prasath,0,0,0,no run,0,,,18/0
1047397,1,3,7,Kumaran Bharath Shankar,R Nilesh Subramanian,S Mohan Prasath,0,0,0,no run,0,,,18/0
1047397,1,4,1,R Nilesh Subramanian,Kumaran Bharath Shankar,Shoaib Md Khan,0,0,0,no run,0,,,18/0
1047397,1,4,2,R Nilesh Subramanian,Kumaran Bharath Shankar,Shoaib Md Khan,1,1,0,run,0,,,19/0
1047397,1,4,3,Kumaran Bharath Shankar,R Nilesh Subramanian,Shoaib Md Khan,1,1,0,run,0,,,20/0
1047397,1,4,4,R Nilesh Subramanian,Kumaran Bharath Shankar,Shoaib Md Khan,0,0,0,no run,0,,,20/0
1047397,1,4,5,R Nilesh Subramanian,Kumaran Bharath Shankar,Shoaib Md Khan,0,0,0,no run,0,,,20/0
1047397,1,4,6,R Nilesh Subramanian,Kumaran Bharath Shankar,Shoaib Md Khan,1,1,0,run,0,,,21/0
1047397,1,5,1,R Nilesh Subramanian,Kumaran Bharath Shankar,S Mohan Prasath,1,1,0,run,0,,,22/0
1047397,1,5,2,Kumaran Bharath Shankar,R Nilesh Subramanian,S Mohan Prasath,0,0,0,out,1,caught,Kumaran Bharath Shankar,22/1
1047397,1,5,3,R Nilesh Subramanian,0,S Mohan Prasath,1,1,0,run,0,,,23/1
1047397,1,5,4,Baba Indrajith,R Nilesh Subramanian,S Mohan Prasath,1,1,0,run,0,,,24/1
1047397,1,5,5,R Nilesh Subramanian,Baba Indrajith,S Mohan Prasath,1,1,0,run,0,,,25/1
1047397,1,5,6,Baba Indrajith,R Nilesh Subramanian,S Mohan Prasath,1,0,1,leg bye,0,,,26/1
1047397,1,6,1,Baba Indrajith,R Nilesh Subramanian,Chandrasekar Ganapathy,0,0,0,no run,0,,,26/1
1047397,1,6,2,Baba Indrajith,R Nilesh Subramanian,Chandrasekar Ganapathy,1,1,0,run,0,,,27/1
1047397,1,6,3,R Nilesh Subramanian,Baba Indrajith,Chandrasekar Ganapathy,1,1,0,run,0,,,28/1
1047397,1,6,4,Baba Indrajith,R Nilesh Subramanian,Chandrasekar Ganapathy,0,0,0,no run,0,,,28/1
1047397,1,6,5,Baba Indrajith,R Nilesh Subramanian,Chandrasekar Ganapathy,1,1,0,run,0,,,29/1
1047397,1,6,6,R Nilesh Subramanian,Baba Indrajith,Chandrasekar Ganapathy,1,1,0,run,0,,,30/1
1047397,1,7,1,R Nilesh Subramanian,Baba Indrajith,M Suresh Babu,0,0,0,no run,0,,,30/1
1047397,1,7,2,R Nilesh Subramanian,Baba Indrajith,M Suresh Babu,1,1,0,run,0,,,31/1
1047397,1,7,3,Baba Indrajith,R Nilesh Subramanian,M Suresh Babu,1,1,0,run,0,,,32/1
1047397,1,7,4,R Nilesh Subramanian,Baba Indrajith,M Suresh Babu,0,0,0,no run,0,,,32/1
1047397,1,7,5,R Nilesh Subramanian,Baba Indrajith,M Suresh Babu,0,0,0,no run,0,,,32/1
1047397,1,7,6,R Nilesh Subramanian,Baba Indrajith,M Suresh Babu,1,1,0,run,0,,,33/1
1047397,1,8,1,R Nilesh Subramanian,Baba Indrajith,Chandrasekar Ganapathy,1,1,0,run,0,,,34/1
1047397,1,8,2,Baba Indrajith,R Nilesh Subramanian,Chandrasekar Ganapathy,2,2,0,run,0,,,36/1
1047397,1,8,3,Baba Indrajith,R Nilesh Subramanian,Chandrasekar Ganapathy,0,0,0,no run,0,,,36/1
1047397,1,8,4,Baba Indrajith,R Nilesh Subramanian,Chandrasekar Ganapathy,1,1,0,run,0,,,37/1
1047397,1,8,5,R Nilesh Subramanian,Baba Indrajith,Chandrasekar Ganapathy,0,0,0,out,1,caught,R Nilesh Subramanian,37/2
1047397,1,8,6,Baba Indrajith,Krishna Varun Kumar,Chandrasekar Ganapathy,2,2,0,run,0,,,39/2
1047397,1,9,1,Krishna Varun Kumar,Baba Indrajith,M Suresh Babu,1,1,0,run,0,,,40/2
1047397,1,9,2,Baba Indrajith,Krishna Varun Kumar,M Suresh Babu,0,0,0,out,1,bowled,Baba Indrajith,40/3
1047397,1,9,3,Masood Shahrukh Khan,Krishna Varun Kumar,M Suresh Babu,1,1,0,run,0,,,41/3
1047397,1,9,4,Krishna Varun Kumar,Masood Shahrukh Khan,M Suresh Babu,0,0,0,no run,0,,,41/3
1047397,1,9,5,Krishna Varun Kumar,Masood Shahrukh Khan,M Suresh Babu,0,0,0,no run,0,,,41/3
1047397,1,9,6,Krishna Varun Kumar,Masood Shahrukh Khan,M Suresh Babu,0,0,0,no run,0,,,41/3
1047397,1,10,1,Masood Shahrukh Khan,Krishna Varun Kumar,R Rajkumar,1,1,0,run,0,,,42/3
1047397,1,10,2,Krishna Varun Kumar,Masood Shahrukh Khan,R Rajkumar,0,0,0,out,1,run out,Masood Shahrukh Khan,42/4
1047397,1,10,3,Jagatheesan Kousik,Krishna Varun Kumar,R Rajkumar,1,1,0,run,0,,,43/4
1047397,1,10,4,Krishna Varun Kumar,Jagatheesan Kousik,R Rajkumar,1,1,0,run,0,,,44/4
1047397,1,10,5,Jagatheesan Kousik,Krishna Varun Kumar,R Rajkumar,0,0,0,no run,0,,,44/4
1047397,1,10,6,Jagatheesan Kousik,Krishna Varun Kumar,R Rajkumar,1,1,0,run,0,,,45/4
1047397,1,11,1,Jagatheesan Kousik,Krishna Varun Kumar,M Shajahan,0,0,0,no run,0,,,45/4
1047397,1,11,2,Jagatheesan Kousik,Krishna Varun Kumar,M Shajahan,0,0,0,no run,0,,,45/4
1047397,1,11,3,Jagatheesan Kousik,Krishna Varun Kumar,M Shajahan,1,1,0,run,0,,,46/4
1047397,1,11,4,Krishna Varun Kumar,Jagatheesan Kousik,M Shajahan,4,4,0,four,0,,,50/4
1047397,1,11,5,Krishna Varun Kumar,Jagatheesan Kousik,M Shajahan,1,1,0,run,0,,,51/4
1047397,1,11,6,Jagatheesan Kousik,Krishna Varun Kumar,M Shajahan,0,0,0,no run,0,,,51/4
1047397,1,12,1,Krishna Varun Kumar,Jagatheesan Kousik,R Rajkumar,1,1,0,run,0,,,52/4
1047397,1,12,2,Jagatheesan Kousik,Krishna Varun Kumar,R Rajkumar,4,4,0,four,0,,,56/4
1047397,1,12,3,Jagatheesan Kousik,Krishna Varun Kumar,R Rajkumar,1,1,0,run,0,,,57/4
1047397,1,12,4,Krishna Varun Kumar,Jagatheesan Kousik,R Rajkumar,1,1,0,run,0,,,58/4
1047397,1,12,5,Jagatheesan Kousik,Krishna Varun Kumar,R Rajkumar,1,1,0,run,0,,,59/4
1047397,1,12,6,Krishna Varun Kumar,Jagatheesan Kousik,R Rajkumar,1,1,0,run,0,,,60/4
1047397,1,13,1,Krishna Varun Kumar,Jagatheesan Kousik,M Suresh Babu,1,1,0,run,0,,,61/4
1047397,1,13,2,Jagatheesan Kousik,Krishna Varun Kumar,M Suresh Babu,1,1,0,run,0,,,62/4
1047397,1,13,3,Krishna Varun Kumar,Jagatheesan Kousik,M Suresh Babu,0,0,0,no run,0,,,62/4
1047397,1,13,4,Krishna Varun Kumar,Jagatheesan Kousik,M Suresh Babu,0,0,0,no run,0,,,62/4
1047397,1,13,5,Krishna Varun Kumar,Jagatheesan Kousik,M Suresh Babu,4,4,0,four,0,,,66/4
1047397,1,13,6,Krishna Varun Kumar,Jagatheesan Kousik,M Suresh Babu,2,0,2,wide,1,run out,Krishna Varun Kumar,68/5
1047397,1,13,7,Akkil Srinaath,Jagatheesan Kousik,M Suresh Babu,1,0,1,wide,0,,,69/5
1047397,1,13,8,Akkil Srinaath,Jagatheesan Kousik,M Suresh Babu,0,0,0,no run,0,,,69/5
1047397,1,14,1,Jagatheesan Kousik,Akkil Srinaath,Shoaib Md Khan,1,1,0,run,0,,,70/5
1047397,1,14,2,Akkil Srinaath,Jagatheesan Kousik,Shoaib Md Khan,0,0,0,no run,0,,,70/5
1047397,1,14,3,Akkil Srinaath,Jagatheesan Kousik,Shoaib Md Khan,1,1,0,run,0,,,71/5
1047397,1,14,4,Jagatheesan Kousik,Akkil Srinaath,Shoaib Md Khan,4,4,0,four,0,,,75/5
1047397,1,14,5,Jagatheesan Kousik,Akkil Srinaath,Shoaib Md Khan,1,1,0,run,0,,,76/5
1047397,1,14,6,Akkil Srinaath,Jagatheesan Kousik,Shoaib Md Khan,0,0,0,no run,0,,,76/5
1047397,1,15,1,Jagatheesan Kousik,Akkil Srinaath,Ramsingh Sonu Yadav,1,1,0,run,0,,,77/5
1047397,1,15,2,Akkil Srinaath,Jagatheesan Kousik,Ramsingh Sonu Yadav,0,0,0,no run,0,,,77/5
1047397,1,15,3,Akkil Srinaath,Jagatheesan Kousik,Ramsingh Sonu Yadav,1,1,0,run,0,,,78/5
1047397,1,15,4,Jagatheesan Kousik,Akkil Srinaath,Ramsingh Sonu Yadav,1,1,0,run,0,,,79/5
1047397,1,15,5,Akkil Srinaath,Jagatheesan Kousik,Ramsingh Sonu Yadav,0,0,0,no run,0,,,79/5
1047397,1,15,6,Akkil Srinaath,Jagatheesan Kousik,Ramsingh Sonu Yadav,0,0,0,no run,0,,,79/5
1047397,1,16,1,Jagatheesan Kousik,Akkil Srinaath,Chandrasekar Ganapathy,1,1,0,run,0,,,80/5
1047397,1,16,2,Akkil Srinaath,Jagatheesan Kousik,Chandrasekar Ganapathy,0,0,0,no run,0,,,80/5
1047397,1,16,3,Akkil Srinaath,Jagatheesan Kousik,Chandrasekar Ganapathy,2,2,0,run,0,,,82/5
1047397,1,16,4,Akkil Srinaath,Jagatheesan Kousik,Chandrasekar Ganapathy,1,1,0,run,0,,,83/5
1047397,1,16,5,Jagatheesan Kousik,Akkil Srinaath,Chandrasekar Ganapathy,4,4,0,four,0,,,87/5
1047397,1,16,6,Jagatheesan Kousik,Akkil Srinaath,Chandrasekar Ganapathy,1,1,0,run,0,,,88/5
1047397,1,17,1,Jagatheesan Kousik,Akkil Srinaath,S Mohan Prasath,0,0,0,no run,0,,,88/5
1047397,1,17,2,Jagatheesan Kousik,Akkil Srinaath,S Mohan Prasath,1,1,0,run,0,,,89/5
1047397,1,17,3,Akkil Srinaath,Jagatheesan Kousik,S Mohan Prasath,0,0,0,no run,0,,,89/5
1047397,1,17,4,Akkil Srinaath,Jagatheesan Kousik,S Mohan Prasath,6,6,0,six,0,,,95/5
1047397,1,17,5,Akkil Srinaath,Jagatheesan Kousik,S Mohan Prasath,1,0,1,wide,0,,,96/5
1047397,1,17,6,Akkil Srinaath,Jagatheesan Kousik,S Mohan Prasath,1,1,0,run,1,run out,Jagatheesan Kousik,97/6
1047397,1,17,7,Murthy Prabhu,Akkil Srinaath,S Mohan Prasath,0,0,0,no run,0,,,97/6
1047397,1,18,1,Akkil Srinaath,Murthy Prabhu,Shoaib Md Khan,1,1,0,run,0,,,98/6
1047397,1,18,2,Murthy Prabhu,Akkil Srinaath,Shoaib Md Khan,1,1,0,run,0,,,99/6
1047397,1,18,3,Akkil Srinaath,Murthy Prabhu,Shoaib Md Khan,1,1,0,run,0,,,100/6
1047397,1,18,4,Murthy Prabhu,Akkil Srinaath,Shoaib Md Khan,1,1,0,run,0,,,101/6
1047397,1,18,5,Akkil Srinaath,Murthy Prabhu,Shoaib Md Khan,1,1,0,run,0,,,102/6
1047397,1,18,6,Murthy Prabhu,Akkil Srinaath,Shoaib Md Khan,1,1,0,run,0,,,103/6
1047397,1,19,1,Murthy Prabhu,Akkil Srinaath,Chandrasekar Ganapathy,1,1,0,run,0,,,104/6
1047397,1,19,2,Akkil Srinaath,Murthy Prabhu,Chandrasekar Ganapathy,0,0,0,no run,0,,,104/6
1047397,1,19,3,Akkil Srinaath,Murthy Prabhu,Chandrasekar Ganapathy,1,1,0,run,0,,,105/6
1047397,1,19,4,Murthy Prabhu,Akkil Srinaath,Chandrasekar Ganapathy,0,0,0,no run,0,,,105/6
1047397,1,19,5,Murthy Prabhu,Akkil Srinaath,Chandrasekar Ganapathy,4,4,0,four,0,,,109/6
1047397,1,19,6,Murthy Prabhu,Akkil Srinaath,Chandrasekar Ganapathy,1,1,0,run,0,,,110/6
1047397,1,20,1,Murthy Prabhu,Akkil Srinaath,Ramsingh Sonu Yadav,1,1,0,run,0,,,111/6
1047397,1,20,2,Akkil Srinaath,Murthy Prabhu,Ramsingh Sonu Yadav,1,1,0,run,1,run out,Akkil Srinaath,112/7
1047397,1,20,3,Jagannathan Kaushik,Murthy Prabhu,Ramsingh Sonu Yadav,3,3,0,run,0,,,115/7
1047397,1,20,4,Murthy Prabhu,Jagannathan Kaushik,Ramsingh Sonu Yadav,0,0,0,out,1,caught,Murthy Prabhu,115/8
1047397,1,20,5,H Trilok Nag,Jagannathan Kaushik,Ramsingh Sonu Yadav,1,1,0,run,0,,,116/8
1047397,1,20,6,Jagannathan Kaushik,H Trilok Nag,Ramsingh Sonu Yadav,4,4,0,four,0,,,120/8
1047397,2,1,1,M Vijay Kumar,Srikkanth Anirudha,Jagannathan Kaushik,0,0,0,out,1,bowled,M Vijay Kumar,0/1
1047397,2,1,2,Subramaniam Badrinath,Srikkanth Anirudha,Jagannathan Kaushik,0,0,0,no run,0,,,0/1
1047397,2,1,3,Subramaniam Badrinath,Srikkanth Anirudha,Jagannathan Kaushik,1,1,0,run,0,,,1/1
1047397,2,1,4,Srikkanth Anirudha,Subramaniam Badrinath,Jagannathan Kaushik,2,2,0,run,0,,,3/1
1047397,2,1,5,Srikkanth Anirudha,Subramaniam Badrinath,Jagannathan Kaushik,0,0,0,no run,0,,,3/1
1047397,2,1,6,Srikkanth Anirudha,Subramaniam Badrinath,Jagannathan Kaushik,0,0,0,out,1,caught,Srikkanth Anirudha,3/2
1047397,2,2,1,Chandrasekar Ganapathy,Subramaniam Badrinath,Murthy Prabhu,0,0,0,no run,0,,,3/2
1047397,2,2,2,Chandrasekar Ganapathy,Subramaniam Badrinath,Murthy Prabhu,0,0,0,out,1,caught,Chandrasekar Ganapathy,3/3
1047397,2,2,3,Subramaniam Badrinath,R Rajkumar,Murthy Prabhu,0,0,0,out,1,caught,Subramaniam Badrinath,3/4
1047397,2,2,4,Rajhamany Srinivasan,R Rajkumar,Murthy Prabhu,1,1,0,run,0,,,4/4
1047397,2,2,5,R Rajkumar,Rajhamany Srinivasan,Murthy Prabhu,1,1,0,run,0,,,5/4
1047397,2,2,6,Rajhamany Srinivasan,R Rajkumar,Murthy Prabhu,2,2,0,run,0,,,7/4
1047397,2,3,1,R Rajkumar,Rajhamany Srinivasan,Jagannathan Kaushik,0,0,0,no run,0,,,7/4
1047397,2,3,2,R Rajkumar,Rajhamany Srinivasan,Jagannathan Kaushik,6,6,0,six,0,,,13/4
1047397,2,3,3,R Rajkumar,Rajhamany Srinivasan,Jagannathan Kaushik,0,0,0,out,1,caught,R Rajkumar,13/5
1047397,2,3,4,M Shajahan,Rajhamany Srinivasan,Jagannathan Kaushik,1,1,0,run,0,,,14/5
1047397,2,3,5,Rajhamany Srinivasan,M Shajahan,Jagannathan Kaushik,0,0,0,no run,0,,,14/5
1047397,2,3,6,Rajhamany Srinivasan,M Shajahan,Jagannathan Kaushik,2,2,0,run,0,,,16/5
1047397,2,4,1,M Shajahan,Rajhamany Srinivasan,Murthy Prabhu,0,0,0,no run,0,,,16/5
1047397,2,4,2,M Shajahan,Rajhamany Srinivasan,Murthy Prabhu,1,1,0,run,0,,,17/5
1047397,2,4,3,Rajhamany Srinivasan,M Shajahan,Murthy Prabhu,1,1,0,run,0,,,18/5
1047397,2,4,4,M Shajahan,Rajhamany Srinivasan,Murthy Prabhu,4,4,0,four,0,,,22/5
1047397,2,4,5,M Shajahan,Rajhamany Srinivasan,Murthy Prabhu,0,0,0,no run,0,,,22/5
1047397,2,4,6,M Shajahan,Rajhamany Srinivasan,Murthy Prabhu,0,0,0,no run,0,,,22/5
1047397,2,5,1,Rajhamany Srinivasan,M Shajahan,Jagannathan Kaushik,0,0,0,no run,0,,,22/5
1047397,2,5,2,Rajhamany Srinivasan,M Shajahan,Jagannathan Kaushik,4,4,0,four,0,,,26/5
1047397,2,5,3,Rajhamany Srinivasan,M Shajahan,Jagannathan Kaushik,1,1,0,run,0,,,27/5
1047397,2,5,4,M Shajahan,Rajhamany Srinivasan,Jagannathan Kaushik,0,0,0,no run,0,,,27/5
1047397,2,5,5,M Shajahan,Rajhamany Srinivasan,Jagannathan Kaushik,4,4,0,four,0,,,31/5
1047397,2,5,6,M Shajahan,Rajhamany Srinivasan,Jagannathan Kaushik,1,1,0,run,0,,,32/5
1047397,2,6,1,M Shajahan,Rajhamany Srinivasan,Murthy Prabhu,0,0,0,no run,0,,,32/5
1047397,2,6,2,M Shajahan,Rajhamany Srinivasan,Murthy Prabhu,1,1,0,run,0,,,33/5
1047397,2,6,3,Rajhamany Srinivasan,M Shajahan,Murthy Prabhu,4,4,0,four,0,,,37/5
1047397,2,6,4,Rajhamany Srinivasan,M Shajahan,Murthy Prabhu,1,1,0,run,0,,,38/5
1047397,2,6,5,M Shajahan,Rajhamany Srinivasan,Murthy Prabhu,1,1,0,run,0,,,39/5
1047397,2,6,6,Rajhamany Srinivasan,M Shajahan,Murthy Prabhu,0,0,0,no run,0,,,39/5
1047397,2,7,1,M Shajahan,Rajhamany Srinivasan,Jagatheesan Kousik,1,1,0,run,0,,,40/5
1047397,2,7,2,Rajhamany Srinivasan,M Shajahan,Jagatheesan Kousik,4,4,0,four,0,,,44/5
1047397,2,7,3,Rajhamany Srinivasan,M Shajahan,Jagatheesan Kousik,1,1,0,run,0,,,45/5
1047397,2,7,4,M Shajahan,Rajhamany Srinivasan,Jagatheesan Kousik,1,1,0,run,0,,,46/5
1047397,2,7,5,Rajhamany Srinivasan,M Shajahan,Jagatheesan Kousik,0,0,0,no run,0,,,46/5
1047397,2,7,6,Rajhamany Srinivasan,M Shajahan,Jagatheesan Kousik,1,1,0,run,0,,,47/5
1047397,2,8,1,Rajhamany Srinivasan,M Shajahan,Masood Shahrukh Khan,1,1,0,run,0,,,48/5
1047397,2,8,2,M Shajahan,Rajhamany Srinivasan,Masood Shahrukh Khan,1,1,0,run,0,,,49/5
1047397,2,8,3,Rajhamany Srinivasan,M Shajahan,Masood Shahrukh Khan,1,1,0,run,0,,,50/5
1047397,2,8,4,M Shajahan,Rajhamany Srinivasan,Masood Shahrukh Khan,1,1,0,run,0,,,51/5
1047397,2,8,5,Rajhamany Srinivasan,M Shajahan,Masood Shahrukh Khan,1,1,0,run,0,,,52/5
1047397,2,8,6,M Shajahan,Rajhamany Srinivasan,Masood Shahrukh Khan,1,1,0,run,0,,,53/5
1047397,2,9,1,M Shajahan,Rajhamany Srinivasan,B Aditya,6,6,0,six,0,,,59/5
1047397,2,9,2,M Shajahan,Rajhamany Srinivasan,B Aditya,2,2,0,run,0,,,61/5
1047397,2,9,3,M Shajahan,Rajhamany Srinivasan,B Aditya,1,1,0,run,0,,,62/5
1047397,2,9,4,Rajhamany Srinivasan,M Shajahan,B Aditya,1,1,0,run,0,,,63/5
1047397,2,9,5,M Shajahan,Rajhamany Srinivasan,B Aditya,1,1,0,run,0,,,64/5
1047397,2,9,6,Rajhamany Srinivasan,M Shajahan,B Aditya,0,0,0,no run,0,,,64/5
1047397,2,10,1,M Shajahan,Rajhamany Srinivasan,Masood Shahrukh Khan,1,1,0,run,0,,,65/5
1047397,2,10,2,Rajhamany Srinivasan,M Shajahan,Masood Shahrukh Khan,1,0,1,wide,0,,,66/5
1047397,2,10,3,Rajhamany Srinivasan,M Shajahan,Masood Shahrukh Khan,4,4,0,four,0,,,70/5
1047397,2,10,4,Rajhamany Srinivasan,M Shajahan,Masood Shahrukh Khan,0,0,0,no run,0,,,70/5
1047397,2,10,5,Rajhamany Srinivasan,M Shajahan,Masood Shahrukh Khan,1,1,0,run,0,,,71/5
1047397,2,10,6,M Shajahan,Rajhamany Srinivasan,Masood Shahrukh Khan,1,1,0,run,0,,,72/5
1047397,2,10,7,Rajhamany Srinivasan,M Shajahan,Masood Shahrukh Khan,0,0,0,no run,0,,,72/5
1047397,2,11,1,M Shajahan,Rajhamany Srinivasan,Jagatheesan Kousik,0,0,0,no run,0,,,72/5
1047397,2,11,2,M Shajahan,Rajhamany Srinivasan,Jagatheesan Kousik,0,0,0,no run,0,,,72/5
1047397,2,11,3,M Shajahan,Rajhamany Srinivasan,Jagatheesan Kousik,1,1,0,run,0,,,73/5
1047397,2,11,4,Rajhamany Srinivasan,M Shajahan,Jagatheesan Kousik,0,0,0,no run,0,,,73/5
1047397,2,11,5,Rajhamany Srinivasan,M Shajahan,Jagatheesan Kousik,0,0,0,no run,0,,,73/5
1047397,2,11,6,Rajhamany Srinivasan,M Shajahan,Jagatheesan Kousik,6,6,0,six,0,,,79/5
1047397,2,12,1,M Shajahan,Rajhamany Srinivasan,H Trilok Nag,0,0,0,no run,0,,,79/5
1047397,2,12,2,M Shajahan,Rajhamany Srinivasan,H Trilok Nag,0,0,0,no run,0,,,79/5
1047397,2,12,3,M Shajahan,Rajhamany Srinivasan,H Trilok Nag,1,1,0,run,0,,,80/5
1047397,2,12,4,Rajhamany Srinivasan,M Shajahan,H Trilok Nag,1,1,0,run,0,,,81/5
1047397,2,12,5,M Shajahan,Rajhamany Srinivasan,H Trilok Nag,0,0,0,no run,0,,,81/5
1047397,2,12,6,M Shajahan,Rajhamany Srinivasan,H Trilok Nag,1,0,1,wide,0,,,82/5
1047397,2,12,7,M Shajahan,Rajhamany Srinivasan,H Trilok Nag,0,0,0,out,1,bowled,M Shajahan,82/6
1047397,2,13,1,Rajhamany Srinivasan,0,B Aditya,1,1,0,run,0,,,83/6
1047397,2,13,2,Shoaib Md Khan,Rajhamany Srinivasan,B Aditya,0,0,0,no run,0,,,83/6
1047397,2,13,3,Shoaib Md Khan,Rajhamany Srinivasan,B Aditya,2,2,0,run,0,,,85/6
1047397,2,13,4,Shoaib Md Khan,Rajhamany Srinivasan,B Aditya,0,0,0,no run,0,,,85/6
1047397,2,13,5,Shoaib Md Khan,Rajhamany Srinivasan,B Aditya,0,0,0,no run,0,,,85/6
1047397,2,13,6,Shoaib Md Khan,Rajhamany Srinivasan,B Aditya,0,0,0,no run,0,,,85/6
1047397,2,14,1,Rajhamany Srinivasan,Shoaib Md Khan,H Trilok Nag,4,4,0,four,0,,,89/6
1047397,2,14,2,Rajhamany Srinivasan,Shoaib Md Khan,H Trilok Nag,4,4,0,four,0,,,93/6
1047397,2,14,3,Rajhamany Srinivasan,Shoaib Md Khan,H Trilok Nag,1,1,0,run,0,,,94/6
1047397,2,14,4,Shoaib Md Khan,Rajhamany Srinivasan,H Trilok Nag,1,1,0,run,0,,,95/6
1047397,2,14,5,Rajhamany Srinivasan,Shoaib Md Khan,H Trilok Nag,1,1,0,run,0,,,96/6
1047397,2,14,6,Shoaib Md Khan,Rajhamany Srinivasan,H Trilok Nag,4,4,0,four,0,,,100/6
1047397,2,15,1,Rajhamany Srinivasan,Shoaib Md Khan,B Aditya,1,1,0,run,0,,,101/6
1047397,2,15,2,Shoaib Md Khan,Rajhamany Srinivasan,B Aditya,1,1,0,run,0,,,102/6
1047397,2,15,3,Rajhamany Srinivasan,Shoaib Md Khan,B Aditya,1,1,0,run,0,,,103/6
1047397,2,15,4,Shoaib Md Khan,Rajhamany Srinivasan,B Aditya,0,0,0,no run,0,,,103/6
1047397,2,15,5,Shoaib Md Khan,Rajhamany Srinivasan,B Aditya,1,1,0,run,0,,,104/6
1047397,2,15,6,Rajhamany Srinivasan,Shoaib Md Khan,B Aditya,1,1,0,run,0,,,105/6
1047397,2,16,1,Rajhamany Srinivasan,Shoaib Md Khan,Akkil Srinaath,0,0,0,no run,0,,,105/6
1047397,2,16,2,Rajhamany Srinivasan,Shoaib Md Khan,Akkil Srinaath,1,1,0,run,0,,,106/6
1047397,2,16,3,Shoaib Md Khan,Rajhamany Srinivasan,Akkil Srinaath,1,1,0,run,0,,,107/6
1047397,2,16,4,Rajhamany Srinivasan,Shoaib Md Khan,Akkil Srinaath,1,1,0,run,0,,,108/6
1047397,2,16,5,Shoaib Md Khan,Rajhamany Srinivasan,Akkil Srinaath,0,0,0,no run,0,,,108/6
1047397,2,16,6,Shoaib Md Khan,Rajhamany Srinivasan,Akkil Srinaath,1,1,0,run,0,,,109/6
1047397,2,17,1,Shoaib Md Khan,Rajhamany Srinivasan,B Aditya,0,0,0,out,1,stumped,Shoaib Md Khan,109/7
1047397,2,17,2,M Suresh Babu,Rajhamany Srinivasan,B Aditya,1,1,0,run,0,,,110/7
1047397,2,17,3,Rajhamany Srinivasan,M Suresh Babu,B Aditya,1,1,0,run,0,,,111/7
1047397,2,17,4,M Suresh Babu,Rajhamany Srinivasan,B Aditya,0,0,0,no run,0,,,111/7
1047397,2,17,5,M Suresh Babu,Rajhamany Srinivasan,B Aditya,0,0,0,no run,0,,,111/7
1047397,2,17,6,M Suresh Babu,Rajhamany Srinivasan,B Aditya,1,1,0,run,0,,,112/7
1047397,2,18,1,M Suresh Babu,Rajhamany Srinivasan,Murthy Prabhu,1,1,0,run,0,,,113/7
1047397,2,18,2,Rajhamany Srinivasan,M Suresh Babu,Murthy Prabhu,1,1,0,run,0,,,114/7
1047397,2,18,3,M Suresh Babu,Rajhamany Srinivasan,Murthy Prabhu,0,0,0,no run,0,,,114/7
1047397,2,18,4,M Suresh Babu,Rajhamany Srinivasan,Murthy Prabhu,0,0,0,no run,0,,,114/7
1047397,2,18,5,M Suresh Babu,Rajhamany Srinivasan,Murthy Prabhu,0,0,0,no run,0,,,114/7
1047397,2,18,6,M Suresh Babu,Rajhamany Srinivasan,Murthy Prabhu,1,1,0,run,0,,,115/7
1047397,2,19,1,M Suresh Babu,Rajhamany Srinivasan,Jagannathan Kaushik,0,0,0,no run,0,,,115/7
1047397,2,19,2,M Suresh Babu,Rajhamany Srinivasan,Jagannathan Kaushik,1,1,0,run,0,,,116/7
1047397,2,19,3,Rajhamany Srinivasan,M Suresh Babu,Jagannathan Kaushik,1,1,0,run,0,,,117/7
1047397,2,19,4,M Suresh Babu,Rajhamany Srinivasan,Jagannathan Kaushik,1,1,0,run,0,,,118/7
1047397,2,19,5,Rajhamany Srinivasan,M Suresh Babu,Jagannathan Kaushik,4,4,0,four,0,,,122/7
1047399,1,1,1,Kaushik Mohan Gandhi,0,Thangarasu Natarajan,1,1,0,run,0,,,1/0
1047399,1,1,2,Abhinav Mukund,Kaushik Mohan Gandhi,Thangarasu Natarajan,1,1,0,run,0,,,2/0
1047399,1,1,3,Kaushik Mohan Gandhi,Abhinav Mukund,Thangarasu Natarajan,1,1,0,run,0,,,3/0
1047399,1,1,4,Abhinav Mukund,Kaushik Mohan Gandhi,Thangarasu Natarajan,4,4,0,four,0,,,7/0
1047399,1,1,5,Abhinav Mukund,Kaushik Mohan Gandhi,Thangarasu Natarajan,0,0,0,no run,0,,,7/0
1047399,1,1,6,Abhinav Mukund,Kaushik Mohan Gandhi,Thangarasu Natarajan,4,4,0,four,0,,,11/0
1047399,1,2,1,Kaushik Mohan Gandhi,Abhinav Mukund,ME Yazh Arun Mozhi,0,0,0,no run,0,,,11/0
1047399,1,2,2,Kaushik Mohan Gandhi,Abhinav Mukund,ME Yazh Arun Mozhi,0,0,0,no run,0,,,11/0
1047399,1,2,3,Kaushik Mohan Gandhi,Abhinav Mukund,ME Yazh Arun Mozhi,1,1,0,run,0,,,12/0
1047399,1,2,4,Abhinav Mukund,Kaushik Mohan Gandhi,ME Yazh Arun Mozhi,0,0,0,no run,0,,,12/0
1047399,1,2,5,Abhinav Mukund,Kaushik Mohan Gandhi,ME Yazh Arun Mozhi,2,2,0,run,0,,,14/0
1047399,1,2,6,Abhinav Mukund,Kaushik Mohan Gandhi,ME Yazh Arun Mozhi,1,1,0,run,0,,,15/0
1047399,1,3,1,Abhinav Mukund,Kaushik Mohan Gandhi,Yamuna Sunny Kumar Singh,0,0,0,no run,0,,,15/0
1047399,1,3,2,Abhinav Mukund,Kaushik Mohan Gandhi,Yamuna Sunny Kumar Singh,1,0,1,wide,0,,,16/0
1047399,1,3,3,Abhinav Mukund,Kaushik Mohan Gandhi,Yamuna Sunny Kumar Singh,1,1,0,run,0,,,17/0
1047399,1,3,4,Kaushik Mohan Gandhi,Abhinav Mukund,Yamuna Sunny Kumar Singh,0,0,0,no run,0,,,17/0
1047399,1,3,5,Kaushik Mohan Gandhi,Abhinav Mukund,Yamuna Sunny Kumar Singh,1,1,0,run,0,,,18/0
1047399,1,3,6,Abhinav Mukund,Kaushik Mohan Gandhi,Yamuna Sunny Kumar Singh,0,0,0,no run,0,,,18/0
1047399,1,3,7,Abhinav Mukund,Kaushik Mohan Gandhi,Yamuna Sunny Kumar Singh,0,0,0,no run,0,,,18/0
1047399,1,4,1,Kaushik Mohan Gandhi,Abhinav Mukund,ME Yazh Arun Mozhi,0,0,0,no run,0,,,18/0
1047399,1,4,2,Kaushik Mohan Gandhi,Abhinav Mukund,ME Yazh Arun Mozhi,4,4,0,four,0,,,22/0
1047399,1,4,3,Kaushik Mohan Gandhi,Abhinav Mukund,ME Yazh Arun Mozhi,1,1,0,run,0,,,23/0
1047399,1,4,4,Abhinav Mukund,Kaushik Mohan Gandhi,ME Yazh Arun Mozhi,1,1,0,run,0,,,24/0
1047399,1,4,5,Kaushik Mohan Gandhi,Abhinav Mukund,ME Yazh Arun Mozhi,0,0,0,out,1,caught,Kaushik Mohan Gandhi,24/1
1047399,1,4,6,SP Nathan,Abhinav Mukund,ME Yazh Arun Mozhi,0,0,0,no run,0,,,24/1
1047399,1,5,1,Abhinav Mukund,SP Nathan,Yamuna Sunny Kumar Singh,1,1,0,run,0,,,25/1
1047399,1,5,2,SP Nathan,Abhinav Mukund,Yamuna Sunny Kumar Singh,0,0,0,no run,0,,,25/1
1047399,1,5,3,SP Nathan,Abhinav Mukund,Yamuna Sunny Kumar Singh,1,1,0,run,0,,,26/1
1047399,1,5,4,Abhinav Mukund,SP Nathan,Yamuna Sunny Kumar Singh,4,4,0,run,0,,,30/1
1047399,1,5,5,Abhinav Mukund,SP Nathan,Yamuna Sunny Kumar Singh,4,4,0,four,0,,,34/1
1047399,1,5,6,Abhinav Mukund,SP Nathan,Yamuna Sunny Kumar Singh,1,1,0,run,0,,,35/1
1047399,1,6,1,Abhinav Mukund,SP Nathan,ME Yazh Arun Mozhi,1,1,0,run,0,,,36/1
1047399,1,6,2,SP Nathan,Abhinav Mukund,ME Yazh Arun Mozhi,0,0,0,no run,0,,,36/1
1047399,1,6,3,SP Nathan,Abhinav Mukund,ME Yazh Arun Mozhi,4,4,0,four,0,,,40/1
1047399,1,6,4,SP Nathan,Abhinav Mukund,ME Yazh Arun Mozhi,1,1,0,run,0,,,41/1
1047399,1,6,5,Abhinav Mukund,SP Nathan,ME Yazh Arun Mozhi,1,1,0,run,0,,,42/1
1047399,1,6,6,SP Nathan,Abhinav Mukund,ME Yazh Arun Mozhi,2,2,0,run,0,,,44/1
1047399,1,7,1,Abhinav Mukund,SP Nathan,MS Sanjay,0,0,0,no run,0,,,44/1
1047399,1,7,2,Abhinav Mukund,SP Nathan,MS Sanjay,2,2,0,run,0,,,46/1
1047399,1,7,3,Abhinav Mukund,SP Nathan,MS Sanjay,1,1,0,run,0,,,47/1
1047399,1,7,4,SP Nathan,Abhinav Mukund,MS Sanjay,1,1,0,run,0,,,48/1
1047399,1,7,5,Abhinav Mukund,SP Nathan,MS Sanjay,1,1,0,run,0,,,49/1
1047399,1,7,6,SP Nathan,Abhinav Mukund,MS Sanjay,1,1,0,run,0,,,50/1
1047399,1,8,1,SP Nathan,Abhinav Mukund,Murugan Ashwin,1,0,1,wide,0,,,51/1
1047399,1,8,2,SP Nathan,Abhinav Mukund,Murugan Ashwin,1,1,0,run,0,,,52/1
1047399,1,8,3,Abhinav Mukund,SP Nathan,Murugan Ashwin,4,4,0,four,0,,,56/1
1047399,1,8,4,Abhinav Mukund,SP Nathan,Murugan Ashwin,1,1,0,run,0,,,57/1
1047399,1,8,5,SP Nathan,Abhinav Mukund,Murugan Ashwin,0,0,0,out,1,caught,SP Nathan,57/2
1047399,1,8,6,Krishnakumar Dinesh Karthik,Abhinav Mukund,Murugan Ashwin,0,0,0,no run,0,,,57/2
1047399,1,8,7,Krishnakumar Dinesh Karthik,Abhinav Mukund,Murugan Ashwin,1,0,1,wide,0,,,58/2
1047399,1,8,8,Krishnakumar Dinesh Karthik,Abhinav Mukund,Murugan Ashwin,0,0,0,no run,0,,,58/2
1047399,1,9,1,Abhinav Mukund,Krishnakumar Dinesh Karthik,MS Sanjay,1,1,0,run,0,,,59/2
1047399,1,9,2,Krishnakumar Dinesh Karthik,Abhinav Mukund,MS Sanjay,1,1,0,run,0,,,60/2
1047399,1,9,3,Abhinav Mukund,Krishnakumar Dinesh Karthik,MS Sanjay,1,1,0,run,0,,,61/2
1047399,1,9,4,Krishnakumar Dinesh Karthik,Abhinav Mukund,MS Sanjay,0,0,0,no run,0,,,61/2
1047399,1,9,5,Krishnakumar Dinesh Karthik,Abhinav Mukund,MS Sanjay,0,0,0,no run,0,,,61/2
1047399,1,9,6,Krishnakumar Dinesh Karthik,Abhinav Mukund,MS Sanjay,1,1,0,run,0,,,62/2
1047399,1,10,1,Krishnakumar Dinesh Karthik,Abhinav Mukund,Murugan Ashwin,1,1,0,run,0,,,63/2
1047399,1,10,2,Abhinav Mukund,Krishnakumar Dinesh Karthik,Murugan Ashwin,2,2,0,run,0,,,65/2
1047399,1,10,3,Abhinav Mukund,Krishnakumar Dinesh Karthik,Murugan Ashwin,1,0,1,wide,0,,,66/2
1047399,1,10,4,Abhinav Mukund,Krishnakumar Dinesh Karthik,Murugan Ashwin,1,1,0,run,0,,,67/2
1047399,1,10,5,Krishnakumar Dinesh Karthik,Abhinav Mukund,Murugan Ashwin,1,1,0,run,0,,,68/2
1047399,1,10,6,Abhinav Mukund,Krishnakumar Dinesh Karthik,Murugan Ashwin,1,1,0,run,0,,,69/2
1047399,1,10,7,Krishnakumar Dinesh Karthik,Abhinav Mukund,Murugan Ashwin,1,1,0,run,0,,,70/2
1047399,1,11,1,Krishnakumar Dinesh Karthik,Abhinav Mukund,Yamuna Sunny Kumar Singh,1,1,0,run,0,,,71/2
1047399,1,11,2,Abhinav Mukund,Krishnakumar Dinesh Karthik,Yamuna Sunny Kumar Singh,4,4,0,four,0,,,75/2
1047399,1,11,3,Abhinav Mukund,Krishnakumar Dinesh Karthik,Yamuna Sunny Kumar Singh,1,1,0,run,0,,,76/2
1047399,1,11,4,Krishnakumar Dinesh Karthik,Abhinav Mukund,Yamuna Sunny Kumar Singh,1,1,0,run,0,,,77/2
1047399,1,11,5,Abhinav Mukund,Krishnakumar Dinesh Karthik,Yamuna Sunny Kumar Singh,1,1,0,run,0,,,78/2
1047399,1,11,6,Krishnakumar Dinesh Karthik,Abhinav Mukund,Yamuna Sunny Kumar Singh,1,1,0,run,0,,,79/2
1047399,1,12,1,Krishnakumar Dinesh Karthik,Abhinav Mukund,Murugan Ashwin,2,2,0,run,0,,,81/2
1047399,1,12,2,Krishnakumar Dinesh Karthik,Abhinav Mukund,Murugan Ashwin,1,1,0,run,0,,,82/2
1047399,1,12,3,Abhinav Mukund,Krishnakumar Dinesh Karthik,Murugan Ashwin,1,1,0,run,0,,,83/2
1047399,1,12,4,Krishnakumar Dinesh Karthik,Abhinav Mukund,Murugan Ashwin,1,1,0,run,0,,,84/2
1047399,1,12,5,Abhinav Mukund,Krishnakumar Dinesh Karthik,Murugan Ashwin,1,1,0,run,0,,,85/2
1047399,1,12,6,Krishnakumar Dinesh Karthik,Abhinav Mukund,Murugan Ashwin,1,1,0,run,0,,,86/2
1047399,1,13,1,Krishnakumar Dinesh Karthik,Abhinav Mukund,Thangarasu Natarajan,1,1,0,run,0,,,87/2
1047399,1,13,2,Abhinav Mukund,Krishnakumar Dinesh Karthik,Thangarasu Natarajan,2,2,0,run,0,,,89/2
1047399,1,13,3,Abhinav Mukund,Krishnakumar Dinesh Karthik,Thangarasu Natarajan,4,4,0,four,0,,,93/2
1047399,1,13,4,Abhinav Mukund,Krishnakumar Dinesh Karthik,Thangarasu Natarajan,2,2,0,run,0,,,95/2
1047399,1,13,5,Abhinav Mukund,Krishnakumar Dinesh Karthik,Thangarasu Natarajan,1,1,0,run,0,,,96/2
1047399,1,13,6,Krishnakumar Dinesh Karthik,Abhinav Mukund,Thangarasu Natarajan,1,1,0,run,0,,,97/2
1047399,1,14,1,Krishnakumar Dinesh Karthik,Abhinav Mukund,S Raghunath,0,0,0,no run,0,,,97/2
1047399,1,14,2,Krishnakumar Dinesh Karthik,Abhinav Mukund,S Raghunath,4,4,0,four,0,,,101/2
1047399,1,14,3,Krishnakumar Dinesh Karthik,Abhinav Mukund,S Raghunath,1,1,0,run,0,,,102/2
1047399,1,14,4,Abhinav Mukund,Krishnakumar Dinesh Karthik,S Raghunath,4,4,0,four,0,,,106/2
1047399,1,14,5,Abhinav Mukund,Krishnakumar Dinesh Karthik,S Raghunath,4,4,0,four,0,,,110/2
1047399,1,14,6,Abhinav Mukund,Krishnakumar Dinesh Karthik,S Raghunath,1,1,0,run,0,,,111/2
1047399,1,15,1,Abhinav Mukund,Krishnakumar Dinesh Karthik,MS Sanjay,0,0,0,no run,0,,,111/2
1047399,1,15,2,Abhinav Mukund,Krishnakumar Dinesh Karthik,MS Sanjay,4,4,0,four,0,,,115/2
1047399,1,15,3,Abhinav Mukund,Krishnakumar Dinesh Karthik,MS Sanjay,1,1,0,run,0,,,116/2
1047399,1,15,4,Krishnakumar Dinesh Karthik,Abhinav Mukund,MS Sanjay,6,6,0,six,0,,,122/2
1047399,1,15,5,Krishnakumar Dinesh Karthik,Abhinav Mukund,MS Sanjay,1,1,0,run,0,,,123/2
1047399,1,15,6,Abhinav Mukund,Krishnakumar Dinesh Karthik,MS Sanjay,1,1,0,run,0,,,124/2
1047399,1,16,1,Abhinav Mukund,Krishnakumar Dinesh Karthik,Murugan Ashwin,1,1,0,run,0,,,125/2
1047399,1,16,2,Krishnakumar Dinesh Karthik,Abhinav Mukund,Murugan Ashwin,1,1,0,run,0,,,126/2
1047399,1,16,3,Abhinav Mukund,Krishnakumar Dinesh Karthik,Murugan Ashwin,4,4,0,four,0,,,130/2
1047399,1,16,4,Abhinav Mukund,Krishnakumar Dinesh Karthik,Murugan Ashwin,1,1,0,run,0,,,131/2
1047399,1,16,5,Krishnakumar Dinesh Karthik,Abhinav Mukund,Murugan Ashwin,0,0,0,no run,0,,,131/2
1047399,1,16,6,Krishnakumar Dinesh Karthik,Abhinav Mukund,Murugan Ashwin,1,1,0,run,0,,,132/2
1047399,1,17,1,Krishnakumar Dinesh Karthik,Abhinav Mukund,MS Sanjay,1,1,0,run,0,,,133/2
1047399,1,17,2,Abhinav Mukund,Krishnakumar Dinesh Karthik,MS Sanjay,1,1,0,run,0,,,134/2
1047399,1,17,3,Krishnakumar Dinesh Karthik,Abhinav Mukund,MS Sanjay,6,6,0,six,0,,,140/2
1047399,1,17,4,Krishnakumar Dinesh Karthik,Abhinav Mukund,MS Sanjay,6,6,0,six,0,,,146/2
1047399,1,17,5,Krishnakumar Dinesh Karthik,Abhinav Mukund,MS Sanjay,6,6,0,six,0,,,152/2
1047399,1,17,6,Krishnakumar Dinesh Karthik,Abhinav Mukund,MS Sanjay,0,0,0,out,1,bowled,Krishnakumar Dinesh Karthik,152/3
1047399,1,18,1,Abhinav Mukund,0,Thangarasu Natarajan,1,1,0,run,0,,,153/3
1047399,1,18,2,Subramanian Anand,Abhinav Mukund,Thangarasu Natarajan,1,1,0,run,0,,,154/3
1047399,1,18,3,Abhinav Mukund,Subramanian Anand,Thangarasu Natarajan,1,0,1,wide,0,,,155/3
1047399,1,18,4,Abhinav Mukund,Subramanian Anand,Thangarasu Natarajan,2,2,0,run,0,,,157/3
1047399,1,18,5,Abhinav Mukund,Subramanian Anand,Thangarasu Natarajan,6,6,0,six,0,,,163/3
1047399,1,18,6,Abhinav Mukund,Subramanian Anand,Thangarasu Natarajan,0,0,0,no run,0,,,163/3
1047399,1,18,7,Abhinav Mukund,Subramanian Anand,Thangarasu Natarajan,2,2,0,run,0,,,165/3
1047399,1,19,1,Subramanian Anand,Abhinav Mukund,Yamuna Sunny Kumar Singh,6,6,0,six,0,,,171/3
1047399,1,19,2,Subramanian Anand,Abhinav Mukund,Yamuna Sunny Kumar Singh,1,0,1,leg bye,0,,,172/3
1047399,1,19,3,Abhinav Mukund,Subramanian Anand,Yamuna Sunny Kumar Singh,1,0,1,wide,0,,,173/3
1047399,1,19,4,Abhinav Mukund,Subramanian Anand,Yamuna Sunny Kumar Singh,0,0,0,out,1,caught,Abhinav Mukund,173/4
1047399,1,19,5,Subramanian Anand,Washington Sundar,Yamuna Sunny Kumar Singh,0,0,0,out,1,caught,Subramanian Anand,173/5
1047399,1,19,6,Washington Sundar,0,Yamuna Sunny Kumar Singh,4,4,0,four,0,,,177/5
1047399,1,19,7,Washington Sundar,Akash Sumra,Yamuna Sunny Kumar Singh,0,0,0,out,1,caught,Washington Sundar,177/6
1047399,1,20,1,Akash Sumra,0,Thangarasu Natarajan,4,4,0,four,0,,,181/6
1047399,1,20,2,Akash Sumra,0,Thangarasu Natarajan,0,0,0,no run,0,,,181/6
1047399,1,20,3,Akash Sumra,0,Thangarasu Natarajan,1,0,1,bye,0,,,182/6
1047399,1,20,4,Antony Chandrasekaran Aswin Crist,Akash Sumra,Thangarasu Natarajan,1,1,0,run,0,,,183/6
1047399,1,20,5,Akash Sumra,Antony Chandrasekaran Aswin Crist,Thangarasu Natarajan,4,4,0,four,0,,,187/6
1047399,1,20,6,Akash Sumra,Antony Chandrasekaran Aswin Crist,Thangarasu Natarajan,0,0,0,out,1,caught,Akash Sumra,187/7
1047399,2,1,1,Narayan Jagadeesan,0,Lakshmipathy Balaji,2,2,0,run,0,,,2/0
1047399,2,1,2,Narayan Jagadeesan,0,Lakshmipathy Balaji,1,1,0,run,0,,,3/0
1047399,2,1,3,S Raghunath,Narayan Jagadeesan,Lakshmipathy Balaji,0,0,0,no run,0,,,3/0
1047399,2,1,4,S Raghunath,Narayan Jagadeesan,Lakshmipathy Balaji,0,0,0,no run,0,,,3/0
1047399,2,1,5,S Raghunath,Narayan Jagadeesan,Lakshmipathy Balaji,4,4,0,four,0,,,7/0
1047399,2,1,6,S Raghunath,Narayan Jagadeesan,Lakshmipathy Balaji,0,0,0,no run,0,,,7/0
1047399,2,2,1,Narayan Jagadeesan,S Raghunath,M Ganesh Moorthi,0,0,0,no run,0,,,7/0
1047399,2,2,2,Narayan Jagadeesan,S Raghunath,M Ganesh Moorthi,0,0,0,no run,0,,,7/0
1047399,2,2,3,Narayan Jagadeesan,S Raghunath,M Ganesh Moorthi,4,4,0,four,0,,,11/0
1047399,2,2,4,Narayan Jagadeesan,S Raghunath,M Ganesh Moorthi,6,6,0,six,0,,,17/0
1047399,2,2,5,Narayan Jagadeesan,S Raghunath,M Ganesh Moorthi,0,0,0,no run,0,,,17/0
1047399,2,2,6,Narayan Jagadeesan,S Raghunath,M Ganesh Moorthi,0,0,0,no run,0,,,17/0
1047399,2,3,1,S Raghunath,Narayan Jagadeesan,Antony Chandrasekaran Aswin Crist,0,0,0,no run,0,,,17/0
1047399,2,3,2,S Raghunath,Narayan Jagadeesan,Antony Chandrasekaran Aswin Crist,0,0,0,no run,0,,,17/0
1047399,2,3,3,S Raghunath,Narayan Jagadeesan,Antony Chandrasekaran Aswin Crist,1,1,0,run,0,,,18/0
1047399,2,3,4,Narayan Jagadeesan,S Raghunath,Antony Chandrasekaran Aswin Crist,4,4,0,four,0,,,22/0
1047399,2,3,5,Narayan Jagadeesan,S Raghunath,Antony Chandrasekaran Aswin Crist,2,2,0,run,0,,,24/0
1047399,2,3,6,Narayan Jagadeesan,S Raghunath,Antony Chandrasekaran Aswin Crist,1,1,0,run,0,,,25/0
1047399,2,4,1,Narayan Jagadeesan,S Raghunath,Lakshmipathy Balaji,4,4,0,four,0,,,29/0
1047399,2,4,2,Narayan Jagadeesan,S Raghunath,Lakshmipathy Balaji,0,0,0,no run,0,,,29/0
1047399,2,4,3,Narayan Jagadeesan,S Raghunath,Lakshmipathy Balaji,1,1,0,run,0,,,30/0
1047399,2,4,4,S Raghunath,Narayan Jagadeesan,Lakshmipathy Balaji,1,1,0,run,0,,,31/0
1047399,2,4,5,Narayan Jagadeesan,S Raghunath,Lakshmipathy Balaji,0,0,0,no run,0,,,31/0
1047399,2,4,6,Narayan Jagadeesan,S Raghunath,Lakshmipathy Balaji,2,2,0,run,0,,,33/0
1047399,2,5,1,S Raghunath,Narayan Jagadeesan,Antony Chandrasekaran Aswin Crist,0,0,0,no run,0,,,33/0
1047399,2,5,2,S Raghunath,Narayan Jagadeesan,Antony Chandrasekaran Aswin Crist,1,1,0,run,0,,,34/0
1047399,2,5,3,Narayan Jagadeesan,S Raghunath,Antony Chandrasekaran Aswin Crist,4,4,0,four,0,,,38/0
1047399,2,5,4,Narayan Jagadeesan,S Raghunath,Antony Chandrasekaran Aswin Crist,1,1,0,run,0,,,39/0
1047399,2,5,5,S Raghunath,Narayan Jagadeesan,Antony Chandrasekaran Aswin Crist,1,0,1,leg bye,0,,,40/0
1047399,2,5,6,Narayan Jagadeesan,S Raghunath,Antony Chandrasekaran Aswin Crist,0,0,0,no run,0,,,40/0
1047399,2,6,1,S Raghunath,Narayan Jagadeesan,Washington Sundar,0,0,0,no run,0,,,40/0
1047399,2,6,2,S Raghunath,Narayan Jagadeesan,Washington Sundar,0,0,0,out,1,leg before wicket,S Raghunath,40/1
1047399,2,6,3,Wilkins Joseph Victor,Narayan Jagadeesan,Washington Sundar,0,0,0,no run,0,,,40/1
1047399,2,6,4,Wilkins Joseph Victor,Narayan Jagadeesan,Washington Sundar,0,0,0,out,1,bowled,Wilkins Joseph Victor,40/2
1047399,2,6,5,Ganga Sridhar Raju,Narayan Jagadeesan,Washington Sundar,0,0,0,no run,0,,,40/2
1047399,2,6,6,Ganga Sridhar Raju,Narayan Jagadeesan,Washington Sundar,0,0,0,out,1,bowled,Ganga Sridhar Raju,40/3
1047399,2,7,1,Narayan Jagadeesan,0,Raju Aushik Srinivas,1,1,0,run,0,,,41/3
1047399,2,7,2,Ashwin Venkataraman,Narayan Jagadeesan,Raju Aushik Srinivas,1,1,0,run,0,,,42/3
1047399,2,7,3,Narayan Jagadeesan,Ashwin Venkataraman,Raju Aushik Srinivas,1,1,0,run,0,,,43/3
1047399,2,7,4,Ashwin Venkataraman,Narayan Jagadeesan,Raju Aushik Srinivas,6,6,0,six,0,,,49/3
1047399,2,7,5,Ashwin Venkataraman,Narayan Jagadeesan,Raju Aushik Srinivas,1,1,0,run,0,,,50/3
1047399,2,7,6,Narayan Jagadeesan,Ashwin Venkataraman,Raju Aushik Srinivas,1,1,0,run,0,,,51/3
1047399,2,8,1,Narayan Jagadeesan,Ashwin Venkataraman,Washington Sundar,1,1,0,run,0,,,52/3
1047399,2,8,2,Ashwin Venkataraman,Narayan Jagadeesan,Washington Sundar,1,1,0,run,0,,,53/3
1047399,2,8,3,Narayan Jagadeesan,Ashwin Venkataraman,Washington Sundar,0,0,0,no run,0,,,53/3
1047399,2,8,4,Narayan Jagadeesan,Ashwin Venkataraman,Washington Sundar,1,1,0,run,0,,,54/3
1047399,2,8,5,Ashwin Venkataraman,Narayan Jagadeesan,Washington Sundar,1,1,0,run,0,,,55/3
1047399,2,8,6,Narayan Jagadeesan,Ashwin Venkataraman,Washington Sundar,0,0,0,no run,0,,,55/3
1047399,2,9,1,Ashwin Venkataraman,Narayan Jagadeesan,Raju Aushik Srinivas,1,1,0,run,0,,,56/3
1047399,2,9,2,Narayan Jagadeesan,Ashwin Venkataraman,Raju Aushik Srinivas,0,0,0,no run,0,,,56/3
1047399,2,9,3,Narayan Jagadeesan,Ashwin Venkataraman,Raju Aushik Srinivas,4,4,0,four,0,,,60/3
1047399,2,9,4,Narayan Jagadeesan,Ashwin Venkataraman,Raju Aushik Srinivas,2,2,0,run,0,,,62/3
1047399,2,9,5,Narayan Jagadeesan,Ashwin Venkataraman,Raju Aushik Srinivas,4,4,0,four,0,,,66/3
1047399,2,9,6,Narayan Jagadeesan,Ashwin Venkataraman,Raju Aushik Srinivas,0,0,0,no run,0,,,66/3
1047399,2,10,1,Ashwin Venkataraman,Narayan Jagadeesan,Washington Sundar,1,1,0,run,0,,,67/3
1047399,2,10,2,Narayan Jagadeesan,Ashwin Venkataraman,Washington Sundar,2,2,0,run,0,,,69/3
1047399,2,10,3,Narayan Jagadeesan,Ashwin Venkataraman,Washington Sundar,1,1,0,run,0,,,70/3
1047399,2,10,4,Ashwin Venkataraman,Narayan Jagadeesan,Washington Sundar,2,2,0,run,0,,,72/3
1047399,2,10,5,Ashwin Venkataraman,Narayan Jagadeesan,Washington Sundar,1,1,0,run,0,,,73/3
1047399,2,10,6,Narayan Jagadeesan,Ashwin Venkataraman,Washington Sundar,1,1,0,run,0,,,74/3
1047399,2,11,1,Narayan Jagadeesan,Ashwin Venkataraman,M Ganesh Moorthi,1,1,0,run,0,,,75/3
1047399,2,11,2,Ashwin Venkataraman,Narayan Jagadeesan,M Ganesh Moorthi,0,0,0,no run,0,,,75/3
1047399,2,11,3,Ashwin Venkataraman,Narayan Jagadeesan,M Ganesh Moorthi,0,0,0,no run,0,,,75/3
1047399,2,11,4,Ashwin Venkataraman,Narayan Jagadeesan,M Ganesh Moorthi,1,1,0,run,0,,,76/3
1047399,2,11,5,Narayan Jagadeesan,Ashwin Venkataraman,M Ganesh Moorthi,1,1,0,run,0,,,77/3
1047399,2,11,6,Ashwin Venkataraman,Narayan Jagadeesan,M Ganesh Moorthi,6,6,0,six,0,,,83/3
1047399,2,12,1,Narayan Jagadeesan,Ashwin Venkataraman,Akash Sumra,1,1,0,run,0,,,84/3
1047399,2,12,2,Ashwin Venkataraman,Narayan Jagadeesan,Akash Sumra,1,1,0,run,0,,,85/3
1047399,2,12,3,Narayan Jagadeesan,Ashwin Venkataraman,Akash Sumra,4,4,0,four,0,,,89/3
1047399,2,12,4,Narayan Jagadeesan,Ashwin Venkataraman,Akash Sumra,1,1,0,run,0,,,90/3
1047399,2,12,5,Ashwin Venkataraman,Narayan Jagadeesan,Akash Sumra,4,4,0,four,0,,,94/3
1047399,2,12,6,Ashwin Venkataraman,Narayan Jagadeesan,Akash Sumra,1,1,0,run,0,,,95/3
1047399,2,13,1,Ashwin Venkataraman,Narayan Jagadeesan,Antony Chandrasekaran Aswin Crist,1,1,0,run,0,,,96/3
1047399,2,13,2,Narayan Jagadeesan,Ashwin Venkataraman,Antony Chandrasekaran Aswin Crist,0,0,0,no run,0,,,96/3
1047399,2,13,3,Narayan Jagadeesan,Ashwin Venkataraman,Antony Chandrasekaran Aswin Crist,0,0,0,out,1,caught,Narayan Jagadeesan,96/4
1047399,2,13,4,Ashwin Venkataraman,0,Antony Chandrasekaran Aswin Crist,1,1,0,run,0,,,97/4
1047399,2,13,5,V Subramania Siva,Ashwin Venkataraman,Antony Chandrasekaran Aswin Crist,1,1,0,run,0,,,98/4
1047399,2,13,6,Ashwin Venkataraman,V Subramania Siva,Antony Chandrasekaran Aswin Crist,4,4,0,four,0,,,102/4
1047399,2,14,1,V Subramania Siva,Ashwin Venkataraman,Raju Aushik Srinivas,1,1,0,run,0,,,103/4
1047399,2,14,2,Ashwin Venkataraman,V Subramania Siva,Raju Aushik Srinivas,1,1,0,run,0,,,104/4
1047399,2,14,3,V Subramania Siva,Ashwin Venkataraman,Raju Aushik Srinivas,0,0,0,no run,0,,,104/4
1047399,2,14,4,V Subramania Siva,Ashwin Venkataraman,Raju Aushik Srinivas,1,1,0,run,0,,,105/4
1047399,2,14,5,Ashwin Venkataraman,V Subramania Siva,Raju Aushik Srinivas,0,0,0,no run,0,,,105/4
1047399,2,14,6,Ashwin Venkataraman,V Subramania Siva,Raju Aushik Srinivas,1,1,0,run,0,,,106/4
1047399,2,15,1,Ashwin Venkataraman,V Subramania Siva,Antony Chandrasekaran Aswin Crist,0,0,0,no run,0,,,106/4
1047399,2,15,2,Ashwin Venkataraman,V Subramania Siva,Antony Chandrasekaran Aswin Crist,0,0,0,no run,0,,,106/4
1047399,2,15,3,Ashwin Venkataraman,V Subramania Siva,Antony Chandrasekaran Aswin Crist,4,4,0,four,0,,,110/4
1047399,2,15,4,Ashwin Venkataraman,V Subramania Siva,Antony Chandrasekaran Aswin Crist,0,0,0,out,1,caught,Ashwin Venkataraman,110/5
1047399,2,15,5,V Subramania Siva,0,Antony Chandrasekaran Aswin Crist,0,0,0,no run,0,,,110/5
1047399,2,15,6,V Subramania Siva,Yamuna Sunny Kumar Singh,Antony Chandrasekaran Aswin Crist,0,0,0,no run,0,,,110/5
1047399,2,16,1,Yamuna Sunny Kumar Singh,V Subramania Siva,Raju Aushik Srinivas,1,1,0,run,0,,,111/5
1047399,2,16,2,V Subramania Siva,Yamuna Sunny Kumar Singh,Raju Aushik Srinivas,0,0,0,out,1,caught,V Subramania Siva,111/6
1047399,2,16,3,Yamuna Sunny Kumar Singh,0,Raju Aushik Srinivas,1,1,0,run,0,,,112/6
1047399,2,16,4,Murugan Ashwin,Yamuna Sunny Kumar Singh,Raju Aushik Srinivas,0,0,0,no run,0,,,112/6
1047399,2,16,5,Murugan Ashwin,Yamuna Sunny Kumar Singh,Raju Aushik Srinivas,1,1,0,run,0,,,113/6
1047399,2,16,6,Yamuna Sunny Kumar Singh,Murugan Ashwin,Raju Aushik Srinivas,0,0,0,no run,0,,,113/6
1047399,2,17,1,Murugan Ashwin,Yamuna Sunny Kumar Singh,Lakshmipathy Balaji,1,0,1,wide,0,,,114/6
1047399,2,17,2,Murugan Ashwin,Yamuna Sunny Kumar Singh,Lakshmipathy Balaji,0,0,0,no run,0,,,114/6
1047399,2,17,3,Murugan Ashwin,Yamuna Sunny Kumar Singh,Lakshmipathy Balaji,6,6,0,six,0,,,120/6
1047399,2,17,4,Murugan Ashwin,Yamuna Sunny Kumar Singh,Lakshmipathy Balaji,1,0,1,wide,0,,,121/6
1047399,2,17,5,Murugan Ashwin,Yamuna Sunny Kumar Singh,Lakshmipathy Balaji,0,0,0,out,1,caught,Murugan Ashwin,121/7
1047399,2,17,6,ME Yazh Arun Mozhi,Yamuna Sunny Kumar Singh,Lakshmipathy Balaji,0,0,0,no run,0,,,121/7
1047399,2,17,7,ME Yazh Arun Mozhi,Yamuna Sunny Kumar Singh,Lakshmipathy Balaji,0,0,0,no run,0,,,121/7
1047399,2,17,8,ME Yazh Arun Mozhi,Yamuna Sunny Kumar Singh,Lakshmipathy Balaji,0,0,0,no run,0,,,121/7
1047399,2,18,1,Yamuna Sunny Kumar Singh,ME Yazh Arun Mozhi,M Ganesh Moorthi,1,1,0,run,0,,,122/7
1047399,2,18,2,ME Yazh Arun Mozhi,Yamuna Sunny Kumar Singh,M Ganesh Moorthi,1,0,1,wide,0,,,123/7
1047399,2,18,3,ME Yazh Arun Mozhi,Yamuna Sunny Kumar Singh,M Ganesh Moorthi,1,1,0,run,0,,,124/7
1047399,2,18,4,Yamuna Sunny Kumar Singh,ME Yazh Arun Mozhi,M Ganesh Moorthi,1,0,1,wide,0,,,125/7
1047399,2,18,5,Yamuna Sunny Kumar Singh,ME Yazh Arun Mozhi,M Ganesh Moorthi,4,4,0,four,0,,,129/7
1047399,2,18,6,Yamuna Sunny Kumar Singh,ME Yazh Arun Mozhi,M Ganesh Moorthi,1,1,0,run,0,,,130/7
1047399,2,18,7,ME Yazh Arun Mozhi,Yamuna Sunny Kumar Singh,M Ganesh Moorthi,0,0,0,no run,0,,,130/7
1047399,2,18,8,ME Yazh Arun Mozhi,Yamuna Sunny Kumar Singh,M Ganesh Moorthi,1,1,0,run,0,,,131/7
1047399,2,19,1,ME Yazh Arun Mozhi,Yamuna Sunny Kumar Singh,Lakshmipathy Balaji,0,0,0,no run,0,,,131/7
1047399,2,19,2,ME Yazh Arun Mozhi,Yamuna Sunny Kumar Singh,Lakshmipathy Balaji,0,0,0,no run,0,,,131/7
1047399,2,19,3,ME Yazh Arun Mozhi,Yamuna Sunny Kumar Singh,Lakshmipathy Balaji,1,1,0,run,0,,,132/7
1047399,2,19,4,Yamuna Sunny Kumar Singh,ME Yazh Arun Mozhi,Lakshmipathy Balaji,6,6,0,six,0,,,138/7
1047399,2,19,5,Yamuna Sunny Kumar Singh,ME Yazh Arun Mozhi,Lakshmipathy Balaji,0,0,0,no run,0,,,138/7
1047399,2,19,6,Yamuna Sunny Kumar Singh,ME Yazh Arun Mozhi,Lakshmipathy Balaji,0,0,0,no run,0,,,138/7
1047399,2,20,1,ME Yazh Arun Mozhi,Yamuna Sunny Kumar Singh,Washington Sundar,1,1,0,run,0,,,139/7
1047399,2,20,2,Yamuna Sunny Kumar Singh,ME Yazh Arun Mozhi,Washington Sundar,0,0,0,no run,0,,,139/7
1047399,2,20,3,Yamuna Sunny Kumar Singh,ME Yazh Arun Mozhi,Washington Sundar,6,6,0,six,0,,,145/7
1047399,2,20,4,Yamuna Sunny Kumar Singh,ME Yazh Arun Mozhi,Washington Sundar,0,0,0,no run,0,,,145/7
1047399,2,20,5,Yamuna Sunny Kumar Singh,ME Yazh Arun Mozhi,Washington Sundar,4,4,0,four,0,,,149/7
1047399,2,20,6,Yamuna Sunny Kumar Singh,ME Yazh Arun Mozhi,Washington Sundar,0,0,0,out,1,caught,Yamuna Sunny Kumar Singh,149/8
1047401,1,1,1,Hari Gopinath,0,Krishnamoorthy Vignesh,0,0,0,no run,0,,,0/0
1047401,1,1,2,Hari Gopinath,0,Krishnamoorthy Vignesh,0,0,0,no run,0,,,0/0
1047401,1,1,3,Hari Gopinath,0,Krishnamoorthy Vignesh,0,0,0,no run,0,,,0/0
1047401,1,1,4,Hari Gopinath,0,Krishnamoorthy Vignesh,1,1,0,run,0,,,1/0
1047401,1,1,5,Xavier Thalaivan Sargunam,Hari Gopinath,Krishnamoorthy Vignesh,0,0,0,no run,0,,,1/0
1047401,1,1,6,Xavier Thalaivan Sargunam,Hari Gopinath,Krishnamoorthy Vignesh,0,0,0,no run,0,,,1/0
1047401,1,2,1,Hari Gopinath,Xavier Thalaivan Sargunam,M Mohammed,4,4,0,four,0,,,5/0
1047401,1,2,2,Hari Gopinath,Xavier Thalaivan Sargunam,M Mohammed,4,4,0,four,0,,,9/0
1047401,1,2,3,Hari Gopinath,Xavier Thalaivan Sargunam,M Mohammed,4,4,0,four,0,,,13/0
1047401,1,2,4,Hari Gopinath,Xavier Thalaivan Sargunam,M Mohammed,1,1,0,run,0,,,14/0
1047401,1,2,5,Xavier Thalaivan Sargunam,Hari Gopinath,M Mohammed,1,1,0,run,0,,,15/0
1047401,1,2,6,Hari Gopinath,Xavier Thalaivan Sargunam,M Mohammed,6,6,0,six,0,,,21/0
1047401,1,3,1,Xavier Thalaivan Sargunam,Hari Gopinath,Krishnamoorthy Vignesh,0,0,0,out,1,bowled,Xavier Thalaivan Sargunam,21/1
1047401,1,3,2,Jothimani Gowjith Subhash,Hari Gopinath,Krishnamoorthy Vignesh,0,0,0,no run,0,,,21/1
1047401,1,3,3,Jothimani Gowjith Subhash,Hari Gopinath,Krishnamoorthy Vignesh,0,0,0,no run,0,,,21/1
1047401,1,3,4,Jothimani Gowjith Subhash,Hari Gopinath,Krishnamoorthy Vignesh,0,0,0,no run,0,,,21/1
1047401,1,3,5,Jothimani Gowjith Subhash,Hari Gopinath,Krishnamoorthy Vignesh,1,1,0,run,0,,,22/1
1047401,1,3,6,Hari Gopinath,Jothimani Gowjith Subhash,Krishnamoorthy Vignesh,0,0,0,no run,0,,,22/1
1047401,1,4,1,Jothimani Gowjith Subhash,Hari Gopinath,B Arun,0,0,0,no run,0,,,22/1
1047401,1,4,2,Jothimani Gowjith Subhash,Hari Gopinath,B Arun,1,1,0,run,0,,,23/1
1047401,1,4,3,Hari Gopinath,Jothimani Gowjith Subhash,B Arun,1,1,0,run,0,,,24/1
1047401,1,4,4,Jothimani Gowjith Subhash,Hari Gopinath,B Arun,0,0,0,out,1,caught,Jothimani Gowjith Subhash,24/2
1047401,1,4,5,Hari Gopinath,0,B Arun,1,1,0,run,0,,,25/2
1047401,1,4,6,Sathiamoorty Vasanth Saravanan,Hari Gopinath,B Arun,1,1,0,run,0,,,26/2
1047401,1,5,1,Sathiamoorty Vasanth Saravanan,Hari Gopinath,Jamaluddin Syed Mohammad,1,1,0,run,0,,,27/2
1047401,1,5,2,Hari Gopinath,Sathiamoorty Vasanth Saravanan,Jamaluddin Syed Mohammad,4,4,0,four,0,,,31/2
1047401,1,5,3,Hari Gopinath,Sathiamoorty Vasanth Saravanan,Jamaluddin Syed Mohammad,0,0,0,no run,0,,,31/2
1047401,1,5,4,Hari Gopinath,Sathiamoorty Vasanth Saravanan,Jamaluddin Syed Mohammad,0,0,0,no run,0,,,31/2
1047401,1,5,5,Hari Gopinath,Sathiamoorty Vasanth Saravanan,Jamaluddin Syed Mohammad,1,1,0,run,0,,,32/2
1047401,1,5,6,Sathiamoorty Vasanth Saravanan,Hari Gopinath,Jamaluddin Syed Mohammad,1,1,0,run,0,,,33/2
1047401,1,6,1,Sathiamoorty Vasanth Saravanan,Hari Gopinath,B Arun,4,4,0,four,0,,,37/2
1047401,1,6,2,Sathiamoorty Vasanth Saravanan,Hari Gopinath,B Arun,1,1,0,run,0,,,38/2
1047401,1,6,3,Hari Gopinath,Sathiamoorty Vasanth Saravanan,B Arun,1,1,0,run,0,,,39/2
1047401,1,6,4,Sathiamoorty Vasanth Saravanan,Hari Gopinath,B Arun,6,6,0,six,0,,,45/2
1047401,1,6,5,Sathiamoorty Vasanth Saravanan,Hari Gopinath,B Arun,4,4,0,four,0,,,49/2
1047401,1,6,6,Sathiamoorty Vasanth Saravanan,Hari Gopinath,B Arun,1,1,0,run,0,,,50/2
1047401,1,7,1,Sathiamoorty Vasanth Saravanan,Hari Gopinath,S Harish Kumar,1,1,0,run,0,,,51/2
1047401,1,7,2,Hari Gopinath,Sathiamoorty Vasanth Saravanan,S Harish Kumar,1,1,0,run,0,,,52/2
1047401,1,7,3,Sathiamoorty Vasanth Saravanan,Hari Gopinath,S Harish Kumar,1,1,0,run,0,,,53/2
1047401,1,7,4,Hari Gopinath,Sathiamoorty Vasanth Saravanan,S Harish Kumar,1,1,0,run,0,,,54/2
1047401,1,7,5,Sathiamoorty Vasanth Saravanan,Hari Gopinath,S Harish Kumar,0,0,0,no run,0,,,54/2
1047401,1,7,6,Sathiamoorty Vasanth Saravanan,Hari Gopinath,S Harish Kumar,1,1,0,run,0,,,55/2
1047401,1,8,1,Sathiamoorty Vasanth Saravanan,Hari Gopinath,Moovervnthali Kasipandian Sivakumar,1,1,0,run,0,,,56/2
1047401,1,8,2,Hari Gopinath,Sathiamoorty Vasanth Saravanan,Moovervnthali Kasipandian Sivakumar,1,1,0,run,0,,,57/2
1047401,1,8,3,Sathiamoorty Vasanth Saravanan,Hari Gopinath,Moovervnthali Kasipandian Sivakumar,1,1,0,run,0,,,58/2
1047401,1,8,4,Hari Gopinath,Sathiamoorty Vasanth Saravanan,Moovervnthali Kasipandian Sivakumar,1,1,0,run,0,,,59/2
1047401,1,8,5,Sathiamoorty Vasanth Saravanan,Hari Gopinath,Moovervnthali Kasipandian Sivakumar,0,0,0,no run,0,,,59/2
1047401,1,8,6,Sathiamoorty Vasanth Saravanan,Hari Gopinath,Moovervnthali Kasipandian Sivakumar,1,1,0,run,0,,,60/2
1047401,1,9,1,Sathiamoorty Vasanth Saravanan,Hari Gopinath,S Harish Kumar,0,0,0,no run,0,,,60/2
1047401,1,9,2,Sathiamoorty Vasanth Saravanan,Hari Gopinath,S Harish Kumar,1,1,0,run,0,,,61/2
1047401,1,9,3,Hari Gopinath,Sathiamoorty Vasanth Saravanan,S Harish Kumar,1,1,0,run,0,,,62/2
1047401,1,9,4,Sathiamoorty Vasanth Saravanan,Hari Gopinath,S Harish Kumar,1,1,0,run,0,,,63/2
1047401,1,9,5,Hari Gopinath,Sathiamoorty Vasanth Saravanan,S Harish Kumar,0,0,0,no run,0,,,63/2
1047401,1,9,6,Hari Gopinath,Sathiamoorty Vasanth Saravanan,S Harish Kumar,1,0,1,wide,0,,,64/2
1047401,1,9,7,Hari Gopinath,Sathiamoorty Vasanth Saravanan,S Harish Kumar,0,0,0,no run,0,,,64/2
1047401,1,10,1,Sathiamoorty Vasanth Saravanan,Hari Gopinath,Moovervnthali Kasipandian Sivakumar,4,4,0,four,0,,,68/2
1047401,1,10,2,Sathiamoorty Vasanth Saravanan,Hari Gopinath,Moovervnthali Kasipandian Sivakumar,1,1,0,run,0,,,69/2
1047401,1,10,3,Hari Gopinath,Sathiamoorty Vasanth Saravanan,Moovervnthali Kasipandian Sivakumar,1,1,0,run,0,,,70/2
1047401,1,10,4,Sathiamoorty Vasanth Saravanan,Hari Gopinath,Moovervnthali Kasipandian Sivakumar,1,1,0,run,0,,,71/2
1047401,1,10,5,Hari Gopinath,Sathiamoorty Vasanth Saravanan,Moovervnthali Kasipandian Sivakumar,1,1,0,run,0,,,72/2
1047401,1,10,6,Sathiamoorty Vasanth Saravanan,Hari Gopinath,Moovervnthali Kasipandian Sivakumar,1,1,0,run,0,,,73/2
1047401,1,11,1,Sathiamoorty Vasanth Saravanan,Hari Gopinath,S Harish Kumar,1,0,1,wide,0,,,74/2
1047401,1,11,2,Sathiamoorty Vasanth Saravanan,Hari Gopinath,S Harish Kumar,4,4,0,four,0,,,78/2
1047401,1,11,3,Sathiamoorty Vasanth Saravanan,Hari Gopinath,S Harish Kumar,0,0,0,no run,0,,,78/2
1047401,1,11,4,Sathiamoorty Vasanth Saravanan,Hari Gopinath,S Harish Kumar,0,0,0,no run,0,,,78/2
1047401,1,11,5,Sathiamoorty Vasanth Saravanan,Hari Gopinath,S Harish Kumar,1,1,0,run,0,,,79/2
1047401,1,11,6,Hari Gopinath,Sathiamoorty Vasanth Saravanan,S Harish Kumar,1,1,0,run,0,,,80/2
1047401,1,11,7,Sathiamoorty Vasanth Saravanan,Hari Gopinath,S Harish Kumar,1,1,0,run,0,,,81/2
1047401,1,12,1,Sathiamoorty Vasanth Saravanan,Hari Gopinath,Krishnamoorthy Vignesh,1,1,0,run,0,,,82/2
1047401,1,12,2,Hari Gopinath,Sathiamoorty Vasanth Saravanan,Krishnamoorthy Vignesh,4,4,0,four,0,,,86/2
1047401,1,12,3,Hari Gopinath,Sathiamoorty Vasanth Saravanan,Krishnamoorthy Vignesh,1,1,0,run,0,,,87/2
1047401,1,12,4,Sathiamoorty Vasanth Saravanan,Hari Gopinath,Krishnamoorthy Vignesh,1,1,0,run,0,,,88/2
1047401,1,12,5,Hari Gopinath,Sathiamoorty Vasanth Saravanan,Krishnamoorthy Vignesh,1,1,0,run,0,,,89/2
1047401,1,12,6,Sathiamoorty Vasanth Saravanan,Hari Gopinath,Krishnamoorthy Vignesh,0,0,0,no run,0,,,89/2
1047401,1,13,1,Hari Gopinath,Sathiamoorty Vasanth Saravanan,Jamaluddin Syed Mohammad,1,1,0,run,0,,,90/2
1047401,1,13,2,Sathiamoorty Vasanth Saravanan,Hari Gopinath,Jamaluddin Syed Mohammad,0,0,0,no run,0,,,90/2
1047401,1,13,3,Sathiamoorty Vasanth Saravanan,Hari Gopinath,Jamaluddin Syed Mohammad,6,6,0,six,0,,,96/2
1047401,1,13,4,Sathiamoorty Vasanth Saravanan,Hari Gopinath,Jamaluddin Syed Mohammad,1,1,0,run,0,,,97/2
1047401,1,13,5,Hari Gopinath,Sathiamoorty Vasanth Saravanan,Jamaluddin Syed Mohammad,1,1,0,run,0,,,98/2
1047401,1,13,6,Sathiamoorty Vasanth Saravanan,Hari Gopinath,Jamaluddin Syed Mohammad,1,1,0,run,0,,,99/2
1047401,1,14,1,Sathiamoorty Vasanth Saravanan,Hari Gopinath,M Mohammed,1,1,0,run,0,,,100/2
1047401,1,14,2,Hari Gopinath,Sathiamoorty Vasanth Saravanan,M Mohammed,0,0,0,out,1,caught,Hari Gopinath,100/3
1047401,1,14,3,Rajagopal Sathish,Sathiamoorty Vasanth Saravanan,M Mohammed,0,0,0,no run,0,,,100/3
1047401,1,14,4,Rajagopal Sathish,Sathiamoorty Vasanth Saravanan,M Mohammed,1,1,0,run,0,,,101/3
1047401,1,14,5,Sathiamoorty Vasanth Saravanan,Rajagopal Sathish,M Mohammed,1,1,0,run,0,,,102/3
1047401,1,14,6,Rajagopal Sathish,Sathiamoorty Vasanth Saravanan,M Mohammed,0,0,0,no run,0,,,102/3
1047401,1,15,1,Sathiamoorty Vasanth Saravanan,Rajagopal Sathish,Moovervnthali Kasipandian Sivakumar,0,0,0,no run,0,,,102/3
1047401,1,15,2,Sathiamoorty Vasanth Saravanan,Rajagopal Sathish,Moovervnthali Kasipandian Sivakumar,0,0,0,out,1,caught,Sathiamoorty Vasanth Saravanan,102/4
1047401,1,15,3,Rajagopal Sathish,0,Moovervnthali Kasipandian Sivakumar,0,0,0,no run,0,,,102/4
1047401,1,15,4,Rajagopal Sathish,0,Moovervnthali Kasipandian Sivakumar,1,1,0,run,0,,,103/4
1047401,1,15,5,Uthirasamy Sasidev,Rajagopal Sathish,Moovervnthali Kasipandian Sivakumar,2,2,0,run,0,,,105/4
1047401,1,15,6,Uthirasamy Sasidev,Rajagopal Sathish,Moovervnthali Kasipandian Sivakumar,1,1,0,run,0,,,106/4
1047401,1,16,1,Uthirasamy Sasidev,Rajagopal Sathish,M Mohammed,1,0,1,leg bye,0,,,107/4
1047401,1,16,2,Rajagopal Sathish,Uthirasamy Sasidev,M Mohammed,1,0,1,wide,0,,,108/4
1047401,1,16,3,Rajagopal Sathish,Uthirasamy Sasidev,M Mohammed,1,1,0,run,0,,,109/4
1047401,1,16,4,Uthirasamy Sasidev,Rajagopal Sathish,M Mohammed,1,0,1,wide,0,,,110/4
1047401,1,16,5,Uthirasamy Sasidev,Rajagopal Sathish,M Mohammed,1,0,1,wide,0,,,111/4
1047401,1,16,6,Uthirasamy Sasidev,Rajagopal Sathish,M Mohammed,1,1,0,run,0,,,112/4
1047401,1,16,7,Rajagopal Sathish,Uthirasamy Sasidev,M Mohammed,0,0,0,no run,0,,,112/4
1047401,1,16,8,Rajagopal Sathish,Uthirasamy Sasidev,M Mohammed,1,1,0,run,0,,,113/4
1047401,1,16,9,Uthirasamy Sasidev,Rajagopal Sathish,M Mohammed,0,0,0,no run,0,,,113/4
1047401,1,17,1,Rajagopal Sathish,Uthirasamy Sasidev,Moovervnthali Kasipandian Sivakumar,6,6,0,six,0,,,119/4
1047401,1,17,2,Rajagopal Sathish,Uthirasamy Sasidev,Moovervnthali Kasipandian Sivakumar,1,1,0,run,0,,,120/4
1047401,1,17,3,Uthirasamy Sasidev,Rajagopal Sathish,Moovervnthali Kasipandian Sivakumar,6,6,0,six,0,,,126/4
1047401,1,17,4,Uthirasamy Sasidev,Rajagopal Sathish,Moovervnthali Kasipandian Sivakumar,4,4,0,four,0,,,130/4
1047401,1,17,5,Uthirasamy Sasidev,Rajagopal Sathish,Moovervnthali Kasipandian Sivakumar,1,1,0,run,0,,,131/4
1047401,1,17,6,Rajagopal Sathish,Uthirasamy Sasidev,Moovervnthali Kasipandian Sivakumar,1,1,0,run,0,,,132/4
1047401,1,18,1,Rajagopal Sathish,Uthirasamy Sasidev,S Harish Kumar,6,6,0,six,0,,,138/4
1047401,1,18,2,Rajagopal Sathish,Uthirasamy Sasidev,S Harish Kumar,0,0,0,out,1,caught,Rajagopal Sathish,138/5
1047401,1,18,3,Uthirasamy Sasidev,0,S Harish Kumar,1,1,0,run,0,,,139/5
1047401,1,18,4,Wenseslaus Antony Dhas,Uthirasamy Sasidev,S Harish Kumar,0,0,0,no run,0,,,139/5
1047401,1,18,5,Wenseslaus Antony Dhas,Uthirasamy Sasidev,S Harish Kumar,1,1,0,run,0,,,140/5
1047401,1,18,6,Uthirasamy Sasidev,Wenseslaus Antony Dhas,S Harish Kumar,0,0,0,out,1,caught,Uthirasamy Sasidev,140/6
1047401,1,19,1,Vijaykumar Yo Mahesh,Wenseslaus Antony Dhas,M Mohammed,1,1,0,run,0,,,141/6
1047401,1,19,2,Wenseslaus Antony Dhas,Vijaykumar Yo Mahesh,M Mohammed,1,0,1,wide,0,,,142/6
1047401,1,19,3,Wenseslaus Antony Dhas,Vijaykumar Yo Mahesh,M Mohammed,2,1,1,run,0,,,144/6
1047401,1,19,4,Vijaykumar Yo Mahesh,Wenseslaus Antony Dhas,M Mohammed,1,1,0,run,0,,,145/6
1047401,1,19,5,Wenseslaus Antony Dhas,Vijaykumar Yo Mahesh,M Mohammed,2,2,0,run,0,,,147/6
1047401,1,19,6,Wenseslaus Antony Dhas,Vijaykumar Yo Mahesh,M Mohammed,1,1,0,run,0,,,148/6
1047401,1,19,7,Vijaykumar Yo Mahesh,Wenseslaus Antony Dhas,M Mohammed,1,1,0,run,0,,,149/6
1047401,1,19,8,Wenseslaus Antony Dhas,Vijaykumar Yo Mahesh,M Mohammed,1,1,0,run,0,,,150/6
1047401,1,20,1,Wenseslaus Antony Dhas,Vijaykumar Yo Mahesh,Krishnamoorthy Vignesh,1,1,0,run,0,,,151/6
1047401,1,20,2,Vijaykumar Yo Mahesh,Wenseslaus Antony Dhas,Krishnamoorthy Vignesh,2,2,0,run,0,,,153/6
1047401,1,20,3,Vijaykumar Yo Mahesh,Wenseslaus Antony Dhas,Krishnamoorthy Vignesh,4,4,0,four,0,,,157/6
1047401,1,20,4,Vijaykumar Yo Mahesh,Wenseslaus Antony Dhas,Krishnamoorthy Vignesh,1,1,0,run,0,,,158/6
1047401,1,20,5,Wenseslaus Antony Dhas,Vijaykumar Yo Mahesh,Krishnamoorthy Vignesh,0,0,0,out,1,caught,Wenseslaus Antony Dhas,158/7
1047401,1,20,6,Vijaykumar Yo Mahesh,0,Krishnamoorthy Vignesh,2,0,2,wide,0,,,160/7
1047401,1,20,7,Ashwath Mukunthan,Vijaykumar Yo Mahesh,Krishnamoorthy Vignesh,1,1,0,run,0,,,161/7
1047401,2,1,1,Laxmesha Suryaprakash,0,Rajagopal Sathish,1,1,0,run,0,,,1/0
1047401,2,1,2,0,Laxmesha Suryaprakash,Rajagopal Sathish,1,1,0,run,0,,,2/0
1047401,2,1,3,Laxmesha Suryaprakash,0,Rajagopal Sathish,1,1,0,run,0,,,3/0
1047401,2,1,4,0,Laxmesha Suryaprakash,Rajagopal Sathish,4,4,0,four,0,,,7/0
1047401,2,1,5,0,Laxmesha Suryaprakash,Rajagopal Sathish,0,0,0,no run,0,,,7/0
1047401,2,1,6,0,Laxmesha Suryaprakash,Rajagopal Sathish,0,0,0,no run,0,,,7/0
1047401,2,2,1,Laxmesha Suryaprakash,0,Ashwath Mukunthan,1,1,0,run,0,,,8/0
1047401,2,2,2,0,Laxmesha Suryaprakash,Ashwath Mukunthan,1,1,0,run,0,,,9/0
1047401,2,2,3,Laxmesha Suryaprakash,0,Ashwath Mukunthan,0,0,0,no run,0,,,9/0
1047401,2,2,4,Laxmesha Suryaprakash,0,Ashwath Mukunthan,0,0,0,no run,0,,,9/0
1047401,2,2,5,Laxmesha Suryaprakash,0,Ashwath Mukunthan,1,1,0,run,0,,,10/0
1047401,2,2,6,0,Laxmesha Suryaprakash,Ashwath Mukunthan,0,0,0,no run,0,,,10/0
1047401,2,3,1,Laxmesha Suryaprakash,0,Rajagopal Sathish,2,2,0,run,0,,,12/0
1047401,2,3,2,Laxmesha Suryaprakash,0,Rajagopal Sathish,4,4,0,four,0,,,16/0
1047401,2,3,3,Laxmesha Suryaprakash,0,Rajagopal Sathish,1,1,0,run,0,,,17/0
1047401,2,3,4,0,Laxmesha Suryaprakash,Rajagopal Sathish,0,0,0,no run,0,,,17/0
1047401,2,3,5,0,Laxmesha Suryaprakash,Rajagopal Sathish,0,0,0,no run,0,,,17/0
1047401,2,3,6,0,Laxmesha Suryaprakash,Rajagopal Sathish,1,1,0,run,0,,,18/0
1047401,2,4,1,0,Laxmesha Suryaprakash,Ashwath Mukunthan,4,4,0,four,0,,,22/0
1047401,2,4,2,0,Laxmesha Suryaprakash,Ashwath Mukunthan,4,4,0,four,0,,,26/0
1047401,2,4,3,0,Laxmesha Suryaprakash,Ashwath Mukunthan,3,3,0,run,0,,,29/0
1047401,2,4,4,Laxmesha Suryaprakash,0,Ashwath Mukunthan,1,1,0,run,0,,,30/0
1047401,2,4,5,0,Laxmesha Suryaprakash,Ashwath Mukunthan,1,1,0,run,0,,,31/0
1047401,2,4,6,Laxmesha Suryaprakash,0,Ashwath Mukunthan,6,6,0,six,0,,,37/0
1047401,2,5,1,0,Laxmesha Suryaprakash,Rajagopal Sathish,4,4,0,four,0,,,41/0
1047401,2,5,2,0,Laxmesha Suryaprakash,Rajagopal Sathish,0,0,0,out,1,,,41/1
1047401,2,5,3,Ravi Kumar Rohith,Laxmesha Suryaprakash,Rajagopal Sathish,0,0,0,no run,0,,,41/1
1047401,2,5,4,Ravi Kumar Rohith,Laxmesha Suryaprakash,Rajagopal Sathish,1,1,0,run,0,,,42/1
1047401,2,5,5,Laxmesha Suryaprakash,Ravi Kumar Rohith,Rajagopal Sathish,1,1,0,run,0,,,43/1
1047401,2,5,6,Ravi Kumar Rohith,Laxmesha Suryaprakash,Rajagopal Sathish,1,1,0,run,0,,,44/1
1047401,2,6,1,Ravi Kumar Rohith,Laxmesha Suryaprakash,Ravisrinivasan Sai Kishore,0,0,0,no run,0,,,44/1
1047401,2,6,2,Ravi Kumar Rohith,Laxmesha Suryaprakash,Ravisrinivasan Sai Kishore,0,0,0,no run,0,,,44/1
1047401,2,6,3,Ravi Kumar Rohith,Laxmesha Suryaprakash,Ravisrinivasan Sai Kishore,0,0,0,out,1,leg before wicket,Ravi Kumar Rohith,44/2
1047401,2,6,4,Jamaluddin Syed Mohammad,Laxmesha Suryaprakash,Ravisrinivasan Sai Kishore,0,0,0,no run,0,,,44/2
1047401,2,6,5,Jamaluddin Syed Mohammad,Laxmesha Suryaprakash,Ravisrinivasan Sai Kishore,0,0,0,no run,0,,,44/2
1047401,2,6,6,Jamaluddin Syed Mohammad,Laxmesha Suryaprakash,Ravisrinivasan Sai Kishore,0,0,0,no run,0,,,44/2
1047401,2,7,1,Laxmesha Suryaprakash,Jamaluddin Syed Mohammad,Wenseslaus Antony Dhas,1,1,0,run,0,,,45/2
1047401,2,7,2,Jamaluddin Syed Mohammad,Laxmesha Suryaprakash,Wenseslaus Antony Dhas,0,0,0,no run,0,,,45/2
1047401,2,7,3,Jamaluddin Syed Mohammad,Laxmesha Suryaprakash,Wenseslaus Antony Dhas,4,4,0,four,0,,,49/2
1047401,2,7,4,Jamaluddin Syed Mohammad,Laxmesha Suryaprakash,Wenseslaus Antony Dhas,1,1,0,run,0,,,50/2
1047401,2,7,5,Laxmesha Suryaprakash,Jamaluddin Syed Mohammad,Wenseslaus Antony Dhas,0,0,0,no run,0,,,50/2
1047401,2,7,6,Laxmesha Suryaprakash,Jamaluddin Syed Mohammad,Wenseslaus Antony Dhas,2,2,0,run,0,,,52/2
1047401,2,8,1,Jamaluddin Syed Mohammad,Laxmesha Suryaprakash,Ravisrinivasan Sai Kishore,0,0,0,no run,0,,,52/2
1047401,2,8,2,Jamaluddin Syed Mohammad,Laxmesha Suryaprakash,Ravisrinivasan Sai Kishore,1,1,0,run,0,,,53/2
1047401,2,8,3,Laxmesha Suryaprakash,Jamaluddin Syed Mohammad,Ravisrinivasan Sai Kishore,2,2,0,run,0,,,55/2
1047401,2,8,4,Laxmesha Suryaprakash,Jamaluddin Syed Mohammad,Ravisrinivasan Sai Kishore,1,1,0,run,0,,,56/2
1047401,2,8,5,Jamaluddin Syed Mohammad,Laxmesha Suryaprakash,Ravisrinivasan Sai Kishore,0,0,0,out,1,caught,Jamaluddin Syed Mohammad,56/3
1047401,2,8,6,S Tarun Srinivas,Laxmesha Suryaprakash,Ravisrinivasan Sai Kishore,1,1,0,run,0,,,57/3
1047401,2,9,1,S Tarun Srinivas,Laxmesha Suryaprakash,Ramadoss Alexander,1,1,0,run,0,,,58/3
1047401,2,9,2,Laxmesha Suryaprakash,S Tarun Srinivas,Ramadoss Alexander,0,0,0,no run,0,,,58/3
1047401,2,9,3,Laxmesha Suryaprakash,S Tarun Srinivas,Ramadoss Alexander,1,1,0,run,0,,,59/3
1047401,2,9,4,S Tarun Srinivas,Laxmesha Suryaprakash,Ramadoss Alexander,1,1,0,run,0,,,60/3
1047401,2,9,5,Laxmesha Suryaprakash,S Tarun Srinivas,Ramadoss Alexander,2,2,0,run,0,,,62/3
1047401,2,9,6,Laxmesha Suryaprakash,S Tarun Srinivas,Ramadoss Alexander,1,1,0,run,0,,,63/3
1047401,2,10,1,Laxmesha Suryaprakash,S Tarun Srinivas,Ravisrinivasan Sai Kishore,1,1,0,run,0,,,64/3
1047401,2,10,2,S Tarun Srinivas,Laxmesha Suryaprakash,Ravisrinivasan Sai Kishore,4,4,0,four,0,,,68/3
1047401,2,10,3,S Tarun Srinivas,Laxmesha Suryaprakash,Ravisrinivasan Sai Kishore,0,0,0,no run,0,,,68/3
1047401,2,10,4,S Tarun Srinivas,Laxmesha Suryaprakash,Ravisrinivasan Sai Kishore,0,0,0,no run,0,,,68/3
1047401,2,10,5,S Tarun Srinivas,Laxmesha Suryaprakash,Ravisrinivasan Sai Kishore,0,0,0,no run,0,,,68/3
1047401,2,10,6,S Tarun Srinivas,Laxmesha Suryaprakash,Ravisrinivasan Sai Kishore,0,0,0,no run,0,,,68/3
1047401,2,11,1,Laxmesha Suryaprakash,S Tarun Srinivas,Ramadoss Alexander,1,1,0,run,0,,,69/3
1047401,2,11,2,S Tarun Srinivas,Laxmesha Suryaprakash,Ramadoss Alexander,1,1,0,run,0,,,70/3
1047401,2,11,3,Laxmesha Suryaprakash,S Tarun Srinivas,Ramadoss Alexander,4,4,0,four,0,,,74/3
1047401,2,11,4,Laxmesha Suryaprakash,S Tarun Srinivas,Ramadoss Alexander,1,1,0,run,0,,,75/3
1047401,2,11,5,S Tarun Srinivas,Laxmesha Suryaprakash,Ramadoss Alexander,2,2,0,run,0,,,77/3
1047401,2,11,6,S Tarun Srinivas,Laxmesha Suryaprakash,Ramadoss Alexander,1,1,0,run,0,,,78/3
1047401,2,12,1,S Tarun Srinivas,Laxmesha Suryaprakash,Rajagopal Sathish,2,2,0,run,0,,,80/3
1047401,2,12,2,S Tarun Srinivas,Laxmesha Suryaprakash,Rajagopal Sathish,1,1,0,run,0,,,81/3
1047401,2,12,3,Laxmesha Suryaprakash,S Tarun Srinivas,Rajagopal Sathish,1,1,0,run,0,,,82/3
1047401,2,12,4,S Tarun Srinivas,Laxmesha Suryaprakash,Rajagopal Sathish,1,1,0,run,0,,,83/3
1047401,2,12,5,Laxmesha Suryaprakash,S Tarun Srinivas,Rajagopal Sathish,1,1,0,run,0,,,84/3
1047401,2,12,6,S Tarun Srinivas,Laxmesha Suryaprakash,Rajagopal Sathish,1,1,0,run,0,,,85/3
1047401,2,13,1,S Tarun Srinivas,Laxmesha Suryaprakash,Ramadoss Alexander,2,2,0,run,0,,,87/3
1047401,2,13,2,S Tarun Srinivas,Laxmesha Suryaprakash,Ramadoss Alexander,1,1,0,run,0,,,88/3
1047401,2,13,3,Laxmesha Suryaprakash,S Tarun Srinivas,Ramadoss Alexander,0,0,0,out,1,caught,Laxmesha Suryaprakash,88/4
1047401,2,13,4,Akshay V Srinivasan,S Tarun Srinivas,Ramadoss Alexander,1,1,0,run,0,,,89/4
1047401,2,13,5,S Tarun Srinivas,Akshay V Srinivasan,Ramadoss Alexander,1,1,0,run,0,,,90/4
1047401,2,13,6,Akshay V Srinivasan,S Tarun Srinivas,Ramadoss Alexander,1,1,0,run,0,,,91/4
1047401,2,14,1,Akshay V Srinivasan,S Tarun Srinivas,Vijaykumar Yo Mahesh,0,0,0,no run,0,,,91/4
1047401,2,14,2,Akshay V Srinivasan,S Tarun Srinivas,Vijaykumar Yo Mahesh,0,0,0,no run,0,,,91/4
1047401,2,14,3,Akshay V Srinivasan,S Tarun Srinivas,Vijaykumar Yo Mahesh,1,1,0,run,0,,,92/4
1047401,2,14,4,S Tarun Srinivas,Akshay V Srinivasan,Vijaykumar Yo Mahesh,1,1,0,run,0,,,93/4
1047401,2,14,5,Akshay V Srinivasan,S Tarun Srinivas,Vijaykumar Yo Mahesh,1,0,1,wide,0,,,94/4
1047401,2,14,6,Akshay V Srinivasan,S Tarun Srinivas,Vijaykumar Yo Mahesh,4,4,0,four,0,,,98/4
1047401,2,14,7,Akshay V Srinivasan,S Tarun Srinivas,Vijaykumar Yo Mahesh,0,0,0,no run,0,,,98/4
1047401,2,15,1,S Tarun Srinivas,Akshay V Srinivasan,Ramadoss Alexander,1,0,1,wide,0,,,99/4
1047401,2,15,2,S Tarun Srinivas,Akshay V Srinivasan,Ramadoss Alexander,0,0,0,out,1,stumped,S Tarun Srinivas,99/5
1047401,2,15,3,S Harish Kumar,Akshay V Srinivasan,Ramadoss Alexander,2,2,0,run,0,,,101/5
1047401,2,15,4,S Harish Kumar,Akshay V Srinivasan,Ramadoss Alexander,1,0,1,wide,0,,,102/5
1047401,2,15,5,S Harish Kumar,Akshay V Srinivasan,Ramadoss Alexander,0,0,0,no run,0,,,102/5
1047401,2,15,6,S Harish Kumar,Akshay V Srinivasan,Ramadoss Alexander,1,1,0,run,0,,,103/5
1047401,2,15,7,Akshay V Srinivasan,S Harish Kumar,Ramadoss Alexander,1,1,0,run,0,,,104/5
1047401,2,15,8,S Harish Kumar,Akshay V Srinivasan,Ramadoss Alexander,0,0,0,no run,0,,,104/5
1047401,2,16,1,Akshay V Srinivasan,S Harish Kumar,Ravisrinivasan Sai Kishore,1,0,1,wide,0,,,105/5
1047401,2,16,2,Akshay V Srinivasan,S Harish Kumar,Ravisrinivasan Sai Kishore,1,1,0,run,0,,,106/5
1047401,2,16,3,S Harish Kumar,Akshay V Srinivasan,Ravisrinivasan Sai Kishore,1,1,0,run,0,,,107/5
1047401,2,16,4,Akshay V Srinivasan,S Harish Kumar,Ravisrinivasan Sai Kishore,1,1,0,run,0,,,108/5
1047401,2,16,5,S Harish Kumar,Akshay V Srinivasan,Ravisrinivasan Sai Kishore,1,1,0,run,0,,,109/5
1047401,2,16,6,Akshay V Srinivasan,S Harish Kumar,Ravisrinivasan Sai Kishore,1,1,0,run,0,,,110/5
1047401,2,16,7,S Harish Kumar,Akshay V Srinivasan,Ravisrinivasan Sai Kishore,1,1,0,run,0,,,111/5
1047401,2,17,1,S Harish Kumar,Akshay V Srinivasan,Vijaykumar Yo Mahesh,1,1,0,run,0,,,112/5
1047401,2,17,2,Akshay V Srinivasan,S Harish Kumar,Vijaykumar Yo Mahesh,4,4,0,four,0,,,116/5
1047401,2,17,3,Akshay V Srinivasan,S Harish Kumar,Vijaykumar Yo Mahesh,6,6,0,six,0,,,122/5
1047401,2,17,4,Akshay V Srinivasan,S Harish Kumar,Vijaykumar Yo Mahesh,0,0,0,no run,0,,,122/5
1047401,2,17,5,Akshay V Srinivasan,S Harish Kumar,Vijaykumar Yo Mahesh,1,1,0,run,0,,,123/5
1047401,2,17,6,S Harish Kumar,Akshay V Srinivasan,Vijaykumar Yo Mahesh,1,0,1,wide,0,,,124/5
1047401,2,17,7,S Harish Kumar,Akshay V Srinivasan,Vijaykumar Yo Mahesh,1,1,0,run,0,,,125/5
1047401,2,18,1,S Harish Kumar,Akshay V Srinivasan,Wenseslaus Antony Dhas,4,4,0,four,0,,,129/5
1047401,2,18,2,S Harish Kumar,Akshay V Srinivasan,Wenseslaus Antony Dhas,1,0,1,wide,0,,,130/5
1047401,2,18,3,S Harish Kumar,Akshay V Srinivasan,Wenseslaus Antony Dhas,1,1,0,run,0,,,131/5
1047401,2,18,4,Akshay V Srinivasan,S Harish Kumar,Wenseslaus Antony Dhas,1,1,0,run,0,,,132/5
1047401,2,18,5,S Harish Kumar,Akshay V Srinivasan,Wenseslaus Antony Dhas,0,0,0,out,1,leg before wicket,S Harish Kumar,132/6
1047401,2,18,6,M Mohammed,Akshay V Srinivasan,Wenseslaus Antony Dhas,1,1,0,run,0,,,133/6
1047401,2,18,7,Akshay V Srinivasan,M Mohammed,Wenseslaus Antony Dhas,1,1,0,run,0,,,134/6
1047401,2,19,1,Akshay V Srinivasan,M Mohammed,Vijaykumar Yo Mahesh,2,2,0,run,0,,,136/6
1047401,2,19,2,Akshay V Srinivasan,M Mohammed,Vijaykumar Yo Mahesh,1,1,0,run,0,,,137/6
1047401,2,19,3,M Mohammed,Akshay V Srinivasan,Vijaykumar Yo Mahesh,0,0,0,no run,0,,,137/6
1047401,2,19,4,M Mohammed,Akshay V Srinivasan,Vijaykumar Yo Mahesh,2,2,0,run,0,,,139/6
1047401,2,19,5,M Mohammed,Akshay V Srinivasan,Vijaykumar Yo Mahesh,1,1,0,run,0,,,140/6
1047401,2,19,6,Akshay V Srinivasan,M Mohammed,Vijaykumar Yo Mahesh,0,0,0,out,1,caught,Akshay V Srinivasan,140/7
1047401,2,20,1,M Mohammed,0,Wenseslaus Antony Dhas,2,2,0,run,0,,,142/7
1047401,2,20,2,M Mohammed,Krishnamoorthy Vignesh,Wenseslaus Antony Dhas,0,0,0,out,1,caught,M Mohammed,142/8
1047401,2,20,3,Moovervnthali Kasipandian Sivakumar,Krishnamoorthy Vignesh,Wenseslaus Antony Dhas,0,0,0,no run,0,,,142/8
1047401,2,20,4,Moovervnthali Kasipandian Sivakumar,Krishnamoorthy Vignesh,Wenseslaus Antony Dhas,0,0,0,no run,0,,,142/8
1047401,2,20,5,Moovervnthali Kasipandian Sivakumar,Krishnamoorthy Vignesh,Wenseslaus Antony Dhas,2,2,0,run,0,,,144/8
1047401,2,20,6,Moovervnthali Kasipandian Sivakumar,Krishnamoorthy Vignesh,Wenseslaus Antony Dhas,0,0,0,out,1,bowled,Moovervnthali Kasipandian Sivakumar,144/9
1047403,1,1,1,Kaushik Mohan Gandhi,0,Rajagopal Sathish,0,0,0,no run,0,,,0/0
1047403,1,1,2,Kaushik Mohan Gandhi,0,Rajagopal Sathish,4,4,0,four,0,,,4/0
1047403,1,1,3,Kaushik Mohan Gandhi,0,Rajagopal Sathish,1,1,0,run,0,,,5/0
1047403,1,1,4,Abhinav Mukund,Kaushik Mohan Gandhi,Rajagopal Sathish,4,4,0,four,0,,,9/0
1047403,1,1,5,Abhinav Mukund,Kaushik Mohan Gandhi,Rajagopal Sathish,0,0,0,no run,0,,,9/0
1047403,1,1,6,Abhinav Mukund,Kaushik Mohan Gandhi,Rajagopal Sathish,0,0,0,no run,0,,,9/0
1047403,1,2,1,Kaushik Mohan Gandhi,Abhinav Mukund,Ashwath Mukunthan,1,0,1,wide,0,,,10/0
1047403,1,2,2,Kaushik Mohan Gandhi,Abhinav Mukund,Ashwath Mukunthan,0,0,0,no run,0,,,10/0
1047403,1,2,3,Kaushik Mohan Gandhi,Abhinav Mukund,Ashwath Mukunthan,1,1,0,run,0,,,11/0
1047403,1,2,4,Abhinav Mukund,Kaushik Mohan Gandhi,Ashwath Mukunthan,0,0,0,no run,0,,,11/0
1047403,1,2,5,Abhinav Mukund,Kaushik Mohan Gandhi,Ashwath Mukunthan,1,1,0,run,0,,,12/0
1047403,1,2,6,Kaushik Mohan Gandhi,Abhinav Mukund,Ashwath Mukunthan,0,0,0,no run,0,,,12/0
1047403,1,2,7,Kaushik Mohan Gandhi,Abhinav Mukund,Ashwath Mukunthan,1,1,0,run,0,,,13/0
1047403,1,3,1,Kaushik Mohan Gandhi,Abhinav Mukund,Ramadoss Alexander,0,0,0,no run,0,,,13/0
1047403,1,3,2,Kaushik Mohan Gandhi,Abhinav Mukund,Ramadoss Alexander,6,6,0,six,0,,,19/0
1047403,1,3,3,Kaushik Mohan Gandhi,Abhinav Mukund,Ramadoss Alexander,0,0,0,no run,0,,,19/0
1047403,1,3,4,Kaushik Mohan Gandhi,Abhinav Mukund,Ramadoss Alexander,0,0,0,no run,0,,,19/0
1047403,1,3,5,Kaushik Mohan Gandhi,Abhinav Mukund,Ramadoss Alexander,1,1,0,run,0,,,20/0
1047403,1,3,6,Abhinav Mukund,Kaushik Mohan Gandhi,Ramadoss Alexander,0,0,0,no run,0,,,20/0
1047403,1,4,1,Kaushik Mohan Gandhi,Abhinav Mukund,Ashwath Mukunthan,1,1,0,run,0,,,21/0
1047403,1,4,2,Abhinav Mukund,Kaushik Mohan Gandhi,Ashwath Mukunthan,4,4,0,four,0,,,25/0
1047403,1,4,3,Abhinav Mukund,Kaushik Mohan Gandhi,Ashwath Mukunthan,0,0,0,no run,0,,,25/0
1047403,1,4,4,Abhinav Mukund,Kaushik Mohan Gandhi,Ashwath Mukunthan,5,4,1,four,0,,,30/0
1047403,1,4,5,Abhinav Mukund,Kaushik Mohan Gandhi,Ashwath Mukunthan,4,4,0,four,0,,,34/0
1047403,1,4,6,Abhinav Mukund,Kaushik Mohan Gandhi,Ashwath Mukunthan,4,4,0,four,0,,,38/0
1047403,1,4,7,Abhinav Mukund,Kaushik Mohan Gandhi,Ashwath Mukunthan,0,0,0,no run,0,,,38/0
1047403,1,5,1,Kaushik Mohan Gandhi,Abhinav Mukund,Ramadoss Alexander,0,0,0,no run,0,,,38/0
1047403,1,5,2,Kaushik Mohan Gandhi,Abhinav Mukund,Ramadoss Alexander,1,1,0,run,0,,,39/0
1047403,1,5,3,Abhinav Mukund,Kaushik Mohan Gandhi,Ramadoss Alexander,1,1,0,run,0,,,40/0
1047403,1,5,4,Kaushik Mohan Gandhi,Abhinav Mukund,Ramadoss Alexander,0,0,0,no run,0,,,40/0
1047403,1,5,5,Kaushik Mohan Gandhi,Abhinav Mukund,Ramadoss Alexander,4,4,0,four,0,,,44/0
1047403,1,5,6,Kaushik Mohan Gandhi,Abhinav Mukund,Ramadoss Alexander,1,1,0,run,0,,,45/0
1047403,1,6,1,Kaushik Mohan Gandhi,Abhinav Mukund,Ravisrinivasan Sai Kishore,0,0,0,no run,0,,,45/0
1047403,1,6,2,Kaushik Mohan Gandhi,Abhinav Mukund,Ravisrinivasan Sai Kishore,4,4,0,four,0,,,49/0
1047403,1,6,3,Kaushik Mohan Gandhi,Abhinav Mukund,Ravisrinivasan Sai Kishore,1,1,0,run,0,,,50/0
1047403,1,6,4,Abhinav Mukund,Kaushik Mohan Gandhi,Ravisrinivasan Sai Kishore,1,1,0,run,0,,,51/0
1047403,1,6,5,Kaushik Mohan Gandhi,Abhinav Mukund,Ravisrinivasan Sai Kishore,1,1,0,run,0,,,52/0
1047403,1,6,6,Abhinav Mukund,Kaushik Mohan Gandhi,Ravisrinivasan Sai Kishore,0,0,0,no run,0,,,52/0
1047403,1,7,1,Kaushik Mohan Gandhi,Abhinav Mukund,Vijaykumar Yo Mahesh,1,1,0,run,0,,,53/0
1047403,1,7,2,Abhinav Mukund,Kaushik Mohan Gandhi,Vijaykumar Yo Mahesh,1,1,0,run,0,,,54/0
1047403,1,7,3,Kaushik Mohan Gandhi,Abhinav Mukund,Vijaykumar Yo Mahesh,4,4,0,four,0,,,58/0
1047403,1,7,4,Kaushik Mohan Gandhi,Abhinav Mukund,Vijaykumar Yo Mahesh,1,1,0,run,0,,,59/0
1047403,1,7,5,Abhinav Mukund,Kaushik Mohan Gandhi,Vijaykumar Yo Mahesh,1,1,0,run,0,,,60/0
1047403,1,7,6,Kaushik Mohan Gandhi,Abhinav Mukund,Vijaykumar Yo Mahesh,7,6,1,six,0,,,67/0
1047403,1,7,7,Kaushik Mohan Gandhi,Abhinav Mukund,Vijaykumar Yo Mahesh,0,0,0,no run,0,,,67/0
1047403,1,8,1,Abhinav Mukund,Kaushik Mohan Gandhi,Ravisrinivasan Sai Kishore,2,2,0,run,0,,,69/0
1047403,1,8,2,Abhinav Mukund,Kaushik Mohan Gandhi,Ravisrinivasan Sai Kishore,0,0,0,no run,0,,,69/0
1047403,1,8,3,Abhinav Mukund,Kaushik Mohan Gandhi,Ravisrinivasan Sai Kishore,0,0,0,no run,0,,,69/0
1047403,1,8,4,Abhinav Mukund,Kaushik Mohan Gandhi,Ravisrinivasan Sai Kishore,1,1,0,run,0,,,70/0
1047403,1,8,5,Kaushik Mohan Gandhi,Abhinav Mukund,Ravisrinivasan Sai Kishore,0,0,0,no run,0,,,70/0
1047403,1,8,6,Kaushik Mohan Gandhi,Abhinav Mukund,Ravisrinivasan Sai Kishore,1,1,0,run,0,,,71/0
1047403,1,9,1,Kaushik Mohan Gandhi,Abhinav Mukund,Rajagopal Sathish,1,1,0,run,0,,,72/0
1047403,1,9,2,Abhinav Mukund,Kaushik Mohan Gandhi,Rajagopal Sathish,1,1,0,run,0,,,73/0
1047403,1,9,3,Kaushik Mohan Gandhi,Abhinav Mukund,Rajagopal Sathish,4,4,0,four,0,,,77/0
1047403,1,9,4,Kaushik Mohan Gandhi,Abhinav Mukund,Rajagopal Sathish,1,1,0,run,0,,,78/0
1047403,1,9,5,Abhinav Mukund,Kaushik Mohan Gandhi,Rajagopal Sathish,1,1,0,run,0,,,79/0
1047403,1,9,6,Kaushik Mohan Gandhi,Abhinav Mukund,Rajagopal Sathish,1,1,0,run,0,,,80/0
1047403,1,10,1,Kaushik Mohan Gandhi,Abhinav Mukund,Wenseslaus Antony Dhas,1,1,0,run,0,,,81/0
1047403,1,10,2,Abhinav Mukund,Kaushik Mohan Gandhi,Wenseslaus Antony Dhas,0,0,0,no run,0,,,81/0
1047403,1,10,3,Abhinav Mukund,Kaushik Mohan Gandhi,Wenseslaus Antony Dhas,4,4,0,four,0,,,85/0
1047403,1,10,4,Abhinav Mukund,Kaushik Mohan Gandhi,Wenseslaus Antony Dhas,0,0,0,no run,0,,,85/0
1047403,1,10,5,Abhinav Mukund,Kaushik Mohan Gandhi,Wenseslaus Antony Dhas,4,4,0,four,0,,,89/0
1047403,1,10,6,Abhinav Mukund,Kaushik Mohan Gandhi,Wenseslaus Antony Dhas,2,2,0,run,0,,,91/0
1047403,1,11,1,Kaushik Mohan Gandhi,Abhinav Mukund,Ramadoss Alexander,1,1,0,run,0,,,92/0
1047403,1,11,2,Abhinav Mukund,Kaushik Mohan Gandhi,Ramadoss Alexander,4,4,0,four,0,,,96/0
1047403,1,11,3,Abhinav Mukund,Kaushik Mohan Gandhi,Ramadoss Alexander,1,1,0,run,0,,,97/0
1047403,1,11,4,Kaushik Mohan Gandhi,Abhinav Mukund,Ramadoss Alexander,0,0,0,no run,0,,,97/0
1047403,1,11,5,Kaushik Mohan Gandhi,Abhinav Mukund,Ramadoss Alexander,1,1,0,run,0,,,98/0
1047403,1,11,6,Abhinav Mukund,Kaushik Mohan Gandhi,Ramadoss Alexander,1,1,0,run,0,,,99/0
1047403,1,12,1,Abhinav Mukund,Kaushik Mohan Gandhi,Ravisrinivasan Sai Kishore,4,4,0,four,0,,,103/0
1047403,1,12,2,Abhinav Mukund,Kaushik Mohan Gandhi,Ravisrinivasan Sai Kishore,1,1,0,run,0,,,104/0
1047403,1,12,3,Kaushik Mohan Gandhi,Abhinav Mukund,Ravisrinivasan Sai Kishore,1,1,0,run,0,,,105/0
1047403,1,12,4,Abhinav Mukund,Kaushik Mohan Gandhi,Ravisrinivasan Sai Kishore,1,0,1,wide,0,,,106/0
1047403,1,12,5,Abhinav Mukund,Kaushik Mohan Gandhi,Ravisrinivasan Sai Kishore,1,0,1,wide,0,,,107/0
1047403,1,12,6,Abhinav Mukund,Kaushik Mohan Gandhi,Ravisrinivasan Sai Kishore,1,1,0,run,0,,,108/0
1047403,1,12,7,Kaushik Mohan Gandhi,Abhinav Mukund,Ravisrinivasan Sai Kishore,4,4,0,four,0,,,112/0
1047403,1,12,8,Kaushik Mohan Gandhi,Abhinav Mukund,Ravisrinivasan Sai Kishore,1,1,0,run,0,,,113/0
1047403,1,13,1,Kaushik Mohan Gandhi,Abhinav Mukund,Ramadoss Alexander,1,1,0,run,0,,,114/0
1047403,1,13,2,Abhinav Mukund,Kaushik Mohan Gandhi,Ramadoss Alexander,6,6,0,six,0,,,120/0
1047403,1,13,3,Abhinav Mukund,Kaushik Mohan Gandhi,Ramadoss Alexander,0,0,0,no run,0,,,120/0
1047403,1,13,4,Abhinav Mukund,Kaushik Mohan Gandhi,Ramadoss Alexander,0,0,0,no run,0,,,120/0
1047403,1,13,5,Abhinav Mukund,Kaushik Mohan Gandhi,Ramadoss Alexander,1,0,1,leg bye,0,,,121/0
1047403,1,13,6,Kaushik Mohan Gandhi,Abhinav Mukund,Ramadoss Alexander,2,2,0,run,0,,,123/0
1047403,1,14,1,Abhinav Mukund,Kaushik Mohan Gandhi,Ravisrinivasan Sai Kishore,4,4,0,four,0,,,127/0
1047403,1,14,2,Abhinav Mukund,Kaushik Mohan Gandhi,Ravisrinivasan Sai Kishore,4,4,0,four,0,,,131/0
1047403,1,14,3,Abhinav Mukund,Kaushik Mohan Gandhi,Ravisrinivasan Sai Kishore,1,1,0,run,0,,,132/0
1047403,1,14,4,Kaushik Mohan Gandhi,Abhinav Mukund,Ravisrinivasan Sai Kishore,0,0,0,out,1,caught,Kaushik Mohan Gandhi,132/1
1047403,1,14,5,Abhinav Mukund,0,Ravisrinivasan Sai Kishore,1,1,0,run,0,,,133/1
1047403,1,14,6,Krishnakumar Dinesh Karthik,Abhinav Mukund,Ravisrinivasan Sai Kishore,0,0,0,no run,0,,,133/1
1047403,1,15,1,Abhinav Mukund,Krishnakumar Dinesh Karthik,Rajagopal Sathish,1,1,0,run,0,,,134/1
1047403,1,15,2,Krishnakumar Dinesh Karthik,Abhinav Mukund,Rajagopal Sathish,2,2,0,run,0,,,136/1
1047403,1,15,3,Krishnakumar Dinesh Karthik,Abhinav Mukund,Rajagopal Sathish,0,0,0,no run,0,,,136/1
1047403,1,15,4,Krishnakumar Dinesh Karthik,Abhinav Mukund,Rajagopal Sathish,1,1,0,run,0,,,137/1
1047403,1,15,5,Abhinav Mukund,Krishnakumar Dinesh Karthik,Rajagopal Sathish,5,0,5,wide,0,,,142/1
1047403,1,15,6,Abhinav Mukund,Krishnakumar Dinesh Karthik,Rajagopal Sathish,2,2,0,run,0,,,144/1
1047403,1,15,7,Abhinav Mukund,Krishnakumar Dinesh Karthik,Rajagopal Sathish,1,1,0,run,0,,,145/1
1047403,1,16,1,Abhinav Mukund,Krishnakumar Dinesh Karthik,Wenseslaus Antony Dhas,2,2,0,run,0,,,147/1
1047403,1,16,2,Abhinav Mukund,Krishnakumar Dinesh Karthik,Wenseslaus Antony Dhas,1,1,0,run,0,,,148/1
1047403,1,16,3,Krishnakumar Dinesh Karthik,Abhinav Mukund,Wenseslaus Antony Dhas,0,0,0,no run,0,,,148/1
1047403,1,16,4,Krishnakumar Dinesh Karthik,Abhinav Mukund,Wenseslaus Antony Dhas,4,4,0,four,0,,,152/1
1047403,1,16,5,Krishnakumar Dinesh Karthik,Abhinav Mukund,Wenseslaus Antony Dhas,6,6,0,six,0,,,158/1
1047403,1,16,6,Krishnakumar Dinesh Karthik,Abhinav Mukund,Wenseslaus Antony Dhas,1,1,0,run,0,,,159/1
1047403,1,17,1,Krishnakumar Dinesh Karthik,Abhinav Mukund,Vijaykumar Yo Mahesh,4,4,0,four,0,,,163/1
1047403,1,17,2,Krishnakumar Dinesh Karthik,Abhinav Mukund,Vijaykumar Yo Mahesh,4,4,0,four,0,,,167/1
1047403,1,17,3,Krishnakumar Dinesh Karthik,Abhinav Mukund,Vijaykumar Yo Mahesh,2,2,0,run,0,,,169/1
1047403,1,17,4,Krishnakumar Dinesh Karthik,Abhinav Mukund,Vijaykumar Yo Mahesh,0,0,0,no run,0,,,169/1
1047403,1,17,5,Krishnakumar Dinesh Karthik,Abhinav Mukund,Vijaykumar Yo Mahesh,1,1,0,run,0,,,170/1
1047403,1,17,6,Abhinav Mukund,Krishnakumar Dinesh Karthik,Vijaykumar Yo Mahesh,1,1,0,run,0,,,171/1
1047403,1,18,1,Abhinav Mukund,Krishnakumar Dinesh Karthik,Ashwath Mukunthan,1,1,0,run,0,,,172/1
1047403,1,18,2,Krishnakumar Dinesh Karthik,Abhinav Mukund,Ashwath Mukunthan,4,4,0,four,0,,,176/1
1047403,1,18,3,Krishnakumar Dinesh Karthik,Abhinav Mukund,Ashwath Mukunthan,1,0,1,wide,0,,,177/1
1047403,1,18,4,Krishnakumar Dinesh Karthik,Abhinav Mukund,Ashwath Mukunthan,1,1,0,run,0,,,178/1
1047403,1,18,5,Abhinav Mukund,Krishnakumar Dinesh Karthik,Ashwath Mukunthan,1,1,0,run,0,,,179/1
1047403,1,18,6,Krishnakumar Dinesh Karthik,Abhinav Mukund,Ashwath Mukunthan,6,6,0,six,0,,,185/1
1047403,1,18,7,Krishnakumar Dinesh Karthik,Abhinav Mukund,Ashwath Mukunthan,1,1,0,run,0,,,186/1
1047403,1,19,1,Krishnakumar Dinesh Karthik,Abhinav Mukund,Wenseslaus Antony Dhas,2,0,2,leg bye,0,,,188/1
1047403,1,19,2,Krishnakumar Dinesh Karthik,Abhinav Mukund,Wenseslaus Antony Dhas,0,0,0,no run,0,,,188/1
1047403,1,19,3,Krishnakumar Dinesh Karthik,Abhinav Mukund,Wenseslaus Antony Dhas,6,6,0,six,0,,,194/1
1047403,1,19,4,Krishnakumar Dinesh Karthik,Abhinav Mukund,Wenseslaus Antony Dhas,0,0,0,no run,0,,,194/1
1047403,1,19,5,Krishnakumar Dinesh Karthik,Abhinav Mukund,Wenseslaus Antony Dhas,1,0,1,wide,0,,,195/1
1047403,1,19,6,Krishnakumar Dinesh Karthik,Abhinav Mukund,Wenseslaus Antony Dhas,1,1,0,run,0,,,196/1
1047403,1,19,7,Abhinav Mukund,Krishnakumar Dinesh Karthik,Wenseslaus Antony Dhas,4,4,0,four,0,,,200/1
1047403,1,20,1,Krishnakumar Dinesh Karthik,Abhinav Mukund,Vijaykumar Yo Mahesh,1,0,1,wide,0,,,201/1
1047403,1,20,2,Krishnakumar Dinesh Karthik,Abhinav Mukund,Vijaykumar Yo Mahesh,4,4,0,four,0,,,205/1
1047403,1,20,3,Krishnakumar Dinesh Karthik,Abhinav Mukund,Vijaykumar Yo Mahesh,6,6,0,six,0,,,211/1
1047403,1,20,4,Krishnakumar Dinesh Karthik,Abhinav Mukund,Vijaykumar Yo Mahesh,1,0,1,leg bye,0,,,212/1
1047403,1,20,5,Abhinav Mukund,Krishnakumar Dinesh Karthik,Vijaykumar Yo Mahesh,1,0,1,bye,0,,,213/1
1047403,1,20,6,Krishnakumar Dinesh Karthik,Abhinav Mukund,Vijaykumar Yo Mahesh,1,1,0,run,1,run out,Krishnakumar Dinesh Karthik,214/2
1047403,1,20,7,Subramanian Anand,Abhinav Mukund,Vijaykumar Yo Mahesh,1,1,0,run,0,,,215/2
1047403,2,1,1,Xavier Thalaivan Sargunam,0,M Ganesh Moorthi,0,0,0,no run,0,,,0/0
1047403,2,1,2,Xavier Thalaivan Sargunam,Hari Gopinath,M Ganesh Moorthi,0,0,0,out,1,caught,Xavier Thalaivan Sargunam,0/1
1047403,2,1,3,Hari Gopinath,0,M Ganesh Moorthi,0,0,0,no run,0,,,0/1
1047403,2,1,4,Hari Gopinath,Sathiamoorty Vasanth Saravanan,M Ganesh Moorthi,0,0,0,out,1,caught,Hari Gopinath,0/2
1047403,2,1,5,Rajagopal Sathish,Sathiamoorty Vasanth Saravanan,M Ganesh Moorthi,0,0,0,out,1,leg before wicket,Rajagopal Sathish,0/3
1047403,2,1,6,Uthirasamy Sasidev,Sathiamoorty Vasanth Saravanan,M Ganesh Moorthi,0,0,0,out,1,caught,Uthirasamy Sasidev,0/4
1047403,2,2,1,Sathiamoorty Vasanth Saravanan,0,V Athisayaraj Davidson,0,0,0,no run,0,,,0/4
1047403,2,2,2,Sathiamoorty Vasanth Saravanan,0,V Athisayaraj Davidson,0,0,0,no run,0,,,0/4
1047403,2,2,3,Sathiamoorty Vasanth Saravanan,0,V Athisayaraj Davidson,0,0,0,no run,0,,,0/4
1047403,2,2,4,Sathiamoorty Vasanth Saravanan,0,V Athisayaraj Davidson,4,4,0,four,0,,,4/4
1047403,2,2,5,Sathiamoorty Vasanth Saravanan,0,V Athisayaraj Davidson,1,1,0,run,0,,,5/4
1047403,2,2,6,Vijaykumar Yo Mahesh,Sathiamoorty Vasanth Saravanan,V Athisayaraj Davidson,1,1,0,run,0,,,6/4
1047403,2,3,1,Vijaykumar Yo Mahesh,Sathiamoorty Vasanth Saravanan,M Ganesh Moorthi,0,0,0,no run,0,,,6/4
1047403,2,3,2,Vijaykumar Yo Mahesh,Sathiamoorty Vasanth Saravanan,M Ganesh Moorthi,0,0,0,no run,0,,,6/4
1047403,2,3,3,Vijaykumar Yo Mahesh,Sathiamoorty Vasanth Saravanan,M Ganesh Moorthi,0,0,0,no run,0,,,6/4
1047403,2,3,4,Vijaykumar Yo Mahesh,Sathiamoorty Vasanth Saravanan,M Ganesh Moorthi,0,0,0,no run,0,,,6/4
1047403,2,3,5,Vijaykumar Yo Mahesh,Sathiamoorty Vasanth Saravanan,M Ganesh Moorthi,1,1,0,run,0,,,7/4
1047403,2,3,6,Sathiamoorty Vasanth Saravanan,Vijaykumar Yo Mahesh,M Ganesh Moorthi,4,4,0,four,0,,,11/4
1047403,2,4,1,Vijaykumar Yo Mahesh,Sathiamoorty Vasanth Saravanan,V Athisayaraj Davidson,2,2,0,run,0,,,13/4
1047403,2,4,2,Vijaykumar Yo Mahesh,Sathiamoorty Vasanth Saravanan,V Athisayaraj Davidson,1,1,0,run,0,,,14/4
1047403,2,4,3,Sathiamoorty Vasanth Saravanan,Vijaykumar Yo Mahesh,V Athisayaraj Davidson,4,4,0,four,0,,,18/4
1047403,2,4,4,Sathiamoorty Vasanth Saravanan,Vijaykumar Yo Mahesh,V Athisayaraj Davidson,1,1,0,run,0,,,19/4
1047403,2,4,5,Vijaykumar Yo Mahesh,Sathiamoorty Vasanth Saravanan,V Athisayaraj Davidson,4,4,0,four,0,,,23/4
1047403,2,4,6,Vijaykumar Yo Mahesh,Sathiamoorty Vasanth Saravanan,V Athisayaraj Davidson,1,0,1,leg bye,0,,,24/4
1047403,2,5,1,Vijaykumar Yo Mahesh,Sathiamoorty Vasanth Saravanan,M Ganesh Moorthi,0,0,0,no run,0,,,24/4
1047403,2,5,2,Vijaykumar Yo Mahesh,Sathiamoorty Vasanth Saravanan,M Ganesh Moorthi,1,1,0,run,0,,,25/4
1047403,2,5,3,Sathiamoorty Vasanth Saravanan,Vijaykumar Yo Mahesh,M Ganesh Moorthi,0,0,0,no run,0,,,25/4
1047403,2,5,4,Sathiamoorty Vasanth Saravanan,Vijaykumar Yo Mahesh,M Ganesh Moorthi,1,1,0,run,0,,,26/4
1047403,2,5,5,Vijaykumar Yo Mahesh,Sathiamoorty Vasanth Saravanan,M Ganesh Moorthi,1,1,0,run,0,,,27/4
1047403,2,5,6,Sathiamoorty Vasanth Saravanan,Vijaykumar Yo Mahesh,M Ganesh Moorthi,0,0,0,no run,0,,,27/4
1047403,2,6,1,Vijaykumar Yo Mahesh,Sathiamoorty Vasanth Saravanan,Lakshmipathy Balaji,1,0,1,leg bye,0,,,28/4
1047403,2,6,2,Sathiamoorty Vasanth Saravanan,Vijaykumar Yo Mahesh,Lakshmipathy Balaji,0,0,0,no run,0,,,28/4
1047403,2,6,3,Sathiamoorty Vasanth Saravanan,Vijaykumar Yo Mahesh,Lakshmipathy Balaji,4,4,0,four,0,,,32/4
1047403,2,6,4,Sathiamoorty Vasanth Saravanan,Vijaykumar Yo Mahesh,Lakshmipathy Balaji,1,1,0,run,0,,,33/4
1047403,2,6,5,Vijaykumar Yo Mahesh,Sathiamoorty Vasanth Saravanan,Lakshmipathy Balaji,0,0,0,out,1,caught,Vijaykumar Yo Mahesh,33/5
1047403,2,6,6,Jothimani Gowjith Subhash,Sathiamoorty Vasanth Saravanan,Lakshmipathy Balaji,1,1,0,run,0,,,34/5
1047403,2,7,1,Jothimani Gowjith Subhash,Sathiamoorty Vasanth Saravanan,M Ganesh Moorthi,0,0,0,no run,0,,,34/5
1047403,2,7,2,Jothimani Gowjith Subhash,Sathiamoorty Vasanth Saravanan,M Ganesh Moorthi,0,0,0,no run,0,,,34/5
1047403,2,7,3,Jothimani Gowjith Subhash,Sathiamoorty Vasanth Saravanan,M Ganesh Moorthi,1,1,0,run,0,,,35/5
1047403,2,7,4,Sathiamoorty Vasanth Saravanan,Jothimani Gowjith Subhash,M Ganesh Moorthi,1,1,0,run,0,,,36/5
1047403,2,7,5,Jothimani Gowjith Subhash,Sathiamoorty Vasanth Saravanan,M Ganesh Moorthi,1,1,0,run,0,,,37/5
1047403,2,7,6,Sathiamoorty Vasanth Saravanan,Jothimani Gowjith Subhash,M Ganesh Moorthi,0,0,0,no run,0,,,37/5
1047403,2,8,1,Jothimani Gowjith Subhash,Sathiamoorty Vasanth Saravanan,Antony Chandrasekaran Aswin Crist,1,1,0,run,0,,,38/5
1047403,2,8,2,Sathiamoorty Vasanth Saravanan,Jothimani Gowjith Subhash,Antony Chandrasekaran Aswin Crist,0,0,0,no run,0,,,38/5
1047403,2,8,3,Sathiamoorty Vasanth Saravanan,Jothimani Gowjith Subhash,Antony Chandrasekaran Aswin Crist,4,0,4,leg bye,0,,,42/5
1047403,2,8,4,Sathiamoorty Vasanth Saravanan,Jothimani Gowjith Subhash,Antony Chandrasekaran Aswin Crist,1,0,1,leg bye,0,,,43/5
1047403,2,8,5,Jothimani Gowjith Subhash,Sathiamoorty Vasanth Saravanan,Antony Chandrasekaran Aswin Crist,0,0,0,no run,0,,,43/5
1047403,2,8,6,Jothimani Gowjith Subhash,Sathiamoorty Vasanth Saravanan,Antony Chandrasekaran Aswin Crist,4,4,0,four,0,,,47/5
1047403,2,9,1,Sathiamoorty Vasanth Saravanan,Jothimani Gowjith Subhash,V Athisayaraj Davidson,0,0,0,no run,0,,,47/5
1047403,2,9,2,Sathiamoorty Vasanth Saravanan,Jothimani Gowjith Subhash,V Athisayaraj Davidson,1,1,0,run,0,,,48/5
1047403,2,9,3,Jothimani Gowjith Subhash,Sathiamoorty Vasanth Saravanan,V Athisayaraj Davidson,0,0,0,out,1,caught,Jothimani Gowjith Subhash,48/6
1047403,2,9,4,Wenseslaus Antony Dhas,Sathiamoorty Vasanth Saravanan,V Athisayaraj Davidson,1,0,1,wide,0,,,49/6
1047403,2,9,5,Wenseslaus Antony Dhas,Sathiamoorty Vasanth Saravanan,V Athisayaraj Davidson,0,0,0,no run,0,,,49/6
1047403,2,9,6,Wenseslaus Antony Dhas,Sathiamoorty Vasanth Saravanan,V Athisayaraj Davidson,0,0,0,no run,0,,,49/6
1047403,2,9,7,Wenseslaus Antony Dhas,Sathiamoorty Vasanth Saravanan,V Athisayaraj Davidson,1,1,0,run,0,,,50/6
1047403,2,10,1,Wenseslaus Antony Dhas,Sathiamoorty Vasanth Saravanan,Antony Chandrasekaran Aswin Crist,0,0,0,no run,0,,,50/6
1047403,2,10,2,Wenseslaus Antony Dhas,Sathiamoorty Vasanth Saravanan,Antony Chandrasekaran Aswin Crist,1,0,1,no ball,0,,,51/6
1047403,2,10,3,Wenseslaus Antony Dhas,Sathiamoorty Vasanth Saravanan,Antony Chandrasekaran Aswin Crist,4,4,0,four,0,,,55/6
1047403,2,10,4,Wenseslaus Antony Dhas,Sathiamoorty Vasanth Saravanan,Antony Chandrasekaran Aswin Crist,1,1,0,run,0,,,56/6
1047403,2,10,5,Sathiamoorty Vasanth Saravanan,Wenseslaus Antony Dhas,Antony Chandrasekaran Aswin Crist,1,1,0,run,0,,,57/6
1047403,2,10,6,Wenseslaus Antony Dhas,Sathiamoorty Vasanth Saravanan,Antony Chandrasekaran Aswin Crist,1,1,0,run,0,,,58/6
1047403,2,10,7,Sathiamoorty Vasanth Saravanan,Wenseslaus Antony Dhas,Antony Chandrasekaran Aswin Crist,0,0,0,no run,0,,,58/6
1047403,2,11,1,Wenseslaus Antony Dhas,Sathiamoorty Vasanth Saravanan,V Athisayaraj Davidson,1,1,0,run,0,,,59/6
1047403,2,11,2,Sathiamoorty Vasanth Saravanan,Wenseslaus Antony Dhas,V Athisayaraj Davidson,1,1,0,run,0,,,60/6
1047403,2,11,3,Wenseslaus Antony Dhas,Sathiamoorty Vasanth Saravanan,V Athisayaraj Davidson,0,0,0,no run,0,,,60/6
1047403,2,11,4,Wenseslaus Antony Dhas,Sathiamoorty Vasanth Saravanan,V Athisayaraj Davidson,1,1,0,run,0,,,61/6
1047403,2,11,5,Sathiamoorty Vasanth Saravanan,Wenseslaus Antony Dhas,V Athisayaraj Davidson,1,1,0,run,0,,,62/6
1047403,2,11,6,Wenseslaus Antony Dhas,Sathiamoorty Vasanth Saravanan,V Athisayaraj Davidson,1,1,0,run,0,,,63/6
1047403,2,12,1,Wenseslaus Antony Dhas,Sathiamoorty Vasanth Saravanan,Antony Chandrasekaran Aswin Crist,1,1,0,run,0,,,64/6
1047403,2,12,2,Sathiamoorty Vasanth Saravanan,Wenseslaus Antony Dhas,Antony Chandrasekaran Aswin Crist,1,1,0,run,0,,,65/6
1047403,2,12,3,Wenseslaus Antony Dhas,Sathiamoorty Vasanth Saravanan,Antony Chandrasekaran Aswin Crist,1,0,1,wide,0,,,66/6
1047403,2,12,4,Wenseslaus Antony Dhas,Sathiamoorty Vasanth Saravanan,Antony Chandrasekaran Aswin Crist,1,1,0,run,0,,,67/6
1047403,2,12,5,Sathiamoorty Vasanth Saravanan,Wenseslaus Antony Dhas,Antony Chandrasekaran Aswin Crist,1,1,0,run,0,,,68/6
1047403,2,12,6,Wenseslaus Antony Dhas,Sathiamoorty Vasanth Saravanan,Antony Chandrasekaran Aswin Crist,0,0,0,no run,0,,,68/6
1047403,2,12,7,Wenseslaus Antony Dhas,Sathiamoorty Vasanth Saravanan,Antony Chandrasekaran Aswin Crist,1,1,0,run,0,,,69/6
1047403,2,13,1,Wenseslaus Antony Dhas,Sathiamoorty Vasanth Saravanan,Raju Aushik Srinivas,1,1,0,run,0,,,70/6
1047403,2,13,2,Sathiamoorty Vasanth Saravanan,Wenseslaus Antony Dhas,Raju Aushik Srinivas,0,0,0,no run,0,,,70/6
1047403,2,13,3,Sathiamoorty Vasanth Saravanan,Wenseslaus Antony Dhas,Raju Aushik Srinivas,2,2,0,run,0,,,72/6
1047403,2,13,4,Sathiamoorty Vasanth Saravanan,Wenseslaus Antony Dhas,Raju Aushik Srinivas,0,0,0,no run,0,,,72/6
1047403,2,13,5,Sathiamoorty Vasanth Saravanan,Wenseslaus Antony Dhas,Raju Aushik Srinivas,0,0,0,no run,0,,,72/6
1047403,2,13,6,Sathiamoorty Vasanth Saravanan,Wenseslaus Antony Dhas,Raju Aushik Srinivas,1,1,0,run,0,,,73/6
1047403,2,14,1,Sathiamoorty Vasanth Saravanan,Wenseslaus Antony Dhas,Lakshmipathy Balaji,0,0,0,no run,0,,,73/6
1047403,2,14,2,Sathiamoorty Vasanth Saravanan,Wenseslaus Antony Dhas,Lakshmipathy Balaji,0,0,0,out,1,bowled,Sathiamoorty Vasanth Saravanan,73/7
1047403,2,14,3,Ashwath Mukunthan,Wenseslaus Antony Dhas,Lakshmipathy Balaji,0,0,0,no run,0,,,73/7
1047403,2,14,4,Ashwath Mukunthan,Wenseslaus Antony Dhas,Lakshmipathy Balaji,0,0,0,no run,0,,,73/7
1047403,2,14,5,Ashwath Mukunthan,Wenseslaus Antony Dhas,Lakshmipathy Balaji,1,1,0,run,0,,,74/7
1047403,2,14,6,Wenseslaus Antony Dhas,Ashwath Mukunthan,Lakshmipathy Balaji,1,1,0,run,0,,,75/7
1047403,2,15,1,Wenseslaus Antony Dhas,Ashwath Mukunthan,Raju Aushik Srinivas,1,1,0,run,0,,,76/7
1047403,2,15,2,Ashwath Mukunthan,Wenseslaus Antony Dhas,Raju Aushik Srinivas,0,0,0,no run,0,,,76/7
1047403,2,15,3,Ashwath Mukunthan,Wenseslaus Antony Dhas,Raju Aushik Srinivas,1,1,0,run,0,,,77/7
1047403,2,15,4,Wenseslaus Antony Dhas,Ashwath Mukunthan,Raju Aushik Srinivas,0,0,0,out,1,caught,Wenseslaus Antony Dhas,77/8
1047403,2,15,5,Ravisrinivasan Sai Kishore,Ashwath Mukunthan,Raju Aushik Srinivas,0,0,0,no run,0,,,77/8
1047403,2,15,6,Ravisrinivasan Sai Kishore,Ashwath Mukunthan,Raju Aushik Srinivas,0,0,0,no run,0,,,77/8
1047403,2,16,1,Ashwath Mukunthan,Ravisrinivasan Sai Kishore,Antony Chandrasekaran Aswin Crist,0,0,0,no run,0,,,77/8
1047403,2,16,2,Ashwath Mukunthan,Ravisrinivasan Sai Kishore,Antony Chandrasekaran Aswin Crist,0,0,0,no run,0,,,77/8
1047403,2,16,3,Ashwath Mukunthan,Ravisrinivasan Sai Kishore,Antony Chandrasekaran Aswin Crist,0,0,0,no run,0,,,77/8
1047403,2,16,4,Ashwath Mukunthan,Ravisrinivasan Sai Kishore,Antony Chandrasekaran Aswin Crist,1,1,0,run,0,,,78/8
1047403,2,16,5,Ravisrinivasan Sai Kishore,Ashwath Mukunthan,Antony Chandrasekaran Aswin Crist,4,4,0,four,0,,,82/8
1047403,2,16,6,Ravisrinivasan Sai Kishore,Ashwath Mukunthan,Antony Chandrasekaran Aswin Crist,2,2,0,run,0,,,84/8
1047403,2,17,1,Ashwath Mukunthan,Ravisrinivasan Sai Kishore,Raju Aushik Srinivas,1,1,0,run,0,,,85/8
1047403,2,17,2,Ravisrinivasan Sai Kishore,Ashwath Mukunthan,Raju Aushik Srinivas,1,1,0,run,0,,,86/8
1047403,2,17,3,Ashwath Mukunthan,Ravisrinivasan Sai Kishore,Raju Aushik Srinivas,0,0,0,no run,0,,,86/8
1047403,2,17,4,Ashwath Mukunthan,Ravisrinivasan Sai Kishore,Raju Aushik Srinivas,1,1,0,run,0,,,87/8
1047403,2,17,5,Ravisrinivasan Sai Kishore,Ashwath Mukunthan,Raju Aushik Srinivas,0,0,0,no run,0,,,87/8
1047403,2,17,6,Ravisrinivasan Sai Kishore,Ashwath Mukunthan,Raju Aushik Srinivas,1,1,0,run,0,,,88/8
1047403,2,18,1,Ravisrinivasan Sai Kishore,Ashwath Mukunthan,Washington Sundar,1,0,1,wide,0,,,89/8
1047403,2,18,2,Ravisrinivasan Sai Kishore,Ashwath Mukunthan,Washington Sundar,1,1,0,run,0,,,90/8
1047403,2,18,3,Ashwath Mukunthan,Ravisrinivasan Sai Kishore,Washington Sundar,0,0,0,out,1,leg before wicket,Ashwath Mukunthan,90/9
1047403,2,18,4,Ramadoss Alexander,Ravisrinivasan Sai Kishore,Washington Sundar,0,0,0,no run,0,,,90/9
1047403,2,18,5,Ramadoss Alexander,Ravisrinivasan Sai Kishore,Washington Sundar,0,0,0,no run,0,,,90/9
1047403,2,18,6,Ramadoss Alexander,Ravisrinivasan Sai Kishore,Washington Sundar,1,1,0,run,0,,,91/9
1047403,2,18,7,Ravisrinivasan Sai Kishore,Ramadoss Alexander,Washington Sundar,0,0,0,no run,0,,,91/9
1047403,2,19,1,Ramadoss Alexander,Ravisrinivasan Sai Kishore,Abhinav Mukund,0,0,0,no run,0,,,91/9
1047403,2,19,2,Ramadoss Alexander,Ravisrinivasan Sai Kishore,Abhinav Mukund,0,0,0,no run,0,,,91/9
1047403,2,19,3,Ramadoss Alexander,Ravisrinivasan Sai Kishore,Abhinav Mukund,1,1,0,run,0,,,92/9
1047403,2,19,4,Ravisrinivasan Sai Kishore,Ramadoss Alexander,Abhinav Mukund,1,1,0,run,0,,,93/9
1047403,2,19,5,Ramadoss Alexander,Ravisrinivasan Sai Kishore,Abhinav Mukund,0,0,0,out,1,caught,Ramadoss Alexander,93/10
