match_id,innings,over,ball,batter,non_striker,bowler,runs_total,runs_batter,runs_extras,play_type,is_wicket,wicket_kind,dismissed,team_score
1379596,1,1,1,Balasubramaniam Sachin,Jayaraman Suresh Kumar,Ganeshan Periyaswamy,0,0,0,no run,0,,,0/0
1379596,1,1,2,Balasubramaniam Sachin,Jayaraman Suresh Kumar,Ganeshan Periyaswamy,1,1,0,run,0,,,1/0
1379596,1,1,3,Jayaraman Suresh Kumar,Balasubramaniam Sachin,Ganeshan Periyaswamy,1,1,0,run,0,,,2/0
1379596,1,1,4,Balasubramaniam Sachin,Jayaraman Suresh Kumar,Ganeshan Periyaswamy,1,1,0,run,0,,,3/0
1379596,1,1,5,Jayaraman Suresh Kumar,Balasubramaniam Sachin,Ganeshan Periyaswamy,0,0,0,no run,0,,,3/0
1379596,1,1,6,Jayaraman Suresh Kumar,Balasubramaniam Sachin,Ganeshan Periyaswamy,1,1,0,run,0,,,4/0
1379596,1,2,1,Jayaraman Suresh Kumar,Balasubramaniam Sachin,P Bhuvaneswaran,0,0,0,no run,0,,,4/0
1379596,1,2,2,Jayaraman Suresh Kumar,Balasubramaniam Sachin,P Bhuvaneswaran,1,1,0,run,0,,,5/0
1379596,1,2,3,Balasubramaniam Sachin,Jayaraman Suresh Kumar,P Bhuvaneswaran,1,0,1,leg bye,0,,,6/0
1379596,1,2,4,Jayaraman Suresh Kumar,Balasubramaniam Sachin,P Bhuvaneswaran,2,2,0,run,0,,,8/0
1379596,1,2,5,Jayaraman Suresh Kumar,Balasubramaniam Sachin,P Bhuvaneswaran,6,6,0,six,0,,,14/0
1379596,1,2,6,Jayaraman Suresh Kumar,Balasubramaniam Sachin,P Bhuvaneswaran,0,0,0,out,1,leg before wicket,Jayaraman Suresh Kumar,14/1
1379596,1,3,1,Balasubramaniam Sachin,Bhardwaj Sai Sudharsan,Vijay Shankar,0,0,0,no run,0,,,14/1
1379596,1,3,2,Balasubramaniam Sachin,Bhardwaj Sai Sudharsan,Vijay Shankar,0,0,0,out,1,caught,Balasubramaniam Sachin,14/2
1379596,1,3,3,R Ram Arvindh,Bhardwaj Sai Sudharsan,Vijay Shankar,0,0,0,out,1,caught,R Ram Arvindh,14/3
1379596,1,3,4,U Mukilesh,Bhardwaj Sai Sudharsan,Vijay Shankar,1,1,0,run,0,,,15/3
1379596,1,3,5,Bhardwaj Sai Sudharsan,U Mukilesh,Vijay Shankar,2,2,0,run,0,,,17/3
1379596,1,3,6,Bhardwaj Sai Sudharsan,U Mukilesh,Vijay Shankar,4,4,0,four,0,,,21/3
1379596,1,4,1,U Mukilesh,Bhardwaj Sai Sudharsan,P Bhuvaneswaran,1,1,0,run,0,,,22/3
1379596,1,4,2,Bhardwaj Sai Sudharsan,U Mukilesh,P Bhuvaneswaran,1,1,0,run,0,,,23/3
1379596,1,4,3,U Mukilesh,Bhardwaj Sai Sudharsan,P Bhuvaneswaran,4,4,0,four,0,,,27/3
1379596,1,4,4,U Mukilesh,Bhardwaj Sai Sudharsan,P Bhuvaneswaran,0,0,0,no run,0,,,27/3
1379596,1,4,5,U Mukilesh,Bhardwaj Sai Sudharsan,P Bhuvaneswaran,0,0,0,no run,0,,,27/3
1379596,1,4,6,U Mukilesh,Bhardwaj Sai Sudharsan,P Bhuvaneswaran,0,0,0,no run,0,,,27/3
1379596,1,5,1,Bhardwaj Sai Sudharsan,U Mukilesh,Vijay Shankar,1,1,0,run,0,,,28/3
1379596,1,5,2,U Mukilesh,Bhardwaj Sai Sudharsan,Vijay Shankar,0,0,0,no run,0,,,28/3
1379596,1,5,3,U Mukilesh,Bhardwaj Sai Sudharsan,Vijay Shankar,1,1,0,run,0,,,29/3
1379596,1,5,4,Bhardwaj Sai Sudharsan,U Mukilesh,Vijay Shankar,0,0,0,no run,0,,,29/3
1379596,1,5,5,Bhardwaj Sai Sudharsan,U Mukilesh,Vijay Shankar,4,4,0,four,0,,,33/3
1379596,1,5,6,Bhardwaj Sai Sudharsan,U Mukilesh,Vijay Shankar,0,0,0,no run,0,,,33/3
1379596,1,6,1,U Mukilesh,Bhardwaj Sai Sudharsan,Ganeshan Periyaswamy,4,4,0,four,0,,,37/3
1379596,1,6,2,U Mukilesh,Bhardwaj Sai Sudharsan,Ganeshan Periyaswamy,0,0,0,no run,0,,,37/3
1379596,1,6,3,U Mukilesh,Bhardwaj Sai Sudharsan,Ganeshan Periyaswamy,1,1,0,run,0,,,38/3
1379596,1,6,4,Bhardwaj Sai Sudharsan,U Mukilesh,Ganeshan Periyaswamy,0,0,0,no run,0,,,38/3
1379596,1,6,5,Bhardwaj Sai Sudharsan,U Mukilesh,Ganeshan Periyaswamy,0,0,0,no run,0,,,38/3
1379596,1,6,6,Bhardwaj Sai Sudharsan,U Mukilesh,Ganeshan Periyaswamy,4,4,0,four,0,,,42/3
1379596,1,7,1,U Mukilesh,Bhardwaj Sai Sudharsan,Ravisrinivasan Sai Kishore,0,0,0,no run,0,,,42/3
1379596,1,7,2,U Mukilesh,Bhardwaj Sai Sudharsan,Ravisrinivasan Sai Kishore,0,0,0,no run,0,,,42/3
1379596,1,7,3,U Mukilesh,Bhardwaj Sai Sudharsan,Ravisrinivasan Sai Kishore,1,1,0,run,0,,,43/3
1379596,1,7,4,Bhardwaj Sai Sudharsan,U Mukilesh,Ravisrinivasan Sai Kishore,1,1,0,run,0,,,44/3
1379596,1,7,5,U Mukilesh,Bhardwaj Sai Sudharsan,Ravisrinivasan Sai Kishore,1,0,1,leg bye,0,,,45/3
1379596,1,7,6,Bhardwaj Sai Sudharsan,U Mukilesh,Ravisrinivasan Sai Kishore,0,0,0,no run,0,,,45/3
1379596,1,8,1,U Mukilesh,Bhardwaj Sai Sudharsan, Sriram Ajith Ram,1,1,0,run,0,,,46/3
1379596,1,8,2,Bhardwaj Sai Sudharsan,U Mukilesh, Sriram Ajith Ram,1,1,0,run,0,,,47/3
1379596,1,8,3,U Mukilesh,Bhardwaj Sai Sudharsan, Sriram Ajith Ram,0,0,0,no run,0,,,47/3
1379596,1,8,4,U Mukilesh,Bhardwaj Sai Sudharsan, Sriram Ajith Ram,1,1,0,run,0,,,48/3
1379596,1,8,5,Bhardwaj Sai Sudharsan,U Mukilesh, Sriram Ajith Ram,1,1,0,run,0,,,49/3
1379596,1,8,6,U Mukilesh,Bhardwaj Sai Sudharsan, Sriram Ajith Ram,1,1,0,run,0,,,50/3
1379596,1,9,1,U Mukilesh,Bhardwaj Sai Sudharsan,S Manigandan,0,0,0,no run,0,,,50/3
1379596,1,9,2,U Mukilesh,Bhardwaj Sai Sudharsan,S Manigandan,2,2,0,run,0,,,52/3
1379596,1,9,3,U Mukilesh,Bhardwaj Sai Sudharsan,S Manigandan,1,1,0,run,0,,,53/3
1379596,1,9,4,Bhardwaj Sai Sudharsan,U Mukilesh,S Manigandan,1,0,1,wide,0,,,54/3
1379596,1,9,5,Bhardwaj Sai Sudharsan,U Mukilesh,S Manigandan,2,2,0,run,0,,,56/3
1379596,1,9,6,Bhardwaj Sai Sudharsan,U Mukilesh,S Manigandan,6,6,0,six,0,,,62/3
1379596,1,9,7,Bhardwaj Sai Sudharsan,U Mukilesh,S Manigandan,2,2,0,run,0,,,64/3
1379596,1,10,1,U Mukilesh,Bhardwaj Sai Sudharsan, Sriram Ajith Ram,6,6,0,six,0,,,70/3
1379596,1,10,2,U Mukilesh,Bhardwaj Sai Sudharsan, Sriram Ajith Ram,1,1,0,run,0,,,71/3
1379596,1,10,3,Bhardwaj Sai Sudharsan,U Mukilesh, Sriram Ajith Ram,1,1,0,run,0,,,72/3
1379596,1,10,4,U Mukilesh,Bhardwaj Sai Sudharsan, Sriram Ajith Ram,1,1,0,run,0,,,73/3
1379596,1,10,5,Bhardwaj Sai Sudharsan,U Mukilesh, Sriram Ajith Ram,1,1,0,run,0,,,74/3
1379596,1,10,6,U Mukilesh,Bhardwaj Sai Sudharsan, Sriram Ajith Ram,1,1,0,run,0,,,75/3
1379596,1,11,1,U Mukilesh,Bhardwaj Sai Sudharsan,Vijay Shankar,1,0,1,leg bye,0,,,76/3
1379596,1,11,2,Bhardwaj Sai Sudharsan,U Mukilesh,Vijay Shankar,1,0,1,wide,0,,,77/3
1379596,1,11,3,Bhardwaj Sai Sudharsan,U Mukilesh,Vijay Shankar,0,0,0,no run,0,,,77/3
1379596,1,11,4,Bhardwaj Sai Sudharsan,U Mukilesh,Vijay Shankar,4,4,0,four,0,,,81/3
1379596,1,11,5,Bhardwaj Sai Sudharsan,U Mukilesh,Vijay Shankar,1,1,0,run,0,,,82/3
1379596,1,11,6,U Mukilesh,Bhardwaj Sai Sudharsan,Vijay Shankar,0,0,0,no run,0,,,82/3
1379596,1,11,7,U Mukilesh,Bhardwaj Sai Sudharsan,Vijay Shankar,0,0,0,no run,0,,,82/3
1379596,1,12,1,Bhardwaj Sai Sudharsan,U Mukilesh, Sriram Ajith Ram,2,2,0,run,0,,,84/3
1379596,1,12,2,Bhardwaj Sai Sudharsan,U Mukilesh, Sriram Ajith Ram,1,1,0,run,0,,,85/3
1379596,1,12,3,U Mukilesh,Bhardwaj Sai Sudharsan, Sriram Ajith Ram,4,4,0,four,0,,,89/3
1379596,1,12,4,U Mukilesh,Bhardwaj Sai Sudharsan, Sriram Ajith Ram,1,1,0,run,0,,,90/3
1379596,1,12,5,Bhardwaj Sai Sudharsan,U Mukilesh, Sriram Ajith Ram,2,2,0,run,0,,,92/3
1379596,1,12,6,Bhardwaj Sai Sudharsan,U Mukilesh, Sriram Ajith Ram,4,4,0,four,0,,,96/3
1379596,1,13,1,U Mukilesh,Bhardwaj Sai Sudharsan,Ravisrinivasan Sai Kishore,0,0,0,out,1,leg before wicket,U Mukilesh,96/4
1379596,1,13,2,Atheeq Ur Rahman,Bhardwaj Sai Sudharsan,Ravisrinivasan Sai Kishore,1,1,0,run,0,,,97/4
1379596,1,13,3,Bhardwaj Sai Sudharsan,Atheeq Ur Rahman,Ravisrinivasan Sai Kishore,1,0,1,leg bye,0,,,98/4
1379596,1,13,4,Atheeq Ur Rahman,Bhardwaj Sai Sudharsan,Ravisrinivasan Sai Kishore,1,1,0,run,0,,,99/4
1379596,1,13,5,Bhardwaj Sai Sudharsan,Atheeq Ur Rahman,Ravisrinivasan Sai Kishore,1,1,0,run,0,,,100/4
1379596,1,13,6,Atheeq Ur Rahman,Bhardwaj Sai Sudharsan,Ravisrinivasan Sai Kishore,0,0,0,no run,0,,,100/4
1379596,1,14,1,Bhardwaj Sai Sudharsan,Atheeq Ur Rahman,P Bhuvaneswaran,1,1,0,run,0,,,101/4
1379596,1,14,2,Atheeq Ur Rahman,Bhardwaj Sai Sudharsan,P Bhuvaneswaran,0,0,0,no run,0,,,101/4
1379596,1,14,3,Atheeq Ur Rahman,Bhardwaj Sai Sudharsan,P Bhuvaneswaran,4,4,0,four,0,,,105/4
1379596,1,14,4,Atheeq Ur Rahman,Bhardwaj Sai Sudharsan,P Bhuvaneswaran,0,0,0,no run,0,,,105/4
1379596,1,14,5,Atheeq Ur Rahman,Bhardwaj Sai Sudharsan,P Bhuvaneswaran,2,2,0,run,0,,,107/4
1379596,1,14,6,Atheeq Ur Rahman,Bhardwaj Sai Sudharsan,P Bhuvaneswaran,1,1,0,run,0,,,108/4
1379596,1,15,1,Atheeq Ur Rahman,Bhardwaj Sai Sudharsan,Vijay Shankar,0,0,0,no run,0,,,108/4
1379596,1,15,2,Atheeq Ur Rahman,Bhardwaj Sai Sudharsan,Vijay Shankar,0,0,0,out,1,bowled,Atheeq Ur Rahman,108/5
1379596,1,15,3,Masood Shahrukh Khan,Bhardwaj Sai Sudharsan,Vijay Shankar,2,2,0,run,0,,,110/5
1379596,1,15,4,Masood Shahrukh Khan,Bhardwaj Sai Sudharsan,Vijay Shankar,0,0,0,no run,0,,,110/5
1379596,1,15,5,Masood Shahrukh Khan,Bhardwaj Sai Sudharsan,Vijay Shankar,4,4,0,four,0,,,114/5
1379596,1,15,6,Masood Shahrukh Khan,Bhardwaj Sai Sudharsan,Vijay Shankar,1,1,0,run,0,,,115/5
1379596,1,16,1,Masood Shahrukh Khan,Bhardwaj Sai Sudharsan,Ravisrinivasan Sai Kishore,1,1,0,run,0,,,116/5
1379596,1,16,2,Bhardwaj Sai Sudharsan,Masood Shahrukh Khan,Ravisrinivasan Sai Kishore,4,4,0,four,0,,,120/5
1379596,1,16,3,Bhardwaj Sai Sudharsan,Masood Shahrukh Khan,Ravisrinivasan Sai Kishore,1,1,0,run,0,,,121/5
1379596,1,16,4,Masood Shahrukh Khan,Bhardwaj Sai Sudharsan,Ravisrinivasan Sai Kishore,1,1,0,run,0,,,122/5
1379596,1,16,5,Bhardwaj Sai Sudharsan,Masood Shahrukh Khan,Ravisrinivasan Sai Kishore,4,4,0,four,0,,,126/5
1379596,1,16,6,Bhardwaj Sai Sudharsan,Masood Shahrukh Khan,Ravisrinivasan Sai Kishore,4,4,0,four,0,,,130/5
1379596,1,17,1,Masood Shahrukh Khan,Bhardwaj Sai Sudharsan,P Bhuvaneswaran,1,1,0,run,0,,,131/5
1379596,1,17,2,Bhardwaj Sai Sudharsan,Masood Shahrukh Khan,P Bhuvaneswaran,1,1,0,run,0,,,132/5
1379596,1,17,3,Masood Shahrukh Khan,Bhardwaj Sai Sudharsan,P Bhuvaneswaran,2,2,0,run,0,,,134/5
1379596,1,17,4,Masood Shahrukh Khan,Bhardwaj Sai Sudharsan,P Bhuvaneswaran,1,1,0,run,0,,,135/5
1379596,1,17,5,Bhardwaj Sai Sudharsan,Masood Shahrukh Khan,P Bhuvaneswaran,1,1,0,run,0,,,136/5
1379596,1,17,6,Masood Shahrukh Khan,Bhardwaj Sai Sudharsan,P Bhuvaneswaran,6,6,0,six,0,,,142/5
1379596,1,18,1,Bhardwaj Sai Sudharsan,Masood Shahrukh Khan,Ganeshan Periyaswamy,1,1,0,run,0,,,143/5
1379596,1,18,2,Masood Shahrukh Khan,Bhardwaj Sai Sudharsan,Ganeshan Periyaswamy,1,1,0,run,0,,,144/5
1379596,1,18,3,Bhardwaj Sai Sudharsan,Masood Shahrukh Khan,Ganeshan Periyaswamy,1,1,0,run,0,,,145/5
1379596,1,18,4,Masood Shahrukh Khan,Bhardwaj Sai Sudharsan,Ganeshan Periyaswamy,4,4,0,four,0,,,149/5
1379596,1,18,5,Masood Shahrukh Khan,Bhardwaj Sai Sudharsan,Ganeshan Periyaswamy,1,1,0,run,0,,,150/5
1379596,1,18,6,Bhardwaj Sai Sudharsan,Masood Shahrukh Khan,Ganeshan Periyaswamy,1,0,1,no ball,0,,,151/5
1379596,1,18,7,Bhardwaj Sai Sudharsan,Masood Shahrukh Khan,Ganeshan Periyaswamy,0,0,0,no run,0,,,151/5
1379596,1,19,1,Masood Shahrukh Khan,Bhardwaj Sai Sudharsan,Ravisrinivasan Sai Kishore,0,0,0,no run,0,,,151/5
1379596,1,19,2,Masood Shahrukh Khan,Bhardwaj Sai Sudharsan,Ravisrinivasan Sai Kishore,0,0,0,out,1,bowled,Masood Shahrukh Khan,151/6
1379596,1,19,3,M Mohammed,Bhardwaj Sai Sudharsan,Ravisrinivasan Sai Kishore,0,0,0,no run,0,,,151/6
1379596,1,19,4,M Mohammed,Bhardwaj Sai Sudharsan,Ravisrinivasan Sai Kishore,0,0,0,no run,0,,,151/6
1379596,1,19,5,M Mohammed,Bhardwaj Sai Sudharsan,Ravisrinivasan Sai Kishore,0,0,0,no run,0,,,151/6
1379596,1,19,6,M Mohammed,Bhardwaj Sai Sudharsan,Ravisrinivasan Sai Kishore,4,4,0,four,0,,,155/6
1379596,1,20,1,Bhardwaj Sai Sudharsan,M Mohammed,Ganeshan Periyaswamy,6,6,0,six,0,,,161/6
1379596,1,20,2,Bhardwaj Sai Sudharsan,M Mohammed,Ganeshan Periyaswamy,6,6,0,six,0,,,167/6
1379596,1,20,3,Bhardwaj Sai Sudharsan,M Mohammed,Ganeshan Periyaswamy,2,2,0,run,0,,,169/6
1379596,1,20,4,Bhardwaj Sai Sudharsan,M Mohammed,Ganeshan Periyaswamy,1,1,0,run,0,,,170/6
1379596,1,20,5,M Mohammed,Bhardwaj Sai Sudharsan,Ganeshan Periyaswamy,2,0,2,wide,0,,,172/6
1379596,1,20,6,Bhardwaj Sai Sudharsan,M Mohammed,Ganeshan Periyaswamy,6,6,0,six,0,,,178/6
1379596,1,20,7,Bhardwaj Sai Sudharsan,M Mohammed,Ganeshan Periyaswamy,1,1,0,run,1,run out,Bhardwaj Sai Sudharsan,179/7
1379596,2,1,1,Tushar Raheja,N Sarangarajan Chaturved,K Gowtham Thamarai Kannan,0,0,0,no run,0,,,0/0
1379596,2,1,2,Tushar Raheja,N Sarangarajan Chaturved,K Gowtham Thamarai Kannan,1,1,0,run,0,,,1/0
1379596,2,1,3,N Sarangarajan Chaturved,Tushar Raheja,K Gowtham Thamarai Kannan,4,4,0,four,0,,,5/0
1379596,2,1,4,N Sarangarajan Chaturved,Tushar Raheja,K Gowtham Thamarai Kannan,0,0,0,out,1,leg before wicket,N Sarangarajan Chaturved,5/1
1379596,2,1,5,K Vishal Vaidhya,Tushar Raheja,K Gowtham Thamarai Kannan,0,0,0,no run,0,,,5/1
1379596,2,1,6,K Vishal Vaidhya,Tushar Raheja,K Gowtham Thamarai Kannan,1,1,0,run,0,,,6/1
1379596,2,2,1,K Vishal Vaidhya,Tushar Raheja,Manimaran Siddharth,4,0,4,leg bye,0,,,10/1
1379596,2,2,2,K Vishal Vaidhya,Tushar Raheja,Manimaran Siddharth,1,1,0,run,0,,,11/1
1379596,2,2,3,Tushar Raheja,K Vishal Vaidhya,Manimaran Siddharth,4,4,0,four,0,,,15/1
1379596,2,2,4,Tushar Raheja,K Vishal Vaidhya,Manimaran Siddharth,0,0,0,no run,0,,,15/1
1379596,2,2,5,Tushar Raheja,K Vishal Vaidhya,Manimaran Siddharth,0,0,0,no run,0,,,15/1
1379596,2,2,6,Tushar Raheja,K Vishal Vaidhya,Manimaran Siddharth,1,0,1,wide,0,,,16/1
1379596,2,2,7,Tushar Raheja,K Vishal Vaidhya,Manimaran Siddharth,0,0,0,no run,0,,,16/1
1379596,2,3,1,K Vishal Vaidhya,Tushar Raheja,K Gowtham Thamarai Kannan,0,0,0,no run,0,,,16/1
1379596,2,3,2,K Vishal Vaidhya,Tushar Raheja,K Gowtham Thamarai Kannan,1,1,0,run,0,,,17/1
1379596,2,3,3,Tushar Raheja,K Vishal Vaidhya,K Gowtham Thamarai Kannan,6,6,0,six,0,,,23/1
1379596,2,3,4,Tushar Raheja,K Vishal Vaidhya,K Gowtham Thamarai Kannan,1,0,1,leg bye,0,,,24/1
1379596,2,3,5,K Vishal Vaidhya,Tushar Raheja,K Gowtham Thamarai Kannan,0,0,0,no run,0,,,24/1
1379596,2,3,6,K Vishal Vaidhya,Tushar Raheja,K Gowtham Thamarai Kannan,1,1,0,run,0,,,25/1
1379596,2,4,1,K Vishal Vaidhya,Tushar Raheja,Masood Shahrukh Khan,0,0,0,no run,0,,,25/1
1379596,2,4,2,K Vishal Vaidhya,Tushar Raheja,Masood Shahrukh Khan,2,2,0,run,0,,,27/1
1379596,2,4,3,K Vishal Vaidhya,Tushar Raheja,Masood Shahrukh Khan,1,1,0,run,0,,,28/1
1379596,2,4,4,Tushar Raheja,K Vishal Vaidhya,Masood Shahrukh Khan,0,0,0,no run,0,,,28/1
1379596,2,4,5,Tushar Raheja,K Vishal Vaidhya,Masood Shahrukh Khan,4,4,0,four,0,,,32/1
1379596,2,4,6,Tushar Raheja,K Vishal Vaidhya,Masood Shahrukh Khan,0,0,0,no run,0,,,32/1
1379596,2,5,1,K Vishal Vaidhya,Tushar Raheja,L Kiran Akash,4,4,0,four,0,,,36/1
1379596,2,5,2,K Vishal Vaidhya,Tushar Raheja,L Kiran Akash,0,0,0,no run,0,,,36/1
1379596,2,5,3,K Vishal Vaidhya,Tushar Raheja,L Kiran Akash,4,4,0,four,0,,,40/1
1379596,2,5,4,K Vishal Vaidhya,Tushar Raheja,L Kiran Akash,1,1,0,run,0,,,41/1
1379596,2,5,5,Tushar Raheja,K Vishal Vaidhya,L Kiran Akash,0,0,0,no run,0,,,41/1
1379596,2,5,6,Tushar Raheja,K Vishal Vaidhya,L Kiran Akash,0,0,0,no run,0,,,41/1
1379596,2,6,1,K Vishal Vaidhya,Tushar Raheja,Masood Shahrukh Khan,0,0,0,no run,0,,,41/1
1379596,2,6,2,K Vishal Vaidhya,Tushar Raheja,Masood Shahrukh Khan,1,0,1,wide,0,,,42/1
1379596,2,6,3,K Vishal Vaidhya,Tushar Raheja,Masood Shahrukh Khan,0,0,0,out,1,leg before wicket,K Vishal Vaidhya,42/2
1379596,2,6,4,Vijay Shankar,Tushar Raheja,Masood Shahrukh Khan,1,1,0,run,0,,,43/2
1379596,2,6,5,Tushar Raheja,Vijay Shankar,Masood Shahrukh Khan,0,0,0,no run,0,,,43/2
1379596,2,6,6,Tushar Raheja,Vijay Shankar,Masood Shahrukh Khan,1,1,0,run,0,,,44/2
1379596,2,6,7,Vijay Shankar,Tushar Raheja,Masood Shahrukh Khan,1,1,0,run,0,,,45/2
1379596,2,7,1,Vijay Shankar,Tushar Raheja,M Mohammed,0,0,0,out,1,caught,Vijay Shankar,45/3
1379596,2,7,2,Ravisrinivasan Sai Kishore,Tushar Raheja,M Mohammed,0,0,0,no run,0,,,45/3
1379596,2,7,3,Ravisrinivasan Sai Kishore,Tushar Raheja,M Mohammed,0,0,0,no run,0,,,45/3
1379596,2,7,4,Ravisrinivasan Sai Kishore,Tushar Raheja,M Mohammed,1,1,0,run,0,,,46/3
1379596,2,7,5,Tushar Raheja,Ravisrinivasan Sai Kishore,M Mohammed,1,1,0,run,0,,,47/3
1379596,2,7,6,Ravisrinivasan Sai Kishore,Tushar Raheja,M Mohammed,0,0,0,out,1,caught,Ravisrinivasan Sai Kishore,47/4
1379596,2,8,1,Tushar Raheja,S Ganesh,L Kiran Akash,1,0,1,wide,0,,,48/4
1379596,2,8,2,Tushar Raheja,S Ganesh,L Kiran Akash,0,0,0,no run,0,,,48/4
1379596,2,8,3,Tushar Raheja,S Ganesh,L Kiran Akash,1,1,0,run,0,,,49/4
1379596,2,8,4,S Ganesh,Tushar Raheja,L Kiran Akash,1,0,1,wide,0,,,50/4
1379596,2,8,5,S Ganesh,Tushar Raheja,L Kiran Akash,1,1,0,run,0,,,51/4
1379596,2,8,6,Tushar Raheja,S Ganesh,L Kiran Akash,1,1,0,run,0,,,52/4
1379596,2,8,7,S Ganesh,Tushar Raheja,L Kiran Akash,0,0,0,out,1,leg before wicket,S Ganesh,52/5
1379596,2,8,8,Balchander Anirudh,Tushar Raheja,L Kiran Akash,1,1,0,run,0,,,53/5
1379596,2,9,1,Balchander Anirudh,Tushar Raheja,Masood Shahrukh Khan,1,1,0,run,0,,,54/5
1379596,2,9,2,Tushar Raheja,Balchander Anirudh,Masood Shahrukh Khan,1,1,0,run,0,,,55/5
1379596,2,9,3,Balchander Anirudh,Tushar Raheja,Masood Shahrukh Khan,0,0,0,no run,0,,,55/5
1379596,2,9,4,Balchander Anirudh,Tushar Raheja,Masood Shahrukh Khan,1,1,0,run,0,,,56/5
1379596,2,9,5,Tushar Raheja,Balchander Anirudh,Masood Shahrukh Khan,1,1,0,run,0,,,57/5
1379596,2,9,6,Balchander Anirudh,Tushar Raheja,Masood Shahrukh Khan,0,0,0,out,1,caught,Balchander Anirudh,57/6
1379596,2,10,1,Tushar Raheja,Rajendran Vivek,U Mukilesh,0,0,0,no run,0,,,57/6
1379596,2,10,2,Tushar Raheja,Rajendran Vivek,U Mukilesh,1,1,0,run,0,,,58/6
1379596,2,10,3,Rajendran Vivek,Tushar Raheja,U Mukilesh,0,0,0,no run,0,,,58/6
1379596,2,10,4,Rajendran Vivek,Tushar Raheja,U Mukilesh,6,6,0,six,0,,,64/6
1379596,2,10,5,Rajendran Vivek,Tushar Raheja,U Mukilesh,0,0,0,out,1,caught,Rajendran Vivek,64/7
1379596,2,10,6, Sriram Ajith Ram,Tushar Raheja,U Mukilesh,0,0,0,no run,0,,,64/7
1379596,2,11,1,Tushar Raheja, Sriram Ajith Ram,Jhathavedh Subramanyan,0,0,0,no run,0,,,64/7
1379596,2,11,2,Tushar Raheja, Sriram Ajith Ram,Jhathavedh Subramanyan,1,1,0,run,0,,,65/7
1379596,2,11,3, Sriram Ajith Ram,Tushar Raheja,Jhathavedh Subramanyan,0,0,0,no run,0,,,65/7
1379596,2,11,4, Sriram Ajith Ram,Tushar Raheja,Jhathavedh Subramanyan,1,1,0,run,0,,,66/7
1379596,2,11,5,Tushar Raheja, Sriram Ajith Ram,Jhathavedh Subramanyan,0,0,0,no run,0,,,66/7
1379596,2,11,6,Tushar Raheja, Sriram Ajith Ram,Jhathavedh Subramanyan,2,2,0,run,0,,,68/7
1379596,2,12,1, Sriram Ajith Ram,Tushar Raheja,Manimaran Siddharth,1,1,0,run,0,,,69/7
1379596,2,12,2,Tushar Raheja, Sriram Ajith Ram,Manimaran Siddharth,2,2,0,run,0,,,71/7
1379596,2,12,3,Tushar Raheja, Sriram Ajith Ram,Manimaran Siddharth,4,4,0,four,0,,,75/7
1379596,2,12,4,Tushar Raheja, Sriram Ajith Ram,Manimaran Siddharth,0,0,0,no run,0,,,75/7
1379596,2,12,5,Tushar Raheja, Sriram Ajith Ram,Manimaran Siddharth,1,1,0,run,0,,,76/7
1379596,2,12,6, Sriram Ajith Ram,Tushar Raheja,Manimaran Siddharth,1,1,0,run,0,,,77/7
1379596,2,13,1, Sriram Ajith Ram,Tushar Raheja,Jhathavedh Subramanyan,1,1,0,run,0,,,78/7
1379596,2,13,2,Tushar Raheja, Sriram Ajith Ram,Jhathavedh Subramanyan,0,0,0,no run,0,,,78/7
1379596,2,13,3,Tushar Raheja, Sriram Ajith Ram,Jhathavedh Subramanyan,1,1,0,run,1,run out,Tushar Raheja,79/8
1379596,2,13,4,P Bhuvaneswaran, Sriram Ajith Ram,Jhathavedh Subramanyan,0,0,0,no run,0,,,79/8
1379596,2,13,5,P Bhuvaneswaran, Sriram Ajith Ram,Jhathavedh Subramanyan,0,0,0,no run,0,,,79/8
1379596,2,13,6,P Bhuvaneswaran, Sriram Ajith Ram,Jhathavedh Subramanyan,0,0,0,no run,0,,,79/8
1379596,2,14,1, Sriram Ajith Ram,P Bhuvaneswaran,Manimaran Siddharth,0,0,0,no run,0,,,79/8
1379596,2,14,2, Sriram Ajith Ram,P Bhuvaneswaran,Manimaran Siddharth,0,0,0,no run,0,,,79/8
1379596,2,14,3, Sriram Ajith Ram,P Bhuvaneswaran,Manimaran Siddharth,0,0,0,no run,0,,,79/8
1379596,2,14,4, Sriram Ajith Ram,P Bhuvaneswaran,Manimaran Siddharth,1,1,0,run,0,,,80/8
1379596,2,14,5,P Bhuvaneswaran, Sriram Ajith Ram,Manimaran Siddharth,0,0,0,no run,0,,,80/8
1379596,2,14,6,P Bhuvaneswaran, Sriram Ajith Ram,Manimaran Siddharth,0,0,0,no run,0,,,80/8
1379596,2,15,1, Sriram Ajith Ram,P Bhuvaneswaran,Jhathavedh Subramanyan,1,1,0,run,0,,,81/8
1379596,2,15,2,P Bhuvaneswaran, Sriram Ajith Ram,Jhathavedh Subramanyan,1,1,0,run,0,,,82/8
1379596,2,15,3, Sriram Ajith Ram,P Bhuvaneswaran,Jhathavedh Subramanyan,1,1,0,run,0,,,83/8
1379596,2,15,4,P Bhuvaneswaran, Sriram Ajith Ram,Jhathavedh Subramanyan,0,0,0,no run,0,,,83/8
1379596,2,15,5,P Bhuvaneswaran, Sriram Ajith Ram,Jhathavedh Subramanyan,1,1,0,run,0,,,84/8
1379596,2,15,6, Sriram Ajith Ram,P Bhuvaneswaran,Jhathavedh Subramanyan,1,1,0,run,0,,,85/8
1379596,2,16,1, Sriram Ajith Ram,P Bhuvaneswaran,Manimaran Siddharth,0,0,0,no run,0,,,85/8
1379596,2,16,2, Sriram Ajith Ram,P Bhuvaneswaran,Manimaran Siddharth,1,1,0,run,0,,,86/8
1379596,2,16,3,P Bhuvaneswaran, Sriram Ajith Ram,Manimaran Siddharth,0,0,0,no run,0,,,86/8
1379596,2,16,4,P Bhuvaneswaran, Sriram Ajith Ram,Manimaran Siddharth,1,1,0,run,0,,,87/8
1379596,2,16,5, Sriram Ajith Ram,P Bhuvaneswaran,Manimaran Siddharth,1,1,0,run,0,,,88/8
1379596,2,16,6,P Bhuvaneswaran, Sriram Ajith Ram,Manimaran Siddharth,0,0,0,no run,0,,,88/8
1379596,2,17,1, Sriram Ajith Ram,P Bhuvaneswaran,Jhathavedh Subramanyan,1,1,0,run,0,,,89/8
1379596,2,17,2,P Bhuvaneswaran, Sriram Ajith Ram,Jhathavedh Subramanyan,1,1,0,run,0,,,90/8
1379596,2,17,3, Sriram Ajith Ram,P Bhuvaneswaran,Jhathavedh Subramanyan,0,0,0,no run,0,,,90/8
1379596,2,17,4, Sriram Ajith Ram,P Bhuvaneswaran,Jhathavedh Subramanyan,0,0,0,out,1,bowled, Sriram Ajith Ram,90/9
1379596,2,17,5,S Manigandan,P Bhuvaneswaran,Jhathavedh Subramanyan,0,0,0,no run,0,,,90/9
1379596,2,17,6,S Manigandan,P Bhuvaneswaran,Jhathavedh Subramanyan,1,1,0,run,0,,,91/9
1379596,2,18,1,S Manigandan,P Bhuvaneswaran,L Kiran Akash,1,1,0,run,0,,,92/9
1379596,2,18,2,P Bhuvaneswaran,S Manigandan,L Kiran Akash,1,0,1,wide,0,,,93/9
1379596,2,18,3,P Bhuvaneswaran,S Manigandan,L Kiran Akash,1,1,0,run,0,,,94/9
1379596,2,18,4,S Manigandan,P Bhuvaneswaran,L Kiran Akash,0,0,0,no run,0,,,94/9
1379596,2,18,5,S Manigandan,P Bhuvaneswaran,L Kiran Akash,1,1,0,run,0,,,95/9
1379596,2,18,6,P Bhuvaneswaran,S Manigandan,L Kiran Akash,0,0,0,no run,0,,,95/9
1379596,2,18,7,P Bhuvaneswaran,S Manigandan,L Kiran Akash,0,0,0,no run,0,,,95/9
1379596,2,19,1,S Manigandan,P Bhuvaneswaran,M Mohammed,0,0,0,no run,0,,,95/9
1379596,2,19,2,S Manigandan,P Bhuvaneswaran,M Mohammed,0,0,0,no run,0,,,95/9
1379596,2,19,3,S Manigandan,P Bhuvaneswaran,M Mohammed,1,1,0,run,0,,,96/9
1379596,2,19,4,P Bhuvaneswaran,S Manigandan,M Mohammed,0,0,0,no run,0,,,96/9
1379596,2,19,5,P Bhuvaneswaran,S Manigandan,M Mohammed,1,0,1,wide,0,,,97/9
1379596,2,19,6,P Bhuvaneswaran,S Manigandan,M Mohammed,1,0,1,wide,0,,,98/9
1379596,2,19,7,P Bhuvaneswaran,S Manigandan,M Mohammed,0,0,0,no run,0,,,98/9
1379596,2,19,8,P Bhuvaneswaran,S Manigandan,M Mohammed,6,6,0,six,0,,,104/9
1379596,2,20,1,S Manigandan,P Bhuvaneswaran,Masood Shahrukh Khan,1,1,0,run,0,,,105/9
1379596,2,20,2,P Bhuvaneswaran,S Manigandan,Masood Shahrukh Khan,0,0,0,no run,0,,,105/9
1379596,2,20,3,P Bhuvaneswaran,S Manigandan,Masood Shahrukh Khan,1,1,0,run,0,,,106/9
1379596,2,20,4,S Manigandan,P Bhuvaneswaran,Masood Shahrukh Khan,2,2,0,run,0,,,108/9
1379596,2,20,5,S Manigandan,P Bhuvaneswaran,Masood Shahrukh Khan,1,1,0,run,0,,,109/9
1379596,2,20,6,S Manigandan,P Bhuvaneswaran,Masood Shahrukh Khan,0,0,0,out,1,caught,S Manigandan,109/10
1379597,1,1,1,Pradosh Ranjan Paul,Narayan Jagadeesan,Abhishek Baljeetsingh Tanwar,0,0,0,no run,0,,,0/0
1379597,1,1,2,Pradosh Ranjan Paul,Narayan Jagadeesan,Abhishek Baljeetsingh Tanwar,1,0,1,wide,0,,,1/0
1379597,1,1,3,Pradosh Ranjan Paul,Narayan Jagadeesan,Abhishek Baljeetsingh Tanwar,4,4,0,four,0,,,5/0
1379597,1,1,4,Pradosh Ranjan Paul,Narayan Jagadeesan,Abhishek Baljeetsingh Tanwar,0,0,0,no run,0,,,5/0
1379597,1,1,5,Pradosh Ranjan Paul,Narayan Jagadeesan,Abhishek Baljeetsingh Tanwar,1,1,0,run,0,,,6/0
1379597,1,1,6,Narayan Jagadeesan,Pradosh Ranjan Paul,Abhishek Baljeetsingh Tanwar,0,0,0,no run,0,,,6/0
1379597,1,1,7,Narayan Jagadeesan,Pradosh Ranjan Paul,Abhishek Baljeetsingh Tanwar,0,0,0,no run,0,,,6/0
1379597,1,2,1,Pradosh Ranjan Paul,Narayan Jagadeesan,Sunny Sandhu,1,1,0,run,0,,,7/0
1379597,1,2,2,Narayan Jagadeesan,Pradosh Ranjan Paul,Sunny Sandhu,4,4,0,four,0,,,11/0
1379597,1,2,3,Narayan Jagadeesan,Pradosh Ranjan Paul,Sunny Sandhu,1,0,1,wide,0,,,12/0
1379597,1,2,4,Narayan Jagadeesan,Pradosh Ranjan Paul,Sunny Sandhu,1,0,1,wide,0,,,13/0
1379597,1,2,5,Narayan Jagadeesan,Pradosh Ranjan Paul,Sunny Sandhu,1,1,0,run,0,,,14/0
1379597,1,2,6,Pradosh Ranjan Paul,Narayan Jagadeesan,Sunny Sandhu,4,4,0,four,0,,,18/0
1379597,1,2,7,Pradosh Ranjan Paul,Narayan Jagadeesan,Sunny Sandhu,0,0,0,no run,0,,,18/0
1379597,1,2,8,Pradosh Ranjan Paul,Narayan Jagadeesan,Sunny Sandhu,0,0,0,no run,0,,,18/0
1379597,1,3,1,Narayan Jagadeesan,Pradosh Ranjan Paul,Abhishek Baljeetsingh Tanwar,0,0,0,no run,0,,,18/0
1379597,1,3,2,Narayan Jagadeesan,Pradosh Ranjan Paul,Abhishek Baljeetsingh Tanwar,0,0,0,no run,0,,,18/0
1379597,1,3,3,Narayan Jagadeesan,Pradosh Ranjan Paul,Abhishek Baljeetsingh Tanwar,4,4,0,four,0,,,22/0
1379597,1,3,4,Narayan Jagadeesan,Pradosh Ranjan Paul,Abhishek Baljeetsingh Tanwar,0,0,0,no run,0,,,22/0
1379597,1,3,5,Narayan Jagadeesan,Pradosh Ranjan Paul,Abhishek Baljeetsingh Tanwar,1,1,0,run,0,,,23/0
1379597,1,3,6,Pradosh Ranjan Paul,Narayan Jagadeesan,Abhishek Baljeetsingh Tanwar,4,4,0,four,0,,,27/0
1379597,1,4,1,Narayan Jagadeesan,Pradosh Ranjan Paul,M Ganesh Moorthi,1,0,1,leg bye,0,,,28/0
1379597,1,4,2,Pradosh Ranjan Paul,Narayan Jagadeesan,M Ganesh Moorthi,2,2,0,run,0,,,30/0
1379597,1,4,3,Pradosh Ranjan Paul,Narayan Jagadeesan,M Ganesh Moorthi,1,1,0,run,0,,,31/0
1379597,1,4,4,Narayan Jagadeesan,Pradosh Ranjan Paul,M Ganesh Moorthi,4,4,0,four,0,,,35/0
1379597,1,4,5,Narayan Jagadeesan,Pradosh Ranjan Paul,M Ganesh Moorthi,1,1,0,run,0,,,36/0
1379597,1,4,6,Pradosh Ranjan Paul,Narayan Jagadeesan,M Ganesh Moorthi,0,0,0,no run,0,,,36/0
1379597,1,5,1,Narayan Jagadeesan,Pradosh Ranjan Paul,Akash Sumra,1,1,0,run,0,,,37/0
1379597,1,5,2,Pradosh Ranjan Paul,Narayan Jagadeesan,Akash Sumra,0,0,0,no run,0,,,37/0
1379597,1,5,3,Pradosh Ranjan Paul,Narayan Jagadeesan,Akash Sumra,4,4,0,four,0,,,41/0
1379597,1,5,4,Pradosh Ranjan Paul,Narayan Jagadeesan,Akash Sumra,1,1,0,run,0,,,42/0
1379597,1,5,5,Narayan Jagadeesan,Pradosh Ranjan Paul,Akash Sumra,1,0,1,wide,0,,,43/0
1379597,1,5,6,Narayan Jagadeesan,Pradosh Ranjan Paul,Akash Sumra,4,4,0,four,0,,,47/0
1379597,1,5,7,Narayan Jagadeesan,Pradosh Ranjan Paul,Akash Sumra,0,0,0,no run,0,,,47/0
1379597,1,6,1,Pradosh Ranjan Paul,Narayan Jagadeesan,M Ganesh Moorthi,2,2,0,run,0,,,49/0
1379597,1,6,2,Pradosh Ranjan Paul,Narayan Jagadeesan,M Ganesh Moorthi,0,0,0,no run,0,,,49/0
1379597,1,6,3,Pradosh Ranjan Paul,Narayan Jagadeesan,M Ganesh Moorthi,1,1,0,run,0,,,50/0
1379597,1,6,4,Narayan Jagadeesan,Pradosh Ranjan Paul,M Ganesh Moorthi,0,0,0,no run,0,,,50/0
1379597,1,6,5,Narayan Jagadeesan,Pradosh Ranjan Paul,M Ganesh Moorthi,3,0,3,leg bye,0,,,53/0
1379597,1,6,6,Pradosh Ranjan Paul,Narayan Jagadeesan,M Ganesh Moorthi,5,4,1,four,0,,,58/0
1379597,1,6,7,Pradosh Ranjan Paul,Narayan Jagadeesan,M Ganesh Moorthi,6,6,0,six,0,,,64/0
1379597,1,7,1,Narayan Jagadeesan,Pradosh Ranjan Paul,0,1,1,0,run,0,,,65/0
1379597,1,7,2,Pradosh Ranjan Paul,Narayan Jagadeesan,0,1,1,0,run,0,,,66/0
1379597,1,7,3,Narayan Jagadeesan,Pradosh Ranjan Paul,0,1,1,0,run,0,,,67/0
1379597,1,7,4,Pradosh Ranjan Paul,Narayan Jagadeesan,0,4,4,0,four,0,,,71/0
1379597,1,7,5,Pradosh Ranjan Paul,Narayan Jagadeesan,0,2,2,0,run,0,,,73/0
1379597,1,7,6,Pradosh Ranjan Paul,Narayan Jagadeesan,0,0,0,0,no run,0,,,73/0
1379597,1,8,1,Narayan Jagadeesan,Pradosh Ranjan Paul,RS Mokit Hariharan,1,1,0,run,0,,,74/0
1379597,1,8,2,Pradosh Ranjan Paul,Narayan Jagadeesan,RS Mokit Hariharan,1,1,0,run,0,,,75/0
1379597,1,8,3,Narayan Jagadeesan,Pradosh Ranjan Paul,RS Mokit Hariharan,1,1,0,run,0,,,76/0
1379597,1,8,4,Pradosh Ranjan Paul,Narayan Jagadeesan,RS Mokit Hariharan,1,1,0,run,0,,,77/0
1379597,1,8,5,Narayan Jagadeesan,Pradosh Ranjan Paul,RS Mokit Hariharan,1,1,0,run,0,,,78/0
1379597,1,8,6,Pradosh Ranjan Paul,Narayan Jagadeesan,RS Mokit Hariharan,1,1,0,run,0,,,79/0
1379597,1,9,1,Pradosh Ranjan Paul,Narayan Jagadeesan,0,1,1,0,run,0,,,80/0
1379597,1,9,2,Narayan Jagadeesan,Pradosh Ranjan Paul,0,1,1,0,run,0,,,81/0
1379597,1,9,3,Pradosh Ranjan Paul,Narayan Jagadeesan,0,1,1,0,run,0,,,82/0
1379597,1,9,4,Narayan Jagadeesan,Pradosh Ranjan Paul,0,6,6,0,six,0,,,88/0
1379597,1,9,5,Narayan Jagadeesan,Pradosh Ranjan Paul,0,2,2,0,run,0,,,90/0
1379597,1,9,6,Narayan Jagadeesan,Pradosh Ranjan Paul,0,1,1,0,run,0,,,91/0
1379597,1,10,1,Narayan Jagadeesan,Pradosh Ranjan Paul,RS Mokit Hariharan,0,0,0,out,1,bowled,Narayan Jagadeesan,91/1
1379597,1,10,2,Baba Aparajith,Pradosh Ranjan Paul,RS Mokit Hariharan,1,1,0,run,0,,,92/1
1379597,1,10,3,Pradosh Ranjan Paul,Baba Aparajith,RS Mokit Hariharan,4,4,0,four,0,,,96/1
1379597,1,10,4,Pradosh Ranjan Paul,Baba Aparajith,RS Mokit Hariharan,2,2,0,run,0,,,98/1
1379597,1,10,5,Pradosh Ranjan Paul,Baba Aparajith,RS Mokit Hariharan,1,1,0,run,0,,,99/1
1379597,1,10,6,Baba Aparajith,Pradosh Ranjan Paul,RS Mokit Hariharan,1,1,0,run,0,,,100/1
1379597,1,11,1,Baba Aparajith,Pradosh Ranjan Paul,Sunny Sandhu,1,1,0,run,0,,,101/1
1379597,1,11,2,Pradosh Ranjan Paul,Baba Aparajith,Sunny Sandhu,4,4,0,four,0,,,105/1
1379597,1,11,3,Pradosh Ranjan Paul,Baba Aparajith,Sunny Sandhu,1,1,0,run,0,,,106/1
1379597,1,11,4,Baba Aparajith,Pradosh Ranjan Paul,Sunny Sandhu,1,1,0,run,0,,,107/1
1379597,1,11,5,Pradosh Ranjan Paul,Baba Aparajith,Sunny Sandhu,0,0,0,no run,0,,,107/1
1379597,1,11,6,Pradosh Ranjan Paul,Baba Aparajith,Sunny Sandhu,1,1,0,run,0,,,108/1
1379597,1,12,1,Pradosh Ranjan Paul,Baba Aparajith,M Ganesh Moorthi,2,2,0,run,0,,,110/1
1379597,1,12,2,Pradosh Ranjan Paul,Baba Aparajith,M Ganesh Moorthi,4,4,0,four,0,,,114/1
1379597,1,12,3,Pradosh Ranjan Paul,Baba Aparajith,M Ganesh Moorthi,1,1,0,run,0,,,115/1
1379597,1,12,4,Baba Aparajith,Pradosh Ranjan Paul,M Ganesh Moorthi,1,1,0,run,0,,,116/1
1379597,1,12,5,Pradosh Ranjan Paul,Baba Aparajith,M Ganesh Moorthi,1,1,0,run,0,,,117/1
1379597,1,12,6,Baba Aparajith,Pradosh Ranjan Paul,M Ganesh Moorthi,1,1,0,run,0,,,118/1
1379597,1,13,1,Baba Aparajith,Pradosh Ranjan Paul,RS Mokit Hariharan,1,1,0,run,0,,,119/1
1379597,1,13,2,Pradosh Ranjan Paul,Baba Aparajith,RS Mokit Hariharan,1,1,0,run,0,,,120/1
1379597,1,13,3,Baba Aparajith,Pradosh Ranjan Paul,RS Mokit Hariharan,4,4,0,four,0,,,124/1
1379597,1,13,4,Baba Aparajith,Pradosh Ranjan Paul,RS Mokit Hariharan,2,0,2,wide,0,,,126/1
1379597,1,13,5,Pradosh Ranjan Paul,Baba Aparajith,RS Mokit Hariharan,2,0,2,wide,0,,,128/1
1379597,1,13,6,Baba Aparajith,Pradosh Ranjan Paul,RS Mokit Hariharan,1,1,0,run,0,,,129/1
1379597,1,13,7,Pradosh Ranjan Paul,Baba Aparajith,RS Mokit Hariharan,4,4,0,four,0,,,133/1
1379597,1,13,8,Pradosh Ranjan Paul,Baba Aparajith,RS Mokit Hariharan,1,1,0,run,0,,,134/1
1379597,1,14,1,Pradosh Ranjan Paul,Baba Aparajith,Akash Sumra,1,1,0,run,0,,,135/1
1379597,1,14,2,Baba Aparajith,Pradosh Ranjan Paul,Akash Sumra,1,1,0,run,0,,,136/1
1379597,1,14,3,Pradosh Ranjan Paul,Baba Aparajith,Akash Sumra,1,1,0,run,0,,,137/1
1379597,1,14,4,Baba Aparajith,Pradosh Ranjan Paul,Akash Sumra,1,1,0,run,0,,,138/1
1379597,1,14,5,Pradosh Ranjan Paul,Baba Aparajith,Akash Sumra,1,1,0,run,0,,,139/1
1379597,1,14,6,Baba Aparajith,Pradosh Ranjan Paul,Akash Sumra,6,6,0,six,0,,,145/1
1379597,1,15,1,Pradosh Ranjan Paul,Baba Aparajith,0,0,0,0,no run,0,,,145/1
1379597,1,15,2,Pradosh Ranjan Paul,Baba Aparajith,0,1,1,0,run,0,,,146/1
1379597,1,15,3,Baba Aparajith,Pradosh Ranjan Paul,0,1,1,0,run,0,,,147/1
1379597,1,15,4,Pradosh Ranjan Paul,Baba Aparajith,0,4,4,0,four,0,,,151/1
1379597,1,15,5,Pradosh Ranjan Paul,Baba Aparajith,0,4,4,0,four,0,,,155/1
1379597,1,15,6,Pradosh Ranjan Paul,Baba Aparajith,0,1,1,0,run,0,,,156/1
1379597,1,16,1,Pradosh Ranjan Paul,Baba Aparajith,Sunny Sandhu,1,1,0,run,0,,,157/1
1379597,1,16,2,Baba Aparajith,Pradosh Ranjan Paul,Sunny Sandhu,6,6,0,six,0,,,163/1
1379597,1,16,3,Baba Aparajith,Pradosh Ranjan Paul,Sunny Sandhu,1,1,0,run,0,,,164/1
1379597,1,16,4,Pradosh Ranjan Paul,Baba Aparajith,Sunny Sandhu,0,0,0,no run,0,,,164/1
1379597,1,16,5,Pradosh Ranjan Paul,Baba Aparajith,Sunny Sandhu,0,0,0,no run,0,,,164/1
1379597,1,16,6,Pradosh Ranjan Paul,Baba Aparajith,Sunny Sandhu,0,0,0,out,1,caught,Pradosh Ranjan Paul,164/2
1379597,1,17,1,Baba Aparajith,Ramsingh  Sanjay Yadav,Abhishek Baljeetsingh Tanwar,0,0,0,no run,0,,,164/2
1379597,1,17,2,Baba Aparajith,Ramsingh  Sanjay Yadav,Abhishek Baljeetsingh Tanwar,1,1,0,run,0,,,165/2
1379597,1,17,3,Ramsingh  Sanjay Yadav,Baba Aparajith,Abhishek Baljeetsingh Tanwar,1,1,0,run,0,,,166/2
1379597,1,17,4,Baba Aparajith,Ramsingh  Sanjay Yadav,Abhishek Baljeetsingh Tanwar,0,0,0,no run,0,,,166/2
1379597,1,17,5,Baba Aparajith,Ramsingh  Sanjay Yadav,Abhishek Baljeetsingh Tanwar,0,0,0,out,1,caught,Baba Aparajith,166/3
1379597,1,17,6,S Harish Kumar,Ramsingh  Sanjay Yadav,Abhishek Baljeetsingh Tanwar,1,1,0,run,0,,,167/3
1379597,1,18,1,S Harish Kumar,Ramsingh  Sanjay Yadav,Akash Sumra,6,6,0,six,0,,,173/3
1379597,1,18,2,S Harish Kumar,Ramsingh  Sanjay Yadav,Akash Sumra,0,0,0,no run,0,,,173/3
1379597,1,18,3,S Harish Kumar,Ramsingh  Sanjay Yadav,Akash Sumra,1,1,0,run,0,,,174/3
1379597,1,18,4,Ramsingh  Sanjay Yadav,S Harish Kumar,Akash Sumra,1,0,1,wide,0,,,175/3
1379597,1,18,5,Ramsingh  Sanjay Yadav,S Harish Kumar,Akash Sumra,4,4,0,four,0,,,179/3
1379597,1,18,6,Ramsingh  Sanjay Yadav,S Harish Kumar,Akash Sumra,6,6,0,six,0,,,185/3
1379597,1,18,7,Ramsingh  Sanjay Yadav,S Harish Kumar,Akash Sumra,1,0,1,wide,0,,,186/3
1379597,1,18,8,Ramsingh  Sanjay Yadav,S Harish Kumar,Akash Sumra,1,0,1,wide,0,,,187/3
1379597,1,18,9,Ramsingh  Sanjay Yadav,S Harish Kumar,Akash Sumra,0,0,0,no run,0,,,187/3
1379597,1,19,1,S Harish Kumar,Ramsingh  Sanjay Yadav,Sunny Sandhu,0,0,0,out,1,run out,S Harish Kumar,187/4
1379597,1,19,2,Rajagopal Sathish,Ramsingh  Sanjay Yadav,Sunny Sandhu,0,0,0,no run,0,,,187/4
1379597,1,19,3,Rajagopal Sathish,Ramsingh  Sanjay Yadav,Sunny Sandhu,0,0,0,out,1,caught,Rajagopal Sathish,187/5
1379597,1,19,4,Uthirasamy Sasidev,Ramsingh  Sanjay Yadav,Sunny Sandhu,1,1,0,run,0,,,188/5
1379597,1,19,5,Ramsingh  Sanjay Yadav,Uthirasamy Sasidev,Sunny Sandhu,1,0,1,wide,0,,,189/5
1379597,1,19,6,Ramsingh  Sanjay Yadav,Uthirasamy Sasidev,Sunny Sandhu,1,1,0,run,0,,,190/5
1379597,1,19,7,Uthirasamy Sasidev,Ramsingh  Sanjay Yadav,Sunny Sandhu,1,1,0,run,0,,,191/5
1379597,1,20,1,Uthirasamy Sasidev,Ramsingh  Sanjay Yadav,Abhishek Baljeetsingh Tanwar,1,1,0,run,0,,,192/5
1379597,1,20,2,Ramsingh  Sanjay Yadav,Uthirasamy Sasidev,Abhishek Baljeetsingh Tanwar,4,4,0,four,0,,,196/5
1379597,1,20,3,Ramsingh  Sanjay Yadav,Uthirasamy Sasidev,Abhishek Baljeetsingh Tanwar,0,0,0,no run,0,,,196/5
1379597,1,20,4,Ramsingh  Sanjay Yadav,Uthirasamy Sasidev,Abhishek Baljeetsingh Tanwar,1,1,0,run,0,,,197/5
1379597,1,20,5,Uthirasamy Sasidev,Ramsingh  Sanjay Yadav,Abhishek Baljeetsingh Tanwar,1,0,1,no ball,0,,,198/5
1379597,1,20,6,Uthirasamy Sasidev,Ramsingh  Sanjay Yadav,Abhishek Baljeetsingh Tanwar,1,1,0,run,0,,,199/5
1379597,1,20,7,Ramsingh  Sanjay Yadav,Uthirasamy Sasidev,Abhishek Baljeetsingh Tanwar,1,0,1,no ball,0,,,200/5
1379597,1,20,8,Ramsingh  Sanjay Yadav,Uthirasamy Sasidev,Abhishek Baljeetsingh Tanwar,7,6,1,six,0,,,207/5
1379597,1,20,9,Ramsingh  Sanjay Yadav,Uthirasamy Sasidev,Abhishek Baljeetsingh Tanwar,3,2,1,run,0,,,210/5
1379597,1,20,10,Ramsingh  Sanjay Yadav,Uthirasamy Sasidev,Abhishek Baljeetsingh Tanwar,1,0,1,wide,0,,,211/5
1379597,1,20,11,Ramsingh  Sanjay Yadav,Uthirasamy Sasidev,Abhishek Baljeetsingh Tanwar,6,6,0,six,0,,,217/5
1379597,2,1,1,VP Amit Sathvik,Akash Sumra,S Harish Kumar,0,0,0,no run,0,,,0/0
1379597,2,1,2,VP Amit Sathvik,Akash Sumra,S Harish Kumar,4,4,0,four,0,,,4/0
1379597,2,1,3,VP Amit Sathvik,Akash Sumra,S Harish Kumar,1,1,0,run,0,,,5/0
1379597,2,1,4,Akash Sumra,VP Amit Sathvik,S Harish Kumar,0,0,0,no run,0,,,5/0
1379597,2,1,5,Akash Sumra,VP Amit Sathvik,S Harish Kumar,2,2,0,run,0,,,7/0
1379597,2,1,6,Akash Sumra,VP Amit Sathvik,S Harish Kumar,0,0,0,no run,0,,,7/0
1379597,2,2,1,VP Amit Sathvik,Akash Sumra,Ramalingam Rohit,0,0,0,no run,0,,,7/0
1379597,2,2,2,VP Amit Sathvik,Akash Sumra,Ramalingam Rohit,1,1,0,run,0,,,8/0
1379597,2,2,3,Akash Sumra,VP Amit Sathvik,Ramalingam Rohit,0,0,0,no run,0,,,8/0
1379597,2,2,4,Akash Sumra,VP Amit Sathvik,Ramalingam Rohit,0,0,0,no run,0,,,8/0
1379597,2,2,5,Akash Sumra,VP Amit Sathvik,Ramalingam Rohit,1,1,0,run,0,,,9/0
1379597,2,2,6,VP Amit Sathvik,Akash Sumra,Ramalingam Rohit,0,0,0,no run,0,,,9/0
1379597,2,3,1,Akash Sumra,VP Amit Sathvik,S Harish Kumar,4,4,0,four,0,,,13/0
1379597,2,3,2,Akash Sumra,VP Amit Sathvik,S Harish Kumar,1,1,0,run,0,,,14/0
1379597,2,3,3,VP Amit Sathvik,Akash Sumra,S Harish Kumar,0,0,0,out,1,caught,VP Amit Sathvik,14/1
1379597,2,3,4,S Aravind,Akash Sumra,S Harish Kumar,1,1,0,run,0,,,15/1
1379597,2,3,5,Akash Sumra,S Aravind,S Harish Kumar,1,1,0,run,0,,,16/1
1379597,2,3,6,S Aravind,Akash Sumra,S Harish Kumar,1,1,0,run,0,,,17/1
1379597,2,4,1,S Aravind,Akash Sumra,Ramalingam Rohit,0,0,0,no run,0,,,17/1
1379597,2,4,2,S Aravind,Akash Sumra,Ramalingam Rohit,0,0,0,no run,0,,,17/1
1379597,2,4,3,S Aravind,Akash Sumra,Ramalingam Rohit,4,4,0,four,0,,,21/1
1379597,2,4,4,S Aravind,Akash Sumra,Ramalingam Rohit,1,1,0,run,0,,,22/1
1379597,2,4,5,Akash Sumra,S Aravind,Ramalingam Rohit,1,1,0,run,0,,,23/1
1379597,2,4,6,S Aravind,Akash Sumra,Ramalingam Rohit,2,2,0,run,0,,,25/1
1379597,2,5,1,Akash Sumra,S Aravind,Rahil S Shah,1,1,0,run,0,,,26/1
1379597,2,5,2,S Aravind,Akash Sumra,Rahil S Shah,0,0,0,no run,0,,,26/1
1379597,2,5,3,S Aravind,Akash Sumra,Rahil S Shah,0,0,0,no run,0,,,26/1
1379597,2,5,4,S Aravind,Akash Sumra,Rahil S Shah,0,0,0,no run,0,,,26/1
1379597,2,5,5,S Aravind,Akash Sumra,Rahil S Shah,6,6,0,six,0,,,32/1
1379597,2,5,6,S Aravind,Akash Sumra,Rahil S Shah,1,1,0,run,0,,,33/1
1379597,2,6,1,S Aravind,Akash Sumra,Baba Aparajith,1,1,0,run,0,,,34/1
1379597,2,6,2,Akash Sumra,S Aravind,Baba Aparajith,1,1,0,run,0,,,35/1
1379597,2,6,3,S Aravind,Akash Sumra,Baba Aparajith,0,0,0,out,1,caught,S Aravind,35/2
1379597,2,6,4,RS Mokit Hariharan,Akash Sumra,Baba Aparajith,0,0,0,no run,0,,,35/2
1379597,2,6,5,RS Mokit Hariharan,Akash Sumra,Baba Aparajith,1,0,1,wide,0,,,36/2
1379597,2,6,6,RS Mokit Hariharan,Akash Sumra,Baba Aparajith,1,1,0,run,0,,,37/2
1379597,2,6,7,Akash Sumra,RS Mokit Hariharan,Baba Aparajith,1,1,0,run,0,,,38/2
1379597,2,7,1,Akash Sumra,RS Mokit Hariharan,M Silambarasan,1,1,0,run,0,,,39/2
1379597,2,7,2,RS Mokit Hariharan,Akash Sumra,M Silambarasan,4,4,0,four,0,,,43/2
1379597,2,7,3,RS Mokit Hariharan,Akash Sumra,M Silambarasan,1,1,0,run,0,,,44/2
1379597,2,7,4,Akash Sumra,RS Mokit Hariharan,M Silambarasan,0,0,0,no run,0,,,44/2
1379597,2,7,5,Akash Sumra,RS Mokit Hariharan,M Silambarasan,0,0,0,no run,0,,,44/2
1379597,2,7,6,Akash Sumra,RS Mokit Hariharan,M Silambarasan,1,1,0,run,0,,,45/2
1379597,2,8,1,Akash Sumra,RS Mokit Hariharan,Baba Aparajith,0,0,0,no run,0,,,45/2
1379597,2,8,2,Akash Sumra,RS Mokit Hariharan,Baba Aparajith,2,2,0,run,0,,,47/2
1379597,2,8,3,Akash Sumra,RS Mokit Hariharan,Baba Aparajith,1,1,0,run,0,,,48/2
1379597,2,8,4,RS Mokit Hariharan,Akash Sumra,Baba Aparajith,1,1,0,run,0,,,49/2
1379597,2,8,5,Akash Sumra,RS Mokit Hariharan,Baba Aparajith,1,1,0,run,0,,,50/2
1379597,2,8,6,RS Mokit Hariharan,Akash Sumra,Baba Aparajith,0,0,0,no run,0,,,50/2
1379597,2,9,1,Akash Sumra,RS Mokit Hariharan,M Silambarasan,4,4,0,four,0,,,54/2
1379597,2,9,2,Akash Sumra,RS Mokit Hariharan,M Silambarasan,0,0,0,no run,0,,,54/2
1379597,2,9,3,Akash Sumra,RS Mokit Hariharan,M Silambarasan,0,0,0,no run,0,,,54/2
1379597,2,9,4,Akash Sumra,RS Mokit Hariharan,M Silambarasan,0,0,0,no run,0,,,54/2
1379597,2,9,5,Akash Sumra,RS Mokit Hariharan,M Silambarasan,1,1,0,run,0,,,55/2
1379597,2,9,6,RS Mokit Hariharan,Akash Sumra,M Silambarasan,1,1,0,run,0,,,56/2
1379597,2,10,1,RS Mokit Hariharan,Akash Sumra,Baba Aparajith,4,4,0,four,0,,,60/2
1379597,2,10,2,RS Mokit Hariharan,Akash Sumra,Baba Aparajith,1,1,0,run,0,,,61/2
1379597,2,10,3,Akash Sumra,RS Mokit Hariharan,Baba Aparajith,0,0,0,out,1,caught,Akash Sumra,61/3
1379597,2,10,4,Kaushik Mohan Gandhi,RS Mokit Hariharan,Baba Aparajith,1,1,0,run,0,,,62/3
1379597,2,10,5,RS Mokit Hariharan,Kaushik Mohan Gandhi,Baba Aparajith,1,0,1,bye,0,,,63/3
1379597,2,10,6,Kaushik Mohan Gandhi,RS Mokit Hariharan,Baba Aparajith,1,1,0,run,0,,,64/3
1379597,2,11,1,Kaushik Mohan Gandhi,RS Mokit Hariharan,Rocky Bhasker,1,1,0,run,0,,,65/3
1379597,2,11,2,RS Mokit Hariharan,Kaushik Mohan Gandhi,Rocky Bhasker,1,1,0,run,0,,,66/3
1379597,2,11,3,Kaushik Mohan Gandhi,RS Mokit Hariharan,Rocky Bhasker,4,4,0,four,0,,,70/3
1379597,2,11,4,Kaushik Mohan Gandhi,RS Mokit Hariharan,Rocky Bhasker,4,4,0,four,0,,,74/3
1379597,2,11,5,Kaushik Mohan Gandhi,RS Mokit Hariharan,Rocky Bhasker,1,1,0,run,0,,,75/3
1379597,2,11,6,RS Mokit Hariharan,Kaushik Mohan Gandhi,Rocky Bhasker,0,0,0,out,1,caught,RS Mokit Hariharan,75/4
1379597,2,12,1,Kaushik Mohan Gandhi,Maan K Bafna,Baba Aparajith,1,1,0,run,0,,,76/4
1379597,2,12,2,Maan K Bafna,Kaushik Mohan Gandhi,Baba Aparajith,1,1,0,run,0,,,77/4
1379597,2,12,3,Kaushik Mohan Gandhi,Maan K Bafna,Baba Aparajith,1,1,0,run,0,,,78/4
1379597,2,12,4,Maan K Bafna,Kaushik Mohan Gandhi,Baba Aparajith,1,1,0,run,0,,,79/4
1379597,2,12,5,Kaushik Mohan Gandhi,Maan K Bafna,Baba Aparajith,1,1,0,run,0,,,80/4
1379597,2,12,6,Maan K Bafna,Kaushik Mohan Gandhi,Baba Aparajith,6,6,0,six,0,,,86/4
1379597,2,13,1,Kaushik Mohan Gandhi,Maan K Bafna,Rocky Bhasker,0,0,0,no run,0,,,86/4
1379597,2,13,2,Kaushik Mohan Gandhi,Maan K Bafna,Rocky Bhasker,1,1,0,run,0,,,87/4
1379597,2,13,3,Maan K Bafna,Kaushik Mohan Gandhi,Rocky Bhasker,0,0,0,no run,0,,,87/4
1379597,2,13,4,Maan K Bafna,Kaushik Mohan Gandhi,Rocky Bhasker,0,0,0,out,1,caught,Maan K Bafna,87/5
1379597,2,13,5,S Abishiek,Kaushik Mohan Gandhi,Rocky Bhasker,1,1,0,run,0,,,88/5
1379597,2,13,6,Kaushik Mohan Gandhi,S Abishiek,Rocky Bhasker,0,0,0,no run,0,,,88/5
1379597,2,14,1,S Abishiek,Kaushik Mohan Gandhi,Rahil S Shah,1,1,0,run,0,,,89/5
1379597,2,14,2,Kaushik Mohan Gandhi,S Abishiek,Rahil S Shah,1,1,0,run,0,,,90/5
1379597,2,14,3,S Abishiek,Kaushik Mohan Gandhi,Rahil S Shah,1,1,0,run,0,,,91/5
1379597,2,14,4,Kaushik Mohan Gandhi,S Abishiek,Rahil S Shah,1,1,0,run,0,,,92/5
1379597,2,14,5,S Abishiek,Kaushik Mohan Gandhi,Rahil S Shah,0,0,0,out,1,caught,S Abishiek,92/6
1379597,2,14,6,Sunny Sandhu,Kaushik Mohan Gandhi,Rahil S Shah,0,0,0,no run,0,,,92/6
1379597,2,15,1,Kaushik Mohan Gandhi,Sunny Sandhu,M Silambarasan,1,1,0,run,0,,,93/6
1379597,2,15,2,Sunny Sandhu,Kaushik Mohan Gandhi,M Silambarasan,1,1,0,run,0,,,94/6
1379597,2,15,3,Kaushik Mohan Gandhi,Sunny Sandhu,M Silambarasan,1,1,0,run,0,,,95/6
1379597,2,15,4,Sunny Sandhu,Kaushik Mohan Gandhi,M Silambarasan,0,0,0,no run,0,,,95/6
1379597,2,15,5,Sunny Sandhu,Kaushik Mohan Gandhi,M Silambarasan,0,0,0,no run,0,,,95/6
1379597,2,15,6,Sunny Sandhu,Kaushik Mohan Gandhi,M Silambarasan,1,1,0,run,0,,,96/6
1379597,2,16,1,Sunny Sandhu,Kaushik Mohan Gandhi,Rahil S Shah,1,1,0,run,0,,,97/6
1379597,2,16,2,Kaushik Mohan Gandhi,Sunny Sandhu,Rahil S Shah,0,0,0,no run,0,,,97/6
1379597,2,16,3,Kaushik Mohan Gandhi,Sunny Sandhu,Rahil S Shah,1,1,0,run,0,,,98/6
1379597,2,16,4,Sunny Sandhu,Kaushik Mohan Gandhi,Rahil S Shah,0,0,0,no run,0,,,98/6
1379597,2,16,5,Sunny Sandhu,Kaushik Mohan Gandhi,Rahil S Shah,4,4,0,four,0,,,102/6
1379597,2,16,6,Sunny Sandhu,Kaushik Mohan Gandhi,Rahil S Shah,4,4,0,four,0,,,106/6
1379597,2,17,1,Kaushik Mohan Gandhi,Sunny Sandhu,M Silambarasan,2,2,0,run,0,,,108/6
1379597,2,17,2,Kaushik Mohan Gandhi,Sunny Sandhu,M Silambarasan,0,0,0,out,1,caught,Kaushik Mohan Gandhi,108/7
1379597,2,17,3,Muhammed Adnan Khan,Sunny Sandhu,M Silambarasan,6,6,0,six,0,,,114/7
1379597,2,17,4,Muhammed Adnan Khan,Sunny Sandhu,M Silambarasan,0,0,0,no run,0,,,114/7
1379597,2,17,5,Muhammed Adnan Khan,Sunny Sandhu,M Silambarasan,1,1,0,run,0,,,115/7
1379597,2,17,6,Sunny Sandhu,Muhammed Adnan Khan,M Silambarasan,4,4,0,four,0,,,119/7
1379597,2,18,1,Muhammed Adnan Khan,Sunny Sandhu,M Viju Arul,4,4,0,four,0,,,123/7
1379597,2,18,2,Muhammed Adnan Khan,Sunny Sandhu,M Viju Arul,0,0,0,no run,0,,,123/7
1379597,2,18,3,Muhammed Adnan Khan,Sunny Sandhu,M Viju Arul,2,2,0,run,0,,,125/7
1379597,2,18,4,Muhammed Adnan Khan,Sunny Sandhu,M Viju Arul,1,1,0,run,0,,,126/7
1379597,2,18,5,Sunny Sandhu,Muhammed Adnan Khan,M Viju Arul,1,1,0,run,0,,,127/7
1379597,2,18,6,Muhammed Adnan Khan,Sunny Sandhu,M Viju Arul,0,0,0,no run,0,,,127/7
1379597,2,19,1,Sunny Sandhu,Muhammed Adnan Khan,Ramalingam Rohit,1,1,0,run,0,,,128/7
1379597,2,19,2,Muhammed Adnan Khan,Sunny Sandhu,Ramalingam Rohit,2,2,0,run,0,,,130/7
1379597,2,19,3,Muhammed Adnan Khan,Sunny Sandhu,Ramalingam Rohit,6,6,0,six,0,,,136/7
1379597,2,19,4,Muhammed Adnan Khan,Sunny Sandhu,Ramalingam Rohit,6,6,0,six,0,,,142/7
1379597,2,19,5,Muhammed Adnan Khan,Sunny Sandhu,Ramalingam Rohit,6,6,0,six,0,,,148/7
1379597,2,19,6,Muhammed Adnan Khan,Sunny Sandhu,Ramalingam Rohit,1,0,1,wide,0,,,149/7
1379597,2,19,7,Muhammed Adnan Khan,Sunny Sandhu,Ramalingam Rohit,6,6,0,six,0,,,155/7
1379597,2,20,1,Sunny Sandhu,Muhammed Adnan Khan,M Viju Arul,2,2,0,run,0,,,157/7
1379597,2,20,2,Sunny Sandhu,Muhammed Adnan Khan,M Viju Arul,0,0,0,out,1,caught,Sunny Sandhu,157/8
1379597,2,20,3,Abhishek Baljeetsingh Tanwar,Muhammed Adnan Khan,M Viju Arul,1,1,0,run,0,,,158/8
1379597,2,20,4,Muhammed Adnan Khan,Abhishek Baljeetsingh Tanwar,M Viju Arul,6,6,0,six,0,,,164/8
1379597,2,20,5,Muhammed Adnan Khan,Abhishek Baljeetsingh Tanwar,M Viju Arul,1,1,0,run,0,,,165/8
1379597,2,20,6,Abhishek Baljeetsingh Tanwar,Muhammed Adnan Khan,M Viju Arul,0,0,0,out,1,caught,Abhishek Baljeetsingh Tanwar,165/9
1379598,1,1,1,S Karthik,Chezhian Nishaanth,Sankarankutty Sandeep Warrier,0,0,0,no run,0,,,0/0
1379598,1,1,2,S Karthik,Chezhian Nishaanth,Sankarankutty Sandeep Warrier,1,1,0,run,0,,,1/0
1379598,1,1,3,Chezhian Nishaanth,S Karthik,Sankarankutty Sandeep Warrier,0,0,0,no run,0,,,1/0
1379598,1,1,4,Chezhian Nishaanth,S Karthik,Sankarankutty Sandeep Warrier,0,0,0,no run,0,,,1/0
1379598,1,1,5,Chezhian Nishaanth,S Karthik,Sankarankutty Sandeep Warrier,0,0,0,no run,0,,,1/0
1379598,1,1,6,Chezhian Nishaanth,S Karthik,Sankarankutty Sandeep Warrier,1,1,0,run,0,,,2/0
1379598,1,2,1,Chezhian Nishaanth,S Karthik,Ramsingh Sonu Yadav,1,1,0,run,0,,,3/0
1379598,1,2,2,S Karthik,Chezhian Nishaanth,Ramsingh Sonu Yadav,0,0,0,out,1,caught,S Karthik,3/1
1379598,1,2,3,K Deeban Lingesh,Chezhian Nishaanth,Ramsingh Sonu Yadav,0,0,0,no run,0,,,3/1
1379598,1,2,4,K Deeban Lingesh,Chezhian Nishaanth,Ramsingh Sonu Yadav,0,0,0,no run,0,,,3/1
1379598,1,2,5,K Deeban Lingesh,Chezhian Nishaanth,Ramsingh Sonu Yadav,0,0,0,no run,0,,,3/1
1379598,1,2,6,K Deeban Lingesh,Chezhian Nishaanth,Ramsingh Sonu Yadav,0,0,0,no run,0,,,3/1
1379598,1,3,1,Chezhian Nishaanth,K Deeban Lingesh,Sankarankutty Sandeep Warrier,0,0,0,no run,0,,,3/1
1379598,1,3,2,Chezhian Nishaanth,K Deeban Lingesh,Sankarankutty Sandeep Warrier,1,1,0,run,0,,,4/1
1379598,1,3,3,K Deeban Lingesh,Chezhian Nishaanth,Sankarankutty Sandeep Warrier,1,1,0,run,0,,,5/1
1379598,1,3,4,Chezhian Nishaanth,K Deeban Lingesh,Sankarankutty Sandeep Warrier,1,1,0,run,0,,,6/1
1379598,1,3,5,K Deeban Lingesh,Chezhian Nishaanth,Sankarankutty Sandeep Warrier,0,0,0,no run,0,,,6/1
1379598,1,3,6,K Deeban Lingesh,Chezhian Nishaanth,Sankarankutty Sandeep Warrier,0,0,0,no run,0,,,6/1
1379598,1,4,1,Chezhian Nishaanth,K Deeban Lingesh,Ramsingh Sonu Yadav,4,4,0,four,0,,,10/1
1379598,1,4,2,Chezhian Nishaanth,K Deeban Lingesh,Ramsingh Sonu Yadav,2,2,0,run,0,,,12/1
1379598,1,4,3,Chezhian Nishaanth,K Deeban Lingesh,Ramsingh Sonu Yadav,0,0,0,no run,0,,,12/1
1379598,1,4,4,Chezhian Nishaanth,K Deeban Lingesh,Ramsingh Sonu Yadav,4,4,0,four,0,,,16/1
1379598,1,4,5,Chezhian Nishaanth,K Deeban Lingesh,Ramsingh Sonu Yadav,1,1,0,run,0,,,17/1
1379598,1,4,6,K Deeban Lingesh,Chezhian Nishaanth,Ramsingh Sonu Yadav,4,4,0,four,0,,,21/1
1379598,1,5,1,Chezhian Nishaanth,K Deeban Lingesh,S Lakshay Jain,1,1,0,run,0,,,22/1
1379598,1,5,2,K Deeban Lingesh,Chezhian Nishaanth,S Lakshay Jain,1,1,0,run,0,,,23/1
1379598,1,5,3,Chezhian Nishaanth,K Deeban Lingesh,S Lakshay Jain,1,1,0,run,0,,,24/1
1379598,1,5,4,K Deeban Lingesh,Chezhian Nishaanth,S Lakshay Jain,0,0,0,no run,0,,,24/1
1379598,1,5,5,K Deeban Lingesh,Chezhian Nishaanth,S Lakshay Jain,0,0,0,out,1,caught,K Deeban Lingesh,24/2
1379598,1,5,6,Washington Sundar,Chezhian Nishaanth,S Lakshay Jain,0,0,0,no run,0,,,24/2
1379598,1,6,1,Chezhian Nishaanth,Washington Sundar,M Poiyamozhi,0,0,0,no run,0,,,24/2
1379598,1,6,2,Chezhian Nishaanth,Washington Sundar,M Poiyamozhi,0,0,0,no run,0,,,24/2
1379598,1,6,3,Chezhian Nishaanth,Washington Sundar,M Poiyamozhi,1,1,0,run,0,,,25/2
1379598,1,6,4,Washington Sundar,Chezhian Nishaanth,M Poiyamozhi,1,0,1,wide,0,,,26/2
1379598,1,6,5,Washington Sundar,Chezhian Nishaanth,M Poiyamozhi,1,1,0,run,0,,,27/2
1379598,1,6,6,Chezhian Nishaanth,Washington Sundar,M Poiyamozhi,1,1,0,run,0,,,28/2
1379598,1,6,7,Washington Sundar,Chezhian Nishaanth,M Poiyamozhi,0,0,0,no run,0,,,28/2
1379598,1,7,1,Chezhian Nishaanth,Washington Sundar,S Lakshay Jain,0,0,0,no run,0,,,28/2
1379598,1,7,2,Chezhian Nishaanth,Washington Sundar,S Lakshay Jain,1,1,0,run,0,,,29/2
1379598,1,7,3,Washington Sundar,Chezhian Nishaanth,S Lakshay Jain,1,1,0,run,0,,,30/2
1379598,1,7,4,Chezhian Nishaanth,Washington Sundar,S Lakshay Jain,1,1,0,run,0,,,31/2
1379598,1,7,5,Washington Sundar,Chezhian Nishaanth,S Lakshay Jain,1,1,0,run,0,,,32/2
1379598,1,7,6,Chezhian Nishaanth,Washington Sundar,S Lakshay Jain,4,4,0,four,0,,,36/2
1379598,1,8,1,Washington Sundar,Chezhian Nishaanth,M Poiyamozhi,0,0,0,no run,0,,,36/2
1379598,1,8,2,Washington Sundar,Chezhian Nishaanth,M Poiyamozhi,1,1,0,run,0,,,37/2
1379598,1,8,3,Chezhian Nishaanth,Washington Sundar,M Poiyamozhi,1,1,0,run,0,,,38/2
1379598,1,8,4,Washington Sundar,Chezhian Nishaanth,M Poiyamozhi,1,1,0,run,0,,,39/2
1379598,1,8,5,Chezhian Nishaanth,Washington Sundar,M Poiyamozhi,4,4,0,four,0,,,43/2
1379598,1,8,6,Chezhian Nishaanth,Washington Sundar,M Poiyamozhi,1,1,0,run,0,,,44/2
1379598,1,9,1,Chezhian Nishaanth,Washington Sundar,S Lakshay Jain,1,1,0,run,0,,,45/2
1379598,1,9,2,Washington Sundar,Chezhian Nishaanth,S Lakshay Jain,1,1,0,run,0,,,46/2
1379598,1,9,3,Chezhian Nishaanth,Washington Sundar,S Lakshay Jain,0,0,0,no run,0,,,46/2
1379598,1,9,4,Chezhian Nishaanth,Washington Sundar,S Lakshay Jain,1,1,0,run,0,,,47/2
1379598,1,9,5,Washington Sundar,Chezhian Nishaanth,S Lakshay Jain,1,1,0,run,0,,,48/2
1379598,1,9,6,Chezhian Nishaanth,Washington Sundar,S Lakshay Jain,2,2,0,run,0,,,50/2
1379598,1,10,1,Washington Sundar,Chezhian Nishaanth,SJ Arun Kumar,0,0,0,no run,0,,,50/2
1379598,1,10,2,Washington Sundar,Chezhian Nishaanth,SJ Arun Kumar,4,4,0,four,0,,,54/2
1379598,1,10,3,Washington Sundar,Chezhian Nishaanth,SJ Arun Kumar,4,4,0,four,0,,,58/2
1379598,1,10,4,Washington Sundar,Chezhian Nishaanth,SJ Arun Kumar,1,1,0,run,0,,,59/2
1379598,1,10,5,Chezhian Nishaanth,Washington Sundar,SJ Arun Kumar,0,0,0,no run,0,,,59/2
1379598,1,10,6,Chezhian Nishaanth,Washington Sundar,SJ Arun Kumar,1,1,0,run,0,,,60/2
1379598,1,11,1,Chezhian Nishaanth,Washington Sundar,S Lakshay Jain,0,0,0,no run,0,,,60/2
1379598,1,11,2,Chezhian Nishaanth,Washington Sundar,S Lakshay Jain,6,6,0,six,0,,,66/2
1379598,1,11,3,Chezhian Nishaanth,Washington Sundar,S Lakshay Jain,0,0,0,no run,0,,,66/2
1379598,1,11,4,Chezhian Nishaanth,Washington Sundar,S Lakshay Jain,1,1,0,run,0,,,67/2
1379598,1,11,5,Washington Sundar,Chezhian Nishaanth,S Lakshay Jain,2,2,0,run,0,,,69/2
1379598,1,11,6,Washington Sundar,Chezhian Nishaanth,S Lakshay Jain,2,1,1,run,0,,,71/2
1379598,1,11,7,Chezhian Nishaanth,Washington Sundar,S Lakshay Jain,1,1,0,run,0,,,72/2
1379598,1,12,1,Chezhian Nishaanth,Washington Sundar,S Mohan Prasath,0,0,0,no run,0,,,72/2
1379598,1,12,2,Chezhian Nishaanth,Washington Sundar,S Mohan Prasath,1,1,0,run,0,,,73/2
1379598,1,12,3,Washington Sundar,Chezhian Nishaanth,S Mohan Prasath,0,0,0,out,1,caught,Washington Sundar,73/3
1379598,1,12,4,Jagatheesan Kousik,Chezhian Nishaanth,S Mohan Prasath,1,1,0,run,0,,,74/3
1379598,1,12,5,Chezhian Nishaanth,Jagatheesan Kousik,S Mohan Prasath,1,1,0,run,0,,,75/3
1379598,1,12,6,Jagatheesan Kousik,Chezhian Nishaanth,S Mohan Prasath,0,0,0,no run,0,,,75/3
1379598,1,13,1,Chezhian Nishaanth,Jagatheesan Kousik,VS Karthick Manikandan,1,1,0,run,0,,,76/3
1379598,1,13,2,Jagatheesan Kousik,Chezhian Nishaanth,VS Karthick Manikandan,1,1,0,run,0,,,77/3
1379598,1,13,3,Chezhian Nishaanth,Jagatheesan Kousik,VS Karthick Manikandan,6,6,0,six,0,,,83/3
1379598,1,13,4,Chezhian Nishaanth,Jagatheesan Kousik,VS Karthick Manikandan,1,0,1,wide,0,,,84/3
1379598,1,13,5,Chezhian Nishaanth,Jagatheesan Kousik,VS Karthick Manikandan,1,1,0,run,0,,,85/3
1379598,1,13,6,Jagatheesan Kousik,Chezhian Nishaanth,VS Karthick Manikandan,0,0,0,no run,0,,,85/3
1379598,1,13,7,Jagatheesan Kousik,Chezhian Nishaanth,VS Karthick Manikandan,1,1,0,run,0,,,86/3
1379598,1,14,1,Jagatheesan Kousik,Chezhian Nishaanth,S Mohan Prasath,1,1,0,run,0,,,87/3
1379598,1,14,2,Chezhian Nishaanth,Jagatheesan Kousik,S Mohan Prasath,1,1,0,run,0,,,88/3
1379598,1,14,3,Jagatheesan Kousik,Chezhian Nishaanth,S Mohan Prasath,1,1,0,run,0,,,89/3
1379598,1,14,4,Chezhian Nishaanth,Jagatheesan Kousik,S Mohan Prasath,1,1,0,run,0,,,90/3
1379598,1,14,5,Jagatheesan Kousik,Chezhian Nishaanth,S Mohan Prasath,2,2,0,run,0,,,92/3
1379598,1,14,6,Jagatheesan Kousik,Chezhian Nishaanth,S Mohan Prasath,0,0,0,no run,0,,,92/3
1379598,1,15,1,Chezhian Nishaanth,Jagatheesan Kousik,M Poiyamozhi,1,1,0,run,0,,,93/3
1379598,1,15,2,Jagatheesan Kousik,Chezhian Nishaanth,M Poiyamozhi,1,1,0,run,0,,,94/3
1379598,1,15,3,Chezhian Nishaanth,Jagatheesan Kousik,M Poiyamozhi,1,1,0,run,0,,,95/3
1379598,1,15,4,Jagatheesan Kousik,Chezhian Nishaanth,M Poiyamozhi,1,1,0,run,0,,,96/3
1379598,1,15,5,Chezhian Nishaanth,Jagatheesan Kousik,M Poiyamozhi,0,0,0,no run,0,,,96/3
1379598,1,15,6,Chezhian Nishaanth,Jagatheesan Kousik,M Poiyamozhi,0,0,0,no run,0,,,96/3
1379598,1,16,1,Jagatheesan Kousik,Chezhian Nishaanth,S Mohan Prasath,0,0,0,no run,0,,,96/3
1379598,1,16,2,Jagatheesan Kousik,Chezhian Nishaanth,S Mohan Prasath,1,1,0,run,0,,,97/3
1379598,1,16,3,Chezhian Nishaanth,Jagatheesan Kousik,S Mohan Prasath,6,6,0,six,0,,,103/3
1379598,1,16,4,Chezhian Nishaanth,Jagatheesan Kousik,S Mohan Prasath,0,0,0,out,1,caught,Chezhian Nishaanth,103/4
1379598,1,16,5,Swapnil Singh,Jagatheesan Kousik,S Mohan Prasath,0,0,0,no run,0,,,103/4
1379598,1,16,6,Swapnil Singh,Jagatheesan Kousik,S Mohan Prasath,1,1,0,run,0,,,104/4
1379598,1,17,1,Swapnil Singh,Jagatheesan Kousik,Ramsingh Sonu Yadav,1,1,0,run,0,,,105/4
1379598,1,17,2,Jagatheesan Kousik,Swapnil Singh,Ramsingh Sonu Yadav,1,1,0,run,0,,,106/4
1379598,1,17,3,Swapnil Singh,Jagatheesan Kousik,Ramsingh Sonu Yadav,0,0,0,no run,0,,,106/4
1379598,1,17,4,Swapnil Singh,Jagatheesan Kousik,Ramsingh Sonu Yadav,1,1,0,run,0,,,107/4
1379598,1,17,5,Jagatheesan Kousik,Swapnil Singh,Ramsingh Sonu Yadav,1,1,0,run,0,,,108/4
1379598,1,17,6,Swapnil Singh,Jagatheesan Kousik,Ramsingh Sonu Yadav,4,4,0,four,0,,,112/4
1379598,1,18,1,Jagatheesan Kousik,Swapnil Singh,S Mohan Prasath,0,0,0,out,1,caught,Jagatheesan Kousik,112/5
1379598,1,18,2,D Sudhan,Swapnil Singh,S Mohan Prasath,1,1,0,run,0,,,113/5
1379598,1,18,3,Swapnil Singh,D Sudhan,S Mohan Prasath,1,1,0,run,0,,,114/5
1379598,1,18,4,D Sudhan,Swapnil Singh,S Mohan Prasath,0,0,0,no run,0,,,114/5
1379598,1,18,5,D Sudhan,Swapnil Singh,S Mohan Prasath,1,1,0,run,0,,,115/5
1379598,1,18,6,Swapnil Singh,D Sudhan,S Mohan Prasath,6,6,0,six,0,,,121/5
1379598,1,19,1,D Sudhan,Swapnil Singh,Ramsingh Sonu Yadav,1,1,0,run,0,,,122/5
1379598,1,19,2,Swapnil Singh,D Sudhan,Ramsingh Sonu Yadav,1,0,1,leg bye,0,,,123/5
1379598,1,19,3,D Sudhan,Swapnil Singh,Ramsingh Sonu Yadav,0,0,0,no run,0,,,123/5
1379598,1,19,4,D Sudhan,Swapnil Singh,Ramsingh Sonu Yadav,0,0,0,no run,0,,,123/5
1379598,1,19,5,D Sudhan,Swapnil Singh,Ramsingh Sonu Yadav,1,1,0,run,0,,,124/5
1379598,1,19,6,Swapnil Singh,D Sudhan,Ramsingh Sonu Yadav,0,0,0,out,1,caught,Swapnil Singh,124/6
1379598,1,20,1,D Sudhan,Murugan Ashwin,M Poiyamozhi,1,0,1,leg bye,0,,,125/6
1379598,1,20,2,Murugan Ashwin,D Sudhan,M Poiyamozhi,0,0,0,no run,0,,,125/6
1379598,1,20,3,Murugan Ashwin,D Sudhan,M Poiyamozhi,0,0,0,no run,0,,,125/6
1379598,1,20,4,Murugan Ashwin,D Sudhan,M Poiyamozhi,0,0,0,out,1,caught,Murugan Ashwin,125/7
1379598,1,20,5,Dev Rahul,D Sudhan,M Poiyamozhi,0,0,0,out,1,bowled,Dev Rahul,125/8
1379598,1,20,6,Gurjapneet Singh,D Sudhan,M Poiyamozhi,1,1,0,run,0,,,126/8
1379598,2,1,1,R Sri Neranjan,Konda Bhaskir Arun Karthik,Washington Sundar,0,0,0,no run,0,,,0/0
1379598,2,1,2,R Sri Neranjan,Konda Bhaskir Arun Karthik,Washington Sundar,0,0,0,no run,0,,,0/0
1379598,2,1,3,R Sri Neranjan,Konda Bhaskir Arun Karthik,Washington Sundar,0,0,0,no run,0,,,0/0
1379598,2,1,4,R Sri Neranjan,Konda Bhaskir Arun Karthik,Washington Sundar,1,1,0,run,0,,,1/0
1379598,2,1,5,Konda Bhaskir Arun Karthik,R Sri Neranjan,Washington Sundar,6,6,0,six,0,,,7/0
1379598,2,1,6,Konda Bhaskir Arun Karthik,R Sri Neranjan,Washington Sundar,4,4,0,four,0,,,11/0
1379598,2,2,1,R Sri Neranjan,Konda Bhaskir Arun Karthik,Gurjapneet Singh,0,0,0,no run,0,,,11/0
1379598,2,2,2,R Sri Neranjan,Konda Bhaskir Arun Karthik,Gurjapneet Singh,0,0,0,no run,0,,,11/0
1379598,2,2,3,R Sri Neranjan,Konda Bhaskir Arun Karthik,Gurjapneet Singh,0,0,0,no run,0,,,11/0
1379598,2,2,4,R Sri Neranjan,Konda Bhaskir Arun Karthik,Gurjapneet Singh,0,0,0,no run,0,,,11/0
1379598,2,2,5,R Sri Neranjan,Konda Bhaskir Arun Karthik,Gurjapneet Singh,6,6,0,six,0,,,17/0
1379598,2,2,6,R Sri Neranjan,Konda Bhaskir Arun Karthik,Gurjapneet Singh,1,1,0,run,0,,,18/0
1379598,2,3,1,R Sri Neranjan,Konda Bhaskir Arun Karthik,Balu Surya,1,1,0,run,0,,,19/0
1379598,2,3,2,Konda Bhaskir Arun Karthik,R Sri Neranjan,Balu Surya,4,4,0,four,0,,,23/0
1379598,2,3,3,Konda Bhaskir Arun Karthik,R Sri Neranjan,Balu Surya,1,1,0,run,0,,,24/0
1379598,2,3,4,R Sri Neranjan,Konda Bhaskir Arun Karthik,Balu Surya,0,0,0,no run,0,,,24/0
1379598,2,3,5,R Sri Neranjan,Konda Bhaskir Arun Karthik,Balu Surya,6,6,0,six,0,,,30/0
1379598,2,3,6,R Sri Neranjan,Konda Bhaskir Arun Karthik,Balu Surya,0,0,0,no run,0,,,30/0
1379598,2,4,1,Konda Bhaskir Arun Karthik,R Sri Neranjan,Gurjapneet Singh,0,0,0,out,1,run out,R Sri Neranjan,30/1
1379598,2,4,2,Konda Bhaskir Arun Karthik,Nidhish S Rajagopal,Gurjapneet Singh,6,6,0,six,0,,,36/1
1379598,2,4,3,Konda Bhaskir Arun Karthik,Nidhish S Rajagopal,Gurjapneet Singh,4,4,0,four,0,,,40/1
1379598,2,4,4,Konda Bhaskir Arun Karthik,Nidhish S Rajagopal,Gurjapneet Singh,1,1,0,run,0,,,41/1
1379598,2,4,5,Nidhish S Rajagopal,Konda Bhaskir Arun Karthik,Gurjapneet Singh,1,1,0,run,0,,,42/1
1379598,2,4,6,Konda Bhaskir Arun Karthik,Nidhish S Rajagopal,Gurjapneet Singh,1,1,0,run,0,,,43/1
1379598,2,5,1,Konda Bhaskir Arun Karthik,Nidhish S Rajagopal,Dev Rahul,4,4,0,four,0,,,47/1
1379598,2,5,2,Konda Bhaskir Arun Karthik,Nidhish S Rajagopal,Dev Rahul,1,1,0,run,0,,,48/1
1379598,2,5,3,Nidhish S Rajagopal,Konda Bhaskir Arun Karthik,Dev Rahul,1,1,0,run,0,,,49/1
1379598,2,5,4,Konda Bhaskir Arun Karthik,Nidhish S Rajagopal,Dev Rahul,0,0,0,out,1,caught,Konda Bhaskir Arun Karthik,49/2
1379598,2,5,5,SJ Arun Kumar,Nidhish S Rajagopal,Dev Rahul,0,0,0,no run,0,,,49/2
1379598,2,5,6,SJ Arun Kumar,Nidhish S Rajagopal,Dev Rahul,0,0,0,no run,0,,,49/2
1379598,2,6,1,Nidhish S Rajagopal,SJ Arun Kumar,Swapnil Singh,1,1,0,run,0,,,50/2
1379598,2,6,2,SJ Arun Kumar,Nidhish S Rajagopal,Swapnil Singh,0,0,0,no run,0,,,50/2
1379598,2,6,3,SJ Arun Kumar,Nidhish S Rajagopal,Swapnil Singh,1,1,0,run,0,,,51/2
1379598,2,6,4,Nidhish S Rajagopal,SJ Arun Kumar,Swapnil Singh,6,6,0,six,0,,,57/2
1379598,2,6,5,Nidhish S Rajagopal,SJ Arun Kumar,Swapnil Singh,0,0,0,no run,0,,,57/2
1379598,2,6,6,Nidhish S Rajagopal,SJ Arun Kumar,Swapnil Singh,0,0,0,no run,0,,,57/2
1379598,2,7,1,SJ Arun Kumar,Nidhish S Rajagopal,Washington Sundar,1,1,0,run,0,,,58/2
1379598,2,7,2,Nidhish S Rajagopal,SJ Arun Kumar,Washington Sundar,0,0,0,no run,0,,,58/2
1379598,2,7,3,Nidhish S Rajagopal,SJ Arun Kumar,Washington Sundar,1,1,0,run,0,,,59/2
1379598,2,7,4,SJ Arun Kumar,Nidhish S Rajagopal,Washington Sundar,0,0,0,no run,0,,,59/2
1379598,2,7,5,SJ Arun Kumar,Nidhish S Rajagopal,Washington Sundar,4,4,0,four,0,,,63/2
1379598,2,7,6,SJ Arun Kumar,Nidhish S Rajagopal,Washington Sundar,0,0,0,no run,0,,,63/2
1379598,2,8,1,Nidhish S Rajagopal,SJ Arun Kumar,Murugan Ashwin,1,1,0,run,0,,,64/2
1379598,2,8,2,SJ Arun Kumar,Nidhish S Rajagopal,Murugan Ashwin,4,4,0,four,0,,,68/2
1379598,2,8,3,SJ Arun Kumar,Nidhish S Rajagopal,Murugan Ashwin,1,1,0,run,0,,,69/2
1379598,2,8,4,Nidhish S Rajagopal,SJ Arun Kumar,Murugan Ashwin,0,0,0,no run,0,,,69/2
1379598,2,8,5,Nidhish S Rajagopal,SJ Arun Kumar,Murugan Ashwin,6,6,0,six,0,,,75/2
1379598,2,8,6,Nidhish S Rajagopal,SJ Arun Kumar,Murugan Ashwin,1,1,0,run,0,,,76/2
1379598,2,9,1,Nidhish S Rajagopal,SJ Arun Kumar,Balu Surya,1,1,0,run,0,,,77/2
1379598,2,9,2,SJ Arun Kumar,Nidhish S Rajagopal,Balu Surya,0,0,0,out,1,leg before wicket,SJ Arun Kumar,77/3
1379598,2,9,3,Ramsingh Sonu Yadav,Nidhish S Rajagopal,Balu Surya,1,1,0,run,0,,,78/3
1379598,2,9,4,Nidhish S Rajagopal,Ramsingh Sonu Yadav,Balu Surya,1,1,0,run,0,,,79/3
1379598,2,9,5,Ramsingh Sonu Yadav,Nidhish S Rajagopal,Balu Surya,0,0,0,no run,0,,,79/3
1379598,2,9,6,Ramsingh Sonu Yadav,Nidhish S Rajagopal,Balu Surya,1,1,0,run,0,,,80/3
1379598,2,10,1,Ramsingh Sonu Yadav,Nidhish S Rajagopal,Murugan Ashwin,1,1,0,run,0,,,81/3
1379598,2,10,2,Nidhish S Rajagopal,Ramsingh Sonu Yadav,Murugan Ashwin,4,4,0,four,0,,,85/3
1379598,2,10,3,Nidhish S Rajagopal,Ramsingh Sonu Yadav,Murugan Ashwin,6,6,0,six,0,,,91/3
1379598,2,10,4,Nidhish S Rajagopal,Ramsingh Sonu Yadav,Murugan Ashwin,1,1,0,run,0,,,92/3
1379598,2,10,5,Ramsingh Sonu Yadav,Nidhish S Rajagopal,Murugan Ashwin,1,0,1,leg bye,0,,,93/3
1379598,2,10,6,Nidhish S Rajagopal,Ramsingh Sonu Yadav,Murugan Ashwin,1,1,0,run,0,,,94/3
1379598,2,11,1,Nidhish S Rajagopal,Ramsingh Sonu Yadav,Balu Surya,1,1,0,run,0,,,95/3
1379598,2,11,2,Ramsingh Sonu Yadav,Nidhish S Rajagopal,Balu Surya,1,1,0,run,0,,,96/3
1379598,2,11,3,Nidhish S Rajagopal,Ramsingh Sonu Yadav,Balu Surya,1,1,0,run,0,,,97/3
1379598,2,11,4,Ramsingh Sonu Yadav,Nidhish S Rajagopal,Balu Surya,6,6,0,six,0,,,103/3
1379598,2,11,5,Ramsingh Sonu Yadav,Nidhish S Rajagopal,Balu Surya,2,2,0,run,0,,,105/3
1379598,2,11,6,Ramsingh Sonu Yadav,Nidhish S Rajagopal,Balu Surya,1,1,0,run,0,,,106/3
1379598,2,12,1,Ramsingh Sonu Yadav,Nidhish S Rajagopal,V Gowtham,0,0,0,out,1,caught,Ramsingh Sonu Yadav,106/4
1379598,2,12,2,Guruswamy Ajitesh,Nidhish S Rajagopal,V Gowtham,1,1,0,run,0,,,107/4
1379598,2,12,3,Nidhish S Rajagopal,Guruswamy Ajitesh,V Gowtham,0,0,0,no run,0,,,107/4
1379598,2,12,4,Nidhish S Rajagopal,Guruswamy Ajitesh,V Gowtham,1,0,1,wide,0,,,108/4
1379598,2,12,5,Nidhish S Rajagopal,Guruswamy Ajitesh,V Gowtham,1,1,0,run,0,,,109/4
1379598,2,12,6,Guruswamy Ajitesh,Nidhish S Rajagopal,V Gowtham,0,0,0,no run,0,,,109/4
1379598,2,12,7,Guruswamy Ajitesh,Nidhish S Rajagopal,V Gowtham,1,1,0,run,0,,,110/4
1379598,2,13,1,Guruswamy Ajitesh,Nidhish S Rajagopal,Balu Surya,1,1,0,run,0,,,111/4
1379598,2,13,2,Nidhish S Rajagopal,Guruswamy Ajitesh,Balu Surya,0,0,0,no run,0,,,111/4
1379598,2,13,3,Nidhish S Rajagopal,Guruswamy Ajitesh,Balu Surya,1,1,0,run,0,,,112/4
1379598,2,13,4,Guruswamy Ajitesh,Nidhish S Rajagopal,Balu Surya,1,1,0,run,0,,,113/4
1379598,2,13,5,Nidhish S Rajagopal,Guruswamy Ajitesh,Balu Surya,0,0,0,no run,0,,,113/4
1379598,2,13,6,Nidhish S Rajagopal,Guruswamy Ajitesh,Balu Surya,6,6,0,six,0,,,119/4
1379598,2,14,1,Guruswamy Ajitesh,Nidhish S Rajagopal,Gurjapneet Singh,2,2,0,run,0,,,121/4
1379598,2,14,2,Guruswamy Ajitesh,Nidhish S Rajagopal,Gurjapneet Singh,4,4,0,four,0,,,125/4
1379598,2,14,3,Guruswamy Ajitesh,Nidhish S Rajagopal,Gurjapneet Singh,0,0,0,no run,0,,,125/4
1379598,2,14,4,Guruswamy Ajitesh,Nidhish S Rajagopal,Gurjapneet Singh,4,4,0,four,0,,,129/4
1379599,1,1,1,Ganga Sridhar Raju,Jafar Jamal,P Saravana Kumar,1,0,1,wide,0,,,1/0
1379599,1,1,2,Ganga Sridhar Raju,Jafar Jamal,P Saravana Kumar,1,0,1,leg bye,0,,,2/0
1379599,1,1,3,Jafar Jamal,Ganga Sridhar Raju,P Saravana Kumar,4,4,0,four,0,,,6/0
1379599,1,1,4,Jafar Jamal,Ganga Sridhar Raju,P Saravana Kumar,0,0,0,no run,0,,,6/0
1379599,1,1,5,Jafar Jamal,Ganga Sridhar Raju,P Saravana Kumar,0,0,0,out,1,bowled,Jafar Jamal,6/1
1379599,1,1,6,Akshay V Srinivasan,Ganga Sridhar Raju,P Saravana Kumar,0,0,0,no run,0,,,6/1
1379599,1,1,7,Akshay V Srinivasan,Ganga Sridhar Raju,P Saravana Kumar,0,0,0,no run,0,,,6/1
1379599,1,2,1,Ganga Sridhar Raju,Akshay V Srinivasan,S Arun,0,0,0,no run,0,,,6/1
1379599,1,2,2,Ganga Sridhar Raju,Akshay V Srinivasan,S Arun,1,1,0,run,0,,,7/1
1379599,1,2,3,Akshay V Srinivasan,Ganga Sridhar Raju,S Arun,0,0,0,out,1,caught,Akshay V Srinivasan,7/2
1379599,1,2,4,Daryl Sunder Ferrario,Ganga Sridhar Raju,S Arun,0,0,0,no run,0,,,7/2
1379599,1,2,5,Daryl Sunder Ferrario,Ganga Sridhar Raju,S Arun,0,0,0,no run,0,,,7/2
1379599,1,2,6,Daryl Sunder Ferrario,Ganga Sridhar Raju,S Arun,4,4,0,four,0,,,11/2
1379599,1,3,1,Ganga Sridhar Raju,Daryl Sunder Ferrario,P Saravana Kumar,0,0,0,no run,0,,,11/2
1379599,1,3,2,Ganga Sridhar Raju,Daryl Sunder Ferrario,P Saravana Kumar,4,4,0,four,0,,,15/2
1379599,1,3,3,Ganga Sridhar Raju,Daryl Sunder Ferrario,P Saravana Kumar,1,1,0,run,0,,,16/2
1379599,1,3,4,Daryl Sunder Ferrario,Ganga Sridhar Raju,P Saravana Kumar,0,0,0,no run,0,,,16/2
1379599,1,3,5,Daryl Sunder Ferrario,Ganga Sridhar Raju,P Saravana Kumar,1,1,0,run,0,,,17/2
1379599,1,3,6,Ganga Sridhar Raju,Daryl Sunder Ferrario,P Saravana Kumar,4,4,0,four,0,,,21/2
1379599,1,4,1,Daryl Sunder Ferrario,Ganga Sridhar Raju,Ravichandran Ashwin,0,0,0,no run,0,,,21/2
1379599,1,4,2,Daryl Sunder Ferrario,Ganga Sridhar Raju,Ravichandran Ashwin,0,0,0,out,1,leg before wicket,Daryl Sunder Ferrario,21/3
1379599,1,4,3,K Mani Bharathi,Ganga Sridhar Raju,Ravichandran Ashwin,0,0,0,no run,0,,,21/3
1379599,1,4,4,K Mani Bharathi,Ganga Sridhar Raju,Ravichandran Ashwin,0,0,0,no run,0,,,21/3
1379599,1,4,5,K Mani Bharathi,Ganga Sridhar Raju,Ravichandran Ashwin,0,0,0,no run,0,,,21/3
1379599,1,4,6,K Mani Bharathi,Ganga Sridhar Raju,Ravichandran Ashwin,0,0,0,no run,0,,,21/3
1379599,1,5,1,Ganga Sridhar Raju,K Mani Bharathi,M Mathivannan,1,1,0,run,0,,,22/3
1379599,1,5,2,K Mani Bharathi,Ganga Sridhar Raju,M Mathivannan,1,1,0,run,0,,,23/3
1379599,1,5,3,Ganga Sridhar Raju,K Mani Bharathi,M Mathivannan,1,1,0,run,0,,,24/3
1379599,1,5,4,K Mani Bharathi,Ganga Sridhar Raju,M Mathivannan,0,0,0,no run,0,,,24/3
1379599,1,5,5,K Mani Bharathi,Ganga Sridhar Raju,M Mathivannan,0,0,0,no run,0,,,24/3
1379599,1,5,6,K Mani Bharathi,Ganga Sridhar Raju,M Mathivannan,1,1,0,run,0,,,25/3
1379599,1,6,1,K Mani Bharathi,Ganga Sridhar Raju,P Saravana Kumar,0,0,0,no run,0,,,25/3
1379599,1,6,2,K Mani Bharathi,Ganga Sridhar Raju,P Saravana Kumar,0,0,0,out,1,caught,K Mani Bharathi,25/4
1379599,1,6,3,M Shajahan,Ganga Sridhar Raju,P Saravana Kumar,0,0,0,no run,0,,,25/4
1379599,1,6,4,M Shajahan,Ganga Sridhar Raju,P Saravana Kumar,2,2,0,run,0,,,27/4
1379599,1,6,5,M Shajahan,Ganga Sridhar Raju,P Saravana Kumar,1,0,1,leg bye,0,,,28/4
1379599,1,6,6,Ganga Sridhar Raju,M Shajahan,P Saravana Kumar,0,0,0,no run,0,,,28/4
1379599,1,7,1,M Shajahan,Ganga Sridhar Raju,S Arun,4,4,0,four,0,,,32/4
1379599,1,7,2,M Shajahan,Ganga Sridhar Raju,S Arun,1,1,0,run,0,,,33/4
1379599,1,7,3,Ganga Sridhar Raju,M Shajahan,S Arun,1,1,0,run,0,,,34/4
1379599,1,7,4,M Shajahan,Ganga Sridhar Raju,S Arun,0,0,0,no run,0,,,34/4
1379599,1,7,5,M Shajahan,Ganga Sridhar Raju,S Arun,0,0,0,no run,0,,,34/4
1379599,1,7,6,M Shajahan,Ganga Sridhar Raju,S Arun,1,0,1,wide,0,,,35/4
1379599,1,7,7,M Shajahan,Ganga Sridhar Raju,S Arun,1,1,0,run,0,,,36/4
1379599,1,8,1,M Shajahan,Ganga Sridhar Raju,Subodh Bhati,0,0,0,no run,0,,,36/4
1379599,1,8,2,M Shajahan,Ganga Sridhar Raju,Subodh Bhati,1,1,0,run,0,,,37/4
1379599,1,8,3,Ganga Sridhar Raju,M Shajahan,Subodh Bhati,1,1,0,run,0,,,38/4
1379599,1,8,4,M Shajahan,Ganga Sridhar Raju,Subodh Bhati,1,1,0,run,0,,,39/4
1379599,1,8,5,Ganga Sridhar Raju,M Shajahan,Subodh Bhati,1,1,0,run,0,,,40/4
1379599,1,8,6,M Shajahan,Ganga Sridhar Raju,Subodh Bhati,0,0,0,no run,0,,,40/4
1379599,1,9,1,Ganga Sridhar Raju,M Shajahan,Varun Chakravarthy Vinod,4,4,0,four,0,,,44/4
1379599,1,9,2,Ganga Sridhar Raju,M Shajahan,Varun Chakravarthy Vinod,0,0,0,no run,0,,,44/4
1379599,1,9,3,Ganga Sridhar Raju,M Shajahan,Varun Chakravarthy Vinod,1,1,0,run,0,,,45/4
1379599,1,9,4,M Shajahan,Ganga Sridhar Raju,Varun Chakravarthy Vinod,0,0,0,no run,0,,,45/4
1379599,1,9,5,M Shajahan,Ganga Sridhar Raju,Varun Chakravarthy Vinod,1,1,0,run,0,,,46/4
1379599,1,9,6,Ganga Sridhar Raju,M Shajahan,Varun Chakravarthy Vinod,0,0,0,no run,0,,,46/4
1379599,1,10,1,M Shajahan,Ganga Sridhar Raju,Ravichandran Ashwin,1,1,0,run,0,,,47/4
1379599,1,10,2,Ganga Sridhar Raju,M Shajahan,Ravichandran Ashwin,1,1,0,run,0,,,48/4
1379599,1,10,3,M Shajahan,Ganga Sridhar Raju,Ravichandran Ashwin,0,0,0,no run,0,,,48/4
1379599,1,10,4,M Shajahan,Ganga Sridhar Raju,Ravichandran Ashwin,1,1,0,run,0,,,49/4
1379599,1,10,5,Ganga Sridhar Raju,M Shajahan,Ravichandran Ashwin,0,0,0,no run,0,,,49/4
1379599,1,10,6,Ganga Sridhar Raju,M Shajahan,Ravichandran Ashwin,0,0,0,no run,0,,,49/4
1379599,1,11,1,M Shajahan,Ganga Sridhar Raju,Varun Chakravarthy Vinod,0,0,0,out,1,caught,M Shajahan,49/5
1379599,1,11,2,Wenseslaus Antony Dhas,Ganga Sridhar Raju,Varun Chakravarthy Vinod,0,0,0,out,1,leg before wicket,Wenseslaus Antony Dhas,49/6
1379599,1,11,3,R Rajkumar,Ganga Sridhar Raju,Varun Chakravarthy Vinod,1,1,0,run,0,,,50/6
1379599,1,11,4,Ganga Sridhar Raju,R Rajkumar,Varun Chakravarthy Vinod,1,1,0,run,0,,,51/6
1379599,1,11,5,R Rajkumar,Ganga Sridhar Raju,Varun Chakravarthy Vinod,0,0,0,no run,0,,,51/6
1379599,1,11,6,R Rajkumar,Ganga Sridhar Raju,Varun Chakravarthy Vinod,0,0,0,no run,0,,,51/6
1379599,1,12,1,Ganga Sridhar Raju,R Rajkumar,M Mathivannan,6,6,0,six,0,,,57/6
1379599,1,12,2,Ganga Sridhar Raju,R Rajkumar,M Mathivannan,0,0,0,no run,0,,,57/6
1379599,1,12,3,Ganga Sridhar Raju,R Rajkumar,M Mathivannan,4,4,0,four,0,,,61/6
1379599,1,12,4,Ganga Sridhar Raju,R Rajkumar,M Mathivannan,1,1,0,run,0,,,62/6
1379599,1,12,5,R Rajkumar,Ganga Sridhar Raju,M Mathivannan,1,1,0,run,0,,,63/6
1379599,1,12,6,Ganga Sridhar Raju,R Rajkumar,M Mathivannan,1,1,0,run,0,,,64/6
1379599,1,13,1,Ganga Sridhar Raju,R Rajkumar,Ravichandran Ashwin,1,1,0,run,0,,,65/6
1379599,1,13,2,R Rajkumar,Ganga Sridhar Raju,Ravichandran Ashwin,0,0,0,no run,0,,,65/6
1379599,1,13,3,R Rajkumar,Ganga Sridhar Raju,Ravichandran Ashwin,1,1,0,run,0,,,66/6
1379599,1,13,4,Ganga Sridhar Raju,R Rajkumar,Ravichandran Ashwin,2,2,0,run,0,,,68/6
1379599,1,13,5,Ganga Sridhar Raju,R Rajkumar,Ravichandran Ashwin,1,1,0,run,0,,,69/6
1379599,1,13,6,R Rajkumar,Ganga Sridhar Raju,Ravichandran Ashwin,0,0,0,no run,0,,,69/6
1379599,1,14,1,Ganga Sridhar Raju,R Rajkumar,M Mathivannan,1,1,0,run,0,,,70/6
1379599,1,14,2,R Rajkumar,Ganga Sridhar Raju,M Mathivannan,6,6,0,six,0,,,76/6
1379599,1,14,3,R Rajkumar,Ganga Sridhar Raju,M Mathivannan,1,1,0,run,0,,,77/6
1379599,1,14,4,Ganga Sridhar Raju,R Rajkumar,M Mathivannan,6,6,0,six,0,,,83/6
1379599,1,14,5,Ganga Sridhar Raju,R Rajkumar,M Mathivannan,1,1,0,run,0,,,84/6
1379599,1,14,6,R Rajkumar,Ganga Sridhar Raju,M Mathivannan,1,1,0,run,0,,,85/6
1379599,1,15,1,R Rajkumar,Ganga Sridhar Raju,Varun Chakravarthy Vinod,6,6,0,six,0,,,91/6
1379599,1,15,2,R Rajkumar,Ganga Sridhar Raju,Varun Chakravarthy Vinod,2,2,0,run,0,,,93/6
1379599,1,15,3,R Rajkumar,Ganga Sridhar Raju,Varun Chakravarthy Vinod,0,0,0,no run,0,,,93/6
1379599,1,15,4,R Rajkumar,Ganga Sridhar Raju,Varun Chakravarthy Vinod,1,1,0,run,0,,,94/6
1379599,1,15,5,Ganga Sridhar Raju,R Rajkumar,Varun Chakravarthy Vinod,0,0,0,no run,0,,,94/6
1379599,1,15,6,Ganga Sridhar Raju,R Rajkumar,Varun Chakravarthy Vinod,0,0,0,no run,0,,,94/6
1379599,1,16,1,R Rajkumar,Ganga Sridhar Raju,Subodh Bhati,1,1,0,run,0,,,95/6
1379599,1,16,2,Ganga Sridhar Raju,R Rajkumar,Subodh Bhati,0,0,0,no run,0,,,95/6
1379599,1,16,3,Ganga Sridhar Raju,R Rajkumar,Subodh Bhati,0,0,0,no run,0,,,95/6
1379599,1,16,4,Ganga Sridhar Raju,R Rajkumar,Subodh Bhati,0,0,0,no run,0,,,95/6
1379599,1,16,5,Ganga Sridhar Raju,R Rajkumar,Subodh Bhati,0,0,0,no run,0,,,95/6
1379599,1,16,6,Ganga Sridhar Raju,R Rajkumar,Subodh Bhati,1,1,0,run,0,,,96/6
1379599,1,17,1,Ganga Sridhar Raju,R Rajkumar,Ravichandran Ashwin,1,1,0,run,0,,,97/6
1379599,1,17,2,R Rajkumar,Ganga Sridhar Raju,Ravichandran Ashwin,4,4,0,four,0,,,101/6
1379599,1,17,3,R Rajkumar,Ganga Sridhar Raju,Ravichandran Ashwin,6,6,0,six,0,,,107/6
1379599,1,17,4,R Rajkumar,Ganga Sridhar Raju,Ravichandran Ashwin,6,6,0,six,0,,,113/6
1379599,1,17,5,R Rajkumar,Ganga Sridhar Raju,Ravichandran Ashwin,1,1,0,run,0,,,114/6
1379599,1,17,6,Ganga Sridhar Raju,R Rajkumar,Ravichandran Ashwin,0,0,0,out,1,leg before wicket,Ganga Sridhar Raju,114/7
1379599,1,18,1,R Rajkumar,Ramadoss Alexander,Subodh Bhati,0,0,0,no run,0,,,114/7
1379599,1,18,2,R Rajkumar,Ramadoss Alexander,Subodh Bhati,1,1,0,run,0,,,115/7
1379599,1,18,3,Ramadoss Alexander,R Rajkumar,Subodh Bhati,0,0,0,no run,0,,,115/7
1379599,1,18,4,Ramadoss Alexander,R Rajkumar,Subodh Bhati,0,0,0,no run,0,,,115/7
1379599,1,18,5,Ramadoss Alexander,R Rajkumar,Subodh Bhati,1,1,0,run,0,,,116/7
1379599,1,18,6,R Rajkumar,Ramadoss Alexander,Subodh Bhati,0,0,0,out,1,bowled,R Rajkumar,116/8
1379599,1,19,1,Ramadoss Alexander,Ragupathy Silambarasan,Varun Chakravarthy Vinod,1,1,0,run,0,,,117/8
1379599,1,19,2,Ragupathy Silambarasan,Ramadoss Alexander,Varun Chakravarthy Vinod,1,1,0,run,0,,,118/8
1379599,1,19,3,Ramadoss Alexander,Ragupathy Silambarasan,Varun Chakravarthy Vinod,2,2,0,run,0,,,120/8
1379599,1,19,4,Ramadoss Alexander,Ragupathy Silambarasan,Varun Chakravarthy Vinod,0,0,0,out,1,caught,Ramadoss Alexander,120/9
1379599,1,19,5,Thangarasu Natarajan,Ragupathy Silambarasan,Varun Chakravarthy Vinod,0,0,0,no run,0,,,120/9
1379599,1,19,6,Thangarasu Natarajan,Ragupathy Silambarasan,Varun Chakravarthy Vinod,0,0,0,no run,0,,,120/9
1379599,1,20,1,Ragupathy Silambarasan,Thangarasu Natarajan,Subodh Bhati,0,0,0,out,1,bowled,Ragupathy Silambarasan,120/10
1379599,2,1,1,0,R Vimal Khumar,Thangarasu Natarajan,1,0,1,wide,0,,,1/0
1379599,2,1,2,0,R Vimal Khumar,Thangarasu Natarajan,4,4,0,four,0,,,5/0
1379599,2,1,3,0,R Vimal Khumar,Thangarasu Natarajan,0,0,0,no run,0,,,5/0
1379599,2,1,4,0,R Vimal Khumar,Thangarasu Natarajan,0,0,0,no run,0,,,5/0
1379599,2,1,5,0,R Vimal Khumar,Thangarasu Natarajan,0,0,0,no run,0,,,5/0
1379599,2,1,6,0,R Vimal Khumar,Thangarasu Natarajan,2,0,2,wide,0,,,7/0
1379599,2,1,7,R Vimal Khumar,0,Thangarasu Natarajan,0,0,0,no run,0,,,7/0
1379599,2,1,8,R Vimal Khumar,0,Thangarasu Natarajan,0,0,0,out,1,caught,R Vimal Khumar,7/1
1379599,2,2,1,0,Baba Indrajith,Ragupathy Silambarasan,1,0,1,wide,0,,,8/1
1379599,2,2,2,0,Baba Indrajith,Ragupathy Silambarasan,0,0,0,no run,0,,,8/1
1379599,2,2,3,0,Baba Indrajith,Ragupathy Silambarasan,1,1,0,run,0,,,9/1
1379599,2,2,4,Baba Indrajith,0,Ragupathy Silambarasan,4,4,0,four,0,,,13/1
1379599,2,2,5,Baba Indrajith,0,Ragupathy Silambarasan,0,0,0,no run,0,,,13/1
1379599,2,2,6,Baba Indrajith,0,Ragupathy Silambarasan,0,0,0,no run,0,,,13/1
1379599,2,2,7,Baba Indrajith,0,Ragupathy Silambarasan,0,0,0,no run,0,,,13/1
1379599,2,3,1,0,Baba Indrajith,Thangarasu Natarajan,0,0,0,no run,0,,,13/1
1379599,2,3,2,0,Baba Indrajith,Thangarasu Natarajan,4,4,0,four,0,,,17/1
1379599,2,3,3,0,Baba Indrajith,Thangarasu Natarajan,0,0,0,no run,0,,,17/1
1379599,2,3,4,0,Baba Indrajith,Thangarasu Natarajan,0,0,0,no run,0,,,17/1
1379599,2,3,5,0,Baba Indrajith,Thangarasu Natarajan,0,0,0,no run,0,,,17/1
1379599,2,3,6,0,Baba Indrajith,Thangarasu Natarajan,0,0,0,no run,0,,,17/1
1379599,2,4,1,Baba Indrajith,0,Ragupathy Silambarasan,1,1,0,run,0,,,18/1
1379599,2,4,2,0,Baba Indrajith,Ragupathy Silambarasan,0,0,0,no run,0,,,18/1
1379599,2,4,3,0,Baba Indrajith,Ragupathy Silambarasan,4,4,0,four,0,,,22/1
1379599,2,4,4,0,Baba Indrajith,Ragupathy Silambarasan,1,1,0,run,0,,,23/1
1379599,2,4,5,Baba Indrajith,0,Ragupathy Silambarasan,0,0,0,no run,0,,,23/1
1379599,2,4,6,Baba Indrajith,0,Ragupathy Silambarasan,4,0,4,bye,0,,,27/1
1379599,2,5,1,0,Baba Indrajith,Ramadoss Alexander,4,4,0,four,0,,,31/1
1379599,2,5,2,0,Baba Indrajith,Ramadoss Alexander,1,1,0,run,0,,,32/1
1379599,2,5,3,Baba Indrajith,0,Ramadoss Alexander,1,1,0,run,0,,,33/1
1379599,2,5,4,0,Baba Indrajith,Ramadoss Alexander,0,0,0,no run,0,,,33/1
1379599,2,5,5,0,Baba Indrajith,Ramadoss Alexander,6,6,0,six,0,,,39/1
1379599,2,5,6,0,Baba Indrajith,Ramadoss Alexander,0,0,0,no run,0,,,39/1
1379599,2,6,1,Baba Indrajith,0,Wenseslaus Antony Dhas,5,5,0,run,0,,,44/1
1379599,2,6,2,0,Baba Indrajith,Wenseslaus Antony Dhas,6,6,0,six,0,,,50/1
1379599,2,6,3,0,Baba Indrajith,Wenseslaus Antony Dhas,6,6,0,six,0,,,56/1
1379599,2,6,4,0,Baba Indrajith,Wenseslaus Antony Dhas,0,0,0,no run,0,,,56/1
1379599,2,6,5,0,Baba Indrajith,Wenseslaus Antony Dhas,4,4,0,four,0,,,60/1
1379599,2,6,6,0,Baba Indrajith,Wenseslaus Antony Dhas,1,1,0,run,0,,,61/1
1379599,2,7,1,0,Baba Indrajith,Ramadoss Alexander,4,4,0,four,0,,,65/1
1379599,2,7,2,0,Baba Indrajith,Ramadoss Alexander,0,0,0,no run,0,,,65/1
1379599,2,7,3,0,Baba Indrajith,Ramadoss Alexander,0,0,0,no run,0,,,65/1
1379599,2,7,4,0,Baba Indrajith,Ramadoss Alexander,0,0,0,no run,0,,,65/1
1379599,2,7,5,0,Baba Indrajith,Ramadoss Alexander,0,0,0,out,1,,,65/2
1379599,2,7,6,Adithya Ganesh,Baba Indrajith,Ramadoss Alexander,0,0,0,no run,0,,,65/2
1379599,2,8,1,Baba Indrajith,Adithya Ganesh,R Rajkumar,1,1,0,run,0,,,66/2
1379599,2,8,2,Adithya Ganesh,Baba Indrajith,R Rajkumar,2,2,0,run,0,,,68/2
1379599,2,8,3,Adithya Ganesh,Baba Indrajith,R Rajkumar,0,0,0,no run,0,,,68/2
1379599,2,8,4,Adithya Ganesh,Baba Indrajith,R Rajkumar,1,1,0,run,0,,,69/2
1379599,2,8,5,Baba Indrajith,Adithya Ganesh,R Rajkumar,1,1,0,run,0,,,70/2
1379599,2,8,6,Adithya Ganesh,Baba Indrajith,R Rajkumar,0,0,0,no run,0,,,70/2
1379599,2,9,1,Baba Indrajith,Adithya Ganesh,S Boopalan,1,1,0,run,0,,,71/2
1379599,2,9,2,Adithya Ganesh,Baba Indrajith,S Boopalan,4,4,0,four,0,,,75/2
1379599,2,9,3,Adithya Ganesh,Baba Indrajith,S Boopalan,0,0,0,no run,0,,,75/2
1379599,2,9,4,Adithya Ganesh,Baba Indrajith,S Boopalan,1,1,0,run,0,,,76/2
1379599,2,9,5,Baba Indrajith,Adithya Ganesh,S Boopalan,2,2,0,run,0,,,78/2
1379599,2,9,6,Baba Indrajith,Adithya Ganesh,S Boopalan,0,0,0,no run,0,,,78/2
1379599,2,10,1,Adithya Ganesh,Baba Indrajith,Ramadoss Alexander,1,0,1,wide,0,,,79/2
1379599,2,10,2,Adithya Ganesh,Baba Indrajith,Ramadoss Alexander,1,0,1,wide,0,,,80/2
1379599,2,10,3,Adithya Ganesh,Baba Indrajith,Ramadoss Alexander,2,2,0,run,0,,,82/2
1379599,2,10,4,Adithya Ganesh,Baba Indrajith,Ramadoss Alexander,1,1,0,run,0,,,83/2
1379599,2,10,5,Baba Indrajith,Adithya Ganesh,Ramadoss Alexander,0,0,0,no run,0,,,83/2
1379599,2,10,6,Baba Indrajith,Adithya Ganesh,Ramadoss Alexander,1,1,0,run,0,,,84/2
1379599,2,10,7,Adithya Ganesh,Baba Indrajith,Ramadoss Alexander,1,1,0,run,0,,,85/2
1379599,2,10,8,Baba Indrajith,Adithya Ganesh,Ramadoss Alexander,1,1,0,run,0,,,86/2
1379599,2,11,1,Baba Indrajith,Adithya Ganesh,S Boopalan,1,1,0,run,0,,,87/2
1379599,2,11,2,Adithya Ganesh,Baba Indrajith,S Boopalan,1,1,0,run,0,,,88/2
1379599,2,11,3,Baba Indrajith,Adithya Ganesh,S Boopalan,1,1,0,run,0,,,89/2
1379599,2,11,4,Adithya Ganesh,Baba Indrajith,S Boopalan,1,1,0,run,0,,,90/2
1379599,2,11,5,Baba Indrajith,Adithya Ganesh,S Boopalan,0,0,0,no run,0,,,90/2
1379599,2,11,6,Baba Indrajith,Adithya Ganesh,S Boopalan,1,1,0,run,0,,,91/2
1379599,2,12,1,Baba Indrajith,Adithya Ganesh,Ragupathy Silambarasan,1,1,0,run,0,,,92/2
1379599,2,12,2,Adithya Ganesh,Baba Indrajith,Ragupathy Silambarasan,1,1,0,run,0,,,93/2
1379599,2,12,3,Baba Indrajith,Adithya Ganesh,Ragupathy Silambarasan,0,0,0,out,1,caught,Baba Indrajith,93/3
1379599,2,12,4,C Sarath Kumar,Adithya Ganesh,Ragupathy Silambarasan,0,0,0,no run,0,,,93/3
1379599,2,12,5,C Sarath Kumar,Adithya Ganesh,Ragupathy Silambarasan,1,1,0,run,0,,,94/3
1379599,2,12,6,Adithya Ganesh,C Sarath Kumar,Ragupathy Silambarasan,1,1,0,run,0,,,95/3
1379599,2,13,1,Adithya Ganesh,C Sarath Kumar,Wenseslaus Antony Dhas,1,1,0,run,0,,,96/3
1379599,2,13,2,C Sarath Kumar,Adithya Ganesh,Wenseslaus Antony Dhas,4,4,0,four,0,,,100/3
1379599,2,13,3,C Sarath Kumar,Adithya Ganesh,Wenseslaus Antony Dhas,0,0,0,no run,0,,,100/3
1379599,2,13,4,C Sarath Kumar,Adithya Ganesh,Wenseslaus Antony Dhas,0,0,0,out,1,caught,C Sarath Kumar,100/4
1379599,2,13,5,Subodh Bhati,Adithya Ganesh,Wenseslaus Antony Dhas,2,2,0,run,0,,,102/4
1379599,2,13,6,Subodh Bhati,Adithya Ganesh,Wenseslaus Antony Dhas,1,1,0,run,0,,,103/4
1379599,2,14,1,Subodh Bhati,Adithya Ganesh,Thangarasu Natarajan,1,1,0,run,0,,,104/4
1379599,2,14,2,Adithya Ganesh,Subodh Bhati,Thangarasu Natarajan,0,0,0,no run,0,,,104/4
1379599,2,14,3,Adithya Ganesh,Subodh Bhati,Thangarasu Natarajan,1,1,0,run,0,,,105/4
1379599,2,14,4,Subodh Bhati,Adithya Ganesh,Thangarasu Natarajan,1,1,0,run,0,,,106/4
1379599,2,14,5,Adithya Ganesh,Subodh Bhati,Thangarasu Natarajan,0,0,0,no run,0,,,106/4
1379599,2,14,6,Adithya Ganesh,Subodh Bhati,Thangarasu Natarajan,1,1,0,run,0,,,107/4
1379599,2,15,1,Adithya Ganesh,Subodh Bhati,Wenseslaus Antony Dhas,1,1,0,run,0,,,108/4
1379599,2,15,2,Subodh Bhati,Adithya Ganesh,Wenseslaus Antony Dhas,6,6,0,six,0,,,114/4
1379599,2,15,3,Subodh Bhati,Adithya Ganesh,Wenseslaus Antony Dhas,2,2,0,run,0,,,116/4
1379599,2,15,4,Subodh Bhati,Adithya Ganesh,Wenseslaus Antony Dhas,0,0,0,no run,0,,,116/4
1379599,2,15,5,Subodh Bhati,Adithya Ganesh,Wenseslaus Antony Dhas,6,6,0,six,0,,,122/4
1379600,1,1,1,Tushar Raheja,N Sarangarajan Chaturved,S Harish Kumar,1,1,0,run,0,,,1/0
1379600,1,1,2,N Sarangarajan Chaturved,Tushar Raheja,S Harish Kumar,0,0,0,no run,0,,,1/0
1379600,1,1,3,N Sarangarajan Chaturved,Tushar Raheja,S Harish Kumar,1,0,1,leg bye,0,,,2/0
1379600,1,1,4,Tushar Raheja,N Sarangarajan Chaturved,S Harish Kumar,0,0,0,no run,0,,,2/0
1379600,1,1,5,Tushar Raheja,N Sarangarajan Chaturved,S Harish Kumar,0,0,0,no run,0,,,2/0
1379600,1,1,6,Tushar Raheja,N Sarangarajan Chaturved,S Harish Kumar,0,0,0,no run,0,,,2/0
1379600,1,2,1,N Sarangarajan Chaturved,Tushar Raheja,Ramalingam Rohit,0,0,0,no run,0,,,2/0
1379600,1,2,2,N Sarangarajan Chaturved,Tushar Raheja,Ramalingam Rohit,0,0,0,no run,0,,,2/0
1379600,1,2,3,N Sarangarajan Chaturved,Tushar Raheja,Ramalingam Rohit,1,0,1,wide,0,,,3/0
1379600,1,2,4,N Sarangarajan Chaturved,Tushar Raheja,Ramalingam Rohit,0,0,0,no run,0,,,3/0
1379600,1,2,5,N Sarangarajan Chaturved,Tushar Raheja,Ramalingam Rohit,4,4,0,four,0,,,7/0
1379600,1,2,6,N Sarangarajan Chaturved,Tushar Raheja,Ramalingam Rohit,0,0,0,no run,0,,,7/0
1379600,1,2,7,N Sarangarajan Chaturved,Tushar Raheja,Ramalingam Rohit,0,0,0,no run,0,,,7/0
1379600,1,3,1,Tushar Raheja,N Sarangarajan Chaturved,S Harish Kumar,1,1,0,run,0,,,8/0
1379600,1,3,2,N Sarangarajan Chaturved,Tushar Raheja,S Harish Kumar,1,1,0,run,0,,,9/0
1379600,1,3,3,Tushar Raheja,N Sarangarajan Chaturved,S Harish Kumar,0,0,0,out,1,caught,Tushar Raheja,9/1
1379600,1,3,4,K Vishal Vaidhya,N Sarangarajan Chaturved,S Harish Kumar,0,0,0,no run,0,,,9/1
1379600,1,3,5,K Vishal Vaidhya,N Sarangarajan Chaturved,S Harish Kumar,0,0,0,no run,0,,,9/1
1379600,1,3,6,K Vishal Vaidhya,N Sarangarajan Chaturved,S Harish Kumar,0,0,0,no run,0,,,9/1
1379600,1,4,1,N Sarangarajan Chaturved,K Vishal Vaidhya,Ramalingam Rohit,1,1,0,run,0,,,10/1
1379600,1,4,2,K Vishal Vaidhya,N Sarangarajan Chaturved,Ramalingam Rohit,0,0,0,no run,0,,,10/1
1379600,1,4,3,K Vishal Vaidhya,N Sarangarajan Chaturved,Ramalingam Rohit,1,0,1,bye,0,,,11/1
1379600,1,4,4,N Sarangarajan Chaturved,K Vishal Vaidhya,Ramalingam Rohit,2,2,0,run,0,,,13/1
1379600,1,4,5,N Sarangarajan Chaturved,K Vishal Vaidhya,Ramalingam Rohit,1,0,1,leg bye,0,,,14/1
1379600,1,4,6,K Vishal Vaidhya,N Sarangarajan Chaturved,Ramalingam Rohit,0,0,0,no run,0,,,14/1
1379600,1,5,1,N Sarangarajan Chaturved,K Vishal Vaidhya,Rahil S Shah,0,0,0,out,1,leg before wicket,N Sarangarajan Chaturved,14/2
1379600,1,5,2,Sundararaman Radhakrishnan,K Vishal Vaidhya,Rahil S Shah,1,1,0,run,0,,,15/2
1379600,1,5,3,K Vishal Vaidhya,Sundararaman Radhakrishnan,Rahil S Shah,0,0,0,no run,0,,,15/2
1379600,1,5,4,K Vishal Vaidhya,Sundararaman Radhakrishnan,Rahil S Shah,0,0,0,no run,0,,,15/2
1379600,1,5,5,K Vishal Vaidhya,Sundararaman Radhakrishnan,Rahil S Shah,4,4,0,four,0,,,19/2
1379600,1,5,6,K Vishal Vaidhya,Sundararaman Radhakrishnan,Rahil S Shah,1,1,0,run,0,,,20/2
1379600,1,6,1,K Vishal Vaidhya,Sundararaman Radhakrishnan,Baba Aparajith,0,0,0,no run,0,,,20/2
1379600,1,6,2,K Vishal Vaidhya,Sundararaman Radhakrishnan,Baba Aparajith,1,1,0,run,0,,,21/2
1379600,1,6,3,Sundararaman Radhakrishnan,K Vishal Vaidhya,Baba Aparajith,1,1,0,run,0,,,22/2
1379600,1,6,4,K Vishal Vaidhya,Sundararaman Radhakrishnan,Baba Aparajith,1,1,0,run,0,,,23/2
1379600,1,6,5,Sundararaman Radhakrishnan,K Vishal Vaidhya,Baba Aparajith,1,0,1,leg bye,0,,,24/2
1379600,1,6,6,K Vishal Vaidhya,Sundararaman Radhakrishnan,Baba Aparajith,0,0,0,out,1,bowled,K Vishal Vaidhya,24/3
1379600,1,7,1,Sundararaman Radhakrishnan,Vijay Shankar,Rahil S Shah,2,2,0,run,0,,,26/3
1379600,1,7,2,Sundararaman Radhakrishnan,Vijay Shankar,Rahil S Shah,1,1,0,run,0,,,27/3
1379600,1,7,3,Vijay Shankar,Sundararaman Radhakrishnan,Rahil S Shah,0,0,0,no run,0,,,27/3
1379600,1,7,4,Vijay Shankar,Sundararaman Radhakrishnan,Rahil S Shah,0,0,0,no run,0,,,27/3
1379600,1,7,5,Vijay Shankar,Sundararaman Radhakrishnan,Rahil S Shah,1,1,0,run,0,,,28/3
1379600,1,7,6,Sundararaman Radhakrishnan,Vijay Shankar,Rahil S Shah,1,1,0,run,0,,,29/3
1379600,1,8,1,Sundararaman Radhakrishnan,Vijay Shankar,M Silambarasan,0,0,0,no run,0,,,29/3
1379600,1,8,2,Sundararaman Radhakrishnan,Vijay Shankar,M Silambarasan,1,1,0,run,0,,,30/3
1379600,1,8,3,Vijay Shankar,Sundararaman Radhakrishnan,M Silambarasan,1,1,0,run,0,,,31/3
1379600,1,8,4,Sundararaman Radhakrishnan,Vijay Shankar,M Silambarasan,0,0,0,no run,0,,,31/3
1379600,1,8,5,Sundararaman Radhakrishnan,Vijay Shankar,M Silambarasan,1,1,0,run,0,,,32/3
1379600,1,8,6,Vijay Shankar,Sundararaman Radhakrishnan,M Silambarasan,1,1,0,run,0,,,33/3
1379600,1,9,1,Vijay Shankar,Sundararaman Radhakrishnan,Rahil S Shah,0,0,0,no run,0,,,33/3
1379600,1,9,2,Vijay Shankar,Sundararaman Radhakrishnan,Rahil S Shah,1,1,0,run,0,,,34/3
1379600,1,9,3,Sundararaman Radhakrishnan,Vijay Shankar,Rahil S Shah,1,1,0,run,0,,,35/3
1379600,1,9,4,Vijay Shankar,Sundararaman Radhakrishnan,Rahil S Shah,1,1,0,run,0,,,36/3
1379600,1,9,5,Sundararaman Radhakrishnan,Vijay Shankar,Rahil S Shah,0,0,0,no run,0,,,36/3
1379600,1,9,6,Sundararaman Radhakrishnan,Vijay Shankar,Rahil S Shah,1,1,0,run,0,,,37/3
1379600,1,10,1,Sundararaman Radhakrishnan,Vijay Shankar,M Silambarasan,4,4,0,four,0,,,41/3
1379600,1,10,2,Sundararaman Radhakrishnan,Vijay Shankar,M Silambarasan,1,1,0,run,0,,,42/3
1379600,1,10,3,Vijay Shankar,Sundararaman Radhakrishnan,M Silambarasan,0,0,0,no run,0,,,42/3
1379600,1,10,4,Vijay Shankar,Sundararaman Radhakrishnan,M Silambarasan,2,2,0,run,0,,,44/3
1379600,1,10,5,Vijay Shankar,Sundararaman Radhakrishnan,M Silambarasan,1,1,0,run,0,,,45/3
1379600,1,10,6,Sundararaman Radhakrishnan,Vijay Shankar,M Silambarasan,1,1,0,run,0,,,46/3
1379600,1,11,1,Sundararaman Radhakrishnan,Vijay Shankar,Rocky Bhasker,1,1,0,run,0,,,47/3
1379600,1,11,2,Vijay Shankar,Sundararaman Radhakrishnan,Rocky Bhasker,0,0,0,no run,0,,,47/3
1379600,1,11,3,Vijay Shankar,Sundararaman Radhakrishnan,Rocky Bhasker,1,1,0,run,0,,,48/3
1379600,1,11,4,Sundararaman Radhakrishnan,Vijay Shankar,Rocky Bhasker,2,2,0,run,0,,,50/3
1379600,1,11,5,Sundararaman Radhakrishnan,Vijay Shankar,Rocky Bhasker,1,1,0,run,0,,,51/3
1379600,1,11,6,Vijay Shankar,Sundararaman Radhakrishnan,Rocky Bhasker,0,0,0,no run,0,,,51/3
1379600,1,12,1,Sundararaman Radhakrishnan,Vijay Shankar,Ramsingh  Sanjay Yadav,0,0,0,no run,0,,,51/3
1379600,1,12,2,Sundararaman Radhakrishnan,Vijay Shankar,Ramsingh  Sanjay Yadav,0,0,0,no run,0,,,51/3
1379600,1,12,3,Sundararaman Radhakrishnan,Vijay Shankar,Ramsingh  Sanjay Yadav,1,1,0,run,0,,,52/3
1379600,1,12,4,Vijay Shankar,Sundararaman Radhakrishnan,Ramsingh  Sanjay Yadav,1,1,0,run,0,,,53/3
1379600,1,12,5,Sundararaman Radhakrishnan,Vijay Shankar,Ramsingh  Sanjay Yadav,0,0,0,no run,0,,,53/3
1379600,1,12,6,Sundararaman Radhakrishnan,Vijay Shankar,Ramsingh  Sanjay Yadav,0,0,0,no run,0,,,53/3
1379600,1,13,1,Vijay Shankar,Sundararaman Radhakrishnan,Rocky Bhasker,6,6,0,six,0,,,59/3
1379600,1,13,2,Vijay Shankar,Sundararaman Radhakrishnan,Rocky Bhasker,1,1,0,run,0,,,60/3
1379600,1,13,3,Sundararaman Radhakrishnan,Vijay Shankar,Rocky Bhasker,1,1,0,run,0,,,61/3
1379600,1,13,4,Vijay Shankar,Sundararaman Radhakrishnan,Rocky Bhasker,1,1,0,run,0,,,62/3
1379600,1,13,5,Sundararaman Radhakrishnan,Vijay Shankar,Rocky Bhasker,1,1,0,run,0,,,63/3
1379600,1,13,6,Vijay Shankar,Sundararaman Radhakrishnan,Rocky Bhasker,2,2,0,run,0,,,65/3
1379600,1,14,1,Sundararaman Radhakrishnan,Vijay Shankar,Ramsingh  Sanjay Yadav,6,6,0,six,0,,,71/3
1379600,1,14,2,Sundararaman Radhakrishnan,Vijay Shankar,Ramsingh  Sanjay Yadav,4,4,0,four,0,,,75/3
1379600,1,14,3,Sundararaman Radhakrishnan,Vijay Shankar,Ramsingh  Sanjay Yadav,1,1,0,run,0,,,76/3
1379600,1,14,4,Vijay Shankar,Sundararaman Radhakrishnan,Ramsingh  Sanjay Yadav,1,1,0,run,0,,,77/3
1379600,1,14,5,Sundararaman Radhakrishnan,Vijay Shankar,Ramsingh  Sanjay Yadav,1,1,0,run,0,,,78/3
1379600,1,14,6,Vijay Shankar,Sundararaman Radhakrishnan,Ramsingh  Sanjay Yadav,1,1,0,run,0,,,79/3
1379600,1,15,1,Vijay Shankar,Sundararaman Radhakrishnan,Rahil S Shah,1,1,0,run,0,,,80/3
1379600,1,15,2,Sundararaman Radhakrishnan,Vijay Shankar,Rahil S Shah,1,1,0,run,0,,,81/3
1379600,1,15,3,Vijay Shankar,Sundararaman Radhakrishnan,Rahil S Shah,1,1,0,run,0,,,82/3
1379600,1,15,4,Sundararaman Radhakrishnan,Vijay Shankar,Rahil S Shah,0,0,0,no run,0,,,82/3
1379600,1,15,5,Sundararaman Radhakrishnan,Vijay Shankar,Rahil S Shah,0,0,0,out,1,leg before wicket,Sundararaman Radhakrishnan,82/4
1379600,1,15,6,Rajendran Vivek,Vijay Shankar,Rahil S Shah,0,0,0,no run,0,,,82/4
1379600,1,16,1,Vijay Shankar,Rajendran Vivek,M Silambarasan,1,1,0,run,0,,,83/4
1379600,1,16,2,Rajendran Vivek,Vijay Shankar,M Silambarasan,1,1,0,run,0,,,84/4
1379600,1,16,3,Vijay Shankar,Rajendran Vivek,M Silambarasan,1,1,0,run,0,,,85/4
1379600,1,16,4,Rajendran Vivek,Vijay Shankar,M Silambarasan,2,2,0,run,0,,,87/4
1379600,1,16,5,Rajendran Vivek,Vijay Shankar,M Silambarasan,0,0,0,no run,0,,,87/4
1379600,1,16,6,Rajendran Vivek,Vijay Shankar,M Silambarasan,0,0,0,no run,0,,,87/4
1379600,1,17,1,Vijay Shankar,Rajendran Vivek,S Harish Kumar,2,2,0,run,0,,,89/4
1379600,1,17,2,Vijay Shankar,Rajendran Vivek,S Harish Kumar,0,0,0,no run,0,,,89/4
1379600,1,17,3,Vijay Shankar,Rajendran Vivek,S Harish Kumar,0,0,0,out,1,caught,Vijay Shankar,89/5
1379600,1,17,4,Balchander Anirudh,Rajendran Vivek,S Harish Kumar,1,1,0,run,1,run out,Balchander Anirudh,90/6
1379600,1,17,5,S Mohamed Ali,Rajendran Vivek,S Harish Kumar,1,1,0,run,0,,,91/6
1379600,1,17,6,Rajendran Vivek,S Mohamed Ali,S Harish Kumar,0,0,0,no run,0,,,91/6
1379600,1,18,1,S Mohamed Ali,Rajendran Vivek,M Silambarasan,1,0,1,wide,0,,,92/6
1379600,1,18,2,S Mohamed Ali,Rajendran Vivek,M Silambarasan,0,0,0,no run,0,,,92/6
1379600,1,18,3,S Mohamed Ali,Rajendran Vivek,M Silambarasan,1,1,0,run,0,,,93/6
1379600,1,18,4,Rajendran Vivek,S Mohamed Ali,M Silambarasan,1,0,1,bye,0,,,94/6
1379600,1,18,5,S Mohamed Ali,Rajendran Vivek,M Silambarasan,1,1,0,run,0,,,95/6
1379600,1,18,6,Rajendran Vivek,S Mohamed Ali,M Silambarasan,2,2,0,run,0,,,97/6
1379600,1,18,7,Rajendran Vivek,S Mohamed Ali,M Silambarasan,1,1,0,run,0,,,98/6
1379600,1,19,1,Rajendran Vivek,S Mohamed Ali,S Harish Kumar,1,1,0,run,0,,,99/6
1379600,1,19,2,S Mohamed Ali,Rajendran Vivek,S Harish Kumar,1,1,0,run,0,,,100/6
1379600,1,19,3,Rajendran Vivek,S Mohamed Ali,S Harish Kumar,1,1,0,run,0,,,101/6
1379600,1,19,4,S Mohamed Ali,Rajendran Vivek,S Harish Kumar,0,0,0,no run,0,,,101/6
1379600,1,19,5,S Mohamed Ali,Rajendran Vivek,S Harish Kumar,1,1,0,run,0,,,102/6
1379600,1,19,6,Rajendran Vivek,S Mohamed Ali,S Harish Kumar,1,1,0,run,0,,,103/6
1379600,1,20,1,Rajendran Vivek,S Mohamed Ali,M Viju Arul,4,4,0,four,0,,,107/6
1379600,1,20,2,Rajendran Vivek,S Mohamed Ali,M Viju Arul,6,6,0,six,0,,,113/6
1379600,1,20,3,Rajendran Vivek,S Mohamed Ali,M Viju Arul,4,4,0,four,0,,,117/6
1379600,1,20,4,Rajendran Vivek,S Mohamed Ali,M Viju Arul,0,0,0,no run,0,,,117/6
1379600,1,20,5,Rajendran Vivek,S Mohamed Ali,M Viju Arul,1,1,0,run,1,run out,S Mohamed Ali,118/7
1379600,1,20,6,Rajendran Vivek,Ravisrinivasan Sai Kishore,M Viju Arul,2,2,0,run,0,,,120/7
1379600,2,1,1,Pradosh Ranjan Paul,Narayan Jagadeesan,Ganeshan Periyaswamy,0,0,0,no run,0,,,0/0
1379600,2,1,2,Pradosh Ranjan Paul,Narayan Jagadeesan,Ganeshan Periyaswamy,0,0,0,no run,0,,,0/0
1379600,2,1,3,Pradosh Ranjan Paul,Narayan Jagadeesan,Ganeshan Periyaswamy,0,0,0,no run,0,,,0/0
1379600,2,1,4,Pradosh Ranjan Paul,Narayan Jagadeesan,Ganeshan Periyaswamy,4,4,0,four,0,,,4/0
1379600,2,1,5,Pradosh Ranjan Paul,Narayan Jagadeesan,Ganeshan Periyaswamy,0,0,0,no run,0,,,4/0
1379600,2,1,6,Pradosh Ranjan Paul,Narayan Jagadeesan,Ganeshan Periyaswamy,4,4,0,four,0,,,8/0
1379600,2,2,1,Narayan Jagadeesan,Pradosh Ranjan Paul, Sriram Ajith Ram,1,1,0,run,0,,,9/0
1379600,2,2,2,Pradosh Ranjan Paul,Narayan Jagadeesan, Sriram Ajith Ram,1,1,0,run,0,,,10/0
1379600,2,2,3,Narayan Jagadeesan,Pradosh Ranjan Paul, Sriram Ajith Ram,1,1,0,run,0,,,11/0
1379600,2,2,4,Pradosh Ranjan Paul,Narayan Jagadeesan, Sriram Ajith Ram,2,2,0,run,0,,,13/0
1379600,2,2,5,Pradosh Ranjan Paul,Narayan Jagadeesan, Sriram Ajith Ram,0,0,0,no run,0,,,13/0
1379600,2,2,6,Pradosh Ranjan Paul,Narayan Jagadeesan, Sriram Ajith Ram,0,0,0,no run,0,,,13/0
1379600,2,3,1,Narayan Jagadeesan,Pradosh Ranjan Paul,Ravisrinivasan Sai Kishore,6,6,0,six,0,,,19/0
1379600,2,3,2,Narayan Jagadeesan,Pradosh Ranjan Paul,Ravisrinivasan Sai Kishore,1,1,0,run,0,,,20/0
1379600,2,3,3,Pradosh Ranjan Paul,Narayan Jagadeesan,Ravisrinivasan Sai Kishore,1,1,0,run,0,,,21/0
1379600,2,3,4,Narayan Jagadeesan,Pradosh Ranjan Paul,Ravisrinivasan Sai Kishore,0,0,0,no run,0,,,21/0
1379600,2,3,5,Narayan Jagadeesan,Pradosh Ranjan Paul,Ravisrinivasan Sai Kishore,4,4,0,four,0,,,25/0
1379600,2,3,6,Narayan Jagadeesan,Pradosh Ranjan Paul,Ravisrinivasan Sai Kishore,0,0,0,no run,0,,,25/0
1379600,2,4,1,Pradosh Ranjan Paul,Narayan Jagadeesan, Sriram Ajith Ram,1,1,0,run,0,,,26/0
1379600,2,4,2,Narayan Jagadeesan,Pradosh Ranjan Paul, Sriram Ajith Ram,0,0,0,no run,0,,,26/0
1379600,2,4,3,Narayan Jagadeesan,Pradosh Ranjan Paul, Sriram Ajith Ram,0,0,0,out,1,bowled,Narayan Jagadeesan,26/1
1379600,2,4,4,Baba Aparajith,Pradosh Ranjan Paul, Sriram Ajith Ram,0,0,0,no run,0,,,26/1
1379600,2,4,5,Baba Aparajith,Pradosh Ranjan Paul, Sriram Ajith Ram,0,0,0,no run,0,,,26/1
1379600,2,4,6,Baba Aparajith,Pradosh Ranjan Paul, Sriram Ajith Ram,0,0,0,no run,0,,,26/1
1379600,2,5,1,Pradosh Ranjan Paul,Baba Aparajith,S Mohamed Ali,0,0,0,no run,0,,,26/1
1379600,2,5,2,Pradosh Ranjan Paul,Baba Aparajith,S Mohamed Ali,0,0,0,no run,0,,,26/1
1379600,2,5,3,Pradosh Ranjan Paul,Baba Aparajith,S Mohamed Ali,0,0,0,no run,0,,,26/1
1379600,2,5,4,Pradosh Ranjan Paul,Baba Aparajith,S Mohamed Ali,4,4,0,four,0,,,30/1
1379600,2,5,5,Pradosh Ranjan Paul,Baba Aparajith,S Mohamed Ali,4,4,0,four,0,,,34/1
1379600,2,5,6,Pradosh Ranjan Paul,Baba Aparajith,S Mohamed Ali,0,0,0,no run,0,,,34/1
1379600,2,6,1,Baba Aparajith,Pradosh Ranjan Paul,Ravisrinivasan Sai Kishore,0,0,0,no run,0,,,34/1
1379600,2,6,2,Baba Aparajith,Pradosh Ranjan Paul,Ravisrinivasan Sai Kishore,1,1,0,run,0,,,35/1
1379600,2,6,3,Pradosh Ranjan Paul,Baba Aparajith,Ravisrinivasan Sai Kishore,1,1,0,run,0,,,36/1
1379600,2,6,4,Baba Aparajith,Pradosh Ranjan Paul,Ravisrinivasan Sai Kishore,0,0,0,no run,0,,,36/1
1379600,2,6,5,Baba Aparajith,Pradosh Ranjan Paul,Ravisrinivasan Sai Kishore,0,0,0,no run,0,,,36/1
1379600,2,6,6,Baba Aparajith,Pradosh Ranjan Paul,Ravisrinivasan Sai Kishore,4,4,0,four,0,,,40/1
1379600,2,7,1,Pradosh Ranjan Paul,Baba Aparajith,S Mohamed Ali,1,1,0,run,0,,,41/1
1379600,2,7,2,Baba Aparajith,Pradosh Ranjan Paul,S Mohamed Ali,4,4,0,four,0,,,45/1
1379600,2,7,3,Baba Aparajith,Pradosh Ranjan Paul,S Mohamed Ali,4,4,0,four,0,,,49/1
1379600,2,7,4,Baba Aparajith,Pradosh Ranjan Paul,S Mohamed Ali,1,1,0,run,0,,,50/1
1379600,2,7,5,Pradosh Ranjan Paul,Baba Aparajith,S Mohamed Ali,0,0,0,no run,0,,,50/1
1379600,2,7,6,Pradosh Ranjan Paul,Baba Aparajith,S Mohamed Ali,0,0,0,no run,0,,,50/1
1379600,2,8,1,Baba Aparajith,Pradosh Ranjan Paul,Vijay Shankar,1,1,0,run,0,,,51/1
1379600,2,8,2,Pradosh Ranjan Paul,Baba Aparajith,Vijay Shankar,1,0,1,wide,0,,,52/1
1379600,2,8,3,Pradosh Ranjan Paul,Baba Aparajith,Vijay Shankar,1,1,0,run,0,,,53/1
1379600,2,8,4,Baba Aparajith,Pradosh Ranjan Paul,Vijay Shankar,4,4,0,four,0,,,57/1
1379600,2,8,5,Baba Aparajith,Pradosh Ranjan Paul,Vijay Shankar,1,1,0,run,0,,,58/1
1379600,2,8,6,Pradosh Ranjan Paul,Baba Aparajith,Vijay Shankar,1,1,0,run,0,,,59/1
1379600,2,8,7,Baba Aparajith,Pradosh Ranjan Paul,Vijay Shankar,6,6,0,six,0,,,65/1
1379600,2,9,1,Pradosh Ranjan Paul,Baba Aparajith, Sriram Ajith Ram,0,0,0,out,1,stumped,Pradosh Ranjan Paul,65/2
1379600,2,9,2,Ramsingh  Sanjay Yadav,Baba Aparajith, Sriram Ajith Ram,0,0,0,no run,0,,,65/2
1379600,2,9,3,Ramsingh  Sanjay Yadav,Baba Aparajith, Sriram Ajith Ram,1,1,0,run,0,,,66/2
1379600,2,9,4,Baba Aparajith,Ramsingh  Sanjay Yadav, Sriram Ajith Ram,0,0,0,no run,0,,,66/2
1379600,2,9,5,Baba Aparajith,Ramsingh  Sanjay Yadav, Sriram Ajith Ram,0,0,0,no run,0,,,66/2
1379600,2,9,6,Baba Aparajith,Ramsingh  Sanjay Yadav, Sriram Ajith Ram,1,1,0,run,0,,,67/2
1379600,2,10,1,Baba Aparajith,Ramsingh  Sanjay Yadav,Vijay Shankar,0,0,0,no run,0,,,67/2
1379600,2,10,2,Baba Aparajith,Ramsingh  Sanjay Yadav,Vijay Shankar,1,1,0,run,0,,,68/2
1379600,2,10,3,Ramsingh  Sanjay Yadav,Baba Aparajith,Vijay Shankar,0,0,0,no run,0,,,68/2
1379600,2,10,4,Ramsingh  Sanjay Yadav,Baba Aparajith,Vijay Shankar,4,4,0,four,0,,,72/2
1379600,2,10,5,Ramsingh  Sanjay Yadav,Baba Aparajith,Vijay Shankar,1,1,0,run,0,,,73/2
1379600,2,10,6,Baba Aparajith,Ramsingh  Sanjay Yadav,Vijay Shankar,1,1,0,run,0,,,74/2
1379600,2,11,1,Baba Aparajith,Ramsingh  Sanjay Yadav,Ganeshan Periyaswamy,1,1,0,run,0,,,75/2
1379600,2,11,2,Ramsingh  Sanjay Yadav,Baba Aparajith,Ganeshan Periyaswamy,0,0,0,no run,0,,,75/2
1379600,2,11,3,Ramsingh  Sanjay Yadav,Baba Aparajith,Ganeshan Periyaswamy,0,0,0,no run,0,,,75/2
1379600,2,11,4,Ramsingh  Sanjay Yadav,Baba Aparajith,Ganeshan Periyaswamy,2,2,0,run,0,,,77/2
1379600,2,11,5,Ramsingh  Sanjay Yadav,Baba Aparajith,Ganeshan Periyaswamy,1,1,0,run,0,,,78/2
1379600,2,11,6,Baba Aparajith,Ramsingh  Sanjay Yadav,Ganeshan Periyaswamy,0,0,0,no run,0,,,78/2
1379600,2,12,1,Ramsingh  Sanjay Yadav,Baba Aparajith,Ravisrinivasan Sai Kishore,0,0,0,no run,0,,,78/2
1379600,2,12,2,Ramsingh  Sanjay Yadav,Baba Aparajith,Ravisrinivasan Sai Kishore,4,4,0,four,0,,,82/2
1379600,2,12,3,Ramsingh  Sanjay Yadav,Baba Aparajith,Ravisrinivasan Sai Kishore,2,2,0,run,0,,,84/2
1379600,2,12,4,Ramsingh  Sanjay Yadav,Baba Aparajith,Ravisrinivasan Sai Kishore,6,6,0,six,0,,,90/2
1379600,2,12,5,Ramsingh  Sanjay Yadav,Baba Aparajith,Ravisrinivasan Sai Kishore,0,0,0,no run,0,,,90/2
1379600,2,12,6,Ramsingh  Sanjay Yadav,Baba Aparajith,Ravisrinivasan Sai Kishore,1,1,0,run,0,,,91/2
1379600,2,13,1,Ramsingh  Sanjay Yadav,Baba Aparajith,S Mohamed Ali,0,0,0,no run,0,,,91/2
1379600,2,13,2,Ramsingh  Sanjay Yadav,Baba Aparajith,S Mohamed Ali,0,0,0,no run,0,,,91/2
1379600,2,13,3,Ramsingh  Sanjay Yadav,Baba Aparajith,S Mohamed Ali,0,0,0,out,1,caught,Ramsingh  Sanjay Yadav,91/3
1379600,2,13,4,S Harish Kumar,Baba Aparajith,S Mohamed Ali,0,0,0,no run,0,,,91/3
1379600,2,13,5,S Harish Kumar,Baba Aparajith,S Mohamed Ali,0,0,0,no run,0,,,91/3
1379600,2,13,6,S Harish Kumar,Baba Aparajith,S Mohamed Ali,0,0,0,no run,0,,,91/3
1379600,2,14,1,Baba Aparajith,S Harish Kumar, Sriram Ajith Ram,1,1,0,run,0,,,92/3
1379600,2,14,2,S Harish Kumar,Baba Aparajith, Sriram Ajith Ram,0,0,0,no run,0,,,92/3
1379600,2,14,3,S Harish Kumar,Baba Aparajith, Sriram Ajith Ram,0,0,0,no run,0,,,92/3
1379600,2,14,4,S Harish Kumar,Baba Aparajith, Sriram Ajith Ram,4,4,0,four,0,,,96/3
1379600,2,14,5,S Harish Kumar,Baba Aparajith, Sriram Ajith Ram,1,1,0,run,0,,,97/3
1379600,2,14,6,Baba Aparajith,S Harish Kumar, Sriram Ajith Ram,1,1,0,run,0,,,98/3
1379600,2,15,1,Baba Aparajith,S Harish Kumar,Ravisrinivasan Sai Kishore,1,1,0,run,0,,,99/3
1379600,2,15,2,S Harish Kumar,Baba Aparajith,Ravisrinivasan Sai Kishore,4,4,0,four,0,,,103/3
1379600,2,15,3,S Harish Kumar,Baba Aparajith,Ravisrinivasan Sai Kishore,0,0,0,no run,0,,,103/3
1379600,2,15,4,S Harish Kumar,Baba Aparajith,Ravisrinivasan Sai Kishore,2,2,0,run,0,,,105/3
1379600,2,15,5,S Harish Kumar,Baba Aparajith,Ravisrinivasan Sai Kishore,0,0,0,no run,0,,,105/3
1379600,2,15,6,S Harish Kumar,Baba Aparajith,Ravisrinivasan Sai Kishore,1,1,0,run,0,,,106/3
1379600,2,16,1,S Harish Kumar,Baba Aparajith,Ganeshan Periyaswamy,0,0,0,no run,0,,,106/3
1379600,2,16,2,S Harish Kumar,Baba Aparajith,Ganeshan Periyaswamy,2,0,2,wide,0,,,108/3
1379600,2,16,3,Baba Aparajith,S Harish Kumar,Ganeshan Periyaswamy,6,6,0,six,0,,,114/3
1379600,2,16,4,Baba Aparajith,S Harish Kumar,Ganeshan Periyaswamy,6,6,0,six,0,,,120/3
1379600,2,16,5,Baba Aparajith,S Harish Kumar,Ganeshan Periyaswamy,1,1,0,run,0,,,121/3
1379601,1,1,1,Balasubramaniam Sachin,Jayaraman Suresh Kumar,Sankarankutty Sandeep Warrier,1,0,1,wide,0,,,1/0
1379601,1,1,2,Balasubramaniam Sachin,Jayaraman Suresh Kumar,Sankarankutty Sandeep Warrier,0,0,0,no run,0,,,1/0
1379601,1,1,3,Balasubramaniam Sachin,Jayaraman Suresh Kumar,Sankarankutty Sandeep Warrier,0,0,0,no run,0,,,1/0
1379601,1,1,4,Balasubramaniam Sachin,Jayaraman Suresh Kumar,Sankarankutty Sandeep Warrier,0,0,0,no run,0,,,1/0
1379601,1,1,5,Balasubramaniam Sachin,Jayaraman Suresh Kumar,Sankarankutty Sandeep Warrier,0,0,0,no run,0,,,1/0
1379601,1,1,6,Balasubramaniam Sachin,Jayaraman Suresh Kumar,Sankarankutty Sandeep Warrier,0,0,0,no run,0,,,1/0
1379601,1,1,7,Balasubramaniam Sachin,Jayaraman Suresh Kumar,Sankarankutty Sandeep Warrier,0,0,0,no run,0,,,1/0
1379601,1,2,1,Jayaraman Suresh Kumar,Balasubramaniam Sachin,Ramsingh Sonu Yadav,1,1,0,run,0,,,2/0
1379601,1,2,2,Balasubramaniam Sachin,Jayaraman Suresh Kumar,Ramsingh Sonu Yadav,0,0,0,out,1,caught,Balasubramaniam Sachin,2/1
1379601,1,2,3,Bhardwaj Sai Sudharsan,Jayaraman Suresh Kumar,Ramsingh Sonu Yadav,0,0,0,no run,0,,,2/1
1379601,1,2,4,Bhardwaj Sai Sudharsan,Jayaraman Suresh Kumar,Ramsingh Sonu Yadav,4,4,0,four,0,,,6/1
1379601,1,2,5,Bhardwaj Sai Sudharsan,Jayaraman Suresh Kumar,Ramsingh Sonu Yadav,1,1,0,run,0,,,7/1
1379601,1,2,6,Jayaraman Suresh Kumar,Bhardwaj Sai Sudharsan,Ramsingh Sonu Yadav,1,1,0,run,0,,,8/1
1379601,1,3,1,Jayaraman Suresh Kumar,Bhardwaj Sai Sudharsan,Sankarankutty Sandeep Warrier,0,0,0,no run,0,,,8/1
1379601,1,3,2,Jayaraman Suresh Kumar,Bhardwaj Sai Sudharsan,Sankarankutty Sandeep Warrier,0,0,0,no run,0,,,8/1
1379601,1,3,3,Jayaraman Suresh Kumar,Bhardwaj Sai Sudharsan,Sankarankutty Sandeep Warrier,4,4,0,four,0,,,12/1
1379601,1,3,4,Jayaraman Suresh Kumar,Bhardwaj Sai Sudharsan,Sankarankutty Sandeep Warrier,0,0,0,no run,0,,,12/1
1379601,1,3,5,Jayaraman Suresh Kumar,Bhardwaj Sai Sudharsan,Sankarankutty Sandeep Warrier,0,0,0,no run,0,,,12/1
1379601,1,3,6,Jayaraman Suresh Kumar,Bhardwaj Sai Sudharsan,Sankarankutty Sandeep Warrier,6,6,0,six,0,,,18/1
1379601,1,4,1,Bhardwaj Sai Sudharsan,Jayaraman Suresh Kumar,Ramsingh Sonu Yadav,4,4,0,four,0,,,22/1
1379601,1,4,2,Bhardwaj Sai Sudharsan,Jayaraman Suresh Kumar,Ramsingh Sonu Yadav,4,4,0,four,0,,,26/1
1379601,1,4,3,Bhardwaj Sai Sudharsan,Jayaraman Suresh Kumar,Ramsingh Sonu Yadav,0,0,0,no run,0,,,26/1
1379601,1,4,4,Bhardwaj Sai Sudharsan,Jayaraman Suresh Kumar,Ramsingh Sonu Yadav,1,1,0,run,0,,,27/1
1379601,1,4,5,Jayaraman Suresh Kumar,Bhardwaj Sai Sudharsan,Ramsingh Sonu Yadav,4,4,0,four,0,,,31/1
1379601,1,4,6,Jayaraman Suresh Kumar,Bhardwaj Sai Sudharsan,Ramsingh Sonu Yadav,4,4,0,four,0,,,35/1
1379601,1,5,1,Bhardwaj Sai Sudharsan,Jayaraman Suresh Kumar,S Lakshay Jain,0,0,0,no run,0,,,35/1
1379601,1,5,2,Bhardwaj Sai Sudharsan,Jayaraman Suresh Kumar,S Lakshay Jain,2,2,0,run,0,,,37/1
1379601,1,5,3,Bhardwaj Sai Sudharsan,Jayaraman Suresh Kumar,S Lakshay Jain,1,1,0,run,0,,,38/1
1379601,1,5,4,Jayaraman Suresh Kumar,Bhardwaj Sai Sudharsan,S Lakshay Jain,1,1,0,run,0,,,39/1
1379601,1,5,5,Bhardwaj Sai Sudharsan,Jayaraman Suresh Kumar,S Lakshay Jain,0,0,0,no run,0,,,39/1
1379601,1,5,6,Bhardwaj Sai Sudharsan,Jayaraman Suresh Kumar,S Lakshay Jain,1,1,0,run,0,,,40/1
1379601,1,6,1,Bhardwaj Sai Sudharsan,Jayaraman Suresh Kumar,R Mithun,1,1,0,run,0,,,41/1
1379601,1,6,2,Jayaraman Suresh Kumar,Bhardwaj Sai Sudharsan,R Mithun,0,0,0,no run,0,,,41/1
1379601,1,6,3,Jayaraman Suresh Kumar,Bhardwaj Sai Sudharsan,R Mithun,0,0,0,no run,0,,,41/1
1379601,1,6,4,Jayaraman Suresh Kumar,Bhardwaj Sai Sudharsan,R Mithun,1,1,0,run,0,,,42/1
1379601,1,6,5,Bhardwaj Sai Sudharsan,Jayaraman Suresh Kumar,R Mithun,4,4,0,four,0,,,46/1
1379601,1,6,6,Bhardwaj Sai Sudharsan,Jayaraman Suresh Kumar,R Mithun,0,0,0,no run,0,,,46/1
1379601,1,7,1,Jayaraman Suresh Kumar,Bhardwaj Sai Sudharsan,S Lakshay Jain,1,1,0,run,0,,,47/1
1379601,1,7,2,Bhardwaj Sai Sudharsan,Jayaraman Suresh Kumar,S Lakshay Jain,1,1,0,run,0,,,48/1
1379601,1,7,3,Jayaraman Suresh Kumar,Bhardwaj Sai Sudharsan,S Lakshay Jain,1,1,0,run,0,,,49/1
1379601,1,7,4,Bhardwaj Sai Sudharsan,Jayaraman Suresh Kumar,S Lakshay Jain,1,1,0,run,0,,,50/1
1379601,1,7,5,Jayaraman Suresh Kumar,Bhardwaj Sai Sudharsan,S Lakshay Jain,2,2,0,run,0,,,52/1
1379601,1,7,6,Jayaraman Suresh Kumar,Bhardwaj Sai Sudharsan,S Lakshay Jain,1,1,0,run,0,,,53/1
1379601,1,8,1,Jayaraman Suresh Kumar,Bhardwaj Sai Sudharsan,R Mithun,1,1,0,run,0,,,54/1
1379601,1,8,2,Bhardwaj Sai Sudharsan,Jayaraman Suresh Kumar,R Mithun,4,4,0,four,0,,,58/1
1379601,1,8,3,Bhardwaj Sai Sudharsan,Jayaraman Suresh Kumar,R Mithun,1,1,0,run,0,,,59/1
1379601,1,8,4,Jayaraman Suresh Kumar,Bhardwaj Sai Sudharsan,R Mithun,1,1,0,run,0,,,60/1
1379601,1,8,5,Bhardwaj Sai Sudharsan,Jayaraman Suresh Kumar,R Mithun,1,1,0,run,0,,,61/1
1379601,1,8,6,Jayaraman Suresh Kumar,Bhardwaj Sai Sudharsan,R Mithun,2,2,0,run,0,,,63/1
1379601,1,9,1,Bhardwaj Sai Sudharsan,Jayaraman Suresh Kumar,M Poiyamozhi,0,0,0,no run,0,,,63/1
1379601,1,9,2,Bhardwaj Sai Sudharsan,Jayaraman Suresh Kumar,M Poiyamozhi,1,1,0,run,0,,,64/1
1379601,1,9,3,Jayaraman Suresh Kumar,Bhardwaj Sai Sudharsan,M Poiyamozhi,2,2,0,run,0,,,66/1
1379601,1,9,4,Jayaraman Suresh Kumar,Bhardwaj Sai Sudharsan,M Poiyamozhi,1,0,1,bye,0,,,67/1
1379601,1,9,5,Bhardwaj Sai Sudharsan,Jayaraman Suresh Kumar,M Poiyamozhi,1,1,0,run,0,,,68/1
1379601,1,9,6,Jayaraman Suresh Kumar,Bhardwaj Sai Sudharsan,M Poiyamozhi,0,0,0,out,1,caught,Jayaraman Suresh Kumar,68/2
1379601,1,10,1,Bhardwaj Sai Sudharsan,R Ram Arvindh,S Mohan Prasath,1,1,0,run,0,,,69/2
1379601,1,10,2,R Ram Arvindh,Bhardwaj Sai Sudharsan,S Mohan Prasath,1,1,0,run,0,,,70/2
1379601,1,10,3,Bhardwaj Sai Sudharsan,R Ram Arvindh,S Mohan Prasath,1,1,0,run,0,,,71/2
1379601,1,10,4,R Ram Arvindh,Bhardwaj Sai Sudharsan,S Mohan Prasath,0,0,0,no run,0,,,71/2
1379601,1,10,5,R Ram Arvindh,Bhardwaj Sai Sudharsan,S Mohan Prasath,1,1,0,run,0,,,72/2
1379601,1,10,6,Bhardwaj Sai Sudharsan,R Ram Arvindh,S Mohan Prasath,1,1,0,run,0,,,73/2
1379601,1,11,1,Bhardwaj Sai Sudharsan,R Ram Arvindh,M Poiyamozhi,0,0,0,no run,0,,,73/2
1379601,1,11,2,Bhardwaj Sai Sudharsan,R Ram Arvindh,M Poiyamozhi,2,2,0,run,0,,,75/2
1379601,1,11,3,Bhardwaj Sai Sudharsan,R Ram Arvindh,M Poiyamozhi,1,1,0,run,0,,,76/2
1379601,1,11,4,R Ram Arvindh,Bhardwaj Sai Sudharsan,M Poiyamozhi,1,1,0,run,0,,,77/2
1379601,1,11,5,Bhardwaj Sai Sudharsan,R Ram Arvindh,M Poiyamozhi,4,4,0,four,0,,,81/2
1379601,1,11,6,Bhardwaj Sai Sudharsan,R Ram Arvindh,M Poiyamozhi,1,1,0,run,0,,,82/2
1379601,1,12,1,Bhardwaj Sai Sudharsan,R Ram Arvindh,S Lakshay Jain,2,2,0,run,0,,,84/2
1379601,1,12,2,Bhardwaj Sai Sudharsan,R Ram Arvindh,S Lakshay Jain,1,1,0,run,0,,,85/2
1379601,1,12,3,R Ram Arvindh,Bhardwaj Sai Sudharsan,S Lakshay Jain,0,0,0,no run,0,,,85/2
1379601,1,12,4,R Ram Arvindh,Bhardwaj Sai Sudharsan,S Lakshay Jain,1,1,0,run,0,,,86/2
1379601,1,12,5,Bhardwaj Sai Sudharsan,R Ram Arvindh,S Lakshay Jain,2,2,0,run,0,,,88/2
1379601,1,12,6,Bhardwaj Sai Sudharsan,R Ram Arvindh,S Lakshay Jain,1,1,0,run,0,,,89/2
1379601,1,13,1,Bhardwaj Sai Sudharsan,R Ram Arvindh,R Mithun,1,1,0,run,0,,,90/2
1379601,1,13,2,R Ram Arvindh,Bhardwaj Sai Sudharsan,R Mithun,1,1,0,run,0,,,91/2
1379601,1,13,3,Bhardwaj Sai Sudharsan,R Ram Arvindh,R Mithun,4,4,0,four,0,,,95/2
1379601,1,13,4,Bhardwaj Sai Sudharsan,R Ram Arvindh,R Mithun,1,1,0,run,0,,,96/2
1379601,1,13,5,R Ram Arvindh,Bhardwaj Sai Sudharsan,R Mithun,1,1,0,run,0,,,97/2
1379601,1,13,6,Bhardwaj Sai Sudharsan,R Ram Arvindh,R Mithun,2,2,0,run,0,,,99/2
1379601,1,14,1,R Ram Arvindh,Bhardwaj Sai Sudharsan,S Mohan Prasath,0,0,0,no run,0,,,99/2
1379601,1,14,2,R Ram Arvindh,Bhardwaj Sai Sudharsan,S Mohan Prasath,1,1,0,run,0,,,100/2
1379601,1,14,3,Bhardwaj Sai Sudharsan,R Ram Arvindh,S Mohan Prasath,6,6,0,six,0,,,106/2
1379601,1,14,4,Bhardwaj Sai Sudharsan,R Ram Arvindh,S Mohan Prasath,1,1,0,run,0,,,107/2
1379601,1,14,5,R Ram Arvindh,Bhardwaj Sai Sudharsan,S Mohan Prasath,0,0,0,no run,0,,,107/2
1379601,1,14,6,R Ram Arvindh,Bhardwaj Sai Sudharsan,S Mohan Prasath,1,1,0,run,0,,,108/2
1379601,1,15,1,R Ram Arvindh,Bhardwaj Sai Sudharsan,Sankarankutty Sandeep Warrier,1,1,0,run,0,,,109/2
1379601,1,15,2,Bhardwaj Sai Sudharsan,R Ram Arvindh,Sankarankutty Sandeep Warrier,1,1,0,run,0,,,110/2
1379601,1,15,3,R Ram Arvindh,Bhardwaj Sai Sudharsan,Sankarankutty Sandeep Warrier,1,1,0,run,0,,,111/2
1379601,1,15,4,Bhardwaj Sai Sudharsan,R Ram Arvindh,Sankarankutty Sandeep Warrier,1,0,1,leg bye,0,,,112/2
1379601,1,15,5,R Ram Arvindh,Bhardwaj Sai Sudharsan,Sankarankutty Sandeep Warrier,0,0,0,no run,0,,,112/2
1379601,1,15,6,R Ram Arvindh,Bhardwaj Sai Sudharsan,Sankarankutty Sandeep Warrier,1,1,0,run,0,,,113/2
1379601,1,16,1,R Ram Arvindh,Bhardwaj Sai Sudharsan,Ramsingh Sonu Yadav,2,2,0,run,0,,,115/2
1379601,1,16,2,R Ram Arvindh,Bhardwaj Sai Sudharsan,Ramsingh Sonu Yadav,1,1,0,run,0,,,116/2
1379601,1,16,3,Bhardwaj Sai Sudharsan,R Ram Arvindh,Ramsingh Sonu Yadav,1,0,1,wide,0,,,117/2
1379601,1,16,4,Bhardwaj Sai Sudharsan,R Ram Arvindh,Ramsingh Sonu Yadav,1,1,0,run,0,,,118/2
1379601,1,16,5,R Ram Arvindh,Bhardwaj Sai Sudharsan,Ramsingh Sonu Yadav,1,1,0,run,0,,,119/2
1379601,1,16,6,Bhardwaj Sai Sudharsan,R Ram Arvindh,Ramsingh Sonu Yadav,6,6,0,six,0,,,125/2
1379601,1,16,7,Bhardwaj Sai Sudharsan,R Ram Arvindh,Ramsingh Sonu Yadav,6,6,0,six,0,,,131/2
1379601,1,17,1,R Ram Arvindh,Bhardwaj Sai Sudharsan,M Poiyamozhi,1,1,0,run,0,,,132/2
1379601,1,17,2,Bhardwaj Sai Sudharsan,R Ram Arvindh,M Poiyamozhi,1,0,1,wide,0,,,133/2
1379601,1,17,3,Bhardwaj Sai Sudharsan,R Ram Arvindh,M Poiyamozhi,1,1,0,run,0,,,134/2
1379601,1,17,4,R Ram Arvindh,Bhardwaj Sai Sudharsan,M Poiyamozhi,2,2,0,run,0,,,136/2
1379601,1,17,5,R Ram Arvindh,Bhardwaj Sai Sudharsan,M Poiyamozhi,0,0,0,no run,0,,,136/2
1379601,1,17,6,R Ram Arvindh,Bhardwaj Sai Sudharsan,M Poiyamozhi,0,0,0,out,1,caught,R Ram Arvindh,136/3
1379601,1,17,7,Masood Shahrukh Khan,Bhardwaj Sai Sudharsan,M Poiyamozhi,1,1,0,run,0,,,137/3
1379601,1,18,1,Masood Shahrukh Khan,Bhardwaj Sai Sudharsan,Sankarankutty Sandeep Warrier,1,1,0,run,0,,,138/3
1379601,1,18,2,Bhardwaj Sai Sudharsan,Masood Shahrukh Khan,Sankarankutty Sandeep Warrier,6,6,0,six,0,,,144/3
1379601,1,18,3,Bhardwaj Sai Sudharsan,Masood Shahrukh Khan,Sankarankutty Sandeep Warrier,1,1,0,run,0,,,145/3
1379601,1,18,4,Masood Shahrukh Khan,Bhardwaj Sai Sudharsan,Sankarankutty Sandeep Warrier,0,0,0,no run,0,,,145/3
1379601,1,18,5,Masood Shahrukh Khan,Bhardwaj Sai Sudharsan,Sankarankutty Sandeep Warrier,4,4,0,four,0,,,149/3
1379601,1,18,6,Masood Shahrukh Khan,Bhardwaj Sai Sudharsan,Sankarankutty Sandeep Warrier,6,6,0,six,0,,,155/3
1379601,1,19,1,Bhardwaj Sai Sudharsan,Masood Shahrukh Khan,M Poiyamozhi,1,0,1,wide,0,,,156/3
1379601,1,19,2,Bhardwaj Sai Sudharsan,Masood Shahrukh Khan,M Poiyamozhi,2,2,0,run,0,,,158/3
1379601,1,19,3,Bhardwaj Sai Sudharsan,Masood Shahrukh Khan,M Poiyamozhi,1,1,0,run,0,,,159/3
1379601,1,19,4,Masood Shahrukh Khan,Bhardwaj Sai Sudharsan,M Poiyamozhi,4,4,0,four,0,,,163/3
1379601,1,19,5,Masood Shahrukh Khan,Bhardwaj Sai Sudharsan,M Poiyamozhi,1,1,0,run,0,,,164/3
1379601,1,19,6,Bhardwaj Sai Sudharsan,Masood Shahrukh Khan,M Poiyamozhi,1,0,1,wide,0,,,165/3
1379601,1,19,7,Bhardwaj Sai Sudharsan,Masood Shahrukh Khan,M Poiyamozhi,0,0,0,out,1,run out,Bhardwaj Sai Sudharsan,165/4
1379601,1,19,8,Masood Shahrukh Khan,M Mohammed,M Poiyamozhi,0,0,0,out,1,caught,Masood Shahrukh Khan,165/5
1379601,1,20,1,M Mohammed,U Mukilesh,S Mohan Prasath,1,1,0,run,0,,,166/5
1379601,1,20,2,U Mukilesh,M Mohammed,S Mohan Prasath,6,6,0,six,0,,,172/5
1379601,1,20,3,U Mukilesh,M Mohammed,S Mohan Prasath,4,4,0,four,0,,,176/5
1379601,1,20,4,U Mukilesh,M Mohammed,S Mohan Prasath,0,0,0,no run,0,,,176/5
1379601,1,20,5,U Mukilesh,M Mohammed,S Mohan Prasath,4,4,0,four,0,,,180/5
1379601,1,20,6,U Mukilesh,M Mohammed,S Mohan Prasath,1,1,0,run,1,run out,U Mukilesh,181/6
1379601,2,1,1,R Sri Neranjan,Konda Bhaskir Arun Karthik,K Gowtham Thamarai Kannan,0,0,0,no run,0,,,0/0
1379601,2,1,2,R Sri Neranjan,Konda Bhaskir Arun Karthik,K Gowtham Thamarai Kannan,1,1,0,run,0,,,1/0
1379601,2,1,3,Konda Bhaskir Arun Karthik,R Sri Neranjan,K Gowtham Thamarai Kannan,0,0,0,out,1,caught,Konda Bhaskir Arun Karthik,1/1
1379601,2,1,4,Guruswamy Ajitesh,R Sri Neranjan,K Gowtham Thamarai Kannan,0,0,0,no run,0,,,1/1
1379601,2,1,5,Guruswamy Ajitesh,R Sri Neranjan,K Gowtham Thamarai Kannan,0,0,0,no run,0,,,1/1
1379601,2,1,6,Guruswamy Ajitesh,R Sri Neranjan,K Gowtham Thamarai Kannan,0,0,0,no run,0,,,1/1
1379601,2,2,1,R Sri Neranjan,Guruswamy Ajitesh,Manimaran Siddharth,0,0,0,no run,0,,,1/1
1379601,2,2,2,R Sri Neranjan,Guruswamy Ajitesh,Manimaran Siddharth,0,0,0,no run,0,,,1/1
1379601,2,2,3,R Sri Neranjan,Guruswamy Ajitesh,Manimaran Siddharth,4,4,0,four,0,,,5/1
1379601,2,2,4,R Sri Neranjan,Guruswamy Ajitesh,Manimaran Siddharth,2,2,0,run,0,,,7/1
1379601,2,2,5,R Sri Neranjan,Guruswamy Ajitesh,Manimaran Siddharth,1,0,1,wide,0,,,8/1
1379601,2,2,6,R Sri Neranjan,Guruswamy Ajitesh,Manimaran Siddharth,0,0,0,no run,0,,,8/1
1379601,2,2,7,R Sri Neranjan,Guruswamy Ajitesh,Manimaran Siddharth,0,0,0,no run,0,,,8/1
1379601,2,3,1,Guruswamy Ajitesh,R Sri Neranjan,K Gowtham Thamarai Kannan,4,4,0,four,0,,,12/1
1379601,2,3,2,Guruswamy Ajitesh,R Sri Neranjan,K Gowtham Thamarai Kannan,0,0,0,no run,0,,,12/1
1379601,2,3,3,Guruswamy Ajitesh,R Sri Neranjan,K Gowtham Thamarai Kannan,4,4,0,four,0,,,16/1
1379601,2,3,4,Guruswamy Ajitesh,R Sri Neranjan,K Gowtham Thamarai Kannan,4,4,0,four,0,,,20/1
1379601,2,3,5,Guruswamy Ajitesh,R Sri Neranjan,K Gowtham Thamarai Kannan,1,1,0,run,0,,,21/1
1379601,2,3,6,R Sri Neranjan,Guruswamy Ajitesh,K Gowtham Thamarai Kannan,6,6,0,six,0,,,27/1
1379601,2,4,1,Guruswamy Ajitesh,R Sri Neranjan,Manimaran Siddharth,4,4,0,four,0,,,31/1
1379601,2,4,2,Guruswamy Ajitesh,R Sri Neranjan,Manimaran Siddharth,1,1,0,run,0,,,32/1
1379601,2,4,3,R Sri Neranjan,Guruswamy Ajitesh,Manimaran Siddharth,1,0,1,wide,0,,,33/1
1379601,2,4,4,R Sri Neranjan,Guruswamy Ajitesh,Manimaran Siddharth,1,1,0,run,0,,,34/1
1379601,2,4,5,Guruswamy Ajitesh,R Sri Neranjan,Manimaran Siddharth,0,0,0,no run,0,,,34/1
1379601,2,4,6,Guruswamy Ajitesh,R Sri Neranjan,Manimaran Siddharth,0,0,0,no run,0,,,34/1
1379601,2,4,7,Guruswamy Ajitesh,R Sri Neranjan,Manimaran Siddharth,0,0,0,no run,0,,,34/1
1379601,2,5,1,R Sri Neranjan,Guruswamy Ajitesh,L Kiran Akash,0,0,0,no run,0,,,34/1
1379601,2,5,2,R Sri Neranjan,Guruswamy Ajitesh,L Kiran Akash,1,1,0,run,0,,,35/1
1379601,2,5,3,Guruswamy Ajitesh,R Sri Neranjan,L Kiran Akash,6,6,0,six,0,,,41/1
1379601,2,5,4,Guruswamy Ajitesh,R Sri Neranjan,L Kiran Akash,0,0,0,no run,0,,,41/1
1379601,2,5,5,Guruswamy Ajitesh,R Sri Neranjan,L Kiran Akash,1,1,0,run,0,,,42/1
1379601,2,5,6,R Sri Neranjan,Guruswamy Ajitesh,L Kiran Akash,0,0,0,no run,0,,,42/1
1379601,2,6,1,Guruswamy Ajitesh,R Sri Neranjan,Masood Shahrukh Khan,0,0,0,no run,0,,,42/1
1379601,2,6,2,Guruswamy Ajitesh,R Sri Neranjan,Masood Shahrukh Khan,0,0,0,no run,0,,,42/1
1379601,2,6,3,Guruswamy Ajitesh,R Sri Neranjan,Masood Shahrukh Khan,4,4,0,four,0,,,46/1
1379601,2,6,4,Guruswamy Ajitesh,R Sri Neranjan,Masood Shahrukh Khan,1,1,0,run,0,,,47/1
1379601,2,6,5,R Sri Neranjan,Guruswamy Ajitesh,Masood Shahrukh Khan,0,0,0,no run,0,,,47/1
1379601,2,6,6,R Sri Neranjan,Guruswamy Ajitesh,Masood Shahrukh Khan,1,1,0,run,0,,,48/1
1379601,2,7,1,R Sri Neranjan,Guruswamy Ajitesh,Jhathavedh Subramanyan,0,0,0,no run,0,,,48/1
1379601,2,7,2,R Sri Neranjan,Guruswamy Ajitesh,Jhathavedh Subramanyan,0,0,0,no run,0,,,48/1
1379601,2,7,3,R Sri Neranjan,Guruswamy Ajitesh,Jhathavedh Subramanyan,1,1,0,run,0,,,49/1
1379601,2,7,4,Guruswamy Ajitesh,R Sri Neranjan,Jhathavedh Subramanyan,1,1,0,run,0,,,50/1
1379601,2,7,5,R Sri Neranjan,Guruswamy Ajitesh,Jhathavedh Subramanyan,4,4,0,four,0,,,54/1
1379601,2,7,6,R Sri Neranjan,Guruswamy Ajitesh,Jhathavedh Subramanyan,1,1,0,run,0,,,55/1
1379601,2,8,1,R Sri Neranjan,Guruswamy Ajitesh,U Mukilesh,0,0,0,no run,0,,,55/1
1379601,2,8,2,R Sri Neranjan,Guruswamy Ajitesh,U Mukilesh,0,0,0,no run,0,,,55/1
1379601,2,8,3,R Sri Neranjan,Guruswamy Ajitesh,U Mukilesh,1,1,0,run,0,,,56/1
1379601,2,8,4,Guruswamy Ajitesh,R Sri Neranjan,U Mukilesh,0,0,0,no run,0,,,56/1
1379601,2,8,5,Guruswamy Ajitesh,R Sri Neranjan,U Mukilesh,6,6,0,six,0,,,62/1
1379601,2,8,6,Guruswamy Ajitesh,R Sri Neranjan,U Mukilesh,1,1,0,run,0,,,63/1
1379601,2,9,1,Guruswamy Ajitesh,R Sri Neranjan,M Mohammed,1,1,0,run,0,,,64/1
1379601,2,9,2,R Sri Neranjan,Guruswamy Ajitesh,M Mohammed,0,0,0,no run,0,,,64/1
1379601,2,9,3,R Sri Neranjan,Guruswamy Ajitesh,M Mohammed,1,0,1,wide,0,,,65/1
1379601,2,9,4,R Sri Neranjan,Guruswamy Ajitesh,M Mohammed,1,1,0,run,0,,,66/1
1379601,2,9,5,Guruswamy Ajitesh,R Sri Neranjan,M Mohammed,6,6,0,six,0,,,72/1
1379601,2,9,6,Guruswamy Ajitesh,R Sri Neranjan,M Mohammed,1,1,0,run,0,,,73/1
1379601,2,9,7,R Sri Neranjan,Guruswamy Ajitesh,M Mohammed,0,0,0,no run,0,,,73/1
1379601,2,10,1,Guruswamy Ajitesh,R Sri Neranjan,Manimaran Siddharth,0,0,0,no run,0,,,73/1
1379601,2,10,2,Guruswamy Ajitesh,R Sri Neranjan,Manimaran Siddharth,1,1,0,run,0,,,74/1
1379601,2,10,3,R Sri Neranjan,Guruswamy Ajitesh,Manimaran Siddharth,1,1,0,run,0,,,75/1
1379601,2,10,4,Guruswamy Ajitesh,R Sri Neranjan,Manimaran Siddharth,0,0,0,no run,0,,,75/1
1379601,2,10,5,Guruswamy Ajitesh,R Sri Neranjan,Manimaran Siddharth,1,1,0,run,0,,,76/1
1379601,2,10,6,R Sri Neranjan,Guruswamy Ajitesh,Manimaran Siddharth,0,0,0,no run,0,,,76/1
1379601,2,11,1,Guruswamy Ajitesh,R Sri Neranjan,Jhathavedh Subramanyan,1,1,0,run,0,,,77/1
1379601,2,11,2,R Sri Neranjan,Guruswamy Ajitesh,Jhathavedh Subramanyan,0,0,0,out,1,caught,R Sri Neranjan,77/2
1379601,2,11,3,S Rithik Easwaran,Guruswamy Ajitesh,Jhathavedh Subramanyan,1,1,0,run,0,,,78/2
1379601,2,11,4,Guruswamy Ajitesh,S Rithik Easwaran,Jhathavedh Subramanyan,1,0,1,wide,0,,,79/2
1379601,2,11,5,Guruswamy Ajitesh,S Rithik Easwaran,Jhathavedh Subramanyan,2,2,0,run,0,,,81/2
1379601,2,11,6,Guruswamy Ajitesh,S Rithik Easwaran,Jhathavedh Subramanyan,1,1,0,run,0,,,82/2
1379601,2,11,7,S Rithik Easwaran,Guruswamy Ajitesh,Jhathavedh Subramanyan,1,1,0,run,0,,,83/2
1379601,2,12,1,S Rithik Easwaran,Guruswamy Ajitesh,Masood Shahrukh Khan,1,1,0,run,0,,,84/2
1379601,2,12,2,Guruswamy Ajitesh,S Rithik Easwaran,Masood Shahrukh Khan,1,1,0,run,0,,,85/2
1379601,2,12,3,Guruswamy Ajitesh,S Rithik Easwaran,Masood Shahrukh Khan,2,2,0,run,0,,,87/2
1379601,2,12,4,Guruswamy Ajitesh,S Rithik Easwaran,Masood Shahrukh Khan,1,1,0,run,0,,,88/2
1379601,2,12,5,S Rithik Easwaran,Guruswamy Ajitesh,Masood Shahrukh Khan,0,0,0,out,1,caught,S Rithik Easwaran,88/3
1379601,2,12,6,Ramsingh Sonu Yadav,Guruswamy Ajitesh,Masood Shahrukh Khan,1,1,0,run,0,,,89/3
1379601,2,13,1,Ramsingh Sonu Yadav,Guruswamy Ajitesh,Jhathavedh Subramanyan,0,0,0,no run,0,,,89/3
1379601,2,13,2,Ramsingh Sonu Yadav,Guruswamy Ajitesh,Jhathavedh Subramanyan,1,1,0,run,0,,,90/3
1379601,2,13,3,Guruswamy Ajitesh,Ramsingh Sonu Yadav,Jhathavedh Subramanyan,1,1,0,run,0,,,91/3
1379601,2,13,4,Ramsingh Sonu Yadav,Guruswamy Ajitesh,Jhathavedh Subramanyan,6,6,0,six,0,,,97/3
1379601,2,13,5,Ramsingh Sonu Yadav,Guruswamy Ajitesh,Jhathavedh Subramanyan,0,0,0,no run,0,,,97/3
1379601,2,13,6,Ramsingh Sonu Yadav,Guruswamy Ajitesh,Jhathavedh Subramanyan,2,2,0,run,0,,,99/3
1379601,2,14,1,Guruswamy Ajitesh,Ramsingh Sonu Yadav,M Mohammed,1,1,0,run,0,,,100/3
1379601,2,14,2,Ramsingh Sonu Yadav,Guruswamy Ajitesh,M Mohammed,2,2,0,run,0,,,102/3
1379601,2,14,3,Ramsingh Sonu Yadav,Guruswamy Ajitesh,M Mohammed,1,1,0,run,0,,,103/3
1379601,2,14,4,Guruswamy Ajitesh,Ramsingh Sonu Yadav,M Mohammed,6,6,0,six,0,,,109/3
1379601,2,14,5,Guruswamy Ajitesh,Ramsingh Sonu Yadav,M Mohammed,1,1,0,run,0,,,110/3
1379601,2,14,6,Ramsingh Sonu Yadav,Guruswamy Ajitesh,M Mohammed,1,1,0,run,0,,,111/3
1379601,2,15,1,Ramsingh Sonu Yadav,Guruswamy Ajitesh,Manimaran Siddharth,4,0,4,bye,0,,,115/3
1379601,2,15,2,Ramsingh Sonu Yadav,Guruswamy Ajitesh,Manimaran Siddharth,2,2,0,run,0,,,117/3
1379601,2,15,3,Ramsingh Sonu Yadav,Guruswamy Ajitesh,Manimaran Siddharth,1,1,0,run,0,,,118/3
1379601,2,15,4,Guruswamy Ajitesh,Ramsingh Sonu Yadav,Manimaran Siddharth,1,1,0,run,0,,,119/3
1379601,2,15,5,Ramsingh Sonu Yadav,Guruswamy Ajitesh,Manimaran Siddharth,1,1,0,run,0,,,120/3
1379601,2,15,6,Guruswamy Ajitesh,Ramsingh Sonu Yadav,Manimaran Siddharth,1,1,0,run,0,,,121/3
1379601,2,16,1,Guruswamy Ajitesh,Ramsingh Sonu Yadav,Jhathavedh Subramanyan,1,1,0,run,0,,,122/3
1379601,2,16,2,Ramsingh Sonu Yadav,Guruswamy Ajitesh,Jhathavedh Subramanyan,1,1,0,run,0,,,123/3
1379601,2,16,3,Guruswamy Ajitesh,Ramsingh Sonu Yadav,Jhathavedh Subramanyan,1,1,0,run,0,,,124/3
1379601,2,16,4,Ramsingh Sonu Yadav,Guruswamy Ajitesh,Jhathavedh Subramanyan,1,1,0,run,0,,,125/3
1379601,2,16,5,Guruswamy Ajitesh,Ramsingh Sonu Yadav,Jhathavedh Subramanyan,4,4,0,four,0,,,129/3
1379601,2,16,6,Guruswamy Ajitesh,Ramsingh Sonu Yadav,Jhathavedh Subramanyan,2,2,0,run,0,,,131/3
1379601,2,17,1,Ramsingh Sonu Yadav,Guruswamy Ajitesh,L Kiran Akash,0,0,0,out,1,bowled,Ramsingh Sonu Yadav,131/4
1379601,2,17,2,SJ Arun Kumar,Guruswamy Ajitesh,L Kiran Akash,2,2,0,run,0,,,133/4
1379601,2,17,3,SJ Arun Kumar,Guruswamy Ajitesh,L Kiran Akash,1,1,0,run,0,,,134/4
1379601,2,17,4,Guruswamy Ajitesh,SJ Arun Kumar,L Kiran Akash,0,0,0,no run,0,,,134/4
1379601,2,17,5,Guruswamy Ajitesh,SJ Arun Kumar,L Kiran Akash,6,6,0,six,0,,,140/4
1379601,2,17,6,Guruswamy Ajitesh,SJ Arun Kumar,L Kiran Akash,4,4,0,four,0,,,144/4
1379601,2,18,1,SJ Arun Kumar,Guruswamy Ajitesh,M Mohammed,0,0,0,no run,0,,,144/4
1379601,2,18,2,SJ Arun Kumar,Guruswamy Ajitesh,M Mohammed,1,0,1,wide,0,,,145/4
1379601,2,18,3,SJ Arun Kumar,Guruswamy Ajitesh,M Mohammed,0,0,0,out,1,leg before wicket,SJ Arun Kumar,145/5
1379601,2,18,4,R Mithun,Guruswamy Ajitesh,M Mohammed,1,1,0,run,0,,,146/5
1379601,2,18,5,Guruswamy Ajitesh,R Mithun,M Mohammed,2,2,0,run,0,,,148/5
1379601,2,18,6,Guruswamy Ajitesh,R Mithun,M Mohammed,0,0,0,no run,0,,,148/5
1379601,2,18,7,Guruswamy Ajitesh,R Mithun,M Mohammed,1,1,0,run,0,,,149/5
1379601,2,19,1,Guruswamy Ajitesh,R Mithun,L Kiran Akash,0,0,0,no run,0,,,149/5
1379601,2,19,2,Guruswamy Ajitesh,R Mithun,L Kiran Akash,6,6,0,six,0,,,155/5
1379601,2,19,3,Guruswamy Ajitesh,R Mithun,L Kiran Akash,3,3,0,run,0,,,158/5
1379601,2,19,4,R Mithun,Guruswamy Ajitesh,L Kiran Akash,1,1,0,run,0,,,159/5
1379601,2,19,5,Guruswamy Ajitesh,R Mithun,L Kiran Akash,2,2,0,run,0,,,161/5
1379601,2,19,6,Guruswamy Ajitesh,R Mithun,L Kiran Akash,6,6,0,six,0,,,167/5
1379601,2,20,1,R Mithun,Guruswamy Ajitesh,M Mohammed,1,1,0,run,0,,,168/5
1379601,2,20,2,Guruswamy Ajitesh,R Mithun,M Mohammed,6,6,0,six,0,,,174/5
1379601,2,20,3,Guruswamy Ajitesh,R Mithun,M Mohammed,1,1,0,run,0,,,175/5
1379601,2,20,4,R Mithun,Guruswamy Ajitesh,M Mohammed,0,0,0,out,1,run out,Guruswamy Ajitesh,175/6
1379601,2,20,5,M Poiyamozhi,R Mithun,M Mohammed,6,6,0,six,0,,,181/6
1379601,2,20,6,M Poiyamozhi,R Mithun,M Mohammed,1,1,0,run,0,,,182/6
1379602,1,1,1,Ganga Sridhar Raju,Jafar Jamal,Abhishek Baljeetsingh Tanwar,1,1,0,run,0,,,1/0
1379602,1,1,2,Jafar Jamal,Ganga Sridhar Raju,Abhishek Baljeetsingh Tanwar,0,0,0,no run,0,,,1/0
1379602,1,1,3,Jafar Jamal,Ganga Sridhar Raju,Abhishek Baljeetsingh Tanwar,0,0,0,no run,0,,,1/0
1379602,1,1,4,Jafar Jamal,Ganga Sridhar Raju,Abhishek Baljeetsingh Tanwar,0,0,0,no run,0,,,1/0
1379602,1,1,5,Jafar Jamal,Ganga Sridhar Raju,Abhishek Baljeetsingh Tanwar,0,0,0,out,1,caught,Jafar Jamal,1/1
1379602,1,1,6,P Francis Rokins,Ganga Sridhar Raju,Abhishek Baljeetsingh Tanwar,0,0,0,no run,0,,,1/1
1379602,1,2,1,Ganga Sridhar Raju,P Francis Rokins,Sunny Sandhu,0,0,0,no run,0,,,1/1
1379602,1,2,2,Ganga Sridhar Raju,P Francis Rokins,Sunny Sandhu,0,0,0,no run,0,,,1/1
1379602,1,2,3,Ganga Sridhar Raju,P Francis Rokins,Sunny Sandhu,4,4,0,four,0,,,5/1
1379602,1,2,4,Ganga Sridhar Raju,P Francis Rokins,Sunny Sandhu,0,0,0,no run,0,,,5/1
1379602,1,2,5,Ganga Sridhar Raju,P Francis Rokins,Sunny Sandhu,0,0,0,no run,0,,,5/1
1379602,1,2,6,Ganga Sridhar Raju,P Francis Rokins,Sunny Sandhu,0,0,0,no run,0,,,5/1
1379602,1,3,1,P Francis Rokins,Ganga Sridhar Raju,Abhishek Baljeetsingh Tanwar,1,1,0,run,0,,,6/1
1379602,1,3,2,Ganga Sridhar Raju,P Francis Rokins,Abhishek Baljeetsingh Tanwar,0,0,0,no run,0,,,6/1
1379602,1,3,3,Ganga Sridhar Raju,P Francis Rokins,Abhishek Baljeetsingh Tanwar,1,1,0,run,0,,,7/1
1379602,1,3,4,P Francis Rokins,Ganga Sridhar Raju,Abhishek Baljeetsingh Tanwar,0,0,0,no run,0,,,7/1
1379602,1,3,5,P Francis Rokins,Ganga Sridhar Raju,Abhishek Baljeetsingh Tanwar,1,1,0,run,0,,,8/1
1379602,1,3,6,Ganga Sridhar Raju,P Francis Rokins,Abhishek Baljeetsingh Tanwar,0,0,0,no run,0,,,8/1
1379602,1,4,1,P Francis Rokins,Ganga Sridhar Raju,Sunny Sandhu,1,1,0,run,0,,,9/1
1379602,1,4,2,Ganga Sridhar Raju,P Francis Rokins,Sunny Sandhu,0,0,0,no run,0,,,9/1
1379602,1,4,3,Ganga Sridhar Raju,P Francis Rokins,Sunny Sandhu,0,0,0,no run,0,,,9/1
1379602,1,4,4,Ganga Sridhar Raju,P Francis Rokins,Sunny Sandhu,0,0,0,no run,0,,,9/1
1379602,1,4,5,Ganga Sridhar Raju,P Francis Rokins,Sunny Sandhu,0,0,0,no run,0,,,9/1
1379602,1,4,6,Ganga Sridhar Raju,P Francis Rokins,Sunny Sandhu,0,0,0,out,1,caught,Ganga Sridhar Raju,9/2
1379602,1,5,1,P Francis Rokins,K Mani Bharathi,Abhishek Baljeetsingh Tanwar,0,0,0,no run,0,,,9/2
1379602,1,5,2,P Francis Rokins,K Mani Bharathi,Abhishek Baljeetsingh Tanwar,0,0,0,no run,0,,,9/2
1379602,1,5,3,P Francis Rokins,K Mani Bharathi,Abhishek Baljeetsingh Tanwar,0,0,0,no run,0,,,9/2
1379602,1,5,4,P Francis Rokins,K Mani Bharathi,Abhishek Baljeetsingh Tanwar,0,0,0,no run,0,,,9/2
1379602,1,5,5,P Francis Rokins,K Mani Bharathi,Abhishek Baljeetsingh Tanwar,0,0,0,no run,0,,,9/2
1379602,1,5,6,P Francis Rokins,K Mani Bharathi,Abhishek Baljeetsingh Tanwar,0,0,0,no run,0,,,9/2
1379602,1,6,1,K Mani Bharathi,P Francis Rokins,Sachin Rathi,0,0,0,no run,0,,,9/2
1379602,1,6,2,K Mani Bharathi,P Francis Rokins,Sachin Rathi,0,0,0,no run,0,,,9/2
1379602,1,6,3,K Mani Bharathi,P Francis Rokins,Sachin Rathi,1,1,0,run,0,,,10/2
1379602,1,6,4,P Francis Rokins,K Mani Bharathi,Sachin Rathi,0,0,0,no run,0,,,10/2
1379602,1,6,5,P Francis Rokins,K Mani Bharathi,Sachin Rathi,6,6,0,six,0,,,16/2
1379602,1,6,6,P Francis Rokins,K Mani Bharathi,Sachin Rathi,6,6,0,six,0,,,22/2
1379602,1,7,1,K Mani Bharathi,P Francis Rokins,Akash Sumra,0,0,0,no run,0,,,22/2
1379602,1,7,2,K Mani Bharathi,P Francis Rokins,Akash Sumra,0,0,0,no run,0,,,22/2
1379602,1,7,3,K Mani Bharathi,P Francis Rokins,Akash Sumra,0,0,0,no run,0,,,22/2
1379602,1,7,4,K Mani Bharathi,P Francis Rokins,Akash Sumra,0,0,0,no run,0,,,22/2
1379602,1,7,5,K Mani Bharathi,P Francis Rokins,Akash Sumra,6,6,0,six,0,,,28/2
1379602,1,7,6,K Mani Bharathi,P Francis Rokins,Akash Sumra,1,1,0,run,0,,,29/2
1379602,1,8,1,K Mani Bharathi,P Francis Rokins,Rajendran Karthikeyan,1,1,0,run,0,,,30/2
1379602,1,8,2,P Francis Rokins,K Mani Bharathi,Rajendran Karthikeyan,1,1,0,run,0,,,31/2
1379602,1,8,3,K Mani Bharathi,P Francis Rokins,Rajendran Karthikeyan,1,1,0,run,0,,,32/2
1379602,1,8,4,P Francis Rokins,K Mani Bharathi,Rajendran Karthikeyan,0,0,0,no run,0,,,32/2
1379602,1,8,5,P Francis Rokins,K Mani Bharathi,Rajendran Karthikeyan,0,0,0,out,1,caught,P Francis Rokins,32/3
1379602,1,8,6,Wenseslaus Antony Dhas,K Mani Bharathi,Rajendran Karthikeyan,0,0,0,no run,0,,,32/3
1379602,1,9,1,K Mani Bharathi,Wenseslaus Antony Dhas,M Ganesh Moorthi,0,0,0,no run,0,,,32/3
1379602,1,9,2,K Mani Bharathi,Wenseslaus Antony Dhas,M Ganesh Moorthi,0,0,0,no run,0,,,32/3
1379602,1,9,3,K Mani Bharathi,Wenseslaus Antony Dhas,M Ganesh Moorthi,0,0,0,no run,0,,,32/3
1379602,1,9,4,K Mani Bharathi,Wenseslaus Antony Dhas,M Ganesh Moorthi,1,1,0,run,0,,,33/3
1379602,1,9,5,Wenseslaus Antony Dhas,K Mani Bharathi,M Ganesh Moorthi,1,1,0,run,0,,,34/3
1379602,1,9,6,K Mani Bharathi,Wenseslaus Antony Dhas,M Ganesh Moorthi,1,1,0,run,0,,,35/3
1379602,1,10,1,K Mani Bharathi,Wenseslaus Antony Dhas,Rajendran Karthikeyan,4,4,0,four,0,,,39/3
1379602,1,10,2,K Mani Bharathi,Wenseslaus Antony Dhas,Rajendran Karthikeyan,4,4,0,four,0,,,43/3
1379602,1,10,3,K Mani Bharathi,Wenseslaus Antony Dhas,Rajendran Karthikeyan,1,1,0,run,0,,,44/3
1379602,1,10,4,Wenseslaus Antony Dhas,K Mani Bharathi,Rajendran Karthikeyan,2,2,0,run,0,,,46/3
1379602,1,10,5,Wenseslaus Antony Dhas,K Mani Bharathi,Rajendran Karthikeyan,0,0,0,no run,0,,,46/3
1379602,1,10,6,Wenseslaus Antony Dhas,K Mani Bharathi,Rajendran Karthikeyan,1,1,0,run,0,,,47/3
1379602,1,11,1,Wenseslaus Antony Dhas,K Mani Bharathi,M Ganesh Moorthi,0,0,0,no run,0,,,47/3
1379602,1,11,2,Wenseslaus Antony Dhas,K Mani Bharathi,M Ganesh Moorthi,4,4,0,four,0,,,51/3
1379602,1,11,3,Wenseslaus Antony Dhas,K Mani Bharathi,M Ganesh Moorthi,0,0,0,no run,0,,,51/3
1379602,1,11,4,Wenseslaus Antony Dhas,K Mani Bharathi,M Ganesh Moorthi,0,0,0,no run,0,,,51/3
1379602,1,11,5,Wenseslaus Antony Dhas,K Mani Bharathi,M Ganesh Moorthi,0,0,0,no run,0,,,51/3
1379602,1,11,6,Wenseslaus Antony Dhas,K Mani Bharathi,M Ganesh Moorthi,4,4,0,four,0,,,55/3
1379602,1,12,1,K Mani Bharathi,Wenseslaus Antony Dhas,Rajendran Karthikeyan,0,0,0,no run,0,,,55/3
1379602,1,12,2,K Mani Bharathi,Wenseslaus Antony Dhas,Rajendran Karthikeyan,1,1,0,run,0,,,56/3
1379602,1,12,3,Wenseslaus Antony Dhas,K Mani Bharathi,Rajendran Karthikeyan,0,0,0,out,1,caught,Wenseslaus Antony Dhas,56/4
1379602,1,12,4,Daryl Sunder Ferrario,K Mani Bharathi,Rajendran Karthikeyan,1,1,0,run,0,,,57/4
1379602,1,12,5,K Mani Bharathi,Daryl Sunder Ferrario,Rajendran Karthikeyan,1,1,0,run,0,,,58/4
1379602,1,12,6,Daryl Sunder Ferrario,K Mani Bharathi,Rajendran Karthikeyan,1,1,0,run,0,,,59/4
1379602,1,13,1,Daryl Sunder Ferrario,K Mani Bharathi,Akash Sumra,4,4,0,four,0,,,63/4
1379602,1,13,2,Daryl Sunder Ferrario,K Mani Bharathi,Akash Sumra,1,1,0,run,0,,,64/4
1379602,1,13,3,K Mani Bharathi,Daryl Sunder Ferrario,Akash Sumra,0,0,0,no run,0,,,64/4
1379602,1,13,4,K Mani Bharathi,Daryl Sunder Ferrario,Akash Sumra,0,0,0,no run,0,,,64/4
1379602,1,13,5,K Mani Bharathi,Daryl Sunder Ferrario,Akash Sumra,1,1,0,run,0,,,65/4
1379602,1,13,6,Daryl Sunder Ferrario,K Mani Bharathi,Akash Sumra,1,0,1,wide,0,,,66/4
1379602,1,13,7,Daryl Sunder Ferrario,K Mani Bharathi,Akash Sumra,1,1,0,run,0,,,67/4
1379602,1,14,1,Daryl Sunder Ferrario,K Mani Bharathi,Rajendran Karthikeyan,2,2,0,run,0,,,69/4
1379602,1,14,2,Daryl Sunder Ferrario,K Mani Bharathi,Rajendran Karthikeyan,1,1,0,run,0,,,70/4
1379602,1,14,3,K Mani Bharathi,Daryl Sunder Ferrario,Rajendran Karthikeyan,2,2,0,run,0,,,72/4
1379602,1,14,4,K Mani Bharathi,Daryl Sunder Ferrario,Rajendran Karthikeyan,1,1,0,run,0,,,73/4
1379602,1,14,5,Daryl Sunder Ferrario,K Mani Bharathi,Rajendran Karthikeyan,1,1,0,run,0,,,74/4
1379602,1,14,6,K Mani Bharathi,Daryl Sunder Ferrario,Rajendran Karthikeyan,1,1,0,run,0,,,75/4
1379602,1,15,1,K Mani Bharathi,Daryl Sunder Ferrario,Akash Sumra,4,4,0,four,0,,,79/4
1379602,1,15,2,K Mani Bharathi,Daryl Sunder Ferrario,Akash Sumra,6,6,0,six,0,,,85/4
1379602,1,15,3,K Mani Bharathi,Daryl Sunder Ferrario,Akash Sumra,1,1,0,run,0,,,86/4
1379602,1,15,4,Daryl Sunder Ferrario,K Mani Bharathi,Akash Sumra,1,1,0,run,0,,,87/4
1379602,1,15,5,K Mani Bharathi,Daryl Sunder Ferrario,Akash Sumra,1,1,0,run,0,,,88/4
1379602,1,15,6,Daryl Sunder Ferrario,K Mani Bharathi,Akash Sumra,6,6,0,six,0,,,94/4
1379602,1,16,1,K Mani Bharathi,Daryl Sunder Ferrario,M Ganesh Moorthi,0,0,0,out,1,stumped,K Mani Bharathi,94/5
1379602,1,16,2,R Rajkumar,Daryl Sunder Ferrario,M Ganesh Moorthi,4,4,0,four,0,,,98/5
1379602,1,16,3,R Rajkumar,Daryl Sunder Ferrario,M Ganesh Moorthi,0,0,0,no run,0,,,98/5
1379602,1,16,4,R Rajkumar,Daryl Sunder Ferrario,M Ganesh Moorthi,1,1,0,run,0,,,99/5
1379602,1,16,5,Daryl Sunder Ferrario,R Rajkumar,M Ganesh Moorthi,1,1,0,run,0,,,100/5
1379602,1,16,6,R Rajkumar,Daryl Sunder Ferrario,M Ganesh Moorthi,4,4,0,four,0,,,104/5
1379602,1,17,1,Daryl Sunder Ferrario,R Rajkumar,Sachin Rathi,1,1,0,run,0,,,105/5
1379602,1,17,2,R Rajkumar,Daryl Sunder Ferrario,Sachin Rathi,4,4,0,four,0,,,109/5
1379602,1,17,3,R Rajkumar,Daryl Sunder Ferrario,Sachin Rathi,2,2,0,run,0,,,111/5
1379602,1,17,4,R Rajkumar,Daryl Sunder Ferrario,Sachin Rathi,0,0,0,out,1,bowled,R Rajkumar,111/6
1379602,1,17,5,Akshay V Srinivasan,Daryl Sunder Ferrario,Sachin Rathi,0,0,0,no run,0,,,111/6
1379602,1,17,6,Akshay V Srinivasan,Daryl Sunder Ferrario,Sachin Rathi,1,1,0,run,0,,,112/6
1379602,1,18,1,Akshay V Srinivasan,Daryl Sunder Ferrario,Sunny Sandhu,1,1,0,run,0,,,113/6
1379602,1,18,2,Daryl Sunder Ferrario,Akshay V Srinivasan,Sunny Sandhu,6,6,0,six,0,,,119/6
1379602,1,18,3,Daryl Sunder Ferrario,Akshay V Srinivasan,Sunny Sandhu,1,1,0,run,0,,,120/6
1379602,1,18,4,Akshay V Srinivasan,Daryl Sunder Ferrario,Sunny Sandhu,1,0,1,wide,0,,,121/6
1379602,1,18,5,Akshay V Srinivasan,Daryl Sunder Ferrario,Sunny Sandhu,2,2,0,run,0,,,123/6
1379602,1,18,6,Akshay V Srinivasan,Daryl Sunder Ferrario,Sunny Sandhu,1,1,0,run,0,,,124/6
1379602,1,18,7,Daryl Sunder Ferrario,Akshay V Srinivasan,Sunny Sandhu,1,1,0,run,0,,,125/6
1379602,1,19,1,Daryl Sunder Ferrario,Akshay V Srinivasan,Abhishek Baljeetsingh Tanwar,0,0,0,out,1,caught,Daryl Sunder Ferrario,125/7
1379602,1,19,2,G Godson,Akshay V Srinivasan,Abhishek Baljeetsingh Tanwar,0,0,0,no run,0,,,125/7
1379602,1,19,3,G Godson,Akshay V Srinivasan,Abhishek Baljeetsingh Tanwar,1,1,0,run,0,,,126/7
1379602,1,19,4,Akshay V Srinivasan,G Godson,Abhishek Baljeetsingh Tanwar,0,0,0,no run,0,,,126/7
1379602,1,19,5,Akshay V Srinivasan,G Godson,Abhishek Baljeetsingh Tanwar,4,4,0,four,0,,,130/7
1379602,1,19,6,Akshay V Srinivasan,G Godson,Abhishek Baljeetsingh Tanwar,0,0,0,out,1,caught,Akshay V Srinivasan,130/8
1379602,1,20,1,G Godson,S Boopalan,Sunny Sandhu,4,4,0,four,0,,,134/8
1379602,1,20,2,G Godson,S Boopalan,Sunny Sandhu,1,1,0,run,0,,,135/8
1379602,1,20,3,S Boopalan,G Godson,Sunny Sandhu,1,1,0,run,0,,,136/8
1379602,1,20,4,G Godson,S Boopalan,Sunny Sandhu,1,1,0,run,0,,,137/8
1379602,1,20,5,S Boopalan,G Godson,Sunny Sandhu,2,2,0,run,0,,,139/8
1379602,1,20,6,S Boopalan,G Godson,Sunny Sandhu,0,0,0,out,1,caught,S Boopalan,139/9
1379602,2,1,1,VP Amit Sathvik,Akash Sumra,Thangarasu Natarajan,0,0,0,no run,0,,,0/0
1379602,2,1,2,VP Amit Sathvik,Akash Sumra,Thangarasu Natarajan,1,1,0,run,0,,,1/0
1379602,2,1,3,Akash Sumra,VP Amit Sathvik,Thangarasu Natarajan,0,0,0,no run,0,,,1/0
1379602,2,1,4,Akash Sumra,VP Amit Sathvik,Thangarasu Natarajan,1,0,1,leg bye,0,,,2/0
1379602,2,1,5,VP Amit Sathvik,Akash Sumra,Thangarasu Natarajan,1,1,0,run,0,,,3/0
1379602,2,1,6,Akash Sumra,VP Amit Sathvik,Thangarasu Natarajan,0,0,0,no run,0,,,3/0
1379602,2,2,1,VP Amit Sathvik,Akash Sumra,K Easwaran,1,0,1,wide,0,,,4/0
1379602,2,2,2,VP Amit Sathvik,Akash Sumra,K Easwaran,1,1,0,run,0,,,5/0
1379602,2,2,3,Akash Sumra,VP Amit Sathvik,K Easwaran,1,0,1,leg bye,0,,,6/0
1379602,2,2,4,VP Amit Sathvik,Akash Sumra,K Easwaran,6,6,0,six,0,,,12/0
1379602,2,2,5,VP Amit Sathvik,Akash Sumra,K Easwaran,0,0,0,no run,0,,,12/0
1379602,2,2,6,VP Amit Sathvik,Akash Sumra,K Easwaran,0,0,0,no run,0,,,12/0
1379602,2,2,7,VP Amit Sathvik,Akash Sumra,K Easwaran,1,1,0,run,0,,,13/0
1379602,2,3,1,VP Amit Sathvik,Akash Sumra,Thangarasu Natarajan,0,0,0,no run,0,,,13/0
1379602,2,3,2,VP Amit Sathvik,Akash Sumra,Thangarasu Natarajan,4,4,0,four,0,,,17/0
1379602,2,3,3,VP Amit Sathvik,Akash Sumra,Thangarasu Natarajan,0,0,0,no run,0,,,17/0
1379602,2,3,4,VP Amit Sathvik,Akash Sumra,Thangarasu Natarajan,1,1,0,run,0,,,18/0
1379602,2,3,5,Akash Sumra,VP Amit Sathvik,Thangarasu Natarajan,6,6,0,six,0,,,24/0
1379602,2,3,6,Akash Sumra,VP Amit Sathvik,Thangarasu Natarajan,4,4,0,four,0,,,28/0
1379602,2,4,1,VP Amit Sathvik,Akash Sumra,K Easwaran,1,0,1,wide,0,,,29/0
1379602,2,4,2,VP Amit Sathvik,Akash Sumra,K Easwaran,4,4,0,four,0,,,33/0
1379602,2,4,3,VP Amit Sathvik,Akash Sumra,K Easwaran,2,2,0,run,0,,,35/0
1379602,2,4,4,VP Amit Sathvik,Akash Sumra,K Easwaran,1,1,0,run,0,,,36/0
1379602,2,4,5,Akash Sumra,VP Amit Sathvik,K Easwaran,0,0,0,out,1,caught,Akash Sumra,36/1
1379602,2,4,6,Maan K Bafna,VP Amit Sathvik,K Easwaran,0,0,0,no run,0,,,36/1
1379602,2,4,7,Maan K Bafna,VP Amit Sathvik,K Easwaran,1,1,0,run,0,,,37/1
1379602,2,5,1,Maan K Bafna,VP Amit Sathvik,S Boopalan,1,1,0,run,0,,,38/1
1379602,2,5,2,VP Amit Sathvik,Maan K Bafna,S Boopalan,0,0,0,no run,0,,,38/1
1379602,2,5,3,VP Amit Sathvik,Maan K Bafna,S Boopalan,0,0,0,no run,0,,,38/1
1379602,2,5,4,VP Amit Sathvik,Maan K Bafna,S Boopalan,0,0,0,no run,0,,,38/1
1379602,2,5,5,VP Amit Sathvik,Maan K Bafna,S Boopalan,0,0,0,no run,0,,,38/1
1379602,2,5,6,VP Amit Sathvik,Maan K Bafna,S Boopalan,0,0,0,no run,0,,,38/1
1379602,2,6,1,Maan K Bafna,VP Amit Sathvik,G Godson,0,0,0,no run,0,,,38/1
1379602,2,6,2,Maan K Bafna,VP Amit Sathvik,G Godson,6,6,0,six,0,,,44/1
1379602,2,6,3,Maan K Bafna,VP Amit Sathvik,G Godson,4,4,0,four,0,,,48/1
1379602,2,6,4,Maan K Bafna,VP Amit Sathvik,G Godson,1,1,0,run,0,,,49/1
1379602,2,6,5,VP Amit Sathvik,Maan K Bafna,G Godson,0,0,0,out,1,caught,VP Amit Sathvik,49/2
1379602,2,6,6,Kaushik Mohan Gandhi,Maan K Bafna,G Godson,1,1,0,run,0,,,50/2
1379602,2,7,1,Kaushik Mohan Gandhi,Maan K Bafna,S Boopalan,1,0,1,no ball,0,,,51/2
1379602,2,7,2,Kaushik Mohan Gandhi,Maan K Bafna,S Boopalan,2,2,0,run,0,,,53/2
1379602,2,7,3,Kaushik Mohan Gandhi,Maan K Bafna,S Boopalan,0,0,0,no run,0,,,53/2
1379602,2,7,4,Kaushik Mohan Gandhi,Maan K Bafna,S Boopalan,4,4,0,four,0,,,57/2
1379602,2,7,5,Kaushik Mohan Gandhi,Maan K Bafna,S Boopalan,1,1,0,run,0,,,58/2
1379602,2,7,6,Maan K Bafna,Kaushik Mohan Gandhi,S Boopalan,2,2,0,run,0,,,60/2
1379602,2,7,7,Maan K Bafna,Kaushik Mohan Gandhi,S Boopalan,1,0,1,wide,0,,,61/2
1379602,2,7,8,Maan K Bafna,Kaushik Mohan Gandhi,S Boopalan,1,1,0,run,0,,,62/2
1379602,2,8,1,Maan K Bafna,Kaushik Mohan Gandhi,G Godson,0,0,0,out,1,caught,Maan K Bafna,62/3
1379602,2,8,2,RS Mokit Hariharan,Kaushik Mohan Gandhi,G Godson,0,0,0,no run,0,,,62/3
1379602,2,8,3,RS Mokit Hariharan,Kaushik Mohan Gandhi,G Godson,1,1,0,run,0,,,63/3
1379602,2,8,4,Kaushik Mohan Gandhi,RS Mokit Hariharan,G Godson,2,2,0,run,0,,,65/3
1379602,2,8,5,Kaushik Mohan Gandhi,RS Mokit Hariharan,G Godson,0,0,0,no run,0,,,65/3
1379602,2,8,6,Kaushik Mohan Gandhi,RS Mokit Hariharan,G Godson,2,2,0,run,0,,,67/3
1379602,2,9,1,RS Mokit Hariharan,Kaushik Mohan Gandhi,R Rajkumar,1,1,0,run,0,,,68/3
1379602,2,9,2,Kaushik Mohan Gandhi,RS Mokit Hariharan,R Rajkumar,1,1,0,run,0,,,69/3
1379602,2,9,3,RS Mokit Hariharan,Kaushik Mohan Gandhi,R Rajkumar,0,0,0,no run,0,,,69/3
1379602,2,9,4,RS Mokit Hariharan,Kaushik Mohan Gandhi,R Rajkumar,4,4,0,four,0,,,73/3
1379602,2,9,5,RS Mokit Hariharan,Kaushik Mohan Gandhi,R Rajkumar,1,1,0,run,0,,,74/3
1379602,2,9,6,Kaushik Mohan Gandhi,RS Mokit Hariharan,R Rajkumar,0,0,0,no run,0,,,74/3
1379602,2,10,1,RS Mokit Hariharan,Kaushik Mohan Gandhi,G Godson,1,1,0,run,0,,,75/3
1379602,2,10,2,Kaushik Mohan Gandhi,RS Mokit Hariharan,G Godson,1,1,0,run,0,,,76/3
1379602,2,10,3,RS Mokit Hariharan,Kaushik Mohan Gandhi,G Godson,4,4,0,four,0,,,80/3
1379602,2,10,4,RS Mokit Hariharan,Kaushik Mohan Gandhi,G Godson,0,0,0,no run,0,,,80/3
1379602,2,10,5,RS Mokit Hariharan,Kaushik Mohan Gandhi,G Godson,1,1,0,run,0,,,81/3
1379602,2,10,6,Kaushik Mohan Gandhi,RS Mokit Hariharan,G Godson,5,0,5,wide,0,,,86/3
1379602,2,10,7,Kaushik Mohan Gandhi,RS Mokit Hariharan,G Godson,1,1,0,run,0,,,87/3
1379602,2,11,1,Kaushik Mohan Gandhi,RS Mokit Hariharan,R Rajkumar,1,1,0,run,0,,,88/3
1379602,2,11,2,RS Mokit Hariharan,Kaushik Mohan Gandhi,R Rajkumar,1,1,0,run,0,,,89/3
1379602,2,11,3,Kaushik Mohan Gandhi,RS Mokit Hariharan,R Rajkumar,1,1,0,run,0,,,90/3
1379602,2,11,4,RS Mokit Hariharan,Kaushik Mohan Gandhi,R Rajkumar,1,1,0,run,0,,,91/3
1379602,2,11,5,Kaushik Mohan Gandhi,RS Mokit Hariharan,R Rajkumar,2,2,0,run,0,,,93/3
1379602,2,11,6,Kaushik Mohan Gandhi,RS Mokit Hariharan,R Rajkumar,1,1,0,run,0,,,94/3
1379602,2,12,1,Kaushik Mohan Gandhi,RS Mokit Hariharan,G Godson,1,1,0,run,0,,,95/3
1379602,2,12,2,RS Mokit Hariharan,Kaushik Mohan Gandhi,G Godson,0,0,0,no run,0,,,95/3
1379602,2,12,3,RS Mokit Hariharan,Kaushik Mohan Gandhi,G Godson,0,0,0,out,1,caught,RS Mokit Hariharan,95/4
1379602,2,12,4,S Abishiek,Kaushik Mohan Gandhi,G Godson,1,1,0,run,0,,,96/4
1379602,2,12,5,Kaushik Mohan Gandhi,S Abishiek,G Godson,0,0,0,no run,0,,,96/4
1379602,2,12,6,Kaushik Mohan Gandhi,S Abishiek,G Godson,2,2,0,run,0,,,98/4
1379602,2,13,1,S Abishiek,Kaushik Mohan Gandhi,Wenseslaus Antony Dhas,1,1,0,run,0,,,99/4
1379602,2,13,2,Kaushik Mohan Gandhi,S Abishiek,Wenseslaus Antony Dhas,1,0,1,wide,0,,,100/4
1379602,2,13,3,Kaushik Mohan Gandhi,S Abishiek,Wenseslaus Antony Dhas,2,2,0,run,0,,,102/4
1379602,2,13,4,Kaushik Mohan Gandhi,S Abishiek,Wenseslaus Antony Dhas,0,0,0,no run,0,,,102/4
1379602,2,13,5,Kaushik Mohan Gandhi,S Abishiek,Wenseslaus Antony Dhas,4,4,0,four,0,,,106/4
1379602,2,13,6,Kaushik Mohan Gandhi,S Abishiek,Wenseslaus Antony Dhas,4,4,0,four,0,,,110/4
1379602,2,13,7,Kaushik Mohan Gandhi,S Abishiek,Wenseslaus Antony Dhas,1,0,1,leg bye,0,,,111/4
1379602,2,14,1,Kaushik Mohan Gandhi,S Abishiek,S Boopalan,1,1,0,run,0,,,112/4
1379602,2,14,2,S Abishiek,Kaushik Mohan Gandhi,S Boopalan,0,0,0,no run,0,,,112/4
1379602,2,14,3,S Abishiek,Kaushik Mohan Gandhi,S Boopalan,0,0,0,no run,0,,,112/4
1379602,2,14,4,S Abishiek,Kaushik Mohan Gandhi,S Boopalan,5,0,5,wide,0,,,117/4
1379602,2,14,5,S Abishiek,Kaushik Mohan Gandhi,S Boopalan,0,0,0,no run,0,,,117/4
1379602,2,14,6,S Abishiek,Kaushik Mohan Gandhi,S Boopalan,4,4,0,four,0,,,121/4
1379602,2,14,7,S Abishiek,Kaushik Mohan Gandhi,S Boopalan,0,0,0,no run,0,,,121/4
1379602,2,15,1,Kaushik Mohan Gandhi,S Abishiek,Wenseslaus Antony Dhas,0,0,0,no run,0,,,121/4
1379602,2,15,2,Kaushik Mohan Gandhi,S Abishiek,Wenseslaus Antony Dhas,0,0,0,no run,0,,,121/4
1379602,2,15,3,Kaushik Mohan Gandhi,S Abishiek,Wenseslaus Antony Dhas,6,6,0,six,0,,,127/4
1379602,2,15,4,Kaushik Mohan Gandhi,S Abishiek,Wenseslaus Antony Dhas,6,6,0,six,0,,,133/4
1379602,2,15,5,Kaushik Mohan Gandhi,S Abishiek,Wenseslaus Antony Dhas,6,6,0,six,0,,,139/4
1379602,2,15,6,Kaushik Mohan Gandhi,S Abishiek,Wenseslaus Antony Dhas,0,0,0,no run,0,,,139/4
1379602,2,16,1,S Abishiek,Kaushik Mohan Gandhi,K Easwaran,0,0,0,out,1,caught,S Abishiek,139/5
1379602,2,16,2,Muhammed Adnan Khan,Kaushik Mohan Gandhi,K Easwaran,4,4,0,four,0,,,143/5
1379603,1,1,1,S Karthik,Chezhian Nishaanth,P Saravana Kumar,1,0,1,wide,0,,,1/0
1379603,1,1,2,S Karthik,Chezhian Nishaanth,P Saravana Kumar,0,0,0,no run,0,,,1/0
1379603,1,1,3,S Karthik,Chezhian Nishaanth,P Saravana Kumar,4,4,0,four,0,,,5/0
1379603,1,1,4,S Karthik,Chezhian Nishaanth,P Saravana Kumar,0,0,0,no run,0,,,5/0
1379603,1,1,5,S Karthik,Chezhian Nishaanth,P Saravana Kumar,1,0,1,wide,0,,,6/0
1379603,1,1,6,S Karthik,Chezhian Nishaanth,P Saravana Kumar,0,0,0,no run,0,,,6/0
1379603,1,1,7,S Karthik,Chezhian Nishaanth,P Saravana Kumar,0,0,0,out,1,bowled,S Karthik,6/1
1379603,1,1,8,Jagatheesan Kousik,Chezhian Nishaanth,P Saravana Kumar,0,0,0,no run,0,,,6/1
1379603,1,2,1,Chezhian Nishaanth,Jagatheesan Kousik,S Arun,1,0,1,wide,0,,,7/1
1379603,1,2,2,Chezhian Nishaanth,Jagatheesan Kousik,S Arun,1,1,0,run,0,,,8/1
1379603,1,2,3,Jagatheesan Kousik,Chezhian Nishaanth,S Arun,0,0,0,no run,0,,,8/1
1379603,1,2,4,Jagatheesan Kousik,Chezhian Nishaanth,S Arun,0,0,0,no run,0,,,8/1
1379603,1,2,5,Jagatheesan Kousik,Chezhian Nishaanth,S Arun,6,6,0,six,0,,,14/1
1379603,1,2,6,Jagatheesan Kousik,Chezhian Nishaanth,S Arun,0,0,0,no run,0,,,14/1
1379603,1,2,7,Jagatheesan Kousik,Chezhian Nishaanth,S Arun,0,0,0,no run,0,,,14/1
1379603,1,3,1,Chezhian Nishaanth,Jagatheesan Kousik,P Saravana Kumar,0,0,0,no run,0,,,14/1
1379603,1,3,2,Chezhian Nishaanth,Jagatheesan Kousik,P Saravana Kumar,1,1,0,run,0,,,15/1
1379603,1,3,3,Jagatheesan Kousik,Chezhian Nishaanth,P Saravana Kumar,4,4,0,four,0,,,19/1
1379603,1,3,4,Jagatheesan Kousik,Chezhian Nishaanth,P Saravana Kumar,6,6,0,six,0,,,25/1
1379603,1,3,5,Jagatheesan Kousik,Chezhian Nishaanth,P Saravana Kumar,0,0,0,no run,0,,,25/1
1379603,1,3,6,Jagatheesan Kousik,Chezhian Nishaanth,P Saravana Kumar,1,1,0,run,0,,,26/1
1379603,1,4,1,Jagatheesan Kousik,Chezhian Nishaanth,S Arun,4,4,0,four,0,,,30/1
1379603,1,4,2,Jagatheesan Kousik,Chezhian Nishaanth,S Arun,0,0,0,no run,0,,,30/1
1379603,1,4,3,Jagatheesan Kousik,Chezhian Nishaanth,S Arun,1,1,0,run,0,,,31/1
1379603,1,4,4,Chezhian Nishaanth,Jagatheesan Kousik,S Arun,4,4,0,four,0,,,35/1
1379603,1,4,5,Chezhian Nishaanth,Jagatheesan Kousik,S Arun,1,1,0,run,0,,,36/1
1379603,1,4,6,Jagatheesan Kousik,Chezhian Nishaanth,S Arun,0,0,0,no run,0,,,36/1
1379603,1,5,1,Chezhian Nishaanth,Jagatheesan Kousik,Subodh Bhati,0,0,0,no run,0,,,36/1
1379603,1,5,2,Chezhian Nishaanth,Jagatheesan Kousik,Subodh Bhati,0,0,0,no run,0,,,36/1
1379603,1,5,3,Chezhian Nishaanth,Jagatheesan Kousik,Subodh Bhati,0,0,0,no run,0,,,36/1
1379603,1,5,4,Chezhian Nishaanth,Jagatheesan Kousik,Subodh Bhati,1,1,0,run,0,,,37/1
1379603,1,5,5,Jagatheesan Kousik,Chezhian Nishaanth,Subodh Bhati,0,0,0,no run,0,,,37/1
1379603,1,5,6,Jagatheesan Kousik,Chezhian Nishaanth,Subodh Bhati,4,4,0,four,0,,,41/1
1379603,1,6,1,Chezhian Nishaanth,Jagatheesan Kousik,Ravichandran Ashwin,0,0,0,no run,0,,,41/1
1379603,1,6,2,Chezhian Nishaanth,Jagatheesan Kousik,Ravichandran Ashwin,1,1,0,run,0,,,42/1
1379603,1,6,3,Jagatheesan Kousik,Chezhian Nishaanth,Ravichandran Ashwin,1,1,0,run,0,,,43/1
1379603,1,6,4,Chezhian Nishaanth,Jagatheesan Kousik,Ravichandran Ashwin,0,0,0,no run,0,,,43/1
1379603,1,6,5,Chezhian Nishaanth,Jagatheesan Kousik,Ravichandran Ashwin,0,0,0,no run,0,,,43/1
1379603,1,6,6,Chezhian Nishaanth,Jagatheesan Kousik,Ravichandran Ashwin,0,0,0,no run,0,,,43/1
1379603,1,7,1,Jagatheesan Kousik,Chezhian Nishaanth,Varun Chakravarthy Vinod,1,1,0,run,0,,,44/1
1379603,1,7,2,Chezhian Nishaanth,Jagatheesan Kousik,Varun Chakravarthy Vinod,2,2,0,run,0,,,46/1
1379603,1,7,3,Chezhian Nishaanth,Jagatheesan Kousik,Varun Chakravarthy Vinod,0,0,0,no run,0,,,46/1
1379603,1,7,4,Chezhian Nishaanth,Jagatheesan Kousik,Varun Chakravarthy Vinod,0,0,0,no run,0,,,46/1
1379603,1,7,5,Chezhian Nishaanth,Jagatheesan Kousik,Varun Chakravarthy Vinod,1,1,0,run,0,,,47/1
1379603,1,7,6,Jagatheesan Kousik,Chezhian Nishaanth,Varun Chakravarthy Vinod,0,0,0,no run,0,,,47/1
1379603,1,8,1,Chezhian Nishaanth,Jagatheesan Kousik,Ravichandran Ashwin,6,6,0,six,0,,,53/1
1379603,1,8,2,Chezhian Nishaanth,Jagatheesan Kousik,Ravichandran Ashwin,1,1,0,run,0,,,54/1
1379603,1,8,3,Jagatheesan Kousik,Chezhian Nishaanth,Ravichandran Ashwin,1,1,0,run,0,,,55/1
1379603,1,8,4,Chezhian Nishaanth,Jagatheesan Kousik,Ravichandran Ashwin,0,0,0,no run,0,,,55/1
1379603,1,8,5,Chezhian Nishaanth,Jagatheesan Kousik,Ravichandran Ashwin,0,0,0,no run,0,,,55/1
1379603,1,8,6,Chezhian Nishaanth,Jagatheesan Kousik,Ravichandran Ashwin,0,0,0,no run,0,,,55/1
1379603,1,9,1,Jagatheesan Kousik,Chezhian Nishaanth,M Mathivannan,0,0,0,no run,0,,,55/1
1379603,1,9,2,Jagatheesan Kousik,Chezhian Nishaanth,M Mathivannan,1,1,0,run,0,,,56/1
1379603,1,9,3,Chezhian Nishaanth,Jagatheesan Kousik,M Mathivannan,1,1,0,run,0,,,57/1
1379603,1,9,4,Jagatheesan Kousik,Chezhian Nishaanth,M Mathivannan,1,1,0,run,0,,,58/1
1379603,1,9,5,Chezhian Nishaanth,Jagatheesan Kousik,M Mathivannan,4,4,0,four,0,,,62/1
1379603,1,9,6,Chezhian Nishaanth,Jagatheesan Kousik,M Mathivannan,0,0,0,out,1,stumped,Chezhian Nishaanth,62/2
1379603,1,10,1,Jagatheesan Kousik,Washington Sundar,P Saravana Kumar,1,1,0,run,0,,,63/2
1379603,1,10,2,Washington Sundar,Jagatheesan Kousik,P Saravana Kumar,1,1,0,run,0,,,64/2
1379603,1,10,3,Jagatheesan Kousik,Washington Sundar,P Saravana Kumar,0,0,0,no run,0,,,64/2
1379603,1,10,4,Jagatheesan Kousik,Washington Sundar,P Saravana Kumar,0,0,0,no run,0,,,64/2
1379603,1,10,5,Jagatheesan Kousik,Washington Sundar,P Saravana Kumar,0,0,0,no run,0,,,64/2
1379603,1,10,6,Jagatheesan Kousik,Washington Sundar,P Saravana Kumar,1,1,0,run,0,,,65/2
1379603,1,11,1,Jagatheesan Kousik,Washington Sundar,M Mathivannan,4,4,0,four,0,,,69/2
1379603,1,11,2,Jagatheesan Kousik,Washington Sundar,M Mathivannan,0,0,0,no run,0,,,69/2
1379603,1,11,3,Jagatheesan Kousik,Washington Sundar,M Mathivannan,6,6,0,six,0,,,75/2
1379603,1,11,4,Jagatheesan Kousik,Washington Sundar,M Mathivannan,1,1,0,run,0,,,76/2
1379603,1,11,5,Washington Sundar,Jagatheesan Kousik,M Mathivannan,1,1,0,run,0,,,77/2
1379603,1,11,6,Jagatheesan Kousik,Washington Sundar,M Mathivannan,1,1,0,run,0,,,78/2
1379603,1,12,1,Jagatheesan Kousik,Washington Sundar,Varun Chakravarthy Vinod,0,0,0,out,1,leg before wicket,Jagatheesan Kousik,78/3
1379603,1,12,2,Swapnil Singh,Washington Sundar,Varun Chakravarthy Vinod,0,0,0,out,1,bowled,Swapnil Singh,78/4
1379603,1,12,3,K Deeban Lingesh,Washington Sundar,Varun Chakravarthy Vinod,1,1,0,run,0,,,79/4
1379603,1,12,4,Washington Sundar,K Deeban Lingesh,Varun Chakravarthy Vinod,0,0,0,no run,0,,,79/4
1379603,1,12,5,Washington Sundar,K Deeban Lingesh,Varun Chakravarthy Vinod,1,1,0,run,0,,,80/4
1379603,1,12,6,K Deeban Lingesh,Washington Sundar,Varun Chakravarthy Vinod,0,0,0,no run,0,,,80/4
1379603,1,13,1,Washington Sundar,K Deeban Lingesh,Ravichandran Ashwin,1,1,0,run,0,,,81/4
1379603,1,13,2,K Deeban Lingesh,Washington Sundar,Ravichandran Ashwin,1,1,0,run,0,,,82/4
1379603,1,13,3,Washington Sundar,K Deeban Lingesh,Ravichandran Ashwin,4,4,0,four,0,,,86/4
1379603,1,13,4,Washington Sundar,K Deeban Lingesh,Ravichandran Ashwin,1,1,0,run,0,,,87/4
1379603,1,13,5,K Deeban Lingesh,Washington Sundar,Ravichandran Ashwin,1,1,0,run,0,,,88/4
1379603,1,13,6,Washington Sundar,K Deeban Lingesh,Ravichandran Ashwin,1,1,0,run,0,,,89/4
1379603,1,14,1,Washington Sundar,K Deeban Lingesh,Varun Chakravarthy Vinod,1,1,0,run,0,,,90/4
1379603,1,14,2,K Deeban Lingesh,Washington Sundar,Varun Chakravarthy Vinod,4,4,0,four,0,,,94/4
1379603,1,14,3,K Deeban Lingesh,Washington Sundar,Varun Chakravarthy Vinod,1,1,0,run,0,,,95/4
1379603,1,14,4,Washington Sundar,K Deeban Lingesh,Varun Chakravarthy Vinod,1,1,0,run,0,,,96/4
1379603,1,14,5,K Deeban Lingesh,Washington Sundar,Varun Chakravarthy Vinod,0,0,0,no run,0,,,96/4
1379603,1,14,6,K Deeban Lingesh,Washington Sundar,Varun Chakravarthy Vinod,1,1,0,run,0,,,97/4
1379603,1,15,1,K Deeban Lingesh,Washington Sundar,Subodh Bhati,0,0,0,out,1,caught,K Deeban Lingesh,97/5
1379603,1,15,2,D Sudhan,Washington Sundar,Subodh Bhati,0,0,0,out,1,bowled,D Sudhan,97/6
1379603,1,15,3,Murugan Ashwin,Washington Sundar,Subodh Bhati,0,0,0,no run,0,,,97/6
1379603,1,15,4,Murugan Ashwin,Washington Sundar,Subodh Bhati,0,0,0,no run,0,,,97/6
1379603,1,15,5,Murugan Ashwin,Washington Sundar,Subodh Bhati,0,0,0,no run,0,,,97/6
1379603,1,15,6,Murugan Ashwin,Washington Sundar,Subodh Bhati,0,0,0,no run,0,,,97/6
1379603,1,16,1,Washington Sundar,Murugan Ashwin,Ravichandran Ashwin,0,0,0,no run,0,,,97/6
1379603,1,16,2,Washington Sundar,Murugan Ashwin,Ravichandran Ashwin,0,0,0,no run,0,,,97/6
1379603,1,16,3,Washington Sundar,Murugan Ashwin,Ravichandran Ashwin,0,0,0,out,1,stumped,Washington Sundar,97/7
1379603,1,16,4,S Sri Abisek,Murugan Ashwin,Ravichandran Ashwin,0,0,0,no run,0,,,97/7
1379603,1,16,5,S Sri Abisek,Murugan Ashwin,Ravichandran Ashwin,1,1,0,run,0,,,98/7
1379603,1,16,6,Murugan Ashwin,S Sri Abisek,Ravichandran Ashwin,1,1,0,run,0,,,99/7
1379603,1,17,1,Murugan Ashwin,S Sri Abisek,Subodh Bhati,0,0,0,no run,0,,,99/7
1379603,1,17,2,Murugan Ashwin,S Sri Abisek,Subodh Bhati,0,0,0,no run,0,,,99/7
1379603,1,17,3,Murugan Ashwin,S Sri Abisek,Subodh Bhati,1,1,0,run,0,,,100/7
1379603,1,17,4,S Sri Abisek,Murugan Ashwin,Subodh Bhati,0,0,0,out,1,caught,S Sri Abisek,100/8
1379603,1,17,5,Dev Rahul,Murugan Ashwin,Subodh Bhati,0,0,0,no run,0,,,100/8
1379603,1,17,6,Dev Rahul,Murugan Ashwin,Subodh Bhati,1,1,0,run,0,,,101/8
1379603,1,18,1,Dev Rahul,Murugan Ashwin,Varun Chakravarthy Vinod,1,1,0,run,0,,,102/8
1379603,1,18,2,Murugan Ashwin,Dev Rahul,Varun Chakravarthy Vinod,0,0,0,no run,0,,,102/8
1379603,1,18,3,Murugan Ashwin,Dev Rahul,Varun Chakravarthy Vinod,0,0,0,no run,0,,,102/8
1379603,1,18,4,Murugan Ashwin,Dev Rahul,Varun Chakravarthy Vinod,1,1,0,run,0,,,103/8
1379603,1,18,5,Dev Rahul,Murugan Ashwin,Varun Chakravarthy Vinod,6,6,0,six,0,,,109/8
1379603,1,18,6,Dev Rahul,Murugan Ashwin,Varun Chakravarthy Vinod,1,1,0,run,0,,,110/8
1379603,1,19,1,Dev Rahul,Murugan Ashwin,Subodh Bhati,1,1,0,run,0,,,111/8
1379603,1,19,2,Murugan Ashwin,Dev Rahul,Subodh Bhati,0,0,0,no run,0,,,111/8
1379603,1,19,3,Murugan Ashwin,Dev Rahul,Subodh Bhati,4,4,0,four,0,,,115/8
1379603,1,19,4,Murugan Ashwin,Dev Rahul,Subodh Bhati,2,2,0,run,0,,,117/8
1379603,1,19,5,Murugan Ashwin,Dev Rahul,Subodh Bhati,1,1,0,run,0,,,118/8
1379603,1,19,6,Dev Rahul,Murugan Ashwin,Subodh Bhati,4,4,0,four,0,,,122/8
1379603,1,20,1,Murugan Ashwin,Dev Rahul,P Saravana Kumar,0,0,0,out,1,caught,Murugan Ashwin,122/9
1379603,1,20,2,Gurjapneet Singh,Dev Rahul,P Saravana Kumar,1,1,0,run,0,,,123/9
1379603,1,20,3,Dev Rahul,Gurjapneet Singh,P Saravana Kumar,0,0,0,out,1,caught,Dev Rahul,123/10
1379603,2,1,1,0,R Vimal Khumar,Dev Rahul,4,4,0,four,0,,,4/0
1379603,2,1,2,0,R Vimal Khumar,Dev Rahul,0,0,0,no run,0,,,4/0
1379603,2,1,3,0,R Vimal Khumar,Dev Rahul,0,0,0,no run,0,,,4/0
1379603,2,1,4,0,R Vimal Khumar,Dev Rahul,1,1,0,run,0,,,5/0
1379603,2,1,5,R Vimal Khumar,0,Dev Rahul,1,1,0,run,0,,,6/0
1379603,2,1,6,0,R Vimal Khumar,Dev Rahul,4,4,0,four,0,,,10/0
1379603,2,2,1,R Vimal Khumar,0,Gurjapneet Singh,1,1,0,run,0,,,11/0
1379603,2,2,2,0,R Vimal Khumar,Gurjapneet Singh,0,0,0,out,1,,,11/1
1379603,2,2,3,S Arun,R Vimal Khumar,Gurjapneet Singh,1,1,0,run,0,,,12/1
1379603,2,2,4,R Vimal Khumar,S Arun,Gurjapneet Singh,4,4,0,four,0,,,16/1
1379603,2,2,5,R Vimal Khumar,S Arun,Gurjapneet Singh,0,0,0,out,1,leg before wicket,R Vimal Khumar,16/2
1379603,2,2,6,Baba Indrajith,S Arun,Gurjapneet Singh,1,1,0,run,0,,,17/2
1379603,2,3,1,Baba Indrajith,S Arun,Dev Rahul,1,0,1,wide,0,,,18/2
1379603,2,3,2,Baba Indrajith,S Arun,Dev Rahul,0,0,0,no run,0,,,18/2
1379603,2,3,3,Baba Indrajith,S Arun,Dev Rahul,4,4,0,four,0,,,22/2
1379603,2,3,4,Baba Indrajith,S Arun,Dev Rahul,0,0,0,no run,0,,,22/2
1379603,2,3,5,Baba Indrajith,S Arun,Dev Rahul,4,4,0,four,0,,,26/2
1379603,2,3,6,Baba Indrajith,S Arun,Dev Rahul,0,0,0,no run,0,,,26/2
1379603,2,3,7,Baba Indrajith,S Arun,Dev Rahul,4,4,0,four,0,,,30/2
1379603,2,4,1,S Arun,Baba Indrajith,Gurjapneet Singh,0,0,0,no run,0,,,30/2
1379603,2,4,2,S Arun,Baba Indrajith,Gurjapneet Singh,2,2,0,run,0,,,32/2
1379603,2,4,3,S Arun,Baba Indrajith,Gurjapneet Singh,0,0,0,no run,0,,,32/2
1379603,2,4,4,S Arun,Baba Indrajith,Gurjapneet Singh,0,0,0,out,1,caught,S Arun,32/3
1379603,2,4,5,Adithya Ganesh,Baba Indrajith,Gurjapneet Singh,1,1,0,run,0,,,33/3
1379603,2,4,6,Baba Indrajith,Adithya Ganesh,Gurjapneet Singh,0,0,0,no run,0,,,33/3
1379603,2,5,1,Adithya Ganesh,Baba Indrajith,Swapnil Singh,1,1,0,run,0,,,34/3
1379603,2,5,2,Baba Indrajith,Adithya Ganesh,Swapnil Singh,0,0,0,no run,0,,,34/3
1379603,2,5,3,Baba Indrajith,Adithya Ganesh,Swapnil Singh,1,1,0,run,0,,,35/3
1379603,2,5,4,Adithya Ganesh,Baba Indrajith,Swapnil Singh,0,0,0,no run,0,,,35/3
1379603,2,5,5,Adithya Ganesh,Baba Indrajith,Swapnil Singh,4,4,0,four,0,,,39/3
1379603,2,5,6,Adithya Ganesh,Baba Indrajith,Swapnil Singh,0,0,0,no run,0,,,39/3
1379603,2,6,1,Baba Indrajith,Adithya Ganesh,Gurjapneet Singh,1,1,0,run,0,,,40/3
1379603,2,6,2,Adithya Ganesh,Baba Indrajith,Gurjapneet Singh,1,1,0,run,0,,,41/3
1379603,2,6,3,Baba Indrajith,Adithya Ganesh,Gurjapneet Singh,1,1,0,run,0,,,42/3
1379603,2,6,4,Adithya Ganesh,Baba Indrajith,Gurjapneet Singh,1,0,1,bye,0,,,43/3
1379603,2,6,5,Baba Indrajith,Adithya Ganesh,Gurjapneet Singh,0,0,0,no run,0,,,43/3
1379603,2,6,6,Baba Indrajith,Adithya Ganesh,Gurjapneet Singh,1,1,0,run,0,,,44/3
1379603,2,7,1,Baba Indrajith,Adithya Ganesh,Swapnil Singh,1,1,0,run,0,,,45/3
1379603,2,7,2,Adithya Ganesh,Baba Indrajith,Swapnil Singh,0,0,0,no run,0,,,45/3
1379603,2,7,3,Adithya Ganesh,Baba Indrajith,Swapnil Singh,1,1,0,run,0,,,46/3
1379603,2,7,4,Baba Indrajith,Adithya Ganesh,Swapnil Singh,1,1,0,run,0,,,47/3
1379603,2,7,5,Adithya Ganesh,Baba Indrajith,Swapnil Singh,1,1,0,run,0,,,48/3
1379603,2,7,6,Baba Indrajith,Adithya Ganesh,Swapnil Singh,1,0,1,leg bye,0,,,49/3
1379603,2,8,1,Baba Indrajith,Adithya Ganesh,Jagatheesan Kousik,0,0,0,no run,0,,,49/3
1379603,2,8,2,Baba Indrajith,Adithya Ganesh,Jagatheesan Kousik,0,0,0,no run,0,,,49/3
1379603,2,8,3,Baba Indrajith,Adithya Ganesh,Jagatheesan Kousik,1,1,0,run,0,,,50/3
1379603,2,8,4,Adithya Ganesh,Baba Indrajith,Jagatheesan Kousik,1,1,0,run,0,,,51/3
1379603,2,8,5,Baba Indrajith,Adithya Ganesh,Jagatheesan Kousik,1,1,0,run,0,,,52/3
1379603,2,8,6,Adithya Ganesh,Baba Indrajith,Jagatheesan Kousik,6,6,0,six,0,,,58/3
1379603,2,9,1,Baba Indrajith,Adithya Ganesh,Swapnil Singh,6,6,0,six,0,,,64/3
1379603,2,9,2,Baba Indrajith,Adithya Ganesh,Swapnil Singh,2,2,0,run,0,,,66/3
1379603,2,9,3,Baba Indrajith,Adithya Ganesh,Swapnil Singh,0,0,0,no run,0,,,66/3
1379603,2,9,4,Baba Indrajith,Adithya Ganesh,Swapnil Singh,1,1,0,run,0,,,67/3
1379603,2,9,5,Adithya Ganesh,Baba Indrajith,Swapnil Singh,1,0,1,wide,0,,,68/3
1379603,2,9,6,Adithya Ganesh,Baba Indrajith,Swapnil Singh,0,0,0,no run,0,,,68/3
1379603,2,9,7,Adithya Ganesh,Baba Indrajith,Swapnil Singh,1,1,0,run,0,,,69/3
1379603,2,10,1,Adithya Ganesh,Baba Indrajith,Balu Surya,1,0,1,wide,0,,,70/3
1379603,2,10,2,Adithya Ganesh,Baba Indrajith,Balu Surya,1,1,0,run,0,,,71/3
1379603,2,10,3,Baba Indrajith,Adithya Ganesh,Balu Surya,4,4,0,four,0,,,75/3
1379603,2,10,4,Baba Indrajith,Adithya Ganesh,Balu Surya,1,1,0,run,0,,,76/3
1379603,2,10,5,Adithya Ganesh,Baba Indrajith,Balu Surya,1,1,0,run,0,,,77/3
1379603,2,10,6,Baba Indrajith,Adithya Ganesh,Balu Surya,4,4,0,four,0,,,81/3
1379603,2,10,7,Baba Indrajith,Adithya Ganesh,Balu Surya,1,1,0,run,0,,,82/3
1379603,2,11,1,Baba Indrajith,Adithya Ganesh,Murugan Ashwin,1,1,0,run,0,,,83/3
1379603,2,11,2,Adithya Ganesh,Baba Indrajith,Murugan Ashwin,1,1,0,run,0,,,84/3
1379603,2,11,3,Baba Indrajith,Adithya Ganesh,Murugan Ashwin,0,0,0,no run,0,,,84/3
1379603,2,11,4,Baba Indrajith,Adithya Ganesh,Murugan Ashwin,2,2,0,run,0,,,86/3
1379603,2,11,5,Baba Indrajith,Adithya Ganesh,Murugan Ashwin,0,0,0,no run,0,,,86/3
1379603,2,11,6,Baba Indrajith,Adithya Ganesh,Murugan Ashwin,1,1,0,run,0,,,87/3
1379603,2,12,1,Baba Indrajith,Adithya Ganesh,Washington Sundar,6,6,0,six,0,,,93/3
1379603,2,12,2,Baba Indrajith,Adithya Ganesh,Washington Sundar,2,2,0,run,0,,,95/3
1379603,2,12,3,Baba Indrajith,Adithya Ganesh,Washington Sundar,6,6,0,six,0,,,101/3
1379603,2,12,4,Baba Indrajith,Adithya Ganesh,Washington Sundar,6,6,0,six,0,,,107/3
1379603,2,12,5,Baba Indrajith,Adithya Ganesh,Washington Sundar,2,2,0,run,0,,,109/3
1379603,2,12,6,Baba Indrajith,Adithya Ganesh,Washington Sundar,4,4,0,four,0,,,113/3
1379603,2,13,1,Adithya Ganesh,Baba Indrajith,Murugan Ashwin,1,1,0,run,0,,,114/3
1379603,2,13,2,Baba Indrajith,Adithya Ganesh,Murugan Ashwin,0,0,0,no run,0,,,114/3
1379603,2,13,3,Baba Indrajith,Adithya Ganesh,Murugan Ashwin,1,1,0,run,0,,,115/3
1379603,2,13,4,Adithya Ganesh,Baba Indrajith,Murugan Ashwin,1,1,0,run,0,,,116/3
1379603,2,13,5,Baba Indrajith,Adithya Ganesh,Murugan Ashwin,1,1,0,run,0,,,117/3
1379603,2,13,6,Adithya Ganesh,Baba Indrajith,Murugan Ashwin,0,0,0,no run,0,,,117/3
1379603,2,14,1,Baba Indrajith,Adithya Ganesh,Gurjapneet Singh,0,0,0,no run,0,,,117/3
1379603,2,14,2,Baba Indrajith,Adithya Ganesh,Gurjapneet Singh,4,4,0,four,0,,,121/3
1379603,2,14,3,Baba Indrajith,Adithya Ganesh,Gurjapneet Singh,0,0,0,no run,0,,,121/3
1379603,2,14,4,Baba Indrajith,Adithya Ganesh,Gurjapneet Singh,1,0,1,bye,0,,,122/3
1379603,2,14,5,Adithya Ganesh,Baba Indrajith,Gurjapneet Singh,0,0,0,no run,0,,,122/3
1379603,2,14,6,Adithya Ganesh,Baba Indrajith,Gurjapneet Singh,0,0,0,no run,0,,,122/3
1379603,2,15,1,Baba Indrajith,Adithya Ganesh,Murugan Ashwin,2,2,0,run,0,,,124/3
1379604,1,1,1,Pradosh Ranjan Paul,Narayan Jagadeesan,K Gowtham Thamarai Kannan,0,0,0,no run,0,,,0/0
1379604,1,1,2,Pradosh Ranjan Paul,Narayan Jagadeesan,K Gowtham Thamarai Kannan,0,0,0,no run,0,,,0/0
1379604,1,1,3,Pradosh Ranjan Paul,Narayan Jagadeesan,K Gowtham Thamarai Kannan,0,0,0,no run,0,,,0/0
1379604,1,1,4,Pradosh Ranjan Paul,Narayan Jagadeesan,K Gowtham Thamarai Kannan,1,1,0,run,0,,,1/0
1379604,1,1,5,Narayan Jagadeesan,Pradosh Ranjan Paul,K Gowtham Thamarai Kannan,1,0,1,wide,0,,,2/0
1379604,1,1,6,Narayan Jagadeesan,Pradosh Ranjan Paul,K Gowtham Thamarai Kannan,0,0,0,no run,0,,,2/0
1379604,1,1,7,Narayan Jagadeesan,Pradosh Ranjan Paul,K Gowtham Thamarai Kannan,4,4,0,four,0,,,6/0
1379604,1,2,1,Pradosh Ranjan Paul,Narayan Jagadeesan,Manimaran Siddharth,1,1,0,run,0,,,7/0
1379604,1,2,2,Narayan Jagadeesan,Pradosh Ranjan Paul,Manimaran Siddharth,0,0,0,no run,0,,,7/0
1379604,1,2,3,Narayan Jagadeesan,Pradosh Ranjan Paul,Manimaran Siddharth,0,0,0,no run,0,,,7/0
1379604,1,2,4,Narayan Jagadeesan,Pradosh Ranjan Paul,Manimaran Siddharth,0,0,0,out,1,leg before wicket,Narayan Jagadeesan,7/1
1379604,1,2,5,S Santosh Shiv,Pradosh Ranjan Paul,Manimaran Siddharth,0,0,0,no run,0,,,7/1
1379604,1,2,6,S Santosh Shiv,Pradosh Ranjan Paul,Manimaran Siddharth,1,1,0,run,0,,,8/1
1379604,1,3,1,S Santosh Shiv,Pradosh Ranjan Paul,K Gowtham Thamarai Kannan,0,0,0,no run,0,,,8/1
1379604,1,3,2,S Santosh Shiv,Pradosh Ranjan Paul,K Gowtham Thamarai Kannan,0,0,0,no run,0,,,8/1
1379604,1,3,3,S Santosh Shiv,Pradosh Ranjan Paul,K Gowtham Thamarai Kannan,4,4,0,four,0,,,12/1
1379604,1,3,4,S Santosh Shiv,Pradosh Ranjan Paul,K Gowtham Thamarai Kannan,1,0,1,no ball,0,,,13/1
1379604,1,3,5,S Santosh Shiv,Pradosh Ranjan Paul,K Gowtham Thamarai Kannan,1,0,1,no ball,0,,,14/1
1379604,1,3,6,S Santosh Shiv,Pradosh Ranjan Paul,K Gowtham Thamarai Kannan,1,1,0,run,0,,,15/1
1379604,1,3,7,Pradosh Ranjan Paul,S Santosh Shiv,K Gowtham Thamarai Kannan,0,0,0,no run,0,,,15/1
1379604,1,3,8,Pradosh Ranjan Paul,S Santosh Shiv,K Gowtham Thamarai Kannan,0,0,0,no run,0,,,15/1
1379604,1,4,1,S Santosh Shiv,Pradosh Ranjan Paul,Masood Shahrukh Khan,4,4,0,four,0,,,19/1
1379604,1,4,2,S Santosh Shiv,Pradosh Ranjan Paul,Masood Shahrukh Khan,4,4,0,four,0,,,23/1
1379604,1,4,3,S Santosh Shiv,Pradosh Ranjan Paul,Masood Shahrukh Khan,0,0,0,no run,0,,,23/1
1379604,1,4,4,S Santosh Shiv,Pradosh Ranjan Paul,Masood Shahrukh Khan,0,0,0,out,1,bowled,S Santosh Shiv,23/2
1379604,1,4,5,Baba Aparajith,Pradosh Ranjan Paul,Masood Shahrukh Khan,1,1,0,run,0,,,24/2
1379604,1,4,6,Pradosh Ranjan Paul,Baba Aparajith,Masood Shahrukh Khan,0,0,0,no run,0,,,24/2
1379604,1,5,1,Baba Aparajith,Pradosh Ranjan Paul,K Gowtham Thamarai Kannan,0,0,0,no run,0,,,24/2
1379604,1,5,2,Baba Aparajith,Pradosh Ranjan Paul,K Gowtham Thamarai Kannan,1,1,0,run,0,,,25/2
1379604,1,5,3,Pradosh Ranjan Paul,Baba Aparajith,K Gowtham Thamarai Kannan,1,1,0,run,0,,,26/2
1379604,1,5,4,Baba Aparajith,Pradosh Ranjan Paul,K Gowtham Thamarai Kannan,0,0,0,no run,0,,,26/2
1379604,1,5,5,Baba Aparajith,Pradosh Ranjan Paul,K Gowtham Thamarai Kannan,0,0,0,no run,0,,,26/2
1379604,1,5,6,Baba Aparajith,Pradosh Ranjan Paul,K Gowtham Thamarai Kannan,0,0,0,no run,0,,,26/2
1379604,1,6,1,Pradosh Ranjan Paul,Baba Aparajith,Manimaran Siddharth,1,1,0,run,0,,,27/2
1379604,1,6,2,Baba Aparajith,Pradosh Ranjan Paul,Manimaran Siddharth,0,0,0,no run,0,,,27/2
1379604,1,6,3,Baba Aparajith,Pradosh Ranjan Paul,Manimaran Siddharth,1,1,0,run,0,,,28/2
1379604,1,6,4,Pradosh Ranjan Paul,Baba Aparajith,Manimaran Siddharth,1,1,0,run,0,,,29/2
1379604,1,6,5,Baba Aparajith,Pradosh Ranjan Paul,Manimaran Siddharth,1,1,0,run,0,,,30/2
1379604,1,6,6,Pradosh Ranjan Paul,Baba Aparajith,Manimaran Siddharth,1,1,0,run,0,,,31/2
1379604,1,7,1,Pradosh Ranjan Paul,Baba Aparajith,M Mohammed,0,0,0,out,1,caught,Pradosh Ranjan Paul,31/3
1379604,1,7,2,Ramsingh  Sanjay Yadav,Baba Aparajith,M Mohammed,1,1,0,run,0,,,32/3
1379604,1,7,3,Baba Aparajith,Ramsingh  Sanjay Yadav,M Mohammed,0,0,0,no run,0,,,32/3
1379604,1,7,4,Baba Aparajith,Ramsingh  Sanjay Yadav,M Mohammed,0,0,0,no run,0,,,32/3
1379604,1,7,5,Baba Aparajith,Ramsingh  Sanjay Yadav,M Mohammed,0,0,0,no run,0,,,32/3
1379604,1,7,6,Baba Aparajith,Ramsingh  Sanjay Yadav,M Mohammed,0,0,0,no run,0,,,32/3
1379604,1,8,1,Ramsingh  Sanjay Yadav,Baba Aparajith,K Gowtham Thamarai Kannan,0,0,0,no run,0,,,32/3
1379604,1,8,2,Ramsingh  Sanjay Yadav,Baba Aparajith,K Gowtham Thamarai Kannan,0,0,0,no run,0,,,32/3
1379604,1,8,3,Ramsingh  Sanjay Yadav,Baba Aparajith,K Gowtham Thamarai Kannan,1,0,1,leg bye,0,,,33/3
1379604,1,8,4,Baba Aparajith,Ramsingh  Sanjay Yadav,K Gowtham Thamarai Kannan,6,6,0,six,0,,,39/3
1379604,1,8,5,Baba Aparajith,Ramsingh  Sanjay Yadav,K Gowtham Thamarai Kannan,0,0,0,no run,0,,,39/3
1379604,1,8,6,Baba Aparajith,Ramsingh  Sanjay Yadav,K Gowtham Thamarai Kannan,0,0,0,no run,0,,,39/3
1379604,1,9,1,Ramsingh  Sanjay Yadav,Baba Aparajith,M Mohammed,0,0,0,no run,0,,,39/3
1379604,1,9,2,Ramsingh  Sanjay Yadav,Baba Aparajith,M Mohammed,0,0,0,no run,0,,,39/3
1379604,1,9,3,Ramsingh  Sanjay Yadav,Baba Aparajith,M Mohammed,0,0,0,no run,0,,,39/3
1379604,1,9,4,Ramsingh  Sanjay Yadav,Baba Aparajith,M Mohammed,1,1,0,run,0,,,40/3
1379604,1,9,5,Baba Aparajith,Ramsingh  Sanjay Yadav,M Mohammed,0,0,0,no run,0,,,40/3
1379604,1,9,6,Baba Aparajith,Ramsingh  Sanjay Yadav,M Mohammed,0,0,0,no run,0,,,40/3
1379604,1,10,1,Ramsingh  Sanjay Yadav,Baba Aparajith,Valliappan Yudheeswaran,0,0,0,out,1,caught,Ramsingh  Sanjay Yadav,40/4
1379604,1,10,2,Uthirasamy Sasidev,Baba Aparajith,Valliappan Yudheeswaran,4,0,4,bye,0,,,44/4
1379604,1,10,3,Uthirasamy Sasidev,Baba Aparajith,Valliappan Yudheeswaran,0,0,0,no run,0,,,44/4
1379604,1,10,4,Uthirasamy Sasidev,Baba Aparajith,Valliappan Yudheeswaran,4,4,0,four,0,,,48/4
1379604,1,10,5,Uthirasamy Sasidev,Baba Aparajith,Valliappan Yudheeswaran,0,0,0,no run,0,,,48/4
1379604,1,10,6,Uthirasamy Sasidev,Baba Aparajith,Valliappan Yudheeswaran,6,6,0,six,0,,,54/4
1379604,1,11,1,Baba Aparajith,Uthirasamy Sasidev,Manimaran Siddharth,1,1,0,run,0,,,55/4
1379604,1,11,2,Uthirasamy Sasidev,Baba Aparajith,Manimaran Siddharth,1,1,0,run,0,,,56/4
1379604,1,11,3,Baba Aparajith,Uthirasamy Sasidev,Manimaran Siddharth,0,0,0,no run,0,,,56/4
1379604,1,11,4,Baba Aparajith,Uthirasamy Sasidev,Manimaran Siddharth,1,1,0,run,0,,,57/4
1379604,1,11,5,Uthirasamy Sasidev,Baba Aparajith,Manimaran Siddharth,4,4,0,four,0,,,61/4
1379604,1,11,6,Uthirasamy Sasidev,Baba Aparajith,Manimaran Siddharth,0,0,0,no run,0,,,61/4
1379604,1,12,1,Baba Aparajith,Uthirasamy Sasidev,Valliappan Yudheeswaran,0,0,0,no run,0,,,61/4
1379604,1,12,2,Baba Aparajith,Uthirasamy Sasidev,Valliappan Yudheeswaran,0,0,0,out,1,run out,Baba Aparajith,61/5
1379604,1,12,3,Uthirasamy Sasidev,S Harish Kumar,Valliappan Yudheeswaran,1,1,0,run,0,,,62/5
1379604,1,12,4,S Harish Kumar,Uthirasamy Sasidev,Valliappan Yudheeswaran,0,0,0,no run,0,,,62/5
1379604,1,12,5,S Harish Kumar,Uthirasamy Sasidev,Valliappan Yudheeswaran,1,1,0,run,0,,,63/5
1379604,1,12,6,Uthirasamy Sasidev,S Harish Kumar,Valliappan Yudheeswaran,0,0,0,no run,0,,,63/5
1379604,1,13,1,S Harish Kumar,Uthirasamy Sasidev,Jhathavedh Subramanyan,1,1,0,run,0,,,64/5
1379604,1,13,2,Uthirasamy Sasidev,S Harish Kumar,Jhathavedh Subramanyan,1,1,0,run,0,,,65/5
1379604,1,13,3,S Harish Kumar,Uthirasamy Sasidev,Jhathavedh Subramanyan,0,0,0,no run,0,,,65/5
1379604,1,13,4,S Harish Kumar,Uthirasamy Sasidev,Jhathavedh Subramanyan,0,0,0,no run,0,,,65/5
1379604,1,13,5,S Harish Kumar,Uthirasamy Sasidev,Jhathavedh Subramanyan,1,1,0,run,0,,,66/5
1379604,1,13,6,Uthirasamy Sasidev,S Harish Kumar,Jhathavedh Subramanyan,0,0,0,no run,0,,,66/5
1379604,1,14,1,S Harish Kumar,Uthirasamy Sasidev,Manimaran Siddharth,1,1,0,run,0,,,67/5
1379604,1,14,2,Uthirasamy Sasidev,S Harish Kumar,Manimaran Siddharth,1,1,0,run,0,,,68/5
1379604,1,14,3,S Harish Kumar,Uthirasamy Sasidev,Manimaran Siddharth,6,6,0,six,0,,,74/5
1379604,1,14,4,S Harish Kumar,Uthirasamy Sasidev,Manimaran Siddharth,1,1,0,run,0,,,75/5
1379604,1,14,5,Uthirasamy Sasidev,S Harish Kumar,Manimaran Siddharth,1,1,0,run,0,,,76/5
1379604,1,14,6,S Harish Kumar,Uthirasamy Sasidev,Manimaran Siddharth,0,0,0,no run,0,,,76/5
1379604,1,15,1,Uthirasamy Sasidev,S Harish Kumar,Jhathavedh Subramanyan,1,1,0,run,0,,,77/5
1379604,1,15,2,S Harish Kumar,Uthirasamy Sasidev,Jhathavedh Subramanyan,0,0,0,no run,0,,,77/5
1379604,1,15,3,S Harish Kumar,Uthirasamy Sasidev,Jhathavedh Subramanyan,1,1,0,run,0,,,78/5
1379604,1,15,4,Uthirasamy Sasidev,S Harish Kumar,Jhathavedh Subramanyan,1,1,0,run,0,,,79/5
1379604,1,15,5,S Harish Kumar,Uthirasamy Sasidev,Jhathavedh Subramanyan,1,1,0,run,0,,,80/5
1379604,1,15,6,Uthirasamy Sasidev,S Harish Kumar,Jhathavedh Subramanyan,0,0,0,no run,0,,,80/5
1379604,1,16,1,S Harish Kumar,Uthirasamy Sasidev,M Mohammed,1,1,0,run,0,,,81/5
1379604,1,16,2,Uthirasamy Sasidev,S Harish Kumar,M Mohammed,1,1,0,run,0,,,82/5
1379604,1,16,3,S Harish Kumar,Uthirasamy Sasidev,M Mohammed,6,6,0,six,0,,,88/5
1379604,1,16,4,S Harish Kumar,Uthirasamy Sasidev,M Mohammed,6,6,0,six,0,,,94/5
1379604,1,16,5,S Harish Kumar,Uthirasamy Sasidev,M Mohammed,5,4,1,four,0,,,99/5
1379604,1,16,6,S Harish Kumar,Uthirasamy Sasidev,M Mohammed,1,1,0,run,0,,,100/5
1379604,1,16,7,Uthirasamy Sasidev,S Harish Kumar,M Mohammed,0,0,0,no run,0,,,100/5
1379604,1,17,1,S Harish Kumar,Uthirasamy Sasidev,Jhathavedh Subramanyan,1,1,0,run,0,,,101/5
1379604,1,17,2,Uthirasamy Sasidev,S Harish Kumar,Jhathavedh Subramanyan,1,1,0,run,0,,,102/5
1379604,1,17,3,S Harish Kumar,Uthirasamy Sasidev,Jhathavedh Subramanyan,0,0,0,out,1,caught,S Harish Kumar,102/6
1379604,1,17,4,Ramalingam Rohit,Uthirasamy Sasidev,Jhathavedh Subramanyan,0,0,0,no run,0,,,102/6
1379604,1,17,5,Ramalingam Rohit,Uthirasamy Sasidev,Jhathavedh Subramanyan,0,0,0,no run,0,,,102/6
1379604,1,17,6,Ramalingam Rohit,Uthirasamy Sasidev,Jhathavedh Subramanyan,1,1,0,run,0,,,103/6
1379604,1,18,1,Ramalingam Rohit,Uthirasamy Sasidev,Valliappan Yudheeswaran,1,1,0,run,0,,,104/6
1379604,1,18,2,Uthirasamy Sasidev,Ramalingam Rohit,Valliappan Yudheeswaran,0,0,0,no run,0,,,104/6
1379604,1,18,3,Uthirasamy Sasidev,Ramalingam Rohit,Valliappan Yudheeswaran,0,0,0,out,1,caught,Uthirasamy Sasidev,104/7
1379604,1,18,4,TD Lokesh Raj,Ramalingam Rohit,Valliappan Yudheeswaran,0,0,0,out,1,leg before wicket,TD Lokesh Raj,104/8
1379604,1,18,5,Rahil S Shah,Ramalingam Rohit,Valliappan Yudheeswaran,0,0,0,no run,0,,,104/8
1379604,1,18,6,Rahil S Shah,Ramalingam Rohit,Valliappan Yudheeswaran,1,1,0,run,0,,,105/8
1379604,1,19,1,Rahil S Shah,Ramalingam Rohit,M Mohammed,1,1,0,run,0,,,106/8
1379604,1,19,2,Ramalingam Rohit,Rahil S Shah,M Mohammed,1,0,1,leg bye,0,,,107/8
1379604,1,19,3,Rahil S Shah,Ramalingam Rohit,M Mohammed,0,0,0,no run,0,,,107/8
1379604,1,19,4,Rahil S Shah,Ramalingam Rohit,M Mohammed,0,0,0,no run,0,,,107/8
1379604,1,19,5,Rahil S Shah,Ramalingam Rohit,M Mohammed,4,4,0,four,0,,,111/8
1379604,1,19,6,Rahil S Shah,Ramalingam Rohit,M Mohammed,0,0,0,no run,0,,,111/8
1379604,1,20,1,Ramalingam Rohit,Rahil S Shah,Valliappan Yudheeswaran,4,4,0,four,0,,,115/8
1379604,1,20,2,Ramalingam Rohit,Rahil S Shah,Valliappan Yudheeswaran,1,0,1,wide,0,,,116/8
1379604,1,20,3,Ramalingam Rohit,Rahil S Shah,Valliappan Yudheeswaran,4,4,0,four,0,,,120/8
1379604,1,20,4,Ramalingam Rohit,Rahil S Shah,Valliappan Yudheeswaran,1,1,0,run,0,,,121/8
1379604,1,20,5,Rahil S Shah,Ramalingam Rohit,Valliappan Yudheeswaran,0,0,0,no run,0,,,121/8
1379604,1,20,6,Rahil S Shah,Ramalingam Rohit,Valliappan Yudheeswaran,3,3,0,run,0,,,124/8
1379604,1,20,7,Ramalingam Rohit,Rahil S Shah,Valliappan Yudheeswaran,2,2,0,run,0,,,126/8
1379604,2,1,1,Balasubramaniam Sachin,Jayaraman Suresh Kumar,S Harish Kumar,1,1,0,run,0,,,1/0
1379604,2,1,2,Jayaraman Suresh Kumar,Balasubramaniam Sachin,S Harish Kumar,0,0,0,no run,0,,,1/0
1379604,2,1,3,Jayaraman Suresh Kumar,Balasubramaniam Sachin,S Harish Kumar,4,4,0,four,0,,,5/0
1379604,2,1,4,Jayaraman Suresh Kumar,Balasubramaniam Sachin,S Harish Kumar,4,4,0,four,0,,,9/0
1379604,2,1,5,Jayaraman Suresh Kumar,Balasubramaniam Sachin,S Harish Kumar,1,1,0,run,0,,,10/0
1379604,2,1,6,Balasubramaniam Sachin,Jayaraman Suresh Kumar,S Harish Kumar,1,1,0,run,0,,,11/0
1379604,2,2,1,Balasubramaniam Sachin,Jayaraman Suresh Kumar,Ramalingam Rohit,2,2,0,run,0,,,13/0
1379604,2,2,2,Balasubramaniam Sachin,Jayaraman Suresh Kumar,Ramalingam Rohit,0,0,0,no run,0,,,13/0
1379604,2,2,3,Balasubramaniam Sachin,Jayaraman Suresh Kumar,Ramalingam Rohit,1,1,0,run,0,,,14/0
1379604,2,2,4,Jayaraman Suresh Kumar,Balasubramaniam Sachin,Ramalingam Rohit,0,0,0,no run,0,,,14/0
1379604,2,2,5,Jayaraman Suresh Kumar,Balasubramaniam Sachin,Ramalingam Rohit,0,0,0,no run,0,,,14/0
1379604,2,2,6,Jayaraman Suresh Kumar,Balasubramaniam Sachin,Ramalingam Rohit,0,0,0,no run,0,,,14/0
1379604,2,3,1,Balasubramaniam Sachin,Jayaraman Suresh Kumar,S Harish Kumar,0,0,0,no run,0,,,14/0
1379604,2,3,2,Balasubramaniam Sachin,Jayaraman Suresh Kumar,S Harish Kumar,2,2,0,run,0,,,16/0
1379604,2,3,3,Balasubramaniam Sachin,Jayaraman Suresh Kumar,S Harish Kumar,1,1,0,run,0,,,17/0
1379604,2,3,4,Jayaraman Suresh Kumar,Balasubramaniam Sachin,S Harish Kumar,0,0,0,no run,0,,,17/0
1379604,2,3,5,Jayaraman Suresh Kumar,Balasubramaniam Sachin,S Harish Kumar,0,0,0,no run,0,,,17/0
1379604,2,3,6,Jayaraman Suresh Kumar,Balasubramaniam Sachin,S Harish Kumar,4,4,0,four,0,,,21/0
1379604,2,4,1,Balasubramaniam Sachin,Jayaraman Suresh Kumar,Ramalingam Rohit,0,0,0,no run,0,,,21/0
1379604,2,4,2,Balasubramaniam Sachin,Jayaraman Suresh Kumar,Ramalingam Rohit,0,0,0,no run,0,,,21/0
1379604,2,4,3,Balasubramaniam Sachin,Jayaraman Suresh Kumar,Ramalingam Rohit,0,0,0,no run,0,,,21/0
1379604,2,4,4,Balasubramaniam Sachin,Jayaraman Suresh Kumar,Ramalingam Rohit,1,1,0,run,0,,,22/0
1379604,2,4,5,Jayaraman Suresh Kumar,Balasubramaniam Sachin,Ramalingam Rohit,4,4,0,four,0,,,26/0
1379604,2,4,6,Jayaraman Suresh Kumar,Balasubramaniam Sachin,Ramalingam Rohit,4,4,0,four,0,,,30/0
1379604,2,5,1,Balasubramaniam Sachin,Jayaraman Suresh Kumar,Baba Aparajith,0,0,0,no run,0,,,30/0
1379604,2,5,2,Balasubramaniam Sachin,Jayaraman Suresh Kumar,Baba Aparajith,4,4,0,four,0,,,34/0
1379604,2,5,3,Balasubramaniam Sachin,Jayaraman Suresh Kumar,Baba Aparajith,1,1,0,run,0,,,35/0
1379604,2,5,4,Jayaraman Suresh Kumar,Balasubramaniam Sachin,Baba Aparajith,0,0,0,no run,0,,,35/0
1379604,2,5,5,Jayaraman Suresh Kumar,Balasubramaniam Sachin,Baba Aparajith,4,4,0,four,0,,,39/0
1379604,2,5,6,Jayaraman Suresh Kumar,Balasubramaniam Sachin,Baba Aparajith,0,0,0,no run,0,,,39/0
1379604,2,6,1,Balasubramaniam Sachin,Jayaraman Suresh Kumar,Rahil S Shah,0,0,0,out,1,bowled,Balasubramaniam Sachin,39/1
1379604,2,6,2,Bhardwaj Sai Sudharsan,Jayaraman Suresh Kumar,Rahil S Shah,0,0,0,no run,0,,,39/1
1379604,2,6,3,Bhardwaj Sai Sudharsan,Jayaraman Suresh Kumar,Rahil S Shah,0,0,0,no run,0,,,39/1
1379604,2,6,4,Bhardwaj Sai Sudharsan,Jayaraman Suresh Kumar,Rahil S Shah,4,4,0,four,0,,,43/1
1379604,2,6,5,Bhardwaj Sai Sudharsan,Jayaraman Suresh Kumar,Rahil S Shah,0,0,0,no run,0,,,43/1
1379604,2,6,6,Bhardwaj Sai Sudharsan,Jayaraman Suresh Kumar,Rahil S Shah,1,1,0,run,0,,,44/1
1379604,2,7,1,Bhardwaj Sai Sudharsan,Jayaraman Suresh Kumar,Baba Aparajith,0,0,0,no run,0,,,44/1
1379604,2,7,2,Bhardwaj Sai Sudharsan,Jayaraman Suresh Kumar,Baba Aparajith,1,1,0,run,0,,,45/1
1379604,2,7,3,Jayaraman Suresh Kumar,Bhardwaj Sai Sudharsan,Baba Aparajith,1,1,0,run,0,,,46/1
1379604,2,7,4,Bhardwaj Sai Sudharsan,Jayaraman Suresh Kumar,Baba Aparajith,0,0,0,no run,0,,,46/1
1379604,2,7,5,Bhardwaj Sai Sudharsan,Jayaraman Suresh Kumar,Baba Aparajith,1,1,0,run,0,,,47/1
1379604,2,7,6,Jayaraman Suresh Kumar,Bhardwaj Sai Sudharsan,Baba Aparajith,6,6,0,six,0,,,53/1
1379604,2,8,1,Bhardwaj Sai Sudharsan,Jayaraman Suresh Kumar,Rahil S Shah,0,0,0,no run,0,,,53/1
1379604,2,8,2,Bhardwaj Sai Sudharsan,Jayaraman Suresh Kumar,Rahil S Shah,1,1,0,run,0,,,54/1
1379604,2,8,3,Jayaraman Suresh Kumar,Bhardwaj Sai Sudharsan,Rahil S Shah,1,1,0,run,0,,,55/1
1379604,2,8,4,Bhardwaj Sai Sudharsan,Jayaraman Suresh Kumar,Rahil S Shah,6,6,0,six,0,,,61/1
1379604,2,8,5,Bhardwaj Sai Sudharsan,Jayaraman Suresh Kumar,Rahil S Shah,1,1,0,run,0,,,62/1
1379604,2,8,6,Jayaraman Suresh Kumar,Bhardwaj Sai Sudharsan,Rahil S Shah,0,0,0,no run,0,,,62/1
1379604,2,9,1,Bhardwaj Sai Sudharsan,Jayaraman Suresh Kumar,TD Lokesh Raj,1,1,0,run,0,,,63/1
1379604,2,9,2,Jayaraman Suresh Kumar,Bhardwaj Sai Sudharsan,TD Lokesh Raj,1,1,0,run,0,,,64/1
1379604,2,9,3,Bhardwaj Sai Sudharsan,Jayaraman Suresh Kumar,TD Lokesh Raj,0,0,0,no run,0,,,64/1
1379604,2,9,4,Bhardwaj Sai Sudharsan,Jayaraman Suresh Kumar,TD Lokesh Raj,4,4,0,four,0,,,68/1
1379604,2,9,5,Bhardwaj Sai Sudharsan,Jayaraman Suresh Kumar,TD Lokesh Raj,4,4,0,four,0,,,72/1
1379604,2,9,6,Bhardwaj Sai Sudharsan,Jayaraman Suresh Kumar,TD Lokesh Raj,0,0,0,no run,0,,,72/1
1379604,2,10,1,Jayaraman Suresh Kumar,Bhardwaj Sai Sudharsan,M Silambarasan,1,1,0,run,0,,,73/1
1379604,2,10,2,Bhardwaj Sai Sudharsan,Jayaraman Suresh Kumar,M Silambarasan,0,0,0,no run,0,,,73/1
1379604,2,10,3,Bhardwaj Sai Sudharsan,Jayaraman Suresh Kumar,M Silambarasan,4,4,0,four,0,,,77/1
1379604,2,10,4,Bhardwaj Sai Sudharsan,Jayaraman Suresh Kumar,M Silambarasan,1,1,0,run,0,,,78/1
1379604,2,10,5,Jayaraman Suresh Kumar,Bhardwaj Sai Sudharsan,M Silambarasan,1,1,0,run,0,,,79/1
1379604,2,10,6,Bhardwaj Sai Sudharsan,Jayaraman Suresh Kumar,M Silambarasan,1,1,0,run,0,,,80/1
1379604,2,11,1,Bhardwaj Sai Sudharsan,Jayaraman Suresh Kumar,Rahil S Shah,1,1,0,run,0,,,81/1
1379604,2,11,2,Jayaraman Suresh Kumar,Bhardwaj Sai Sudharsan,Rahil S Shah,0,0,0,no run,0,,,81/1
1379604,2,11,3,Jayaraman Suresh Kumar,Bhardwaj Sai Sudharsan,Rahil S Shah,1,1,0,run,0,,,82/1
1379604,2,11,4,Bhardwaj Sai Sudharsan,Jayaraman Suresh Kumar,Rahil S Shah,1,1,0,run,0,,,83/1
1379604,2,11,5,Jayaraman Suresh Kumar,Bhardwaj Sai Sudharsan,Rahil S Shah,1,1,0,run,0,,,84/1
1379604,2,11,6,Bhardwaj Sai Sudharsan,Jayaraman Suresh Kumar,Rahil S Shah,1,1,0,run,0,,,85/1
1379604,2,12,1,Bhardwaj Sai Sudharsan,Jayaraman Suresh Kumar,TD Lokesh Raj,2,2,0,run,0,,,87/1
1379604,2,12,2,Bhardwaj Sai Sudharsan,Jayaraman Suresh Kumar,TD Lokesh Raj,1,1,0,run,0,,,88/1
1379604,2,12,3,Jayaraman Suresh Kumar,Bhardwaj Sai Sudharsan,TD Lokesh Raj,4,4,0,four,0,,,92/1
1379604,2,12,4,Jayaraman Suresh Kumar,Bhardwaj Sai Sudharsan,TD Lokesh Raj,0,0,0,no run,0,,,92/1
1379604,2,12,5,Jayaraman Suresh Kumar,Bhardwaj Sai Sudharsan,TD Lokesh Raj,0,0,0,no run,0,,,92/1
1379604,2,12,6,Jayaraman Suresh Kumar,Bhardwaj Sai Sudharsan,TD Lokesh Raj,0,0,0,no run,0,,,92/1
1379604,2,13,1,Bhardwaj Sai Sudharsan,Jayaraman Suresh Kumar,Rahil S Shah,1,1,0,run,0,,,93/1
1379604,2,13,2,Jayaraman Suresh Kumar,Bhardwaj Sai Sudharsan,Rahil S Shah,0,0,0,no run,0,,,93/1
1379604,2,13,3,Jayaraman Suresh Kumar,Bhardwaj Sai Sudharsan,Rahil S Shah,1,1,0,run,0,,,94/1
1379604,2,13,4,Bhardwaj Sai Sudharsan,Jayaraman Suresh Kumar,Rahil S Shah,1,1,0,run,0,,,95/1
1379604,2,13,5,Jayaraman Suresh Kumar,Bhardwaj Sai Sudharsan,Rahil S Shah,4,4,0,four,0,,,99/1
1379604,2,13,6,Jayaraman Suresh Kumar,Bhardwaj Sai Sudharsan,Rahil S Shah,0,0,0,no run,0,,,99/1
1379604,2,14,1,Bhardwaj Sai Sudharsan,Jayaraman Suresh Kumar,TD Lokesh Raj,0,0,0,no run,0,,,99/1
1379604,2,14,2,Bhardwaj Sai Sudharsan,Jayaraman Suresh Kumar,TD Lokesh Raj,4,4,0,four,0,,,103/1
1379604,2,14,3,Bhardwaj Sai Sudharsan,Jayaraman Suresh Kumar,TD Lokesh Raj,0,0,0,no run,0,,,103/1
1379604,2,14,4,Bhardwaj Sai Sudharsan,Jayaraman Suresh Kumar,TD Lokesh Raj,1,1,0,run,0,,,104/1
1379604,2,14,5,Jayaraman Suresh Kumar,Bhardwaj Sai Sudharsan,TD Lokesh Raj,0,0,0,out,1,caught,Jayaraman Suresh Kumar,104/2
1379604,2,14,6,R Ram Arvindh,Bhardwaj Sai Sudharsan,TD Lokesh Raj,0,0,0,no run,0,,,104/2
1379604,2,15,1,Bhardwaj Sai Sudharsan,R Ram Arvindh,M Silambarasan,4,4,0,four,0,,,108/2
1379604,2,15,2,Bhardwaj Sai Sudharsan,R Ram Arvindh,M Silambarasan,4,4,0,four,0,,,112/2
1379604,2,15,3,Bhardwaj Sai Sudharsan,R Ram Arvindh,M Silambarasan,4,4,0,four,0,,,116/2
1379604,2,15,4,Bhardwaj Sai Sudharsan,R Ram Arvindh,M Silambarasan,0,0,0,no run,0,,,116/2
1379604,2,15,5,Bhardwaj Sai Sudharsan,R Ram Arvindh,M Silambarasan,0,0,0,no run,0,,,116/2
1379604,2,15,6,Bhardwaj Sai Sudharsan,R Ram Arvindh,M Silambarasan,2,2,0,run,0,,,118/2
1379604,2,16,1,R Ram Arvindh,Bhardwaj Sai Sudharsan,TD Lokesh Raj,0,0,0,no run,0,,,118/2
1379604,2,16,2,R Ram Arvindh,Bhardwaj Sai Sudharsan,TD Lokesh Raj,1,1,0,run,0,,,119/2
1379604,2,16,3,Bhardwaj Sai Sudharsan,R Ram Arvindh,TD Lokesh Raj,1,1,0,run,0,,,120/2
1379604,2,16,4,R Ram Arvindh,Bhardwaj Sai Sudharsan,TD Lokesh Raj,1,1,0,run,0,,,121/2
1379604,2,16,5,Bhardwaj Sai Sudharsan,R Ram Arvindh,TD Lokesh Raj,1,1,0,run,0,,,122/2
1379604,2,16,6,R Ram Arvindh,Bhardwaj Sai Sudharsan,TD Lokesh Raj,0,0,0,no run,0,,,122/2
1379604,2,17,1,Bhardwaj Sai Sudharsan,R Ram Arvindh,M Viju Arul,1,1,0,run,0,,,123/2
1379604,2,17,2,R Ram Arvindh,Bhardwaj Sai Sudharsan,M Viju Arul,1,1,0,run,0,,,124/2
1379604,2,17,3,Bhardwaj Sai Sudharsan,R Ram Arvindh,M Viju Arul,4,4,0,four,0,,,128/2
1379605,1,1,1,R Sri Neranjan,Laxmesha Suryaprakash,Vijay Shankar,0,0,0,no run,0,,,0/0
1379605,1,1,2,R Sri Neranjan,Laxmesha Suryaprakash,Vijay Shankar,1,0,1,wide,0,,,1/0
1379605,1,1,3,R Sri Neranjan,Laxmesha Suryaprakash,Vijay Shankar,5,5,0,run,0,,,6/0
1379605,1,1,4,Laxmesha Suryaprakash,R Sri Neranjan,Vijay Shankar,0,0,0,no run,0,,,6/0
1379605,1,1,5,Laxmesha Suryaprakash,R Sri Neranjan,Vijay Shankar,1,1,0,run,0,,,7/0
1379605,1,1,6,R Sri Neranjan,Laxmesha Suryaprakash,Vijay Shankar,1,0,1,wide,0,,,8/0
1379605,1,1,7,R Sri Neranjan,Laxmesha Suryaprakash,Vijay Shankar,1,0,1,leg bye,0,,,9/0
1379605,1,1,8,Laxmesha Suryaprakash,R Sri Neranjan,Vijay Shankar,0,0,0,no run,0,,,9/0
1379605,1,2,1,R Sri Neranjan,Laxmesha Suryaprakash,P Bhuvaneswaran,4,4,0,four,0,,,13/0
1379605,1,2,2,R Sri Neranjan,Laxmesha Suryaprakash,P Bhuvaneswaran,0,0,0,no run,0,,,13/0
1379605,1,2,3,R Sri Neranjan,Laxmesha Suryaprakash,P Bhuvaneswaran,4,4,0,four,0,,,17/0
1379605,1,2,4,R Sri Neranjan,Laxmesha Suryaprakash,P Bhuvaneswaran,0,0,0,no run,0,,,17/0
1379605,1,2,5,R Sri Neranjan,Laxmesha Suryaprakash,P Bhuvaneswaran,0,0,0,out,1,caught,R Sri Neranjan,17/1
1379605,1,2,6,SJ Arun Kumar,Laxmesha Suryaprakash,P Bhuvaneswaran,0,0,0,no run,0,,,17/1
1379605,1,3,1,Laxmesha Suryaprakash,SJ Arun Kumar,Vijay Shankar,0,0,0,no run,0,,,17/1
1379605,1,3,2,Laxmesha Suryaprakash,SJ Arun Kumar,Vijay Shankar,4,4,0,four,0,,,21/1
1379605,1,3,3,Laxmesha Suryaprakash,SJ Arun Kumar,Vijay Shankar,4,4,0,four,0,,,25/1
1379605,1,3,4,Laxmesha Suryaprakash,SJ Arun Kumar,Vijay Shankar,1,1,0,run,0,,,26/1
1379605,1,3,5,SJ Arun Kumar,Laxmesha Suryaprakash,Vijay Shankar,0,0,0,no run,0,,,26/1
1379605,1,3,6,SJ Arun Kumar,Laxmesha Suryaprakash,Vijay Shankar,0,0,0,no run,0,,,26/1
1379605,1,4,1,Laxmesha Suryaprakash,SJ Arun Kumar,P Bhuvaneswaran,0,0,0,no run,0,,,26/1
1379605,1,4,2,Laxmesha Suryaprakash,SJ Arun Kumar,P Bhuvaneswaran,0,0,0,out,1,caught,Laxmesha Suryaprakash,26/2
1379605,1,4,3,Konda Bhaskir Arun Karthik,SJ Arun Kumar,P Bhuvaneswaran,4,4,0,four,0,,,30/2
1379605,1,4,4,Konda Bhaskir Arun Karthik,SJ Arun Kumar,P Bhuvaneswaran,0,0,0,out,1,bowled,Konda Bhaskir Arun Karthik,30/3
1379605,1,4,5,S Lakshay Jain,SJ Arun Kumar,P Bhuvaneswaran,0,0,0,no run,0,,,30/3
1379605,1,4,6,S Lakshay Jain,SJ Arun Kumar,P Bhuvaneswaran,1,0,1,leg bye,0,,,31/3
1379605,1,5,1,S Lakshay Jain,SJ Arun Kumar,Ganeshan Periyaswamy,0,0,0,no run,0,,,31/3
1379605,1,5,2,S Lakshay Jain,SJ Arun Kumar,Ganeshan Periyaswamy,0,0,0,no run,0,,,31/3
1379605,1,5,3,S Lakshay Jain,SJ Arun Kumar,Ganeshan Periyaswamy,1,1,0,run,0,,,32/3
1379605,1,5,4,SJ Arun Kumar,S Lakshay Jain,Ganeshan Periyaswamy,2,2,0,run,0,,,34/3
1379605,1,5,5,SJ Arun Kumar,S Lakshay Jain,Ganeshan Periyaswamy,0,0,0,out,1,caught,SJ Arun Kumar,34/4
1379605,1,5,6,Ramsingh Sonu Yadav,S Lakshay Jain,Ganeshan Periyaswamy,0,0,0,no run,0,,,34/4
1379605,1,6,1,S Lakshay Jain,Ramsingh Sonu Yadav,P Bhuvaneswaran,0,0,0,no run,0,,,34/4
1379605,1,6,2,S Lakshay Jain,Ramsingh Sonu Yadav,P Bhuvaneswaran,0,0,0,no run,0,,,34/4
1379605,1,6,3,S Lakshay Jain,Ramsingh Sonu Yadav,P Bhuvaneswaran,0,0,0,no run,0,,,34/4
1379605,1,6,4,S Lakshay Jain,Ramsingh Sonu Yadav,P Bhuvaneswaran,0,0,0,no run,0,,,34/4
1379605,1,6,5,S Lakshay Jain,Ramsingh Sonu Yadav,P Bhuvaneswaran,4,4,0,four,0,,,38/4
1379605,1,6,6,S Lakshay Jain,Ramsingh Sonu Yadav,P Bhuvaneswaran,0,0,0,no run,0,,,38/4
1379605,1,7,1,Ramsingh Sonu Yadav,S Lakshay Jain,Ganeshan Periyaswamy,0,0,0,no run,0,,,38/4
1379605,1,7,2,Ramsingh Sonu Yadav,S Lakshay Jain,Ganeshan Periyaswamy,0,0,0,no run,0,,,38/4
1379605,1,7,3,Ramsingh Sonu Yadav,S Lakshay Jain,Ganeshan Periyaswamy,1,1,0,run,0,,,39/4
1379605,1,7,4,S Lakshay Jain,Ramsingh Sonu Yadav,Ganeshan Periyaswamy,0,0,0,no run,0,,,39/4
1379605,1,7,5,S Lakshay Jain,Ramsingh Sonu Yadav,Ganeshan Periyaswamy,1,0,1,wide,0,,,40/4
1379605,1,7,6,S Lakshay Jain,Ramsingh Sonu Yadav,Ganeshan Periyaswamy,0,0,0,no run,0,,,40/4
1379605,1,7,7,S Lakshay Jain,Ramsingh Sonu Yadav,Ganeshan Periyaswamy,0,0,0,no run,0,,,40/4
1379605,1,8,1,Ramsingh Sonu Yadav,S Lakshay Jain,Ravisrinivasan Sai Kishore,0,0,0,no run,0,,,40/4
1379605,1,8,2,Ramsingh Sonu Yadav,S Lakshay Jain,Ravisrinivasan Sai Kishore,1,1,0,run,0,,,41/4
1379605,1,8,3,S Lakshay Jain,Ramsingh Sonu Yadav,Ravisrinivasan Sai Kishore,0,0,0,no run,0,,,41/4
1379605,1,8,4,S Lakshay Jain,Ramsingh Sonu Yadav,Ravisrinivasan Sai Kishore,1,0,1,leg bye,0,,,42/4
1379605,1,8,5,Ramsingh Sonu Yadav,S Lakshay Jain,Ravisrinivasan Sai Kishore,0,0,0,no run,0,,,42/4
1379605,1,8,6,Ramsingh Sonu Yadav,S Lakshay Jain,Ravisrinivasan Sai Kishore,1,1,0,run,0,,,43/4
1379605,1,9,1,Ramsingh Sonu Yadav,S Lakshay Jain, Sriram Ajith Ram,1,1,0,run,0,,,44/4
1379605,1,9,2,S Lakshay Jain,Ramsingh Sonu Yadav, Sriram Ajith Ram,0,0,0,no run,0,,,44/4
1379605,1,9,3,S Lakshay Jain,Ramsingh Sonu Yadav, Sriram Ajith Ram,1,1,0,run,0,,,45/4
1379605,1,9,4,Ramsingh Sonu Yadav,S Lakshay Jain, Sriram Ajith Ram,1,1,0,run,0,,,46/4
1379605,1,9,5,S Lakshay Jain,Ramsingh Sonu Yadav, Sriram Ajith Ram,1,1,0,run,0,,,47/4
1379605,1,9,6,Ramsingh Sonu Yadav,S Lakshay Jain, Sriram Ajith Ram,0,0,0,no run,0,,,47/4
1379605,1,10,1,S Lakshay Jain,Ramsingh Sonu Yadav,Ravisrinivasan Sai Kishore,0,0,0,no run,0,,,47/4
1379605,1,10,2,S Lakshay Jain,Ramsingh Sonu Yadav,Ravisrinivasan Sai Kishore,0,0,0,no run,0,,,47/4
1379605,1,10,3,S Lakshay Jain,Ramsingh Sonu Yadav,Ravisrinivasan Sai Kishore,0,0,0,no run,0,,,47/4
1379605,1,10,4,S Lakshay Jain,Ramsingh Sonu Yadav,Ravisrinivasan Sai Kishore,1,1,0,run,0,,,48/4
1379605,1,10,5,Ramsingh Sonu Yadav,S Lakshay Jain,Ravisrinivasan Sai Kishore,1,1,0,run,0,,,49/4
1379605,1,10,6,S Lakshay Jain,Ramsingh Sonu Yadav,Ravisrinivasan Sai Kishore,0,0,0,out,1,caught,S Lakshay Jain,49/5
1379605,1,11,1,Ramsingh Sonu Yadav,S Rithik Easwaran, Sriram Ajith Ram,6,6,0,six,0,,,55/5
1379605,1,11,2,Ramsingh Sonu Yadav,S Rithik Easwaran, Sriram Ajith Ram,0,0,0,no run,0,,,55/5
1379605,1,11,3,Ramsingh Sonu Yadav,S Rithik Easwaran, Sriram Ajith Ram,0,0,0,no run,0,,,55/5
1379605,1,11,4,Ramsingh Sonu Yadav,S Rithik Easwaran, Sriram Ajith Ram,0,0,0,no run,0,,,55/5
1379605,1,11,5,Ramsingh Sonu Yadav,S Rithik Easwaran, Sriram Ajith Ram,0,0,0,no run,0,,,55/5
1379605,1,11,6,Ramsingh Sonu Yadav,S Rithik Easwaran, Sriram Ajith Ram,1,1,0,run,0,,,56/5
1379605,1,12,1,Ramsingh Sonu Yadav,S Rithik Easwaran,Vijay Shankar,2,0,2,wide,0,,,58/5
1379605,1,12,2,S Rithik Easwaran,Ramsingh Sonu Yadav,Vijay Shankar,0,0,0,no run,0,,,58/5
1379605,1,12,3,S Rithik Easwaran,Ramsingh Sonu Yadav,Vijay Shankar,1,1,0,run,0,,,59/5
1379605,1,12,4,Ramsingh Sonu Yadav,S Rithik Easwaran,Vijay Shankar,2,2,0,run,0,,,61/5
1379605,1,12,5,Ramsingh Sonu Yadav,S Rithik Easwaran,Vijay Shankar,4,4,0,four,0,,,65/5
1379605,1,12,6,Ramsingh Sonu Yadav,S Rithik Easwaran,Vijay Shankar,0,0,0,no run,0,,,65/5
1379605,1,12,7,Ramsingh Sonu Yadav,S Rithik Easwaran,Vijay Shankar,1,0,1,leg bye,0,,,66/5
1379605,1,13,1,Ramsingh Sonu Yadav,S Rithik Easwaran, Sriram Ajith Ram,1,1,0,run,0,,,67/5
1379605,1,13,2,S Rithik Easwaran,Ramsingh Sonu Yadav, Sriram Ajith Ram,1,1,0,run,0,,,68/5
1379605,1,13,3,Ramsingh Sonu Yadav,S Rithik Easwaran, Sriram Ajith Ram,0,0,0,no run,0,,,68/5
1379605,1,13,4,Ramsingh Sonu Yadav,S Rithik Easwaran, Sriram Ajith Ram,1,1,0,run,0,,,69/5
1379605,1,13,5,S Rithik Easwaran,Ramsingh Sonu Yadav, Sriram Ajith Ram,4,4,0,four,0,,,73/5
1379605,1,13,6,S Rithik Easwaran,Ramsingh Sonu Yadav, Sriram Ajith Ram,0,0,0,no run,0,,,73/5
1379605,1,14,1,Ramsingh Sonu Yadav,S Rithik Easwaran,Ravisrinivasan Sai Kishore,0,0,0,no run,0,,,73/5
1379605,1,14,2,Ramsingh Sonu Yadav,S Rithik Easwaran,Ravisrinivasan Sai Kishore,1,1,0,run,0,,,74/5
1379605,1,14,3,S Rithik Easwaran,Ramsingh Sonu Yadav,Ravisrinivasan Sai Kishore,6,6,0,six,0,,,80/5
1379605,1,14,4,S Rithik Easwaran,Ramsingh Sonu Yadav,Ravisrinivasan Sai Kishore,2,2,0,run,0,,,82/5
1379605,1,14,5,S Rithik Easwaran,Ramsingh Sonu Yadav,Ravisrinivasan Sai Kishore,1,1,0,run,1,run out,S Rithik Easwaran,83/6
1379605,1,14,6,Guruswamy Ajitesh,Ramsingh Sonu Yadav,Ravisrinivasan Sai Kishore,1,1,0,run,0,,,84/6
1379605,1,15,1,Guruswamy Ajitesh,Ramsingh Sonu Yadav, Sriram Ajith Ram,1,1,0,run,0,,,85/6
1379605,1,15,2,Ramsingh Sonu Yadav,Guruswamy Ajitesh, Sriram Ajith Ram,1,1,0,run,0,,,86/6
1379605,1,15,3,Guruswamy Ajitesh,Ramsingh Sonu Yadav, Sriram Ajith Ram,1,1,0,run,0,,,87/6
1379605,1,15,4,Ramsingh Sonu Yadav,Guruswamy Ajitesh, Sriram Ajith Ram,6,6,0,six,0,,,93/6
1379605,1,15,5,Ramsingh Sonu Yadav,Guruswamy Ajitesh, Sriram Ajith Ram,1,1,0,run,0,,,94/6
1379605,1,15,6,Guruswamy Ajitesh,Ramsingh Sonu Yadav, Sriram Ajith Ram,0,0,0,no run,0,,,94/6
1379605,1,16,1,Ramsingh Sonu Yadav,Guruswamy Ajitesh,Vijay Shankar,4,4,0,four,0,,,98/6
1379605,1,16,2,Ramsingh Sonu Yadav,Guruswamy Ajitesh,Vijay Shankar,1,1,0,run,0,,,99/6
1379605,1,16,3,Guruswamy Ajitesh,Ramsingh Sonu Yadav,Vijay Shankar,6,6,0,six,0,,,105/6
1379605,1,16,4,Guruswamy Ajitesh,Ramsingh Sonu Yadav,Vijay Shankar,0,0,0,out,1,run out,Ramsingh Sonu Yadav,105/7
1379605,1,16,5,Guruswamy Ajitesh,Lakshminarayanan Vignesh,Vijay Shankar,4,4,0,four,0,,,109/7
1379605,1,16,6,Guruswamy Ajitesh,Lakshminarayanan Vignesh,Vijay Shankar,0,0,0,no run,0,,,109/7
1379605,1,17,1,Lakshminarayanan Vignesh,Guruswamy Ajitesh,Ravisrinivasan Sai Kishore,4,4,0,four,0,,,113/7
1379605,1,17,2,Lakshminarayanan Vignesh,Guruswamy Ajitesh,Ravisrinivasan Sai Kishore,1,1,0,run,0,,,114/7
1379605,1,17,3,Guruswamy Ajitesh,Lakshminarayanan Vignesh,Ravisrinivasan Sai Kishore,4,4,0,four,0,,,118/7
1379605,1,17,4,Guruswamy Ajitesh,Lakshminarayanan Vignesh,Ravisrinivasan Sai Kishore,0,0,0,no run,0,,,118/7
1379605,1,17,5,Guruswamy Ajitesh,Lakshminarayanan Vignesh,Ravisrinivasan Sai Kishore,1,1,0,run,0,,,119/7
1379605,1,17,6,Lakshminarayanan Vignesh,Guruswamy Ajitesh,Ravisrinivasan Sai Kishore,0,0,0,no run,0,,,119/7
1379605,1,18,1,Guruswamy Ajitesh,Lakshminarayanan Vignesh,Ganeshan Periyaswamy,1,1,0,run,0,,,120/7
1379605,1,18,2,Lakshminarayanan Vignesh,Guruswamy Ajitesh,Ganeshan Periyaswamy,0,0,0,out,1,bowled,Lakshminarayanan Vignesh,120/8
1379605,1,18,3,M Poiyamozhi,Guruswamy Ajitesh,Ganeshan Periyaswamy,1,1,0,run,0,,,121/8
1379605,1,18,4,Guruswamy Ajitesh,M Poiyamozhi,Ganeshan Periyaswamy,1,1,0,run,0,,,122/8
1379605,1,18,5,M Poiyamozhi,Guruswamy Ajitesh,Ganeshan Periyaswamy,1,0,1,wide,0,,,123/8
1379605,1,18,6,M Poiyamozhi,Guruswamy Ajitesh,Ganeshan Periyaswamy,0,0,0,no run,0,,,123/8
1379605,1,18,7,M Poiyamozhi,Guruswamy Ajitesh,Ganeshan Periyaswamy,0,0,0,no run,0,,,123/8
1379605,1,19,1,Guruswamy Ajitesh,M Poiyamozhi,P Bhuvaneswaran,0,0,0,out,1,caught,Guruswamy Ajitesh,123/9
1379605,1,19,2,Sankarankutty Sandeep Warrier,M Poiyamozhi,P Bhuvaneswaran,1,0,1,wide,0,,,124/9
1379605,1,19,3,Sankarankutty Sandeep Warrier,M Poiyamozhi,P Bhuvaneswaran,0,0,0,out,1,caught,Sankarankutty Sandeep Warrier,124/10
1379605,2,1,1,Sundararaman Radhakrishnan,Tushar Raheja,Sankarankutty Sandeep Warrier,0,0,0,no run,0,,,0/0
1379605,2,1,2,Sundararaman Radhakrishnan,Tushar Raheja,Sankarankutty Sandeep Warrier,1,0,1,wide,0,,,1/0
1379605,2,1,3,Sundararaman Radhakrishnan,Tushar Raheja,Sankarankutty Sandeep Warrier,1,1,0,run,0,,,2/0
1379605,2,1,4,Tushar Raheja,Sundararaman Radhakrishnan,Sankarankutty Sandeep Warrier,1,0,1,leg bye,0,,,3/0
1379605,2,1,5,Sundararaman Radhakrishnan,Tushar Raheja,Sankarankutty Sandeep Warrier,0,0,0,no run,0,,,3/0
1379605,2,1,6,Sundararaman Radhakrishnan,Tushar Raheja,Sankarankutty Sandeep Warrier,4,4,0,four,0,,,7/0
1379605,2,1,7,Sundararaman Radhakrishnan,Tushar Raheja,Sankarankutty Sandeep Warrier,1,1,0,run,0,,,8/0
1379605,2,2,1,Sundararaman Radhakrishnan,Tushar Raheja,Lakshminarayanan Vignesh,0,0,0,no run,0,,,8/0
1379605,2,2,2,Sundararaman Radhakrishnan,Tushar Raheja,Lakshminarayanan Vignesh,0,0,0,no run,0,,,8/0
1379605,2,2,3,Sundararaman Radhakrishnan,Tushar Raheja,Lakshminarayanan Vignesh,0,0,0,no run,0,,,8/0
1379605,2,2,4,Sundararaman Radhakrishnan,Tushar Raheja,Lakshminarayanan Vignesh,0,0,0,no run,0,,,8/0
1379605,2,2,5,Sundararaman Radhakrishnan,Tushar Raheja,Lakshminarayanan Vignesh,1,1,0,run,0,,,9/0
1379605,2,2,6,Tushar Raheja,Sundararaman Radhakrishnan,Lakshminarayanan Vignesh,1,1,0,run,0,,,10/0
1379605,2,3,1,Tushar Raheja,Sundararaman Radhakrishnan,Sankarankutty Sandeep Warrier,6,6,0,six,0,,,16/0
1379605,2,3,2,Tushar Raheja,Sundararaman Radhakrishnan,Sankarankutty Sandeep Warrier,4,4,0,four,0,,,20/0
1379605,2,3,3,Tushar Raheja,Sundararaman Radhakrishnan,Sankarankutty Sandeep Warrier,6,6,0,six,0,,,26/0
1379605,2,3,4,Tushar Raheja,Sundararaman Radhakrishnan,Sankarankutty Sandeep Warrier,6,6,0,six,0,,,32/0
1379605,2,3,5,Tushar Raheja,Sundararaman Radhakrishnan,Sankarankutty Sandeep Warrier,1,1,0,run,0,,,33/0
1379605,2,3,6,Sundararaman Radhakrishnan,Tushar Raheja,Sankarankutty Sandeep Warrier,2,2,0,run,0,,,35/0
1379605,2,4,1,Tushar Raheja,Sundararaman Radhakrishnan,Lakshminarayanan Vignesh,0,0,0,no run,0,,,35/0
1379605,2,4,2,Tushar Raheja,Sundararaman Radhakrishnan,Lakshminarayanan Vignesh,1,1,0,run,0,,,36/0
1379605,2,4,3,Sundararaman Radhakrishnan,Tushar Raheja,Lakshminarayanan Vignesh,0,0,0,no run,0,,,36/0
1379605,2,4,4,Sundararaman Radhakrishnan,Tushar Raheja,Lakshminarayanan Vignesh,0,0,0,no run,0,,,36/0
1379605,2,4,5,Sundararaman Radhakrishnan,Tushar Raheja,Lakshminarayanan Vignesh,4,4,0,four,0,,,40/0
1379605,2,4,6,Sundararaman Radhakrishnan,Tushar Raheja,Lakshminarayanan Vignesh,0,0,0,no run,0,,,40/0
1379605,2,5,1,Tushar Raheja,Sundararaman Radhakrishnan,S Mohan Prasath,1,1,0,run,0,,,41/0
1379605,2,5,2,Sundararaman Radhakrishnan,Tushar Raheja,S Mohan Prasath,4,4,0,four,0,,,45/0
1379605,2,5,3,Sundararaman Radhakrishnan,Tushar Raheja,S Mohan Prasath,1,1,0,run,0,,,46/0
1379605,2,5,4,Tushar Raheja,Sundararaman Radhakrishnan,S Mohan Prasath,1,1,0,run,0,,,47/0
1379605,2,5,5,Sundararaman Radhakrishnan,Tushar Raheja,S Mohan Prasath,0,0,0,no run,0,,,47/0
1379605,2,5,6,Sundararaman Radhakrishnan,Tushar Raheja,S Mohan Prasath,1,1,0,run,0,,,48/0
1379605,2,6,1,Sundararaman Radhakrishnan,Tushar Raheja,Ramsingh Sonu Yadav,4,4,0,four,0,,,52/0
1379605,2,6,2,Sundararaman Radhakrishnan,Tushar Raheja,Ramsingh Sonu Yadav,0,0,0,no run,0,,,52/0
1379605,2,6,3,Sundararaman Radhakrishnan,Tushar Raheja,Ramsingh Sonu Yadav,0,0,0,no run,0,,,52/0
1379605,2,6,4,Sundararaman Radhakrishnan,Tushar Raheja,Ramsingh Sonu Yadav,1,1,0,run,0,,,53/0
1379605,2,6,5,Tushar Raheja,Sundararaman Radhakrishnan,Ramsingh Sonu Yadav,0,0,0,no run,0,,,53/0
1379605,2,6,6,Tushar Raheja,Sundararaman Radhakrishnan,Ramsingh Sonu Yadav,1,1,0,run,0,,,54/0
1379605,2,7,1,Tushar Raheja,Sundararaman Radhakrishnan,S Mohan Prasath,1,1,0,run,0,,,55/0
1379605,2,7,2,Sundararaman Radhakrishnan,Tushar Raheja,S Mohan Prasath,1,1,0,run,0,,,56/0
1379605,2,7,3,Tushar Raheja,Sundararaman Radhakrishnan,S Mohan Prasath,1,1,0,run,0,,,57/0
1379605,2,7,4,Sundararaman Radhakrishnan,Tushar Raheja,S Mohan Prasath,1,1,0,run,0,,,58/0
1379605,2,7,5,Tushar Raheja,Sundararaman Radhakrishnan,S Mohan Prasath,0,0,0,no run,0,,,58/0
1379605,2,7,6,Tushar Raheja,Sundararaman Radhakrishnan,S Mohan Prasath,1,1,0,run,0,,,59/0
1379605,2,8,1,Tushar Raheja,Sundararaman Radhakrishnan,S Lakshay Jain,1,1,0,run,0,,,60/0
1379605,2,8,2,Sundararaman Radhakrishnan,Tushar Raheja,S Lakshay Jain,1,1,0,run,0,,,61/0
1379605,2,8,3,Tushar Raheja,Sundararaman Radhakrishnan,S Lakshay Jain,4,4,0,four,0,,,65/0
1379605,2,8,4,Tushar Raheja,Sundararaman Radhakrishnan,S Lakshay Jain,1,1,0,run,0,,,66/0
1379605,2,8,5,Sundararaman Radhakrishnan,Tushar Raheja,S Lakshay Jain,1,1,0,run,0,,,67/0
1379605,2,8,6,Tushar Raheja,Sundararaman Radhakrishnan,S Lakshay Jain,0,0,0,no run,0,,,67/0
1379605,2,9,1,Sundararaman Radhakrishnan,Tushar Raheja,Ramsingh Sonu Yadav,2,2,0,run,0,,,69/0
1379605,2,9,2,Sundararaman Radhakrishnan,Tushar Raheja,Ramsingh Sonu Yadav,4,4,0,four,0,,,73/0
1379605,2,9,3,Sundararaman Radhakrishnan,Tushar Raheja,Ramsingh Sonu Yadav,0,0,0,out,1,bowled,Sundararaman Radhakrishnan,73/1
1379605,2,9,4,Balchander Anirudh,Tushar Raheja,Ramsingh Sonu Yadav,0,0,0,no run,0,,,73/1
1379605,2,9,5,Balchander Anirudh,Tushar Raheja,Ramsingh Sonu Yadav,0,0,0,no run,0,,,73/1
1379605,2,9,6,Balchander Anirudh,Tushar Raheja,Ramsingh Sonu Yadav,0,0,0,no run,0,,,73/1
1379605,2,10,1,Tushar Raheja,Balchander Anirudh,S Lakshay Jain,0,0,0,no run,0,,,73/1
1379605,2,10,2,Tushar Raheja,Balchander Anirudh,S Lakshay Jain,1,0,1,no ball,0,,,74/1
1379605,2,10,3,Tushar Raheja,Balchander Anirudh,S Lakshay Jain,0,0,0,no run,0,,,74/1
1379605,2,10,4,Tushar Raheja,Balchander Anirudh,S Lakshay Jain,0,0,0,no run,0,,,74/1
1379605,2,10,5,Tushar Raheja,Balchander Anirudh,S Lakshay Jain,0,0,0,no run,0,,,74/1
1379605,2,10,6,Tushar Raheja,Balchander Anirudh,S Lakshay Jain,0,0,0,no run,0,,,74/1
1379605,2,10,7,Tushar Raheja,Balchander Anirudh,S Lakshay Jain,0,0,0,no run,0,,,74/1
1379605,2,11,1,Balchander Anirudh,Tushar Raheja,Ramsingh Sonu Yadav,1,1,0,run,0,,,75/1
1379605,2,11,2,Tushar Raheja,Balchander Anirudh,Ramsingh Sonu Yadav,0,0,0,no run,0,,,75/1
1379605,2,11,3,Tushar Raheja,Balchander Anirudh,Ramsingh Sonu Yadav,4,4,0,four,0,,,79/1
1379605,2,11,4,Tushar Raheja,Balchander Anirudh,Ramsingh Sonu Yadav,0,0,0,no run,0,,,79/1
1379605,2,11,5,Tushar Raheja,Balchander Anirudh,Ramsingh Sonu Yadav,0,0,0,no run,0,,,79/1
1379605,2,11,6,Tushar Raheja,Balchander Anirudh,Ramsingh Sonu Yadav,4,4,0,four,0,,,83/1
1379605,2,12,1,Balchander Anirudh,Tushar Raheja,S Lakshay Jain,0,0,0,no run,0,,,83/1
1379605,2,12,2,Balchander Anirudh,Tushar Raheja,S Lakshay Jain,1,1,0,run,0,,,84/1
1379605,2,12,3,Tushar Raheja,Balchander Anirudh,S Lakshay Jain,1,1,0,run,0,,,85/1
1379605,2,12,4,Balchander Anirudh,Tushar Raheja,S Lakshay Jain,1,1,0,run,0,,,86/1
1379605,2,12,5,Tushar Raheja,Balchander Anirudh,S Lakshay Jain,0,0,0,no run,0,,,86/1
1379605,2,12,6,Tushar Raheja,Balchander Anirudh,S Lakshay Jain,1,1,0,run,0,,,87/1
1379605,2,13,1,Tushar Raheja,Balchander Anirudh,Sankarankutty Sandeep Warrier,0,0,0,no run,0,,,87/1
1379605,2,13,2,Tushar Raheja,Balchander Anirudh,Sankarankutty Sandeep Warrier,0,0,0,no run,0,,,87/1
1379605,2,13,3,Tushar Raheja,Balchander Anirudh,Sankarankutty Sandeep Warrier,1,1,0,run,0,,,88/1
1379605,2,13,4,Balchander Anirudh,Tushar Raheja,Sankarankutty Sandeep Warrier,1,1,0,run,0,,,89/1
1379605,2,13,5,Tushar Raheja,Balchander Anirudh,Sankarankutty Sandeep Warrier,1,1,0,run,0,,,90/1
1379605,2,13,6,Balchander Anirudh,Tushar Raheja,Sankarankutty Sandeep Warrier,0,0,0,no run,0,,,90/1
1379605,2,14,1,Tushar Raheja,Balchander Anirudh,S Lakshay Jain,0,0,0,no run,0,,,90/1
1379605,2,14,2,Tushar Raheja,Balchander Anirudh,S Lakshay Jain,0,0,0,no run,0,,,90/1
1379605,2,14,3,Tushar Raheja,Balchander Anirudh,S Lakshay Jain,0,0,0,out,1,bowled,Tushar Raheja,90/2
1379605,2,14,4,Rajendran Vivek,Balchander Anirudh,S Lakshay Jain,0,0,0,no run,0,,,90/2
1379605,2,14,5,Rajendran Vivek,Balchander Anirudh,S Lakshay Jain,0,0,0,no run,0,,,90/2
1379605,2,14,6,Rajendran Vivek,Balchander Anirudh,S Lakshay Jain,1,1,0,run,0,,,91/2
1379605,2,15,1,Rajendran Vivek,Balchander Anirudh,Sankarankutty Sandeep Warrier,1,0,1,wide,0,,,92/2
1379605,2,15,2,Rajendran Vivek,Balchander Anirudh,Sankarankutty Sandeep Warrier,0,0,0,no run,0,,,92/2
1379605,2,15,3,Rajendran Vivek,Balchander Anirudh,Sankarankutty Sandeep Warrier,1,1,0,run,0,,,93/2
1379605,2,15,4,Balchander Anirudh,Rajendran Vivek,Sankarankutty Sandeep Warrier,1,1,0,run,0,,,94/2
1379605,2,15,5,Rajendran Vivek,Balchander Anirudh,Sankarankutty Sandeep Warrier,6,6,0,six,0,,,100/2
1379605,2,15,6,Rajendran Vivek,Balchander Anirudh,Sankarankutty Sandeep Warrier,0,0,0,no run,0,,,100/2
1379605,2,15,7,Rajendran Vivek,Balchander Anirudh,Sankarankutty Sandeep Warrier,4,4,0,four,0,,,104/2
1379605,2,16,1,Balchander Anirudh,Rajendran Vivek,M Poiyamozhi,1,1,0,run,0,,,105/2
1379605,2,16,2,Rajendran Vivek,Balchander Anirudh,M Poiyamozhi,4,4,0,four,0,,,109/2
1379605,2,16,3,Rajendran Vivek,Balchander Anirudh,M Poiyamozhi,0,0,0,no run,0,,,109/2
1379605,2,16,4,Rajendran Vivek,Balchander Anirudh,M Poiyamozhi,4,4,0,four,0,,,113/2
1379605,2,16,5,Rajendran Vivek,Balchander Anirudh,M Poiyamozhi,1,1,0,run,0,,,114/2
1379605,2,16,6,Balchander Anirudh,Rajendran Vivek,M Poiyamozhi,0,0,0,no run,0,,,114/2
1379605,2,17,1,Rajendran Vivek,Balchander Anirudh,Ramsingh Sonu Yadav,0,0,0,out,1,caught,Rajendran Vivek,114/3
1379605,2,17,2,S Ganesh,Balchander Anirudh,Ramsingh Sonu Yadav,0,0,0,no run,0,,,114/3
1379605,2,17,3,S Ganesh,Balchander Anirudh,Ramsingh Sonu Yadav,1,1,0,run,0,,,115/3
1379605,2,17,4,Balchander Anirudh,S Ganesh,Ramsingh Sonu Yadav,0,0,0,no run,0,,,115/3
1379605,2,17,5,Balchander Anirudh,S Ganesh,Ramsingh Sonu Yadav,0,0,0,no run,0,,,115/3
1379605,2,17,6,Balchander Anirudh,S Ganesh,Ramsingh Sonu Yadav,1,1,0,run,0,,,116/3
1379605,2,18,1,Balchander Anirudh,S Ganesh,M Poiyamozhi,0,0,0,no run,0,,,116/3
1379605,2,18,2,Balchander Anirudh,S Ganesh,M Poiyamozhi,0,0,0,no run,0,,,116/3
1379605,2,18,3,Balchander Anirudh,S Ganesh,M Poiyamozhi,1,0,1,wide,0,,,117/3
1379605,2,18,4,Balchander Anirudh,S Ganesh,M Poiyamozhi,4,4,0,four,0,,,121/3
1379605,2,18,5,Balchander Anirudh,S Ganesh,M Poiyamozhi,1,0,1,leg bye,0,,,122/3
1379605,2,18,6,S Ganesh,Balchander Anirudh,M Poiyamozhi,0,0,0,no run,0,,,122/3
1379605,2,18,7,S Ganesh,Balchander Anirudh,M Poiyamozhi,1,1,0,run,0,,,123/3
1379605,2,19,1,S Ganesh,Balchander Anirudh,S Mohan Prasath,1,1,0,run,0,,,124/3
1379605,2,19,2,Balchander Anirudh,S Ganesh,S Mohan Prasath,4,4,0,four,0,,,128/3
1379606,1,1,1,Rahul,0,S Harish Kumar,2,0,2,leg bye,0,,,2/0
1379606,1,1,2,0,Rahul,S Harish Kumar,1,1,0,run,0,,,3/0
1379606,1,1,3,Rahul,0,S Harish Kumar,0,0,0,no run,0,,,3/0
1379606,1,1,4,Rahul,0,S Harish Kumar,0,0,0,no run,0,,,3/0
1379606,1,1,5,Rahul,0,S Harish Kumar,4,4,0,four,0,,,7/0
1379606,1,1,6,Rahul,0,S Harish Kumar,6,6,0,six,0,,,13/0
1379606,1,1,7,Rahul,0,S Harish Kumar,4,4,0,four,0,,,17/0
1379606,1,2,1,0,Rahul,Ramalingam Rohit,0,0,0,no run,0,,,17/0
1379606,1,2,2,0,Rahul,Ramalingam Rohit,0,0,0,no run,0,,,17/0
1379606,1,2,3,0,Rahul,Ramalingam Rohit,0,0,0,no run,0,,,17/0
1379606,1,2,4,0,Rahul,Ramalingam Rohit,0,0,0,no run,0,,,17/0
1379606,1,2,5,0,Rahul,Ramalingam Rohit,1,0,1,wide,0,,,18/0
1379606,1,2,6,0,Rahul,Ramalingam Rohit,4,4,0,four,0,,,22/0
1379606,1,2,7,0,Rahul,Ramalingam Rohit,6,6,0,six,0,,,28/0
1379606,1,3,1,Rahul,0,Rahil S Shah,0,0,0,no run,0,,,28/0
1379606,1,3,2,Rahul,0,Rahil S Shah,6,6,0,six,0,,,34/0
1379606,1,3,3,Rahul,0,Rahil S Shah,0,0,0,out,1,bowled,Rahul,34/1
1379606,1,3,4,Baba Indrajith,0,Rahil S Shah,0,0,0,no run,0,,,34/1
1379606,1,3,5,Baba Indrajith,0,Rahil S Shah,1,1,0,run,0,,,35/1
1379606,1,3,6,0,Baba Indrajith,Rahil S Shah,0,0,0,no run,0,,,35/1
1379606,1,4,1,Baba Indrajith,0,Ramalingam Rohit,0,0,0,no run,0,,,35/1
1379606,1,4,2,Baba Indrajith,0,Ramalingam Rohit,0,0,0,out,1,caught,Baba Indrajith,35/2
1379606,1,4,3,Boopathi Vaishna Kumar,0,Ramalingam Rohit,0,0,0,no run,0,,,35/2
1379606,1,4,4,Boopathi Vaishna Kumar,0,Ramalingam Rohit,0,0,0,no run,0,,,35/2
1379606,1,4,5,Boopathi Vaishna Kumar,0,Ramalingam Rohit,1,0,1,leg bye,0,,,36/2
1379606,1,4,6,0,Boopathi Vaishna Kumar,Ramalingam Rohit,1,1,0,run,0,,,37/2
1379606,1,5,1,0,Boopathi Vaishna Kumar,Rahil S Shah,0,0,0,no run,0,,,37/2
1379606,1,5,2,0,Boopathi Vaishna Kumar,Rahil S Shah,0,0,0,no run,0,,,37/2
1379606,1,5,3,0,Boopathi Vaishna Kumar,Rahil S Shah,2,2,0,run,0,,,39/2
1379606,1,5,4,0,Boopathi Vaishna Kumar,Rahil S Shah,0,0,0,no run,0,,,39/2
1379606,1,5,5,0,Boopathi Vaishna Kumar,Rahil S Shah,6,6,0,six,0,,,45/2
1379606,1,5,6,0,Boopathi Vaishna Kumar,Rahil S Shah,1,1,0,run,0,,,46/2
1379606,1,6,1,0,Boopathi Vaishna Kumar,TD Lokesh Raj,0,0,0,out,1,,,46/3
1379606,1,6,2,Ravichandran Ashwin,Boopathi Vaishna Kumar,TD Lokesh Raj,0,0,0,no run,0,,,46/3
1379606,1,6,3,Ravichandran Ashwin,Boopathi Vaishna Kumar,TD Lokesh Raj,0,0,0,no run,0,,,46/3
1379606,1,6,4,Ravichandran Ashwin,Boopathi Vaishna Kumar,TD Lokesh Raj,0,0,0,no run,0,,,46/3
1379606,1,6,5,Ravichandran Ashwin,Boopathi Vaishna Kumar,TD Lokesh Raj,1,1,0,run,0,,,47/3
1379606,1,6,6,Boopathi Vaishna Kumar,Ravichandran Ashwin,TD Lokesh Raj,0,0,0,no run,0,,,47/3
1379606,1,7,1,Ravichandran Ashwin,Boopathi Vaishna Kumar,M Silambarasan,0,0,0,no run,0,,,47/3
1379606,1,7,2,Ravichandran Ashwin,Boopathi Vaishna Kumar,M Silambarasan,0,0,0,out,1,bowled,Ravichandran Ashwin,47/4
1379606,1,7,3,Adithya Ganesh,Boopathi Vaishna Kumar,M Silambarasan,1,1,0,run,0,,,48/4
1379606,1,7,4,Boopathi Vaishna Kumar,Adithya Ganesh,M Silambarasan,0,0,0,no run,0,,,48/4
1379606,1,7,5,Boopathi Vaishna Kumar,Adithya Ganesh,M Silambarasan,0,0,0,no run,0,,,48/4
1379606,1,7,6,Boopathi Vaishna Kumar,Adithya Ganesh,M Silambarasan,0,0,0,no run,0,,,48/4
1379606,1,8,1,Adithya Ganesh,Boopathi Vaishna Kumar,TD Lokesh Raj,0,0,0,no run,0,,,48/4
1379606,1,8,2,Adithya Ganesh,Boopathi Vaishna Kumar,TD Lokesh Raj,1,1,0,run,0,,,49/4
1379606,1,8,3,Boopathi Vaishna Kumar,Adithya Ganesh,TD Lokesh Raj,2,2,0,run,0,,,51/4
1379606,1,8,4,Boopathi Vaishna Kumar,Adithya Ganesh,TD Lokesh Raj,0,0,0,no run,0,,,51/4
1379606,1,8,5,Boopathi Vaishna Kumar,Adithya Ganesh,TD Lokesh Raj,2,2,0,run,0,,,53/4
1379606,1,8,6,Boopathi Vaishna Kumar,Adithya Ganesh,TD Lokesh Raj,0,0,0,no run,0,,,53/4
1379606,1,9,1,Adithya Ganesh,Boopathi Vaishna Kumar,M Silambarasan,1,1,0,run,0,,,54/4
1379606,1,9,2,Boopathi Vaishna Kumar,Adithya Ganesh,M Silambarasan,1,1,0,run,0,,,55/4
1379606,1,9,3,Adithya Ganesh,Boopathi Vaishna Kumar,M Silambarasan,1,1,0,run,0,,,56/4
1379606,1,9,4,Boopathi Vaishna Kumar,Adithya Ganesh,M Silambarasan,4,0,4,bye,0,,,60/4
1379606,1,9,5,Boopathi Vaishna Kumar,Adithya Ganesh,M Silambarasan,0,0,0,no run,0,,,60/4
1379606,1,9,6,Boopathi Vaishna Kumar,Adithya Ganesh,M Silambarasan,1,1,0,run,0,,,61/4
1379606,1,10,1,Boopathi Vaishna Kumar,Adithya Ganesh,Baba Aparajith,1,1,0,run,0,,,62/4
1379606,1,10,2,Adithya Ganesh,Boopathi Vaishna Kumar,Baba Aparajith,0,0,0,no run,0,,,62/4
1379606,1,10,3,Adithya Ganesh,Boopathi Vaishna Kumar,Baba Aparajith,1,1,0,run,0,,,63/4
1379606,1,10,4,Boopathi Vaishna Kumar,Adithya Ganesh,Baba Aparajith,0,0,0,out,1,caught,Boopathi Vaishna Kumar,63/5
1379606,1,10,5,C Sarath Kumar,Adithya Ganesh,Baba Aparajith,2,2,0,run,0,,,65/5
1379606,1,10,6,C Sarath Kumar,Adithya Ganesh,Baba Aparajith,1,1,0,run,0,,,66/5
1379606,1,11,1,C Sarath Kumar,Adithya Ganesh,M Silambarasan,1,1,0,run,0,,,67/5
1379606,1,11,2,Adithya Ganesh,C Sarath Kumar,M Silambarasan,1,1,0,run,0,,,68/5
1379606,1,11,3,C Sarath Kumar,Adithya Ganesh,M Silambarasan,1,1,0,run,0,,,69/5
1379606,1,11,4,Adithya Ganesh,C Sarath Kumar,M Silambarasan,1,1,0,run,0,,,70/5
1379606,1,11,5,C Sarath Kumar,Adithya Ganesh,M Silambarasan,0,0,0,no run,0,,,70/5
1379606,1,11,6,C Sarath Kumar,Adithya Ganesh,M Silambarasan,1,1,0,run,0,,,71/5
1379606,1,12,1,C Sarath Kumar,Adithya Ganesh,Rocky Bhasker,0,0,0,no run,0,,,71/5
1379606,1,12,2,C Sarath Kumar,Adithya Ganesh,Rocky Bhasker,4,4,0,four,0,,,75/5
1379606,1,12,3,C Sarath Kumar,Adithya Ganesh,Rocky Bhasker,1,1,0,run,0,,,76/5
1379606,1,12,4,Adithya Ganesh,C Sarath Kumar,Rocky Bhasker,1,1,0,run,0,,,77/5
1379606,1,12,5,C Sarath Kumar,Adithya Ganesh,Rocky Bhasker,1,1,0,run,0,,,78/5
1379606,1,12,6,Adithya Ganesh,C Sarath Kumar,Rocky Bhasker,1,1,0,run,0,,,79/5
1379606,1,13,1,Adithya Ganesh,C Sarath Kumar,Ramsingh  Sanjay Yadav,1,1,0,run,0,,,80/5
1379606,1,13,2,C Sarath Kumar,Adithya Ganesh,Ramsingh  Sanjay Yadav,1,1,0,run,0,,,81/5
1379606,1,13,3,Adithya Ganesh,C Sarath Kumar,Ramsingh  Sanjay Yadav,1,1,0,run,0,,,82/5
1379606,1,13,4,C Sarath Kumar,Adithya Ganesh,Ramsingh  Sanjay Yadav,1,1,0,run,0,,,83/5
1379606,1,13,5,Adithya Ganesh,C Sarath Kumar,Ramsingh  Sanjay Yadav,4,4,0,four,0,,,87/5
1379606,1,13,6,Adithya Ganesh,C Sarath Kumar,Ramsingh  Sanjay Yadav,1,1,0,run,0,,,88/5
1379606,1,14,1,Adithya Ganesh,C Sarath Kumar,TD Lokesh Raj,4,4,0,four,0,,,92/5
1379606,1,14,2,Adithya Ganesh,C Sarath Kumar,TD Lokesh Raj,2,2,0,run,0,,,94/5
1379606,1,14,3,Adithya Ganesh,C Sarath Kumar,TD Lokesh Raj,4,4,0,four,0,,,98/5
1379606,1,14,4,Adithya Ganesh,C Sarath Kumar,TD Lokesh Raj,0,0,0,no run,0,,,98/5
1379606,1,14,5,Adithya Ganesh,C Sarath Kumar,TD Lokesh Raj,1,1,0,run,0,,,99/5
1379606,1,14,6,C Sarath Kumar,Adithya Ganesh,TD Lokesh Raj,0,0,0,no run,0,,,99/5
1379606,1,15,1,Adithya Ganesh,C Sarath Kumar,Rahil S Shah,1,0,1,wide,0,,,100/5
1379606,1,15,2,Adithya Ganesh,C Sarath Kumar,Rahil S Shah,1,1,0,run,0,,,101/5
1379606,1,15,3,C Sarath Kumar,Adithya Ganesh,Rahil S Shah,0,0,0,no run,0,,,101/5
1379606,1,15,4,C Sarath Kumar,Adithya Ganesh,Rahil S Shah,4,4,0,four,0,,,105/5
1379606,1,15,5,C Sarath Kumar,Adithya Ganesh,Rahil S Shah,1,1,0,run,0,,,106/5
1379606,1,15,6,Adithya Ganesh,C Sarath Kumar,Rahil S Shah,2,2,0,run,0,,,108/5
1379606,1,15,7,Adithya Ganesh,C Sarath Kumar,Rahil S Shah,4,4,0,four,0,,,112/5
1379606,1,16,1,C Sarath Kumar,Adithya Ganesh,M Silambarasan,1,1,0,run,0,,,113/5
1379606,1,16,2,Adithya Ganesh,C Sarath Kumar,M Silambarasan,6,6,0,six,0,,,119/5
1379606,1,16,3,Adithya Ganesh,C Sarath Kumar,M Silambarasan,1,1,0,run,0,,,120/5
1379606,1,16,4,C Sarath Kumar,Adithya Ganesh,M Silambarasan,1,1,0,run,0,,,121/5
1379606,1,16,5,Adithya Ganesh,C Sarath Kumar,M Silambarasan,0,0,0,no run,0,,,121/5
1379606,1,16,6,Adithya Ganesh,C Sarath Kumar,M Silambarasan,1,1,0,run,0,,,122/5
1379606,1,17,1,Adithya Ganesh,C Sarath Kumar,S Harish Kumar,0,0,0,no run,0,,,122/5
1379606,1,17,2,Adithya Ganesh,C Sarath Kumar,S Harish Kumar,2,2,0,run,0,,,124/5
1379606,1,17,3,Adithya Ganesh,C Sarath Kumar,S Harish Kumar,0,0,0,out,1,caught,Adithya Ganesh,124/6
1379606,1,17,4,Subodh Bhati,C Sarath Kumar,S Harish Kumar,4,4,0,four,0,,,128/6
1379606,1,17,5,Subodh Bhati,C Sarath Kumar,S Harish Kumar,6,6,0,six,0,,,134/6
1379606,1,17,6,Subodh Bhati,C Sarath Kumar,S Harish Kumar,1,1,0,run,0,,,135/6
1379606,1,18,1,Subodh Bhati,C Sarath Kumar,Rahil S Shah,1,1,0,run,0,,,136/6
1379606,1,18,2,C Sarath Kumar,Subodh Bhati,Rahil S Shah,4,4,0,four,0,,,140/6
1379606,1,18,3,C Sarath Kumar,Subodh Bhati,Rahil S Shah,0,0,0,no run,0,,,140/6
1379606,1,18,4,C Sarath Kumar,Subodh Bhati,Rahil S Shah,0,0,0,out,1,bowled,C Sarath Kumar,140/7
1379606,1,18,5,M Mathivannan,Subodh Bhati,Rahil S Shah,4,4,0,four,0,,,144/7
1379606,1,18,6,M Mathivannan,Subodh Bhati,Rahil S Shah,0,0,0,out,1,leg before wicket,M Mathivannan,144/8
1379606,1,19,1,Subodh Bhati,P Saravana Kumar,Ramsingh  Sanjay Yadav,0,0,0,no run,0,,,144/8
1379606,1,19,2,Subodh Bhati,P Saravana Kumar,Ramsingh  Sanjay Yadav,4,4,0,four,0,,,148/8
1379606,1,19,3,Subodh Bhati,P Saravana Kumar,Ramsingh  Sanjay Yadav,1,1,0,run,0,,,149/8
1379606,1,19,4,P Saravana Kumar,Subodh Bhati,Ramsingh  Sanjay Yadav,1,1,0,run,0,,,150/8
1379606,1,19,5,Subodh Bhati,P Saravana Kumar,Ramsingh  Sanjay Yadav,6,6,0,six,0,,,156/8
1379606,1,19,6,Subodh Bhati,P Saravana Kumar,Ramsingh  Sanjay Yadav,1,0,1,wide,0,,,157/8
1379606,1,19,7,Subodh Bhati,P Saravana Kumar,Ramsingh  Sanjay Yadav,1,1,0,run,0,,,158/8
1379606,1,20,1,Subodh Bhati,P Saravana Kumar,Ramalingam Rohit,0,0,0,no run,0,,,158/8
1379606,1,20,2,Subodh Bhati,P Saravana Kumar,Ramalingam Rohit,6,6,0,six,0,,,164/8
1379606,1,20,3,Subodh Bhati,P Saravana Kumar,Ramalingam Rohit,1,1,0,run,0,,,165/8
1379606,1,20,4,P Saravana Kumar,Subodh Bhati,Ramalingam Rohit,4,4,0,four,0,,,169/8
1379606,1,20,5,P Saravana Kumar,Subodh Bhati,Ramalingam Rohit,1,1,0,run,0,,,170/8
1379606,1,20,6,Subodh Bhati,P Saravana Kumar,Ramalingam Rohit,0,0,0,out,1,bowled,Subodh Bhati,170/9
1379606,2,1,1,S Santosh Shiv,Narayan Jagadeesan,P Saravana Kumar,1,1,0,run,0,,,1/0
1379606,2,1,2,Narayan Jagadeesan,S Santosh Shiv,P Saravana Kumar,0,0,0,no run,0,,,1/0
1379606,2,1,3,Narayan Jagadeesan,S Santosh Shiv,P Saravana Kumar,1,0,1,wide,0,,,2/0
1379606,2,1,4,Narayan Jagadeesan,S Santosh Shiv,P Saravana Kumar,0,0,0,no run,0,,,2/0
1379606,2,1,5,Narayan Jagadeesan,S Santosh Shiv,P Saravana Kumar,0,0,0,no run,0,,,2/0
1379606,2,1,6,Narayan Jagadeesan,S Santosh Shiv,P Saravana Kumar,0,0,0,no run,0,,,2/0
1379606,2,1,7,Narayan Jagadeesan,S Santosh Shiv,P Saravana Kumar,0,0,0,no run,0,,,2/0
1379606,2,2,1,S Santosh Shiv,Narayan Jagadeesan,S Arun,0,0,0,out,1,bowled,S Santosh Shiv,2/1
1379606,2,2,2,Pradosh Ranjan Paul,Narayan Jagadeesan,S Arun,1,0,1,wide,0,,,3/1
1379606,2,2,3,Pradosh Ranjan Paul,Narayan Jagadeesan,S Arun,0,0,0,no run,0,,,3/1
1379606,2,2,4,Pradosh Ranjan Paul,Narayan Jagadeesan,S Arun,4,4,0,four,0,,,7/1
1379606,2,2,5,Pradosh Ranjan Paul,Narayan Jagadeesan,S Arun,1,1,0,run,0,,,8/1
1379606,2,2,6,Narayan Jagadeesan,Pradosh Ranjan Paul,S Arun,5,0,5,wide,0,,,13/1
1379606,2,2,7,Narayan Jagadeesan,Pradosh Ranjan Paul,S Arun,0,0,0,no run,0,,,13/1
1379606,2,2,8,Narayan Jagadeesan,Pradosh Ranjan Paul,S Arun,0,0,0,no run,0,,,13/1
1379606,2,3,1,Pradosh Ranjan Paul,Narayan Jagadeesan,P Saravana Kumar,0,0,0,no run,0,,,13/1
1379606,2,3,2,Pradosh Ranjan Paul,Narayan Jagadeesan,P Saravana Kumar,1,1,0,run,0,,,14/1
1379606,2,3,3,Narayan Jagadeesan,Pradosh Ranjan Paul,P Saravana Kumar,1,1,0,run,0,,,15/1
1379606,2,3,4,Pradosh Ranjan Paul,Narayan Jagadeesan,P Saravana Kumar,0,0,0,no run,0,,,15/1
1379606,2,3,5,Pradosh Ranjan Paul,Narayan Jagadeesan,P Saravana Kumar,0,0,0,no run,0,,,15/1
1379606,2,3,6,Pradosh Ranjan Paul,Narayan Jagadeesan,P Saravana Kumar,0,0,0,out,1,caught,Pradosh Ranjan Paul,15/2
1379606,2,4,1,Narayan Jagadeesan,Baba Aparajith,S Arun,1,1,0,run,0,,,16/2
1379606,2,4,2,Baba Aparajith,Narayan Jagadeesan,S Arun,3,3,0,run,0,,,19/2
1379606,2,4,3,Narayan Jagadeesan,Baba Aparajith,S Arun,0,0,0,no run,0,,,19/2
1379606,2,4,4,Narayan Jagadeesan,Baba Aparajith,S Arun,1,0,1,wide,0,,,20/2
1379606,2,4,5,Narayan Jagadeesan,Baba Aparajith,S Arun,1,1,0,run,0,,,21/2
1379606,2,4,6,Baba Aparajith,Narayan Jagadeesan,S Arun,0,0,0,no run,0,,,21/2
1379606,2,4,7,Baba Aparajith,Narayan Jagadeesan,S Arun,4,4,0,four,0,,,25/2
1379606,2,5,1,Narayan Jagadeesan,Baba Aparajith,P Saravana Kumar,0,0,0,no run,0,,,25/2
1379606,2,5,2,Narayan Jagadeesan,Baba Aparajith,P Saravana Kumar,4,4,0,four,0,,,29/2
1379606,2,5,3,Narayan Jagadeesan,Baba Aparajith,P Saravana Kumar,0,0,0,no run,0,,,29/2
1379606,2,5,4,Narayan Jagadeesan,Baba Aparajith,P Saravana Kumar,6,6,0,six,0,,,35/2
1379606,2,5,5,Narayan Jagadeesan,Baba Aparajith,P Saravana Kumar,1,1,0,run,0,,,36/2
1379606,2,5,6,Baba Aparajith,Narayan Jagadeesan,P Saravana Kumar,0,0,0,no run,0,,,36/2
1379606,2,6,1,Narayan Jagadeesan,Baba Aparajith,M Mathivannan,1,1,0,run,0,,,37/2
1379606,2,6,2,Baba Aparajith,Narayan Jagadeesan,M Mathivannan,6,6,0,six,0,,,43/2
1379606,2,6,3,Baba Aparajith,Narayan Jagadeesan,M Mathivannan,1,1,0,run,0,,,44/2
1379606,2,6,4,Narayan Jagadeesan,Baba Aparajith,M Mathivannan,0,0,0,no run,0,,,44/2
1379606,2,6,5,Narayan Jagadeesan,Baba Aparajith,M Mathivannan,1,1,0,run,0,,,45/2
1379606,2,6,6,Baba Aparajith,Narayan Jagadeesan,M Mathivannan,6,6,0,six,0,,,51/2
1379606,2,7,1,Narayan Jagadeesan,Baba Aparajith,Ravichandran Ashwin,1,1,0,run,0,,,52/2
1379606,2,7,2,Baba Aparajith,Narayan Jagadeesan,Ravichandran Ashwin,1,1,0,run,0,,,53/2
1379606,2,7,3,Narayan Jagadeesan,Baba Aparajith,Ravichandran Ashwin,0,0,0,no run,0,,,53/2
1379606,2,7,4,Narayan Jagadeesan,Baba Aparajith,Ravichandran Ashwin,4,4,0,four,0,,,57/2
1379606,2,7,5,Narayan Jagadeesan,Baba Aparajith,Ravichandran Ashwin,0,0,0,no run,0,,,57/2
1379606,2,7,6,Narayan Jagadeesan,Baba Aparajith,Ravichandran Ashwin,0,0,0,no run,0,,,57/2
1379606,2,8,1,Baba Aparajith,Narayan Jagadeesan,Varun Chakravarthy Vinod,1,1,0,run,0,,,58/2
1379606,2,8,2,Narayan Jagadeesan,Baba Aparajith,Varun Chakravarthy Vinod,1,1,0,run,0,,,59/2
1379606,2,8,3,Baba Aparajith,Narayan Jagadeesan,Varun Chakravarthy Vinod,1,1,0,run,0,,,60/2
1379606,2,8,4,Narayan Jagadeesan,Baba Aparajith,Varun Chakravarthy Vinod,1,1,0,run,0,,,61/2
1379606,2,8,5,Baba Aparajith,Narayan Jagadeesan,Varun Chakravarthy Vinod,0,0,0,no run,0,,,61/2
1379606,2,8,6,Baba Aparajith,Narayan Jagadeesan,Varun Chakravarthy Vinod,0,0,0,no run,0,,,61/2
1379606,2,9,1,Narayan Jagadeesan,Baba Aparajith,Subodh Bhati,4,4,0,four,0,,,65/2
1379606,2,9,2,Narayan Jagadeesan,Baba Aparajith,Subodh Bhati,0,0,0,no run,0,,,65/2
1379606,2,9,3,Narayan Jagadeesan,Baba Aparajith,Subodh Bhati,1,1,0,run,0,,,66/2
1379606,2,9,4,Baba Aparajith,Narayan Jagadeesan,Subodh Bhati,1,1,0,run,0,,,67/2
1379606,2,9,5,Narayan Jagadeesan,Baba Aparajith,Subodh Bhati,1,1,0,run,0,,,68/2
1379606,2,9,6,Baba Aparajith,Narayan Jagadeesan,Subodh Bhati,1,1,0,run,0,,,69/2
1379606,2,10,1,Baba Aparajith,Narayan Jagadeesan,M Mathivannan,0,0,0,no run,0,,,69/2
1379606,2,10,2,Baba Aparajith,Narayan Jagadeesan,M Mathivannan,1,1,0,run,0,,,70/2
1379606,2,10,3,Narayan Jagadeesan,Baba Aparajith,M Mathivannan,1,1,0,run,0,,,71/2
1379606,2,10,4,Baba Aparajith,Narayan Jagadeesan,M Mathivannan,0,0,0,no run,0,,,71/2
1379606,2,10,5,Baba Aparajith,Narayan Jagadeesan,M Mathivannan,1,1,0,run,0,,,72/2
1379606,2,10,6,Narayan Jagadeesan,Baba Aparajith,M Mathivannan,1,1,0,run,0,,,73/2
1379606,2,11,1,Narayan Jagadeesan,Baba Aparajith,Ravichandran Ashwin,1,0,1,wide,0,,,74/2
1379606,2,11,2,Narayan Jagadeesan,Baba Aparajith,Ravichandran Ashwin,4,4,0,four,0,,,78/2
1379606,2,11,3,Narayan Jagadeesan,Baba Aparajith,Ravichandran Ashwin,1,1,0,run,0,,,79/2
1379606,2,11,4,Baba Aparajith,Narayan Jagadeesan,Ravichandran Ashwin,6,6,0,six,0,,,85/2
1379606,2,11,5,Baba Aparajith,Narayan Jagadeesan,Ravichandran Ashwin,0,0,0,no run,0,,,85/2
1379606,2,11,6,Baba Aparajith,Narayan Jagadeesan,Ravichandran Ashwin,1,1,0,run,0,,,86/2
1379606,2,11,7,Narayan Jagadeesan,Baba Aparajith,Ravichandran Ashwin,1,1,0,run,0,,,87/2
1379606,2,12,1,Narayan Jagadeesan,Baba Aparajith,Varun Chakravarthy Vinod,0,0,0,out,1,leg before wicket,Narayan Jagadeesan,87/3
1379606,2,12,2,Ramsingh  Sanjay Yadav,Baba Aparajith,Varun Chakravarthy Vinod,1,1,0,run,0,,,88/3
1379606,2,12,3,Baba Aparajith,Ramsingh  Sanjay Yadav,Varun Chakravarthy Vinod,0,0,0,no run,0,,,88/3
1379606,2,12,4,Baba Aparajith,Ramsingh  Sanjay Yadav,Varun Chakravarthy Vinod,1,1,0,run,0,,,89/3
1379606,2,12,5,Ramsingh  Sanjay Yadav,Baba Aparajith,Varun Chakravarthy Vinod,0,0,0,no run,0,,,89/3
1379606,2,12,6,Ramsingh  Sanjay Yadav,Baba Aparajith,Varun Chakravarthy Vinod,1,1,0,run,0,,,90/3
1379606,2,13,1,Ramsingh  Sanjay Yadav,Baba Aparajith,Ravichandran Ashwin,0,0,0,no run,0,,,90/3
1379606,2,13,2,Ramsingh  Sanjay Yadav,Baba Aparajith,Ravichandran Ashwin,1,1,0,run,0,,,91/3
1379606,2,13,3,Baba Aparajith,Ramsingh  Sanjay Yadav,Ravichandran Ashwin,6,6,0,six,0,,,97/3
1379606,2,13,4,Baba Aparajith,Ramsingh  Sanjay Yadav,Ravichandran Ashwin,1,1,0,run,0,,,98/3
1379606,2,13,5,Ramsingh  Sanjay Yadav,Baba Aparajith,Ravichandran Ashwin,1,0,1,leg bye,0,,,99/3
1379606,2,13,6,Baba Aparajith,Ramsingh  Sanjay Yadav,Ravichandran Ashwin,1,0,1,wide,0,,,100/3
1379606,2,13,7,Baba Aparajith,Ramsingh  Sanjay Yadav,Ravichandran Ashwin,1,1,0,run,0,,,101/3
1379606,2,14,1,Baba Aparajith,Ramsingh  Sanjay Yadav,Varun Chakravarthy Vinod,1,1,0,run,0,,,102/3
1379606,2,14,2,Ramsingh  Sanjay Yadav,Baba Aparajith,Varun Chakravarthy Vinod,0,0,0,out,1,caught,Ramsingh  Sanjay Yadav,102/4
1379606,2,14,3,S Harish Kumar,Baba Aparajith,Varun Chakravarthy Vinod,1,1,0,run,0,,,103/4
1379606,2,14,4,Baba Aparajith,S Harish Kumar,Varun Chakravarthy Vinod,1,1,0,run,0,,,104/4
1379606,2,14,5,S Harish Kumar,Baba Aparajith,Varun Chakravarthy Vinod,0,0,0,no run,0,,,104/4
1379606,2,14,6,S Harish Kumar,Baba Aparajith,Varun Chakravarthy Vinod,0,0,0,no run,0,,,104/4
1379606,2,15,1,Baba Aparajith,S Harish Kumar,Subodh Bhati,4,4,0,four,0,,,108/4
1379606,2,15,2,Baba Aparajith,S Harish Kumar,Subodh Bhati,1,1,0,run,0,,,109/4
1379606,2,15,3,S Harish Kumar,Baba Aparajith,Subodh Bhati,2,2,0,run,0,,,111/4
1379606,2,15,4,S Harish Kumar,Baba Aparajith,Subodh Bhati,1,1,0,run,0,,,112/4
1379606,2,15,5,Baba Aparajith,S Harish Kumar,Subodh Bhati,1,1,0,run,0,,,113/4
1379606,2,15,6,S Harish Kumar,Baba Aparajith,Subodh Bhati,1,1,0,run,0,,,114/4
1379606,2,16,1,S Harish Kumar,Baba Aparajith,Ravichandran Ashwin,1,1,0,run,0,,,115/4
1379606,2,16,2,Baba Aparajith,S Harish Kumar,Ravichandran Ashwin,1,1,0,run,0,,,116/4
1379606,2,16,3,S Harish Kumar,Baba Aparajith,Ravichandran Ashwin,1,1,0,run,0,,,117/4
1379606,2,16,4,Baba Aparajith,S Harish Kumar,Ravichandran Ashwin,1,1,0,run,0,,,118/4
1379606,2,16,5,S Harish Kumar,Baba Aparajith,Ravichandran Ashwin,1,1,0,run,0,,,119/4
1379606,2,16,6,Baba Aparajith,S Harish Kumar,Ravichandran Ashwin,1,1,0,run,0,,,120/4
1379606,2,17,1,Baba Aparajith,S Harish Kumar,Subodh Bhati,1,1,0,run,0,,,121/4
1379606,2,17,2,S Harish Kumar,Baba Aparajith,Subodh Bhati,1,1,0,run,0,,,122/4
1379606,2,17,3,Baba Aparajith,S Harish Kumar,Subodh Bhati,6,6,0,six,0,,,128/4
1379606,2,17,4,Baba Aparajith,S Harish Kumar,Subodh Bhati,1,1,0,run,0,,,129/4
1379606,2,17,5,S Harish Kumar,Baba Aparajith,Subodh Bhati,0,0,0,out,1,caught,S Harish Kumar,129/5
1379606,2,17,6,Uthirasamy Sasidev,Baba Aparajith,Subodh Bhati,1,1,0,run,0,,,130/5
1379606,2,18,1,Uthirasamy Sasidev,Baba Aparajith,Varun Chakravarthy Vinod,0,0,0,no run,0,,,130/5
1379606,2,18,2,Uthirasamy Sasidev,Baba Aparajith,Varun Chakravarthy Vinod,1,1,0,run,0,,,131/5
1379606,2,18,3,Baba Aparajith,Uthirasamy Sasidev,Varun Chakravarthy Vinod,6,6,0,six,0,,,137/5
1379606,2,18,4,Baba Aparajith,Uthirasamy Sasidev,Varun Chakravarthy Vinod,6,6,0,six,0,,,143/5
1379606,2,18,5,Baba Aparajith,Uthirasamy Sasidev,Varun Chakravarthy Vinod,0,0,0,out,1,caught,Baba Aparajith,143/6
1379606,2,18,6,Ramalingam Rohit,Uthirasamy Sasidev,Varun Chakravarthy Vinod,1,0,1,leg bye,0,,,144/6
1379606,2,19,1,Ramalingam Rohit,Uthirasamy Sasidev,Subodh Bhati,2,2,0,run,0,,,146/6
1379606,2,19,2,Ramalingam Rohit,Uthirasamy Sasidev,Subodh Bhati,1,1,0,run,0,,,147/6
1379606,2,19,3,Uthirasamy Sasidev,Ramalingam Rohit,Subodh Bhati,1,1,0,run,0,,,148/6
1379606,2,19,4,Ramalingam Rohit,Uthirasamy Sasidev,Subodh Bhati,4,4,0,four,0,,,152/6
1379606,2,19,5,Ramalingam Rohit,Uthirasamy Sasidev,Subodh Bhati,1,1,0,run,0,,,153/6
1379606,2,19,6,Uthirasamy Sasidev,Ramalingam Rohit,Subodh Bhati,6,6,0,six,0,,,159/6
1379606,2,20,1,Ramalingam Rohit,Uthirasamy Sasidev,P Saravana Kumar,4,4,0,four,0,,,163/6
1379606,2,20,2,Ramalingam Rohit,Uthirasamy Sasidev,P Saravana Kumar,0,0,0,out,1,caught,Ramalingam Rohit,163/7
1379606,2,20,3,TD Lokesh Raj,Uthirasamy Sasidev,P Saravana Kumar,4,4,0,four,0,,,167/7
1379606,2,20,4,TD Lokesh Raj,Uthirasamy Sasidev,P Saravana Kumar,1,1,0,run,0,,,168/7
1379606,2,20,5,Uthirasamy Sasidev,TD Lokesh Raj,P Saravana Kumar,0,0,0,out,1,run out,TD Lokesh Raj,168/8
1379606,2,20,6,Rahil S Shah,Uthirasamy Sasidev,P Saravana Kumar,1,1,0,run,1,run out,Rahil S Shah,169/9
1379607,1,1,1,Ganga Sridhar Raju,Akshay V Srinivasan,K Gowtham Thamarai Kannan,0,0,0,no run,0,,,0/0
1379607,1,1,2,Ganga Sridhar Raju,Akshay V Srinivasan,K Gowtham Thamarai Kannan,0,0,0,no run,0,,,0/0
1379607,1,1,3,Ganga Sridhar Raju,Akshay V Srinivasan,K Gowtham Thamarai Kannan,0,0,0,no run,0,,,0/0
1379607,1,1,4,Ganga Sridhar Raju,Akshay V Srinivasan,K Gowtham Thamarai Kannan,0,0,0,no run,0,,,0/0
1379607,1,1,5,Ganga Sridhar Raju,Akshay V Srinivasan,K Gowtham Thamarai Kannan,1,1,0,run,0,,,1/0
1379607,1,1,6,Akshay V Srinivasan,Ganga Sridhar Raju,K Gowtham Thamarai Kannan,0,0,0,no run,0,,,1/0
1379607,1,2,1,Ganga Sridhar Raju,Akshay V Srinivasan,Manimaran Siddharth,1,0,1,wide,0,,,2/0
1379607,1,2,2,Ganga Sridhar Raju,Akshay V Srinivasan,Manimaran Siddharth,0,0,0,no run,0,,,2/0
1379607,1,2,3,Ganga Sridhar Raju,Akshay V Srinivasan,Manimaran Siddharth,4,4,0,four,0,,,6/0
1379607,1,2,4,Ganga Sridhar Raju,Akshay V Srinivasan,Manimaran Siddharth,1,1,0,run,0,,,7/0
1379607,1,2,5,Akshay V Srinivasan,Ganga Sridhar Raju,Manimaran Siddharth,0,0,0,no run,0,,,7/0
1379607,1,2,6,Akshay V Srinivasan,Ganga Sridhar Raju,Manimaran Siddharth,0,0,0,out,1,bowled,Akshay V Srinivasan,7/1
1379607,1,2,7,K Mani Bharathi,Ganga Sridhar Raju,Manimaran Siddharth,0,0,0,no run,0,,,7/1
1379607,1,3,1,Ganga Sridhar Raju,K Mani Bharathi,K Gowtham Thamarai Kannan,2,2,0,run,0,,,9/1
1379607,1,3,2,Ganga Sridhar Raju,K Mani Bharathi,K Gowtham Thamarai Kannan,0,0,0,no run,0,,,9/1
1379607,1,3,3,Ganga Sridhar Raju,K Mani Bharathi,K Gowtham Thamarai Kannan,1,0,1,wide,0,,,10/1
1379607,1,3,4,Ganga Sridhar Raju,K Mani Bharathi,K Gowtham Thamarai Kannan,0,0,0,no run,0,,,10/1
1379607,1,3,5,Ganga Sridhar Raju,K Mani Bharathi,K Gowtham Thamarai Kannan,1,1,0,run,0,,,11/1
1379607,1,3,6,K Mani Bharathi,Ganga Sridhar Raju,K Gowtham Thamarai Kannan,0,0,0,no run,0,,,11/1
1379607,1,3,7,K Mani Bharathi,Ganga Sridhar Raju,K Gowtham Thamarai Kannan,0,0,0,no run,0,,,11/1
1379607,1,4,1,Ganga Sridhar Raju,K Mani Bharathi,Manimaran Siddharth,1,1,0,run,0,,,12/1
1379607,1,4,2,K Mani Bharathi,Ganga Sridhar Raju,Manimaran Siddharth,0,0,0,out,1,bowled,K Mani Bharathi,12/2
1379607,1,4,3,Daryl Sunder Ferrario,Ganga Sridhar Raju,Manimaran Siddharth,0,0,0,out,1,caught,Daryl Sunder Ferrario,12/3
1379607,1,4,4,Jafar Jamal,Ganga Sridhar Raju,Manimaran Siddharth,0,0,0,no run,0,,,12/3
1379607,1,4,5,Jafar Jamal,Ganga Sridhar Raju,Manimaran Siddharth,1,1,0,run,0,,,13/3
1379607,1,4,6,Ganga Sridhar Raju,Jafar Jamal,Manimaran Siddharth,1,1,0,run,0,,,14/3
1379607,1,5,1,Ganga Sridhar Raju,Jafar Jamal,K Gowtham Thamarai Kannan,1,1,0,run,0,,,15/3
1379607,1,5,2,Jafar Jamal,Ganga Sridhar Raju,K Gowtham Thamarai Kannan,0,0,0,no run,0,,,15/3
1379607,1,5,3,Jafar Jamal,Ganga Sridhar Raju,K Gowtham Thamarai Kannan,1,0,1,wide,0,,,16/3
1379607,1,5,4,Jafar Jamal,Ganga Sridhar Raju,K Gowtham Thamarai Kannan,4,4,0,four,0,,,20/3
1379607,1,5,5,Jafar Jamal,Ganga Sridhar Raju,K Gowtham Thamarai Kannan,0,0,0,no run,0,,,20/3
1379607,1,5,6,Jafar Jamal,Ganga Sridhar Raju,K Gowtham Thamarai Kannan,4,4,0,four,0,,,24/3
1379607,1,5,7,Jafar Jamal,Ganga Sridhar Raju,K Gowtham Thamarai Kannan,2,2,0,run,0,,,26/3
1379607,1,6,1,Ganga Sridhar Raju,Jafar Jamal,M Mohammed,6,6,0,six,0,,,32/3
1379607,1,6,2,Ganga Sridhar Raju,Jafar Jamal,M Mohammed,4,4,0,four,0,,,36/3
1379607,1,6,3,Ganga Sridhar Raju,Jafar Jamal,M Mohammed,0,0,0,no run,0,,,36/3
1379607,1,6,4,Ganga Sridhar Raju,Jafar Jamal,M Mohammed,1,1,0,run,0,,,37/3
1379607,1,6,5,Jafar Jamal,Ganga Sridhar Raju,M Mohammed,0,0,0,no run,0,,,37/3
1379607,1,6,6,Jafar Jamal,Ganga Sridhar Raju,M Mohammed,0,0,0,out,1,caught,Jafar Jamal,37/4
1379607,1,7,1,Ganga Sridhar Raju,SP Vinod,Jhathavedh Subramanyan,0,0,0,no run,0,,,37/4
1379607,1,7,2,Ganga Sridhar Raju,SP Vinod,Jhathavedh Subramanyan,1,0,1,wide,0,,,38/4
1379607,1,7,3,Ganga Sridhar Raju,SP Vinod,Jhathavedh Subramanyan,0,0,0,no run,0,,,38/4
1379607,1,7,4,Ganga Sridhar Raju,SP Vinod,Jhathavedh Subramanyan,4,4,0,four,0,,,42/4
1379607,1,7,5,Ganga Sridhar Raju,SP Vinod,Jhathavedh Subramanyan,0,0,0,no run,0,,,42/4
1379607,1,7,6,Ganga Sridhar Raju,SP Vinod,Jhathavedh Subramanyan,1,1,0,run,0,,,43/4
1379607,1,7,7,SP Vinod,Ganga Sridhar Raju,Jhathavedh Subramanyan,0,0,0,no run,0,,,43/4
1379607,1,8,1,Ganga Sridhar Raju,SP Vinod,Valliappan Yudheeswaran,0,0,0,no run,0,,,43/4
1379607,1,8,2,Ganga Sridhar Raju,SP Vinod,Valliappan Yudheeswaran,1,1,0,run,0,,,44/4
1379607,1,8,3,SP Vinod,Ganga Sridhar Raju,Valliappan Yudheeswaran,0,0,0,no run,0,,,44/4
1379607,1,8,4,SP Vinod,Ganga Sridhar Raju,Valliappan Yudheeswaran,0,0,0,no run,0,,,44/4
1379607,1,8,5,SP Vinod,Ganga Sridhar Raju,Valliappan Yudheeswaran,0,0,0,no run,0,,,44/4
1379607,1,8,6,SP Vinod,Ganga Sridhar Raju,Valliappan Yudheeswaran,0,0,0,no run,0,,,44/4
1379607,1,9,1,Ganga Sridhar Raju,SP Vinod,Masood Shahrukh Khan,0,0,0,no run,0,,,44/4
1379607,1,9,2,Ganga Sridhar Raju,SP Vinod,Masood Shahrukh Khan,0,0,0,no run,0,,,44/4
1379607,1,9,3,Ganga Sridhar Raju,SP Vinod,Masood Shahrukh Khan,1,1,0,run,0,,,45/4
1379607,1,9,4,SP Vinod,Ganga Sridhar Raju,Masood Shahrukh Khan,1,1,0,run,0,,,46/4
1379607,1,9,5,Ganga Sridhar Raju,SP Vinod,Masood Shahrukh Khan,1,1,0,run,0,,,47/4
1379607,1,9,6,SP Vinod,Ganga Sridhar Raju,Masood Shahrukh Khan,0,0,0,out,1,caught,SP Vinod,47/5
1379607,1,10,1,Ganga Sridhar Raju,R Rajkumar,Valliappan Yudheeswaran,0,0,0,no run,0,,,47/5
1379607,1,10,2,Ganga Sridhar Raju,R Rajkumar,Valliappan Yudheeswaran,0,0,0,no run,0,,,47/5
1379607,1,10,3,Ganga Sridhar Raju,R Rajkumar,Valliappan Yudheeswaran,0,0,0,no run,0,,,47/5
1379607,1,10,4,Ganga Sridhar Raju,R Rajkumar,Valliappan Yudheeswaran,0,0,0,no run,0,,,47/5
1379607,1,10,5,Ganga Sridhar Raju,R Rajkumar,Valliappan Yudheeswaran,1,1,0,run,0,,,48/5
1379607,1,10,6,R Rajkumar,Ganga Sridhar Raju,Valliappan Yudheeswaran,0,0,0,no run,0,,,48/5
1379607,1,11,1,Ganga Sridhar Raju,R Rajkumar,Masood Shahrukh Khan,1,1,0,run,0,,,49/5
1379607,1,11,2,R Rajkumar,Ganga Sridhar Raju,Masood Shahrukh Khan,1,1,0,run,0,,,50/5
1379607,1,11,3,Ganga Sridhar Raju,R Rajkumar,Masood Shahrukh Khan,1,1,0,run,0,,,51/5
1379607,1,11,4,R Rajkumar,Ganga Sridhar Raju,Masood Shahrukh Khan,0,0,0,no run,0,,,51/5
1379607,1,11,5,R Rajkumar,Ganga Sridhar Raju,Masood Shahrukh Khan,0,0,0,no run,0,,,51/5
1379607,1,11,6,R Rajkumar,Ganga Sridhar Raju,Masood Shahrukh Khan,1,1,0,run,0,,,52/5
1379607,1,12,1,R Rajkumar,Ganga Sridhar Raju,Manimaran Siddharth,1,1,0,run,0,,,53/5
1379607,1,12,2,Ganga Sridhar Raju,R Rajkumar,Manimaran Siddharth,0,0,0,no run,0,,,53/5
1379607,1,12,3,Ganga Sridhar Raju,R Rajkumar,Manimaran Siddharth,1,1,0,run,0,,,54/5
1379607,1,12,4,R Rajkumar,Ganga Sridhar Raju,Manimaran Siddharth,0,0,0,no run,0,,,54/5
1379607,1,12,5,R Rajkumar,Ganga Sridhar Raju,Manimaran Siddharth,0,0,0,no run,0,,,54/5
1379607,1,12,6,R Rajkumar,Ganga Sridhar Raju,Manimaran Siddharth,0,0,0,no run,0,,,54/5
1379607,1,13,1,Ganga Sridhar Raju,R Rajkumar,Jhathavedh Subramanyan,0,0,0,no run,0,,,54/5
1379607,1,13,2,Ganga Sridhar Raju,R Rajkumar,Jhathavedh Subramanyan,1,1,0,run,0,,,55/5
1379607,1,13,3,R Rajkumar,Ganga Sridhar Raju,Jhathavedh Subramanyan,0,0,0,no run,0,,,55/5
1379607,1,13,4,R Rajkumar,Ganga Sridhar Raju,Jhathavedh Subramanyan,0,0,0,no run,0,,,55/5
1379607,1,13,5,R Rajkumar,Ganga Sridhar Raju,Jhathavedh Subramanyan,6,6,0,six,0,,,61/5
1379607,1,13,6,R Rajkumar,Ganga Sridhar Raju,Jhathavedh Subramanyan,0,0,0,no run,0,,,61/5
1379607,1,14,1,Ganga Sridhar Raju,R Rajkumar,Manimaran Siddharth,1,1,0,run,0,,,62/5
1379607,1,14,2,R Rajkumar,Ganga Sridhar Raju,Manimaran Siddharth,1,1,0,run,0,,,63/5
1379607,1,14,3,Ganga Sridhar Raju,R Rajkumar,Manimaran Siddharth,0,0,0,no run,0,,,63/5
1379607,1,14,4,Ganga Sridhar Raju,R Rajkumar,Manimaran Siddharth,0,0,0,no run,0,,,63/5
1379607,1,14,5,Ganga Sridhar Raju,R Rajkumar,Manimaran Siddharth,0,0,0,no run,0,,,63/5
1379607,1,14,6,Ganga Sridhar Raju,R Rajkumar,Manimaran Siddharth,0,0,0,no run,0,,,63/5
1379607,1,15,1,R Rajkumar,Ganga Sridhar Raju,M Mohammed,0,0,0,no run,0,,,63/5
1379607,1,15,2,R Rajkumar,Ganga Sridhar Raju,M Mohammed,2,1,1,run,0,,,65/5
1379607,1,15,3,Ganga Sridhar Raju,R Rajkumar,M Mohammed,4,4,0,four,0,,,69/5
1379607,1,15,4,Ganga Sridhar Raju,R Rajkumar,M Mohammed,1,0,1,wide,0,,,70/5
1379607,1,15,5,Ganga Sridhar Raju,R Rajkumar,M Mohammed,4,4,0,four,0,,,74/5
1379607,1,15,6,Ganga Sridhar Raju,R Rajkumar,M Mohammed,4,4,0,four,0,,,78/5
1379607,1,15,7,Ganga Sridhar Raju,R Rajkumar,M Mohammed,4,4,0,four,0,,,82/5
1379607,1,15,8,Ganga Sridhar Raju,R Rajkumar,M Mohammed,1,1,0,run,0,,,83/5
1379607,1,16,1,Ganga Sridhar Raju,R Rajkumar,Masood Shahrukh Khan,0,0,0,no run,0,,,83/5
1379607,1,16,2,Ganga Sridhar Raju,R Rajkumar,Masood Shahrukh Khan,0,0,0,no run,0,,,83/5
1379607,1,16,3,Ganga Sridhar Raju,R Rajkumar,Masood Shahrukh Khan,4,4,0,four,0,,,87/5
1379607,1,16,4,Ganga Sridhar Raju,R Rajkumar,Masood Shahrukh Khan,0,0,0,out,1,caught,Ganga Sridhar Raju,87/6
1379607,1,16,5,Wenseslaus Antony Dhas,R Rajkumar,Masood Shahrukh Khan,4,4,0,four,0,,,91/6
1379607,1,16,6,Wenseslaus Antony Dhas,R Rajkumar,Masood Shahrukh Khan,0,0,0,no run,0,,,91/6
1379607,1,17,1,R Rajkumar,Wenseslaus Antony Dhas,Jhathavedh Subramanyan,0,0,0,no run,0,,,91/6
1379607,1,17,2,R Rajkumar,Wenseslaus Antony Dhas,Jhathavedh Subramanyan,1,0,1,wide,0,,,92/6
1379607,1,17,3,R Rajkumar,Wenseslaus Antony Dhas,Jhathavedh Subramanyan,0,0,0,no run,0,,,92/6
1379607,1,17,4,R Rajkumar,Wenseslaus Antony Dhas,Jhathavedh Subramanyan,6,6,0,six,0,,,98/6
1379607,1,17,5,R Rajkumar,Wenseslaus Antony Dhas,Jhathavedh Subramanyan,0,0,0,no run,0,,,98/6
1379607,1,17,6,R Rajkumar,Wenseslaus Antony Dhas,Jhathavedh Subramanyan,4,4,0,four,0,,,102/6
1379607,1,17,7,R Rajkumar,Wenseslaus Antony Dhas,Jhathavedh Subramanyan,0,0,0,no run,0,,,102/6
1379607,1,18,1,Wenseslaus Antony Dhas,R Rajkumar,Valliappan Yudheeswaran,1,1,0,run,0,,,103/6
1379607,1,18,2,R Rajkumar,Wenseslaus Antony Dhas,Valliappan Yudheeswaran,1,1,0,run,0,,,104/6
1379607,1,18,3,Wenseslaus Antony Dhas,R Rajkumar,Valliappan Yudheeswaran,0,0,0,no run,0,,,104/6
1379607,1,18,4,Wenseslaus Antony Dhas,R Rajkumar,Valliappan Yudheeswaran,0,0,0,no run,0,,,104/6
1379607,1,18,5,Wenseslaus Antony Dhas,R Rajkumar,Valliappan Yudheeswaran,0,0,0,no run,0,,,104/6
1379607,1,18,6,Wenseslaus Antony Dhas,R Rajkumar,Valliappan Yudheeswaran,1,1,0,run,0,,,105/6
1379607,1,19,1,Wenseslaus Antony Dhas,R Rajkumar,K Gowtham Thamarai Kannan,0,0,0,no run,0,,,105/6
1379607,1,19,2,Wenseslaus Antony Dhas,R Rajkumar,K Gowtham Thamarai Kannan,0,0,0,no run,0,,,105/6
1379607,1,19,3,Wenseslaus Antony Dhas,R Rajkumar,K Gowtham Thamarai Kannan,1,1,0,run,0,,,106/6
1379607,1,19,4,R Rajkumar,Wenseslaus Antony Dhas,K Gowtham Thamarai Kannan,4,4,0,four,0,,,110/6
1379607,1,19,5,R Rajkumar,Wenseslaus Antony Dhas,K Gowtham Thamarai Kannan,0,0,0,no run,0,,,110/6
1379607,1,19,6,R Rajkumar,Wenseslaus Antony Dhas,K Gowtham Thamarai Kannan,4,4,0,four,0,,,114/6
1379607,1,20,1,Wenseslaus Antony Dhas,R Rajkumar,Valliappan Yudheeswaran,1,1,0,run,0,,,115/6
1379607,1,20,2,R Rajkumar,Wenseslaus Antony Dhas,Valliappan Yudheeswaran,1,1,0,run,0,,,116/6
1379607,1,20,3,Wenseslaus Antony Dhas,R Rajkumar,Valliappan Yudheeswaran,0,0,0,no run,0,,,116/6
1379607,1,20,4,Wenseslaus Antony Dhas,R Rajkumar,Valliappan Yudheeswaran,0,0,0,no run,0,,,116/6
1379607,1,20,5,Wenseslaus Antony Dhas,R Rajkumar,Valliappan Yudheeswaran,1,1,0,run,0,,,117/6
1379607,1,20,6,R Rajkumar,Wenseslaus Antony Dhas,Valliappan Yudheeswaran,0,0,0,no run,0,,,117/6
1379607,2,1,1,S Sujay,Jayaraman Suresh Kumar,Ragupathy Silambarasan,0,0,0,no run,0,,,0/0
1379607,2,1,2,S Sujay,Jayaraman Suresh Kumar,Ragupathy Silambarasan,0,0,0,no run,0,,,0/0
1379607,2,1,3,S Sujay,Jayaraman Suresh Kumar,Ragupathy Silambarasan,0,0,0,no run,0,,,0/0
1379607,2,1,4,S Sujay,Jayaraman Suresh Kumar,Ragupathy Silambarasan,0,0,0,no run,0,,,0/0
1379607,2,1,5,S Sujay,Jayaraman Suresh Kumar,Ragupathy Silambarasan,0,0,0,no run,0,,,0/0
1379607,2,1,6,S Sujay,Jayaraman Suresh Kumar,Ragupathy Silambarasan,0,0,0,no run,0,,,0/0
1379607,2,2,1,Jayaraman Suresh Kumar,S Sujay,Ramadoss Alexander,1,1,0,run,0,,,1/0
1379607,2,2,2,S Sujay,Jayaraman Suresh Kumar,Ramadoss Alexander,0,0,0,no run,0,,,1/0
1379607,2,2,3,S Sujay,Jayaraman Suresh Kumar,Ramadoss Alexander,4,4,0,four,0,,,5/0
1379607,2,2,4,S Sujay,Jayaraman Suresh Kumar,Ramadoss Alexander,1,1,0,run,0,,,6/0
1379607,2,2,5,Jayaraman Suresh Kumar,S Sujay,Ramadoss Alexander,1,0,1,wide,0,,,7/0
1379607,2,2,6,Jayaraman Suresh Kumar,S Sujay,Ramadoss Alexander,0,0,0,no run,0,,,7/0
1379607,2,2,7,Jayaraman Suresh Kumar,S Sujay,Ramadoss Alexander,4,4,0,four,0,,,11/0
1379607,2,3,1,S Sujay,Jayaraman Suresh Kumar,Ragupathy Silambarasan,1,1,0,run,0,,,12/0
1379607,2,3,2,Jayaraman Suresh Kumar,S Sujay,Ragupathy Silambarasan,1,1,0,run,0,,,13/0
1379607,2,3,3,S Sujay,Jayaraman Suresh Kumar,Ragupathy Silambarasan,6,6,0,six,0,,,19/0
1379607,2,3,4,S Sujay,Jayaraman Suresh Kumar,Ragupathy Silambarasan,0,0,0,no run,0,,,19/0
1379607,2,3,5,S Sujay,Jayaraman Suresh Kumar,Ragupathy Silambarasan,0,0,0,no run,0,,,19/0
1379607,2,3,6,S Sujay,Jayaraman Suresh Kumar,Ragupathy Silambarasan,0,0,0,no run,0,,,19/0
1379607,2,4,1,Jayaraman Suresh Kumar,S Sujay,Karaparambil Satish Monish,0,0,0,no run,0,,,19/0
1379607,2,4,2,Jayaraman Suresh Kumar,S Sujay,Karaparambil Satish Monish,1,1,0,run,0,,,20/0
1379607,2,4,3,S Sujay,Jayaraman Suresh Kumar,Karaparambil Satish Monish,1,1,0,run,0,,,21/0
1379607,2,4,4,Jayaraman Suresh Kumar,S Sujay,Karaparambil Satish Monish,0,0,0,no run,0,,,21/0
1379607,2,4,5,Jayaraman Suresh Kumar,S Sujay,Karaparambil Satish Monish,1,1,0,run,0,,,22/0
1379607,2,4,6,S Sujay,Jayaraman Suresh Kumar,Karaparambil Satish Monish,1,1,0,run,0,,,23/0
1379607,2,5,1,S Sujay,Jayaraman Suresh Kumar,K Easwaran,4,4,0,four,0,,,27/0
1379607,2,5,2,S Sujay,Jayaraman Suresh Kumar,K Easwaran,0,0,0,no run,0,,,27/0
1379607,2,5,3,S Sujay,Jayaraman Suresh Kumar,K Easwaran,2,2,0,run,0,,,29/0
1379607,2,5,4,S Sujay,Jayaraman Suresh Kumar,K Easwaran,0,0,0,no run,0,,,29/0
1379607,2,5,5,S Sujay,Jayaraman Suresh Kumar,K Easwaran,1,1,0,run,0,,,30/0
1379607,2,5,6,Jayaraman Suresh Kumar,S Sujay,K Easwaran,1,1,0,run,0,,,31/0
1379607,2,6,1,Jayaraman Suresh Kumar,S Sujay,Karaparambil Satish Monish,0,0,0,out,1,caught,Jayaraman Suresh Kumar,31/1
1379607,2,6,2,Bhardwaj Sai Sudharsan,S Sujay,Karaparambil Satish Monish,1,1,0,run,0,,,32/1
1379607,2,6,3,S Sujay,Bhardwaj Sai Sudharsan,Karaparambil Satish Monish,1,1,0,run,0,,,33/1
1379607,2,6,4,Bhardwaj Sai Sudharsan,S Sujay,Karaparambil Satish Monish,1,1,0,run,0,,,34/1
1379607,2,6,5,S Sujay,Bhardwaj Sai Sudharsan,Karaparambil Satish Monish,1,0,1,leg bye,0,,,35/1
1379607,2,6,6,Bhardwaj Sai Sudharsan,S Sujay,Karaparambil Satish Monish,4,4,0,four,0,,,39/1
1379607,2,7,1,S Sujay,Bhardwaj Sai Sudharsan,Daryl Sunder Ferrario,2,2,0,run,0,,,41/1
1379607,2,7,2,S Sujay,Bhardwaj Sai Sudharsan,Daryl Sunder Ferrario,1,0,1,leg bye,0,,,42/1
1379607,2,7,3,Bhardwaj Sai Sudharsan,S Sujay,Daryl Sunder Ferrario,0,0,0,no run,0,,,42/1
1379607,2,7,4,Bhardwaj Sai Sudharsan,S Sujay,Daryl Sunder Ferrario,1,1,0,run,0,,,43/1
1379607,2,7,5,S Sujay,Bhardwaj Sai Sudharsan,Daryl Sunder Ferrario,1,1,0,run,0,,,44/1
1379607,2,7,6,Bhardwaj Sai Sudharsan,S Sujay,Daryl Sunder Ferrario,1,0,1,wide,0,,,45/1
1379607,2,7,7,Bhardwaj Sai Sudharsan,S Sujay,Daryl Sunder Ferrario,0,0,0,out,1,caught,Bhardwaj Sai Sudharsan,45/2
1379607,2,8,1,S Sujay,R Ram Arvindh,Ramadoss Alexander,1,1,0,run,0,,,46/2
1379607,2,8,2,R Ram Arvindh,S Sujay,Ramadoss Alexander,1,1,0,run,0,,,47/2
1379607,2,8,3,S Sujay,R Ram Arvindh,Ramadoss Alexander,0,0,0,no run,0,,,47/2
1379607,2,8,4,S Sujay,R Ram Arvindh,Ramadoss Alexander,1,1,0,run,0,,,48/2
1379607,2,8,5,R Ram Arvindh,S Sujay,Ramadoss Alexander,0,0,0,no run,0,,,48/2
1379607,2,8,6,R Ram Arvindh,S Sujay,Ramadoss Alexander,1,1,0,run,0,,,49/2
1379607,2,9,1,R Ram Arvindh,S Sujay,Daryl Sunder Ferrario,0,0,0,out,1,caught,R Ram Arvindh,49/3
1379607,2,9,2,U Mukilesh,S Sujay,Daryl Sunder Ferrario,0,0,0,no run,0,,,49/3
1379607,2,9,3,U Mukilesh,S Sujay,Daryl Sunder Ferrario,0,0,0,no run,0,,,49/3
1379607,2,9,4,U Mukilesh,S Sujay,Daryl Sunder Ferrario,1,1,0,run,0,,,50/3
1379607,2,9,5,S Sujay,U Mukilesh,Daryl Sunder Ferrario,1,0,1,leg bye,0,,,51/3
1379607,2,9,6,U Mukilesh,S Sujay,Daryl Sunder Ferrario,0,0,0,no run,0,,,51/3
1379607,2,10,1,S Sujay,U Mukilesh,Ramadoss Alexander,2,2,0,run,0,,,53/3
1379607,2,10,2,S Sujay,U Mukilesh,Ramadoss Alexander,1,1,0,run,0,,,54/3
1379607,2,10,3,U Mukilesh,S Sujay,Ramadoss Alexander,1,1,0,run,0,,,55/3
1379607,2,10,4,S Sujay,U Mukilesh,Ramadoss Alexander,1,1,0,run,0,,,56/3
1379607,2,10,5,U Mukilesh,S Sujay,Ramadoss Alexander,1,1,0,run,0,,,57/3
1379607,2,10,6,S Sujay,U Mukilesh,Ramadoss Alexander,2,2,0,run,0,,,59/3
1379607,2,11,1,U Mukilesh,S Sujay,Daryl Sunder Ferrario,0,0,0,no run,0,,,59/3
1379607,2,11,2,U Mukilesh,S Sujay,Daryl Sunder Ferrario,1,1,0,run,0,,,60/3
1379607,2,11,3,S Sujay,U Mukilesh,Daryl Sunder Ferrario,4,4,0,four,0,,,64/3
1379607,2,11,4,S Sujay,U Mukilesh,Daryl Sunder Ferrario,1,1,0,run,0,,,65/3
1379607,2,11,5,U Mukilesh,S Sujay,Daryl Sunder Ferrario,1,1,0,run,0,,,66/3
1379607,2,11,6,S Sujay,U Mukilesh,Daryl Sunder Ferrario,1,1,0,run,0,,,67/3
1379607,2,12,1,S Sujay,U Mukilesh,Karaparambil Satish Monish,4,4,0,four,0,,,71/3
1379607,2,12,2,S Sujay,U Mukilesh,Karaparambil Satish Monish,1,1,0,run,0,,,72/3
1379607,2,12,3,U Mukilesh,S Sujay,Karaparambil Satish Monish,1,1,0,run,0,,,73/3
1379607,2,12,4,S Sujay,U Mukilesh,Karaparambil Satish Monish,0,0,0,no run,0,,,73/3
1379607,2,12,5,S Sujay,U Mukilesh,Karaparambil Satish Monish,2,2,0,run,0,,,75/3
1379607,2,12,6,S Sujay,U Mukilesh,Karaparambil Satish Monish,0,0,0,no run,0,,,75/3
1379607,2,13,1,U Mukilesh,S Sujay,Daryl Sunder Ferrario,1,1,0,run,0,,,76/3
1379607,2,13,2,S Sujay,U Mukilesh,Daryl Sunder Ferrario,0,0,0,no run,0,,,76/3
1379607,2,13,3,S Sujay,U Mukilesh,Daryl Sunder Ferrario,1,1,0,run,0,,,77/3
1379607,2,13,4,U Mukilesh,S Sujay,Daryl Sunder Ferrario,0,0,0,no run,0,,,77/3
1379607,2,13,5,U Mukilesh,S Sujay,Daryl Sunder Ferrario,0,0,0,no run,0,,,77/3
1379607,2,13,6,U Mukilesh,S Sujay,Daryl Sunder Ferrario,1,1,0,run,0,,,78/3
1379607,2,14,1,U Mukilesh,S Sujay,Ragupathy Silambarasan,1,1,0,run,0,,,79/3
1379607,2,14,2,S Sujay,U Mukilesh,Ragupathy Silambarasan,1,0,1,leg bye,0,,,80/3
1379607,2,14,3,U Mukilesh,S Sujay,Ragupathy Silambarasan,0,0,0,out,1,caught,U Mukilesh,80/4
1379607,2,14,4,Atheeq Ur Rahman,S Sujay,Ragupathy Silambarasan,0,0,0,no run,0,,,80/4
1379607,2,14,5,Atheeq Ur Rahman,S Sujay,Ragupathy Silambarasan,1,1,0,run,0,,,81/4
1379607,2,14,6,S Sujay,Atheeq Ur Rahman,Ragupathy Silambarasan,2,2,0,run,0,,,83/4
1379607,2,15,1,Atheeq Ur Rahman,S Sujay,Akshay V Srinivasan,0,0,0,no run,0,,,83/4
1379607,2,15,2,Atheeq Ur Rahman,S Sujay,Akshay V Srinivasan,1,1,0,run,0,,,84/4
1379607,2,15,3,S Sujay,Atheeq Ur Rahman,Akshay V Srinivasan,1,1,0,run,0,,,85/4
1379607,2,15,4,Atheeq Ur Rahman,S Sujay,Akshay V Srinivasan,0,0,0,no run,0,,,85/4
1379607,2,15,5,Atheeq Ur Rahman,S Sujay,Akshay V Srinivasan,0,0,0,no run,0,,,85/4
1379607,2,15,6,Atheeq Ur Rahman,S Sujay,Akshay V Srinivasan,4,4,0,four,0,,,89/4
1379607,2,16,1,S Sujay,Atheeq Ur Rahman,R Rajkumar,0,0,0,no run,0,,,89/4
1379607,2,16,2,S Sujay,Atheeq Ur Rahman,R Rajkumar,2,2,0,run,0,,,91/4
1379607,2,16,3,S Sujay,Atheeq Ur Rahman,R Rajkumar,0,0,0,no run,0,,,91/4
1379607,2,16,4,S Sujay,Atheeq Ur Rahman,R Rajkumar,4,4,0,four,0,,,95/4
1379607,2,16,5,S Sujay,Atheeq Ur Rahman,R Rajkumar,0,0,0,no run,0,,,95/4
1379607,2,16,6,S Sujay,Atheeq Ur Rahman,R Rajkumar,1,0,1,bye,0,,,96/4
1379607,2,17,1,S Sujay,Atheeq Ur Rahman,Akshay V Srinivasan,1,1,0,run,0,,,97/4
1379607,2,17,2,Atheeq Ur Rahman,S Sujay,Akshay V Srinivasan,0,0,0,no run,0,,,97/4
1379607,2,17,3,Atheeq Ur Rahman,S Sujay,Akshay V Srinivasan,1,1,0,run,0,,,98/4
1379607,2,17,4,S Sujay,Atheeq Ur Rahman,Akshay V Srinivasan,0,0,0,no run,0,,,98/4
1379607,2,17,5,S Sujay,Atheeq Ur Rahman,Akshay V Srinivasan,1,1,0,run,0,,,99/4
1379607,2,17,6,Atheeq Ur Rahman,S Sujay,Akshay V Srinivasan,1,1,0,run,0,,,100/4
1379607,2,18,1,Atheeq Ur Rahman,S Sujay,R Rajkumar,0,0,0,no run,0,,,100/4
1379607,2,18,2,Atheeq Ur Rahman,S Sujay,R Rajkumar,0,0,0,no run,0,,,100/4
1379607,2,18,3,Atheeq Ur Rahman,S Sujay,R Rajkumar,1,1,0,run,0,,,101/4
1379607,2,18,4,S Sujay,Atheeq Ur Rahman,R Rajkumar,4,4,0,four,0,,,105/4
1379607,2,18,5,S Sujay,Atheeq Ur Rahman,R Rajkumar,6,6,0,six,0,,,111/4
1379607,2,18,6,S Sujay,Atheeq Ur Rahman,R Rajkumar,4,4,0,four,0,,,115/4
1379607,2,19,1,Atheeq Ur Rahman,S Sujay,Ragupathy Silambarasan,0,0,0,no run,0,,,115/4
1379607,2,19,2,Atheeq Ur Rahman,S Sujay,Ragupathy Silambarasan,4,4,0,four,0,,,119/4
1379608,1,1,1,VP Amit Sathvik,R Kavin,Sankarankutty Sandeep Warrier,1,0,1,wide,0,,,1/0
1379608,1,1,2,VP Amit Sathvik,R Kavin,Sankarankutty Sandeep Warrier,0,0,0,no run,0,,,1/0
1379608,1,1,3,VP Amit Sathvik,R Kavin,Sankarankutty Sandeep Warrier,1,1,0,run,0,,,2/0
1379608,1,1,4,R Kavin,VP Amit Sathvik,Sankarankutty Sandeep Warrier,0,0,0,no run,0,,,2/0
1379608,1,1,5,R Kavin,VP Amit Sathvik,Sankarankutty Sandeep Warrier,4,4,0,four,0,,,6/0
1379608,1,1,6,R Kavin,VP Amit Sathvik,Sankarankutty Sandeep Warrier,0,0,0,no run,0,,,6/0
1379608,1,1,7,R Kavin,VP Amit Sathvik,Sankarankutty Sandeep Warrier,0,0,0,no run,0,,,6/0
1379608,1,2,1,VP Amit Sathvik,R Kavin,Ramsingh Sonu Yadav,1,1,0,run,0,,,7/0
1379608,1,2,2,R Kavin,VP Amit Sathvik,Ramsingh Sonu Yadav,0,0,0,no run,0,,,7/0
1379608,1,2,3,R Kavin,VP Amit Sathvik,Ramsingh Sonu Yadav,0,0,0,no run,0,,,7/0
1379608,1,2,4,R Kavin,VP Amit Sathvik,Ramsingh Sonu Yadav,0,0,0,no run,0,,,7/0
1379608,1,2,5,R Kavin,VP Amit Sathvik,Ramsingh Sonu Yadav,0,0,0,out,1,run out,VP Amit Sathvik,7/1
1379608,1,2,6,R Kavin,Kaushik Mohan Gandhi,Ramsingh Sonu Yadav,0,0,0,no run,0,,,7/1
1379608,1,3,1,Kaushik Mohan Gandhi,R Kavin,Sankarankutty Sandeep Warrier,1,0,1,wide,0,,,8/1
1379608,1,3,2,Kaushik Mohan Gandhi,R Kavin,Sankarankutty Sandeep Warrier,0,0,0,no run,0,,,8/1
1379608,1,3,3,Kaushik Mohan Gandhi,R Kavin,Sankarankutty Sandeep Warrier,0,0,0,no run,0,,,8/1
1379608,1,3,4,Kaushik Mohan Gandhi,R Kavin,Sankarankutty Sandeep Warrier,0,0,0,no run,0,,,8/1
1379608,1,3,5,Kaushik Mohan Gandhi,R Kavin,Sankarankutty Sandeep Warrier,1,1,0,run,0,,,9/1
1379608,1,3,6,R Kavin,Kaushik Mohan Gandhi,Sankarankutty Sandeep Warrier,1,1,0,run,0,,,10/1
1379608,1,3,7,Kaushik Mohan Gandhi,R Kavin,Sankarankutty Sandeep Warrier,1,0,1,leg bye,0,,,11/1
1379608,1,4,1,Kaushik Mohan Gandhi,R Kavin,Ramsingh Sonu Yadav,0,0,0,no run,0,,,11/1
1379608,1,4,2,Kaushik Mohan Gandhi,R Kavin,Ramsingh Sonu Yadav,2,2,0,run,0,,,13/1
1379608,1,4,3,Kaushik Mohan Gandhi,R Kavin,Ramsingh Sonu Yadav,0,0,0,no run,0,,,13/1
1379608,1,4,4,Kaushik Mohan Gandhi,R Kavin,Ramsingh Sonu Yadav,4,4,0,four,0,,,17/1
1379608,1,4,5,Kaushik Mohan Gandhi,R Kavin,Ramsingh Sonu Yadav,4,4,0,four,0,,,21/1
1379608,1,4,6,Kaushik Mohan Gandhi,R Kavin,Ramsingh Sonu Yadav,1,1,0,run,0,,,22/1
1379608,1,5,1,Kaushik Mohan Gandhi,R Kavin,S Mohan Prasath,4,4,0,four,0,,,26/1
1379608,1,5,2,Kaushik Mohan Gandhi,R Kavin,S Mohan Prasath,4,4,0,four,0,,,30/1
1379608,1,5,3,Kaushik Mohan Gandhi,R Kavin,S Mohan Prasath,0,0,0,no run,0,,,30/1
1379608,1,5,4,Kaushik Mohan Gandhi,R Kavin,S Mohan Prasath,6,6,0,six,0,,,36/1
1379608,1,5,5,Kaushik Mohan Gandhi,R Kavin,S Mohan Prasath,0,0,0,no run,0,,,36/1
1379608,1,5,6,Kaushik Mohan Gandhi,R Kavin,S Mohan Prasath,1,1,0,run,0,,,37/1
1379608,1,6,1,Kaushik Mohan Gandhi,R Kavin,NS Harish,0,0,0,no run,0,,,37/1
1379608,1,6,2,Kaushik Mohan Gandhi,R Kavin,NS Harish,0,0,0,no run,0,,,37/1
1379608,1,6,3,Kaushik Mohan Gandhi,R Kavin,NS Harish,1,1,0,run,0,,,38/1
1379608,1,6,4,R Kavin,Kaushik Mohan Gandhi,NS Harish,1,1,0,run,0,,,39/1
1379608,1,6,5,Kaushik Mohan Gandhi,R Kavin,NS Harish,0,0,0,no run,0,,,39/1
1379608,1,6,6,Kaushik Mohan Gandhi,R Kavin,NS Harish,1,1,0,run,0,,,40/1
1379608,1,7,1,Kaushik Mohan Gandhi,R Kavin,S Mohan Prasath,1,1,0,run,0,,,41/1
1379608,1,7,2,R Kavin,Kaushik Mohan Gandhi,S Mohan Prasath,1,1,0,run,0,,,42/1
1379608,1,7,3,Kaushik Mohan Gandhi,R Kavin,S Mohan Prasath,0,0,0,no run,0,,,42/1
1379608,1,7,4,Kaushik Mohan Gandhi,R Kavin,S Mohan Prasath,0,0,0,no run,0,,,42/1
1379608,1,7,5,Kaushik Mohan Gandhi,R Kavin,S Mohan Prasath,1,1,0,run,0,,,43/1
1379608,1,7,6,R Kavin,Kaushik Mohan Gandhi,S Mohan Prasath,1,1,0,run,0,,,44/1
1379608,1,8,1,R Kavin,Kaushik Mohan Gandhi,NS Harish,1,1,0,run,0,,,45/1
1379608,1,8,2,Kaushik Mohan Gandhi,R Kavin,NS Harish,1,1,0,run,0,,,46/1
1379608,1,8,3,R Kavin,Kaushik Mohan Gandhi,NS Harish,1,1,0,run,0,,,47/1
1379608,1,8,4,Kaushik Mohan Gandhi,R Kavin,NS Harish,0,0,0,no run,0,,,47/1
1379608,1,8,5,Kaushik Mohan Gandhi,R Kavin,NS Harish,0,0,0,no run,0,,,47/1
1379608,1,8,6,Kaushik Mohan Gandhi,R Kavin,NS Harish,1,0,1,leg bye,0,,,48/1
1379608,1,9,1,Kaushik Mohan Gandhi,R Kavin,S Mohan Prasath,4,4,0,four,0,,,52/1
1379608,1,9,2,Kaushik Mohan Gandhi,R Kavin,S Mohan Prasath,0,0,0,no run,0,,,52/1
1379608,1,9,3,Kaushik Mohan Gandhi,R Kavin,S Mohan Prasath,6,6,0,six,0,,,58/1
1379608,1,9,4,Kaushik Mohan Gandhi,R Kavin,S Mohan Prasath,2,2,0,run,0,,,60/1
1379608,1,9,5,Kaushik Mohan Gandhi,R Kavin,S Mohan Prasath,0,0,0,no run,0,,,60/1
1379608,1,9,6,Kaushik Mohan Gandhi,R Kavin,S Mohan Prasath,1,1,0,run,0,,,61/1
1379608,1,10,1,Kaushik Mohan Gandhi,R Kavin,M Poiyamozhi,1,1,0,run,0,,,62/1
1379608,1,10,2,R Kavin,Kaushik Mohan Gandhi,M Poiyamozhi,1,1,0,run,0,,,63/1
1379608,1,10,3,Kaushik Mohan Gandhi,R Kavin,M Poiyamozhi,2,2,0,run,0,,,65/1
1379608,1,10,4,Kaushik Mohan Gandhi,R Kavin,M Poiyamozhi,0,0,0,no run,0,,,65/1
1379608,1,10,5,Kaushik Mohan Gandhi,R Kavin,M Poiyamozhi,1,1,0,run,0,,,66/1
1379608,1,10,6,R Kavin,Kaushik Mohan Gandhi,M Poiyamozhi,1,1,0,run,0,,,67/1
1379608,1,11,1,R Kavin,Kaushik Mohan Gandhi,NS Harish,1,1,0,run,0,,,68/1
1379608,1,11,2,Kaushik Mohan Gandhi,R Kavin,NS Harish,1,1,0,run,0,,,69/1
1379608,1,11,3,R Kavin,Kaushik Mohan Gandhi,NS Harish,0,0,0,no run,0,,,69/1
1379608,1,11,4,R Kavin,Kaushik Mohan Gandhi,NS Harish,0,0,0,out,1,bowled,R Kavin,69/2
1379608,1,11,5,Maan K Bafna,Kaushik Mohan Gandhi,NS Harish,1,1,0,run,0,,,70/2
1379608,1,11,6,Kaushik Mohan Gandhi,Maan K Bafna,NS Harish,1,1,0,run,0,,,71/2
1379608,1,12,1,Kaushik Mohan Gandhi,Maan K Bafna,S Lakshay Jain,0,0,0,out,1,caught,Kaushik Mohan Gandhi,71/3
1379608,1,12,2,S Abishiek,Maan K Bafna,S Lakshay Jain,0,0,0,no run,0,,,71/3
1379608,1,12,3,S Abishiek,Maan K Bafna,S Lakshay Jain,0,0,0,no run,0,,,71/3
1379608,1,12,4,S Abishiek,Maan K Bafna,S Lakshay Jain,1,0,1,wide,0,,,72/3
1379608,1,12,5,S Abishiek,Maan K Bafna,S Lakshay Jain,1,1,0,run,0,,,73/3
1379608,1,12,6,Maan K Bafna,S Abishiek,S Lakshay Jain,6,6,0,six,0,,,79/3
1379608,1,12,7,Maan K Bafna,S Abishiek,S Lakshay Jain,0,0,0,no run,0,,,79/3
1379608,1,13,1,S Abishiek,Maan K Bafna,NS Harish,0,0,0,no run,0,,,79/3
1379608,1,13,2,S Abishiek,Maan K Bafna,NS Harish,0,0,0,no run,0,,,79/3
1379608,1,13,3,S Abishiek,Maan K Bafna,NS Harish,1,1,0,run,0,,,80/3
1379608,1,13,4,Maan K Bafna,S Abishiek,NS Harish,4,4,0,four,0,,,84/3
1379608,1,13,5,Maan K Bafna,S Abishiek,NS Harish,2,0,2,leg bye,0,,,86/3
1379608,1,13,6,Maan K Bafna,S Abishiek,NS Harish,2,2,0,run,0,,,88/3
1379608,1,14,1,S Abishiek,Maan K Bafna,S Lakshay Jain,1,1,0,run,0,,,89/3
1379608,1,14,2,Maan K Bafna,S Abishiek,S Lakshay Jain,6,6,0,six,0,,,95/3
1379608,1,14,3,Maan K Bafna,S Abishiek,S Lakshay Jain,0,0,0,out,1,caught,Maan K Bafna,95/4
1379608,1,14,4,Muhammed Adnan Khan,S Abishiek,S Lakshay Jain,0,0,0,no run,0,,,95/4
1379608,1,14,5,Muhammed Adnan Khan,S Abishiek,S Lakshay Jain,0,0,0,no run,0,,,95/4
1379608,1,14,6,Muhammed Adnan Khan,S Abishiek,S Lakshay Jain,2,2,0,run,0,,,97/4
1379608,1,15,1,S Abishiek,Muhammed Adnan Khan,S Mohan Prasath,1,1,0,run,0,,,98/4
1379608,1,15,2,Muhammed Adnan Khan,S Abishiek,S Mohan Prasath,6,6,0,six,0,,,104/4
1379608,1,15,3,Muhammed Adnan Khan,S Abishiek,S Mohan Prasath,0,0,0,no run,0,,,104/4
1379608,1,15,4,Muhammed Adnan Khan,S Abishiek,S Mohan Prasath,1,1,0,run,0,,,105/4
1379608,1,15,5,S Abishiek,Muhammed Adnan Khan,S Mohan Prasath,0,0,0,no run,0,,,105/4
1379608,1,15,6,S Abishiek,Muhammed Adnan Khan,S Mohan Prasath,1,1,0,run,0,,,106/4
1379608,1,16,1,S Abishiek,Muhammed Adnan Khan,M Poiyamozhi,0,0,0,no run,0,,,106/4
1379608,1,16,2,S Abishiek,Muhammed Adnan Khan,M Poiyamozhi,1,1,0,run,0,,,107/4
1379608,1,16,3,Muhammed Adnan Khan,S Abishiek,M Poiyamozhi,0,0,0,no run,0,,,107/4
1379608,1,16,4,Muhammed Adnan Khan,S Abishiek,M Poiyamozhi,0,0,0,no run,0,,,107/4
1379608,1,16,5,Muhammed Adnan Khan,S Abishiek,M Poiyamozhi,1,1,0,run,0,,,108/4
1379608,1,16,6,S Abishiek,Muhammed Adnan Khan,M Poiyamozhi,1,0,1,wide,0,,,109/4
1379608,1,16,7,S Abishiek,Muhammed Adnan Khan,M Poiyamozhi,6,6,0,six,0,,,115/4
1379608,2,1,1,R Sri Neranjan,Konda Bhaskir Arun Karthik,Abhishek Baljeetsingh Tanwar,0,0,0,no run,0,,,0/0
1379608,2,1,2,R Sri Neranjan,Konda Bhaskir Arun Karthik,Abhishek Baljeetsingh Tanwar,2,0,2,wide,0,,,2/0
1379608,2,1,3,Konda Bhaskir Arun Karthik,R Sri Neranjan,Abhishek Baljeetsingh Tanwar,0,0,0,out,1,caught,Konda Bhaskir Arun Karthik,2/1
1379608,2,1,4,Guruswamy Ajitesh,R Sri Neranjan,Abhishek Baljeetsingh Tanwar,1,1,0,run,0,,,3/1
1379608,2,1,5,R Sri Neranjan,Guruswamy Ajitesh,Abhishek Baljeetsingh Tanwar,0,0,0,no run,0,,,3/1
1379608,2,1,6,R Sri Neranjan,Guruswamy Ajitesh,Abhishek Baljeetsingh Tanwar,0,0,0,no run,0,,,3/1
1379608,2,1,7,R Sri Neranjan,Guruswamy Ajitesh,Abhishek Baljeetsingh Tanwar,1,1,0,run,0,,,4/1
1379608,2,2,1,R Sri Neranjan,Guruswamy Ajitesh,Sunny Sandhu,0,0,0,no run,0,,,4/1
1379608,2,2,2,R Sri Neranjan,Guruswamy Ajitesh,Sunny Sandhu,1,1,0,run,0,,,5/1
1379608,2,2,3,Guruswamy Ajitesh,R Sri Neranjan,Sunny Sandhu,4,4,0,four,0,,,9/1
1379608,2,2,4,Guruswamy Ajitesh,R Sri Neranjan,Sunny Sandhu,0,0,0,no run,0,,,9/1
1379608,2,2,5,Guruswamy Ajitesh,R Sri Neranjan,Sunny Sandhu,1,1,0,run,0,,,10/1
1379608,2,2,6,R Sri Neranjan,Guruswamy Ajitesh,Sunny Sandhu,0,0,0,no run,0,,,10/1
1379608,2,3,1,Guruswamy Ajitesh,R Sri Neranjan,Abhishek Baljeetsingh Tanwar,0,0,0,no run,0,,,10/1
1379608,2,3,2,Guruswamy Ajitesh,R Sri Neranjan,Abhishek Baljeetsingh Tanwar,0,0,0,no run,0,,,10/1
1379608,2,3,3,Guruswamy Ajitesh,R Sri Neranjan,Abhishek Baljeetsingh Tanwar,1,1,0,run,0,,,11/1
1379608,2,3,4,R Sri Neranjan,Guruswamy Ajitesh,Abhishek Baljeetsingh Tanwar,0,0,0,no run,0,,,11/1
1379608,2,3,5,R Sri Neranjan,Guruswamy Ajitesh,Abhishek Baljeetsingh Tanwar,1,0,1,wide,0,,,12/1
1379608,2,3,6,R Sri Neranjan,Guruswamy Ajitesh,Abhishek Baljeetsingh Tanwar,1,0,1,leg bye,0,,,13/1
1379608,2,3,7,Guruswamy Ajitesh,R Sri Neranjan,Abhishek Baljeetsingh Tanwar,0,0,0,no run,0,,,13/1
1379608,2,4,1,R Sri Neranjan,Guruswamy Ajitesh,Sunny Sandhu,0,0,0,no run,0,,,13/1
1379608,2,4,2,R Sri Neranjan,Guruswamy Ajitesh,Sunny Sandhu,0,0,0,no run,0,,,13/1
1379608,2,4,3,R Sri Neranjan,Guruswamy Ajitesh,Sunny Sandhu,0,0,0,no run,0,,,13/1
1379608,2,4,4,R Sri Neranjan,Guruswamy Ajitesh,Sunny Sandhu,1,0,1,wide,0,,,14/1
1379608,2,4,5,R Sri Neranjan,Guruswamy Ajitesh,Sunny Sandhu,0,0,0,no run,0,,,14/1
1379608,2,4,6,R Sri Neranjan,Guruswamy Ajitesh,Sunny Sandhu,4,4,0,four,0,,,18/1
1379608,2,4,7,R Sri Neranjan,Guruswamy Ajitesh,Sunny Sandhu,6,6,0,six,0,,,24/1
1379608,2,5,1,Guruswamy Ajitesh,R Sri Neranjan,Sachin Rathi,4,4,0,four,0,,,28/1
1379608,2,5,2,Guruswamy Ajitesh,R Sri Neranjan,Sachin Rathi,4,4,0,four,0,,,32/1
1379608,2,5,3,Guruswamy Ajitesh,R Sri Neranjan,Sachin Rathi,0,0,0,no run,0,,,32/1
1379608,2,5,4,Guruswamy Ajitesh,R Sri Neranjan,Sachin Rathi,1,1,0,run,0,,,33/1
1379608,2,5,5,R Sri Neranjan,Guruswamy Ajitesh,Sachin Rathi,2,2,0,run,0,,,35/1
1379608,2,5,6,R Sri Neranjan,Guruswamy Ajitesh,Sachin Rathi,0,0,0,out,1,caught,R Sri Neranjan,35/2
1379608,2,6,1,Guruswamy Ajitesh,S Rithik Easwaran,Rajendran Karthikeyan,1,1,0,run,0,,,36/2
1379608,2,6,2,S Rithik Easwaran,Guruswamy Ajitesh,Rajendran Karthikeyan,0,0,0,no run,0,,,36/2
1379608,2,6,3,S Rithik Easwaran,Guruswamy Ajitesh,Rajendran Karthikeyan,0,0,0,no run,0,,,36/2
1379608,2,6,4,S Rithik Easwaran,Guruswamy Ajitesh,Rajendran Karthikeyan,0,0,0,no run,0,,,36/2
1379608,2,6,5,S Rithik Easwaran,Guruswamy Ajitesh,Rajendran Karthikeyan,4,4,0,four,0,,,40/2
1379608,2,6,6,S Rithik Easwaran,Guruswamy Ajitesh,Rajendran Karthikeyan,1,1,0,run,0,,,41/2
1379608,2,7,1,S Rithik Easwaran,Guruswamy Ajitesh,Sachin Rathi,1,1,0,run,0,,,42/2
1379608,2,7,2,Guruswamy Ajitesh,S Rithik Easwaran,Sachin Rathi,0,0,0,no run,0,,,42/2
1379608,2,7,3,Guruswamy Ajitesh,S Rithik Easwaran,Sachin Rathi,1,1,0,run,0,,,43/2
1379608,2,7,4,S Rithik Easwaran,Guruswamy Ajitesh,Sachin Rathi,1,1,0,run,0,,,44/2
1379608,2,7,5,Guruswamy Ajitesh,S Rithik Easwaran,Sachin Rathi,4,4,0,four,0,,,48/2
1379608,2,7,6,Guruswamy Ajitesh,S Rithik Easwaran,Sachin Rathi,1,1,0,run,0,,,49/2
1379608,2,8,1,Guruswamy Ajitesh,S Rithik Easwaran,Rajendran Karthikeyan,0,0,0,no run,0,,,49/2
1379608,2,8,2,Guruswamy Ajitesh,S Rithik Easwaran,Rajendran Karthikeyan,0,0,0,no run,0,,,49/2
1379608,2,8,3,Guruswamy Ajitesh,S Rithik Easwaran,Rajendran Karthikeyan,4,4,0,four,0,,,53/2
1379608,2,8,4,Guruswamy Ajitesh,S Rithik Easwaran,Rajendran Karthikeyan,0,0,0,no run,0,,,53/2
1379608,2,8,5,Guruswamy Ajitesh,S Rithik Easwaran,Rajendran Karthikeyan,6,6,0,six,0,,,59/2
1379608,2,8,6,Guruswamy Ajitesh,S Rithik Easwaran,Rajendran Karthikeyan,1,1,0,run,0,,,60/2
1379608,2,9,1,Guruswamy Ajitesh,S Rithik Easwaran,M Ganesh Moorthi,2,2,0,run,0,,,62/2
1379608,2,9,2,Guruswamy Ajitesh,S Rithik Easwaran,M Ganesh Moorthi,1,1,0,run,0,,,63/2
1379608,2,9,3,S Rithik Easwaran,Guruswamy Ajitesh,M Ganesh Moorthi,2,2,0,run,0,,,65/2
1379608,2,9,4,S Rithik Easwaran,Guruswamy Ajitesh,M Ganesh Moorthi,0,0,0,no run,0,,,65/2
1379608,2,9,5,S Rithik Easwaran,Guruswamy Ajitesh,M Ganesh Moorthi,1,1,0,run,0,,,66/2
1379608,2,9,6,Guruswamy Ajitesh,S Rithik Easwaran,M Ganesh Moorthi,1,1,0,run,0,,,67/2
1379608,2,10,1,Guruswamy Ajitesh,S Rithik Easwaran,Akash Sumra,0,0,0,no run,0,,,67/2
1379608,2,10,2,Guruswamy Ajitesh,S Rithik Easwaran,Akash Sumra,1,1,0,run,0,,,68/2
1379608,2,10,3,S Rithik Easwaran,Guruswamy Ajitesh,Akash Sumra,4,4,0,four,0,,,72/2
1379608,2,10,4,S Rithik Easwaran,Guruswamy Ajitesh,Akash Sumra,0,0,0,no run,0,,,72/2
1379608,2,10,5,S Rithik Easwaran,Guruswamy Ajitesh,Akash Sumra,1,1,0,run,0,,,73/2
1379608,2,10,6,Guruswamy Ajitesh,S Rithik Easwaran,Akash Sumra,0,0,0,no run,0,,,73/2
1379608,2,11,1,S Rithik Easwaran,Guruswamy Ajitesh,M Ganesh Moorthi,1,1,0,run,0,,,74/2
1379608,2,11,2,Guruswamy Ajitesh,S Rithik Easwaran,M Ganesh Moorthi,0,0,0,no run,0,,,74/2
1379608,2,11,3,Guruswamy Ajitesh,S Rithik Easwaran,M Ganesh Moorthi,0,0,0,out,1,caught,Guruswamy Ajitesh,74/3
1379608,2,11,4,Ramsingh Sonu Yadav,S Rithik Easwaran,M Ganesh Moorthi,1,1,0,run,0,,,75/3
1379608,2,11,5,S Rithik Easwaran,Ramsingh Sonu Yadav,M Ganesh Moorthi,0,0,0,no run,0,,,75/3
1379608,2,11,6,S Rithik Easwaran,Ramsingh Sonu Yadav,M Ganesh Moorthi,1,1,0,run,0,,,76/3
1379608,2,12,1,S Rithik Easwaran,Ramsingh Sonu Yadav,Akash Sumra,1,1,0,run,0,,,77/3
1379608,2,12,2,Ramsingh Sonu Yadav,S Rithik Easwaran,Akash Sumra,6,6,0,six,0,,,83/3
1379608,2,12,3,Ramsingh Sonu Yadav,S Rithik Easwaran,Akash Sumra,1,1,0,run,0,,,84/3
1379608,2,12,4,S Rithik Easwaran,Ramsingh Sonu Yadav,Akash Sumra,0,0,0,out,1,caught,S Rithik Easwaran,84/4
1379608,2,12,5,P Sugendhiran,Ramsingh Sonu Yadav,Akash Sumra,0,0,0,no run,0,,,84/4
1379608,2,12,6,P Sugendhiran,Ramsingh Sonu Yadav,Akash Sumra,1,1,0,run,0,,,85/4
1379608,2,13,1,P Sugendhiran,Ramsingh Sonu Yadav,Abhishek Baljeetsingh Tanwar,1,1,0,run,0,,,86/4
1379608,2,13,2,Ramsingh Sonu Yadav,P Sugendhiran,Abhishek Baljeetsingh Tanwar,0,0,0,out,1,caught,Ramsingh Sonu Yadav,86/5
1379608,2,13,3,Laxmesha Suryaprakash,P Sugendhiran,Abhishek Baljeetsingh Tanwar,1,1,0,run,0,,,87/5
1379608,2,13,4,P Sugendhiran,Laxmesha Suryaprakash,Abhishek Baljeetsingh Tanwar,0,0,0,no run,0,,,87/5
1379608,2,13,5,P Sugendhiran,Laxmesha Suryaprakash,Abhishek Baljeetsingh Tanwar,1,1,0,run,0,,,88/5
1379608,2,13,6,Laxmesha Suryaprakash,P Sugendhiran,Abhishek Baljeetsingh Tanwar,1,0,1,wide,0,,,89/5
1379608,2,13,7,Laxmesha Suryaprakash,P Sugendhiran,Abhishek Baljeetsingh Tanwar,2,2,0,run,0,,,91/5
1379608,2,14,1,P Sugendhiran,Laxmesha Suryaprakash,Sunny Sandhu,1,1,0,run,0,,,92/5
1379608,2,14,2,Laxmesha Suryaprakash,P Sugendhiran,Sunny Sandhu,6,6,0,six,0,,,98/5
1379608,2,14,3,Laxmesha Suryaprakash,P Sugendhiran,Sunny Sandhu,0,0,0,no run,0,,,98/5
1379608,2,14,4,Laxmesha Suryaprakash,P Sugendhiran,Sunny Sandhu,0,0,0,no run,0,,,98/5
1379608,2,14,5,Laxmesha Suryaprakash,P Sugendhiran,Sunny Sandhu,4,4,0,four,0,,,102/5
1379608,2,14,6,Laxmesha Suryaprakash,P Sugendhiran,Sunny Sandhu,1,1,0,run,0,,,103/5
1379608,2,15,1,Laxmesha Suryaprakash,P Sugendhiran,Abhishek Baljeetsingh Tanwar,0,0,0,no run,0,,,103/5
1379608,2,15,2,Laxmesha Suryaprakash,P Sugendhiran,Abhishek Baljeetsingh Tanwar,6,6,0,six,0,,,109/5
1379608,2,15,3,Laxmesha Suryaprakash,P Sugendhiran,Abhishek Baljeetsingh Tanwar,6,6,0,six,0,,,115/5
1379608,2,15,4,Laxmesha Suryaprakash,P Sugendhiran,Abhishek Baljeetsingh Tanwar,4,4,0,four,0,,,119/5
1379608,2,15,5,Laxmesha Suryaprakash,P Sugendhiran,Abhishek Baljeetsingh Tanwar,2,2,0,run,0,,,121/5
1379608,2,15,6,Laxmesha Suryaprakash,P Sugendhiran,Abhishek Baljeetsingh Tanwar,0,0,0,no run,0,,,121/5
1379608,2,16,1,P Sugendhiran,Laxmesha Suryaprakash,Akash Sumra,6,6,0,six,0,,,127/5
1379608,2,16,2,P Sugendhiran,Laxmesha Suryaprakash,Akash Sumra,0,0,0,no run,0,,,127/5
1379608,2,16,3,P Sugendhiran,Laxmesha Suryaprakash,Akash Sumra,1,1,0,run,0,,,128/5
1379608,2,16,4,Laxmesha Suryaprakash,P Sugendhiran,Akash Sumra,1,0,1,bye,0,,,129/5
1379609,1,1,1,Pradosh Ranjan Paul,Narayan Jagadeesan,S Mohan Prasath,0,0,0,no run,0,,,0/0
1379609,1,1,2,Pradosh Ranjan Paul,Narayan Jagadeesan,S Mohan Prasath,0,0,0,no run,0,,,0/0
1379609,1,1,3,Pradosh Ranjan Paul,Narayan Jagadeesan,S Mohan Prasath,1,1,0,run,0,,,1/0
1379609,1,1,4,Narayan Jagadeesan,Pradosh Ranjan Paul,S Mohan Prasath,0,0,0,no run,0,,,1/0
1379609,1,1,5,Narayan Jagadeesan,Pradosh Ranjan Paul,S Mohan Prasath,1,1,0,run,0,,,2/0
1379609,1,1,6,Pradosh Ranjan Paul,Narayan Jagadeesan,S Mohan Prasath,1,1,0,run,0,,,3/0
1379609,1,2,1,Pradosh Ranjan Paul,Narayan Jagadeesan,Sankarankutty Sandeep Warrier,0,0,0,no run,0,,,3/0
1379609,1,2,2,Pradosh Ranjan Paul,Narayan Jagadeesan,Sankarankutty Sandeep Warrier,0,0,0,no run,0,,,3/0
1379609,1,2,3,Pradosh Ranjan Paul,Narayan Jagadeesan,Sankarankutty Sandeep Warrier,0,0,0,no run,0,,,3/0
1379609,1,2,4,Pradosh Ranjan Paul,Narayan Jagadeesan,Sankarankutty Sandeep Warrier,0,0,0,out,1,bowled,Pradosh Ranjan Paul,3/1
1379609,1,2,5,Baba Aparajith,Narayan Jagadeesan,Sankarankutty Sandeep Warrier,0,0,0,no run,0,,,3/1
1379609,1,2,6,Baba Aparajith,Narayan Jagadeesan,Sankarankutty Sandeep Warrier,0,0,0,no run,0,,,3/1
1379609,1,3,1,Narayan Jagadeesan,Baba Aparajith,S Mohan Prasath,1,1,0,run,0,,,4/1
1379609,1,3,2,Baba Aparajith,Narayan Jagadeesan,S Mohan Prasath,1,1,0,run,0,,,5/1
1379609,1,3,3,Narayan Jagadeesan,Baba Aparajith,S Mohan Prasath,1,1,0,run,0,,,6/1
1379609,1,3,4,Baba Aparajith,Narayan Jagadeesan,S Mohan Prasath,1,1,0,run,0,,,7/1
1379609,1,3,5,Narayan Jagadeesan,Baba Aparajith,S Mohan Prasath,1,1,0,run,0,,,8/1
1379609,1,3,6,Baba Aparajith,Narayan Jagadeesan,S Mohan Prasath,4,4,0,four,0,,,12/1
1379609,1,4,1,Narayan Jagadeesan,Baba Aparajith,Sankarankutty Sandeep Warrier,4,4,0,four,0,,,16/1
1379609,1,4,2,Narayan Jagadeesan,Baba Aparajith,Sankarankutty Sandeep Warrier,1,0,1,leg bye,0,,,17/1
1379609,1,4,3,Baba Aparajith,Narayan Jagadeesan,Sankarankutty Sandeep Warrier,4,4,0,four,0,,,21/1
1379609,1,4,4,Baba Aparajith,Narayan Jagadeesan,Sankarankutty Sandeep Warrier,2,2,0,run,0,,,23/1
1379609,1,4,5,Baba Aparajith,Narayan Jagadeesan,Sankarankutty Sandeep Warrier,0,0,0,no run,0,,,23/1
1379609,1,4,6,Baba Aparajith,Narayan Jagadeesan,Sankarankutty Sandeep Warrier,1,1,0,run,0,,,24/1
1379609,1,5,1,Baba Aparajith,Narayan Jagadeesan,Ramsingh Sonu Yadav,1,1,0,run,0,,,25/1
1379609,1,5,2,Narayan Jagadeesan,Baba Aparajith,Ramsingh Sonu Yadav,0,0,0,no run,0,,,25/1
1379609,1,5,3,Narayan Jagadeesan,Baba Aparajith,Ramsingh Sonu Yadav,4,4,0,four,0,,,29/1
1379609,1,5,4,Narayan Jagadeesan,Baba Aparajith,Ramsingh Sonu Yadav,1,1,0,run,0,,,30/1
1379609,1,5,5,Baba Aparajith,Narayan Jagadeesan,Ramsingh Sonu Yadav,1,1,0,run,0,,,31/1
1379609,1,5,6,Narayan Jagadeesan,Baba Aparajith,Ramsingh Sonu Yadav,0,0,0,no run,0,,,31/1
1379609,1,6,1,Baba Aparajith,Narayan Jagadeesan,NS Harish,0,0,0,no run,0,,,31/1
1379609,1,6,2,Baba Aparajith,Narayan Jagadeesan,NS Harish,1,1,0,run,0,,,32/1
1379609,1,6,3,Narayan Jagadeesan,Baba Aparajith,NS Harish,1,1,0,run,0,,,33/1
1379609,1,6,4,Baba Aparajith,Narayan Jagadeesan,NS Harish,0,0,0,no run,0,,,33/1
1379609,1,6,5,Baba Aparajith,Narayan Jagadeesan,NS Harish,1,1,0,run,0,,,34/1
1379609,1,6,6,Narayan Jagadeesan,Baba Aparajith,NS Harish,1,1,0,run,0,,,35/1
1379609,1,7,1,Narayan Jagadeesan,Baba Aparajith,S Mohan Prasath,0,0,0,out,1,caught,Narayan Jagadeesan,35/2
1379609,1,7,2,Ramsingh  Sanjay Yadav,Baba Aparajith,S Mohan Prasath,1,1,0,run,0,,,36/2
1379609,1,7,3,Baba Aparajith,Ramsingh  Sanjay Yadav,S Mohan Prasath,0,0,0,no run,0,,,36/2
1379609,1,7,4,Baba Aparajith,Ramsingh  Sanjay Yadav,S Mohan Prasath,1,1,0,run,0,,,37/2
1379609,1,7,5,Ramsingh  Sanjay Yadav,Baba Aparajith,S Mohan Prasath,1,1,0,run,0,,,38/2
1379609,1,7,6,Baba Aparajith,Ramsingh  Sanjay Yadav,S Mohan Prasath,1,1,0,run,0,,,39/2
1379609,1,8,1,Baba Aparajith,Ramsingh  Sanjay Yadav,Ramsingh Sonu Yadav,0,0,0,no run,0,,,39/2
1379609,1,8,2,Baba Aparajith,Ramsingh  Sanjay Yadav,Ramsingh Sonu Yadav,0,0,0,no run,0,,,39/2
1379609,1,8,3,Baba Aparajith,Ramsingh  Sanjay Yadav,Ramsingh Sonu Yadav,1,1,0,run,0,,,40/2
1379609,1,8,4,Ramsingh  Sanjay Yadav,Baba Aparajith,Ramsingh Sonu Yadav,0,0,0,no run,0,,,40/2
1379609,1,8,5,Ramsingh  Sanjay Yadav,Baba Aparajith,Ramsingh Sonu Yadav,1,1,0,run,0,,,41/2
1379609,1,8,6,Baba Aparajith,Ramsingh  Sanjay Yadav,Ramsingh Sonu Yadav,0,0,0,no run,0,,,41/2
1379609,1,9,1,Ramsingh  Sanjay Yadav,Baba Aparajith,M Poiyamozhi,1,1,0,run,0,,,42/2
1379609,1,9,2,Baba Aparajith,Ramsingh  Sanjay Yadav,M Poiyamozhi,2,2,0,run,0,,,44/2
1379609,1,9,3,Baba Aparajith,Ramsingh  Sanjay Yadav,M Poiyamozhi,0,0,0,no run,0,,,44/2
1379609,1,9,4,Baba Aparajith,Ramsingh  Sanjay Yadav,M Poiyamozhi,1,1,0,run,0,,,45/2
1379609,1,9,5,Ramsingh  Sanjay Yadav,Baba Aparajith,M Poiyamozhi,1,0,1,wide,0,,,46/2
1379609,1,9,6,Ramsingh  Sanjay Yadav,Baba Aparajith,M Poiyamozhi,0,0,0,no run,0,,,46/2
1379609,1,9,7,Ramsingh  Sanjay Yadav,Baba Aparajith,M Poiyamozhi,4,4,0,four,0,,,50/2
1379609,1,10,1,Baba Aparajith,Ramsingh  Sanjay Yadav,Sankarankutty Sandeep Warrier,6,6,0,six,0,,,56/2
1379609,1,10,2,Baba Aparajith,Ramsingh  Sanjay Yadav,Sankarankutty Sandeep Warrier,6,6,0,six,0,,,62/2
1379609,1,10,3,Baba Aparajith,Ramsingh  Sanjay Yadav,Sankarankutty Sandeep Warrier,1,1,0,run,0,,,63/2
1379609,1,10,4,Ramsingh  Sanjay Yadav,Baba Aparajith,Sankarankutty Sandeep Warrier,1,1,0,run,0,,,64/2
1379609,1,10,5,Baba Aparajith,Ramsingh  Sanjay Yadav,Sankarankutty Sandeep Warrier,1,1,0,run,0,,,65/2
1379609,1,10,6,Ramsingh  Sanjay Yadav,Baba Aparajith,Sankarankutty Sandeep Warrier,6,6,0,six,0,,,71/2
1379609,1,11,1,Baba Aparajith,Ramsingh  Sanjay Yadav,S Lakshay Jain,1,1,0,run,0,,,72/2
1379609,1,11,2,Ramsingh  Sanjay Yadav,Baba Aparajith,S Lakshay Jain,0,0,0,out,1,stumped,Ramsingh  Sanjay Yadav,72/3
1379609,1,11,3,TD Lokesh Raj,Baba Aparajith,S Lakshay Jain,1,1,0,run,0,,,73/3
1379609,1,11,4,Baba Aparajith,TD Lokesh Raj,S Lakshay Jain,1,1,0,run,0,,,74/3
1379609,1,11,5,TD Lokesh Raj,Baba Aparajith,S Lakshay Jain,0,0,0,out,1,caught,TD Lokesh Raj,74/4
1379609,1,11,6,S Harish Kumar,Baba Aparajith,S Lakshay Jain,1,0,1,wide,0,,,75/4
1379609,1,11,7,S Harish Kumar,Baba Aparajith,S Lakshay Jain,1,0,1,leg bye,0,,,76/4
1379609,1,12,1,S Harish Kumar,Baba Aparajith,NS Harish,0,0,0,no run,0,,,76/4
1379609,1,12,2,S Harish Kumar,Baba Aparajith,NS Harish,1,1,0,run,0,,,77/4
1379609,1,12,3,Baba Aparajith,S Harish Kumar,NS Harish,0,0,0,no run,0,,,77/4
1379609,1,12,4,Baba Aparajith,S Harish Kumar,NS Harish,1,1,0,run,0,,,78/4
1379609,1,12,5,S Harish Kumar,Baba Aparajith,NS Harish,2,2,0,run,0,,,80/4
1379609,1,12,6,S Harish Kumar,Baba Aparajith,NS Harish,0,0,0,no run,0,,,80/4
1379609,1,13,1,Baba Aparajith,S Harish Kumar,S Lakshay Jain,1,1,0,run,0,,,81/4
1379609,1,13,2,S Harish Kumar,Baba Aparajith,S Lakshay Jain,2,2,0,run,0,,,83/4
1379609,1,13,3,S Harish Kumar,Baba Aparajith,S Lakshay Jain,1,1,0,run,0,,,84/4
1379609,1,13,4,Baba Aparajith,S Harish Kumar,S Lakshay Jain,1,1,0,run,0,,,85/4
1379609,1,13,5,S Harish Kumar,Baba Aparajith,S Lakshay Jain,0,0,0,no run,0,,,85/4
1379609,1,13,6,S Harish Kumar,Baba Aparajith,S Lakshay Jain,1,1,0,run,0,,,86/4
1379609,1,14,1,S Harish Kumar,Baba Aparajith,NS Harish,0,0,0,no run,0,,,86/4
1379609,1,14,2,S Harish Kumar,Baba Aparajith,NS Harish,1,1,0,run,0,,,87/4
1379609,1,14,3,Baba Aparajith,S Harish Kumar,NS Harish,1,1,0,run,0,,,88/4
1379609,1,14,4,S Harish Kumar,Baba Aparajith,NS Harish,6,6,0,six,0,,,94/4
1379609,1,14,5,S Harish Kumar,Baba Aparajith,NS Harish,4,4,0,four,0,,,98/4
1379609,1,14,6,S Harish Kumar,Baba Aparajith,NS Harish,1,1,0,run,0,,,99/4
1379609,1,15,1,S Harish Kumar,Baba Aparajith,M Poiyamozhi,1,1,0,run,0,,,100/4
1379609,1,15,2,Baba Aparajith,S Harish Kumar,M Poiyamozhi,0,0,0,no run,0,,,100/4
1379609,1,15,3,Baba Aparajith,S Harish Kumar,M Poiyamozhi,1,1,0,run,0,,,101/4
1379609,1,15,4,S Harish Kumar,Baba Aparajith,M Poiyamozhi,0,0,0,no run,0,,,101/4
1379609,1,15,5,S Harish Kumar,Baba Aparajith,M Poiyamozhi,0,0,0,out,1,caught,S Harish Kumar,101/5
1379609,1,15,6,Uthirasamy Sasidev,Baba Aparajith,M Poiyamozhi,0,0,0,no run,0,,,101/5
1379609,1,16,1,Baba Aparajith,Uthirasamy Sasidev,NS Harish,1,0,1,wide,0,,,102/5
1379609,1,16,2,Baba Aparajith,Uthirasamy Sasidev,NS Harish,2,2,0,run,0,,,104/5
1379609,1,16,3,Baba Aparajith,Uthirasamy Sasidev,NS Harish,6,6,0,six,0,,,110/5
1379609,1,16,4,Baba Aparajith,Uthirasamy Sasidev,NS Harish,6,6,0,six,0,,,116/5
1379609,1,16,5,Baba Aparajith,Uthirasamy Sasidev,NS Harish,6,6,0,six,0,,,122/5
1379609,1,16,6,Baba Aparajith,Uthirasamy Sasidev,NS Harish,1,1,0,run,0,,,123/5
1379609,1,16,7,Uthirasamy Sasidev,Baba Aparajith,NS Harish,2,0,2,wide,0,,,125/5
1379609,1,16,8,Baba Aparajith,Uthirasamy Sasidev,NS Harish,4,4,0,four,0,,,129/5
1379609,1,17,1,Uthirasamy Sasidev,Baba Aparajith,M Poiyamozhi,1,1,0,run,0,,,130/5
1379609,1,17,2,Baba Aparajith,Uthirasamy Sasidev,M Poiyamozhi,1,1,0,run,0,,,131/5
1379609,1,17,3,Uthirasamy Sasidev,Baba Aparajith,M Poiyamozhi,1,1,0,run,0,,,132/5
1379609,1,17,4,Baba Aparajith,Uthirasamy Sasidev,M Poiyamozhi,1,1,0,run,0,,,133/5
1379609,1,17,5,Uthirasamy Sasidev,Baba Aparajith,M Poiyamozhi,4,4,0,four,0,,,137/5
1379609,1,17,6,Uthirasamy Sasidev,Baba Aparajith,M Poiyamozhi,1,1,0,run,0,,,138/5
1379609,1,18,1,Uthirasamy Sasidev,Baba Aparajith,Ramsingh Sonu Yadav,1,1,0,run,0,,,139/5
1379609,1,18,2,Baba Aparajith,Uthirasamy Sasidev,Ramsingh Sonu Yadav,4,4,0,four,0,,,143/5
1379609,1,18,3,Baba Aparajith,Uthirasamy Sasidev,Ramsingh Sonu Yadav,2,2,0,run,0,,,145/5
1379609,1,18,4,Baba Aparajith,Uthirasamy Sasidev,Ramsingh Sonu Yadav,1,1,0,run,0,,,146/5
1379609,1,18,5,Uthirasamy Sasidev,Baba Aparajith,Ramsingh Sonu Yadav,1,1,0,run,0,,,147/5
1379609,1,18,6,Baba Aparajith,Uthirasamy Sasidev,Ramsingh Sonu Yadav,1,1,0,run,0,,,148/5
1379609,1,19,1,Baba Aparajith,Uthirasamy Sasidev,M Poiyamozhi,0,0,0,out,1,caught,Baba Aparajith,148/6
1379609,1,19,2,Ramalingam Rohit,Uthirasamy Sasidev,M Poiyamozhi,1,1,0,run,0,,,149/6
1379609,1,19,3,Uthirasamy Sasidev,Ramalingam Rohit,M Poiyamozhi,1,1,0,run,0,,,150/6
1379609,1,19,4,Ramalingam Rohit,Uthirasamy Sasidev,M Poiyamozhi,1,1,0,run,0,,,151/6
1379609,1,19,5,Uthirasamy Sasidev,Ramalingam Rohit,M Poiyamozhi,1,0,1,wide,0,,,152/6
1379609,1,19,6,Uthirasamy Sasidev,Ramalingam Rohit,M Poiyamozhi,1,1,0,run,0,,,153/6
1379609,1,19,7,Ramalingam Rohit,Uthirasamy Sasidev,M Poiyamozhi,0,0,0,out,1,caught,Ramalingam Rohit,153/7
1379609,1,20,1,Uthirasamy Sasidev,S Madhan Kumar,Ramsingh Sonu Yadav,0,0,0,no run,0,,,153/7
1379609,1,20,2,Uthirasamy Sasidev,S Madhan Kumar,Ramsingh Sonu Yadav,1,1,0,run,0,,,154/7
1379609,1,20,3,S Madhan Kumar,Uthirasamy Sasidev,Ramsingh Sonu Yadav,2,2,0,run,0,,,156/7
1379609,1,20,4,S Madhan Kumar,Uthirasamy Sasidev,Ramsingh Sonu Yadav,0,0,0,no run,0,,,156/7
1379609,1,20,5,S Madhan Kumar,Uthirasamy Sasidev,Ramsingh Sonu Yadav,1,0,1,wide,0,,,157/7
1379609,1,20,6,S Madhan Kumar,Uthirasamy Sasidev,Ramsingh Sonu Yadav,1,1,0,run,0,,,158/7
1379609,1,20,7,Uthirasamy Sasidev,S Madhan Kumar,Ramsingh Sonu Yadav,1,1,0,run,0,,,159/7
1379609,2,1,1,Konda Bhaskir Arun Karthik,R Sri Neranjan,S Harish Kumar,1,1,0,run,0,,,1/0
1379609,2,1,2,R Sri Neranjan,Konda Bhaskir Arun Karthik,S Harish Kumar,1,1,0,run,0,,,2/0
1379609,2,1,3,Konda Bhaskir Arun Karthik,R Sri Neranjan,S Harish Kumar,0,0,0,no run,0,,,2/0
1379609,2,1,4,Konda Bhaskir Arun Karthik,R Sri Neranjan,S Harish Kumar,0,0,0,no run,0,,,2/0
1379609,2,1,5,Konda Bhaskir Arun Karthik,R Sri Neranjan,S Harish Kumar,4,4,0,four,0,,,6/0
1379609,2,1,6,Konda Bhaskir Arun Karthik,R Sri Neranjan,S Harish Kumar,4,4,0,four,0,,,10/0
1379609,2,2,1,R Sri Neranjan,Konda Bhaskir Arun Karthik,Ramalingam Rohit,0,0,0,no run,0,,,10/0
1379609,2,2,2,R Sri Neranjan,Konda Bhaskir Arun Karthik,Ramalingam Rohit,0,0,0,no run,0,,,10/0
1379609,2,2,3,R Sri Neranjan,Konda Bhaskir Arun Karthik,Ramalingam Rohit,1,0,1,wide,0,,,11/0
1379609,2,2,4,R Sri Neranjan,Konda Bhaskir Arun Karthik,Ramalingam Rohit,1,1,0,run,0,,,12/0
1379609,2,2,5,Konda Bhaskir Arun Karthik,R Sri Neranjan,Ramalingam Rohit,1,1,0,run,0,,,13/0
1379609,2,2,6,R Sri Neranjan,Konda Bhaskir Arun Karthik,Ramalingam Rohit,0,0,0,no run,0,,,13/0
1379609,2,2,7,R Sri Neranjan,Konda Bhaskir Arun Karthik,Ramalingam Rohit,1,1,0,run,0,,,14/0
1379609,2,3,1,R Sri Neranjan,Konda Bhaskir Arun Karthik,Rahil S Shah,0,0,0,no run,0,,,14/0
1379609,2,3,2,R Sri Neranjan,Konda Bhaskir Arun Karthik,Rahil S Shah,4,4,0,four,0,,,18/0
1379609,2,3,3,R Sri Neranjan,Konda Bhaskir Arun Karthik,Rahil S Shah,0,0,0,no run,0,,,18/0
1379609,2,3,4,R Sri Neranjan,Konda Bhaskir Arun Karthik,Rahil S Shah,4,4,0,four,0,,,22/0
1379609,2,3,5,R Sri Neranjan,Konda Bhaskir Arun Karthik,Rahil S Shah,0,0,0,no run,0,,,22/0
1379609,2,3,6,R Sri Neranjan,Konda Bhaskir Arun Karthik,Rahil S Shah,0,0,0,no run,0,,,22/0
1379609,2,4,1,Konda Bhaskir Arun Karthik,R Sri Neranjan,Ramalingam Rohit,6,6,0,six,0,,,28/0
1379609,2,4,2,Konda Bhaskir Arun Karthik,R Sri Neranjan,Ramalingam Rohit,1,0,1,wide,0,,,29/0
1379609,2,4,3,Konda Bhaskir Arun Karthik,R Sri Neranjan,Ramalingam Rohit,4,4,0,four,0,,,33/0
1379609,2,4,4,Konda Bhaskir Arun Karthik,R Sri Neranjan,Ramalingam Rohit,2,2,0,run,0,,,35/0
1379609,2,4,5,Konda Bhaskir Arun Karthik,R Sri Neranjan,Ramalingam Rohit,4,4,0,four,0,,,39/0
1379609,2,4,6,Konda Bhaskir Arun Karthik,R Sri Neranjan,Ramalingam Rohit,1,1,0,run,0,,,40/0
1379609,2,4,7,R Sri Neranjan,Konda Bhaskir Arun Karthik,Ramalingam Rohit,1,1,0,run,0,,,41/0
1379609,2,5,1,R Sri Neranjan,Konda Bhaskir Arun Karthik,Rocky Bhasker,1,1,0,run,0,,,42/0
1379609,2,5,2,Konda Bhaskir Arun Karthik,R Sri Neranjan,Rocky Bhasker,0,0,0,no run,0,,,42/0
1379609,2,5,3,Konda Bhaskir Arun Karthik,R Sri Neranjan,Rocky Bhasker,1,1,0,run,0,,,43/0
1379609,2,5,4,R Sri Neranjan,Konda Bhaskir Arun Karthik,Rocky Bhasker,0,0,0,no run,0,,,43/0
1379609,2,5,5,R Sri Neranjan,Konda Bhaskir Arun Karthik,Rocky Bhasker,0,0,0,no run,0,,,43/0
1379609,2,5,6,R Sri Neranjan,Konda Bhaskir Arun Karthik,Rocky Bhasker,0,0,0,no run,0,,,43/0
1379609,2,6,1,Konda Bhaskir Arun Karthik,R Sri Neranjan,Baba Aparajith,1,1,0,run,0,,,44/0
1379609,2,6,2,R Sri Neranjan,Konda Bhaskir Arun Karthik,Baba Aparajith,1,0,1,leg bye,0,,,45/0
1379609,2,6,3,Konda Bhaskir Arun Karthik,R Sri Neranjan,Baba Aparajith,6,6,0,six,0,,,51/0
1379609,2,6,4,Konda Bhaskir Arun Karthik,R Sri Neranjan,Baba Aparajith,4,4,0,four,0,,,55/0
1379609,2,6,5,Konda Bhaskir Arun Karthik,R Sri Neranjan,Baba Aparajith,1,1,0,run,0,,,56/0
1379609,2,6,6,R Sri Neranjan,Konda Bhaskir Arun Karthik,Baba Aparajith,0,0,0,no run,0,,,56/0
1379609,2,7,1,Konda Bhaskir Arun Karthik,R Sri Neranjan,Rahil S Shah,0,0,0,no run,0,,,56/0
1379609,2,7,2,Konda Bhaskir Arun Karthik,R Sri Neranjan,Rahil S Shah,1,1,0,run,0,,,57/0
1379609,2,7,3,R Sri Neranjan,Konda Bhaskir Arun Karthik,Rahil S Shah,2,2,0,run,0,,,59/0
1379609,2,7,4,R Sri Neranjan,Konda Bhaskir Arun Karthik,Rahil S Shah,1,1,0,run,0,,,60/0
1379609,2,7,5,Konda Bhaskir Arun Karthik,R Sri Neranjan,Rahil S Shah,0,0,0,no run,0,,,60/0
1379609,2,7,6,Konda Bhaskir Arun Karthik,R Sri Neranjan,Rahil S Shah,1,1,0,run,0,,,61/0
1379609,2,8,1,Konda Bhaskir Arun Karthik,R Sri Neranjan,Rocky Bhasker,0,0,0,no run,0,,,61/0
1379609,2,8,2,Konda Bhaskir Arun Karthik,R Sri Neranjan,Rocky Bhasker,4,4,0,four,0,,,65/0
1379609,2,8,3,Konda Bhaskir Arun Karthik,R Sri Neranjan,Rocky Bhasker,1,1,0,run,0,,,66/0
1379609,2,8,4,R Sri Neranjan,Konda Bhaskir Arun Karthik,Rocky Bhasker,6,6,0,six,0,,,72/0
1379609,2,8,5,R Sri Neranjan,Konda Bhaskir Arun Karthik,Rocky Bhasker,1,1,0,run,0,,,73/0
1379609,2,8,6,Konda Bhaskir Arun Karthik,R Sri Neranjan,Rocky Bhasker,4,4,0,four,0,,,77/0
1379609,2,9,1,R Sri Neranjan,Konda Bhaskir Arun Karthik,M Silambarasan,0,0,0,no run,0,,,77/0
1379609,2,9,2,R Sri Neranjan,Konda Bhaskir Arun Karthik,M Silambarasan,1,1,0,run,0,,,78/0
1379609,2,9,3,Konda Bhaskir Arun Karthik,R Sri Neranjan,M Silambarasan,0,0,0,no run,0,,,78/0
1379609,2,9,4,Konda Bhaskir Arun Karthik,R Sri Neranjan,M Silambarasan,1,1,0,run,0,,,79/0
1379609,2,9,5,R Sri Neranjan,Konda Bhaskir Arun Karthik,M Silambarasan,0,0,0,no run,0,,,79/0
1379609,2,9,6,R Sri Neranjan,Konda Bhaskir Arun Karthik,M Silambarasan,0,0,0,out,1,caught,R Sri Neranjan,79/1
1379609,2,10,1,Konda Bhaskir Arun Karthik,S Rithik Easwaran,Baba Aparajith,1,1,0,run,0,,,80/1
1379609,2,10,2,S Rithik Easwaran,Konda Bhaskir Arun Karthik,Baba Aparajith,1,1,0,run,0,,,81/1
1379609,2,10,3,Konda Bhaskir Arun Karthik,S Rithik Easwaran,Baba Aparajith,1,1,0,run,0,,,82/1
1379609,2,10,4,S Rithik Easwaran,Konda Bhaskir Arun Karthik,Baba Aparajith,1,1,0,run,0,,,83/1
1379609,2,10,5,Konda Bhaskir Arun Karthik,S Rithik Easwaran,Baba Aparajith,0,0,0,no run,0,,,83/1
1379609,2,10,6,Konda Bhaskir Arun Karthik,S Rithik Easwaran,Baba Aparajith,1,1,0,run,0,,,84/1
1379609,2,11,1,Konda Bhaskir Arun Karthik,S Rithik Easwaran,M Silambarasan,0,0,0,no run,0,,,84/1
1379609,2,11,2,Konda Bhaskir Arun Karthik,S Rithik Easwaran,M Silambarasan,6,6,0,six,0,,,90/1
1379609,2,11,3,Konda Bhaskir Arun Karthik,S Rithik Easwaran,M Silambarasan,0,0,0,no run,0,,,90/1
1379609,2,11,4,Konda Bhaskir Arun Karthik,S Rithik Easwaran,M Silambarasan,1,1,0,run,0,,,91/1
1379609,2,11,5,S Rithik Easwaran,Konda Bhaskir Arun Karthik,M Silambarasan,4,4,0,four,0,,,95/1
1379609,2,11,6,S Rithik Easwaran,Konda Bhaskir Arun Karthik,M Silambarasan,1,1,0,run,0,,,96/1
1379609,2,12,1,S Rithik Easwaran,Konda Bhaskir Arun Karthik,Baba Aparajith,0,0,0,no run,0,,,96/1
1379609,2,12,2,S Rithik Easwaran,Konda Bhaskir Arun Karthik,Baba Aparajith,2,2,0,run,0,,,98/1
1379609,2,12,3,S Rithik Easwaran,Konda Bhaskir Arun Karthik,Baba Aparajith,0,0,0,no run,0,,,98/1
1379609,2,12,4,S Rithik Easwaran,Konda Bhaskir Arun Karthik,Baba Aparajith,0,0,0,no run,0,,,98/1
1379609,2,12,5,S Rithik Easwaran,Konda Bhaskir Arun Karthik,Baba Aparajith,1,1,0,run,0,,,99/1
1379609,2,12,6,Konda Bhaskir Arun Karthik,S Rithik Easwaran,Baba Aparajith,1,1,0,run,0,,,100/1
1379609,2,13,1,Konda Bhaskir Arun Karthik,S Rithik Easwaran,Rahil S Shah,0,0,0,no run,0,,,100/1
1379609,2,13,2,Konda Bhaskir Arun Karthik,S Rithik Easwaran,Rahil S Shah,1,1,0,run,0,,,101/1
1379609,2,13,3,S Rithik Easwaran,Konda Bhaskir Arun Karthik,Rahil S Shah,0,0,0,no run,0,,,101/1
1379609,2,13,4,S Rithik Easwaran,Konda Bhaskir Arun Karthik,Rahil S Shah,1,1,0,run,0,,,102/1
1379609,2,13,5,Konda Bhaskir Arun Karthik,S Rithik Easwaran,Rahil S Shah,1,1,0,run,0,,,103/1
1379609,2,13,6,S Rithik Easwaran,Konda Bhaskir Arun Karthik,Rahil S Shah,1,1,0,run,0,,,104/1
1379609,2,14,1,S Rithik Easwaran,Konda Bhaskir Arun Karthik,Baba Aparajith,1,1,0,run,0,,,105/1
1379609,2,14,2,Konda Bhaskir Arun Karthik,S Rithik Easwaran,Baba Aparajith,1,1,0,run,0,,,106/1
1379609,2,14,3,S Rithik Easwaran,Konda Bhaskir Arun Karthik,Baba Aparajith,1,1,0,run,0,,,107/1
1379609,2,14,4,Konda Bhaskir Arun Karthik,S Rithik Easwaran,Baba Aparajith,6,6,0,six,0,,,113/1
1379609,2,14,5,Konda Bhaskir Arun Karthik,S Rithik Easwaran,Baba Aparajith,0,0,0,no run,0,,,113/1
1379609,2,14,6,Konda Bhaskir Arun Karthik,S Rithik Easwaran,Baba Aparajith,1,1,0,run,0,,,114/1
1379609,2,15,1,Konda Bhaskir Arun Karthik,S Rithik Easwaran,Rahil S Shah,1,1,0,run,0,,,115/1
1379609,2,15,2,S Rithik Easwaran,Konda Bhaskir Arun Karthik,Rahil S Shah,1,1,0,run,0,,,116/1
1379609,2,15,3,Konda Bhaskir Arun Karthik,S Rithik Easwaran,Rahil S Shah,1,1,0,run,0,,,117/1
1379609,2,15,4,S Rithik Easwaran,Konda Bhaskir Arun Karthik,Rahil S Shah,1,1,0,run,0,,,118/1
1379609,2,15,5,Konda Bhaskir Arun Karthik,S Rithik Easwaran,Rahil S Shah,1,1,0,run,0,,,119/1
1379609,2,15,6,S Rithik Easwaran,Konda Bhaskir Arun Karthik,Rahil S Shah,6,6,0,six,0,,,125/1
1379609,2,16,1,Konda Bhaskir Arun Karthik,S Rithik Easwaran,Rocky Bhasker,1,1,0,run,0,,,126/1
1379609,2,16,2,S Rithik Easwaran,Konda Bhaskir Arun Karthik,Rocky Bhasker,1,1,0,run,0,,,127/1
1379609,2,16,3,Konda Bhaskir Arun Karthik,S Rithik Easwaran,Rocky Bhasker,0,0,0,no run,0,,,127/1
1379609,2,16,4,Konda Bhaskir Arun Karthik,S Rithik Easwaran,Rocky Bhasker,1,1,0,run,0,,,128/1
1379609,2,16,5,S Rithik Easwaran,Konda Bhaskir Arun Karthik,Rocky Bhasker,1,1,0,run,0,,,129/1
1379609,2,16,6,Konda Bhaskir Arun Karthik,S Rithik Easwaran,Rocky Bhasker,1,1,0,run,0,,,130/1
1379609,2,17,1,Konda Bhaskir Arun Karthik,S Rithik Easwaran,M Silambarasan,1,1,0,run,0,,,131/1
1379609,2,17,2,S Rithik Easwaran,Konda Bhaskir Arun Karthik,M Silambarasan,1,1,0,run,0,,,132/1
1379609,2,17,3,Konda Bhaskir Arun Karthik,S Rithik Easwaran,M Silambarasan,1,1,0,run,0,,,133/1
1379609,2,17,4,S Rithik Easwaran,Konda Bhaskir Arun Karthik,M Silambarasan,1,1,0,run,0,,,134/1
1379609,2,17,5,Konda Bhaskir Arun Karthik,S Rithik Easwaran,M Silambarasan,4,4,0,four,0,,,138/1
1379609,2,17,6,Konda Bhaskir Arun Karthik,S Rithik Easwaran,M Silambarasan,1,1,0,run,0,,,139/1
1379609,2,18,1,Konda Bhaskir Arun Karthik,S Rithik Easwaran,Rocky Bhasker,1,1,0,run,0,,,140/1
1379609,2,18,2,S Rithik Easwaran,Konda Bhaskir Arun Karthik,Rocky Bhasker,0,0,0,out,1,caught,S Rithik Easwaran,140/2
1379609,2,18,3,Guruswamy Ajitesh,Konda Bhaskir Arun Karthik,Rocky Bhasker,1,1,0,run,0,,,141/2
1379609,2,18,4,Konda Bhaskir Arun Karthik,Guruswamy Ajitesh,Rocky Bhasker,2,2,0,run,0,,,143/2
1379609,2,18,5,Konda Bhaskir Arun Karthik,Guruswamy Ajitesh,Rocky Bhasker,4,4,0,four,0,,,147/2
1379609,2,18,6,Konda Bhaskir Arun Karthik,Guruswamy Ajitesh,Rocky Bhasker,0,0,0,no run,0,,,147/2
1379609,2,19,1,Guruswamy Ajitesh,Konda Bhaskir Arun Karthik,M Silambarasan,1,1,0,run,0,,,148/2
1379609,2,19,2,Konda Bhaskir Arun Karthik,Guruswamy Ajitesh,M Silambarasan,4,4,0,four,0,,,152/2
1379609,2,19,3,Konda Bhaskir Arun Karthik,Guruswamy Ajitesh,M Silambarasan,1,1,0,run,0,,,153/2
1379609,2,19,4,Guruswamy Ajitesh,Konda Bhaskir Arun Karthik,M Silambarasan,1,1,0,run,0,,,154/2
1379609,2,19,5,Konda Bhaskir Arun Karthik,Guruswamy Ajitesh,M Silambarasan,6,6,0,six,0,,,160/2
1379610,1,1,1,VP Amit Sathvik,Akash Sumra,Gurjapneet Singh,0,0,0,no run,0,,,0/0
1379610,1,1,2,VP Amit Sathvik,Akash Sumra,Gurjapneet Singh,0,0,0,no run,0,,,0/0
1379610,1,1,3,VP Amit Sathvik,Akash Sumra,Gurjapneet Singh,0,0,0,no run,0,,,0/0
1379610,1,1,4,VP Amit Sathvik,Akash Sumra,Gurjapneet Singh,1,1,0,run,0,,,1/0
1379610,1,1,5,Akash Sumra,VP Amit Sathvik,Gurjapneet Singh,0,0,0,no run,0,,,1/0
1379610,1,1,6,Akash Sumra,VP Amit Sathvik,Gurjapneet Singh,0,0,0,out,1,caught,Akash Sumra,1/1
1379610,1,2,1,VP Amit Sathvik,Kaushik Mohan Gandhi,V Gowtham,1,0,1,wide,0,,,2/1
1379610,1,2,2,VP Amit Sathvik,Kaushik Mohan Gandhi,V Gowtham,0,0,0,no run,0,,,2/1
1379610,1,2,3,VP Amit Sathvik,Kaushik Mohan Gandhi,V Gowtham,1,1,0,run,0,,,3/1
1379610,1,2,4,Kaushik Mohan Gandhi,VP Amit Sathvik,V Gowtham,1,1,0,run,0,,,4/1
1379610,1,2,5,VP Amit Sathvik,Kaushik Mohan Gandhi,V Gowtham,0,0,0,no run,0,,,4/1
1379610,1,2,6,VP Amit Sathvik,Kaushik Mohan Gandhi,V Gowtham,0,0,0,no run,0,,,4/1
1379610,1,2,7,VP Amit Sathvik,Kaushik Mohan Gandhi,V Gowtham,4,4,0,four,0,,,8/1
1379610,1,3,1,Kaushik Mohan Gandhi,VP Amit Sathvik,Gurjapneet Singh,1,1,0,run,0,,,9/1
1379610,1,3,2,VP Amit Sathvik,Kaushik Mohan Gandhi,Gurjapneet Singh,1,1,0,run,0,,,10/1
1379610,1,3,3,Kaushik Mohan Gandhi,VP Amit Sathvik,Gurjapneet Singh,1,1,0,run,0,,,11/1
1379610,1,3,4,VP Amit Sathvik,Kaushik Mohan Gandhi,Gurjapneet Singh,0,0,0,no run,0,,,11/1
1379610,1,3,5,VP Amit Sathvik,Kaushik Mohan Gandhi,Gurjapneet Singh,1,1,0,run,0,,,12/1
1379610,1,3,6,Kaushik Mohan Gandhi,VP Amit Sathvik,Gurjapneet Singh,0,0,0,out,1,caught,Kaushik Mohan Gandhi,12/2
1379610,1,4,1,VP Amit Sathvik,Maan K Bafna,Washington Sundar,4,4,0,four,0,,,16/2
1379610,1,4,2,VP Amit Sathvik,Maan K Bafna,Washington Sundar,0,0,0,no run,0,,,16/2
1379610,1,4,3,VP Amit Sathvik,Maan K Bafna,Washington Sundar,4,4,0,four,0,,,20/2
1379610,1,4,4,VP Amit Sathvik,Maan K Bafna,Washington Sundar,0,0,0,no run,0,,,20/2
1379610,1,4,5,VP Amit Sathvik,Maan K Bafna,Washington Sundar,0,0,0,no run,0,,,20/2
1379610,1,4,6,VP Amit Sathvik,Maan K Bafna,Washington Sundar,0,0,0,no run,0,,,20/2
1379610,1,5,1,Maan K Bafna,VP Amit Sathvik,P Saravanan,1,1,0,run,0,,,21/2
1379610,1,5,2,VP Amit Sathvik,Maan K Bafna,P Saravanan,0,0,0,no run,0,,,21/2
1379610,1,5,3,VP Amit Sathvik,Maan K Bafna,P Saravanan,0,0,0,no run,0,,,21/2
1379610,1,5,4,VP Amit Sathvik,Maan K Bafna,P Saravanan,1,1,0,run,0,,,22/2
1379610,1,5,5,Maan K Bafna,VP Amit Sathvik,P Saravanan,0,0,0,out,1,caught,Maan K Bafna,22/3
1379610,1,5,6,S Abishiek,VP Amit Sathvik,P Saravanan,0,0,0,no run,0,,,22/3
1379610,1,6,1,VP Amit Sathvik,S Abishiek,Swapnil Singh,0,0,0,no run,0,,,22/3
1379610,1,6,2,VP Amit Sathvik,S Abishiek,Swapnil Singh,1,0,1,leg bye,0,,,23/3
1379610,1,6,3,S Abishiek,VP Amit Sathvik,Swapnil Singh,0,0,0,out,1,bowled,S Abishiek,23/4
1379610,1,6,4,J Gowri Sankar,VP Amit Sathvik,Swapnil Singh,0,0,0,no run,0,,,23/4
1379610,1,6,5,J Gowri Sankar,VP Amit Sathvik,Swapnil Singh,0,0,0,no run,0,,,23/4
1379610,1,6,6,J Gowri Sankar,VP Amit Sathvik,Swapnil Singh,0,0,0,no run,0,,,23/4
1379610,1,7,1,VP Amit Sathvik,J Gowri Sankar,Murugan Ashwin,0,0,0,no run,0,,,23/4
1379610,1,7,2,VP Amit Sathvik,J Gowri Sankar,Murugan Ashwin,0,0,0,out,1,bowled,VP Amit Sathvik,23/5
1379610,1,7,3,Muhammed Adnan Khan,J Gowri Sankar,Murugan Ashwin,0,0,0,no run,0,,,23/5
1379610,1,7,4,Muhammed Adnan Khan,J Gowri Sankar,Murugan Ashwin,2,2,0,run,0,,,25/5
1379610,1,7,5,Muhammed Adnan Khan,J Gowri Sankar,Murugan Ashwin,0,0,0,no run,0,,,25/5
1379610,1,7,6,Muhammed Adnan Khan,J Gowri Sankar,Murugan Ashwin,0,0,0,no run,0,,,25/5
1379610,1,8,1,J Gowri Sankar,Muhammed Adnan Khan,Washington Sundar,0,0,0,no run,0,,,25/5
1379610,1,8,2,J Gowri Sankar,Muhammed Adnan Khan,Washington Sundar,0,0,0,no run,0,,,25/5
1379610,1,8,3,J Gowri Sankar,Muhammed Adnan Khan,Washington Sundar,0,0,0,no run,0,,,25/5
1379610,1,8,4,J Gowri Sankar,Muhammed Adnan Khan,Washington Sundar,0,0,0,no run,0,,,25/5
1379610,1,8,5,J Gowri Sankar,Muhammed Adnan Khan,Washington Sundar,1,0,1,leg bye,0,,,26/5
1379610,1,8,6,Muhammed Adnan Khan,J Gowri Sankar,Washington Sundar,1,1,0,run,0,,,27/5
1379610,1,9,1,Muhammed Adnan Khan,J Gowri Sankar,Murugan Ashwin,1,1,0,run,0,,,28/5
1379610,1,9,2,J Gowri Sankar,Muhammed Adnan Khan,Murugan Ashwin,0,0,0,no run,0,,,28/5
1379610,1,9,3,J Gowri Sankar,Muhammed Adnan Khan,Murugan Ashwin,4,4,0,four,0,,,32/5
1379610,1,9,4,J Gowri Sankar,Muhammed Adnan Khan,Murugan Ashwin,0,0,0,no run,0,,,32/5
1379610,1,9,5,J Gowri Sankar,Muhammed Adnan Khan,Murugan Ashwin,0,0,0,no run,0,,,32/5
1379610,1,9,6,J Gowri Sankar,Muhammed Adnan Khan,Murugan Ashwin,0,0,0,no run,0,,,32/5
1379610,1,10,1,Muhammed Adnan Khan,J Gowri Sankar,Washington Sundar,1,1,0,run,0,,,33/5
1379610,1,10,2,J Gowri Sankar,Muhammed Adnan Khan,Washington Sundar,0,0,0,no run,0,,,33/5
1379610,1,10,3,J Gowri Sankar,Muhammed Adnan Khan,Washington Sundar,1,1,0,run,0,,,34/5
1379610,1,10,4,Muhammed Adnan Khan,J Gowri Sankar,Washington Sundar,2,2,0,run,0,,,36/5
1379610,1,10,5,Muhammed Adnan Khan,J Gowri Sankar,Washington Sundar,1,1,0,run,0,,,37/5
1379610,1,10,6,J Gowri Sankar,Muhammed Adnan Khan,Washington Sundar,0,0,0,no run,0,,,37/5
1379610,1,11,1,Muhammed Adnan Khan,J Gowri Sankar,Murugan Ashwin,0,0,0,out,1,caught,Muhammed Adnan Khan,37/6
1379610,1,11,2,Sunny Sandhu,J Gowri Sankar,Murugan Ashwin,0,0,0,no run,0,,,37/6
1379610,1,11,3,Sunny Sandhu,J Gowri Sankar,Murugan Ashwin,1,0,1,leg bye,0,,,38/6
1379610,1,11,4,J Gowri Sankar,Sunny Sandhu,Murugan Ashwin,1,1,0,run,0,,,39/6
1379610,1,11,5,Sunny Sandhu,J Gowri Sankar,Murugan Ashwin,0,0,0,no run,0,,,39/6
1379610,1,11,6,Sunny Sandhu,J Gowri Sankar,Murugan Ashwin,1,1,0,run,0,,,40/6
1379610,1,12,1,Sunny Sandhu,J Gowri Sankar,Washington Sundar,0,0,0,no run,0,,,40/6
1379610,1,12,2,Sunny Sandhu,J Gowri Sankar,Washington Sundar,4,4,0,four,0,,,44/6
1379610,1,12,3,Sunny Sandhu,J Gowri Sankar,Washington Sundar,0,0,0,no run,0,,,44/6
1379610,1,12,4,Sunny Sandhu,J Gowri Sankar,Washington Sundar,0,0,0,no run,0,,,44/6
1379610,1,12,5,Sunny Sandhu,J Gowri Sankar,Washington Sundar,1,1,0,run,0,,,45/6
1379610,1,12,6,J Gowri Sankar,Sunny Sandhu,Washington Sundar,1,1,0,run,0,,,46/6
1379610,1,13,1,J Gowri Sankar,Sunny Sandhu,Murugan Ashwin,0,0,0,no run,0,,,46/6
1379610,1,13,2,J Gowri Sankar,Sunny Sandhu,Murugan Ashwin,1,1,0,run,0,,,47/6
1379610,1,13,3,Sunny Sandhu,J Gowri Sankar,Murugan Ashwin,1,1,0,run,0,,,48/6
1379610,1,13,4,J Gowri Sankar,Sunny Sandhu,Murugan Ashwin,1,1,0,run,0,,,49/6
1379610,1,13,5,Sunny Sandhu,J Gowri Sankar,Murugan Ashwin,4,4,0,four,0,,,53/6
1379610,1,13,6,Sunny Sandhu,J Gowri Sankar,Murugan Ashwin,2,2,0,run,0,,,55/6
1379610,1,14,1,J Gowri Sankar,Sunny Sandhu,P Saravanan,1,1,0,run,0,,,56/6
1379610,1,14,2,Sunny Sandhu,J Gowri Sankar,P Saravanan,1,1,0,run,0,,,57/6
1379610,1,14,3,J Gowri Sankar,Sunny Sandhu,P Saravanan,1,1,0,run,0,,,58/6
1379610,1,14,4,Sunny Sandhu,J Gowri Sankar,P Saravanan,1,1,0,run,0,,,59/6
1379610,1,14,5,J Gowri Sankar,Sunny Sandhu,P Saravanan,0,0,0,no run,0,,,59/6
1379610,1,14,6,J Gowri Sankar,Sunny Sandhu,P Saravanan,1,1,0,run,0,,,60/6
1379610,1,15,1,J Gowri Sankar,Sunny Sandhu,Swapnil Singh,0,0,0,no run,0,,,60/6
1379610,1,15,2,J Gowri Sankar,Sunny Sandhu,Swapnil Singh,0,0,0,no run,0,,,60/6
1379610,1,15,3,J Gowri Sankar,Sunny Sandhu,Swapnil Singh,1,1,0,run,0,,,61/6
1379610,1,15,4,Sunny Sandhu,J Gowri Sankar,Swapnil Singh,1,1,0,run,0,,,62/6
1379610,1,15,5,J Gowri Sankar,Sunny Sandhu,Swapnil Singh,0,0,0,no run,0,,,62/6
1379610,1,15,6,J Gowri Sankar,Sunny Sandhu,Swapnil Singh,1,1,0,run,0,,,63/6
1379610,1,16,1,J Gowri Sankar,Sunny Sandhu,Jagatheesan Kousik,1,1,0,run,0,,,64/6
1379610,1,16,2,Sunny Sandhu,J Gowri Sankar,Jagatheesan Kousik,0,0,0,out,1,caught,Sunny Sandhu,64/7
1379610,1,16,3,Abhishek Baljeetsingh Tanwar,J Gowri Sankar,Jagatheesan Kousik,1,1,0,run,0,,,65/7
1379610,1,16,4,J Gowri Sankar,Abhishek Baljeetsingh Tanwar,Jagatheesan Kousik,1,1,0,run,0,,,66/7
1379610,1,16,5,Abhishek Baljeetsingh Tanwar,J Gowri Sankar,Jagatheesan Kousik,0,0,0,no run,0,,,66/7
1379610,1,16,6,Abhishek Baljeetsingh Tanwar,J Gowri Sankar,Jagatheesan Kousik,1,1,0,run,0,,,67/7
1379610,1,17,1,Abhishek Baljeetsingh Tanwar,J Gowri Sankar,Gurjapneet Singh,4,4,0,four,0,,,71/7
1379610,1,17,2,Abhishek Baljeetsingh Tanwar,J Gowri Sankar,Gurjapneet Singh,0,0,0,no run,0,,,71/7
1379610,1,17,3,Abhishek Baljeetsingh Tanwar,J Gowri Sankar,Gurjapneet Singh,1,1,0,run,0,,,72/7
1379610,1,17,4,J Gowri Sankar,Abhishek Baljeetsingh Tanwar,Gurjapneet Singh,1,1,0,run,0,,,73/7
1379610,1,17,5,Abhishek Baljeetsingh Tanwar,J Gowri Sankar,Gurjapneet Singh,0,0,0,no run,0,,,73/7
1379610,1,17,6,Abhishek Baljeetsingh Tanwar,J Gowri Sankar,Gurjapneet Singh,1,1,0,run,0,,,74/7
1379610,1,18,1,Abhishek Baljeetsingh Tanwar,J Gowri Sankar,V Gowtham,6,6,0,six,0,,,80/7
1379610,1,18,2,Abhishek Baljeetsingh Tanwar,J Gowri Sankar,V Gowtham,6,6,0,six,0,,,86/7
1379610,1,18,3,Abhishek Baljeetsingh Tanwar,J Gowri Sankar,V Gowtham,1,1,0,run,0,,,87/7
1379610,1,18,4,J Gowri Sankar,Abhishek Baljeetsingh Tanwar,V Gowtham,0,0,0,out,1,caught,J Gowri Sankar,87/8
1379610,1,18,5,Sachin Rathi,Abhishek Baljeetsingh Tanwar,V Gowtham,0,0,0,no run,0,,,87/8
1379610,1,18,6,Sachin Rathi,Abhishek Baljeetsingh Tanwar,V Gowtham,2,2,0,run,0,,,89/8
1379610,1,19,1,Abhishek Baljeetsingh Tanwar,Sachin Rathi,Gurjapneet Singh,1,1,0,run,0,,,90/8
1379610,1,19,2,Sachin Rathi,Abhishek Baljeetsingh Tanwar,Gurjapneet Singh,0,0,0,out,1,bowled,Sachin Rathi,90/9
1379610,1,19,3,Rajendran Karthikeyan,Abhishek Baljeetsingh Tanwar,Gurjapneet Singh,0,0,0,no run,0,,,90/9
1379610,1,19,4,Rajendran Karthikeyan,Abhishek Baljeetsingh Tanwar,Gurjapneet Singh,1,1,0,run,0,,,91/9
1379610,1,19,5,Abhishek Baljeetsingh Tanwar,Rajendran Karthikeyan,Gurjapneet Singh,0,0,0,no run,0,,,91/9
1379610,1,19,6,Abhishek Baljeetsingh Tanwar,Rajendran Karthikeyan,Gurjapneet Singh,1,1,0,run,0,,,92/9
1379610,1,20,1,Abhishek Baljeetsingh Tanwar,Rajendran Karthikeyan,V Gowtham,0,0,0,no run,0,,,92/9
1379610,1,20,2,Abhishek Baljeetsingh Tanwar,Rajendran Karthikeyan,V Gowtham,2,2,0,run,0,,,94/9
1379610,1,20,3,Abhishek Baljeetsingh Tanwar,Rajendran Karthikeyan,V Gowtham,4,4,0,four,0,,,98/9
1379610,1,20,4,Abhishek Baljeetsingh Tanwar,Rajendran Karthikeyan,V Gowtham,0,0,0,out,1,caught,Abhishek Baljeetsingh Tanwar,98/10
1379610,2,1,1,V Aaditya,Chezhian Nishaanth,Abhishek Baljeetsingh Tanwar,0,0,0,no run,0,,,0/0
1379610,2,1,2,V Aaditya,Chezhian Nishaanth,Abhishek Baljeetsingh Tanwar,0,0,0,no run,0,,,0/0
1379610,2,1,3,V Aaditya,Chezhian Nishaanth,Abhishek Baljeetsingh Tanwar,4,4,0,four,0,,,4/0
1379610,2,1,4,V Aaditya,Chezhian Nishaanth,Abhishek Baljeetsingh Tanwar,1,1,0,run,0,,,5/0
1379610,2,1,5,Chezhian Nishaanth,V Aaditya,Abhishek Baljeetsingh Tanwar,0,0,0,no run,0,,,5/0
1379610,2,1,6,Chezhian Nishaanth,V Aaditya,Abhishek Baljeetsingh Tanwar,0,0,0,no run,0,,,5/0
1379610,2,2,1,V Aaditya,Chezhian Nishaanth,Sunny Sandhu,0,0,0,no run,0,,,5/0
1379610,2,2,2,V Aaditya,Chezhian Nishaanth,Sunny Sandhu,1,1,0,run,0,,,6/0
1379610,2,2,3,Chezhian Nishaanth,V Aaditya,Sunny Sandhu,0,0,0,out,1,caught,Chezhian Nishaanth,6/1
1379610,2,2,4,Jagatheesan Kousik,V Aaditya,Sunny Sandhu,0,0,0,no run,0,,,6/1
1379610,2,2,5,Jagatheesan Kousik,V Aaditya,Sunny Sandhu,0,0,0,no run,0,,,6/1
1379610,2,2,6,Jagatheesan Kousik,V Aaditya,Sunny Sandhu,0,0,0,no run,0,,,6/1
1379610,2,3,1,V Aaditya,Jagatheesan Kousik,Abhishek Baljeetsingh Tanwar,0,0,0,no run,0,,,6/1
1379610,2,3,2,V Aaditya,Jagatheesan Kousik,Abhishek Baljeetsingh Tanwar,1,1,0,run,0,,,7/1
1379610,2,3,3,Jagatheesan Kousik,V Aaditya,Abhishek Baljeetsingh Tanwar,0,0,0,no run,0,,,7/1
1379610,2,3,4,Jagatheesan Kousik,V Aaditya,Abhishek Baljeetsingh Tanwar,6,6,0,six,0,,,13/1
1379610,2,3,5,Jagatheesan Kousik,V Aaditya,Abhishek Baljeetsingh Tanwar,1,1,0,run,0,,,14/1
1379610,2,3,6,V Aaditya,Jagatheesan Kousik,Abhishek Baljeetsingh Tanwar,0,0,0,no run,0,,,14/1
1379610,2,4,1,Jagatheesan Kousik,V Aaditya,Sunny Sandhu,6,6,0,six,0,,,20/1
1379610,2,4,2,Jagatheesan Kousik,V Aaditya,Sunny Sandhu,4,4,0,four,0,,,24/1
1379610,2,4,3,Jagatheesan Kousik,V Aaditya,Sunny Sandhu,0,0,0,no run,0,,,24/1
1379610,2,4,4,Jagatheesan Kousik,V Aaditya,Sunny Sandhu,1,1,0,run,0,,,25/1
1379610,2,4,5,V Aaditya,Jagatheesan Kousik,Sunny Sandhu,0,0,0,no run,0,,,25/1
1379610,2,4,6,V Aaditya,Jagatheesan Kousik,Sunny Sandhu,1,1,0,run,0,,,26/1
1379610,2,5,1,V Aaditya,Jagatheesan Kousik,Akash Sumra,0,0,0,no run,0,,,26/1
1379610,2,5,2,V Aaditya,Jagatheesan Kousik,Akash Sumra,0,0,0,out,1,caught,V Aaditya,26/2
1379610,2,5,3,S Sri Abisek,Jagatheesan Kousik,Akash Sumra,2,0,2,wide,0,,,28/2
1379610,2,5,4,Jagatheesan Kousik,S Sri Abisek,Akash Sumra,1,1,0,run,0,,,29/2
1379610,2,5,5,S Sri Abisek,Jagatheesan Kousik,Akash Sumra,0,0,0,no run,0,,,29/2
1379610,2,5,6,S Sri Abisek,Jagatheesan Kousik,Akash Sumra,5,0,5,wide,0,,,34/2
1379610,2,5,7,S Sri Abisek,Jagatheesan Kousik,Akash Sumra,1,0,1,wide,0,,,35/2
1379610,2,5,8,S Sri Abisek,Jagatheesan Kousik,Akash Sumra,1,1,0,run,0,,,36/2
1379610,2,5,9,Jagatheesan Kousik,S Sri Abisek,Akash Sumra,0,0,0,no run,0,,,36/2
1379610,2,6,1,S Sri Abisek,Jagatheesan Kousik,Rajendran Karthikeyan,1,0,1,wide,0,,,37/2
1379610,2,6,2,S Sri Abisek,Jagatheesan Kousik,Rajendran Karthikeyan,4,4,0,four,0,,,41/2
1379610,2,6,3,S Sri Abisek,Jagatheesan Kousik,Rajendran Karthikeyan,0,0,0,no run,0,,,41/2
1379610,2,6,4,S Sri Abisek,Jagatheesan Kousik,Rajendran Karthikeyan,1,1,0,run,0,,,42/2
1379610,2,6,5,Jagatheesan Kousik,S Sri Abisek,Rajendran Karthikeyan,1,0,1,wide,0,,,43/2
1379610,2,6,6,Jagatheesan Kousik,S Sri Abisek,Rajendran Karthikeyan,0,0,0,no run,0,,,43/2
1379610,2,6,7,Jagatheesan Kousik,S Sri Abisek,Rajendran Karthikeyan,1,1,0,run,0,,,44/2
1379610,2,6,8,S Sri Abisek,Jagatheesan Kousik,Rajendran Karthikeyan,1,0,1,wide,0,,,45/2
1379610,2,6,9,S Sri Abisek,Jagatheesan Kousik,Rajendran Karthikeyan,4,4,0,four,0,,,49/2
1379610,2,7,1,Jagatheesan Kousik,S Sri Abisek,Sachin Rathi,0,0,0,no run,0,,,49/2
1379610,2,7,2,Jagatheesan Kousik,S Sri Abisek,Sachin Rathi,0,0,0,no run,0,,,49/2
1379610,2,7,3,Jagatheesan Kousik,S Sri Abisek,Sachin Rathi,1,1,0,run,0,,,50/2
1379610,2,7,4,S Sri Abisek,Jagatheesan Kousik,Sachin Rathi,4,0,4,bye,0,,,54/2
1379610,2,7,5,S Sri Abisek,Jagatheesan Kousik,Sachin Rathi,0,0,0,no run,0,,,54/2
1379610,2,7,6,S Sri Abisek,Jagatheesan Kousik,Sachin Rathi,1,1,0,run,0,,,55/2
1379610,2,8,1,S Sri Abisek,Jagatheesan Kousik,M Ganesh Moorthi,1,1,0,run,0,,,56/2
1379610,2,8,2,Jagatheesan Kousik,S Sri Abisek,M Ganesh Moorthi,0,0,0,out,1,bowled,Jagatheesan Kousik,56/3
1379610,2,8,3,Swapnil Singh,S Sri Abisek,M Ganesh Moorthi,1,1,0,run,0,,,57/3
1379610,2,8,4,S Sri Abisek,Swapnil Singh,M Ganesh Moorthi,1,1,0,run,0,,,58/3
1379610,2,8,5,Swapnil Singh,S Sri Abisek,M Ganesh Moorthi,1,1,0,run,0,,,59/3
1379610,2,8,6,S Sri Abisek,Swapnil Singh,M Ganesh Moorthi,1,1,0,run,0,,,60/3
1379610,2,9,1,S Sri Abisek,Swapnil Singh,Sachin Rathi,1,1,0,run,0,,,61/3
1379610,2,9,2,Swapnil Singh,S Sri Abisek,Sachin Rathi,0,0,0,no run,0,,,61/3
1379610,2,9,3,Swapnil Singh,S Sri Abisek,Sachin Rathi,1,1,0,run,0,,,62/3
1379610,2,9,4,S Sri Abisek,Swapnil Singh,Sachin Rathi,0,0,0,no run,0,,,62/3
1379610,2,9,5,S Sri Abisek,Swapnil Singh,Sachin Rathi,1,1,0,run,0,,,63/3
1379610,2,9,6,Swapnil Singh,S Sri Abisek,Sachin Rathi,1,1,0,run,0,,,64/3
1379610,2,10,1,Swapnil Singh,S Sri Abisek,M Ganesh Moorthi,1,1,0,run,0,,,65/3
1379610,2,10,2,S Sri Abisek,Swapnil Singh,M Ganesh Moorthi,1,1,0,run,0,,,66/3
1379610,2,10,3,Swapnil Singh,S Sri Abisek,M Ganesh Moorthi,1,1,0,run,0,,,67/3
1379610,2,10,4,S Sri Abisek,Swapnil Singh,M Ganesh Moorthi,0,0,0,no run,0,,,67/3
1379610,2,10,5,S Sri Abisek,Swapnil Singh,M Ganesh Moorthi,1,1,0,run,0,,,68/3
1379610,2,10,6,Swapnil Singh,S Sri Abisek,M Ganesh Moorthi,0,0,0,no run,0,,,68/3
1379610,2,11,1,S Sri Abisek,Swapnil Singh,Sachin Rathi,0,0,0,no run,0,,,68/3
1379610,2,11,2,S Sri Abisek,Swapnil Singh,Sachin Rathi,1,1,0,run,0,,,69/3
1379610,2,11,3,Swapnil Singh,S Sri Abisek,Sachin Rathi,6,6,0,six,0,,,75/3
1379610,2,11,4,Swapnil Singh,S Sri Abisek,Sachin Rathi,1,1,0,run,0,,,76/3
1379610,2,11,5,S Sri Abisek,Swapnil Singh,Sachin Rathi,1,1,0,run,0,,,77/3
1379610,2,11,6,Swapnil Singh,S Sri Abisek,Sachin Rathi,0,0,0,no run,0,,,77/3
1379610,2,12,1,S Sri Abisek,Swapnil Singh,M Ganesh Moorthi,0,0,0,no run,0,,,77/3
1379610,2,12,2,S Sri Abisek,Swapnil Singh,M Ganesh Moorthi,2,2,0,run,0,,,79/3
1379610,2,12,3,S Sri Abisek,Swapnil Singh,M Ganesh Moorthi,6,6,0,six,0,,,85/3
1379610,2,12,4,S Sri Abisek,Swapnil Singh,M Ganesh Moorthi,2,2,0,run,0,,,87/3
1379610,2,12,5,S Sri Abisek,Swapnil Singh,M Ganesh Moorthi,1,1,0,run,0,,,88/3
1379610,2,12,6,Swapnil Singh,S Sri Abisek,M Ganesh Moorthi,1,1,0,run,0,,,89/3
1379610,2,13,1,Swapnil Singh,S Sri Abisek,Sachin Rathi,2,2,0,run,0,,,91/3
1379610,2,13,2,Swapnil Singh,S Sri Abisek,Sachin Rathi,2,2,0,run,0,,,93/3
1379610,2,13,3,Swapnil Singh,S Sri Abisek,Sachin Rathi,1,1,0,run,0,,,94/3
1379610,2,13,4,S Sri Abisek,Swapnil Singh,Sachin Rathi,0,0,0,no run,0,,,94/3
1379610,2,13,5,S Sri Abisek,Swapnil Singh,Sachin Rathi,1,1,0,run,0,,,95/3
1379610,2,13,6,Swapnil Singh,S Sri Abisek,Sachin Rathi,6,6,0,six,0,,,101/3
1379611,1,1,1,S Sujay,Jayaraman Suresh Kumar,VP Diran,1,1,0,run,0,,,1/0
1379611,1,1,2,Jayaraman Suresh Kumar,S Sujay,VP Diran,1,0,1,wide,0,,,2/0
1379611,1,1,3,Jayaraman Suresh Kumar,S Sujay,VP Diran,0,0,0,no run,0,,,2/0
1379611,1,1,4,Jayaraman Suresh Kumar,S Sujay,VP Diran,4,4,0,four,0,,,6/0
1379611,1,1,5,Jayaraman Suresh Kumar,S Sujay,VP Diran,4,4,0,four,0,,,10/0
1379611,1,1,6,Jayaraman Suresh Kumar,S Sujay,VP Diran,0,0,0,no run,0,,,10/0
1379611,1,1,7,Jayaraman Suresh Kumar,S Sujay,VP Diran,4,4,0,four,0,,,14/0
1379611,1,2,1,S Sujay,Jayaraman Suresh Kumar,P Saravana Kumar,0,0,0,no run,0,,,14/0
1379611,1,2,2,S Sujay,Jayaraman Suresh Kumar,P Saravana Kumar,0,0,0,no run,0,,,14/0
1379611,1,2,3,S Sujay,Jayaraman Suresh Kumar,P Saravana Kumar,1,1,0,run,0,,,15/0
1379611,1,2,4,Jayaraman Suresh Kumar,S Sujay,P Saravana Kumar,0,0,0,no run,0,,,15/0
1379611,1,2,5,Jayaraman Suresh Kumar,S Sujay,P Saravana Kumar,1,1,0,run,0,,,16/0
1379611,1,2,6,S Sujay,Jayaraman Suresh Kumar,P Saravana Kumar,4,4,0,four,0,,,20/0
1379611,1,3,1,Jayaraman Suresh Kumar,S Sujay,Ravichandran Ashwin,0,0,0,no run,0,,,20/0
1379611,1,3,2,Jayaraman Suresh Kumar,S Sujay,Ravichandran Ashwin,4,4,0,four,0,,,24/0
1379611,1,3,3,Jayaraman Suresh Kumar,S Sujay,Ravichandran Ashwin,0,0,0,no run,0,,,24/0
1379611,1,3,4,Jayaraman Suresh Kumar,S Sujay,Ravichandran Ashwin,1,1,0,run,0,,,25/0
1379611,1,3,5,S Sujay,Jayaraman Suresh Kumar,Ravichandran Ashwin,1,0,1,wide,0,,,26/0
1379611,1,3,6,S Sujay,Jayaraman Suresh Kumar,Ravichandran Ashwin,0,0,0,no run,0,,,26/0
1379611,1,3,7,S Sujay,Jayaraman Suresh Kumar,Ravichandran Ashwin,1,1,0,run,0,,,27/0
1379611,1,4,1,S Sujay,Jayaraman Suresh Kumar,P Saravana Kumar,0,0,0,no run,0,,,27/0
1379611,1,4,2,S Sujay,Jayaraman Suresh Kumar,P Saravana Kumar,1,0,1,leg bye,0,,,28/0
1379611,1,4,3,Jayaraman Suresh Kumar,S Sujay,P Saravana Kumar,4,4,0,four,0,,,32/0
1379611,1,4,4,Jayaraman Suresh Kumar,S Sujay,P Saravana Kumar,0,0,0,no run,0,,,32/0
1379611,1,4,5,Jayaraman Suresh Kumar,S Sujay,P Saravana Kumar,2,2,0,run,0,,,34/0
1379611,1,4,6,Jayaraman Suresh Kumar,S Sujay,P Saravana Kumar,4,4,0,four,0,,,38/0
1379611,1,5,1,S Sujay,Jayaraman Suresh Kumar,M Mathivannan,4,4,0,four,0,,,42/0
1379611,1,5,2,S Sujay,Jayaraman Suresh Kumar,M Mathivannan,1,1,0,run,0,,,43/0
1379611,1,5,3,Jayaraman Suresh Kumar,S Sujay,M Mathivannan,1,1,0,run,0,,,44/0
1379611,1,5,4,S Sujay,Jayaraman Suresh Kumar,M Mathivannan,4,4,0,four,0,,,48/0
1379611,1,5,5,S Sujay,Jayaraman Suresh Kumar,M Mathivannan,1,1,0,run,0,,,49/0
1379611,1,5,6,Jayaraman Suresh Kumar,S Sujay,M Mathivannan,0,0,0,out,1,caught,Jayaraman Suresh Kumar,49/1
1379611,1,6,1,S Sujay,Bhardwaj Sai Sudharsan,P Saravana Kumar,6,6,0,six,0,,,55/1
1379611,1,6,2,S Sujay,Bhardwaj Sai Sudharsan,P Saravana Kumar,4,4,0,four,0,,,59/1
1379611,1,6,3,S Sujay,Bhardwaj Sai Sudharsan,P Saravana Kumar,4,4,0,four,0,,,63/1
1379611,1,6,4,S Sujay,Bhardwaj Sai Sudharsan,P Saravana Kumar,0,0,0,out,1,caught,S Sujay,63/2
1379611,1,6,5,R Ram Arvindh,Bhardwaj Sai Sudharsan,P Saravana Kumar,4,4,0,four,0,,,67/2
1379611,1,6,6,R Ram Arvindh,Bhardwaj Sai Sudharsan,P Saravana Kumar,0,0,0,out,1,caught,R Ram Arvindh,67/3
1379611,1,7,1,Bhardwaj Sai Sudharsan,U Mukilesh,M Mathivannan,2,2,0,run,0,,,69/3
1379611,1,7,2,Bhardwaj Sai Sudharsan,U Mukilesh,M Mathivannan,1,1,0,run,0,,,70/3
1379611,1,7,3,U Mukilesh,Bhardwaj Sai Sudharsan,M Mathivannan,0,0,0,no run,0,,,70/3
1379611,1,7,4,U Mukilesh,Bhardwaj Sai Sudharsan,M Mathivannan,0,0,0,no run,0,,,70/3
1379611,1,7,5,U Mukilesh,Bhardwaj Sai Sudharsan,M Mathivannan,0,0,0,no run,0,,,70/3
1379611,1,7,6,U Mukilesh,Bhardwaj Sai Sudharsan,M Mathivannan,2,2,0,run,0,,,72/3
1379611,1,8,1,Bhardwaj Sai Sudharsan,U Mukilesh,Ravichandran Ashwin,1,1,0,run,0,,,73/3
1379611,1,8,2,U Mukilesh,Bhardwaj Sai Sudharsan,Ravichandran Ashwin,1,1,0,run,0,,,74/3
1379611,1,8,3,Bhardwaj Sai Sudharsan,U Mukilesh,Ravichandran Ashwin,1,1,0,run,0,,,75/3
1379611,1,8,4,U Mukilesh,Bhardwaj Sai Sudharsan,Ravichandran Ashwin,0,0,0,no run,0,,,75/3
1379611,1,8,5,U Mukilesh,Bhardwaj Sai Sudharsan,Ravichandran Ashwin,2,2,0,run,0,,,77/3
1379611,1,8,6,U Mukilesh,Bhardwaj Sai Sudharsan,Ravichandran Ashwin,2,2,0,run,0,,,79/3
1379611,1,9,1,Bhardwaj Sai Sudharsan,U Mukilesh,M Mathivannan,4,4,0,four,0,,,83/3
1379611,1,9,2,Bhardwaj Sai Sudharsan,U Mukilesh,M Mathivannan,4,4,0,four,0,,,87/3
1379611,1,9,3,Bhardwaj Sai Sudharsan,U Mukilesh,M Mathivannan,1,1,0,run,0,,,88/3
1379611,1,9,4,U Mukilesh,Bhardwaj Sai Sudharsan,M Mathivannan,0,0,0,no run,0,,,88/3
1379611,1,9,5,U Mukilesh,Bhardwaj Sai Sudharsan,M Mathivannan,2,2,0,run,0,,,90/3
1379611,1,9,6,U Mukilesh,Bhardwaj Sai Sudharsan,M Mathivannan,2,2,0,run,0,,,92/3
1379611,1,10,1,Bhardwaj Sai Sudharsan,U Mukilesh,Varun Chakravarthy Vinod,4,4,0,four,0,,,96/3
1379611,1,10,2,Bhardwaj Sai Sudharsan,U Mukilesh,Varun Chakravarthy Vinod,1,1,0,run,0,,,97/3
1379611,1,10,3,U Mukilesh,Bhardwaj Sai Sudharsan,Varun Chakravarthy Vinod,2,2,0,run,0,,,99/3
1379611,1,10,4,U Mukilesh,Bhardwaj Sai Sudharsan,Varun Chakravarthy Vinod,0,0,0,no run,0,,,99/3
1379611,1,10,5,U Mukilesh,Bhardwaj Sai Sudharsan,Varun Chakravarthy Vinod,0,0,0,no run,0,,,99/3
1379611,1,10,6,U Mukilesh,Bhardwaj Sai Sudharsan,Varun Chakravarthy Vinod,1,1,0,run,0,,,100/3
1379611,1,11,1,U Mukilesh,Bhardwaj Sai Sudharsan,Subodh Bhati,4,4,0,four,0,,,104/3
1379611,1,11,2,U Mukilesh,Bhardwaj Sai Sudharsan,Subodh Bhati,0,0,0,no run,0,,,104/3
1379611,1,11,3,U Mukilesh,Bhardwaj Sai Sudharsan,Subodh Bhati,1,1,0,run,0,,,105/3
1379611,1,11,4,Bhardwaj Sai Sudharsan,U Mukilesh,Subodh Bhati,1,0,1,leg bye,0,,,106/3
1379611,1,11,5,U Mukilesh,Bhardwaj Sai Sudharsan,Subodh Bhati,0,0,0,no run,0,,,106/3
1379611,1,11,6,U Mukilesh,Bhardwaj Sai Sudharsan,Subodh Bhati,1,1,0,run,0,,,107/3
1379611,1,12,1,U Mukilesh,Bhardwaj Sai Sudharsan,Varun Chakravarthy Vinod,1,1,0,run,0,,,108/3
1379611,1,12,2,Bhardwaj Sai Sudharsan,U Mukilesh,Varun Chakravarthy Vinod,1,1,0,run,0,,,109/3
1379611,1,12,3,U Mukilesh,Bhardwaj Sai Sudharsan,Varun Chakravarthy Vinod,2,1,1,run,0,,,111/3
1379611,1,12,4,Bhardwaj Sai Sudharsan,U Mukilesh,Varun Chakravarthy Vinod,6,6,0,six,0,,,117/3
1379611,1,12,5,Bhardwaj Sai Sudharsan,U Mukilesh,Varun Chakravarthy Vinod,2,2,0,run,0,,,119/3
1379611,1,12,6,Bhardwaj Sai Sudharsan,U Mukilesh,Varun Chakravarthy Vinod,1,1,0,run,0,,,120/3
1379611,1,12,7,U Mukilesh,Bhardwaj Sai Sudharsan,Varun Chakravarthy Vinod,1,1,0,run,0,,,121/3
1379611,1,13,1,U Mukilesh,Bhardwaj Sai Sudharsan,Ravichandran Ashwin,1,1,0,run,0,,,122/3
1379611,1,13,2,Bhardwaj Sai Sudharsan,U Mukilesh,Ravichandran Ashwin,0,0,0,no run,0,,,122/3
1379611,1,13,3,Bhardwaj Sai Sudharsan,U Mukilesh,Ravichandran Ashwin,1,1,0,run,0,,,123/3
1379611,1,13,4,U Mukilesh,Bhardwaj Sai Sudharsan,Ravichandran Ashwin,1,1,0,run,0,,,124/3
1379611,1,13,5,Bhardwaj Sai Sudharsan,U Mukilesh,Ravichandran Ashwin,2,2,0,run,0,,,126/3
1379611,1,13,6,Bhardwaj Sai Sudharsan,U Mukilesh,Ravichandran Ashwin,2,2,0,run,0,,,128/3
1379611,1,14,1,U Mukilesh,Bhardwaj Sai Sudharsan,Subodh Bhati,1,1,0,run,0,,,129/3
1379611,1,14,2,Bhardwaj Sai Sudharsan,U Mukilesh,Subodh Bhati,1,1,0,run,0,,,130/3
1379611,1,14,3,U Mukilesh,Bhardwaj Sai Sudharsan,Subodh Bhati,1,1,0,run,0,,,131/3
1379611,1,14,4,Bhardwaj Sai Sudharsan,U Mukilesh,Subodh Bhati,4,4,0,four,0,,,135/3
1379611,1,14,5,Bhardwaj Sai Sudharsan,U Mukilesh,Subodh Bhati,1,1,0,run,0,,,136/3
1379611,1,14,6,U Mukilesh,Bhardwaj Sai Sudharsan,Subodh Bhati,1,1,0,run,0,,,137/3
1379611,1,15,1,U Mukilesh,Bhardwaj Sai Sudharsan,Varun Chakravarthy Vinod,0,0,0,no run,0,,,137/3
1379611,1,15,2,U Mukilesh,Bhardwaj Sai Sudharsan,Varun Chakravarthy Vinod,1,1,0,run,0,,,138/3
1379611,1,15,3,Bhardwaj Sai Sudharsan,U Mukilesh,Varun Chakravarthy Vinod,0,0,0,no run,0,,,138/3
1379611,1,15,4,Bhardwaj Sai Sudharsan,U Mukilesh,Varun Chakravarthy Vinod,6,6,0,six,0,,,144/3
1379611,1,15,5,Bhardwaj Sai Sudharsan,U Mukilesh,Varun Chakravarthy Vinod,1,1,0,run,0,,,145/3
1379611,1,15,6,U Mukilesh,Bhardwaj Sai Sudharsan,Varun Chakravarthy Vinod,4,4,0,four,0,,,149/3
1379611,1,16,1,Bhardwaj Sai Sudharsan,U Mukilesh,Ravichandran Ashwin,1,1,0,run,0,,,150/3
1379611,1,16,2,U Mukilesh,Bhardwaj Sai Sudharsan,Ravichandran Ashwin,1,1,0,run,0,,,151/3
1379611,1,16,3,Bhardwaj Sai Sudharsan,U Mukilesh,Ravichandran Ashwin,1,1,0,run,0,,,152/3
1379611,1,16,4,U Mukilesh,Bhardwaj Sai Sudharsan,Ravichandran Ashwin,0,0,0,out,1,caught,U Mukilesh,152/4
1379611,1,16,5,Masood Shahrukh Khan,Bhardwaj Sai Sudharsan,Ravichandran Ashwin,6,6,0,six,0,,,158/4
1379611,1,16,6,Masood Shahrukh Khan,Bhardwaj Sai Sudharsan,Ravichandran Ashwin,1,1,0,run,0,,,159/4
1379611,1,17,1,Masood Shahrukh Khan,Bhardwaj Sai Sudharsan,P Saravana Kumar,1,1,0,run,0,,,160/4
1379611,1,17,2,Bhardwaj Sai Sudharsan,Masood Shahrukh Khan,P Saravana Kumar,4,4,0,four,0,,,164/4
1379611,1,17,3,Bhardwaj Sai Sudharsan,Masood Shahrukh Khan,P Saravana Kumar,1,1,0,run,0,,,165/4
1379611,1,17,4,Masood Shahrukh Khan,Bhardwaj Sai Sudharsan,P Saravana Kumar,1,0,1,wide,0,,,166/4
1379611,1,17,5,Masood Shahrukh Khan,Bhardwaj Sai Sudharsan,P Saravana Kumar,6,6,0,six,0,,,172/4
1379611,1,17,6,Masood Shahrukh Khan,Bhardwaj Sai Sudharsan,P Saravana Kumar,0,0,0,no run,0,,,172/4
1379611,1,17,7,Masood Shahrukh Khan,Bhardwaj Sai Sudharsan,P Saravana Kumar,2,2,0,run,0,,,174/4
1379611,1,18,1,Bhardwaj Sai Sudharsan,Masood Shahrukh Khan,Subodh Bhati,4,4,0,four,0,,,178/4
1379611,1,18,2,Bhardwaj Sai Sudharsan,Masood Shahrukh Khan,Subodh Bhati,0,0,0,no run,0,,,178/4
1379611,1,18,3,Bhardwaj Sai Sudharsan,Masood Shahrukh Khan,Subodh Bhati,1,1,0,run,0,,,179/4
1379611,1,18,4,Masood Shahrukh Khan,Bhardwaj Sai Sudharsan,Subodh Bhati,0,0,0,no run,0,,,179/4
1379611,1,18,5,Masood Shahrukh Khan,Bhardwaj Sai Sudharsan,Subodh Bhati,0,0,0,no run,0,,,179/4
1379611,1,18,6,Masood Shahrukh Khan,Bhardwaj Sai Sudharsan,Subodh Bhati,1,0,1,wide,0,,,180/4
1379611,1,18,7,Masood Shahrukh Khan,Bhardwaj Sai Sudharsan,Subodh Bhati,0,0,0,no run,0,,,180/4
1379611,1,19,1,Bhardwaj Sai Sudharsan,Masood Shahrukh Khan,Varun Chakravarthy Vinod,4,4,0,four,0,,,184/4
1379611,1,19,2,Bhardwaj Sai Sudharsan,Masood Shahrukh Khan,Varun Chakravarthy Vinod,1,1,0,run,0,,,185/4
1379611,1,19,3,Bhardwaj Sai Sudharsan,Masood Shahrukh Khan,Varun Chakravarthy Vinod,1,1,0,run,0,,,186/4
1379611,1,19,4,Masood Shahrukh Khan,Bhardwaj Sai Sudharsan,Varun Chakravarthy Vinod,1,1,0,run,0,,,187/4
1379611,1,19,5,Bhardwaj Sai Sudharsan,Masood Shahrukh Khan,Varun Chakravarthy Vinod,6,6,0,six,0,,,193/4
1379611,1,19,6,Bhardwaj Sai Sudharsan,Masood Shahrukh Khan,Varun Chakravarthy Vinod,1,1,0,run,0,,,194/4
1379611,1,20,1,Bhardwaj Sai Sudharsan,Masood Shahrukh Khan,Subodh Bhati,0,0,0,no run,0,,,194/4
1379611,1,20,2,Bhardwaj Sai Sudharsan,Masood Shahrukh Khan,Subodh Bhati,1,1,0,run,0,,,195/4
1379611,1,20,3,Masood Shahrukh Khan,Bhardwaj Sai Sudharsan,Subodh Bhati,1,1,0,run,0,,,196/4
1379611,1,20,4,Bhardwaj Sai Sudharsan,Masood Shahrukh Khan,Subodh Bhati,4,4,0,four,0,,,200/4
1379611,1,20,5,Bhardwaj Sai Sudharsan,Masood Shahrukh Khan,Subodh Bhati,6,6,0,six,0,,,206/4
1379611,1,20,6,Bhardwaj Sai Sudharsan,Masood Shahrukh Khan,Subodh Bhati,0,0,0,out,1,caught,Bhardwaj Sai Sudharsan,206/5
1379611,2,1,1,Rahul,0,K Gowtham Thamarai Kannan,1,1,0,run,0,,,1/0
1379611,2,1,2,0,Rahul,K Gowtham Thamarai Kannan,0,0,0,no run,0,,,1/0
1379611,2,1,3,0,Rahul,K Gowtham Thamarai Kannan,0,0,0,no run,0,,,1/0
1379611,2,1,4,0,Rahul,K Gowtham Thamarai Kannan,0,0,0,no run,0,,,1/0
1379611,2,1,5,0,Rahul,K Gowtham Thamarai Kannan,0,0,0,no run,0,,,1/0
1379611,2,1,6,0,Rahul,K Gowtham Thamarai Kannan,2,2,0,run,0,,,3/0
1379611,2,2,1,Rahul,0,Manimaran Siddharth,0,0,0,no run,0,,,3/0
1379611,2,2,2,Rahul,0,Manimaran Siddharth,0,0,0,out,1,leg before wicket,Rahul,3/1
1379611,2,2,3,Baba Indrajith,0,Manimaran Siddharth,0,0,0,no run,0,,,3/1
1379611,2,2,4,Baba Indrajith,0,Manimaran Siddharth,0,0,0,no run,0,,,3/1
1379611,2,2,5,Baba Indrajith,0,Manimaran Siddharth,1,1,0,run,0,,,4/1
1379611,2,2,6,0,Baba Indrajith,Manimaran Siddharth,0,0,0,no run,0,,,4/1
1379611,2,3,1,Baba Indrajith,0,K Gowtham Thamarai Kannan,1,0,1,no ball,0,,,5/1
1379611,2,3,2,Baba Indrajith,0,K Gowtham Thamarai Kannan,1,0,1,wide,0,,,6/1
1379611,2,3,3,Baba Indrajith,0,K Gowtham Thamarai Kannan,1,0,1,wide,0,,,7/1
1379611,2,3,4,Baba Indrajith,0,K Gowtham Thamarai Kannan,0,0,0,no run,0,,,7/1
1379611,2,3,5,Baba Indrajith,0,K Gowtham Thamarai Kannan,0,0,0,out,1,caught,Baba Indrajith,7/2
1379611,2,3,6,Adithya Ganesh,0,K Gowtham Thamarai Kannan,0,0,0,no run,0,,,7/2
1379611,2,3,7,Adithya Ganesh,0,K Gowtham Thamarai Kannan,0,0,0,no run,0,,,7/2
1379611,2,3,8,Adithya Ganesh,0,K Gowtham Thamarai Kannan,0,0,0,no run,0,,,7/2
1379611,2,3,9,Adithya Ganesh,0,K Gowtham Thamarai Kannan,0,0,0,no run,0,,,7/2
1379611,2,4,1,0,Adithya Ganesh,Manimaran Siddharth,1,1,0,run,0,,,8/2
1379611,2,4,2,Adithya Ganesh,0,Manimaran Siddharth,0,0,0,out,1,caught,Adithya Ganesh,8/3
1379611,2,4,3,Boopathi Vaishna Kumar,0,Manimaran Siddharth,0,0,0,no run,0,,,8/3
1379611,2,4,4,Boopathi Vaishna Kumar,0,Manimaran Siddharth,0,0,0,no run,0,,,8/3
1379611,2,4,5,Boopathi Vaishna Kumar,0,Manimaran Siddharth,4,4,0,four,0,,,12/3
1379611,2,4,6,Boopathi Vaishna Kumar,0,Manimaran Siddharth,1,1,0,run,0,,,13/3
1379611,2,5,1,Boopathi Vaishna Kumar,0,K Gowtham Thamarai Kannan,0,0,0,no run,0,,,13/3
1379611,2,5,2,Boopathi Vaishna Kumar,0,K Gowtham Thamarai Kannan,6,6,0,six,0,,,19/3
1379611,2,5,3,Boopathi Vaishna Kumar,0,K Gowtham Thamarai Kannan,4,4,0,four,0,,,23/3
1379611,2,5,4,Boopathi Vaishna Kumar,0,K Gowtham Thamarai Kannan,2,2,0,run,0,,,25/3
1379611,2,5,5,Boopathi Vaishna Kumar,0,K Gowtham Thamarai Kannan,0,0,0,out,1,leg before wicket,Boopathi Vaishna Kumar,25/4
1379611,2,5,6,Ravichandran Ashwin,0,K Gowtham Thamarai Kannan,0,0,0,no run,0,,,25/4
1379611,2,6,1,0,Ravichandran Ashwin,Valliappan Yudheeswaran,0,0,0,no run,0,,,25/4
1379611,2,6,2,0,Ravichandran Ashwin,Valliappan Yudheeswaran,4,4,0,four,0,,,29/4
1379611,2,6,3,0,Ravichandran Ashwin,Valliappan Yudheeswaran,6,6,0,six,0,,,35/4
1379611,2,6,4,0,Ravichandran Ashwin,Valliappan Yudheeswaran,0,0,0,no run,0,,,35/4
1379611,2,6,5,0,Ravichandran Ashwin,Valliappan Yudheeswaran,6,6,0,six,0,,,41/4
1379611,2,6,6,0,Ravichandran Ashwin,Valliappan Yudheeswaran,0,0,0,no run,0,,,41/4
1379611,2,7,1,Ravichandran Ashwin,0,Jhathavedh Subramanyan,0,0,0,no run,0,,,41/4
1379611,2,7,2,Ravichandran Ashwin,0,Jhathavedh Subramanyan,0,0,0,no run,0,,,41/4
1379611,2,7,3,Ravichandran Ashwin,0,Jhathavedh Subramanyan,0,0,0,no run,0,,,41/4
1379611,2,7,4,Ravichandran Ashwin,0,Jhathavedh Subramanyan,1,1,0,run,0,,,42/4
1379611,2,7,5,0,Ravichandran Ashwin,Jhathavedh Subramanyan,0,0,0,no run,0,,,42/4
1379611,2,7,6,0,Ravichandran Ashwin,Jhathavedh Subramanyan,1,1,0,run,0,,,43/4
1379611,2,8,1,0,Ravichandran Ashwin,M Mohammed,0,0,0,no run,0,,,43/4
1379611,2,8,2,0,Ravichandran Ashwin,M Mohammed,1,1,0,run,0,,,44/4
1379611,2,8,3,Ravichandran Ashwin,0,M Mohammed,1,1,0,run,0,,,45/4
1379611,2,8,4,0,Ravichandran Ashwin,M Mohammed,1,1,0,run,0,,,46/4
1379611,2,8,5,Ravichandran Ashwin,0,M Mohammed,1,1,0,run,0,,,47/4
1379611,2,8,6,0,Ravichandran Ashwin,M Mohammed,0,0,0,no run,0,,,47/4
1379611,2,9,1,Ravichandran Ashwin,0,Jhathavedh Subramanyan,1,1,0,run,0,,,48/4
1379611,2,9,2,0,Ravichandran Ashwin,Jhathavedh Subramanyan,1,1,0,run,0,,,49/4
1379611,2,9,3,Ravichandran Ashwin,0,Jhathavedh Subramanyan,1,1,0,run,0,,,50/4
1379611,2,9,4,0,Ravichandran Ashwin,Jhathavedh Subramanyan,1,1,0,run,0,,,51/4
1379611,2,9,5,Ravichandran Ashwin,0,Jhathavedh Subramanyan,0,0,0,out,1,caught,Ravichandran Ashwin,51/5
1379611,2,9,6,C Sarath Kumar,0,Jhathavedh Subramanyan,0,0,0,no run,0,,,51/5
1379611,2,10,1,0,C Sarath Kumar,M Mohammed,1,1,0,run,0,,,52/5
1379611,2,10,2,C Sarath Kumar,0,M Mohammed,1,1,0,run,0,,,53/5
1379611,2,10,3,0,C Sarath Kumar,M Mohammed,2,2,0,run,0,,,55/5
1379611,2,10,4,0,C Sarath Kumar,M Mohammed,1,1,0,run,0,,,56/5
1379611,2,10,5,C Sarath Kumar,0,M Mohammed,1,1,0,run,0,,,57/5
1379611,2,10,6,0,C Sarath Kumar,M Mohammed,1,1,0,run,0,,,58/5
1379611,2,11,1,0,C Sarath Kumar,Manimaran Siddharth,1,1,0,run,0,,,59/5
1379611,2,11,2,C Sarath Kumar,0,Manimaran Siddharth,0,0,0,no run,0,,,59/5
1379611,2,11,3,C Sarath Kumar,0,Manimaran Siddharth,2,2,0,run,0,,,61/5
1379611,2,11,4,C Sarath Kumar,0,Manimaran Siddharth,0,0,0,no run,0,,,61/5
1379611,2,11,5,C Sarath Kumar,0,Manimaran Siddharth,4,4,0,four,0,,,65/5
1379611,2,11,6,C Sarath Kumar,0,Manimaran Siddharth,1,1,0,run,0,,,66/5
1379611,2,12,1,C Sarath Kumar,0,Jhathavedh Subramanyan,0,0,0,no run,0,,,66/5
1379611,2,12,2,C Sarath Kumar,0,Jhathavedh Subramanyan,0,0,0,no run,0,,,66/5
1379611,2,12,3,C Sarath Kumar,0,Jhathavedh Subramanyan,4,0,4,bye,0,,,70/5
1379611,2,12,4,C Sarath Kumar,0,Jhathavedh Subramanyan,0,0,0,no run,0,,,70/5
1379611,2,12,5,C Sarath Kumar,0,Jhathavedh Subramanyan,1,1,0,run,0,,,71/5
1379611,2,12,6,0,C Sarath Kumar,Jhathavedh Subramanyan,1,1,0,run,0,,,72/5
1379611,2,13,1,0,C Sarath Kumar,Manimaran Siddharth,0,0,0,no run,0,,,72/5
1379611,2,13,2,0,C Sarath Kumar,Manimaran Siddharth,1,1,0,run,0,,,73/5
1379611,2,13,3,C Sarath Kumar,0,Manimaran Siddharth,4,4,0,four,0,,,77/5
1379611,2,13,4,C Sarath Kumar,0,Manimaran Siddharth,4,4,0,four,0,,,81/5
1379611,2,13,5,C Sarath Kumar,0,Manimaran Siddharth,1,1,0,run,0,,,82/5
1379611,2,13,6,0,C Sarath Kumar,Manimaran Siddharth,1,1,0,run,0,,,83/5
1379611,2,14,1,0,C Sarath Kumar,Valliappan Yudheeswaran,0,0,0,no run,0,,,83/5
1379611,2,14,2,0,C Sarath Kumar,Valliappan Yudheeswaran,1,1,0,run,0,,,84/5
1379611,2,14,3,C Sarath Kumar,0,Valliappan Yudheeswaran,6,6,0,six,0,,,90/5
1379611,2,14,4,C Sarath Kumar,0,Valliappan Yudheeswaran,1,1,0,run,0,,,91/5
1379611,2,14,5,0,C Sarath Kumar,Valliappan Yudheeswaran,0,0,0,no run,0,,,91/5
1379611,2,14,6,0,C Sarath Kumar,Valliappan Yudheeswaran,6,6,0,six,0,,,97/5
1379611,2,15,1,C Sarath Kumar,0,Jhathavedh Subramanyan,1,1,0,run,0,,,98/5
1379611,2,15,2,0,C Sarath Kumar,Jhathavedh Subramanyan,6,6,0,six,0,,,104/5
1379611,2,15,3,0,C Sarath Kumar,Jhathavedh Subramanyan,2,2,0,run,0,,,106/5
1379611,2,15,4,0,C Sarath Kumar,Jhathavedh Subramanyan,2,2,0,run,0,,,108/5
1379611,2,15,5,0,C Sarath Kumar,Jhathavedh Subramanyan,4,4,0,four,0,,,112/5
1379611,2,15,6,0,C Sarath Kumar,Jhathavedh Subramanyan,6,6,0,six,0,,,118/5
1379611,2,16,1,C Sarath Kumar,0,M Mohammed,1,1,0,run,0,,,119/5
1379611,2,16,2,0,C Sarath Kumar,M Mohammed,1,1,0,run,0,,,120/5
1379611,2,16,3,C Sarath Kumar,0,M Mohammed,6,6,0,six,0,,,126/5
1379611,2,16,4,C Sarath Kumar,0,M Mohammed,0,0,0,no run,0,,,126/5
1379611,2,16,5,C Sarath Kumar,0,M Mohammed,1,1,0,run,0,,,127/5
1379611,2,16,6,0,C Sarath Kumar,M Mohammed,0,0,0,no run,0,,,127/5
1379611,2,17,1,C Sarath Kumar,0,Masood Shahrukh Khan,1,1,0,run,0,,,128/5
1379611,2,17,2,0,C Sarath Kumar,Masood Shahrukh Khan,0,0,0,out,1,,,128/6
1379611,2,17,3,Subodh Bhati,C Sarath Kumar,Masood Shahrukh Khan,4,4,0,four,0,,,132/6
1379611,2,17,4,Subodh Bhati,C Sarath Kumar,Masood Shahrukh Khan,0,0,0,no run,0,,,132/6
1379611,2,17,5,Subodh Bhati,C Sarath Kumar,Masood Shahrukh Khan,1,1,0,run,0,,,133/6
1379611,2,17,6,C Sarath Kumar,Subodh Bhati,Masood Shahrukh Khan,0,0,0,out,1,caught,C Sarath Kumar,133/7
1379611,2,18,1,Subodh Bhati,P Saravana Kumar,M Mohammed,1,1,0,run,0,,,134/7
1379611,2,18,2,P Saravana Kumar,Subodh Bhati,M Mohammed,1,1,0,run,0,,,135/7
1379611,2,18,3,Subodh Bhati,P Saravana Kumar,M Mohammed,2,2,0,run,0,,,137/7
1379611,2,18,4,Subodh Bhati,P Saravana Kumar,M Mohammed,0,0,0,out,1,caught,Subodh Bhati,137/8
1379611,2,18,5,M Mathivannan,P Saravana Kumar,M Mohammed,0,0,0,no run,0,,,137/8
1379611,2,18,6,M Mathivannan,P Saravana Kumar,M Mohammed,0,0,0,no run,0,,,137/8
1379611,2,19,1,P Saravana Kumar,M Mathivannan,Masood Shahrukh Khan,0,0,0,no run,0,,,137/8
1379611,2,19,2,P Saravana Kumar,M Mathivannan,Masood Shahrukh Khan,1,1,0,run,0,,,138/8
1379611,2,19,3,M Mathivannan,P Saravana Kumar,Masood Shahrukh Khan,2,2,0,run,0,,,140/8
1379611,2,19,4,M Mathivannan,P Saravana Kumar,Masood Shahrukh Khan,1,1,0,run,0,,,141/8
1379611,2,19,5,P Saravana Kumar,M Mathivannan,Masood Shahrukh Khan,6,6,0,six,0,,,147/8
1379611,2,19,6,P Saravana Kumar,M Mathivannan,Masood Shahrukh Khan,0,0,0,out,1,run out,M Mathivannan,147/9
1379611,2,20,1,P Saravana Kumar,VP Diran,K Gowtham Thamarai Kannan,0,0,0,out,1,caught,P Saravana Kumar,147/10
1379612,1,1,1,Sundararaman Radhakrishnan,Tushar Raheja,Thangarasu Natarajan,0,0,0,no run,0,,,0/0
1379612,1,1,2,Sundararaman Radhakrishnan,Tushar Raheja,Thangarasu Natarajan,5,0,5,wide,0,,,5/0
1379612,1,1,3,Sundararaman Radhakrishnan,Tushar Raheja,Thangarasu Natarajan,1,1,0,run,0,,,6/0
1379612,1,1,4,Tushar Raheja,Sundararaman Radhakrishnan,Thangarasu Natarajan,4,4,0,four,0,,,10/0
1379612,1,1,5,Tushar Raheja,Sundararaman Radhakrishnan,Thangarasu Natarajan,0,0,0,no run,0,,,10/0
1379612,1,1,6,Tushar Raheja,Sundararaman Radhakrishnan,Thangarasu Natarajan,0,0,0,no run,0,,,10/0
1379612,1,1,7,Tushar Raheja,Sundararaman Radhakrishnan,Thangarasu Natarajan,0,0,0,no run,0,,,10/0
1379612,1,2,1,Sundararaman Radhakrishnan,Tushar Raheja,Ragupathy Silambarasan,1,0,1,wide,0,,,11/0
1379612,1,2,2,Sundararaman Radhakrishnan,Tushar Raheja,Ragupathy Silambarasan,0,0,0,no run,0,,,11/0
1379612,1,2,3,Sundararaman Radhakrishnan,Tushar Raheja,Ragupathy Silambarasan,0,0,0,no run,0,,,11/0
1379612,1,2,4,Sundararaman Radhakrishnan,Tushar Raheja,Ragupathy Silambarasan,1,1,0,run,0,,,12/0
1379612,1,2,5,Tushar Raheja,Sundararaman Radhakrishnan,Ragupathy Silambarasan,1,0,1,leg bye,0,,,13/0
1379612,1,2,6,Sundararaman Radhakrishnan,Tushar Raheja,Ragupathy Silambarasan,0,0,0,no run,0,,,13/0
1379612,1,2,7,Sundararaman Radhakrishnan,Tushar Raheja,Ragupathy Silambarasan,0,0,0,no run,0,,,13/0
1379612,1,3,1,Tushar Raheja,Sundararaman Radhakrishnan,Thangarasu Natarajan,4,4,0,four,0,,,17/0
1379612,1,3,2,Tushar Raheja,Sundararaman Radhakrishnan,Thangarasu Natarajan,0,0,0,out,1,caught,Tushar Raheja,17/1
1379612,1,3,3,Ravisrinivasan Sai Kishore,Sundararaman Radhakrishnan,Thangarasu Natarajan,1,1,0,run,0,,,18/1
1379612,1,3,4,Sundararaman Radhakrishnan,Ravisrinivasan Sai Kishore,Thangarasu Natarajan,1,0,1,leg bye,0,,,19/1
1379612,1,3,5,Ravisrinivasan Sai Kishore,Sundararaman Radhakrishnan,Thangarasu Natarajan,2,0,2,wide,0,,,21/1
1379612,1,3,6,Sundararaman Radhakrishnan,Ravisrinivasan Sai Kishore,Thangarasu Natarajan,0,0,0,no run,0,,,21/1
1379612,1,3,7,Sundararaman Radhakrishnan,Ravisrinivasan Sai Kishore,Thangarasu Natarajan,1,0,1,bye,0,,,22/1
1379612,1,4,1,Sundararaman Radhakrishnan,Ravisrinivasan Sai Kishore,Ragupathy Silambarasan,1,1,0,run,0,,,23/1
1379612,1,4,2,Ravisrinivasan Sai Kishore,Sundararaman Radhakrishnan,Ragupathy Silambarasan,1,1,0,run,0,,,24/1
1379612,1,4,3,Sundararaman Radhakrishnan,Ravisrinivasan Sai Kishore,Ragupathy Silambarasan,2,2,0,run,0,,,26/1
1379612,1,4,4,Sundararaman Radhakrishnan,Ravisrinivasan Sai Kishore,Ragupathy Silambarasan,1,1,0,run,0,,,27/1
1379612,1,4,5,Ravisrinivasan Sai Kishore,Sundararaman Radhakrishnan,Ragupathy Silambarasan,0,0,0,no run,0,,,27/1
1379612,1,4,6,Ravisrinivasan Sai Kishore,Sundararaman Radhakrishnan,Ragupathy Silambarasan,4,4,0,four,0,,,31/1
1379612,1,5,1,Sundararaman Radhakrishnan,Ravisrinivasan Sai Kishore,Ramadoss Alexander,0,0,0,no run,0,,,31/1
1379612,1,5,2,Sundararaman Radhakrishnan,Ravisrinivasan Sai Kishore,Ramadoss Alexander,1,1,0,run,0,,,32/1
1379612,1,5,3,Ravisrinivasan Sai Kishore,Sundararaman Radhakrishnan,Ramadoss Alexander,4,4,0,four,0,,,36/1
1379612,1,5,4,Ravisrinivasan Sai Kishore,Sundararaman Radhakrishnan,Ramadoss Alexander,6,6,0,six,0,,,42/1
1379612,1,5,5,Ravisrinivasan Sai Kishore,Sundararaman Radhakrishnan,Ramadoss Alexander,0,0,0,no run,0,,,42/1
1379612,1,5,6,Ravisrinivasan Sai Kishore,Sundararaman Radhakrishnan,Ramadoss Alexander,4,4,0,four,0,,,46/1
1379612,1,6,1,Sundararaman Radhakrishnan,Ravisrinivasan Sai Kishore,Wenseslaus Antony Dhas,0,0,0,no run,0,,,46/1
1379612,1,6,2,Sundararaman Radhakrishnan,Ravisrinivasan Sai Kishore,Wenseslaus Antony Dhas,0,0,0,no run,0,,,46/1
1379612,1,6,3,Sundararaman Radhakrishnan,Ravisrinivasan Sai Kishore,Wenseslaus Antony Dhas,0,0,0,no run,0,,,46/1
1379612,1,6,4,Sundararaman Radhakrishnan,Ravisrinivasan Sai Kishore,Wenseslaus Antony Dhas,1,1,0,run,0,,,47/1
1379612,1,6,5,Ravisrinivasan Sai Kishore,Sundararaman Radhakrishnan,Wenseslaus Antony Dhas,0,0,0,no run,0,,,47/1
1379612,1,6,6,Ravisrinivasan Sai Kishore,Sundararaman Radhakrishnan,Wenseslaus Antony Dhas,4,4,0,four,0,,,51/1
1379612,1,7,1,Sundararaman Radhakrishnan,Ravisrinivasan Sai Kishore,Daryl Sunder Ferrario,1,1,0,run,0,,,52/1
1379612,1,7,2,Ravisrinivasan Sai Kishore,Sundararaman Radhakrishnan,Daryl Sunder Ferrario,1,1,0,run,0,,,53/1
1379612,1,7,3,Sundararaman Radhakrishnan,Ravisrinivasan Sai Kishore,Daryl Sunder Ferrario,0,0,0,no run,0,,,53/1
1379612,1,7,4,Sundararaman Radhakrishnan,Ravisrinivasan Sai Kishore,Daryl Sunder Ferrario,0,0,0,no run,0,,,53/1
1379612,1,7,5,Sundararaman Radhakrishnan,Ravisrinivasan Sai Kishore,Daryl Sunder Ferrario,1,1,0,run,0,,,54/1
1379612,1,7,6,Ravisrinivasan Sai Kishore,Sundararaman Radhakrishnan,Daryl Sunder Ferrario,0,0,0,no run,0,,,54/1
1379612,1,8,1,Sundararaman Radhakrishnan,Ravisrinivasan Sai Kishore,Wenseslaus Antony Dhas,1,1,0,run,0,,,55/1
1379612,1,8,2,Ravisrinivasan Sai Kishore,Sundararaman Radhakrishnan,Wenseslaus Antony Dhas,1,1,0,run,0,,,56/1
1379612,1,8,3,Sundararaman Radhakrishnan,Ravisrinivasan Sai Kishore,Wenseslaus Antony Dhas,0,0,0,no run,0,,,56/1
1379612,1,8,4,Sundararaman Radhakrishnan,Ravisrinivasan Sai Kishore,Wenseslaus Antony Dhas,1,1,0,run,0,,,57/1
1379612,1,8,5,Ravisrinivasan Sai Kishore,Sundararaman Radhakrishnan,Wenseslaus Antony Dhas,1,1,0,run,0,,,58/1
1379612,1,8,6,Sundararaman Radhakrishnan,Ravisrinivasan Sai Kishore,Wenseslaus Antony Dhas,2,2,0,run,0,,,60/1
1379612,1,9,1,Ravisrinivasan Sai Kishore,Sundararaman Radhakrishnan,Daryl Sunder Ferrario,1,1,0,run,0,,,61/1
1379612,1,9,2,Sundararaman Radhakrishnan,Ravisrinivasan Sai Kishore,Daryl Sunder Ferrario,6,6,0,six,0,,,67/1
1379612,1,9,3,Sundararaman Radhakrishnan,Ravisrinivasan Sai Kishore,Daryl Sunder Ferrario,2,2,0,run,0,,,69/1
1379612,1,9,4,Sundararaman Radhakrishnan,Ravisrinivasan Sai Kishore,Daryl Sunder Ferrario,4,4,0,four,0,,,73/1
1379612,1,9,5,Sundararaman Radhakrishnan,Ravisrinivasan Sai Kishore,Daryl Sunder Ferrario,1,1,0,run,0,,,74/1
1379612,1,9,6,Ravisrinivasan Sai Kishore,Sundararaman Radhakrishnan,Daryl Sunder Ferrario,6,6,0,six,0,,,80/1
1379612,1,10,1,Sundararaman Radhakrishnan,Ravisrinivasan Sai Kishore,Karaparambil Satish Monish,0,0,0,no run,0,,,80/1
1379612,1,10,2,Sundararaman Radhakrishnan,Ravisrinivasan Sai Kishore,Karaparambil Satish Monish,4,4,0,four,0,,,84/1
1379612,1,10,3,Sundararaman Radhakrishnan,Ravisrinivasan Sai Kishore,Karaparambil Satish Monish,1,1,0,run,0,,,85/1
1379612,1,10,4,Ravisrinivasan Sai Kishore,Sundararaman Radhakrishnan,Karaparambil Satish Monish,1,1,0,run,0,,,86/1
1379612,1,10,5,Sundararaman Radhakrishnan,Ravisrinivasan Sai Kishore,Karaparambil Satish Monish,1,1,0,run,0,,,87/1
1379612,1,10,6,Ravisrinivasan Sai Kishore,Sundararaman Radhakrishnan,Karaparambil Satish Monish,1,1,0,run,0,,,88/1
1379612,1,11,1,Ravisrinivasan Sai Kishore,Sundararaman Radhakrishnan,Ramadoss Alexander,0,0,0,no run,0,,,88/1
1379612,1,11,2,Ravisrinivasan Sai Kishore,Sundararaman Radhakrishnan,Ramadoss Alexander,1,1,0,run,0,,,89/1
1379612,1,11,3,Sundararaman Radhakrishnan,Ravisrinivasan Sai Kishore,Ramadoss Alexander,6,6,0,six,0,,,95/1
1379612,1,11,4,Sundararaman Radhakrishnan,Ravisrinivasan Sai Kishore,Ramadoss Alexander,4,4,0,four,0,,,99/1
1379612,1,11,5,Sundararaman Radhakrishnan,Ravisrinivasan Sai Kishore,Ramadoss Alexander,0,0,0,no run,0,,,99/1
1379612,1,11,6,Sundararaman Radhakrishnan,Ravisrinivasan Sai Kishore,Ramadoss Alexander,0,0,0,no run,0,,,99/1
1379612,1,12,1,Ravisrinivasan Sai Kishore,Sundararaman Radhakrishnan,Karaparambil Satish Monish,6,6,0,six,0,,,105/1
1379612,1,12,2,Ravisrinivasan Sai Kishore,Sundararaman Radhakrishnan,Karaparambil Satish Monish,6,6,0,six,0,,,111/1
1379612,1,12,3,Ravisrinivasan Sai Kishore,Sundararaman Radhakrishnan,Karaparambil Satish Monish,1,1,0,run,0,,,112/1
1379612,1,12,4,Sundararaman Radhakrishnan,Ravisrinivasan Sai Kishore,Karaparambil Satish Monish,1,1,0,run,0,,,113/1
1379612,1,12,5,Ravisrinivasan Sai Kishore,Sundararaman Radhakrishnan,Karaparambil Satish Monish,0,0,0,out,1,caught,Ravisrinivasan Sai Kishore,113/2
1379612,1,12,6,Vijay Shankar,Sundararaman Radhakrishnan,Karaparambil Satish Monish,1,1,0,run,0,,,114/2
1379612,1,13,1,Vijay Shankar,Sundararaman Radhakrishnan,Wenseslaus Antony Dhas,1,1,0,run,0,,,115/2
1379612,1,13,2,Sundararaman Radhakrishnan,Vijay Shankar,Wenseslaus Antony Dhas,1,1,0,run,0,,,116/2
1379612,1,13,3,Vijay Shankar,Sundararaman Radhakrishnan,Wenseslaus Antony Dhas,1,1,0,run,0,,,117/2
1379612,1,13,4,Sundararaman Radhakrishnan,Vijay Shankar,Wenseslaus Antony Dhas,0,0,0,out,1,caught,Sundararaman Radhakrishnan,117/3
1379612,1,13,5,Balchander Anirudh,Vijay Shankar,Wenseslaus Antony Dhas,0,0,0,no run,0,,,117/3
1379612,1,13,6,Balchander Anirudh,Vijay Shankar,Wenseslaus Antony Dhas,1,1,0,run,0,,,118/3
1379612,1,14,1,Balchander Anirudh,Vijay Shankar,R Rajkumar,0,0,0,no run,0,,,118/3
1379612,1,14,2,Balchander Anirudh,Vijay Shankar,R Rajkumar,1,1,0,run,0,,,119/3
1379612,1,14,3,Vijay Shankar,Balchander Anirudh,R Rajkumar,1,1,0,run,0,,,120/3
1379612,1,14,4,Balchander Anirudh,Vijay Shankar,R Rajkumar,1,0,1,wide,0,,,121/3
1379612,1,14,5,Balchander Anirudh,Vijay Shankar,R Rajkumar,4,4,0,four,0,,,125/3
1379612,1,14,6,Balchander Anirudh,Vijay Shankar,R Rajkumar,4,4,0,four,0,,,129/3
1379612,1,14,7,Balchander Anirudh,Vijay Shankar,R Rajkumar,1,1,0,run,0,,,130/3
1379612,1,15,1,Balchander Anirudh,Vijay Shankar,Wenseslaus Antony Dhas,2,2,0,run,0,,,132/3
1379612,1,15,2,Balchander Anirudh,Vijay Shankar,Wenseslaus Antony Dhas,1,1,0,run,0,,,133/3
1379612,1,15,3,Vijay Shankar,Balchander Anirudh,Wenseslaus Antony Dhas,6,6,0,six,0,,,139/3
1379612,1,15,4,Vijay Shankar,Balchander Anirudh,Wenseslaus Antony Dhas,6,6,0,six,0,,,145/3
1379612,1,15,5,Vijay Shankar,Balchander Anirudh,Wenseslaus Antony Dhas,1,1,0,run,0,,,146/3
1379612,1,15,6,Balchander Anirudh,Vijay Shankar,Wenseslaus Antony Dhas,4,4,0,four,0,,,150/3
1379612,1,16,1,Vijay Shankar,Balchander Anirudh,Karaparambil Satish Monish,1,1,0,run,0,,,151/3
1379612,1,16,2,Balchander Anirudh,Vijay Shankar,Karaparambil Satish Monish,4,4,0,four,0,,,155/3
1379612,1,16,3,Balchander Anirudh,Vijay Shankar,Karaparambil Satish Monish,4,4,0,four,0,,,159/3
1379612,1,16,4,Balchander Anirudh,Vijay Shankar,Karaparambil Satish Monish,1,1,0,run,0,,,160/3
1379612,1,16,5,Vijay Shankar,Balchander Anirudh,Karaparambil Satish Monish,1,1,0,run,0,,,161/3
1379612,1,16,6,Balchander Anirudh,Vijay Shankar,Karaparambil Satish Monish,0,0,0,no run,0,,,161/3
1379612,1,17,1,Vijay Shankar,Balchander Anirudh,Ragupathy Silambarasan,0,0,0,no run,0,,,161/3
1379612,1,17,2,Vijay Shankar,Balchander Anirudh,Ragupathy Silambarasan,1,1,0,run,0,,,162/3
1379612,1,17,3,Balchander Anirudh,Vijay Shankar,Ragupathy Silambarasan,1,1,0,run,0,,,163/3
1379612,1,17,4,Vijay Shankar,Balchander Anirudh,Ragupathy Silambarasan,1,1,0,run,0,,,164/3
1379612,1,17,5,Balchander Anirudh,Vijay Shankar,Ragupathy Silambarasan,1,1,0,run,0,,,165/3
1379612,1,17,6,Vijay Shankar,Balchander Anirudh,Ragupathy Silambarasan,4,4,0,four,0,,,169/3
1379612,1,18,1,Balchander Anirudh,Vijay Shankar,Thangarasu Natarajan,2,2,0,run,0,,,171/3
1379612,1,18,2,Balchander Anirudh,Vijay Shankar,Thangarasu Natarajan,2,0,2,leg bye,0,,,173/3
1379612,1,18,3,Balchander Anirudh,Vijay Shankar,Thangarasu Natarajan,1,1,0,run,0,,,174/3
1379612,1,18,4,Vijay Shankar,Balchander Anirudh,Thangarasu Natarajan,1,1,0,run,0,,,175/3
1379612,1,18,5,Balchander Anirudh,Vijay Shankar,Thangarasu Natarajan,4,4,0,four,0,,,179/3
1379612,1,18,6,Balchander Anirudh,Vijay Shankar,Thangarasu Natarajan,6,6,0,six,0,,,185/3
1379612,1,19,1,Vijay Shankar,Balchander Anirudh,Ragupathy Silambarasan,1,0,1,wide,0,,,186/3
1379612,1,19,2,Vijay Shankar,Balchander Anirudh,Ragupathy Silambarasan,1,1,0,run,0,,,187/3
1379612,1,19,3,Balchander Anirudh,Vijay Shankar,Ragupathy Silambarasan,4,4,0,four,0,,,191/3
1379612,1,19,4,Balchander Anirudh,Vijay Shankar,Ragupathy Silambarasan,4,4,0,four,0,,,195/3
1379612,1,19,5,Balchander Anirudh,Vijay Shankar,Ragupathy Silambarasan,1,1,0,run,0,,,196/3
1379612,1,19,6,Vijay Shankar,Balchander Anirudh,Ragupathy Silambarasan,1,1,0,run,0,,,197/3
1379612,1,19,7,Balchander Anirudh,Vijay Shankar,Ragupathy Silambarasan,0,0,0,out,1,bowled,Balchander Anirudh,197/4
1379612,1,20,1,Vijay Shankar,Rajendran Vivek,Thangarasu Natarajan,1,1,0,run,0,,,198/4
1379612,1,20,2,Rajendran Vivek,Vijay Shankar,Thangarasu Natarajan,0,0,0,no run,0,,,198/4
1379612,1,20,3,Rajendran Vivek,Vijay Shankar,Thangarasu Natarajan,0,0,0,no run,0,,,198/4
1379612,1,20,4,Rajendran Vivek,Vijay Shankar,Thangarasu Natarajan,0,0,0,no run,0,,,198/4
1379612,1,20,5,Rajendran Vivek,Vijay Shankar,Thangarasu Natarajan,1,0,1,bye,0,,,199/4
1379612,1,20,6,Vijay Shankar,Rajendran Vivek,Thangarasu Natarajan,2,2,0,run,0,,,201/4
1379612,2,1,1,Ganga Sridhar Raju,K Rajkumar,Vijay Shankar,0,0,0,no run,0,,,0/0
1379612,2,1,2,Ganga Sridhar Raju,K Rajkumar,Vijay Shankar,0,0,0,no run,0,,,0/0
1379612,2,1,3,Ganga Sridhar Raju,K Rajkumar,Vijay Shankar,2,2,0,run,0,,,2/0
1379612,2,1,4,Ganga Sridhar Raju,K Rajkumar,Vijay Shankar,4,4,0,four,0,,,6/0
1379612,2,1,5,Ganga Sridhar Raju,K Rajkumar,Vijay Shankar,4,4,0,four,0,,,10/0
1379612,2,1,6,Ganga Sridhar Raju,K Rajkumar,Vijay Shankar,6,6,0,six,0,,,16/0
1379612,2,2,1,K Rajkumar,Ganga Sridhar Raju,P Bhuvaneswaran,1,1,0,run,0,,,17/0
1379612,2,2,2,Ganga Sridhar Raju,K Rajkumar,P Bhuvaneswaran,4,4,0,four,0,,,21/0
1379612,2,2,3,Ganga Sridhar Raju,K Rajkumar,P Bhuvaneswaran,0,0,0,out,1,caught,Ganga Sridhar Raju,21/1
1379612,2,2,4,Karaparambil Satish Monish,K Rajkumar,P Bhuvaneswaran,0,0,0,out,1,bowled,Karaparambil Satish Monish,21/2
1379612,2,2,5,Daryl Sunder Ferrario,K Rajkumar,P Bhuvaneswaran,4,4,0,four,0,,,25/2
1379612,2,2,6,Daryl Sunder Ferrario,K Rajkumar,P Bhuvaneswaran,1,0,1,wide,0,,,26/2
1379612,2,2,7,Daryl Sunder Ferrario,K Rajkumar,P Bhuvaneswaran,0,0,0,no run,0,,,26/2
1379612,2,3,1,K Rajkumar,Daryl Sunder Ferrario,Ganeshan Periyaswamy,0,0,0,no run,0,,,26/2
1379612,2,3,2,K Rajkumar,Daryl Sunder Ferrario,Ganeshan Periyaswamy,0,0,0,no run,0,,,26/2
1379612,2,3,3,K Rajkumar,Daryl Sunder Ferrario,Ganeshan Periyaswamy,1,0,1,wide,0,,,27/2
1379612,2,3,4,K Rajkumar,Daryl Sunder Ferrario,Ganeshan Periyaswamy,4,4,0,four,0,,,31/2
1379612,2,3,5,K Rajkumar,Daryl Sunder Ferrario,Ganeshan Periyaswamy,0,0,0,no run,0,,,31/2
1379612,2,3,6,K Rajkumar,Daryl Sunder Ferrario,Ganeshan Periyaswamy,1,1,0,run,0,,,32/2
1379612,2,3,7,Daryl Sunder Ferrario,K Rajkumar,Ganeshan Periyaswamy,0,0,0,no run,0,,,32/2
1379612,2,4,1,K Rajkumar,Daryl Sunder Ferrario,P Bhuvaneswaran,4,4,0,four,0,,,36/2
1379612,2,4,2,K Rajkumar,Daryl Sunder Ferrario,P Bhuvaneswaran,0,0,0,no run,0,,,36/2
1379612,2,4,3,K Rajkumar,Daryl Sunder Ferrario,P Bhuvaneswaran,0,0,0,no run,0,,,36/2
1379612,2,4,4,K Rajkumar,Daryl Sunder Ferrario,P Bhuvaneswaran,4,4,0,four,0,,,40/2
1379612,2,4,5,K Rajkumar,Daryl Sunder Ferrario,P Bhuvaneswaran,1,0,1,leg bye,0,,,41/2
1379612,2,4,6,Daryl Sunder Ferrario,K Rajkumar,P Bhuvaneswaran,1,1,0,run,0,,,42/2
1379612,2,5,1,Daryl Sunder Ferrario,K Rajkumar,Ravisrinivasan Sai Kishore,0,0,0,no run,0,,,42/2
1379612,2,5,2,Daryl Sunder Ferrario,K Rajkumar,Ravisrinivasan Sai Kishore,1,1,0,run,0,,,43/2
1379612,2,5,3,K Rajkumar,Daryl Sunder Ferrario,Ravisrinivasan Sai Kishore,4,4,0,four,0,,,47/2
1379612,2,5,4,K Rajkumar,Daryl Sunder Ferrario,Ravisrinivasan Sai Kishore,0,0,0,no run,0,,,47/2
1379612,2,5,5,K Rajkumar,Daryl Sunder Ferrario,Ravisrinivasan Sai Kishore,1,1,0,run,0,,,48/2
1379612,2,5,6,Daryl Sunder Ferrario,K Rajkumar,Ravisrinivasan Sai Kishore,1,1,0,run,0,,,49/2
1379612,2,6,1,Daryl Sunder Ferrario,K Rajkumar,Ganeshan Periyaswamy,4,4,0,four,0,,,53/2
1379612,2,6,2,Daryl Sunder Ferrario,K Rajkumar,Ganeshan Periyaswamy,4,4,0,four,0,,,57/2
1379612,2,6,3,Daryl Sunder Ferrario,K Rajkumar,Ganeshan Periyaswamy,1,1,0,run,0,,,58/2
1379612,2,6,4,K Rajkumar,Daryl Sunder Ferrario,Ganeshan Periyaswamy,0,0,0,no run,0,,,58/2
1379612,2,6,5,K Rajkumar,Daryl Sunder Ferrario,Ganeshan Periyaswamy,0,0,0,no run,0,,,58/2
1379612,2,6,6,K Rajkumar,Daryl Sunder Ferrario,Ganeshan Periyaswamy,1,1,0,run,0,,,59/2
1379612,2,7,1,K Rajkumar,Daryl Sunder Ferrario,Alliraj Karuppusamy,1,1,0,run,0,,,60/2
1379612,2,7,2,Daryl Sunder Ferrario,K Rajkumar,Alliraj Karuppusamy,1,1,0,run,0,,,61/2
1379612,2,7,3,K Rajkumar,Daryl Sunder Ferrario,Alliraj Karuppusamy,1,1,0,run,0,,,62/2
1379612,2,7,4,Daryl Sunder Ferrario,K Rajkumar,Alliraj Karuppusamy,0,0,0,no run,0,,,62/2
1379612,2,7,5,Daryl Sunder Ferrario,K Rajkumar,Alliraj Karuppusamy,0,0,0,no run,0,,,62/2
1379612,2,7,6,Daryl Sunder Ferrario,K Rajkumar,Alliraj Karuppusamy,1,1,0,run,0,,,63/2
1379612,2,8,1,Daryl Sunder Ferrario,K Rajkumar, Sriram Ajith Ram,1,1,0,run,0,,,64/2
1379612,2,8,2,K Rajkumar,Daryl Sunder Ferrario, Sriram Ajith Ram,0,0,0,no run,0,,,64/2
1379612,2,8,3,K Rajkumar,Daryl Sunder Ferrario, Sriram Ajith Ram,0,0,0,out,1,caught,K Rajkumar,64/3
1379612,2,8,4,R Rajkumar,Daryl Sunder Ferrario, Sriram Ajith Ram,0,0,0,no run,0,,,64/3
1379612,2,8,5,R Rajkumar,Daryl Sunder Ferrario, Sriram Ajith Ram,0,0,0,no run,0,,,64/3
1379612,2,8,6,R Rajkumar,Daryl Sunder Ferrario, Sriram Ajith Ram,0,0,0,no run,0,,,64/3
1379612,2,9,1,Daryl Sunder Ferrario,R Rajkumar,Alliraj Karuppusamy,4,4,0,four,0,,,68/3
1379612,2,9,2,Daryl Sunder Ferrario,R Rajkumar,Alliraj Karuppusamy,1,1,0,run,0,,,69/3
1379612,2,9,3,R Rajkumar,Daryl Sunder Ferrario,Alliraj Karuppusamy,1,1,0,run,0,,,70/3
1379612,2,9,4,Daryl Sunder Ferrario,R Rajkumar,Alliraj Karuppusamy,0,0,0,out,1,run out,R Rajkumar,70/4
1379612,2,9,5,Wenseslaus Antony Dhas,Daryl Sunder Ferrario,Alliraj Karuppusamy,1,1,0,run,0,,,71/4
1379612,2,9,6,Daryl Sunder Ferrario,Wenseslaus Antony Dhas,Alliraj Karuppusamy,0,0,0,no run,0,,,71/4
1379612,2,10,1,Wenseslaus Antony Dhas,Daryl Sunder Ferrario, Sriram Ajith Ram,1,1,0,run,0,,,72/4
1379612,2,10,2,Daryl Sunder Ferrario,Wenseslaus Antony Dhas, Sriram Ajith Ram,0,0,0,no run,0,,,72/4
1379612,2,10,3,Daryl Sunder Ferrario,Wenseslaus Antony Dhas, Sriram Ajith Ram,0,0,0,no run,0,,,72/4
1379612,2,10,4,Daryl Sunder Ferrario,Wenseslaus Antony Dhas, Sriram Ajith Ram,0,0,0,no run,0,,,72/4
1379612,2,10,5,Daryl Sunder Ferrario,Wenseslaus Antony Dhas, Sriram Ajith Ram,0,0,0,no run,0,,,72/4
1379612,2,10,6,Daryl Sunder Ferrario,Wenseslaus Antony Dhas, Sriram Ajith Ram,0,0,0,no run,0,,,72/4
1379612,2,11,1,Wenseslaus Antony Dhas,Daryl Sunder Ferrario,Ravisrinivasan Sai Kishore,0,0,0,no run,0,,,72/4
1379612,2,11,2,Wenseslaus Antony Dhas,Daryl Sunder Ferrario,Ravisrinivasan Sai Kishore,0,0,0,no run,0,,,72/4
1379612,2,11,3,Wenseslaus Antony Dhas,Daryl Sunder Ferrario,Ravisrinivasan Sai Kishore,0,0,0,no run,0,,,72/4
1379612,2,11,4,Wenseslaus Antony Dhas,Daryl Sunder Ferrario,Ravisrinivasan Sai Kishore,0,0,0,no run,0,,,72/4
1379612,2,11,5,Wenseslaus Antony Dhas,Daryl Sunder Ferrario,Ravisrinivasan Sai Kishore,0,0,0,no run,0,,,72/4
1379612,2,11,6,Wenseslaus Antony Dhas,Daryl Sunder Ferrario,Ravisrinivasan Sai Kishore,1,1,0,run,0,,,73/4
1379612,2,12,1,Wenseslaus Antony Dhas,Daryl Sunder Ferrario,Alliraj Karuppusamy,1,1,0,run,0,,,74/4
1379612,2,12,2,Daryl Sunder Ferrario,Wenseslaus Antony Dhas,Alliraj Karuppusamy,6,6,0,six,0,,,80/4
1379612,2,12,3,Daryl Sunder Ferrario,Wenseslaus Antony Dhas,Alliraj Karuppusamy,4,4,0,four,0,,,84/4
1379612,2,12,4,Daryl Sunder Ferrario,Wenseslaus Antony Dhas,Alliraj Karuppusamy,1,1,0,run,0,,,85/4
1379612,2,12,5,Wenseslaus Antony Dhas,Daryl Sunder Ferrario,Alliraj Karuppusamy,1,1,0,run,0,,,86/4
1379612,2,12,6,Daryl Sunder Ferrario,Wenseslaus Antony Dhas,Alliraj Karuppusamy,1,1,0,run,0,,,87/4
1379612,2,13,1,Daryl Sunder Ferrario,Wenseslaus Antony Dhas, Sriram Ajith Ram,1,1,0,run,0,,,88/4
1379612,2,13,2,Wenseslaus Antony Dhas,Daryl Sunder Ferrario, Sriram Ajith Ram,0,0,0,no run,0,,,88/4
1379612,2,13,3,Wenseslaus Antony Dhas,Daryl Sunder Ferrario, Sriram Ajith Ram,1,1,0,run,0,,,89/4
1379612,2,13,4,Daryl Sunder Ferrario,Wenseslaus Antony Dhas, Sriram Ajith Ram,0,0,0,no run,0,,,89/4
1379612,2,13,5,Daryl Sunder Ferrario,Wenseslaus Antony Dhas, Sriram Ajith Ram,0,0,0,no run,0,,,89/4
1379612,2,13,6,Daryl Sunder Ferrario,Wenseslaus Antony Dhas, Sriram Ajith Ram,1,1,0,run,0,,,90/4
1379612,2,14,1,Daryl Sunder Ferrario,Wenseslaus Antony Dhas,Ravisrinivasan Sai Kishore,0,0,0,no run,0,,,90/4
1379612,2,14,2,Daryl Sunder Ferrario,Wenseslaus Antony Dhas,Ravisrinivasan Sai Kishore,1,1,0,run,0,,,91/4
1379612,2,14,3,Wenseslaus Antony Dhas,Daryl Sunder Ferrario,Ravisrinivasan Sai Kishore,0,0,0,no run,0,,,91/4
1379612,2,14,4,Wenseslaus Antony Dhas,Daryl Sunder Ferrario,Ravisrinivasan Sai Kishore,1,1,0,run,0,,,92/4
1379612,2,14,5,Daryl Sunder Ferrario,Wenseslaus Antony Dhas,Ravisrinivasan Sai Kishore,1,1,0,run,0,,,93/4
1379612,2,14,6,Wenseslaus Antony Dhas,Daryl Sunder Ferrario,Ravisrinivasan Sai Kishore,6,6,0,six,0,,,99/4
1379612,2,15,1,Daryl Sunder Ferrario,Wenseslaus Antony Dhas, Sriram Ajith Ram,1,1,0,run,0,,,100/4
1379612,2,15,2,Wenseslaus Antony Dhas,Daryl Sunder Ferrario, Sriram Ajith Ram,1,1,0,run,0,,,101/4
1379612,2,15,3,Daryl Sunder Ferrario,Wenseslaus Antony Dhas, Sriram Ajith Ram,0,0,0,no run,0,,,101/4
1379612,2,15,4,Daryl Sunder Ferrario,Wenseslaus Antony Dhas, Sriram Ajith Ram,1,1,0,run,0,,,102/4
1379612,2,15,5,Wenseslaus Antony Dhas,Daryl Sunder Ferrario, Sriram Ajith Ram,1,1,0,run,0,,,103/4
1379612,2,15,6,Daryl Sunder Ferrario,Wenseslaus Antony Dhas, Sriram Ajith Ram,0,0,0,no run,0,,,103/4
1379612,2,16,1,Wenseslaus Antony Dhas,Daryl Sunder Ferrario,P Bhuvaneswaran,1,1,0,run,0,,,104/4
1379612,2,16,2,Daryl Sunder Ferrario,Wenseslaus Antony Dhas,P Bhuvaneswaran,0,0,0,out,1,caught,Daryl Sunder Ferrario,104/5
1379612,2,16,3,Jafar Jamal,Wenseslaus Antony Dhas,P Bhuvaneswaran,1,1,0,run,0,,,105/5
1379612,2,16,4,Wenseslaus Antony Dhas,Jafar Jamal,P Bhuvaneswaran,4,4,0,four,0,,,109/5
1379612,2,16,5,Wenseslaus Antony Dhas,Jafar Jamal,P Bhuvaneswaran,1,1,0,run,0,,,110/5
1379612,2,16,6,Jafar Jamal,Wenseslaus Antony Dhas,P Bhuvaneswaran,1,1,0,run,0,,,111/5
1379612,2,17,1,Jafar Jamal,Wenseslaus Antony Dhas,Ravisrinivasan Sai Kishore,1,1,0,run,0,,,112/5
1379612,2,17,2,Wenseslaus Antony Dhas,Jafar Jamal,Ravisrinivasan Sai Kishore,0,0,0,no run,0,,,112/5
1379612,2,17,3,Wenseslaus Antony Dhas,Jafar Jamal,Ravisrinivasan Sai Kishore,1,1,0,run,0,,,113/5
1379612,2,17,4,Jafar Jamal,Wenseslaus Antony Dhas,Ravisrinivasan Sai Kishore,1,1,0,run,0,,,114/5
1379612,2,17,5,Wenseslaus Antony Dhas,Jafar Jamal,Ravisrinivasan Sai Kishore,0,0,0,no run,0,,,114/5
1379612,2,17,6,Wenseslaus Antony Dhas,Jafar Jamal,Ravisrinivasan Sai Kishore,1,1,0,run,0,,,115/5
1379612,2,18,1,Wenseslaus Antony Dhas,Jafar Jamal,Ganeshan Periyaswamy,1,1,0,run,0,,,116/5
1379612,2,18,2,Jafar Jamal,Wenseslaus Antony Dhas,Ganeshan Periyaswamy,6,6,0,six,0,,,122/5
1379612,2,18,3,Jafar Jamal,Wenseslaus Antony Dhas,Ganeshan Periyaswamy,6,6,0,six,0,,,128/5
1379612,2,18,4,Jafar Jamal,Wenseslaus Antony Dhas,Ganeshan Periyaswamy,1,1,0,run,0,,,129/5
1379612,2,18,5,Wenseslaus Antony Dhas,Jafar Jamal,Ganeshan Periyaswamy,1,1,0,run,0,,,130/5
1379612,2,18,6,Jafar Jamal,Wenseslaus Antony Dhas,Ganeshan Periyaswamy,1,1,0,run,0,,,131/5
1379612,2,19,1,Jafar Jamal,Wenseslaus Antony Dhas,P Bhuvaneswaran,0,0,0,out,1,run out,Wenseslaus Antony Dhas,131/6
1379612,2,19,2,Jafar Jamal,K Mani Bharathi,P Bhuvaneswaran,6,6,0,six,0,,,137/6
1379612,2,19,3,Jafar Jamal,K Mani Bharathi,P Bhuvaneswaran,0,0,0,no run,0,,,137/6
1379612,2,19,4,Jafar Jamal,K Mani Bharathi,P Bhuvaneswaran,1,0,1,wide,0,,,138/6
1379612,2,19,5,Jafar Jamal,K Mani Bharathi,P Bhuvaneswaran,1,0,1,wide,0,,,139/6
1379612,2,19,6,Jafar Jamal,K Mani Bharathi,P Bhuvaneswaran,6,6,0,six,0,,,145/6
1379612,2,19,7,Jafar Jamal,K Mani Bharathi,P Bhuvaneswaran,0,0,0,no run,0,,,145/6
1379612,2,19,8,Jafar Jamal,K Mani Bharathi,P Bhuvaneswaran,0,0,0,out,1,caught,Jafar Jamal,145/7
1379612,2,20,1,K Mani Bharathi,P Francis Rokins,Ganeshan Periyaswamy,1,0,1,wide,0,,,146/7
1379612,2,20,2,K Mani Bharathi,P Francis Rokins,Ganeshan Periyaswamy,0,0,0,out,1,caught,K Mani Bharathi,146/8
1379612,2,20,3,Ragupathy Silambarasan,P Francis Rokins,Ganeshan Periyaswamy,0,0,0,no run,0,,,146/8
1379612,2,20,4,Ragupathy Silambarasan,P Francis Rokins,Ganeshan Periyaswamy,1,0,1,bye,0,,,147/8
1379612,2,20,5,P Francis Rokins,Ragupathy Silambarasan,Ganeshan Periyaswamy,1,1,0,run,0,,,148/8
1379612,2,20,6,Ragupathy Silambarasan,P Francis Rokins,Ganeshan Periyaswamy,0,0,0,no run,0,,,148/8
1379612,2,20,7,Ragupathy Silambarasan,P Francis Rokins,Ganeshan Periyaswamy,1,0,1,wide,0,,,149/8
1379612,2,20,8,Ragupathy Silambarasan,P Francis Rokins,Ganeshan Periyaswamy,6,6,0,six,0,,,155/8
1379613,1,1,1,V Aaditya,Chezhian Nishaanth,Baba Aparajith,0,0,0,no run,0,,,0/0
1379613,1,1,2,V Aaditya,Chezhian Nishaanth,Baba Aparajith,1,1,0,run,0,,,1/0
1379613,1,1,3,Chezhian Nishaanth,V Aaditya,Baba Aparajith,0,0,0,no run,0,,,1/0
1379613,1,1,4,Chezhian Nishaanth,V Aaditya,Baba Aparajith,1,1,0,run,0,,,2/0
1379613,1,1,5,V Aaditya,Chezhian Nishaanth,Baba Aparajith,4,4,0,four,0,,,6/0
1379613,1,1,6,V Aaditya,Chezhian Nishaanth,Baba Aparajith,1,1,0,run,0,,,7/0
1379613,1,2,1,V Aaditya,Chezhian Nishaanth,Ramalingam Rohit,0,0,0,no run,0,,,7/0
1379613,1,2,2,V Aaditya,Chezhian Nishaanth,Ramalingam Rohit,0,0,0,out,1,run out,V Aaditya,7/1
1379613,1,2,3,Jagatheesan Kousik,Chezhian Nishaanth,Ramalingam Rohit,0,0,0,no run,0,,,7/1
1379613,1,2,4,Jagatheesan Kousik,Chezhian Nishaanth,Ramalingam Rohit,4,4,0,four,0,,,11/1
1379613,1,2,5,Jagatheesan Kousik,Chezhian Nishaanth,Ramalingam Rohit,0,0,0,out,1,caught,Jagatheesan Kousik,11/2
1379613,1,2,6,Suresh Lokeshwar,Chezhian Nishaanth,Ramalingam Rohit,0,0,0,no run,0,,,11/2
1379613,1,3,1,Chezhian Nishaanth,Suresh Lokeshwar,Baba Aparajith,1,1,0,run,0,,,12/2
1379613,1,3,2,Suresh Lokeshwar,Chezhian Nishaanth,Baba Aparajith,1,1,0,run,0,,,13/2
1379613,1,3,3,Chezhian Nishaanth,Suresh Lokeshwar,Baba Aparajith,0,0,0,no run,0,,,13/2
1379613,1,3,4,Chezhian Nishaanth,Suresh Lokeshwar,Baba Aparajith,0,0,0,out,1,bowled,Chezhian Nishaanth,13/3
1379613,1,3,5,S Sri Abisek,Suresh Lokeshwar,Baba Aparajith,0,0,0,no run,0,,,13/3
1379613,1,3,6,S Sri Abisek,Suresh Lokeshwar,Baba Aparajith,0,0,0,no run,0,,,13/3
1379613,1,4,1,Suresh Lokeshwar,S Sri Abisek,Ramalingam Rohit,4,4,0,four,0,,,17/3
1379613,1,4,2,Suresh Lokeshwar,S Sri Abisek,Ramalingam Rohit,0,0,0,no run,0,,,17/3
1379613,1,4,3,Suresh Lokeshwar,S Sri Abisek,Ramalingam Rohit,1,1,0,run,0,,,18/3
1379613,1,4,4,S Sri Abisek,Suresh Lokeshwar,Ramalingam Rohit,0,0,0,no run,0,,,18/3
1379613,1,4,5,S Sri Abisek,Suresh Lokeshwar,Ramalingam Rohit,0,0,0,no run,0,,,18/3
1379613,1,4,6,S Sri Abisek,Suresh Lokeshwar,Ramalingam Rohit,0,0,0,no run,0,,,18/3
1379613,1,5,1,Suresh Lokeshwar,S Sri Abisek,Rahil S Shah,0,0,0,no run,0,,,18/3
1379613,1,5,2,Suresh Lokeshwar,S Sri Abisek,Rahil S Shah,0,0,0,no run,0,,,18/3
1379613,1,5,3,Suresh Lokeshwar,S Sri Abisek,Rahil S Shah,0,0,0,no run,0,,,18/3
1379613,1,5,4,Suresh Lokeshwar,S Sri Abisek,Rahil S Shah,0,0,0,no run,0,,,18/3
1379613,1,5,5,Suresh Lokeshwar,S Sri Abisek,Rahil S Shah,0,0,0,out,1,caught,Suresh Lokeshwar,18/4
1379613,1,5,6,Swapnil Singh,S Sri Abisek,Rahil S Shah,0,0,0,no run,0,,,18/4
1379613,1,6,1,S Sri Abisek,Swapnil Singh,Rocky Bhasker,1,1,0,run,0,,,19/4
1379613,1,6,2,Swapnil Singh,S Sri Abisek,Rocky Bhasker,0,0,0,no run,0,,,19/4
1379613,1,6,3,Swapnil Singh,S Sri Abisek,Rocky Bhasker,0,0,0,no run,0,,,19/4
1379613,1,6,4,Swapnil Singh,S Sri Abisek,Rocky Bhasker,0,0,0,no run,0,,,19/4
1379613,1,6,5,Swapnil Singh,S Sri Abisek,Rocky Bhasker,0,0,0,no run,0,,,19/4
1379613,1,6,6,Swapnil Singh,S Sri Abisek,Rocky Bhasker,4,4,0,four,0,,,23/4
1379613,1,7,1,S Sri Abisek,Swapnil Singh,Rahil S Shah,6,6,0,six,0,,,29/4
1379613,1,7,2,S Sri Abisek,Swapnil Singh,Rahil S Shah,1,1,0,run,0,,,30/4
1379613,1,7,3,Swapnil Singh,S Sri Abisek,Rahil S Shah,0,0,0,no run,0,,,30/4
1379613,1,7,4,Swapnil Singh,S Sri Abisek,Rahil S Shah,1,1,0,run,0,,,31/4
1379613,1,7,5,S Sri Abisek,Swapnil Singh,Rahil S Shah,1,1,0,run,0,,,32/4
1379613,1,7,6,Swapnil Singh,S Sri Abisek,Rahil S Shah,1,1,0,run,0,,,33/4
1379613,1,8,1,Swapnil Singh,S Sri Abisek,Rocky Bhasker,1,1,0,run,0,,,34/4
1379613,1,8,2,S Sri Abisek,Swapnil Singh,Rocky Bhasker,4,4,0,four,0,,,38/4
1379613,1,8,3,S Sri Abisek,Swapnil Singh,Rocky Bhasker,1,1,0,run,0,,,39/4
1379613,1,8,4,Swapnil Singh,S Sri Abisek,Rocky Bhasker,0,0,0,no run,0,,,39/4
1379613,1,8,5,Swapnil Singh,S Sri Abisek,Rocky Bhasker,1,1,0,run,0,,,40/4
1379613,1,8,6,S Sri Abisek,Swapnil Singh,Rocky Bhasker,1,1,0,run,0,,,41/4
1379613,1,9,1,S Sri Abisek,Swapnil Singh,M Silambarasan,1,1,0,run,0,,,42/4
1379613,1,9,2,Swapnil Singh,S Sri Abisek,M Silambarasan,1,1,0,run,0,,,43/4
1379613,1,9,3,S Sri Abisek,Swapnil Singh,M Silambarasan,1,1,0,run,0,,,44/4
1379613,1,9,4,Swapnil Singh,S Sri Abisek,M Silambarasan,2,2,0,run,0,,,46/4
1379613,1,9,5,Swapnil Singh,S Sri Abisek,M Silambarasan,0,0,0,no run,0,,,46/4
1379613,1,9,6,Swapnil Singh,S Sri Abisek,M Silambarasan,0,0,0,out,1,bowled,Swapnil Singh,46/5
1379613,1,10,1,S Sri Abisek,Washington Sundar,Baba Aparajith,4,4,0,four,0,,,50/5
1379613,1,10,2,S Sri Abisek,Washington Sundar,Baba Aparajith,0,0,0,no run,0,,,50/5
1379613,1,10,3,S Sri Abisek,Washington Sundar,Baba Aparajith,0,0,0,no run,0,,,50/5
1379613,1,10,4,S Sri Abisek,Washington Sundar,Baba Aparajith,0,0,0,out,1,caught,S Sri Abisek,50/6
1379613,1,10,5,K Deeban Lingesh,Washington Sundar,Baba Aparajith,0,0,0,no run,0,,,50/6
1379613,1,10,6,K Deeban Lingesh,Washington Sundar,Baba Aparajith,0,0,0,no run,0,,,50/6
1379613,1,11,1,Washington Sundar,K Deeban Lingesh,M Silambarasan,1,1,0,run,0,,,51/6
1379613,1,11,2,K Deeban Lingesh,Washington Sundar,M Silambarasan,0,0,0,no run,0,,,51/6
1379613,1,11,3,K Deeban Lingesh,Washington Sundar,M Silambarasan,0,0,0,no run,0,,,51/6
1379613,1,11,4,K Deeban Lingesh,Washington Sundar,M Silambarasan,0,0,0,no run,0,,,51/6
1379613,1,11,5,K Deeban Lingesh,Washington Sundar,M Silambarasan,1,0,1,wide,0,,,52/6
1379613,1,11,6,K Deeban Lingesh,Washington Sundar,M Silambarasan,1,1,0,run,0,,,53/6
1379613,1,11,7,Washington Sundar,K Deeban Lingesh,M Silambarasan,1,1,0,run,0,,,54/6
1379613,1,12,1,Washington Sundar,K Deeban Lingesh,Baba Aparajith,1,1,0,run,0,,,55/6
1379613,1,12,2,K Deeban Lingesh,Washington Sundar,Baba Aparajith,1,0,1,wide,0,,,56/6
1379613,1,12,3,K Deeban Lingesh,Washington Sundar,Baba Aparajith,0,0,0,no run,0,,,56/6
1379613,1,12,4,K Deeban Lingesh,Washington Sundar,Baba Aparajith,1,1,0,run,0,,,57/6
1379613,1,12,5,Washington Sundar,K Deeban Lingesh,Baba Aparajith,1,1,0,run,0,,,58/6
1379613,1,12,6,K Deeban Lingesh,Washington Sundar,Baba Aparajith,1,1,0,run,0,,,59/6
1379613,1,12,7,Washington Sundar,K Deeban Lingesh,Baba Aparajith,0,0,0,no run,0,,,59/6
1379613,1,13,1,K Deeban Lingesh,Washington Sundar,M Silambarasan,1,1,0,run,0,,,60/6
1379613,1,13,2,Washington Sundar,K Deeban Lingesh,M Silambarasan,0,0,0,no run,0,,,60/6
1379613,1,13,3,Washington Sundar,K Deeban Lingesh,M Silambarasan,1,1,0,run,0,,,61/6
1379613,1,13,4,K Deeban Lingesh,Washington Sundar,M Silambarasan,0,0,0,no run,0,,,61/6
1379613,1,13,5,K Deeban Lingesh,Washington Sundar,M Silambarasan,4,4,0,four,0,,,65/6
1379613,1,13,6,K Deeban Lingesh,Washington Sundar,M Silambarasan,0,0,0,no run,0,,,65/6
1379613,1,14,1,Washington Sundar,K Deeban Lingesh,Rocky Bhasker,1,1,0,run,0,,,66/6
1379613,1,14,2,K Deeban Lingesh,Washington Sundar,Rocky Bhasker,1,1,0,run,0,,,67/6
1379613,1,14,3,Washington Sundar,K Deeban Lingesh,Rocky Bhasker,0,0,0,no run,0,,,67/6
1379613,1,14,4,Washington Sundar,K Deeban Lingesh,Rocky Bhasker,0,0,0,no run,0,,,67/6
1379613,1,14,5,Washington Sundar,K Deeban Lingesh,Rocky Bhasker,6,6,0,six,0,,,73/6
1379613,1,14,6,Washington Sundar,K Deeban Lingesh,Rocky Bhasker,6,6,0,six,0,,,79/6
1379613,1,15,1,K Deeban Lingesh,Washington Sundar,M Silambarasan,0,0,0,out,1,caught,K Deeban Lingesh,79/7
1379613,1,15,2,P Saravanan,Washington Sundar,M Silambarasan,0,0,0,no run,0,,,79/7
1379613,1,15,3,P Saravanan,Washington Sundar,M Silambarasan,0,0,0,no run,0,,,79/7
1379613,1,15,4,P Saravanan,Washington Sundar,M Silambarasan,0,0,0,no run,0,,,79/7
1379613,1,15,5,P Saravanan,Washington Sundar,M Silambarasan,6,6,0,six,0,,,85/7
1379613,1,15,6,P Saravanan,Washington Sundar,M Silambarasan,0,0,0,no run,0,,,85/7
1379613,1,16,1,Washington Sundar,P Saravanan,S Harish Kumar,1,1,0,run,0,,,86/7
1379613,1,16,2,P Saravanan,Washington Sundar,S Harish Kumar,0,0,0,no run,0,,,86/7
1379613,1,16,3,P Saravanan,Washington Sundar,S Harish Kumar,1,1,0,run,0,,,87/7
1379613,1,16,4,Washington Sundar,P Saravanan,S Harish Kumar,0,0,0,no run,0,,,87/7
1379613,1,16,5,Washington Sundar,P Saravanan,S Harish Kumar,1,1,0,run,0,,,88/7
1379613,1,16,6,P Saravanan,Washington Sundar,S Harish Kumar,0,0,0,no run,0,,,88/7
1379613,1,17,1,Washington Sundar,P Saravanan,Rahil S Shah,1,1,0,run,0,,,89/7
1379613,1,17,2,P Saravanan,Washington Sundar,Rahil S Shah,1,1,0,run,0,,,90/7
1379613,1,17,3,Washington Sundar,P Saravanan,Rahil S Shah,1,1,0,run,0,,,91/7
1379613,1,17,4,P Saravanan,Washington Sundar,Rahil S Shah,0,0,0,no run,0,,,91/7
1379613,1,17,5,P Saravanan,Washington Sundar,Rahil S Shah,1,1,0,run,0,,,92/7
1379613,1,17,6,Washington Sundar,P Saravanan,Rahil S Shah,1,1,0,run,0,,,93/7
1379613,1,18,1,Washington Sundar,P Saravanan,Ramalingam Rohit,1,0,1,wide,0,,,94/7
1379613,1,18,2,Washington Sundar,P Saravanan,Ramalingam Rohit,4,4,0,four,0,,,98/7
1379613,1,18,3,Washington Sundar,P Saravanan,Ramalingam Rohit,0,0,0,no run,0,,,98/7
1379613,1,18,4,Washington Sundar,P Saravanan,Ramalingam Rohit,1,1,0,run,0,,,99/7
1379613,1,18,5,P Saravanan,Washington Sundar,Ramalingam Rohit,1,1,0,run,0,,,100/7
1379613,1,18,6,Washington Sundar,P Saravanan,Ramalingam Rohit,1,1,0,run,0,,,101/7
1379613,1,18,7,P Saravanan,Washington Sundar,Ramalingam Rohit,6,6,0,six,0,,,107/7
1379613,1,19,1,Washington Sundar,P Saravanan,S Harish Kumar,4,4,0,four,0,,,111/7
1379613,1,19,2,Washington Sundar,P Saravanan,S Harish Kumar,2,2,0,run,0,,,113/7
1379613,1,19,3,Washington Sundar,P Saravanan,S Harish Kumar,1,1,0,run,0,,,114/7
1379613,1,19,4,P Saravanan,Washington Sundar,S Harish Kumar,4,4,0,four,0,,,118/7
1379613,1,19,5,P Saravanan,Washington Sundar,S Harish Kumar,1,1,0,run,0,,,119/7
1379613,1,19,6,Washington Sundar,P Saravanan,S Harish Kumar,6,6,0,six,0,,,125/7
1379613,1,20,1,P Saravanan,Washington Sundar,Ramalingam Rohit,1,0,1,wide,0,,,126/7
1379613,1,20,2,P Saravanan,Washington Sundar,Ramalingam Rohit,0,0,0,no run,0,,,126/7
1379613,1,20,3,P Saravanan,Washington Sundar,Ramalingam Rohit,1,1,0,run,0,,,127/7
1379613,1,20,4,Washington Sundar,P Saravanan,Ramalingam Rohit,2,2,0,run,0,,,129/7
1379613,1,20,5,Washington Sundar,P Saravanan,Ramalingam Rohit,0,0,0,no run,0,,,129/7
1379613,1,20,6,Washington Sundar,P Saravanan,Ramalingam Rohit,6,6,0,six,0,,,135/7
1379613,1,20,7,Washington Sundar,P Saravanan,Ramalingam Rohit,6,6,0,six,0,,,141/7
1379613,2,1,1,S Santosh Shiv,Narayan Jagadeesan,P Saravanan,0,0,0,no run,0,,,0/0
1379613,2,1,2,S Santosh Shiv,Narayan Jagadeesan,P Saravanan,0,0,0,no run,0,,,0/0
1379613,2,1,3,S Santosh Shiv,Narayan Jagadeesan,P Saravanan,1,1,0,run,0,,,1/0
1379613,2,1,4,Narayan Jagadeesan,S Santosh Shiv,P Saravanan,1,1,0,run,0,,,2/0
1379613,2,1,5,S Santosh Shiv,Narayan Jagadeesan,P Saravanan,0,0,0,no run,0,,,2/0
1379613,2,1,6,S Santosh Shiv,Narayan Jagadeesan,P Saravanan,1,1,0,run,0,,,3/0
1379613,2,2,1,S Santosh Shiv,Narayan Jagadeesan,Gurjapneet Singh,1,0,1,wide,0,,,4/0
1379613,2,2,2,S Santosh Shiv,Narayan Jagadeesan,Gurjapneet Singh,2,2,0,run,0,,,6/0
1379613,2,2,3,S Santosh Shiv,Narayan Jagadeesan,Gurjapneet Singh,0,0,0,no run,0,,,6/0
1379613,2,2,4,S Santosh Shiv,Narayan Jagadeesan,Gurjapneet Singh,4,4,0,four,0,,,10/0
1379613,2,2,5,S Santosh Shiv,Narayan Jagadeesan,Gurjapneet Singh,1,1,0,run,0,,,11/0
1379613,2,2,6,Narayan Jagadeesan,S Santosh Shiv,Gurjapneet Singh,1,1,0,run,0,,,12/0
1379613,2,2,7,S Santosh Shiv,Narayan Jagadeesan,Gurjapneet Singh,2,2,0,run,0,,,14/0
1379613,2,3,1,Narayan Jagadeesan,S Santosh Shiv,P Saravanan,1,1,0,run,0,,,15/0
1379613,2,3,2,S Santosh Shiv,Narayan Jagadeesan,P Saravanan,1,1,0,run,0,,,16/0
1379613,2,3,3,Narayan Jagadeesan,S Santosh Shiv,P Saravanan,0,0,0,no run,0,,,16/0
1379613,2,3,4,Narayan Jagadeesan,S Santosh Shiv,P Saravanan,1,1,0,run,0,,,17/0
1379613,2,3,5,S Santosh Shiv,Narayan Jagadeesan,P Saravanan,4,4,0,four,0,,,21/0
1379613,2,3,6,S Santosh Shiv,Narayan Jagadeesan,P Saravanan,0,0,0,no run,0,,,21/0
1379613,2,4,1,Narayan Jagadeesan,S Santosh Shiv,Gurjapneet Singh,1,1,0,run,0,,,22/0
1379613,2,4,2,S Santosh Shiv,Narayan Jagadeesan,Gurjapneet Singh,0,0,0,no run,0,,,22/0
1379613,2,4,3,S Santosh Shiv,Narayan Jagadeesan,Gurjapneet Singh,1,1,0,run,0,,,23/0
1379613,2,4,4,Narayan Jagadeesan,S Santosh Shiv,Gurjapneet Singh,1,0,1,wide,0,,,24/0
1379613,2,4,5,Narayan Jagadeesan,S Santosh Shiv,Gurjapneet Singh,1,1,0,run,0,,,25/0
1379613,2,4,6,S Santosh Shiv,Narayan Jagadeesan,Gurjapneet Singh,0,0,0,no run,0,,,25/0
1379613,2,4,7,S Santosh Shiv,Narayan Jagadeesan,Gurjapneet Singh,1,1,0,run,0,,,26/0
1379613,2,5,1,S Santosh Shiv,Narayan Jagadeesan,Swapnil Singh,0,0,0,no run,0,,,26/0
1379613,2,5,2,S Santosh Shiv,Narayan Jagadeesan,Swapnil Singh,0,0,0,no run,0,,,26/0
1379613,2,5,3,S Santosh Shiv,Narayan Jagadeesan,Swapnil Singh,0,0,0,no run,0,,,26/0
1379613,2,5,4,S Santosh Shiv,Narayan Jagadeesan,Swapnil Singh,1,1,0,run,0,,,27/0
1379613,2,5,5,Narayan Jagadeesan,S Santosh Shiv,Swapnil Singh,0,0,0,no run,0,,,27/0
1379613,2,5,6,Narayan Jagadeesan,S Santosh Shiv,Swapnil Singh,1,1,0,run,0,,,28/0
1379613,2,6,1,Narayan Jagadeesan,S Santosh Shiv,Washington Sundar,4,4,0,four,0,,,32/0
1379613,2,6,2,Narayan Jagadeesan,S Santosh Shiv,Washington Sundar,1,1,0,run,0,,,33/0
1379613,2,6,3,S Santosh Shiv,Narayan Jagadeesan,Washington Sundar,1,1,0,run,0,,,34/0
1379613,2,6,4,Narayan Jagadeesan,S Santosh Shiv,Washington Sundar,1,1,0,run,0,,,35/0
1379613,2,6,5,S Santosh Shiv,Narayan Jagadeesan,Washington Sundar,1,0,1,leg bye,0,,,36/0
1379613,2,6,6,Narayan Jagadeesan,S Santosh Shiv,Washington Sundar,0,0,0,no run,0,,,36/0
1379613,2,7,1,S Santosh Shiv,Narayan Jagadeesan,Swapnil Singh,1,1,0,run,0,,,37/0
1379613,2,7,2,Narayan Jagadeesan,S Santosh Shiv,Swapnil Singh,2,2,0,run,0,,,39/0
1379613,2,7,3,Narayan Jagadeesan,S Santosh Shiv,Swapnil Singh,1,1,0,run,0,,,40/0
1379613,2,7,4,S Santosh Shiv,Narayan Jagadeesan,Swapnil Singh,1,1,0,run,0,,,41/0
1379613,2,7,5,Narayan Jagadeesan,S Santosh Shiv,Swapnil Singh,0,0,0,no run,0,,,41/0
1379613,2,7,6,Narayan Jagadeesan,S Santosh Shiv,Swapnil Singh,2,1,1,run,0,,,43/0
1379613,2,7,7,S Santosh Shiv,Narayan Jagadeesan,Swapnil Singh,0,0,0,no run,0,,,43/0
1379613,2,8,1,Narayan Jagadeesan,S Santosh Shiv,Washington Sundar,1,1,0,run,0,,,44/0
1379613,2,8,2,S Santosh Shiv,Narayan Jagadeesan,Washington Sundar,1,1,0,run,0,,,45/0
1379613,2,8,3,Narayan Jagadeesan,S Santosh Shiv,Washington Sundar,6,6,0,six,0,,,51/0
1379613,2,8,4,Narayan Jagadeesan,S Santosh Shiv,Washington Sundar,1,1,0,run,0,,,52/0
1379613,2,8,5,S Santosh Shiv,Narayan Jagadeesan,Washington Sundar,1,1,0,run,0,,,53/0
1379613,2,8,6,Narayan Jagadeesan,S Santosh Shiv,Washington Sundar,0,0,0,no run,0,,,53/0
1379613,2,9,1,S Santosh Shiv,Narayan Jagadeesan,Murugan Ashwin,2,2,0,run,0,,,55/0
1379613,2,9,2,S Santosh Shiv,Narayan Jagadeesan,Murugan Ashwin,1,1,0,run,0,,,56/0
1379613,2,9,3,Narayan Jagadeesan,S Santosh Shiv,Murugan Ashwin,1,1,0,run,0,,,57/0
1379613,2,9,4,S Santosh Shiv,Narayan Jagadeesan,Murugan Ashwin,1,1,0,run,0,,,58/0
1379613,2,9,5,Narayan Jagadeesan,S Santosh Shiv,Murugan Ashwin,1,1,0,run,0,,,59/0
1379613,2,9,6,S Santosh Shiv,Narayan Jagadeesan,Murugan Ashwin,0,0,0,out,1,caught,S Santosh Shiv,59/1
1379613,2,10,1,Narayan Jagadeesan,Baba Aparajith,Swapnil Singh,1,1,0,run,0,,,60/1
1379613,2,10,2,Baba Aparajith,Narayan Jagadeesan,Swapnil Singh,1,1,0,run,0,,,61/1
1379613,2,10,3,Narayan Jagadeesan,Baba Aparajith,Swapnil Singh,1,1,0,run,0,,,62/1
1379613,2,10,4,Baba Aparajith,Narayan Jagadeesan,Swapnil Singh,2,2,0,run,0,,,64/1
1379613,2,10,5,Baba Aparajith,Narayan Jagadeesan,Swapnil Singh,1,1,0,run,0,,,65/1
1379613,2,10,6,Narayan Jagadeesan,Baba Aparajith,Swapnil Singh,1,1,0,run,0,,,66/1
1379613,2,11,1,Narayan Jagadeesan,Baba Aparajith,Murugan Ashwin,4,4,0,four,0,,,70/1
1379613,2,11,2,Narayan Jagadeesan,Baba Aparajith,Murugan Ashwin,1,1,0,run,0,,,71/1
1379613,2,11,3,Baba Aparajith,Narayan Jagadeesan,Murugan Ashwin,1,1,0,run,0,,,72/1
1379613,2,11,4,Narayan Jagadeesan,Baba Aparajith,Murugan Ashwin,0,0,0,out,1,bowled,Narayan Jagadeesan,72/2
1379613,2,11,5,Ramsingh  Sanjay Yadav,Baba Aparajith,Murugan Ashwin,1,1,0,run,0,,,73/2
1379613,2,11,6,Baba Aparajith,Ramsingh  Sanjay Yadav,Murugan Ashwin,0,0,0,no run,0,,,73/2
1379613,2,12,1,Ramsingh  Sanjay Yadav,Baba Aparajith,Ajay K Krishna,1,1,0,run,0,,,74/2
1379613,2,12,2,Baba Aparajith,Ramsingh  Sanjay Yadav,Ajay K Krishna,0,0,0,no run,0,,,74/2
1379613,2,12,3,Baba Aparajith,Ramsingh  Sanjay Yadav,Ajay K Krishna,1,1,0,run,0,,,75/2
1379613,2,12,4,Ramsingh  Sanjay Yadav,Baba Aparajith,Ajay K Krishna,0,0,0,no run,0,,,75/2
1379613,2,12,5,Ramsingh  Sanjay Yadav,Baba Aparajith,Ajay K Krishna,1,1,0,run,0,,,76/2
1379613,2,12,6,Baba Aparajith,Ramsingh  Sanjay Yadav,Ajay K Krishna,1,1,0,run,0,,,77/2
1379613,2,13,1,Baba Aparajith,Ramsingh  Sanjay Yadav,Murugan Ashwin,1,1,0,run,0,,,78/2
1379613,2,13,2,Ramsingh  Sanjay Yadav,Baba Aparajith,Murugan Ashwin,1,1,0,run,0,,,79/2
1379613,2,13,3,Baba Aparajith,Ramsingh  Sanjay Yadav,Murugan Ashwin,1,1,0,run,0,,,80/2
1379613,2,13,4,Ramsingh  Sanjay Yadav,Baba Aparajith,Murugan Ashwin,1,1,0,run,0,,,81/2
1379613,2,13,5,Baba Aparajith,Ramsingh  Sanjay Yadav,Murugan Ashwin,0,0,0,no run,0,,,81/2
1379613,2,13,6,Baba Aparajith,Ramsingh  Sanjay Yadav,Murugan Ashwin,0,0,0,no run,0,,,81/2
1379613,2,14,1,Ramsingh  Sanjay Yadav,Baba Aparajith,Ajay K Krishna,4,4,0,four,0,,,85/2
1379613,2,14,2,Ramsingh  Sanjay Yadav,Baba Aparajith,Ajay K Krishna,0,0,0,no run,0,,,85/2
1379613,2,14,3,Ramsingh  Sanjay Yadav,Baba Aparajith,Ajay K Krishna,0,0,0,out,1,caught,Ramsingh  Sanjay Yadav,85/3
1379613,2,14,4,Pradosh Ranjan Paul,Baba Aparajith,Ajay K Krishna,1,1,0,run,0,,,86/3
1379613,2,14,5,Baba Aparajith,Pradosh Ranjan Paul,Ajay K Krishna,4,4,0,four,0,,,90/3
1379613,2,14,6,Baba Aparajith,Pradosh Ranjan Paul,Ajay K Krishna,1,1,0,run,0,,,91/3
1379613,2,15,1,Baba Aparajith,Pradosh Ranjan Paul,P Saravanan,1,1,0,run,0,,,92/3
1379613,2,15,2,Pradosh Ranjan Paul,Baba Aparajith,P Saravanan,1,1,0,run,0,,,93/3
1379613,2,15,3,Baba Aparajith,Pradosh Ranjan Paul,P Saravanan,2,2,0,run,0,,,95/3
1379613,2,15,4,Baba Aparajith,Pradosh Ranjan Paul,P Saravanan,1,1,0,run,0,,,96/3
1379613,2,15,5,Pradosh Ranjan Paul,Baba Aparajith,P Saravanan,1,1,0,run,0,,,97/3
1379613,2,15,6,Baba Aparajith,Pradosh Ranjan Paul,P Saravanan,1,1,0,run,0,,,98/3
1379613,2,16,1,Baba Aparajith,Pradosh Ranjan Paul,Murugan Ashwin,1,1,0,run,0,,,99/3
1379613,2,16,2,Pradosh Ranjan Paul,Baba Aparajith,Murugan Ashwin,1,0,1,leg bye,0,,,100/3
1379613,2,16,3,Baba Aparajith,Pradosh Ranjan Paul,Murugan Ashwin,1,1,0,run,0,,,101/3
1379613,2,16,4,Pradosh Ranjan Paul,Baba Aparajith,Murugan Ashwin,0,0,0,out,1,caught,Pradosh Ranjan Paul,101/4
1379613,2,16,5,Uthirasamy Sasidev,Baba Aparajith,Murugan Ashwin,0,0,0,no run,0,,,101/4
1379613,2,16,6,Uthirasamy Sasidev,Baba Aparajith,Murugan Ashwin,6,6,0,six,0,,,107/4
1379613,2,17,1,Baba Aparajith,Uthirasamy Sasidev,P Saravanan,0,0,0,no run,0,,,107/4
1379613,2,17,2,Baba Aparajith,Uthirasamy Sasidev,P Saravanan,1,0,1,wide,0,,,108/4
1379613,2,17,3,Baba Aparajith,Uthirasamy Sasidev,P Saravanan,6,6,0,six,0,,,114/4
1379613,2,17,4,Baba Aparajith,Uthirasamy Sasidev,P Saravanan,1,1,0,run,0,,,115/4
1379613,2,17,5,Uthirasamy Sasidev,Baba Aparajith,P Saravanan,0,0,0,out,1,bowled,Uthirasamy Sasidev,115/5
1379613,2,17,6,S Harish Kumar,Baba Aparajith,P Saravanan,1,1,0,run,0,,,116/5
1379613,2,17,7,Baba Aparajith,S Harish Kumar,P Saravanan,1,1,0,run,0,,,117/5
1379613,2,18,1,Baba Aparajith,S Harish Kumar,Gurjapneet Singh,1,1,0,run,0,,,118/5
1379613,2,18,2,S Harish Kumar,Baba Aparajith,Gurjapneet Singh,1,1,0,run,0,,,119/5
1379613,2,18,3,Baba Aparajith,S Harish Kumar,Gurjapneet Singh,1,1,0,run,0,,,120/5
1379613,2,18,4,S Harish Kumar,Baba Aparajith,Gurjapneet Singh,1,0,1,leg bye,0,,,121/5
1379613,2,18,5,Baba Aparajith,S Harish Kumar,Gurjapneet Singh,1,1,0,run,0,,,122/5
1379613,2,18,6,S Harish Kumar,Baba Aparajith,Gurjapneet Singh,1,1,0,run,0,,,123/5
1379613,2,19,1,S Harish Kumar,Baba Aparajith,Ajay K Krishna,0,0,0,out,1,caught,S Harish Kumar,123/6
1379613,2,19,2,S Madhan Kumar,Baba Aparajith,Ajay K Krishna,0,0,0,out,1,caught,S Madhan Kumar,123/7
1379613,2,19,3,Ramalingam Rohit,Baba Aparajith,Ajay K Krishna,0,0,0,no run,0,,,123/7
1379613,2,19,4,Ramalingam Rohit,Baba Aparajith,Ajay K Krishna,0,0,0,out,1,caught,Ramalingam Rohit,123/8
1379613,2,19,5,Rahil S Shah,Baba Aparajith,Ajay K Krishna,1,0,1,wide,0,,,124/8
1379613,2,19,6,Rahil S Shah,Baba Aparajith,Ajay K Krishna,1,1,0,run,0,,,125/8
1379613,2,19,7,Baba Aparajith,Rahil S Shah,Ajay K Krishna,1,0,1,wide,0,,,126/8
1379613,2,19,8,Baba Aparajith,Rahil S Shah,Ajay K Krishna,1,1,0,run,0,,,127/8
1379613,2,20,1,Baba Aparajith,Rahil S Shah,Gurjapneet Singh,0,0,0,out,1,caught,Baba Aparajith,127/9
1379613,2,20,2,M Silambarasan,Rahil S Shah,Gurjapneet Singh,1,1,0,run,0,,,128/9
1379613,2,20,3,Rahil S Shah,M Silambarasan,Gurjapneet Singh,0,0,0,no run,0,,,128/9
1379613,2,20,4,Rahil S Shah,M Silambarasan,Gurjapneet Singh,0,0,0,no run,0,,,128/9
1379613,2,20,5,Rahil S Shah,M Silambarasan,Gurjapneet Singh,0,0,0,no run,0,,,128/9
1379613,2,20,6,Rahil S Shah,M Silambarasan,Gurjapneet Singh,1,1,0,run,0,,,129/9
1379614,1,1,1,S Sujay,Jayaraman Suresh Kumar,Abhishek Baljeetsingh Tanwar,4,4,0,four,0,,,4/0
1379614,1,1,2,S Sujay,Jayaraman Suresh Kumar,Abhishek Baljeetsingh Tanwar,1,1,0,run,0,,,5/0
1379614,1,1,3,Jayaraman Suresh Kumar,S Sujay,Abhishek Baljeetsingh Tanwar,4,4,0,four,0,,,9/0
1379614,1,1,4,Jayaraman Suresh Kumar,S Sujay,Abhishek Baljeetsingh Tanwar,0,0,0,no run,0,,,9/0
1379614,1,1,5,Jayaraman Suresh Kumar,S Sujay,Abhishek Baljeetsingh Tanwar,0,0,0,no run,0,,,9/0
1379614,1,1,6,Jayaraman Suresh Kumar,S Sujay,Abhishek Baljeetsingh Tanwar,0,0,0,no run,0,,,9/0
1379614,1,2,1,S Sujay,Jayaraman Suresh Kumar,Sunny Sandhu,0,0,0,no run,0,,,9/0
1379614,1,2,2,S Sujay,Jayaraman Suresh Kumar,Sunny Sandhu,0,0,0,no run,0,,,9/0
1379614,1,2,3,S Sujay,Jayaraman Suresh Kumar,Sunny Sandhu,0,0,0,no run,0,,,9/0
1379614,1,2,4,S Sujay,Jayaraman Suresh Kumar,Sunny Sandhu,1,1,0,run,0,,,10/0
1379614,1,2,5,Jayaraman Suresh Kumar,S Sujay,Sunny Sandhu,1,0,1,leg bye,0,,,11/0
1379614,1,2,6,S Sujay,Jayaraman Suresh Kumar,Sunny Sandhu,4,4,0,four,0,,,15/0
1379614,1,3,1,Jayaraman Suresh Kumar,S Sujay,Abhishek Baljeetsingh Tanwar,0,0,0,out,1,caught,Jayaraman Suresh Kumar,15/1
1379614,1,3,2,Bhardwaj Sai Sudharsan,S Sujay,Abhishek Baljeetsingh Tanwar,4,4,0,four,0,,,19/1
1379614,1,3,3,Bhardwaj Sai Sudharsan,S Sujay,Abhishek Baljeetsingh Tanwar,1,1,0,run,0,,,20/1
1379614,1,3,4,S Sujay,Bhardwaj Sai Sudharsan,Abhishek Baljeetsingh Tanwar,1,1,0,run,0,,,21/1
1379614,1,3,5,Bhardwaj Sai Sudharsan,S Sujay,Abhishek Baljeetsingh Tanwar,0,0,0,no run,0,,,21/1
1379614,1,3,6,Bhardwaj Sai Sudharsan,S Sujay,Abhishek Baljeetsingh Tanwar,1,1,0,run,0,,,22/1
1379614,1,4,1,Bhardwaj Sai Sudharsan,S Sujay,Sunny Sandhu,4,4,0,four,0,,,26/1
1379614,1,4,2,Bhardwaj Sai Sudharsan,S Sujay,Sunny Sandhu,1,1,0,run,0,,,27/1
1379614,1,4,3,S Sujay,Bhardwaj Sai Sudharsan,Sunny Sandhu,2,2,0,run,0,,,29/1
1379614,1,4,4,S Sujay,Bhardwaj Sai Sudharsan,Sunny Sandhu,1,1,0,run,0,,,30/1
1379614,1,4,5,Bhardwaj Sai Sudharsan,S Sujay,Sunny Sandhu,4,4,0,four,0,,,34/1
1379614,1,4,6,Bhardwaj Sai Sudharsan,S Sujay,Sunny Sandhu,0,0,0,no run,0,,,34/1
1379614,1,5,1,S Sujay,Bhardwaj Sai Sudharsan,M Ganesh Moorthi,1,0,1,bye,0,,,35/1
1379614,1,5,2,Bhardwaj Sai Sudharsan,S Sujay,M Ganesh Moorthi,1,1,0,run,0,,,36/1
1379614,1,5,3,S Sujay,Bhardwaj Sai Sudharsan,M Ganesh Moorthi,4,4,0,four,0,,,40/1
1379614,1,5,4,S Sujay,Bhardwaj Sai Sudharsan,M Ganesh Moorthi,1,1,0,run,0,,,41/1
1379614,1,5,5,Bhardwaj Sai Sudharsan,S Sujay,M Ganesh Moorthi,0,0,0,no run,0,,,41/1
1379614,1,5,6,Bhardwaj Sai Sudharsan,S Sujay,M Ganesh Moorthi,0,0,0,no run,0,,,41/1
1379614,1,6,1,S Sujay,Bhardwaj Sai Sudharsan,Rajendran Karthikeyan,1,1,0,run,0,,,42/1
1379614,1,6,2,Bhardwaj Sai Sudharsan,S Sujay,Rajendran Karthikeyan,1,1,0,run,0,,,43/1
1379614,1,6,3,S Sujay,Bhardwaj Sai Sudharsan,Rajendran Karthikeyan,0,0,0,no run,0,,,43/1
1379614,1,6,4,S Sujay,Bhardwaj Sai Sudharsan,Rajendran Karthikeyan,4,4,0,four,0,,,47/1
1379614,1,6,5,S Sujay,Bhardwaj Sai Sudharsan,Rajendran Karthikeyan,0,0,0,no run,0,,,47/1
1379614,1,6,6,S Sujay,Bhardwaj Sai Sudharsan,Rajendran Karthikeyan,4,4,0,four,0,,,51/1
1379614,1,7,1,Bhardwaj Sai Sudharsan,S Sujay,Sachin Rathi,2,2,0,run,0,,,53/1
1379614,1,7,2,Bhardwaj Sai Sudharsan,S Sujay,Sachin Rathi,1,1,0,run,0,,,54/1
1379614,1,7,3,S Sujay,Bhardwaj Sai Sudharsan,Sachin Rathi,1,0,1,wide,0,,,55/1
1379614,1,7,4,S Sujay,Bhardwaj Sai Sudharsan,Sachin Rathi,0,0,0,no run,0,,,55/1
1379614,1,7,5,S Sujay,Bhardwaj Sai Sudharsan,Sachin Rathi,1,1,0,run,0,,,56/1
1379614,1,7,6,Bhardwaj Sai Sudharsan,S Sujay,Sachin Rathi,1,1,0,run,0,,,57/1
1379614,1,7,7,S Sujay,Bhardwaj Sai Sudharsan,Sachin Rathi,1,1,0,run,0,,,58/1
1379614,1,8,1,S Sujay,Bhardwaj Sai Sudharsan,Akash Sumra,1,1,0,run,0,,,59/1
1379614,1,8,2,Bhardwaj Sai Sudharsan,S Sujay,Akash Sumra,1,1,0,run,0,,,60/1
1379614,1,8,3,S Sujay,Bhardwaj Sai Sudharsan,Akash Sumra,1,1,0,run,0,,,61/1
1379614,1,8,4,Bhardwaj Sai Sudharsan,S Sujay,Akash Sumra,4,4,0,four,0,,,65/1
1379614,1,8,5,Bhardwaj Sai Sudharsan,S Sujay,Akash Sumra,4,4,0,four,0,,,69/1
1379614,1,8,6,Bhardwaj Sai Sudharsan,S Sujay,Akash Sumra,2,2,0,run,0,,,71/1
1379614,1,9,1,S Sujay,Bhardwaj Sai Sudharsan,M Ganesh Moorthi,1,1,0,run,0,,,72/1
1379614,1,9,2,Bhardwaj Sai Sudharsan,S Sujay,M Ganesh Moorthi,0,0,0,no run,0,,,72/1
1379614,1,9,3,Bhardwaj Sai Sudharsan,S Sujay,M Ganesh Moorthi,1,1,0,run,0,,,73/1
1379614,1,9,4,S Sujay,Bhardwaj Sai Sudharsan,M Ganesh Moorthi,1,0,1,wide,0,,,74/1
1379614,1,9,5,S Sujay,Bhardwaj Sai Sudharsan,M Ganesh Moorthi,1,1,0,run,0,,,75/1
1379614,1,9,6,Bhardwaj Sai Sudharsan,S Sujay,M Ganesh Moorthi,1,1,0,run,0,,,76/1
1379614,1,9,7,S Sujay,Bhardwaj Sai Sudharsan,M Ganesh Moorthi,1,1,0,run,0,,,77/1
1379614,1,10,1,S Sujay,Bhardwaj Sai Sudharsan,Rajendran Karthikeyan,0,0,0,no run,0,,,77/1
1379614,1,10,2,S Sujay,Bhardwaj Sai Sudharsan,Rajendran Karthikeyan,2,2,0,run,0,,,79/1
1379614,1,10,3,S Sujay,Bhardwaj Sai Sudharsan,Rajendran Karthikeyan,2,2,0,run,0,,,81/1
1379614,1,10,4,S Sujay,Bhardwaj Sai Sudharsan,Rajendran Karthikeyan,1,1,0,run,0,,,82/1
1379614,1,10,5,Bhardwaj Sai Sudharsan,S Sujay,Rajendran Karthikeyan,4,4,0,four,0,,,86/1
1379614,1,10,6,Bhardwaj Sai Sudharsan,S Sujay,Rajendran Karthikeyan,0,0,0,no run,0,,,86/1
1379614,1,11,1,S Sujay,Bhardwaj Sai Sudharsan,Kaushik Mohan Gandhi,4,4,0,four,0,,,90/1
1379614,1,11,2,S Sujay,Bhardwaj Sai Sudharsan,Kaushik Mohan Gandhi,0,0,0,out,1,caught,S Sujay,90/2
1379614,1,11,3,Atheeq Ur Rahman,Bhardwaj Sai Sudharsan,Kaushik Mohan Gandhi,0,0,0,no run,0,,,90/2
1379614,1,11,4,Atheeq Ur Rahman,Bhardwaj Sai Sudharsan,Kaushik Mohan Gandhi,1,1,0,run,0,,,91/2
1379614,1,11,5,Bhardwaj Sai Sudharsan,Atheeq Ur Rahman,Kaushik Mohan Gandhi,1,1,0,run,0,,,92/2
1379614,1,11,6,Atheeq Ur Rahman,Bhardwaj Sai Sudharsan,Kaushik Mohan Gandhi,2,2,0,run,0,,,94/2
1379614,1,12,1,Bhardwaj Sai Sudharsan,Atheeq Ur Rahman,Sachin Rathi,0,0,0,no run,0,,,94/2
1379614,1,12,2,Bhardwaj Sai Sudharsan,Atheeq Ur Rahman,Sachin Rathi,2,2,0,run,0,,,96/2
1379614,1,12,3,Bhardwaj Sai Sudharsan,Atheeq Ur Rahman,Sachin Rathi,0,0,0,out,1,caught,Bhardwaj Sai Sudharsan,96/3
1379614,1,12,4,U Mukilesh,Atheeq Ur Rahman,Sachin Rathi,2,2,0,run,0,,,98/3
1379614,1,12,5,U Mukilesh,Atheeq Ur Rahman,Sachin Rathi,1,1,0,run,0,,,99/3
1379614,1,12,6,Atheeq Ur Rahman,U Mukilesh,Sachin Rathi,4,4,0,four,0,,,103/3
1379614,1,13,1,U Mukilesh,Atheeq Ur Rahman,Rajendran Karthikeyan,0,0,0,no run,0,,,103/3
1379614,1,13,2,U Mukilesh,Atheeq Ur Rahman,Rajendran Karthikeyan,1,1,0,run,0,,,104/3
1379614,1,13,3,Atheeq Ur Rahman,U Mukilesh,Rajendran Karthikeyan,1,1,0,run,0,,,105/3
1379614,1,13,4,U Mukilesh,Atheeq Ur Rahman,Rajendran Karthikeyan,1,1,0,run,1,run out,U Mukilesh,106/4
1379614,1,13,5,R Ram Arvindh,Atheeq Ur Rahman,Rajendran Karthikeyan,1,1,0,run,0,,,107/4
1379614,1,13,6,Atheeq Ur Rahman,R Ram Arvindh,Rajendran Karthikeyan,4,4,0,four,0,,,111/4
1379614,1,14,1,R Ram Arvindh,Atheeq Ur Rahman,Sachin Rathi,0,0,0,no run,0,,,111/4
1379614,1,14,2,R Ram Arvindh,Atheeq Ur Rahman,Sachin Rathi,1,1,0,run,0,,,112/4
1379614,1,14,3,Atheeq Ur Rahman,R Ram Arvindh,Sachin Rathi,0,0,0,no run,0,,,112/4
1379614,1,14,4,Atheeq Ur Rahman,R Ram Arvindh,Sachin Rathi,2,2,0,run,0,,,114/4
1379614,1,14,5,Atheeq Ur Rahman,R Ram Arvindh,Sachin Rathi,6,6,0,six,0,,,120/4
1379614,1,14,6,Atheeq Ur Rahman,R Ram Arvindh,Sachin Rathi,0,0,0,no run,0,,,120/4
1379614,1,15,1,R Ram Arvindh,Atheeq Ur Rahman,Akash Sumra,1,1,0,run,0,,,121/4
1379614,1,15,2,Atheeq Ur Rahman,R Ram Arvindh,Akash Sumra,1,1,0,run,0,,,122/4
1379614,1,15,3,R Ram Arvindh,Atheeq Ur Rahman,Akash Sumra,6,6,0,six,0,,,128/4
1379614,1,15,4,R Ram Arvindh,Atheeq Ur Rahman,Akash Sumra,1,1,0,run,0,,,129/4
1379614,1,15,5,Atheeq Ur Rahman,R Ram Arvindh,Akash Sumra,2,2,0,run,0,,,131/4
1379614,1,15,6,Atheeq Ur Rahman,R Ram Arvindh,Akash Sumra,4,4,0,four,0,,,135/4
1379614,1,16,1,R Ram Arvindh,Atheeq Ur Rahman,Sachin Rathi,1,1,0,run,0,,,136/4
1379614,1,16,2,Atheeq Ur Rahman,R Ram Arvindh,Sachin Rathi,1,1,0,run,0,,,137/4
1379614,1,16,3,R Ram Arvindh,Atheeq Ur Rahman,Sachin Rathi,2,2,0,run,0,,,139/4
1379614,1,16,4,R Ram Arvindh,Atheeq Ur Rahman,Sachin Rathi,1,1,0,run,0,,,140/4
1379614,1,16,5,Atheeq Ur Rahman,R Ram Arvindh,Sachin Rathi,1,1,0,run,0,,,141/4
1379614,1,16,6,R Ram Arvindh,Atheeq Ur Rahman,Sachin Rathi,0,0,0,no run,0,,,141/4
1379614,1,17,1,Atheeq Ur Rahman,R Ram Arvindh,Sunny Sandhu,1,1,0,run,0,,,142/4
1379614,1,17,2,R Ram Arvindh,Atheeq Ur Rahman,Sunny Sandhu,1,1,0,run,0,,,143/4
1379614,1,17,3,Atheeq Ur Rahman,R Ram Arvindh,Sunny Sandhu,1,1,0,run,0,,,144/4
1379614,1,17,4,R Ram Arvindh,Atheeq Ur Rahman,Sunny Sandhu,1,1,0,run,0,,,145/4
1379614,1,17,5,Atheeq Ur Rahman,R Ram Arvindh,Sunny Sandhu,0,0,0,out,1,caught,Atheeq Ur Rahman,145/5
1379614,1,17,6,Masood Shahrukh Khan,R Ram Arvindh,Sunny Sandhu,2,2,0,run,0,,,147/5
1379614,1,18,1,R Ram Arvindh,Masood Shahrukh Khan,Abhishek Baljeetsingh Tanwar,1,1,0,run,0,,,148/5
1379614,1,18,2,Masood Shahrukh Khan,R Ram Arvindh,Abhishek Baljeetsingh Tanwar,1,1,0,run,0,,,149/5
1379614,1,18,3,R Ram Arvindh,Masood Shahrukh Khan,Abhishek Baljeetsingh Tanwar,0,0,0,no run,0,,,149/5
1379614,1,18,4,R Ram Arvindh,Masood Shahrukh Khan,Abhishek Baljeetsingh Tanwar,6,6,0,six,0,,,155/5
1379614,1,18,5,R Ram Arvindh,Masood Shahrukh Khan,Abhishek Baljeetsingh Tanwar,4,4,0,four,0,,,159/5
1379614,1,18,6,R Ram Arvindh,Masood Shahrukh Khan,Abhishek Baljeetsingh Tanwar,4,4,0,four,0,,,163/5
1379614,1,19,1,Masood Shahrukh Khan,R Ram Arvindh,Sunny Sandhu,4,4,0,four,0,,,167/5
1379614,1,19,2,Masood Shahrukh Khan,R Ram Arvindh,Sunny Sandhu,4,4,0,four,0,,,171/5
1379614,1,19,3,Masood Shahrukh Khan,R Ram Arvindh,Sunny Sandhu,0,0,0,out,1,caught,Masood Shahrukh Khan,171/6
1379614,1,19,4,M Mohammed,R Ram Arvindh,Sunny Sandhu,1,0,1,wide,0,,,172/6
1379614,1,19,5,M Mohammed,R Ram Arvindh,Sunny Sandhu,6,6,0,six,0,,,178/6
1379614,1,19,6,M Mohammed,R Ram Arvindh,Sunny Sandhu,0,0,0,out,1,caught,M Mohammed,178/7
1379614,1,19,7,Manimaran Siddharth,R Ram Arvindh,Sunny Sandhu,0,0,0,no run,0,,,178/7
1379614,1,20,1,R Ram Arvindh,Manimaran Siddharth,Abhishek Baljeetsingh Tanwar,6,6,0,six,0,,,184/7
1379614,1,20,2,R Ram Arvindh,Manimaran Siddharth,Abhishek Baljeetsingh Tanwar,0,0,0,no run,0,,,184/7
1379614,1,20,3,R Ram Arvindh,Manimaran Siddharth,Abhishek Baljeetsingh Tanwar,6,6,0,six,0,,,190/7
1379614,1,20,4,R Ram Arvindh,Manimaran Siddharth,Abhishek Baljeetsingh Tanwar,6,6,0,six,0,,,196/7
1379614,1,20,5,R Ram Arvindh,Manimaran Siddharth,Abhishek Baljeetsingh Tanwar,1,1,0,run,0,,,197/7
1379614,1,20,6,Manimaran Siddharth,R Ram Arvindh,Abhishek Baljeetsingh Tanwar,2,2,0,run,1,run out,Manimaran Siddharth,199/8
1379614,2,1,1,VP Amit Sathvik,RS Mokit Hariharan,K Gowtham Thamarai Kannan,0,0,0,no run,0,,,0/0
1379614,2,1,2,VP Amit Sathvik,RS Mokit Hariharan,K Gowtham Thamarai Kannan,0,0,0,no run,0,,,0/0
1379614,2,1,3,VP Amit Sathvik,RS Mokit Hariharan,K Gowtham Thamarai Kannan,0,0,0,no run,0,,,0/0
1379614,2,1,4,VP Amit Sathvik,RS Mokit Hariharan,K Gowtham Thamarai Kannan,1,0,1,wide,0,,,1/0
1379614,2,1,5,VP Amit Sathvik,RS Mokit Hariharan,K Gowtham Thamarai Kannan,0,0,0,out,1,bowled,VP Amit Sathvik,1/1
1379614,2,1,6,Kaushik Mohan Gandhi,RS Mokit Hariharan,K Gowtham Thamarai Kannan,0,0,0,no run,0,,,1/1
1379614,2,1,7,Kaushik Mohan Gandhi,RS Mokit Hariharan,K Gowtham Thamarai Kannan,4,4,0,four,0,,,5/1
1379614,2,2,1,RS Mokit Hariharan,Kaushik Mohan Gandhi,Manimaran Siddharth,1,1,0,run,0,,,6/1
1379614,2,2,2,Kaushik Mohan Gandhi,RS Mokit Hariharan,Manimaran Siddharth,0,0,0,no run,0,,,6/1
1379614,2,2,3,Kaushik Mohan Gandhi,RS Mokit Hariharan,Manimaran Siddharth,0,0,0,out,1,bowled,Kaushik Mohan Gandhi,6/2
1379614,2,2,4,Maan K Bafna,RS Mokit Hariharan,Manimaran Siddharth,0,0,0,no run,0,,,6/2
1379614,2,2,5,Maan K Bafna,RS Mokit Hariharan,Manimaran Siddharth,1,1,0,run,0,,,7/2
1379614,2,2,6,RS Mokit Hariharan,Maan K Bafna,Manimaran Siddharth,1,1,0,run,0,,,8/2
1379614,2,3,1,RS Mokit Hariharan,Maan K Bafna,K Gowtham Thamarai Kannan,1,0,1,no ball,0,,,9/2
1379614,2,3,2,RS Mokit Hariharan,Maan K Bafna,K Gowtham Thamarai Kannan,4,4,0,four,0,,,13/2
1379614,2,3,3,RS Mokit Hariharan,Maan K Bafna,K Gowtham Thamarai Kannan,0,0,0,no run,0,,,13/2
1379614,2,3,4,RS Mokit Hariharan,Maan K Bafna,K Gowtham Thamarai Kannan,1,1,0,run,0,,,14/2
1379614,2,3,5,Maan K Bafna,RS Mokit Hariharan,K Gowtham Thamarai Kannan,1,0,1,wide,0,,,15/2
1379614,2,3,6,Maan K Bafna,RS Mokit Hariharan,K Gowtham Thamarai Kannan,1,1,0,run,0,,,16/2
1379614,2,3,7,RS Mokit Hariharan,Maan K Bafna,K Gowtham Thamarai Kannan,0,0,0,out,1,caught,RS Mokit Hariharan,16/3
1379614,2,3,8,S Abishiek,Maan K Bafna,K Gowtham Thamarai Kannan,0,0,0,no run,0,,,16/3
1379614,2,4,1,Maan K Bafna,S Abishiek,Masood Shahrukh Khan,1,1,0,run,0,,,17/3
1379614,2,4,2,S Abishiek,Maan K Bafna,Masood Shahrukh Khan,1,1,0,run,0,,,18/3
1379614,2,4,3,Maan K Bafna,S Abishiek,Masood Shahrukh Khan,1,1,0,run,0,,,19/3
1379614,2,4,4,S Abishiek,Maan K Bafna,Masood Shahrukh Khan,1,1,0,run,0,,,20/3
1379614,2,4,5,Maan K Bafna,S Abishiek,Masood Shahrukh Khan,1,1,0,run,0,,,21/3
1379614,2,4,6,S Abishiek,Maan K Bafna,Masood Shahrukh Khan,0,0,0,no run,0,,,21/3
1379614,2,5,1,Maan K Bafna,S Abishiek,K Gowtham Thamarai Kannan,4,4,0,four,0,,,25/3
1379614,2,5,2,Maan K Bafna,S Abishiek,K Gowtham Thamarai Kannan,0,0,0,no run,0,,,25/3
1379614,2,5,3,Maan K Bafna,S Abishiek,K Gowtham Thamarai Kannan,1,1,0,run,0,,,26/3
1379614,2,5,4,S Abishiek,Maan K Bafna,K Gowtham Thamarai Kannan,0,0,0,no run,0,,,26/3
1379614,2,5,5,S Abishiek,Maan K Bafna,K Gowtham Thamarai Kannan,1,0,1,no ball,0,,,27/3
1379614,2,5,6,S Abishiek,Maan K Bafna,K Gowtham Thamarai Kannan,1,1,0,run,0,,,28/3
1379614,2,5,7,Maan K Bafna,S Abishiek,K Gowtham Thamarai Kannan,0,0,0,out,1,caught,Maan K Bafna,28/4
1379614,2,6,1,S Abishiek,Sunny Sandhu,Manimaran Siddharth,4,4,0,four,0,,,32/4
1379614,2,6,2,S Abishiek,Sunny Sandhu,Manimaran Siddharth,0,0,0,no run,0,,,32/4
1379614,2,6,3,S Abishiek,Sunny Sandhu,Manimaran Siddharth,0,0,0,no run,0,,,32/4
1379614,2,6,4,S Abishiek,Sunny Sandhu,Manimaran Siddharth,1,1,0,run,0,,,33/4
1379614,2,6,5,Sunny Sandhu,S Abishiek,Manimaran Siddharth,1,1,0,run,0,,,34/4
1379614,2,6,6,S Abishiek,Sunny Sandhu,Manimaran Siddharth,1,1,0,run,0,,,35/4
1379614,2,7,1,S Abishiek,Sunny Sandhu,Jhathavedh Subramanyan,0,0,0,no run,0,,,35/4
1379614,2,7,2,S Abishiek,Sunny Sandhu,Jhathavedh Subramanyan,1,1,0,run,0,,,36/4
1379614,2,7,3,Sunny Sandhu,S Abishiek,Jhathavedh Subramanyan,1,1,0,run,0,,,37/4
1379614,2,7,4,S Abishiek,Sunny Sandhu,Jhathavedh Subramanyan,4,4,0,four,0,,,41/4
1379614,2,7,5,S Abishiek,Sunny Sandhu,Jhathavedh Subramanyan,0,0,0,no run,0,,,41/4
1379614,2,7,6,S Abishiek,Sunny Sandhu,Jhathavedh Subramanyan,0,0,0,no run,0,,,41/4
1379614,2,8,1,Sunny Sandhu,S Abishiek,M Mohammed,1,1,0,run,0,,,42/4
1379614,2,8,2,S Abishiek,Sunny Sandhu,M Mohammed,1,1,0,run,0,,,43/4
1379614,2,8,3,Sunny Sandhu,S Abishiek,M Mohammed,1,1,0,run,0,,,44/4
1379614,2,8,4,S Abishiek,Sunny Sandhu,M Mohammed,0,0,0,no run,0,,,44/4
1379614,2,8,5,S Abishiek,Sunny Sandhu,M Mohammed,0,0,0,out,1,caught,S Abishiek,44/5
1379614,2,8,6,Muhammed Adnan Khan,Sunny Sandhu,M Mohammed,0,0,0,no run,0,,,44/5
1379614,2,9,1,Sunny Sandhu,Muhammed Adnan Khan,Manimaran Siddharth,0,0,0,no run,0,,,44/5
1379614,2,9,2,Sunny Sandhu,Muhammed Adnan Khan,Manimaran Siddharth,0,0,0,no run,0,,,44/5
1379614,2,9,3,Sunny Sandhu,Muhammed Adnan Khan,Manimaran Siddharth,1,1,0,run,0,,,45/5
1379614,2,9,4,Muhammed Adnan Khan,Sunny Sandhu,Manimaran Siddharth,0,0,0,no run,0,,,45/5
1379614,2,9,5,Muhammed Adnan Khan,Sunny Sandhu,Manimaran Siddharth,0,0,0,no run,0,,,45/5
1379614,2,9,6,Muhammed Adnan Khan,Sunny Sandhu,Manimaran Siddharth,0,0,0,no run,0,,,45/5
1379614,2,10,1,Sunny Sandhu,Muhammed Adnan Khan,Jhathavedh Subramanyan,1,1,0,run,0,,,46/5
1379614,2,10,2,Muhammed Adnan Khan,Sunny Sandhu,Jhathavedh Subramanyan,0,0,0,no run,0,,,46/5
1379614,2,10,3,Muhammed Adnan Khan,Sunny Sandhu,Jhathavedh Subramanyan,1,1,0,run,0,,,47/5
1379614,2,10,4,Sunny Sandhu,Muhammed Adnan Khan,Jhathavedh Subramanyan,0,0,0,no run,0,,,47/5
1379614,2,10,5,Sunny Sandhu,Muhammed Adnan Khan,Jhathavedh Subramanyan,4,4,0,four,0,,,51/5
1379614,2,10,6,Sunny Sandhu,Muhammed Adnan Khan,Jhathavedh Subramanyan,1,1,0,run,0,,,52/5
1379614,2,11,1,Sunny Sandhu,Muhammed Adnan Khan,Valliappan Yudheeswaran,6,6,0,six,0,,,58/5
1379614,2,11,2,Sunny Sandhu,Muhammed Adnan Khan,Valliappan Yudheeswaran,0,0,0,no run,0,,,58/5
1379614,2,11,3,Sunny Sandhu,Muhammed Adnan Khan,Valliappan Yudheeswaran,6,6,0,six,0,,,64/5
1379614,2,11,4,Sunny Sandhu,Muhammed Adnan Khan,Valliappan Yudheeswaran,1,1,0,run,0,,,65/5
1379614,2,11,5,Muhammed Adnan Khan,Sunny Sandhu,Valliappan Yudheeswaran,0,0,0,no run,0,,,65/5
1379614,2,11,6,Muhammed Adnan Khan,Sunny Sandhu,Valliappan Yudheeswaran,0,0,0,no run,0,,,65/5
1379614,2,12,1,Sunny Sandhu,Muhammed Adnan Khan,M Mohammed,1,1,0,run,0,,,66/5
1379614,2,12,2,Muhammed Adnan Khan,Sunny Sandhu,M Mohammed,2,0,2,leg bye,0,,,68/5
1379614,2,12,3,Muhammed Adnan Khan,Sunny Sandhu,M Mohammed,4,4,0,four,0,,,72/5
1379614,2,12,4,Muhammed Adnan Khan,Sunny Sandhu,M Mohammed,1,1,0,run,0,,,73/5
1379614,2,12,5,Sunny Sandhu,Muhammed Adnan Khan,M Mohammed,1,1,0,run,0,,,74/5
1379614,2,12,6,Muhammed Adnan Khan,Sunny Sandhu,M Mohammed,1,1,0,run,0,,,75/5
1379614,2,13,1,Muhammed Adnan Khan,Sunny Sandhu,Manimaran Siddharth,0,0,0,no run,0,,,75/5
1379614,2,13,2,Muhammed Adnan Khan,Sunny Sandhu,Manimaran Siddharth,1,1,0,run,0,,,76/5
1379614,2,13,3,Sunny Sandhu,Muhammed Adnan Khan,Manimaran Siddharth,2,2,0,run,0,,,78/5
1379614,2,13,4,Sunny Sandhu,Muhammed Adnan Khan,Manimaran Siddharth,1,1,0,run,0,,,79/5
1379614,2,13,5,Muhammed Adnan Khan,Sunny Sandhu,Manimaran Siddharth,0,0,0,out,1,run out,Sunny Sandhu,79/6
1379614,2,13,6,Akash Sumra,Muhammed Adnan Khan,Manimaran Siddharth,0,0,0,no run,0,,,79/6
1379614,2,14,1,Muhammed Adnan Khan,Akash Sumra,Masood Shahrukh Khan,6,6,0,six,0,,,85/6
1379614,2,14,2,Muhammed Adnan Khan,Akash Sumra,Masood Shahrukh Khan,6,6,0,six,0,,,91/6
1379614,2,14,3,Muhammed Adnan Khan,Akash Sumra,Masood Shahrukh Khan,0,0,0,out,1,caught,Muhammed Adnan Khan,91/7
1379614,2,14,4,Abhishek Baljeetsingh Tanwar,Akash Sumra,Masood Shahrukh Khan,1,1,0,run,0,,,92/7
1379614,2,14,5,Akash Sumra,Abhishek Baljeetsingh Tanwar,Masood Shahrukh Khan,1,1,0,run,0,,,93/7
1379614,2,14,6,Abhishek Baljeetsingh Tanwar,Akash Sumra,Masood Shahrukh Khan,0,0,0,no run,0,,,93/7
1379614,2,15,1,Akash Sumra,Abhishek Baljeetsingh Tanwar,Jhathavedh Subramanyan,1,1,0,run,0,,,94/7
1379614,2,15,2,Abhishek Baljeetsingh Tanwar,Akash Sumra,Jhathavedh Subramanyan,0,0,0,no run,0,,,94/7
1379614,2,15,3,Abhishek Baljeetsingh Tanwar,Akash Sumra,Jhathavedh Subramanyan,1,1,0,run,0,,,95/7
1379614,2,15,4,Akash Sumra,Abhishek Baljeetsingh Tanwar,Jhathavedh Subramanyan,1,1,0,run,0,,,96/7
1379614,2,15,5,Abhishek Baljeetsingh Tanwar,Akash Sumra,Jhathavedh Subramanyan,1,1,0,run,0,,,97/7
1379614,2,15,6,Akash Sumra,Abhishek Baljeetsingh Tanwar,Jhathavedh Subramanyan,4,4,0,four,0,,,101/7
1379614,2,16,1,Abhishek Baljeetsingh Tanwar,Akash Sumra,Masood Shahrukh Khan,0,0,0,no run,0,,,101/7
1379614,2,16,2,Abhishek Baljeetsingh Tanwar,Akash Sumra,Masood Shahrukh Khan,1,1,0,run,0,,,102/7
1379614,2,16,3,Akash Sumra,Abhishek Baljeetsingh Tanwar,Masood Shahrukh Khan,1,1,0,run,0,,,103/7
1379614,2,16,4,Abhishek Baljeetsingh Tanwar,Akash Sumra,Masood Shahrukh Khan,0,0,0,out,1,caught,Abhishek Baljeetsingh Tanwar,103/8
1379614,2,16,5,Sachin Rathi,Akash Sumra,Masood Shahrukh Khan,1,1,0,run,0,,,104/8
1379614,2,16,6,Akash Sumra,Sachin Rathi,Masood Shahrukh Khan,1,1,0,run,0,,,105/8
1379614,2,17,1,Akash Sumra,Sachin Rathi,Jhathavedh Subramanyan,0,0,0,no run,0,,,105/8
1379614,2,17,2,Akash Sumra,Sachin Rathi,Jhathavedh Subramanyan,1,1,0,run,0,,,106/8
1379614,2,17,3,Sachin Rathi,Akash Sumra,Jhathavedh Subramanyan,0,0,0,out,1,caught,Sachin Rathi,106/9
1379614,2,17,4,Rajendran Karthikeyan,Akash Sumra,Jhathavedh Subramanyan,0,0,0,no run,0,,,106/9
1379614,2,17,5,Rajendran Karthikeyan,Akash Sumra,Jhathavedh Subramanyan,1,1,0,run,0,,,107/9
1379614,2,17,6,Akash Sumra,Rajendran Karthikeyan,Jhathavedh Subramanyan,4,4,0,four,0,,,111/9
1379614,2,18,1,Rajendran Karthikeyan,Akash Sumra,Masood Shahrukh Khan,1,1,0,run,0,,,112/9
1379614,2,18,2,Akash Sumra,Rajendran Karthikeyan,Masood Shahrukh Khan,0,0,0,no run,0,,,112/9
1379614,2,18,3,Akash Sumra,Rajendran Karthikeyan,Masood Shahrukh Khan,4,4,0,four,0,,,116/9
1379614,2,18,4,Akash Sumra,Rajendran Karthikeyan,Masood Shahrukh Khan,1,1,0,run,0,,,117/9
1379614,2,18,5,Rajendran Karthikeyan,Akash Sumra,Masood Shahrukh Khan,0,0,0,no run,0,,,117/9
1379614,2,18,6,Rajendran Karthikeyan,Akash Sumra,Masood Shahrukh Khan,0,0,0,no run,0,,,117/9
1379614,2,19,1,Akash Sumra,Rajendran Karthikeyan,Valliappan Yudheeswaran,1,1,0,run,0,,,118/9
1379614,2,19,2,Rajendran Karthikeyan,Akash Sumra,Valliappan Yudheeswaran,0,0,0,no run,0,,,118/9
1379614,2,19,3,Rajendran Karthikeyan,Akash Sumra,Valliappan Yudheeswaran,0,0,0,no run,0,,,118/9
1379614,2,19,4,Rajendran Karthikeyan,Akash Sumra,Valliappan Yudheeswaran,0,0,0,no run,0,,,118/9
1379614,2,19,5,Rajendran Karthikeyan,Akash Sumra,Valliappan Yudheeswaran,1,1,0,run,0,,,119/9
1379614,2,19,6,Akash Sumra,Rajendran Karthikeyan,Valliappan Yudheeswaran,1,0,1,wide,0,,,120/9
1379614,2,19,7,Akash Sumra,Rajendran Karthikeyan,Valliappan Yudheeswaran,0,0,0,out,1,caught,Akash Sumra,120/10
1379615,1,1,1,Sundararaman Radhakrishnan,Tushar Raheja,P Saravana Kumar,1,1,0,run,0,,,1/0
1379615,1,1,2,Tushar Raheja,Sundararaman Radhakrishnan,P Saravana Kumar,1,1,0,run,0,,,2/0
1379615,1,1,3,Sundararaman Radhakrishnan,Tushar Raheja,P Saravana Kumar,0,0,0,no run,0,,,2/0
1379615,1,1,4,Sundararaman Radhakrishnan,Tushar Raheja,P Saravana Kumar,4,4,0,four,0,,,6/0
1379615,1,1,5,Sundararaman Radhakrishnan,Tushar Raheja,P Saravana Kumar,0,0,0,no run,0,,,6/0
1379615,1,1,6,Sundararaman Radhakrishnan,Tushar Raheja,P Saravana Kumar,0,0,0,no run,0,,,6/0
1379615,1,2,1,Tushar Raheja,Sundararaman Radhakrishnan,G Kishoor,2,2,0,run,0,,,8/0
1379615,1,2,2,Tushar Raheja,Sundararaman Radhakrishnan,G Kishoor,1,1,0,run,0,,,9/0
1379615,1,2,3,Sundararaman Radhakrishnan,Tushar Raheja,G Kishoor,0,0,0,no run,0,,,9/0
1379615,1,2,4,Sundararaman Radhakrishnan,Tushar Raheja,G Kishoor,1,1,0,run,0,,,10/0
1379615,1,2,5,Tushar Raheja,Sundararaman Radhakrishnan,G Kishoor,0,0,0,no run,0,,,10/0
1379615,1,2,6,Tushar Raheja,Sundararaman Radhakrishnan,G Kishoor,0,0,0,no run,0,,,10/0
1379615,1,3,1,Sundararaman Radhakrishnan,Tushar Raheja,P Saravana Kumar,0,0,0,no run,0,,,10/0
1379615,1,3,2,Sundararaman Radhakrishnan,Tushar Raheja,P Saravana Kumar,0,0,0,no run,0,,,10/0
1379615,1,3,3,Sundararaman Radhakrishnan,Tushar Raheja,P Saravana Kumar,1,1,0,run,0,,,11/0
1379615,1,3,4,Tushar Raheja,Sundararaman Radhakrishnan,P Saravana Kumar,0,0,0,no run,0,,,11/0
1379615,1,3,5,Tushar Raheja,Sundararaman Radhakrishnan,P Saravana Kumar,4,4,0,four,0,,,15/0
1379615,1,3,6,Tushar Raheja,Sundararaman Radhakrishnan,P Saravana Kumar,1,1,0,run,0,,,16/0
1379615,1,4,1,Tushar Raheja,Sundararaman Radhakrishnan,G Kishoor,4,4,0,four,0,,,20/0
1379615,1,4,2,Tushar Raheja,Sundararaman Radhakrishnan,G Kishoor,0,0,0,no run,0,,,20/0
1379615,1,4,3,Tushar Raheja,Sundararaman Radhakrishnan,G Kishoor,0,0,0,no run,0,,,20/0
1379615,1,4,4,Tushar Raheja,Sundararaman Radhakrishnan,G Kishoor,0,0,0,no run,0,,,20/0
1379615,1,4,5,Tushar Raheja,Sundararaman Radhakrishnan,G Kishoor,1,1,0,run,0,,,21/0
1379615,1,4,6,Sundararaman Radhakrishnan,Tushar Raheja,G Kishoor,0,0,0,no run,0,,,21/0
1379615,1,5,1,Tushar Raheja,Sundararaman Radhakrishnan,P Saravana Kumar,6,6,0,six,0,,,27/0
1379615,1,5,2,Tushar Raheja,Sundararaman Radhakrishnan,P Saravana Kumar,6,6,0,six,0,,,33/0
1379615,1,5,3,Tushar Raheja,Sundararaman Radhakrishnan,P Saravana Kumar,0,0,0,no run,0,,,33/0
1379615,1,5,4,Tushar Raheja,Sundararaman Radhakrishnan,P Saravana Kumar,1,1,0,run,0,,,34/0
1379615,1,5,5,Sundararaman Radhakrishnan,Tushar Raheja,P Saravana Kumar,1,0,1,wide,0,,,35/0
1379615,1,5,6,Sundararaman Radhakrishnan,Tushar Raheja,P Saravana Kumar,1,1,0,run,0,,,36/0
1379615,1,5,7,Tushar Raheja,Sundararaman Radhakrishnan,P Saravana Kumar,0,0,0,no run,0,,,36/0
1379615,1,6,1,Sundararaman Radhakrishnan,Tushar Raheja,Varun Chakravarthy Vinod,1,1,0,run,0,,,37/0
1379615,1,6,2,Tushar Raheja,Sundararaman Radhakrishnan,Varun Chakravarthy Vinod,0,0,0,no run,0,,,37/0
1379615,1,6,3,Tushar Raheja,Sundararaman Radhakrishnan,Varun Chakravarthy Vinod,1,1,0,run,0,,,38/0
1379615,1,6,4,Sundararaman Radhakrishnan,Tushar Raheja,Varun Chakravarthy Vinod,0,0,0,no run,0,,,38/0
1379615,1,6,5,Sundararaman Radhakrishnan,Tushar Raheja,Varun Chakravarthy Vinod,1,1,0,run,0,,,39/0
1379615,1,6,6,Tushar Raheja,Sundararaman Radhakrishnan,Varun Chakravarthy Vinod,1,1,0,run,0,,,40/0
1379615,1,7,1,Tushar Raheja,Sundararaman Radhakrishnan,Raju Aushik Srinivas,1,1,0,run,0,,,41/0
1379615,1,7,2,Sundararaman Radhakrishnan,Tushar Raheja,Raju Aushik Srinivas,0,0,0,out,1,caught,Sundararaman Radhakrishnan,41/1
1379615,1,7,3,Ravisrinivasan Sai Kishore,Tushar Raheja,Raju Aushik Srinivas,0,0,0,no run,0,,,41/1
1379615,1,7,4,Ravisrinivasan Sai Kishore,Tushar Raheja,Raju Aushik Srinivas,4,4,0,four,0,,,45/1
1379615,1,7,5,Ravisrinivasan Sai Kishore,Tushar Raheja,Raju Aushik Srinivas,6,6,0,six,0,,,51/1
1379615,1,7,6,Ravisrinivasan Sai Kishore,Tushar Raheja,Raju Aushik Srinivas,1,1,0,run,0,,,52/1
1379615,1,8,1,Ravisrinivasan Sai Kishore,Tushar Raheja,Varun Chakravarthy Vinod,6,6,0,six,0,,,58/1
1379615,1,8,2,Ravisrinivasan Sai Kishore,Tushar Raheja,Varun Chakravarthy Vinod,0,0,0,no run,0,,,58/1
1379615,1,8,3,Ravisrinivasan Sai Kishore,Tushar Raheja,Varun Chakravarthy Vinod,0,0,0,no run,0,,,58/1
1379615,1,8,4,Ravisrinivasan Sai Kishore,Tushar Raheja,Varun Chakravarthy Vinod,0,0,0,out,1,run out,Tushar Raheja,58/2
1379615,1,8,5,Vijay Shankar,Ravisrinivasan Sai Kishore,Varun Chakravarthy Vinod,1,1,0,run,0,,,59/2
1379615,1,8,6,Ravisrinivasan Sai Kishore,Vijay Shankar,Varun Chakravarthy Vinod,1,1,0,run,0,,,60/2
1379615,1,9,1,Ravisrinivasan Sai Kishore,Vijay Shankar,Subodh Bhati,1,1,0,run,0,,,61/2
1379615,1,9,2,Vijay Shankar,Ravisrinivasan Sai Kishore,Subodh Bhati,1,1,0,run,0,,,62/2
1379615,1,9,3,Ravisrinivasan Sai Kishore,Vijay Shankar,Subodh Bhati,0,0,0,no run,0,,,62/2
1379615,1,9,4,Ravisrinivasan Sai Kishore,Vijay Shankar,Subodh Bhati,0,0,0,no run,0,,,62/2
1379615,1,9,5,Ravisrinivasan Sai Kishore,Vijay Shankar,Subodh Bhati,0,0,0,no run,0,,,62/2
1379615,1,9,6,Ravisrinivasan Sai Kishore,Vijay Shankar,Subodh Bhati,1,1,0,run,0,,,63/2
1379615,1,10,1,Ravisrinivasan Sai Kishore,Vijay Shankar,Boopathi Vaishna Kumar,0,0,0,no run,0,,,63/2
1379615,1,10,2,Ravisrinivasan Sai Kishore,Vijay Shankar,Boopathi Vaishna Kumar,0,0,0,no run,0,,,63/2
1379615,1,10,3,Ravisrinivasan Sai Kishore,Vijay Shankar,Boopathi Vaishna Kumar,6,6,0,six,0,,,69/2
1379615,1,10,4,Ravisrinivasan Sai Kishore,Vijay Shankar,Boopathi Vaishna Kumar,0,0,0,no run,0,,,69/2
1379615,1,10,5,Ravisrinivasan Sai Kishore,Vijay Shankar,Boopathi Vaishna Kumar,1,1,0,run,0,,,70/2
1379615,1,10,6,Vijay Shankar,Ravisrinivasan Sai Kishore,Boopathi Vaishna Kumar,4,4,0,four,0,,,74/2
1379615,1,11,1,Ravisrinivasan Sai Kishore,Vijay Shankar,Subodh Bhati,4,4,0,four,0,,,78/2
1379615,1,11,2,Ravisrinivasan Sai Kishore,Vijay Shankar,Subodh Bhati,1,1,0,run,0,,,79/2
1379615,1,11,3,Vijay Shankar,Ravisrinivasan Sai Kishore,Subodh Bhati,2,2,0,run,0,,,81/2
1379615,1,11,4,Vijay Shankar,Ravisrinivasan Sai Kishore,Subodh Bhati,0,0,0,no run,0,,,81/2
1379615,1,11,5,Vijay Shankar,Ravisrinivasan Sai Kishore,Subodh Bhati,1,1,0,run,0,,,82/2
1379615,1,11,6,Ravisrinivasan Sai Kishore,Vijay Shankar,Subodh Bhati,0,0,0,no run,0,,,82/2
1379615,1,12,1,Vijay Shankar,Ravisrinivasan Sai Kishore,Varun Chakravarthy Vinod,1,1,0,run,0,,,83/2
1379615,1,12,2,Ravisrinivasan Sai Kishore,Vijay Shankar,Varun Chakravarthy Vinod,1,1,0,run,0,,,84/2
1379615,1,12,3,Vijay Shankar,Ravisrinivasan Sai Kishore,Varun Chakravarthy Vinod,4,4,0,four,0,,,88/2
1379615,1,12,4,Vijay Shankar,Ravisrinivasan Sai Kishore,Varun Chakravarthy Vinod,1,1,0,run,0,,,89/2
1379615,1,12,5,Ravisrinivasan Sai Kishore,Vijay Shankar,Varun Chakravarthy Vinod,0,0,0,no run,0,,,89/2
1379615,1,12,6,Ravisrinivasan Sai Kishore,Vijay Shankar,Varun Chakravarthy Vinod,0,0,0,no run,0,,,89/2
1379615,1,13,1,Vijay Shankar,Ravisrinivasan Sai Kishore,G Kishoor,6,6,0,six,0,,,95/2
1379615,1,13,2,Vijay Shankar,Ravisrinivasan Sai Kishore,G Kishoor,1,1,0,run,0,,,96/2
1379615,1,13,3,Ravisrinivasan Sai Kishore,Vijay Shankar,G Kishoor,2,2,0,run,0,,,98/2
1379615,1,13,4,Ravisrinivasan Sai Kishore,Vijay Shankar,G Kishoor,0,0,0,no run,0,,,98/2
1379615,1,13,5,Ravisrinivasan Sai Kishore,Vijay Shankar,G Kishoor,4,4,0,four,0,,,102/2
1379615,1,13,6,Ravisrinivasan Sai Kishore,Vijay Shankar,G Kishoor,0,0,0,no run,0,,,102/2
1379615,1,14,1,Vijay Shankar,Ravisrinivasan Sai Kishore,Raju Aushik Srinivas,1,1,0,run,0,,,103/2
1379615,1,14,2,Ravisrinivasan Sai Kishore,Vijay Shankar,Raju Aushik Srinivas,4,4,0,four,0,,,107/2
1379615,1,14,3,Ravisrinivasan Sai Kishore,Vijay Shankar,Raju Aushik Srinivas,1,1,0,run,0,,,108/2
1379615,1,14,4,Vijay Shankar,Ravisrinivasan Sai Kishore,Raju Aushik Srinivas,1,1,0,run,0,,,109/2
1379615,1,14,5,Ravisrinivasan Sai Kishore,Vijay Shankar,Raju Aushik Srinivas,0,0,0,no run,0,,,109/2
1379615,1,14,6,Ravisrinivasan Sai Kishore,Vijay Shankar,Raju Aushik Srinivas,1,0,1,wide,0,,,110/2
1379615,1,14,7,Ravisrinivasan Sai Kishore,Vijay Shankar,Raju Aushik Srinivas,1,1,0,run,0,,,111/2
1379615,1,15,1,Ravisrinivasan Sai Kishore,Vijay Shankar,P Saravana Kumar,0,0,0,no run,0,,,111/2
1379615,1,15,2,Ravisrinivasan Sai Kishore,Vijay Shankar,P Saravana Kumar,0,0,0,out,1,caught,Ravisrinivasan Sai Kishore,111/3
1379615,1,15,3,Balchander Anirudh,Vijay Shankar,P Saravana Kumar,1,1,0,run,0,,,112/3
1379615,1,15,4,Vijay Shankar,Balchander Anirudh,P Saravana Kumar,1,1,0,run,0,,,113/3
1379615,1,15,5,Balchander Anirudh,Vijay Shankar,P Saravana Kumar,1,1,0,run,0,,,114/3
1379615,1,15,6,Vijay Shankar,Balchander Anirudh,P Saravana Kumar,6,6,0,six,0,,,120/3
1379615,1,16,1,Balchander Anirudh,Vijay Shankar,Raju Aushik Srinivas,4,4,0,four,0,,,124/3
1379615,1,16,2,Balchander Anirudh,Vijay Shankar,Raju Aushik Srinivas,1,1,0,run,0,,,125/3
1379615,1,16,3,Vijay Shankar,Balchander Anirudh,Raju Aushik Srinivas,1,1,0,run,0,,,126/3
1379615,1,16,4,Balchander Anirudh,Vijay Shankar,Raju Aushik Srinivas,1,1,0,run,0,,,127/3
1379615,1,16,5,Vijay Shankar,Balchander Anirudh,Raju Aushik Srinivas,0,0,0,no run,0,,,127/3
1379615,1,16,6,Vijay Shankar,Balchander Anirudh,Raju Aushik Srinivas,1,1,0,run,0,,,128/3
1379615,1,17,1,Vijay Shankar,Balchander Anirudh,Varun Chakravarthy Vinod,1,1,0,run,0,,,129/3
1379615,1,17,2,Balchander Anirudh,Vijay Shankar,Varun Chakravarthy Vinod,1,0,1,leg bye,0,,,130/3
1379615,1,17,3,Vijay Shankar,Balchander Anirudh,Varun Chakravarthy Vinod,2,2,0,run,0,,,132/3
1379615,1,17,4,Vijay Shankar,Balchander Anirudh,Varun Chakravarthy Vinod,1,0,1,bye,0,,,133/3
1379615,1,17,5,Balchander Anirudh,Vijay Shankar,Varun Chakravarthy Vinod,6,6,0,six,0,,,139/3
1379615,1,17,6,Balchander Anirudh,Vijay Shankar,Varun Chakravarthy Vinod,1,1,0,run,0,,,140/3
1379615,1,18,1,Balchander Anirudh,Vijay Shankar,Subodh Bhati,0,0,0,no run,0,,,140/3
1379615,1,18,2,Balchander Anirudh,Vijay Shankar,Subodh Bhati,0,0,0,no run,0,,,140/3
1379615,1,18,3,Balchander Anirudh,Vijay Shankar,Subodh Bhati,6,6,0,six,0,,,146/3
1379615,1,18,4,Balchander Anirudh,Vijay Shankar,Subodh Bhati,1,1,0,run,0,,,147/3
1379615,1,18,5,Vijay Shankar,Balchander Anirudh,Subodh Bhati,1,1,0,run,1,run out,Balchander Anirudh,148/4
1379615,1,18,6,Vijay Shankar,Rajendran Vivek,Subodh Bhati,2,2,0,run,0,,,150/4
1379615,1,19,1,Rajendran Vivek,Vijay Shankar,G Kishoor,6,6,0,six,0,,,156/4
1379615,1,19,2,Rajendran Vivek,Vijay Shankar,G Kishoor,0,0,0,no run,0,,,156/4
1379615,1,19,3,Rajendran Vivek,Vijay Shankar,G Kishoor,1,1,0,run,0,,,157/4
1379615,1,19,4,Vijay Shankar,Rajendran Vivek,G Kishoor,1,1,0,run,0,,,158/4
1379615,1,19,5,Rajendran Vivek,Vijay Shankar,G Kishoor,2,2,0,run,0,,,160/4
1379615,1,19,6,Rajendran Vivek,Vijay Shankar,G Kishoor,4,4,0,four,0,,,164/4
1379615,1,20,1,Vijay Shankar,Rajendran Vivek,Subodh Bhati,2,2,0,run,0,,,166/4
1379615,1,20,2,Vijay Shankar,Rajendran Vivek,Subodh Bhati,1,0,1,bye,0,,,167/4
1379615,1,20,3,Rajendran Vivek,Vijay Shankar,Subodh Bhati,2,2,0,run,0,,,169/4
1379615,1,20,4,Rajendran Vivek,Vijay Shankar,Subodh Bhati,2,2,0,run,0,,,171/4
1379615,1,20,5,Rajendran Vivek,Vijay Shankar,Subodh Bhati,1,0,1,leg bye,0,,,172/4
1379615,1,20,6,Vijay Shankar,Rajendran Vivek,Subodh Bhati,1,1,0,run,1,run out,Vijay Shankar,173/5
1379615,2,1,1,R Vimal Khumar,Shivam Singh,Ganeshan Periyaswamy,1,0,1,wide,0,,,1/0
1379615,2,1,2,R Vimal Khumar,Shivam Singh,Ganeshan Periyaswamy,4,4,0,four,0,,,5/0
1379615,2,1,3,R Vimal Khumar,Shivam Singh,Ganeshan Periyaswamy,4,4,0,four,0,,,9/0
1379615,2,1,4,R Vimal Khumar,Shivam Singh,Ganeshan Periyaswamy,5,0,5,wide,0,,,14/0
1379615,2,1,5,R Vimal Khumar,Shivam Singh,Ganeshan Periyaswamy,2,0,2,wide,0,,,16/0
1379615,2,1,6,Shivam Singh,R Vimal Khumar,Ganeshan Periyaswamy,2,2,0,run,0,,,18/0
1379615,2,1,7,Shivam Singh,R Vimal Khumar,Ganeshan Periyaswamy,0,0,0,no run,0,,,18/0
1379615,2,1,8,Shivam Singh,R Vimal Khumar,Ganeshan Periyaswamy,0,0,0,no run,0,,,18/0
1379615,2,1,9,Shivam Singh,R Vimal Khumar,Ganeshan Periyaswamy,0,0,0,no run,0,,,18/0
1379615,2,2,1,R Vimal Khumar,Shivam Singh,P Bhuvaneswaran,0,0,0,no run,0,,,18/0
1379615,2,2,2,R Vimal Khumar,Shivam Singh,P Bhuvaneswaran,1,1,0,run,0,,,19/0
1379615,2,2,3,Shivam Singh,R Vimal Khumar,P Bhuvaneswaran,1,0,1,wide,0,,,20/0
1379615,2,2,4,Shivam Singh,R Vimal Khumar,P Bhuvaneswaran,1,1,0,run,0,,,21/0
1379615,2,2,5,R Vimal Khumar,Shivam Singh,P Bhuvaneswaran,0,0,0,no run,0,,,21/0
1379615,2,2,6,R Vimal Khumar,Shivam Singh,P Bhuvaneswaran,0,0,0,no run,0,,,21/0
1379615,2,2,7,R Vimal Khumar,Shivam Singh,P Bhuvaneswaran,1,1,0,run,0,,,22/0
1379615,2,3,1,R Vimal Khumar,Shivam Singh, Sriram Ajith Ram,1,1,0,run,0,,,23/0
1379615,2,3,2,Shivam Singh,R Vimal Khumar, Sriram Ajith Ram,4,4,0,four,0,,,27/0
1379615,2,3,3,Shivam Singh,R Vimal Khumar, Sriram Ajith Ram,0,0,0,no run,0,,,27/0
1379615,2,3,4,Shivam Singh,R Vimal Khumar, Sriram Ajith Ram,0,0,0,no run,0,,,27/0
1379615,2,3,5,Shivam Singh,R Vimal Khumar, Sriram Ajith Ram,0,0,0,no run,0,,,27/0
1379615,2,3,6,Shivam Singh,R Vimal Khumar, Sriram Ajith Ram,1,1,0,run,0,,,28/0
1379615,2,4,1,Shivam Singh,R Vimal Khumar,P Bhuvaneswaran,1,0,1,leg bye,0,,,29/0
1379615,2,4,2,R Vimal Khumar,Shivam Singh,P Bhuvaneswaran,1,1,0,run,0,,,30/0
1379615,2,4,3,Shivam Singh,R Vimal Khumar,P Bhuvaneswaran,1,1,0,run,0,,,31/0
1379615,2,4,4,R Vimal Khumar,Shivam Singh,P Bhuvaneswaran,1,1,0,run,0,,,32/0
1379615,2,4,5,Shivam Singh,R Vimal Khumar,P Bhuvaneswaran,1,1,0,run,0,,,33/0
1379615,2,4,6,R Vimal Khumar,Shivam Singh,P Bhuvaneswaran,1,1,0,run,0,,,34/0
1379615,2,5,1,R Vimal Khumar,Shivam Singh,Ravisrinivasan Sai Kishore,0,0,0,no run,0,,,34/0
1379615,2,5,2,R Vimal Khumar,Shivam Singh,Ravisrinivasan Sai Kishore,0,0,0,out,1,caught,R Vimal Khumar,34/1
1379615,2,5,3,Boopathi Vaishna Kumar,Shivam Singh,Ravisrinivasan Sai Kishore,1,1,0,run,0,,,35/1
1379615,2,5,4,Shivam Singh,Boopathi Vaishna Kumar,Ravisrinivasan Sai Kishore,4,4,0,four,0,,,39/1
1379615,2,5,5,Shivam Singh,Boopathi Vaishna Kumar,Ravisrinivasan Sai Kishore,0,0,0,no run,0,,,39/1
1379615,2,5,6,Shivam Singh,Boopathi Vaishna Kumar,Ravisrinivasan Sai Kishore,0,0,0,no run,0,,,39/1
1379615,2,6,1,Boopathi Vaishna Kumar,Shivam Singh,Ganeshan Periyaswamy,4,4,0,four,0,,,43/1
1379615,2,6,2,Boopathi Vaishna Kumar,Shivam Singh,Ganeshan Periyaswamy,0,0,0,no run,0,,,43/1
1379615,2,6,3,Boopathi Vaishna Kumar,Shivam Singh,Ganeshan Periyaswamy,1,1,0,run,0,,,44/1
1379615,2,6,4,Shivam Singh,Boopathi Vaishna Kumar,Ganeshan Periyaswamy,1,1,0,run,0,,,45/1
1379615,2,6,5,Boopathi Vaishna Kumar,Shivam Singh,Ganeshan Periyaswamy,1,1,0,run,0,,,46/1
1379615,2,6,6,Shivam Singh,Boopathi Vaishna Kumar,Ganeshan Periyaswamy,1,1,0,run,0,,,47/1
1379615,2,7,1,Shivam Singh,Boopathi Vaishna Kumar, Sriram Ajith Ram,4,4,0,four,0,,,51/1
1379615,2,7,2,Shivam Singh,Boopathi Vaishna Kumar, Sriram Ajith Ram,0,0,0,no run,0,,,51/1
1379615,2,7,3,Shivam Singh,Boopathi Vaishna Kumar, Sriram Ajith Ram,4,4,0,four,0,,,55/1
1379615,2,7,4,Shivam Singh,Boopathi Vaishna Kumar, Sriram Ajith Ram,0,0,0,no run,0,,,55/1
1379615,2,7,5,Shivam Singh,Boopathi Vaishna Kumar, Sriram Ajith Ram,0,0,0,no run,0,,,55/1
1379615,2,7,6,Shivam Singh,Boopathi Vaishna Kumar, Sriram Ajith Ram,1,1,0,run,0,,,56/1
1379615,2,8,1,Shivam Singh,Boopathi Vaishna Kumar,Alliraj Karuppusamy,1,1,0,run,0,,,57/1
1379615,2,8,2,Boopathi Vaishna Kumar,Shivam Singh,Alliraj Karuppusamy,0,0,0,no run,0,,,57/1
1379615,2,8,3,Boopathi Vaishna Kumar,Shivam Singh,Alliraj Karuppusamy,0,0,0,no run,0,,,57/1
1379615,2,8,4,Boopathi Vaishna Kumar,Shivam Singh,Alliraj Karuppusamy,1,0,1,no ball,0,,,58/1
1379615,2,8,5,Boopathi Vaishna Kumar,Shivam Singh,Alliraj Karuppusamy,6,6,0,six,0,,,64/1
1379615,2,8,6,Boopathi Vaishna Kumar,Shivam Singh,Alliraj Karuppusamy,1,1,0,run,0,,,65/1
1379615,2,8,7,Shivam Singh,Boopathi Vaishna Kumar,Alliraj Karuppusamy,4,4,0,four,0,,,69/1
1379615,2,9,1,Boopathi Vaishna Kumar,Shivam Singh,Ravisrinivasan Sai Kishore,0,0,0,no run,0,,,69/1
1379615,2,9,2,Boopathi Vaishna Kumar,Shivam Singh,Ravisrinivasan Sai Kishore,0,0,0,out,1,caught,Boopathi Vaishna Kumar,69/2
1379615,2,9,3,Adithya Ganesh,Shivam Singh,Ravisrinivasan Sai Kishore,0,0,0,no run,0,,,69/2
1379615,2,9,4,Adithya Ganesh,Shivam Singh,Ravisrinivasan Sai Kishore,1,1,0,run,0,,,70/2
1379615,2,9,5,Shivam Singh,Adithya Ganesh,Ravisrinivasan Sai Kishore,0,0,0,no run,0,,,70/2
1379615,2,9,6,Shivam Singh,Adithya Ganesh,Ravisrinivasan Sai Kishore,1,1,0,run,0,,,71/2
1379615,2,10,1,Shivam Singh,Adithya Ganesh,S Manigandan,0,0,0,no run,0,,,71/2
1379615,2,10,2,Shivam Singh,Adithya Ganesh,S Manigandan,4,4,0,four,0,,,75/2
1379615,2,10,3,Shivam Singh,Adithya Ganesh,S Manigandan,1,1,0,run,0,,,76/2
1379615,2,10,4,Adithya Ganesh,Shivam Singh,S Manigandan,1,1,0,run,0,,,77/2
1379615,2,10,5,Shivam Singh,Adithya Ganesh,S Manigandan,4,4,0,four,0,,,81/2
1379615,2,10,6,Shivam Singh,Adithya Ganesh,S Manigandan,1,1,0,run,0,,,82/2
1379615,2,11,1,Shivam Singh,Adithya Ganesh, Sriram Ajith Ram,1,0,1,leg bye,0,,,83/2
1379615,2,11,2,Adithya Ganesh,Shivam Singh, Sriram Ajith Ram,1,1,0,run,0,,,84/2
1379615,2,11,3,Shivam Singh,Adithya Ganesh, Sriram Ajith Ram,1,1,0,run,0,,,85/2
1379615,2,11,4,Adithya Ganesh,Shivam Singh, Sriram Ajith Ram,0,0,0,no run,0,,,85/2
1379615,2,11,5,Adithya Ganesh,Shivam Singh, Sriram Ajith Ram,2,2,0,run,0,,,87/2
1379615,2,11,6,Adithya Ganesh,Shivam Singh, Sriram Ajith Ram,1,1,0,run,0,,,88/2
1379615,2,12,1,Adithya Ganesh,Shivam Singh,S Manigandan,1,1,0,run,0,,,89/2
1379615,2,12,2,Shivam Singh,Adithya Ganesh,S Manigandan,1,1,0,run,0,,,90/2
1379615,2,12,3,Adithya Ganesh,Shivam Singh,S Manigandan,0,0,0,no run,0,,,90/2
1379615,2,12,4,Adithya Ganesh,Shivam Singh,S Manigandan,1,1,0,run,0,,,91/2
1379615,2,12,5,Shivam Singh,Adithya Ganesh,S Manigandan,1,1,0,run,0,,,92/2
1379615,2,12,6,Adithya Ganesh,Shivam Singh,S Manigandan,0,0,0,no run,0,,,92/2
1379615,2,13,1,Shivam Singh,Adithya Ganesh, Sriram Ajith Ram,2,2,0,run,0,,,94/2
1379615,2,13,2,Shivam Singh,Adithya Ganesh, Sriram Ajith Ram,1,1,0,run,0,,,95/2
1379615,2,13,3,Adithya Ganesh,Shivam Singh, Sriram Ajith Ram,6,6,0,six,0,,,101/2
1379615,2,13,4,Adithya Ganesh,Shivam Singh, Sriram Ajith Ram,2,2,0,run,0,,,103/2
1379615,2,13,5,Adithya Ganesh,Shivam Singh, Sriram Ajith Ram,4,4,0,four,0,,,107/2
1379615,2,13,6,Adithya Ganesh,Shivam Singh, Sriram Ajith Ram,1,1,0,run,0,,,108/2
1379615,2,14,1,Adithya Ganesh,Shivam Singh,Ravisrinivasan Sai Kishore,1,1,0,run,0,,,109/2
1379615,2,14,2,Shivam Singh,Adithya Ganesh,Ravisrinivasan Sai Kishore,1,1,0,run,0,,,110/2
1379615,2,14,3,Adithya Ganesh,Shivam Singh,Ravisrinivasan Sai Kishore,0,0,0,no run,0,,,110/2
1379615,2,14,4,Adithya Ganesh,Shivam Singh,Ravisrinivasan Sai Kishore,4,4,0,four,0,,,114/2
1379615,2,14,5,Adithya Ganesh,Shivam Singh,Ravisrinivasan Sai Kishore,0,0,0,no run,0,,,114/2
1379615,2,14,6,Adithya Ganesh,Shivam Singh,Ravisrinivasan Sai Kishore,4,4,0,four,0,,,118/2
1379615,2,15,1,Shivam Singh,Adithya Ganesh,S Manigandan,1,1,0,run,0,,,119/2
1379615,2,15,2,Adithya Ganesh,Shivam Singh,S Manigandan,2,2,0,run,0,,,121/2
1379615,2,15,3,Adithya Ganesh,Shivam Singh,S Manigandan,2,2,0,run,0,,,123/2
1379615,2,15,4,Adithya Ganesh,Shivam Singh,S Manigandan,1,1,0,run,0,,,124/2
1379615,2,15,5,Shivam Singh,Adithya Ganesh,S Manigandan,4,4,0,four,0,,,128/2
1379615,2,15,6,Shivam Singh,Adithya Ganesh,S Manigandan,1,1,0,run,0,,,129/2
1379615,2,16,1,Shivam Singh,Adithya Ganesh,P Bhuvaneswaran,4,4,0,four,0,,,133/2
1379615,2,16,2,Shivam Singh,Adithya Ganesh,P Bhuvaneswaran,4,4,0,four,0,,,137/2
1379615,2,16,3,Shivam Singh,Adithya Ganesh,P Bhuvaneswaran,0,0,0,no run,0,,,137/2
1379615,2,16,4,Shivam Singh,Adithya Ganesh,P Bhuvaneswaran,0,0,0,no run,0,,,137/2
1379615,2,16,5,Shivam Singh,Adithya Ganesh,P Bhuvaneswaran,1,0,1,wide,0,,,138/2
1379615,2,16,6,Shivam Singh,Adithya Ganesh,P Bhuvaneswaran,1,1,0,run,0,,,139/2
1379615,2,16,7,Adithya Ganesh,Shivam Singh,P Bhuvaneswaran,4,4,0,four,0,,,143/2
1379615,2,17,1,Shivam Singh,Adithya Ganesh,Ravisrinivasan Sai Kishore,2,2,0,run,0,,,145/2
1379615,2,17,2,Shivam Singh,Adithya Ganesh,Ravisrinivasan Sai Kishore,0,0,0,no run,0,,,145/2
1379615,2,17,3,Shivam Singh,Adithya Ganesh,Ravisrinivasan Sai Kishore,1,1,0,run,0,,,146/2
1379615,2,17,4,Adithya Ganesh,Shivam Singh,Ravisrinivasan Sai Kishore,1,1,0,run,0,,,147/2
1379615,2,17,5,Shivam Singh,Adithya Ganesh,Ravisrinivasan Sai Kishore,1,1,0,run,0,,,148/2
1379615,2,17,6,Adithya Ganesh,Shivam Singh,Ravisrinivasan Sai Kishore,2,2,0,run,0,,,150/2
1379615,2,18,1,Shivam Singh,Adithya Ganesh,Ganeshan Periyaswamy,1,1,0,run,0,,,151/2
1379615,2,18,2,Adithya Ganesh,Shivam Singh,Ganeshan Periyaswamy,4,4,0,four,0,,,155/2
1379615,2,18,3,Adithya Ganesh,Shivam Singh,Ganeshan Periyaswamy,1,1,0,run,0,,,156/2
1379615,2,18,4,Shivam Singh,Adithya Ganesh,Ganeshan Periyaswamy,4,4,0,four,0,,,160/2
1379615,2,18,5,Shivam Singh,Adithya Ganesh,Ganeshan Periyaswamy,0,0,0,no run,0,,,160/2
1379615,2,18,6,Shivam Singh,Adithya Ganesh,Ganeshan Periyaswamy,1,1,0,run,0,,,161/2
1379615,2,19,1,Shivam Singh,Adithya Ganesh,P Bhuvaneswaran,1,1,0,run,0,,,162/2
1379615,2,19,2,Adithya Ganesh,Shivam Singh,P Bhuvaneswaran,6,6,0,six,0,,,168/2
1379615,2,19,3,Adithya Ganesh,Shivam Singh,P Bhuvaneswaran,6,6,0,six,0,,,174/2
1379616,1,1,1,Ganga Sridhar Raju,T Saran,Washington Sundar,0,0,0,out,1,caught,Ganga Sridhar Raju,0/1
1379616,1,1,2,P Francis Rokins,T Saran,Washington Sundar,1,1,0,run,0,,,1/1
1379616,1,1,3,T Saran,P Francis Rokins,Washington Sundar,0,0,0,no run,0,,,1/1
1379616,1,1,4,T Saran,P Francis Rokins,Washington Sundar,0,0,0,no run,0,,,1/1
1379616,1,1,5,T Saran,P Francis Rokins,Washington Sundar,1,1,0,run,0,,,2/1
1379616,1,1,6,P Francis Rokins,T Saran,Washington Sundar,0,0,0,no run,0,,,2/1
1379616,1,2,1,T Saran,P Francis Rokins,Gurjapneet Singh,4,4,0,four,0,,,6/1
1379616,1,2,2,T Saran,P Francis Rokins,Gurjapneet Singh,0,0,0,no run,0,,,6/1
1379616,1,2,3,T Saran,P Francis Rokins,Gurjapneet Singh,0,0,0,no run,0,,,6/1
1379616,1,2,4,T Saran,P Francis Rokins,Gurjapneet Singh,1,0,1,wide,0,,,7/1
1379616,1,2,5,T Saran,P Francis Rokins,Gurjapneet Singh,0,0,0,no run,0,,,7/1
1379616,1,2,6,T Saran,P Francis Rokins,Gurjapneet Singh,0,0,0,no run,0,,,7/1
1379616,1,2,7,T Saran,P Francis Rokins,Gurjapneet Singh,0,0,0,out,1,caught,T Saran,7/2
1379616,1,3,1,P Francis Rokins,K Mani Bharathi,P Saravanan,1,1,0,run,0,,,8/2
1379616,1,3,2,K Mani Bharathi,P Francis Rokins,P Saravanan,0,0,0,no run,0,,,8/2
1379616,1,3,3,K Mani Bharathi,P Francis Rokins,P Saravanan,0,0,0,no run,0,,,8/2
1379616,1,3,4,K Mani Bharathi,P Francis Rokins,P Saravanan,1,1,0,run,0,,,9/2
1379616,1,3,5,P Francis Rokins,K Mani Bharathi,P Saravanan,0,0,0,no run,0,,,9/2
1379616,1,3,6,P Francis Rokins,K Mani Bharathi,P Saravanan,0,0,0,no run,0,,,9/2
1379616,1,4,1,K Mani Bharathi,P Francis Rokins,Gurjapneet Singh,0,0,0,no run,0,,,9/2
1379616,1,4,2,K Mani Bharathi,P Francis Rokins,Gurjapneet Singh,1,1,0,run,0,,,10/2
1379616,1,4,3,P Francis Rokins,K Mani Bharathi,Gurjapneet Singh,0,0,0,no run,0,,,10/2
1379616,1,4,4,P Francis Rokins,K Mani Bharathi,Gurjapneet Singh,1,1,0,run,0,,,11/2
1379616,1,4,5,K Mani Bharathi,P Francis Rokins,Gurjapneet Singh,4,4,0,four,0,,,15/2
1379616,1,4,6,K Mani Bharathi,P Francis Rokins,Gurjapneet Singh,0,0,0,no run,0,,,15/2
1379616,1,5,1,P Francis Rokins,K Mani Bharathi,P Saravanan,1,1,0,run,0,,,16/2
1379616,1,5,2,K Mani Bharathi,P Francis Rokins,P Saravanan,0,0,0,no run,0,,,16/2
1379616,1,5,3,K Mani Bharathi,P Francis Rokins,P Saravanan,1,1,0,run,0,,,17/2
1379616,1,5,4,P Francis Rokins,K Mani Bharathi,P Saravanan,0,0,0,no run,0,,,17/2
1379616,1,5,5,P Francis Rokins,K Mani Bharathi,P Saravanan,0,0,0,no run,0,,,17/2
1379616,1,5,6,P Francis Rokins,K Mani Bharathi,P Saravanan,0,0,0,no run,0,,,17/2
1379616,1,6,1,K Mani Bharathi,P Francis Rokins,Ajay K Krishna,0,0,0,no run,0,,,17/2
1379616,1,6,2,K Mani Bharathi,P Francis Rokins,Ajay K Krishna,0,0,0,no run,0,,,17/2
1379616,1,6,3,K Mani Bharathi,P Francis Rokins,Ajay K Krishna,1,0,1,wide,0,,,18/2
1379616,1,6,4,K Mani Bharathi,P Francis Rokins,Ajay K Krishna,1,1,0,run,0,,,19/2
1379616,1,6,5,P Francis Rokins,K Mani Bharathi,Ajay K Krishna,1,0,1,wide,0,,,20/2
1379616,1,6,6,P Francis Rokins,K Mani Bharathi,Ajay K Krishna,0,0,0,no run,0,,,20/2
1379616,1,6,7,P Francis Rokins,K Mani Bharathi,Ajay K Krishna,1,1,0,run,0,,,21/2
1379616,1,6,8,K Mani Bharathi,P Francis Rokins,Ajay K Krishna,1,1,0,run,0,,,22/2
1379616,1,7,1,K Mani Bharathi,P Francis Rokins,Swapnil Singh,1,1,0,run,0,,,23/2
1379616,1,7,2,P Francis Rokins,K Mani Bharathi,Swapnil Singh,4,4,0,four,0,,,27/2
1379616,1,7,3,P Francis Rokins,K Mani Bharathi,Swapnil Singh,1,1,0,run,0,,,28/2
1379616,1,7,4,K Mani Bharathi,P Francis Rokins,Swapnil Singh,0,0,0,no run,0,,,28/2
1379616,1,7,5,K Mani Bharathi,P Francis Rokins,Swapnil Singh,0,0,0,no run,0,,,28/2
1379616,1,7,6,K Mani Bharathi,P Francis Rokins,Swapnil Singh,1,1,0,run,0,,,29/2
1379616,1,8,1,K Mani Bharathi,P Francis Rokins,Murugan Ashwin,1,1,0,run,0,,,30/2
1379616,1,8,2,P Francis Rokins,K Mani Bharathi,Murugan Ashwin,4,4,0,four,0,,,34/2
1379616,1,8,3,P Francis Rokins,K Mani Bharathi,Murugan Ashwin,0,0,0,no run,0,,,34/2
1379616,1,8,4,P Francis Rokins,K Mani Bharathi,Murugan Ashwin,4,4,0,four,0,,,38/2
1379616,1,8,5,P Francis Rokins,K Mani Bharathi,Murugan Ashwin,0,0,0,out,1,bowled,P Francis Rokins,38/3
1379616,1,8,6,Daryl Sunder Ferrario,K Mani Bharathi,Murugan Ashwin,1,1,0,run,0,,,39/3
1379616,1,9,1,Daryl Sunder Ferrario,K Mani Bharathi,Swapnil Singh,0,0,0,no run,0,,,39/3
1379616,1,9,2,Daryl Sunder Ferrario,K Mani Bharathi,Swapnil Singh,1,1,0,run,0,,,40/3
1379616,1,9,3,K Mani Bharathi,Daryl Sunder Ferrario,Swapnil Singh,1,1,0,run,0,,,41/3
1379616,1,9,4,Daryl Sunder Ferrario,K Mani Bharathi,Swapnil Singh,2,2,0,run,0,,,43/3
1379616,1,9,5,Daryl Sunder Ferrario,K Mani Bharathi,Swapnil Singh,0,0,0,no run,0,,,43/3
1379616,1,9,6,Daryl Sunder Ferrario,K Mani Bharathi,Swapnil Singh,0,0,0,no run,0,,,43/3
1379616,1,10,1,K Mani Bharathi,Daryl Sunder Ferrario,Murugan Ashwin,1,1,0,run,0,,,44/3
1379616,1,10,2,Daryl Sunder Ferrario,K Mani Bharathi,Murugan Ashwin,1,1,0,run,0,,,45/3
1379616,1,10,3,K Mani Bharathi,Daryl Sunder Ferrario,Murugan Ashwin,0,0,0,no run,0,,,45/3
1379616,1,10,4,K Mani Bharathi,Daryl Sunder Ferrario,Murugan Ashwin,1,1,0,run,0,,,46/3
1379616,1,10,5,Daryl Sunder Ferrario,K Mani Bharathi,Murugan Ashwin,1,1,0,run,0,,,47/3
1379616,1,10,6,K Mani Bharathi,Daryl Sunder Ferrario,Murugan Ashwin,0,0,0,no run,0,,,47/3
1379616,1,11,1,Daryl Sunder Ferrario,K Mani Bharathi,Swapnil Singh,0,0,0,no run,0,,,47/3
1379616,1,11,2,Daryl Sunder Ferrario,K Mani Bharathi,Swapnil Singh,0,0,0,no run,0,,,47/3
1379616,1,11,3,Daryl Sunder Ferrario,K Mani Bharathi,Swapnil Singh,1,0,1,wide,0,,,48/3
1379616,1,11,4,Daryl Sunder Ferrario,K Mani Bharathi,Swapnil Singh,0,0,0,no run,0,,,48/3
1379616,1,11,5,Daryl Sunder Ferrario,K Mani Bharathi,Swapnil Singh,4,4,0,four,0,,,52/3
1379616,1,11,6,Daryl Sunder Ferrario,K Mani Bharathi,Swapnil Singh,1,1,0,run,0,,,53/3
1379616,1,11,7,K Mani Bharathi,Daryl Sunder Ferrario,Swapnil Singh,0,0,0,no run,0,,,53/3
1379616,1,12,1,Daryl Sunder Ferrario,K Mani Bharathi,Murugan Ashwin,1,1,0,run,0,,,54/3
1379616,1,12,2,K Mani Bharathi,Daryl Sunder Ferrario,Murugan Ashwin,1,1,0,run,0,,,55/3
1379616,1,12,3,Daryl Sunder Ferrario,K Mani Bharathi,Murugan Ashwin,1,1,0,run,0,,,56/3
1379616,1,12,4,K Mani Bharathi,Daryl Sunder Ferrario,Murugan Ashwin,0,0,0,no run,0,,,56/3
1379616,1,12,5,K Mani Bharathi,Daryl Sunder Ferrario,Murugan Ashwin,1,1,0,run,0,,,57/3
1379616,1,12,6,Daryl Sunder Ferrario,K Mani Bharathi,Murugan Ashwin,1,1,0,run,0,,,58/3
1379616,1,13,1,Daryl Sunder Ferrario,K Mani Bharathi,P Saravanan,1,1,0,run,0,,,59/3
1379616,1,13,2,K Mani Bharathi,Daryl Sunder Ferrario,P Saravanan,1,1,0,run,0,,,60/3
1379616,1,13,3,Daryl Sunder Ferrario,K Mani Bharathi,P Saravanan,1,1,0,run,0,,,61/3
1379616,1,13,4,K Mani Bharathi,Daryl Sunder Ferrario,P Saravanan,6,6,0,six,0,,,67/3
1379616,1,13,5,K Mani Bharathi,Daryl Sunder Ferrario,P Saravanan,1,1,0,run,0,,,68/3
1379616,1,13,6,Daryl Sunder Ferrario,K Mani Bharathi,P Saravanan,1,1,0,run,0,,,69/3
1379616,1,14,1,Daryl Sunder Ferrario,K Mani Bharathi,Washington Sundar,2,2,0,run,0,,,71/3
1379616,1,14,2,Daryl Sunder Ferrario,K Mani Bharathi,Washington Sundar,1,1,0,run,0,,,72/3
1379616,1,14,3,K Mani Bharathi,Daryl Sunder Ferrario,Washington Sundar,1,1,0,run,0,,,73/3
1379616,1,14,4,Daryl Sunder Ferrario,K Mani Bharathi,Washington Sundar,1,1,0,run,0,,,74/3
1379616,1,14,5,K Mani Bharathi,Daryl Sunder Ferrario,Washington Sundar,2,2,0,run,0,,,76/3
1379616,1,14,6,K Mani Bharathi,Daryl Sunder Ferrario,Washington Sundar,4,4,0,four,0,,,80/3
1379616,1,15,1,Daryl Sunder Ferrario,K Mani Bharathi,P Saravanan,0,0,0,out,1,caught,Daryl Sunder Ferrario,80/4
1379616,1,15,2,Jafar Jamal,K Mani Bharathi,P Saravanan,1,1,0,run,0,,,81/4
1379616,1,15,3,K Mani Bharathi,Jafar Jamal,P Saravanan,6,6,0,six,0,,,87/4
1379616,1,15,4,K Mani Bharathi,Jafar Jamal,P Saravanan,1,1,0,run,0,,,88/4
1379616,1,15,5,Jafar Jamal,K Mani Bharathi,P Saravanan,0,0,0,out,1,caught,Jafar Jamal,88/5
1379616,1,15,6,R Rajkumar,K Mani Bharathi,P Saravanan,0,0,0,out,1,caught,R Rajkumar,88/6
1379616,1,16,1,K Mani Bharathi,Wenseslaus Antony Dhas,Murugan Ashwin,1,1,0,run,0,,,89/6
1379616,1,16,2,Wenseslaus Antony Dhas,K Mani Bharathi,Murugan Ashwin,1,0,1,wide,0,,,90/6
1379616,1,16,3,Wenseslaus Antony Dhas,K Mani Bharathi,Murugan Ashwin,0,0,0,no run,0,,,90/6
1379616,1,16,4,Wenseslaus Antony Dhas,K Mani Bharathi,Murugan Ashwin,0,0,0,no run,0,,,90/6
1379616,1,16,5,Wenseslaus Antony Dhas,K Mani Bharathi,Murugan Ashwin,1,0,1,wide,0,,,91/6
1379616,1,16,6,Wenseslaus Antony Dhas,K Mani Bharathi,Murugan Ashwin,0,0,0,no run,0,,,91/6
1379616,1,16,7,Wenseslaus Antony Dhas,K Mani Bharathi,Murugan Ashwin,0,0,0,no run,0,,,91/6
1379616,1,16,8,Wenseslaus Antony Dhas,K Mani Bharathi,Murugan Ashwin,1,1,0,run,0,,,92/6
1379616,1,17,1,Wenseslaus Antony Dhas,K Mani Bharathi,Swapnil Singh,1,1,0,run,0,,,93/6
1379616,1,17,2,K Mani Bharathi,Wenseslaus Antony Dhas,Swapnil Singh,0,0,0,no run,0,,,93/6
1379616,1,17,3,K Mani Bharathi,Wenseslaus Antony Dhas,Swapnil Singh,6,6,0,six,0,,,99/6
1379616,1,17,4,K Mani Bharathi,Wenseslaus Antony Dhas,Swapnil Singh,2,2,0,run,0,,,101/6
1379616,1,17,5,K Mani Bharathi,Wenseslaus Antony Dhas,Swapnil Singh,0,0,0,out,1,bowled,K Mani Bharathi,101/7
1379616,1,17,6,G Godson,Wenseslaus Antony Dhas,Swapnil Singh,1,1,0,run,0,,,102/7
1379616,1,18,1,G Godson,Wenseslaus Antony Dhas,Gurjapneet Singh,0,0,0,out,1,caught,G Godson,102/8
1379616,1,18,2,Ragupathy Silambarasan,Wenseslaus Antony Dhas,Gurjapneet Singh,0,0,0,no run,0,,,102/8
1379616,1,18,3,Ragupathy Silambarasan,Wenseslaus Antony Dhas,Gurjapneet Singh,1,1,0,run,0,,,103/8
1379616,1,18,4,Wenseslaus Antony Dhas,Ragupathy Silambarasan,Gurjapneet Singh,0,0,0,no run,0,,,103/8
1379616,1,18,5,Wenseslaus Antony Dhas,Ragupathy Silambarasan,Gurjapneet Singh,0,0,0,no run,0,,,103/8
1379616,1,18,6,Wenseslaus Antony Dhas,Ragupathy Silambarasan,Gurjapneet Singh,1,1,0,run,0,,,104/8
1379616,1,19,1,Wenseslaus Antony Dhas,Ragupathy Silambarasan,Ajay K Krishna,0,0,0,out,1,caught,Wenseslaus Antony Dhas,104/9
1379616,1,19,2,K Easwaran,Ragupathy Silambarasan,Ajay K Krishna,0,0,0,no run,0,,,104/9
1379616,1,19,3,K Easwaran,Ragupathy Silambarasan,Ajay K Krishna,0,0,0,no run,0,,,104/9
1379616,1,19,4,K Easwaran,Ragupathy Silambarasan,Ajay K Krishna,1,1,0,run,0,,,105/9
1379616,1,19,5,Ragupathy Silambarasan,K Easwaran,Ajay K Krishna,0,0,0,out,1,caught,Ragupathy Silambarasan,105/10
1379616,2,1,1,Suresh Lokeshwar,Chezhian Nishaanth,Thangarasu Natarajan,1,1,0,run,0,,,1/0
1379616,2,1,2,Chezhian Nishaanth,Suresh Lokeshwar,Thangarasu Natarajan,0,0,0,no run,0,,,1/0
1379616,2,1,3,Chezhian Nishaanth,Suresh Lokeshwar,Thangarasu Natarajan,1,0,1,wide,0,,,2/0
1379616,2,1,4,Chezhian Nishaanth,Suresh Lokeshwar,Thangarasu Natarajan,1,1,0,run,0,,,3/0
1379616,2,1,5,Suresh Lokeshwar,Chezhian Nishaanth,Thangarasu Natarajan,0,0,0,no run,0,,,3/0
1379616,2,1,6,Suresh Lokeshwar,Chezhian Nishaanth,Thangarasu Natarajan,1,1,0,run,0,,,4/0
1379616,2,1,7,Chezhian Nishaanth,Suresh Lokeshwar,Thangarasu Natarajan,0,0,0,no run,0,,,4/0
1379616,2,2,1,Suresh Lokeshwar,Chezhian Nishaanth,Ragupathy Silambarasan,0,0,0,no run,0,,,4/0
1379616,2,2,2,Suresh Lokeshwar,Chezhian Nishaanth,Ragupathy Silambarasan,0,0,0,no run,0,,,4/0
1379616,2,2,3,Suresh Lokeshwar,Chezhian Nishaanth,Ragupathy Silambarasan,0,0,0,no run,0,,,4/0
1379616,2,2,4,Suresh Lokeshwar,Chezhian Nishaanth,Ragupathy Silambarasan,0,0,0,no run,0,,,4/0
1379616,2,2,5,Suresh Lokeshwar,Chezhian Nishaanth,Ragupathy Silambarasan,2,2,0,run,0,,,6/0
1379616,2,2,6,Suresh Lokeshwar,Chezhian Nishaanth,Ragupathy Silambarasan,0,0,0,no run,0,,,6/0
1379616,2,3,1,Chezhian Nishaanth,Suresh Lokeshwar,Thangarasu Natarajan,0,0,0,no run,0,,,6/0
1379616,2,3,2,Chezhian Nishaanth,Suresh Lokeshwar,Thangarasu Natarajan,1,1,0,run,0,,,7/0
1379616,2,3,3,Suresh Lokeshwar,Chezhian Nishaanth,Thangarasu Natarajan,0,0,0,no run,0,,,7/0
1379616,2,3,4,Suresh Lokeshwar,Chezhian Nishaanth,Thangarasu Natarajan,4,4,0,four,0,,,11/0
1379616,2,3,5,Suresh Lokeshwar,Chezhian Nishaanth,Thangarasu Natarajan,0,0,0,no run,0,,,11/0
1379616,2,3,6,Suresh Lokeshwar,Chezhian Nishaanth,Thangarasu Natarajan,0,0,0,no run,0,,,11/0
1379616,2,4,1,Chezhian Nishaanth,Suresh Lokeshwar,Ragupathy Silambarasan,1,1,0,run,0,,,12/0
1379616,2,4,2,Suresh Lokeshwar,Chezhian Nishaanth,Ragupathy Silambarasan,1,1,0,run,0,,,13/0
1379616,2,4,3,Chezhian Nishaanth,Suresh Lokeshwar,Ragupathy Silambarasan,4,4,0,four,0,,,17/0
1379616,2,4,4,Chezhian Nishaanth,Suresh Lokeshwar,Ragupathy Silambarasan,4,4,0,four,0,,,21/0
1379616,2,4,5,Chezhian Nishaanth,Suresh Lokeshwar,Ragupathy Silambarasan,0,0,0,no run,0,,,21/0
1379616,2,4,6,Chezhian Nishaanth,Suresh Lokeshwar,Ragupathy Silambarasan,0,0,0,no run,0,,,21/0
1379616,2,5,1,Suresh Lokeshwar,Chezhian Nishaanth,Thangarasu Natarajan,0,0,0,no run,0,,,21/0
1379616,2,5,2,Suresh Lokeshwar,Chezhian Nishaanth,Thangarasu Natarajan,0,0,0,no run,0,,,21/0
1379616,2,5,3,Suresh Lokeshwar,Chezhian Nishaanth,Thangarasu Natarajan,1,1,0,run,0,,,22/0
1379616,2,5,4,Chezhian Nishaanth,Suresh Lokeshwar,Thangarasu Natarajan,0,0,0,no run,0,,,22/0
1379616,2,5,5,Chezhian Nishaanth,Suresh Lokeshwar,Thangarasu Natarajan,0,0,0,out,1,caught,Chezhian Nishaanth,22/1
1379616,2,5,6,Jagatheesan Kousik,Suresh Lokeshwar,Thangarasu Natarajan,4,4,0,four,0,,,26/1
1379616,2,6,1,Suresh Lokeshwar,Jagatheesan Kousik,K Easwaran,0,0,0,no run,0,,,26/1
1379616,2,6,2,Suresh Lokeshwar,Jagatheesan Kousik,K Easwaran,4,4,0,four,0,,,30/1
1379616,2,6,3,Suresh Lokeshwar,Jagatheesan Kousik,K Easwaran,0,0,0,no run,0,,,30/1
1379616,2,6,4,Suresh Lokeshwar,Jagatheesan Kousik,K Easwaran,0,0,0,no run,0,,,30/1
1379616,2,6,5,Suresh Lokeshwar,Jagatheesan Kousik,K Easwaran,4,4,0,four,0,,,34/1
1379616,2,6,6,Suresh Lokeshwar,Jagatheesan Kousik,K Easwaran,4,4,0,four,0,,,38/1
1379616,2,7,1,Jagatheesan Kousik,Suresh Lokeshwar,Wenseslaus Antony Dhas,1,1,0,run,0,,,39/1
1379616,2,7,2,Suresh Lokeshwar,Jagatheesan Kousik,Wenseslaus Antony Dhas,0,0,0,no run,0,,,39/1
1379616,2,7,3,Suresh Lokeshwar,Jagatheesan Kousik,Wenseslaus Antony Dhas,1,1,0,run,0,,,40/1
1379616,2,7,4,Jagatheesan Kousik,Suresh Lokeshwar,Wenseslaus Antony Dhas,2,2,0,run,0,,,42/1
1379616,2,7,5,Jagatheesan Kousik,Suresh Lokeshwar,Wenseslaus Antony Dhas,1,1,0,run,0,,,43/1
1379616,2,7,6,Suresh Lokeshwar,Jagatheesan Kousik,Wenseslaus Antony Dhas,0,0,0,no run,0,,,43/1
1379616,2,8,1,Jagatheesan Kousik,Suresh Lokeshwar,G Godson,1,1,0,run,0,,,44/1
1379616,2,8,2,Suresh Lokeshwar,Jagatheesan Kousik,G Godson,1,1,0,run,0,,,45/1
1379616,2,8,3,Jagatheesan Kousik,Suresh Lokeshwar,G Godson,1,1,0,run,0,,,46/1
1379616,2,8,4,Suresh Lokeshwar,Jagatheesan Kousik,G Godson,1,1,0,run,0,,,47/1
1379616,2,8,5,Jagatheesan Kousik,Suresh Lokeshwar,G Godson,0,0,0,no run,0,,,47/1
1379616,2,8,6,Jagatheesan Kousik,Suresh Lokeshwar,G Godson,0,0,0,no run,0,,,47/1
1379616,2,9,1,Suresh Lokeshwar,Jagatheesan Kousik,Wenseslaus Antony Dhas,0,0,0,no run,0,,,47/1
1379616,2,9,2,Suresh Lokeshwar,Jagatheesan Kousik,Wenseslaus Antony Dhas,1,1,0,run,0,,,48/1
1379616,2,9,3,Jagatheesan Kousik,Suresh Lokeshwar,Wenseslaus Antony Dhas,2,2,0,run,0,,,50/1
1379616,2,9,4,Jagatheesan Kousik,Suresh Lokeshwar,Wenseslaus Antony Dhas,2,2,0,run,0,,,52/1
1379616,2,9,5,Jagatheesan Kousik,Suresh Lokeshwar,Wenseslaus Antony Dhas,2,2,0,run,0,,,54/1
1379616,2,9,6,Jagatheesan Kousik,Suresh Lokeshwar,Wenseslaus Antony Dhas,1,1,0,run,0,,,55/1
1379616,2,10,1,Jagatheesan Kousik,Suresh Lokeshwar,G Godson,0,0,0,no run,0,,,55/1
1379616,2,10,2,Jagatheesan Kousik,Suresh Lokeshwar,G Godson,1,1,0,run,0,,,56/1
1379616,2,10,3,Suresh Lokeshwar,Jagatheesan Kousik,G Godson,0,0,0,no run,0,,,56/1
1379616,2,10,4,Suresh Lokeshwar,Jagatheesan Kousik,G Godson,1,1,0,run,0,,,57/1
1379616,2,10,5,Jagatheesan Kousik,Suresh Lokeshwar,G Godson,0,0,0,no run,0,,,57/1
1379616,2,10,6,Jagatheesan Kousik,Suresh Lokeshwar,G Godson,1,1,0,run,0,,,58/1
1379616,2,11,1,Jagatheesan Kousik,Suresh Lokeshwar,K Easwaran,0,0,0,out,1,caught,Jagatheesan Kousik,58/2
1379616,2,11,2,Swapnil Singh,Suresh Lokeshwar,K Easwaran,1,1,0,run,0,,,59/2
1379616,2,11,3,Suresh Lokeshwar,Swapnil Singh,K Easwaran,0,0,0,no run,0,,,59/2
1379616,2,11,4,Suresh Lokeshwar,Swapnil Singh,K Easwaran,0,0,0,no run,0,,,59/2
1379616,2,11,5,Suresh Lokeshwar,Swapnil Singh,K Easwaran,4,4,0,four,0,,,63/2
1379616,2,11,6,Suresh Lokeshwar,Swapnil Singh,K Easwaran,0,0,0,no run,0,,,63/2
1379616,2,12,1,Swapnil Singh,Suresh Lokeshwar,Ganga Sridhar Raju,0,0,0,no run,0,,,63/2
1379616,2,12,2,Swapnil Singh,Suresh Lokeshwar,Ganga Sridhar Raju,0,0,0,no run,0,,,63/2
1379616,2,12,3,Swapnil Singh,Suresh Lokeshwar,Ganga Sridhar Raju,0,0,0,no run,0,,,63/2
1379616,2,12,4,Swapnil Singh,Suresh Lokeshwar,Ganga Sridhar Raju,1,1,0,run,0,,,64/2
1379616,2,12,5,Suresh Lokeshwar,Swapnil Singh,Ganga Sridhar Raju,0,0,0,no run,0,,,64/2
1379616,2,12,6,Suresh Lokeshwar,Swapnil Singh,Ganga Sridhar Raju,1,1,0,run,0,,,65/2
1379616,2,13,1,Suresh Lokeshwar,Swapnil Singh,K Easwaran,0,0,0,out,1,caught,Suresh Lokeshwar,65/3
1379616,2,13,2,Washington Sundar,Swapnil Singh,K Easwaran,0,0,0,no run,0,,,65/3
1379616,2,13,3,Washington Sundar,Swapnil Singh,K Easwaran,0,0,0,no run,0,,,65/3
1379616,2,13,4,Washington Sundar,Swapnil Singh,K Easwaran,0,0,0,no run,0,,,65/3
1379616,2,13,5,Washington Sundar,Swapnil Singh,K Easwaran,1,1,0,run,0,,,66/3
1379616,2,13,6,Swapnil Singh,Washington Sundar,K Easwaran,1,1,0,run,0,,,67/3
1379616,2,14,1,Swapnil Singh,Washington Sundar,Ragupathy Silambarasan,1,1,0,run,0,,,68/3
1379616,2,14,2,Washington Sundar,Swapnil Singh,Ragupathy Silambarasan,1,1,0,run,0,,,69/3
1379616,2,14,3,Swapnil Singh,Washington Sundar,Ragupathy Silambarasan,0,0,0,no run,0,,,69/3
1379616,2,14,4,Swapnil Singh,Washington Sundar,Ragupathy Silambarasan,1,1,0,run,0,,,70/3
1379616,2,14,5,Washington Sundar,Swapnil Singh,Ragupathy Silambarasan,4,4,0,four,0,,,74/3
1379616,2,14,6,Washington Sundar,Swapnil Singh,Ragupathy Silambarasan,1,1,0,run,0,,,75/3
1379616,2,15,1,Washington Sundar,Swapnil Singh,K Easwaran,1,1,0,run,0,,,76/3
1379616,2,15,2,Swapnil Singh,Washington Sundar,K Easwaran,1,1,0,run,0,,,77/3
1379616,2,15,3,Washington Sundar,Swapnil Singh,K Easwaran,1,1,0,run,0,,,78/3
1379616,2,15,4,Swapnil Singh,Washington Sundar,K Easwaran,0,0,0,no run,0,,,78/3
1379616,2,15,5,Swapnil Singh,Washington Sundar,K Easwaran,1,1,0,run,0,,,79/3
1379616,2,15,6,Washington Sundar,Swapnil Singh,K Easwaran,1,0,1,wide,0,,,80/3
1379616,2,15,7,Washington Sundar,Swapnil Singh,K Easwaran,0,0,0,no run,0,,,80/3
1379616,2,16,1,Swapnil Singh,Washington Sundar,Ganga Sridhar Raju,1,1,0,run,0,,,81/3
1379616,2,16,2,Washington Sundar,Swapnil Singh,Ganga Sridhar Raju,1,0,1,wide,0,,,82/3
1379616,2,16,3,Washington Sundar,Swapnil Singh,Ganga Sridhar Raju,1,1,0,run,0,,,83/3
1379616,2,16,4,Swapnil Singh,Washington Sundar,Ganga Sridhar Raju,1,1,0,run,0,,,84/3
1379616,2,16,5,Washington Sundar,Swapnil Singh,Ganga Sridhar Raju,0,0,0,no run,0,,,84/3
1379616,2,16,6,Washington Sundar,Swapnil Singh,Ganga Sridhar Raju,6,6,0,six,0,,,90/3
1379616,2,16,7,Washington Sundar,Swapnil Singh,Ganga Sridhar Raju,1,1,0,run,0,,,91/3
1379616,2,17,1,Washington Sundar,Swapnil Singh,G Godson,1,1,0,run,0,,,92/3
1379616,2,17,2,Swapnil Singh,Washington Sundar,G Godson,4,4,0,four,0,,,96/3
1379616,2,17,3,Swapnil Singh,Washington Sundar,G Godson,6,6,0,six,0,,,102/3
1379616,2,17,4,Swapnil Singh,Washington Sundar,G Godson,0,0,0,no run,0,,,102/3
1379616,2,17,5,Swapnil Singh,Washington Sundar,G Godson,0,0,0,no run,0,,,102/3
1379616,2,17,6,Swapnil Singh,Washington Sundar,G Godson,6,6,0,six,0,,,108/3
1379617,1,1,1,S Aravind,Kaushik Mohan Gandhi,H Trilok Nag,0,0,0,no run,0,,,0/0
1379617,1,1,2,S Aravind,Kaushik Mohan Gandhi,H Trilok Nag,0,0,0,no run,0,,,0/0
1379617,1,1,3,S Aravind,Kaushik Mohan Gandhi,H Trilok Nag,0,0,0,no run,0,,,0/0
1379617,1,1,4,S Aravind,Kaushik Mohan Gandhi,H Trilok Nag,1,1,0,run,0,,,1/0
1379617,1,1,5,Kaushik Mohan Gandhi,S Aravind,H Trilok Nag,0,0,0,out,1,caught,Kaushik Mohan Gandhi,1/1
1379617,1,1,6,R Kavin,S Aravind,H Trilok Nag,0,0,0,no run,0,,,1/1
1379617,1,2,1,S Aravind,R Kavin,P Bhuvaneswaran,0,0,0,out,1,caught,S Aravind,1/2
1379617,1,2,2,Sunny Sandhu,R Kavin,P Bhuvaneswaran,0,0,0,no run,0,,,1/2
1379617,1,2,3,Sunny Sandhu,R Kavin,P Bhuvaneswaran,4,4,0,four,0,,,5/2
1379617,1,2,4,Sunny Sandhu,R Kavin,P Bhuvaneswaran,1,1,0,run,0,,,6/2
1379617,1,2,5,R Kavin,Sunny Sandhu,P Bhuvaneswaran,0,0,0,no run,0,,,6/2
1379617,1,2,6,R Kavin,Sunny Sandhu,P Bhuvaneswaran,4,4,0,four,0,,,10/2
1379617,1,3,1,Sunny Sandhu,R Kavin,H Trilok Nag,4,4,0,four,0,,,14/2
1379617,1,3,2,Sunny Sandhu,R Kavin,H Trilok Nag,1,1,0,run,0,,,15/2
1379617,1,3,3,R Kavin,Sunny Sandhu,H Trilok Nag,0,0,0,no run,0,,,15/2
1379617,1,3,4,R Kavin,Sunny Sandhu,H Trilok Nag,0,0,0,no run,0,,,15/2
1379617,1,3,5,R Kavin,Sunny Sandhu,H Trilok Nag,0,0,0,no run,0,,,15/2
1379617,1,3,6,R Kavin,Sunny Sandhu,H Trilok Nag,0,0,0,no run,0,,,15/2
1379617,1,4,1,Sunny Sandhu,R Kavin,P Bhuvaneswaran,1,0,1,leg bye,0,,,16/2
1379617,1,4,2,R Kavin,Sunny Sandhu,P Bhuvaneswaran,4,4,0,four,0,,,20/2
1379617,1,4,3,R Kavin,Sunny Sandhu,P Bhuvaneswaran,4,4,0,four,0,,,24/2
1379617,1,4,4,R Kavin,Sunny Sandhu,P Bhuvaneswaran,2,2,0,run,0,,,26/2
1379617,1,4,5,R Kavin,Sunny Sandhu,P Bhuvaneswaran,2,2,0,run,0,,,28/2
1379617,1,4,6,R Kavin,Sunny Sandhu,P Bhuvaneswaran,0,0,0,no run,0,,,28/2
1379617,1,5,1,Sunny Sandhu,R Kavin, Sriram Ajith Ram,1,1,0,run,0,,,29/2
1379617,1,5,2,R Kavin,Sunny Sandhu, Sriram Ajith Ram,2,2,0,run,0,,,31/2
1379617,1,5,3,R Kavin,Sunny Sandhu, Sriram Ajith Ram,1,1,0,run,0,,,32/2
1379617,1,5,4,Sunny Sandhu,R Kavin, Sriram Ajith Ram,1,0,1,wide,0,,,33/2
1379617,1,5,5,Sunny Sandhu,R Kavin, Sriram Ajith Ram,1,1,0,run,0,,,34/2
1379617,1,5,6,R Kavin,Sunny Sandhu, Sriram Ajith Ram,0,0,0,no run,0,,,34/2
1379617,1,5,7,R Kavin,Sunny Sandhu, Sriram Ajith Ram,0,0,0,no run,0,,,34/2
1379617,1,6,1,Sunny Sandhu,R Kavin,Ravisrinivasan Sai Kishore,4,4,0,four,0,,,38/2
1379617,1,6,2,Sunny Sandhu,R Kavin,Ravisrinivasan Sai Kishore,0,0,0,no run,0,,,38/2
1379617,1,6,3,Sunny Sandhu,R Kavin,Ravisrinivasan Sai Kishore,0,0,0,no run,0,,,38/2
1379617,1,6,4,Sunny Sandhu,R Kavin,Ravisrinivasan Sai Kishore,0,0,0,no run,0,,,38/2
1379617,1,6,5,Sunny Sandhu,R Kavin,Ravisrinivasan Sai Kishore,0,0,0,no run,0,,,38/2
1379617,1,6,6,Sunny Sandhu,R Kavin,Ravisrinivasan Sai Kishore,0,0,0,no run,0,,,38/2
1379617,1,7,1,R Kavin,Sunny Sandhu, Sriram Ajith Ram,0,0,0,no run,0,,,38/2
1379617,1,7,2,R Kavin,Sunny Sandhu, Sriram Ajith Ram,0,0,0,out,1,bowled,R Kavin,38/3
1379617,1,7,3,RS Mokit Hariharan,Sunny Sandhu, Sriram Ajith Ram,1,1,0,run,0,,,39/3
1379617,1,7,4,Sunny Sandhu,RS Mokit Hariharan, Sriram Ajith Ram,1,1,0,run,0,,,40/3
1379617,1,7,5,RS Mokit Hariharan,Sunny Sandhu, Sriram Ajith Ram,0,0,0,no run,0,,,40/3
1379617,1,7,6,RS Mokit Hariharan,Sunny Sandhu, Sriram Ajith Ram,0,0,0,no run,0,,,40/3
1379617,1,8,1,Sunny Sandhu,RS Mokit Hariharan,S Gohulmoorthi,0,0,0,no run,0,,,40/3
1379617,1,8,2,Sunny Sandhu,RS Mokit Hariharan,S Gohulmoorthi,1,0,1,wide,0,,,41/3
1379617,1,8,3,Sunny Sandhu,RS Mokit Hariharan,S Gohulmoorthi,0,0,0,no run,0,,,41/3
1379617,1,8,4,Sunny Sandhu,RS Mokit Hariharan,S Gohulmoorthi,1,1,0,run,0,,,42/3
1379617,1,8,5,RS Mokit Hariharan,Sunny Sandhu,S Gohulmoorthi,0,0,0,no run,0,,,42/3
1379617,1,8,6,RS Mokit Hariharan,Sunny Sandhu,S Gohulmoorthi,1,1,0,run,0,,,43/3
1379617,1,8,7,Sunny Sandhu,RS Mokit Hariharan,S Gohulmoorthi,1,1,0,run,0,,,44/3
1379617,1,9,1,Sunny Sandhu,RS Mokit Hariharan,Ravisrinivasan Sai Kishore,0,0,0,no run,0,,,44/3
1379617,1,9,2,Sunny Sandhu,RS Mokit Hariharan,Ravisrinivasan Sai Kishore,4,4,0,four,0,,,48/3
1379617,1,9,3,Sunny Sandhu,RS Mokit Hariharan,Ravisrinivasan Sai Kishore,1,1,0,run,0,,,49/3
1379617,1,9,4,RS Mokit Hariharan,Sunny Sandhu,Ravisrinivasan Sai Kishore,0,0,0,no run,0,,,49/3
1379617,1,9,5,RS Mokit Hariharan,Sunny Sandhu,Ravisrinivasan Sai Kishore,0,0,0,no run,0,,,49/3
1379617,1,9,6,RS Mokit Hariharan,Sunny Sandhu,Ravisrinivasan Sai Kishore,0,0,0,no run,0,,,49/3
1379617,1,10,1,Sunny Sandhu,RS Mokit Hariharan,S Gohulmoorthi,1,1,0,run,0,,,50/3
1379617,1,10,2,RS Mokit Hariharan,Sunny Sandhu,S Gohulmoorthi,1,1,0,run,0,,,51/3
1379617,1,10,3,Sunny Sandhu,RS Mokit Hariharan,S Gohulmoorthi,1,1,0,run,0,,,52/3
1379617,1,10,4,RS Mokit Hariharan,Sunny Sandhu,S Gohulmoorthi,0,0,0,out,1,caught,RS Mokit Hariharan,52/4
1379617,1,10,5,S Abishiek,Sunny Sandhu,S Gohulmoorthi,1,1,0,run,0,,,53/4
1379617,1,10,6,Sunny Sandhu,S Abishiek,S Gohulmoorthi,4,4,0,four,0,,,57/4
1379617,1,11,1,S Abishiek,Sunny Sandhu, Sriram Ajith Ram,1,1,0,run,0,,,58/4
1379617,1,11,2,Sunny Sandhu,S Abishiek, Sriram Ajith Ram,1,0,1,leg bye,0,,,59/4
1379617,1,11,3,S Abishiek,Sunny Sandhu, Sriram Ajith Ram,1,0,1,wide,0,,,60/4
1379617,1,11,4,S Abishiek,Sunny Sandhu, Sriram Ajith Ram,1,1,0,run,0,,,61/4
1379617,1,11,5,Sunny Sandhu,S Abishiek, Sriram Ajith Ram,1,1,0,run,0,,,62/4
1379617,1,11,6,S Abishiek,Sunny Sandhu, Sriram Ajith Ram,1,1,0,run,0,,,63/4
1379617,1,11,7,Sunny Sandhu,S Abishiek, Sriram Ajith Ram,1,1,0,run,0,,,64/4
1379617,1,12,1,Sunny Sandhu,S Abishiek,Alliraj Karuppusamy,1,1,0,run,0,,,65/4
1379617,1,12,2,S Abishiek,Sunny Sandhu,Alliraj Karuppusamy,0,0,0,no run,0,,,65/4
1379617,1,12,3,S Abishiek,Sunny Sandhu,Alliraj Karuppusamy,1,0,1,leg bye,0,,,66/4
1379617,1,12,4,Sunny Sandhu,S Abishiek,Alliraj Karuppusamy,1,1,0,run,0,,,67/4
1379617,1,12,5,S Abishiek,Sunny Sandhu,Alliraj Karuppusamy,1,1,0,run,0,,,68/4
1379617,1,12,6,Sunny Sandhu,S Abishiek,Alliraj Karuppusamy,1,1,0,run,0,,,69/4
1379617,1,13,1,Sunny Sandhu,S Abishiek, Sriram Ajith Ram,1,1,0,run,0,,,70/4
1379617,1,13,2,S Abishiek,Sunny Sandhu, Sriram Ajith Ram,1,1,0,run,0,,,71/4
1379617,1,13,3,Sunny Sandhu,S Abishiek, Sriram Ajith Ram,1,1,0,run,0,,,72/4
1379617,1,13,4,S Abishiek,Sunny Sandhu, Sriram Ajith Ram,0,0,0,no run,0,,,72/4
1379617,1,13,5,S Abishiek,Sunny Sandhu, Sriram Ajith Ram,2,2,0,run,0,,,74/4
1379617,1,13,6,S Abishiek,Sunny Sandhu, Sriram Ajith Ram,1,1,0,run,0,,,75/4
1379617,1,14,1,S Abishiek,Sunny Sandhu,Alliraj Karuppusamy,1,1,0,run,0,,,76/4
1379617,1,14,2,Sunny Sandhu,S Abishiek,Alliraj Karuppusamy,1,1,0,run,0,,,77/4
1379617,1,14,3,S Abishiek,Sunny Sandhu,Alliraj Karuppusamy,0,0,0,no run,0,,,77/4
1379617,1,14,4,S Abishiek,Sunny Sandhu,Alliraj Karuppusamy,1,0,1,bye,0,,,78/4
1379617,1,14,5,Sunny Sandhu,S Abishiek,Alliraj Karuppusamy,4,4,0,four,0,,,82/4
1379617,1,14,6,Sunny Sandhu,S Abishiek,Alliraj Karuppusamy,1,1,0,run,0,,,83/4
1379617,1,15,1,Sunny Sandhu,S Abishiek,H Trilok Nag,1,1,0,run,0,,,84/4
1379617,1,15,2,S Abishiek,Sunny Sandhu,H Trilok Nag,0,0,0,out,1,bowled,S Abishiek,84/5
1379617,1,15,3,Muhammed Adnan Khan,Sunny Sandhu,H Trilok Nag,1,1,0,run,0,,,85/5
1379617,1,15,4,Sunny Sandhu,Muhammed Adnan Khan,H Trilok Nag,6,6,0,six,0,,,91/5
1379617,1,15,5,Sunny Sandhu,Muhammed Adnan Khan,H Trilok Nag,6,6,0,six,0,,,97/5
1379617,1,15,6,Sunny Sandhu,Muhammed Adnan Khan,H Trilok Nag,1,1,0,run,0,,,98/5
1379617,1,16,1,Sunny Sandhu,Muhammed Adnan Khan,S Gohulmoorthi,1,1,0,run,0,,,99/5
1379617,1,16,2,Muhammed Adnan Khan,Sunny Sandhu,S Gohulmoorthi,1,1,0,run,0,,,100/5
1379617,1,16,3,Sunny Sandhu,Muhammed Adnan Khan,S Gohulmoorthi,1,1,0,run,0,,,101/5
1379617,1,16,4,Muhammed Adnan Khan,Sunny Sandhu,S Gohulmoorthi,0,0,0,no run,0,,,101/5
1379617,1,16,5,Muhammed Adnan Khan,Sunny Sandhu,S Gohulmoorthi,4,4,0,four,0,,,105/5
1379617,1,16,6,Muhammed Adnan Khan,Sunny Sandhu,S Gohulmoorthi,1,1,0,run,0,,,106/5
1379617,1,17,1,Muhammed Adnan Khan,Sunny Sandhu,Ravisrinivasan Sai Kishore,6,6,0,six,0,,,112/5
1379617,1,17,2,Muhammed Adnan Khan,Sunny Sandhu,Ravisrinivasan Sai Kishore,1,1,0,run,0,,,113/5
1379617,1,17,3,Sunny Sandhu,Muhammed Adnan Khan,Ravisrinivasan Sai Kishore,2,2,0,run,0,,,115/5
1379617,1,17,4,Sunny Sandhu,Muhammed Adnan Khan,Ravisrinivasan Sai Kishore,0,0,0,out,1,caught,Sunny Sandhu,115/6
1379617,1,17,5,Abhishek Baljeetsingh Tanwar,Muhammed Adnan Khan,Ravisrinivasan Sai Kishore,1,1,0,run,0,,,116/6
1379617,1,17,6,Muhammed Adnan Khan,Abhishek Baljeetsingh Tanwar,Ravisrinivasan Sai Kishore,1,1,0,run,0,,,117/6
1379617,1,18,1,Muhammed Adnan Khan,Abhishek Baljeetsingh Tanwar,P Bhuvaneswaran,0,0,0,out,1,caught,Muhammed Adnan Khan,117/7
1379617,1,18,2,RS Jaganath Sinivas,Abhishek Baljeetsingh Tanwar,P Bhuvaneswaran,0,0,0,no run,0,,,117/7
1379617,1,18,3,RS Jaganath Sinivas,Abhishek Baljeetsingh Tanwar,P Bhuvaneswaran,1,1,0,run,0,,,118/7
1379617,1,18,4,Abhishek Baljeetsingh Tanwar,RS Jaganath Sinivas,P Bhuvaneswaran,4,4,0,four,0,,,122/7
1379617,1,18,5,Abhishek Baljeetsingh Tanwar,RS Jaganath Sinivas,P Bhuvaneswaran,4,4,0,four,0,,,126/7
1379617,1,18,6,Abhishek Baljeetsingh Tanwar,RS Jaganath Sinivas,P Bhuvaneswaran,6,6,0,six,0,,,132/7
1379617,1,19,1,RS Jaganath Sinivas,Abhishek Baljeetsingh Tanwar,Ravisrinivasan Sai Kishore,1,1,0,run,0,,,133/7
1379617,1,19,2,Abhishek Baljeetsingh Tanwar,RS Jaganath Sinivas,Ravisrinivasan Sai Kishore,2,2,0,run,0,,,135/7
1379617,1,19,3,Abhishek Baljeetsingh Tanwar,RS Jaganath Sinivas,Ravisrinivasan Sai Kishore,0,0,0,out,1,caught,Abhishek Baljeetsingh Tanwar,135/8
1379617,1,19,4,Akash Sumra,RS Jaganath Sinivas,Ravisrinivasan Sai Kishore,1,1,0,run,0,,,136/8
1379617,1,19,5,RS Jaganath Sinivas,Akash Sumra,Ravisrinivasan Sai Kishore,6,6,0,six,0,,,142/8
1379617,1,19,6,RS Jaganath Sinivas,Akash Sumra,Ravisrinivasan Sai Kishore,1,1,0,run,0,,,143/8
1379617,1,20,1,RS Jaganath Sinivas,Akash Sumra,P Bhuvaneswaran,1,0,1,wide,0,,,144/8
1379617,1,20,2,RS Jaganath Sinivas,Akash Sumra,P Bhuvaneswaran,1,1,0,run,0,,,145/8
1379617,1,20,3,Akash Sumra,RS Jaganath Sinivas,P Bhuvaneswaran,1,0,1,wide,0,,,146/8
1379617,1,20,4,Akash Sumra,RS Jaganath Sinivas,P Bhuvaneswaran,6,6,0,six,0,,,152/8
1379617,1,20,5,Akash Sumra,RS Jaganath Sinivas,P Bhuvaneswaran,0,0,0,no run,0,,,152/8
1379617,1,20,6,Akash Sumra,RS Jaganath Sinivas,P Bhuvaneswaran,0,0,0,out,1,caught,Akash Sumra,152/9
1379617,1,20,7,N Selva Kumaran,RS Jaganath Sinivas,P Bhuvaneswaran,1,0,1,wide,0,,,153/9
1379617,1,20,8,N Selva Kumaran,RS Jaganath Sinivas,P Bhuvaneswaran,1,1,0,run,0,,,154/9
1379617,1,20,9,RS Jaganath Sinivas,N Selva Kumaran,P Bhuvaneswaran,1,1,0,run,1,run out,RS Jaganath Sinivas,155/10
1379617,2,1,1,Sundararaman Radhakrishnan,Tushar Raheja,Sunny Sandhu,0,0,0,no run,0,,,0/0
1379617,2,1,2,Sundararaman Radhakrishnan,Tushar Raheja,Sunny Sandhu,1,1,0,run,0,,,1/0
1379617,2,1,3,Tushar Raheja,Sundararaman Radhakrishnan,Sunny Sandhu,1,1,0,run,0,,,2/0
1379617,2,1,4,Sundararaman Radhakrishnan,Tushar Raheja,Sunny Sandhu,0,0,0,no run,0,,,2/0
1379617,2,1,5,Sundararaman Radhakrishnan,Tushar Raheja,Sunny Sandhu,1,1,0,run,0,,,3/0
1379617,2,1,6,Tushar Raheja,Sundararaman Radhakrishnan,Sunny Sandhu,1,1,0,run,0,,,4/0
1379617,2,2,1,Tushar Raheja,Sundararaman Radhakrishnan,Abhishek Baljeetsingh Tanwar,0,0,0,no run,0,,,4/0
1379617,2,2,2,Tushar Raheja,Sundararaman Radhakrishnan,Abhishek Baljeetsingh Tanwar,6,6,0,six,0,,,10/0
1379617,2,2,3,Tushar Raheja,Sundararaman Radhakrishnan,Abhishek Baljeetsingh Tanwar,1,1,0,run,0,,,11/0
1379617,2,2,4,Sundararaman Radhakrishnan,Tushar Raheja,Abhishek Baljeetsingh Tanwar,4,4,0,four,0,,,15/0
1379617,2,2,5,Sundararaman Radhakrishnan,Tushar Raheja,Abhishek Baljeetsingh Tanwar,1,1,0,run,0,,,16/0
1379617,2,2,6,Tushar Raheja,Sundararaman Radhakrishnan,Abhishek Baljeetsingh Tanwar,0,0,0,no run,0,,,16/0
1379617,2,3,1,Sundararaman Radhakrishnan,Tushar Raheja,Sunny Sandhu,1,1,0,run,0,,,17/0
1379617,2,3,2,Tushar Raheja,Sundararaman Radhakrishnan,Sunny Sandhu,6,6,0,six,0,,,23/0
1379617,2,3,3,Tushar Raheja,Sundararaman Radhakrishnan,Sunny Sandhu,4,4,0,four,0,,,27/0
1379617,2,3,4,Tushar Raheja,Sundararaman Radhakrishnan,Sunny Sandhu,0,0,0,no run,0,,,27/0
1379617,2,3,5,Tushar Raheja,Sundararaman Radhakrishnan,Sunny Sandhu,0,0,0,no run,0,,,27/0
1379617,2,3,6,Tushar Raheja,Sundararaman Radhakrishnan,Sunny Sandhu,1,1,0,run,0,,,28/0
1379617,2,4,1,Tushar Raheja,Sundararaman Radhakrishnan,RS Mokit Hariharan,0,0,0,no run,0,,,28/0
1379617,2,4,2,Tushar Raheja,Sundararaman Radhakrishnan,RS Mokit Hariharan,1,1,0,run,0,,,29/0
1379617,2,4,3,Sundararaman Radhakrishnan,Tushar Raheja,RS Mokit Hariharan,1,1,0,run,0,,,30/0
1379617,2,4,4,Tushar Raheja,Sundararaman Radhakrishnan,RS Mokit Hariharan,1,1,0,run,0,,,31/0
1379617,2,4,5,Sundararaman Radhakrishnan,Tushar Raheja,RS Mokit Hariharan,1,1,0,run,0,,,32/0
1379617,2,4,6,Tushar Raheja,Sundararaman Radhakrishnan,RS Mokit Hariharan,0,0,0,no run,0,,,32/0
1379617,2,5,1,Sundararaman Radhakrishnan,Tushar Raheja,Sachin Rathi,1,1,0,run,0,,,33/0
1379617,2,5,2,Tushar Raheja,Sundararaman Radhakrishnan,Sachin Rathi,0,0,0,out,1,caught,Tushar Raheja,33/1
1379617,2,5,3,Ravisrinivasan Sai Kishore,Sundararaman Radhakrishnan,Sachin Rathi,4,4,0,four,0,,,37/1
1379617,2,5,4,Ravisrinivasan Sai Kishore,Sundararaman Radhakrishnan,Sachin Rathi,1,0,1,leg bye,0,,,38/1
1379617,2,5,5,Sundararaman Radhakrishnan,Ravisrinivasan Sai Kishore,Sachin Rathi,1,1,0,run,0,,,39/1
1379617,2,5,6,Ravisrinivasan Sai Kishore,Sundararaman Radhakrishnan,Sachin Rathi,0,0,0,no run,0,,,39/1
1379617,2,6,1,Sundararaman Radhakrishnan,Ravisrinivasan Sai Kishore,RS Mokit Hariharan,0,0,0,no run,0,,,39/1
1379617,2,6,2,Sundararaman Radhakrishnan,Ravisrinivasan Sai Kishore,RS Mokit Hariharan,1,1,0,run,0,,,40/1
1379617,2,6,3,Ravisrinivasan Sai Kishore,Sundararaman Radhakrishnan,RS Mokit Hariharan,4,4,0,four,0,,,44/1
1379617,2,6,4,Ravisrinivasan Sai Kishore,Sundararaman Radhakrishnan,RS Mokit Hariharan,2,2,0,run,0,,,46/1
1379617,2,6,5,Ravisrinivasan Sai Kishore,Sundararaman Radhakrishnan,RS Mokit Hariharan,4,4,0,four,0,,,50/1
1379617,2,6,6,Ravisrinivasan Sai Kishore,Sundararaman Radhakrishnan,RS Mokit Hariharan,6,6,0,six,0,,,56/1
1379617,2,7,1,Sundararaman Radhakrishnan,Ravisrinivasan Sai Kishore,Sachin Rathi,0,0,0,no run,0,,,56/1
1379617,2,7,2,Sundararaman Radhakrishnan,Ravisrinivasan Sai Kishore,Sachin Rathi,1,1,0,run,0,,,57/1
1379617,2,7,3,Ravisrinivasan Sai Kishore,Sundararaman Radhakrishnan,Sachin Rathi,6,6,0,six,0,,,63/1
1379617,2,7,4,Ravisrinivasan Sai Kishore,Sundararaman Radhakrishnan,Sachin Rathi,0,0,0,no run,0,,,63/1
1379617,2,7,5,Ravisrinivasan Sai Kishore,Sundararaman Radhakrishnan,Sachin Rathi,0,0,0,out,1,caught,Ravisrinivasan Sai Kishore,63/2
1379617,2,7,6,Vijay Shankar,Sundararaman Radhakrishnan,Sachin Rathi,0,0,0,no run,0,,,63/2
1379617,2,8,1,Sundararaman Radhakrishnan,Vijay Shankar,RS Jaganath Sinivas,1,1,0,run,0,,,64/2
1379617,2,8,2,Vijay Shankar,Sundararaman Radhakrishnan,RS Jaganath Sinivas,0,0,0,no run,0,,,64/2
1379617,2,8,3,Vijay Shankar,Sundararaman Radhakrishnan,RS Jaganath Sinivas,1,1,0,run,0,,,65/2
1379617,2,8,4,Sundararaman Radhakrishnan,Vijay Shankar,RS Jaganath Sinivas,0,0,0,no run,0,,,65/2
1379617,2,8,5,Sundararaman Radhakrishnan,Vijay Shankar,RS Jaganath Sinivas,1,1,0,run,0,,,66/2
1379617,2,8,6,Vijay Shankar,Sundararaman Radhakrishnan,RS Jaganath Sinivas,4,4,0,four,0,,,70/2
1379617,2,9,1,Sundararaman Radhakrishnan,Vijay Shankar,Sachin Rathi,1,0,1,bye,0,,,71/2
1379617,2,9,2,Vijay Shankar,Sundararaman Radhakrishnan,Sachin Rathi,1,1,0,run,0,,,72/2
1379617,2,9,3,Sundararaman Radhakrishnan,Vijay Shankar,Sachin Rathi,0,0,0,no run,0,,,72/2
1379617,2,9,4,Sundararaman Radhakrishnan,Vijay Shankar,Sachin Rathi,0,0,0,out,1,caught,Sundararaman Radhakrishnan,72/3
1379617,2,9,5,Balchander Anirudh,Vijay Shankar,Sachin Rathi,0,0,0,no run,0,,,72/3
1379617,2,9,6,Balchander Anirudh,Vijay Shankar,Sachin Rathi,0,0,0,no run,0,,,72/3
1379617,2,10,1,Vijay Shankar,Balchander Anirudh,RS Jaganath Sinivas,0,0,0,no run,0,,,72/3
1379617,2,10,2,Vijay Shankar,Balchander Anirudh,RS Jaganath Sinivas,1,1,0,run,0,,,73/3
1379617,2,10,3,Balchander Anirudh,Vijay Shankar,RS Jaganath Sinivas,1,1,0,run,0,,,74/3
1379617,2,10,4,Vijay Shankar,Balchander Anirudh,RS Jaganath Sinivas,2,2,0,run,0,,,76/3
1379617,2,10,5,Vijay Shankar,Balchander Anirudh,RS Jaganath Sinivas,1,1,0,run,0,,,77/3
1379617,2,10,6,Balchander Anirudh,Vijay Shankar,RS Jaganath Sinivas,1,1,0,run,0,,,78/3
1379617,2,11,1,Balchander Anirudh,Vijay Shankar,N Selva Kumaran,2,2,0,run,0,,,80/3
1379617,2,11,2,Balchander Anirudh,Vijay Shankar,N Selva Kumaran,1,1,0,run,0,,,81/3
1379617,2,11,3,Vijay Shankar,Balchander Anirudh,N Selva Kumaran,1,1,0,run,0,,,82/3
1379617,2,11,4,Balchander Anirudh,Vijay Shankar,N Selva Kumaran,1,1,0,run,0,,,83/3
1379617,2,11,5,Vijay Shankar,Balchander Anirudh,N Selva Kumaran,1,1,0,run,0,,,84/3
1379617,2,11,6,Balchander Anirudh,Vijay Shankar,N Selva Kumaran,0,0,0,no run,0,,,84/3
1379617,2,12,1,Vijay Shankar,Balchander Anirudh,RS Mokit Hariharan,0,0,0,out,1,caught,Vijay Shankar,84/4
1379617,2,12,2,N Sarangarajan Chaturved,Balchander Anirudh,RS Mokit Hariharan,2,2,0,run,0,,,86/4
1379617,2,12,3,N Sarangarajan Chaturved,Balchander Anirudh,RS Mokit Hariharan,1,1,0,run,0,,,87/4
1379617,2,12,4,Balchander Anirudh,N Sarangarajan Chaturved,RS Mokit Hariharan,0,0,0,no run,0,,,87/4
1379617,2,12,5,Balchander Anirudh,N Sarangarajan Chaturved,RS Mokit Hariharan,1,1,0,run,0,,,88/4
1379617,2,12,6,N Sarangarajan Chaturved,Balchander Anirudh,RS Mokit Hariharan,1,1,0,run,0,,,89/4
1379617,2,13,1,N Sarangarajan Chaturved,Balchander Anirudh,N Selva Kumaran,0,0,0,no run,0,,,89/4
1379617,2,13,2,N Sarangarajan Chaturved,Balchander Anirudh,N Selva Kumaran,4,4,0,four,0,,,93/4
1379617,2,13,3,N Sarangarajan Chaturved,Balchander Anirudh,N Selva Kumaran,1,1,0,run,0,,,94/4
1379617,2,13,4,Balchander Anirudh,N Sarangarajan Chaturved,N Selva Kumaran,1,0,1,leg bye,0,,,95/4
1379617,2,13,5,N Sarangarajan Chaturved,Balchander Anirudh,N Selva Kumaran,1,1,0,run,0,,,96/4
1379617,2,13,6,Balchander Anirudh,N Sarangarajan Chaturved,N Selva Kumaran,1,1,0,run,0,,,97/4
1379617,2,14,1,Balchander Anirudh,N Sarangarajan Chaturved,RS Mokit Hariharan,0,0,0,no run,0,,,97/4
1379617,2,14,2,Balchander Anirudh,N Sarangarajan Chaturved,RS Mokit Hariharan,1,1,0,run,0,,,98/4
1379617,2,14,3,N Sarangarajan Chaturved,Balchander Anirudh,RS Mokit Hariharan,1,1,0,run,0,,,99/4
1379617,2,14,4,Balchander Anirudh,N Sarangarajan Chaturved,RS Mokit Hariharan,6,6,0,six,0,,,105/4
1379617,2,14,5,Balchander Anirudh,N Sarangarajan Chaturved,RS Mokit Hariharan,0,0,0,out,1,run out,N Sarangarajan Chaturved,105/5
1379617,2,14,6,Rajendran Vivek,Balchander Anirudh,RS Mokit Hariharan,4,4,0,four,0,,,109/5
1379617,2,15,1,Balchander Anirudh,Rajendran Vivek,Sachin Rathi,4,4,0,four,0,,,113/5
1379617,2,15,2,Balchander Anirudh,Rajendran Vivek,Sachin Rathi,0,0,0,no run,0,,,113/5
1379617,2,15,3,Balchander Anirudh,Rajendran Vivek,Sachin Rathi,1,1,0,run,0,,,114/5
1379617,2,15,4,Rajendran Vivek,Balchander Anirudh,Sachin Rathi,2,2,0,run,0,,,116/5
1379617,2,15,5,Rajendran Vivek,Balchander Anirudh,Sachin Rathi,0,0,0,no run,0,,,116/5
1379617,2,15,6,Rajendran Vivek,Balchander Anirudh,Sachin Rathi,0,0,0,no run,0,,,116/5
1379617,2,16,1,Balchander Anirudh,Rajendran Vivek,RS Jaganath Sinivas,1,1,0,run,0,,,117/5
1379617,2,16,2,Rajendran Vivek,Balchander Anirudh,RS Jaganath Sinivas,0,0,0,out,1,caught,Rajendran Vivek,117/6
1379617,2,16,3,Alliraj Karuppusamy,Balchander Anirudh,RS Jaganath Sinivas,1,1,0,run,0,,,118/6
1379617,2,16,4,Balchander Anirudh,Alliraj Karuppusamy,RS Jaganath Sinivas,1,1,0,run,0,,,119/6
1379617,2,16,5,Alliraj Karuppusamy,Balchander Anirudh,RS Jaganath Sinivas,0,0,0,no run,0,,,119/6
1379617,2,16,6,Alliraj Karuppusamy,Balchander Anirudh,RS Jaganath Sinivas,0,0,0,no run,0,,,119/6
1379617,2,17,1,Balchander Anirudh,Alliraj Karuppusamy,N Selva Kumaran,0,0,0,no run,0,,,119/6
1379617,2,17,2,Balchander Anirudh,Alliraj Karuppusamy,N Selva Kumaran,0,0,0,out,1,caught,Balchander Anirudh,119/7
1379617,2,17,3,P Bhuvaneswaran,Alliraj Karuppusamy,N Selva Kumaran,6,6,0,six,0,,,125/7
1379617,2,17,4,P Bhuvaneswaran,Alliraj Karuppusamy,N Selva Kumaran,0,0,0,no run,0,,,125/7
1379617,2,17,5,P Bhuvaneswaran,Alliraj Karuppusamy,N Selva Kumaran,0,0,0,out,1,caught,P Bhuvaneswaran,125/8
1379617,2,17,6, Sriram Ajith Ram,Alliraj Karuppusamy,N Selva Kumaran,0,0,0,out,1,caught, Sriram Ajith Ram,125/9
1379617,2,18,1,Alliraj Karuppusamy,S Gohulmoorthi,RS Jaganath Sinivas,1,1,0,run,0,,,126/9
1379617,2,18,2,S Gohulmoorthi,Alliraj Karuppusamy,RS Jaganath Sinivas,0,0,0,no run,0,,,126/9
1379617,2,18,3,S Gohulmoorthi,Alliraj Karuppusamy,RS Jaganath Sinivas,1,1,0,run,0,,,127/9
1379617,2,18,4,Alliraj Karuppusamy,S Gohulmoorthi,RS Jaganath Sinivas,0,0,0,no run,0,,,127/9
1379617,2,18,5,Alliraj Karuppusamy,S Gohulmoorthi,RS Jaganath Sinivas,1,1,0,run,0,,,128/9
1379617,2,18,6,S Gohulmoorthi,Alliraj Karuppusamy,RS Jaganath Sinivas,1,1,0,run,0,,,129/9
1379617,2,19,1,S Gohulmoorthi,Alliraj Karuppusamy,N Selva Kumaran,1,1,0,run,0,,,130/9
1379617,2,19,2,Alliraj Karuppusamy,S Gohulmoorthi,N Selva Kumaran,6,6,0,six,0,,,136/9
1379617,2,19,3,Alliraj Karuppusamy,S Gohulmoorthi,N Selva Kumaran,1,1,0,run,0,,,137/9
1379617,2,19,4,S Gohulmoorthi,Alliraj Karuppusamy,N Selva Kumaran,0,0,0,no run,0,,,137/9
1379617,2,19,5,S Gohulmoorthi,Alliraj Karuppusamy,N Selva Kumaran,4,4,0,four,0,,,141/9
1379617,2,19,6,S Gohulmoorthi,Alliraj Karuppusamy,N Selva Kumaran,1,1,0,run,0,,,142/9
1379617,2,20,1,S Gohulmoorthi,Alliraj Karuppusamy,Sunny Sandhu,0,0,0,no run,0,,,142/9
1379617,2,20,2,S Gohulmoorthi,Alliraj Karuppusamy,Sunny Sandhu,1,1,0,run,0,,,143/9
1379617,2,20,3,Alliraj Karuppusamy,S Gohulmoorthi,Sunny Sandhu,1,1,0,run,0,,,144/9
1379617,2,20,4,S Gohulmoorthi,Alliraj Karuppusamy,Sunny Sandhu,1,1,0,run,0,,,145/9
1379617,2,20,5,Alliraj Karuppusamy,S Gohulmoorthi,Sunny Sandhu,1,1,0,run,0,,,146/9
1379617,2,20,6,S Gohulmoorthi,Alliraj Karuppusamy,Sunny Sandhu,1,1,0,run,0,,,147/9
1379618,1,1,1,Konda Bhaskir Arun Karthik,R Sri Neranjan,P Saravana Kumar,1,0,1,wide,0,,,1/0
1379618,1,1,2,Konda Bhaskir Arun Karthik,R Sri Neranjan,P Saravana Kumar,0,0,0,no run,0,,,1/0
1379618,1,1,3,Konda Bhaskir Arun Karthik,R Sri Neranjan,P Saravana Kumar,0,0,0,no run,0,,,1/0
1379618,1,1,4,Konda Bhaskir Arun Karthik,R Sri Neranjan,P Saravana Kumar,0,0,0,no run,0,,,1/0
1379618,1,1,5,Konda Bhaskir Arun Karthik,R Sri Neranjan,P Saravana Kumar,4,4,0,four,0,,,5/0
1379618,1,1,6,Konda Bhaskir Arun Karthik,R Sri Neranjan,P Saravana Kumar,1,1,0,run,0,,,6/0
1379618,1,1,7,R Sri Neranjan,Konda Bhaskir Arun Karthik,P Saravana Kumar,0,0,0,no run,0,,,6/0
1379618,1,2,1,Konda Bhaskir Arun Karthik,R Sri Neranjan,G Kishoor,0,0,0,no run,0,,,6/0
1379618,1,2,2,Konda Bhaskir Arun Karthik,R Sri Neranjan,G Kishoor,1,1,0,run,0,,,7/0
1379618,1,2,3,R Sri Neranjan,Konda Bhaskir Arun Karthik,G Kishoor,0,0,0,no run,0,,,7/0
1379618,1,2,4,R Sri Neranjan,Konda Bhaskir Arun Karthik,G Kishoor,0,0,0,no run,0,,,7/0
1379618,1,2,5,R Sri Neranjan,Konda Bhaskir Arun Karthik,G Kishoor,0,0,0,no run,0,,,7/0
1379618,1,2,6,R Sri Neranjan,Konda Bhaskir Arun Karthik,G Kishoor,4,4,0,four,0,,,11/0
1379618,1,3,1,Konda Bhaskir Arun Karthik,R Sri Neranjan,P Saravana Kumar,6,6,0,six,0,,,17/0
1379618,1,3,2,Konda Bhaskir Arun Karthik,R Sri Neranjan,P Saravana Kumar,0,0,0,no run,0,,,17/0
1379618,1,3,3,Konda Bhaskir Arun Karthik,R Sri Neranjan,P Saravana Kumar,1,1,0,run,0,,,18/0
1379618,1,3,4,R Sri Neranjan,Konda Bhaskir Arun Karthik,P Saravana Kumar,1,1,0,run,0,,,19/0
1379618,1,3,5,Konda Bhaskir Arun Karthik,R Sri Neranjan,P Saravana Kumar,0,0,0,no run,0,,,19/0
1379618,1,3,6,Konda Bhaskir Arun Karthik,R Sri Neranjan,P Saravana Kumar,6,6,0,six,0,,,25/0
1379618,1,4,1,R Sri Neranjan,Konda Bhaskir Arun Karthik,G Kishoor,1,1,0,run,0,,,26/0
1379618,1,4,2,Konda Bhaskir Arun Karthik,R Sri Neranjan,G Kishoor,4,0,4,leg bye,0,,,30/0
1379618,1,4,3,Konda Bhaskir Arun Karthik,R Sri Neranjan,G Kishoor,4,4,0,four,0,,,34/0
1379618,1,4,4,Konda Bhaskir Arun Karthik,R Sri Neranjan,G Kishoor,1,0,1,leg bye,0,,,35/0
1379618,1,4,5,R Sri Neranjan,Konda Bhaskir Arun Karthik,G Kishoor,0,0,0,no run,0,,,35/0
1379618,1,4,6,R Sri Neranjan,Konda Bhaskir Arun Karthik,G Kishoor,0,0,0,out,1,caught,R Sri Neranjan,35/1
1379618,1,5,1,Konda Bhaskir Arun Karthik,Nidhish S Rajagopal,Raju Aushik Srinivas,1,1,0,run,0,,,36/1
1379618,1,5,2,Nidhish S Rajagopal,Konda Bhaskir Arun Karthik,Raju Aushik Srinivas,0,0,0,no run,0,,,36/1
1379618,1,5,3,Nidhish S Rajagopal,Konda Bhaskir Arun Karthik,Raju Aushik Srinivas,6,6,0,six,0,,,42/1
1379618,1,5,4,Nidhish S Rajagopal,Konda Bhaskir Arun Karthik,Raju Aushik Srinivas,1,1,0,run,0,,,43/1
1379618,1,5,5,Konda Bhaskir Arun Karthik,Nidhish S Rajagopal,Raju Aushik Srinivas,0,0,0,no run,0,,,43/1
1379618,1,5,6,Konda Bhaskir Arun Karthik,Nidhish S Rajagopal,Raju Aushik Srinivas,0,0,0,no run,0,,,43/1
1379618,1,6,1,Nidhish S Rajagopal,Konda Bhaskir Arun Karthik,Varun Chakravarthy Vinod,1,1,0,run,0,,,44/1
1379618,1,6,2,Konda Bhaskir Arun Karthik,Nidhish S Rajagopal,Varun Chakravarthy Vinod,0,0,0,no run,0,,,44/1
1379618,1,6,3,Konda Bhaskir Arun Karthik,Nidhish S Rajagopal,Varun Chakravarthy Vinod,4,4,0,four,0,,,48/1
1379618,1,6,4,Konda Bhaskir Arun Karthik,Nidhish S Rajagopal,Varun Chakravarthy Vinod,1,1,0,run,0,,,49/1
1379618,1,6,5,Nidhish S Rajagopal,Konda Bhaskir Arun Karthik,Varun Chakravarthy Vinod,0,0,0,no run,0,,,49/1
1379618,1,6,6,Nidhish S Rajagopal,Konda Bhaskir Arun Karthik,Varun Chakravarthy Vinod,0,0,0,no run,0,,,49/1
1379618,1,7,1,Konda Bhaskir Arun Karthik,Nidhish S Rajagopal,Raju Aushik Srinivas,1,1,0,run,0,,,50/1
1379618,1,7,2,Nidhish S Rajagopal,Konda Bhaskir Arun Karthik,Raju Aushik Srinivas,1,1,0,run,0,,,51/1
1379618,1,7,3,Konda Bhaskir Arun Karthik,Nidhish S Rajagopal,Raju Aushik Srinivas,1,1,0,run,0,,,52/1
1379618,1,7,4,Nidhish S Rajagopal,Konda Bhaskir Arun Karthik,Raju Aushik Srinivas,2,2,0,run,0,,,54/1
1379618,1,7,5,Nidhish S Rajagopal,Konda Bhaskir Arun Karthik,Raju Aushik Srinivas,1,1,0,run,0,,,55/1
1379618,1,7,6,Konda Bhaskir Arun Karthik,Nidhish S Rajagopal,Raju Aushik Srinivas,0,0,0,no run,0,,,55/1
1379618,1,8,1,Nidhish S Rajagopal,Konda Bhaskir Arun Karthik,Varun Chakravarthy Vinod,1,1,0,run,0,,,56/1
1379618,1,8,2,Konda Bhaskir Arun Karthik,Nidhish S Rajagopal,Varun Chakravarthy Vinod,1,1,0,run,0,,,57/1
1379618,1,8,3,Nidhish S Rajagopal,Konda Bhaskir Arun Karthik,Varun Chakravarthy Vinod,0,0,0,out,1,caught,Nidhish S Rajagopal,57/2
1379618,1,8,4,Guruswamy Ajitesh,Konda Bhaskir Arun Karthik,Varun Chakravarthy Vinod,1,1,0,run,0,,,58/2
1379618,1,8,5,Konda Bhaskir Arun Karthik,Guruswamy Ajitesh,Varun Chakravarthy Vinod,0,0,0,no run,0,,,58/2
1379618,1,8,6,Konda Bhaskir Arun Karthik,Guruswamy Ajitesh,Varun Chakravarthy Vinod,0,0,0,no run,0,,,58/2
1379618,1,9,1,Guruswamy Ajitesh,Konda Bhaskir Arun Karthik,Raju Aushik Srinivas,1,1,0,run,0,,,59/2
1379618,1,9,2,Konda Bhaskir Arun Karthik,Guruswamy Ajitesh,Raju Aushik Srinivas,1,1,0,run,0,,,60/2
1379618,1,9,3,Guruswamy Ajitesh,Konda Bhaskir Arun Karthik,Raju Aushik Srinivas,0,0,0,no run,0,,,60/2
1379618,1,9,4,Guruswamy Ajitesh,Konda Bhaskir Arun Karthik,Raju Aushik Srinivas,1,1,0,run,0,,,61/2
1379618,1,9,5,Konda Bhaskir Arun Karthik,Guruswamy Ajitesh,Raju Aushik Srinivas,1,1,0,run,0,,,62/2
1379618,1,9,6,Guruswamy Ajitesh,Konda Bhaskir Arun Karthik,Raju Aushik Srinivas,1,1,0,run,0,,,63/2
1379618,1,10,1,Guruswamy Ajitesh,Konda Bhaskir Arun Karthik,Subodh Bhati,4,4,0,four,0,,,67/2
1379618,1,10,2,Guruswamy Ajitesh,Konda Bhaskir Arun Karthik,Subodh Bhati,0,0,0,no run,0,,,67/2
1379618,1,10,3,Guruswamy Ajitesh,Konda Bhaskir Arun Karthik,Subodh Bhati,0,0,0,no run,0,,,67/2
1379618,1,10,4,Guruswamy Ajitesh,Konda Bhaskir Arun Karthik,Subodh Bhati,1,1,0,run,0,,,68/2
1379618,1,10,5,Konda Bhaskir Arun Karthik,Guruswamy Ajitesh,Subodh Bhati,0,0,0,no run,0,,,68/2
1379618,1,10,6,Konda Bhaskir Arun Karthik,Guruswamy Ajitesh,Subodh Bhati,1,1,0,run,0,,,69/2
1379618,1,11,1,Konda Bhaskir Arun Karthik,Guruswamy Ajitesh,M Mathivannan,4,4,0,four,0,,,73/2
1379618,1,11,2,Konda Bhaskir Arun Karthik,Guruswamy Ajitesh,M Mathivannan,0,0,0,out,1,leg before wicket,Konda Bhaskir Arun Karthik,73/3
1379618,1,11,3,S Rithik Easwaran,Guruswamy Ajitesh,M Mathivannan,0,0,0,no run,0,,,73/3
1379618,1,11,4,S Rithik Easwaran,Guruswamy Ajitesh,M Mathivannan,1,1,0,run,0,,,74/3
1379618,1,11,5,Guruswamy Ajitesh,S Rithik Easwaran,M Mathivannan,1,1,0,run,0,,,75/3
1379618,1,11,6,S Rithik Easwaran,Guruswamy Ajitesh,M Mathivannan,1,1,0,run,0,,,76/3
1379618,1,12,1,S Rithik Easwaran,Guruswamy Ajitesh,Subodh Bhati,4,4,0,four,0,,,80/3
1379618,1,12,2,S Rithik Easwaran,Guruswamy Ajitesh,Subodh Bhati,4,4,0,four,0,,,84/3
1379618,1,12,3,S Rithik Easwaran,Guruswamy Ajitesh,Subodh Bhati,0,0,0,no run,0,,,84/3
1379618,1,12,4,S Rithik Easwaran,Guruswamy Ajitesh,Subodh Bhati,1,1,0,run,0,,,85/3
1379618,1,12,5,Guruswamy Ajitesh,S Rithik Easwaran,Subodh Bhati,6,6,0,six,0,,,91/3
1379618,1,12,6,Guruswamy Ajitesh,S Rithik Easwaran,Subodh Bhati,1,1,0,run,0,,,92/3
1379618,1,13,1,Guruswamy Ajitesh,S Rithik Easwaran,M Mathivannan,0,0,0,no run,0,,,92/3
1379618,1,13,2,Guruswamy Ajitesh,S Rithik Easwaran,M Mathivannan,0,0,0,out,1,bowled,Guruswamy Ajitesh,92/4
1379618,1,13,3,Ramsingh Sonu Yadav,S Rithik Easwaran,M Mathivannan,0,0,0,no run,0,,,92/4
1379618,1,13,4,Ramsingh Sonu Yadav,S Rithik Easwaran,M Mathivannan,0,0,0,no run,0,,,92/4
1379618,1,13,5,Ramsingh Sonu Yadav,S Rithik Easwaran,M Mathivannan,1,1,0,run,0,,,93/4
1379618,1,13,6,S Rithik Easwaran,Ramsingh Sonu Yadav,M Mathivannan,4,4,0,four,0,,,97/4
1379618,1,14,1,Ramsingh Sonu Yadav,S Rithik Easwaran,Varun Chakravarthy Vinod,1,1,0,run,0,,,98/4
1379618,1,14,2,S Rithik Easwaran,Ramsingh Sonu Yadav,Varun Chakravarthy Vinod,1,1,0,run,0,,,99/4
1379618,1,14,3,Ramsingh Sonu Yadav,S Rithik Easwaran,Varun Chakravarthy Vinod,1,1,0,run,0,,,100/4
1379618,1,14,4,S Rithik Easwaran,Ramsingh Sonu Yadav,Varun Chakravarthy Vinod,0,0,0,no run,0,,,100/4
1379618,1,14,5,S Rithik Easwaran,Ramsingh Sonu Yadav,Varun Chakravarthy Vinod,0,0,0,no run,0,,,100/4
1379618,1,14,6,S Rithik Easwaran,Ramsingh Sonu Yadav,Varun Chakravarthy Vinod,1,1,0,run,0,,,101/4
1379618,1,15,1,S Rithik Easwaran,Ramsingh Sonu Yadav,Raju Aushik Srinivas,1,1,0,run,0,,,102/4
1379618,1,15,2,Ramsingh Sonu Yadav,S Rithik Easwaran,Raju Aushik Srinivas,6,6,0,six,0,,,108/4
1379618,1,15,3,Ramsingh Sonu Yadav,S Rithik Easwaran,Raju Aushik Srinivas,0,0,0,no run,0,,,108/4
1379618,1,15,4,Ramsingh Sonu Yadav,S Rithik Easwaran,Raju Aushik Srinivas,1,1,0,run,1,run out,S Rithik Easwaran,109/5
1379618,1,15,5,NS Harish,Ramsingh Sonu Yadav,Raju Aushik Srinivas,0,0,0,no run,0,,,109/5
1379618,1,15,6,NS Harish,Ramsingh Sonu Yadav,Raju Aushik Srinivas,1,1,0,run,0,,,110/5
1379618,1,16,1,NS Harish,Ramsingh Sonu Yadav,Varun Chakravarthy Vinod,0,0,0,no run,0,,,110/5
1379618,1,16,2,NS Harish,Ramsingh Sonu Yadav,Varun Chakravarthy Vinod,0,0,0,no run,0,,,110/5
1379618,1,16,3,NS Harish,Ramsingh Sonu Yadav,Varun Chakravarthy Vinod,0,0,0,no run,0,,,110/5
1379618,1,16,4,NS Harish,Ramsingh Sonu Yadav,Varun Chakravarthy Vinod,1,1,0,run,0,,,111/5
1379618,1,16,5,Ramsingh Sonu Yadav,NS Harish,Varun Chakravarthy Vinod,0,0,0,no run,0,,,111/5
1379618,1,16,6,Ramsingh Sonu Yadav,NS Harish,Varun Chakravarthy Vinod,1,1,0,run,0,,,112/5
1379618,1,17,1,Ramsingh Sonu Yadav,NS Harish,M Mathivannan,4,4,0,four,0,,,116/5
1379618,1,17,2,Ramsingh Sonu Yadav,NS Harish,M Mathivannan,1,1,0,run,0,,,117/5
1379618,1,17,3,NS Harish,Ramsingh Sonu Yadav,M Mathivannan,1,0,1,bye,0,,,118/5
1379618,1,17,4,Ramsingh Sonu Yadav,NS Harish,M Mathivannan,1,0,1,wide,0,,,119/5
1379618,1,17,5,Ramsingh Sonu Yadav,NS Harish,M Mathivannan,1,1,0,run,0,,,120/5
1379618,1,17,6,NS Harish,Ramsingh Sonu Yadav,M Mathivannan,1,0,1,wide,0,,,121/5
1379618,1,17,7,NS Harish,Ramsingh Sonu Yadav,M Mathivannan,4,4,0,four,0,,,125/5
1379618,1,17,8,NS Harish,Ramsingh Sonu Yadav,M Mathivannan,1,1,0,run,0,,,126/5
1379618,1,18,1,NS Harish,Ramsingh Sonu Yadav,Subodh Bhati,4,4,0,four,0,,,130/5
1379618,1,18,2,NS Harish,Ramsingh Sonu Yadav,Subodh Bhati,0,0,0,no run,0,,,130/5
1379618,1,18,3,NS Harish,Ramsingh Sonu Yadav,Subodh Bhati,0,0,0,no run,0,,,130/5
1379618,1,18,4,NS Harish,Ramsingh Sonu Yadav,Subodh Bhati,1,1,0,run,0,,,131/5
1379618,1,18,5,Ramsingh Sonu Yadav,NS Harish,Subodh Bhati,4,4,0,four,0,,,135/5
1379618,1,18,6,Ramsingh Sonu Yadav,NS Harish,Subodh Bhati,0,0,0,no run,0,,,135/5
1379618,1,19,1,NS Harish,Ramsingh Sonu Yadav,G Kishoor,6,6,0,six,0,,,141/5
1379618,1,19,2,NS Harish,Ramsingh Sonu Yadav,G Kishoor,4,4,0,four,0,,,145/5
1379618,1,19,3,NS Harish,Ramsingh Sonu Yadav,G Kishoor,4,4,0,four,0,,,149/5
1379618,1,19,4,NS Harish,Ramsingh Sonu Yadav,G Kishoor,6,6,0,six,0,,,155/5
1379618,1,19,5,NS Harish,Ramsingh Sonu Yadav,G Kishoor,1,1,0,run,0,,,156/5
1379618,1,19,6,Ramsingh Sonu Yadav,NS Harish,G Kishoor,1,1,0,run,0,,,157/5
1379618,1,20,1,Ramsingh Sonu Yadav,NS Harish,Subodh Bhati,0,0,0,out,1,caught,Ramsingh Sonu Yadav,157/6
1379618,1,20,2,Laxmesha Suryaprakash,NS Harish,Subodh Bhati,0,0,0,out,1,caught,Laxmesha Suryaprakash,157/7
1379618,1,20,3,M Poiyamozhi,NS Harish,Subodh Bhati,1,0,1,leg bye,0,,,158/7
1379618,1,20,4,NS Harish,M Poiyamozhi,Subodh Bhati,0,0,0,no run,0,,,158/7
1379618,1,20,5,NS Harish,M Poiyamozhi,Subodh Bhati,0,0,0,no run,0,,,158/7
1379618,1,20,6,NS Harish,M Poiyamozhi,Subodh Bhati,1,1,0,run,0,,,159/7
1379618,2,1,1,R Vimal Khumar,Shivam Singh,S Mohan Prasath,0,0,0,no run,0,,,0/0
1379618,2,1,2,R Vimal Khumar,Shivam Singh,S Mohan Prasath,1,1,0,run,0,,,1/0
1379618,2,1,3,Shivam Singh,R Vimal Khumar,S Mohan Prasath,0,0,0,no run,0,,,1/0
1379618,2,1,4,Shivam Singh,R Vimal Khumar,S Mohan Prasath,4,4,0,four,0,,,5/0
1379618,2,1,5,Shivam Singh,R Vimal Khumar,S Mohan Prasath,0,0,0,no run,0,,,5/0
1379618,2,1,6,Shivam Singh,R Vimal Khumar,S Mohan Prasath,4,4,0,four,0,,,9/0
1379618,2,2,1,R Vimal Khumar,Shivam Singh,Sankarankutty Sandeep Warrier,1,0,1,wide,0,,,10/0
1379618,2,2,2,R Vimal Khumar,Shivam Singh,Sankarankutty Sandeep Warrier,0,0,0,no run,0,,,10/0
1379618,2,2,3,R Vimal Khumar,Shivam Singh,Sankarankutty Sandeep Warrier,0,0,0,no run,0,,,10/0
1379618,2,2,4,R Vimal Khumar,Shivam Singh,Sankarankutty Sandeep Warrier,1,0,1,wide,0,,,11/0
1379618,2,2,5,R Vimal Khumar,Shivam Singh,Sankarankutty Sandeep Warrier,2,2,0,run,0,,,13/0
1379618,2,2,6,R Vimal Khumar,Shivam Singh,Sankarankutty Sandeep Warrier,1,1,0,run,0,,,14/0
1379618,2,2,7,Shivam Singh,R Vimal Khumar,Sankarankutty Sandeep Warrier,4,4,0,four,0,,,18/0
1379618,2,2,8,Shivam Singh,R Vimal Khumar,Sankarankutty Sandeep Warrier,1,0,1,wide,0,,,19/0
1379618,2,2,9,Shivam Singh,R Vimal Khumar,Sankarankutty Sandeep Warrier,0,0,0,no run,0,,,19/0
1379618,2,3,1,R Vimal Khumar,Shivam Singh,Ramsingh Sonu Yadav,0,0,0,no run,0,,,19/0
1379618,2,3,2,R Vimal Khumar,Shivam Singh,Ramsingh Sonu Yadav,2,2,0,run,0,,,21/0
1379618,2,3,3,R Vimal Khumar,Shivam Singh,Ramsingh Sonu Yadav,0,0,0,no run,0,,,21/0
1379618,2,3,4,R Vimal Khumar,Shivam Singh,Ramsingh Sonu Yadav,0,0,0,no run,0,,,21/0
1379618,2,3,5,R Vimal Khumar,Shivam Singh,Ramsingh Sonu Yadav,0,0,0,no run,0,,,21/0
1379618,2,3,6,R Vimal Khumar,Shivam Singh,Ramsingh Sonu Yadav,1,1,0,run,0,,,22/0
1379618,2,4,1,R Vimal Khumar,Shivam Singh,S Lakshay Jain,1,0,1,wide,0,,,23/0
1379618,2,4,2,R Vimal Khumar,Shivam Singh,S Lakshay Jain,4,4,0,four,0,,,27/0
1379618,2,4,3,R Vimal Khumar,Shivam Singh,S Lakshay Jain,1,1,0,run,0,,,28/0
1379618,2,4,4,Shivam Singh,R Vimal Khumar,S Lakshay Jain,1,1,0,run,0,,,29/0
1379618,2,4,5,R Vimal Khumar,Shivam Singh,S Lakshay Jain,1,1,0,run,0,,,30/0
1379618,2,4,6,Shivam Singh,R Vimal Khumar,S Lakshay Jain,1,1,0,run,0,,,31/0
1379618,2,4,7,R Vimal Khumar,Shivam Singh,S Lakshay Jain,0,0,0,no run,0,,,31/0
1379618,2,5,1,Shivam Singh,R Vimal Khumar,Ramsingh Sonu Yadav,0,0,0,no run,0,,,31/0
1379618,2,5,2,Shivam Singh,R Vimal Khumar,Ramsingh Sonu Yadav,1,1,0,run,0,,,32/0
1379618,2,5,3,R Vimal Khumar,Shivam Singh,Ramsingh Sonu Yadav,2,2,0,run,0,,,34/0
1379618,2,5,4,R Vimal Khumar,Shivam Singh,Ramsingh Sonu Yadav,0,0,0,no run,0,,,34/0
1379618,2,5,5,R Vimal Khumar,Shivam Singh,Ramsingh Sonu Yadav,0,0,0,no run,0,,,34/0
1379618,2,5,6,R Vimal Khumar,Shivam Singh,Ramsingh Sonu Yadav,0,0,0,no run,0,,,34/0
1379618,2,6,1,Shivam Singh,R Vimal Khumar,M Poiyamozhi,1,1,0,run,0,,,35/0
1379618,2,6,2,R Vimal Khumar,Shivam Singh,M Poiyamozhi,1,1,0,run,0,,,36/0
1379618,2,6,3,Shivam Singh,R Vimal Khumar,M Poiyamozhi,0,0,0,no run,0,,,36/0
1379618,2,6,4,Shivam Singh,R Vimal Khumar,M Poiyamozhi,0,0,0,no run,0,,,36/0
1379618,2,6,5,Shivam Singh,R Vimal Khumar,M Poiyamozhi,0,0,0,no run,0,,,36/0
1379618,2,6,6,Shivam Singh,R Vimal Khumar,M Poiyamozhi,1,0,1,leg bye,0,,,37/0
1379618,2,7,1,Shivam Singh,R Vimal Khumar,NS Harish,1,1,0,run,0,,,38/0
1379618,2,7,2,R Vimal Khumar,Shivam Singh,NS Harish,1,1,0,run,0,,,39/0
1379618,2,7,3,Shivam Singh,R Vimal Khumar,NS Harish,0,0,0,no run,0,,,39/0
1379618,2,7,4,Shivam Singh,R Vimal Khumar,NS Harish,0,0,0,no run,0,,,39/0
1379618,2,7,5,Shivam Singh,R Vimal Khumar,NS Harish,4,4,0,four,0,,,43/0
1379618,2,7,6,Shivam Singh,R Vimal Khumar,NS Harish,1,1,0,run,0,,,44/0
1379618,2,8,1,Shivam Singh,R Vimal Khumar,S Lakshay Jain,1,1,0,run,0,,,45/0
1379618,2,8,2,R Vimal Khumar,Shivam Singh,S Lakshay Jain,0,0,0,no run,0,,,45/0
1379618,2,8,3,R Vimal Khumar,Shivam Singh,S Lakshay Jain,0,0,0,no run,0,,,45/0
1379618,2,8,4,R Vimal Khumar,Shivam Singh,S Lakshay Jain,4,0,4,bye,0,,,49/0
1379618,2,8,5,R Vimal Khumar,Shivam Singh,S Lakshay Jain,1,1,0,run,0,,,50/0
1379618,2,8,6,Shivam Singh,R Vimal Khumar,S Lakshay Jain,1,1,0,run,0,,,51/0
1379618,2,9,1,Shivam Singh,R Vimal Khumar,S Mohan Prasath,1,1,0,run,0,,,52/0
1379618,2,9,2,R Vimal Khumar,Shivam Singh,S Mohan Prasath,0,0,0,no run,0,,,52/0
1379618,2,9,3,R Vimal Khumar,Shivam Singh,S Mohan Prasath,1,1,0,run,0,,,53/0
1379618,2,9,4,Shivam Singh,R Vimal Khumar,S Mohan Prasath,4,4,0,four,0,,,57/0
1379618,2,9,5,Shivam Singh,R Vimal Khumar,S Mohan Prasath,1,1,0,run,0,,,58/0
1379618,2,9,6,R Vimal Khumar,Shivam Singh,S Mohan Prasath,0,0,0,no run,0,,,58/0
1379618,2,10,1,Shivam Singh,R Vimal Khumar,S Lakshay Jain,1,1,0,run,0,,,59/0
1379618,2,10,2,R Vimal Khumar,Shivam Singh,S Lakshay Jain,1,1,0,run,0,,,60/0
1379618,2,10,3,Shivam Singh,R Vimal Khumar,S Lakshay Jain,1,1,0,run,0,,,61/0
1379618,2,10,4,R Vimal Khumar,Shivam Singh,S Lakshay Jain,6,6,0,six,0,,,67/0
1379618,2,10,5,R Vimal Khumar,Shivam Singh,S Lakshay Jain,0,0,0,no run,0,,,67/0
1379618,2,10,6,R Vimal Khumar,Shivam Singh,S Lakshay Jain,1,1,0,run,0,,,68/0
1379618,2,11,1,R Vimal Khumar,Shivam Singh,NS Harish,1,1,0,run,0,,,69/0
1379618,2,11,2,Shivam Singh,R Vimal Khumar,NS Harish,2,2,0,run,0,,,71/0
1379618,2,11,3,Shivam Singh,R Vimal Khumar,NS Harish,1,0,1,wide,0,,,72/0
1379618,2,11,4,Shivam Singh,R Vimal Khumar,NS Harish,2,2,0,run,0,,,74/0
1379618,2,11,5,Shivam Singh,R Vimal Khumar,NS Harish,1,1,0,run,0,,,75/0
1379618,2,11,6,R Vimal Khumar,Shivam Singh,NS Harish,4,4,0,four,0,,,79/0
1379618,2,11,7,R Vimal Khumar,Shivam Singh,NS Harish,1,1,0,run,0,,,80/0
1379618,2,12,1,R Vimal Khumar,Shivam Singh,Sankarankutty Sandeep Warrier,1,0,1,leg bye,0,,,81/0
1379618,2,12,2,Shivam Singh,R Vimal Khumar,Sankarankutty Sandeep Warrier,4,4,0,four,0,,,85/0
1379618,2,12,3,Shivam Singh,R Vimal Khumar,Sankarankutty Sandeep Warrier,1,1,0,run,0,,,86/0
1379618,2,12,4,R Vimal Khumar,Shivam Singh,Sankarankutty Sandeep Warrier,0,0,0,no run,0,,,86/0
1379618,2,12,5,R Vimal Khumar,Shivam Singh,Sankarankutty Sandeep Warrier,4,4,0,four,0,,,90/0
1379618,2,12,6,R Vimal Khumar,Shivam Singh,Sankarankutty Sandeep Warrier,0,0,0,no run,0,,,90/0
1379618,2,13,1,Shivam Singh,R Vimal Khumar,S Mohan Prasath,2,2,0,run,0,,,92/0
1379618,2,13,2,Shivam Singh,R Vimal Khumar,S Mohan Prasath,1,1,0,run,0,,,93/0
1379618,2,13,3,R Vimal Khumar,Shivam Singh,S Mohan Prasath,1,1,0,run,0,,,94/0
1379618,2,13,4,Shivam Singh,R Vimal Khumar,S Mohan Prasath,1,1,0,run,0,,,95/0
1379618,2,13,5,R Vimal Khumar,Shivam Singh,S Mohan Prasath,1,0,1,wide,0,,,96/0
1379618,2,13,6,R Vimal Khumar,Shivam Singh,S Mohan Prasath,1,1,0,run,0,,,97/0
1379618,2,13,7,Shivam Singh,R Vimal Khumar,S Mohan Prasath,4,4,0,four,0,,,101/0
1379618,2,14,1,R Vimal Khumar,Shivam Singh,S Lakshay Jain,6,6,0,six,0,,,107/0
1379618,2,14,2,R Vimal Khumar,Shivam Singh,S Lakshay Jain,1,1,0,run,0,,,108/0
1379618,2,14,3,Shivam Singh,R Vimal Khumar,S Lakshay Jain,1,1,0,run,0,,,109/0
1379618,2,14,4,R Vimal Khumar,Shivam Singh,S Lakshay Jain,1,1,0,run,0,,,110/0
1379618,2,14,5,Shivam Singh,R Vimal Khumar,S Lakshay Jain,1,0,1,leg bye,0,,,111/0
1379618,2,14,6,R Vimal Khumar,Shivam Singh,S Lakshay Jain,6,6,0,six,0,,,117/0
1379618,2,15,1,Shivam Singh,R Vimal Khumar,S Mohan Prasath,0,0,0,out,1,bowled,Shivam Singh,117/1
1379618,2,15,2,Adithya Ganesh,R Vimal Khumar,S Mohan Prasath,2,2,0,run,0,,,119/1
1379618,2,15,3,Adithya Ganesh,R Vimal Khumar,S Mohan Prasath,1,1,0,run,0,,,120/1
1379618,2,15,4,R Vimal Khumar,Adithya Ganesh,S Mohan Prasath,1,1,0,run,0,,,121/1
1379618,2,15,5,Adithya Ganesh,R Vimal Khumar,S Mohan Prasath,1,1,0,run,0,,,122/1
1379618,2,15,6,R Vimal Khumar,Adithya Ganesh,S Mohan Prasath,1,1,0,run,0,,,123/1
1379618,2,16,1,R Vimal Khumar,Adithya Ganesh,M Poiyamozhi,6,6,0,six,0,,,129/1
1379618,2,16,2,R Vimal Khumar,Adithya Ganesh,M Poiyamozhi,1,1,0,run,0,,,130/1
1379618,2,16,3,Adithya Ganesh,R Vimal Khumar,M Poiyamozhi,1,1,0,run,0,,,131/1
1379618,2,16,4,R Vimal Khumar,Adithya Ganesh,M Poiyamozhi,0,0,0,no run,0,,,131/1
1379618,2,16,5,R Vimal Khumar,Adithya Ganesh,M Poiyamozhi,1,0,1,wide,0,,,132/1
1379618,2,16,6,R Vimal Khumar,Adithya Ganesh,M Poiyamozhi,0,0,0,no run,0,,,132/1
1379618,2,16,7,R Vimal Khumar,Adithya Ganesh,M Poiyamozhi,0,0,0,no run,0,,,132/1
1379618,2,17,1,Adithya Ganesh,R Vimal Khumar,Ramsingh Sonu Yadav,0,0,0,out,1,run out,R Vimal Khumar,132/2
1379618,2,17,2,Subodh Bhati,Adithya Ganesh,Ramsingh Sonu Yadav,0,0,0,no run,0,,,132/2
1379618,2,17,3,Subodh Bhati,Adithya Ganesh,Ramsingh Sonu Yadav,0,0,0,no run,0,,,132/2
1379618,2,17,4,Subodh Bhati,Adithya Ganesh,Ramsingh Sonu Yadav,1,1,0,run,0,,,133/2
1379618,2,17,5,Adithya Ganesh,Subodh Bhati,Ramsingh Sonu Yadav,1,1,0,run,0,,,134/2
1379618,2,17,6,Subodh Bhati,Adithya Ganesh,Ramsingh Sonu Yadav,1,1,0,run,0,,,135/2
1379618,2,18,1,Subodh Bhati,Adithya Ganesh,M Poiyamozhi,0,0,0,no run,0,,,135/2
1379618,2,18,2,Subodh Bhati,Adithya Ganesh,M Poiyamozhi,6,6,0,six,0,,,141/2
1379618,2,18,3,Subodh Bhati,Adithya Ganesh,M Poiyamozhi,0,0,0,no run,0,,,141/2
1379618,2,18,4,Subodh Bhati,Adithya Ganesh,M Poiyamozhi,2,2,0,run,0,,,143/2
1379618,2,18,5,Subodh Bhati,Adithya Ganesh,M Poiyamozhi,0,0,0,no run,0,,,143/2
1379618,2,18,6,Subodh Bhati,Adithya Ganesh,M Poiyamozhi,0,0,0,out,1,caught,Subodh Bhati,143/3
1379618,2,19,1,Adithya Ganesh,Baba Indrajith,Ramsingh Sonu Yadav,2,1,1,run,0,,,145/3
1379618,2,19,2,Baba Indrajith,Adithya Ganesh,Ramsingh Sonu Yadav,4,4,0,four,0,,,149/3
1379618,2,19,3,Baba Indrajith,Adithya Ganesh,Ramsingh Sonu Yadav,1,1,0,run,0,,,150/3
1379618,2,19,4,Adithya Ganesh,Baba Indrajith,Ramsingh Sonu Yadav,1,1,0,run,0,,,151/3
1379618,2,19,5,Baba Indrajith,Adithya Ganesh,Ramsingh Sonu Yadav,1,1,0,run,0,,,152/3
1379618,2,19,6,Adithya Ganesh,Baba Indrajith,Ramsingh Sonu Yadav,1,0,1,wide,0,,,153/3
1379618,2,19,7,Adithya Ganesh,Baba Indrajith,Ramsingh Sonu Yadav,0,0,0,no run,0,,,153/3
1379618,2,19,8,Adithya Ganesh,Baba Indrajith,Ramsingh Sonu Yadav,4,4,0,four,0,,,157/3
1379618,2,20,1,Baba Indrajith,Adithya Ganesh,M Poiyamozhi,1,1,0,run,0,,,158/3
1379618,2,20,2,Adithya Ganesh,Baba Indrajith,M Poiyamozhi,1,1,0,run,0,,,159/3
1379618,2,20,3,Baba Indrajith,Adithya Ganesh,M Poiyamozhi,1,1,0,run,0,,,160/3
1379619,1,1,1,S Sujay,Jayaraman Suresh Kumar,Gurjapneet Singh,1,0,1,wide,0,,,1/0
1379619,1,1,2,S Sujay,Jayaraman Suresh Kumar,Gurjapneet Singh,0,0,0,no run,0,,,1/0
1379619,1,1,3,S Sujay,Jayaraman Suresh Kumar,Gurjapneet Singh,4,4,0,four,0,,,5/0
1379619,1,1,4,S Sujay,Jayaraman Suresh Kumar,Gurjapneet Singh,0,0,0,no run,0,,,5/0
1379619,1,1,5,S Sujay,Jayaraman Suresh Kumar,Gurjapneet Singh,1,0,1,wide,0,,,6/0
1379619,1,1,6,S Sujay,Jayaraman Suresh Kumar,Gurjapneet Singh,0,0,0,no run,0,,,6/0
1379619,1,1,7,S Sujay,Jayaraman Suresh Kumar,Gurjapneet Singh,0,0,0,out,1,caught,S Sujay,6/1
1379619,1,1,8,Balasubramaniam Sachin,Jayaraman Suresh Kumar,Gurjapneet Singh,0,0,0,no run,0,,,6/1
1379619,1,2,1,Jayaraman Suresh Kumar,Balasubramaniam Sachin,Washington Sundar,1,1,0,run,0,,,7/1
1379619,1,2,2,Balasubramaniam Sachin,Jayaraman Suresh Kumar,Washington Sundar,0,0,0,no run,0,,,7/1
1379619,1,2,3,Balasubramaniam Sachin,Jayaraman Suresh Kumar,Washington Sundar,4,4,0,four,0,,,11/1
1379619,1,2,4,Balasubramaniam Sachin,Jayaraman Suresh Kumar,Washington Sundar,0,0,0,no run,0,,,11/1
1379619,1,2,5,Balasubramaniam Sachin,Jayaraman Suresh Kumar,Washington Sundar,0,0,0,no run,0,,,11/1
1379619,1,2,6,Balasubramaniam Sachin,Jayaraman Suresh Kumar,Washington Sundar,0,0,0,no run,0,,,11/1
1379619,1,3,1,Jayaraman Suresh Kumar,Balasubramaniam Sachin,Gurjapneet Singh,0,0,0,no run,0,,,11/1
1379619,1,3,2,Jayaraman Suresh Kumar,Balasubramaniam Sachin,Gurjapneet Singh,0,0,0,no run,0,,,11/1
1379619,1,3,3,Jayaraman Suresh Kumar,Balasubramaniam Sachin,Gurjapneet Singh,4,4,0,four,0,,,15/1
1379619,1,3,4,Jayaraman Suresh Kumar,Balasubramaniam Sachin,Gurjapneet Singh,1,1,0,run,0,,,16/1
1379619,1,3,5,Balasubramaniam Sachin,Jayaraman Suresh Kumar,Gurjapneet Singh,1,0,1,wide,0,,,17/1
1379619,1,3,6,Balasubramaniam Sachin,Jayaraman Suresh Kumar,Gurjapneet Singh,0,0,0,no run,0,,,17/1
1379619,1,3,7,Balasubramaniam Sachin,Jayaraman Suresh Kumar,Gurjapneet Singh,0,0,0,no run,0,,,17/1
1379619,1,4,1,Jayaraman Suresh Kumar,Balasubramaniam Sachin,Ajay K Krishna,1,1,0,run,0,,,18/1
1379619,1,4,2,Balasubramaniam Sachin,Jayaraman Suresh Kumar,Ajay K Krishna,1,1,0,run,0,,,19/1
1379619,1,4,3,Jayaraman Suresh Kumar,Balasubramaniam Sachin,Ajay K Krishna,3,3,0,run,0,,,22/1
1379619,1,4,4,Balasubramaniam Sachin,Jayaraman Suresh Kumar,Ajay K Krishna,1,1,0,run,0,,,23/1
1379619,1,4,5,Jayaraman Suresh Kumar,Balasubramaniam Sachin,Ajay K Krishna,6,6,0,six,0,,,29/1
1379619,1,4,6,Jayaraman Suresh Kumar,Balasubramaniam Sachin,Ajay K Krishna,4,4,0,four,0,,,33/1
1379619,1,5,1,Balasubramaniam Sachin,Jayaraman Suresh Kumar,P Saravanan,1,1,0,run,0,,,34/1
1379619,1,5,2,Jayaraman Suresh Kumar,Balasubramaniam Sachin,P Saravanan,4,4,0,four,0,,,38/1
1379619,1,5,3,Jayaraman Suresh Kumar,Balasubramaniam Sachin,P Saravanan,6,6,0,six,0,,,44/1
1379619,1,5,4,Jayaraman Suresh Kumar,Balasubramaniam Sachin,P Saravanan,2,1,1,run,0,,,46/1
1379619,1,5,5,Balasubramaniam Sachin,Jayaraman Suresh Kumar,P Saravanan,1,1,0,run,0,,,47/1
1379619,1,5,6,Jayaraman Suresh Kumar,Balasubramaniam Sachin,P Saravanan,0,0,0,no run,0,,,47/1
1379619,1,5,7,Jayaraman Suresh Kumar,Balasubramaniam Sachin,P Saravanan,1,1,0,run,0,,,48/1
1379619,1,6,1,Jayaraman Suresh Kumar,Balasubramaniam Sachin,Washington Sundar,1,1,0,run,0,,,49/1
1379619,1,6,2,Balasubramaniam Sachin,Jayaraman Suresh Kumar,Washington Sundar,1,1,0,run,0,,,50/1
1379619,1,6,3,Jayaraman Suresh Kumar,Balasubramaniam Sachin,Washington Sundar,6,6,0,six,0,,,56/1
1379619,1,6,4,Jayaraman Suresh Kumar,Balasubramaniam Sachin,Washington Sundar,0,0,0,no run,0,,,56/1
1379619,1,6,5,Jayaraman Suresh Kumar,Balasubramaniam Sachin,Washington Sundar,0,0,0,no run,0,,,56/1
1379619,1,6,6,Jayaraman Suresh Kumar,Balasubramaniam Sachin,Washington Sundar,1,1,0,run,0,,,57/1
1379619,1,7,1,Jayaraman Suresh Kumar,Balasubramaniam Sachin,Murugan Ashwin,6,6,0,six,0,,,63/1
1379619,1,7,2,Jayaraman Suresh Kumar,Balasubramaniam Sachin,Murugan Ashwin,4,4,0,four,0,,,67/1
1379619,1,7,3,Jayaraman Suresh Kumar,Balasubramaniam Sachin,Murugan Ashwin,1,1,0,run,0,,,68/1
1379619,1,7,4,Balasubramaniam Sachin,Jayaraman Suresh Kumar,Murugan Ashwin,1,1,0,run,0,,,69/1
1379619,1,7,5,Jayaraman Suresh Kumar,Balasubramaniam Sachin,Murugan Ashwin,1,1,0,run,0,,,70/1
1379619,1,7,6,Balasubramaniam Sachin,Jayaraman Suresh Kumar,Murugan Ashwin,2,2,0,run,0,,,72/1
1379619,1,8,1,Jayaraman Suresh Kumar,Balasubramaniam Sachin,Washington Sundar,1,1,0,run,0,,,73/1
1379619,1,8,2,Balasubramaniam Sachin,Jayaraman Suresh Kumar,Washington Sundar,1,1,0,run,0,,,74/1
1379619,1,8,3,Jayaraman Suresh Kumar,Balasubramaniam Sachin,Washington Sundar,1,1,0,run,0,,,75/1
1379619,1,8,4,Balasubramaniam Sachin,Jayaraman Suresh Kumar,Washington Sundar,1,1,0,run,0,,,76/1
1379619,1,8,5,Jayaraman Suresh Kumar,Balasubramaniam Sachin,Washington Sundar,4,4,0,four,0,,,80/1
1379619,1,8,6,Jayaraman Suresh Kumar,Balasubramaniam Sachin,Washington Sundar,4,4,0,four,0,,,84/1
1379619,1,9,1,Balasubramaniam Sachin,Jayaraman Suresh Kumar,Swapnil Singh,4,4,0,four,0,,,88/1
1379619,1,9,2,Balasubramaniam Sachin,Jayaraman Suresh Kumar,Swapnil Singh,1,1,0,run,0,,,89/1
1379619,1,9,3,Jayaraman Suresh Kumar,Balasubramaniam Sachin,Swapnil Singh,2,2,0,run,0,,,91/1
1379619,1,9,4,Jayaraman Suresh Kumar,Balasubramaniam Sachin,Swapnil Singh,0,0,0,out,1,caught,Jayaraman Suresh Kumar,91/2
1379619,1,9,5,U Mukilesh,Balasubramaniam Sachin,Swapnil Singh,4,4,0,four,0,,,95/2
1379619,1,9,6,U Mukilesh,Balasubramaniam Sachin,Swapnil Singh,1,1,0,run,0,,,96/2
1379619,1,10,1,U Mukilesh,Balasubramaniam Sachin,Jagatheesan Kousik,2,2,0,run,0,,,98/2
1379619,1,10,2,U Mukilesh,Balasubramaniam Sachin,Jagatheesan Kousik,1,1,0,run,0,,,99/2
1379619,1,10,3,Balasubramaniam Sachin,U Mukilesh,Jagatheesan Kousik,1,1,0,run,0,,,100/2
1379619,1,10,4,U Mukilesh,Balasubramaniam Sachin,Jagatheesan Kousik,1,1,0,run,0,,,101/2
1379619,1,10,5,Balasubramaniam Sachin,U Mukilesh,Jagatheesan Kousik,1,1,0,run,0,,,102/2
1379619,1,10,6,U Mukilesh,Balasubramaniam Sachin,Jagatheesan Kousik,2,2,0,run,0,,,104/2
1379619,1,11,1,Balasubramaniam Sachin,U Mukilesh,Swapnil Singh,0,0,0,no run,0,,,104/2
1379619,1,11,2,Balasubramaniam Sachin,U Mukilesh,Swapnil Singh,1,1,0,run,0,,,105/2
1379619,1,11,3,U Mukilesh,Balasubramaniam Sachin,Swapnil Singh,0,0,0,out,1,caught,U Mukilesh,105/3
1379619,1,11,4,Masood Shahrukh Khan,Balasubramaniam Sachin,Swapnil Singh,1,1,0,run,0,,,106/3
1379619,1,11,5,Balasubramaniam Sachin,Masood Shahrukh Khan,Swapnil Singh,1,1,0,run,0,,,107/3
1379619,1,11,6,Masood Shahrukh Khan,Balasubramaniam Sachin,Swapnil Singh,2,2,0,run,0,,,109/3
1379619,1,12,1,Balasubramaniam Sachin,Masood Shahrukh Khan,Jagatheesan Kousik,1,1,0,run,0,,,110/3
1379619,1,12,2,Masood Shahrukh Khan,Balasubramaniam Sachin,Jagatheesan Kousik,6,6,0,six,0,,,116/3
1379619,1,12,3,Masood Shahrukh Khan,Balasubramaniam Sachin,Jagatheesan Kousik,4,4,0,four,0,,,120/3
1379619,1,12,4,Masood Shahrukh Khan,Balasubramaniam Sachin,Jagatheesan Kousik,1,1,0,run,0,,,121/3
1379619,1,12,5,Balasubramaniam Sachin,Masood Shahrukh Khan,Jagatheesan Kousik,0,0,0,no run,0,,,121/3
1379619,1,12,6,Balasubramaniam Sachin,Masood Shahrukh Khan,Jagatheesan Kousik,1,1,0,run,0,,,122/3
1379619,1,13,1,Balasubramaniam Sachin,Masood Shahrukh Khan,Swapnil Singh,1,1,0,run,0,,,123/3
1379619,1,13,2,Masood Shahrukh Khan,Balasubramaniam Sachin,Swapnil Singh,0,0,0,no run,0,,,123/3
1379619,1,13,3,Masood Shahrukh Khan,Balasubramaniam Sachin,Swapnil Singh,1,1,0,run,0,,,124/3
1379619,1,13,4,Balasubramaniam Sachin,Masood Shahrukh Khan,Swapnil Singh,4,4,0,four,0,,,128/3
1379619,1,13,5,Balasubramaniam Sachin,Masood Shahrukh Khan,Swapnil Singh,2,2,0,run,0,,,130/3
1379619,1,13,6,Balasubramaniam Sachin,Masood Shahrukh Khan,Swapnil Singh,1,1,0,run,0,,,131/3
1379619,1,14,1,Balasubramaniam Sachin,Masood Shahrukh Khan,Murugan Ashwin,1,1,0,run,0,,,132/3
1379619,1,14,2,Masood Shahrukh Khan,Balasubramaniam Sachin,Murugan Ashwin,4,4,0,four,0,,,136/3
1379619,1,14,3,Masood Shahrukh Khan,Balasubramaniam Sachin,Murugan Ashwin,1,1,0,run,0,,,137/3
1379619,1,14,4,Balasubramaniam Sachin,Masood Shahrukh Khan,Murugan Ashwin,0,0,0,no run,0,,,137/3
1379619,1,14,5,Balasubramaniam Sachin,Masood Shahrukh Khan,Murugan Ashwin,1,1,0,run,0,,,138/3
1379619,1,14,6,Masood Shahrukh Khan,Balasubramaniam Sachin,Murugan Ashwin,0,0,0,no run,0,,,138/3
1379619,1,15,1,Balasubramaniam Sachin,Masood Shahrukh Khan,P Saravanan,2,2,0,run,0,,,140/3
1379619,1,15,2,Balasubramaniam Sachin,Masood Shahrukh Khan,P Saravanan,0,0,0,no run,0,,,140/3
1379619,1,15,3,Balasubramaniam Sachin,Masood Shahrukh Khan,P Saravanan,1,1,0,run,0,,,141/3
1379619,1,15,4,Masood Shahrukh Khan,Balasubramaniam Sachin,P Saravanan,0,0,0,no run,0,,,141/3
1379619,1,15,5,Masood Shahrukh Khan,Balasubramaniam Sachin,P Saravanan,1,1,0,run,0,,,142/3
1379619,1,15,6,Balasubramaniam Sachin,Masood Shahrukh Khan,P Saravanan,1,1,0,run,0,,,143/3
1379619,1,16,1,Balasubramaniam Sachin,Masood Shahrukh Khan,Murugan Ashwin,4,4,0,four,0,,,147/3
1379619,1,16,2,Balasubramaniam Sachin,Masood Shahrukh Khan,Murugan Ashwin,1,1,0,run,0,,,148/3
1379619,1,16,3,Masood Shahrukh Khan,Balasubramaniam Sachin,Murugan Ashwin,4,4,0,four,0,,,152/3
1379619,1,16,4,Masood Shahrukh Khan,Balasubramaniam Sachin,Murugan Ashwin,4,4,0,four,0,,,156/3
1379619,1,16,5,Masood Shahrukh Khan,Balasubramaniam Sachin,Murugan Ashwin,4,4,0,four,0,,,160/3
1379619,1,16,6,Masood Shahrukh Khan,Balasubramaniam Sachin,Murugan Ashwin,6,6,0,six,0,,,166/3
1379619,1,17,1,Balasubramaniam Sachin,Masood Shahrukh Khan,P Saravanan,1,1,0,run,0,,,167/3
1379619,1,17,2,Masood Shahrukh Khan,Balasubramaniam Sachin,P Saravanan,1,1,0,run,0,,,168/3
1379619,1,17,3,Balasubramaniam Sachin,Masood Shahrukh Khan,P Saravanan,1,1,0,run,0,,,169/3
1379619,1,17,4,Masood Shahrukh Khan,Balasubramaniam Sachin,P Saravanan,4,4,0,four,0,,,173/3
1379619,1,17,5,Masood Shahrukh Khan,Balasubramaniam Sachin,P Saravanan,0,0,0,no run,0,,,173/3
1379619,1,17,6,Masood Shahrukh Khan,Balasubramaniam Sachin,P Saravanan,6,6,0,six,0,,,179/3
1379619,1,18,1,Balasubramaniam Sachin,Masood Shahrukh Khan,Gurjapneet Singh,4,4,0,four,0,,,183/3
1379619,1,18,2,Balasubramaniam Sachin,Masood Shahrukh Khan,Gurjapneet Singh,1,1,0,run,0,,,184/3
1379619,1,18,3,Masood Shahrukh Khan,Balasubramaniam Sachin,Gurjapneet Singh,0,0,0,no run,0,,,184/3
1379619,1,18,4,Masood Shahrukh Khan,Balasubramaniam Sachin,Gurjapneet Singh,2,2,0,run,0,,,186/3
1379619,1,18,5,Masood Shahrukh Khan,Balasubramaniam Sachin,Gurjapneet Singh,1,1,0,run,0,,,187/3
1379619,1,18,6,Balasubramaniam Sachin,Masood Shahrukh Khan,Gurjapneet Singh,1,1,0,run,0,,,188/3
1379619,1,19,1,Balasubramaniam Sachin,Masood Shahrukh Khan,Ajay K Krishna,0,0,0,out,1,run out,Masood Shahrukh Khan,188/4
1379619,1,19,2,R Ram Arvindh,Balasubramaniam Sachin,Ajay K Krishna,1,0,1,wide,0,,,189/4
1379619,1,19,3,R Ram Arvindh,Balasubramaniam Sachin,Ajay K Krishna,0,0,0,no run,0,,,189/4
1379619,1,19,4,R Ram Arvindh,Balasubramaniam Sachin,Ajay K Krishna,0,0,0,no run,0,,,189/4
1379619,1,19,5,R Ram Arvindh,Balasubramaniam Sachin,Ajay K Krishna,1,1,0,run,0,,,190/4
1379619,1,19,6,Balasubramaniam Sachin,R Ram Arvindh,Ajay K Krishna,6,6,0,six,0,,,196/4
1379619,1,19,7,Balasubramaniam Sachin,R Ram Arvindh,Ajay K Krishna,1,1,0,run,0,,,197/4
1379619,1,20,1,Balasubramaniam Sachin,R Ram Arvindh,Gurjapneet Singh,2,2,0,run,0,,,199/4
1379619,1,20,2,Balasubramaniam Sachin,R Ram Arvindh,Gurjapneet Singh,6,6,0,six,0,,,205/4
1379619,1,20,3,Balasubramaniam Sachin,R Ram Arvindh,Gurjapneet Singh,0,0,0,out,1,caught,Balasubramaniam Sachin,205/5
1379619,1,20,4,M Mohammed,R Ram Arvindh,Gurjapneet Singh,1,1,0,run,0,,,206/5
1379619,1,20,5,R Ram Arvindh,M Mohammed,Gurjapneet Singh,1,0,1,bye,0,,,207/5
1379619,1,20,6,M Mohammed,R Ram Arvindh,Gurjapneet Singh,1,0,1,bye,0,,,208/5
1379619,2,1,1,Washington Sundar,Suresh Lokeshwar,K Gowtham Thamarai Kannan,4,4,0,four,0,,,4/0
1379619,2,1,2,Washington Sundar,Suresh Lokeshwar,K Gowtham Thamarai Kannan,0,0,0,no run,0,,,4/0
1379619,2,1,3,Washington Sundar,Suresh Lokeshwar,K Gowtham Thamarai Kannan,0,0,0,no run,0,,,4/0
1379619,2,1,4,Washington Sundar,Suresh Lokeshwar,K Gowtham Thamarai Kannan,4,4,0,four,0,,,8/0
1379619,2,1,5,Washington Sundar,Suresh Lokeshwar,K Gowtham Thamarai Kannan,0,0,0,no run,0,,,8/0
1379619,2,1,6,Washington Sundar,Suresh Lokeshwar,K Gowtham Thamarai Kannan,4,4,0,four,0,,,12/0
1379619,2,2,1,Suresh Lokeshwar,Washington Sundar,Manimaran Siddharth,1,1,0,run,0,,,13/0
1379619,2,2,2,Washington Sundar,Suresh Lokeshwar,Manimaran Siddharth,0,0,0,no run,0,,,13/0
1379619,2,2,3,Washington Sundar,Suresh Lokeshwar,Manimaran Siddharth,0,0,0,no run,0,,,13/0
1379619,2,2,4,Washington Sundar,Suresh Lokeshwar,Manimaran Siddharth,1,1,0,run,0,,,14/0
1379619,2,2,5,Suresh Lokeshwar,Washington Sundar,Manimaran Siddharth,0,0,0,no run,0,,,14/0
1379619,2,2,6,Suresh Lokeshwar,Washington Sundar,Manimaran Siddharth,6,6,0,six,0,,,20/0
1379619,2,3,1,Washington Sundar,Suresh Lokeshwar,K Gowtham Thamarai Kannan,1,1,0,run,0,,,21/0
1379619,2,3,2,Suresh Lokeshwar,Washington Sundar,K Gowtham Thamarai Kannan,4,4,0,four,0,,,25/0
1379619,2,3,3,Suresh Lokeshwar,Washington Sundar,K Gowtham Thamarai Kannan,2,2,0,run,0,,,27/0
1379619,2,3,4,Suresh Lokeshwar,Washington Sundar,K Gowtham Thamarai Kannan,4,4,0,four,0,,,31/0
1379619,2,3,5,Suresh Lokeshwar,Washington Sundar,K Gowtham Thamarai Kannan,1,1,0,run,0,,,32/0
1379619,2,3,6,Washington Sundar,Suresh Lokeshwar,K Gowtham Thamarai Kannan,0,0,0,out,1,caught,Washington Sundar,32/1
1379619,2,4,1,Suresh Lokeshwar,Chezhian Nishaanth,Manimaran Siddharth,1,1,0,run,0,,,33/1
1379619,2,4,2,Chezhian Nishaanth,Suresh Lokeshwar,Manimaran Siddharth,1,1,0,run,0,,,34/1
1379619,2,4,3,Suresh Lokeshwar,Chezhian Nishaanth,Manimaran Siddharth,0,0,0,no run,0,,,34/1
1379619,2,4,4,Suresh Lokeshwar,Chezhian Nishaanth,Manimaran Siddharth,1,1,0,run,0,,,35/1
1379619,2,4,5,Chezhian Nishaanth,Suresh Lokeshwar,Manimaran Siddharth,1,1,0,run,0,,,36/1
1379619,2,4,6,Suresh Lokeshwar,Chezhian Nishaanth,Manimaran Siddharth,0,0,0,no run,0,,,36/1
1379619,2,5,1,Chezhian Nishaanth,Suresh Lokeshwar,Masood Shahrukh Khan,1,0,1,no ball,0,,,37/1
1379619,2,5,2,Chezhian Nishaanth,Suresh Lokeshwar,Masood Shahrukh Khan,6,6,0,six,0,,,43/1
1379619,2,5,3,Chezhian Nishaanth,Suresh Lokeshwar,Masood Shahrukh Khan,1,1,0,run,0,,,44/1
1379619,2,5,4,Suresh Lokeshwar,Chezhian Nishaanth,Masood Shahrukh Khan,0,0,0,no run,0,,,44/1
1379619,2,5,5,Suresh Lokeshwar,Chezhian Nishaanth,Masood Shahrukh Khan,0,0,0,no run,0,,,44/1
1379619,2,5,6,Suresh Lokeshwar,Chezhian Nishaanth,Masood Shahrukh Khan,1,1,0,run,0,,,45/1
1379619,2,5,7,Chezhian Nishaanth,Suresh Lokeshwar,Masood Shahrukh Khan,0,0,0,no run,0,,,45/1
1379619,2,6,1,Suresh Lokeshwar,Chezhian Nishaanth,K Gowtham Thamarai Kannan,4,4,0,four,0,,,49/1
1379619,2,6,2,Suresh Lokeshwar,Chezhian Nishaanth,K Gowtham Thamarai Kannan,4,4,0,four,0,,,53/1
1379619,2,6,3,Suresh Lokeshwar,Chezhian Nishaanth,K Gowtham Thamarai Kannan,4,4,0,four,0,,,57/1
1379619,2,6,4,Suresh Lokeshwar,Chezhian Nishaanth,K Gowtham Thamarai Kannan,0,0,0,no run,0,,,57/1
1379619,2,6,5,Suresh Lokeshwar,Chezhian Nishaanth,K Gowtham Thamarai Kannan,0,0,0,no run,0,,,57/1
1379619,2,6,6,Suresh Lokeshwar,Chezhian Nishaanth,K Gowtham Thamarai Kannan,4,4,0,four,0,,,61/1
1379619,2,7,1,Chezhian Nishaanth,Suresh Lokeshwar,Masood Shahrukh Khan,1,1,0,run,0,,,62/1
1379619,2,7,2,Suresh Lokeshwar,Chezhian Nishaanth,Masood Shahrukh Khan,0,0,0,no run,0,,,62/1
1379619,2,7,3,Suresh Lokeshwar,Chezhian Nishaanth,Masood Shahrukh Khan,1,1,0,run,0,,,63/1
1379619,2,7,4,Chezhian Nishaanth,Suresh Lokeshwar,Masood Shahrukh Khan,6,6,0,six,0,,,69/1
1379619,2,7,5,Chezhian Nishaanth,Suresh Lokeshwar,Masood Shahrukh Khan,1,1,0,run,0,,,70/1
1379619,2,7,6,Suresh Lokeshwar,Chezhian Nishaanth,Masood Shahrukh Khan,1,1,0,run,0,,,71/1
1379619,2,8,1,Suresh Lokeshwar,Chezhian Nishaanth,Jhathavedh Subramanyan,0,0,0,no run,0,,,71/1
1379619,2,8,2,Suresh Lokeshwar,Chezhian Nishaanth,Jhathavedh Subramanyan,2,2,0,run,0,,,73/1
1379619,2,8,3,Suresh Lokeshwar,Chezhian Nishaanth,Jhathavedh Subramanyan,0,0,0,no run,0,,,73/1
1379619,2,8,4,Suresh Lokeshwar,Chezhian Nishaanth,Jhathavedh Subramanyan,0,0,0,out,1,run out,Suresh Lokeshwar,73/2
1379619,2,8,5,Chezhian Nishaanth,Jagatheesan Kousik,Jhathavedh Subramanyan,1,1,0,run,0,,,74/2
1379619,2,8,6,Jagatheesan Kousik,Chezhian Nishaanth,Jhathavedh Subramanyan,1,1,0,run,0,,,75/2
1379619,2,9,1,Jagatheesan Kousik,Chezhian Nishaanth,M Mohammed,1,1,0,run,0,,,76/2
1379619,2,9,2,Chezhian Nishaanth,Jagatheesan Kousik,M Mohammed,1,1,0,run,0,,,77/2
1379619,2,9,3,Jagatheesan Kousik,Chezhian Nishaanth,M Mohammed,4,4,0,four,0,,,81/2
1379619,2,9,4,Jagatheesan Kousik,Chezhian Nishaanth,M Mohammed,1,1,0,run,0,,,82/2
1379619,2,9,5,Chezhian Nishaanth,Jagatheesan Kousik,M Mohammed,4,4,0,four,0,,,86/2
1379619,2,9,6,Chezhian Nishaanth,Jagatheesan Kousik,M Mohammed,4,4,0,four,0,,,90/2
1379619,2,10,1,Jagatheesan Kousik,Chezhian Nishaanth,Jhathavedh Subramanyan,1,1,0,run,0,,,91/2
1379619,2,10,2,Chezhian Nishaanth,Jagatheesan Kousik,Jhathavedh Subramanyan,0,0,0,no run,0,,,91/2
1379619,2,10,3,Chezhian Nishaanth,Jagatheesan Kousik,Jhathavedh Subramanyan,4,4,0,four,0,,,95/2
1379619,2,10,4,Chezhian Nishaanth,Jagatheesan Kousik,Jhathavedh Subramanyan,0,0,0,no run,0,,,95/2
1379619,2,10,5,Chezhian Nishaanth,Jagatheesan Kousik,Jhathavedh Subramanyan,0,0,0,no run,0,,,95/2
1379619,2,10,6,Chezhian Nishaanth,Jagatheesan Kousik,Jhathavedh Subramanyan,0,0,0,no run,0,,,95/2
1379619,2,11,1,Jagatheesan Kousik,Chezhian Nishaanth,Masood Shahrukh Khan,1,1,0,run,0,,,96/2
1379619,2,11,2,Chezhian Nishaanth,Jagatheesan Kousik,Masood Shahrukh Khan,1,1,0,run,0,,,97/2
1379619,2,11,3,Jagatheesan Kousik,Chezhian Nishaanth,Masood Shahrukh Khan,0,0,0,out,1,bowled,Jagatheesan Kousik,97/3
1379619,2,11,4,K Deeban Lingesh,Chezhian Nishaanth,Masood Shahrukh Khan,1,1,0,run,0,,,98/3
1379619,2,11,5,Chezhian Nishaanth,K Deeban Lingesh,Masood Shahrukh Khan,1,1,0,run,0,,,99/3
1379619,2,11,6,K Deeban Lingesh,Chezhian Nishaanth,Masood Shahrukh Khan,1,1,0,run,0,,,100/3
1379619,2,12,1,K Deeban Lingesh,Chezhian Nishaanth,Manimaran Siddharth,2,2,0,run,0,,,102/3
1379619,2,12,2,K Deeban Lingesh,Chezhian Nishaanth,Manimaran Siddharth,0,0,0,no run,0,,,102/3
1379619,2,12,3,K Deeban Lingesh,Chezhian Nishaanth,Manimaran Siddharth,1,0,1,wide,0,,,103/3
1379619,2,12,4,K Deeban Lingesh,Chezhian Nishaanth,Manimaran Siddharth,0,0,0,no run,0,,,103/3
1379619,2,12,5,K Deeban Lingesh,Chezhian Nishaanth,Manimaran Siddharth,1,1,0,run,0,,,104/3
1379619,2,12,6,Chezhian Nishaanth,K Deeban Lingesh,Manimaran Siddharth,0,0,0,out,1,caught,Chezhian Nishaanth,104/4
1379619,2,12,7,S Sri Abisek,K Deeban Lingesh,Manimaran Siddharth,0,0,0,no run,0,,,104/4
1379619,2,13,1,K Deeban Lingesh,S Sri Abisek,Valliappan Yudheeswaran,4,4,0,four,0,,,108/4
1379619,2,13,2,K Deeban Lingesh,S Sri Abisek,Valliappan Yudheeswaran,1,1,0,run,0,,,109/4
1379619,2,13,3,S Sri Abisek,K Deeban Lingesh,Valliappan Yudheeswaran,0,0,0,no run,0,,,109/4
1379619,2,13,4,S Sri Abisek,K Deeban Lingesh,Valliappan Yudheeswaran,0,0,0,no run,0,,,109/4
1379619,2,13,5,S Sri Abisek,K Deeban Lingesh,Valliappan Yudheeswaran,1,1,0,run,0,,,110/4
1379619,2,13,6,K Deeban Lingesh,S Sri Abisek,Valliappan Yudheeswaran,4,4,0,four,0,,,114/4
1379619,2,14,1,S Sri Abisek,K Deeban Lingesh,Jhathavedh Subramanyan,0,0,0,no run,0,,,114/4
1379619,2,14,2,S Sri Abisek,K Deeban Lingesh,Jhathavedh Subramanyan,1,1,0,run,0,,,115/4
1379619,2,14,3,K Deeban Lingesh,S Sri Abisek,Jhathavedh Subramanyan,0,0,0,out,1,caught,K Deeban Lingesh,115/5
1379619,2,14,4,Swapnil Singh,S Sri Abisek,Jhathavedh Subramanyan,1,1,0,run,0,,,116/5
1379619,2,14,5,S Sri Abisek,Swapnil Singh,Jhathavedh Subramanyan,4,4,0,four,0,,,120/5
1379619,2,14,6,S Sri Abisek,Swapnil Singh,Jhathavedh Subramanyan,1,1,0,run,0,,,121/5
1379619,2,15,1,S Sri Abisek,Swapnil Singh,Masood Shahrukh Khan,4,4,0,four,0,,,125/5
1379619,2,15,2,S Sri Abisek,Swapnil Singh,Masood Shahrukh Khan,0,0,0,no run,0,,,125/5
1379619,2,15,3,S Sri Abisek,Swapnil Singh,Masood Shahrukh Khan,6,6,0,six,0,,,131/5
1379619,2,15,4,S Sri Abisek,Swapnil Singh,Masood Shahrukh Khan,0,0,0,no run,0,,,131/5
1379619,2,15,5,S Sri Abisek,Swapnil Singh,Masood Shahrukh Khan,0,0,0,out,1,caught,S Sri Abisek,131/6
1379619,2,15,6,Krish Jain,Swapnil Singh,Masood Shahrukh Khan,1,1,0,run,0,,,132/6
1379619,2,16,1,Krish Jain,Swapnil Singh,Jhathavedh Subramanyan,1,1,0,run,0,,,133/6
1379619,2,16,2,Swapnil Singh,Krish Jain,Jhathavedh Subramanyan,6,6,0,six,0,,,139/6
1379619,2,16,3,Swapnil Singh,Krish Jain,Jhathavedh Subramanyan,0,0,0,no run,0,,,139/6
1379619,2,16,4,Swapnil Singh,Krish Jain,Jhathavedh Subramanyan,1,1,0,run,0,,,140/6
1379619,2,16,5,Krish Jain,Swapnil Singh,Jhathavedh Subramanyan,1,1,0,run,0,,,141/6
1379619,2,16,6,Swapnil Singh,Krish Jain,Jhathavedh Subramanyan,1,1,0,run,0,,,142/6
1379619,2,17,1,Swapnil Singh,Krish Jain,Manimaran Siddharth,1,1,0,run,0,,,143/6
1379619,2,17,2,Krish Jain,Swapnil Singh,Manimaran Siddharth,4,4,0,four,0,,,147/6
1379619,2,17,3,Krish Jain,Swapnil Singh,Manimaran Siddharth,1,0,1,wide,0,,,148/6
1379619,2,17,4,Krish Jain,Swapnil Singh,Manimaran Siddharth,4,4,0,four,0,,,152/6
1379619,2,17,5,Krish Jain,Swapnil Singh,Manimaran Siddharth,0,0,0,out,1,bowled,Krish Jain,152/7
1379619,2,17,6,P Saravanan,Swapnil Singh,Manimaran Siddharth,6,6,0,six,0,,,158/7
1379619,2,17,7,P Saravanan,Swapnil Singh,Manimaran Siddharth,0,0,0,out,1,bowled,P Saravanan,158/8
1379619,2,18,1,Swapnil Singh,Ajay K Krishna,Valliappan Yudheeswaran,1,0,1,wide,0,,,159/8
1379619,2,18,2,Swapnil Singh,Ajay K Krishna,Valliappan Yudheeswaran,0,0,0,out,1,caught,Swapnil Singh,159/9
1379619,2,18,3,Gurjapneet Singh,Ajay K Krishna,Valliappan Yudheeswaran,0,0,0,no run,0,,,159/9
1379619,2,18,4,Gurjapneet Singh,Ajay K Krishna,Valliappan Yudheeswaran,0,0,0,no run,0,,,159/9
1379619,2,18,5,Gurjapneet Singh,Ajay K Krishna,Valliappan Yudheeswaran,4,4,0,four,0,,,163/9
1379619,2,18,6,Gurjapneet Singh,Ajay K Krishna,Valliappan Yudheeswaran,1,1,0,run,0,,,164/9
1379619,2,18,7,Ajay K Krishna,Gurjapneet Singh,Valliappan Yudheeswaran,0,0,0,out,1,caught,Ajay K Krishna,164/10
1379620,1,1,1,S Santosh Shiv,S Madhan Kumar,Ragupathy Silambarasan,0,0,0,no run,0,,,0/0
1379620,1,1,2,S Santosh Shiv,S Madhan Kumar,Ragupathy Silambarasan,1,0,1,leg bye,0,,,1/0
1379620,1,1,3,S Madhan Kumar,S Santosh Shiv,Ragupathy Silambarasan,0,0,0,no run,0,,,1/0
1379620,1,1,4,S Madhan Kumar,S Santosh Shiv,Ragupathy Silambarasan,0,0,0,no run,0,,,1/0
1379620,1,1,5,S Madhan Kumar,S Santosh Shiv,Ragupathy Silambarasan,1,1,0,run,0,,,2/0
1379620,1,1,6,S Santosh Shiv,S Madhan Kumar,Ragupathy Silambarasan,1,1,0,run,0,,,3/0
1379620,1,2,1,S Santosh Shiv,S Madhan Kumar,K Easwaran,1,0,1,wide,0,,,4/0
1379620,1,2,2,S Santosh Shiv,S Madhan Kumar,K Easwaran,0,0,0,no run,0,,,4/0
1379620,1,2,3,S Santosh Shiv,S Madhan Kumar,K Easwaran,6,6,0,six,0,,,10/0
1379620,1,2,4,S Santosh Shiv,S Madhan Kumar,K Easwaran,1,1,0,run,0,,,11/0
1379620,1,2,5,S Madhan Kumar,S Santosh Shiv,K Easwaran,0,0,0,no run,0,,,11/0
1379620,1,2,6,S Madhan Kumar,S Santosh Shiv,K Easwaran,0,0,0,no run,0,,,11/0
1379620,1,2,7,S Madhan Kumar,S Santosh Shiv,K Easwaran,4,4,0,four,0,,,15/0
1379620,1,3,1,S Santosh Shiv,S Madhan Kumar,Ragupathy Silambarasan,4,4,0,four,0,,,19/0
1379620,1,3,2,S Santosh Shiv,S Madhan Kumar,Ragupathy Silambarasan,0,0,0,no run,0,,,19/0
1379620,1,3,3,S Santosh Shiv,S Madhan Kumar,Ragupathy Silambarasan,0,0,0,no run,0,,,19/0
1379620,1,3,4,S Santosh Shiv,S Madhan Kumar,Ragupathy Silambarasan,0,0,0,no run,0,,,19/0
1379620,1,3,5,S Santosh Shiv,S Madhan Kumar,Ragupathy Silambarasan,4,4,0,four,0,,,23/0
1379620,1,3,6,S Santosh Shiv,S Madhan Kumar,Ragupathy Silambarasan,0,0,0,no run,0,,,23/0
1379620,1,4,1,S Madhan Kumar,S Santosh Shiv,V Athisayaraj Davidson,0,0,0,no run,0,,,23/0
1379620,1,4,2,S Madhan Kumar,S Santosh Shiv,V Athisayaraj Davidson,0,0,0,out,1,bowled,S Madhan Kumar,23/1
1379620,1,4,3,Baba Aparajith,S Santosh Shiv,V Athisayaraj Davidson,0,0,0,no run,0,,,23/1
1379620,1,4,4,Baba Aparajith,S Santosh Shiv,V Athisayaraj Davidson,0,0,0,no run,0,,,23/1
1379620,1,4,5,Baba Aparajith,S Santosh Shiv,V Athisayaraj Davidson,4,4,0,four,0,,,27/1
1379620,1,4,6,Baba Aparajith,S Santosh Shiv,V Athisayaraj Davidson,1,1,0,run,0,,,28/1
1379620,1,5,1,Baba Aparajith,S Santosh Shiv,K Easwaran,4,4,0,four,0,,,32/1
1379620,1,5,2,Baba Aparajith,S Santosh Shiv,K Easwaran,1,1,0,run,0,,,33/1
1379620,1,5,3,S Santosh Shiv,Baba Aparajith,K Easwaran,0,0,0,out,1,caught,S Santosh Shiv,33/2
1379620,1,5,4,Ramsingh  Sanjay Yadav,Baba Aparajith,K Easwaran,0,0,0,no run,0,,,33/2
1379620,1,5,5,Ramsingh  Sanjay Yadav,Baba Aparajith,K Easwaran,1,1,0,run,0,,,34/2
1379620,1,5,6,Baba Aparajith,Ramsingh  Sanjay Yadav,K Easwaran,0,0,0,out,1,caught,Baba Aparajith,34/3
1379620,1,6,1,Ramsingh  Sanjay Yadav,CH Jitendra Kumar,V Athisayaraj Davidson,0,0,0,no run,0,,,34/3
1379620,1,6,2,Ramsingh  Sanjay Yadav,CH Jitendra Kumar,V Athisayaraj Davidson,1,0,1,wide,0,,,35/3
1379620,1,6,3,Ramsingh  Sanjay Yadav,CH Jitendra Kumar,V Athisayaraj Davidson,1,1,0,run,0,,,36/3
1379620,1,6,4,CH Jitendra Kumar,Ramsingh  Sanjay Yadav,V Athisayaraj Davidson,0,0,0,no run,0,,,36/3
1379620,1,6,5,CH Jitendra Kumar,Ramsingh  Sanjay Yadav,V Athisayaraj Davidson,0,0,0,no run,0,,,36/3
1379620,1,6,6,CH Jitendra Kumar,Ramsingh  Sanjay Yadav,V Athisayaraj Davidson,1,0,1,wide,0,,,37/3
1379620,1,6,7,CH Jitendra Kumar,Ramsingh  Sanjay Yadav,V Athisayaraj Davidson,4,4,0,four,0,,,41/3
1379620,1,6,8,CH Jitendra Kumar,Ramsingh  Sanjay Yadav,V Athisayaraj Davidson,1,1,0,run,0,,,42/3
1379620,1,7,1,CH Jitendra Kumar,Ramsingh  Sanjay Yadav,Wenseslaus Antony Dhas,1,1,0,run,0,,,43/3
1379620,1,7,2,Ramsingh  Sanjay Yadav,CH Jitendra Kumar,Wenseslaus Antony Dhas,1,1,0,run,0,,,44/3
1379620,1,7,3,CH Jitendra Kumar,Ramsingh  Sanjay Yadav,Wenseslaus Antony Dhas,4,4,0,four,0,,,48/3
1379620,1,7,4,CH Jitendra Kumar,Ramsingh  Sanjay Yadav,Wenseslaus Antony Dhas,1,1,0,run,0,,,49/3
1379620,1,7,5,Ramsingh  Sanjay Yadav,CH Jitendra Kumar,Wenseslaus Antony Dhas,0,0,0,no run,0,,,49/3
1379620,1,7,6,Ramsingh  Sanjay Yadav,CH Jitendra Kumar,Wenseslaus Antony Dhas,1,1,0,run,0,,,50/3
1379620,1,8,1,Ramsingh  Sanjay Yadav,CH Jitendra Kumar,G Godson,0,0,0,no run,0,,,50/3
1379620,1,8,2,Ramsingh  Sanjay Yadav,CH Jitendra Kumar,G Godson,0,0,0,no run,0,,,50/3
1379620,1,8,3,Ramsingh  Sanjay Yadav,CH Jitendra Kumar,G Godson,0,0,0,no run,0,,,50/3
1379620,1,8,4,Ramsingh  Sanjay Yadav,CH Jitendra Kumar,G Godson,0,0,0,no run,0,,,50/3
1379620,1,8,5,Ramsingh  Sanjay Yadav,CH Jitendra Kumar,G Godson,0,0,0,no run,0,,,50/3
1379620,1,8,6,Ramsingh  Sanjay Yadav,CH Jitendra Kumar,G Godson,0,0,0,no run,0,,,50/3
1379620,1,9,1,CH Jitendra Kumar,Ramsingh  Sanjay Yadav,Ganga Sridhar Raju,2,2,0,run,0,,,52/3
1379620,1,9,2,CH Jitendra Kumar,Ramsingh  Sanjay Yadav,Ganga Sridhar Raju,0,0,0,out,1,caught,CH Jitendra Kumar,52/4
1379620,1,9,3,S Harish Kumar,Ramsingh  Sanjay Yadav,Ganga Sridhar Raju,0,0,0,no run,0,,,52/4
1379620,1,9,4,S Harish Kumar,Ramsingh  Sanjay Yadav,Ganga Sridhar Raju,0,0,0,no run,0,,,52/4
1379620,1,9,5,S Harish Kumar,Ramsingh  Sanjay Yadav,Ganga Sridhar Raju,0,0,0,no run,0,,,52/4
1379620,1,9,6,S Harish Kumar,Ramsingh  Sanjay Yadav,Ganga Sridhar Raju,0,0,0,no run,0,,,52/4
1379620,1,10,1,Ramsingh  Sanjay Yadav,S Harish Kumar,G Godson,1,1,0,run,0,,,53/4
1379620,1,10,2,S Harish Kumar,Ramsingh  Sanjay Yadav,G Godson,1,1,0,run,0,,,54/4
1379620,1,10,3,Ramsingh  Sanjay Yadav,S Harish Kumar,G Godson,6,6,0,six,0,,,60/4
1379620,1,10,4,Ramsingh  Sanjay Yadav,S Harish Kumar,G Godson,1,1,0,run,0,,,61/4
1379620,1,10,5,S Harish Kumar,Ramsingh  Sanjay Yadav,G Godson,1,1,0,run,0,,,62/4
1379620,1,10,6,Ramsingh  Sanjay Yadav,S Harish Kumar,G Godson,2,2,0,run,0,,,64/4
1379620,1,11,1,S Harish Kumar,Ramsingh  Sanjay Yadav,Ganga Sridhar Raju,0,0,0,no run,0,,,64/4
1379620,1,11,2,S Harish Kumar,Ramsingh  Sanjay Yadav,Ganga Sridhar Raju,0,0,0,out,1,caught,S Harish Kumar,64/5
1379620,1,11,3,R Sibi,Ramsingh  Sanjay Yadav,Ganga Sridhar Raju,0,0,0,no run,0,,,64/5
1379620,1,11,4,R Sibi,Ramsingh  Sanjay Yadav,Ganga Sridhar Raju,1,1,0,run,0,,,65/5
1379620,1,11,5,Ramsingh  Sanjay Yadav,R Sibi,Ganga Sridhar Raju,0,0,0,no run,0,,,65/5
1379620,1,11,6,Ramsingh  Sanjay Yadav,R Sibi,Ganga Sridhar Raju,4,4,0,four,0,,,69/5
1379620,1,12,1,R Sibi,Ramsingh  Sanjay Yadav,G Godson,0,0,0,no run,0,,,69/5
1379620,1,12,2,R Sibi,Ramsingh  Sanjay Yadav,G Godson,0,0,0,no run,0,,,69/5
1379620,1,12,3,R Sibi,Ramsingh  Sanjay Yadav,G Godson,1,1,0,run,0,,,70/5
1379620,1,12,4,Ramsingh  Sanjay Yadav,R Sibi,G Godson,0,0,0,no run,0,,,70/5
1379620,1,12,5,Ramsingh  Sanjay Yadav,R Sibi,G Godson,1,1,0,run,0,,,71/5
1379620,1,12,6,R Sibi,Ramsingh  Sanjay Yadav,G Godson,0,0,0,no run,0,,,71/5
1379620,1,13,1,Ramsingh  Sanjay Yadav,R Sibi,Ganga Sridhar Raju,1,1,0,run,0,,,72/5
1379620,1,13,2,R Sibi,Ramsingh  Sanjay Yadav,Ganga Sridhar Raju,1,1,0,run,0,,,73/5
1379620,1,13,3,Ramsingh  Sanjay Yadav,R Sibi,Ganga Sridhar Raju,0,0,0,out,1,caught,Ramsingh  Sanjay Yadav,73/6
1379620,1,13,4,Uthirasamy Sasidev,R Sibi,Ganga Sridhar Raju,0,0,0,no run,0,,,73/6
1379620,1,13,5,Uthirasamy Sasidev,R Sibi,Ganga Sridhar Raju,1,1,0,run,0,,,74/6
1379620,1,13,6,R Sibi,Uthirasamy Sasidev,Ganga Sridhar Raju,1,1,0,run,0,,,75/6
1379620,1,14,1,R Sibi,Uthirasamy Sasidev,G Godson,0,0,0,no run,0,,,75/6
1379620,1,14,2,R Sibi,Uthirasamy Sasidev,G Godson,1,1,0,run,0,,,76/6
1379620,1,14,3,Uthirasamy Sasidev,R Sibi,G Godson,1,1,0,run,0,,,77/6
1379620,1,14,4,R Sibi,Uthirasamy Sasidev,G Godson,1,1,0,run,0,,,78/6
1379620,1,14,5,Uthirasamy Sasidev,R Sibi,G Godson,1,1,0,run,0,,,79/6
1379620,1,14,6,R Sibi,Uthirasamy Sasidev,G Godson,4,4,0,four,0,,,83/6
1379620,1,15,1,Uthirasamy Sasidev,R Sibi,Ganga Sridhar Raju,1,1,0,run,0,,,84/6
1379620,1,15,2,R Sibi,Uthirasamy Sasidev,Ganga Sridhar Raju,1,1,0,run,0,,,85/6
1379620,1,15,3,Uthirasamy Sasidev,R Sibi,Ganga Sridhar Raju,1,1,0,run,0,,,86/6
1379620,1,15,4,R Sibi,Uthirasamy Sasidev,Ganga Sridhar Raju,0,0,0,no run,0,,,86/6
1379620,1,15,5,R Sibi,Uthirasamy Sasidev,Ganga Sridhar Raju,1,1,0,run,0,,,87/6
1379620,1,15,6,Uthirasamy Sasidev,R Sibi,Ganga Sridhar Raju,0,0,0,no run,0,,,87/6
1379620,1,16,1,R Sibi,Uthirasamy Sasidev,V Athisayaraj Davidson,1,1,0,run,0,,,88/6
1379620,1,16,2,Uthirasamy Sasidev,R Sibi,V Athisayaraj Davidson,2,2,0,run,0,,,90/6
1379620,1,16,3,Uthirasamy Sasidev,R Sibi,V Athisayaraj Davidson,1,1,0,run,0,,,91/6
1379620,1,16,4,R Sibi,Uthirasamy Sasidev,V Athisayaraj Davidson,2,2,0,run,0,,,93/6
1379620,1,16,5,R Sibi,Uthirasamy Sasidev,V Athisayaraj Davidson,1,1,0,run,0,,,94/6
1379620,1,16,6,Uthirasamy Sasidev,R Sibi,V Athisayaraj Davidson,1,1,0,run,0,,,95/6
1379620,1,17,1,Uthirasamy Sasidev,R Sibi,K Easwaran,4,4,0,four,0,,,99/6
1379620,1,17,2,Uthirasamy Sasidev,R Sibi,K Easwaran,0,0,0,no run,0,,,99/6
1379620,1,17,3,Uthirasamy Sasidev,R Sibi,K Easwaran,1,1,0,run,0,,,100/6
1379620,1,17,4,R Sibi,Uthirasamy Sasidev,K Easwaran,0,0,0,no run,0,,,100/6
1379620,1,17,5,R Sibi,Uthirasamy Sasidev,K Easwaran,4,4,0,run,0,,,104/6
1379620,1,17,6,R Sibi,Uthirasamy Sasidev,K Easwaran,1,1,0,run,0,,,105/6
1379620,1,18,1,R Sibi,Uthirasamy Sasidev,Ragupathy Silambarasan,1,1,0,run,0,,,106/6
1379620,1,18,2,Uthirasamy Sasidev,R Sibi,Ragupathy Silambarasan,1,0,1,wide,0,,,107/6
1379620,1,18,3,Uthirasamy Sasidev,R Sibi,Ragupathy Silambarasan,0,0,0,no run,0,,,107/6
1379620,1,18,4,Uthirasamy Sasidev,R Sibi,Ragupathy Silambarasan,0,0,0,no run,0,,,107/6
1379620,1,18,5,Uthirasamy Sasidev,R Sibi,Ragupathy Silambarasan,2,2,0,run,0,,,109/6
1379620,1,18,6,Uthirasamy Sasidev,R Sibi,Ragupathy Silambarasan,0,0,0,no run,0,,,109/6
1379620,1,18,7,Uthirasamy Sasidev,R Sibi,Ragupathy Silambarasan,1,0,1,leg bye,0,,,110/6
1379620,1,19,1,Uthirasamy Sasidev,R Sibi,V Athisayaraj Davidson,1,1,0,run,0,,,111/6
1379620,1,19,2,R Sibi,Uthirasamy Sasidev,V Athisayaraj Davidson,1,0,1,leg bye,0,,,112/6
1379620,1,19,3,Uthirasamy Sasidev,R Sibi,V Athisayaraj Davidson,2,2,0,run,0,,,114/6
1379620,1,19,4,Uthirasamy Sasidev,R Sibi,V Athisayaraj Davidson,3,3,0,run,0,,,117/6
1379620,1,19,5,R Sibi,Uthirasamy Sasidev,V Athisayaraj Davidson,4,4,0,four,0,,,121/6
1379620,1,19,6,R Sibi,Uthirasamy Sasidev,V Athisayaraj Davidson,1,1,0,run,0,,,122/6
1379620,1,20,1,R Sibi,Uthirasamy Sasidev,Ragupathy Silambarasan,2,2,0,run,0,,,124/6
1379620,1,20,2,R Sibi,Uthirasamy Sasidev,Ragupathy Silambarasan,1,1,0,run,0,,,125/6
1379620,1,20,3,Uthirasamy Sasidev,R Sibi,Ragupathy Silambarasan,2,2,0,run,0,,,127/6
1379620,1,20,4,Uthirasamy Sasidev,R Sibi,Ragupathy Silambarasan,1,1,0,run,0,,,128/6
1379620,1,20,5,R Sibi,Uthirasamy Sasidev,Ragupathy Silambarasan,1,1,0,run,0,,,129/6
1379620,1,20,6,Uthirasamy Sasidev,R Sibi,Ragupathy Silambarasan,0,0,0,out,1,run out,R Sibi,129/7
1379620,2,1,1,T Saran,Ganga Sridhar Raju,S Harish Kumar,0,0,0,out,1,caught,T Saran,0/1
1379620,2,1,2,Daryl Sunder Ferrario,Ganga Sridhar Raju,S Harish Kumar,0,0,0,no run,0,,,0/1
1379620,2,1,3,Daryl Sunder Ferrario,Ganga Sridhar Raju,S Harish Kumar,4,4,0,four,0,,,4/1
1379620,2,1,4,Daryl Sunder Ferrario,Ganga Sridhar Raju,S Harish Kumar,1,1,0,run,0,,,5/1
1379620,2,1,5,Ganga Sridhar Raju,Daryl Sunder Ferrario,S Harish Kumar,0,0,0,no run,0,,,5/1
1379620,2,1,6,Ganga Sridhar Raju,Daryl Sunder Ferrario,S Harish Kumar,0,0,0,no run,0,,,5/1
1379620,2,2,1,Daryl Sunder Ferrario,Ganga Sridhar Raju,Baba Aparajith,1,1,0,run,0,,,6/1
1379620,2,2,2,Ganga Sridhar Raju,Daryl Sunder Ferrario,Baba Aparajith,0,0,0,no run,0,,,6/1
1379620,2,2,3,Ganga Sridhar Raju,Daryl Sunder Ferrario,Baba Aparajith,0,0,0,no run,0,,,6/1
1379620,2,2,4,Ganga Sridhar Raju,Daryl Sunder Ferrario,Baba Aparajith,0,0,0,no run,0,,,6/1
1379620,2,2,5,Ganga Sridhar Raju,Daryl Sunder Ferrario,Baba Aparajith,1,1,0,run,0,,,7/1
1379620,2,2,6,Daryl Sunder Ferrario,Ganga Sridhar Raju,Baba Aparajith,1,1,0,run,0,,,8/1
1379620,2,3,1,Daryl Sunder Ferrario,Ganga Sridhar Raju,S Harish Kumar,1,1,0,run,0,,,9/1
1379620,2,3,2,Ganga Sridhar Raju,Daryl Sunder Ferrario,S Harish Kumar,4,4,0,four,0,,,13/1
1379620,2,3,3,Ganga Sridhar Raju,Daryl Sunder Ferrario,S Harish Kumar,1,1,0,run,0,,,14/1
1379620,2,3,4,Daryl Sunder Ferrario,Ganga Sridhar Raju,S Harish Kumar,6,6,0,six,0,,,20/1
1379620,2,3,5,Daryl Sunder Ferrario,Ganga Sridhar Raju,S Harish Kumar,0,0,0,no run,0,,,20/1
1379620,2,3,6,Daryl Sunder Ferrario,Ganga Sridhar Raju,S Harish Kumar,6,6,0,six,0,,,26/1
1379620,2,4,1,Ganga Sridhar Raju,Daryl Sunder Ferrario,Baba Aparajith,1,1,0,run,0,,,27/1
1379620,2,4,2,Daryl Sunder Ferrario,Ganga Sridhar Raju,Baba Aparajith,1,1,0,run,0,,,28/1
1379620,2,4,3,Ganga Sridhar Raju,Daryl Sunder Ferrario,Baba Aparajith,0,0,0,no run,0,,,28/1
1379620,2,4,4,Ganga Sridhar Raju,Daryl Sunder Ferrario,Baba Aparajith,0,0,0,out,1,caught,Ganga Sridhar Raju,28/2
1379620,2,4,5,Wenseslaus Antony Dhas,Daryl Sunder Ferrario,Baba Aparajith,0,0,0,no run,0,,,28/2
1379620,2,4,6,Wenseslaus Antony Dhas,Daryl Sunder Ferrario,Baba Aparajith,0,0,0,no run,0,,,28/2
1379620,2,5,1,Daryl Sunder Ferrario,Wenseslaus Antony Dhas,Rahil S Shah,0,0,0,no run,0,,,28/2
1379620,2,5,2,Daryl Sunder Ferrario,Wenseslaus Antony Dhas,Rahil S Shah,4,4,0,four,0,,,32/2
1379620,2,5,3,Daryl Sunder Ferrario,Wenseslaus Antony Dhas,Rahil S Shah,1,1,0,run,0,,,33/2
1379620,2,5,4,Wenseslaus Antony Dhas,Daryl Sunder Ferrario,Rahil S Shah,0,0,0,no run,0,,,33/2
1379620,2,5,5,Wenseslaus Antony Dhas,Daryl Sunder Ferrario,Rahil S Shah,0,0,0,out,1,leg before wicket,Wenseslaus Antony Dhas,33/3
1379620,2,5,6,K Rajkumar,Daryl Sunder Ferrario,Rahil S Shah,1,1,0,run,0,,,34/3
1379620,2,6,1,K Rajkumar,Daryl Sunder Ferrario,Baba Aparajith,1,1,0,run,0,,,35/3
1379620,2,6,2,Daryl Sunder Ferrario,K Rajkumar,Baba Aparajith,1,1,0,run,0,,,36/3
1379620,2,6,3,K Rajkumar,Daryl Sunder Ferrario,Baba Aparajith,1,1,0,run,0,,,37/3
1379620,2,6,4,Daryl Sunder Ferrario,K Rajkumar,Baba Aparajith,0,0,0,no run,0,,,37/3
1379620,2,6,5,Daryl Sunder Ferrario,K Rajkumar,Baba Aparajith,1,1,0,run,0,,,38/3
1379620,2,6,6,K Rajkumar,Daryl Sunder Ferrario,Baba Aparajith,0,0,0,no run,0,,,38/3
1379620,2,7,1,Daryl Sunder Ferrario,K Rajkumar,Rahil S Shah,1,1,0,run,0,,,39/3
1379620,2,7,2,K Rajkumar,Daryl Sunder Ferrario,Rahil S Shah,1,0,1,wide,0,,,40/3
1379620,2,7,3,K Rajkumar,Daryl Sunder Ferrario,Rahil S Shah,1,1,0,run,0,,,41/3
1379620,2,7,4,Daryl Sunder Ferrario,K Rajkumar,Rahil S Shah,1,1,0,run,0,,,42/3
1379620,2,7,5,K Rajkumar,Daryl Sunder Ferrario,Rahil S Shah,1,1,0,run,0,,,43/3
1379620,2,7,6,Daryl Sunder Ferrario,K Rajkumar,Rahil S Shah,1,1,0,run,0,,,44/3
1379620,2,7,7,K Rajkumar,Daryl Sunder Ferrario,Rahil S Shah,0,0,0,no run,0,,,44/3
1379620,2,8,1,Daryl Sunder Ferrario,K Rajkumar,Rocky Bhasker,1,1,0,run,0,,,45/3
1379620,2,8,2,K Rajkumar,Daryl Sunder Ferrario,Rocky Bhasker,0,0,0,no run,0,,,45/3
1379620,2,8,3,K Rajkumar,Daryl Sunder Ferrario,Rocky Bhasker,1,1,0,run,0,,,46/3
1379620,2,8,4,Daryl Sunder Ferrario,K Rajkumar,Rocky Bhasker,1,1,0,run,0,,,47/3
1379620,2,8,5,K Rajkumar,Daryl Sunder Ferrario,Rocky Bhasker,1,1,0,run,0,,,48/3
1379620,2,8,6,Daryl Sunder Ferrario,K Rajkumar,Rocky Bhasker,4,4,0,four,0,,,52/3
1379620,2,9,1,K Rajkumar,Daryl Sunder Ferrario,M Silambarasan,1,1,0,run,0,,,53/3
1379620,2,9,2,Daryl Sunder Ferrario,K Rajkumar,M Silambarasan,1,1,0,run,0,,,54/3
1379620,2,9,3,K Rajkumar,Daryl Sunder Ferrario,M Silambarasan,1,1,0,run,0,,,55/3
1379620,2,9,4,Daryl Sunder Ferrario,K Rajkumar,M Silambarasan,1,1,0,run,0,,,56/3
1379620,2,9,5,K Rajkumar,Daryl Sunder Ferrario,M Silambarasan,0,0,0,out,1,caught,K Rajkumar,56/4
1379620,2,9,6,R Rajkumar,Daryl Sunder Ferrario,M Silambarasan,1,1,0,run,0,,,57/4
1379620,2,10,1,R Rajkumar,Daryl Sunder Ferrario,Ramsingh  Sanjay Yadav,0,0,0,no run,0,,,57/4
1379620,2,10,2,R Rajkumar,Daryl Sunder Ferrario,Ramsingh  Sanjay Yadav,0,0,0,out,1,caught,R Rajkumar,57/5
1379620,2,10,3,SP Vinod,Daryl Sunder Ferrario,Ramsingh  Sanjay Yadav,0,0,0,no run,0,,,57/5
1379620,2,10,4,SP Vinod,Daryl Sunder Ferrario,Ramsingh  Sanjay Yadav,1,1,0,run,0,,,58/5
1379620,2,10,5,Daryl Sunder Ferrario,SP Vinod,Ramsingh  Sanjay Yadav,1,1,0,run,0,,,59/5
1379620,2,10,6,SP Vinod,Daryl Sunder Ferrario,Ramsingh  Sanjay Yadav,0,0,0,no run,0,,,59/5
1379620,2,11,1,Daryl Sunder Ferrario,SP Vinod,M Silambarasan,1,1,0,run,0,,,60/5
1379620,2,11,2,SP Vinod,Daryl Sunder Ferrario,M Silambarasan,0,0,0,no run,0,,,60/5
1379620,2,11,3,SP Vinod,Daryl Sunder Ferrario,M Silambarasan,0,0,0,out,1,leg before wicket,SP Vinod,60/6
1379620,2,11,4,G Godson,Daryl Sunder Ferrario,M Silambarasan,1,1,0,run,0,,,61/6
1379620,2,11,5,Daryl Sunder Ferrario,G Godson,M Silambarasan,4,4,0,four,0,,,65/6
1379620,2,11,6,Daryl Sunder Ferrario,G Godson,M Silambarasan,0,0,0,no run,0,,,65/6
1379620,2,12,1,G Godson,Daryl Sunder Ferrario,Ramsingh  Sanjay Yadav,0,0,0,no run,0,,,65/6
1379620,2,12,2,G Godson,Daryl Sunder Ferrario,Ramsingh  Sanjay Yadav,0,0,0,no run,0,,,65/6
1379620,2,12,3,G Godson,Daryl Sunder Ferrario,Ramsingh  Sanjay Yadav,0,0,0,no run,0,,,65/6
1379620,2,12,4,G Godson,Daryl Sunder Ferrario,Ramsingh  Sanjay Yadav,0,0,0,no run,0,,,65/6
1379620,2,12,5,G Godson,Daryl Sunder Ferrario,Ramsingh  Sanjay Yadav,1,1,0,run,0,,,66/6
1379620,2,12,6,Daryl Sunder Ferrario,G Godson,Ramsingh  Sanjay Yadav,0,0,0,no run,0,,,66/6
1379620,2,13,1,G Godson,Daryl Sunder Ferrario,M Silambarasan,1,1,0,run,0,,,67/6
1379620,2,13,2,Daryl Sunder Ferrario,G Godson,M Silambarasan,0,0,0,out,1,stumped,Daryl Sunder Ferrario,67/7
1379620,2,13,3,Ragupathy Silambarasan,G Godson,M Silambarasan,0,0,0,no run,0,,,67/7
1379620,2,13,4,Ragupathy Silambarasan,G Godson,M Silambarasan,0,0,0,out,1,leg before wicket,Ragupathy Silambarasan,67/8
1379620,2,13,5,K Easwaran,G Godson,M Silambarasan,0,0,0,no run,0,,,67/8
1379620,2,13,6,K Easwaran,G Godson,M Silambarasan,0,0,0,out,1,caught,K Easwaran,67/9
1379620,2,14,1,G Godson,V Athisayaraj Davidson,Ramsingh  Sanjay Yadav,0,0,0,no run,0,,,67/9
1379620,2,14,2,G Godson,V Athisayaraj Davidson,Ramsingh  Sanjay Yadav,4,4,0,four,0,,,71/9
1379620,2,14,3,G Godson,V Athisayaraj Davidson,Ramsingh  Sanjay Yadav,0,0,0,no run,0,,,71/9
1379620,2,14,4,G Godson,V Athisayaraj Davidson,Ramsingh  Sanjay Yadav,0,0,0,out,1,caught,G Godson,71/10
1379621,1,1,1,S Aravind,Kaushik Mohan Gandhi,P Saravana Kumar,0,0,0,no run,0,,,0/0
1379621,1,1,2,S Aravind,Kaushik Mohan Gandhi,P Saravana Kumar,1,1,0,run,0,,,1/0
1379621,1,1,3,Kaushik Mohan Gandhi,S Aravind,P Saravana Kumar,0,0,0,no run,0,,,1/0
1379621,1,1,4,Kaushik Mohan Gandhi,S Aravind,P Saravana Kumar,0,0,0,no run,0,,,1/0
1379621,1,1,5,Kaushik Mohan Gandhi,S Aravind,P Saravana Kumar,1,1,0,run,0,,,2/0
1379621,1,1,6,S Aravind,Kaushik Mohan Gandhi,P Saravana Kumar,0,0,0,no run,0,,,2/0
1379621,1,2,1,Kaushik Mohan Gandhi,S Aravind,G Kishoor,0,0,0,no run,0,,,2/0
1379621,1,2,2,Kaushik Mohan Gandhi,S Aravind,G Kishoor,0,0,0,no run,0,,,2/0
1379621,1,2,3,Kaushik Mohan Gandhi,S Aravind,G Kishoor,4,4,0,four,0,,,6/0
1379621,1,2,4,Kaushik Mohan Gandhi,S Aravind,G Kishoor,1,1,0,run,0,,,7/0
1379621,1,2,5,S Aravind,Kaushik Mohan Gandhi,G Kishoor,4,4,0,four,0,,,11/0
1379621,1,2,6,S Aravind,Kaushik Mohan Gandhi,G Kishoor,4,4,0,four,0,,,15/0
1379621,1,3,1,Kaushik Mohan Gandhi,S Aravind,P Saravana Kumar,1,1,0,run,0,,,16/0
1379621,1,3,2,S Aravind,Kaushik Mohan Gandhi,P Saravana Kumar,0,0,0,no run,0,,,16/0
1379621,1,3,3,S Aravind,Kaushik Mohan Gandhi,P Saravana Kumar,2,2,0,run,0,,,18/0
1379621,1,3,4,S Aravind,Kaushik Mohan Gandhi,P Saravana Kumar,1,0,1,wide,0,,,19/0
1379621,1,3,5,S Aravind,Kaushik Mohan Gandhi,P Saravana Kumar,6,6,0,six,0,,,25/0
1379621,1,3,6,S Aravind,Kaushik Mohan Gandhi,P Saravana Kumar,1,1,0,run,0,,,26/0
1379621,1,3,7,Kaushik Mohan Gandhi,S Aravind,P Saravana Kumar,0,0,0,no run,0,,,26/0
1379621,1,4,1,S Aravind,Kaushik Mohan Gandhi,Varun Chakravarthy Vinod,1,1,0,run,0,,,27/0
1379621,1,4,2,Kaushik Mohan Gandhi,S Aravind,Varun Chakravarthy Vinod,0,0,0,out,1,bowled,Kaushik Mohan Gandhi,27/1
1379621,1,4,3,R Kavin,S Aravind,Varun Chakravarthy Vinod,4,4,0,four,0,,,31/1
1379621,1,4,4,R Kavin,S Aravind,Varun Chakravarthy Vinod,1,1,0,run,0,,,32/1
1379621,1,4,5,S Aravind,R Kavin,Varun Chakravarthy Vinod,0,0,0,no run,0,,,32/1
1379621,1,4,6,S Aravind,R Kavin,Varun Chakravarthy Vinod,0,0,0,no run,0,,,32/1
1379621,1,5,1,R Kavin,S Aravind,P Saravana Kumar,4,4,0,four,0,,,36/1
1379621,1,5,2,R Kavin,S Aravind,P Saravana Kumar,4,4,0,four,0,,,40/1
1379621,1,5,3,R Kavin,S Aravind,P Saravana Kumar,0,0,0,no run,0,,,40/1
1379621,1,5,4,R Kavin,S Aravind,P Saravana Kumar,4,4,0,four,0,,,44/1
1379621,1,5,5,R Kavin,S Aravind,P Saravana Kumar,6,6,0,six,0,,,50/1
1379621,1,5,6,R Kavin,S Aravind,P Saravana Kumar,1,1,0,run,0,,,51/1
1379621,1,6,1,R Kavin,S Aravind,Raju Aushik Srinivas,1,1,0,run,0,,,52/1
1379621,1,6,2,S Aravind,R Kavin,Raju Aushik Srinivas,0,0,0,out,1,run out,R Kavin,52/2
1379621,1,6,3,Sunny Sandhu,S Aravind,Raju Aushik Srinivas,0,0,0,no run,0,,,52/2
1379621,1,6,4,Sunny Sandhu,S Aravind,Raju Aushik Srinivas,1,1,0,run,0,,,53/2
1379621,1,6,5,S Aravind,Sunny Sandhu,Raju Aushik Srinivas,0,0,0,no run,0,,,53/2
1379621,1,6,6,S Aravind,Sunny Sandhu,Raju Aushik Srinivas,0,0,0,no run,0,,,53/2
1379621,1,7,1,Sunny Sandhu,S Aravind,M Mathivannan,1,1,0,run,0,,,54/2
1379621,1,7,2,S Aravind,Sunny Sandhu,M Mathivannan,1,1,0,run,0,,,55/2
1379621,1,7,3,Sunny Sandhu,S Aravind,M Mathivannan,1,1,0,run,0,,,56/2
1379621,1,7,4,S Aravind,Sunny Sandhu,M Mathivannan,1,1,0,run,0,,,57/2
1379621,1,7,5,Sunny Sandhu,S Aravind,M Mathivannan,0,0,0,no run,0,,,57/2
1379621,1,7,6,Sunny Sandhu,S Aravind,M Mathivannan,1,1,0,run,0,,,58/2
1379621,1,8,1,Sunny Sandhu,S Aravind,Raju Aushik Srinivas,1,1,0,run,0,,,59/2
1379621,1,8,2,S Aravind,Sunny Sandhu,Raju Aushik Srinivas,0,0,0,no run,0,,,59/2
1379621,1,8,3,S Aravind,Sunny Sandhu,Raju Aushik Srinivas,1,1,0,run,0,,,60/2
1379621,1,8,4,Sunny Sandhu,S Aravind,Raju Aushik Srinivas,1,1,0,run,0,,,61/2
1379621,1,8,5,S Aravind,Sunny Sandhu,Raju Aushik Srinivas,1,1,0,run,0,,,62/2
1379621,1,8,6,Sunny Sandhu,S Aravind,Raju Aushik Srinivas,6,6,0,six,0,,,68/2
1379621,1,9,1,S Aravind,Sunny Sandhu,M Mathivannan,1,1,0,run,0,,,69/2
1379621,1,9,2,Sunny Sandhu,S Aravind,M Mathivannan,1,1,0,run,0,,,70/2
1379621,1,9,3,S Aravind,Sunny Sandhu,M Mathivannan,1,1,0,run,0,,,71/2
1379621,1,9,4,Sunny Sandhu,S Aravind,M Mathivannan,0,0,0,no run,0,,,71/2
1379621,1,9,5,Sunny Sandhu,S Aravind,M Mathivannan,1,1,0,run,0,,,72/2
1379621,1,9,6,S Aravind,Sunny Sandhu,M Mathivannan,1,1,0,run,0,,,73/2
1379621,1,10,1,S Aravind,Sunny Sandhu,Varun Chakravarthy Vinod,1,0,1,leg bye,0,,,74/2
1379621,1,10,2,Sunny Sandhu,S Aravind,Varun Chakravarthy Vinod,1,1,0,run,0,,,75/2
1379621,1,10,3,S Aravind,Sunny Sandhu,Varun Chakravarthy Vinod,0,0,0,out,1,caught,S Aravind,75/3
1379621,1,10,4,RS Mokit Hariharan,Sunny Sandhu,Varun Chakravarthy Vinod,1,1,0,run,0,,,76/3
1379621,1,10,5,Sunny Sandhu,RS Mokit Hariharan,Varun Chakravarthy Vinod,1,1,0,run,0,,,77/3
1379621,1,10,6,RS Mokit Hariharan,Sunny Sandhu,Varun Chakravarthy Vinod,0,0,0,no run,0,,,77/3
1379621,1,11,1,Sunny Sandhu,RS Mokit Hariharan,Subodh Bhati,4,4,0,four,0,,,81/3
1379621,1,11,2,Sunny Sandhu,RS Mokit Hariharan,Subodh Bhati,2,2,0,run,0,,,83/3
1379621,1,11,3,Sunny Sandhu,RS Mokit Hariharan,Subodh Bhati,1,1,0,run,0,,,84/3
1379621,1,11,4,RS Mokit Hariharan,Sunny Sandhu,Subodh Bhati,1,1,0,run,0,,,85/3
1379621,1,11,5,Sunny Sandhu,RS Mokit Hariharan,Subodh Bhati,1,1,0,run,0,,,86/3
1379621,1,11,6,RS Mokit Hariharan,Sunny Sandhu,Subodh Bhati,1,1,0,run,0,,,87/3
1379621,1,12,1,RS Mokit Hariharan,Sunny Sandhu,Varun Chakravarthy Vinod,0,0,0,no run,0,,,87/3
1379621,1,12,2,RS Mokit Hariharan,Sunny Sandhu,Varun Chakravarthy Vinod,1,1,0,run,0,,,88/3
1379621,1,12,3,Sunny Sandhu,RS Mokit Hariharan,Varun Chakravarthy Vinod,1,1,0,run,0,,,89/3
1379621,1,12,4,RS Mokit Hariharan,Sunny Sandhu,Varun Chakravarthy Vinod,1,1,0,run,0,,,90/3
1379621,1,12,5,Sunny Sandhu,RS Mokit Hariharan,Varun Chakravarthy Vinod,1,1,0,run,0,,,91/3
1379621,1,12,6,RS Mokit Hariharan,Sunny Sandhu,Varun Chakravarthy Vinod,0,0,0,no run,0,,,91/3
1379621,1,13,1,Sunny Sandhu,RS Mokit Hariharan,M Mathivannan,4,4,0,four,0,,,95/3
1379621,1,13,2,Sunny Sandhu,RS Mokit Hariharan,M Mathivannan,1,1,0,run,0,,,96/3
1379621,1,13,3,RS Mokit Hariharan,Sunny Sandhu,M Mathivannan,0,0,0,no run,0,,,96/3
1379621,1,13,4,RS Mokit Hariharan,Sunny Sandhu,M Mathivannan,1,1,0,run,0,,,97/3
1379621,1,13,5,Sunny Sandhu,RS Mokit Hariharan,M Mathivannan,1,1,0,run,0,,,98/3
1379621,1,13,6,RS Mokit Hariharan,Sunny Sandhu,M Mathivannan,4,4,0,four,0,,,102/3
1379621,1,14,1,Sunny Sandhu,RS Mokit Hariharan,Subodh Bhati,1,1,0,run,0,,,103/3
1379621,1,14,2,RS Mokit Hariharan,Sunny Sandhu,Subodh Bhati,1,0,1,wide,0,,,104/3
1379621,1,14,3,RS Mokit Hariharan,Sunny Sandhu,Subodh Bhati,2,2,0,run,0,,,106/3
1379621,1,14,4,RS Mokit Hariharan,Sunny Sandhu,Subodh Bhati,1,0,1,wide,0,,,107/3
1379621,1,14,5,RS Mokit Hariharan,Sunny Sandhu,Subodh Bhati,1,1,0,run,0,,,108/3
1379621,1,14,6,Sunny Sandhu,RS Mokit Hariharan,Subodh Bhati,1,1,0,run,0,,,109/3
1379621,1,14,7,RS Mokit Hariharan,Sunny Sandhu,Subodh Bhati,1,1,0,run,0,,,110/3
1379621,1,14,8,Sunny Sandhu,RS Mokit Hariharan,Subodh Bhati,0,0,0,no run,0,,,110/3
1379621,1,15,1,RS Mokit Hariharan,Sunny Sandhu,Raju Aushik Srinivas,2,2,0,run,0,,,112/3
1379621,1,15,2,RS Mokit Hariharan,Sunny Sandhu,Raju Aushik Srinivas,1,1,0,run,0,,,113/3
1379621,1,15,3,Sunny Sandhu,RS Mokit Hariharan,Raju Aushik Srinivas,1,0,1,wide,0,,,114/3
1379621,1,15,4,Sunny Sandhu,RS Mokit Hariharan,Raju Aushik Srinivas,0,0,0,no run,0,,,114/3
1379621,1,15,5,Sunny Sandhu,RS Mokit Hariharan,Raju Aushik Srinivas,1,1,0,run,0,,,115/3
1379621,1,15,6,RS Mokit Hariharan,Sunny Sandhu,Raju Aushik Srinivas,1,1,0,run,0,,,116/3
1379621,1,15,7,Sunny Sandhu,RS Mokit Hariharan,Raju Aushik Srinivas,1,1,0,run,0,,,117/3
1379621,1,16,1,Sunny Sandhu,RS Mokit Hariharan,Varun Chakravarthy Vinod,1,1,0,run,0,,,118/3
1379621,1,16,2,RS Mokit Hariharan,Sunny Sandhu,Varun Chakravarthy Vinod,1,1,0,run,0,,,119/3
1379621,1,16,3,Sunny Sandhu,RS Mokit Hariharan,Varun Chakravarthy Vinod,1,0,1,leg bye,0,,,120/3
1379621,1,16,4,RS Mokit Hariharan,Sunny Sandhu,Varun Chakravarthy Vinod,0,0,0,no run,0,,,120/3
1379621,1,16,5,RS Mokit Hariharan,Sunny Sandhu,Varun Chakravarthy Vinod,1,1,0,run,0,,,121/3
1379621,1,16,6,Sunny Sandhu,RS Mokit Hariharan,Varun Chakravarthy Vinod,1,1,0,run,0,,,122/3
1379621,1,17,1,Sunny Sandhu,RS Mokit Hariharan,Raju Aushik Srinivas,6,6,0,six,0,,,128/3
1379621,1,17,2,Sunny Sandhu,RS Mokit Hariharan,Raju Aushik Srinivas,1,1,0,run,0,,,129/3
1379621,1,17,3,RS Mokit Hariharan,Sunny Sandhu,Raju Aushik Srinivas,0,0,0,no run,0,,,129/3
1379621,1,17,4,RS Mokit Hariharan,Sunny Sandhu,Raju Aushik Srinivas,1,1,0,run,0,,,130/3
1379621,1,17,5,Sunny Sandhu,RS Mokit Hariharan,Raju Aushik Srinivas,0,0,0,no run,0,,,130/3
1379621,1,17,6,Sunny Sandhu,RS Mokit Hariharan,Raju Aushik Srinivas,1,0,1,no ball,0,,,131/3
1379621,1,17,7,Sunny Sandhu,RS Mokit Hariharan,Raju Aushik Srinivas,6,6,0,six,0,,,137/3
1379621,1,18,1,RS Mokit Hariharan,Sunny Sandhu,Subodh Bhati,1,0,1,wide,0,,,138/3
1379621,1,18,2,RS Mokit Hariharan,Sunny Sandhu,Subodh Bhati,0,0,0,out,1,caught,RS Mokit Hariharan,138/4
1379621,1,18,3,Muhammed Adnan Khan,Sunny Sandhu,Subodh Bhati,1,1,0,run,0,,,139/4
1379621,1,18,4,Sunny Sandhu,Muhammed Adnan Khan,Subodh Bhati,6,6,0,six,0,,,145/4
1379621,1,18,5,Sunny Sandhu,Muhammed Adnan Khan,Subodh Bhati,0,0,0,out,1,caught,Sunny Sandhu,145/5
1379621,1,18,6,Abhishek Baljeetsingh Tanwar,Muhammed Adnan Khan,Subodh Bhati,0,0,0,no run,0,,,145/5
1379621,1,18,7,Abhishek Baljeetsingh Tanwar,Muhammed Adnan Khan,Subodh Bhati,1,0,1,wide,0,,,146/5
1379621,1,18,8,Abhishek Baljeetsingh Tanwar,Muhammed Adnan Khan,Subodh Bhati,1,0,1,wide,0,,,147/5
1379621,1,18,9,Abhishek Baljeetsingh Tanwar,Muhammed Adnan Khan,Subodh Bhati,1,1,0,run,0,,,148/5
1379621,1,19,1,Abhishek Baljeetsingh Tanwar,Muhammed Adnan Khan,G Kishoor,0,0,0,out,1,caught,Abhishek Baljeetsingh Tanwar,148/6
1379621,1,19,2,RS Jaganath Sinivas,Muhammed Adnan Khan,G Kishoor,1,1,0,run,0,,,149/6
1379621,1,19,3,Muhammed Adnan Khan,RS Jaganath Sinivas,G Kishoor,0,0,0,no run,0,,,149/6
1379621,1,19,4,Muhammed Adnan Khan,RS Jaganath Sinivas,G Kishoor,1,1,0,run,0,,,150/6
1379621,1,19,5,RS Jaganath Sinivas,Muhammed Adnan Khan,G Kishoor,1,1,0,run,0,,,151/6
1379621,1,19,6,Muhammed Adnan Khan,RS Jaganath Sinivas,G Kishoor,1,1,0,run,0,,,152/6
1379621,1,20,1,Muhammed Adnan Khan,RS Jaganath Sinivas,Subodh Bhati,6,6,0,six,0,,,158/6
1379621,1,20,2,Muhammed Adnan Khan,RS Jaganath Sinivas,Subodh Bhati,1,1,0,run,0,,,159/6
1379621,1,20,3,RS Jaganath Sinivas,Muhammed Adnan Khan,Subodh Bhati,0,0,0,no run,0,,,159/6
1379621,1,20,4,RS Jaganath Sinivas,Muhammed Adnan Khan,Subodh Bhati,0,0,0,no run,0,,,159/6
1379621,1,20,5,RS Jaganath Sinivas,Muhammed Adnan Khan,Subodh Bhati,1,1,0,run,0,,,160/6
1379621,1,20,6,Muhammed Adnan Khan,RS Jaganath Sinivas,Subodh Bhati,0,0,0,no run,0,,,160/6
1379621,2,1,1,R Vimal Khumar,Shivam Singh,Abhishek Baljeetsingh Tanwar,1,1,0,run,0,,,1/0
1379621,2,1,2,Shivam Singh,R Vimal Khumar,Abhishek Baljeetsingh Tanwar,0,0,0,no run,0,,,1/0
1379621,2,1,3,Shivam Singh,R Vimal Khumar,Abhishek Baljeetsingh Tanwar,0,0,0,no run,0,,,1/0
1379621,2,1,4,Shivam Singh,R Vimal Khumar,Abhishek Baljeetsingh Tanwar,4,4,0,four,0,,,5/0
1379621,2,1,5,Shivam Singh,R Vimal Khumar,Abhishek Baljeetsingh Tanwar,4,4,0,four,0,,,9/0
1379621,2,1,6,Shivam Singh,R Vimal Khumar,Abhishek Baljeetsingh Tanwar,0,0,0,no run,0,,,9/0
1379621,2,2,1,R Vimal Khumar,Shivam Singh,Sunny Sandhu,1,0,1,wide,0,,,10/0
1379621,2,2,2,R Vimal Khumar,Shivam Singh,Sunny Sandhu,1,1,0,run,0,,,11/0
1379621,2,2,3,Shivam Singh,R Vimal Khumar,Sunny Sandhu,0,0,0,no run,0,,,11/0
1379621,2,2,4,Shivam Singh,R Vimal Khumar,Sunny Sandhu,0,0,0,out,1,caught,Shivam Singh,11/1
1379621,2,2,5,Baba Indrajith,R Vimal Khumar,Sunny Sandhu,1,1,0,run,0,,,12/1
1379621,2,2,6,R Vimal Khumar,Baba Indrajith,Sunny Sandhu,1,0,1,wide,0,,,13/1
1379621,2,2,7,R Vimal Khumar,Baba Indrajith,Sunny Sandhu,0,0,0,no run,0,,,13/1
1379621,2,2,8,R Vimal Khumar,Baba Indrajith,Sunny Sandhu,0,0,0,no run,0,,,13/1
1379621,2,3,1,Baba Indrajith,R Vimal Khumar,Abhishek Baljeetsingh Tanwar,0,0,0,no run,0,,,13/1
1379621,2,3,2,Baba Indrajith,R Vimal Khumar,Abhishek Baljeetsingh Tanwar,0,0,0,no run,0,,,13/1
1379621,2,3,3,Baba Indrajith,R Vimal Khumar,Abhishek Baljeetsingh Tanwar,0,0,0,no run,0,,,13/1
1379621,2,3,4,Baba Indrajith,R Vimal Khumar,Abhishek Baljeetsingh Tanwar,4,4,0,four,0,,,17/1
1379621,2,3,5,Baba Indrajith,R Vimal Khumar,Abhishek Baljeetsingh Tanwar,1,1,0,run,0,,,18/1
1379621,2,3,6,R Vimal Khumar,Baba Indrajith,Abhishek Baljeetsingh Tanwar,0,0,0,no run,0,,,18/1
1379621,2,4,1,Baba Indrajith,R Vimal Khumar,Sunny Sandhu,0,0,0,no run,0,,,18/1
1379621,2,4,2,Baba Indrajith,R Vimal Khumar,Sunny Sandhu,2,2,0,run,0,,,20/1
1379621,2,4,3,Baba Indrajith,R Vimal Khumar,Sunny Sandhu,4,4,0,four,0,,,24/1
1379621,2,4,4,Baba Indrajith,R Vimal Khumar,Sunny Sandhu,0,0,0,no run,0,,,24/1
1379621,2,4,5,Baba Indrajith,R Vimal Khumar,Sunny Sandhu,0,0,0,no run,0,,,24/1
1379621,2,4,6,Baba Indrajith,R Vimal Khumar,Sunny Sandhu,0,0,0,no run,0,,,24/1
1379621,2,5,1,R Vimal Khumar,Baba Indrajith,N Selva Kumaran,1,1,0,run,0,,,25/1
1379621,2,5,2,Baba Indrajith,R Vimal Khumar,N Selva Kumaran,4,4,0,four,0,,,29/1
1379621,2,5,3,Baba Indrajith,R Vimal Khumar,N Selva Kumaran,0,0,0,no run,0,,,29/1
1379621,2,5,4,Baba Indrajith,R Vimal Khumar,N Selva Kumaran,1,1,0,run,0,,,30/1
1379621,2,5,5,R Vimal Khumar,Baba Indrajith,N Selva Kumaran,1,1,0,run,0,,,31/1
1379621,2,5,6,Baba Indrajith,R Vimal Khumar,N Selva Kumaran,4,4,0,four,0,,,35/1
1379621,2,6,1,R Vimal Khumar,Baba Indrajith,RS Jaganath Sinivas,1,1,0,run,0,,,36/1
1379621,2,6,2,Baba Indrajith,R Vimal Khumar,RS Jaganath Sinivas,1,0,1,bye,0,,,37/1
1379621,2,6,3,R Vimal Khumar,Baba Indrajith,RS Jaganath Sinivas,1,1,0,run,0,,,38/1
1379621,2,6,4,Baba Indrajith,R Vimal Khumar,RS Jaganath Sinivas,1,1,0,run,0,,,39/1
1379621,2,6,5,R Vimal Khumar,Baba Indrajith,RS Jaganath Sinivas,1,1,0,run,0,,,40/1
1379621,2,6,6,Baba Indrajith,R Vimal Khumar,RS Jaganath Sinivas,4,4,0,four,0,,,44/1
1379621,2,7,1,R Vimal Khumar,Baba Indrajith,Sachin Rathi,1,1,0,run,0,,,45/1
1379621,2,7,2,Baba Indrajith,R Vimal Khumar,Sachin Rathi,1,1,0,run,0,,,46/1
1379621,2,7,3,R Vimal Khumar,Baba Indrajith,Sachin Rathi,2,2,0,run,0,,,48/1
1379621,2,7,4,R Vimal Khumar,Baba Indrajith,Sachin Rathi,2,2,0,run,0,,,50/1
1379621,2,7,5,R Vimal Khumar,Baba Indrajith,Sachin Rathi,1,1,0,run,0,,,51/1
1379621,2,7,6,Baba Indrajith,R Vimal Khumar,Sachin Rathi,1,1,0,run,0,,,52/1
1379621,2,8,1,Baba Indrajith,R Vimal Khumar,RS Jaganath Sinivas,2,2,0,run,0,,,54/1
1379621,2,8,2,Baba Indrajith,R Vimal Khumar,RS Jaganath Sinivas,4,4,0,four,0,,,58/1
1379621,2,8,3,Baba Indrajith,R Vimal Khumar,RS Jaganath Sinivas,1,1,0,run,0,,,59/1
1379621,2,8,4,R Vimal Khumar,Baba Indrajith,RS Jaganath Sinivas,2,2,0,run,0,,,61/1
1379621,2,8,5,R Vimal Khumar,Baba Indrajith,RS Jaganath Sinivas,1,1,0,run,0,,,62/1
1379621,2,8,6,Baba Indrajith,R Vimal Khumar,RS Jaganath Sinivas,1,1,0,run,0,,,63/1
1379621,2,9,1,Baba Indrajith,R Vimal Khumar,Sachin Rathi,1,1,0,run,0,,,64/1
1379621,2,9,2,R Vimal Khumar,Baba Indrajith,Sachin Rathi,0,0,0,no run,0,,,64/1
1379621,2,9,3,R Vimal Khumar,Baba Indrajith,Sachin Rathi,1,1,0,run,0,,,65/1
1379621,2,9,4,Baba Indrajith,R Vimal Khumar,Sachin Rathi,1,1,0,run,0,,,66/1
1379621,2,9,5,R Vimal Khumar,Baba Indrajith,Sachin Rathi,1,1,0,run,0,,,67/1
1379621,2,9,6,Baba Indrajith,R Vimal Khumar,Sachin Rathi,4,4,0,four,0,,,71/1
1379621,2,10,1,R Vimal Khumar,Baba Indrajith,RS Mokit Hariharan,0,0,0,no run,0,,,71/1
1379621,2,10,2,R Vimal Khumar,Baba Indrajith,RS Mokit Hariharan,1,0,1,wide,0,,,72/1
1379621,2,10,3,R Vimal Khumar,Baba Indrajith,RS Mokit Hariharan,1,1,0,run,0,,,73/1
1379621,2,10,4,Baba Indrajith,R Vimal Khumar,RS Mokit Hariharan,0,0,0,no run,0,,,73/1
1379621,2,10,5,Baba Indrajith,R Vimal Khumar,RS Mokit Hariharan,1,1,0,run,0,,,74/1
1379621,2,10,6,R Vimal Khumar,Baba Indrajith,RS Mokit Hariharan,0,0,0,no run,0,,,74/1
1379621,2,10,7,R Vimal Khumar,Baba Indrajith,RS Mokit Hariharan,1,1,0,run,0,,,75/1
1379621,2,11,1,R Vimal Khumar,Baba Indrajith,N Selva Kumaran,0,0,0,no run,0,,,75/1
1379621,2,11,2,R Vimal Khumar,Baba Indrajith,N Selva Kumaran,4,4,0,four,0,,,79/1
1379621,2,11,3,R Vimal Khumar,Baba Indrajith,N Selva Kumaran,0,0,0,no run,0,,,79/1
1379621,2,11,4,R Vimal Khumar,Baba Indrajith,N Selva Kumaran,0,0,0,no run,0,,,79/1
1379621,2,11,5,R Vimal Khumar,Baba Indrajith,N Selva Kumaran,1,1,0,run,0,,,80/1
1379621,2,11,6,Baba Indrajith,R Vimal Khumar,N Selva Kumaran,1,1,0,run,0,,,81/1
1379621,2,12,1,Baba Indrajith,R Vimal Khumar,RS Mokit Hariharan,1,1,0,run,0,,,82/1
1379621,2,12,2,R Vimal Khumar,Baba Indrajith,RS Mokit Hariharan,6,6,0,six,0,,,88/1
1379621,2,12,3,R Vimal Khumar,Baba Indrajith,RS Mokit Hariharan,4,4,0,four,0,,,92/1
1379621,2,12,4,R Vimal Khumar,Baba Indrajith,RS Mokit Hariharan,1,1,0,run,0,,,93/1
1379621,2,12,5,Baba Indrajith,R Vimal Khumar,RS Mokit Hariharan,2,2,0,run,0,,,95/1
1379621,2,12,6,Baba Indrajith,R Vimal Khumar,RS Mokit Hariharan,1,1,0,run,0,,,96/1
1379621,2,13,1,Baba Indrajith,R Vimal Khumar,Sachin Rathi,1,1,0,run,0,,,97/1
1379621,2,13,2,R Vimal Khumar,Baba Indrajith,Sachin Rathi,1,1,0,run,0,,,98/1
1379621,2,13,3,Baba Indrajith,R Vimal Khumar,Sachin Rathi,1,1,0,run,0,,,99/1
1379621,2,13,4,R Vimal Khumar,Baba Indrajith,Sachin Rathi,0,0,0,no run,0,,,99/1
1379621,2,13,5,R Vimal Khumar,Baba Indrajith,Sachin Rathi,1,1,0,run,0,,,100/1
1379621,2,13,6,Baba Indrajith,R Vimal Khumar,Sachin Rathi,0,0,0,no run,0,,,100/1
1379621,2,14,1,R Vimal Khumar,Baba Indrajith,RS Jaganath Sinivas,4,4,0,four,0,,,104/1
1379621,2,14,2,R Vimal Khumar,Baba Indrajith,RS Jaganath Sinivas,0,0,0,out,1,run out,R Vimal Khumar,104/2
1379621,2,14,3,Baba Indrajith,Adithya Ganesh,RS Jaganath Sinivas,1,1,0,run,0,,,105/2
1379621,2,14,4,Adithya Ganesh,Baba Indrajith,RS Jaganath Sinivas,0,0,0,no run,0,,,105/2
1379621,2,14,5,Adithya Ganesh,Baba Indrajith,RS Jaganath Sinivas,0,0,0,no run,0,,,105/2
1379621,2,14,6,Adithya Ganesh,Baba Indrajith,RS Jaganath Sinivas,0,0,0,no run,0,,,105/2
1379621,2,15,1,Baba Indrajith,Adithya Ganesh,Sachin Rathi,1,1,0,run,0,,,106/2
1379621,2,15,2,Adithya Ganesh,Baba Indrajith,Sachin Rathi,1,1,0,run,0,,,107/2
1379621,2,15,3,Baba Indrajith,Adithya Ganesh,Sachin Rathi,1,1,0,run,0,,,108/2
1379621,2,15,4,Adithya Ganesh,Baba Indrajith,Sachin Rathi,0,0,0,no run,0,,,108/2
1379621,2,15,5,Adithya Ganesh,Baba Indrajith,Sachin Rathi,2,2,0,run,0,,,110/2
1379621,2,15,6,Adithya Ganesh,Baba Indrajith,Sachin Rathi,1,1,0,run,0,,,111/2
1379621,2,16,1,Adithya Ganesh,Baba Indrajith,RS Jaganath Sinivas,2,2,0,run,0,,,113/2
1379621,2,16,2,Adithya Ganesh,Baba Indrajith,RS Jaganath Sinivas,1,0,1,wide,0,,,114/2
1379621,2,16,3,Adithya Ganesh,Baba Indrajith,RS Jaganath Sinivas,1,1,0,run,0,,,115/2
1379621,2,16,4,Baba Indrajith,Adithya Ganesh,RS Jaganath Sinivas,4,4,0,four,0,,,119/2
1379621,2,16,5,Baba Indrajith,Adithya Ganesh,RS Jaganath Sinivas,0,0,0,no run,0,,,119/2
1379621,2,16,6,Baba Indrajith,Adithya Ganesh,RS Jaganath Sinivas,0,0,0,no run,0,,,119/2
1379621,2,16,7,Baba Indrajith,Adithya Ganesh,RS Jaganath Sinivas,2,2,0,run,0,,,121/2
1379621,2,17,1,Adithya Ganesh,Baba Indrajith,Sunny Sandhu,4,4,0,four,0,,,125/2
1379621,2,17,2,Adithya Ganesh,Baba Indrajith,Sunny Sandhu,2,2,0,run,0,,,127/2
1379621,2,17,3,Adithya Ganesh,Baba Indrajith,Sunny Sandhu,6,6,0,six,0,,,133/2
1379621,2,17,4,Adithya Ganesh,Baba Indrajith,Sunny Sandhu,1,0,1,wide,0,,,134/2
1379621,2,17,5,Adithya Ganesh,Baba Indrajith,Sunny Sandhu,0,0,0,out,1,bowled,Adithya Ganesh,134/3
1379621,2,17,6,Boopathi Vaishna Kumar,Baba Indrajith,Sunny Sandhu,2,2,0,run,0,,,136/3
1379621,2,17,7,Boopathi Vaishna Kumar,Baba Indrajith,Sunny Sandhu,1,1,0,run,0,,,137/3
1379621,2,18,1,Boopathi Vaishna Kumar,Baba Indrajith,Abhishek Baljeetsingh Tanwar,1,1,0,run,0,,,138/3
1379621,2,18,2,Baba Indrajith,Boopathi Vaishna Kumar,Abhishek Baljeetsingh Tanwar,6,6,0,six,0,,,144/3
1379621,2,18,3,Baba Indrajith,Boopathi Vaishna Kumar,Abhishek Baljeetsingh Tanwar,1,1,0,run,0,,,145/3
1379621,2,18,4,Boopathi Vaishna Kumar,Baba Indrajith,Abhishek Baljeetsingh Tanwar,1,1,0,run,0,,,146/3
1379621,2,18,5,Baba Indrajith,Boopathi Vaishna Kumar,Abhishek Baljeetsingh Tanwar,6,6,0,six,0,,,152/3
1379621,2,18,6,Baba Indrajith,Boopathi Vaishna Kumar,Abhishek Baljeetsingh Tanwar,1,1,0,run,0,,,153/3
1379621,2,19,1,Baba Indrajith,Boopathi Vaishna Kumar,Sunny Sandhu,6,6,0,six,0,,,159/3
1379621,2,19,2,Baba Indrajith,Boopathi Vaishna Kumar,Sunny Sandhu,4,4,0,four,0,,,163/3
1379622,1,1,1,Suresh Lokeshwar,Chezhian Nishaanth,H Trilok Nag,1,1,0,run,0,,,1/0
1379622,1,1,2,Chezhian Nishaanth,Suresh Lokeshwar,H Trilok Nag,0,0,0,no run,0,,,1/0
1379622,1,1,3,Chezhian Nishaanth,Suresh Lokeshwar,H Trilok Nag,1,1,0,run,0,,,2/0
1379622,1,1,4,Suresh Lokeshwar,Chezhian Nishaanth,H Trilok Nag,0,0,0,no run,0,,,2/0
1379622,1,1,5,Suresh Lokeshwar,Chezhian Nishaanth,H Trilok Nag,1,0,1,wide,0,,,3/0
1379622,1,1,6,Suresh Lokeshwar,Chezhian Nishaanth,H Trilok Nag,1,1,0,run,0,,,4/0
1379622,1,1,7,Chezhian Nishaanth,Suresh Lokeshwar,H Trilok Nag,1,1,0,run,0,,,5/0
1379622,1,2,1,Chezhian Nishaanth,Suresh Lokeshwar,P Bhuvaneswaran,0,0,0,no run,0,,,5/0
1379622,1,2,2,Chezhian Nishaanth,Suresh Lokeshwar,P Bhuvaneswaran,1,1,0,run,0,,,6/0
1379622,1,2,3,Suresh Lokeshwar,Chezhian Nishaanth,P Bhuvaneswaran,1,1,0,run,0,,,7/0
1379622,1,2,4,Chezhian Nishaanth,Suresh Lokeshwar,P Bhuvaneswaran,1,0,1,leg bye,0,,,8/0
1379622,1,2,5,Suresh Lokeshwar,Chezhian Nishaanth,P Bhuvaneswaran,0,0,0,no run,0,,,8/0
1379622,1,2,6,Suresh Lokeshwar,Chezhian Nishaanth,P Bhuvaneswaran,1,0,1,leg bye,0,,,9/0
1379622,1,3,1,Suresh Lokeshwar,Chezhian Nishaanth,H Trilok Nag,1,1,0,run,0,,,10/0
1379622,1,3,2,Chezhian Nishaanth,Suresh Lokeshwar,H Trilok Nag,1,1,0,run,0,,,11/0
1379622,1,3,3,Suresh Lokeshwar,Chezhian Nishaanth,H Trilok Nag,4,4,0,four,0,,,15/0
1379622,1,3,4,Suresh Lokeshwar,Chezhian Nishaanth,H Trilok Nag,0,0,0,no run,0,,,15/0
1379622,1,3,5,Suresh Lokeshwar,Chezhian Nishaanth,H Trilok Nag,6,6,0,six,0,,,21/0
1379622,1,3,6,Suresh Lokeshwar,Chezhian Nishaanth,H Trilok Nag,0,0,0,no run,0,,,21/0
1379622,1,4,1,Chezhian Nishaanth,Suresh Lokeshwar,P Bhuvaneswaran,4,4,0,four,0,,,25/0
1379622,1,4,2,Chezhian Nishaanth,Suresh Lokeshwar,P Bhuvaneswaran,0,0,0,no run,0,,,25/0
1379622,1,4,3,Chezhian Nishaanth,Suresh Lokeshwar,P Bhuvaneswaran,0,0,0,no run,0,,,25/0
1379622,1,4,4,Chezhian Nishaanth,Suresh Lokeshwar,P Bhuvaneswaran,4,4,0,four,0,,,29/0
1379622,1,4,5,Chezhian Nishaanth,Suresh Lokeshwar,P Bhuvaneswaran,0,0,0,no run,0,,,29/0
1379622,1,4,6,Chezhian Nishaanth,Suresh Lokeshwar,P Bhuvaneswaran,0,0,0,no run,0,,,29/0
1379622,1,5,1,Suresh Lokeshwar,Chezhian Nishaanth,S Gohulmoorthi,1,1,0,run,0,,,30/0
1379622,1,5,2,Chezhian Nishaanth,Suresh Lokeshwar,S Gohulmoorthi,0,0,0,no run,0,,,30/0
1379622,1,5,3,Chezhian Nishaanth,Suresh Lokeshwar,S Gohulmoorthi,4,4,0,four,0,,,34/0
1379622,1,5,4,Chezhian Nishaanth,Suresh Lokeshwar,S Gohulmoorthi,1,1,0,run,0,,,35/0
1379622,1,5,5,Suresh Lokeshwar,Chezhian Nishaanth,S Gohulmoorthi,0,0,0,no run,0,,,35/0
1379622,1,5,6,Suresh Lokeshwar,Chezhian Nishaanth,S Gohulmoorthi,0,0,0,no run,0,,,35/0
1379622,1,6,1,Chezhian Nishaanth,Suresh Lokeshwar, Sriram Ajith Ram,0,0,0,no run,0,,,35/0
1379622,1,6,2,Chezhian Nishaanth,Suresh Lokeshwar, Sriram Ajith Ram,1,1,0,run,0,,,36/0
1379622,1,6,3,Suresh Lokeshwar,Chezhian Nishaanth, Sriram Ajith Ram,6,6,0,six,0,,,42/0
1379622,1,6,4,Suresh Lokeshwar,Chezhian Nishaanth, Sriram Ajith Ram,0,0,0,no run,0,,,42/0
1379622,1,6,5,Suresh Lokeshwar,Chezhian Nishaanth, Sriram Ajith Ram,1,1,0,run,0,,,43/0
1379622,1,6,6,Chezhian Nishaanth,Suresh Lokeshwar, Sriram Ajith Ram,0,0,0,no run,0,,,43/0
1379622,1,7,1,Suresh Lokeshwar,Chezhian Nishaanth,S Gohulmoorthi,1,1,0,run,0,,,44/0
1379622,1,7,2,Chezhian Nishaanth,Suresh Lokeshwar,S Gohulmoorthi,6,6,0,six,0,,,50/0
1379622,1,7,3,Chezhian Nishaanth,Suresh Lokeshwar,S Gohulmoorthi,1,1,0,run,0,,,51/0
1379622,1,7,4,Suresh Lokeshwar,Chezhian Nishaanth,S Gohulmoorthi,1,1,0,run,0,,,52/0
1379622,1,7,5,Chezhian Nishaanth,Suresh Lokeshwar,S Gohulmoorthi,1,1,0,run,0,,,53/0
1379622,1,7,6,Suresh Lokeshwar,Chezhian Nishaanth,S Gohulmoorthi,1,1,0,run,0,,,54/0
1379622,1,8,1,Suresh Lokeshwar,Chezhian Nishaanth,Alliraj Karuppusamy,1,1,0,run,0,,,55/0
1379622,1,8,2,Chezhian Nishaanth,Suresh Lokeshwar,Alliraj Karuppusamy,0,0,0,no run,0,,,55/0
1379622,1,8,3,Chezhian Nishaanth,Suresh Lokeshwar,Alliraj Karuppusamy,1,1,0,run,0,,,56/0
1379622,1,8,4,Suresh Lokeshwar,Chezhian Nishaanth,Alliraj Karuppusamy,1,1,0,run,0,,,57/0
1379622,1,8,5,Chezhian Nishaanth,Suresh Lokeshwar,Alliraj Karuppusamy,1,1,0,run,0,,,58/0
1379622,1,8,6,Suresh Lokeshwar,Chezhian Nishaanth,Alliraj Karuppusamy,4,4,0,four,0,,,62/0
1379622,1,9,1,Chezhian Nishaanth,Suresh Lokeshwar,S Manigandan,6,6,0,six,0,,,68/0
1379622,1,9,2,Chezhian Nishaanth,Suresh Lokeshwar,S Manigandan,0,0,0,out,1,caught,Chezhian Nishaanth,68/1
1379622,1,9,3,V Aaditya,Suresh Lokeshwar,S Manigandan,1,1,0,run,0,,,69/1
1379622,1,9,4,Suresh Lokeshwar,V Aaditya,S Manigandan,1,1,0,run,0,,,70/1
1379622,1,9,5,V Aaditya,Suresh Lokeshwar,S Manigandan,1,1,0,run,0,,,71/1
1379622,1,9,6,Suresh Lokeshwar,V Aaditya,S Manigandan,1,1,0,run,0,,,72/1
1379622,1,10,1,Suresh Lokeshwar,V Aaditya, Sriram Ajith Ram,4,4,0,four,0,,,76/1
1379622,1,10,2,Suresh Lokeshwar,V Aaditya, Sriram Ajith Ram,0,0,0,no run,0,,,76/1
1379622,1,10,3,Suresh Lokeshwar,V Aaditya, Sriram Ajith Ram,1,1,0,run,0,,,77/1
1379622,1,10,4,V Aaditya,Suresh Lokeshwar, Sriram Ajith Ram,0,0,0,no run,0,,,77/1
1379622,1,10,5,V Aaditya,Suresh Lokeshwar, Sriram Ajith Ram,0,0,0,no run,0,,,77/1
1379622,1,10,6,V Aaditya,Suresh Lokeshwar, Sriram Ajith Ram,4,4,0,four,0,,,81/1
1379622,1,11,1,Suresh Lokeshwar,V Aaditya,Alliraj Karuppusamy,0,0,0,no run,0,,,81/1
1379622,1,11,2,Suresh Lokeshwar,V Aaditya,Alliraj Karuppusamy,1,1,0,run,0,,,82/1
1379622,1,11,3,V Aaditya,Suresh Lokeshwar,Alliraj Karuppusamy,1,1,0,run,0,,,83/1
1379622,1,11,4,Suresh Lokeshwar,V Aaditya,Alliraj Karuppusamy,1,1,0,run,0,,,84/1
1379622,1,11,5,V Aaditya,Suresh Lokeshwar,Alliraj Karuppusamy,1,1,0,run,0,,,85/1
1379622,1,11,6,Suresh Lokeshwar,V Aaditya,Alliraj Karuppusamy,1,1,0,run,0,,,86/1
1379622,1,12,1,Suresh Lokeshwar,V Aaditya,S Manigandan,0,0,0,no run,0,,,86/1
1379622,1,12,2,Suresh Lokeshwar,V Aaditya,S Manigandan,1,1,0,run,0,,,87/1
1379622,1,12,3,V Aaditya,Suresh Lokeshwar,S Manigandan,4,4,0,four,0,,,91/1
1379622,1,12,4,V Aaditya,Suresh Lokeshwar,S Manigandan,0,0,0,no run,0,,,91/1
1379622,1,12,5,V Aaditya,Suresh Lokeshwar,S Manigandan,4,4,0,four,0,,,95/1
1379622,1,12,6,V Aaditya,Suresh Lokeshwar,S Manigandan,1,1,0,run,0,,,96/1
1379622,1,13,1,V Aaditya,Suresh Lokeshwar,S Gohulmoorthi,1,1,0,run,0,,,97/1
1379622,1,13,2,Suresh Lokeshwar,V Aaditya,S Gohulmoorthi,1,1,0,run,0,,,98/1
1379622,1,13,3,V Aaditya,Suresh Lokeshwar,S Gohulmoorthi,1,1,0,run,0,,,99/1
1379622,1,13,4,Suresh Lokeshwar,V Aaditya,S Gohulmoorthi,1,1,0,run,0,,,100/1
1379622,1,13,5,V Aaditya,Suresh Lokeshwar,S Gohulmoorthi,2,2,0,run,0,,,102/1
1379622,1,13,6,V Aaditya,Suresh Lokeshwar,S Gohulmoorthi,2,2,0,run,0,,,104/1
1379622,1,14,1,Suresh Lokeshwar,V Aaditya,Alliraj Karuppusamy,0,0,0,out,1,caught,Suresh Lokeshwar,104/2
1379622,1,14,2,Swapnil Singh,V Aaditya,Alliraj Karuppusamy,0,0,0,no run,0,,,104/2
1379622,1,14,3,Swapnil Singh,V Aaditya,Alliraj Karuppusamy,1,1,0,run,0,,,105/2
1379622,1,14,4,V Aaditya,Swapnil Singh,Alliraj Karuppusamy,1,1,0,run,0,,,106/2
1379622,1,14,5,Swapnil Singh,V Aaditya,Alliraj Karuppusamy,1,1,0,run,0,,,107/2
1379622,1,14,6,V Aaditya,Swapnil Singh,Alliraj Karuppusamy,1,0,1,wide,0,,,108/2
1379622,1,14,7,V Aaditya,Swapnil Singh,Alliraj Karuppusamy,1,1,0,run,0,,,109/2
1379622,1,15,1,V Aaditya,Swapnil Singh,H Trilok Nag,0,0,0,no run,0,,,109/2
1379622,1,15,2,V Aaditya,Swapnil Singh,H Trilok Nag,0,0,0,no run,0,,,109/2
1379622,1,15,3,V Aaditya,Swapnil Singh,H Trilok Nag,0,0,0,no run,0,,,109/2
1379622,1,15,4,V Aaditya,Swapnil Singh,H Trilok Nag,4,4,0,four,0,,,113/2
1379622,1,15,5,V Aaditya,Swapnil Singh,H Trilok Nag,1,1,0,run,0,,,114/2
1379622,1,15,6,Swapnil Singh,V Aaditya,H Trilok Nag,1,1,0,run,0,,,115/2
1379622,1,16,1,Swapnil Singh,V Aaditya, Sriram Ajith Ram,0,0,0,no run,0,,,115/2
1379622,1,16,2,Swapnil Singh,V Aaditya, Sriram Ajith Ram,1,0,1,leg bye,0,,,116/2
1379622,1,16,3,V Aaditya,Swapnil Singh, Sriram Ajith Ram,1,1,0,run,0,,,117/2
1379622,1,16,4,Swapnil Singh,V Aaditya, Sriram Ajith Ram,1,0,1,leg bye,0,,,118/2
1379622,1,16,5,V Aaditya,Swapnil Singh, Sriram Ajith Ram,4,4,0,four,0,,,122/2
1379622,1,16,6,V Aaditya,Swapnil Singh, Sriram Ajith Ram,0,0,0,no run,0,,,122/2
1379622,1,17,1,Swapnil Singh,V Aaditya,Alliraj Karuppusamy,1,0,1,wide,0,,,123/2
1379622,1,17,2,Swapnil Singh,V Aaditya,Alliraj Karuppusamy,1,0,1,wide,0,,,124/2
1379622,1,17,3,Swapnil Singh,V Aaditya,Alliraj Karuppusamy,4,4,0,four,0,,,128/2
1379622,1,17,4,Swapnil Singh,V Aaditya,Alliraj Karuppusamy,1,1,0,run,0,,,129/2
1379622,1,17,5,V Aaditya,Swapnil Singh,Alliraj Karuppusamy,1,1,0,run,0,,,130/2
1379622,1,17,6,Swapnil Singh,V Aaditya,Alliraj Karuppusamy,6,6,0,six,0,,,136/2
1379622,1,17,7,Swapnil Singh,V Aaditya,Alliraj Karuppusamy,1,1,0,run,0,,,137/2
1379622,1,17,8,V Aaditya,Swapnil Singh,Alliraj Karuppusamy,1,1,0,run,0,,,138/2
1379622,1,18,1,V Aaditya,Swapnil Singh, Sriram Ajith Ram,0,0,0,out,1,caught,V Aaditya,138/3
1379622,1,18,2,Jagatheesan Kousik,Swapnil Singh, Sriram Ajith Ram,1,1,0,run,0,,,139/3
1379622,1,18,3,Swapnil Singh,Jagatheesan Kousik, Sriram Ajith Ram,1,1,0,run,0,,,140/3
1379622,1,18,4,Jagatheesan Kousik,Swapnil Singh, Sriram Ajith Ram,1,1,0,run,0,,,141/3
1379622,1,18,5,Swapnil Singh,Jagatheesan Kousik, Sriram Ajith Ram,0,0,0,no run,0,,,141/3
1379622,1,18,6,Swapnil Singh,Jagatheesan Kousik, Sriram Ajith Ram,1,1,0,run,0,,,142/3
1379622,1,19,1,Swapnil Singh,Jagatheesan Kousik,H Trilok Nag,0,0,0,out,1,caught,Swapnil Singh,142/4
1379622,1,19,2,S Sri Abisek,Jagatheesan Kousik,H Trilok Nag,0,0,0,out,1,caught,S Sri Abisek,142/5
1379622,1,19,3,P Saravanan,Jagatheesan Kousik,H Trilok Nag,1,1,0,run,0,,,143/5
1379622,1,19,4,Jagatheesan Kousik,P Saravanan,H Trilok Nag,4,4,0,four,0,,,147/5
1379622,1,19,5,Jagatheesan Kousik,P Saravanan,H Trilok Nag,1,1,0,run,0,,,148/5
1379622,1,19,6,P Saravanan,Jagatheesan Kousik,H Trilok Nag,1,0,1,wide,0,,,149/5
1379622,1,19,7,P Saravanan,Jagatheesan Kousik,H Trilok Nag,6,6,0,six,0,,,155/5
1379622,1,20,1,Jagatheesan Kousik,P Saravanan,P Bhuvaneswaran,1,1,0,run,0,,,156/5
1379622,1,20,2,P Saravanan,Jagatheesan Kousik,P Bhuvaneswaran,1,1,0,run,0,,,157/5
1379622,1,20,3,Jagatheesan Kousik,P Saravanan,P Bhuvaneswaran,0,0,0,no run,0,,,157/5
1379622,1,20,4,Jagatheesan Kousik,P Saravanan,P Bhuvaneswaran,0,0,0,no run,0,,,157/5
1379622,1,20,5,Jagatheesan Kousik,P Saravanan,P Bhuvaneswaran,2,2,0,run,0,,,159/5
1379622,1,20,6,Jagatheesan Kousik,P Saravanan,P Bhuvaneswaran,1,1,0,run,0,,,160/5
1379622,2,1,1,K Vishal Vaidhya,Tushar Raheja,Gurjapneet Singh,1,1,0,run,0,,,1/0
1379622,2,1,2,Tushar Raheja,K Vishal Vaidhya,Gurjapneet Singh,0,0,0,no run,0,,,1/0
1379622,2,1,3,Tushar Raheja,K Vishal Vaidhya,Gurjapneet Singh,0,0,0,no run,0,,,1/0
1379622,2,1,4,Tushar Raheja,K Vishal Vaidhya,Gurjapneet Singh,1,1,0,run,0,,,2/0
1379622,2,1,5,K Vishal Vaidhya,Tushar Raheja,Gurjapneet Singh,0,0,0,no run,0,,,2/0
1379622,2,1,6,K Vishal Vaidhya,Tushar Raheja,Gurjapneet Singh,1,1,0,run,0,,,3/0
1379622,2,2,1,K Vishal Vaidhya,Tushar Raheja,Balu Surya,0,0,0,no run,0,,,3/0
1379622,2,2,2,K Vishal Vaidhya,Tushar Raheja,Balu Surya,0,0,0,no run,0,,,3/0
1379622,2,2,3,K Vishal Vaidhya,Tushar Raheja,Balu Surya,0,0,0,no run,0,,,3/0
1379622,2,2,4,K Vishal Vaidhya,Tushar Raheja,Balu Surya,4,4,0,four,0,,,7/0
1379622,2,2,5,K Vishal Vaidhya,Tushar Raheja,Balu Surya,0,0,0,no run,0,,,7/0
1379622,2,2,6,K Vishal Vaidhya,Tushar Raheja,Balu Surya,0,0,0,no run,0,,,7/0
1379622,2,3,1,Tushar Raheja,K Vishal Vaidhya,Gurjapneet Singh,1,1,0,run,0,,,8/0
1379622,2,3,2,K Vishal Vaidhya,Tushar Raheja,Gurjapneet Singh,1,1,0,run,0,,,9/0
1379622,2,3,3,Tushar Raheja,K Vishal Vaidhya,Gurjapneet Singh,4,4,0,four,0,,,13/0
1379622,2,3,4,Tushar Raheja,K Vishal Vaidhya,Gurjapneet Singh,0,0,0,no run,0,,,13/0
1379622,2,3,5,Tushar Raheja,K Vishal Vaidhya,Gurjapneet Singh,6,6,0,six,0,,,19/0
1379622,2,3,6,Tushar Raheja,K Vishal Vaidhya,Gurjapneet Singh,4,4,0,four,0,,,23/0
1379622,2,4,1,K Vishal Vaidhya,Tushar Raheja,Balu Surya,1,1,0,run,0,,,24/0
1379622,2,4,2,Tushar Raheja,K Vishal Vaidhya,Balu Surya,1,0,1,leg bye,0,,,25/0
1379622,2,4,3,K Vishal Vaidhya,Tushar Raheja,Balu Surya,0,0,0,no run,0,,,25/0
1379622,2,4,4,K Vishal Vaidhya,Tushar Raheja,Balu Surya,0,0,0,no run,0,,,25/0
1379622,2,4,5,K Vishal Vaidhya,Tushar Raheja,Balu Surya,4,4,0,four,0,,,29/0
1379622,2,4,6,K Vishal Vaidhya,Tushar Raheja,Balu Surya,4,4,0,four,0,,,33/0
1379622,2,5,1,Tushar Raheja,K Vishal Vaidhya,Swapnil Singh,4,4,0,four,0,,,37/0
1379622,2,5,2,Tushar Raheja,K Vishal Vaidhya,Swapnil Singh,1,1,0,run,0,,,38/0
1379622,2,5,3,K Vishal Vaidhya,Tushar Raheja,Swapnil Singh,0,0,0,no run,0,,,38/0
1379622,2,5,4,K Vishal Vaidhya,Tushar Raheja,Swapnil Singh,0,0,0,no run,0,,,38/0
1379622,2,5,5,K Vishal Vaidhya,Tushar Raheja,Swapnil Singh,0,0,0,no run,0,,,38/0
1379622,2,5,6,K Vishal Vaidhya,Tushar Raheja,Swapnil Singh,1,1,0,run,0,,,39/0
1379622,2,6,1,K Vishal Vaidhya,Tushar Raheja,Ajay K Krishna,4,4,0,four,0,,,43/0
1379622,2,6,2,K Vishal Vaidhya,Tushar Raheja,Ajay K Krishna,0,0,0,no run,0,,,43/0
1379622,2,6,3,K Vishal Vaidhya,Tushar Raheja,Ajay K Krishna,0,0,0,no run,0,,,43/0
1379622,2,6,4,K Vishal Vaidhya,Tushar Raheja,Ajay K Krishna,0,0,0,out,1,caught,K Vishal Vaidhya,43/1
1379622,2,6,5,Rajendran Vivek,Tushar Raheja,Ajay K Krishna,0,0,0,no run,0,,,43/1
1379622,2,6,6,Rajendran Vivek,Tushar Raheja,Ajay K Krishna,0,0,0,no run,0,,,43/1
1379622,2,7,1,Tushar Raheja,Rajendran Vivek,Swapnil Singh,0,0,0,no run,0,,,43/1
1379622,2,7,2,Tushar Raheja,Rajendran Vivek,Swapnil Singh,1,1,0,run,0,,,44/1
1379622,2,7,3,Rajendran Vivek,Tushar Raheja,Swapnil Singh,2,2,0,run,0,,,46/1
1379622,2,7,4,Rajendran Vivek,Tushar Raheja,Swapnil Singh,1,0,1,wide,0,,,47/1
1379622,2,7,5,Rajendran Vivek,Tushar Raheja,Swapnil Singh,1,1,0,run,0,,,48/1
1379622,2,7,6,Tushar Raheja,Rajendran Vivek,Swapnil Singh,0,0,0,no run,0,,,48/1
1379622,2,7,7,Tushar Raheja,Rajendran Vivek,Swapnil Singh,1,1,0,run,0,,,49/1
1379622,2,8,1,Tushar Raheja,Rajendran Vivek,Murugan Ashwin,1,1,0,run,0,,,50/1
1379622,2,8,2,Rajendran Vivek,Tushar Raheja,Murugan Ashwin,1,0,1,wide,0,,,51/1
1379622,2,8,3,Rajendran Vivek,Tushar Raheja,Murugan Ashwin,2,2,0,run,0,,,53/1
1379622,2,8,4,Rajendran Vivek,Tushar Raheja,Murugan Ashwin,0,0,0,no run,0,,,53/1
1379622,2,8,5,Rajendran Vivek,Tushar Raheja,Murugan Ashwin,4,0,4,bye,0,,,57/1
1379622,2,8,6,Rajendran Vivek,Tushar Raheja,Murugan Ashwin,0,0,0,no run,0,,,57/1
1379622,2,8,7,Rajendran Vivek,Tushar Raheja,Murugan Ashwin,0,0,0,no run,0,,,57/1
1379622,2,9,1,Tushar Raheja,Rajendran Vivek,Swapnil Singh,0,0,0,no run,0,,,57/1
1379622,2,9,2,Tushar Raheja,Rajendran Vivek,Swapnil Singh,2,2,0,run,0,,,59/1
1379622,2,9,3,Tushar Raheja,Rajendran Vivek,Swapnil Singh,1,0,1,wide,0,,,60/1
1379622,2,9,4,Tushar Raheja,Rajendran Vivek,Swapnil Singh,1,0,1,wide,0,,,61/1
1379622,2,9,5,Tushar Raheja,Rajendran Vivek,Swapnil Singh,0,0,0,no run,0,,,61/1
1379622,2,9,6,Tushar Raheja,Rajendran Vivek,Swapnil Singh,1,1,0,run,0,,,62/1
1379622,2,9,7,Rajendran Vivek,Tushar Raheja,Swapnil Singh,1,1,0,run,0,,,63/1
1379622,2,9,8,Tushar Raheja,Rajendran Vivek,Swapnil Singh,0,0,0,no run,0,,,63/1
1379622,2,10,1,Rajendran Vivek,Tushar Raheja,Murugan Ashwin,1,1,0,run,0,,,64/1
1379622,2,10,2,Tushar Raheja,Rajendran Vivek,Murugan Ashwin,0,0,0,no run,0,,,64/1
1379622,2,10,3,Tushar Raheja,Rajendran Vivek,Murugan Ashwin,1,1,0,run,0,,,65/1
1379622,2,10,4,Rajendran Vivek,Tushar Raheja,Murugan Ashwin,4,4,0,four,0,,,69/1
1379622,2,10,5,Rajendran Vivek,Tushar Raheja,Murugan Ashwin,0,0,0,no run,0,,,69/1
1379622,2,10,6,Rajendran Vivek,Tushar Raheja,Murugan Ashwin,1,0,1,wide,0,,,70/1
1379622,2,10,7,Rajendran Vivek,Tushar Raheja,Murugan Ashwin,0,0,0,no run,0,,,70/1
1379622,2,11,1,Tushar Raheja,Rajendran Vivek,P Saravanan,4,4,0,four,0,,,74/1
1379622,2,11,2,Tushar Raheja,Rajendran Vivek,P Saravanan,4,4,0,four,0,,,78/1
1379622,2,11,3,Tushar Raheja,Rajendran Vivek,P Saravanan,1,1,0,run,0,,,79/1
1379622,2,11,4,Rajendran Vivek,Tushar Raheja,P Saravanan,0,0,0,out,1,caught,Rajendran Vivek,79/2
1379622,2,11,5,Vijay Shankar,Tushar Raheja,P Saravanan,1,1,0,run,0,,,80/2
1379622,2,11,6,Tushar Raheja,Vijay Shankar,P Saravanan,1,0,1,wide,0,,,81/2
1379622,2,11,7,Tushar Raheja,Vijay Shankar,P Saravanan,2,2,0,run,0,,,83/2
1379622,2,12,1,Vijay Shankar,Tushar Raheja,Ajay K Krishna,1,1,0,run,0,,,84/2
1379622,2,12,2,Tushar Raheja,Vijay Shankar,Ajay K Krishna,0,0,0,no run,0,,,84/2
1379622,2,12,3,Tushar Raheja,Vijay Shankar,Ajay K Krishna,1,1,0,run,0,,,85/2
1379622,2,12,4,Vijay Shankar,Tushar Raheja,Ajay K Krishna,1,1,0,run,0,,,86/2
1379622,2,12,5,Tushar Raheja,Vijay Shankar,Ajay K Krishna,1,1,0,run,0,,,87/2
1379622,2,12,6,Vijay Shankar,Tushar Raheja,Ajay K Krishna,1,1,0,run,0,,,88/2
1379622,2,13,1,Vijay Shankar,Tushar Raheja,P Saravanan,2,2,0,run,0,,,90/2
1379622,2,13,2,Vijay Shankar,Tushar Raheja,P Saravanan,1,1,0,run,0,,,91/2
1379622,2,13,3,Tushar Raheja,Vijay Shankar,P Saravanan,4,4,0,four,0,,,95/2
1379622,2,13,4,Tushar Raheja,Vijay Shankar,P Saravanan,1,1,0,run,0,,,96/2
1379622,2,13,5,Vijay Shankar,Tushar Raheja,P Saravanan,1,1,0,run,0,,,97/2
1379622,2,13,6,Tushar Raheja,Vijay Shankar,P Saravanan,0,0,0,no run,0,,,97/2
1379622,2,14,1,Vijay Shankar,Tushar Raheja,Murugan Ashwin,1,1,0,run,0,,,98/2
1379622,2,14,2,Tushar Raheja,Vijay Shankar,Murugan Ashwin,1,1,0,run,0,,,99/2
1379622,2,14,3,Vijay Shankar,Tushar Raheja,Murugan Ashwin,0,0,0,no run,0,,,99/2
1379622,2,14,4,Vijay Shankar,Tushar Raheja,Murugan Ashwin,1,1,0,run,0,,,100/2
1379622,2,14,5,Tushar Raheja,Vijay Shankar,Murugan Ashwin,1,1,0,run,0,,,101/2
1379622,2,14,6,Vijay Shankar,Tushar Raheja,Murugan Ashwin,1,1,0,run,0,,,102/2
1379622,2,15,1,Vijay Shankar,Tushar Raheja,Swapnil Singh,1,1,0,run,0,,,103/2
1379622,2,15,2,Tushar Raheja,Vijay Shankar,Swapnil Singh,0,0,0,no run,0,,,103/2
1379622,2,15,3,Tushar Raheja,Vijay Shankar,Swapnil Singh,1,1,0,run,0,,,104/2
1379622,2,15,4,Vijay Shankar,Tushar Raheja,Swapnil Singh,2,2,0,run,0,,,106/2
1379622,2,15,5,Vijay Shankar,Tushar Raheja,Swapnil Singh,1,0,1,wide,0,,,107/2
1379622,2,15,6,Vijay Shankar,Tushar Raheja,Swapnil Singh,0,0,0,no run,0,,,107/2
1379622,2,15,7,Vijay Shankar,Tushar Raheja,Swapnil Singh,0,0,0,no run,0,,,107/2
1379622,2,16,1,Tushar Raheja,Vijay Shankar,Murugan Ashwin,1,1,0,run,0,,,108/2
1379622,2,16,2,Vijay Shankar,Tushar Raheja,Murugan Ashwin,1,1,0,run,0,,,109/2
1379622,2,16,3,Tushar Raheja,Vijay Shankar,Murugan Ashwin,0,0,0,no run,0,,,109/2
1379622,2,16,4,Tushar Raheja,Vijay Shankar,Murugan Ashwin,1,1,0,run,0,,,110/2
1379622,2,16,5,Vijay Shankar,Tushar Raheja,Murugan Ashwin,1,1,0,run,0,,,111/2
1379622,2,16,6,Tushar Raheja,Vijay Shankar,Murugan Ashwin,0,0,0,out,1,caught,Tushar Raheja,111/3
1379622,2,17,1,Vijay Shankar,Balchander Anirudh,Ajay K Krishna,1,1,0,run,0,,,112/3
1379622,2,17,2,Balchander Anirudh,Vijay Shankar,Ajay K Krishna,1,0,1,leg bye,0,,,113/3
1379622,2,17,3,Vijay Shankar,Balchander Anirudh,Ajay K Krishna,1,1,0,run,0,,,114/3
1379622,2,17,4,Balchander Anirudh,Vijay Shankar,Ajay K Krishna,1,1,0,run,0,,,115/3
1379622,2,17,5,Vijay Shankar,Balchander Anirudh,Ajay K Krishna,4,4,0,four,0,,,119/3
1379622,2,17,6,Vijay Shankar,Balchander Anirudh,Ajay K Krishna,6,6,0,six,0,,,125/3
1379622,2,18,1,Balchander Anirudh,Vijay Shankar,Gurjapneet Singh,6,6,0,six,0,,,131/3
1379622,2,18,2,Balchander Anirudh,Vijay Shankar,Gurjapneet Singh,1,1,0,run,0,,,132/3
1379622,2,18,3,Vijay Shankar,Balchander Anirudh,Gurjapneet Singh,0,0,0,out,1,bowled,Vijay Shankar,132/4
1379622,2,18,4,N Sarangarajan Chaturved,Balchander Anirudh,Gurjapneet Singh,1,1,0,run,0,,,133/4
1379622,2,18,5,Balchander Anirudh,N Sarangarajan Chaturved,Gurjapneet Singh,1,1,0,run,0,,,134/4
1379622,2,18,6,N Sarangarajan Chaturved,Balchander Anirudh,Gurjapneet Singh,1,0,1,leg bye,0,,,135/4
1379622,2,19,1,N Sarangarajan Chaturved,Balchander Anirudh,Ajay K Krishna,0,0,0,out,1,caught,N Sarangarajan Chaturved,135/5
1379622,2,19,2,P Bhuvaneswaran,Balchander Anirudh,Ajay K Krishna,0,0,0,no run,0,,,135/5
1379622,2,19,3,P Bhuvaneswaran,Balchander Anirudh,Ajay K Krishna,6,6,0,six,0,,,141/5
1379622,2,19,4,P Bhuvaneswaran,Balchander Anirudh,Ajay K Krishna,1,1,0,run,0,,,142/5
1379622,2,19,5,Balchander Anirudh,P Bhuvaneswaran,Ajay K Krishna,2,2,0,run,0,,,144/5
1379622,2,19,6,Balchander Anirudh,P Bhuvaneswaran,Ajay K Krishna,0,0,0,no run,0,,,144/5
1379622,2,20,1,P Bhuvaneswaran,Balchander Anirudh,Gurjapneet Singh,6,6,0,six,0,,,150/5
1379622,2,20,2,P Bhuvaneswaran,Balchander Anirudh,Gurjapneet Singh,4,4,0,four,0,,,154/5
1379622,2,20,3,P Bhuvaneswaran,Balchander Anirudh,Gurjapneet Singh,1,1,0,run,0,,,155/5
1379622,2,20,4,Balchander Anirudh,P Bhuvaneswaran,Gurjapneet Singh,0,0,0,out,1,caught,Balchander Anirudh,155/6
1379622,2,20,5,S Gohulmoorthi,P Bhuvaneswaran,Gurjapneet Singh,1,1,0,run,0,,,156/6
1379622,2,20,6,P Bhuvaneswaran,S Gohulmoorthi,Gurjapneet Singh,0,0,0,no run,0,,,156/6
1379623,1,1,1,Ganga Sridhar Raju,K Rajkumar,Sankarankutty Sandeep Warrier,0,0,0,no run,0,,,0/0
1379623,1,1,2,Ganga Sridhar Raju,K Rajkumar,Sankarankutty Sandeep Warrier,0,0,0,no run,0,,,0/0
1379623,1,1,3,Ganga Sridhar Raju,K Rajkumar,Sankarankutty Sandeep Warrier,0,0,0,no run,0,,,0/0
1379623,1,1,4,Ganga Sridhar Raju,K Rajkumar,Sankarankutty Sandeep Warrier,1,0,1,wide,0,,,1/0
1379623,1,1,5,Ganga Sridhar Raju,K Rajkumar,Sankarankutty Sandeep Warrier,1,1,0,run,0,,,2/0
1379623,1,1,6,K Rajkumar,Ganga Sridhar Raju,Sankarankutty Sandeep Warrier,0,0,0,no run,0,,,2/0
1379623,1,1,7,K Rajkumar,Ganga Sridhar Raju,Sankarankutty Sandeep Warrier,1,0,1,wide,0,,,3/0
1379623,1,1,8,K Rajkumar,Ganga Sridhar Raju,Sankarankutty Sandeep Warrier,1,1,0,run,0,,,4/0
1379623,1,2,1,K Rajkumar,Ganga Sridhar Raju,Ramsingh Sonu Yadav,0,0,0,no run,0,,,4/0
1379623,1,2,2,K Rajkumar,Ganga Sridhar Raju,Ramsingh Sonu Yadav,1,1,0,run,0,,,5/0
1379623,1,2,3,Ganga Sridhar Raju,K Rajkumar,Ramsingh Sonu Yadav,0,0,0,no run,0,,,5/0
1379623,1,2,4,Ganga Sridhar Raju,K Rajkumar,Ramsingh Sonu Yadav,0,0,0,no run,0,,,5/0
1379623,1,2,5,Ganga Sridhar Raju,K Rajkumar,Ramsingh Sonu Yadav,1,1,0,run,0,,,6/0
1379623,1,2,6,K Rajkumar,Ganga Sridhar Raju,Ramsingh Sonu Yadav,0,0,0,no run,0,,,6/0
1379623,1,3,1,Ganga Sridhar Raju,K Rajkumar,Sankarankutty Sandeep Warrier,0,0,0,no run,0,,,6/0
1379623,1,3,2,Ganga Sridhar Raju,K Rajkumar,Sankarankutty Sandeep Warrier,1,1,0,run,0,,,7/0
1379623,1,3,3,K Rajkumar,Ganga Sridhar Raju,Sankarankutty Sandeep Warrier,0,0,0,out,1,caught,K Rajkumar,7/1
1379623,1,3,4,T Saran,Ganga Sridhar Raju,Sankarankutty Sandeep Warrier,0,0,0,no run,0,,,7/1
1379623,1,3,5,T Saran,Ganga Sridhar Raju,Sankarankutty Sandeep Warrier,0,0,0,no run,0,,,7/1
1379623,1,3,6,T Saran,Ganga Sridhar Raju,Sankarankutty Sandeep Warrier,0,0,0,no run,0,,,7/1
1379623,1,4,1,Ganga Sridhar Raju,T Saran,Ramsingh Sonu Yadav,1,1,0,run,0,,,8/1
1379623,1,4,2,T Saran,Ganga Sridhar Raju,Ramsingh Sonu Yadav,0,0,0,out,1,caught,T Saran,8/2
1379623,1,4,3,Jafar Jamal,Ganga Sridhar Raju,Ramsingh Sonu Yadav,0,0,0,no run,0,,,8/2
1379623,1,4,4,Jafar Jamal,Ganga Sridhar Raju,Ramsingh Sonu Yadav,4,4,0,four,0,,,12/2
1379623,1,4,5,Jafar Jamal,Ganga Sridhar Raju,Ramsingh Sonu Yadav,1,1,0,run,0,,,13/2
1379623,1,4,6,Ganga Sridhar Raju,Jafar Jamal,Ramsingh Sonu Yadav,4,4,0,four,0,,,17/2
1379623,1,5,1,Jafar Jamal,Ganga Sridhar Raju,Sankarankutty Sandeep Warrier,4,4,0,four,0,,,21/2
1379623,1,5,2,Jafar Jamal,Ganga Sridhar Raju,Sankarankutty Sandeep Warrier,1,1,0,run,0,,,22/2
1379623,1,5,3,Ganga Sridhar Raju,Jafar Jamal,Sankarankutty Sandeep Warrier,0,0,0,no run,0,,,22/2
1379623,1,5,4,Ganga Sridhar Raju,Jafar Jamal,Sankarankutty Sandeep Warrier,1,1,0,run,0,,,23/2
1379623,1,5,5,Jafar Jamal,Ganga Sridhar Raju,Sankarankutty Sandeep Warrier,0,0,0,no run,0,,,23/2
1379623,1,5,6,Jafar Jamal,Ganga Sridhar Raju,Sankarankutty Sandeep Warrier,1,1,0,run,0,,,24/2
1379623,1,6,1,Jafar Jamal,Ganga Sridhar Raju,M Poiyamozhi,1,1,0,run,0,,,25/2
1379623,1,6,2,Ganga Sridhar Raju,Jafar Jamal,M Poiyamozhi,1,1,0,run,0,,,26/2
1379623,1,6,3,Jafar Jamal,Ganga Sridhar Raju,M Poiyamozhi,0,0,0,no run,0,,,26/2
1379623,1,6,4,Jafar Jamal,Ganga Sridhar Raju,M Poiyamozhi,0,0,0,no run,0,,,26/2
1379623,1,6,5,Jafar Jamal,Ganga Sridhar Raju,M Poiyamozhi,0,0,0,no run,0,,,26/2
1379623,1,6,6,Jafar Jamal,Ganga Sridhar Raju,M Poiyamozhi,1,1,0,run,0,,,27/2
1379623,1,7,1,Jafar Jamal,Ganga Sridhar Raju,T Veeramani,0,0,0,no run,0,,,27/2
1379623,1,7,2,Jafar Jamal,Ganga Sridhar Raju,T Veeramani,1,1,0,run,0,,,28/2
1379623,1,7,3,Ganga Sridhar Raju,Jafar Jamal,T Veeramani,1,1,0,run,0,,,29/2
1379623,1,7,4,Jafar Jamal,Ganga Sridhar Raju,T Veeramani,1,1,0,run,0,,,30/2
1379623,1,7,5,Ganga Sridhar Raju,Jafar Jamal,T Veeramani,1,1,0,run,0,,,31/2
1379623,1,7,6,Jafar Jamal,Ganga Sridhar Raju,T Veeramani,0,0,0,no run,0,,,31/2
1379623,1,8,1,Ganga Sridhar Raju,Jafar Jamal,S Lakshay Jain,0,0,0,no run,0,,,31/2
1379623,1,8,2,Ganga Sridhar Raju,Jafar Jamal,S Lakshay Jain,0,0,0,no run,0,,,31/2
1379623,1,8,3,Ganga Sridhar Raju,Jafar Jamal,S Lakshay Jain,1,1,0,run,0,,,32/2
1379623,1,8,4,Jafar Jamal,Ganga Sridhar Raju,S Lakshay Jain,6,6,0,six,0,,,38/2
1379623,1,8,5,Jafar Jamal,Ganga Sridhar Raju,S Lakshay Jain,4,4,0,four,0,,,42/2
1379623,1,8,6,Jafar Jamal,Ganga Sridhar Raju,S Lakshay Jain,1,1,0,run,0,,,43/2
1379623,1,9,1,Jafar Jamal,Ganga Sridhar Raju,T Veeramani,6,6,0,six,0,,,49/2
1379623,1,9,2,Jafar Jamal,Ganga Sridhar Raju,T Veeramani,1,1,0,run,0,,,50/2
1379623,1,9,3,Ganga Sridhar Raju,Jafar Jamal,T Veeramani,4,4,0,four,0,,,54/2
1379623,1,9,4,Ganga Sridhar Raju,Jafar Jamal,T Veeramani,0,0,0,no run,0,,,54/2
1379623,1,9,5,Ganga Sridhar Raju,Jafar Jamal,T Veeramani,1,1,0,run,0,,,55/2
1379623,1,9,6,Jafar Jamal,Ganga Sridhar Raju,T Veeramani,1,1,0,run,0,,,56/2
1379623,1,10,1,Jafar Jamal,Ganga Sridhar Raju,M Poiyamozhi,1,1,0,run,0,,,57/2
1379623,1,10,2,Ganga Sridhar Raju,Jafar Jamal,M Poiyamozhi,0,0,0,no run,0,,,57/2
1379623,1,10,3,Ganga Sridhar Raju,Jafar Jamal,M Poiyamozhi,0,0,0,no run,0,,,57/2
1379623,1,10,4,Ganga Sridhar Raju,Jafar Jamal,M Poiyamozhi,0,0,0,out,1,caught,Ganga Sridhar Raju,57/3
1379623,1,10,5,R Rajkumar,Jafar Jamal,M Poiyamozhi,1,1,0,run,0,,,58/3
1379623,1,10,6,Jafar Jamal,R Rajkumar,M Poiyamozhi,1,1,0,run,0,,,59/3
1379623,1,11,1,Jafar Jamal,R Rajkumar,Sankarankutty Sandeep Warrier,0,0,0,no run,0,,,59/3
1379623,1,11,2,Jafar Jamal,R Rajkumar,Sankarankutty Sandeep Warrier,1,1,0,run,0,,,60/3
1379623,1,11,3,R Rajkumar,Jafar Jamal,Sankarankutty Sandeep Warrier,1,1,0,run,0,,,61/3
1379623,1,11,4,Jafar Jamal,R Rajkumar,Sankarankutty Sandeep Warrier,0,0,0,no run,0,,,61/3
1379623,1,11,5,Jafar Jamal,R Rajkumar,Sankarankutty Sandeep Warrier,4,4,0,four,0,,,65/3
1379623,1,11,6,Jafar Jamal,R Rajkumar,Sankarankutty Sandeep Warrier,0,0,0,no run,0,,,65/3
1379623,1,12,1,R Rajkumar,Jafar Jamal,S Mohan Prasath,0,0,0,no run,0,,,65/3
1379623,1,12,2,R Rajkumar,Jafar Jamal,S Mohan Prasath,0,0,0,no run,0,,,65/3
1379623,1,12,3,R Rajkumar,Jafar Jamal,S Mohan Prasath,0,0,0,no run,0,,,65/3
1379623,1,12,4,R Rajkumar,Jafar Jamal,S Mohan Prasath,1,1,0,run,0,,,66/3
1379623,1,12,5,Jafar Jamal,R Rajkumar,S Mohan Prasath,1,1,0,run,0,,,67/3
1379623,1,12,6,R Rajkumar,Jafar Jamal,S Mohan Prasath,0,0,0,no run,0,,,67/3
1379623,1,13,1,Jafar Jamal,R Rajkumar,NS Harish,1,1,0,run,0,,,68/3
1379623,1,13,2,R Rajkumar,Jafar Jamal,NS Harish,0,0,0,no run,0,,,68/3
1379623,1,13,3,R Rajkumar,Jafar Jamal,NS Harish,0,0,0,out,1,caught,R Rajkumar,68/4
1379623,1,13,4,Daryl Sunder Ferrario,Jafar Jamal,NS Harish,1,1,0,run,0,,,69/4
1379623,1,13,5,Jafar Jamal,Daryl Sunder Ferrario,NS Harish,0,0,0,no run,0,,,69/4
1379623,1,13,6,Jafar Jamal,Daryl Sunder Ferrario,NS Harish,1,1,0,run,0,,,70/4
1379623,1,14,1,Jafar Jamal,Daryl Sunder Ferrario,S Mohan Prasath,1,1,0,run,0,,,71/4
1379623,1,14,2,Daryl Sunder Ferrario,Jafar Jamal,S Mohan Prasath,2,2,0,run,0,,,73/4
1379623,1,14,3,Daryl Sunder Ferrario,Jafar Jamal,S Mohan Prasath,1,1,0,run,0,,,74/4
1379623,1,14,4,Jafar Jamal,Daryl Sunder Ferrario,S Mohan Prasath,6,6,0,six,0,,,80/4
1379623,1,14,5,Jafar Jamal,Daryl Sunder Ferrario,S Mohan Prasath,1,1,0,run,0,,,81/4
1379623,1,14,6,Daryl Sunder Ferrario,Jafar Jamal,S Mohan Prasath,0,0,0,no run,0,,,81/4
1379623,1,15,1,Jafar Jamal,Daryl Sunder Ferrario,Ramsingh Sonu Yadav,0,0,0,no run,0,,,81/4
1379623,1,15,2,Jafar Jamal,Daryl Sunder Ferrario,Ramsingh Sonu Yadav,1,0,1,wide,0,,,82/4
1379623,1,15,3,Jafar Jamal,Daryl Sunder Ferrario,Ramsingh Sonu Yadav,4,4,0,four,0,,,86/4
1379623,1,15,4,Jafar Jamal,Daryl Sunder Ferrario,Ramsingh Sonu Yadav,0,0,0,no run,0,,,86/4
1379623,1,15,5,Jafar Jamal,Daryl Sunder Ferrario,Ramsingh Sonu Yadav,1,1,0,run,0,,,87/4
1379623,1,15,6,Daryl Sunder Ferrario,Jafar Jamal,Ramsingh Sonu Yadav,2,2,0,run,0,,,89/4
1379623,1,15,7,Daryl Sunder Ferrario,Jafar Jamal,Ramsingh Sonu Yadav,1,1,0,run,0,,,90/4
1379623,1,16,1,Daryl Sunder Ferrario,Jafar Jamal,M Poiyamozhi,1,0,1,wide,0,,,91/4
1379623,1,16,2,Daryl Sunder Ferrario,Jafar Jamal,M Poiyamozhi,1,1,0,run,0,,,92/4
1379623,1,16,3,Jafar Jamal,Daryl Sunder Ferrario,M Poiyamozhi,6,6,0,six,0,,,98/4
1379623,1,16,4,Jafar Jamal,Daryl Sunder Ferrario,M Poiyamozhi,6,6,0,six,0,,,104/4
1379623,1,16,5,Jafar Jamal,Daryl Sunder Ferrario,M Poiyamozhi,1,1,0,run,0,,,105/4
1379623,1,16,6,Daryl Sunder Ferrario,Jafar Jamal,M Poiyamozhi,1,1,0,run,0,,,106/4
1379623,1,16,7,Jafar Jamal,Daryl Sunder Ferrario,M Poiyamozhi,0,0,0,no run,0,,,106/4
1379623,1,17,1,Daryl Sunder Ferrario,Jafar Jamal,Ramsingh Sonu Yadav,1,1,0,run,0,,,107/4
1379623,1,17,2,Jafar Jamal,Daryl Sunder Ferrario,Ramsingh Sonu Yadav,2,2,0,run,0,,,109/4
1379623,1,17,3,Jafar Jamal,Daryl Sunder Ferrario,Ramsingh Sonu Yadav,6,6,0,six,0,,,115/4
1379623,1,17,4,Jafar Jamal,Daryl Sunder Ferrario,Ramsingh Sonu Yadav,6,6,0,six,0,,,121/4
1379623,1,17,5,Jafar Jamal,Daryl Sunder Ferrario,Ramsingh Sonu Yadav,1,1,0,run,0,,,122/4
1379623,1,17,6,Daryl Sunder Ferrario,Jafar Jamal,Ramsingh Sonu Yadav,0,0,0,no run,0,,,122/4
1379623,1,18,1,Jafar Jamal,Daryl Sunder Ferrario,M Poiyamozhi,1,1,0,run,0,,,123/4
1379623,1,18,2,Daryl Sunder Ferrario,Jafar Jamal,M Poiyamozhi,1,1,0,run,0,,,124/4
1379623,1,18,3,Jafar Jamal,Daryl Sunder Ferrario,M Poiyamozhi,0,0,0,no run,0,,,124/4
1379623,1,18,4,Jafar Jamal,Daryl Sunder Ferrario,M Poiyamozhi,1,0,1,wide,0,,,125/4
1379623,1,18,5,Jafar Jamal,Daryl Sunder Ferrario,M Poiyamozhi,4,4,0,four,0,,,129/4
1379623,1,18,6,Jafar Jamal,Daryl Sunder Ferrario,M Poiyamozhi,6,6,0,six,0,,,135/4
1379623,1,18,7,Jafar Jamal,Daryl Sunder Ferrario,M Poiyamozhi,0,0,0,out,1,caught,Jafar Jamal,135/5
1379623,1,19,1,Daryl Sunder Ferrario,Wenseslaus Antony Dhas,S Mohan Prasath,1,1,0,run,0,,,136/5
1379623,1,19,2,Wenseslaus Antony Dhas,Daryl Sunder Ferrario,S Mohan Prasath,2,2,0,run,0,,,138/5
1379623,1,19,3,Wenseslaus Antony Dhas,Daryl Sunder Ferrario,S Mohan Prasath,2,2,0,run,0,,,140/5
1379623,1,19,4,Wenseslaus Antony Dhas,Daryl Sunder Ferrario,S Mohan Prasath,4,4,0,four,0,,,144/5
1379623,1,19,5,Wenseslaus Antony Dhas,Daryl Sunder Ferrario,S Mohan Prasath,2,2,0,run,0,,,146/5
1379623,1,19,6,Wenseslaus Antony Dhas,Daryl Sunder Ferrario,S Mohan Prasath,0,0,0,out,1,caught,Wenseslaus Antony Dhas,146/6
1379623,2,1,1,Konda Bhaskir Arun Karthik,Laxmesha Suryaprakash,Ragupathy Silambarasan,4,4,0,four,0,,,4/0
1379623,2,1,2,Konda Bhaskir Arun Karthik,Laxmesha Suryaprakash,Ragupathy Silambarasan,4,4,0,four,0,,,8/0
1379623,2,1,3,Konda Bhaskir Arun Karthik,Laxmesha Suryaprakash,Ragupathy Silambarasan,1,1,0,run,0,,,9/0
1379623,2,1,4,Laxmesha Suryaprakash,Konda Bhaskir Arun Karthik,Ragupathy Silambarasan,0,0,0,no run,0,,,9/0
1379623,2,1,5,Laxmesha Suryaprakash,Konda Bhaskir Arun Karthik,Ragupathy Silambarasan,6,6,0,six,0,,,15/0
1379623,2,1,6,Laxmesha Suryaprakash,Konda Bhaskir Arun Karthik,Ragupathy Silambarasan,0,0,0,no run,0,,,15/0
1379623,2,2,1,Konda Bhaskir Arun Karthik,Laxmesha Suryaprakash,K Easwaran,0,0,0,no run,0,,,15/0
1379623,2,2,2,Konda Bhaskir Arun Karthik,Laxmesha Suryaprakash,K Easwaran,0,0,0,no run,0,,,15/0
1379623,2,2,3,Konda Bhaskir Arun Karthik,Laxmesha Suryaprakash,K Easwaran,1,0,1,wide,0,,,16/0
1379623,2,2,4,Konda Bhaskir Arun Karthik,Laxmesha Suryaprakash,K Easwaran,4,4,0,four,0,,,20/0
1379623,2,2,5,Konda Bhaskir Arun Karthik,Laxmesha Suryaprakash,K Easwaran,0,0,0,no run,0,,,20/0
1379623,2,2,6,Konda Bhaskir Arun Karthik,Laxmesha Suryaprakash,K Easwaran,0,0,0,out,1,bowled,Konda Bhaskir Arun Karthik,20/1
1379623,2,2,7,Guruswamy Ajitesh,Laxmesha Suryaprakash,K Easwaran,0,0,0,no run,0,,,20/1
1379623,2,3,1,Laxmesha Suryaprakash,Guruswamy Ajitesh,Ragupathy Silambarasan,4,4,0,four,0,,,24/1
1379623,2,3,2,Laxmesha Suryaprakash,Guruswamy Ajitesh,Ragupathy Silambarasan,4,4,0,four,0,,,28/1
1379623,2,3,3,Laxmesha Suryaprakash,Guruswamy Ajitesh,Ragupathy Silambarasan,0,0,0,no run,0,,,28/1
1379623,2,3,4,Laxmesha Suryaprakash,Guruswamy Ajitesh,Ragupathy Silambarasan,0,0,0,no run,0,,,28/1
1379623,2,3,5,Laxmesha Suryaprakash,Guruswamy Ajitesh,Ragupathy Silambarasan,1,1,0,run,0,,,29/1
1379623,2,3,6,Guruswamy Ajitesh,Laxmesha Suryaprakash,Ragupathy Silambarasan,4,4,0,four,0,,,33/1
1379623,2,4,1,Laxmesha Suryaprakash,Guruswamy Ajitesh,K Easwaran,0,0,0,no run,0,,,33/1
1379623,2,4,2,Laxmesha Suryaprakash,Guruswamy Ajitesh,K Easwaran,1,0,1,wide,0,,,34/1
1379623,2,4,3,Laxmesha Suryaprakash,Guruswamy Ajitesh,K Easwaran,1,1,0,run,0,,,35/1
1379623,2,4,4,Guruswamy Ajitesh,Laxmesha Suryaprakash,K Easwaran,1,0,1,wide,0,,,36/1
1379623,2,4,5,Guruswamy Ajitesh,Laxmesha Suryaprakash,K Easwaran,1,1,0,run,0,,,37/1
1379623,2,4,6,Laxmesha Suryaprakash,Guruswamy Ajitesh,K Easwaran,0,0,0,no run,0,,,37/1
1379623,2,4,7,Laxmesha Suryaprakash,Guruswamy Ajitesh,K Easwaran,6,6,0,six,0,,,43/1
1379623,2,4,8,Laxmesha Suryaprakash,Guruswamy Ajitesh,K Easwaran,5,0,5,wide,0,,,48/1
1379623,2,4,9,Laxmesha Suryaprakash,Guruswamy Ajitesh,K Easwaran,0,0,0,out,1,caught,Laxmesha Suryaprakash,48/2
1379623,2,5,1,Guruswamy Ajitesh,Nidhish S Rajagopal,Wenseslaus Antony Dhas,0,0,0,no run,0,,,48/2
1379623,2,5,2,Guruswamy Ajitesh,Nidhish S Rajagopal,Wenseslaus Antony Dhas,0,0,0,no run,0,,,48/2
1379623,2,5,3,Guruswamy Ajitesh,Nidhish S Rajagopal,Wenseslaus Antony Dhas,6,6,0,six,0,,,54/2
1379623,2,5,4,Guruswamy Ajitesh,Nidhish S Rajagopal,Wenseslaus Antony Dhas,0,0,0,no run,0,,,54/2
1379623,2,5,5,Guruswamy Ajitesh,Nidhish S Rajagopal,Wenseslaus Antony Dhas,4,4,0,four,0,,,58/2
1379623,2,5,6,Guruswamy Ajitesh,Nidhish S Rajagopal,Wenseslaus Antony Dhas,4,4,0,four,0,,,62/2
1379623,2,6,1,Nidhish S Rajagopal,Guruswamy Ajitesh,G Godson,0,0,0,no run,0,,,62/2
1379623,2,6,2,Nidhish S Rajagopal,Guruswamy Ajitesh,G Godson,1,1,0,run,0,,,63/2
1379623,2,6,3,Guruswamy Ajitesh,Nidhish S Rajagopal,G Godson,6,6,0,six,0,,,69/2
1379623,2,6,4,Guruswamy Ajitesh,Nidhish S Rajagopal,G Godson,1,1,0,run,0,,,70/2
1379623,2,6,5,Nidhish S Rajagopal,Guruswamy Ajitesh,G Godson,1,1,0,run,0,,,71/2
1379623,2,6,6,Guruswamy Ajitesh,Nidhish S Rajagopal,G Godson,4,4,0,four,0,,,75/2
1379623,2,7,1,Nidhish S Rajagopal,Guruswamy Ajitesh,Ganga Sridhar Raju,1,1,0,run,0,,,76/2
1379623,2,7,2,Guruswamy Ajitesh,Nidhish S Rajagopal,Ganga Sridhar Raju,0,0,0,no run,0,,,76/2
1379623,2,7,3,Guruswamy Ajitesh,Nidhish S Rajagopal,Ganga Sridhar Raju,1,1,0,run,0,,,77/2
1379623,2,7,4,Nidhish S Rajagopal,Guruswamy Ajitesh,Ganga Sridhar Raju,6,6,0,six,0,,,83/2
1379623,2,7,5,Nidhish S Rajagopal,Guruswamy Ajitesh,Ganga Sridhar Raju,2,2,0,run,0,,,85/2
1379623,2,7,6,Nidhish S Rajagopal,Guruswamy Ajitesh,Ganga Sridhar Raju,1,1,0,run,0,,,86/2
1379623,2,8,1,Nidhish S Rajagopal,Guruswamy Ajitesh,G Godson,1,1,0,run,0,,,87/2
1379623,2,8,2,Guruswamy Ajitesh,Nidhish S Rajagopal,G Godson,0,0,0,no run,0,,,87/2
1379623,2,8,3,Guruswamy Ajitesh,Nidhish S Rajagopal,G Godson,1,1,0,run,0,,,88/2
1379623,2,8,4,Nidhish S Rajagopal,Guruswamy Ajitesh,G Godson,1,1,0,run,0,,,89/2
1379623,2,8,5,Guruswamy Ajitesh,Nidhish S Rajagopal,G Godson,6,6,0,six,0,,,95/2
1379623,2,8,6,Guruswamy Ajitesh,Nidhish S Rajagopal,G Godson,0,0,0,no run,0,,,95/2
1379623,2,9,1,Nidhish S Rajagopal,Guruswamy Ajitesh,S Boopalan,1,1,0,run,0,,,96/2
1379623,2,9,2,Guruswamy Ajitesh,Nidhish S Rajagopal,S Boopalan,0,0,0,no run,0,,,96/2
1379623,2,9,3,Guruswamy Ajitesh,Nidhish S Rajagopal,S Boopalan,2,2,0,run,0,,,98/2
1379623,2,9,4,Guruswamy Ajitesh,Nidhish S Rajagopal,S Boopalan,1,1,0,run,0,,,99/2
1379623,2,9,5,Nidhish S Rajagopal,Guruswamy Ajitesh,S Boopalan,0,0,0,no run,0,,,99/2
1379623,2,9,6,Nidhish S Rajagopal,Guruswamy Ajitesh,S Boopalan,0,0,0,no run,0,,,99/2
1379623,2,10,1,Guruswamy Ajitesh,Nidhish S Rajagopal,Daryl Sunder Ferrario,6,6,0,six,0,,,105/2
1379623,2,10,2,Guruswamy Ajitesh,Nidhish S Rajagopal,Daryl Sunder Ferrario,1,1,0,run,0,,,106/2
1379623,2,10,3,Nidhish S Rajagopal,Guruswamy Ajitesh,Daryl Sunder Ferrario,1,1,0,run,0,,,107/2
1379623,2,10,4,Guruswamy Ajitesh,Nidhish S Rajagopal,Daryl Sunder Ferrario,1,1,0,run,0,,,108/2
1379623,2,10,5,Nidhish S Rajagopal,Guruswamy Ajitesh,Daryl Sunder Ferrario,1,0,1,wide,0,,,109/2
1379623,2,10,6,Nidhish S Rajagopal,Guruswamy Ajitesh,Daryl Sunder Ferrario,0,0,0,no run,0,,,109/2
1379623,2,10,7,Nidhish S Rajagopal,Guruswamy Ajitesh,Daryl Sunder Ferrario,4,4,0,four,0,,,113/2
1379623,2,11,1,Guruswamy Ajitesh,Nidhish S Rajagopal,S Boopalan,1,1,0,run,0,,,114/2
1379623,2,11,2,Nidhish S Rajagopal,Guruswamy Ajitesh,S Boopalan,3,3,0,run,0,,,117/2
1379623,2,11,3,Guruswamy Ajitesh,Nidhish S Rajagopal,S Boopalan,4,4,0,four,0,,,121/2
1379623,2,11,4,Guruswamy Ajitesh,Nidhish S Rajagopal,S Boopalan,1,1,0,run,0,,,122/2
1379623,2,11,5,Nidhish S Rajagopal,Guruswamy Ajitesh,S Boopalan,4,4,0,four,0,,,126/2
1379623,2,11,6,Nidhish S Rajagopal,Guruswamy Ajitesh,S Boopalan,1,1,0,run,0,,,127/2
1379623,2,12,1,Nidhish S Rajagopal,Guruswamy Ajitesh,K Easwaran,1,1,0,run,0,,,128/2
1379623,2,12,2,Guruswamy Ajitesh,Nidhish S Rajagopal,K Easwaran,0,0,0,no run,0,,,128/2
1379623,2,12,3,Guruswamy Ajitesh,Nidhish S Rajagopal,K Easwaran,1,1,0,run,0,,,129/2
1379623,2,12,4,Nidhish S Rajagopal,Guruswamy Ajitesh,K Easwaran,0,0,0,no run,0,,,129/2
1379623,2,12,5,Nidhish S Rajagopal,Guruswamy Ajitesh,K Easwaran,6,6,0,six,0,,,135/2
1379624,1,1,1,S Sujay,Jayaraman Suresh Kumar,P Saravana Kumar,1,1,0,run,0,,,1/0
1379624,1,1,2,Jayaraman Suresh Kumar,S Sujay,P Saravana Kumar,1,1,0,run,0,,,2/0
1379624,1,1,3,S Sujay,Jayaraman Suresh Kumar,P Saravana Kumar,1,0,1,wide,0,,,3/0
1379624,1,1,4,S Sujay,Jayaraman Suresh Kumar,P Saravana Kumar,1,0,1,wide,0,,,4/0
1379624,1,1,5,S Sujay,Jayaraman Suresh Kumar,P Saravana Kumar,0,0,0,no run,0,,,4/0
1379624,1,1,6,S Sujay,Jayaraman Suresh Kumar,P Saravana Kumar,1,0,1,wide,0,,,5/0
1379624,1,1,7,S Sujay,Jayaraman Suresh Kumar,P Saravana Kumar,0,0,0,no run,0,,,5/0
1379624,1,1,8,S Sujay,Jayaraman Suresh Kumar,P Saravana Kumar,1,0,1,wide,0,,,6/0
1379624,1,1,9,S Sujay,Jayaraman Suresh Kumar,P Saravana Kumar,1,1,0,run,0,,,7/0
1379624,1,1,10,Jayaraman Suresh Kumar,S Sujay,P Saravana Kumar,0,0,0,no run,0,,,7/0
1379624,1,2,1,S Sujay,Jayaraman Suresh Kumar,Subodh Bhati,2,2,0,run,0,,,9/0
1379624,1,2,2,S Sujay,Jayaraman Suresh Kumar,Subodh Bhati,0,0,0,no run,0,,,9/0
1379624,1,2,3,S Sujay,Jayaraman Suresh Kumar,Subodh Bhati,4,4,0,four,0,,,13/0
1379624,1,2,4,S Sujay,Jayaraman Suresh Kumar,Subodh Bhati,0,0,0,no run,0,,,13/0
1379624,1,2,5,S Sujay,Jayaraman Suresh Kumar,Subodh Bhati,1,1,0,run,0,,,14/0
1379624,1,2,6,Jayaraman Suresh Kumar,S Sujay,Subodh Bhati,6,6,0,six,0,,,20/0
1379624,1,3,1,S Sujay,Jayaraman Suresh Kumar,P Saravana Kumar,1,0,1,leg bye,0,,,21/0
1379624,1,3,2,Jayaraman Suresh Kumar,S Sujay,P Saravana Kumar,6,6,0,six,0,,,27/0
1379624,1,3,3,Jayaraman Suresh Kumar,S Sujay,P Saravana Kumar,0,0,0,no run,0,,,27/0
1379624,1,3,4,Jayaraman Suresh Kumar,S Sujay,P Saravana Kumar,1,1,0,run,0,,,28/0
1379624,1,3,5,S Sujay,Jayaraman Suresh Kumar,P Saravana Kumar,1,1,0,run,0,,,29/0
1379624,1,3,6,Jayaraman Suresh Kumar,S Sujay,P Saravana Kumar,6,6,0,six,0,,,35/0
1379624,1,4,1,S Sujay,Jayaraman Suresh Kumar,Raju Aushik Srinivas,1,1,0,run,0,,,36/0
1379624,1,4,2,Jayaraman Suresh Kumar,S Sujay,Raju Aushik Srinivas,0,0,0,no run,0,,,36/0
1379624,1,4,3,Jayaraman Suresh Kumar,S Sujay,Raju Aushik Srinivas,1,1,0,run,0,,,37/0
1379624,1,4,4,S Sujay,Jayaraman Suresh Kumar,Raju Aushik Srinivas,0,0,0,no run,0,,,37/0
1379624,1,4,5,S Sujay,Jayaraman Suresh Kumar,Raju Aushik Srinivas,1,1,0,run,0,,,38/0
1379624,1,4,6,Jayaraman Suresh Kumar,S Sujay,Raju Aushik Srinivas,1,1,0,run,0,,,39/0
1379624,1,5,1,Jayaraman Suresh Kumar,S Sujay,Varun Chakravarthy Vinod,4,4,0,four,0,,,43/0
1379624,1,5,2,Jayaraman Suresh Kumar,S Sujay,Varun Chakravarthy Vinod,0,0,0,out,1,bowled,Jayaraman Suresh Kumar,43/1
1379624,1,5,3,Balasubramaniam Sachin,S Sujay,Varun Chakravarthy Vinod,0,0,0,no run,0,,,43/1
1379624,1,5,4,Balasubramaniam Sachin,S Sujay,Varun Chakravarthy Vinod,0,0,0,no run,0,,,43/1
1379624,1,5,5,Balasubramaniam Sachin,S Sujay,Varun Chakravarthy Vinod,1,1,0,run,0,,,44/1
1379624,1,5,6,S Sujay,Balasubramaniam Sachin,Varun Chakravarthy Vinod,0,0,0,no run,0,,,44/1
1379624,1,6,1,Balasubramaniam Sachin,S Sujay,G Kishoor,4,4,0,four,0,,,48/1
1379624,1,6,2,Balasubramaniam Sachin,S Sujay,G Kishoor,4,4,0,four,0,,,52/1
1379624,1,6,3,Balasubramaniam Sachin,S Sujay,G Kishoor,4,4,0,four,0,,,56/1
1379624,1,6,4,Balasubramaniam Sachin,S Sujay,G Kishoor,0,0,0,no run,0,,,56/1
1379624,1,6,5,Balasubramaniam Sachin,S Sujay,G Kishoor,1,1,0,run,0,,,57/1
1379624,1,6,6,S Sujay,Balasubramaniam Sachin,G Kishoor,0,0,0,out,1,caught,S Sujay,57/2
1379624,1,7,1,Balasubramaniam Sachin,U Mukilesh,M Mathivannan,0,0,0,no run,0,,,57/2
1379624,1,7,2,Balasubramaniam Sachin,U Mukilesh,M Mathivannan,0,0,0,no run,0,,,57/2
1379624,1,7,3,Balasubramaniam Sachin,U Mukilesh,M Mathivannan,0,0,0,no run,0,,,57/2
1379624,1,7,4,Balasubramaniam Sachin,U Mukilesh,M Mathivannan,1,1,0,run,0,,,58/2
1379624,1,7,5,U Mukilesh,Balasubramaniam Sachin,M Mathivannan,1,1,0,run,0,,,59/2
1379624,1,7,6,Balasubramaniam Sachin,U Mukilesh,M Mathivannan,1,1,0,run,0,,,60/2
1379624,1,8,1,Balasubramaniam Sachin,U Mukilesh,G Kishoor,0,0,0,no run,0,,,60/2
1379624,1,8,2,Balasubramaniam Sachin,U Mukilesh,G Kishoor,1,1,0,run,0,,,61/2
1379624,1,8,3,U Mukilesh,Balasubramaniam Sachin,G Kishoor,1,0,1,leg bye,0,,,62/2
1379624,1,8,4,Balasubramaniam Sachin,U Mukilesh,G Kishoor,1,1,0,run,0,,,63/2
1379624,1,8,5,U Mukilesh,Balasubramaniam Sachin,G Kishoor,2,2,0,run,0,,,65/2
1379624,1,8,6,U Mukilesh,Balasubramaniam Sachin,G Kishoor,0,0,0,no run,0,,,65/2
1379624,1,9,1,Balasubramaniam Sachin,U Mukilesh,M Mathivannan,2,2,0,run,0,,,67/2
1379624,1,9,2,Balasubramaniam Sachin,U Mukilesh,M Mathivannan,1,1,0,run,0,,,68/2
1379624,1,9,3,U Mukilesh,Balasubramaniam Sachin,M Mathivannan,1,1,0,run,0,,,69/2
1379624,1,9,4,Balasubramaniam Sachin,U Mukilesh,M Mathivannan,4,4,0,four,0,,,73/2
1379624,1,9,5,Balasubramaniam Sachin,U Mukilesh,M Mathivannan,1,1,0,run,0,,,74/2
1379624,1,9,6,U Mukilesh,Balasubramaniam Sachin,M Mathivannan,4,4,0,four,0,,,78/2
1379624,1,10,1,Balasubramaniam Sachin,U Mukilesh,Raju Aushik Srinivas,2,2,0,run,0,,,80/2
1379624,1,10,2,Balasubramaniam Sachin,U Mukilesh,Raju Aushik Srinivas,1,1,0,run,0,,,81/2
1379624,1,10,3,U Mukilesh,Balasubramaniam Sachin,Raju Aushik Srinivas,0,0,0,no run,0,,,81/2
1379624,1,10,4,U Mukilesh,Balasubramaniam Sachin,Raju Aushik Srinivas,2,2,0,run,0,,,83/2
1379624,1,10,5,U Mukilesh,Balasubramaniam Sachin,Raju Aushik Srinivas,1,1,0,run,0,,,84/2
1379624,1,10,6,Balasubramaniam Sachin,U Mukilesh,Raju Aushik Srinivas,1,1,0,run,0,,,85/2
1379624,1,11,1,Balasubramaniam Sachin,U Mukilesh,Varun Chakravarthy Vinod,1,1,0,run,0,,,86/2
1379624,1,11,2,U Mukilesh,Balasubramaniam Sachin,Varun Chakravarthy Vinod,0,0,0,no run,0,,,86/2
1379624,1,11,3,U Mukilesh,Balasubramaniam Sachin,Varun Chakravarthy Vinod,1,1,0,run,0,,,87/2
1379624,1,11,4,Balasubramaniam Sachin,U Mukilesh,Varun Chakravarthy Vinod,1,1,0,run,0,,,88/2
1379624,1,11,5,U Mukilesh,Balasubramaniam Sachin,Varun Chakravarthy Vinod,1,1,0,run,0,,,89/2
1379624,1,11,6,Balasubramaniam Sachin,U Mukilesh,Varun Chakravarthy Vinod,1,1,0,run,0,,,90/2
1379624,1,12,1,Balasubramaniam Sachin,U Mukilesh,Subodh Bhati,1,1,0,run,0,,,91/2
1379624,1,12,2,U Mukilesh,Balasubramaniam Sachin,Subodh Bhati,1,1,0,run,0,,,92/2
1379624,1,12,3,Balasubramaniam Sachin,U Mukilesh,Subodh Bhati,1,1,0,run,0,,,93/2
1379624,1,12,4,U Mukilesh,Balasubramaniam Sachin,Subodh Bhati,1,1,0,run,0,,,94/2
1379624,1,12,5,Balasubramaniam Sachin,U Mukilesh,Subodh Bhati,0,0,0,no run,0,,,94/2
1379624,1,12,6,Balasubramaniam Sachin,U Mukilesh,Subodh Bhati,2,2,0,run,0,,,96/2
1379624,1,13,1,U Mukilesh,Balasubramaniam Sachin,G Kishoor,1,1,0,run,0,,,97/2
1379624,1,13,2,Balasubramaniam Sachin,U Mukilesh,G Kishoor,4,4,0,four,0,,,101/2
1379624,1,13,3,Balasubramaniam Sachin,U Mukilesh,G Kishoor,6,6,0,six,0,,,107/2
1379624,1,13,4,Balasubramaniam Sachin,U Mukilesh,G Kishoor,1,1,0,run,0,,,108/2
1379624,1,13,5,U Mukilesh,Balasubramaniam Sachin,G Kishoor,1,1,0,run,0,,,109/2
1379624,1,13,6,Balasubramaniam Sachin,U Mukilesh,G Kishoor,0,0,0,no run,0,,,109/2
1379624,1,14,1,U Mukilesh,Balasubramaniam Sachin,Raju Aushik Srinivas,6,6,0,six,0,,,115/2
1379624,1,14,2,U Mukilesh,Balasubramaniam Sachin,Raju Aushik Srinivas,1,1,0,run,0,,,116/2
1379624,1,14,3,Balasubramaniam Sachin,U Mukilesh,Raju Aushik Srinivas,1,1,0,run,0,,,117/2
1379624,1,14,4,U Mukilesh,Balasubramaniam Sachin,Raju Aushik Srinivas,1,1,0,run,0,,,118/2
1379624,1,14,5,Balasubramaniam Sachin,U Mukilesh,Raju Aushik Srinivas,1,1,0,run,0,,,119/2
1379624,1,14,6,U Mukilesh,Balasubramaniam Sachin,Raju Aushik Srinivas,1,1,0,run,0,,,120/2
1379624,1,15,1,U Mukilesh,Balasubramaniam Sachin,Varun Chakravarthy Vinod,4,4,0,four,0,,,124/2
1379624,1,15,2,U Mukilesh,Balasubramaniam Sachin,Varun Chakravarthy Vinod,1,1,0,run,0,,,125/2
1379624,1,15,3,Balasubramaniam Sachin,U Mukilesh,Varun Chakravarthy Vinod,1,1,0,run,0,,,126/2
1379624,1,15,4,U Mukilesh,Balasubramaniam Sachin,Varun Chakravarthy Vinod,2,2,0,run,0,,,128/2
1379624,1,15,5,U Mukilesh,Balasubramaniam Sachin,Varun Chakravarthy Vinod,4,4,0,four,0,,,132/2
1379624,1,15,6,U Mukilesh,Balasubramaniam Sachin,Varun Chakravarthy Vinod,1,1,0,run,0,,,133/2
1379624,1,16,1,U Mukilesh,Balasubramaniam Sachin,Raju Aushik Srinivas,6,6,0,six,0,,,139/2
1379624,1,16,2,U Mukilesh,Balasubramaniam Sachin,Raju Aushik Srinivas,0,0,0,out,1,caught,U Mukilesh,139/3
1379624,1,16,3,Masood Shahrukh Khan,Balasubramaniam Sachin,Raju Aushik Srinivas,1,1,0,run,0,,,140/3
1379624,1,16,4,Balasubramaniam Sachin,Masood Shahrukh Khan,Raju Aushik Srinivas,4,4,0,four,0,,,144/3
1379624,1,16,5,Balasubramaniam Sachin,Masood Shahrukh Khan,Raju Aushik Srinivas,0,0,0,no run,0,,,144/3
1379624,1,16,6,Balasubramaniam Sachin,Masood Shahrukh Khan,Raju Aushik Srinivas,6,6,0,six,0,,,150/3
1379624,1,17,1,Masood Shahrukh Khan,Balasubramaniam Sachin,Varun Chakravarthy Vinod,1,1,0,run,0,,,151/3
1379624,1,17,2,Balasubramaniam Sachin,Masood Shahrukh Khan,Varun Chakravarthy Vinod,4,4,0,four,0,,,155/3
1379624,1,17,3,Balasubramaniam Sachin,Masood Shahrukh Khan,Varun Chakravarthy Vinod,2,2,0,run,0,,,157/3
1379624,1,17,4,Balasubramaniam Sachin,Masood Shahrukh Khan,Varun Chakravarthy Vinod,2,2,0,run,0,,,159/3
1379624,1,17,5,Balasubramaniam Sachin,Masood Shahrukh Khan,Varun Chakravarthy Vinod,4,0,4,bye,0,,,163/3
1379624,1,17,6,Balasubramaniam Sachin,Masood Shahrukh Khan,Varun Chakravarthy Vinod,1,1,0,run,0,,,164/3
1379624,1,18,1,Balasubramaniam Sachin,Masood Shahrukh Khan,Subodh Bhati,0,0,0,out,1,bowled,Balasubramaniam Sachin,164/4
1379624,1,18,2,R Ram Arvindh,Masood Shahrukh Khan,Subodh Bhati,1,1,0,run,0,,,165/4
1379624,1,18,3,Masood Shahrukh Khan,R Ram Arvindh,Subodh Bhati,0,0,0,out,1,caught,Masood Shahrukh Khan,165/5
1379624,1,18,4,Atheeq Ur Rahman,R Ram Arvindh,Subodh Bhati,4,4,0,four,0,,,169/5
1379624,1,18,5,Atheeq Ur Rahman,R Ram Arvindh,Subodh Bhati,0,0,0,no run,0,,,169/5
1379624,1,18,6,Atheeq Ur Rahman,R Ram Arvindh,Subodh Bhati,1,1,0,run,0,,,170/5
1379624,1,19,1,Atheeq Ur Rahman,R Ram Arvindh,G Kishoor,0,0,0,no run,0,,,170/5
1379624,1,19,2,Atheeq Ur Rahman,R Ram Arvindh,G Kishoor,4,4,0,four,0,,,174/5
1379624,1,19,3,Atheeq Ur Rahman,R Ram Arvindh,G Kishoor,1,1,0,run,0,,,175/5
1379624,1,19,4,R Ram Arvindh,Atheeq Ur Rahman,G Kishoor,1,1,0,run,0,,,176/5
1379624,1,19,5,Atheeq Ur Rahman,R Ram Arvindh,G Kishoor,4,4,0,four,0,,,180/5
1379624,1,19,6,Atheeq Ur Rahman,R Ram Arvindh,G Kishoor,1,1,0,run,0,,,181/5
1379624,1,20,1,Atheeq Ur Rahman,R Ram Arvindh,Subodh Bhati,5,0,5,wide,0,,,186/5
1379624,1,20,2,Atheeq Ur Rahman,R Ram Arvindh,Subodh Bhati,4,4,0,four,0,,,190/5
1379624,1,20,3,Atheeq Ur Rahman,R Ram Arvindh,Subodh Bhati,0,0,0,out,1,bowled,Atheeq Ur Rahman,190/6
1379624,1,20,4,M Mohammed,R Ram Arvindh,Subodh Bhati,1,1,0,run,0,,,191/6
1379624,1,20,5,R Ram Arvindh,M Mohammed,Subodh Bhati,0,0,0,out,1,bowled,R Ram Arvindh,191/7
1379624,1,20,6,Manimaran Siddharth,M Mohammed,Subodh Bhati,1,1,0,run,0,,,192/7
1379624,1,20,7,M Mohammed,Manimaran Siddharth,Subodh Bhati,1,1,0,run,0,,,193/7
1379624,2,1,1,R Vimal Khumar,Shivam Singh,K Gowtham Thamarai Kannan,1,0,1,wide,0,,,1/0
1379624,2,1,2,R Vimal Khumar,Shivam Singh,K Gowtham Thamarai Kannan,1,0,1,wide,0,,,2/0
1379624,2,1,3,R Vimal Khumar,Shivam Singh,K Gowtham Thamarai Kannan,1,1,0,run,0,,,3/0
1379624,2,1,4,Shivam Singh,R Vimal Khumar,K Gowtham Thamarai Kannan,1,1,0,run,0,,,4/0
1379624,2,1,5,R Vimal Khumar,Shivam Singh,K Gowtham Thamarai Kannan,0,0,0,no run,0,,,4/0
1379624,2,1,6,R Vimal Khumar,Shivam Singh,K Gowtham Thamarai Kannan,0,0,0,no run,0,,,4/0
1379624,2,1,7,R Vimal Khumar,Shivam Singh,K Gowtham Thamarai Kannan,0,0,0,out,1,caught,R Vimal Khumar,4/1
1379624,2,1,8,Boopathi Vaishna Kumar,Shivam Singh,K Gowtham Thamarai Kannan,6,6,0,six,0,,,10/1
1379624,2,2,1,Shivam Singh,Boopathi Vaishna Kumar,Manimaran Siddharth,1,1,0,run,0,,,11/1
1379624,2,2,2,Boopathi Vaishna Kumar,Shivam Singh,Manimaran Siddharth,1,0,1,wide,0,,,12/1
1379624,2,2,3,Boopathi Vaishna Kumar,Shivam Singh,Manimaran Siddharth,0,0,0,no run,0,,,12/1
1379624,2,2,4,Boopathi Vaishna Kumar,Shivam Singh,Manimaran Siddharth,1,1,0,run,0,,,13/1
1379624,2,2,5,Shivam Singh,Boopathi Vaishna Kumar,Manimaran Siddharth,0,0,0,no run,0,,,13/1
1379624,2,2,6,Shivam Singh,Boopathi Vaishna Kumar,Manimaran Siddharth,1,1,0,run,0,,,14/1
1379624,2,2,7,Boopathi Vaishna Kumar,Shivam Singh,Manimaran Siddharth,1,1,0,run,0,,,15/1
1379624,2,3,1,Boopathi Vaishna Kumar,Shivam Singh,K Gowtham Thamarai Kannan,2,2,0,run,0,,,17/1
1379624,2,3,2,Boopathi Vaishna Kumar,Shivam Singh,K Gowtham Thamarai Kannan,0,0,0,no run,0,,,17/1
1379624,2,3,3,Boopathi Vaishna Kumar,Shivam Singh,K Gowtham Thamarai Kannan,1,0,1,no ball,0,,,18/1
1379624,2,3,4,Boopathi Vaishna Kumar,Shivam Singh,K Gowtham Thamarai Kannan,0,0,0,no run,0,,,18/1
1379624,2,3,5,Boopathi Vaishna Kumar,Shivam Singh,K Gowtham Thamarai Kannan,4,4,0,four,0,,,22/1
1379624,2,3,6,Boopathi Vaishna Kumar,Shivam Singh,K Gowtham Thamarai Kannan,0,0,0,no run,0,,,22/1
1379624,2,3,7,Boopathi Vaishna Kumar,Shivam Singh,K Gowtham Thamarai Kannan,4,4,0,four,0,,,26/1
1379624,2,4,1,Shivam Singh,Boopathi Vaishna Kumar,Manimaran Siddharth,0,0,0,no run,0,,,26/1
1379624,2,4,2,Shivam Singh,Boopathi Vaishna Kumar,Manimaran Siddharth,1,1,0,run,0,,,27/1
1379624,2,4,3,Boopathi Vaishna Kumar,Shivam Singh,Manimaran Siddharth,1,1,0,run,0,,,28/1
1379624,2,4,4,Shivam Singh,Boopathi Vaishna Kumar,Manimaran Siddharth,0,0,0,no run,0,,,28/1
1379624,2,4,5,Shivam Singh,Boopathi Vaishna Kumar,Manimaran Siddharth,0,0,0,no run,0,,,28/1
1379624,2,4,6,Shivam Singh,Boopathi Vaishna Kumar,Manimaran Siddharth,0,0,0,no run,0,,,28/1
1379624,2,5,1,Boopathi Vaishna Kumar,Shivam Singh,M Mohammed,0,0,0,no run,0,,,28/1
1379624,2,5,2,Boopathi Vaishna Kumar,Shivam Singh,M Mohammed,0,0,0,no run,0,,,28/1
1379624,2,5,3,Boopathi Vaishna Kumar,Shivam Singh,M Mohammed,1,1,0,run,0,,,29/1
1379624,2,5,4,Shivam Singh,Boopathi Vaishna Kumar,M Mohammed,0,0,0,no run,0,,,29/1
1379624,2,5,5,Shivam Singh,Boopathi Vaishna Kumar,M Mohammed,0,0,0,no run,0,,,29/1
1379624,2,5,6,Shivam Singh,Boopathi Vaishna Kumar,M Mohammed,6,6,0,six,0,,,35/1
1379624,2,6,1,Boopathi Vaishna Kumar,Shivam Singh,Masood Shahrukh Khan,1,1,0,run,0,,,36/1
1379624,2,6,2,Shivam Singh,Boopathi Vaishna Kumar,Masood Shahrukh Khan,0,0,0,no run,0,,,36/1
1379624,2,6,3,Shivam Singh,Boopathi Vaishna Kumar,Masood Shahrukh Khan,0,0,0,out,1,caught,Shivam Singh,36/2
1379624,2,6,4,Baba Indrajith,Boopathi Vaishna Kumar,Masood Shahrukh Khan,1,1,0,run,0,,,37/2
1379624,2,6,5,Boopathi Vaishna Kumar,Baba Indrajith,Masood Shahrukh Khan,0,0,0,no run,0,,,37/2
1379624,2,6,6,Boopathi Vaishna Kumar,Baba Indrajith,Masood Shahrukh Khan,4,4,0,four,0,,,41/2
1379624,2,7,1,Baba Indrajith,Boopathi Vaishna Kumar,Jhathavedh Subramanyan,1,0,1,wide,0,,,42/2
1379624,2,7,2,Baba Indrajith,Boopathi Vaishna Kumar,Jhathavedh Subramanyan,0,0,0,no run,0,,,42/2
1379624,2,7,3,Baba Indrajith,Boopathi Vaishna Kumar,Jhathavedh Subramanyan,1,1,0,run,0,,,43/2
1379624,2,7,4,Boopathi Vaishna Kumar,Baba Indrajith,Jhathavedh Subramanyan,0,0,0,out,1,stumped,Boopathi Vaishna Kumar,43/3
1379624,2,7,5,Adithya Ganesh,Baba Indrajith,Jhathavedh Subramanyan,0,0,0,no run,0,,,43/3
1379624,2,7,6,Adithya Ganesh,Baba Indrajith,Jhathavedh Subramanyan,1,1,0,run,0,,,44/3
1379624,2,7,7,Baba Indrajith,Adithya Ganesh,Jhathavedh Subramanyan,0,0,0,no run,0,,,44/3
1379624,2,8,1,Adithya Ganesh,Baba Indrajith,Masood Shahrukh Khan,1,1,0,run,0,,,45/3
1379624,2,8,2,Baba Indrajith,Adithya Ganesh,Masood Shahrukh Khan,1,1,0,run,0,,,46/3
1379624,2,8,3,Adithya Ganesh,Baba Indrajith,Masood Shahrukh Khan,0,0,0,no run,0,,,46/3
1379624,2,8,4,Adithya Ganesh,Baba Indrajith,Masood Shahrukh Khan,1,1,0,run,0,,,47/3
1379624,2,8,5,Baba Indrajith,Adithya Ganesh,Masood Shahrukh Khan,1,1,0,run,0,,,48/3
1379624,2,8,6,Adithya Ganesh,Baba Indrajith,Masood Shahrukh Khan,0,0,0,no run,0,,,48/3
1379624,2,9,1,Baba Indrajith,Adithya Ganesh,Jhathavedh Subramanyan,1,1,0,run,0,,,49/3
1379624,2,9,2,Adithya Ganesh,Baba Indrajith,Jhathavedh Subramanyan,1,1,0,run,0,,,50/3
1379624,2,9,3,Baba Indrajith,Adithya Ganesh,Jhathavedh Subramanyan,4,4,0,four,0,,,54/3
1379624,2,9,4,Baba Indrajith,Adithya Ganesh,Jhathavedh Subramanyan,0,0,0,no run,0,,,54/3
1379624,2,9,5,Baba Indrajith,Adithya Ganesh,Jhathavedh Subramanyan,1,1,0,run,0,,,55/3
1379624,2,9,6,Adithya Ganesh,Baba Indrajith,Jhathavedh Subramanyan,1,1,0,run,0,,,56/3
1379624,2,10,1,Adithya Ganesh,Baba Indrajith,M Mohammed,0,0,0,out,1,caught,Adithya Ganesh,56/4
1379624,2,10,2,G Kishoor,Baba Indrajith,M Mohammed,0,0,0,no run,0,,,56/4
1379624,2,10,3,G Kishoor,Baba Indrajith,M Mohammed,2,2,0,run,0,,,58/4
1379624,2,10,4,G Kishoor,Baba Indrajith,M Mohammed,0,0,0,no run,0,,,58/4
1379624,2,10,5,G Kishoor,Baba Indrajith,M Mohammed,0,0,0,out,1,caught,G Kishoor,58/5
1379624,2,10,6,Subodh Bhati,Baba Indrajith,M Mohammed,0,0,0,no run,0,,,58/5
1379624,2,11,1,Baba Indrajith,Subodh Bhati,Manimaran Siddharth,1,1,0,run,0,,,59/5
1379624,2,11,2,Subodh Bhati,Baba Indrajith,Manimaran Siddharth,1,1,0,run,0,,,60/5
1379624,2,11,3,Baba Indrajith,Subodh Bhati,Manimaran Siddharth,1,1,0,run,0,,,61/5
1379624,2,11,4,Subodh Bhati,Baba Indrajith,Manimaran Siddharth,0,0,0,no run,0,,,61/5
1379624,2,11,5,Subodh Bhati,Baba Indrajith,Manimaran Siddharth,0,0,0,no run,0,,,61/5
1379624,2,11,6,Subodh Bhati,Baba Indrajith,Manimaran Siddharth,1,1,0,run,0,,,62/5
1379624,2,12,1,Subodh Bhati,Baba Indrajith,Valliappan Yudheeswaran,1,1,0,run,0,,,63/5
1379624,2,12,2,Baba Indrajith,Subodh Bhati,Valliappan Yudheeswaran,6,6,0,six,0,,,69/5
1379624,2,12,3,Baba Indrajith,Subodh Bhati,Valliappan Yudheeswaran,0,0,0,no run,0,,,69/5
1379624,2,12,4,Baba Indrajith,Subodh Bhati,Valliappan Yudheeswaran,1,1,0,run,0,,,70/5
1379624,2,12,5,Subodh Bhati,Baba Indrajith,Valliappan Yudheeswaran,0,0,0,no run,0,,,70/5
1379624,2,12,6,Subodh Bhati,Baba Indrajith,Valliappan Yudheeswaran,0,0,0,no run,0,,,70/5
1379624,2,13,1,Baba Indrajith,Subodh Bhati,K Gowtham Thamarai Kannan,2,2,0,run,0,,,72/5
1379624,2,13,2,Baba Indrajith,Subodh Bhati,K Gowtham Thamarai Kannan,0,0,0,out,1,caught,Baba Indrajith,72/6
1379624,2,13,3,C Sarath Kumar,Subodh Bhati,K Gowtham Thamarai Kannan,1,1,0,run,0,,,73/6
1379624,2,13,4,Subodh Bhati,C Sarath Kumar,K Gowtham Thamarai Kannan,1,1,0,run,0,,,74/6
1379624,2,13,5,C Sarath Kumar,Subodh Bhati,K Gowtham Thamarai Kannan,1,1,0,run,0,,,75/6
1379624,2,13,6,Subodh Bhati,C Sarath Kumar,K Gowtham Thamarai Kannan,0,0,0,no run,0,,,75/6
1379624,2,14,1,C Sarath Kumar,Subodh Bhati,Jhathavedh Subramanyan,6,6,0,six,0,,,81/6
1379624,2,14,2,C Sarath Kumar,Subodh Bhati,Jhathavedh Subramanyan,6,6,0,six,0,,,87/6
1379624,2,14,3,C Sarath Kumar,Subodh Bhati,Jhathavedh Subramanyan,0,0,0,no run,0,,,87/6
1379624,2,14,4,C Sarath Kumar,Subodh Bhati,Jhathavedh Subramanyan,1,1,0,run,0,,,88/6
1379624,2,14,5,Subodh Bhati,C Sarath Kumar,Jhathavedh Subramanyan,6,6,0,six,0,,,94/6
1379624,2,14,6,Subodh Bhati,C Sarath Kumar,Jhathavedh Subramanyan,2,2,0,run,0,,,96/6
1379624,2,15,1,C Sarath Kumar,Subodh Bhati,Manimaran Siddharth,0,0,0,no run,0,,,96/6
1379624,2,15,2,C Sarath Kumar,Subodh Bhati,Manimaran Siddharth,6,6,0,six,0,,,102/6
1379624,2,15,3,C Sarath Kumar,Subodh Bhati,Manimaran Siddharth,6,6,0,six,0,,,108/6
1379624,2,15,4,C Sarath Kumar,Subodh Bhati,Manimaran Siddharth,1,1,0,run,0,,,109/6
1379624,2,15,5,Subodh Bhati,C Sarath Kumar,Manimaran Siddharth,2,2,0,run,0,,,111/6
1379624,2,15,6,Subodh Bhati,C Sarath Kumar,Manimaran Siddharth,0,0,0,no run,0,,,111/6
1379624,2,16,1,C Sarath Kumar,Subodh Bhati,M Mohammed,2,2,0,run,0,,,113/6
1379624,2,16,2,C Sarath Kumar,Subodh Bhati,M Mohammed,1,1,0,run,0,,,114/6
1379624,2,16,3,Subodh Bhati,C Sarath Kumar,M Mohammed,0,0,0,out,1,bowled,Subodh Bhati,114/7
1379624,2,16,4,M Mathivannan,C Sarath Kumar,M Mohammed,0,0,0,no run,0,,,114/7
1379624,2,16,5,M Mathivannan,C Sarath Kumar,M Mohammed,1,0,1,bye,0,,,115/7
1379624,2,16,6,C Sarath Kumar,M Mathivannan,M Mohammed,4,4,0,four,0,,,119/7
1379624,2,17,1,M Mathivannan,C Sarath Kumar,Masood Shahrukh Khan,0,0,0,no run,0,,,119/7
1379624,2,17,2,M Mathivannan,C Sarath Kumar,Masood Shahrukh Khan,6,6,0,six,0,,,125/7
1379624,2,17,3,M Mathivannan,C Sarath Kumar,Masood Shahrukh Khan,1,0,1,leg bye,0,,,126/7
1379624,2,17,4,C Sarath Kumar,M Mathivannan,Masood Shahrukh Khan,6,6,0,six,0,,,132/7
1379624,2,17,5,C Sarath Kumar,M Mathivannan,Masood Shahrukh Khan,6,6,0,six,0,,,138/7
1379624,2,17,6,C Sarath Kumar,M Mathivannan,Masood Shahrukh Khan,1,0,1,leg bye,0,,,139/7
1379624,2,18,1,C Sarath Kumar,M Mathivannan,M Mohammed,2,2,0,run,0,,,141/7
1379624,2,18,2,C Sarath Kumar,M Mathivannan,M Mohammed,6,6,0,six,0,,,147/7
1379624,2,18,3,C Sarath Kumar,M Mathivannan,M Mohammed,0,0,0,no run,0,,,147/7
1379624,2,18,4,C Sarath Kumar,M Mathivannan,M Mohammed,1,1,0,run,0,,,148/7
1379624,2,18,5,M Mathivannan,C Sarath Kumar,M Mohammed,0,0,0,no run,0,,,148/7
1379624,2,18,6,M Mathivannan,C Sarath Kumar,M Mohammed,1,1,0,run,0,,,149/7
1379624,2,19,1,M Mathivannan,C Sarath Kumar,K Gowtham Thamarai Kannan,1,1,0,run,0,,,150/7
1379624,2,19,2,C Sarath Kumar,M Mathivannan,K Gowtham Thamarai Kannan,0,0,0,no run,0,,,150/7
1379624,2,19,3,C Sarath Kumar,M Mathivannan,K Gowtham Thamarai Kannan,0,0,0,no run,0,,,150/7
1379624,2,19,4,C Sarath Kumar,M Mathivannan,K Gowtham Thamarai Kannan,0,0,0,no run,0,,,150/7
1379624,2,19,5,C Sarath Kumar,M Mathivannan,K Gowtham Thamarai Kannan,0,0,0,no run,0,,,150/7
1379624,2,19,6,C Sarath Kumar,M Mathivannan,K Gowtham Thamarai Kannan,6,6,0,six,0,,,156/7
1379624,2,20,1,M Mathivannan,C Sarath Kumar,Valliappan Yudheeswaran,1,1,0,run,0,,,157/7
1379624,2,20,2,C Sarath Kumar,M Mathivannan,Valliappan Yudheeswaran,0,0,0,out,1,leg before wicket,C Sarath Kumar,157/8
1379624,2,20,3,P Saravana Kumar,M Mathivannan,Valliappan Yudheeswaran,0,0,0,no run,0,,,157/8
1379624,2,20,4,P Saravana Kumar,M Mathivannan,Valliappan Yudheeswaran,2,2,0,run,0,,,159/8
1379624,2,20,5,P Saravana Kumar,M Mathivannan,Valliappan Yudheeswaran,0,0,0,out,1,caught,P Saravana Kumar,159/9
1379624,2,20,6,Varun Chakravarthy Vinod,M Mathivannan,Valliappan Yudheeswaran,4,4,0,four,0,,,163/9
1379625,1,1,1,Konda Bhaskir Arun Karthik,Laxmesha Suryaprakash,Gurjapneet Singh,4,4,0,four,0,,,4/0
1379625,1,1,2,Konda Bhaskir Arun Karthik,Laxmesha Suryaprakash,Gurjapneet Singh,0,0,0,no run,0,,,4/0
1379625,1,1,3,Konda Bhaskir Arun Karthik,Laxmesha Suryaprakash,Gurjapneet Singh,1,0,1,wide,0,,,5/0
1379625,1,1,4,Konda Bhaskir Arun Karthik,Laxmesha Suryaprakash,Gurjapneet Singh,0,0,0,no run,0,,,5/0
1379625,1,1,5,Konda Bhaskir Arun Karthik,Laxmesha Suryaprakash,Gurjapneet Singh,4,4,0,four,0,,,9/0
1379625,1,1,6,Konda Bhaskir Arun Karthik,Laxmesha Suryaprakash,Gurjapneet Singh,1,0,1,wide,0,,,10/0
1379625,1,1,7,Konda Bhaskir Arun Karthik,Laxmesha Suryaprakash,Gurjapneet Singh,1,1,0,run,0,,,11/0
1379625,1,1,8,Laxmesha Suryaprakash,Konda Bhaskir Arun Karthik,Gurjapneet Singh,0,0,0,out,1,caught,Laxmesha Suryaprakash,11/1
1379625,1,2,1,Konda Bhaskir Arun Karthik,Guruswamy Ajitesh,P Saravanan,1,1,0,run,0,,,12/1
1379625,1,2,2,Guruswamy Ajitesh,Konda Bhaskir Arun Karthik,P Saravanan,2,2,0,run,0,,,14/1
1379625,1,2,3,Guruswamy Ajitesh,Konda Bhaskir Arun Karthik,P Saravanan,4,4,0,four,0,,,18/1
1379625,1,2,4,Guruswamy Ajitesh,Konda Bhaskir Arun Karthik,P Saravanan,4,4,0,four,0,,,22/1
1379625,1,2,5,Guruswamy Ajitesh,Konda Bhaskir Arun Karthik,P Saravanan,0,0,0,no run,0,,,22/1
1379625,1,2,6,Guruswamy Ajitesh,Konda Bhaskir Arun Karthik,P Saravanan,1,1,0,run,0,,,23/1
1379625,1,3,1,Guruswamy Ajitesh,Konda Bhaskir Arun Karthik,Gurjapneet Singh,1,1,0,run,0,,,24/1
1379625,1,3,2,Konda Bhaskir Arun Karthik,Guruswamy Ajitesh,Gurjapneet Singh,4,4,0,four,0,,,28/1
1379625,1,3,3,Konda Bhaskir Arun Karthik,Guruswamy Ajitesh,Gurjapneet Singh,4,4,0,four,0,,,32/1
1379625,1,3,4,Konda Bhaskir Arun Karthik,Guruswamy Ajitesh,Gurjapneet Singh,0,0,0,no run,0,,,32/1
1379625,1,3,5,Konda Bhaskir Arun Karthik,Guruswamy Ajitesh,Gurjapneet Singh,0,0,0,no run,0,,,32/1
1379625,1,3,6,Konda Bhaskir Arun Karthik,Guruswamy Ajitesh,Gurjapneet Singh,0,0,0,no run,0,,,32/1
1379625,1,4,1,Guruswamy Ajitesh,Konda Bhaskir Arun Karthik,Swapnil Singh,0,0,0,no run,0,,,32/1
1379625,1,4,2,Guruswamy Ajitesh,Konda Bhaskir Arun Karthik,Swapnil Singh,1,1,0,run,0,,,33/1
1379625,1,4,3,Konda Bhaskir Arun Karthik,Guruswamy Ajitesh,Swapnil Singh,0,0,0,out,1,leg before wicket,Konda Bhaskir Arun Karthik,33/2
1379625,1,4,4,Nidhish S Rajagopal,Guruswamy Ajitesh,Swapnil Singh,1,1,0,run,0,,,34/2
1379625,1,4,5,Guruswamy Ajitesh,Nidhish S Rajagopal,Swapnil Singh,1,1,0,run,0,,,35/2
1379625,1,4,6,Nidhish S Rajagopal,Guruswamy Ajitesh,Swapnil Singh,1,1,0,run,0,,,36/2
1379625,1,5,1,Nidhish S Rajagopal,Guruswamy Ajitesh,Ajay K Krishna,0,0,0,no run,0,,,36/2
1379625,1,5,2,Nidhish S Rajagopal,Guruswamy Ajitesh,Ajay K Krishna,1,0,1,wide,0,,,37/2
1379625,1,5,3,Nidhish S Rajagopal,Guruswamy Ajitesh,Ajay K Krishna,1,1,0,run,0,,,38/2
1379625,1,5,4,Guruswamy Ajitesh,Nidhish S Rajagopal,Ajay K Krishna,4,4,0,four,0,,,42/2
1379625,1,5,5,Guruswamy Ajitesh,Nidhish S Rajagopal,Ajay K Krishna,4,4,0,four,0,,,46/2
1379625,1,5,6,Guruswamy Ajitesh,Nidhish S Rajagopal,Ajay K Krishna,4,4,0,four,0,,,50/2
1379625,1,5,7,Guruswamy Ajitesh,Nidhish S Rajagopal,Ajay K Krishna,6,6,0,six,0,,,56/2
1379625,1,6,1,Nidhish S Rajagopal,Guruswamy Ajitesh,Swapnil Singh,1,1,0,run,0,,,57/2
1379625,1,6,2,Guruswamy Ajitesh,Nidhish S Rajagopal,Swapnil Singh,4,4,0,four,0,,,61/2
1379625,1,6,3,Guruswamy Ajitesh,Nidhish S Rajagopal,Swapnil Singh,4,4,0,four,0,,,65/2
1379625,1,6,4,Guruswamy Ajitesh,Nidhish S Rajagopal,Swapnil Singh,0,0,0,no run,0,,,65/2
1379625,1,6,5,Guruswamy Ajitesh,Nidhish S Rajagopal,Swapnil Singh,1,1,0,run,0,,,66/2
1379625,1,6,6,Nidhish S Rajagopal,Guruswamy Ajitesh,Swapnil Singh,0,0,0,no run,0,,,66/2
1379625,1,7,1,Guruswamy Ajitesh,Nidhish S Rajagopal,Murugan Ashwin,1,1,0,run,0,,,67/2
1379625,1,7,2,Nidhish S Rajagopal,Guruswamy Ajitesh,Murugan Ashwin,0,0,0,no run,0,,,67/2
1379625,1,7,3,Nidhish S Rajagopal,Guruswamy Ajitesh,Murugan Ashwin,0,0,0,no run,0,,,67/2
1379625,1,7,4,Nidhish S Rajagopal,Guruswamy Ajitesh,Murugan Ashwin,1,1,0,run,0,,,68/2
1379625,1,7,5,Guruswamy Ajitesh,Nidhish S Rajagopal,Murugan Ashwin,0,0,0,no run,0,,,68/2
1379625,1,7,6,Guruswamy Ajitesh,Nidhish S Rajagopal,Murugan Ashwin,1,1,0,run,0,,,69/2
1379625,1,8,1,Guruswamy Ajitesh,Nidhish S Rajagopal,P Saravanan,1,0,1,leg bye,0,,,70/2
1379625,1,8,2,Nidhish S Rajagopal,Guruswamy Ajitesh,P Saravanan,1,1,0,run,0,,,71/2
1379625,1,8,3,Guruswamy Ajitesh,Nidhish S Rajagopal,P Saravanan,1,1,0,run,0,,,72/2
1379625,1,8,4,Nidhish S Rajagopal,Guruswamy Ajitesh,P Saravanan,1,1,0,run,0,,,73/2
1379625,1,8,5,Guruswamy Ajitesh,Nidhish S Rajagopal,P Saravanan,2,2,0,run,0,,,75/2
1379625,1,8,6,Guruswamy Ajitesh,Nidhish S Rajagopal,P Saravanan,0,0,0,no run,0,,,75/2
1379625,1,9,1,Nidhish S Rajagopal,Guruswamy Ajitesh,Murugan Ashwin,0,0,0,no run,0,,,75/2
1379625,1,9,2,Nidhish S Rajagopal,Guruswamy Ajitesh,Murugan Ashwin,1,1,0,run,0,,,76/2
1379625,1,9,3,Guruswamy Ajitesh,Nidhish S Rajagopal,Murugan Ashwin,1,1,0,run,0,,,77/2
1379625,1,9,4,Nidhish S Rajagopal,Guruswamy Ajitesh,Murugan Ashwin,1,1,0,run,0,,,78/2
1379625,1,9,5,Guruswamy Ajitesh,Nidhish S Rajagopal,Murugan Ashwin,1,1,0,run,0,,,79/2
1379625,1,9,6,Nidhish S Rajagopal,Guruswamy Ajitesh,Murugan Ashwin,1,1,0,run,0,,,80/2
1379625,1,10,1,Nidhish S Rajagopal,Guruswamy Ajitesh,P Saravanan,1,1,0,run,0,,,81/2
1379625,1,10,2,Guruswamy Ajitesh,Nidhish S Rajagopal,P Saravanan,1,1,0,run,0,,,82/2
1379625,1,10,3,Nidhish S Rajagopal,Guruswamy Ajitesh,P Saravanan,0,0,0,no run,0,,,82/2
1379625,1,10,4,Nidhish S Rajagopal,Guruswamy Ajitesh,P Saravanan,1,1,0,run,0,,,83/2
1379625,1,10,5,Guruswamy Ajitesh,Nidhish S Rajagopal,P Saravanan,0,0,0,no run,0,,,83/2
1379625,1,10,6,Guruswamy Ajitesh,Nidhish S Rajagopal,P Saravanan,1,1,0,run,0,,,84/2
1379625,1,11,1,Guruswamy Ajitesh,Nidhish S Rajagopal,Murugan Ashwin,0,0,0,out,1,caught,Guruswamy Ajitesh,84/3
1379625,1,11,2,Ramsingh Sonu Yadav,Nidhish S Rajagopal,Murugan Ashwin,1,1,0,run,0,,,85/3
1379625,1,11,3,Nidhish S Rajagopal,Ramsingh Sonu Yadav,Murugan Ashwin,1,1,0,run,0,,,86/3
1379625,1,11,4,Ramsingh Sonu Yadav,Nidhish S Rajagopal,Murugan Ashwin,0,0,0,no run,0,,,86/3
1379625,1,11,5,Ramsingh Sonu Yadav,Nidhish S Rajagopal,Murugan Ashwin,1,1,0,run,0,,,87/3
1379625,1,11,6,Nidhish S Rajagopal,Ramsingh Sonu Yadav,Murugan Ashwin,1,1,0,run,0,,,88/3
1379625,1,12,1,Nidhish S Rajagopal,Ramsingh Sonu Yadav,Ajay K Krishna,6,6,0,six,0,,,94/3
1379625,1,12,2,Nidhish S Rajagopal,Ramsingh Sonu Yadav,Ajay K Krishna,6,6,0,six,0,,,100/3
1379625,1,12,3,Nidhish S Rajagopal,Ramsingh Sonu Yadav,Ajay K Krishna,1,0,1,leg bye,0,,,101/3
1379625,1,12,4,Ramsingh Sonu Yadav,Nidhish S Rajagopal,Ajay K Krishna,2,2,0,run,0,,,103/3
1379625,1,12,5,Ramsingh Sonu Yadav,Nidhish S Rajagopal,Ajay K Krishna,1,1,0,run,0,,,104/3
1379625,1,12,6,Nidhish S Rajagopal,Ramsingh Sonu Yadav,Ajay K Krishna,1,1,0,run,0,,,105/3
1379625,1,13,1,Nidhish S Rajagopal,Ramsingh Sonu Yadav,Swapnil Singh,1,0,1,wide,0,,,106/3
1379625,1,13,2,Nidhish S Rajagopal,Ramsingh Sonu Yadav,Swapnil Singh,1,1,0,run,0,,,107/3
1379625,1,13,3,Ramsingh Sonu Yadav,Nidhish S Rajagopal,Swapnil Singh,6,6,0,six,0,,,113/3
1379625,1,13,4,Ramsingh Sonu Yadav,Nidhish S Rajagopal,Swapnil Singh,1,1,0,run,0,,,114/3
1379625,1,13,5,Nidhish S Rajagopal,Ramsingh Sonu Yadav,Swapnil Singh,0,0,0,no run,0,,,114/3
1379625,1,13,6,Nidhish S Rajagopal,Ramsingh Sonu Yadav,Swapnil Singh,2,2,0,run,0,,,116/3
1379625,1,13,7,Nidhish S Rajagopal,Ramsingh Sonu Yadav,Swapnil Singh,1,0,1,wide,0,,,117/3
1379625,1,13,8,Nidhish S Rajagopal,Ramsingh Sonu Yadav,Swapnil Singh,4,4,0,four,0,,,121/3
1379625,1,14,1,Ramsingh Sonu Yadav,Nidhish S Rajagopal,Jagatheesan Kousik,1,1,0,run,0,,,122/3
1379625,1,14,2,Nidhish S Rajagopal,Ramsingh Sonu Yadav,Jagatheesan Kousik,1,0,1,wide,0,,,123/3
1379625,1,14,3,Nidhish S Rajagopal,Ramsingh Sonu Yadav,Jagatheesan Kousik,1,0,1,wide,0,,,124/3
1379625,1,14,4,Nidhish S Rajagopal,Ramsingh Sonu Yadav,Jagatheesan Kousik,1,1,0,run,0,,,125/3
1379625,1,14,5,Ramsingh Sonu Yadav,Nidhish S Rajagopal,Jagatheesan Kousik,1,1,0,run,0,,,126/3
1379625,1,14,6,Nidhish S Rajagopal,Ramsingh Sonu Yadav,Jagatheesan Kousik,2,2,0,run,0,,,128/3
1379625,1,14,7,Nidhish S Rajagopal,Ramsingh Sonu Yadav,Jagatheesan Kousik,4,4,0,four,0,,,132/3
1379625,1,14,8,Nidhish S Rajagopal,Ramsingh Sonu Yadav,Jagatheesan Kousik,1,1,0,run,0,,,133/3
1379625,1,15,1,Nidhish S Rajagopal,Ramsingh Sonu Yadav,Murugan Ashwin,6,6,0,six,0,,,139/3
1379625,1,15,2,Nidhish S Rajagopal,Ramsingh Sonu Yadav,Murugan Ashwin,1,1,0,run,0,,,140/3
1379625,1,15,3,Ramsingh Sonu Yadav,Nidhish S Rajagopal,Murugan Ashwin,1,1,0,run,0,,,141/3
1379625,1,15,4,Nidhish S Rajagopal,Ramsingh Sonu Yadav,Murugan Ashwin,1,1,0,run,0,,,142/3
1379625,1,15,5,Ramsingh Sonu Yadav,Nidhish S Rajagopal,Murugan Ashwin,1,0,1,wide,0,,,143/3
1379625,1,15,6,Ramsingh Sonu Yadav,Nidhish S Rajagopal,Murugan Ashwin,1,1,0,run,0,,,144/3
1379625,1,15,7,Nidhish S Rajagopal,Ramsingh Sonu Yadav,Murugan Ashwin,1,1,0,run,0,,,145/3
1379625,1,16,1,Nidhish S Rajagopal,Ramsingh Sonu Yadav,Swapnil Singh,0,0,0,no run,0,,,145/3
1379625,1,16,2,Nidhish S Rajagopal,Ramsingh Sonu Yadav,Swapnil Singh,0,0,0,no run,0,,,145/3
1379625,1,16,3,Nidhish S Rajagopal,Ramsingh Sonu Yadav,Swapnil Singh,1,1,0,run,0,,,146/3
1379625,1,16,4,Ramsingh Sonu Yadav,Nidhish S Rajagopal,Swapnil Singh,1,1,0,run,0,,,147/3
1379625,1,16,5,Nidhish S Rajagopal,Ramsingh Sonu Yadav,Swapnil Singh,6,6,0,six,0,,,153/3
1379625,1,16,6,Nidhish S Rajagopal,Ramsingh Sonu Yadav,Swapnil Singh,1,1,0,run,0,,,154/3
1379625,1,17,1,Nidhish S Rajagopal,Ramsingh Sonu Yadav,P Saravanan,6,6,0,six,0,,,160/3
1379625,1,17,2,Nidhish S Rajagopal,Ramsingh Sonu Yadav,P Saravanan,1,1,0,run,0,,,161/3
1379625,1,17,3,Ramsingh Sonu Yadav,Nidhish S Rajagopal,P Saravanan,1,0,1,wide,0,,,162/3
1379625,1,17,4,Ramsingh Sonu Yadav,Nidhish S Rajagopal,P Saravanan,0,0,0,out,1,caught,Ramsingh Sonu Yadav,162/4
1379625,1,17,5,S Rithik Easwaran,Nidhish S Rajagopal,P Saravanan,1,1,0,run,0,,,163/4
1379625,1,17,6,Nidhish S Rajagopal,S Rithik Easwaran,P Saravanan,1,1,0,run,0,,,164/4
1379625,1,17,7,S Rithik Easwaran,Nidhish S Rajagopal,P Saravanan,2,2,0,run,0,,,166/4
1379625,1,18,1,Nidhish S Rajagopal,S Rithik Easwaran,Gurjapneet Singh,7,6,1,six,0,,,173/4
1379625,1,18,2,Nidhish S Rajagopal,S Rithik Easwaran,Gurjapneet Singh,4,0,4,bye,0,,,177/4
1379625,1,18,3,Nidhish S Rajagopal,S Rithik Easwaran,Gurjapneet Singh,1,1,0,run,0,,,178/4
1379625,1,18,4,S Rithik Easwaran,Nidhish S Rajagopal,Gurjapneet Singh,1,1,0,run,0,,,179/4
1379625,1,18,5,Nidhish S Rajagopal,S Rithik Easwaran,Gurjapneet Singh,1,1,0,run,0,,,180/4
1379625,1,18,6,S Rithik Easwaran,Nidhish S Rajagopal,Gurjapneet Singh,4,4,0,four,0,,,184/4
1379625,1,18,7,S Rithik Easwaran,Nidhish S Rajagopal,Gurjapneet Singh,4,4,0,four,0,,,188/4
1379625,1,19,1,Nidhish S Rajagopal,S Rithik Easwaran,Ajay K Krishna,1,1,0,run,0,,,189/4
1379625,1,19,2,S Rithik Easwaran,Nidhish S Rajagopal,Ajay K Krishna,6,6,0,six,0,,,195/4
1379625,1,19,3,S Rithik Easwaran,Nidhish S Rajagopal,Ajay K Krishna,4,4,0,four,0,,,199/4
1379625,1,19,4,S Rithik Easwaran,Nidhish S Rajagopal,Ajay K Krishna,1,0,1,wide,0,,,200/4
1379625,1,19,5,S Rithik Easwaran,Nidhish S Rajagopal,Ajay K Krishna,6,6,0,six,0,,,206/4
1379625,1,19,6,S Rithik Easwaran,Nidhish S Rajagopal,Ajay K Krishna,1,1,0,run,0,,,207/4
1379625,1,19,7,Nidhish S Rajagopal,S Rithik Easwaran,Ajay K Krishna,0,0,0,out,1,caught,Nidhish S Rajagopal,207/5
1379625,1,20,1,S Rithik Easwaran,P Sugendhiran,Gurjapneet Singh,0,0,0,out,1,leg before wicket,S Rithik Easwaran,207/6
1379625,1,20,2,P Sugendhiran,NS Harish,Gurjapneet Singh,1,1,0,run,0,,,208/6
1379625,1,20,3,NS Harish,P Sugendhiran,Gurjapneet Singh,0,0,0,no run,0,,,208/6
1379625,1,20,4,NS Harish,P Sugendhiran,Gurjapneet Singh,1,1,0,run,0,,,209/6
1379625,1,20,5,P Sugendhiran,NS Harish,Gurjapneet Singh,1,1,0,run,0,,,210/6
1379625,1,20,6,NS Harish,P Sugendhiran,Gurjapneet Singh,1,1,0,run,0,,,211/6
1379625,2,1,1,Suresh Lokeshwar,Chezhian Nishaanth,Sankarankutty Sandeep Warrier,1,1,0,run,0,,,1/0
1379625,2,1,2,Chezhian Nishaanth,Suresh Lokeshwar,Sankarankutty Sandeep Warrier,1,0,1,wide,0,,,2/0
1379625,2,1,3,Chezhian Nishaanth,Suresh Lokeshwar,Sankarankutty Sandeep Warrier,0,0,0,no run,0,,,2/0
1379625,2,1,4,Chezhian Nishaanth,Suresh Lokeshwar,Sankarankutty Sandeep Warrier,2,0,2,wide,0,,,4/0
1379625,2,1,5,Suresh Lokeshwar,Chezhian Nishaanth,Sankarankutty Sandeep Warrier,0,0,0,no run,0,,,4/0
1379625,2,1,6,Suresh Lokeshwar,Chezhian Nishaanth,Sankarankutty Sandeep Warrier,0,0,0,no run,0,,,4/0
1379625,2,1,7,Suresh Lokeshwar,Chezhian Nishaanth,Sankarankutty Sandeep Warrier,1,0,1,wide,0,,,5/0
1379625,2,1,8,Suresh Lokeshwar,Chezhian Nishaanth,Sankarankutty Sandeep Warrier,4,4,0,four,0,,,9/0
1379625,2,1,9,Suresh Lokeshwar,Chezhian Nishaanth,Sankarankutty Sandeep Warrier,0,0,0,no run,0,,,9/0
1379625,2,2,1,Chezhian Nishaanth,Suresh Lokeshwar,Ramsingh Sonu Yadav,0,0,0,no run,0,,,9/0
1379625,2,2,2,Chezhian Nishaanth,Suresh Lokeshwar,Ramsingh Sonu Yadav,1,0,1,wide,0,,,10/0
1379625,2,2,3,Chezhian Nishaanth,Suresh Lokeshwar,Ramsingh Sonu Yadav,4,4,0,four,0,,,14/0
1379625,2,2,4,Chezhian Nishaanth,Suresh Lokeshwar,Ramsingh Sonu Yadav,0,0,0,out,1,caught,Chezhian Nishaanth,14/1
1379625,2,2,5,V Aaditya,Suresh Lokeshwar,Ramsingh Sonu Yadav,0,0,0,no run,0,,,14/1
1379625,2,2,6,V Aaditya,Suresh Lokeshwar,Ramsingh Sonu Yadav,4,4,0,four,0,,,18/1
1379625,2,2,7,V Aaditya,Suresh Lokeshwar,Ramsingh Sonu Yadav,1,1,0,run,0,,,19/1
1379625,2,3,1,V Aaditya,Suresh Lokeshwar,Sankarankutty Sandeep Warrier,1,0,1,wide,0,,,20/1
1379625,2,3,2,V Aaditya,Suresh Lokeshwar,Sankarankutty Sandeep Warrier,1,1,0,run,0,,,21/1
1379625,2,3,3,Suresh Lokeshwar,V Aaditya,Sankarankutty Sandeep Warrier,4,4,0,four,0,,,25/1
1379625,2,3,4,Suresh Lokeshwar,V Aaditya,Sankarankutty Sandeep Warrier,2,2,0,run,0,,,27/1
1379625,2,3,5,Suresh Lokeshwar,V Aaditya,Sankarankutty Sandeep Warrier,0,0,0,no run,0,,,27/1
1379625,2,3,6,Suresh Lokeshwar,V Aaditya,Sankarankutty Sandeep Warrier,2,2,0,run,0,,,29/1
1379625,2,3,7,Suresh Lokeshwar,V Aaditya,Sankarankutty Sandeep Warrier,6,6,0,six,0,,,35/1
1379625,2,4,1,V Aaditya,Suresh Lokeshwar,Ramsingh Sonu Yadav,4,4,0,four,0,,,39/1
1379625,2,4,2,V Aaditya,Suresh Lokeshwar,Ramsingh Sonu Yadav,1,1,0,run,0,,,40/1
1379625,2,4,3,Suresh Lokeshwar,V Aaditya,Ramsingh Sonu Yadav,1,0,1,wide,0,,,41/1
1379625,2,4,4,Suresh Lokeshwar,V Aaditya,Ramsingh Sonu Yadav,0,0,0,no run,0,,,41/1
1379625,2,4,5,Suresh Lokeshwar,V Aaditya,Ramsingh Sonu Yadav,6,6,0,six,0,,,47/1
1379625,2,4,6,Suresh Lokeshwar,V Aaditya,Ramsingh Sonu Yadav,1,1,0,run,0,,,48/1
1379625,2,4,7,V Aaditya,Suresh Lokeshwar,Ramsingh Sonu Yadav,1,1,0,run,0,,,49/1
1379625,2,5,1,V Aaditya,Suresh Lokeshwar,S Mohan Prasath,2,2,0,run,0,,,51/1
1379625,2,5,2,V Aaditya,Suresh Lokeshwar,S Mohan Prasath,0,0,0,no run,0,,,51/1
1379625,2,5,3,V Aaditya,Suresh Lokeshwar,S Mohan Prasath,1,1,0,run,0,,,52/1
1379625,2,5,4,Suresh Lokeshwar,V Aaditya,S Mohan Prasath,0,0,0,no run,0,,,52/1
1379625,2,5,5,Suresh Lokeshwar,V Aaditya,S Mohan Prasath,6,6,0,six,0,,,58/1
1379625,2,5,6,Suresh Lokeshwar,V Aaditya,S Mohan Prasath,1,1,0,run,0,,,59/1
1379625,2,6,1,Suresh Lokeshwar,V Aaditya,M Poiyamozhi,1,0,1,bye,0,,,60/1
1379625,2,6,2,V Aaditya,Suresh Lokeshwar,M Poiyamozhi,0,0,0,no run,0,,,60/1
1379625,2,6,3,V Aaditya,Suresh Lokeshwar,M Poiyamozhi,1,1,0,run,0,,,61/1
1379625,2,6,4,Suresh Lokeshwar,V Aaditya,M Poiyamozhi,0,0,0,no run,0,,,61/1
1379625,2,6,5,Suresh Lokeshwar,V Aaditya,M Poiyamozhi,0,0,0,no run,0,,,61/1
1379625,2,6,6,Suresh Lokeshwar,V Aaditya,M Poiyamozhi,1,1,0,run,0,,,62/1
1379625,2,7,1,Suresh Lokeshwar,V Aaditya,S Lakshay Jain,4,4,0,four,0,,,66/1
1379625,2,7,2,Suresh Lokeshwar,V Aaditya,S Lakshay Jain,0,0,0,no run,0,,,66/1
1379625,2,7,3,Suresh Lokeshwar,V Aaditya,S Lakshay Jain,0,0,0,no run,0,,,66/1
1379625,2,7,4,Suresh Lokeshwar,V Aaditya,S Lakshay Jain,0,0,0,no run,0,,,66/1
1379625,2,7,5,Suresh Lokeshwar,V Aaditya,S Lakshay Jain,1,1,0,run,0,,,67/1
1379625,2,7,6,V Aaditya,Suresh Lokeshwar,S Lakshay Jain,2,2,0,run,0,,,69/1
1379625,2,8,1,Suresh Lokeshwar,V Aaditya,S Mohan Prasath,1,1,0,run,0,,,70/1
1379625,2,8,2,V Aaditya,Suresh Lokeshwar,S Mohan Prasath,6,6,0,six,0,,,76/1
1379625,2,8,3,V Aaditya,Suresh Lokeshwar,S Mohan Prasath,1,1,0,run,1,run out,Suresh Lokeshwar,77/2
1379625,2,8,4,Swapnil Singh,V Aaditya,S Mohan Prasath,0,0,0,no run,0,,,77/2
1379625,2,8,5,Swapnil Singh,V Aaditya,S Mohan Prasath,1,1,0,run,0,,,78/2
1379625,2,8,6,V Aaditya,Swapnil Singh,S Mohan Prasath,1,1,0,run,0,,,79/2
1379625,2,9,1,V Aaditya,Swapnil Singh,NS Harish,1,1,0,run,0,,,80/2
1379625,2,9,2,Swapnil Singh,V Aaditya,NS Harish,1,1,0,run,0,,,81/2
1379625,2,9,3,V Aaditya,Swapnil Singh,NS Harish,1,1,0,run,0,,,82/2
1379625,2,9,4,Swapnil Singh,V Aaditya,NS Harish,1,1,0,run,0,,,83/2
1379625,2,9,5,V Aaditya,Swapnil Singh,NS Harish,1,1,0,run,0,,,84/2
1379625,2,9,6,Swapnil Singh,V Aaditya,NS Harish,1,1,0,run,0,,,85/2
1379625,2,10,1,Swapnil Singh,V Aaditya,S Mohan Prasath,1,1,0,run,0,,,86/2
1379625,2,10,2,V Aaditya,Swapnil Singh,S Mohan Prasath,4,4,0,four,0,,,90/2
1379625,2,10,3,V Aaditya,Swapnil Singh,S Mohan Prasath,0,0,0,no run,0,,,90/2
1379625,2,10,4,V Aaditya,Swapnil Singh,S Mohan Prasath,1,1,0,run,0,,,91/2
1379625,2,10,5,Swapnil Singh,V Aaditya,S Mohan Prasath,1,1,0,run,0,,,92/2
1379625,2,10,6,V Aaditya,Swapnil Singh,S Mohan Prasath,2,2,0,run,0,,,94/2
1379625,2,11,1,Swapnil Singh,V Aaditya,M Poiyamozhi,1,1,0,run,0,,,95/2
1379625,2,11,2,V Aaditya,Swapnil Singh,M Poiyamozhi,1,1,0,run,0,,,96/2
1379625,2,11,3,Swapnil Singh,V Aaditya,M Poiyamozhi,6,6,0,six,0,,,102/2
1379625,2,11,4,Swapnil Singh,V Aaditya,M Poiyamozhi,1,1,0,run,0,,,103/2
1379625,2,11,5,V Aaditya,Swapnil Singh,M Poiyamozhi,1,1,0,run,0,,,104/2
1379625,2,11,6,Swapnil Singh,V Aaditya,M Poiyamozhi,0,0,0,no run,0,,,104/2
1379625,2,12,1,V Aaditya,Swapnil Singh,NS Harish,2,2,0,run,0,,,106/2
1379625,2,12,2,V Aaditya,Swapnil Singh,NS Harish,1,1,0,run,0,,,107/2
1379625,2,12,3,Swapnil Singh,V Aaditya,NS Harish,1,1,0,run,0,,,108/2
1379625,2,12,4,V Aaditya,Swapnil Singh,NS Harish,4,4,0,four,0,,,112/2
1379625,2,12,5,V Aaditya,Swapnil Singh,NS Harish,0,0,0,no run,0,,,112/2
1379625,2,12,6,V Aaditya,Swapnil Singh,NS Harish,1,1,0,run,0,,,113/2
1379625,2,13,1,V Aaditya,Swapnil Singh,S Lakshay Jain,0,0,0,no run,0,,,113/2
1379625,2,13,2,V Aaditya,Swapnil Singh,S Lakshay Jain,2,2,0,run,0,,,115/2
1379625,2,13,3,V Aaditya,Swapnil Singh,S Lakshay Jain,4,0,4,leg bye,0,,,119/2
1379625,2,13,4,V Aaditya,Swapnil Singh,S Lakshay Jain,1,1,0,run,0,,,120/2
1379625,2,13,5,Swapnil Singh,V Aaditya,S Lakshay Jain,1,0,1,leg bye,0,,,121/2
1379625,2,13,6,V Aaditya,Swapnil Singh,S Lakshay Jain,1,0,1,leg bye,0,,,122/2
1379625,2,14,1,V Aaditya,Swapnil Singh,NS Harish,1,1,0,run,0,,,123/2
1379625,2,14,2,Swapnil Singh,V Aaditya,NS Harish,6,6,0,six,0,,,129/2
1379625,2,14,3,Swapnil Singh,V Aaditya,NS Harish,0,0,0,no run,0,,,129/2
1379625,2,14,4,Swapnil Singh,V Aaditya,NS Harish,1,1,0,run,0,,,130/2
1379625,2,14,5,V Aaditya,Swapnil Singh,NS Harish,4,4,0,four,0,,,134/2
1379625,2,14,6,V Aaditya,Swapnil Singh,NS Harish,1,1,0,run,0,,,135/2
1379625,2,15,1,V Aaditya,Swapnil Singh,Sankarankutty Sandeep Warrier,4,4,0,four,0,,,139/2
1379625,2,15,2,V Aaditya,Swapnil Singh,Sankarankutty Sandeep Warrier,1,0,1,wide,0,,,140/2
1379625,2,15,3,V Aaditya,Swapnil Singh,Sankarankutty Sandeep Warrier,2,2,0,run,0,,,142/2
1379625,2,15,4,V Aaditya,Swapnil Singh,Sankarankutty Sandeep Warrier,1,1,0,run,0,,,143/2
1379625,2,15,5,Swapnil Singh,V Aaditya,Sankarankutty Sandeep Warrier,5,4,1,four,0,,,148/2
1379625,2,15,6,Swapnil Singh,V Aaditya,Sankarankutty Sandeep Warrier,1,1,0,run,0,,,149/2
1379625,2,15,7,V Aaditya,Swapnil Singh,Sankarankutty Sandeep Warrier,6,6,0,six,0,,,155/2
1379625,2,15,8,V Aaditya,Swapnil Singh,Sankarankutty Sandeep Warrier,1,1,0,run,0,,,156/2
1379625,2,16,1,V Aaditya,Swapnil Singh,M Poiyamozhi,1,0,1,wide,0,,,157/2
1379625,2,16,2,V Aaditya,Swapnil Singh,M Poiyamozhi,1,1,0,run,0,,,158/2
1379625,2,16,3,Swapnil Singh,V Aaditya,M Poiyamozhi,1,1,0,run,0,,,159/2
1379625,2,16,4,V Aaditya,Swapnil Singh,M Poiyamozhi,0,0,0,no run,0,,,159/2
1379625,2,16,5,V Aaditya,Swapnil Singh,M Poiyamozhi,1,1,0,run,0,,,160/2
1379625,2,16,6,Swapnil Singh,V Aaditya,M Poiyamozhi,2,2,0,run,0,,,162/2
1379625,2,16,7,Swapnil Singh,V Aaditya,M Poiyamozhi,6,6,0,six,0,,,168/2
1379625,2,17,1,V Aaditya,Swapnil Singh,Ramsingh Sonu Yadav,1,1,0,run,0,,,169/2
1379625,2,17,2,Swapnil Singh,V Aaditya,Ramsingh Sonu Yadav,0,0,0,no run,0,,,169/2
1379625,2,17,3,Swapnil Singh,V Aaditya,Ramsingh Sonu Yadav,1,1,0,run,0,,,170/2
1379625,2,17,4,V Aaditya,Swapnil Singh,Ramsingh Sonu Yadav,0,0,0,no run,0,,,170/2
1379625,2,17,5,V Aaditya,Swapnil Singh,Ramsingh Sonu Yadav,1,0,1,wide,0,,,171/2
1379625,2,17,6,V Aaditya,Swapnil Singh,Ramsingh Sonu Yadav,1,0,1,wide,0,,,172/2
1379625,2,17,7,V Aaditya,Swapnil Singh,Ramsingh Sonu Yadav,1,1,0,run,0,,,173/2
1379625,2,17,8,Swapnil Singh,V Aaditya,Ramsingh Sonu Yadav,1,1,0,run,0,,,174/2
1379625,2,18,1,Swapnil Singh,V Aaditya,M Poiyamozhi,1,1,0,run,0,,,175/2
1379625,2,18,2,V Aaditya,Swapnil Singh,M Poiyamozhi,0,0,0,out,1,caught,V Aaditya,175/3
1379625,2,18,3,Jagatheesan Kousik,Swapnil Singh,M Poiyamozhi,2,2,0,run,0,,,177/3
1379625,2,18,4,Jagatheesan Kousik,Swapnil Singh,M Poiyamozhi,1,1,0,run,0,,,178/3
1379625,2,18,5,Swapnil Singh,Jagatheesan Kousik,M Poiyamozhi,1,1,0,run,0,,,179/3
1379625,2,18,6,Jagatheesan Kousik,Swapnil Singh,M Poiyamozhi,0,0,0,no run,0,,,179/3
1379625,2,19,1,Swapnil Singh,Jagatheesan Kousik,Ramsingh Sonu Yadav,1,1,0,run,0,,,180/3
1379625,2,19,2,Jagatheesan Kousik,Swapnil Singh,Ramsingh Sonu Yadav,4,4,0,four,0,,,184/3
1379625,2,19,3,Jagatheesan Kousik,Swapnil Singh,Ramsingh Sonu Yadav,1,1,0,run,0,,,185/3
1379625,2,19,4,Swapnil Singh,Jagatheesan Kousik,Ramsingh Sonu Yadav,1,1,0,run,0,,,186/3
1379625,2,19,5,Jagatheesan Kousik,Swapnil Singh,Ramsingh Sonu Yadav,1,1,0,run,0,,,187/3
1379625,2,19,6,Swapnil Singh,Jagatheesan Kousik,Ramsingh Sonu Yadav,6,6,0,six,0,,,193/3
1379625,2,20,1,Jagatheesan Kousik,Swapnil Singh,S Mohan Prasath,0,0,0,no run,0,,,193/3
1379625,2,20,2,Jagatheesan Kousik,Swapnil Singh,S Mohan Prasath,6,6,0,six,0,,,199/3
1379625,2,20,3,Jagatheesan Kousik,Swapnil Singh,S Mohan Prasath,1,1,0,run,0,,,200/3
1379625,2,20,4,Swapnil Singh,Jagatheesan Kousik,S Mohan Prasath,0,0,0,out,1,caught,Swapnil Singh,200/4
1379625,2,20,5,P Saravanan,Jagatheesan Kousik,S Mohan Prasath,6,6,0,six,0,,,206/4
1379625,2,20,6,P Saravanan,Jagatheesan Kousik,S Mohan Prasath,1,1,0,run,0,,,207/4
1379626,1,1,1,R Vimal Khumar,Shivam Singh,Ramsingh Sonu Yadav,4,4,0,four,0,,,4/0
1379626,1,1,2,R Vimal Khumar,Shivam Singh,Ramsingh Sonu Yadav,0,0,0,no run,0,,,4/0
1379626,1,1,3,R Vimal Khumar,Shivam Singh,Ramsingh Sonu Yadav,0,0,0,no run,0,,,4/0
1379626,1,1,4,R Vimal Khumar,Shivam Singh,Ramsingh Sonu Yadav,1,1,0,run,0,,,5/0
1379626,1,1,5,Shivam Singh,R Vimal Khumar,Ramsingh Sonu Yadav,0,0,0,no run,0,,,5/0
1379626,1,1,6,Shivam Singh,R Vimal Khumar,Ramsingh Sonu Yadav,0,0,0,no run,0,,,5/0
1379626,1,2,1,R Vimal Khumar,Shivam Singh,Sankarankutty Sandeep Warrier,4,4,0,four,0,,,9/0
1379626,1,2,2,R Vimal Khumar,Shivam Singh,Sankarankutty Sandeep Warrier,0,0,0,no run,0,,,9/0
1379626,1,2,3,R Vimal Khumar,Shivam Singh,Sankarankutty Sandeep Warrier,0,0,0,no run,0,,,9/0
1379626,1,2,4,R Vimal Khumar,Shivam Singh,Sankarankutty Sandeep Warrier,1,1,0,run,0,,,10/0
1379626,1,2,5,Shivam Singh,R Vimal Khumar,Sankarankutty Sandeep Warrier,6,6,0,six,0,,,16/0
1379626,1,2,6,Shivam Singh,R Vimal Khumar,Sankarankutty Sandeep Warrier,0,0,0,no run,0,,,16/0
1379626,1,3,1,R Vimal Khumar,Shivam Singh,S Mohan Prasath,1,1,0,run,0,,,17/0
1379626,1,3,2,Shivam Singh,R Vimal Khumar,S Mohan Prasath,0,0,0,no run,0,,,17/0
1379626,1,3,3,Shivam Singh,R Vimal Khumar,S Mohan Prasath,6,6,0,six,0,,,23/0
1379626,1,3,4,Shivam Singh,R Vimal Khumar,S Mohan Prasath,0,0,0,no run,0,,,23/0
1379626,1,3,5,Shivam Singh,R Vimal Khumar,S Mohan Prasath,1,1,0,run,0,,,24/0
1379626,1,3,6,R Vimal Khumar,Shivam Singh,S Mohan Prasath,4,4,0,four,0,,,28/0
1379626,1,4,1,Shivam Singh,R Vimal Khumar,Sankarankutty Sandeep Warrier,0,0,0,no run,0,,,28/0
1379626,1,4,2,Shivam Singh,R Vimal Khumar,Sankarankutty Sandeep Warrier,0,0,0,no run,0,,,28/0
1379626,1,4,3,Shivam Singh,R Vimal Khumar,Sankarankutty Sandeep Warrier,0,0,0,no run,0,,,28/0
1379626,1,4,4,Shivam Singh,R Vimal Khumar,Sankarankutty Sandeep Warrier,1,0,1,wide,0,,,29/0
1379626,1,4,5,Shivam Singh,R Vimal Khumar,Sankarankutty Sandeep Warrier,0,0,0,no run,0,,,29/0
1379626,1,4,6,Shivam Singh,R Vimal Khumar,Sankarankutty Sandeep Warrier,4,4,0,four,0,,,33/0
1379626,1,4,7,Shivam Singh,R Vimal Khumar,Sankarankutty Sandeep Warrier,0,0,0,no run,0,,,33/0
1379626,1,5,1,R Vimal Khumar,Shivam Singh,Ramsingh Sonu Yadav,0,0,0,no run,0,,,33/0
1379626,1,5,2,R Vimal Khumar,Shivam Singh,Ramsingh Sonu Yadav,1,1,0,run,0,,,34/0
1379626,1,5,3,Shivam Singh,R Vimal Khumar,Ramsingh Sonu Yadav,2,0,2,wide,0,,,36/0
1379626,1,5,4,R Vimal Khumar,Shivam Singh,Ramsingh Sonu Yadav,0,0,0,no run,0,,,36/0
1379626,1,5,5,R Vimal Khumar,Shivam Singh,Ramsingh Sonu Yadav,0,0,0,no run,0,,,36/0
1379626,1,5,6,R Vimal Khumar,Shivam Singh,Ramsingh Sonu Yadav,0,0,0,out,1,caught,R Vimal Khumar,36/1
1379626,1,5,7,Boopathi Vaishna Kumar,Shivam Singh,Ramsingh Sonu Yadav,1,1,0,run,0,,,37/1
1379626,1,6,1,Boopathi Vaishna Kumar,Shivam Singh,Sankarankutty Sandeep Warrier,1,1,0,run,0,,,38/1
1379626,1,6,2,Shivam Singh,Boopathi Vaishna Kumar,Sankarankutty Sandeep Warrier,1,1,0,run,0,,,39/1
1379626,1,6,3,Boopathi Vaishna Kumar,Shivam Singh,Sankarankutty Sandeep Warrier,2,2,0,run,0,,,41/1
1379626,1,6,4,Boopathi Vaishna Kumar,Shivam Singh,Sankarankutty Sandeep Warrier,1,1,0,run,0,,,42/1
1379626,1,6,5,Shivam Singh,Boopathi Vaishna Kumar,Sankarankutty Sandeep Warrier,1,0,1,wide,0,,,43/1
1379626,1,6,6,Shivam Singh,Boopathi Vaishna Kumar,Sankarankutty Sandeep Warrier,1,1,0,run,0,,,44/1
1379626,1,6,7,Boopathi Vaishna Kumar,Shivam Singh,Sankarankutty Sandeep Warrier,4,4,0,four,0,,,48/1
1379626,1,7,1,Shivam Singh,Boopathi Vaishna Kumar,NS Harish,1,1,0,run,0,,,49/1
1379626,1,7,2,Boopathi Vaishna Kumar,Shivam Singh,NS Harish,1,1,0,run,0,,,50/1
1379626,1,7,3,Shivam Singh,Boopathi Vaishna Kumar,NS Harish,1,1,0,run,0,,,51/1
1379626,1,7,4,Boopathi Vaishna Kumar,Shivam Singh,NS Harish,1,1,0,run,0,,,52/1
1379626,1,7,5,Shivam Singh,Boopathi Vaishna Kumar,NS Harish,1,1,0,run,0,,,53/1
1379626,1,7,6,Boopathi Vaishna Kumar,Shivam Singh,NS Harish,1,1,0,run,0,,,54/1
1379626,1,8,1,Boopathi Vaishna Kumar,Shivam Singh,M Poiyamozhi,0,0,0,no run,0,,,54/1
1379626,1,8,2,Boopathi Vaishna Kumar,Shivam Singh,M Poiyamozhi,2,2,0,run,0,,,56/1
1379626,1,8,3,Boopathi Vaishna Kumar,Shivam Singh,M Poiyamozhi,1,1,0,run,0,,,57/1
1379626,1,8,4,Shivam Singh,Boopathi Vaishna Kumar,M Poiyamozhi,1,1,0,run,0,,,58/1
1379626,1,8,5,Boopathi Vaishna Kumar,Shivam Singh,M Poiyamozhi,6,6,0,six,0,,,64/1
1379626,1,8,6,Boopathi Vaishna Kumar,Shivam Singh,M Poiyamozhi,0,0,0,no run,0,,,64/1
1379626,1,9,1,Shivam Singh,Boopathi Vaishna Kumar,NS Harish,1,1,0,run,0,,,65/1
1379626,1,9,2,Boopathi Vaishna Kumar,Shivam Singh,NS Harish,1,1,0,run,0,,,66/1
1379626,1,9,3,Shivam Singh,Boopathi Vaishna Kumar,NS Harish,0,0,0,no run,0,,,66/1
1379626,1,9,4,Shivam Singh,Boopathi Vaishna Kumar,NS Harish,1,1,0,run,0,,,67/1
1379626,1,9,5,Boopathi Vaishna Kumar,Shivam Singh,NS Harish,1,1,0,run,0,,,68/1
1379626,1,9,6,Shivam Singh,Boopathi Vaishna Kumar,NS Harish,1,1,0,run,0,,,69/1
1379626,1,10,1,Shivam Singh,Boopathi Vaishna Kumar,S Mohan Prasath,4,4,0,four,0,,,73/1
1379626,1,10,2,Shivam Singh,Boopathi Vaishna Kumar,S Mohan Prasath,1,1,0,run,0,,,74/1
1379626,1,10,3,Boopathi Vaishna Kumar,Shivam Singh,S Mohan Prasath,4,4,0,four,0,,,78/1
1379626,1,10,4,Boopathi Vaishna Kumar,Shivam Singh,S Mohan Prasath,1,1,0,run,0,,,79/1
1379626,1,10,5,Shivam Singh,Boopathi Vaishna Kumar,S Mohan Prasath,6,6,0,six,0,,,85/1
1379626,1,10,6,Shivam Singh,Boopathi Vaishna Kumar,S Mohan Prasath,1,1,0,run,0,,,86/1
1379626,1,11,1,Shivam Singh,Boopathi Vaishna Kumar,NS Harish,0,0,0,no run,0,,,86/1
1379626,1,11,2,Shivam Singh,Boopathi Vaishna Kumar,NS Harish,1,1,0,run,0,,,87/1
1379626,1,11,3,Boopathi Vaishna Kumar,Shivam Singh,NS Harish,4,4,0,four,0,,,91/1
1379626,1,11,4,Boopathi Vaishna Kumar,Shivam Singh,NS Harish,4,4,0,four,0,,,95/1
1379626,1,11,5,Boopathi Vaishna Kumar,Shivam Singh,NS Harish,1,1,0,run,0,,,96/1
1379626,1,11,6,Shivam Singh,Boopathi Vaishna Kumar,NS Harish,1,1,0,run,0,,,97/1
1379626,1,12,1,Shivam Singh,Boopathi Vaishna Kumar,S Lakshay Jain,2,2,0,run,0,,,99/1
1379626,1,12,2,Shivam Singh,Boopathi Vaishna Kumar,S Lakshay Jain,1,1,0,run,0,,,100/1
1379626,1,12,3,Boopathi Vaishna Kumar,Shivam Singh,S Lakshay Jain,1,1,0,run,0,,,101/1
1379626,1,12,4,Shivam Singh,Boopathi Vaishna Kumar,S Lakshay Jain,4,4,0,four,0,,,105/1
1379626,1,12,5,Shivam Singh,Boopathi Vaishna Kumar,S Lakshay Jain,1,1,0,run,0,,,106/1
1379626,1,12,6,Boopathi Vaishna Kumar,Shivam Singh,S Lakshay Jain,1,1,0,run,0,,,107/1
1379626,1,13,1,Boopathi Vaishna Kumar,Shivam Singh,M Poiyamozhi,0,0,0,no run,0,,,107/1
1379626,1,13,2,Boopathi Vaishna Kumar,Shivam Singh,M Poiyamozhi,1,1,0,run,0,,,108/1
1379626,1,13,3,Shivam Singh,Boopathi Vaishna Kumar,M Poiyamozhi,1,1,0,run,0,,,109/1
1379626,1,13,4,Boopathi Vaishna Kumar,Shivam Singh,M Poiyamozhi,1,1,0,run,0,,,110/1
1379626,1,13,5,Shivam Singh,Boopathi Vaishna Kumar,M Poiyamozhi,1,1,0,run,0,,,111/1
1379626,1,13,6,Boopathi Vaishna Kumar,Shivam Singh,M Poiyamozhi,0,0,0,no run,0,,,111/1
1379626,1,14,1,Shivam Singh,Boopathi Vaishna Kumar,Sankarankutty Sandeep Warrier,5,0,5,wide,0,,,116/1
1379626,1,14,2,Shivam Singh,Boopathi Vaishna Kumar,Sankarankutty Sandeep Warrier,1,1,0,run,0,,,117/1
1379626,1,14,3,Boopathi Vaishna Kumar,Shivam Singh,Sankarankutty Sandeep Warrier,0,0,0,no run,0,,,117/1
1379626,1,14,4,Boopathi Vaishna Kumar,Shivam Singh,Sankarankutty Sandeep Warrier,0,0,0,out,1,caught,Boopathi Vaishna Kumar,117/2
1379626,1,14,5,Adithya Ganesh,Shivam Singh,Sankarankutty Sandeep Warrier,0,0,0,no run,0,,,117/2
1379626,1,14,6,Adithya Ganesh,Shivam Singh,Sankarankutty Sandeep Warrier,0,0,0,no run,0,,,117/2
1379626,1,14,7,Adithya Ganesh,Shivam Singh,Sankarankutty Sandeep Warrier,1,1,0,run,0,,,118/2
1379626,1,15,1,Adithya Ganesh,Shivam Singh,S Lakshay Jain,2,2,0,run,0,,,120/2
1379626,1,15,2,Adithya Ganesh,Shivam Singh,S Lakshay Jain,2,2,0,run,0,,,122/2
1379626,1,15,3,Adithya Ganesh,Shivam Singh,S Lakshay Jain,2,2,0,run,0,,,124/2
1379626,1,15,4,Adithya Ganesh,Shivam Singh,S Lakshay Jain,1,1,0,run,0,,,125/2
1379626,1,15,5,Shivam Singh,Adithya Ganesh,S Lakshay Jain,1,1,0,run,0,,,126/2
1379626,1,15,6,Adithya Ganesh,Shivam Singh,S Lakshay Jain,1,1,0,run,0,,,127/2
1379626,1,16,1,Adithya Ganesh,Shivam Singh,Ramsingh Sonu Yadav,1,1,0,run,0,,,128/2
1379626,1,16,2,Shivam Singh,Adithya Ganesh,Ramsingh Sonu Yadav,6,6,0,six,0,,,134/2
1379626,1,16,3,Shivam Singh,Adithya Ganesh,Ramsingh Sonu Yadav,6,6,0,six,0,,,140/2
1379626,1,16,4,Shivam Singh,Adithya Ganesh,Ramsingh Sonu Yadav,4,4,0,four,0,,,144/2
1379626,1,16,5,Shivam Singh,Adithya Ganesh,Ramsingh Sonu Yadav,1,1,0,run,0,,,145/2
1379626,1,16,6,Adithya Ganesh,Shivam Singh,Ramsingh Sonu Yadav,1,1,0,run,0,,,146/2
1379626,1,17,1,Adithya Ganesh,Shivam Singh,S Lakshay Jain,0,0,0,no run,0,,,146/2
1379626,1,17,2,Adithya Ganesh,Shivam Singh,S Lakshay Jain,1,1,0,run,0,,,147/2
1379626,1,17,3,Shivam Singh,Adithya Ganesh,S Lakshay Jain,6,6,0,six,0,,,153/2
1379626,1,17,4,Shivam Singh,Adithya Ganesh,S Lakshay Jain,1,1,0,run,0,,,154/2
1379626,1,17,5,Adithya Ganesh,Shivam Singh,S Lakshay Jain,1,1,0,run,0,,,155/2
1379626,1,17,6,Shivam Singh,Adithya Ganesh,S Lakshay Jain,0,0,0,out,1,caught,Shivam Singh,155/3
1379626,1,18,1,Adithya Ganesh,C Sarath Kumar,M Poiyamozhi,0,0,0,out,1,caught,Adithya Ganesh,155/4
1379626,1,18,2,Subodh Bhati,C Sarath Kumar,M Poiyamozhi,1,0,1,no ball,0,,,156/4
1379626,1,18,3,Subodh Bhati,C Sarath Kumar,M Poiyamozhi,1,1,0,run,0,,,157/4
1379626,1,18,4,C Sarath Kumar,Subodh Bhati,M Poiyamozhi,1,1,0,run,0,,,158/4
1379626,1,18,5,Subodh Bhati,C Sarath Kumar,M Poiyamozhi,1,1,0,run,0,,,159/4
1379626,1,18,6,C Sarath Kumar,Subodh Bhati,M Poiyamozhi,6,6,0,six,0,,,165/4
1379626,1,18,7,C Sarath Kumar,Subodh Bhati,M Poiyamozhi,1,1,0,run,0,,,166/4
1379626,1,19,1,C Sarath Kumar,Subodh Bhati,Ramsingh Sonu Yadav,0,0,0,no run,0,,,166/4
1379626,1,19,2,C Sarath Kumar,Subodh Bhati,Ramsingh Sonu Yadav,0,0,0,no run,0,,,166/4
1379626,1,19,3,C Sarath Kumar,Subodh Bhati,Ramsingh Sonu Yadav,1,1,0,run,0,,,167/4
1379626,1,19,4,Subodh Bhati,C Sarath Kumar,Ramsingh Sonu Yadav,1,1,0,run,0,,,168/4
1379626,1,19,5,C Sarath Kumar,Subodh Bhati,Ramsingh Sonu Yadav,1,0,1,wide,0,,,169/4
1379626,1,19,6,C Sarath Kumar,Subodh Bhati,Ramsingh Sonu Yadav,0,0,0,out,1,caught,C Sarath Kumar,169/5
1379626,1,19,7,Baba Indrajith,Subodh Bhati,Ramsingh Sonu Yadav,0,0,0,no run,0,,,169/5
1379626,1,20,1,Subodh Bhati,Baba Indrajith,M Poiyamozhi,1,1,0,run,0,,,170/5
1379626,1,20,2,Baba Indrajith,Subodh Bhati,M Poiyamozhi,4,4,0,four,0,,,174/5
1379626,1,20,3,Baba Indrajith,Subodh Bhati,M Poiyamozhi,4,4,0,four,0,,,178/5
1379626,1,20,4,Baba Indrajith,Subodh Bhati,M Poiyamozhi,4,4,0,four,0,,,182/5
1379626,1,20,5,Baba Indrajith,Subodh Bhati,M Poiyamozhi,1,1,0,run,0,,,183/5
1379626,1,20,6,Subodh Bhati,Baba Indrajith,M Poiyamozhi,2,2,0,run,0,,,185/5
1379626,2,1,1,Konda Bhaskir Arun Karthik,P Sugendhiran,P Saravana Kumar,0,0,0,no run,0,,,0/0
1379626,2,1,2,Konda Bhaskir Arun Karthik,P Sugendhiran,P Saravana Kumar,4,4,0,four,0,,,4/0
1379626,2,1,3,Konda Bhaskir Arun Karthik,P Sugendhiran,P Saravana Kumar,2,2,0,run,0,,,6/0
1379626,2,1,4,Konda Bhaskir Arun Karthik,P Sugendhiran,P Saravana Kumar,4,4,0,four,0,,,10/0
1379626,2,1,5,Konda Bhaskir Arun Karthik,P Sugendhiran,P Saravana Kumar,0,0,0,no run,0,,,10/0
1379626,2,1,6,Konda Bhaskir Arun Karthik,P Sugendhiran,P Saravana Kumar,6,6,0,six,0,,,16/0
1379626,2,2,1,P Sugendhiran,Konda Bhaskir Arun Karthik,Raju Aushik Srinivas,1,0,1,leg bye,0,,,17/0
1379626,2,2,2,Konda Bhaskir Arun Karthik,P Sugendhiran,Raju Aushik Srinivas,0,0,0,no run,0,,,17/0
1379626,2,2,3,Konda Bhaskir Arun Karthik,P Sugendhiran,Raju Aushik Srinivas,6,6,0,six,0,,,23/0
1379626,2,2,4,Konda Bhaskir Arun Karthik,P Sugendhiran,Raju Aushik Srinivas,1,1,0,run,0,,,24/0
1379626,2,2,5,P Sugendhiran,Konda Bhaskir Arun Karthik,Raju Aushik Srinivas,0,0,0,no run,0,,,24/0
1379626,2,2,6,P Sugendhiran,Konda Bhaskir Arun Karthik,Raju Aushik Srinivas,2,2,0,run,0,,,26/0
1379626,2,3,1,Konda Bhaskir Arun Karthik,P Sugendhiran,Varun Chakravarthy Vinod,1,1,0,run,0,,,27/0
1379626,2,3,2,P Sugendhiran,Konda Bhaskir Arun Karthik,Varun Chakravarthy Vinod,0,0,0,no run,0,,,27/0
1379626,2,3,3,P Sugendhiran,Konda Bhaskir Arun Karthik,Varun Chakravarthy Vinod,1,1,0,run,0,,,28/0
1379626,2,3,4,Konda Bhaskir Arun Karthik,P Sugendhiran,Varun Chakravarthy Vinod,0,0,0,no run,0,,,28/0
1379626,2,3,5,Konda Bhaskir Arun Karthik,P Sugendhiran,Varun Chakravarthy Vinod,0,0,0,no run,0,,,28/0
1379626,2,3,6,Konda Bhaskir Arun Karthik,P Sugendhiran,Varun Chakravarthy Vinod,1,1,0,run,0,,,29/0
1379626,2,4,1,Konda Bhaskir Arun Karthik,P Sugendhiran,Raju Aushik Srinivas,1,1,0,run,0,,,30/0
1379626,2,4,2,P Sugendhiran,Konda Bhaskir Arun Karthik,Raju Aushik Srinivas,0,0,0,no run,0,,,30/0
1379626,2,4,3,P Sugendhiran,Konda Bhaskir Arun Karthik,Raju Aushik Srinivas,0,0,0,no run,0,,,30/0
1379626,2,4,4,P Sugendhiran,Konda Bhaskir Arun Karthik,Raju Aushik Srinivas,6,6,0,six,0,,,36/0
1379626,2,4,5,P Sugendhiran,Konda Bhaskir Arun Karthik,Raju Aushik Srinivas,1,1,0,run,0,,,37/0
1379626,2,4,6,Konda Bhaskir Arun Karthik,P Sugendhiran,Raju Aushik Srinivas,0,0,0,out,1,caught,Konda Bhaskir Arun Karthik,37/1
1379626,2,5,1,P Sugendhiran,Guruswamy Ajitesh,P Saravana Kumar,0,0,0,no run,0,,,37/1
1379626,2,5,2,P Sugendhiran,Guruswamy Ajitesh,P Saravana Kumar,0,0,0,no run,0,,,37/1
1379626,2,5,3,P Sugendhiran,Guruswamy Ajitesh,P Saravana Kumar,0,0,0,no run,0,,,37/1
1379626,2,5,4,P Sugendhiran,Guruswamy Ajitesh,P Saravana Kumar,0,0,0,no run,0,,,37/1
1379626,2,5,5,P Sugendhiran,Guruswamy Ajitesh,P Saravana Kumar,2,2,0,run,0,,,39/1
1379626,2,5,6,P Sugendhiran,Guruswamy Ajitesh,P Saravana Kumar,0,0,0,no run,0,,,39/1
1379626,2,6,1,Guruswamy Ajitesh,P Sugendhiran,M Mathivannan,0,0,0,no run,0,,,39/1
1379626,2,6,2,Guruswamy Ajitesh,P Sugendhiran,M Mathivannan,4,4,0,four,0,,,43/1
1379626,2,6,3,Guruswamy Ajitesh,P Sugendhiran,M Mathivannan,4,4,0,four,0,,,47/1
1379626,2,6,4,Guruswamy Ajitesh,P Sugendhiran,M Mathivannan,1,1,0,run,0,,,48/1
1379626,2,6,5,P Sugendhiran,Guruswamy Ajitesh,M Mathivannan,1,1,0,run,0,,,49/1
1379626,2,6,6,Guruswamy Ajitesh,P Sugendhiran,M Mathivannan,0,0,0,no run,0,,,49/1
1379626,2,7,1,P Sugendhiran,Guruswamy Ajitesh,P Saravana Kumar,0,0,0,no run,0,,,49/1
1379626,2,7,2,P Sugendhiran,Guruswamy Ajitesh,P Saravana Kumar,1,1,0,run,0,,,50/1
1379626,2,7,3,Guruswamy Ajitesh,P Sugendhiran,P Saravana Kumar,6,6,0,six,0,,,56/1
1379626,2,7,4,Guruswamy Ajitesh,P Sugendhiran,P Saravana Kumar,1,1,0,run,0,,,57/1
1379626,2,7,5,P Sugendhiran,Guruswamy Ajitesh,P Saravana Kumar,0,0,0,no run,0,,,57/1
1379626,2,7,6,P Sugendhiran,Guruswamy Ajitesh,P Saravana Kumar,6,6,0,six,0,,,63/1
1379626,2,8,1,Guruswamy Ajitesh,P Sugendhiran,Raju Aushik Srinivas,1,1,0,run,0,,,64/1
1379626,2,8,2,P Sugendhiran,Guruswamy Ajitesh,Raju Aushik Srinivas,1,1,0,run,0,,,65/1
1379626,2,8,3,Guruswamy Ajitesh,P Sugendhiran,Raju Aushik Srinivas,1,1,0,run,0,,,66/1
1379626,2,8,4,P Sugendhiran,Guruswamy Ajitesh,Raju Aushik Srinivas,1,1,0,run,0,,,67/1
1379626,2,8,5,Guruswamy Ajitesh,P Sugendhiran,Raju Aushik Srinivas,0,0,0,no run,0,,,67/1
1379626,2,8,6,Guruswamy Ajitesh,P Sugendhiran,Raju Aushik Srinivas,2,2,0,run,0,,,69/1
1379626,2,9,1,P Sugendhiran,Guruswamy Ajitesh,Varun Chakravarthy Vinod,0,0,0,no run,0,,,69/1
1379626,2,9,2,P Sugendhiran,Guruswamy Ajitesh,Varun Chakravarthy Vinod,0,0,0,out,1,caught,P Sugendhiran,69/2
1379626,2,9,3,Nidhish S Rajagopal,Guruswamy Ajitesh,Varun Chakravarthy Vinod,1,1,0,run,0,,,70/2
1379626,2,9,4,Guruswamy Ajitesh,Nidhish S Rajagopal,Varun Chakravarthy Vinod,0,0,0,no run,0,,,70/2
1379626,2,9,5,Guruswamy Ajitesh,Nidhish S Rajagopal,Varun Chakravarthy Vinod,1,1,0,run,0,,,71/2
1379626,2,9,6,Nidhish S Rajagopal,Guruswamy Ajitesh,Varun Chakravarthy Vinod,1,1,0,run,0,,,72/2
1379626,2,10,1,Nidhish S Rajagopal,Guruswamy Ajitesh,M Mathivannan,0,0,0,no run,0,,,72/2
1379626,2,10,2,Nidhish S Rajagopal,Guruswamy Ajitesh,M Mathivannan,6,6,0,six,0,,,78/2
1379626,2,10,3,Nidhish S Rajagopal,Guruswamy Ajitesh,M Mathivannan,1,1,0,run,0,,,79/2
1379626,2,10,4,Guruswamy Ajitesh,Nidhish S Rajagopal,M Mathivannan,1,1,0,run,0,,,80/2
1379626,2,10,5,Nidhish S Rajagopal,Guruswamy Ajitesh,M Mathivannan,0,0,0,no run,0,,,80/2
1379626,2,10,6,Nidhish S Rajagopal,Guruswamy Ajitesh,M Mathivannan,1,1,0,run,0,,,81/2
1379626,2,11,1,Nidhish S Rajagopal,Guruswamy Ajitesh,Subodh Bhati,0,0,0,no run,0,,,81/2
1379626,2,11,2,Nidhish S Rajagopal,Guruswamy Ajitesh,Subodh Bhati,1,1,0,run,0,,,82/2
1379626,2,11,3,Guruswamy Ajitesh,Nidhish S Rajagopal,Subodh Bhati,4,4,0,four,0,,,86/2
1379626,2,11,4,Guruswamy Ajitesh,Nidhish S Rajagopal,Subodh Bhati,0,0,0,no run,0,,,86/2
1379626,2,11,5,Guruswamy Ajitesh,Nidhish S Rajagopal,Subodh Bhati,0,0,0,no run,0,,,86/2
1379626,2,11,6,Guruswamy Ajitesh,Nidhish S Rajagopal,Subodh Bhati,1,1,0,run,0,,,87/2
1379626,2,12,1,Guruswamy Ajitesh,Nidhish S Rajagopal,Raju Aushik Srinivas,1,1,0,run,0,,,88/2
1379626,2,12,2,Nidhish S Rajagopal,Guruswamy Ajitesh,Raju Aushik Srinivas,1,1,0,run,0,,,89/2
1379626,2,12,3,Guruswamy Ajitesh,Nidhish S Rajagopal,Raju Aushik Srinivas,4,4,0,four,0,,,93/2
1379626,2,12,4,Guruswamy Ajitesh,Nidhish S Rajagopal,Raju Aushik Srinivas,1,1,0,run,0,,,94/2
1379626,2,12,5,Nidhish S Rajagopal,Guruswamy Ajitesh,Raju Aushik Srinivas,1,1,0,run,0,,,95/2
1379626,2,12,6,Guruswamy Ajitesh,Nidhish S Rajagopal,Raju Aushik Srinivas,0,0,0,no run,0,,,95/2
1379626,2,13,1,Nidhish S Rajagopal,Guruswamy Ajitesh,G Kishoor,0,0,0,no run,0,,,95/2
1379626,2,13,2,Nidhish S Rajagopal,Guruswamy Ajitesh,G Kishoor,1,1,0,run,0,,,96/2
1379626,2,13,3,Guruswamy Ajitesh,Nidhish S Rajagopal,G Kishoor,1,1,0,run,0,,,97/2
1379626,2,13,4,Nidhish S Rajagopal,Guruswamy Ajitesh,G Kishoor,0,0,0,no run,0,,,97/2
1379626,2,13,5,Nidhish S Rajagopal,Guruswamy Ajitesh,G Kishoor,0,0,0,no run,0,,,97/2
1379626,2,13,6,Nidhish S Rajagopal,Guruswamy Ajitesh,G Kishoor,0,0,0,no run,0,,,97/2
1379626,2,14,1,Guruswamy Ajitesh,Nidhish S Rajagopal,Varun Chakravarthy Vinod,1,1,0,run,0,,,98/2
1379626,2,14,2,Nidhish S Rajagopal,Guruswamy Ajitesh,Varun Chakravarthy Vinod,1,1,0,run,0,,,99/2
1379626,2,14,3,Guruswamy Ajitesh,Nidhish S Rajagopal,Varun Chakravarthy Vinod,1,1,0,run,0,,,100/2
1379626,2,14,4,Nidhish S Rajagopal,Guruswamy Ajitesh,Varun Chakravarthy Vinod,1,0,1,wide,0,,,101/2
1379626,2,14,5,Nidhish S Rajagopal,Guruswamy Ajitesh,Varun Chakravarthy Vinod,4,4,0,four,0,,,105/2
1379626,2,14,6,Nidhish S Rajagopal,Guruswamy Ajitesh,Varun Chakravarthy Vinod,1,1,0,run,0,,,106/2
1379626,2,14,7,Guruswamy Ajitesh,Nidhish S Rajagopal,Varun Chakravarthy Vinod,1,1,0,run,0,,,107/2
1379626,2,15,1,Guruswamy Ajitesh,Nidhish S Rajagopal,G Kishoor,1,1,0,run,0,,,108/2
1379626,2,15,2,Nidhish S Rajagopal,Guruswamy Ajitesh,G Kishoor,1,1,0,run,0,,,109/2
1379626,2,15,3,Guruswamy Ajitesh,Nidhish S Rajagopal,G Kishoor,6,6,0,six,0,,,115/2
1379626,2,15,4,Guruswamy Ajitesh,Nidhish S Rajagopal,G Kishoor,6,6,0,six,0,,,121/2
1379626,2,15,5,Guruswamy Ajitesh,Nidhish S Rajagopal,G Kishoor,1,0,1,leg bye,0,,,122/2
1379626,2,15,6,Nidhish S Rajagopal,Guruswamy Ajitesh,G Kishoor,1,1,0,run,0,,,123/2
1379626,2,16,1,Nidhish S Rajagopal,Guruswamy Ajitesh,Subodh Bhati,0,0,0,no run,0,,,123/2
1379626,2,16,2,Nidhish S Rajagopal,Guruswamy Ajitesh,Subodh Bhati,0,0,0,no run,0,,,123/2
1379626,2,16,3,Nidhish S Rajagopal,Guruswamy Ajitesh,Subodh Bhati,1,1,0,run,0,,,124/2
1379626,2,16,4,Guruswamy Ajitesh,Nidhish S Rajagopal,Subodh Bhati,1,1,0,run,0,,,125/2
1379626,2,16,5,Nidhish S Rajagopal,Guruswamy Ajitesh,Subodh Bhati,1,1,0,run,0,,,126/2
1379626,2,16,6,Guruswamy Ajitesh,Nidhish S Rajagopal,Subodh Bhati,0,0,0,no run,0,,,126/2
1379626,2,17,1,Nidhish S Rajagopal,Guruswamy Ajitesh,Varun Chakravarthy Vinod,1,1,0,run,0,,,127/2
1379626,2,17,2,Guruswamy Ajitesh,Nidhish S Rajagopal,Varun Chakravarthy Vinod,1,1,0,run,0,,,128/2
1379626,2,17,3,Nidhish S Rajagopal,Guruswamy Ajitesh,Varun Chakravarthy Vinod,1,1,0,run,1,retired out,Nidhish S Rajagopal,129/3
1379626,2,17,4,Guruswamy Ajitesh,S Rithik Easwaran,Varun Chakravarthy Vinod,0,0,0,no run,0,,,129/3
1379626,2,17,5,Guruswamy Ajitesh,S Rithik Easwaran,Varun Chakravarthy Vinod,6,6,0,six,0,,,135/3
1379626,2,17,6,Guruswamy Ajitesh,S Rithik Easwaran,Varun Chakravarthy Vinod,1,1,0,run,0,,,136/3
1379626,2,18,1,Guruswamy Ajitesh,S Rithik Easwaran,Subodh Bhati,1,1,0,run,0,,,137/3
1379626,2,18,2,S Rithik Easwaran,Guruswamy Ajitesh,Subodh Bhati,0,0,0,no run,0,,,137/3
1379626,2,18,3,S Rithik Easwaran,Guruswamy Ajitesh,Subodh Bhati,0,0,0,no run,0,,,137/3
1379626,2,18,4,S Rithik Easwaran,Guruswamy Ajitesh,Subodh Bhati,6,6,0,six,0,,,143/3
1379626,2,18,5,S Rithik Easwaran,Guruswamy Ajitesh,Subodh Bhati,1,0,1,wide,0,,,144/3
1379626,2,18,6,S Rithik Easwaran,Guruswamy Ajitesh,Subodh Bhati,1,1,0,run,0,,,145/3
1379626,2,18,7,Guruswamy Ajitesh,S Rithik Easwaran,Subodh Bhati,4,4,0,four,0,,,149/3
1379626,2,19,1,S Rithik Easwaran,Guruswamy Ajitesh,G Kishoor,6,6,0,six,0,,,155/3
1379626,2,19,2,S Rithik Easwaran,Guruswamy Ajitesh,G Kishoor,6,6,0,six,0,,,161/3
1379626,2,19,3,S Rithik Easwaran,Guruswamy Ajitesh,G Kishoor,6,6,0,six,0,,,167/3
1379626,2,19,4,S Rithik Easwaran,Guruswamy Ajitesh,G Kishoor,1,1,0,run,0,,,168/3
1379626,2,19,5,Guruswamy Ajitesh,S Rithik Easwaran,G Kishoor,6,6,0,six,0,,,174/3
1379626,2,19,6,Guruswamy Ajitesh,S Rithik Easwaran,G Kishoor,2,1,1,run,0,,,176/3
1379626,2,19,7,S Rithik Easwaran,Guruswamy Ajitesh,G Kishoor,6,6,0,six,0,,,182/3
1379626,2,20,1,Guruswamy Ajitesh,S Rithik Easwaran,Subodh Bhati,1,1,0,run,0,,,183/3
1379626,2,20,2,S Rithik Easwaran,Guruswamy Ajitesh,Subodh Bhati,1,1,0,run,0,,,184/3
1379626,2,20,3,Guruswamy Ajitesh,S Rithik Easwaran,Subodh Bhati,0,0,0,no run,0,,,184/3
1379626,2,20,4,Guruswamy Ajitesh,S Rithik Easwaran,Subodh Bhati,0,0,0,no run,0,,,184/3
1379626,2,20,5,Guruswamy Ajitesh,S Rithik Easwaran,Subodh Bhati,1,1,0,run,0,,,185/3
1379626,2,20,6,S Rithik Easwaran,Guruswamy Ajitesh,Subodh Bhati,6,6,0,six,0,,,191/3
1379627,1,1,1,S Sujay,Jayaraman Suresh Kumar,Ramsingh Sonu Yadav,4,4,0,four,0,,,4/0
1379627,1,1,2,S Sujay,Jayaraman Suresh Kumar,Ramsingh Sonu Yadav,0,0,0,no run,0,,,4/0
1379627,1,1,3,S Sujay,Jayaraman Suresh Kumar,Ramsingh Sonu Yadav,0,0,0,no run,0,,,4/0
1379627,1,1,4,S Sujay,Jayaraman Suresh Kumar,Ramsingh Sonu Yadav,2,2,0,run,0,,,6/0
1379627,1,1,5,S Sujay,Jayaraman Suresh Kumar,Ramsingh Sonu Yadav,1,1,0,run,0,,,7/0
1379627,1,1,6,Jayaraman Suresh Kumar,S Sujay,Ramsingh Sonu Yadav,2,2,0,run,0,,,9/0
1379627,1,2,1,S Sujay,Jayaraman Suresh Kumar,Sankarankutty Sandeep Warrier,0,0,0,no run,0,,,9/0
1379627,1,2,2,S Sujay,Jayaraman Suresh Kumar,Sankarankutty Sandeep Warrier,0,0,0,out,1,leg before wicket,S Sujay,9/1
1379627,1,2,3,Balasubramaniam Sachin,Jayaraman Suresh Kumar,Sankarankutty Sandeep Warrier,0,0,0,no run,0,,,9/1
1379627,1,2,4,Balasubramaniam Sachin,Jayaraman Suresh Kumar,Sankarankutty Sandeep Warrier,0,0,0,no run,0,,,9/1
1379627,1,2,5,Balasubramaniam Sachin,Jayaraman Suresh Kumar,Sankarankutty Sandeep Warrier,4,4,0,four,0,,,13/1
1379627,1,2,6,Balasubramaniam Sachin,Jayaraman Suresh Kumar,Sankarankutty Sandeep Warrier,0,0,0,no run,0,,,13/1
1379627,1,3,1,Jayaraman Suresh Kumar,Balasubramaniam Sachin,NS Harish,0,0,0,no run,0,,,13/1
1379627,1,3,2,Jayaraman Suresh Kumar,Balasubramaniam Sachin,NS Harish,6,6,0,six,0,,,19/1
1379627,1,3,3,Jayaraman Suresh Kumar,Balasubramaniam Sachin,NS Harish,2,2,0,run,0,,,21/1
1379627,1,3,4,Jayaraman Suresh Kumar,Balasubramaniam Sachin,NS Harish,1,1,0,run,0,,,22/1
1379627,1,3,5,Balasubramaniam Sachin,Jayaraman Suresh Kumar,NS Harish,0,0,0,no run,0,,,22/1
1379627,1,3,6,Balasubramaniam Sachin,Jayaraman Suresh Kumar,NS Harish,1,1,0,run,0,,,23/1
1379627,1,4,1,Balasubramaniam Sachin,Jayaraman Suresh Kumar,Sankarankutty Sandeep Warrier,0,0,0,no run,0,,,23/1
1379627,1,4,2,Balasubramaniam Sachin,Jayaraman Suresh Kumar,Sankarankutty Sandeep Warrier,2,2,0,run,0,,,25/1
1379627,1,4,3,Balasubramaniam Sachin,Jayaraman Suresh Kumar,Sankarankutty Sandeep Warrier,5,5,0,run,0,,,30/1
1379627,1,4,4,Jayaraman Suresh Kumar,Balasubramaniam Sachin,Sankarankutty Sandeep Warrier,1,1,0,run,0,,,31/1
1379627,1,4,5,Balasubramaniam Sachin,Jayaraman Suresh Kumar,Sankarankutty Sandeep Warrier,0,0,0,out,1,caught,Balasubramaniam Sachin,31/2
1379627,1,4,6,U Mukilesh,Jayaraman Suresh Kumar,Sankarankutty Sandeep Warrier,1,1,0,run,0,,,32/2
1379627,1,5,1,U Mukilesh,Jayaraman Suresh Kumar,S Mohan Prasath,0,0,0,no run,0,,,32/2
1379627,1,5,2,U Mukilesh,Jayaraman Suresh Kumar,S Mohan Prasath,0,0,0,no run,0,,,32/2
1379627,1,5,3,U Mukilesh,Jayaraman Suresh Kumar,S Mohan Prasath,0,0,0,no run,0,,,32/2
1379627,1,5,4,U Mukilesh,Jayaraman Suresh Kumar,S Mohan Prasath,1,1,0,run,0,,,33/2
1379627,1,5,5,Jayaraman Suresh Kumar,U Mukilesh,S Mohan Prasath,4,4,0,four,0,,,37/2
1379627,1,5,6,Jayaraman Suresh Kumar,U Mukilesh,S Mohan Prasath,0,0,0,no run,0,,,37/2
1379627,1,6,1,U Mukilesh,Jayaraman Suresh Kumar,Sankarankutty Sandeep Warrier,1,1,0,run,0,,,38/2
1379627,1,6,2,Jayaraman Suresh Kumar,U Mukilesh,Sankarankutty Sandeep Warrier,1,0,1,wide,0,,,39/2
1379627,1,6,3,Jayaraman Suresh Kumar,U Mukilesh,Sankarankutty Sandeep Warrier,0,0,0,no run,0,,,39/2
1379627,1,6,4,Jayaraman Suresh Kumar,U Mukilesh,Sankarankutty Sandeep Warrier,1,1,0,run,0,,,40/2
1379627,1,6,5,U Mukilesh,Jayaraman Suresh Kumar,Sankarankutty Sandeep Warrier,1,1,0,run,0,,,41/2
1379627,1,6,6,Jayaraman Suresh Kumar,U Mukilesh,Sankarankutty Sandeep Warrier,4,4,0,four,0,,,45/2
1379627,1,6,7,Jayaraman Suresh Kumar,U Mukilesh,Sankarankutty Sandeep Warrier,1,1,0,run,0,,,46/2
1379627,1,7,1,Jayaraman Suresh Kumar,U Mukilesh,NS Harish,4,4,0,four,0,,,50/2
1379627,1,7,2,Jayaraman Suresh Kumar,U Mukilesh,NS Harish,0,0,0,no run,0,,,50/2
1379627,1,7,3,Jayaraman Suresh Kumar,U Mukilesh,NS Harish,2,2,0,run,0,,,52/2
1379627,1,7,4,Jayaraman Suresh Kumar,U Mukilesh,NS Harish,1,1,0,run,0,,,53/2
1379627,1,7,5,U Mukilesh,Jayaraman Suresh Kumar,NS Harish,1,1,0,run,0,,,54/2
1379627,1,7,6,Jayaraman Suresh Kumar,U Mukilesh,NS Harish,1,1,0,run,0,,,55/2
1379627,1,8,1,Jayaraman Suresh Kumar,U Mukilesh,S Mohan Prasath,1,1,0,run,0,,,56/2
1379627,1,8,2,U Mukilesh,Jayaraman Suresh Kumar,S Mohan Prasath,1,1,0,run,0,,,57/2
1379627,1,8,3,Jayaraman Suresh Kumar,U Mukilesh,S Mohan Prasath,1,1,0,run,0,,,58/2
1379627,1,8,4,U Mukilesh,Jayaraman Suresh Kumar,S Mohan Prasath,1,1,0,run,0,,,59/2
1379627,1,8,5,Jayaraman Suresh Kumar,U Mukilesh,S Mohan Prasath,1,1,0,run,0,,,60/2
1379627,1,8,6,U Mukilesh,Jayaraman Suresh Kumar,S Mohan Prasath,0,0,0,no run,0,,,60/2
1379627,1,9,1,Jayaraman Suresh Kumar,U Mukilesh,NS Harish,1,1,0,run,0,,,61/2
1379627,1,9,2,U Mukilesh,Jayaraman Suresh Kumar,NS Harish,1,1,0,run,0,,,62/2
1379627,1,9,3,Jayaraman Suresh Kumar,U Mukilesh,NS Harish,0,0,0,no run,0,,,62/2
1379627,1,9,4,Jayaraman Suresh Kumar,U Mukilesh,NS Harish,6,6,0,six,0,,,68/2
1379627,1,9,5,Jayaraman Suresh Kumar,U Mukilesh,NS Harish,0,0,0,no run,0,,,68/2
1379627,1,9,6,Jayaraman Suresh Kumar,U Mukilesh,NS Harish,1,1,0,run,0,,,69/2
1379627,1,10,1,Jayaraman Suresh Kumar,U Mukilesh,M Poiyamozhi,1,1,0,run,0,,,70/2
1379627,1,10,2,U Mukilesh,Jayaraman Suresh Kumar,M Poiyamozhi,1,1,0,run,0,,,71/2
1379627,1,10,3,Jayaraman Suresh Kumar,U Mukilesh,M Poiyamozhi,6,6,0,six,0,,,77/2
1379627,1,10,4,Jayaraman Suresh Kumar,U Mukilesh,M Poiyamozhi,2,2,0,run,0,,,79/2
1379627,1,10,5,Jayaraman Suresh Kumar,U Mukilesh,M Poiyamozhi,1,1,0,run,0,,,80/2
1379627,1,10,6,U Mukilesh,Jayaraman Suresh Kumar,M Poiyamozhi,1,1,0,run,0,,,81/2
1379627,1,11,1,U Mukilesh,Jayaraman Suresh Kumar,S Mohan Prasath,1,1,0,run,0,,,82/2
1379627,1,11,2,Jayaraman Suresh Kumar,U Mukilesh,S Mohan Prasath,1,1,0,run,0,,,83/2
1379627,1,11,3,U Mukilesh,Jayaraman Suresh Kumar,S Mohan Prasath,6,6,0,six,0,,,89/2
1379627,1,11,4,U Mukilesh,Jayaraman Suresh Kumar,S Mohan Prasath,0,0,0,no run,0,,,89/2
1379627,1,11,5,U Mukilesh,Jayaraman Suresh Kumar,S Mohan Prasath,4,4,0,four,0,,,93/2
1379627,1,11,6,U Mukilesh,Jayaraman Suresh Kumar,S Mohan Prasath,1,1,0,run,0,,,94/2
1379627,1,12,1,U Mukilesh,Jayaraman Suresh Kumar,Ramsingh Sonu Yadav,1,1,0,run,0,,,95/2
1379627,1,12,2,Jayaraman Suresh Kumar,U Mukilesh,Ramsingh Sonu Yadav,4,4,0,four,0,,,99/2
1379627,1,12,3,Jayaraman Suresh Kumar,U Mukilesh,Ramsingh Sonu Yadav,1,1,0,run,0,,,100/2
1379627,1,12,4,U Mukilesh,Jayaraman Suresh Kumar,Ramsingh Sonu Yadav,1,1,0,run,0,,,101/2
1379627,1,12,5,Jayaraman Suresh Kumar,U Mukilesh,Ramsingh Sonu Yadav,1,0,1,wide,0,,,102/2
1379627,1,12,6,Jayaraman Suresh Kumar,U Mukilesh,Ramsingh Sonu Yadav,0,0,0,out,1,caught,Jayaraman Suresh Kumar,102/3
1379627,1,12,7,Masood Shahrukh Khan,U Mukilesh,Ramsingh Sonu Yadav,2,2,0,run,0,,,104/3
1379627,1,13,1,U Mukilesh,Masood Shahrukh Khan,S Mohan Prasath,1,1,0,run,0,,,105/3
1379627,1,13,2,Masood Shahrukh Khan,U Mukilesh,S Mohan Prasath,1,1,0,run,0,,,106/3
1379627,1,13,3,U Mukilesh,Masood Shahrukh Khan,S Mohan Prasath,1,1,0,run,0,,,107/3
1379627,1,13,4,Masood Shahrukh Khan,U Mukilesh,S Mohan Prasath,4,4,0,four,0,,,111/3
1379627,1,13,5,Masood Shahrukh Khan,U Mukilesh,S Mohan Prasath,1,0,1,wide,0,,,112/3
1379627,1,13,6,Masood Shahrukh Khan,U Mukilesh,S Mohan Prasath,0,0,0,no run,0,,,112/3
1379627,1,13,7,Masood Shahrukh Khan,U Mukilesh,S Mohan Prasath,0,0,0,out,1,caught,Masood Shahrukh Khan,112/4
1379627,1,14,1,U Mukilesh,Atheeq Ur Rahman,S Lakshay Jain,1,1,0,run,0,,,113/4
1379627,1,14,2,Atheeq Ur Rahman,U Mukilesh,S Lakshay Jain,1,1,0,run,0,,,114/4
1379627,1,14,3,U Mukilesh,Atheeq Ur Rahman,S Lakshay Jain,1,1,0,run,0,,,115/4
1379627,1,14,4,Atheeq Ur Rahman,U Mukilesh,S Lakshay Jain,2,2,0,run,0,,,117/4
1379627,1,14,5,Atheeq Ur Rahman,U Mukilesh,S Lakshay Jain,4,4,0,four,0,,,121/4
1379627,1,14,6,Atheeq Ur Rahman,U Mukilesh,S Lakshay Jain,1,1,0,run,0,,,122/4
1379627,1,15,1,Atheeq Ur Rahman,U Mukilesh,Sankarankutty Sandeep Warrier,1,1,0,run,0,,,123/4
1379627,1,15,2,U Mukilesh,Atheeq Ur Rahman,Sankarankutty Sandeep Warrier,1,0,1,wide,0,,,124/4
1379627,1,15,3,U Mukilesh,Atheeq Ur Rahman,Sankarankutty Sandeep Warrier,4,4,0,four,0,,,128/4
1379627,1,15,4,U Mukilesh,Atheeq Ur Rahman,Sankarankutty Sandeep Warrier,4,4,0,four,0,,,132/4
1379627,1,15,5,U Mukilesh,Atheeq Ur Rahman,Sankarankutty Sandeep Warrier,2,2,0,run,0,,,134/4
1379627,1,15,6,U Mukilesh,Atheeq Ur Rahman,Sankarankutty Sandeep Warrier,1,1,0,run,0,,,135/4
1379627,1,15,7,Atheeq Ur Rahman,U Mukilesh,Sankarankutty Sandeep Warrier,4,4,0,four,0,,,139/4
1379627,1,16,1,U Mukilesh,Atheeq Ur Rahman,M Poiyamozhi,2,2,0,run,0,,,141/4
1379627,1,16,2,U Mukilesh,Atheeq Ur Rahman,M Poiyamozhi,1,1,0,run,0,,,142/4
1379627,1,16,3,Atheeq Ur Rahman,U Mukilesh,M Poiyamozhi,1,1,0,run,0,,,143/4
1379627,1,16,4,U Mukilesh,Atheeq Ur Rahman,M Poiyamozhi,1,1,0,run,0,,,144/4
1379627,1,16,5,Atheeq Ur Rahman,U Mukilesh,M Poiyamozhi,2,2,0,run,0,,,146/4
1379627,1,16,6,Atheeq Ur Rahman,U Mukilesh,M Poiyamozhi,4,4,0,four,0,,,150/4
1379627,1,17,1,U Mukilesh,Atheeq Ur Rahman,Ramsingh Sonu Yadav,1,0,1,leg bye,0,,,151/4
1379627,1,17,2,Atheeq Ur Rahman,U Mukilesh,Ramsingh Sonu Yadav,4,4,0,four,0,,,155/4
1379627,1,17,3,Atheeq Ur Rahman,U Mukilesh,Ramsingh Sonu Yadav,1,0,1,wide,0,,,156/4
1379627,1,17,4,Atheeq Ur Rahman,U Mukilesh,Ramsingh Sonu Yadav,1,1,0,run,0,,,157/4
1379627,1,17,5,U Mukilesh,Atheeq Ur Rahman,Ramsingh Sonu Yadav,0,0,0,no run,0,,,157/4
1379627,1,17,6,U Mukilesh,Atheeq Ur Rahman,Ramsingh Sonu Yadav,1,1,0,run,0,,,158/4
1379627,1,17,7,Atheeq Ur Rahman,U Mukilesh,Ramsingh Sonu Yadav,1,1,0,run,0,,,159/4
1379627,1,18,1,Atheeq Ur Rahman,U Mukilesh,M Poiyamozhi,1,1,0,run,0,,,160/4
1379627,1,18,2,U Mukilesh,Atheeq Ur Rahman,M Poiyamozhi,0,0,0,no run,0,,,160/4
1379627,1,18,3,U Mukilesh,Atheeq Ur Rahman,M Poiyamozhi,1,1,0,run,0,,,161/4
1379627,1,18,4,Atheeq Ur Rahman,U Mukilesh,M Poiyamozhi,4,4,0,four,0,,,165/4
1379627,1,18,5,Atheeq Ur Rahman,U Mukilesh,M Poiyamozhi,1,0,1,wide,0,,,166/4
1379627,1,18,6,Atheeq Ur Rahman,U Mukilesh,M Poiyamozhi,4,4,0,four,0,,,170/4
1379627,1,18,7,Atheeq Ur Rahman,U Mukilesh,M Poiyamozhi,1,1,0,run,0,,,171/4
1379627,1,19,1,Atheeq Ur Rahman,U Mukilesh,Ramsingh Sonu Yadav,4,4,0,four,0,,,175/4
1379627,1,19,2,Atheeq Ur Rahman,U Mukilesh,Ramsingh Sonu Yadav,4,4,0,four,0,,,179/4
1379627,1,19,3,Atheeq Ur Rahman,U Mukilesh,Ramsingh Sonu Yadav,1,0,1,wide,0,,,180/4
1379627,1,19,4,Atheeq Ur Rahman,U Mukilesh,Ramsingh Sonu Yadav,0,0,0,no run,0,,,180/4
1379627,1,19,5,Atheeq Ur Rahman,U Mukilesh,Ramsingh Sonu Yadav,6,6,0,six,0,,,186/4
1379627,1,19,6,Atheeq Ur Rahman,U Mukilesh,Ramsingh Sonu Yadav,0,0,0,out,1,caught,Atheeq Ur Rahman,186/5
1379627,1,19,7,R Ram Arvindh,U Mukilesh,Ramsingh Sonu Yadav,1,1,0,run,0,,,187/5
1379627,1,20,1,R Ram Arvindh,U Mukilesh,M Poiyamozhi,2,2,0,run,0,,,189/5
1379627,1,20,2,R Ram Arvindh,U Mukilesh,M Poiyamozhi,2,0,2,wide,0,,,191/5
1379627,1,20,3,U Mukilesh,R Ram Arvindh,M Poiyamozhi,2,2,0,run,0,,,193/5
1379627,1,20,4,U Mukilesh,R Ram Arvindh,M Poiyamozhi,1,0,1,bye,0,,,194/5
1379627,1,20,5,R Ram Arvindh,U Mukilesh,M Poiyamozhi,6,6,0,six,0,,,200/5
1379627,1,20,6,R Ram Arvindh,U Mukilesh,M Poiyamozhi,1,1,0,run,0,,,201/5
1379627,1,20,7,U Mukilesh,R Ram Arvindh,M Poiyamozhi,4,4,0,four,0,,,205/5
1379627,2,1,1,Konda Bhaskir Arun Karthik,R Sri Neranjan,K Gowtham Thamarai Kannan,0,0,0,no run,0,,,0/0
1379627,2,1,2,Konda Bhaskir Arun Karthik,R Sri Neranjan,K Gowtham Thamarai Kannan,1,0,1,leg bye,0,,,1/0
1379627,2,1,3,R Sri Neranjan,Konda Bhaskir Arun Karthik,K Gowtham Thamarai Kannan,0,0,0,no run,0,,,1/0
1379627,2,1,4,R Sri Neranjan,Konda Bhaskir Arun Karthik,K Gowtham Thamarai Kannan,0,0,0,no run,0,,,1/0
1379627,2,1,5,R Sri Neranjan,Konda Bhaskir Arun Karthik,K Gowtham Thamarai Kannan,0,0,0,out,1,caught,R Sri Neranjan,1/1
1379627,2,1,6,Guruswamy Ajitesh,Konda Bhaskir Arun Karthik,K Gowtham Thamarai Kannan,1,1,0,run,0,,,2/1
1379627,2,2,1,Guruswamy Ajitesh,Konda Bhaskir Arun Karthik,Manimaran Siddharth,0,0,0,out,1,bowled,Guruswamy Ajitesh,2/2
1379627,2,2,2,Nidhish S Rajagopal,Konda Bhaskir Arun Karthik,Manimaran Siddharth,0,0,0,no run,0,,,2/2
1379627,2,2,3,Nidhish S Rajagopal,Konda Bhaskir Arun Karthik,Manimaran Siddharth,0,0,0,no run,0,,,2/2
1379627,2,2,4,Nidhish S Rajagopal,Konda Bhaskir Arun Karthik,Manimaran Siddharth,1,1,0,run,0,,,3/2
1379627,2,2,5,Konda Bhaskir Arun Karthik,Nidhish S Rajagopal,Manimaran Siddharth,0,0,0,no run,0,,,3/2
1379627,2,2,6,Konda Bhaskir Arun Karthik,Nidhish S Rajagopal,Manimaran Siddharth,0,0,0,no run,0,,,3/2
1379627,2,3,1,Nidhish S Rajagopal,Konda Bhaskir Arun Karthik,K Gowtham Thamarai Kannan,1,1,0,run,0,,,4/2
1379627,2,3,2,Konda Bhaskir Arun Karthik,Nidhish S Rajagopal,K Gowtham Thamarai Kannan,6,6,0,six,0,,,10/2
1379627,2,3,3,Konda Bhaskir Arun Karthik,Nidhish S Rajagopal,K Gowtham Thamarai Kannan,4,4,0,four,0,,,14/2
1379627,2,3,4,Konda Bhaskir Arun Karthik,Nidhish S Rajagopal,K Gowtham Thamarai Kannan,6,6,0,six,0,,,20/2
1379627,2,3,5,Konda Bhaskir Arun Karthik,Nidhish S Rajagopal,K Gowtham Thamarai Kannan,4,4,0,four,0,,,24/2
1379627,2,3,6,Konda Bhaskir Arun Karthik,Nidhish S Rajagopal,K Gowtham Thamarai Kannan,2,2,0,run,0,,,26/2
1379627,2,4,1,Nidhish S Rajagopal,Konda Bhaskir Arun Karthik,Manimaran Siddharth,1,1,0,run,0,,,27/2
1379627,2,4,2,Konda Bhaskir Arun Karthik,Nidhish S Rajagopal,Manimaran Siddharth,4,4,0,four,0,,,31/2
1379627,2,4,3,Konda Bhaskir Arun Karthik,Nidhish S Rajagopal,Manimaran Siddharth,1,1,0,run,0,,,32/2
1379627,2,4,4,Nidhish S Rajagopal,Konda Bhaskir Arun Karthik,Manimaran Siddharth,0,0,0,no run,0,,,32/2
1379627,2,4,5,Nidhish S Rajagopal,Konda Bhaskir Arun Karthik,Manimaran Siddharth,0,0,0,no run,0,,,32/2
1379627,2,4,6,Nidhish S Rajagopal,Konda Bhaskir Arun Karthik,Manimaran Siddharth,6,6,0,six,0,,,38/2
1379627,2,5,1,Konda Bhaskir Arun Karthik,Nidhish S Rajagopal,Masood Shahrukh Khan,0,0,0,no run,0,,,38/2
1379627,2,5,2,Konda Bhaskir Arun Karthik,Nidhish S Rajagopal,Masood Shahrukh Khan,1,0,1,leg bye,0,,,39/2
1379627,2,5,3,Nidhish S Rajagopal,Konda Bhaskir Arun Karthik,Masood Shahrukh Khan,0,0,0,no run,0,,,39/2
1379627,2,5,4,Nidhish S Rajagopal,Konda Bhaskir Arun Karthik,Masood Shahrukh Khan,0,0,0,no run,0,,,39/2
1379627,2,5,5,Nidhish S Rajagopal,Konda Bhaskir Arun Karthik,Masood Shahrukh Khan,1,1,0,run,0,,,40/2
1379627,2,5,6,Konda Bhaskir Arun Karthik,Nidhish S Rajagopal,Masood Shahrukh Khan,0,0,0,out,1,bowled,Konda Bhaskir Arun Karthik,40/3
1379627,2,6,1,Nidhish S Rajagopal,Laxmesha Suryaprakash,K Gowtham Thamarai Kannan,0,0,0,no run,0,,,40/3
1379627,2,6,2,Nidhish S Rajagopal,Laxmesha Suryaprakash,K Gowtham Thamarai Kannan,1,1,0,run,0,,,41/3
1379627,2,6,3,Laxmesha Suryaprakash,Nidhish S Rajagopal,K Gowtham Thamarai Kannan,1,0,1,no ball,0,,,42/3
1379627,2,6,4,Laxmesha Suryaprakash,Nidhish S Rajagopal,K Gowtham Thamarai Kannan,1,1,0,run,0,,,43/3
1379627,2,6,5,Nidhish S Rajagopal,Laxmesha Suryaprakash,K Gowtham Thamarai Kannan,1,1,0,run,0,,,44/3
1379627,2,6,6,Laxmesha Suryaprakash,Nidhish S Rajagopal,K Gowtham Thamarai Kannan,6,6,0,six,0,,,50/3
1379627,2,6,7,Laxmesha Suryaprakash,Nidhish S Rajagopal,K Gowtham Thamarai Kannan,4,4,0,four,0,,,54/3
1379627,2,7,1,Nidhish S Rajagopal,Laxmesha Suryaprakash,Masood Shahrukh Khan,1,0,1,wide,0,,,55/3
1379627,2,7,2,Nidhish S Rajagopal,Laxmesha Suryaprakash,Masood Shahrukh Khan,1,1,0,run,0,,,56/3
1379627,2,7,3,Laxmesha Suryaprakash,Nidhish S Rajagopal,Masood Shahrukh Khan,1,1,0,run,0,,,57/3
1379627,2,7,4,Nidhish S Rajagopal,Laxmesha Suryaprakash,Masood Shahrukh Khan,0,0,0,out,1,caught,Nidhish S Rajagopal,57/4
1379627,2,7,5,S Rithik Easwaran,Laxmesha Suryaprakash,Masood Shahrukh Khan,1,1,0,run,0,,,58/4
1379627,2,7,6,Laxmesha Suryaprakash,S Rithik Easwaran,Masood Shahrukh Khan,1,1,0,run,0,,,59/4
1379627,2,7,7,S Rithik Easwaran,Laxmesha Suryaprakash,Masood Shahrukh Khan,1,1,0,run,0,,,60/4
1379627,2,8,1,S Rithik Easwaran,Laxmesha Suryaprakash,Jhathavedh Subramanyan,0,0,0,no run,0,,,60/4
1379627,2,8,2,S Rithik Easwaran,Laxmesha Suryaprakash,Jhathavedh Subramanyan,0,0,0,no run,0,,,60/4
1379627,2,8,3,S Rithik Easwaran,Laxmesha Suryaprakash,Jhathavedh Subramanyan,2,2,0,run,0,,,62/4
1379627,2,8,4,S Rithik Easwaran,Laxmesha Suryaprakash,Jhathavedh Subramanyan,0,0,0,out,1,caught,S Rithik Easwaran,62/5
1379627,2,8,5,Ramsingh Sonu Yadav,Laxmesha Suryaprakash,Jhathavedh Subramanyan,0,0,0,out,1,bowled,Ramsingh Sonu Yadav,62/6
1379627,2,8,6,NS Harish,Laxmesha Suryaprakash,Jhathavedh Subramanyan,0,0,0,no run,0,,,62/6
1379627,2,9,1,Laxmesha Suryaprakash,NS Harish,Masood Shahrukh Khan,1,1,0,run,0,,,63/6
1379627,2,9,2,NS Harish,Laxmesha Suryaprakash,Masood Shahrukh Khan,0,0,0,no run,0,,,63/6
1379627,2,9,3,NS Harish,Laxmesha Suryaprakash,Masood Shahrukh Khan,0,0,0,no run,0,,,63/6
1379627,2,9,4,NS Harish,Laxmesha Suryaprakash,Masood Shahrukh Khan,1,1,0,run,0,,,64/6
1379627,2,9,5,Laxmesha Suryaprakash,NS Harish,Masood Shahrukh Khan,0,0,0,no run,0,,,64/6
1379627,2,9,6,Laxmesha Suryaprakash,NS Harish,Masood Shahrukh Khan,0,0,0,no run,0,,,64/6
1379627,2,10,1,NS Harish,Laxmesha Suryaprakash,Jhathavedh Subramanyan,0,0,0,no run,0,,,64/6
1379627,2,10,2,NS Harish,Laxmesha Suryaprakash,Jhathavedh Subramanyan,0,0,0,out,1,caught,NS Harish,64/7
1379627,2,10,3,S Mohan Prasath,Laxmesha Suryaprakash,Jhathavedh Subramanyan,1,1,0,run,0,,,65/7
1379627,2,10,4,Laxmesha Suryaprakash,S Mohan Prasath,Jhathavedh Subramanyan,0,0,0,no run,0,,,65/7
1379627,2,10,5,Laxmesha Suryaprakash,S Mohan Prasath,Jhathavedh Subramanyan,0,0,0,no run,0,,,65/7
1379627,2,10,6,Laxmesha Suryaprakash,S Mohan Prasath,Jhathavedh Subramanyan,1,1,0,run,0,,,66/7
1379627,2,11,1,Laxmesha Suryaprakash,S Mohan Prasath,M Mohammed,1,1,0,run,0,,,67/7
1379627,2,11,2,S Mohan Prasath,Laxmesha Suryaprakash,M Mohammed,0,0,0,no run,0,,,67/7
1379627,2,11,3,S Mohan Prasath,Laxmesha Suryaprakash,M Mohammed,1,1,0,run,0,,,68/7
1379627,2,11,4,Laxmesha Suryaprakash,S Mohan Prasath,M Mohammed,1,1,0,run,0,,,69/7
1379627,2,11,5,S Mohan Prasath,Laxmesha Suryaprakash,M Mohammed,0,0,0,no run,0,,,69/7
1379627,2,11,6,S Mohan Prasath,Laxmesha Suryaprakash,M Mohammed,0,0,0,no run,0,,,69/7
1379627,2,12,1,Laxmesha Suryaprakash,S Mohan Prasath,Jhathavedh Subramanyan,0,0,0,no run,0,,,69/7
1379627,2,12,2,Laxmesha Suryaprakash,S Mohan Prasath,Jhathavedh Subramanyan,1,1,0,run,0,,,70/7
1379627,2,12,3,S Mohan Prasath,Laxmesha Suryaprakash,Jhathavedh Subramanyan,0,0,0,no run,0,,,70/7
1379627,2,12,4,S Mohan Prasath,Laxmesha Suryaprakash,Jhathavedh Subramanyan,1,1,0,run,0,,,71/7
1379627,2,12,5,Laxmesha Suryaprakash,S Mohan Prasath,Jhathavedh Subramanyan,1,1,0,run,0,,,72/7
1379627,2,12,6,S Mohan Prasath,Laxmesha Suryaprakash,Jhathavedh Subramanyan,0,0,0,no run,0,,,72/7
1379627,2,13,1,Laxmesha Suryaprakash,S Mohan Prasath,M Mohammed,0,0,0,no run,0,,,72/7
1379627,2,13,2,Laxmesha Suryaprakash,S Mohan Prasath,M Mohammed,1,0,1,wide,0,,,73/7
1379627,2,13,3,Laxmesha Suryaprakash,S Mohan Prasath,M Mohammed,2,2,0,run,0,,,75/7
1379627,2,13,4,Laxmesha Suryaprakash,S Mohan Prasath,M Mohammed,0,0,0,no run,0,,,75/7
1379627,2,13,5,Laxmesha Suryaprakash,S Mohan Prasath,M Mohammed,1,1,0,run,0,,,76/7
1379627,2,13,6,S Mohan Prasath,Laxmesha Suryaprakash,M Mohammed,0,0,0,out,1,caught,S Mohan Prasath,76/8
1379627,2,13,7,S Lakshay Jain,Laxmesha Suryaprakash,M Mohammed,4,4,0,four,0,,,80/8
1379627,2,14,1,Laxmesha Suryaprakash,S Lakshay Jain,Jhathavedh Subramanyan,0,0,0,out,1,caught,Laxmesha Suryaprakash,80/9
1379627,2,14,2,M Poiyamozhi,S Lakshay Jain,Jhathavedh Subramanyan,6,6,0,six,0,,,86/9
1379627,2,14,3,M Poiyamozhi,S Lakshay Jain,Jhathavedh Subramanyan,6,6,0,six,0,,,92/9
1379627,2,14,4,M Poiyamozhi,S Lakshay Jain,Jhathavedh Subramanyan,1,1,0,run,0,,,93/9
1379627,2,14,5,S Lakshay Jain,M Poiyamozhi,Jhathavedh Subramanyan,0,0,0,no run,0,,,93/9
1379627,2,14,6,S Lakshay Jain,M Poiyamozhi,Jhathavedh Subramanyan,1,1,0,run,0,,,94/9
1379627,2,15,1,S Lakshay Jain,M Poiyamozhi,Masood Shahrukh Khan,0,0,0,no run,0,,,94/9
1379627,2,15,2,S Lakshay Jain,M Poiyamozhi,Masood Shahrukh Khan,1,1,0,run,0,,,95/9
1379627,2,15,3,M Poiyamozhi,S Lakshay Jain,Masood Shahrukh Khan,0,0,0,no run,0,,,95/9
1379627,2,15,4,M Poiyamozhi,S Lakshay Jain,Masood Shahrukh Khan,6,6,0,six,0,,,101/9
1379627,2,15,5,M Poiyamozhi,S Lakshay Jain,Masood Shahrukh Khan,0,0,0,no run,0,,,101/9
1379627,2,15,6,M Poiyamozhi,S Lakshay Jain,Masood Shahrukh Khan,0,0,0,out,1,caught,M Poiyamozhi,101/10
