match_id,innings,over,ball,batter,non_striker,bowler,runs_total,runs_batter,runs_extras,play_type,is_wicket,wicket_kind,dismissed,team_score
1489107,1,1,1,K Vishal Vaidhya,Suresh Lokeshwar,Sankarankutty Sandeep Warrier,1,1,0,run,0,,,1/0
1489107,1,1,2,Suresh Lokeshwar,K Vishal Vaidhya,Sankarankutty Sandeep Warrier,1,1,0,run,0,,,2/0
1489107,1,1,3,K Vishal Vaidhya,Suresh Lokeshwar,Sankarankutty Sandeep Warrier,1,1,0,run,0,,,3/0
1489107,1,1,4,Suresh Lokeshwar,K Vishal Vaidhya,Sankarankutty Sandeep Warrier,0,0,0,no run,0,,,3/0
1489107,1,1,5,Suresh Lokeshwar,K Vishal Vaidhya,Sankarankutty Sandeep Warrier,1,1,0,run,0,,,4/0
1489107,1,1,6,K Vishal Vaidhya,Suresh Lokeshwar,Sankarankutty Sandeep Warrier,0,0,0,no run,0,,,4/0
1489107,1,2,1,Suresh Lokeshwar,K Vishal Vaidhya,Ravichandran Ashwin,1,1,0,run,0,,,5/0
1489107,1,2,2,K Vishal Vaidhya,Suresh Lokeshwar,Ravichandran Ashwin,0,0,0,no run,0,,,5/0
1489107,1,2,3,K Vishal Vaidhya,Suresh Lokeshwar,Ravichandran Ashwin,1,1,0,run,0,,,6/0
1489107,1,2,4,Suresh Lokeshwar,K Vishal Vaidhya,Ravichandran Ashwin,1,1,0,run,0,,,7/0
1489107,1,2,5,K Vishal Vaidhya,Suresh Lokeshwar,Ravichandran Ashwin,1,1,0,run,0,,,8/0
1489107,1,2,6,Suresh Lokeshwar,K Vishal Vaidhya,Ravichandran Ashwin,0,0,0,no run,0,,,8/0
1489107,1,3,1,K Vishal Vaidhya,Suresh Lokeshwar,Sankarankutty Sandeep Warrier,0,0,0,no run,0,,,8/0
1489107,1,3,2,K Vishal Vaidhya,Suresh Lokeshwar,Sankarankutty Sandeep Warrier,1,1,0,run,0,,,9/0
1489107,1,3,3,Suresh Lokeshwar,K Vishal Vaidhya,Sankarankutty Sandeep Warrier,6,6,0,six,0,,,15/0
1489107,1,3,4,Suresh Lokeshwar,K Vishal Vaidhya,Sankarankutty Sandeep Warrier,1,1,0,run,0,,,16/0
1489107,1,3,5,K Vishal Vaidhya,Suresh Lokeshwar,Sankarankutty Sandeep Warrier,1,1,0,run,0,,,17/0
1489107,1,3,6,Suresh Lokeshwar,K Vishal Vaidhya,Sankarankutty Sandeep Warrier,0,0,0,no run,0,,,17/0
1489107,1,4,1,K Vishal Vaidhya,Suresh Lokeshwar,Ravichandran Ashwin,0,0,0,no run,0,,,17/0
1489107,1,4,2,K Vishal Vaidhya,Suresh Lokeshwar,Ravichandran Ashwin,0,0,0,out,1,caught,K Vishal Vaidhya,17/1
1489107,1,4,3,Balasubramaniam Sachin,Suresh Lokeshwar,Ravichandran Ashwin,2,2,0,run,0,,,19/1
1489107,1,4,4,Balasubramaniam Sachin,Suresh Lokeshwar,Ravichandran Ashwin,1,1,0,run,0,,,20/1
1489107,1,4,5,Suresh Lokeshwar,Balasubramaniam Sachin,Ravichandran Ashwin,4,4,0,four,0,,,24/1
1489107,1,4,6,Suresh Lokeshwar,Balasubramaniam Sachin,Ravichandran Ashwin,0,0,0,no run,0,,,24/1
1489107,1,5,1,Balasubramaniam Sachin,Suresh Lokeshwar,Sankarankutty Sandeep Warrier,4,4,0,four,0,,,28/1
1489107,1,5,2,Balasubramaniam Sachin,Suresh Lokeshwar,Sankarankutty Sandeep Warrier,1,1,0,run,0,,,29/1
1489107,1,5,3,Suresh Lokeshwar,Balasubramaniam Sachin,Sankarankutty Sandeep Warrier,0,0,0,out,1,caught,Suresh Lokeshwar,29/2
1489107,1,5,4,C Andre Siddarth,Balasubramaniam Sachin,Sankarankutty Sandeep Warrier,0,0,0,no run,0,,,29/2
1489107,1,5,5,C Andre Siddarth,Balasubramaniam Sachin,Sankarankutty Sandeep Warrier,4,4,0,four,0,,,33/2
1489107,1,5,6,C Andre Siddarth,Balasubramaniam Sachin,Sankarankutty Sandeep Warrier,0,0,0,no run,0,,,33/2
1489107,1,6,1,Balasubramaniam Sachin,C Andre Siddarth,DT Chandrasekar,4,4,0,four,0,,,37/2
1489107,1,6,2,Balasubramaniam Sachin,C Andre Siddarth,DT Chandrasekar,1,1,0,run,0,,,38/2
1489107,1,6,3,C Andre Siddarth,Balasubramaniam Sachin,DT Chandrasekar,0,0,0,no run,0,,,38/2
1489107,1,6,4,C Andre Siddarth,Balasubramaniam Sachin,DT Chandrasekar,1,1,0,run,0,,,39/2
1489107,1,6,5,Balasubramaniam Sachin,C Andre Siddarth,DT Chandrasekar,0,0,0,no run,0,,,39/2
1489107,1,6,6,Balasubramaniam Sachin,C Andre Siddarth,DT Chandrasekar,0,0,0,no run,0,,,39/2
1489107,1,7,1,C Andre Siddarth,Balasubramaniam Sachin,Ganeshan Periyaswamy,1,1,0,run,0,,,40/2
1489107,1,7,2,Balasubramaniam Sachin,C Andre Siddarth,Ganeshan Periyaswamy,1,1,0,run,0,,,41/2
1489107,1,7,3,C Andre Siddarth,Balasubramaniam Sachin,Ganeshan Periyaswamy,1,1,0,run,0,,,42/2
1489107,1,7,4,Balasubramaniam Sachin,C Andre Siddarth,Ganeshan Periyaswamy,1,1,0,run,0,,,43/2
1489107,1,7,5,C Andre Siddarth,Balasubramaniam Sachin,Ganeshan Periyaswamy,0,0,0,no run,0,,,43/2
1489107,1,7,6,C Andre Siddarth,Balasubramaniam Sachin,Ganeshan Periyaswamy,1,1,0,run,0,,,44/2
1489107,1,8,1,C Andre Siddarth,Balasubramaniam Sachin,Varun Chakravarthy Vinod,0,0,0,no run,0,,,44/2
1489107,1,8,2,C Andre Siddarth,Balasubramaniam Sachin,Varun Chakravarthy Vinod,1,1,0,run,0,,,45/2
1489107,1,8,3,Balasubramaniam Sachin,C Andre Siddarth,Varun Chakravarthy Vinod,1,1,0,run,0,,,46/2
1489107,1,8,4,C Andre Siddarth,Balasubramaniam Sachin,Varun Chakravarthy Vinod,1,1,0,run,0,,,47/2
1489107,1,8,5,Balasubramaniam Sachin,C Andre Siddarth,Varun Chakravarthy Vinod,4,4,0,four,0,,,51/2
1489107,1,8,6,Balasubramaniam Sachin,C Andre Siddarth,Varun Chakravarthy Vinod,1,1,0,run,0,,,52/2
1489107,1,9,1,Balasubramaniam Sachin,C Andre Siddarth,DT Chandrasekar,4,4,0,four,0,,,56/2
1489107,1,9,2,Balasubramaniam Sachin,C Andre Siddarth,DT Chandrasekar,1,1,0,run,0,,,57/2
1489107,1,9,3,C Andre Siddarth,Balasubramaniam Sachin,DT Chandrasekar,1,1,0,run,0,,,58/2
1489107,1,9,4,Balasubramaniam Sachin,C Andre Siddarth,DT Chandrasekar,0,0,0,no run,0,,,58/2
1489107,1,9,5,Balasubramaniam Sachin,C Andre Siddarth,DT Chandrasekar,0,0,0,no run,0,,,58/2
1489107,1,9,6,Balasubramaniam Sachin,C Andre Siddarth,DT Chandrasekar,1,1,0,run,0,,,59/2
1489107,1,10,1,Balasubramaniam Sachin,C Andre Siddarth,Ravichandran Ashwin,1,1,0,run,0,,,60/2
1489107,1,10,2,C Andre Siddarth,Balasubramaniam Sachin,Ravichandran Ashwin,1,1,0,run,0,,,61/2
1489107,1,10,3,Balasubramaniam Sachin,C Andre Siddarth,Ravichandran Ashwin,1,1,0,run,0,,,62/2
1489107,1,10,4,C Andre Siddarth,Balasubramaniam Sachin,Ravichandran Ashwin,1,1,0,run,0,,,63/2
1489107,1,10,5,Balasubramaniam Sachin,C Andre Siddarth,Ravichandran Ashwin,1,1,0,run,0,,,64/2
1489107,1,10,6,C Andre Siddarth,Balasubramaniam Sachin,Ravichandran Ashwin,4,4,0,four,0,,,68/2
1489107,1,11,1,Balasubramaniam Sachin,C Andre Siddarth,DT Chandrasekar,1,0,1,leg bye,0,,,69/2
1489107,1,11,2,C Andre Siddarth,Balasubramaniam Sachin,DT Chandrasekar,1,1,0,run,0,,,70/2
1489107,1,11,3,Balasubramaniam Sachin,C Andre Siddarth,DT Chandrasekar,1,1,0,run,0,,,71/2
1489107,1,11,4,C Andre Siddarth,Balasubramaniam Sachin,DT Chandrasekar,0,0,0,no run,0,,,71/2
1489107,1,11,5,C Andre Siddarth,Balasubramaniam Sachin,DT Chandrasekar,1,1,0,run,0,,,72/2
1489107,1,11,6,Balasubramaniam Sachin,C Andre Siddarth,DT Chandrasekar,1,1,0,run,0,,,73/2
1489107,1,12,1,Balasubramaniam Sachin,C Andre Siddarth,Varun Chakravarthy Vinod,0,0,0,no run,0,,,73/2
1489107,1,12,2,Balasubramaniam Sachin,C Andre Siddarth,Varun Chakravarthy Vinod,0,0,0,no run,0,,,73/2
1489107,1,12,3,Balasubramaniam Sachin,C Andre Siddarth,Varun Chakravarthy Vinod,1,1,0,run,0,,,74/2
1489107,1,12,4,C Andre Siddarth,Balasubramaniam Sachin,Varun Chakravarthy Vinod,1,1,0,run,0,,,75/2
1489107,1,12,5,Balasubramaniam Sachin,C Andre Siddarth,Varun Chakravarthy Vinod,6,6,0,six,0,,,81/2
1489107,1,12,6,Balasubramaniam Sachin,C Andre Siddarth,Varun Chakravarthy Vinod,4,4,0,four,0,,,85/2
1489107,1,13,1,C Andre Siddarth,Balasubramaniam Sachin,Ganeshan Periyaswamy,1,1,0,run,0,,,86/2
1489107,1,13,2,Balasubramaniam Sachin,C Andre Siddarth,Ganeshan Periyaswamy,0,0,0,no run,0,,,86/2
1489107,1,13,3,Balasubramaniam Sachin,C Andre Siddarth,Ganeshan Periyaswamy,1,1,0,run,0,,,87/2
1489107,1,13,4,C Andre Siddarth,Balasubramaniam Sachin,Ganeshan Periyaswamy,4,4,0,four,0,,,91/2
1489107,1,13,5,C Andre Siddarth,Balasubramaniam Sachin,Ganeshan Periyaswamy,0,0,0,out,1,run out,C Andre Siddarth,91/3
1489107,1,13,6,Masood Shahrukh Khan,Balasubramaniam Sachin,Ganeshan Periyaswamy,0,0,0,no run,0,,,91/3
1489107,1,14,1,Balasubramaniam Sachin,Masood Shahrukh Khan,Varun Chakravarthy Vinod,1,1,0,run,0,,,92/3
1489107,1,14,2,Masood Shahrukh Khan,Balasubramaniam Sachin,Varun Chakravarthy Vinod,0,0,0,no run,0,,,92/3
1489107,1,14,3,Masood Shahrukh Khan,Balasubramaniam Sachin,Varun Chakravarthy Vinod,0,0,0,no run,0,,,92/3
1489107,1,14,4,Masood Shahrukh Khan,Balasubramaniam Sachin,Varun Chakravarthy Vinod,4,4,0,four,0,,,96/3
1489107,1,14,5,Masood Shahrukh Khan,Balasubramaniam Sachin,Varun Chakravarthy Vinod,1,1,0,run,0,,,97/3
1489107,1,14,6,Balasubramaniam Sachin,Masood Shahrukh Khan,Varun Chakravarthy Vinod,0,0,0,no run,0,,,97/3
1489107,1,15,1,Masood Shahrukh Khan,Balasubramaniam Sachin,DT Chandrasekar,1,1,0,run,0,,,98/3
1489107,1,15,2,Balasubramaniam Sachin,Masood Shahrukh Khan,DT Chandrasekar,0,0,0,no run,0,,,98/3
1489107,1,15,3,Balasubramaniam Sachin,Masood Shahrukh Khan,DT Chandrasekar,4,4,0,four,0,,,102/3
1489107,1,15,4,Balasubramaniam Sachin,Masood Shahrukh Khan,DT Chandrasekar,1,1,0,run,0,,,103/3
1489107,1,15,5,Masood Shahrukh Khan,Balasubramaniam Sachin,DT Chandrasekar,1,1,0,run,0,,,104/3
1489107,1,15,6,Balasubramaniam Sachin,Masood Shahrukh Khan,DT Chandrasekar,1,1,0,run,0,,,105/3
1489107,1,16,1,Balasubramaniam Sachin,Masood Shahrukh Khan,Ravichandran Ashwin,1,0,1,wide,0,,,106/3
1489107,1,16,2,Balasubramaniam Sachin,Masood Shahrukh Khan,Ravichandran Ashwin,0,0,0,out,1,caught,Balasubramaniam Sachin,106/4
1489107,1,16,3,L Pradheep Vishal,Masood Shahrukh Khan,Ravichandran Ashwin,1,1,0,run,0,,,107/4
1489107,1,16,4,Masood Shahrukh Khan,L Pradheep Vishal,Ravichandran Ashwin,2,2,0,run,0,,,109/4
1489107,1,16,5,Masood Shahrukh Khan,L Pradheep Vishal,Ravichandran Ashwin,4,4,0,four,0,,,113/4
1489107,1,16,6,Masood Shahrukh Khan,L Pradheep Vishal,Ravichandran Ashwin,4,4,0,four,0,,,117/4
1489107,1,16,7,Masood Shahrukh Khan,L Pradheep Vishal,Ravichandran Ashwin,1,1,0,run,0,,,118/4
1489107,1,17,1,Masood Shahrukh Khan,L Pradheep Vishal,Ganeshan Periyaswamy,1,1,0,run,0,,,119/4
1489107,1,17,2,L Pradheep Vishal,Masood Shahrukh Khan,Ganeshan Periyaswamy,2,2,0,run,0,,,121/4
1489107,1,17,3,L Pradheep Vishal,Masood Shahrukh Khan,Ganeshan Periyaswamy,1,1,0,run,0,,,122/4
1489107,1,17,4,Masood Shahrukh Khan,L Pradheep Vishal,Ganeshan Periyaswamy,6,6,0,six,0,,,128/4
1489107,1,17,5,Masood Shahrukh Khan,L Pradheep Vishal,Ganeshan Periyaswamy,0,0,0,out,1,caught,Masood Shahrukh Khan,128/5
1489107,1,17,6,CH Jitendra Kumar,L Pradheep Vishal,Ganeshan Periyaswamy,0,0,0,no run,0,,,128/5
1489107,1,18,1,L Pradheep Vishal,CH Jitendra Kumar,Varun Chakravarthy Vinod,1,1,0,run,0,,,129/5
1489107,1,18,2,CH Jitendra Kumar,L Pradheep Vishal,Varun Chakravarthy Vinod,1,1,0,run,0,,,130/5
1489107,1,18,3,L Pradheep Vishal,CH Jitendra Kumar,Varun Chakravarthy Vinod,1,1,0,run,0,,,131/5
1489107,1,18,4,CH Jitendra Kumar,L Pradheep Vishal,Varun Chakravarthy Vinod,1,1,0,run,0,,,132/5
1489107,1,18,5,L Pradheep Vishal,CH Jitendra Kumar,Varun Chakravarthy Vinod,1,1,0,run,0,,,133/5
1489107,1,18,6,CH Jitendra Kumar,L Pradheep Vishal,Varun Chakravarthy Vinod,0,0,0,no run,0,,,133/5
1489107,1,19,1,L Pradheep Vishal,CH Jitendra Kumar,Ganeshan Periyaswamy,0,0,0,out,1,caught,L Pradheep Vishal,133/6
1489107,1,19,2,P Bhuvaneswaran,CH Jitendra Kumar,Ganeshan Periyaswamy,1,1,0,run,0,,,134/6
1489107,1,19,3,CH Jitendra Kumar,P Bhuvaneswaran,Ganeshan Periyaswamy,6,6,0,six,0,,,140/6
1489107,1,19,4,CH Jitendra Kumar,P Bhuvaneswaran,Ganeshan Periyaswamy,1,0,1,leg bye,0,,,141/6
1489107,1,19,5,P Bhuvaneswaran,CH Jitendra Kumar,Ganeshan Periyaswamy,1,1,0,run,0,,,142/6
1489107,1,19,6,CH Jitendra Kumar,P Bhuvaneswaran,Ganeshan Periyaswamy,1,1,0,run,0,,,143/6
1489107,1,20,1,CH Jitendra Kumar,P Bhuvaneswaran,Sankarankutty Sandeep Warrier,0,0,0,no run,0,,,143/6
1489107,1,20,2,CH Jitendra Kumar,P Bhuvaneswaran,Sankarankutty Sandeep Warrier,1,1,0,run,0,,,144/6
1489107,1,20,3,P Bhuvaneswaran,CH Jitendra Kumar,Sankarankutty Sandeep Warrier,1,0,1,leg bye,0,,,145/6
1489107,1,20,4,CH Jitendra Kumar,P Bhuvaneswaran,Sankarankutty Sandeep Warrier,0,0,0,out,1,caught,CH Jitendra Kumar,145/7
1489107,1,20,5,Ramalingam Rohit,P Bhuvaneswaran,Sankarankutty Sandeep Warrier,4,4,0,four,0,,,149/7
1489107,1,20,6,Ramalingam Rohit,P Bhuvaneswaran,Sankarankutty Sandeep Warrier,0,0,0,out,1,run out,P Bhuvaneswaran,149/8
1489107,2,1,1,Ravichandran Ashwin,Shivam Singh,Ramalingam Rohit,0,0,0,no run,0,,,0/0
1489107,2,1,2,Ravichandran Ashwin,Shivam Singh,Ramalingam Rohit,0,0,0,no run,0,,,0/0
1489107,2,1,3,Ravichandran Ashwin,Shivam Singh,Ramalingam Rohit,6,6,0,six,0,,,6/0
1489107,2,1,4,Ravichandran Ashwin,Shivam Singh,Ramalingam Rohit,0,0,0,no run,0,,,6/0
1489107,2,1,5,Ravichandran Ashwin,Shivam Singh,Ramalingam Rohit,1,1,0,run,0,,,7/0
1489107,2,1,6,Shivam Singh,Ravichandran Ashwin,Ramalingam Rohit,1,0,1,wide,0,,,8/0
1489107,2,1,7,Shivam Singh,Ravichandran Ashwin,Ramalingam Rohit,0,0,0,no run,0,,,8/0
1489107,2,2,1,Ravichandran Ashwin,Shivam Singh,Manimaran Siddharth,2,2,0,run,0,,,10/0
1489107,2,2,2,Ravichandran Ashwin,Shivam Singh,Manimaran Siddharth,0,0,0,no run,0,,,10/0
1489107,2,2,3,Ravichandran Ashwin,Shivam Singh,Manimaran Siddharth,4,4,0,four,0,,,14/0
1489107,2,2,4,Ravichandran Ashwin,Shivam Singh,Manimaran Siddharth,0,0,0,no run,0,,,14/0
1489107,2,2,5,Ravichandran Ashwin,Shivam Singh,Manimaran Siddharth,1,1,0,run,0,,,15/0
1489107,2,2,6,Shivam Singh,Ravichandran Ashwin,Manimaran Siddharth,1,1,0,run,0,,,16/0
1489107,2,3,1,Shivam Singh,Ravichandran Ashwin,Ramalingam Rohit,0,0,0,no run,0,,,16/0
1489107,2,3,2,Shivam Singh,Ravichandran Ashwin,Ramalingam Rohit,1,1,0,run,0,,,17/0
1489107,2,3,3,Ravichandran Ashwin,Shivam Singh,Ramalingam Rohit,1,1,0,run,0,,,18/0
1489107,2,3,4,Shivam Singh,Ravichandran Ashwin,Ramalingam Rohit,6,6,0,six,0,,,24/0
1489107,2,3,5,Shivam Singh,Ravichandran Ashwin,Ramalingam Rohit,1,1,0,run,0,,,25/0
1489107,2,3,6,Ravichandran Ashwin,Shivam Singh,Ramalingam Rohit,0,0,0,out,1,caught,Ravichandran Ashwin,25/1
1489107,2,4,1,Shivam Singh,R Vimal Khumar,Manimaran Siddharth,0,0,0,no run,0,,,25/1
1489107,2,4,2,Shivam Singh,R Vimal Khumar,Manimaran Siddharth,1,1,0,run,0,,,26/1
1489107,2,4,3,R Vimal Khumar,Shivam Singh,Manimaran Siddharth,1,1,0,run,0,,,27/1
1489107,2,4,4,Shivam Singh,R Vimal Khumar,Manimaran Siddharth,1,1,0,run,0,,,28/1
1489107,2,4,5,R Vimal Khumar,Shivam Singh,Manimaran Siddharth,1,1,0,run,0,,,29/1
1489107,2,4,6,Shivam Singh,R Vimal Khumar,Manimaran Siddharth,1,1,0,run,0,,,30/1
1489107,2,5,1,Shivam Singh,R Vimal Khumar,P Bhuvaneswaran,4,4,0,four,0,,,34/1
1489107,2,5,2,Shivam Singh,R Vimal Khumar,P Bhuvaneswaran,0,0,0,no run,0,,,34/1
1489107,2,5,3,Shivam Singh,R Vimal Khumar,P Bhuvaneswaran,0,0,0,no run,0,,,34/1
1489107,2,5,4,Shivam Singh,R Vimal Khumar,P Bhuvaneswaran,1,1,0,run,0,,,35/1
1489107,2,5,5,R Vimal Khumar,Shivam Singh,P Bhuvaneswaran,0,0,0,no run,0,,,35/1
1489107,2,5,6,R Vimal Khumar,Shivam Singh,P Bhuvaneswaran,1,1,0,run,0,,,36/1
1489107,2,6,1,R Vimal Khumar,Shivam Singh,Masood Shahrukh Khan,0,0,0,no run,0,,,36/1
1489107,2,6,2,R Vimal Khumar,Shivam Singh,Masood Shahrukh Khan,0,0,0,no run,0,,,36/1
1489107,2,6,3,R Vimal Khumar,Shivam Singh,Masood Shahrukh Khan,0,0,0,no run,0,,,36/1
1489107,2,6,4,R Vimal Khumar,Shivam Singh,Masood Shahrukh Khan,4,4,0,four,0,,,40/1
1489107,2,6,5,R Vimal Khumar,Shivam Singh,Masood Shahrukh Khan,1,0,1,leg bye,0,,,41/1
1489107,2,6,6,Shivam Singh,R Vimal Khumar,Masood Shahrukh Khan,1,1,0,run,0,,,42/1
1489107,2,7,1,Shivam Singh,R Vimal Khumar,Jhathavedh Subramanyan,4,4,0,four,0,,,46/1
1489107,2,7,2,Shivam Singh,R Vimal Khumar,Jhathavedh Subramanyan,0,0,0,no run,0,,,46/1
1489107,2,7,3,Shivam Singh,R Vimal Khumar,Jhathavedh Subramanyan,1,1,0,run,0,,,47/1
1489107,2,7,4,R Vimal Khumar,Shivam Singh,Jhathavedh Subramanyan,0,0,0,no run,0,,,47/1
1489107,2,7,5,R Vimal Khumar,Shivam Singh,Jhathavedh Subramanyan,0,0,0,no run,0,,,47/1
1489107,2,7,6,R Vimal Khumar,Shivam Singh,Jhathavedh Subramanyan,1,1,0,run,0,,,48/1
1489107,2,8,1,R Vimal Khumar,Shivam Singh,Masood Shahrukh Khan,1,1,0,run,0,,,49/1
1489107,2,8,2,Shivam Singh,R Vimal Khumar,Masood Shahrukh Khan,1,1,0,run,0,,,50/1
1489107,2,8,3,R Vimal Khumar,Shivam Singh,Masood Shahrukh Khan,1,1,0,run,0,,,51/1
1489107,2,8,4,Shivam Singh,R Vimal Khumar,Masood Shahrukh Khan,1,1,0,run,0,,,52/1
1489107,2,8,5,R Vimal Khumar,Shivam Singh,Masood Shahrukh Khan,3,3,0,run,0,,,55/1
1489107,2,8,6,Shivam Singh,R Vimal Khumar,Masood Shahrukh Khan,1,1,0,run,0,,,56/1
1489107,2,9,1,Shivam Singh,R Vimal Khumar,Jhathavedh Subramanyan,1,1,0,run,0,,,57/1
1489107,2,9,2,R Vimal Khumar,Shivam Singh,Jhathavedh Subramanyan,4,4,0,four,0,,,61/1
1489107,2,9,3,R Vimal Khumar,Shivam Singh,Jhathavedh Subramanyan,0,0,0,no run,0,,,61/1
1489107,2,9,4,R Vimal Khumar,Shivam Singh,Jhathavedh Subramanyan,0,0,0,no run,0,,,61/1
1489107,2,9,5,R Vimal Khumar,Shivam Singh,Jhathavedh Subramanyan,4,4,0,four,0,,,65/1
1489107,2,9,6,R Vimal Khumar,Shivam Singh,Jhathavedh Subramanyan,0,0,0,no run,0,,,65/1
1489107,2,10,1,Shivam Singh,R Vimal Khumar,Govinth Ganesh,0,0,0,no run,0,,,65/1
1489107,2,10,2,Shivam Singh,R Vimal Khumar,Govinth Ganesh,1,1,0,run,0,,,66/1
1489107,2,10,3,R Vimal Khumar,Shivam Singh,Govinth Ganesh,1,1,0,run,0,,,67/1
1489107,2,10,4,Shivam Singh,R Vimal Khumar,Govinth Ganesh,4,4,0,four,0,,,71/1
1489107,2,10,5,Shivam Singh,R Vimal Khumar,Govinth Ganesh,6,6,0,six,0,,,77/1
1489107,2,10,6,Shivam Singh,R Vimal Khumar,Govinth Ganesh,3,3,0,run,0,,,80/1
1489107,2,11,1,Shivam Singh,R Vimal Khumar,Manimaran Siddharth,1,1,0,run,0,,,81/1
1489107,2,11,2,R Vimal Khumar,Shivam Singh,Manimaran Siddharth,0,0,0,no run,0,,,81/1
1489107,2,11,3,R Vimal Khumar,Shivam Singh,Manimaran Siddharth,4,4,0,four,0,,,85/1
1489107,2,11,4,R Vimal Khumar,Shivam Singh,Manimaran Siddharth,1,1,0,run,0,,,86/1
1489107,2,11,5,Shivam Singh,R Vimal Khumar,Manimaran Siddharth,1,0,1,leg bye,0,,,87/1
1489107,2,11,6,R Vimal Khumar,Shivam Singh,Manimaran Siddharth,1,0,1,wide,0,,,88/1
1489107,2,11,7,R Vimal Khumar,Shivam Singh,Manimaran Siddharth,1,1,0,run,0,,,89/1
1489107,2,12,1,R Vimal Khumar,Shivam Singh,Masood Shahrukh Khan,0,0,0,out,1,caught,R Vimal Khumar,89/2
1489107,2,12,2,Hunny Saini,Shivam Singh,Masood Shahrukh Khan,2,2,0,run,0,,,91/2
1489107,2,12,3,Hunny Saini,Shivam Singh,Masood Shahrukh Khan,4,4,0,four,0,,,95/2
1489107,2,12,4,Hunny Saini,Shivam Singh,Masood Shahrukh Khan,6,6,0,six,0,,,101/2
1489107,2,12,5,Hunny Saini,Shivam Singh,Masood Shahrukh Khan,0,0,0,out,1,caught,Hunny Saini,101/3
1489107,2,12,6,Baba Indrajith,Shivam Singh,Masood Shahrukh Khan,1,1,0,run,0,,,102/3
1489107,2,13,1,Baba Indrajith,Shivam Singh,P Bhuvaneswaran,1,1,0,run,0,,,103/3
1489107,2,13,2,Shivam Singh,Baba Indrajith,P Bhuvaneswaran,1,1,0,run,0,,,104/3
1489107,2,13,3,Baba Indrajith,Shivam Singh,P Bhuvaneswaran,1,1,0,run,0,,,105/3
1489107,2,13,4,Shivam Singh,Baba Indrajith,P Bhuvaneswaran,2,2,0,run,0,,,107/3
1489107,2,13,5,Shivam Singh,Baba Indrajith,P Bhuvaneswaran,2,2,0,run,0,,,109/3
1489107,2,13,6,Shivam Singh,Baba Indrajith,P Bhuvaneswaran,1,1,0,run,0,,,110/3
1489107,2,14,1,Shivam Singh,Baba Indrajith,Jhathavedh Subramanyan,1,1,0,run,0,,,111/3
1489107,2,14,2,Baba Indrajith,Shivam Singh,Jhathavedh Subramanyan,1,1,0,run,0,,,112/3
1489107,2,14,3,Shivam Singh,Baba Indrajith,Jhathavedh Subramanyan,0,0,0,no run,0,,,112/3
1489107,2,14,4,Shivam Singh,Baba Indrajith,Jhathavedh Subramanyan,1,1,0,run,0,,,113/3
1489107,2,14,5,Baba Indrajith,Shivam Singh,Jhathavedh Subramanyan,1,1,0,run,0,,,114/3
1489107,2,14,6,Shivam Singh,Baba Indrajith,Jhathavedh Subramanyan,1,1,0,run,0,,,115/3
1489107,2,15,1,Shivam Singh,Baba Indrajith,P Bhuvaneswaran,1,1,0,run,0,,,116/3
1489107,2,15,2,Baba Indrajith,Shivam Singh,P Bhuvaneswaran,1,1,0,run,0,,,117/3
1489107,2,15,3,Shivam Singh,Baba Indrajith,P Bhuvaneswaran,4,4,0,four,0,,,121/3
1489107,2,15,4,Shivam Singh,Baba Indrajith,P Bhuvaneswaran,1,1,0,run,0,,,122/3
1489107,2,15,5,Baba Indrajith,Shivam Singh,P Bhuvaneswaran,0,0,0,no run,0,,,122/3
1489107,2,15,6,Baba Indrajith,Shivam Singh,P Bhuvaneswaran,4,4,0,four,0,,,126/3
1489107,2,16,1,Shivam Singh,Baba Indrajith,Jhathavedh Subramanyan,1,1,0,run,0,,,127/3
1489107,2,16,2,Baba Indrajith,Shivam Singh,Jhathavedh Subramanyan,0,0,0,no run,0,,,127/3
1489107,2,16,3,Baba Indrajith,Shivam Singh,Jhathavedh Subramanyan,2,2,0,run,0,,,129/3
1489107,2,16,4,Baba Indrajith,Shivam Singh,Jhathavedh Subramanyan,1,1,0,run,0,,,130/3
1489107,2,16,5,Shivam Singh,Baba Indrajith,Jhathavedh Subramanyan,1,1,0,run,0,,,131/3
1489107,2,16,6,Baba Indrajith,Shivam Singh,Jhathavedh Subramanyan,0,0,0,no run,0,,,131/3
1489107,2,17,1,Shivam Singh,Baba Indrajith,Manimaran Siddharth,4,4,0,four,0,,,135/3
1489107,2,17,2,Shivam Singh,Baba Indrajith,Manimaran Siddharth,6,6,0,six,0,,,141/3
1489107,2,17,3,Shivam Singh,Baba Indrajith,Manimaran Siddharth,0,0,0,no run,0,,,141/3
1489107,2,17,4,Shivam Singh,Baba Indrajith,Manimaran Siddharth,0,0,0,no run,0,,,141/3
1489107,2,17,5,Shivam Singh,Baba Indrajith,Manimaran Siddharth,0,0,0,no run,0,,,141/3
1489107,2,17,6,Shivam Singh,Baba Indrajith,Manimaran Siddharth,1,1,0,run,0,,,142/3
1489107,2,18,1,Shivam Singh,Baba Indrajith,Govinth Ganesh,6,6,0,six,0,,,148/3
1489107,2,18,2,Shivam Singh,Baba Indrajith,Govinth Ganesh,6,6,0,six,0,,,154/3
1489108,1,1,1,VP Amit Sathvik,Tushar Raheja,Abhishek Baljeetsingh Tanwar,0,0,0,no run,0,,,0/0
1489108,1,1,2,VP Amit Sathvik,Tushar Raheja,Abhishek Baljeetsingh Tanwar,1,0,1,no ball,0,,,1/0
1489108,1,1,3,VP Amit Sathvik,Tushar Raheja,Abhishek Baljeetsingh Tanwar,0,0,0,no run,0,,,1/0
1489108,1,1,4,VP Amit Sathvik,Tushar Raheja,Abhishek Baljeetsingh Tanwar,0,0,0,no run,0,,,1/0
1489108,1,1,5,VP Amit Sathvik,Tushar Raheja,Abhishek Baljeetsingh Tanwar,0,0,0,out,1,bowled,VP Amit Sathvik,1/1
1489108,1,1,6,K Rajkumar,Tushar Raheja,Abhishek Baljeetsingh Tanwar,0,0,0,no run,0,,,1/1
1489108,1,1,7,K Rajkumar,Tushar Raheja,Abhishek Baljeetsingh Tanwar,1,1,0,run,0,,,2/1
1489108,1,2,1,K Rajkumar,Tushar Raheja,Vijay Shankar,1,0,1,wide,0,,,3/1
1489108,1,2,2,K Rajkumar,Tushar Raheja,Vijay Shankar,1,1,0,run,0,,,4/1
1489108,1,2,3,Tushar Raheja,K Rajkumar,Vijay Shankar,1,1,0,run,0,,,5/1
1489108,1,2,4,K Rajkumar,Tushar Raheja,Vijay Shankar,0,0,0,no run,0,,,5/1
1489108,1,2,5,K Rajkumar,Tushar Raheja,Vijay Shankar,0,0,0,no run,0,,,5/1
1489108,1,2,6,K Rajkumar,Tushar Raheja,Vijay Shankar,4,0,4,leg bye,0,,,9/1
1489108,1,2,7,K Rajkumar,Tushar Raheja,Vijay Shankar,0,0,0,no run,0,,,9/1
1489108,1,3,1,Tushar Raheja,K Rajkumar,Abhishek Baljeetsingh Tanwar,6,6,0,six,0,,,15/1
1489108,1,3,2,Tushar Raheja,K Rajkumar,Abhishek Baljeetsingh Tanwar,1,1,0,run,0,,,16/1
1489108,1,3,3,K Rajkumar,Tushar Raheja,Abhishek Baljeetsingh Tanwar,1,1,0,run,0,,,17/1
1489108,1,3,4,Tushar Raheja,K Rajkumar,Abhishek Baljeetsingh Tanwar,0,0,0,no run,0,,,17/1
1489108,1,3,5,Tushar Raheja,K Rajkumar,Abhishek Baljeetsingh Tanwar,0,0,0,no run,0,,,17/1
1489108,1,3,6,Tushar Raheja,K Rajkumar,Abhishek Baljeetsingh Tanwar,0,0,0,no run,0,,,17/1
1489108,1,4,1,K Rajkumar,Tushar Raheja,Vijay Shankar,1,1,0,run,0,,,18/1
1489108,1,4,2,Tushar Raheja,K Rajkumar,Vijay Shankar,6,6,0,six,0,,,24/1
1489108,1,4,3,Tushar Raheja,K Rajkumar,Vijay Shankar,4,4,0,four,0,,,28/1
1489108,1,4,4,Tushar Raheja,K Rajkumar,Vijay Shankar,0,0,0,no run,0,,,28/1
1489108,1,4,5,Tushar Raheja,K Rajkumar,Vijay Shankar,2,2,0,run,0,,,30/1
1489108,1,4,6,Tushar Raheja,K Rajkumar,Vijay Shankar,4,4,0,four,0,,,34/1
1489108,1,5,1,K Rajkumar,Tushar Raheja,Baba Aparajith,0,0,0,no run,0,,,34/1
1489108,1,5,2,K Rajkumar,Tushar Raheja,Baba Aparajith,4,4,0,four,0,,,38/1
1489108,1,5,3,K Rajkumar,Tushar Raheja,Baba Aparajith,1,1,0,run,0,,,39/1
1489108,1,5,4,Tushar Raheja,K Rajkumar,Baba Aparajith,0,0,0,no run,0,,,39/1
1489108,1,5,5,Tushar Raheja,K Rajkumar,Baba Aparajith,0,0,0,no run,0,,,39/1
1489108,1,5,6,Tushar Raheja,K Rajkumar,Baba Aparajith,4,4,0,four,0,,,43/1
1489108,1,6,1,K Rajkumar,Tushar Raheja,J Prem Kumar,0,0,0,no run,0,,,43/1
1489108,1,6,2,K Rajkumar,Tushar Raheja,J Prem Kumar,0,0,0,no run,0,,,43/1
1489108,1,6,3,K Rajkumar,Tushar Raheja,J Prem Kumar,2,2,0,run,0,,,45/1
1489108,1,6,4,K Rajkumar,Tushar Raheja,J Prem Kumar,0,0,0,no run,0,,,45/1
1489108,1,6,5,K Rajkumar,Tushar Raheja,J Prem Kumar,1,1,0,run,0,,,46/1
1489108,1,6,6,Tushar Raheja,K Rajkumar,J Prem Kumar,0,0,0,no run,0,,,46/1
1489108,1,7,1,K Rajkumar,Tushar Raheja,Baba Aparajith,0,0,0,no run,0,,,46/1
1489108,1,7,2,K Rajkumar,Tushar Raheja,Baba Aparajith,1,1,0,run,0,,,47/1
1489108,1,7,3,Tushar Raheja,K Rajkumar,Baba Aparajith,1,1,0,run,0,,,48/1
1489108,1,7,4,K Rajkumar,Tushar Raheja,Baba Aparajith,0,0,0,no run,0,,,48/1
1489108,1,7,5,K Rajkumar,Tushar Raheja,Baba Aparajith,1,1,0,run,0,,,49/1
1489108,1,7,6,Tushar Raheja,K Rajkumar,Baba Aparajith,1,1,0,run,0,,,50/1
1489108,1,8,1,Tushar Raheja,K Rajkumar,J Prem Kumar,0,0,0,no run,0,,,50/1
1489108,1,8,2,Tushar Raheja,K Rajkumar,J Prem Kumar,1,1,0,run,0,,,51/1
1489108,1,8,3,K Rajkumar,Tushar Raheja,J Prem Kumar,0,0,0,out,1,caught,K Rajkumar,51/2
1489108,1,8,4,Pradosh Ranjan Paul,Tushar Raheja,J Prem Kumar,0,0,0,no run,0,,,51/2
1489108,1,8,5,Pradosh Ranjan Paul,Tushar Raheja,J Prem Kumar,1,0,1,leg bye,0,,,52/2
1489108,1,8,6,Tushar Raheja,Pradosh Ranjan Paul,J Prem Kumar,1,0,1,leg bye,0,,,53/2
1489108,1,9,1,Tushar Raheja,Pradosh Ranjan Paul,Baba Aparajith,4,4,0,four,0,,,57/2
1489108,1,9,2,Tushar Raheja,Pradosh Ranjan Paul,Baba Aparajith,1,1,0,run,0,,,58/2
1489108,1,9,3,Pradosh Ranjan Paul,Tushar Raheja,Baba Aparajith,0,0,0,no run,0,,,58/2
1489108,1,9,4,Pradosh Ranjan Paul,Tushar Raheja,Baba Aparajith,0,0,0,no run,0,,,58/2
1489108,1,9,5,Pradosh Ranjan Paul,Tushar Raheja,Baba Aparajith,1,1,0,run,0,,,59/2
1489108,1,9,6,Tushar Raheja,Pradosh Ranjan Paul,Baba Aparajith,6,6,0,six,0,,,65/2
1489108,1,10,1,Pradosh Ranjan Paul,Tushar Raheja,TD Lokesh Raj,1,1,0,run,0,,,66/2
1489108,1,10,2,Tushar Raheja,Pradosh Ranjan Paul,TD Lokesh Raj,1,1,0,run,0,,,67/2
1489108,1,10,3,Pradosh Ranjan Paul,Tushar Raheja,TD Lokesh Raj,1,1,0,run,0,,,68/2
1489108,1,10,4,Tushar Raheja,Pradosh Ranjan Paul,TD Lokesh Raj,0,0,0,no run,0,,,68/2
1489108,1,10,5,Tushar Raheja,Pradosh Ranjan Paul,TD Lokesh Raj,6,6,0,six,0,,,74/2
1489108,1,10,6,Tushar Raheja,Pradosh Ranjan Paul,TD Lokesh Raj,1,1,0,run,0,,,75/2
1489108,1,11,1,Tushar Raheja,Pradosh Ranjan Paul,Swapnil Singh,1,0,1,no ball,0,,,76/2
1489108,1,11,2,Tushar Raheja,Pradosh Ranjan Paul,Swapnil Singh,1,1,0,run,0,,,77/2
1489108,1,11,3,Pradosh Ranjan Paul,Tushar Raheja,Swapnil Singh,1,1,0,run,0,,,78/2
1489108,1,11,4,Tushar Raheja,Pradosh Ranjan Paul,Swapnil Singh,4,4,0,four,0,,,82/2
1489108,1,11,5,Tushar Raheja,Pradosh Ranjan Paul,Swapnil Singh,1,1,0,run,0,,,83/2
1489108,1,11,6,Pradosh Ranjan Paul,Tushar Raheja,Swapnil Singh,1,1,0,run,0,,,84/2
1489108,1,11,7,Tushar Raheja,Pradosh Ranjan Paul,Swapnil Singh,1,1,0,run,0,,,85/2
1489108,1,12,1,Tushar Raheja,Pradosh Ranjan Paul,Baba Aparajith,6,6,0,six,0,,,91/2
1489108,1,12,2,Tushar Raheja,Pradosh Ranjan Paul,Baba Aparajith,1,1,0,run,0,,,92/2
1489108,1,12,3,Pradosh Ranjan Paul,Tushar Raheja,Baba Aparajith,1,1,0,run,0,,,93/2
1489108,1,12,4,Tushar Raheja,Pradosh Ranjan Paul,Baba Aparajith,1,1,0,run,0,,,94/2
1489108,1,12,5,Pradosh Ranjan Paul,Tushar Raheja,Baba Aparajith,1,1,0,run,0,,,95/2
1489108,1,12,6,Tushar Raheja,Pradosh Ranjan Paul,Baba Aparajith,1,1,0,run,0,,,96/2
1489108,1,13,1,Tushar Raheja,Pradosh Ranjan Paul,J Prem Kumar,2,2,0,run,0,,,98/2
1489108,1,13,2,Tushar Raheja,Pradosh Ranjan Paul,J Prem Kumar,1,1,0,run,0,,,99/2
1489108,1,13,3,Pradosh Ranjan Paul,Tushar Raheja,J Prem Kumar,6,6,0,six,0,,,105/2
1489108,1,13,4,Pradosh Ranjan Paul,Tushar Raheja,J Prem Kumar,1,1,0,run,0,,,106/2
1489108,1,13,5,Tushar Raheja,Pradosh Ranjan Paul,J Prem Kumar,1,1,0,run,0,,,107/2
1489108,1,13,6,Pradosh Ranjan Paul,Tushar Raheja,J Prem Kumar,0,0,0,no run,0,,,107/2
1489108,1,14,1,Tushar Raheja,Pradosh Ranjan Paul,Vijay Shankar,4,4,0,four,0,,,111/2
1489108,1,14,2,Tushar Raheja,Pradosh Ranjan Paul,Vijay Shankar,4,4,0,four,0,,,115/2
1489108,1,14,3,Tushar Raheja,Pradosh Ranjan Paul,Vijay Shankar,1,1,0,run,0,,,116/2
1489108,1,14,4,Pradosh Ranjan Paul,Tushar Raheja,Vijay Shankar,1,1,0,run,0,,,117/2
1489108,1,14,5,Tushar Raheja,Pradosh Ranjan Paul,Vijay Shankar,0,0,0,out,1,caught,Tushar Raheja,117/3
1489108,1,14,6,Uthirasamy Sasidev,Pradosh Ranjan Paul,Vijay Shankar,1,1,0,run,0,,,118/3
1489108,1,15,1,Uthirasamy Sasidev,Pradosh Ranjan Paul,Swapnil Singh,1,1,0,run,0,,,119/3
1489108,1,15,2,Pradosh Ranjan Paul,Uthirasamy Sasidev,Swapnil Singh,2,2,0,run,0,,,121/3
1489108,1,15,3,Pradosh Ranjan Paul,Uthirasamy Sasidev,Swapnil Singh,4,4,0,four,0,,,125/3
1489108,1,15,4,Pradosh Ranjan Paul,Uthirasamy Sasidev,Swapnil Singh,1,1,0,run,0,,,126/3
1489108,1,15,5,Uthirasamy Sasidev,Pradosh Ranjan Paul,Swapnil Singh,4,4,0,four,0,,,130/3
1489108,1,15,6,Uthirasamy Sasidev,Pradosh Ranjan Paul,Swapnil Singh,1,1,0,run,0,,,131/3
1489108,1,16,1,Uthirasamy Sasidev,Pradosh Ranjan Paul,TD Lokesh Raj,0,0,0,no run,0,,,131/3
1489108,1,16,2,Uthirasamy Sasidev,Pradosh Ranjan Paul,TD Lokesh Raj,0,0,0,out,1,caught,Uthirasamy Sasidev,131/4
1489108,1,16,3,S Mohamed Ali,Pradosh Ranjan Paul,TD Lokesh Raj,1,1,0,run,0,,,132/4
1489108,1,16,4,Pradosh Ranjan Paul,S Mohamed Ali,TD Lokesh Raj,6,6,0,six,0,,,138/4
1489108,1,16,5,Pradosh Ranjan Paul,S Mohamed Ali,TD Lokesh Raj,4,4,0,four,0,,,142/4
1489108,1,16,6,Pradosh Ranjan Paul,S Mohamed Ali,TD Lokesh Raj,0,0,0,no run,0,,,142/4
1489108,1,17,1,S Mohamed Ali,Pradosh Ranjan Paul,J Prem Kumar,1,0,1,wide,0,,,143/4
1489108,1,17,2,S Mohamed Ali,Pradosh Ranjan Paul,J Prem Kumar,6,6,0,six,0,,,149/4
1489108,1,17,3,S Mohamed Ali,Pradosh Ranjan Paul,J Prem Kumar,0,0,0,no run,0,,,149/4
1489108,1,17,4,S Mohamed Ali,Pradosh Ranjan Paul,J Prem Kumar,1,1,0,run,0,,,150/4
1489108,1,17,5,Pradosh Ranjan Paul,S Mohamed Ali,J Prem Kumar,1,1,0,run,0,,,151/4
1489108,1,17,6,S Mohamed Ali,Pradosh Ranjan Paul,J Prem Kumar,0,0,0,no run,0,,,151/4
1489108,1,17,7,S Mohamed Ali,Pradosh Ranjan Paul,J Prem Kumar,1,1,0,run,0,,,152/4
1489108,1,18,1,S Mohamed Ali,Pradosh Ranjan Paul,Abhishek Baljeetsingh Tanwar,1,1,0,run,0,,,153/4
1489108,1,18,2,Pradosh Ranjan Paul,S Mohamed Ali,Abhishek Baljeetsingh Tanwar,1,1,0,run,0,,,154/4
1489108,1,18,3,S Mohamed Ali,Pradosh Ranjan Paul,Abhishek Baljeetsingh Tanwar,1,1,0,run,0,,,155/4
1489108,1,18,4,Pradosh Ranjan Paul,S Mohamed Ali,Abhishek Baljeetsingh Tanwar,1,1,0,run,0,,,156/4
1489108,1,18,5,S Mohamed Ali,Pradosh Ranjan Paul,Abhishek Baljeetsingh Tanwar,4,4,0,four,0,,,160/4
1489108,1,18,6,S Mohamed Ali,Pradosh Ranjan Paul,Abhishek Baljeetsingh Tanwar,0,0,0,no run,0,,,160/4
1489108,1,19,1,Pradosh Ranjan Paul,S Mohamed Ali,Vijay Shankar,1,0,1,wide,0,,,161/4
1489108,1,19,2,Pradosh Ranjan Paul,S Mohamed Ali,Vijay Shankar,1,1,0,run,0,,,162/4
1489108,1,19,3,S Mohamed Ali,Pradosh Ranjan Paul,Vijay Shankar,1,1,0,run,0,,,163/4
1489108,1,19,4,Pradosh Ranjan Paul,S Mohamed Ali,Vijay Shankar,1,1,0,run,0,,,164/4
1489108,1,19,5,S Mohamed Ali,Pradosh Ranjan Paul,Vijay Shankar,0,0,0,out,1,leg before wicket,S Mohamed Ali,164/5
1489108,1,19,6,Prabanjan S,Pradosh Ranjan Paul,Vijay Shankar,3,3,0,run,0,,,167/5
1489108,1,19,7,Pradosh Ranjan Paul,Prabanjan S,Vijay Shankar,1,1,0,run,0,,,168/5
1489108,1,20,1,Pradosh Ranjan Paul,Prabanjan S,Abhishek Baljeetsingh Tanwar,0,0,0,out,1,caught,Pradosh Ranjan Paul,168/6
1489108,1,20,2,Ravisrinivasan Sai Kishore,Prabanjan S,Abhishek Baljeetsingh Tanwar,1,1,0,run,0,,,169/6
1489108,1,20,3,Prabanjan S,Ravisrinivasan Sai Kishore,Abhishek Baljeetsingh Tanwar,1,1,0,run,0,,,170/6
1489108,1,20,4,Ravisrinivasan Sai Kishore,Prabanjan S,Abhishek Baljeetsingh Tanwar,0,0,0,no run,0,,,170/6
1489108,1,20,5,Ravisrinivasan Sai Kishore,Prabanjan S,Abhishek Baljeetsingh Tanwar,1,1,0,run,0,,,171/6
1489108,1,20,6,Prabanjan S,Ravisrinivasan Sai Kishore,Abhishek Baljeetsingh Tanwar,2,2,0,run,0,,,173/6
1489108,2,1,1,K Aashiq,RS Mokit Hariharan,S Mohamed Ali,1,1,0,run,0,,,1/0
1489108,2,1,2,RS Mokit Hariharan,K Aashiq,S Mohamed Ali,1,0,1,wide,0,,,2/0
1489108,2,1,3,RS Mokit Hariharan,K Aashiq,S Mohamed Ali,0,0,0,no run,0,,,2/0
1489108,2,1,4,RS Mokit Hariharan,K Aashiq,S Mohamed Ali,1,0,1,wide,0,,,3/0
1489108,2,1,5,RS Mokit Hariharan,K Aashiq,S Mohamed Ali,1,0,1,leg bye,0,,,4/0
1489108,2,1,6,K Aashiq,RS Mokit Hariharan,S Mohamed Ali,1,1,0,run,0,,,5/0
1489108,2,1,7,RS Mokit Hariharan,K Aashiq,S Mohamed Ali,6,6,0,six,0,,,11/0
1489108,2,1,8,RS Mokit Hariharan,K Aashiq,S Mohamed Ali,1,1,0,run,0,,,12/0
1489108,2,2,1,RS Mokit Hariharan,K Aashiq,Ragupathy Silambarasan,1,0,1,wide,0,,,13/0
1489108,2,2,2,RS Mokit Hariharan,K Aashiq,Ragupathy Silambarasan,1,0,1,wide,0,,,14/0
1489108,2,2,3,RS Mokit Hariharan,K Aashiq,Ragupathy Silambarasan,4,4,0,four,0,,,18/0
1489108,2,2,4,RS Mokit Hariharan,K Aashiq,Ragupathy Silambarasan,1,1,0,run,0,,,19/0
1489108,2,2,5,K Aashiq,RS Mokit Hariharan,Ragupathy Silambarasan,0,0,0,no run,0,,,19/0
1489108,2,2,6,K Aashiq,RS Mokit Hariharan,Ragupathy Silambarasan,0,0,0,out,1,bowled,K Aashiq,19/1
1489108,2,2,7,Baba Aparajith,RS Mokit Hariharan,Ragupathy Silambarasan,0,0,0,no run,0,,,19/1
1489108,2,2,8,Baba Aparajith,RS Mokit Hariharan,Ragupathy Silambarasan,0,0,0,no run,0,,,19/1
1489108,2,3,1,RS Mokit Hariharan,Baba Aparajith,M Mathivannan,1,0,1,leg bye,0,,,20/1
1489108,2,3,2,Baba Aparajith,RS Mokit Hariharan,M Mathivannan,1,1,0,run,0,,,21/1
1489108,2,3,3,RS Mokit Hariharan,Baba Aparajith,M Mathivannan,4,4,0,four,0,,,25/1
1489108,2,3,4,RS Mokit Hariharan,Baba Aparajith,M Mathivannan,4,4,0,four,0,,,29/1
1489108,2,3,5,RS Mokit Hariharan,Baba Aparajith,M Mathivannan,1,1,0,run,0,,,30/1
1489108,2,3,6,Baba Aparajith,RS Mokit Hariharan,M Mathivannan,1,1,0,run,0,,,31/1
1489108,2,4,1,Baba Aparajith,RS Mokit Hariharan,Thangarasu Natarajan,0,0,0,no run,0,,,31/1
1489108,2,4,2,Baba Aparajith,RS Mokit Hariharan,Thangarasu Natarajan,0,0,0,no run,0,,,31/1
1489108,2,4,3,Baba Aparajith,RS Mokit Hariharan,Thangarasu Natarajan,4,4,0,four,0,,,35/1
1489108,2,4,4,Baba Aparajith,RS Mokit Hariharan,Thangarasu Natarajan,1,1,0,run,0,,,36/1
1489108,2,4,5,RS Mokit Hariharan,Baba Aparajith,Thangarasu Natarajan,4,4,0,four,0,,,40/1
1489108,2,4,6,RS Mokit Hariharan,Baba Aparajith,Thangarasu Natarajan,4,4,0,four,0,,,44/1
1489108,2,5,1,Baba Aparajith,RS Mokit Hariharan,Ravisrinivasan Sai Kishore,1,1,0,run,0,,,45/1
1489108,2,5,2,RS Mokit Hariharan,Baba Aparajith,Ravisrinivasan Sai Kishore,0,0,0,no run,0,,,45/1
1489108,2,5,3,RS Mokit Hariharan,Baba Aparajith,Ravisrinivasan Sai Kishore,6,6,0,six,0,,,51/1
1489108,2,5,4,RS Mokit Hariharan,Baba Aparajith,Ravisrinivasan Sai Kishore,0,0,0,no run,0,,,51/1
1489108,2,5,5,RS Mokit Hariharan,Baba Aparajith,Ravisrinivasan Sai Kishore,4,4,0,four,0,,,55/1
1489108,2,5,6,RS Mokit Hariharan,Baba Aparajith,Ravisrinivasan Sai Kishore,1,1,0,run,0,,,56/1
1489108,2,6,1,RS Mokit Hariharan,Baba Aparajith,S Mohamed Ali,1,1,0,run,0,,,57/1
1489108,2,6,2,Baba Aparajith,RS Mokit Hariharan,S Mohamed Ali,4,4,0,four,0,,,61/1
1489108,2,6,3,Baba Aparajith,RS Mokit Hariharan,S Mohamed Ali,1,1,0,run,0,,,62/1
1489108,2,6,4,RS Mokit Hariharan,Baba Aparajith,S Mohamed Ali,4,4,0,four,0,,,66/1
1489108,2,6,5,RS Mokit Hariharan,Baba Aparajith,S Mohamed Ali,1,1,0,run,0,,,67/1
1489108,2,6,6,Baba Aparajith,RS Mokit Hariharan,S Mohamed Ali,1,1,0,run,0,,,68/1
1489108,2,7,1,Baba Aparajith,RS Mokit Hariharan,Ravisrinivasan Sai Kishore,0,0,0,no run,0,,,68/1
1489108,2,7,2,Baba Aparajith,RS Mokit Hariharan,Ravisrinivasan Sai Kishore,1,1,0,run,0,,,69/1
1489108,2,7,3,RS Mokit Hariharan,Baba Aparajith,Ravisrinivasan Sai Kishore,0,0,0,no run,0,,,69/1
1489108,2,7,4,RS Mokit Hariharan,Baba Aparajith,Ravisrinivasan Sai Kishore,0,0,0,out,1,caught,RS Mokit Hariharan,69/2
1489108,2,7,5,Vijay Shankar,Baba Aparajith,Ravisrinivasan Sai Kishore,0,0,0,no run,0,,,69/2
1489108,2,7,6,Vijay Shankar,Baba Aparajith,Ravisrinivasan Sai Kishore,2,2,0,run,0,,,71/2
1489108,2,8,1,Baba Aparajith,Vijay Shankar,M Mathivannan,1,1,0,run,0,,,72/2
1489108,2,8,2,Vijay Shankar,Baba Aparajith,M Mathivannan,1,1,0,run,0,,,73/2
1489108,2,8,3,Baba Aparajith,Vijay Shankar,M Mathivannan,4,4,0,four,0,,,77/2
1489108,2,8,4,Baba Aparajith,Vijay Shankar,M Mathivannan,1,1,0,run,0,,,78/2
1489108,2,8,5,Vijay Shankar,Baba Aparajith,M Mathivannan,0,0,0,no run,0,,,78/2
1489108,2,8,6,Vijay Shankar,Baba Aparajith,M Mathivannan,1,1,0,run,0,,,79/2
1489108,2,9,1,Vijay Shankar,Baba Aparajith,Balu Surya,6,6,0,six,0,,,85/2
1489108,2,9,2,Vijay Shankar,Baba Aparajith,Balu Surya,0,0,0,no run,0,,,85/2
1489108,2,9,3,Vijay Shankar,Baba Aparajith,Balu Surya,1,1,0,run,0,,,86/2
1489108,2,9,4,Baba Aparajith,Vijay Shankar,Balu Surya,1,1,0,run,0,,,87/2
1489108,2,9,5,Vijay Shankar,Baba Aparajith,Balu Surya,1,1,0,run,0,,,88/2
1489108,2,9,6,Baba Aparajith,Vijay Shankar,Balu Surya,1,1,0,run,0,,,89/2
1489108,2,10,1,Baba Aparajith,Vijay Shankar,M Mathivannan,0,0,0,no run,0,,,89/2
1489108,2,10,2,Baba Aparajith,Vijay Shankar,M Mathivannan,1,1,0,run,0,,,90/2
1489108,2,10,3,Vijay Shankar,Baba Aparajith,M Mathivannan,1,1,0,run,0,,,91/2
1489108,2,10,4,Baba Aparajith,Vijay Shankar,M Mathivannan,2,2,0,run,0,,,93/2
1489108,2,10,5,Baba Aparajith,Vijay Shankar,M Mathivannan,1,1,0,run,0,,,94/2
1489108,2,10,6,Vijay Shankar,Baba Aparajith,M Mathivannan,6,6,0,six,0,,,100/2
1489108,2,11,1,Baba Aparajith,Vijay Shankar,Thangarasu Natarajan,1,1,0,run,0,,,101/2
1489108,2,11,2,Vijay Shankar,Baba Aparajith,Thangarasu Natarajan,4,4,0,four,0,,,105/2
1489108,2,11,3,Vijay Shankar,Baba Aparajith,Thangarasu Natarajan,0,0,0,no run,0,,,105/2
1489108,2,11,4,Vijay Shankar,Baba Aparajith,Thangarasu Natarajan,1,1,0,run,0,,,106/2
1489108,2,11,5,Baba Aparajith,Vijay Shankar,Thangarasu Natarajan,1,1,0,run,0,,,107/2
1489108,2,11,6,Vijay Shankar,Baba Aparajith,Thangarasu Natarajan,6,6,0,six,0,,,113/2
1489108,2,12,1,Baba Aparajith,Vijay Shankar,Balu Surya,0,0,0,no run,0,,,113/2
1489108,2,12,2,Baba Aparajith,Vijay Shankar,Balu Surya,6,6,0,six,0,,,119/2
1489108,2,12,3,Baba Aparajith,Vijay Shankar,Balu Surya,1,1,0,run,0,,,120/2
1489108,2,12,4,Vijay Shankar,Baba Aparajith,Balu Surya,1,1,0,run,0,,,121/2
1489108,2,12,5,Baba Aparajith,Vijay Shankar,Balu Surya,1,0,1,no ball,0,,,122/2
1489108,2,12,6,Baba Aparajith,Vijay Shankar,Balu Surya,4,4,0,four,0,,,126/2
1489108,2,12,7,Baba Aparajith,Vijay Shankar,Balu Surya,1,1,0,run,0,,,127/2
1489108,2,13,1,Baba Aparajith,Vijay Shankar,Ravisrinivasan Sai Kishore,4,4,0,four,0,,,131/2
1489108,2,13,2,Baba Aparajith,Vijay Shankar,Ravisrinivasan Sai Kishore,1,1,0,run,0,,,132/2
1489108,2,13,3,Vijay Shankar,Baba Aparajith,Ravisrinivasan Sai Kishore,1,1,0,run,0,,,133/2
1489108,2,13,4,Baba Aparajith,Vijay Shankar,Ravisrinivasan Sai Kishore,0,0,0,no run,0,,,133/2
1489108,2,13,5,Baba Aparajith,Vijay Shankar,Ravisrinivasan Sai Kishore,0,0,0,no run,0,,,133/2
1489108,2,13,6,Baba Aparajith,Vijay Shankar,Ravisrinivasan Sai Kishore,1,1,0,run,0,,,134/2
1489108,2,14,1,Baba Aparajith,Vijay Shankar,Ragupathy Silambarasan,0,0,0,no run,0,,,134/2
1489108,2,14,2,Baba Aparajith,Vijay Shankar,Ragupathy Silambarasan,6,6,0,six,0,,,140/2
1489108,2,14,3,Baba Aparajith,Vijay Shankar,Ragupathy Silambarasan,1,1,0,run,0,,,141/2
1489108,2,14,4,Vijay Shankar,Baba Aparajith,Ragupathy Silambarasan,1,1,0,run,0,,,142/2
1489108,2,14,5,Baba Aparajith,Vijay Shankar,Ragupathy Silambarasan,1,0,1,wide,0,,,143/2
1489108,2,14,6,Baba Aparajith,Vijay Shankar,Ragupathy Silambarasan,1,1,0,run,0,,,144/2
1489108,2,14,7,Vijay Shankar,Baba Aparajith,Ragupathy Silambarasan,2,2,0,run,0,,,146/2
1489108,2,15,1,Baba Aparajith,Vijay Shankar,Ravisrinivasan Sai Kishore,0,0,0,no run,0,,,146/2
1489108,2,15,2,Baba Aparajith,Vijay Shankar,Ravisrinivasan Sai Kishore,1,1,0,run,0,,,147/2
1489108,2,15,3,Vijay Shankar,Baba Aparajith,Ravisrinivasan Sai Kishore,0,0,0,no run,0,,,147/2
1489108,2,15,4,Vijay Shankar,Baba Aparajith,Ravisrinivasan Sai Kishore,1,1,0,run,0,,,148/2
1489108,2,15,5,Baba Aparajith,Vijay Shankar,Ravisrinivasan Sai Kishore,0,0,0,no run,0,,,148/2
1489108,2,15,6,Baba Aparajith,Vijay Shankar,Ravisrinivasan Sai Kishore,6,6,0,six,0,,,154/2
1489108,2,16,1,Vijay Shankar,Baba Aparajith,Ragupathy Silambarasan,4,4,0,four,0,,,158/2
1489108,2,16,2,Vijay Shankar,Baba Aparajith,Ragupathy Silambarasan,1,1,0,run,0,,,159/2
1489108,2,16,3,Baba Aparajith,Vijay Shankar,Ragupathy Silambarasan,2,2,0,run,0,,,161/2
1489108,2,16,4,Baba Aparajith,Vijay Shankar,Ragupathy Silambarasan,6,6,0,six,0,,,167/2
1489108,2,16,5,Baba Aparajith,Vijay Shankar,Ragupathy Silambarasan,6,6,0,six,0,,,173/2
1489108,2,16,6,Baba Aparajith,Vijay Shankar,Ragupathy Silambarasan,1,1,0,run,0,,,174/2
1489109,1,1,1,S Sujay,Jayaraman Suresh Kumar,Emmanuel Cherian,0,0,0,no run,0,,,0/0
1489109,1,1,2,S Sujay,Jayaraman Suresh Kumar,Emmanuel Cherian,1,0,1,wide,0,,,1/0
1489109,1,1,3,S Sujay,Jayaraman Suresh Kumar,Emmanuel Cherian,0,0,0,no run,0,,,1/0
1489109,1,1,4,S Sujay,Jayaraman Suresh Kumar,Emmanuel Cherian,0,0,0,no run,0,,,1/0
1489109,1,1,5,S Sujay,Jayaraman Suresh Kumar,Emmanuel Cherian,1,0,1,wide,0,,,2/0
1489109,1,1,6,S Sujay,Jayaraman Suresh Kumar,Emmanuel Cherian,1,0,1,leg bye,0,,,3/0
1489109,1,1,7,Jayaraman Suresh Kumar,S Sujay,Emmanuel Cherian,0,0,0,no run,0,,,3/0
1489109,1,1,8,Jayaraman Suresh Kumar,S Sujay,Emmanuel Cherian,5,0,5,leg bye,0,,,8/0
1489109,1,2,1,Jayaraman Suresh Kumar,S Sujay,Valliappan Yudheeswaran,1,1,0,run,0,,,9/0
1489109,1,2,2,S Sujay,Jayaraman Suresh Kumar,Valliappan Yudheeswaran,0,0,0,no run,0,,,9/0
1489109,1,2,3,S Sujay,Jayaraman Suresh Kumar,Valliappan Yudheeswaran,1,1,0,run,0,,,10/0
1489109,1,2,4,Jayaraman Suresh Kumar,S Sujay,Valliappan Yudheeswaran,0,0,0,no run,0,,,10/0
1489109,1,2,5,Jayaraman Suresh Kumar,S Sujay,Valliappan Yudheeswaran,4,4,0,four,0,,,14/0
1489109,1,2,6,Jayaraman Suresh Kumar,S Sujay,Valliappan Yudheeswaran,4,4,0,four,0,,,18/0
1489109,1,3,1,S Sujay,Jayaraman Suresh Kumar,Emmanuel Cherian,1,0,1,wide,0,,,19/0
1489109,1,3,2,S Sujay,Jayaraman Suresh Kumar,Emmanuel Cherian,0,0,0,no run,0,,,19/0
1489109,1,3,3,S Sujay,Jayaraman Suresh Kumar,Emmanuel Cherian,1,1,0,run,0,,,20/0
1489109,1,3,4,Jayaraman Suresh Kumar,S Sujay,Emmanuel Cherian,0,0,0,out,1,caught,Jayaraman Suresh Kumar,20/1
1489109,1,3,5,Waseem Ahmed,S Sujay,Emmanuel Cherian,1,1,0,run,0,,,21/1
1489109,1,3,6,S Sujay,Waseem Ahmed,Emmanuel Cherian,1,1,0,run,0,,,22/1
1489109,1,3,7,Waseem Ahmed,S Sujay,Emmanuel Cherian,1,1,0,run,0,,,23/1
1489109,1,4,1,Waseem Ahmed,S Sujay,Ramsingh Sonu Yadav,1,0,1,wide,0,,,24/1
1489109,1,4,2,Waseem Ahmed,S Sujay,Ramsingh Sonu Yadav,0,0,0,no run,0,,,24/1
1489109,1,4,3,Waseem Ahmed,S Sujay,Ramsingh Sonu Yadav,1,1,0,run,0,,,25/1
1489109,1,4,4,S Sujay,Waseem Ahmed,Ramsingh Sonu Yadav,1,0,1,wide,0,,,26/1
1489109,1,4,5,S Sujay,Waseem Ahmed,Ramsingh Sonu Yadav,1,1,0,run,0,,,27/1
1489109,1,4,6,Waseem Ahmed,S Sujay,Ramsingh Sonu Yadav,4,4,0,four,0,,,31/1
1489109,1,4,7,Waseem Ahmed,S Sujay,Ramsingh Sonu Yadav,0,0,0,no run,0,,,31/1
1489109,1,4,8,Waseem Ahmed,S Sujay,Ramsingh Sonu Yadav,0,0,0,no run,0,,,31/1
1489109,1,5,1,S Sujay,Waseem Ahmed,Emmanuel Cherian,0,0,0,no run,0,,,31/1
1489109,1,5,2,S Sujay,Waseem Ahmed,Emmanuel Cherian,1,1,0,run,0,,,32/1
1489109,1,5,3,Waseem Ahmed,S Sujay,Emmanuel Cherian,1,1,0,run,0,,,33/1
1489109,1,5,4,S Sujay,Waseem Ahmed,Emmanuel Cherian,4,4,0,four,0,,,37/1
1489109,1,5,5,S Sujay,Waseem Ahmed,Emmanuel Cherian,1,1,0,run,0,,,38/1
1489109,1,5,6,Waseem Ahmed,S Sujay,Emmanuel Cherian,1,1,0,run,0,,,39/1
1489109,1,6,1,Waseem Ahmed,S Sujay,M Uday Kumar,0,0,0,no run,0,,,39/1
1489109,1,6,2,Waseem Ahmed,S Sujay,M Uday Kumar,1,1,0,run,0,,,40/1
1489109,1,6,3,S Sujay,Waseem Ahmed,M Uday Kumar,0,0,0,no run,0,,,40/1
1489109,1,6,4,S Sujay,Waseem Ahmed,M Uday Kumar,2,2,0,run,0,,,42/1
1489109,1,6,5,S Sujay,Waseem Ahmed,M Uday Kumar,0,0,0,out,1,caught,S Sujay,42/2
1489109,1,6,6,Jafar Jamal,Waseem Ahmed,M Uday Kumar,0,0,0,no run,0,,,42/2
1489109,1,7,1,Waseem Ahmed,Jafar Jamal,Sachin Rathi,1,1,0,run,0,,,43/2
1489109,1,7,2,Jafar Jamal,Waseem Ahmed,Sachin Rathi,0,0,0,no run,0,,,43/2
1489109,1,7,3,Jafar Jamal,Waseem Ahmed,Sachin Rathi,4,4,0,four,0,,,47/2
1489109,1,7,4,Jafar Jamal,Waseem Ahmed,Sachin Rathi,0,0,0,no run,0,,,47/2
1489109,1,7,5,Jafar Jamal,Waseem Ahmed,Sachin Rathi,1,1,0,run,0,,,48/2
1489109,1,7,6,Waseem Ahmed,Jafar Jamal,Sachin Rathi,1,1,0,run,0,,,49/2
1489109,1,8,1,Waseem Ahmed,Jafar Jamal,NS Harish,1,1,0,run,0,,,50/2
1489109,1,8,2,Jafar Jamal,Waseem Ahmed,NS Harish,1,1,0,run,0,,,51/2
1489109,1,8,3,Waseem Ahmed,Jafar Jamal,NS Harish,1,1,0,run,0,,,52/2
1489109,1,8,4,Jafar Jamal,Waseem Ahmed,NS Harish,1,1,0,run,0,,,53/2
1489109,1,8,5,Waseem Ahmed,Jafar Jamal,NS Harish,2,2,0,run,0,,,55/2
1489109,1,8,6,Waseem Ahmed,Jafar Jamal,NS Harish,0,0,0,no run,0,,,55/2
1489109,1,9,1,Jafar Jamal,Waseem Ahmed,Sachin Rathi,1,1,0,run,0,,,56/2
1489109,1,9,2,Waseem Ahmed,Jafar Jamal,Sachin Rathi,0,0,0,no run,0,,,56/2
1489109,1,9,3,Waseem Ahmed,Jafar Jamal,Sachin Rathi,0,0,0,no run,0,,,56/2
1489109,1,9,4,Waseem Ahmed,Jafar Jamal,Sachin Rathi,0,0,0,no run,0,,,56/2
1489109,1,9,5,Waseem Ahmed,Jafar Jamal,Sachin Rathi,4,4,0,four,0,,,60/2
1489109,1,9,6,Waseem Ahmed,Jafar Jamal,Sachin Rathi,0,0,0,no run,0,,,60/2
1489109,1,10,1,Jafar Jamal,Waseem Ahmed,NS Harish,0,0,0,no run,0,,,60/2
1489109,1,10,2,Jafar Jamal,Waseem Ahmed,NS Harish,0,0,0,no run,0,,,60/2
1489109,1,10,3,Jafar Jamal,Waseem Ahmed,NS Harish,0,0,0,no run,0,,,60/2
1489109,1,10,4,Jafar Jamal,Waseem Ahmed,NS Harish,0,0,0,no run,0,,,60/2
1489109,1,10,5,Jafar Jamal,Waseem Ahmed,NS Harish,1,1,0,run,0,,,61/2
1489109,1,10,6,Waseem Ahmed,Jafar Jamal,NS Harish,1,1,0,run,0,,,62/2
1489109,1,11,1,Waseem Ahmed,Jafar Jamal,Sachin Rathi,6,6,0,six,0,,,68/2
1489109,1,11,2,Waseem Ahmed,Jafar Jamal,Sachin Rathi,4,4,0,four,0,,,72/2
1489109,1,11,3,Waseem Ahmed,Jafar Jamal,Sachin Rathi,0,0,0,no run,0,,,72/2
1489109,1,11,4,Waseem Ahmed,Jafar Jamal,Sachin Rathi,1,1,0,run,0,,,73/2
1489109,1,11,5,Jafar Jamal,Waseem Ahmed,Sachin Rathi,0,0,0,no run,0,,,73/2
1489109,1,11,6,Jafar Jamal,Waseem Ahmed,Sachin Rathi,1,1,0,run,0,,,74/2
1489109,1,12,1,Jafar Jamal,Waseem Ahmed,Valliappan Yudheeswaran,0,0,0,no run,0,,,74/2
1489109,1,12,2,Jafar Jamal,Waseem Ahmed,Valliappan Yudheeswaran,6,6,0,six,0,,,80/2
1489109,1,12,3,Jafar Jamal,Waseem Ahmed,Valliappan Yudheeswaran,1,1,0,run,0,,,81/2
1489109,1,12,4,Waseem Ahmed,Jafar Jamal,Valliappan Yudheeswaran,0,0,0,no run,0,,,81/2
1489109,1,12,5,Waseem Ahmed,Jafar Jamal,Valliappan Yudheeswaran,4,4,0,four,0,,,85/2
1489109,1,12,6,Waseem Ahmed,Jafar Jamal,Valliappan Yudheeswaran,1,1,0,run,0,,,86/2
1489109,1,13,1,Waseem Ahmed,Jafar Jamal,NS Harish,4,4,0,four,0,,,90/2
1489109,1,13,2,Waseem Ahmed,Jafar Jamal,NS Harish,0,0,0,out,1,caught,Waseem Ahmed,90/3
1489109,1,13,3,Ramsingh  Sanjay Yadav,Jafar Jamal,NS Harish,1,1,0,run,0,,,91/3
1489109,1,13,4,Jafar Jamal,Ramsingh  Sanjay Yadav,NS Harish,0,0,0,no run,0,,,91/3
1489109,1,13,5,Jafar Jamal,Ramsingh  Sanjay Yadav,NS Harish,0,0,0,no run,0,,,91/3
1489109,1,13,6,Jafar Jamal,Ramsingh  Sanjay Yadav,NS Harish,1,1,0,run,0,,,92/3
1489109,1,14,1,Jafar Jamal,Ramsingh  Sanjay Yadav,M Uday Kumar,0,0,0,no run,0,,,92/3
1489109,1,14,2,Jafar Jamal,Ramsingh  Sanjay Yadav,M Uday Kumar,0,0,0,no run,0,,,92/3
1489109,1,14,3,Jafar Jamal,Ramsingh  Sanjay Yadav,M Uday Kumar,6,6,0,six,0,,,98/3
1489109,1,14,4,Jafar Jamal,Ramsingh  Sanjay Yadav,M Uday Kumar,1,1,0,run,0,,,99/3
1489109,1,14,5,Ramsingh  Sanjay Yadav,Jafar Jamal,M Uday Kumar,1,1,0,run,0,,,100/3
1489109,1,14,6,Jafar Jamal,Ramsingh  Sanjay Yadav,M Uday Kumar,0,0,0,no run,0,,,100/3
1489109,1,15,1,Ramsingh  Sanjay Yadav,Jafar Jamal,Ramsingh Sonu Yadav,0,0,0,no run,0,,,100/3
1489109,1,15,2,Ramsingh  Sanjay Yadav,Jafar Jamal,Ramsingh Sonu Yadav,0,0,0,no run,0,,,100/3
1489109,1,15,3,Ramsingh  Sanjay Yadav,Jafar Jamal,Ramsingh Sonu Yadav,4,4,0,four,0,,,104/3
1489109,1,15,4,Ramsingh  Sanjay Yadav,Jafar Jamal,Ramsingh Sonu Yadav,1,1,0,run,0,,,105/3
1489109,1,15,5,Jafar Jamal,Ramsingh  Sanjay Yadav,Ramsingh Sonu Yadav,6,6,0,six,0,,,111/3
1489109,1,15,6,Jafar Jamal,Ramsingh  Sanjay Yadav,Ramsingh Sonu Yadav,1,1,0,run,0,,,112/3
1489109,1,16,1,Jafar Jamal,Ramsingh  Sanjay Yadav,M Uday Kumar,6,6,0,six,0,,,118/3
1489109,1,16,2,Jafar Jamal,Ramsingh  Sanjay Yadav,M Uday Kumar,0,0,0,no run,0,,,118/3
1489109,1,16,3,Jafar Jamal,Ramsingh  Sanjay Yadav,M Uday Kumar,1,1,0,run,0,,,119/3
1489109,1,16,4,Ramsingh  Sanjay Yadav,Jafar Jamal,M Uday Kumar,1,1,0,run,0,,,120/3
1489109,1,16,5,Jafar Jamal,Ramsingh  Sanjay Yadav,M Uday Kumar,0,0,0,out,1,run out,Ramsingh  Sanjay Yadav,120/4
1489109,1,16,6,R Rajkumar,Jafar Jamal,M Uday Kumar,0,0,0,no run,0,,,120/4
1489109,1,17,1,Jafar Jamal,R Rajkumar,Valliappan Yudheeswaran,0,0,0,out,1,bowled,Jafar Jamal,120/5
1489109,1,17,2,U Mukilesh,R Rajkumar,Valliappan Yudheeswaran,1,1,0,run,0,,,121/5
1489109,1,17,3,R Rajkumar,U Mukilesh,Valliappan Yudheeswaran,4,4,0,four,0,,,125/5
1489109,1,17,4,R Rajkumar,U Mukilesh,Valliappan Yudheeswaran,1,0,1,no ball,0,,,126/5
1489109,1,17,5,R Rajkumar,U Mukilesh,Valliappan Yudheeswaran,2,2,0,run,0,,,128/5
1489109,1,17,6,R Rajkumar,U Mukilesh,Valliappan Yudheeswaran,2,2,0,run,0,,,130/5
1489109,1,17,7,R Rajkumar,U Mukilesh,Valliappan Yudheeswaran,1,1,0,run,0,,,131/5
1489109,1,18,1,R Rajkumar,U Mukilesh,M Uday Kumar,1,1,0,run,0,,,132/5
1489109,1,18,2,U Mukilesh,R Rajkumar,M Uday Kumar,1,1,0,run,0,,,133/5
1489109,1,18,3,R Rajkumar,U Mukilesh,M Uday Kumar,6,6,0,six,0,,,139/5
1489109,1,18,4,R Rajkumar,U Mukilesh,M Uday Kumar,4,4,0,four,0,,,143/5
1489109,1,18,5,R Rajkumar,U Mukilesh,M Uday Kumar,0,0,0,no run,0,,,143/5
1489109,1,18,6,R Rajkumar,U Mukilesh,M Uday Kumar,2,2,0,run,0,,,145/5
1489109,1,19,1,U Mukilesh,R Rajkumar,Valliappan Yudheeswaran,1,1,0,run,0,,,146/5
1489109,1,19,2,R Rajkumar,U Mukilesh,Valliappan Yudheeswaran,6,6,0,six,0,,,152/5
1489109,1,19,3,R Rajkumar,U Mukilesh,Valliappan Yudheeswaran,0,0,0,no run,0,,,152/5
1489109,1,19,4,R Rajkumar,U Mukilesh,Valliappan Yudheeswaran,1,0,1,wide,0,,,153/5
1489109,1,19,5,R Rajkumar,U Mukilesh,Valliappan Yudheeswaran,1,1,0,run,0,,,154/5
1489109,1,19,6,U Mukilesh,R Rajkumar,Valliappan Yudheeswaran,1,1,0,run,0,,,155/5
1489109,1,19,7,R Rajkumar,U Mukilesh,Valliappan Yudheeswaran,0,0,0,no run,0,,,155/5
1489109,1,20,1,U Mukilesh,R Rajkumar,Ramsingh Sonu Yadav,1,1,0,run,0,,,156/5
1489109,1,20,2,R Rajkumar,U Mukilesh,Ramsingh Sonu Yadav,1,1,0,run,0,,,157/5
1489109,1,20,3,U Mukilesh,R Rajkumar,Ramsingh Sonu Yadav,0,0,0,out,1,bowled,U Mukilesh,157/6
1489109,1,20,4,P Saravana Kumar,R Rajkumar,Ramsingh Sonu Yadav,0,0,0,out,1,caught,P Saravana Kumar,157/7
1489109,1,20,5,Jagatheesan Kousik,R Rajkumar,Ramsingh Sonu Yadav,0,0,0,out,1,caught,Jagatheesan Kousik,157/8
1489109,1,20,6,N Selva Kumaran,R Rajkumar,Ramsingh Sonu Yadav,0,0,0,no run,0,,,157/8
1489109,2,1,1,Konda Bhaskir Arun Karthik,D Santhosh Kumar,V Athisayaraj Davidson,1,0,1,wide,0,,,1/0
1489109,2,1,2,Konda Bhaskir Arun Karthik,D Santhosh Kumar,V Athisayaraj Davidson,0,0,0,no run,0,,,1/0
1489109,2,1,3,Konda Bhaskir Arun Karthik,D Santhosh Kumar,V Athisayaraj Davidson,0,0,0,no run,0,,,1/0
1489109,2,1,4,Konda Bhaskir Arun Karthik,D Santhosh Kumar,V Athisayaraj Davidson,1,0,1,wide,0,,,2/0
1489109,2,1,5,Konda Bhaskir Arun Karthik,D Santhosh Kumar,V Athisayaraj Davidson,1,1,0,run,0,,,3/0
1489109,2,1,6,D Santhosh Kumar,Konda Bhaskir Arun Karthik,V Athisayaraj Davidson,2,2,0,run,0,,,5/0
1489109,2,1,7,D Santhosh Kumar,Konda Bhaskir Arun Karthik,V Athisayaraj Davidson,0,0,0,no run,0,,,5/0
1489109,2,1,8,D Santhosh Kumar,Konda Bhaskir Arun Karthik,V Athisayaraj Davidson,1,0,1,leg bye,0,,,6/0
1489109,2,2,1,D Santhosh Kumar,Konda Bhaskir Arun Karthik,P Saravana Kumar,0,0,0,no run,0,,,6/0
1489109,2,2,2,D Santhosh Kumar,Konda Bhaskir Arun Karthik,P Saravana Kumar,1,0,1,wide,0,,,7/0
1489109,2,2,3,D Santhosh Kumar,Konda Bhaskir Arun Karthik,P Saravana Kumar,1,0,1,leg bye,0,,,8/0
1489109,2,2,4,Konda Bhaskir Arun Karthik,D Santhosh Kumar,P Saravana Kumar,6,6,0,six,0,,,14/0
1489109,2,2,5,Konda Bhaskir Arun Karthik,D Santhosh Kumar,P Saravana Kumar,0,0,0,no run,0,,,14/0
1489109,2,2,6,Konda Bhaskir Arun Karthik,D Santhosh Kumar,P Saravana Kumar,0,0,0,no run,0,,,14/0
1489109,2,2,7,Konda Bhaskir Arun Karthik,D Santhosh Kumar,P Saravana Kumar,4,4,0,four,0,,,18/0
1489109,2,3,1,D Santhosh Kumar,Konda Bhaskir Arun Karthik,V Athisayaraj Davidson,0,0,0,no run,0,,,18/0
1489109,2,3,2,D Santhosh Kumar,Konda Bhaskir Arun Karthik,V Athisayaraj Davidson,4,4,0,four,0,,,22/0
1489109,2,3,3,D Santhosh Kumar,Konda Bhaskir Arun Karthik,V Athisayaraj Davidson,4,4,0,four,0,,,26/0
1489109,2,3,4,D Santhosh Kumar,Konda Bhaskir Arun Karthik,V Athisayaraj Davidson,4,4,0,four,0,,,30/0
1489109,2,3,5,D Santhosh Kumar,Konda Bhaskir Arun Karthik,V Athisayaraj Davidson,0,0,0,no run,0,,,30/0
1489109,2,3,6,D Santhosh Kumar,Konda Bhaskir Arun Karthik,V Athisayaraj Davidson,4,4,0,four,0,,,34/0
1489109,2,4,1,Konda Bhaskir Arun Karthik,D Santhosh Kumar,P Saravana Kumar,0,0,0,no run,0,,,34/0
1489109,2,4,2,Konda Bhaskir Arun Karthik,D Santhosh Kumar,P Saravana Kumar,4,4,0,four,0,,,38/0
1489109,2,4,3,Konda Bhaskir Arun Karthik,D Santhosh Kumar,P Saravana Kumar,6,6,0,six,0,,,44/0
1489109,2,4,4,Konda Bhaskir Arun Karthik,D Santhosh Kumar,P Saravana Kumar,4,4,0,four,0,,,48/0
1489109,2,4,5,Konda Bhaskir Arun Karthik,D Santhosh Kumar,P Saravana Kumar,0,0,0,no run,0,,,48/0
1489109,2,4,6,Konda Bhaskir Arun Karthik,D Santhosh Kumar,P Saravana Kumar,1,1,0,run,0,,,49/0
1489109,2,5,1,Konda Bhaskir Arun Karthik,D Santhosh Kumar,N Selva Kumaran,4,4,0,four,0,,,53/0
1489109,2,5,2,Konda Bhaskir Arun Karthik,D Santhosh Kumar,N Selva Kumaran,1,1,0,run,0,,,54/0
1489109,2,5,3,D Santhosh Kumar,Konda Bhaskir Arun Karthik,N Selva Kumaran,0,0,0,no run,0,,,54/0
1489109,2,5,4,D Santhosh Kumar,Konda Bhaskir Arun Karthik,N Selva Kumaran,1,1,0,run,0,,,55/0
1489109,2,5,5,Konda Bhaskir Arun Karthik,D Santhosh Kumar,N Selva Kumaran,0,0,0,no run,0,,,55/0
1489109,2,5,6,Konda Bhaskir Arun Karthik,D Santhosh Kumar,N Selva Kumaran,1,1,0,run,0,,,56/0
1489109,2,6,1,Konda Bhaskir Arun Karthik,D Santhosh Kumar,M Ganesh Moorthi,4,4,0,four,0,,,60/0
1489109,2,6,2,Konda Bhaskir Arun Karthik,D Santhosh Kumar,M Ganesh Moorthi,1,1,0,run,0,,,61/0
1489109,2,6,3,D Santhosh Kumar,Konda Bhaskir Arun Karthik,M Ganesh Moorthi,0,0,0,no run,0,,,61/0
1489109,2,6,4,D Santhosh Kumar,Konda Bhaskir Arun Karthik,M Ganesh Moorthi,1,1,0,run,0,,,62/0
1489109,2,6,5,Konda Bhaskir Arun Karthik,D Santhosh Kumar,M Ganesh Moorthi,4,4,0,four,0,,,66/0
1489109,2,6,6,Konda Bhaskir Arun Karthik,D Santhosh Kumar,M Ganesh Moorthi,0,0,0,out,1,caught,Konda Bhaskir Arun Karthik,66/1
1489109,2,7,1,D Santhosh Kumar,Guruswamy Ajitesh,Ramsingh  Sanjay Yadav,0,0,0,no run,0,,,66/1
1489109,2,7,2,D Santhosh Kumar,Guruswamy Ajitesh,Ramsingh  Sanjay Yadav,0,0,0,no run,0,,,66/1
1489109,2,7,3,D Santhosh Kumar,Guruswamy Ajitesh,Ramsingh  Sanjay Yadav,1,1,0,run,0,,,67/1
1489109,2,7,4,Guruswamy Ajitesh,D Santhosh Kumar,Ramsingh  Sanjay Yadav,0,0,0,no run,0,,,67/1
1489109,2,7,5,Guruswamy Ajitesh,D Santhosh Kumar,Ramsingh  Sanjay Yadav,1,1,0,run,0,,,68/1
1489109,2,7,6,D Santhosh Kumar,Guruswamy Ajitesh,Ramsingh  Sanjay Yadav,0,0,0,no run,0,,,68/1
1489109,2,8,1,Guruswamy Ajitesh,D Santhosh Kumar,M Ganesh Moorthi,1,1,0,run,0,,,69/1
1489109,2,8,2,D Santhosh Kumar,Guruswamy Ajitesh,M Ganesh Moorthi,1,1,0,run,0,,,70/1
1489109,2,8,3,Guruswamy Ajitesh,D Santhosh Kumar,M Ganesh Moorthi,0,0,0,no run,0,,,70/1
1489109,2,8,4,Guruswamy Ajitesh,D Santhosh Kumar,M Ganesh Moorthi,1,1,0,run,0,,,71/1
1489109,2,8,5,D Santhosh Kumar,Guruswamy Ajitesh,M Ganesh Moorthi,6,6,0,six,0,,,77/1
1489109,2,8,6,D Santhosh Kumar,Guruswamy Ajitesh,M Ganesh Moorthi,0,0,0,no run,0,,,77/1
1489109,2,9,1,Guruswamy Ajitesh,D Santhosh Kumar,Ramsingh  Sanjay Yadav,0,0,0,no run,0,,,77/1
1489109,2,9,2,Guruswamy Ajitesh,D Santhosh Kumar,Ramsingh  Sanjay Yadav,0,0,0,no run,0,,,77/1
1489109,2,9,3,Guruswamy Ajitesh,D Santhosh Kumar,Ramsingh  Sanjay Yadav,1,1,0,run,0,,,78/1
1489109,2,9,4,D Santhosh Kumar,Guruswamy Ajitesh,Ramsingh  Sanjay Yadav,1,1,0,run,0,,,79/1
1489109,2,9,5,Guruswamy Ajitesh,D Santhosh Kumar,Ramsingh  Sanjay Yadav,0,0,0,no run,0,,,79/1
1489109,2,9,6,Guruswamy Ajitesh,D Santhosh Kumar,Ramsingh  Sanjay Yadav,1,1,0,run,0,,,80/1
1489109,2,10,1,Guruswamy Ajitesh,D Santhosh Kumar,N Selva Kumaran,1,1,0,run,0,,,81/1
1489109,2,10,2,D Santhosh Kumar,Guruswamy Ajitesh,N Selva Kumaran,0,0,0,no run,0,,,81/1
1489109,2,10,3,D Santhosh Kumar,Guruswamy Ajitesh,N Selva Kumaran,4,4,0,four,0,,,85/1
1489109,2,10,4,D Santhosh Kumar,Guruswamy Ajitesh,N Selva Kumaran,1,1,0,run,0,,,86/1
1489109,2,10,5,Guruswamy Ajitesh,D Santhosh Kumar,N Selva Kumaran,0,0,0,no run,0,,,86/1
1489109,2,10,6,Guruswamy Ajitesh,D Santhosh Kumar,N Selva Kumaran,1,1,0,run,0,,,87/1
1489109,2,11,1,Guruswamy Ajitesh,D Santhosh Kumar,Ramsingh  Sanjay Yadav,0,0,0,out,1,bowled,Guruswamy Ajitesh,87/2
1489109,2,11,2,S Rithik Easwaran,D Santhosh Kumar,Ramsingh  Sanjay Yadav,1,1,0,run,0,,,88/2
1489109,2,11,3,D Santhosh Kumar,S Rithik Easwaran,Ramsingh  Sanjay Yadav,0,0,0,no run,0,,,88/2
1489109,2,11,4,D Santhosh Kumar,S Rithik Easwaran,Ramsingh  Sanjay Yadav,6,6,0,six,0,,,94/2
1489109,2,11,5,D Santhosh Kumar,S Rithik Easwaran,Ramsingh  Sanjay Yadav,1,1,0,run,0,,,95/2
1489109,2,11,6,S Rithik Easwaran,D Santhosh Kumar,Ramsingh  Sanjay Yadav,2,2,0,run,0,,,97/2
1489109,2,12,1,D Santhosh Kumar,S Rithik Easwaran,U Mukilesh,1,1,0,run,0,,,98/2
1489109,2,12,2,S Rithik Easwaran,D Santhosh Kumar,U Mukilesh,2,2,0,run,0,,,100/2
1489109,2,12,3,S Rithik Easwaran,D Santhosh Kumar,U Mukilesh,4,4,0,four,0,,,104/2
1489109,2,12,4,S Rithik Easwaran,D Santhosh Kumar,U Mukilesh,0,0,0,no run,0,,,104/2
1489109,2,12,5,S Rithik Easwaran,D Santhosh Kumar,U Mukilesh,0,0,0,out,1,caught,S Rithik Easwaran,104/3
1489109,2,12,6,PS Nirmal Kumar,D Santhosh Kumar,U Mukilesh,0,0,0,no run,0,,,104/3
1489109,2,13,1,D Santhosh Kumar,PS Nirmal Kumar,R Rajkumar,1,1,0,run,0,,,105/3
1489109,2,13,2,PS Nirmal Kumar,D Santhosh Kumar,R Rajkumar,1,1,0,run,0,,,106/3
1489109,2,13,3,D Santhosh Kumar,PS Nirmal Kumar,R Rajkumar,0,0,0,no run,0,,,106/3
1489109,2,13,4,D Santhosh Kumar,PS Nirmal Kumar,R Rajkumar,1,1,0,run,0,,,107/3
1489109,2,13,5,PS Nirmal Kumar,D Santhosh Kumar,R Rajkumar,1,1,0,run,0,,,108/3
1489109,2,13,6,D Santhosh Kumar,PS Nirmal Kumar,R Rajkumar,1,1,0,run,0,,,109/3
1489109,2,14,1,D Santhosh Kumar,PS Nirmal Kumar,U Mukilesh,0,0,0,out,1,caught,D Santhosh Kumar,109/4
1489109,2,14,2,NS Harish,PS Nirmal Kumar,U Mukilesh,0,0,0,no run,0,,,109/4
1489109,2,14,3,NS Harish,PS Nirmal Kumar,U Mukilesh,0,0,0,no run,0,,,109/4
1489109,2,14,4,NS Harish,PS Nirmal Kumar,U Mukilesh,0,0,0,no run,0,,,109/4
1489109,2,14,5,NS Harish,PS Nirmal Kumar,U Mukilesh,4,4,0,four,0,,,113/4
1489109,2,14,6,NS Harish,PS Nirmal Kumar,U Mukilesh,1,1,0,run,0,,,114/4
1489109,2,15,1,NS Harish,PS Nirmal Kumar,R Rajkumar,0,0,0,no run,0,,,114/4
1489109,2,15,2,NS Harish,PS Nirmal Kumar,R Rajkumar,1,1,0,run,0,,,115/4
1489109,2,15,3,PS Nirmal Kumar,NS Harish,R Rajkumar,1,1,0,run,0,,,116/4
1489109,2,15,4,NS Harish,PS Nirmal Kumar,R Rajkumar,4,4,0,four,0,,,120/4
1489109,2,15,5,NS Harish,PS Nirmal Kumar,R Rajkumar,1,1,0,run,0,,,121/4
1489109,2,15,6,PS Nirmal Kumar,NS Harish,R Rajkumar,1,1,0,run,0,,,122/4
1489109,2,16,1,PS Nirmal Kumar,NS Harish,U Mukilesh,0,0,0,no run,0,,,122/4
1489109,2,16,2,PS Nirmal Kumar,NS Harish,U Mukilesh,1,1,0,run,0,,,123/4
1489109,2,16,3,NS Harish,PS Nirmal Kumar,U Mukilesh,0,0,0,no run,0,,,123/4
1489109,2,16,4,NS Harish,PS Nirmal Kumar,U Mukilesh,0,0,0,no run,0,,,123/4
1489109,2,16,5,NS Harish,PS Nirmal Kumar,U Mukilesh,0,0,0,no run,0,,,123/4
1489109,2,16,6,NS Harish,PS Nirmal Kumar,U Mukilesh,1,1,0,run,0,,,124/4
1489109,2,17,1,NS Harish,PS Nirmal Kumar,V Athisayaraj Davidson,0,0,0,no run,0,,,124/4
1489109,2,17,2,NS Harish,PS Nirmal Kumar,V Athisayaraj Davidson,4,4,0,four,0,,,128/4
1489109,2,17,3,NS Harish,PS Nirmal Kumar,V Athisayaraj Davidson,4,4,0,four,0,,,132/4
1489109,2,17,4,NS Harish,PS Nirmal Kumar,V Athisayaraj Davidson,1,1,0,run,0,,,133/4
1489109,2,17,5,PS Nirmal Kumar,NS Harish,V Athisayaraj Davidson,4,4,0,four,0,,,137/4
1489109,2,17,6,PS Nirmal Kumar,NS Harish,V Athisayaraj Davidson,1,1,0,run,0,,,138/4
1489109,2,18,1,PS Nirmal Kumar,NS Harish,U Mukilesh,0,0,0,out,1,caught,PS Nirmal Kumar,138/5
1489109,2,18,2,Ramsingh Sonu Yadav,NS Harish,U Mukilesh,1,1,0,run,0,,,139/5
1489109,2,18,3,NS Harish,Ramsingh Sonu Yadav,U Mukilesh,2,2,0,run,0,,,141/5
1489109,2,18,4,NS Harish,Ramsingh Sonu Yadav,U Mukilesh,4,4,0,four,0,,,145/5
1489109,2,18,5,NS Harish,Ramsingh Sonu Yadav,U Mukilesh,1,1,0,run,0,,,146/5
1489109,2,18,6,Ramsingh Sonu Yadav,NS Harish,U Mukilesh,1,1,0,run,0,,,147/5
1489109,2,19,1,Ramsingh Sonu Yadav,NS Harish,R Rajkumar,0,0,0,no run,0,,,147/5
1489109,2,19,2,Ramsingh Sonu Yadav,NS Harish,R Rajkumar,1,1,0,run,0,,,148/5
1489109,2,19,3,NS Harish,Ramsingh Sonu Yadav,R Rajkumar,6,6,0,six,0,,,154/5
1489109,2,19,4,NS Harish,Ramsingh Sonu Yadav,R Rajkumar,1,1,0,run,0,,,155/5
1489109,2,19,5,Ramsingh Sonu Yadav,NS Harish,R Rajkumar,0,0,0,no run,0,,,155/5
1489109,2,19,6,Ramsingh Sonu Yadav,NS Harish,R Rajkumar,1,1,0,run,0,,,156/5
1489109,2,20,1,Ramsingh Sonu Yadav,NS Harish,Ramsingh  Sanjay Yadav,0,0,0,no run,0,,,156/5
1489109,2,20,2,Ramsingh Sonu Yadav,NS Harish,Ramsingh  Sanjay Yadav,6,6,0,six,0,,,162/5
1489110,1,1,1,R Ram Arvindh,Balchander Anirudh,Sunny Sandhu,0,0,0,no run,0,,,0/0
1489110,1,1,2,R Ram Arvindh,Balchander Anirudh,Sunny Sandhu,1,1,0,run,0,,,1/0
1489110,1,1,3,Balchander Anirudh,R Ram Arvindh,Sunny Sandhu,0,0,0,no run,0,,,1/0
1489110,1,1,4,Balchander Anirudh,R Ram Arvindh,Sunny Sandhu,0,0,0,no run,0,,,1/0
1489110,1,1,5,Balchander Anirudh,R Ram Arvindh,Sunny Sandhu,0,0,0,no run,0,,,1/0
1489110,1,1,6,Balchander Anirudh,R Ram Arvindh,Sunny Sandhu,1,1,0,run,0,,,2/0
1489110,1,2,1,Balchander Anirudh,R Ram Arvindh,M Mohammed,0,0,0,no run,0,,,2/0
1489110,1,2,2,Balchander Anirudh,R Ram Arvindh,M Mohammed,1,1,0,run,0,,,3/0
1489110,1,2,3,R Ram Arvindh,Balchander Anirudh,M Mohammed,2,2,0,run,0,,,5/0
1489110,1,2,4,R Ram Arvindh,Balchander Anirudh,M Mohammed,1,0,1,wide,0,,,6/0
1489110,1,2,5,R Ram Arvindh,Balchander Anirudh,M Mohammed,0,0,0,no run,0,,,6/0
1489110,1,2,6,R Ram Arvindh,Balchander Anirudh,M Mohammed,0,0,0,no run,0,,,6/0
1489110,1,2,7,R Ram Arvindh,Balchander Anirudh,M Mohammed,4,4,0,four,0,,,10/0
1489110,1,3,1,Balchander Anirudh,R Ram Arvindh,Sunny Sandhu,6,6,0,six,0,,,16/0
1489110,1,3,2,Balchander Anirudh,R Ram Arvindh,Sunny Sandhu,4,4,0,four,0,,,20/0
1489110,1,3,3,Balchander Anirudh,R Ram Arvindh,Sunny Sandhu,1,1,0,run,0,,,21/0
1489110,1,3,4,R Ram Arvindh,Balchander Anirudh,Sunny Sandhu,1,1,0,run,0,,,22/0
1489110,1,3,5,Balchander Anirudh,R Ram Arvindh,Sunny Sandhu,2,2,0,run,0,,,24/0
1489110,1,3,6,Balchander Anirudh,R Ram Arvindh,Sunny Sandhu,4,4,0,four,0,,,28/0
1489110,1,4,1,R Ram Arvindh,Balchander Anirudh,ME Yazh Arun Mozhi,1,1,0,run,0,,,29/0
1489110,1,4,2,Balchander Anirudh,R Ram Arvindh,ME Yazh Arun Mozhi,4,4,0,four,0,,,33/0
1489110,1,4,3,Balchander Anirudh,R Ram Arvindh,ME Yazh Arun Mozhi,0,0,0,no run,0,,,33/0
1489110,1,4,4,Balchander Anirudh,R Ram Arvindh,ME Yazh Arun Mozhi,0,0,0,no run,0,,,33/0
1489110,1,4,5,Balchander Anirudh,R Ram Arvindh,ME Yazh Arun Mozhi,0,0,0,no run,0,,,33/0
1489110,1,4,6,Balchander Anirudh,R Ram Arvindh,ME Yazh Arun Mozhi,0,0,0,no run,0,,,33/0
1489110,1,5,1,R Ram Arvindh,Balchander Anirudh,Rahil S Shah,0,0,0,no run,0,,,33/0
1489110,1,5,2,R Ram Arvindh,Balchander Anirudh,Rahil S Shah,1,1,0,run,0,,,34/0
1489110,1,5,3,Balchander Anirudh,R Ram Arvindh,Rahil S Shah,0,0,0,out,1,caught,Balchander Anirudh,34/1
1489110,1,5,4,N Sarangarajan Chaturved,R Ram Arvindh,Rahil S Shah,1,1,0,run,0,,,35/1
1489110,1,5,5,R Ram Arvindh,N Sarangarajan Chaturved,Rahil S Shah,0,0,0,no run,0,,,35/1
1489110,1,5,6,R Ram Arvindh,N Sarangarajan Chaturved,Rahil S Shah,1,1,0,run,0,,,36/1
1489110,1,6,1,R Ram Arvindh,N Sarangarajan Chaturved,M Poiyamozhi,2,2,0,run,0,,,38/1
1489110,1,6,2,R Ram Arvindh,N Sarangarajan Chaturved,M Poiyamozhi,1,1,0,run,0,,,39/1
1489110,1,6,3,N Sarangarajan Chaturved,R Ram Arvindh,M Poiyamozhi,0,0,0,no run,0,,,39/1
1489110,1,6,4,N Sarangarajan Chaturved,R Ram Arvindh,M Poiyamozhi,1,1,0,run,0,,,40/1
1489110,1,6,5,R Ram Arvindh,N Sarangarajan Chaturved,M Poiyamozhi,4,4,0,four,0,,,44/1
1489110,1,6,6,R Ram Arvindh,N Sarangarajan Chaturved,M Poiyamozhi,4,4,0,four,0,,,48/1
1489110,1,7,1,N Sarangarajan Chaturved,R Ram Arvindh,Rahil S Shah,0,0,0,no run,0,,,48/1
1489110,1,7,2,N Sarangarajan Chaturved,R Ram Arvindh,Rahil S Shah,1,1,0,run,0,,,49/1
1489110,1,7,3,R Ram Arvindh,N Sarangarajan Chaturved,Rahil S Shah,1,1,0,run,0,,,50/1
1489110,1,7,4,N Sarangarajan Chaturved,R Ram Arvindh,Rahil S Shah,2,2,0,run,0,,,52/1
1489110,1,7,5,N Sarangarajan Chaturved,R Ram Arvindh,Rahil S Shah,1,1,0,run,0,,,53/1
1489110,1,7,6,R Ram Arvindh,N Sarangarajan Chaturved,Rahil S Shah,1,1,0,run,0,,,54/1
1489110,1,8,1,R Ram Arvindh,N Sarangarajan Chaturved, Sriram Ajith Ram,1,1,0,run,0,,,55/1
1489110,1,8,2,N Sarangarajan Chaturved,R Ram Arvindh, Sriram Ajith Ram,1,1,0,run,0,,,56/1
1489110,1,8,3,R Ram Arvindh,N Sarangarajan Chaturved, Sriram Ajith Ram,1,0,1,leg bye,0,,,57/1
1489110,1,8,4,N Sarangarajan Chaturved,R Ram Arvindh, Sriram Ajith Ram,1,1,0,run,0,,,58/1
1489110,1,8,5,R Ram Arvindh,N Sarangarajan Chaturved, Sriram Ajith Ram,0,0,0,no run,0,,,58/1
1489110,1,8,6,R Ram Arvindh,N Sarangarajan Chaturved, Sriram Ajith Ram,1,1,0,run,0,,,59/1
1489110,1,9,1,R Ram Arvindh,N Sarangarajan Chaturved,M Mohammed,1,1,0,run,0,,,60/1
1489110,1,9,2,N Sarangarajan Chaturved,R Ram Arvindh,M Mohammed,1,1,0,run,0,,,61/1
1489110,1,9,3,R Ram Arvindh,N Sarangarajan Chaturved,M Mohammed,1,1,0,run,0,,,62/1
1489110,1,9,4,N Sarangarajan Chaturved,R Ram Arvindh,M Mohammed,0,0,0,no run,0,,,62/1
1489110,1,9,5,N Sarangarajan Chaturved,R Ram Arvindh,M Mohammed,1,1,0,run,0,,,63/1
1489110,1,9,6,R Ram Arvindh,N Sarangarajan Chaturved,M Mohammed,1,1,0,run,0,,,64/1
1489110,1,10,1,R Ram Arvindh,N Sarangarajan Chaturved, Sriram Ajith Ram,4,4,0,four,0,,,68/1
1489110,1,10,2,R Ram Arvindh,N Sarangarajan Chaturved, Sriram Ajith Ram,0,0,0,no run,0,,,68/1
1489110,1,10,3,R Ram Arvindh,N Sarangarajan Chaturved, Sriram Ajith Ram,1,1,0,run,0,,,69/1
1489110,1,10,4,N Sarangarajan Chaturved,R Ram Arvindh, Sriram Ajith Ram,1,1,0,run,0,,,70/1
1489110,1,10,5,R Ram Arvindh,N Sarangarajan Chaturved, Sriram Ajith Ram,0,0,0,no run,0,,,70/1
1489110,1,10,6,R Ram Arvindh,N Sarangarajan Chaturved, Sriram Ajith Ram,1,1,0,run,0,,,71/1
1489110,1,11,1,R Ram Arvindh,N Sarangarajan Chaturved,Rahil S Shah,1,1,0,run,0,,,72/1
1489110,1,11,2,N Sarangarajan Chaturved,R Ram Arvindh,Rahil S Shah,6,6,0,six,0,,,78/1
1489110,1,11,3,N Sarangarajan Chaturved,R Ram Arvindh,Rahil S Shah,1,1,0,run,0,,,79/1
1489110,1,11,4,R Ram Arvindh,N Sarangarajan Chaturved,Rahil S Shah,1,1,0,run,0,,,80/1
1489110,1,11,5,N Sarangarajan Chaturved,R Ram Arvindh,Rahil S Shah,4,4,0,four,0,,,84/1
1489110,1,11,6,N Sarangarajan Chaturved,R Ram Arvindh,Rahil S Shah,0,0,0,no run,0,,,84/1
1489110,1,12,1,R Ram Arvindh,N Sarangarajan Chaturved,S Harish Kumar,0,0,0,no run,0,,,84/1
1489110,1,12,2,R Ram Arvindh,N Sarangarajan Chaturved,S Harish Kumar,0,0,0,out,1,caught,R Ram Arvindh,84/2
1489110,1,12,3,P Saravanan,N Sarangarajan Chaturved,S Harish Kumar,6,6,0,six,0,,,90/2
1489110,1,12,4,P Saravanan,N Sarangarajan Chaturved,S Harish Kumar,1,1,0,run,0,,,91/2
1489110,1,12,5,N Sarangarajan Chaturved,P Saravanan,S Harish Kumar,1,1,0,run,0,,,92/2
1489110,1,12,6,P Saravanan,N Sarangarajan Chaturved,S Harish Kumar,1,1,0,run,0,,,93/2
1489110,1,13,1,P Saravanan,N Sarangarajan Chaturved, Sriram Ajith Ram,0,0,0,no run,0,,,93/2
1489110,1,13,2,P Saravanan,N Sarangarajan Chaturved, Sriram Ajith Ram,1,0,1,wide,0,,,94/2
1489110,1,13,3,P Saravanan,N Sarangarajan Chaturved, Sriram Ajith Ram,0,0,0,out,1,caught,P Saravanan,94/3
1489110,1,13,4,Atheeq Ur Rahman,N Sarangarajan Chaturved, Sriram Ajith Ram,1,1,0,run,0,,,95/3
1489110,1,13,5,N Sarangarajan Chaturved,Atheeq Ur Rahman, Sriram Ajith Ram,1,1,0,run,0,,,96/3
1489110,1,13,6,Atheeq Ur Rahman,N Sarangarajan Chaturved, Sriram Ajith Ram,1,1,0,run,0,,,97/3
1489110,1,13,7,N Sarangarajan Chaturved,Atheeq Ur Rahman, Sriram Ajith Ram,0,0,0,no run,0,,,97/3
1489110,1,14,1,Atheeq Ur Rahman,N Sarangarajan Chaturved,S Harish Kumar,4,4,0,four,0,,,101/3
1489110,1,14,2,Atheeq Ur Rahman,N Sarangarajan Chaturved,S Harish Kumar,6,6,0,six,0,,,107/3
1489110,1,14,3,Atheeq Ur Rahman,N Sarangarajan Chaturved,S Harish Kumar,2,2,0,run,0,,,109/3
1489110,1,14,4,Atheeq Ur Rahman,N Sarangarajan Chaturved,S Harish Kumar,2,2,0,run,0,,,111/3
1489110,1,14,5,Atheeq Ur Rahman,N Sarangarajan Chaturved,S Harish Kumar,2,2,0,run,0,,,113/3
1489110,1,14,6,Atheeq Ur Rahman,N Sarangarajan Chaturved,S Harish Kumar,2,2,0,run,0,,,115/3
1489110,1,15,1,N Sarangarajan Chaturved,Atheeq Ur Rahman,M Poiyamozhi,1,1,0,run,0,,,116/3
1489110,1,15,2,Atheeq Ur Rahman,N Sarangarajan Chaturved,M Poiyamozhi,1,1,0,run,0,,,117/3
1489110,1,15,3,N Sarangarajan Chaturved,Atheeq Ur Rahman,M Poiyamozhi,4,4,0,four,0,,,121/3
1489110,1,15,4,N Sarangarajan Chaturved,Atheeq Ur Rahman,M Poiyamozhi,1,1,0,run,0,,,122/3
1489110,1,15,5,Atheeq Ur Rahman,N Sarangarajan Chaturved,M Poiyamozhi,1,1,0,run,0,,,123/3
1489110,1,15,6,N Sarangarajan Chaturved,Atheeq Ur Rahman,M Poiyamozhi,1,1,0,run,0,,,124/3
1489110,1,16,1,N Sarangarajan Chaturved,Atheeq Ur Rahman,M Mohammed,1,1,0,run,0,,,125/3
1489110,1,16,2,Atheeq Ur Rahman,N Sarangarajan Chaturved,M Mohammed,1,1,0,run,0,,,126/3
1489110,1,16,3,N Sarangarajan Chaturved,Atheeq Ur Rahman,M Mohammed,0,0,0,out,1,caught,N Sarangarajan Chaturved,126/4
1489110,1,16,4,S Ganesh,Atheeq Ur Rahman,M Mohammed,1,1,0,run,0,,,127/4
1489110,1,16,5,Atheeq Ur Rahman,S Ganesh,M Mohammed,0,0,0,no run,0,,,127/4
1489110,1,16,6,Atheeq Ur Rahman,S Ganesh,M Mohammed,1,0,1,wide,0,,,128/4
1489110,1,16,7,Atheeq Ur Rahman,S Ganesh,M Mohammed,1,0,1,wide,0,,,129/4
1489110,1,16,8,Atheeq Ur Rahman,S Ganesh,M Mohammed,6,6,0,six,0,,,135/4
1489110,1,17,1,S Ganesh,Atheeq Ur Rahman,ME Yazh Arun Mozhi,4,4,0,four,0,,,139/4
1489110,1,17,2,S Ganesh,Atheeq Ur Rahman,ME Yazh Arun Mozhi,1,1,0,run,0,,,140/4
1489110,1,17,3,Atheeq Ur Rahman,S Ganesh,ME Yazh Arun Mozhi,1,1,0,run,0,,,141/4
1489110,1,17,4,S Ganesh,Atheeq Ur Rahman,ME Yazh Arun Mozhi,6,6,0,six,0,,,147/4
1489110,1,17,5,S Ganesh,Atheeq Ur Rahman,ME Yazh Arun Mozhi,1,1,0,run,0,,,148/4
1489110,1,17,6,Atheeq Ur Rahman,S Ganesh,ME Yazh Arun Mozhi,1,1,0,run,0,,,149/4
1489110,1,18,1,Atheeq Ur Rahman,S Ganesh,M Poiyamozhi,0,0,0,no run,0,,,149/4
1489110,1,18,2,Atheeq Ur Rahman,S Ganesh,M Poiyamozhi,0,0,0,no run,0,,,149/4
1489110,1,18,3,Atheeq Ur Rahman,S Ganesh,M Poiyamozhi,1,1,0,run,0,,,150/4
1489110,1,18,4,S Ganesh,Atheeq Ur Rahman,M Poiyamozhi,1,1,0,run,0,,,151/4
1489110,1,18,5,Atheeq Ur Rahman,S Ganesh,M Poiyamozhi,6,6,0,six,0,,,157/4
1489110,1,18,6,Atheeq Ur Rahman,S Ganesh,M Poiyamozhi,0,0,0,no run,0,,,157/4
1489110,1,19,1,S Ganesh,Atheeq Ur Rahman,M Mohammed,0,0,0,no run,0,,,157/4
1489110,1,19,2,S Ganesh,Atheeq Ur Rahman,M Mohammed,0,0,0,no run,0,,,157/4
1489110,1,19,3,S Ganesh,Atheeq Ur Rahman,M Mohammed,0,0,0,no run,0,,,157/4
1489110,1,19,4,S Ganesh,Atheeq Ur Rahman,M Mohammed,1,0,1,wide,0,,,158/4
1489110,1,19,5,S Ganesh,Atheeq Ur Rahman,M Mohammed,1,1,0,run,0,,,159/4
1489110,1,19,6,Atheeq Ur Rahman,S Ganesh,M Mohammed,0,0,0,out,1,caught,Atheeq Ur Rahman,159/5
1489110,1,19,7,Murugan Ashwin,S Ganesh,M Mohammed,1,1,0,run,0,,,160/5
1489110,1,20,1,Murugan Ashwin,S Ganesh,M Poiyamozhi,1,1,0,run,0,,,161/5
1489110,1,20,2,S Ganesh,Murugan Ashwin,M Poiyamozhi,1,1,0,run,0,,,162/5
1489110,1,20,3,Murugan Ashwin,S Ganesh,M Poiyamozhi,0,0,0,no run,0,,,162/5
1489110,1,20,4,Murugan Ashwin,S Ganesh,M Poiyamozhi,0,0,0,no run,0,,,162/5
1489110,1,20,5,Murugan Ashwin,S Ganesh,M Poiyamozhi,1,1,0,run,0,,,163/5
1489110,1,20,6,S Ganesh,Murugan Ashwin,M Poiyamozhi,1,1,0,run,1,run out,S Ganesh,164/6
1489110,2,1,1,S Abishiek,Chezhian Nishaanth,K Gowtham Thamarai Kannan,0,0,0,no run,0,,,0/0
1489110,2,1,2,S Abishiek,Chezhian Nishaanth,K Gowtham Thamarai Kannan,1,1,0,run,0,,,1/0
1489110,2,1,3,Chezhian Nishaanth,S Abishiek,K Gowtham Thamarai Kannan,0,0,0,no run,0,,,1/0
1489110,2,1,4,Chezhian Nishaanth,S Abishiek,K Gowtham Thamarai Kannan,0,0,0,no run,0,,,1/0
1489110,2,1,5,Chezhian Nishaanth,S Abishiek,K Gowtham Thamarai Kannan,1,1,0,run,0,,,2/0
1489110,2,1,6,S Abishiek,Chezhian Nishaanth,K Gowtham Thamarai Kannan,4,4,0,four,0,,,6/0
1489110,2,2,1,Chezhian Nishaanth,S Abishiek,Gurjapneet Singh,4,4,0,four,0,,,10/0
1489110,2,2,2,Chezhian Nishaanth,S Abishiek,Gurjapneet Singh,1,1,0,run,0,,,11/0
1489110,2,2,3,S Abishiek,Chezhian Nishaanth,Gurjapneet Singh,1,0,1,wide,0,,,12/0
1489110,2,2,4,S Abishiek,Chezhian Nishaanth,Gurjapneet Singh,1,1,0,run,0,,,13/0
1489110,2,2,5,Chezhian Nishaanth,S Abishiek,Gurjapneet Singh,0,0,0,out,1,caught,Chezhian Nishaanth,13/1
1489110,2,2,6,Nidhish S Rajagopal,S Abishiek,Gurjapneet Singh,1,1,0,run,0,,,14/1
1489110,2,2,7,S Abishiek,Nidhish S Rajagopal,Gurjapneet Singh,0,0,0,no run,0,,,14/1
1489110,2,3,1,Nidhish S Rajagopal,S Abishiek,K Gowtham Thamarai Kannan,4,4,0,four,0,,,18/1
1489110,2,3,2,Nidhish S Rajagopal,S Abishiek,K Gowtham Thamarai Kannan,1,0,1,no ball,0,,,19/1
1489110,2,3,3,Nidhish S Rajagopal,S Abishiek,K Gowtham Thamarai Kannan,4,4,0,four,0,,,23/1
1489110,2,3,4,Nidhish S Rajagopal,S Abishiek,K Gowtham Thamarai Kannan,0,0,0,no run,0,,,23/1
1489110,2,3,5,Nidhish S Rajagopal,S Abishiek,K Gowtham Thamarai Kannan,4,4,0,four,0,,,27/1
1489110,2,3,6,Nidhish S Rajagopal,S Abishiek,K Gowtham Thamarai Kannan,0,0,0,no run,0,,,27/1
1489110,2,3,7,Nidhish S Rajagopal,S Abishiek,K Gowtham Thamarai Kannan,2,1,1,run,0,,,29/1
1489110,2,3,8,S Abishiek,Nidhish S Rajagopal,K Gowtham Thamarai Kannan,1,1,0,run,0,,,30/1
1489110,2,4,1,S Abishiek,Nidhish S Rajagopal,Murugan Ashwin,1,1,0,run,0,,,31/1
1489110,2,4,2,Nidhish S Rajagopal,S Abishiek,Murugan Ashwin,0,0,0,no run,0,,,31/1
1489110,2,4,3,Nidhish S Rajagopal,S Abishiek,Murugan Ashwin,1,1,0,run,0,,,32/1
1489110,2,4,4,S Abishiek,Nidhish S Rajagopal,Murugan Ashwin,4,0,4,leg bye,0,,,36/1
1489110,2,4,5,S Abishiek,Nidhish S Rajagopal,Murugan Ashwin,0,0,0,no run,0,,,36/1
1489110,2,4,6,S Abishiek,Nidhish S Rajagopal,Murugan Ashwin,0,0,0,out,1,caught,S Abishiek,36/2
1489110,2,5,1,Nidhish S Rajagopal,R Kavin,P Vignesh,1,1,0,run,0,,,37/2
1489110,2,5,2,R Kavin,Nidhish S Rajagopal,P Vignesh,1,1,0,run,0,,,38/2
1489110,2,5,3,Nidhish S Rajagopal,R Kavin,P Vignesh,1,1,0,run,0,,,39/2
1489110,2,5,4,R Kavin,Nidhish S Rajagopal,P Vignesh,0,0,0,no run,0,,,39/2
1489110,2,5,5,R Kavin,Nidhish S Rajagopal,P Vignesh,1,1,0,run,0,,,40/2
1489110,2,5,6,Nidhish S Rajagopal,R Kavin,P Vignesh,0,0,0,no run,0,,,40/2
1489110,2,6,1,R Kavin,Nidhish S Rajagopal,Gurjapneet Singh,0,0,0,no run,0,,,40/2
1489110,2,6,2,R Kavin,Nidhish S Rajagopal,Gurjapneet Singh,6,6,0,six,0,,,46/2
1489110,2,6,3,R Kavin,Nidhish S Rajagopal,Gurjapneet Singh,0,0,0,no run,0,,,46/2
1489110,2,6,4,R Kavin,Nidhish S Rajagopal,Gurjapneet Singh,0,0,0,no run,0,,,46/2
1489110,2,6,5,R Kavin,Nidhish S Rajagopal,Gurjapneet Singh,1,1,0,run,0,,,47/2
1489110,2,6,6,Nidhish S Rajagopal,R Kavin,Gurjapneet Singh,1,1,0,run,0,,,48/2
1489110,2,7,1,Nidhish S Rajagopal,R Kavin,P Vignesh,1,1,0,run,0,,,49/2
1489110,2,7,2,R Kavin,Nidhish S Rajagopal,P Vignesh,1,1,0,run,0,,,50/2
1489110,2,7,3,Nidhish S Rajagopal,R Kavin,P Vignesh,1,1,0,run,0,,,51/2
1489110,2,7,4,R Kavin,Nidhish S Rajagopal,P Vignesh,1,1,0,run,0,,,52/2
1489110,2,7,5,Nidhish S Rajagopal,R Kavin,P Vignesh,1,1,0,run,0,,,53/2
1489110,2,7,6,R Kavin,Nidhish S Rajagopal,P Vignesh,4,4,0,four,0,,,57/2
1489110,2,8,1,Nidhish S Rajagopal,R Kavin,Surya Anand S,0,0,0,no run,0,,,57/2
1489110,2,8,2,Nidhish S Rajagopal,R Kavin,Surya Anand S,0,0,0,no run,0,,,57/2
1489110,2,8,3,Nidhish S Rajagopal,R Kavin,Surya Anand S,0,0,0,no run,0,,,57/2
1489110,2,8,4,Nidhish S Rajagopal,R Kavin,Surya Anand S,1,1,0,run,0,,,58/2
1489110,2,8,5,R Kavin,Nidhish S Rajagopal,Surya Anand S,0,0,0,no run,0,,,58/2
1489110,2,8,6,R Kavin,Nidhish S Rajagopal,Surya Anand S,0,0,0,no run,0,,,58/2
1489110,2,9,1,Nidhish S Rajagopal,R Kavin,Karthik Palaniapan Meiyappan,0,0,0,no run,0,,,58/2
1489110,2,9,2,Nidhish S Rajagopal,R Kavin,Karthik Palaniapan Meiyappan,6,6,0,six,0,,,64/2
1489110,2,9,3,Nidhish S Rajagopal,R Kavin,Karthik Palaniapan Meiyappan,1,1,0,run,0,,,65/2
1489110,2,9,4,R Kavin,Nidhish S Rajagopal,Karthik Palaniapan Meiyappan,1,1,0,run,0,,,66/2
1489110,2,9,5,Nidhish S Rajagopal,R Kavin,Karthik Palaniapan Meiyappan,0,0,0,no run,0,,,66/2
1489110,2,9,6,Nidhish S Rajagopal,R Kavin,Karthik Palaniapan Meiyappan,1,1,0,run,0,,,67/2
1489110,2,10,1,Nidhish S Rajagopal,R Kavin,Murugan Ashwin,1,1,0,run,0,,,68/2
1489110,2,10,2,R Kavin,Nidhish S Rajagopal,Murugan Ashwin,2,2,0,run,0,,,70/2
1489110,2,10,3,R Kavin,Nidhish S Rajagopal,Murugan Ashwin,1,1,0,run,0,,,71/2
1489110,2,10,4,Nidhish S Rajagopal,R Kavin,Murugan Ashwin,1,0,1,wide,0,,,72/2
1489110,2,10,5,Nidhish S Rajagopal,R Kavin,Murugan Ashwin,6,6,0,six,0,,,78/2
1489110,2,10,6,Nidhish S Rajagopal,R Kavin,Murugan Ashwin,4,4,0,four,0,,,82/2
1489110,2,10,7,Nidhish S Rajagopal,R Kavin,Murugan Ashwin,0,0,0,no run,0,,,82/2
1489110,2,11,1,R Kavin,Nidhish S Rajagopal,Karthik Palaniapan Meiyappan,1,1,0,run,0,,,83/2
1489110,2,11,2,Nidhish S Rajagopal,R Kavin,Karthik Palaniapan Meiyappan,1,1,0,run,0,,,84/2
1489110,2,11,3,R Kavin,Nidhish S Rajagopal,Karthik Palaniapan Meiyappan,0,0,0,no run,0,,,84/2
1489110,2,11,4,R Kavin,Nidhish S Rajagopal,Karthik Palaniapan Meiyappan,0,0,0,no run,0,,,84/2
1489110,2,11,5,R Kavin,Nidhish S Rajagopal,Karthik Palaniapan Meiyappan,0,0,0,no run,0,,,84/2
1489110,2,11,6,R Kavin,Nidhish S Rajagopal,Karthik Palaniapan Meiyappan,1,1,0,run,0,,,85/2
1489110,2,12,1,R Kavin,Nidhish S Rajagopal,Surya Anand S,2,0,2,wide,0,,,87/2
1489110,2,12,2,Nidhish S Rajagopal,R Kavin,Surya Anand S,4,4,0,four,0,,,91/2
1489110,2,12,3,Nidhish S Rajagopal,R Kavin,Surya Anand S,1,1,0,run,0,,,92/2
1489110,2,12,4,R Kavin,Nidhish S Rajagopal,Surya Anand S,1,1,0,run,0,,,93/2
1489110,2,12,5,Nidhish S Rajagopal,R Kavin,Surya Anand S,0,0,0,no run,0,,,93/2
1489110,2,12,6,Nidhish S Rajagopal,R Kavin,Surya Anand S,4,4,0,four,0,,,97/2
1489110,2,12,7,Nidhish S Rajagopal,R Kavin,Surya Anand S,1,1,0,run,0,,,98/2
1489110,2,13,1,Nidhish S Rajagopal,R Kavin,Karthik Palaniapan Meiyappan,2,2,0,run,0,,,100/2
1489110,2,13,2,Nidhish S Rajagopal,R Kavin,Karthik Palaniapan Meiyappan,1,1,0,run,0,,,101/2
1489110,2,13,3,R Kavin,Nidhish S Rajagopal,Karthik Palaniapan Meiyappan,1,1,0,run,0,,,102/2
1489110,2,13,4,Nidhish S Rajagopal,R Kavin,Karthik Palaniapan Meiyappan,1,1,0,run,0,,,103/2
1489110,2,13,5,R Kavin,Nidhish S Rajagopal,Karthik Palaniapan Meiyappan,1,1,0,run,0,,,104/2
1489110,2,13,6,Nidhish S Rajagopal,R Kavin,Karthik Palaniapan Meiyappan,4,4,0,four,0,,,108/2
1489110,2,14,1,R Kavin,Nidhish S Rajagopal,Murugan Ashwin,1,1,0,run,0,,,109/2
1489110,2,14,2,Nidhish S Rajagopal,R Kavin,Murugan Ashwin,0,0,0,out,1,bowled,Nidhish S Rajagopal,109/3
1489110,2,14,3,Rajendran Vivek,R Kavin,Murugan Ashwin,0,0,0,no run,0,,,109/3
1489110,2,14,4,Rajendran Vivek,R Kavin,Murugan Ashwin,0,0,0,no run,0,,,109/3
1489110,2,14,5,Rajendran Vivek,R Kavin,Murugan Ashwin,1,1,0,run,0,,,110/3
1489110,2,14,6,R Kavin,Rajendran Vivek,Murugan Ashwin,1,1,0,run,0,,,111/3
1489110,2,15,1,R Kavin,Rajendran Vivek,Karthik Palaniapan Meiyappan,0,0,0,no run,0,,,111/3
1489110,2,15,2,R Kavin,Rajendran Vivek,Karthik Palaniapan Meiyappan,6,6,0,six,0,,,117/3
1489110,2,15,3,R Kavin,Rajendran Vivek,Karthik Palaniapan Meiyappan,1,1,0,run,0,,,118/3
1489110,2,15,4,Rajendran Vivek,R Kavin,Karthik Palaniapan Meiyappan,6,6,0,six,0,,,124/3
1489110,2,15,5,Rajendran Vivek,R Kavin,Karthik Palaniapan Meiyappan,6,6,0,six,0,,,130/3
1489110,2,15,6,Rajendran Vivek,R Kavin,Karthik Palaniapan Meiyappan,1,0,1,wide,0,,,131/3
1489110,2,15,7,Rajendran Vivek,R Kavin,Karthik Palaniapan Meiyappan,0,0,0,no run,0,,,131/3
1489110,2,16,1,R Kavin,Rajendran Vivek,Gurjapneet Singh,0,0,0,no run,0,,,131/3
1489110,2,16,2,R Kavin,Rajendran Vivek,Gurjapneet Singh,1,1,0,run,0,,,132/3
1489110,2,16,3,Rajendran Vivek,R Kavin,Gurjapneet Singh,4,4,0,four,0,,,136/3
1489110,2,16,4,Rajendran Vivek,R Kavin,Gurjapneet Singh,1,0,1,wide,0,,,137/3
1489110,2,16,5,Rajendran Vivek,R Kavin,Gurjapneet Singh,0,0,0,out,1,caught,Rajendran Vivek,137/4
1489110,2,16,6,Sunny Sandhu,R Kavin,Gurjapneet Singh,0,0,0,no run,0,,,137/4
1489110,2,16,7,Sunny Sandhu,R Kavin,Gurjapneet Singh,1,1,0,run,0,,,138/4
1489110,2,17,1,Sunny Sandhu,R Kavin,Murugan Ashwin,2,2,0,run,0,,,140/4
1489110,2,17,2,Sunny Sandhu,R Kavin,Murugan Ashwin,1,1,0,run,0,,,141/4
1489110,2,17,3,R Kavin,Sunny Sandhu,Murugan Ashwin,0,0,0,no run,0,,,141/4
1489110,2,17,4,R Kavin,Sunny Sandhu,Murugan Ashwin,0,0,0,no run,0,,,141/4
1489110,2,17,5,R Kavin,Sunny Sandhu,Murugan Ashwin,6,6,0,six,0,,,147/4
1489110,2,17,6,R Kavin,Sunny Sandhu,Murugan Ashwin,6,6,0,six,0,,,153/4
1489110,2,18,1,Sunny Sandhu,R Kavin,Surya Anand S,2,2,0,run,0,,,155/4
1489110,2,18,2,Sunny Sandhu,R Kavin,Surya Anand S,1,1,0,run,0,,,156/4
1489110,2,18,3,R Kavin,Sunny Sandhu,Surya Anand S,1,1,0,run,0,,,157/4
1489110,2,18,4,Sunny Sandhu,R Kavin,Surya Anand S,0,0,0,no run,0,,,157/4
1489110,2,18,5,Sunny Sandhu,R Kavin,Surya Anand S,0,0,0,no run,0,,,157/4
1489110,2,18,6,Sunny Sandhu,R Kavin,Surya Anand S,1,0,1,no ball,0,,,158/4
1489110,2,18,7,Sunny Sandhu,R Kavin,Surya Anand S,4,4,0,four,0,,,162/4
1489110,2,19,1,R Kavin,Sunny Sandhu,Gurjapneet Singh,0,0,0,no run,0,,,162/4
1489110,2,19,2,R Kavin,Sunny Sandhu,Gurjapneet Singh,0,0,0,no run,0,,,162/4
1489110,2,19,3,R Kavin,Sunny Sandhu,Gurjapneet Singh,1,1,0,run,0,,,163/4
1489110,2,19,4,Sunny Sandhu,R Kavin,Gurjapneet Singh,4,4,0,four,0,,,167/4
1489111,1,1,1,Ravichandran Ashwin,Shivam Singh,Thangarasu Natarajan,1,0,1,wide,0,,,1/0
1489111,1,1,2,Ravichandran Ashwin,Shivam Singh,Thangarasu Natarajan,4,4,0,four,0,,,5/0
1489111,1,1,3,Ravichandran Ashwin,Shivam Singh,Thangarasu Natarajan,1,1,0,run,0,,,6/0
1489111,1,1,4,Shivam Singh,Ravichandran Ashwin,Thangarasu Natarajan,0,0,0,no run,0,,,6/0
1489111,1,1,5,Shivam Singh,Ravichandran Ashwin,Thangarasu Natarajan,0,0,0,no run,0,,,6/0
1489111,1,1,6,Shivam Singh,Ravichandran Ashwin,Thangarasu Natarajan,0,0,0,no run,0,,,6/0
1489111,1,1,7,Shivam Singh,Ravichandran Ashwin,Thangarasu Natarajan,1,1,0,run,0,,,7/0
1489111,1,2,1,Shivam Singh,Ravichandran Ashwin,Ragupathy Silambarasan,0,0,0,no run,0,,,7/0
1489111,1,2,2,Shivam Singh,Ravichandran Ashwin,Ragupathy Silambarasan,0,0,0,no run,0,,,7/0
1489111,1,2,3,Shivam Singh,Ravichandran Ashwin,Ragupathy Silambarasan,1,1,0,run,0,,,8/0
1489111,1,2,4,Ravichandran Ashwin,Shivam Singh,Ragupathy Silambarasan,4,4,0,four,0,,,12/0
1489111,1,2,5,Ravichandran Ashwin,Shivam Singh,Ragupathy Silambarasan,0,0,0,no run,0,,,12/0
1489111,1,2,6,Ravichandran Ashwin,Shivam Singh,Ragupathy Silambarasan,0,0,0,no run,0,,,12/0
1489111,1,3,1,Shivam Singh,Ravichandran Ashwin,Thangarasu Natarajan,0,0,0,no run,0,,,12/0
1489111,1,3,2,Shivam Singh,Ravichandran Ashwin,Thangarasu Natarajan,0,0,0,no run,0,,,12/0
1489111,1,3,3,Shivam Singh,Ravichandran Ashwin,Thangarasu Natarajan,5,0,5,wide,0,,,17/0
1489111,1,3,4,Shivam Singh,Ravichandran Ashwin,Thangarasu Natarajan,1,0,1,wide,0,,,18/0
1489111,1,3,5,Shivam Singh,Ravichandran Ashwin,Thangarasu Natarajan,4,4,0,four,0,,,22/0
1489111,1,3,6,Shivam Singh,Ravichandran Ashwin,Thangarasu Natarajan,1,1,0,run,0,,,23/0
1489111,1,3,7,Ravichandran Ashwin,Shivam Singh,Thangarasu Natarajan,1,1,0,run,0,,,24/0
1489111,1,3,8,Shivam Singh,Ravichandran Ashwin,Thangarasu Natarajan,0,0,0,no run,0,,,24/0
1489111,1,4,1,Ravichandran Ashwin,Shivam Singh,Ragupathy Silambarasan,0,0,0,no run,0,,,24/0
1489111,1,4,2,Ravichandran Ashwin,Shivam Singh,Ragupathy Silambarasan,6,6,0,six,0,,,30/0
1489111,1,4,3,Ravichandran Ashwin,Shivam Singh,Ragupathy Silambarasan,1,1,0,run,0,,,31/0
1489111,1,4,4,Shivam Singh,Ravichandran Ashwin,Ragupathy Silambarasan,0,0,0,no run,0,,,31/0
1489111,1,4,5,Shivam Singh,Ravichandran Ashwin,Ragupathy Silambarasan,2,2,0,run,0,,,33/0
1489111,1,4,6,Shivam Singh,Ravichandran Ashwin,Ragupathy Silambarasan,4,4,0,four,0,,,37/0
1489111,1,5,1,Ravichandran Ashwin,Shivam Singh,Ravisrinivasan Sai Kishore,1,1,0,run,0,,,38/0
1489111,1,5,2,Shivam Singh,Ravichandran Ashwin,Ravisrinivasan Sai Kishore,0,0,0,no run,0,,,38/0
1489111,1,5,3,Shivam Singh,Ravichandran Ashwin,Ravisrinivasan Sai Kishore,0,0,0,no run,0,,,38/0
1489111,1,5,4,Shivam Singh,Ravichandran Ashwin,Ravisrinivasan Sai Kishore,1,1,0,run,0,,,39/0
1489111,1,5,5,Ravichandran Ashwin,Shivam Singh,Ravisrinivasan Sai Kishore,0,0,0,out,1,leg before wicket,Ravichandran Ashwin,39/1
1489111,1,5,6,R Vimal Khumar,Shivam Singh,Ravisrinivasan Sai Kishore,4,0,4,leg bye,0,,,43/1
1489111,1,6,1,Shivam Singh,R Vimal Khumar,Esakkimuthu A,0,0,0,no run,0,,,43/1
1489111,1,6,2,Shivam Singh,R Vimal Khumar,Esakkimuthu A,4,4,0,four,0,,,47/1
1489111,1,6,3,Shivam Singh,R Vimal Khumar,Esakkimuthu A,0,0,0,no run,0,,,47/1
1489111,1,6,4,Shivam Singh,R Vimal Khumar,Esakkimuthu A,1,0,1,wide,0,,,48/1
1489111,1,6,5,Shivam Singh,R Vimal Khumar,Esakkimuthu A,6,6,0,six,0,,,54/1
1489111,1,6,6,Shivam Singh,R Vimal Khumar,Esakkimuthu A,4,4,0,four,0,,,58/1
1489111,1,6,7,Shivam Singh,R Vimal Khumar,Esakkimuthu A,1,1,0,run,0,,,59/1
1489111,1,7,1,Shivam Singh,R Vimal Khumar,Ravisrinivasan Sai Kishore,0,0,0,no run,0,,,59/1
1489111,1,7,2,Shivam Singh,R Vimal Khumar,Ravisrinivasan Sai Kishore,1,1,0,run,0,,,60/1
1489111,1,7,3,R Vimal Khumar,Shivam Singh,Ravisrinivasan Sai Kishore,0,0,0,no run,0,,,60/1
1489111,1,7,4,R Vimal Khumar,Shivam Singh,Ravisrinivasan Sai Kishore,1,1,0,run,0,,,61/1
1489111,1,7,5,Shivam Singh,R Vimal Khumar,Ravisrinivasan Sai Kishore,0,0,0,out,1,caught,Shivam Singh,61/2
1489111,1,7,6,Baba Indrajith,R Vimal Khumar,Ravisrinivasan Sai Kishore,1,1,0,run,0,,,62/2
1489111,1,8,1,Baba Indrajith,R Vimal Khumar,Esakkimuthu A,0,0,0,out,1,caught,Baba Indrajith,62/3
1489111,1,8,2,Hunny Saini,R Vimal Khumar,Esakkimuthu A,1,1,0,run,0,,,63/3
1489111,1,8,3,R Vimal Khumar,Hunny Saini,Esakkimuthu A,0,0,0,no run,0,,,63/3
1489111,1,8,4,R Vimal Khumar,Hunny Saini,Esakkimuthu A,1,1,0,run,0,,,64/3
1489111,1,8,5,Hunny Saini,R Vimal Khumar,Esakkimuthu A,0,0,0,no run,0,,,64/3
1489111,1,8,6,Hunny Saini,R Vimal Khumar,Esakkimuthu A,0,0,0,no run,0,,,64/3
1489111,1,9,1,R Vimal Khumar,Hunny Saini,Ravisrinivasan Sai Kishore,0,0,0,no run,0,,,64/3
1489111,1,9,2,R Vimal Khumar,Hunny Saini,Ravisrinivasan Sai Kishore,0,0,0,no run,0,,,64/3
1489111,1,9,3,R Vimal Khumar,Hunny Saini,Ravisrinivasan Sai Kishore,1,1,0,run,0,,,65/3
1489111,1,9,4,Hunny Saini,R Vimal Khumar,Ravisrinivasan Sai Kishore,1,1,0,run,0,,,66/3
1489111,1,9,5,R Vimal Khumar,Hunny Saini,Ravisrinivasan Sai Kishore,1,1,0,run,0,,,67/3
1489111,1,9,6,Hunny Saini,R Vimal Khumar,Ravisrinivasan Sai Kishore,1,1,0,run,0,,,68/3
1489111,1,10,1,Hunny Saini,R Vimal Khumar,Esakkimuthu A,0,0,0,no run,0,,,68/3
1489111,1,10,2,Hunny Saini,R Vimal Khumar,Esakkimuthu A,0,0,0,out,1,caught,Hunny Saini,68/4
1489111,1,10,3,Maan K Bafna,R Vimal Khumar,Esakkimuthu A,0,0,0,out,1,run out,Maan K Bafna,68/5
1489111,1,10,4,RK Jayant,R Vimal Khumar,Esakkimuthu A,0,0,0,no run,0,,,68/5
1489111,1,10,5,RK Jayant,R Vimal Khumar,Esakkimuthu A,0,0,0,no run,0,,,68/5
1489111,1,10,6,RK Jayant,R Vimal Khumar,Esakkimuthu A,1,1,0,run,0,,,69/5
1489111,1,11,1,RK Jayant,R Vimal Khumar,M Mathivannan,0,0,0,no run,0,,,69/5
1489111,1,11,2,RK Jayant,R Vimal Khumar,M Mathivannan,0,0,0,no run,0,,,69/5
1489111,1,11,3,RK Jayant,R Vimal Khumar,M Mathivannan,4,4,0,four,0,,,73/5
1489111,1,11,4,RK Jayant,R Vimal Khumar,M Mathivannan,1,1,0,run,0,,,74/5
1489111,1,11,5,R Vimal Khumar,RK Jayant,M Mathivannan,1,1,0,run,0,,,75/5
1489111,1,11,6,RK Jayant,R Vimal Khumar,M Mathivannan,4,4,0,four,0,,,79/5
1489111,1,12,1,R Vimal Khumar,RK Jayant,Esakkimuthu A,1,1,0,run,0,,,80/5
1489111,1,12,2,RK Jayant,R Vimal Khumar,Esakkimuthu A,1,0,1,wide,0,,,81/5
1489111,1,12,3,RK Jayant,R Vimal Khumar,Esakkimuthu A,1,1,0,run,0,,,82/5
1489111,1,12,4,R Vimal Khumar,RK Jayant,Esakkimuthu A,0,0,0,no run,0,,,82/5
1489111,1,12,5,R Vimal Khumar,RK Jayant,Esakkimuthu A,0,0,0,out,1,bowled,R Vimal Khumar,82/6
1489111,1,12,6,Varun Chakravarthy Vinod,RK Jayant,Esakkimuthu A,0,0,0,out,1,caught,Varun Chakravarthy Vinod,82/7
1489111,1,12,7,M Karthik Saran,RK Jayant,Esakkimuthu A,2,1,1,run,0,,,84/7
1489111,1,12,8,RK Jayant,M Karthik Saran,Esakkimuthu A,2,2,0,run,0,,,86/7
1489111,1,13,1,M Karthik Saran,RK Jayant,M Mathivannan,1,1,0,run,0,,,87/7
1489111,1,13,2,RK Jayant,M Karthik Saran,M Mathivannan,1,1,0,run,0,,,88/7
1489111,1,13,3,M Karthik Saran,RK Jayant,M Mathivannan,0,0,0,out,1,bowled,M Karthik Saran,88/8
1489111,1,13,4,DT Chandrasekar,RK Jayant,M Mathivannan,0,0,0,no run,0,,,88/8
1489111,1,13,5,DT Chandrasekar,RK Jayant,M Mathivannan,0,0,0,no run,0,,,88/8
1489111,1,13,6,DT Chandrasekar,RK Jayant,M Mathivannan,0,0,0,out,1,stumped,DT Chandrasekar,88/9
1489111,1,14,1,RK Jayant,Sankarankutty Sandeep Warrier,Thangarasu Natarajan,1,1,0,run,0,,,89/9
1489111,1,14,2,Sankarankutty Sandeep Warrier,RK Jayant,Thangarasu Natarajan,1,1,0,run,0,,,90/9
1489111,1,14,3,RK Jayant,Sankarankutty Sandeep Warrier,Thangarasu Natarajan,0,0,0,no run,0,,,90/9
1489111,1,14,4,RK Jayant,Sankarankutty Sandeep Warrier,Thangarasu Natarajan,0,0,0,no run,0,,,90/9
1489111,1,14,5,RK Jayant,Sankarankutty Sandeep Warrier,Thangarasu Natarajan,1,1,0,run,0,,,91/9
1489111,1,14,6,Sankarankutty Sandeep Warrier,RK Jayant,Thangarasu Natarajan,0,0,0,no run,0,,,91/9
1489111,1,15,1,RK Jayant,Sankarankutty Sandeep Warrier,Ravisrinivasan Sai Kishore,0,0,0,no run,0,,,91/9
1489111,1,15,2,RK Jayant,Sankarankutty Sandeep Warrier,Ravisrinivasan Sai Kishore,0,0,0,no run,0,,,91/9
1489111,1,15,3,RK Jayant,Sankarankutty Sandeep Warrier,Ravisrinivasan Sai Kishore,0,0,0,no run,0,,,91/9
1489111,1,15,4,RK Jayant,Sankarankutty Sandeep Warrier,Ravisrinivasan Sai Kishore,0,0,0,no run,0,,,91/9
1489111,1,15,5,RK Jayant,Sankarankutty Sandeep Warrier,Ravisrinivasan Sai Kishore,1,1,0,run,0,,,92/9
1489111,1,15,6,Sankarankutty Sandeep Warrier,RK Jayant,Ravisrinivasan Sai Kishore,0,0,0,no run,0,,,92/9
1489111,1,16,1,RK Jayant,Sankarankutty Sandeep Warrier,Thangarasu Natarajan,0,0,0,no run,0,,,92/9
1489111,1,16,2,RK Jayant,Sankarankutty Sandeep Warrier,Thangarasu Natarajan,0,0,0,no run,0,,,92/9
1489111,1,16,3,RK Jayant,Sankarankutty Sandeep Warrier,Thangarasu Natarajan,0,0,0,no run,0,,,92/9
1489111,1,16,4,RK Jayant,Sankarankutty Sandeep Warrier,Thangarasu Natarajan,0,0,0,no run,0,,,92/9
1489111,1,16,5,RK Jayant,Sankarankutty Sandeep Warrier,Thangarasu Natarajan,0,0,0,no run,0,,,92/9
1489111,1,16,6,RK Jayant,Sankarankutty Sandeep Warrier,Thangarasu Natarajan,1,1,0,run,0,,,93/9
1489111,1,17,1,RK Jayant,Sankarankutty Sandeep Warrier,M Mathivannan,0,0,0,no run,0,,,93/9
1489111,1,17,2,RK Jayant,Sankarankutty Sandeep Warrier,M Mathivannan,0,0,0,out,1,stumped,RK Jayant,93/10
1489111,2,1,1,VP Amit Sathvik,Tushar Raheja,Sankarankutty Sandeep Warrier,0,0,0,no run,0,,,0/0
1489111,2,1,2,VP Amit Sathvik,Tushar Raheja,Sankarankutty Sandeep Warrier,0,0,0,no run,0,,,0/0
1489111,2,1,3,VP Amit Sathvik,Tushar Raheja,Sankarankutty Sandeep Warrier,4,4,0,four,0,,,4/0
1489111,2,1,4,VP Amit Sathvik,Tushar Raheja,Sankarankutty Sandeep Warrier,0,0,0,no run,0,,,4/0
1489111,2,1,5,VP Amit Sathvik,Tushar Raheja,Sankarankutty Sandeep Warrier,0,0,0,no run,0,,,4/0
1489111,2,1,6,VP Amit Sathvik,Tushar Raheja,Sankarankutty Sandeep Warrier,1,1,0,run,0,,,5/0
1489111,2,2,1,VP Amit Sathvik,Tushar Raheja,Ravichandran Ashwin,0,0,0,no run,0,,,5/0
1489111,2,2,2,VP Amit Sathvik,Tushar Raheja,Ravichandran Ashwin,1,1,0,run,0,,,6/0
1489111,2,2,3,Tushar Raheja,VP Amit Sathvik,Ravichandran Ashwin,1,1,0,run,0,,,7/0
1489111,2,2,4,VP Amit Sathvik,Tushar Raheja,Ravichandran Ashwin,1,1,0,run,0,,,8/0
1489111,2,2,5,Tushar Raheja,VP Amit Sathvik,Ravichandran Ashwin,1,1,0,run,0,,,9/0
1489111,2,2,6,VP Amit Sathvik,Tushar Raheja,Ravichandran Ashwin,6,6,0,six,0,,,15/0
1489111,2,3,1,Tushar Raheja,VP Amit Sathvik,Varun Chakravarthy Vinod,4,4,0,four,0,,,19/0
1489111,2,3,2,Tushar Raheja,VP Amit Sathvik,Varun Chakravarthy Vinod,0,0,0,no run,0,,,19/0
1489111,2,3,3,Tushar Raheja,VP Amit Sathvik,Varun Chakravarthy Vinod,0,0,0,no run,0,,,19/0
1489111,2,3,4,Tushar Raheja,VP Amit Sathvik,Varun Chakravarthy Vinod,0,0,0,no run,0,,,19/0
1489111,2,3,5,Tushar Raheja,VP Amit Sathvik,Varun Chakravarthy Vinod,0,0,0,no run,0,,,19/0
1489111,2,3,6,Tushar Raheja,VP Amit Sathvik,Varun Chakravarthy Vinod,0,0,0,no run,0,,,19/0
1489111,2,4,1,VP Amit Sathvik,Tushar Raheja,Ganeshan Periyaswamy,0,0,0,out,1,bowled,VP Amit Sathvik,19/1
1489111,2,4,2,Sundararaman Radhakrishnan,Tushar Raheja,Ganeshan Periyaswamy,0,0,0,no run,0,,,19/1
1489111,2,4,3,Sundararaman Radhakrishnan,Tushar Raheja,Ganeshan Periyaswamy,1,1,0,run,0,,,20/1
1489111,2,4,4,Tushar Raheja,Sundararaman Radhakrishnan,Ganeshan Periyaswamy,0,0,0,no run,0,,,20/1
1489111,2,4,5,Tushar Raheja,Sundararaman Radhakrishnan,Ganeshan Periyaswamy,0,0,0,no run,0,,,20/1
1489111,2,4,6,Tushar Raheja,Sundararaman Radhakrishnan,Ganeshan Periyaswamy,1,0,1,wide,0,,,21/1
1489111,2,4,7,Tushar Raheja,Sundararaman Radhakrishnan,Ganeshan Periyaswamy,1,1,0,run,0,,,22/1
1489111,2,5,1,Tushar Raheja,Sundararaman Radhakrishnan,Varun Chakravarthy Vinod,0,0,0,no run,0,,,22/1
1489111,2,5,2,Tushar Raheja,Sundararaman Radhakrishnan,Varun Chakravarthy Vinod,0,0,0,no run,0,,,22/1
1489111,2,5,3,Tushar Raheja,Sundararaman Radhakrishnan,Varun Chakravarthy Vinod,0,0,0,no run,0,,,22/1
1489111,2,5,4,Tushar Raheja,Sundararaman Radhakrishnan,Varun Chakravarthy Vinod,4,4,0,four,0,,,26/1
1489111,2,5,5,Tushar Raheja,Sundararaman Radhakrishnan,Varun Chakravarthy Vinod,1,1,0,run,0,,,27/1
1489111,2,5,6,Sundararaman Radhakrishnan,Tushar Raheja,Varun Chakravarthy Vinod,0,0,0,no run,0,,,27/1
1489111,2,6,1,Tushar Raheja,Sundararaman Radhakrishnan,Ganeshan Periyaswamy,1,1,0,run,0,,,28/1
1489111,2,6,2,Sundararaman Radhakrishnan,Tushar Raheja,Ganeshan Periyaswamy,0,0,0,no run,0,,,28/1
1489111,2,6,3,Sundararaman Radhakrishnan,Tushar Raheja,Ganeshan Periyaswamy,0,0,0,no run,0,,,28/1
1489111,2,6,4,Sundararaman Radhakrishnan,Tushar Raheja,Ganeshan Periyaswamy,1,1,0,run,0,,,29/1
1489111,2,6,5,Tushar Raheja,Sundararaman Radhakrishnan,Ganeshan Periyaswamy,0,0,0,no run,0,,,29/1
1489111,2,6,6,Tushar Raheja,Sundararaman Radhakrishnan,Ganeshan Periyaswamy,1,1,0,run,0,,,30/1
1489111,2,7,1,Tushar Raheja,Sundararaman Radhakrishnan,Ravichandran Ashwin,6,6,0,six,0,,,36/1
1489111,2,7,2,Tushar Raheja,Sundararaman Radhakrishnan,Ravichandran Ashwin,0,0,0,no run,0,,,36/1
1489111,2,7,3,Tushar Raheja,Sundararaman Radhakrishnan,Ravichandran Ashwin,0,0,0,no run,0,,,36/1
1489111,2,7,4,Tushar Raheja,Sundararaman Radhakrishnan,Ravichandran Ashwin,6,6,0,six,0,,,42/1
1489111,2,7,5,Tushar Raheja,Sundararaman Radhakrishnan,Ravichandran Ashwin,0,0,0,no run,0,,,42/1
1489111,2,7,6,Tushar Raheja,Sundararaman Radhakrishnan,Ravichandran Ashwin,6,6,0,six,0,,,48/1
1489111,2,8,1,Sundararaman Radhakrishnan,Tushar Raheja,DT Chandrasekar,0,0,0,no run,0,,,48/1
1489111,2,8,2,Sundararaman Radhakrishnan,Tushar Raheja,DT Chandrasekar,0,0,0,no run,0,,,48/1
1489111,2,8,3,Sundararaman Radhakrishnan,Tushar Raheja,DT Chandrasekar,1,1,0,run,0,,,49/1
1489111,2,8,4,Tushar Raheja,Sundararaman Radhakrishnan,DT Chandrasekar,4,4,0,four,0,,,53/1
1489111,2,8,5,Tushar Raheja,Sundararaman Radhakrishnan,DT Chandrasekar,1,1,0,run,0,,,54/1
1489111,2,8,6,Sundararaman Radhakrishnan,Tushar Raheja,DT Chandrasekar,0,0,0,no run,0,,,54/1
1489111,2,9,1,Tushar Raheja,Sundararaman Radhakrishnan,Varun Chakravarthy Vinod,4,4,0,four,0,,,58/1
1489111,2,9,2,Tushar Raheja,Sundararaman Radhakrishnan,Varun Chakravarthy Vinod,4,4,0,four,0,,,62/1
1489111,2,9,3,Tushar Raheja,Sundararaman Radhakrishnan,Varun Chakravarthy Vinod,0,0,0,no run,0,,,62/1
1489111,2,9,4,Tushar Raheja,Sundararaman Radhakrishnan,Varun Chakravarthy Vinod,6,6,0,six,0,,,68/1
1489111,2,9,5,Tushar Raheja,Sundararaman Radhakrishnan,Varun Chakravarthy Vinod,1,1,0,run,0,,,69/1
1489111,2,9,6,Sundararaman Radhakrishnan,Tushar Raheja,Varun Chakravarthy Vinod,1,1,0,run,0,,,70/1
1489111,2,10,1,Sundararaman Radhakrishnan,Tushar Raheja,Ganeshan Periyaswamy,1,1,0,run,0,,,71/1
1489111,2,10,2,Tushar Raheja,Sundararaman Radhakrishnan,Ganeshan Periyaswamy,1,1,0,run,0,,,72/1
1489111,2,10,3,Sundararaman Radhakrishnan,Tushar Raheja,Ganeshan Periyaswamy,1,1,0,run,0,,,73/1
1489111,2,10,4,Tushar Raheja,Sundararaman Radhakrishnan,Ganeshan Periyaswamy,0,0,0,no run,0,,,73/1
1489111,2,10,5,Tushar Raheja,Sundararaman Radhakrishnan,Ganeshan Periyaswamy,0,0,0,no run,0,,,73/1
1489111,2,10,6,Tushar Raheja,Sundararaman Radhakrishnan,Ganeshan Periyaswamy,4,4,0,four,0,,,77/1
1489111,2,11,1,Sundararaman Radhakrishnan,Tushar Raheja,Sankarankutty Sandeep Warrier,0,0,0,no run,0,,,77/1
1489111,2,11,2,Sundararaman Radhakrishnan,Tushar Raheja,Sankarankutty Sandeep Warrier,1,0,1,wide,0,,,78/1
1489111,2,11,3,Sundararaman Radhakrishnan,Tushar Raheja,Sankarankutty Sandeep Warrier,0,0,0,no run,0,,,78/1
1489111,2,11,4,Sundararaman Radhakrishnan,Tushar Raheja,Sankarankutty Sandeep Warrier,1,1,0,run,0,,,79/1
1489111,2,11,5,Tushar Raheja,Sundararaman Radhakrishnan,Sankarankutty Sandeep Warrier,6,6,0,six,0,,,85/1
1489111,2,11,6,Tushar Raheja,Sundararaman Radhakrishnan,Sankarankutty Sandeep Warrier,1,1,0,run,0,,,86/1
1489111,2,11,7,Sundararaman Radhakrishnan,Tushar Raheja,Sankarankutty Sandeep Warrier,6,6,0,six,0,,,92/1
1489111,2,12,1,Tushar Raheja,Sundararaman Radhakrishnan,Shivam Singh,1,1,0,run,0,,,93/1
1489111,2,12,2,Sundararaman Radhakrishnan,Tushar Raheja,Shivam Singh,0,0,0,no run,0,,,93/1
1489111,2,12,3,Sundararaman Radhakrishnan,Tushar Raheja,Shivam Singh,0,0,0,no run,0,,,93/1
1489111,2,12,4,Sundararaman Radhakrishnan,Tushar Raheja,Shivam Singh,0,0,0,no run,0,,,93/1
1489111,2,12,5,Sundararaman Radhakrishnan,Tushar Raheja,Shivam Singh,1,1,0,run,0,,,94/1
1489112,1,1,1,K Aashiq,RS Mokit Hariharan,Ramsingh Sonu Yadav,0,0,0,no run,0,,,0/0
1489112,1,1,2,K Aashiq,RS Mokit Hariharan,Ramsingh Sonu Yadav,3,3,0,run,0,,,3/0
1489112,1,1,3,RS Mokit Hariharan,K Aashiq,Ramsingh Sonu Yadav,0,0,0,no run,0,,,3/0
1489112,1,1,4,RS Mokit Hariharan,K Aashiq,Ramsingh Sonu Yadav,2,2,0,run,0,,,5/0
1489112,1,1,5,RS Mokit Hariharan,K Aashiq,Ramsingh Sonu Yadav,0,0,0,out,1,caught,RS Mokit Hariharan,5/1
1489112,1,1,6,Baba Aparajith,K Aashiq,Ramsingh Sonu Yadav,4,4,0,four,0,,,9/1
1489112,1,2,1,K Aashiq,Baba Aparajith,Emmanuel Cherian,0,0,0,no run,0,,,9/1
1489112,1,2,2,K Aashiq,Baba Aparajith,Emmanuel Cherian,1,1,0,run,0,,,10/1
1489112,1,2,3,Baba Aparajith,K Aashiq,Emmanuel Cherian,1,0,1,leg bye,0,,,11/1
1489112,1,2,4,K Aashiq,Baba Aparajith,Emmanuel Cherian,1,1,0,run,0,,,12/1
1489112,1,2,5,Baba Aparajith,K Aashiq,Emmanuel Cherian,0,0,0,no run,0,,,12/1
1489112,1,2,6,Baba Aparajith,K Aashiq,Emmanuel Cherian,0,0,0,no run,0,,,12/1
1489112,1,3,1,K Aashiq,Baba Aparajith,Ramsingh Sonu Yadav,4,4,0,four,0,,,16/1
1489112,1,3,2,K Aashiq,Baba Aparajith,Ramsingh Sonu Yadav,0,0,0,no run,0,,,16/1
1489112,1,3,3,K Aashiq,Baba Aparajith,Ramsingh Sonu Yadav,4,4,0,four,0,,,20/1
1489112,1,3,4,K Aashiq,Baba Aparajith,Ramsingh Sonu Yadav,1,1,0,run,0,,,21/1
1489112,1,3,5,Baba Aparajith,K Aashiq,Ramsingh Sonu Yadav,0,0,0,no run,0,,,21/1
1489112,1,3,6,Baba Aparajith,K Aashiq,Ramsingh Sonu Yadav,4,4,0,four,0,,,25/1
1489112,1,4,1,K Aashiq,Baba Aparajith,Emmanuel Cherian,4,4,0,four,0,,,29/1
1489112,1,4,2,K Aashiq,Baba Aparajith,Emmanuel Cherian,0,0,0,no run,0,,,29/1
1489112,1,4,3,K Aashiq,Baba Aparajith,Emmanuel Cherian,4,4,0,four,0,,,33/1
1489112,1,4,4,K Aashiq,Baba Aparajith,Emmanuel Cherian,1,1,0,run,0,,,34/1
1489112,1,4,5,Baba Aparajith,K Aashiq,Emmanuel Cherian,0,0,0,no run,0,,,34/1
1489112,1,4,6,Baba Aparajith,K Aashiq,Emmanuel Cherian,4,4,0,four,0,,,38/1
1489112,1,5,1,K Aashiq,Baba Aparajith,Sachin Rathi,1,1,0,run,0,,,39/1
1489112,1,5,2,Baba Aparajith,K Aashiq,Sachin Rathi,0,0,0,no run,0,,,39/1
1489112,1,5,3,Baba Aparajith,K Aashiq,Sachin Rathi,0,0,0,no run,0,,,39/1
1489112,1,5,4,Baba Aparajith,K Aashiq,Sachin Rathi,0,0,0,no run,0,,,39/1
1489112,1,5,5,Baba Aparajith,K Aashiq,Sachin Rathi,0,0,0,no run,0,,,39/1
1489112,1,5,6,Baba Aparajith,K Aashiq,Sachin Rathi,4,4,0,four,0,,,43/1
1489112,1,6,1,K Aashiq,Baba Aparajith,M Uday Kumar,1,1,0,run,0,,,44/1
1489112,1,6,2,Baba Aparajith,K Aashiq,M Uday Kumar,4,4,0,four,0,,,48/1
1489112,1,6,3,Baba Aparajith,K Aashiq,M Uday Kumar,1,1,0,run,0,,,49/1
1489112,1,6,4,K Aashiq,Baba Aparajith,M Uday Kumar,1,0,1,wide,0,,,50/1
1489112,1,6,5,K Aashiq,Baba Aparajith,M Uday Kumar,0,0,0,no run,0,,,50/1
1489112,1,6,6,K Aashiq,Baba Aparajith,M Uday Kumar,1,0,1,wide,0,,,51/1
1489112,1,6,7,K Aashiq,Baba Aparajith,M Uday Kumar,1,1,0,run,0,,,52/1
1489112,1,6,8,Baba Aparajith,K Aashiq,M Uday Kumar,1,1,0,run,0,,,53/1
1489112,1,7,1,Baba Aparajith,K Aashiq,NS Harish,0,0,0,no run,0,,,53/1
1489112,1,7,2,Baba Aparajith,K Aashiq,NS Harish,0,0,0,no run,0,,,53/1
1489112,1,7,3,Baba Aparajith,K Aashiq,NS Harish,2,2,0,run,0,,,55/1
1489112,1,7,4,Baba Aparajith,K Aashiq,NS Harish,1,1,0,run,0,,,56/1
1489112,1,7,5,K Aashiq,Baba Aparajith,NS Harish,1,1,0,run,0,,,57/1
1489112,1,7,6,Baba Aparajith,K Aashiq,NS Harish,0,0,0,no run,0,,,57/1
1489112,1,8,1,K Aashiq,Baba Aparajith,M Uday Kumar,1,1,0,run,0,,,58/1
1489112,1,8,2,Baba Aparajith,K Aashiq,M Uday Kumar,6,6,0,six,0,,,64/1
1489112,1,8,3,Baba Aparajith,K Aashiq,M Uday Kumar,1,1,0,run,0,,,65/1
1489112,1,8,4,K Aashiq,Baba Aparajith,M Uday Kumar,1,1,0,run,0,,,66/1
1489112,1,8,5,Baba Aparajith,K Aashiq,M Uday Kumar,1,1,0,run,0,,,67/1
1489112,1,8,6,K Aashiq,Baba Aparajith,M Uday Kumar,1,1,0,run,0,,,68/1
1489112,1,9,1,K Aashiq,Baba Aparajith,NS Harish,0,0,0,no run,0,,,68/1
1489112,1,9,2,K Aashiq,Baba Aparajith,NS Harish,1,0,1,leg bye,0,,,69/1
1489112,1,9,3,Baba Aparajith,K Aashiq,NS Harish,1,1,0,run,0,,,70/1
1489112,1,9,4,K Aashiq,Baba Aparajith,NS Harish,1,0,1,wide,0,,,71/1
1489112,1,9,5,K Aashiq,Baba Aparajith,NS Harish,0,0,0,no run,0,,,71/1
1489112,1,9,6,K Aashiq,Baba Aparajith,NS Harish,0,0,0,no run,0,,,71/1
1489112,1,9,7,K Aashiq,Baba Aparajith,NS Harish,1,1,0,run,0,,,72/1
1489112,1,10,1,K Aashiq,Baba Aparajith,PS Nirmal Kumar,4,4,0,four,0,,,76/1
1489112,1,10,2,K Aashiq,Baba Aparajith,PS Nirmal Kumar,4,4,0,four,0,,,80/1
1489112,1,10,3,K Aashiq,Baba Aparajith,PS Nirmal Kumar,1,1,0,run,0,,,81/1
1489112,1,10,4,Baba Aparajith,K Aashiq,PS Nirmal Kumar,0,0,0,no run,0,,,81/1
1489112,1,10,5,Baba Aparajith,K Aashiq,PS Nirmal Kumar,6,6,0,six,0,,,87/1
1489112,1,10,6,Baba Aparajith,K Aashiq,PS Nirmal Kumar,1,1,0,run,0,,,88/1
1489112,1,11,1,Baba Aparajith,K Aashiq,Sachin Rathi,0,0,0,out,1,caught,Baba Aparajith,88/2
1489112,1,11,2,Vijay Shankar,K Aashiq,Sachin Rathi,1,1,0,run,0,,,89/2
1489112,1,11,3,K Aashiq,Vijay Shankar,Sachin Rathi,1,1,0,run,0,,,90/2
1489112,1,11,4,Vijay Shankar,K Aashiq,Sachin Rathi,0,0,0,no run,0,,,90/2
1489112,1,11,5,Vijay Shankar,K Aashiq,Sachin Rathi,1,1,0,run,0,,,91/2
1489112,1,11,6,K Aashiq,Vijay Shankar,Sachin Rathi,1,1,0,run,0,,,92/2
1489112,1,12,1,K Aashiq,Vijay Shankar,Valliappan Yudheeswaran,1,1,0,run,0,,,93/2
1489112,1,12,2,Vijay Shankar,K Aashiq,Valliappan Yudheeswaran,1,1,0,run,0,,,94/2
1489112,1,12,3,K Aashiq,Vijay Shankar,Valliappan Yudheeswaran,1,0,1,leg bye,0,,,95/2
1489112,1,12,4,Vijay Shankar,K Aashiq,Valliappan Yudheeswaran,6,6,0,six,0,,,101/2
1489112,1,12,5,Vijay Shankar,K Aashiq,Valliappan Yudheeswaran,0,0,0,no run,0,,,101/2
1489112,1,12,6,Vijay Shankar,K Aashiq,Valliappan Yudheeswaran,2,2,0,run,0,,,103/2
1489112,1,13,1,K Aashiq,Vijay Shankar,Sachin Rathi,1,1,0,run,0,,,104/2
1489112,1,13,2,Vijay Shankar,K Aashiq,Sachin Rathi,0,0,0,no run,0,,,104/2
1489112,1,13,3,Vijay Shankar,K Aashiq,Sachin Rathi,1,1,0,run,0,,,105/2
1489112,1,13,4,K Aashiq,Vijay Shankar,Sachin Rathi,6,6,0,six,0,,,111/2
1489112,1,13,5,K Aashiq,Vijay Shankar,Sachin Rathi,4,4,0,four,0,,,115/2
1489112,1,13,6,K Aashiq,Vijay Shankar,Sachin Rathi,0,0,0,no run,0,,,115/2
1489112,1,14,1,Vijay Shankar,K Aashiq,Valliappan Yudheeswaran,4,4,0,four,0,,,119/2
1489112,1,14,2,Vijay Shankar,K Aashiq,Valliappan Yudheeswaran,1,1,0,run,0,,,120/2
1489112,1,14,3,K Aashiq,Vijay Shankar,Valliappan Yudheeswaran,1,0,1,wide,0,,,121/2
1489112,1,14,4,K Aashiq,Vijay Shankar,Valliappan Yudheeswaran,0,0,0,out,1,caught,K Aashiq,121/3
1489112,1,14,5,Narayan Jagadeesan,Vijay Shankar,Valliappan Yudheeswaran,4,4,0,four,0,,,125/3
1489112,1,14,6,Narayan Jagadeesan,Vijay Shankar,Valliappan Yudheeswaran,0,0,0,no run,0,,,125/3
1489112,1,14,7,Narayan Jagadeesan,Vijay Shankar,Valliappan Yudheeswaran,1,1,0,run,0,,,126/3
1489112,1,15,1,Narayan Jagadeesan,Vijay Shankar,NS Harish,0,0,0,no run,0,,,126/3
1489112,1,15,2,Narayan Jagadeesan,Vijay Shankar,NS Harish,1,1,0,run,0,,,127/3
1489112,1,15,3,Vijay Shankar,Narayan Jagadeesan,NS Harish,1,1,0,run,0,,,128/3
1489112,1,15,4,Narayan Jagadeesan,Vijay Shankar,NS Harish,1,1,0,run,0,,,129/3
1489112,1,15,5,Vijay Shankar,Narayan Jagadeesan,NS Harish,1,1,0,run,0,,,130/3
1489112,1,15,6,Narayan Jagadeesan,Vijay Shankar,NS Harish,4,4,0,four,0,,,134/3
1489112,1,16,1,Vijay Shankar,Narayan Jagadeesan,Sachin Rathi,6,6,0,six,0,,,140/3
1489112,1,16,2,Vijay Shankar,Narayan Jagadeesan,Sachin Rathi,0,0,0,no run,0,,,140/3
1489112,1,16,3,Vijay Shankar,Narayan Jagadeesan,Sachin Rathi,6,6,0,six,0,,,146/3
1489112,1,16,4,Vijay Shankar,Narayan Jagadeesan,Sachin Rathi,4,4,0,four,0,,,150/3
1489112,1,16,5,Vijay Shankar,Narayan Jagadeesan,Sachin Rathi,1,1,0,run,0,,,151/3
1489112,1,16,6,Narayan Jagadeesan,Vijay Shankar,Sachin Rathi,0,0,0,no run,0,,,151/3
1489112,1,17,1,Vijay Shankar,Narayan Jagadeesan,Ramsingh Sonu Yadav,1,1,0,run,0,,,152/3
1489112,1,17,2,Narayan Jagadeesan,Vijay Shankar,Ramsingh Sonu Yadav,2,2,0,run,0,,,154/3
1489112,1,17,3,Narayan Jagadeesan,Vijay Shankar,Ramsingh Sonu Yadav,0,0,0,out,1,bowled,Narayan Jagadeesan,154/4
1489112,1,17,4,Swapnil Singh,Vijay Shankar,Ramsingh Sonu Yadav,1,1,0,run,0,,,155/4
1489112,1,17,5,Vijay Shankar,Swapnil Singh,Ramsingh Sonu Yadav,1,1,0,run,0,,,156/4
1489112,1,17,6,Swapnil Singh,Vijay Shankar,Ramsingh Sonu Yadav,0,0,0,no run,0,,,156/4
1489112,1,18,1,Vijay Shankar,Swapnil Singh,M Uday Kumar,1,1,0,run,0,,,157/4
1489112,1,18,2,Swapnil Singh,Vijay Shankar,M Uday Kumar,2,2,0,run,0,,,159/4
1489112,1,18,3,Swapnil Singh,Vijay Shankar,M Uday Kumar,4,4,0,four,0,,,163/4
1489112,1,18,4,Swapnil Singh,Vijay Shankar,M Uday Kumar,6,6,0,six,0,,,169/4
1489112,1,18,5,Swapnil Singh,Vijay Shankar,M Uday Kumar,6,6,0,six,0,,,175/4
1489112,1,18,6,Swapnil Singh,Vijay Shankar,M Uday Kumar,6,6,0,six,0,,,181/4
1489112,1,19,1,Vijay Shankar,Swapnil Singh,Ramsingh Sonu Yadav,1,1,0,run,0,,,182/4
1489112,1,19,2,Swapnil Singh,Vijay Shankar,Ramsingh Sonu Yadav,1,1,0,run,0,,,183/4
1489112,1,19,3,Vijay Shankar,Swapnil Singh,Ramsingh Sonu Yadav,1,1,0,run,0,,,184/4
1489112,1,19,4,Swapnil Singh,Vijay Shankar,Ramsingh Sonu Yadav,4,4,0,four,0,,,188/4
1489112,1,19,5,Swapnil Singh,Vijay Shankar,Ramsingh Sonu Yadav,1,0,1,wide,0,,,189/4
1489112,1,19,6,Swapnil Singh,Vijay Shankar,Ramsingh Sonu Yadav,1,1,0,run,0,,,190/4
1489112,1,19,7,Vijay Shankar,Swapnil Singh,Ramsingh Sonu Yadav,6,6,0,six,0,,,196/4
1489112,1,20,1,Swapnil Singh,Vijay Shankar,Valliappan Yudheeswaran,2,2,0,run,0,,,198/4
1489112,1,20,2,Swapnil Singh,Vijay Shankar,Valliappan Yudheeswaran,6,6,0,six,0,,,204/4
1489112,1,20,3,Swapnil Singh,Vijay Shankar,Valliappan Yudheeswaran,6,6,0,six,0,,,210/4
1489112,1,20,4,Swapnil Singh,Vijay Shankar,Valliappan Yudheeswaran,0,0,0,out,1,caught,Swapnil Singh,210/5
1489112,1,20,5,Abhishek Baljeetsingh Tanwar,Vijay Shankar,Valliappan Yudheeswaran,1,0,1,wide,0,,,211/5
1489112,1,20,6,Abhishek Baljeetsingh Tanwar,Vijay Shankar,Valliappan Yudheeswaran,0,0,0,out,1,bowled,Abhishek Baljeetsingh Tanwar,211/6
1489112,1,20,7,S Dinesh Raj,Vijay Shankar,Valliappan Yudheeswaran,1,1,0,run,1,run out,S Dinesh Raj,212/7
1489112,2,1,1,Konda Bhaskir Arun Karthik,D Santhosh Kumar,Abhishek Baljeetsingh Tanwar,1,1,0,run,0,,,1/0
1489112,2,1,2,D Santhosh Kumar,Konda Bhaskir Arun Karthik,Abhishek Baljeetsingh Tanwar,1,1,0,run,0,,,2/0
1489112,2,1,3,Konda Bhaskir Arun Karthik,D Santhosh Kumar,Abhishek Baljeetsingh Tanwar,1,0,1,bye,0,,,3/0
1489112,2,1,4,D Santhosh Kumar,Konda Bhaskir Arun Karthik,Abhishek Baljeetsingh Tanwar,0,0,0,no run,0,,,3/0
1489112,2,1,5,D Santhosh Kumar,Konda Bhaskir Arun Karthik,Abhishek Baljeetsingh Tanwar,1,1,0,run,0,,,4/0
1489112,2,1,6,Konda Bhaskir Arun Karthik,D Santhosh Kumar,Abhishek Baljeetsingh Tanwar,0,0,0,no run,0,,,4/0
1489112,2,2,1,D Santhosh Kumar,Konda Bhaskir Arun Karthik,Swapnil Singh,1,1,0,run,0,,,5/0
1489112,2,2,2,Konda Bhaskir Arun Karthik,D Santhosh Kumar,Swapnil Singh,0,0,0,no run,0,,,5/0
1489112,2,2,3,Konda Bhaskir Arun Karthik,D Santhosh Kumar,Swapnil Singh,6,6,0,six,0,,,11/0
1489112,2,2,4,Konda Bhaskir Arun Karthik,D Santhosh Kumar,Swapnil Singh,0,0,0,no run,0,,,11/0
1489112,2,2,5,Konda Bhaskir Arun Karthik,D Santhosh Kumar,Swapnil Singh,0,0,0,no run,0,,,11/0
1489112,2,2,6,Konda Bhaskir Arun Karthik,D Santhosh Kumar,Swapnil Singh,4,0,4,bye,0,,,15/0
1489112,2,3,1,D Santhosh Kumar,Konda Bhaskir Arun Karthik,Abhishek Baljeetsingh Tanwar,1,0,1,wide,0,,,16/0
1489112,2,3,2,D Santhosh Kumar,Konda Bhaskir Arun Karthik,Abhishek Baljeetsingh Tanwar,1,1,0,run,0,,,17/0
1489112,2,3,3,Konda Bhaskir Arun Karthik,D Santhosh Kumar,Abhishek Baljeetsingh Tanwar,1,1,0,run,0,,,18/0
1489112,2,3,4,D Santhosh Kumar,Konda Bhaskir Arun Karthik,Abhishek Baljeetsingh Tanwar,1,0,1,leg bye,0,,,19/0
1489112,2,3,5,Konda Bhaskir Arun Karthik,D Santhosh Kumar,Abhishek Baljeetsingh Tanwar,1,1,0,run,0,,,20/0
1489112,2,3,6,D Santhosh Kumar,Konda Bhaskir Arun Karthik,Abhishek Baljeetsingh Tanwar,6,6,0,six,0,,,26/0
1489112,2,3,7,D Santhosh Kumar,Konda Bhaskir Arun Karthik,Abhishek Baljeetsingh Tanwar,0,0,0,out,1,caught,D Santhosh Kumar,26/1
1489112,2,4,1,Konda Bhaskir Arun Karthik,NS Harish,Swapnil Singh,1,1,0,run,0,,,27/1
1489112,2,4,2,NS Harish,Konda Bhaskir Arun Karthik,Swapnil Singh,1,1,0,run,0,,,28/1
1489112,2,4,3,Konda Bhaskir Arun Karthik,NS Harish,Swapnil Singh,0,0,0,no run,0,,,28/1
1489112,2,4,4,Konda Bhaskir Arun Karthik,NS Harish,Swapnil Singh,1,1,0,run,0,,,29/1
1489112,2,4,5,NS Harish,Konda Bhaskir Arun Karthik,Swapnil Singh,0,0,0,no run,0,,,29/1
1489112,2,4,6,NS Harish,Konda Bhaskir Arun Karthik,Swapnil Singh,4,4,0,four,0,,,33/1
1489112,2,5,1,Konda Bhaskir Arun Karthik,NS Harish,J Prem Kumar,1,1,0,run,0,,,34/1
1489112,2,5,2,NS Harish,Konda Bhaskir Arun Karthik,J Prem Kumar,0,0,0,no run,0,,,34/1
1489112,2,5,3,NS Harish,Konda Bhaskir Arun Karthik,J Prem Kumar,4,4,0,four,0,,,38/1
1489112,2,5,4,NS Harish,Konda Bhaskir Arun Karthik,J Prem Kumar,4,4,0,four,0,,,42/1
1489112,2,5,5,NS Harish,Konda Bhaskir Arun Karthik,J Prem Kumar,1,1,0,run,0,,,43/1
1489112,2,5,6,Konda Bhaskir Arun Karthik,NS Harish,J Prem Kumar,0,0,0,no run,0,,,43/1
1489112,2,6,1,NS Harish,Konda Bhaskir Arun Karthik,Swapnil Singh,1,0,1,wide,1,stumped,NS Harish,44/2
1489112,2,6,2,Guruswamy Ajitesh,Konda Bhaskir Arun Karthik,Swapnil Singh,0,0,0,no run,0,,,44/2
1489112,2,6,3,Guruswamy Ajitesh,Konda Bhaskir Arun Karthik,Swapnil Singh,0,0,0,no run,0,,,44/2
1489112,2,6,4,Guruswamy Ajitesh,Konda Bhaskir Arun Karthik,Swapnil Singh,0,0,0,no run,0,,,44/2
1489112,2,6,5,Guruswamy Ajitesh,Konda Bhaskir Arun Karthik,Swapnil Singh,1,1,0,run,0,,,45/2
1489112,2,6,6,Konda Bhaskir Arun Karthik,Guruswamy Ajitesh,Swapnil Singh,1,1,0,run,0,,,46/2
1489112,2,6,7,Guruswamy Ajitesh,Konda Bhaskir Arun Karthik,Swapnil Singh,0,0,0,out,1,bowled,Guruswamy Ajitesh,46/3
1489112,2,7,1,Konda Bhaskir Arun Karthik,S Rithik Easwaran,M Silambarasan,1,1,0,run,0,,,47/3
1489112,2,7,2,S Rithik Easwaran,Konda Bhaskir Arun Karthik,M Silambarasan,1,1,0,run,0,,,48/3
1489112,2,7,3,Konda Bhaskir Arun Karthik,S Rithik Easwaran,M Silambarasan,1,1,0,run,0,,,49/3
1489112,2,7,4,S Rithik Easwaran,Konda Bhaskir Arun Karthik,M Silambarasan,1,1,0,run,0,,,50/3
1489112,2,7,5,Konda Bhaskir Arun Karthik,S Rithik Easwaran,M Silambarasan,2,2,0,run,0,,,52/3
1489112,2,7,6,Konda Bhaskir Arun Karthik,S Rithik Easwaran,M Silambarasan,1,1,0,run,0,,,53/3
1489112,2,8,1,Konda Bhaskir Arun Karthik,S Rithik Easwaran,Swapnil Singh,0,0,0,no run,0,,,53/3
1489112,2,8,2,Konda Bhaskir Arun Karthik,S Rithik Easwaran,Swapnil Singh,1,0,1,leg bye,0,,,54/3
1489112,2,8,3,S Rithik Easwaran,Konda Bhaskir Arun Karthik,Swapnil Singh,6,6,0,six,0,,,60/3
1489112,2,8,4,S Rithik Easwaran,Konda Bhaskir Arun Karthik,Swapnil Singh,1,1,0,run,0,,,61/3
1489112,2,8,5,Konda Bhaskir Arun Karthik,S Rithik Easwaran,Swapnil Singh,1,1,0,run,0,,,62/3
1489112,2,8,6,S Rithik Easwaran,Konda Bhaskir Arun Karthik,Swapnil Singh,1,1,0,run,0,,,63/3
1489112,2,9,1,S Rithik Easwaran,Konda Bhaskir Arun Karthik,J Prem Kumar,1,1,0,run,0,,,64/3
1489112,2,9,2,Konda Bhaskir Arun Karthik,S Rithik Easwaran,J Prem Kumar,1,1,0,run,0,,,65/3
1489112,2,9,3,S Rithik Easwaran,Konda Bhaskir Arun Karthik,J Prem Kumar,0,0,0,no run,0,,,65/3
1489112,2,9,4,S Rithik Easwaran,Konda Bhaskir Arun Karthik,J Prem Kumar,0,0,0,no run,0,,,65/3
1489112,2,9,5,S Rithik Easwaran,Konda Bhaskir Arun Karthik,J Prem Kumar,0,0,0,no run,0,,,65/3
1489112,2,9,6,S Rithik Easwaran,Konda Bhaskir Arun Karthik,J Prem Kumar,1,1,0,run,0,,,66/3
1489112,2,10,1,S Rithik Easwaran,Konda Bhaskir Arun Karthik,M Silambarasan,0,0,0,out,1,bowled,S Rithik Easwaran,66/4
1489112,2,10,2,Ramsingh Sonu Yadav,Konda Bhaskir Arun Karthik,M Silambarasan,0,0,0,no run,0,,,66/4
1489112,2,10,3,Ramsingh Sonu Yadav,Konda Bhaskir Arun Karthik,M Silambarasan,0,0,0,no run,0,,,66/4
1489112,2,10,4,Ramsingh Sonu Yadav,Konda Bhaskir Arun Karthik,M Silambarasan,1,1,0,run,0,,,67/4
1489112,2,10,5,PS Nirmal Kumar,Ramsingh Sonu Yadav,M Silambarasan,0,0,0,no run,0,,,67/4
1489112,2,10,6,PS Nirmal Kumar,Ramsingh Sonu Yadav,M Silambarasan,0,0,0,no run,0,,,67/4
1489112,2,11,1,Ramsingh Sonu Yadav,PS Nirmal Kumar,Vijay Shankar,4,4,0,four,0,,,71/4
1489112,2,11,2,Ramsingh Sonu Yadav,PS Nirmal Kumar,Vijay Shankar,6,6,0,six,0,,,77/4
1489112,2,11,3,Ramsingh Sonu Yadav,PS Nirmal Kumar,Vijay Shankar,1,1,0,run,0,,,78/4
1489112,2,11,4,PS Nirmal Kumar,Ramsingh Sonu Yadav,Vijay Shankar,1,1,0,run,0,,,79/4
1489112,2,11,5,Ramsingh Sonu Yadav,PS Nirmal Kumar,Vijay Shankar,2,2,0,run,0,,,81/4
1489112,2,11,6,Ramsingh Sonu Yadav,PS Nirmal Kumar,Vijay Shankar,1,1,0,run,0,,,82/4
1489112,2,12,1,Ramsingh Sonu Yadav,PS Nirmal Kumar,M Silambarasan,0,0,0,out,1,caught,Ramsingh Sonu Yadav,82/5
1489112,2,12,2,Muhammed Adnan Khan,PS Nirmal Kumar,M Silambarasan,0,0,0,no run,0,,,82/5
1489112,2,12,3,Muhammed Adnan Khan,PS Nirmal Kumar,M Silambarasan,0,0,0,no run,0,,,82/5
1489112,2,12,4,Muhammed Adnan Khan,PS Nirmal Kumar,M Silambarasan,2,2,0,run,0,,,84/5
1489112,2,12,5,Muhammed Adnan Khan,PS Nirmal Kumar,M Silambarasan,1,1,0,run,0,,,85/5
1489112,2,12,6,PS Nirmal Kumar,Muhammed Adnan Khan,M Silambarasan,1,1,0,run,0,,,86/5
1489112,2,13,1,PS Nirmal Kumar,Muhammed Adnan Khan,J Prem Kumar,0,0,0,no run,0,,,86/5
1489112,2,13,2,PS Nirmal Kumar,Muhammed Adnan Khan,J Prem Kumar,1,1,0,run,0,,,87/5
1489112,2,13,3,Muhammed Adnan Khan,PS Nirmal Kumar,J Prem Kumar,4,4,0,four,0,,,91/5
1489112,2,13,4,Muhammed Adnan Khan,PS Nirmal Kumar,J Prem Kumar,1,1,0,run,1,run out,PS Nirmal Kumar,92/6
1489112,2,13,5,Konda Bhaskir Arun Karthik,Muhammed Adnan Khan,J Prem Kumar,1,1,0,run,0,,,93/6
1489112,2,13,6,Muhammed Adnan Khan,Konda Bhaskir Arun Karthik,J Prem Kumar,1,1,0,run,0,,,94/6
1489112,2,14,1,Muhammed Adnan Khan,Konda Bhaskir Arun Karthik,M Silambarasan,1,1,0,run,0,,,95/6
1489112,2,14,2,Konda Bhaskir Arun Karthik,Muhammed Adnan Khan,M Silambarasan,1,1,0,run,0,,,96/6
1489112,2,14,3,Muhammed Adnan Khan,Konda Bhaskir Arun Karthik,M Silambarasan,1,1,0,run,0,,,97/6
1489112,2,14,4,Konda Bhaskir Arun Karthik,Muhammed Adnan Khan,M Silambarasan,2,2,0,run,0,,,99/6
1489112,2,14,5,Konda Bhaskir Arun Karthik,Muhammed Adnan Khan,M Silambarasan,1,1,0,run,0,,,100/6
1489112,2,14,6,Muhammed Adnan Khan,Konda Bhaskir Arun Karthik,M Silambarasan,4,0,4,leg bye,0,,,104/6
1489112,2,15,1,Konda Bhaskir Arun Karthik,Muhammed Adnan Khan,J Prem Kumar,1,1,0,run,0,,,105/6
1489112,2,15,2,Muhammed Adnan Khan,Konda Bhaskir Arun Karthik,J Prem Kumar,1,1,0,run,0,,,106/6
1489112,2,15,3,Konda Bhaskir Arun Karthik,Muhammed Adnan Khan,J Prem Kumar,4,4,0,four,0,,,110/6
1489112,2,15,4,Konda Bhaskir Arun Karthik,Muhammed Adnan Khan,J Prem Kumar,1,1,0,run,0,,,111/6
1489112,2,15,5,Muhammed Adnan Khan,Konda Bhaskir Arun Karthik,J Prem Kumar,0,0,0,no run,0,,,111/6
1489112,2,15,6,Muhammed Adnan Khan,Konda Bhaskir Arun Karthik,J Prem Kumar,1,1,0,run,0,,,112/6
1489112,2,16,1,Muhammed Adnan Khan,Konda Bhaskir Arun Karthik,Vijay Shankar,1,1,0,run,0,,,113/6
1489112,2,16,2,Konda Bhaskir Arun Karthik,Muhammed Adnan Khan,Vijay Shankar,2,2,0,run,0,,,115/6
1489112,2,16,3,Konda Bhaskir Arun Karthik,Muhammed Adnan Khan,Vijay Shankar,6,6,0,six,0,,,121/6
1489112,2,16,4,Konda Bhaskir Arun Karthik,Muhammed Adnan Khan,Vijay Shankar,0,0,0,no run,0,,,121/6
1489112,2,16,5,Konda Bhaskir Arun Karthik,Muhammed Adnan Khan,Vijay Shankar,6,6,0,six,0,,,127/6
1489112,2,16,6,Konda Bhaskir Arun Karthik,Muhammed Adnan Khan,Vijay Shankar,1,1,0,run,0,,,128/6
1489112,2,17,1,Konda Bhaskir Arun Karthik,Muhammed Adnan Khan,Abhishek Baljeetsingh Tanwar,1,1,0,run,0,,,129/6
1489112,2,17,2,Muhammed Adnan Khan,Konda Bhaskir Arun Karthik,Abhishek Baljeetsingh Tanwar,1,1,0,run,0,,,130/6
1489112,2,17,3,Konda Bhaskir Arun Karthik,Muhammed Adnan Khan,Abhishek Baljeetsingh Tanwar,1,1,0,run,0,,,131/6
1489112,2,17,4,Muhammed Adnan Khan,Konda Bhaskir Arun Karthik,Abhishek Baljeetsingh Tanwar,6,6,0,six,0,,,137/6
1489112,2,17,5,Muhammed Adnan Khan,Konda Bhaskir Arun Karthik,Abhishek Baljeetsingh Tanwar,2,2,0,run,0,,,139/6
1489112,2,17,6,Muhammed Adnan Khan,Konda Bhaskir Arun Karthik,Abhishek Baljeetsingh Tanwar,2,2,0,run,0,,,141/6
1489112,2,18,1,Konda Bhaskir Arun Karthik,Muhammed Adnan Khan,TD Lokesh Raj,0,0,0,no run,0,,,141/6
1489112,2,18,2,Konda Bhaskir Arun Karthik,Muhammed Adnan Khan,TD Lokesh Raj,2,2,0,run,0,,,143/6
1489112,2,18,3,Konda Bhaskir Arun Karthik,Muhammed Adnan Khan,TD Lokesh Raj,1,1,0,run,0,,,144/6
1489112,2,18,4,Muhammed Adnan Khan,Konda Bhaskir Arun Karthik,TD Lokesh Raj,6,6,0,six,0,,,150/6
1489112,2,18,5,Muhammed Adnan Khan,Konda Bhaskir Arun Karthik,TD Lokesh Raj,4,4,0,four,0,,,154/6
1489112,2,18,6,Muhammed Adnan Khan,Konda Bhaskir Arun Karthik,TD Lokesh Raj,1,0,1,wide,0,,,155/6
1489112,2,18,7,Muhammed Adnan Khan,Konda Bhaskir Arun Karthik,TD Lokesh Raj,6,6,0,six,0,,,161/6
1489112,2,19,1,Konda Bhaskir Arun Karthik,Muhammed Adnan Khan,Abhishek Baljeetsingh Tanwar,0,0,0,out,1,caught,Konda Bhaskir Arun Karthik,161/7
1489112,2,19,2,Sachin Rathi,Muhammed Adnan Khan,Abhishek Baljeetsingh Tanwar,0,0,0,out,1,leg before wicket,Sachin Rathi,161/8
1489112,2,19,3,M Uday Kumar,Muhammed Adnan Khan,Abhishek Baljeetsingh Tanwar,1,0,1,leg bye,0,,,162/8
1489112,2,19,4,Muhammed Adnan Khan,M Uday Kumar,Abhishek Baljeetsingh Tanwar,0,0,0,no run,0,,,162/8
1489112,2,19,5,Muhammed Adnan Khan,M Uday Kumar,Abhishek Baljeetsingh Tanwar,6,6,0,six,0,,,168/8
1489112,2,19,6,Muhammed Adnan Khan,M Uday Kumar,Abhishek Baljeetsingh Tanwar,1,1,0,run,0,,,169/8
1489112,2,20,1,Muhammed Adnan Khan,M Uday Kumar,TD Lokesh Raj,0,0,0,no run,0,,,169/8
1489112,2,20,2,Muhammed Adnan Khan,M Uday Kumar,TD Lokesh Raj,0,0,0,no run,0,,,169/8
1489112,2,20,3,Muhammed Adnan Khan,M Uday Kumar,TD Lokesh Raj,0,0,0,out,1,caught,Muhammed Adnan Khan,169/9
1489112,2,20,4,Valliappan Yudheeswaran,M Uday Kumar,TD Lokesh Raj,1,1,0,run,0,,,170/9
1489112,2,20,5,M Uday Kumar,Valliappan Yudheeswaran,TD Lokesh Raj,1,1,0,run,0,,,171/9
1489112,2,20,6,Valliappan Yudheeswaran,M Uday Kumar,TD Lokesh Raj,0,0,0,no run,0,,,171/9
1489113,1,1,1,Chezhian Nishaanth,S Abishiek,K Easwaran,0,0,0,no run,0,,,0/0
1489113,1,1,2,Chezhian Nishaanth,S Abishiek,K Easwaran,4,4,0,four,0,,,4/0
1489113,1,1,3,Chezhian Nishaanth,S Abishiek,K Easwaran,0,0,0,no run,0,,,4/0
1489113,1,1,4,Chezhian Nishaanth,S Abishiek,K Easwaran,2,2,0,run,0,,,6/0
1489113,1,1,5,Chezhian Nishaanth,S Abishiek,K Easwaran,1,1,0,run,0,,,7/0
1489113,1,1,6,S Abishiek,Chezhian Nishaanth,K Easwaran,0,0,0,no run,0,,,7/0
1489113,1,2,1,Chezhian Nishaanth,S Abishiek,V Athisayaraj Davidson,0,0,0,no run,0,,,7/0
1489113,1,2,2,Chezhian Nishaanth,S Abishiek,V Athisayaraj Davidson,4,4,0,four,0,,,11/0
1489113,1,2,3,Chezhian Nishaanth,S Abishiek,V Athisayaraj Davidson,2,2,0,run,0,,,13/0
1489113,1,2,4,Chezhian Nishaanth,S Abishiek,V Athisayaraj Davidson,1,1,0,run,0,,,14/0
1489113,1,2,5,S Abishiek,Chezhian Nishaanth,V Athisayaraj Davidson,1,1,0,run,0,,,15/0
1489113,1,2,6,Chezhian Nishaanth,S Abishiek,V Athisayaraj Davidson,4,4,0,four,0,,,19/0
1489113,1,3,1,S Abishiek,Chezhian Nishaanth,K Easwaran,0,0,0,no run,0,,,19/0
1489113,1,3,2,S Abishiek,Chezhian Nishaanth,K Easwaran,4,4,0,four,0,,,23/0
1489113,1,3,3,S Abishiek,Chezhian Nishaanth,K Easwaran,5,5,0,run,0,,,28/0
1489113,1,3,4,Chezhian Nishaanth,S Abishiek,K Easwaran,0,0,0,no run,0,,,28/0
1489113,1,3,5,Chezhian Nishaanth,S Abishiek,K Easwaran,0,0,0,no run,0,,,28/0
1489113,1,3,6,Chezhian Nishaanth,S Abishiek,K Easwaran,4,4,0,four,0,,,32/0
1489113,1,4,1,S Abishiek,Chezhian Nishaanth,U Mukilesh,0,0,0,out,1,bowled,S Abishiek,32/1
1489113,1,4,2,Rajendran Vivek,Chezhian Nishaanth,U Mukilesh,0,0,0,no run,0,,,32/1
1489113,1,4,3,Rajendran Vivek,Chezhian Nishaanth,U Mukilesh,1,1,0,run,0,,,33/1
1489113,1,4,4,Chezhian Nishaanth,Rajendran Vivek,U Mukilesh,1,1,0,run,0,,,34/1
1489113,1,4,5,Rajendran Vivek,Chezhian Nishaanth,U Mukilesh,1,1,0,run,0,,,35/1
1489113,1,4,6,Chezhian Nishaanth,Rajendran Vivek,U Mukilesh,2,2,0,run,0,,,37/1
1489113,1,5,1,Rajendran Vivek,Chezhian Nishaanth,N Selva Kumaran,0,0,0,no run,0,,,37/1
1489113,1,5,2,Rajendran Vivek,Chezhian Nishaanth,N Selva Kumaran,0,0,0,no run,0,,,37/1
1489113,1,5,3,Rajendran Vivek,Chezhian Nishaanth,N Selva Kumaran,1,0,1,leg bye,0,,,38/1
1489113,1,5,4,Chezhian Nishaanth,Rajendran Vivek,N Selva Kumaran,0,0,0,no run,0,,,38/1
1489113,1,5,5,Chezhian Nishaanth,Rajendran Vivek,N Selva Kumaran,1,1,0,run,0,,,39/1
1489113,1,5,6,Rajendran Vivek,Chezhian Nishaanth,N Selva Kumaran,0,0,0,out,1,bowled,Rajendran Vivek,39/2
1489113,1,6,1,Chezhian Nishaanth,R Kavin,U Mukilesh,0,0,0,no run,0,,,39/2
1489113,1,6,2,Chezhian Nishaanth,R Kavin,U Mukilesh,4,4,0,four,0,,,43/2
1489113,1,6,3,Chezhian Nishaanth,R Kavin,U Mukilesh,1,1,0,run,0,,,44/2
1489113,1,6,4,R Kavin,Chezhian Nishaanth,U Mukilesh,1,1,0,run,0,,,45/2
1489113,1,6,5,Chezhian Nishaanth,R Kavin,U Mukilesh,4,4,0,four,0,,,49/2
1489113,1,6,6,Chezhian Nishaanth,R Kavin,U Mukilesh,2,2,0,run,0,,,51/2
1489113,1,7,1,R Kavin,Chezhian Nishaanth,Ramsingh  Sanjay Yadav,1,1,0,run,0,,,52/2
1489113,1,7,2,Chezhian Nishaanth,R Kavin,Ramsingh  Sanjay Yadav,1,1,0,run,0,,,53/2
1489113,1,7,3,R Kavin,Chezhian Nishaanth,Ramsingh  Sanjay Yadav,0,0,0,no run,0,,,53/2
1489113,1,7,4,R Kavin,Chezhian Nishaanth,Ramsingh  Sanjay Yadav,1,1,0,run,0,,,54/2
1489113,1,7,5,Chezhian Nishaanth,R Kavin,Ramsingh  Sanjay Yadav,4,4,0,four,0,,,58/2
1489113,1,7,6,Chezhian Nishaanth,R Kavin,Ramsingh  Sanjay Yadav,0,0,0,no run,0,,,58/2
1489113,1,8,1,R Kavin,Chezhian Nishaanth,P Saravana Kumar,0,0,0,out,1,run out,R Kavin,58/3
1489113,1,8,2,Chezhian Nishaanth,Sunny Sandhu,P Saravana Kumar,1,1,0,run,0,,,59/3
1489113,1,8,3,Sunny Sandhu,Chezhian Nishaanth,P Saravana Kumar,1,1,0,run,0,,,60/3
1489113,1,8,4,Chezhian Nishaanth,Sunny Sandhu,P Saravana Kumar,6,6,0,six,0,,,66/3
1489113,1,8,5,Chezhian Nishaanth,Sunny Sandhu,P Saravana Kumar,1,1,0,run,0,,,67/3
1489113,1,8,6,Sunny Sandhu,Chezhian Nishaanth,P Saravana Kumar,1,1,0,run,0,,,68/3
1489113,1,9,1,Sunny Sandhu,Chezhian Nishaanth,N Selva Kumaran,0,0,0,no run,0,,,68/3
1489113,1,9,2,Sunny Sandhu,Chezhian Nishaanth,N Selva Kumaran,1,1,0,run,0,,,69/3
1489113,1,9,3,Sunny Sandhu,Chezhian Nishaanth,N Selva Kumaran,1,1,0,run,0,,,70/3
1489113,1,9,4,Chezhian Nishaanth,Sunny Sandhu,N Selva Kumaran,1,1,0,run,0,,,71/3
1489113,1,9,5,Chezhian Nishaanth,Sunny Sandhu,N Selva Kumaran,0,0,0,no run,0,,,71/3
1489113,1,9,6,Chezhian Nishaanth,Sunny Sandhu,N Selva Kumaran,0,0,0,no run,0,,,71/3
1489113,1,10,1,Sunny Sandhu,Chezhian Nishaanth,P Saravana Kumar,0,0,0,no run,0,,,71/3
1489113,1,10,2,Sunny Sandhu,Chezhian Nishaanth,P Saravana Kumar,1,1,0,run,0,,,72/3
1489113,1,10,3,Chezhian Nishaanth,Sunny Sandhu,P Saravana Kumar,1,1,0,run,0,,,73/3
1489113,1,10,4,Sunny Sandhu,Chezhian Nishaanth,P Saravana Kumar,4,4,0,four,0,,,77/3
1489113,1,10,5,Sunny Sandhu,Chezhian Nishaanth,P Saravana Kumar,1,1,0,run,0,,,78/3
1489113,1,10,6,Chezhian Nishaanth,Sunny Sandhu,P Saravana Kumar,1,1,0,run,0,,,79/3
1489113,1,11,1,Chezhian Nishaanth,Sunny Sandhu,Ramsingh  Sanjay Yadav,1,0,1,wide,0,,,80/3
1489113,1,11,2,Chezhian Nishaanth,Sunny Sandhu,Ramsingh  Sanjay Yadav,1,1,0,run,0,,,81/3
1489113,1,11,3,Sunny Sandhu,Chezhian Nishaanth,Ramsingh  Sanjay Yadav,1,1,0,run,0,,,82/3
1489113,1,11,4,Chezhian Nishaanth,Sunny Sandhu,Ramsingh  Sanjay Yadav,1,1,0,run,0,,,83/3
1489113,1,11,5,Sunny Sandhu,Chezhian Nishaanth,Ramsingh  Sanjay Yadav,1,1,0,run,0,,,84/3
1489113,1,11,6,Chezhian Nishaanth,Sunny Sandhu,Ramsingh  Sanjay Yadav,1,1,0,run,0,,,85/3
1489113,1,11,7,Sunny Sandhu,Chezhian Nishaanth,Ramsingh  Sanjay Yadav,0,0,0,no run,0,,,85/3
1489113,1,12,1,Chezhian Nishaanth,Sunny Sandhu,U Mukilesh,6,6,0,six,0,,,91/3
1489113,1,12,2,Chezhian Nishaanth,Sunny Sandhu,U Mukilesh,4,0,4,leg bye,0,,,95/3
1489113,1,12,3,Chezhian Nishaanth,Sunny Sandhu,U Mukilesh,1,1,0,run,0,,,96/3
1489113,1,12,4,Sunny Sandhu,Chezhian Nishaanth,U Mukilesh,1,1,0,run,0,,,97/3
1489113,1,12,5,Chezhian Nishaanth,Sunny Sandhu,U Mukilesh,1,1,0,run,0,,,98/3
1489113,1,12,6,Sunny Sandhu,Chezhian Nishaanth,U Mukilesh,6,6,0,six,0,,,104/3
1489113,1,13,1,Chezhian Nishaanth,Sunny Sandhu,Ramsingh  Sanjay Yadav,1,1,0,run,0,,,105/3
1489113,1,13,2,Sunny Sandhu,Chezhian Nishaanth,Ramsingh  Sanjay Yadav,6,6,0,six,0,,,111/3
1489113,1,13,3,Sunny Sandhu,Chezhian Nishaanth,Ramsingh  Sanjay Yadav,1,1,0,run,0,,,112/3
1489113,1,13,4,Chezhian Nishaanth,Sunny Sandhu,Ramsingh  Sanjay Yadav,2,2,0,run,0,,,114/3
1489113,1,13,5,Chezhian Nishaanth,Sunny Sandhu,Ramsingh  Sanjay Yadav,0,0,0,no run,0,,,114/3
1489113,1,13,6,Chezhian Nishaanth,Sunny Sandhu,Ramsingh  Sanjay Yadav,1,1,0,run,0,,,115/3
1489113,1,14,1,Chezhian Nishaanth,Sunny Sandhu,K Easwaran,2,2,0,run,0,,,117/3
1489113,1,14,2,Chezhian Nishaanth,Sunny Sandhu,K Easwaran,0,0,0,no run,0,,,117/3
1489113,1,14,3,Chezhian Nishaanth,Sunny Sandhu,K Easwaran,1,1,0,run,0,,,118/3
1489113,1,14,4,Sunny Sandhu,Chezhian Nishaanth,K Easwaran,2,2,0,run,0,,,120/3
1489113,1,14,5,Sunny Sandhu,Chezhian Nishaanth,K Easwaran,1,0,1,leg bye,0,,,121/3
1489113,1,14,6,Chezhian Nishaanth,Sunny Sandhu,K Easwaran,1,0,1,wide,0,,,122/3
1489113,1,14,7,Chezhian Nishaanth,Sunny Sandhu,K Easwaran,1,1,0,run,0,,,123/3
1489113,1,15,1,Chezhian Nishaanth,Sunny Sandhu,N Selva Kumaran,1,1,0,run,0,,,124/3
1489113,1,15,2,Sunny Sandhu,Chezhian Nishaanth,N Selva Kumaran,1,1,0,run,0,,,125/3
1489113,1,15,3,Chezhian Nishaanth,Sunny Sandhu,N Selva Kumaran,0,0,0,no run,0,,,125/3
1489113,1,15,4,Chezhian Nishaanth,Sunny Sandhu,N Selva Kumaran,1,1,0,run,0,,,126/3
1489113,1,15,5,Sunny Sandhu,Chezhian Nishaanth,N Selva Kumaran,6,6,0,six,0,,,132/3
1489113,1,15,6,Sunny Sandhu,Chezhian Nishaanth,N Selva Kumaran,6,6,0,six,0,,,138/3
1489113,1,16,1,Chezhian Nishaanth,Sunny Sandhu,V Athisayaraj Davidson,1,1,0,run,0,,,139/3
1489113,1,16,2,Sunny Sandhu,Chezhian Nishaanth,V Athisayaraj Davidson,1,1,0,run,0,,,140/3
1489113,1,16,3,Chezhian Nishaanth,Sunny Sandhu,V Athisayaraj Davidson,0,0,0,no run,0,,,140/3
1489113,1,16,4,Chezhian Nishaanth,Sunny Sandhu,V Athisayaraj Davidson,1,0,1,leg bye,0,,,141/3
1489113,1,16,5,Sunny Sandhu,Chezhian Nishaanth,V Athisayaraj Davidson,1,1,0,run,0,,,142/3
1489113,1,16,6,Chezhian Nishaanth,Sunny Sandhu,V Athisayaraj Davidson,2,2,0,run,0,,,144/3
1489113,1,17,1,Sunny Sandhu,Chezhian Nishaanth,K Easwaran,1,1,0,run,0,,,145/3
1489113,1,17,2,Chezhian Nishaanth,Sunny Sandhu,K Easwaran,6,6,0,six,0,,,151/3
1489113,1,17,3,Chezhian Nishaanth,Sunny Sandhu,K Easwaran,0,0,0,no run,0,,,151/3
1489113,1,17,4,Chezhian Nishaanth,Sunny Sandhu,K Easwaran,0,0,0,out,1,leg before wicket,Chezhian Nishaanth,151/4
1489113,1,17,5,S Harish Kumar,Sunny Sandhu,K Easwaran,1,1,0,run,0,,,152/4
1489113,1,17,6,Sunny Sandhu,S Harish Kumar,K Easwaran,1,1,0,run,0,,,153/4
1489113,1,18,1,Sunny Sandhu,S Harish Kumar,V Athisayaraj Davidson,1,0,1,leg bye,0,,,154/4
1489113,1,18,2,S Harish Kumar,Sunny Sandhu,V Athisayaraj Davidson,0,0,0,out,1,bowled,S Harish Kumar,154/5
1489113,1,18,3,Nidhish S Rajagopal,Sunny Sandhu,V Athisayaraj Davidson,4,4,0,four,0,,,158/5
1489113,1,18,4,Nidhish S Rajagopal,Sunny Sandhu,V Athisayaraj Davidson,0,0,0,no run,0,,,158/5
1489113,1,18,5,Nidhish S Rajagopal,Sunny Sandhu,V Athisayaraj Davidson,1,1,0,run,0,,,159/5
1489113,1,18,6,Sunny Sandhu,Nidhish S Rajagopal,V Athisayaraj Davidson,0,0,0,out,1,bowled,Sunny Sandhu,159/6
1489113,1,19,1,Nidhish S Rajagopal,J Gowri Sankar,P Saravana Kumar,4,4,0,four,0,,,163/6
1489113,1,19,2,Nidhish S Rajagopal,J Gowri Sankar,P Saravana Kumar,1,1,0,run,0,,,164/6
1489113,1,19,3,J Gowri Sankar,Nidhish S Rajagopal,P Saravana Kumar,4,4,0,four,0,,,168/6
1489113,1,19,4,J Gowri Sankar,Nidhish S Rajagopal,P Saravana Kumar,0,0,0,out,1,bowled,J Gowri Sankar,168/7
1489113,1,19,5,M Mohammed,Nidhish S Rajagopal,P Saravana Kumar,0,0,0,no run,0,,,168/7
1489113,1,19,6,M Mohammed,Nidhish S Rajagopal,P Saravana Kumar,1,0,1,no ball,0,,,169/7
1489113,1,19,7,M Mohammed,Nidhish S Rajagopal,P Saravana Kumar,0,0,0,no run,0,,,169/7
1489113,1,20,1,Nidhish S Rajagopal,M Mohammed,V Athisayaraj Davidson,1,1,0,run,0,,,170/7
1489113,1,20,2,M Mohammed,Nidhish S Rajagopal,V Athisayaraj Davidson,6,6,0,six,0,,,176/7
1489113,1,20,3,M Mohammed,Nidhish S Rajagopal,V Athisayaraj Davidson,1,1,0,run,0,,,177/7
1489113,1,20,4,Nidhish S Rajagopal,M Mohammed,V Athisayaraj Davidson,1,0,1,leg bye,0,,,178/7
1489113,1,20,5,M Mohammed,Nidhish S Rajagopal,V Athisayaraj Davidson,1,1,0,run,0,,,179/7
1489113,1,20,6,Nidhish S Rajagopal,M Mohammed,V Athisayaraj Davidson,0,0,0,out,1,caught,Nidhish S Rajagopal,179/8
1489113,2,1,1,S Sujay,Jayaraman Suresh Kumar,Sunny Sandhu,4,4,0,four,0,,,4/0
1489113,2,1,2,S Sujay,Jayaraman Suresh Kumar,Sunny Sandhu,0,0,0,out,1,caught,S Sujay,4/1
1489113,2,1,3,Waseem Ahmed,Jayaraman Suresh Kumar,Sunny Sandhu,4,4,0,four,0,,,8/1
1489113,2,1,4,Waseem Ahmed,Jayaraman Suresh Kumar,Sunny Sandhu,1,1,0,run,0,,,9/1
1489113,2,1,5,Jayaraman Suresh Kumar,Waseem Ahmed,Sunny Sandhu,0,0,0,no run,0,,,9/1
1489113,2,1,6,Jayaraman Suresh Kumar,Waseem Ahmed,Sunny Sandhu,0,0,0,no run,0,,,9/1
1489113,2,2,1,Waseem Ahmed,Jayaraman Suresh Kumar,M Mohammed,4,4,0,four,0,,,13/1
1489113,2,2,2,Waseem Ahmed,Jayaraman Suresh Kumar,M Mohammed,1,1,0,run,0,,,14/1
1489113,2,2,3,Jayaraman Suresh Kumar,Waseem Ahmed,M Mohammed,0,0,0,no run,0,,,14/1
1489113,2,2,4,Jayaraman Suresh Kumar,Waseem Ahmed,M Mohammed,0,0,0,no run,0,,,14/1
1489113,2,2,5,Jayaraman Suresh Kumar,Waseem Ahmed,M Mohammed,0,0,0,no run,0,,,14/1
1489113,2,2,6,Jayaraman Suresh Kumar,Waseem Ahmed,M Mohammed,0,0,0,out,1,caught,Jayaraman Suresh Kumar,14/2
1489113,2,3,1,Waseem Ahmed,Jagatheesan Kousik,Sunny Sandhu,6,6,0,six,0,,,20/2
1489113,2,3,2,Waseem Ahmed,Jagatheesan Kousik,Sunny Sandhu,0,0,0,no run,0,,,20/2
1489113,2,3,3,Waseem Ahmed,Jagatheesan Kousik,Sunny Sandhu,0,0,0,no run,0,,,20/2
1489113,2,3,4,Waseem Ahmed,Jagatheesan Kousik,Sunny Sandhu,0,0,0,out,1,caught,Waseem Ahmed,20/3
1489113,2,3,5,U Mukilesh,Jagatheesan Kousik,Sunny Sandhu,0,0,0,no run,0,,,20/3
1489113,2,3,6,U Mukilesh,Jagatheesan Kousik,Sunny Sandhu,2,2,0,run,0,,,22/3
1489113,2,4,1,Jagatheesan Kousik,U Mukilesh,Rahil S Shah,1,1,0,run,0,,,23/3
1489113,2,4,2,U Mukilesh,Jagatheesan Kousik,Rahil S Shah,0,0,0,no run,0,,,23/3
1489113,2,4,3,U Mukilesh,Jagatheesan Kousik,Rahil S Shah,0,0,0,out,1,caught,U Mukilesh,23/4
1489113,2,4,4,Ramsingh  Sanjay Yadav,Jagatheesan Kousik,Rahil S Shah,0,0,0,no run,0,,,23/4
1489113,2,4,5,Ramsingh  Sanjay Yadav,Jagatheesan Kousik,Rahil S Shah,0,0,0,no run,0,,,23/4
1489113,2,4,6,Ramsingh  Sanjay Yadav,Jagatheesan Kousik,Rahil S Shah,0,0,0,no run,0,,,23/4
1489113,2,5,1,Jagatheesan Kousik,Ramsingh  Sanjay Yadav,Sunny Sandhu,0,0,0,no run,0,,,23/4
1489113,2,5,2,Jagatheesan Kousik,Ramsingh  Sanjay Yadav,Sunny Sandhu,0,0,0,no run,0,,,23/4
1489113,2,5,3,Jagatheesan Kousik,Ramsingh  Sanjay Yadav,Sunny Sandhu,1,1,0,run,0,,,24/4
1489113,2,5,4,Ramsingh  Sanjay Yadav,Jagatheesan Kousik,Sunny Sandhu,0,0,0,no run,0,,,24/4
1489113,2,5,5,Ramsingh  Sanjay Yadav,Jagatheesan Kousik,Sunny Sandhu,0,0,0,no run,0,,,24/4
1489113,2,5,6,Ramsingh  Sanjay Yadav,Jagatheesan Kousik,Sunny Sandhu,0,0,0,no run,0,,,24/4
1489113,2,6,1,Jagatheesan Kousik,Ramsingh  Sanjay Yadav,Rahil S Shah,0,0,0,no run,0,,,24/4
1489113,2,6,2,Jagatheesan Kousik,Ramsingh  Sanjay Yadav,Rahil S Shah,1,1,0,run,0,,,25/4
1489113,2,6,3,Ramsingh  Sanjay Yadav,Jagatheesan Kousik,Rahil S Shah,0,0,0,no run,0,,,25/4
1489113,2,6,4,Ramsingh  Sanjay Yadav,Jagatheesan Kousik,Rahil S Shah,1,1,0,run,0,,,26/4
1489113,2,6,5,Jagatheesan Kousik,Ramsingh  Sanjay Yadav,Rahil S Shah,1,1,0,run,0,,,27/4
1489113,2,6,6,Ramsingh  Sanjay Yadav,Jagatheesan Kousik,Rahil S Shah,1,1,0,run,0,,,28/4
1489113,2,7,1,Ramsingh  Sanjay Yadav,Jagatheesan Kousik,M Poiyamozhi,0,0,0,no run,0,,,28/4
1489113,2,7,2,Ramsingh  Sanjay Yadav,Jagatheesan Kousik,M Poiyamozhi,0,0,0,no run,0,,,28/4
1489113,2,7,3,Ramsingh  Sanjay Yadav,Jagatheesan Kousik,M Poiyamozhi,1,1,0,run,0,,,29/4
1489113,2,7,4,Jagatheesan Kousik,Ramsingh  Sanjay Yadav,M Poiyamozhi,1,1,0,run,0,,,30/4
1489113,2,7,5,Ramsingh  Sanjay Yadav,Jagatheesan Kousik,M Poiyamozhi,1,1,0,run,0,,,31/4
1489113,2,7,6,Jagatheesan Kousik,Ramsingh  Sanjay Yadav,M Poiyamozhi,0,0,0,no run,0,,,31/4
1489113,2,8,1,Ramsingh  Sanjay Yadav,Jagatheesan Kousik,ME Yazh Arun Mozhi,0,0,0,no run,0,,,31/4
1489113,2,8,2,Ramsingh  Sanjay Yadav,Jagatheesan Kousik,ME Yazh Arun Mozhi,1,0,1,wide,0,,,32/4
1489113,2,8,3,Ramsingh  Sanjay Yadav,Jagatheesan Kousik,ME Yazh Arun Mozhi,1,1,0,run,0,,,33/4
1489113,2,8,4,Jagatheesan Kousik,Ramsingh  Sanjay Yadav,ME Yazh Arun Mozhi,1,1,0,run,0,,,34/4
1489113,2,8,5,Ramsingh  Sanjay Yadav,Jagatheesan Kousik,ME Yazh Arun Mozhi,4,4,0,four,0,,,38/4
1489113,2,8,6,Ramsingh  Sanjay Yadav,Jagatheesan Kousik,ME Yazh Arun Mozhi,1,1,0,run,0,,,39/4
1489113,2,8,7,Jagatheesan Kousik,Ramsingh  Sanjay Yadav,ME Yazh Arun Mozhi,4,4,0,four,0,,,43/4
1489113,2,9,1,Ramsingh  Sanjay Yadav,Jagatheesan Kousik,M Mohammed,0,0,0,no run,0,,,43/4
1489113,2,9,2,Ramsingh  Sanjay Yadav,Jagatheesan Kousik,M Mohammed,1,1,0,run,0,,,44/4
1489113,2,9,3,Jagatheesan Kousik,Ramsingh  Sanjay Yadav,M Mohammed,1,1,0,run,0,,,45/4
1489113,2,9,4,Ramsingh  Sanjay Yadav,Jagatheesan Kousik,M Mohammed,0,0,0,out,1,caught,Ramsingh  Sanjay Yadav,45/5
1489113,2,9,5,Jafar Jamal,Jagatheesan Kousik,M Mohammed,0,0,0,no run,0,,,45/5
1489113,2,9,6,Jafar Jamal,Jagatheesan Kousik,M Mohammed,1,1,0,run,0,,,46/5
1489113,2,10,1,Jafar Jamal,Jagatheesan Kousik,J Gowri Sankar,1,1,0,run,0,,,47/5
1489113,2,10,2,Jagatheesan Kousik,Jafar Jamal,J Gowri Sankar,0,0,0,no run,0,,,47/5
1489113,2,10,3,Jagatheesan Kousik,Jafar Jamal,J Gowri Sankar,1,1,0,run,0,,,48/5
1489113,2,10,4,Jafar Jamal,Jagatheesan Kousik,J Gowri Sankar,0,0,0,out,1,caught,Jafar Jamal,48/6
1489113,2,10,5,R Rajkumar,Jagatheesan Kousik,J Gowri Sankar,0,0,0,no run,0,,,48/6
1489113,2,10,6,R Rajkumar,Jagatheesan Kousik,J Gowri Sankar,1,1,0,run,0,,,49/6
1489113,2,11,1,R Rajkumar,Jagatheesan Kousik,M Mohammed,4,4,0,four,0,,,53/6
1489113,2,11,2,R Rajkumar,Jagatheesan Kousik,M Mohammed,0,0,0,no run,0,,,53/6
1489113,2,11,3,R Rajkumar,Jagatheesan Kousik,M Mohammed,0,0,0,no run,0,,,53/6
1489113,2,11,4,R Rajkumar,Jagatheesan Kousik,M Mohammed,0,0,0,no run,0,,,53/6
1489113,2,11,5,R Rajkumar,Jagatheesan Kousik,M Mohammed,1,1,0,run,0,,,54/6
1489113,2,11,6,Jagatheesan Kousik,R Rajkumar,M Mohammed,1,1,0,run,0,,,55/6
1489113,2,12,1,Jagatheesan Kousik,R Rajkumar,J Gowri Sankar,4,4,0,four,0,,,59/6
1489113,2,12,2,Jagatheesan Kousik,R Rajkumar,J Gowri Sankar,0,0,0,no run,0,,,59/6
1489113,2,12,3,Jagatheesan Kousik,R Rajkumar,J Gowri Sankar,1,1,0,run,0,,,60/6
1489113,2,12,4,R Rajkumar,Jagatheesan Kousik,J Gowri Sankar,1,1,0,run,0,,,61/6
1489113,2,12,5,Jagatheesan Kousik,R Rajkumar,J Gowri Sankar,1,1,0,run,0,,,62/6
1489113,2,12,6,R Rajkumar,Jagatheesan Kousik,J Gowri Sankar,1,1,0,run,0,,,63/6
1489113,2,13,1,R Rajkumar,Jagatheesan Kousik,S Harish Kumar,4,4,0,four,0,,,67/6
1489113,2,13,2,R Rajkumar,Jagatheesan Kousik,S Harish Kumar,0,0,0,no run,0,,,67/6
1489113,2,13,3,R Rajkumar,Jagatheesan Kousik,S Harish Kumar,4,4,0,four,0,,,71/6
1489113,2,13,4,R Rajkumar,Jagatheesan Kousik,S Harish Kumar,1,1,0,run,0,,,72/6
1489113,2,13,5,Jagatheesan Kousik,R Rajkumar,S Harish Kumar,1,1,0,run,0,,,73/6
1489113,2,13,6,R Rajkumar,Jagatheesan Kousik,S Harish Kumar,1,1,0,run,0,,,74/6
1489113,2,14,1,R Rajkumar,Jagatheesan Kousik,Rahil S Shah,6,6,0,six,0,,,80/6
1489113,2,14,2,R Rajkumar,Jagatheesan Kousik,Rahil S Shah,1,1,0,run,0,,,81/6
1489113,2,14,3,Jagatheesan Kousik,R Rajkumar,Rahil S Shah,1,1,0,run,0,,,82/6
1489113,2,14,4,R Rajkumar,Jagatheesan Kousik,Rahil S Shah,1,1,0,run,0,,,83/6
1489113,2,14,5,Jagatheesan Kousik,R Rajkumar,Rahil S Shah,6,6,0,six,0,,,89/6
1489113,2,14,6,Jagatheesan Kousik,R Rajkumar,Rahil S Shah,4,4,0,four,0,,,93/6
1489113,2,15,1,R Rajkumar,Jagatheesan Kousik,M Poiyamozhi,4,4,0,four,0,,,97/6
1489113,2,15,2,R Rajkumar,Jagatheesan Kousik,M Poiyamozhi,6,6,0,six,0,,,103/6
1489113,2,15,3,R Rajkumar,Jagatheesan Kousik,M Poiyamozhi,4,4,0,four,0,,,107/6
1489113,2,15,4,R Rajkumar,Jagatheesan Kousik,M Poiyamozhi,2,0,2,wide,0,,,109/6
1489113,2,15,5,Jagatheesan Kousik,R Rajkumar,M Poiyamozhi,1,1,0,run,0,,,110/6
1489113,2,15,6,R Rajkumar,Jagatheesan Kousik,M Poiyamozhi,0,0,0,no run,0,,,110/6
1489113,2,15,7,R Rajkumar,Jagatheesan Kousik,M Poiyamozhi,6,6,0,six,0,,,116/6
1489113,2,16,1,Jagatheesan Kousik,R Rajkumar,Rahil S Shah,1,1,0,run,0,,,117/6
1489113,2,16,2,R Rajkumar,Jagatheesan Kousik,Rahil S Shah,6,6,0,six,0,,,123/6
1489113,2,16,3,R Rajkumar,Jagatheesan Kousik,Rahil S Shah,1,1,0,run,0,,,124/6
1489113,2,16,4,Jagatheesan Kousik,R Rajkumar,Rahil S Shah,0,0,0,no run,0,,,124/6
1489113,2,16,5,Jagatheesan Kousik,R Rajkumar,Rahil S Shah,1,1,0,run,0,,,125/6
1489113,2,16,6,R Rajkumar,Jagatheesan Kousik,Rahil S Shah,6,6,0,six,0,,,131/6
1489113,2,17,1,Jagatheesan Kousik,R Rajkumar,M Mohammed,4,4,0,four,0,,,135/6
1489113,2,17,2,Jagatheesan Kousik,R Rajkumar,M Mohammed,1,1,0,run,0,,,136/6
1489113,2,17,3,R Rajkumar,Jagatheesan Kousik,M Mohammed,0,0,0,out,1,caught,R Rajkumar,136/7
1489113,2,17,4,P Saravana Kumar,Jagatheesan Kousik,M Mohammed,0,0,0,no run,0,,,136/7
1489113,2,17,5,P Saravana Kumar,Jagatheesan Kousik,M Mohammed,0,0,0,out,1,caught,P Saravana Kumar,136/8
1489113,2,17,6,N Selva Kumaran,Jagatheesan Kousik,M Mohammed,1,1,0,run,0,,,137/8
1489113,2,18,1,N Selva Kumaran,Jagatheesan Kousik,M Poiyamozhi,1,1,0,run,0,,,138/8
1489113,2,18,2,Jagatheesan Kousik,N Selva Kumaran,M Poiyamozhi,6,6,0,six,0,,,144/8
1489113,2,18,3,Jagatheesan Kousik,N Selva Kumaran,M Poiyamozhi,1,1,0,run,0,,,145/8
1489113,2,18,4,N Selva Kumaran,Jagatheesan Kousik,M Poiyamozhi,1,1,0,run,0,,,146/8
1489113,2,18,5,Jagatheesan Kousik,N Selva Kumaran,M Poiyamozhi,2,2,0,run,0,,,148/8
1489113,2,18,6,Jagatheesan Kousik,N Selva Kumaran,M Poiyamozhi,0,0,0,no run,0,,,148/8
1489113,2,19,1,N Selva Kumaran,Jagatheesan Kousik,S Harish Kumar,4,4,0,four,0,,,152/8
1489113,2,19,2,N Selva Kumaran,Jagatheesan Kousik,S Harish Kumar,4,4,0,four,0,,,156/8
1489113,2,19,3,N Selva Kumaran,Jagatheesan Kousik,S Harish Kumar,1,1,0,run,0,,,157/8
1489113,2,19,4,Jagatheesan Kousik,N Selva Kumaran,S Harish Kumar,6,6,0,six,0,,,163/8
1489113,2,19,5,Jagatheesan Kousik,N Selva Kumaran,S Harish Kumar,1,1,0,run,0,,,164/8
1489113,2,19,6,N Selva Kumaran,Jagatheesan Kousik,S Harish Kumar,0,0,0,no run,0,,,164/8
1489113,2,20,1,Jagatheesan Kousik,N Selva Kumaran,M Poiyamozhi,4,4,0,four,0,,,168/8
1489113,2,20,2,Jagatheesan Kousik,N Selva Kumaran,M Poiyamozhi,1,1,0,run,0,,,169/8
1489113,2,20,3,N Selva Kumaran,Jagatheesan Kousik,M Poiyamozhi,0,0,0,no run,0,,,169/8
1489113,2,20,4,N Selva Kumaran,Jagatheesan Kousik,M Poiyamozhi,1,1,0,run,0,,,170/8
1489113,2,20,5,Jagatheesan Kousik,N Selva Kumaran,M Poiyamozhi,2,2,0,run,0,,,172/8
1489113,2,20,6,Jagatheesan Kousik,N Selva Kumaran,M Poiyamozhi,0,0,0,out,1,caught,Jagatheesan Kousik,172/9
1489114,1,1,1,CH Jitendra Kumar,Suresh Lokeshwar,Gurjapneet Singh,0,0,0,no run,0,,,0/0
1489114,1,1,2,CH Jitendra Kumar,Suresh Lokeshwar,Gurjapneet Singh,2,0,2,wide,0,,,2/0
1489114,1,1,3,Suresh Lokeshwar,CH Jitendra Kumar,Gurjapneet Singh,1,1,0,run,0,,,3/0
1489114,1,1,4,CH Jitendra Kumar,Suresh Lokeshwar,Gurjapneet Singh,0,0,0,no run,0,,,3/0
1489114,1,1,5,CH Jitendra Kumar,Suresh Lokeshwar,Gurjapneet Singh,4,4,0,four,0,,,7/0
1489114,1,1,6,CH Jitendra Kumar,Suresh Lokeshwar,Gurjapneet Singh,0,0,0,no run,0,,,7/0
1489114,1,1,7,CH Jitendra Kumar,Suresh Lokeshwar,Gurjapneet Singh,0,0,0,no run,0,,,7/0
1489114,1,2,1,Suresh Lokeshwar,CH Jitendra Kumar,P Vignesh,1,0,1,leg bye,0,,,8/0
1489114,1,2,2,CH Jitendra Kumar,Suresh Lokeshwar,P Vignesh,0,0,0,no run,0,,,8/0
1489114,1,2,3,CH Jitendra Kumar,Suresh Lokeshwar,P Vignesh,1,1,0,run,0,,,9/0
1489114,1,2,4,Suresh Lokeshwar,CH Jitendra Kumar,P Vignesh,6,6,0,six,0,,,15/0
1489114,1,2,5,Suresh Lokeshwar,CH Jitendra Kumar,P Vignesh,2,2,0,run,0,,,17/0
1489114,1,2,6,Suresh Lokeshwar,CH Jitendra Kumar,P Vignesh,6,6,0,six,0,,,23/0
1489114,1,3,1,CH Jitendra Kumar,Suresh Lokeshwar,Rajalingam S,0,0,0,no run,0,,,23/0
1489114,1,3,2,CH Jitendra Kumar,Suresh Lokeshwar,Rajalingam S,4,4,0,four,0,,,27/0
1489114,1,3,3,CH Jitendra Kumar,Suresh Lokeshwar,Rajalingam S,1,1,0,run,0,,,28/0
1489114,1,3,4,Suresh Lokeshwar,CH Jitendra Kumar,Rajalingam S,0,0,0,no run,0,,,28/0
1489114,1,3,5,Suresh Lokeshwar,CH Jitendra Kumar,Rajalingam S,0,0,0,no run,0,,,28/0
1489114,1,3,6,Suresh Lokeshwar,CH Jitendra Kumar,Rajalingam S,1,1,0,run,0,,,29/0
1489114,1,4,1,Suresh Lokeshwar,CH Jitendra Kumar,Surya Anand S,4,4,0,four,0,,,33/0
1489114,1,4,2,Suresh Lokeshwar,CH Jitendra Kumar,Surya Anand S,0,0,0,no run,0,,,33/0
1489114,1,4,3,Suresh Lokeshwar,CH Jitendra Kumar,Surya Anand S,0,0,0,no run,0,,,33/0
1489114,1,4,4,Suresh Lokeshwar,CH Jitendra Kumar,Surya Anand S,0,0,0,out,1,caught,Suresh Lokeshwar,33/1
1489114,1,4,5,Balasubramaniam Sachin,CH Jitendra Kumar,Surya Anand S,0,0,0,no run,0,,,33/1
1489114,1,4,6,Balasubramaniam Sachin,CH Jitendra Kumar,Surya Anand S,4,4,0,four,0,,,37/1
1489114,1,5,1,CH Jitendra Kumar,Balasubramaniam Sachin,Rajalingam S,0,0,0,no run,0,,,37/1
1489114,1,5,2,CH Jitendra Kumar,Balasubramaniam Sachin,Rajalingam S,1,1,0,run,0,,,38/1
1489114,1,5,3,Balasubramaniam Sachin,CH Jitendra Kumar,Rajalingam S,1,1,0,run,0,,,39/1
1489114,1,5,4,CH Jitendra Kumar,Balasubramaniam Sachin,Rajalingam S,0,0,0,no run,0,,,39/1
1489114,1,5,5,CH Jitendra Kumar,Balasubramaniam Sachin,Rajalingam S,0,0,0,no run,0,,,39/1
1489114,1,5,6,CH Jitendra Kumar,Balasubramaniam Sachin,Rajalingam S,6,6,0,six,0,,,45/1
1489114,1,6,1,Balasubramaniam Sachin,CH Jitendra Kumar,Gurjapneet Singh,0,0,0,no run,0,,,45/1
1489114,1,6,2,Balasubramaniam Sachin,CH Jitendra Kumar,Gurjapneet Singh,0,0,0,no run,0,,,45/1
1489114,1,6,3,Balasubramaniam Sachin,CH Jitendra Kumar,Gurjapneet Singh,4,4,0,four,0,,,49/1
1489114,1,6,4,Balasubramaniam Sachin,CH Jitendra Kumar,Gurjapneet Singh,1,0,1,wide,0,,,50/1
1489114,1,6,5,Balasubramaniam Sachin,CH Jitendra Kumar,Gurjapneet Singh,4,4,0,four,0,,,54/1
1489114,1,6,6,Balasubramaniam Sachin,CH Jitendra Kumar,Gurjapneet Singh,1,1,0,run,0,,,55/1
1489114,1,6,7,CH Jitendra Kumar,Balasubramaniam Sachin,Gurjapneet Singh,0,0,0,no run,0,,,55/1
1489114,1,7,1,Balasubramaniam Sachin,CH Jitendra Kumar,Murugan Ashwin,1,1,0,run,0,,,56/1
1489114,1,7,2,CH Jitendra Kumar,Balasubramaniam Sachin,Murugan Ashwin,0,0,0,out,1,caught,CH Jitendra Kumar,56/2
1489114,1,7,3,C Andre Siddarth,Balasubramaniam Sachin,Murugan Ashwin,0,0,0,no run,0,,,56/2
1489114,1,7,4,C Andre Siddarth,Balasubramaniam Sachin,Murugan Ashwin,0,0,0,no run,0,,,56/2
1489114,1,7,5,C Andre Siddarth,Balasubramaniam Sachin,Murugan Ashwin,1,1,0,run,0,,,57/2
1489114,1,7,6,Balasubramaniam Sachin,C Andre Siddarth,Murugan Ashwin,0,0,0,no run,0,,,57/2
1489114,1,8,1,C Andre Siddarth,Balasubramaniam Sachin,P Vignesh,1,1,0,run,0,,,58/2
1489114,1,8,2,Balasubramaniam Sachin,C Andre Siddarth,P Vignesh,0,0,0,out,1,caught,Balasubramaniam Sachin,58/3
1489114,1,8,3,Masood Shahrukh Khan,C Andre Siddarth,P Vignesh,1,1,0,run,0,,,59/3
1489114,1,8,4,C Andre Siddarth,Masood Shahrukh Khan,P Vignesh,1,1,0,run,0,,,60/3
1489114,1,8,5,Masood Shahrukh Khan,C Andre Siddarth,P Vignesh,4,4,0,four,0,,,64/3
1489114,1,8,6,Masood Shahrukh Khan,C Andre Siddarth,P Vignesh,1,1,0,run,0,,,65/3
1489114,1,9,1,Masood Shahrukh Khan,C Andre Siddarth,Murugan Ashwin,6,6,0,six,0,,,71/3
1489114,1,9,2,Masood Shahrukh Khan,C Andre Siddarth,Murugan Ashwin,0,0,0,no run,0,,,71/3
1489114,1,9,3,Masood Shahrukh Khan,C Andre Siddarth,Murugan Ashwin,1,1,0,run,0,,,72/3
1489114,1,9,4,C Andre Siddarth,Masood Shahrukh Khan,Murugan Ashwin,0,0,0,no run,0,,,72/3
1489114,1,9,5,C Andre Siddarth,Masood Shahrukh Khan,Murugan Ashwin,0,0,0,no run,0,,,72/3
1489114,1,9,6,C Andre Siddarth,Masood Shahrukh Khan,Murugan Ashwin,1,1,0,run,0,,,73/3
1489114,1,10,1,C Andre Siddarth,Masood Shahrukh Khan,Surya Anand S,4,4,0,four,0,,,77/3
1489114,1,10,2,C Andre Siddarth,Masood Shahrukh Khan,Surya Anand S,0,0,0,no run,0,,,77/3
1489114,1,10,3,C Andre Siddarth,Masood Shahrukh Khan,Surya Anand S,6,6,0,six,0,,,83/3
1489114,1,10,4,C Andre Siddarth,Masood Shahrukh Khan,Surya Anand S,2,2,0,run,0,,,85/3
1489114,1,10,5,C Andre Siddarth,Masood Shahrukh Khan,Surya Anand S,0,0,0,no run,0,,,85/3
1489114,1,10,6,C Andre Siddarth,Masood Shahrukh Khan,Surya Anand S,4,4,0,four,0,,,89/3
1489114,1,11,1,Masood Shahrukh Khan,C Andre Siddarth,P Saravanan,0,0,0,no run,0,,,89/3
1489114,1,11,2,Masood Shahrukh Khan,C Andre Siddarth,P Saravanan,1,1,0,run,0,,,90/3
1489114,1,11,3,C Andre Siddarth,Masood Shahrukh Khan,P Saravanan,0,0,0,out,1,caught,C Andre Siddarth,90/4
1489114,1,11,4,KT Madhava Prasad,Masood Shahrukh Khan,P Saravanan,1,1,0,run,0,,,91/4
1489114,1,11,5,Masood Shahrukh Khan,KT Madhava Prasad,P Saravanan,1,1,0,run,0,,,92/4
1489114,1,11,6,KT Madhava Prasad,Masood Shahrukh Khan,P Saravanan,2,2,0,run,0,,,94/4
1489114,1,12,1,Masood Shahrukh Khan,KT Madhava Prasad,Rajalingam S,6,6,0,six,0,,,100/4
1489114,1,12,2,Masood Shahrukh Khan,KT Madhava Prasad,Rajalingam S,1,1,0,run,0,,,101/4
1489114,1,12,3,KT Madhava Prasad,Masood Shahrukh Khan,Rajalingam S,1,1,0,run,0,,,102/4
1489114,1,12,4,Masood Shahrukh Khan,KT Madhava Prasad,Rajalingam S,4,4,0,four,0,,,106/4
1489114,1,12,5,Masood Shahrukh Khan,KT Madhava Prasad,Rajalingam S,0,0,0,no run,0,,,106/4
1489114,1,12,6,Masood Shahrukh Khan,KT Madhava Prasad,Rajalingam S,1,1,0,run,1,run out,KT Madhava Prasad,107/5
1489114,1,13,1,Masood Shahrukh Khan,L Pradheep Vishal,P Saravanan,0,0,0,no run,0,,,107/5
1489114,1,13,2,Masood Shahrukh Khan,L Pradheep Vishal,P Saravanan,1,1,0,run,0,,,108/5
1489114,1,13,3,L Pradheep Vishal,Masood Shahrukh Khan,P Saravanan,0,0,0,no run,0,,,108/5
1489114,1,13,4,L Pradheep Vishal,Masood Shahrukh Khan,P Saravanan,1,1,0,run,0,,,109/5
1489114,1,13,5,Masood Shahrukh Khan,L Pradheep Vishal,P Saravanan,1,1,0,run,0,,,110/5
1489114,1,13,6,L Pradheep Vishal,Masood Shahrukh Khan,P Saravanan,1,1,0,run,0,,,111/5
1489114,1,14,1,L Pradheep Vishal,Masood Shahrukh Khan,P Vignesh,1,1,0,run,0,,,112/5
1489114,1,14,2,Masood Shahrukh Khan,L Pradheep Vishal,P Vignesh,0,0,0,no run,0,,,112/5
1489114,1,14,3,Masood Shahrukh Khan,L Pradheep Vishal,P Vignesh,0,0,0,no run,0,,,112/5
1489114,1,14,4,Masood Shahrukh Khan,L Pradheep Vishal,P Vignesh,4,4,0,four,0,,,116/5
1489114,1,14,5,Masood Shahrukh Khan,L Pradheep Vishal,P Vignesh,1,1,0,run,0,,,117/5
1489114,1,14,6,L Pradheep Vishal,Masood Shahrukh Khan,P Vignesh,1,1,0,run,0,,,118/5
1489114,1,15,1,L Pradheep Vishal,Masood Shahrukh Khan,Murugan Ashwin,0,0,0,no run,0,,,118/5
1489114,1,15,2,L Pradheep Vishal,Masood Shahrukh Khan,Murugan Ashwin,1,1,0,run,0,,,119/5
1489114,1,15,3,Masood Shahrukh Khan,L Pradheep Vishal,Murugan Ashwin,0,0,0,no run,0,,,119/5
1489114,1,15,4,Masood Shahrukh Khan,L Pradheep Vishal,Murugan Ashwin,0,0,0,no run,0,,,119/5
1489114,1,15,5,Masood Shahrukh Khan,L Pradheep Vishal,Murugan Ashwin,4,4,0,four,0,,,123/5
1489114,1,15,6,Masood Shahrukh Khan,L Pradheep Vishal,Murugan Ashwin,0,0,0,no run,0,,,123/5
1489114,1,16,1,L Pradheep Vishal,Masood Shahrukh Khan,P Saravanan,1,1,0,run,0,,,124/5
1489114,1,16,2,Masood Shahrukh Khan,L Pradheep Vishal,P Saravanan,1,1,0,run,0,,,125/5
1489114,1,16,3,L Pradheep Vishal,Masood Shahrukh Khan,P Saravanan,0,0,0,no run,0,,,125/5
1489114,1,16,4,L Pradheep Vishal,Masood Shahrukh Khan,P Saravanan,1,1,0,run,0,,,126/5
1489114,1,16,5,Masood Shahrukh Khan,L Pradheep Vishal,P Saravanan,0,0,0,no run,0,,,126/5
1489114,1,16,6,Masood Shahrukh Khan,L Pradheep Vishal,P Saravanan,1,1,0,run,0,,,127/5
1489114,1,17,1,Masood Shahrukh Khan,L Pradheep Vishal,Murugan Ashwin,0,0,0,no run,0,,,127/5
1489114,1,17,2,Masood Shahrukh Khan,L Pradheep Vishal,Murugan Ashwin,1,1,0,run,0,,,128/5
1489114,1,17,3,L Pradheep Vishal,Masood Shahrukh Khan,Murugan Ashwin,0,0,0,no run,0,,,128/5
1489114,1,17,4,L Pradheep Vishal,Masood Shahrukh Khan,Murugan Ashwin,0,0,0,no run,0,,,128/5
1489114,1,17,5,L Pradheep Vishal,Masood Shahrukh Khan,Murugan Ashwin,1,1,0,run,0,,,129/5
1489114,1,17,6,Masood Shahrukh Khan,L Pradheep Vishal,Murugan Ashwin,1,1,0,run,0,,,130/5
1489114,1,18,1,Masood Shahrukh Khan,L Pradheep Vishal,Gurjapneet Singh,1,1,0,run,0,,,131/5
1489114,1,18,2,L Pradheep Vishal,Masood Shahrukh Khan,Gurjapneet Singh,1,1,0,run,0,,,132/5
1489114,1,18,3,Masood Shahrukh Khan,L Pradheep Vishal,Gurjapneet Singh,1,0,1,wide,0,,,133/5
1489114,1,18,4,Masood Shahrukh Khan,L Pradheep Vishal,Gurjapneet Singh,1,1,0,run,0,,,134/5
1489114,1,18,5,L Pradheep Vishal,Masood Shahrukh Khan,Gurjapneet Singh,0,0,0,no run,0,,,134/5
1489114,1,18,6,L Pradheep Vishal,Masood Shahrukh Khan,Gurjapneet Singh,1,1,0,run,0,,,135/5
1489114,1,18,7,Masood Shahrukh Khan,L Pradheep Vishal,Gurjapneet Singh,1,1,0,run,0,,,136/5
1489114,1,19,1,Masood Shahrukh Khan,L Pradheep Vishal,Surya Anand S,0,0,0,no run,0,,,136/5
1489114,1,19,2,Masood Shahrukh Khan,L Pradheep Vishal,Surya Anand S,2,2,0,run,0,,,138/5
1489114,1,19,3,Masood Shahrukh Khan,L Pradheep Vishal,Surya Anand S,2,2,0,run,0,,,140/5
1489114,1,19,4,Masood Shahrukh Khan,L Pradheep Vishal,Surya Anand S,4,4,0,four,0,,,144/5
1489114,1,19,5,Masood Shahrukh Khan,L Pradheep Vishal,Surya Anand S,6,6,0,six,0,,,150/5
1489114,1,19,6,Masood Shahrukh Khan,L Pradheep Vishal,Surya Anand S,6,6,0,six,0,,,156/5
1489114,1,20,1,L Pradheep Vishal,Masood Shahrukh Khan,Gurjapneet Singh,0,0,0,no run,0,,,156/5
1489114,1,20,2,L Pradheep Vishal,Masood Shahrukh Khan,Gurjapneet Singh,1,1,0,run,0,,,157/5
1489114,1,20,3,Masood Shahrukh Khan,L Pradheep Vishal,Gurjapneet Singh,0,0,0,no run,0,,,157/5
1489114,1,20,4,Masood Shahrukh Khan,L Pradheep Vishal,Gurjapneet Singh,4,4,0,four,0,,,161/5
1489114,1,20,5,Masood Shahrukh Khan,L Pradheep Vishal,Gurjapneet Singh,4,4,0,four,0,,,165/5
1489114,1,20,6,Masood Shahrukh Khan,L Pradheep Vishal,Gurjapneet Singh,4,4,0,four,0,,,169/5
1489114,2,1,1,R Ram Arvindh,Balchander Anirudh,Ramalingam Rohit,1,1,0,run,0,,,1/0
1489114,2,1,2,Balchander Anirudh,R Ram Arvindh,Ramalingam Rohit,1,1,0,run,0,,,2/0
1489114,2,1,3,R Ram Arvindh,Balchander Anirudh,Ramalingam Rohit,0,0,0,no run,0,,,2/0
1489114,2,1,4,R Ram Arvindh,Balchander Anirudh,Ramalingam Rohit,4,4,0,four,0,,,6/0
1489114,2,1,5,R Ram Arvindh,Balchander Anirudh,Ramalingam Rohit,1,1,0,run,0,,,7/0
1489114,2,1,6,Balchander Anirudh,R Ram Arvindh,Ramalingam Rohit,4,4,0,four,0,,,11/0
1489114,2,2,1,R Ram Arvindh,Balchander Anirudh,Manimaran Siddharth,0,0,0,no run,0,,,11/0
1489114,2,2,2,R Ram Arvindh,Balchander Anirudh,Manimaran Siddharth,1,0,1,wide,0,,,12/0
1489114,2,2,3,R Ram Arvindh,Balchander Anirudh,Manimaran Siddharth,1,1,0,run,0,,,13/0
1489114,2,2,4,Balchander Anirudh,R Ram Arvindh,Manimaran Siddharth,0,0,0,no run,0,,,13/0
1489114,2,2,5,Balchander Anirudh,R Ram Arvindh,Manimaran Siddharth,1,1,0,run,0,,,14/0
1489114,2,2,6,R Ram Arvindh,Balchander Anirudh,Manimaran Siddharth,1,1,0,run,0,,,15/0
1489114,2,2,7,Balchander Anirudh,R Ram Arvindh,Manimaran Siddharth,1,1,0,run,0,,,16/0
1489114,2,3,1,Balchander Anirudh,R Ram Arvindh,Ramalingam Rohit,4,4,0,four,0,,,20/0
1489114,2,3,2,Balchander Anirudh,R Ram Arvindh,Ramalingam Rohit,4,4,0,four,0,,,24/0
1489114,2,3,3,Balchander Anirudh,R Ram Arvindh,Ramalingam Rohit,1,1,0,run,0,,,25/0
1489114,2,3,4,R Ram Arvindh,Balchander Anirudh,Ramalingam Rohit,1,1,0,run,0,,,26/0
1489114,2,3,5,Balchander Anirudh,R Ram Arvindh,Ramalingam Rohit,1,1,0,run,0,,,27/0
1489114,2,3,6,R Ram Arvindh,Balchander Anirudh,Ramalingam Rohit,2,2,0,run,0,,,29/0
1489114,2,4,1,Balchander Anirudh,R Ram Arvindh,Masood Shahrukh Khan,0,0,0,no run,0,,,29/0
1489114,2,4,2,Balchander Anirudh,R Ram Arvindh,Masood Shahrukh Khan,0,0,0,no run,0,,,29/0
1489114,2,4,3,Balchander Anirudh,R Ram Arvindh,Masood Shahrukh Khan,1,1,0,run,0,,,30/0
1489114,2,4,4,R Ram Arvindh,Balchander Anirudh,Masood Shahrukh Khan,6,6,0,six,0,,,36/0
1489114,2,4,5,R Ram Arvindh,Balchander Anirudh,Masood Shahrukh Khan,4,4,0,four,0,,,40/0
1489114,2,4,6,R Ram Arvindh,Balchander Anirudh,Masood Shahrukh Khan,0,0,0,no run,0,,,40/0
1489114,2,5,1,Balchander Anirudh,R Ram Arvindh,Manimaran Siddharth,1,1,0,run,0,,,41/0
1489114,2,5,2,R Ram Arvindh,Balchander Anirudh,Manimaran Siddharth,1,1,0,run,0,,,42/0
1489114,2,5,3,Balchander Anirudh,R Ram Arvindh,Manimaran Siddharth,1,0,1,wide,0,,,43/0
1489114,2,5,4,Balchander Anirudh,R Ram Arvindh,Manimaran Siddharth,1,1,0,run,0,,,44/0
1489114,2,5,5,R Ram Arvindh,Balchander Anirudh,Manimaran Siddharth,0,0,0,no run,0,,,44/0
1489114,2,5,6,R Ram Arvindh,Balchander Anirudh,Manimaran Siddharth,0,0,0,no run,0,,,44/0
1489114,2,5,7,R Ram Arvindh,Balchander Anirudh,Manimaran Siddharth,1,1,0,run,0,,,45/0
1489114,2,6,1,R Ram Arvindh,Balchander Anirudh,Masood Shahrukh Khan,0,0,0,no run,0,,,45/0
1489114,2,6,2,R Ram Arvindh,Balchander Anirudh,Masood Shahrukh Khan,0,0,0,no run,0,,,45/0
1489114,2,6,3,R Ram Arvindh,Balchander Anirudh,Masood Shahrukh Khan,1,1,0,run,0,,,46/0
1489114,2,6,4,Balchander Anirudh,R Ram Arvindh,Masood Shahrukh Khan,4,4,0,four,0,,,50/0
1489114,2,6,5,Balchander Anirudh,R Ram Arvindh,Masood Shahrukh Khan,1,1,0,run,0,,,51/0
1489114,2,6,6,R Ram Arvindh,Balchander Anirudh,Masood Shahrukh Khan,1,1,0,run,0,,,52/0
1489114,2,7,1,R Ram Arvindh,Balchander Anirudh,Jhathavedh Subramanyan,1,1,0,run,0,,,53/0
1489114,2,7,2,Balchander Anirudh,R Ram Arvindh,Jhathavedh Subramanyan,1,1,0,run,0,,,54/0
1489114,2,7,3,R Ram Arvindh,Balchander Anirudh,Jhathavedh Subramanyan,0,0,0,no run,0,,,54/0
1489114,2,7,4,R Ram Arvindh,Balchander Anirudh,Jhathavedh Subramanyan,2,2,0,run,0,,,56/0
1489114,2,7,5,R Ram Arvindh,Balchander Anirudh,Jhathavedh Subramanyan,2,2,0,run,0,,,58/0
1489114,2,7,6,R Ram Arvindh,Balchander Anirudh,Jhathavedh Subramanyan,1,1,0,run,0,,,59/0
1489114,2,8,1,R Ram Arvindh,Balchander Anirudh,N Kabilan,6,6,0,six,0,,,65/0
1489114,2,8,2,R Ram Arvindh,Balchander Anirudh,N Kabilan,4,4,0,four,0,,,69/0
1489114,2,8,3,R Ram Arvindh,Balchander Anirudh,N Kabilan,1,1,0,run,0,,,70/0
1489114,2,8,4,Balchander Anirudh,R Ram Arvindh,N Kabilan,2,2,0,run,0,,,72/0
1489114,2,8,5,Balchander Anirudh,R Ram Arvindh,N Kabilan,0,0,0,no run,0,,,72/0
1489114,2,8,6,Balchander Anirudh,R Ram Arvindh,N Kabilan,1,1,0,run,0,,,73/0
1489114,2,9,1,Balchander Anirudh,R Ram Arvindh,Jhathavedh Subramanyan,4,4,0,four,0,,,77/0
1489114,2,9,2,Balchander Anirudh,R Ram Arvindh,Jhathavedh Subramanyan,1,1,0,run,0,,,78/0
1489114,2,9,3,R Ram Arvindh,Balchander Anirudh,Jhathavedh Subramanyan,1,1,0,run,0,,,79/0
1489114,2,9,4,Balchander Anirudh,R Ram Arvindh,Jhathavedh Subramanyan,0,0,0,no run,0,,,79/0
1489114,2,9,5,Balchander Anirudh,R Ram Arvindh,Jhathavedh Subramanyan,4,0,4,bye,0,,,83/0
1489114,2,9,6,Balchander Anirudh,R Ram Arvindh,Jhathavedh Subramanyan,1,1,0,run,0,,,84/0
1489114,2,10,1,Balchander Anirudh,R Ram Arvindh,Masood Shahrukh Khan,1,1,0,run,0,,,85/0
1489114,2,10,2,R Ram Arvindh,Balchander Anirudh,Masood Shahrukh Khan,1,1,0,run,0,,,86/0
1489114,2,10,3,Balchander Anirudh,R Ram Arvindh,Masood Shahrukh Khan,1,1,0,run,0,,,87/0
1489114,2,10,4,R Ram Arvindh,Balchander Anirudh,Masood Shahrukh Khan,1,1,0,run,0,,,88/0
1489114,2,10,5,Balchander Anirudh,R Ram Arvindh,Masood Shahrukh Khan,0,0,0,out,1,bowled,Balchander Anirudh,88/1
1489114,2,10,6,N Sarangarajan Chaturved,R Ram Arvindh,Masood Shahrukh Khan,1,0,1,leg bye,0,,,89/1
1489114,2,11,1,N Sarangarajan Chaturved,R Ram Arvindh,Jhathavedh Subramanyan,1,1,0,run,0,,,90/1
1489114,2,11,2,R Ram Arvindh,N Sarangarajan Chaturved,Jhathavedh Subramanyan,0,0,0,no run,0,,,90/1
1489114,2,11,3,R Ram Arvindh,N Sarangarajan Chaturved,Jhathavedh Subramanyan,1,1,0,run,0,,,91/1
1489114,2,11,4,N Sarangarajan Chaturved,R Ram Arvindh,Jhathavedh Subramanyan,1,1,0,run,0,,,92/1
1489114,2,11,5,R Ram Arvindh,N Sarangarajan Chaturved,Jhathavedh Subramanyan,0,0,0,no run,0,,,92/1
1489114,2,11,6,R Ram Arvindh,N Sarangarajan Chaturved,Jhathavedh Subramanyan,1,1,0,run,0,,,93/1
1489114,2,12,1,R Ram Arvindh,N Sarangarajan Chaturved,Manimaran Siddharth,1,1,0,run,0,,,94/1
1489114,2,12,2,N Sarangarajan Chaturved,R Ram Arvindh,Manimaran Siddharth,1,1,0,run,0,,,95/1
1489114,2,12,3,R Ram Arvindh,N Sarangarajan Chaturved,Manimaran Siddharth,0,0,0,no run,0,,,95/1
1489114,2,12,4,R Ram Arvindh,N Sarangarajan Chaturved,Manimaran Siddharth,0,0,0,no run,0,,,95/1
1489114,2,12,5,R Ram Arvindh,N Sarangarajan Chaturved,Manimaran Siddharth,1,1,0,run,0,,,96/1
1489114,2,12,6,N Sarangarajan Chaturved,R Ram Arvindh,Manimaran Siddharth,0,0,0,no run,0,,,96/1
1489114,2,13,1,R Ram Arvindh,N Sarangarajan Chaturved,Jhathavedh Subramanyan,1,1,0,run,0,,,97/1
1489114,2,13,2,N Sarangarajan Chaturved,R Ram Arvindh,Jhathavedh Subramanyan,6,6,0,six,0,,,103/1
1489114,2,13,3,N Sarangarajan Chaturved,R Ram Arvindh,Jhathavedh Subramanyan,1,1,0,run,0,,,104/1
1489114,2,13,4,R Ram Arvindh,N Sarangarajan Chaturved,Jhathavedh Subramanyan,1,1,0,run,0,,,105/1
1489114,2,13,5,N Sarangarajan Chaturved,R Ram Arvindh,Jhathavedh Subramanyan,4,4,0,four,0,,,109/1
1489114,2,13,6,N Sarangarajan Chaturved,R Ram Arvindh,Jhathavedh Subramanyan,6,6,0,six,0,,,115/1
1489114,2,14,1,R Ram Arvindh,N Sarangarajan Chaturved,Manimaran Siddharth,1,1,0,run,0,,,116/1
1489114,2,14,2,N Sarangarajan Chaturved,R Ram Arvindh,Manimaran Siddharth,1,1,0,run,0,,,117/1
1489114,2,14,3,R Ram Arvindh,N Sarangarajan Chaturved,Manimaran Siddharth,0,0,0,no run,0,,,117/1
1489114,2,14,4,R Ram Arvindh,N Sarangarajan Chaturved,Manimaran Siddharth,1,1,0,run,0,,,118/1
1489114,2,14,5,N Sarangarajan Chaturved,R Ram Arvindh,Manimaran Siddharth,0,0,0,no run,0,,,118/1
1489114,2,14,6,N Sarangarajan Chaturved,R Ram Arvindh,Manimaran Siddharth,1,1,0,run,0,,,119/1
1489114,2,15,1,N Sarangarajan Chaturved,R Ram Arvindh,Govinth Ganesh,4,4,0,four,0,,,123/1
1489114,2,15,2,N Sarangarajan Chaturved,R Ram Arvindh,Govinth Ganesh,1,1,0,run,0,,,124/1
1489114,2,15,3,R Ram Arvindh,N Sarangarajan Chaturved,Govinth Ganesh,6,6,0,six,0,,,130/1
1489114,2,15,4,R Ram Arvindh,N Sarangarajan Chaturved,Govinth Ganesh,1,1,0,run,0,,,131/1
1489114,2,15,5,N Sarangarajan Chaturved,R Ram Arvindh,Govinth Ganesh,1,1,0,run,0,,,132/1
1489114,2,15,6,R Ram Arvindh,N Sarangarajan Chaturved,Govinth Ganesh,4,4,0,four,0,,,136/1
1489114,2,16,1,N Sarangarajan Chaturved,R Ram Arvindh,N Kabilan,1,1,0,run,0,,,137/1
1489114,2,16,2,R Ram Arvindh,N Sarangarajan Chaturved,N Kabilan,0,0,0,out,1,caught,R Ram Arvindh,137/2
1489114,2,16,3,Atheeq Ur Rahman,N Sarangarajan Chaturved,N Kabilan,6,6,0,six,0,,,143/2
1489114,2,16,4,Atheeq Ur Rahman,N Sarangarajan Chaturved,N Kabilan,1,1,0,run,0,,,144/2
1489114,2,16,5,N Sarangarajan Chaturved,Atheeq Ur Rahman,N Kabilan,0,0,0,out,1,run out,Atheeq Ur Rahman,144/3
1489114,2,16,6,C Sarath Kumar,N Sarangarajan Chaturved,N Kabilan,0,0,0,no run,0,,,144/3
1489114,2,17,1,N Sarangarajan Chaturved,C Sarath Kumar,Ramalingam Rohit,1,1,0,run,0,,,145/3
1489114,2,17,2,C Sarath Kumar,N Sarangarajan Chaturved,Ramalingam Rohit,0,0,0,no run,0,,,145/3
1489114,2,17,3,C Sarath Kumar,N Sarangarajan Chaturved,Ramalingam Rohit,1,1,0,run,0,,,146/3
1489114,2,17,4,N Sarangarajan Chaturved,C Sarath Kumar,Ramalingam Rohit,1,0,1,wide,0,,,147/3
1489114,2,17,5,N Sarangarajan Chaturved,C Sarath Kumar,Ramalingam Rohit,4,4,0,four,0,,,151/3
1489114,2,17,6,N Sarangarajan Chaturved,C Sarath Kumar,Ramalingam Rohit,1,1,0,run,0,,,152/3
1489114,2,17,7,C Sarath Kumar,N Sarangarajan Chaturved,Ramalingam Rohit,1,0,1,wide,0,,,153/3
1489114,2,17,8,C Sarath Kumar,N Sarangarajan Chaturved,Ramalingam Rohit,0,0,0,no run,0,,,153/3
1489114,2,18,1,N Sarangarajan Chaturved,C Sarath Kumar,Masood Shahrukh Khan,4,4,0,four,0,,,157/3
1489114,2,18,2,N Sarangarajan Chaturved,C Sarath Kumar,Masood Shahrukh Khan,1,1,0,run,0,,,158/3
1489114,2,18,3,C Sarath Kumar,N Sarangarajan Chaturved,Masood Shahrukh Khan,6,6,0,six,0,,,164/3
1489114,2,18,4,C Sarath Kumar,N Sarangarajan Chaturved,Masood Shahrukh Khan,1,1,0,run,0,,,165/3
1489114,2,18,5,N Sarangarajan Chaturved,C Sarath Kumar,Masood Shahrukh Khan,6,6,0,six,0,,,171/3
1489115,1,1,1,VP Amit Sathvik,Tushar Raheja,Sunny Sandhu,0,0,0,no run,0,,,0/0
1489115,1,1,2,VP Amit Sathvik,Tushar Raheja,Sunny Sandhu,0,0,0,no run,0,,,0/0
1489115,1,1,3,VP Amit Sathvik,Tushar Raheja,Sunny Sandhu,0,0,0,no run,0,,,0/0
1489115,1,1,4,VP Amit Sathvik,Tushar Raheja,Sunny Sandhu,0,0,0,no run,0,,,0/0
1489115,1,1,5,VP Amit Sathvik,Tushar Raheja,Sunny Sandhu,0,0,0,no run,0,,,0/0
1489115,1,1,6,VP Amit Sathvik,Tushar Raheja,Sunny Sandhu,0,0,0,no run,0,,,0/0
1489115,1,2,1,Tushar Raheja,VP Amit Sathvik,M Mohammed,0,0,0,no run,0,,,0/0
1489115,1,2,2,Tushar Raheja,VP Amit Sathvik,M Mohammed,1,1,0,run,0,,,1/0
1489115,1,2,3,VP Amit Sathvik,Tushar Raheja,M Mohammed,0,0,0,no run,0,,,1/0
1489115,1,2,4,VP Amit Sathvik,Tushar Raheja,M Mohammed,4,4,0,four,0,,,5/0
1489115,1,2,5,VP Amit Sathvik,Tushar Raheja,M Mohammed,1,1,0,run,0,,,6/0
1489115,1,2,6,Tushar Raheja,VP Amit Sathvik,M Mohammed,0,0,0,no run,0,,,6/0
1489115,1,3,1,VP Amit Sathvik,Tushar Raheja,Sunny Sandhu,2,2,0,run,0,,,8/0
1489115,1,3,2,VP Amit Sathvik,Tushar Raheja,Sunny Sandhu,6,6,0,six,0,,,14/0
1489115,1,3,3,VP Amit Sathvik,Tushar Raheja,Sunny Sandhu,0,0,0,no run,0,,,14/0
1489115,1,3,4,VP Amit Sathvik,Tushar Raheja,Sunny Sandhu,1,1,0,run,0,,,15/0
1489115,1,3,5,Tushar Raheja,VP Amit Sathvik,Sunny Sandhu,6,6,0,six,0,,,21/0
1489115,1,3,6,Tushar Raheja,VP Amit Sathvik,Sunny Sandhu,6,6,0,six,0,,,27/0
1489115,1,4,1,VP Amit Sathvik,Tushar Raheja,ME Yazh Arun Mozhi,0,0,0,no run,0,,,27/0
1489115,1,4,2,VP Amit Sathvik,Tushar Raheja,ME Yazh Arun Mozhi,1,1,0,run,0,,,28/0
1489115,1,4,3,Tushar Raheja,VP Amit Sathvik,ME Yazh Arun Mozhi,4,4,0,four,0,,,32/0
1489115,1,4,4,Tushar Raheja,VP Amit Sathvik,ME Yazh Arun Mozhi,6,6,0,six,0,,,38/0
1489115,1,4,5,Tushar Raheja,VP Amit Sathvik,ME Yazh Arun Mozhi,2,1,1,run,0,,,40/0
1489115,1,4,6,VP Amit Sathvik,Tushar Raheja,ME Yazh Arun Mozhi,0,0,0,no run,0,,,40/0
1489115,1,4,7,VP Amit Sathvik,Tushar Raheja,ME Yazh Arun Mozhi,1,1,0,run,0,,,41/0
1489115,1,5,1,VP Amit Sathvik,Tushar Raheja,Rahil S Shah,0,0,0,no run,0,,,41/0
1489115,1,5,2,VP Amit Sathvik,Tushar Raheja,Rahil S Shah,1,1,0,run,0,,,42/0
1489115,1,5,3,Tushar Raheja,VP Amit Sathvik,Rahil S Shah,4,4,0,four,0,,,46/0
1489115,1,5,4,Tushar Raheja,VP Amit Sathvik,Rahil S Shah,6,6,0,six,0,,,52/0
1489115,1,5,5,Tushar Raheja,VP Amit Sathvik,Rahil S Shah,4,4,0,four,0,,,56/0
1489115,1,5,6,Tushar Raheja,VP Amit Sathvik,Rahil S Shah,6,6,0,six,0,,,62/0
1489115,1,6,1,VP Amit Sathvik,Tushar Raheja,M Poiyamozhi,4,4,0,four,0,,,66/0
1489115,1,6,2,VP Amit Sathvik,Tushar Raheja,M Poiyamozhi,0,0,0,no run,0,,,66/0
1489115,1,6,3,VP Amit Sathvik,Tushar Raheja,M Poiyamozhi,0,0,0,no run,0,,,66/0
1489115,1,6,4,VP Amit Sathvik,Tushar Raheja,M Poiyamozhi,0,0,0,no run,0,,,66/0
1489115,1,6,5,VP Amit Sathvik,Tushar Raheja,M Poiyamozhi,2,2,0,run,0,,,68/0
1489115,1,6,6,VP Amit Sathvik,Tushar Raheja,M Poiyamozhi,1,0,1,leg bye,0,,,69/0
1489115,1,7,1,VP Amit Sathvik,Tushar Raheja,M Mohammed,1,1,0,run,0,,,70/0
1489115,1,7,2,Tushar Raheja,VP Amit Sathvik,M Mohammed,1,1,0,run,0,,,71/0
1489115,1,7,3,VP Amit Sathvik,Tushar Raheja,M Mohammed,1,1,0,run,0,,,72/0
1489115,1,7,4,Tushar Raheja,VP Amit Sathvik,M Mohammed,1,1,0,run,0,,,73/0
1489115,1,7,5,VP Amit Sathvik,Tushar Raheja,M Mohammed,0,0,0,out,1,bowled,VP Amit Sathvik,73/1
1489115,1,7,6,Daryl Sunder Ferrario,Tushar Raheja,M Mohammed,1,1,0,run,0,,,74/1
1489115,1,8,1,Daryl Sunder Ferrario,Tushar Raheja,S Harish Kumar,1,1,0,run,0,,,75/1
1489115,1,8,2,Tushar Raheja,Daryl Sunder Ferrario,S Harish Kumar,1,1,0,run,0,,,76/1
1489115,1,8,3,Daryl Sunder Ferrario,Tushar Raheja,S Harish Kumar,1,1,0,run,0,,,77/1
1489115,1,8,4,Tushar Raheja,Daryl Sunder Ferrario,S Harish Kumar,4,4,0,four,0,,,81/1
1489115,1,8,5,Tushar Raheja,Daryl Sunder Ferrario,S Harish Kumar,4,4,0,four,0,,,85/1
1489115,1,8,6,Tushar Raheja,Daryl Sunder Ferrario,S Harish Kumar,1,1,0,run,0,,,86/1
1489115,1,9,1,Tushar Raheja,Daryl Sunder Ferrario,ME Yazh Arun Mozhi,1,1,0,run,0,,,87/1
1489115,1,9,2,Daryl Sunder Ferrario,Tushar Raheja,ME Yazh Arun Mozhi,0,0,0,no run,0,,,87/1
1489115,1,9,3,Daryl Sunder Ferrario,Tushar Raheja,ME Yazh Arun Mozhi,1,1,0,run,0,,,88/1
1489115,1,9,4,Tushar Raheja,Daryl Sunder Ferrario,ME Yazh Arun Mozhi,2,2,0,run,0,,,90/1
1489115,1,9,5,Tushar Raheja,Daryl Sunder Ferrario,ME Yazh Arun Mozhi,0,0,0,no run,0,,,90/1
1489115,1,9,6,Tushar Raheja,Daryl Sunder Ferrario,ME Yazh Arun Mozhi,1,1,0,run,0,,,91/1
1489115,1,10,1,Tushar Raheja,Daryl Sunder Ferrario,S Harish Kumar,1,1,0,run,0,,,92/1
1489115,1,10,2,Daryl Sunder Ferrario,Tushar Raheja,S Harish Kumar,6,6,0,six,0,,,98/1
1489115,1,10,3,Daryl Sunder Ferrario,Tushar Raheja,S Harish Kumar,0,0,0,no run,0,,,98/1
1489115,1,10,4,Daryl Sunder Ferrario,Tushar Raheja,S Harish Kumar,0,0,0,out,1,caught,Daryl Sunder Ferrario,98/2
1489115,1,10,5,Pradosh Ranjan Paul,Tushar Raheja,S Harish Kumar,1,1,0,run,0,,,99/2
1489115,1,10,6,Tushar Raheja,Pradosh Ranjan Paul,S Harish Kumar,4,4,0,four,0,,,103/2
1489115,1,11,1,Pradosh Ranjan Paul,Tushar Raheja,ME Yazh Arun Mozhi,4,4,0,four,0,,,107/2
1489115,1,11,2,Pradosh Ranjan Paul,Tushar Raheja,ME Yazh Arun Mozhi,0,0,0,no run,0,,,107/2
1489115,1,11,3,Pradosh Ranjan Paul,Tushar Raheja,ME Yazh Arun Mozhi,0,0,0,no run,0,,,107/2
1489115,1,11,4,Pradosh Ranjan Paul,Tushar Raheja,ME Yazh Arun Mozhi,0,0,0,no run,0,,,107/2
1489115,1,11,5,Pradosh Ranjan Paul,Tushar Raheja,ME Yazh Arun Mozhi,1,1,0,run,0,,,108/2
1489115,1,11,6,Tushar Raheja,Pradosh Ranjan Paul,ME Yazh Arun Mozhi,1,1,0,run,0,,,109/2
1489115,1,12,1,Tushar Raheja,Pradosh Ranjan Paul,Chezhian Nishaanth,4,4,0,four,0,,,113/2
1489115,1,12,2,Tushar Raheja,Pradosh Ranjan Paul,Chezhian Nishaanth,4,4,0,four,0,,,117/2
1489115,1,12,3,Tushar Raheja,Pradosh Ranjan Paul,Chezhian Nishaanth,0,0,0,out,1,caught,Tushar Raheja,117/3
1489115,1,12,4,S Mohamed Ali,Pradosh Ranjan Paul,Chezhian Nishaanth,1,1,0,run,0,,,118/3
1489115,1,12,5,Pradosh Ranjan Paul,S Mohamed Ali,Chezhian Nishaanth,1,1,0,run,0,,,119/3
1489115,1,12,6,S Mohamed Ali,Pradosh Ranjan Paul,Chezhian Nishaanth,1,1,0,run,0,,,120/3
1489115,1,13,1,S Mohamed Ali,Pradosh Ranjan Paul,Rahil S Shah,0,0,0,out,1,bowled,S Mohamed Ali,120/4
1489115,1,13,2,Uthirasamy Sasidev,Pradosh Ranjan Paul,Rahil S Shah,1,1,0,run,0,,,121/4
1489115,1,13,3,Pradosh Ranjan Paul,Uthirasamy Sasidev,Rahil S Shah,1,1,0,run,0,,,122/4
1489115,1,13,4,Uthirasamy Sasidev,Pradosh Ranjan Paul,Rahil S Shah,1,1,0,run,0,,,123/4
1489115,1,13,5,Pradosh Ranjan Paul,Uthirasamy Sasidev,Rahil S Shah,1,1,0,run,0,,,124/4
1489115,1,13,6,Uthirasamy Sasidev,Pradosh Ranjan Paul,Rahil S Shah,0,0,0,no run,0,,,124/4
1489115,1,14,1,Pradosh Ranjan Paul,Uthirasamy Sasidev,ME Yazh Arun Mozhi,0,0,0,no run,0,,,124/4
1489115,1,14,2,Pradosh Ranjan Paul,Uthirasamy Sasidev,ME Yazh Arun Mozhi,2,2,0,run,0,,,126/4
1489115,1,14,3,Pradosh Ranjan Paul,Uthirasamy Sasidev,ME Yazh Arun Mozhi,1,1,0,run,0,,,127/4
1489115,1,14,4,Uthirasamy Sasidev,Pradosh Ranjan Paul,ME Yazh Arun Mozhi,1,1,0,run,0,,,128/4
1489115,1,14,5,Pradosh Ranjan Paul,Uthirasamy Sasidev,ME Yazh Arun Mozhi,4,4,0,four,0,,,132/4
1489115,1,14,6,Pradosh Ranjan Paul,Uthirasamy Sasidev,ME Yazh Arun Mozhi,0,0,0,no run,0,,,132/4
1489115,1,15,1,Uthirasamy Sasidev,Pradosh Ranjan Paul,Rahil S Shah,1,1,0,run,0,,,133/4
1489115,1,15,2,Pradosh Ranjan Paul,Uthirasamy Sasidev,Rahil S Shah,1,1,0,run,0,,,134/4
1489115,1,15,3,Uthirasamy Sasidev,Pradosh Ranjan Paul,Rahil S Shah,1,1,0,run,0,,,135/4
1489115,1,15,4,Pradosh Ranjan Paul,Uthirasamy Sasidev,Rahil S Shah,0,0,0,no run,0,,,135/4
1489115,1,15,5,Pradosh Ranjan Paul,Uthirasamy Sasidev,Rahil S Shah,1,1,0,run,0,,,136/4
1489115,1,15,6,Uthirasamy Sasidev,Pradosh Ranjan Paul,Rahil S Shah,1,1,0,run,0,,,137/4
1489115,1,16,1,Uthirasamy Sasidev,Pradosh Ranjan Paul,M Poiyamozhi,1,1,0,run,0,,,138/4
1489115,1,16,2,Pradosh Ranjan Paul,Uthirasamy Sasidev,M Poiyamozhi,1,1,0,run,0,,,139/4
1489115,1,16,3,Uthirasamy Sasidev,Pradosh Ranjan Paul,M Poiyamozhi,1,1,0,run,0,,,140/4
1489115,1,16,4,Pradosh Ranjan Paul,Uthirasamy Sasidev,M Poiyamozhi,1,1,0,run,0,,,141/4
1489115,1,16,5,Uthirasamy Sasidev,Pradosh Ranjan Paul,M Poiyamozhi,1,1,0,run,0,,,142/4
1489115,1,16,6,Pradosh Ranjan Paul,Uthirasamy Sasidev,M Poiyamozhi,4,4,0,four,0,,,146/4
1489115,1,17,1,Uthirasamy Sasidev,Pradosh Ranjan Paul,M Mohammed,6,6,0,six,0,,,152/4
1489115,1,17,2,Uthirasamy Sasidev,Pradosh Ranjan Paul,M Mohammed,1,1,0,run,0,,,153/4
1489115,1,17,3,Pradosh Ranjan Paul,Uthirasamy Sasidev,M Mohammed,1,1,0,run,0,,,154/4
1489115,1,17,4,Uthirasamy Sasidev,Pradosh Ranjan Paul,M Mohammed,0,0,0,no run,0,,,154/4
1489115,1,17,5,Uthirasamy Sasidev,Pradosh Ranjan Paul,M Mohammed,2,2,0,run,0,,,156/4
1489115,1,17,6,Uthirasamy Sasidev,Pradosh Ranjan Paul,M Mohammed,0,0,0,no run,0,,,156/4
1489115,1,18,1,Pradosh Ranjan Paul,Uthirasamy Sasidev,M Poiyamozhi,0,0,0,out,1,caught,Pradosh Ranjan Paul,156/5
1489115,1,18,2,Ravisrinivasan Sai Kishore,Uthirasamy Sasidev,M Poiyamozhi,1,1,0,run,0,,,157/5
1489115,1,18,3,Uthirasamy Sasidev,Ravisrinivasan Sai Kishore,M Poiyamozhi,0,0,0,out,1,caught,Uthirasamy Sasidev,157/6
1489115,1,18,4,Prabanjan S,Ravisrinivasan Sai Kishore,M Poiyamozhi,1,1,0,run,0,,,158/6
1489115,1,18,5,Ravisrinivasan Sai Kishore,Prabanjan S,M Poiyamozhi,1,1,0,run,0,,,159/6
1489115,1,18,6,Prabanjan S,Ravisrinivasan Sai Kishore,M Poiyamozhi,4,4,0,four,0,,,163/6
1489115,1,19,1,Ravisrinivasan Sai Kishore,Prabanjan S,M Mohammed,1,1,0,run,0,,,164/6
1489115,1,19,2,Prabanjan S,Ravisrinivasan Sai Kishore,M Mohammed,0,0,0,no run,0,,,164/6
1489115,1,19,3,Prabanjan S,Ravisrinivasan Sai Kishore,M Mohammed,1,1,0,run,0,,,165/6
1489115,1,19,4,Ravisrinivasan Sai Kishore,Prabanjan S,M Mohammed,1,1,0,run,0,,,166/6
1489115,1,19,5,Prabanjan S,Ravisrinivasan Sai Kishore,M Mohammed,2,0,2,wide,0,,,168/6
1489115,1,19,6,Ravisrinivasan Sai Kishore,Prabanjan S,M Mohammed,0,0,0,out,1,caught,Ravisrinivasan Sai Kishore,168/7
1489115,1,19,7,M Mathivannan,Prabanjan S,M Mohammed,1,1,0,run,0,,,169/7
1489115,1,20,1,M Mathivannan,Prabanjan S,M Poiyamozhi,1,1,0,run,0,,,170/7
1489115,1,20,2,Prabanjan S,M Mathivannan,M Poiyamozhi,1,1,0,run,0,,,171/7
1489115,1,20,3,M Mathivannan,Prabanjan S,M Poiyamozhi,1,1,0,run,0,,,172/7
1489115,1,20,4,Prabanjan S,M Mathivannan,M Poiyamozhi,1,0,1,bye,0,,,173/7
1489115,1,20,5,M Mathivannan,Prabanjan S,M Poiyamozhi,0,0,0,out,1,caught,M Mathivannan,173/8
1489115,1,20,6,Ragupathy Silambarasan,Prabanjan S,M Poiyamozhi,4,4,0,four,0,,,177/8
1489115,2,1,1,Chezhian Nishaanth,S Abishiek,Thangarasu Natarajan,0,0,0,no run,0,,,0/0
1489115,2,1,2,Chezhian Nishaanth,S Abishiek,Thangarasu Natarajan,0,0,0,out,1,caught,Chezhian Nishaanth,0/1
1489115,2,1,3,Nidhish S Rajagopal,S Abishiek,Thangarasu Natarajan,0,0,0,no run,0,,,0/1
1489115,2,1,4,Nidhish S Rajagopal,S Abishiek,Thangarasu Natarajan,0,0,0,no run,0,,,0/1
1489115,2,1,5,Nidhish S Rajagopal,S Abishiek,Thangarasu Natarajan,4,4,0,four,0,,,4/1
1489115,2,1,6,Nidhish S Rajagopal,S Abishiek,Thangarasu Natarajan,0,0,0,no run,0,,,4/1
1489115,2,2,1,S Abishiek,Nidhish S Rajagopal,Ragupathy Silambarasan,0,0,0,no run,0,,,4/1
1489115,2,2,2,S Abishiek,Nidhish S Rajagopal,Ragupathy Silambarasan,0,0,0,no run,0,,,4/1
1489115,2,2,3,S Abishiek,Nidhish S Rajagopal,Ragupathy Silambarasan,0,0,0,no run,0,,,4/1
1489115,2,2,4,S Abishiek,Nidhish S Rajagopal,Ragupathy Silambarasan,1,1,0,run,0,,,5/1
1489115,2,2,5,Nidhish S Rajagopal,S Abishiek,Ragupathy Silambarasan,6,6,0,six,0,,,11/1
1489115,2,2,6,Nidhish S Rajagopal,S Abishiek,Ragupathy Silambarasan,0,0,0,no run,0,,,11/1
1489115,2,3,1,S Abishiek,Nidhish S Rajagopal,Thangarasu Natarajan,0,0,0,no run,0,,,11/1
1489115,2,3,2,S Abishiek,Nidhish S Rajagopal,Thangarasu Natarajan,1,1,0,run,0,,,12/1
1489115,2,3,3,Nidhish S Rajagopal,S Abishiek,Thangarasu Natarajan,1,0,1,wide,0,,,13/1
1489115,2,3,4,Nidhish S Rajagopal,S Abishiek,Thangarasu Natarajan,0,0,0,no run,0,,,13/1
1489115,2,3,5,Nidhish S Rajagopal,S Abishiek,Thangarasu Natarajan,1,1,0,run,0,,,14/1
1489115,2,3,6,S Abishiek,Nidhish S Rajagopal,Thangarasu Natarajan,1,1,0,run,0,,,15/1
1489115,2,3,7,Nidhish S Rajagopal,S Abishiek,Thangarasu Natarajan,0,0,0,no run,0,,,15/1
1489115,2,4,1,S Abishiek,Nidhish S Rajagopal,Ragupathy Silambarasan,1,1,0,run,0,,,16/1
1489115,2,4,2,Nidhish S Rajagopal,S Abishiek,Ragupathy Silambarasan,2,2,0,run,0,,,18/1
1489115,2,4,3,Nidhish S Rajagopal,S Abishiek,Ragupathy Silambarasan,1,1,0,run,0,,,19/1
1489115,2,4,4,S Abishiek,Nidhish S Rajagopal,Ragupathy Silambarasan,0,0,0,no run,0,,,19/1
1489115,2,4,5,S Abishiek,Nidhish S Rajagopal,Ragupathy Silambarasan,0,0,0,no run,0,,,19/1
1489115,2,4,6,S Abishiek,Nidhish S Rajagopal,Ragupathy Silambarasan,0,0,0,no run,0,,,19/1
1489115,2,5,1,Nidhish S Rajagopal,S Abishiek,Ravisrinivasan Sai Kishore,1,1,0,run,0,,,20/1
1489115,2,5,2,S Abishiek,Nidhish S Rajagopal,Ravisrinivasan Sai Kishore,0,0,0,no run,0,,,20/1
1489115,2,5,3,S Abishiek,Nidhish S Rajagopal,Ravisrinivasan Sai Kishore,6,6,0,six,0,,,26/1
1489115,2,5,4,S Abishiek,Nidhish S Rajagopal,Ravisrinivasan Sai Kishore,0,0,0,no run,0,,,26/1
1489115,2,5,5,S Abishiek,Nidhish S Rajagopal,Ravisrinivasan Sai Kishore,0,0,0,no run,0,,,26/1
1489115,2,5,6,S Abishiek,Nidhish S Rajagopal,Ravisrinivasan Sai Kishore,0,0,0,no run,0,,,26/1
1489115,2,6,1,Nidhish S Rajagopal,S Abishiek,S Mohamed Ali,0,0,0,no run,0,,,26/1
1489115,2,6,2,Nidhish S Rajagopal,S Abishiek,S Mohamed Ali,1,1,0,run,0,,,27/1
1489115,2,6,3,S Abishiek,Nidhish S Rajagopal,S Mohamed Ali,0,0,0,out,1,caught,S Abishiek,27/2
1489115,2,6,4,R Kavin,Nidhish S Rajagopal,S Mohamed Ali,4,4,0,four,0,,,31/2
1489115,2,6,5,R Kavin,Nidhish S Rajagopal,S Mohamed Ali,0,0,0,no run,0,,,31/2
1489115,2,6,6,R Kavin,Nidhish S Rajagopal,S Mohamed Ali,1,1,0,run,0,,,32/2
1489115,2,7,1,R Kavin,Nidhish S Rajagopal,Esakkimuthu A,0,0,0,no run,0,,,32/2
1489115,2,7,2,R Kavin,Nidhish S Rajagopal,Esakkimuthu A,0,0,0,no run,0,,,32/2
1489115,2,7,3,R Kavin,Nidhish S Rajagopal,Esakkimuthu A,0,0,0,no run,0,,,32/2
1489115,2,7,4,R Kavin,Nidhish S Rajagopal,Esakkimuthu A,1,1,0,run,0,,,33/2
1489115,2,7,5,Nidhish S Rajagopal,R Kavin,Esakkimuthu A,4,4,0,four,0,,,37/2
1489115,2,7,6,Nidhish S Rajagopal,R Kavin,Esakkimuthu A,1,1,0,run,0,,,38/2
1489115,2,8,1,Nidhish S Rajagopal,R Kavin,S Mohamed Ali,1,1,0,run,0,,,39/2
1489115,2,8,2,R Kavin,Nidhish S Rajagopal,S Mohamed Ali,1,1,0,run,0,,,40/2
1489115,2,8,3,Nidhish S Rajagopal,R Kavin,S Mohamed Ali,0,0,0,no run,0,,,40/2
1489115,2,8,4,Nidhish S Rajagopal,R Kavin,S Mohamed Ali,2,2,0,run,0,,,42/2
1489115,2,8,5,Nidhish S Rajagopal,R Kavin,S Mohamed Ali,1,1,0,run,0,,,43/2
1489115,2,8,6,R Kavin,Nidhish S Rajagopal,S Mohamed Ali,4,4,0,four,0,,,47/2
1489115,2,9,1,Nidhish S Rajagopal,R Kavin,M Mathivannan,4,4,0,four,0,,,51/2
1489115,2,9,2,Nidhish S Rajagopal,R Kavin,M Mathivannan,1,1,0,run,0,,,52/2
1489115,2,9,3,R Kavin,Nidhish S Rajagopal,M Mathivannan,1,1,0,run,0,,,53/2
1489115,2,9,4,Nidhish S Rajagopal,R Kavin,M Mathivannan,1,1,0,run,0,,,54/2
1489115,2,9,5,R Kavin,Nidhish S Rajagopal,M Mathivannan,4,4,0,four,0,,,58/2
1489115,2,9,6,R Kavin,Nidhish S Rajagopal,M Mathivannan,1,1,0,run,0,,,59/2
1489115,2,10,1,R Kavin,Nidhish S Rajagopal,S Mohamed Ali,1,1,0,run,0,,,60/2
1489115,2,10,2,Nidhish S Rajagopal,R Kavin,S Mohamed Ali,1,1,0,run,0,,,61/2
1489115,2,10,3,R Kavin,Nidhish S Rajagopal,S Mohamed Ali,1,1,0,run,0,,,62/2
1489115,2,10,4,Nidhish S Rajagopal,R Kavin,S Mohamed Ali,6,6,0,six,0,,,68/2
1489115,2,10,5,Nidhish S Rajagopal,R Kavin,S Mohamed Ali,2,2,0,run,0,,,70/2
1489115,2,10,6,Nidhish S Rajagopal,R Kavin,S Mohamed Ali,1,1,0,run,0,,,71/2
1489115,2,11,1,Nidhish S Rajagopal,R Kavin,Ravisrinivasan Sai Kishore,1,1,0,run,0,,,72/2
1489115,2,11,2,R Kavin,Nidhish S Rajagopal,Ravisrinivasan Sai Kishore,1,1,0,run,0,,,73/2
1489115,2,11,3,Nidhish S Rajagopal,R Kavin,Ravisrinivasan Sai Kishore,1,1,0,run,0,,,74/2
1489115,2,11,4,R Kavin,Nidhish S Rajagopal,Ravisrinivasan Sai Kishore,1,1,0,run,0,,,75/2
1489115,2,11,5,Nidhish S Rajagopal,R Kavin,Ravisrinivasan Sai Kishore,1,1,0,run,0,,,76/2
1489115,2,11,6,R Kavin,Nidhish S Rajagopal,Ravisrinivasan Sai Kishore,1,1,0,run,0,,,77/2
1489115,2,12,1,R Kavin,Nidhish S Rajagopal,Esakkimuthu A,4,4,0,four,0,,,81/2
1489115,2,12,2,R Kavin,Nidhish S Rajagopal,Esakkimuthu A,0,0,0,no run,0,,,81/2
1489115,2,12,3,R Kavin,Nidhish S Rajagopal,Esakkimuthu A,0,0,0,no run,0,,,81/2
1489115,2,12,4,R Kavin,Nidhish S Rajagopal,Esakkimuthu A,4,4,0,four,0,,,85/2
1489115,2,12,5,R Kavin,Nidhish S Rajagopal,Esakkimuthu A,0,0,0,no run,0,,,85/2
1489115,2,12,6,R Kavin,Nidhish S Rajagopal,Esakkimuthu A,1,1,0,run,0,,,86/2
1489115,2,13,1,R Kavin,Nidhish S Rajagopal,Ravisrinivasan Sai Kishore,1,0,1,leg bye,0,,,87/2
1489115,2,13,2,Nidhish S Rajagopal,R Kavin,Ravisrinivasan Sai Kishore,1,0,1,wide,0,,,88/2
1489115,2,13,3,Nidhish S Rajagopal,R Kavin,Ravisrinivasan Sai Kishore,1,1,0,run,0,,,89/2
1489115,2,13,4,R Kavin,Nidhish S Rajagopal,Ravisrinivasan Sai Kishore,1,0,1,wide,0,,,90/2
1489115,2,13,5,R Kavin,Nidhish S Rajagopal,Ravisrinivasan Sai Kishore,1,1,0,run,0,,,91/2
1489115,2,13,6,Nidhish S Rajagopal,R Kavin,Ravisrinivasan Sai Kishore,0,0,0,no run,0,,,91/2
1489115,2,13,7,Nidhish S Rajagopal,R Kavin,Ravisrinivasan Sai Kishore,1,1,0,run,0,,,92/2
1489115,2,13,8,R Kavin,Nidhish S Rajagopal,Ravisrinivasan Sai Kishore,0,0,0,out,1,caught,R Kavin,92/3
1489115,2,14,1,Nidhish S Rajagopal,Rajendran Vivek,Ragupathy Silambarasan,1,1,0,run,0,,,93/3
1489115,2,14,2,Rajendran Vivek,Nidhish S Rajagopal,Ragupathy Silambarasan,0,0,0,no run,0,,,93/3
1489115,2,14,3,Rajendran Vivek,Nidhish S Rajagopal,Ragupathy Silambarasan,1,1,0,run,0,,,94/3
1489115,2,14,4,Nidhish S Rajagopal,Rajendran Vivek,Ragupathy Silambarasan,4,4,0,four,0,,,98/3
1489115,2,14,5,Nidhish S Rajagopal,Rajendran Vivek,Ragupathy Silambarasan,1,1,0,run,0,,,99/3
1489115,2,14,6,Rajendran Vivek,Nidhish S Rajagopal,Ragupathy Silambarasan,0,0,0,out,1,caught,Rajendran Vivek,99/4
1489115,2,15,1,Nidhish S Rajagopal,Sunny Sandhu,Esakkimuthu A,2,2,0,run,0,,,101/4
1489115,2,15,2,Nidhish S Rajagopal,Sunny Sandhu,Esakkimuthu A,6,6,0,six,0,,,107/4
1489115,2,15,3,Nidhish S Rajagopal,Sunny Sandhu,Esakkimuthu A,4,4,0,four,0,,,111/4
1489115,2,15,4,Nidhish S Rajagopal,Sunny Sandhu,Esakkimuthu A,0,0,0,no run,0,,,111/4
1489115,2,15,5,Nidhish S Rajagopal,Sunny Sandhu,Esakkimuthu A,4,4,0,four,0,,,115/4
1489115,2,15,6,Nidhish S Rajagopal,Sunny Sandhu,Esakkimuthu A,1,1,0,run,0,,,116/4
1489115,2,16,1,Nidhish S Rajagopal,Sunny Sandhu,Ragupathy Silambarasan,0,0,0,no run,0,,,116/4
1489115,2,16,2,Nidhish S Rajagopal,Sunny Sandhu,Ragupathy Silambarasan,0,0,0,out,1,caught,Nidhish S Rajagopal,116/5
1489115,2,16,3,Boopathi Vaishna Kumar,Sunny Sandhu,Ragupathy Silambarasan,1,1,0,run,0,,,117/5
1489115,2,16,4,Sunny Sandhu,Boopathi Vaishna Kumar,Ragupathy Silambarasan,6,6,0,six,0,,,123/5
1489115,2,16,5,Sunny Sandhu,Boopathi Vaishna Kumar,Ragupathy Silambarasan,0,0,0,no run,0,,,123/5
1489115,2,16,6,Sunny Sandhu,Boopathi Vaishna Kumar,Ragupathy Silambarasan,1,1,0,run,0,,,124/5
1489115,2,17,1,Sunny Sandhu,Boopathi Vaishna Kumar,Ravisrinivasan Sai Kishore,0,0,0,no run,0,,,124/5
1489115,2,17,2,Sunny Sandhu,Boopathi Vaishna Kumar,Ravisrinivasan Sai Kishore,1,1,0,run,0,,,125/5
1489115,2,17,3,Boopathi Vaishna Kumar,Sunny Sandhu,Ravisrinivasan Sai Kishore,2,2,0,run,0,,,127/5
1489115,2,17,4,Boopathi Vaishna Kumar,Sunny Sandhu,Ravisrinivasan Sai Kishore,1,1,0,run,0,,,128/5
1489115,2,17,5,Sunny Sandhu,Boopathi Vaishna Kumar,Ravisrinivasan Sai Kishore,1,1,0,run,0,,,129/5
1489115,2,17,6,Boopathi Vaishna Kumar,Sunny Sandhu,Ravisrinivasan Sai Kishore,4,4,0,four,0,,,133/5
1489115,2,18,1,Sunny Sandhu,Boopathi Vaishna Kumar,Thangarasu Natarajan,0,0,0,no run,0,,,133/5
1489115,2,18,2,Sunny Sandhu,Boopathi Vaishna Kumar,Thangarasu Natarajan,0,0,0,out,1,caught,Sunny Sandhu,133/6
1489115,2,18,3,S Harish Kumar,Boopathi Vaishna Kumar,Thangarasu Natarajan,6,6,0,six,0,,,139/6
1489115,2,18,4,S Harish Kumar,Boopathi Vaishna Kumar,Thangarasu Natarajan,1,0,1,wide,0,,,140/6
1489115,2,18,5,S Harish Kumar,Boopathi Vaishna Kumar,Thangarasu Natarajan,1,0,1,wide,0,,,141/6
1489115,2,18,6,S Harish Kumar,Boopathi Vaishna Kumar,Thangarasu Natarajan,1,1,0,run,0,,,142/6
1489115,2,18,7,Boopathi Vaishna Kumar,S Harish Kumar,Thangarasu Natarajan,4,4,0,four,0,,,146/6
1489115,2,18,8,Boopathi Vaishna Kumar,S Harish Kumar,Thangarasu Natarajan,1,1,0,run,0,,,147/6
1489115,2,19,1,Boopathi Vaishna Kumar,S Harish Kumar,Esakkimuthu A,1,1,0,run,0,,,148/6
1489115,2,19,2,S Harish Kumar,Boopathi Vaishna Kumar,Esakkimuthu A,2,2,0,run,0,,,150/6
1489115,2,19,3,S Harish Kumar,Boopathi Vaishna Kumar,Esakkimuthu A,4,0,4,leg bye,0,,,154/6
1489115,2,19,4,S Harish Kumar,Boopathi Vaishna Kumar,Esakkimuthu A,4,4,0,four,0,,,158/6
1489115,2,19,5,S Harish Kumar,Boopathi Vaishna Kumar,Esakkimuthu A,6,6,0,six,0,,,164/6
1489115,2,19,6,S Harish Kumar,Boopathi Vaishna Kumar,Esakkimuthu A,2,1,1,run,0,,,166/6
1489115,2,19,7,Boopathi Vaishna Kumar,S Harish Kumar,Esakkimuthu A,3,2,1,run,0,,,169/6
1489115,2,19,8,Boopathi Vaishna Kumar,S Harish Kumar,Esakkimuthu A,2,1,1,run,0,,,171/6
1489115,2,19,9,S Harish Kumar,Boopathi Vaishna Kumar,Esakkimuthu A,1,0,1,no ball,0,,,172/6
1489115,2,19,10,S Harish Kumar,Boopathi Vaishna Kumar,Esakkimuthu A,0,0,0,no run,0,,,172/6
1489115,2,20,1,Boopathi Vaishna Kumar,S Harish Kumar,Thangarasu Natarajan,1,1,0,run,0,,,173/6
1489115,2,20,2,S Harish Kumar,Boopathi Vaishna Kumar,Thangarasu Natarajan,0,0,0,no run,0,,,173/6
1489115,2,20,3,S Harish Kumar,Boopathi Vaishna Kumar,Thangarasu Natarajan,1,0,1,wide,0,,,174/6
1489115,2,20,4,S Harish Kumar,Boopathi Vaishna Kumar,Thangarasu Natarajan,1,1,0,run,0,,,175/6
1489115,2,20,5,Boopathi Vaishna Kumar,S Harish Kumar,Thangarasu Natarajan,1,1,0,run,0,,,176/6
1489115,2,20,6,S Harish Kumar,Boopathi Vaishna Kumar,Thangarasu Natarajan,2,2,0,run,0,,,178/6
1489116,1,1,1,Suresh Lokeshwar,CH Jitendra Kumar,Abhishek Baljeetsingh Tanwar,0,0,0,no run,0,,,0/0
1489116,1,1,2,Suresh Lokeshwar,CH Jitendra Kumar,Abhishek Baljeetsingh Tanwar,4,4,0,four,0,,,4/0
1489116,1,1,3,Suresh Lokeshwar,CH Jitendra Kumar,Abhishek Baljeetsingh Tanwar,0,0,0,no run,0,,,4/0
1489116,1,1,4,Suresh Lokeshwar,CH Jitendra Kumar,Abhishek Baljeetsingh Tanwar,0,0,0,no run,0,,,4/0
1489116,1,1,5,Suresh Lokeshwar,CH Jitendra Kumar,Abhishek Baljeetsingh Tanwar,1,1,0,run,0,,,5/0
1489116,1,1,6,CH Jitendra Kumar,Suresh Lokeshwar,Abhishek Baljeetsingh Tanwar,0,0,0,no run,0,,,5/0
1489116,1,2,1,Suresh Lokeshwar,CH Jitendra Kumar,Swapnil Singh,1,1,0,run,0,,,6/0
1489116,1,2,2,CH Jitendra Kumar,Suresh Lokeshwar,Swapnil Singh,6,6,0,six,0,,,12/0
1489116,1,2,3,CH Jitendra Kumar,Suresh Lokeshwar,Swapnil Singh,4,4,0,four,0,,,16/0
1489116,1,2,4,CH Jitendra Kumar,Suresh Lokeshwar,Swapnil Singh,0,0,0,no run,0,,,16/0
1489116,1,2,5,CH Jitendra Kumar,Suresh Lokeshwar,Swapnil Singh,6,6,0,six,0,,,22/0
1489116,1,2,6,CH Jitendra Kumar,Suresh Lokeshwar,Swapnil Singh,0,0,0,no run,0,,,22/0
1489116,1,3,1,Suresh Lokeshwar,CH Jitendra Kumar,Abhishek Baljeetsingh Tanwar,0,0,0,no run,0,,,22/0
1489116,1,3,2,Suresh Lokeshwar,CH Jitendra Kumar,Abhishek Baljeetsingh Tanwar,0,0,0,no run,0,,,22/0
1489116,1,3,3,Suresh Lokeshwar,CH Jitendra Kumar,Abhishek Baljeetsingh Tanwar,1,1,0,run,0,,,23/0
1489116,1,3,4,CH Jitendra Kumar,Suresh Lokeshwar,Abhishek Baljeetsingh Tanwar,1,1,0,run,0,,,24/0
1489116,1,3,5,Suresh Lokeshwar,CH Jitendra Kumar,Abhishek Baljeetsingh Tanwar,2,2,0,run,0,,,26/0
1489116,1,3,6,Suresh Lokeshwar,CH Jitendra Kumar,Abhishek Baljeetsingh Tanwar,0,0,0,out,1,caught,Suresh Lokeshwar,26/1
1489116,1,4,1,CH Jitendra Kumar,Balasubramaniam Sachin,M Silambarasan,1,1,0,run,0,,,27/1
1489116,1,4,2,Balasubramaniam Sachin,CH Jitendra Kumar,M Silambarasan,0,0,0,out,1,run out,Balasubramaniam Sachin,27/2
1489116,1,4,3,CH Jitendra Kumar,C Andre Siddarth,M Silambarasan,0,0,0,no run,0,,,27/2
1489116,1,4,4,CH Jitendra Kumar,C Andre Siddarth,M Silambarasan,1,1,0,run,0,,,28/2
1489116,1,4,5,C Andre Siddarth,CH Jitendra Kumar,M Silambarasan,1,1,0,run,0,,,29/2
1489116,1,4,6,CH Jitendra Kumar,C Andre Siddarth,M Silambarasan,4,4,0,four,0,,,33/2
1489116,1,5,1,C Andre Siddarth,CH Jitendra Kumar,J Prem Kumar,1,1,0,run,0,,,34/2
1489116,1,5,2,CH Jitendra Kumar,C Andre Siddarth,J Prem Kumar,0,0,0,no run,0,,,34/2
1489116,1,5,3,CH Jitendra Kumar,C Andre Siddarth,J Prem Kumar,6,6,0,six,0,,,40/2
1489116,1,5,4,CH Jitendra Kumar,C Andre Siddarth,J Prem Kumar,1,1,0,run,0,,,41/2
1489116,1,5,5,C Andre Siddarth,CH Jitendra Kumar,J Prem Kumar,0,0,0,no run,0,,,41/2
1489116,1,5,6,C Andre Siddarth,CH Jitendra Kumar,J Prem Kumar,0,0,0,no run,0,,,41/2
1489116,1,6,1,CH Jitendra Kumar,C Andre Siddarth,M Silambarasan,4,4,0,four,0,,,45/2
1489116,1,6,2,CH Jitendra Kumar,C Andre Siddarth,M Silambarasan,0,0,0,no run,0,,,45/2
1489116,1,6,3,CH Jitendra Kumar,C Andre Siddarth,M Silambarasan,0,0,0,no run,0,,,45/2
1489116,1,6,4,CH Jitendra Kumar,C Andre Siddarth,M Silambarasan,5,4,1,four,0,,,50/2
1489116,1,6,5,CH Jitendra Kumar,C Andre Siddarth,M Silambarasan,4,4,0,four,0,,,54/2
1489116,1,6,6,CH Jitendra Kumar,C Andre Siddarth,M Silambarasan,0,0,0,out,1,caught,CH Jitendra Kumar,54/3
1489116,1,6,7,S Guru Raghavendran,C Andre Siddarth,M Silambarasan,0,0,0,no run,0,,,54/3
1489116,1,7,1,C Andre Siddarth,S Guru Raghavendran,TD Lokesh Raj,1,1,0,run,0,,,55/3
1489116,1,7,2,S Guru Raghavendran,C Andre Siddarth,TD Lokesh Raj,1,1,0,run,0,,,56/3
1489116,1,7,3,C Andre Siddarth,S Guru Raghavendran,TD Lokesh Raj,0,0,0,no run,0,,,56/3
1489116,1,7,4,C Andre Siddarth,S Guru Raghavendran,TD Lokesh Raj,6,6,0,six,0,,,62/3
1489116,1,7,5,C Andre Siddarth,S Guru Raghavendran,TD Lokesh Raj,0,0,0,no run,0,,,62/3
1489116,1,7,6,C Andre Siddarth,S Guru Raghavendran,TD Lokesh Raj,1,1,0,run,0,,,63/3
1489116,1,8,1,C Andre Siddarth,S Guru Raghavendran,Swapnil Singh,1,1,0,run,0,,,64/3
1489116,1,8,2,S Guru Raghavendran,C Andre Siddarth,Swapnil Singh,1,1,0,run,0,,,65/3
1489116,1,8,3,C Andre Siddarth,S Guru Raghavendran,Swapnil Singh,1,1,0,run,0,,,66/3
1489116,1,8,4,S Guru Raghavendran,C Andre Siddarth,Swapnil Singh,1,1,0,run,0,,,67/3
1489116,1,8,5,C Andre Siddarth,S Guru Raghavendran,Swapnil Singh,1,0,1,no ball,0,,,68/3
1489116,1,8,6,C Andre Siddarth,S Guru Raghavendran,Swapnil Singh,6,6,0,six,0,,,74/3
1489116,1,8,7,C Andre Siddarth,S Guru Raghavendran,Swapnil Singh,0,0,0,no run,0,,,74/3
1489116,1,9,1,S Guru Raghavendran,C Andre Siddarth,TD Lokesh Raj,1,1,0,run,0,,,75/3
1489116,1,9,2,C Andre Siddarth,S Guru Raghavendran,TD Lokesh Raj,0,0,0,no run,0,,,75/3
1489116,1,9,3,C Andre Siddarth,S Guru Raghavendran,TD Lokesh Raj,2,2,0,run,0,,,77/3
1489116,1,9,4,C Andre Siddarth,S Guru Raghavendran,TD Lokesh Raj,1,1,0,run,0,,,78/3
1489116,1,9,5,S Guru Raghavendran,C Andre Siddarth,TD Lokesh Raj,0,0,0,no run,0,,,78/3
1489116,1,9,6,S Guru Raghavendran,C Andre Siddarth,TD Lokesh Raj,1,1,0,run,0,,,79/3
1489116,1,10,1,S Guru Raghavendran,C Andre Siddarth,Vijay Shankar,4,4,0,four,0,,,83/3
1489116,1,10,2,S Guru Raghavendran,C Andre Siddarth,Vijay Shankar,0,0,0,no run,0,,,83/3
1489116,1,10,3,S Guru Raghavendran,C Andre Siddarth,Vijay Shankar,1,1,0,run,0,,,84/3
1489116,1,10,4,C Andre Siddarth,S Guru Raghavendran,Vijay Shankar,1,1,0,run,0,,,85/3
1489116,1,10,5,S Guru Raghavendran,C Andre Siddarth,Vijay Shankar,1,1,0,run,0,,,86/3
1489116,1,10,6,C Andre Siddarth,S Guru Raghavendran,Vijay Shankar,1,1,0,run,0,,,87/3
1489116,1,11,1,C Andre Siddarth,S Guru Raghavendran,M Silambarasan,0,0,0,no run,0,,,87/3
1489116,1,11,2,C Andre Siddarth,S Guru Raghavendran,M Silambarasan,1,1,0,run,0,,,88/3
1489116,1,11,3,S Guru Raghavendran,C Andre Siddarth,M Silambarasan,1,1,0,run,0,,,89/3
1489116,1,11,4,C Andre Siddarth,S Guru Raghavendran,M Silambarasan,1,1,0,run,0,,,90/3
1489116,1,11,5,S Guru Raghavendran,C Andre Siddarth,M Silambarasan,1,1,0,run,0,,,91/3
1489116,1,11,6,C Andre Siddarth,S Guru Raghavendran,M Silambarasan,1,1,0,run,0,,,92/3
1489116,1,12,1,C Andre Siddarth,S Guru Raghavendran,Vijay Shankar,0,0,0,out,1,bowled,C Andre Siddarth,92/4
1489116,1,12,2,Masood Shahrukh Khan,S Guru Raghavendran,Vijay Shankar,0,0,0,no run,0,,,92/4
1489116,1,12,3,Masood Shahrukh Khan,S Guru Raghavendran,Vijay Shankar,1,1,0,run,0,,,93/4
1489116,1,12,4,S Guru Raghavendran,Masood Shahrukh Khan,Vijay Shankar,0,0,0,no run,0,,,93/4
1489116,1,12,5,S Guru Raghavendran,Masood Shahrukh Khan,Vijay Shankar,0,0,0,no run,0,,,93/4
1489116,1,12,6,S Guru Raghavendran,Masood Shahrukh Khan,Vijay Shankar,1,1,0,run,0,,,94/4
1489116,1,13,1,S Guru Raghavendran,Masood Shahrukh Khan,M Silambarasan,2,2,0,run,0,,,96/4
1489116,1,13,2,S Guru Raghavendran,Masood Shahrukh Khan,M Silambarasan,0,0,0,no run,0,,,96/4
1489116,1,13,3,S Guru Raghavendran,Masood Shahrukh Khan,M Silambarasan,4,4,0,four,0,,,100/4
1489116,1,13,4,S Guru Raghavendran,Masood Shahrukh Khan,M Silambarasan,4,4,0,four,0,,,104/4
1489116,1,13,5,S Guru Raghavendran,Masood Shahrukh Khan,M Silambarasan,1,1,0,run,0,,,105/4
1489116,1,13,6,Masood Shahrukh Khan,S Guru Raghavendran,M Silambarasan,1,1,0,run,0,,,106/4
1489116,1,14,1,Masood Shahrukh Khan,S Guru Raghavendran,Vijay Shankar,1,1,0,run,0,,,107/4
1489116,1,14,2,S Guru Raghavendran,Masood Shahrukh Khan,Vijay Shankar,0,0,0,out,1,caught,S Guru Raghavendran,107/5
1489116,1,14,3,KT Madhava Prasad,Masood Shahrukh Khan,Vijay Shankar,0,0,0,no run,0,,,107/5
1489116,1,14,4,KT Madhava Prasad,Masood Shahrukh Khan,Vijay Shankar,0,0,0,no run,0,,,107/5
1489116,1,14,5,KT Madhava Prasad,Masood Shahrukh Khan,Vijay Shankar,0,0,0,no run,0,,,107/5
1489116,1,14,6,KT Madhava Prasad,Masood Shahrukh Khan,Vijay Shankar,0,0,0,no run,0,,,107/5
1489116,1,15,1,Masood Shahrukh Khan,KT Madhava Prasad,J Prem Kumar,1,1,0,run,0,,,108/5
1489116,1,15,2,KT Madhava Prasad,Masood Shahrukh Khan,J Prem Kumar,1,1,0,run,0,,,109/5
1489116,1,15,3,Masood Shahrukh Khan,KT Madhava Prasad,J Prem Kumar,1,1,0,run,0,,,110/5
1489116,1,15,4,KT Madhava Prasad,Masood Shahrukh Khan,J Prem Kumar,0,0,0,no run,0,,,110/5
1489116,1,15,5,KT Madhava Prasad,Masood Shahrukh Khan,J Prem Kumar,4,4,0,four,0,,,114/5
1489116,1,15,6,KT Madhava Prasad,Masood Shahrukh Khan,J Prem Kumar,1,1,0,run,0,,,115/5
1489116,1,16,1,KT Madhava Prasad,Masood Shahrukh Khan,Vijay Shankar,1,1,0,run,0,,,116/5
1489116,1,16,2,Masood Shahrukh Khan,KT Madhava Prasad,Vijay Shankar,1,0,1,wide,0,,,117/5
1489116,1,16,3,Masood Shahrukh Khan,KT Madhava Prasad,Vijay Shankar,1,1,0,run,0,,,118/5
1489116,1,16,4,KT Madhava Prasad,Masood Shahrukh Khan,Vijay Shankar,1,1,0,run,0,,,119/5
1489116,1,16,5,Masood Shahrukh Khan,KT Madhava Prasad,Vijay Shankar,4,4,0,four,0,,,123/5
1489116,1,16,6,Masood Shahrukh Khan,KT Madhava Prasad,Vijay Shankar,1,1,0,run,0,,,124/5
1489116,1,16,7,KT Madhava Prasad,Masood Shahrukh Khan,Vijay Shankar,0,0,0,no run,0,,,124/5
1489116,1,17,1,Masood Shahrukh Khan,KT Madhava Prasad,J Prem Kumar,6,6,0,six,0,,,130/5
1489116,1,17,2,Masood Shahrukh Khan,KT Madhava Prasad,J Prem Kumar,0,0,0,no run,0,,,130/5
1489116,1,17,3,Masood Shahrukh Khan,KT Madhava Prasad,J Prem Kumar,1,1,0,run,0,,,131/5
1489116,1,17,4,KT Madhava Prasad,Masood Shahrukh Khan,J Prem Kumar,1,1,0,run,0,,,132/5
1489116,1,17,5,Masood Shahrukh Khan,KT Madhava Prasad,J Prem Kumar,1,1,0,run,0,,,133/5
1489116,1,17,6,KT Madhava Prasad,Masood Shahrukh Khan,J Prem Kumar,0,0,0,no run,0,,,133/5
1489116,1,18,1,Masood Shahrukh Khan,KT Madhava Prasad,Abhishek Baljeetsingh Tanwar,1,1,0,run,0,,,134/5
1489116,1,18,2,KT Madhava Prasad,Masood Shahrukh Khan,Abhishek Baljeetsingh Tanwar,0,0,0,no run,0,,,134/5
1489116,1,18,3,KT Madhava Prasad,Masood Shahrukh Khan,Abhishek Baljeetsingh Tanwar,1,1,0,run,0,,,135/5
1489116,1,18,4,Masood Shahrukh Khan,KT Madhava Prasad,Abhishek Baljeetsingh Tanwar,0,0,0,out,1,caught,Masood Shahrukh Khan,135/6
1489116,1,18,5,Manimaran Siddharth,KT Madhava Prasad,Abhishek Baljeetsingh Tanwar,1,1,0,run,0,,,136/6
1489116,1,18,6,KT Madhava Prasad,Manimaran Siddharth,Abhishek Baljeetsingh Tanwar,0,0,0,no run,0,,,136/6
1489116,1,19,1,Manimaran Siddharth,KT Madhava Prasad,J Prem Kumar,1,1,0,run,0,,,137/6
1489116,1,19,2,KT Madhava Prasad,Manimaran Siddharth,J Prem Kumar,2,2,0,run,0,,,139/6
1489116,1,19,3,KT Madhava Prasad,Manimaran Siddharth,J Prem Kumar,0,0,0,no run,0,,,139/6
1489116,1,19,4,KT Madhava Prasad,Manimaran Siddharth,J Prem Kumar,1,1,0,run,0,,,140/6
1489116,1,19,5,Manimaran Siddharth,KT Madhava Prasad,J Prem Kumar,0,0,0,out,1,bowled,Manimaran Siddharth,140/7
1489116,1,19,6,Ramalingam Rohit,KT Madhava Prasad,J Prem Kumar,0,0,0,out,1,bowled,Ramalingam Rohit,140/8
1489116,1,20,1,KT Madhava Prasad,P Bhuvaneswaran,Abhishek Baljeetsingh Tanwar,4,4,0,four,0,,,144/8
1489116,1,20,2,KT Madhava Prasad,P Bhuvaneswaran,Abhishek Baljeetsingh Tanwar,0,0,0,out,1,caught,KT Madhava Prasad,144/9
1489116,1,20,3,P Vidyuth,P Bhuvaneswaran,Abhishek Baljeetsingh Tanwar,0,0,0,no run,0,,,144/9
1489116,1,20,4,P Vidyuth,P Bhuvaneswaran,Abhishek Baljeetsingh Tanwar,0,0,0,out,1,caught,P Vidyuth,144/10
1489116,2,1,1,K Aashiq,RS Mokit Hariharan,Ramalingam Rohit,1,0,1,leg bye,0,,,1/0
1489116,2,1,2,RS Mokit Hariharan,K Aashiq,Ramalingam Rohit,4,4,0,four,0,,,5/0
1489116,2,1,3,RS Mokit Hariharan,K Aashiq,Ramalingam Rohit,0,0,0,no run,0,,,5/0
1489116,2,1,4,RS Mokit Hariharan,K Aashiq,Ramalingam Rohit,0,0,0,no run,0,,,5/0
1489116,2,1,5,RS Mokit Hariharan,K Aashiq,Ramalingam Rohit,0,0,0,no run,0,,,5/0
1489116,2,1,6,RS Mokit Hariharan,K Aashiq,Ramalingam Rohit,4,4,0,four,0,,,9/0
1489116,2,2,1,K Aashiq,RS Mokit Hariharan,Masood Shahrukh Khan,1,1,0,run,0,,,10/0
1489116,2,2,2,RS Mokit Hariharan,K Aashiq,Masood Shahrukh Khan,1,0,1,wide,0,,,11/0
1489116,2,2,3,RS Mokit Hariharan,K Aashiq,Masood Shahrukh Khan,1,1,0,run,0,,,12/0
1489116,2,2,4,K Aashiq,RS Mokit Hariharan,Masood Shahrukh Khan,4,0,4,bye,0,,,16/0
1489116,2,2,5,K Aashiq,RS Mokit Hariharan,Masood Shahrukh Khan,1,1,0,run,0,,,17/0
1489116,2,2,6,RS Mokit Hariharan,K Aashiq,Masood Shahrukh Khan,1,1,0,run,0,,,18/0
1489116,2,2,7,K Aashiq,RS Mokit Hariharan,Masood Shahrukh Khan,6,6,0,six,0,,,24/0
1489116,2,3,1,RS Mokit Hariharan,K Aashiq,Ramalingam Rohit,0,0,0,no run,0,,,24/0
1489116,2,3,2,RS Mokit Hariharan,K Aashiq,Ramalingam Rohit,2,2,0,run,0,,,26/0
1489116,2,3,3,RS Mokit Hariharan,K Aashiq,Ramalingam Rohit,1,1,0,run,0,,,27/0
1489116,2,3,4,K Aashiq,RS Mokit Hariharan,Ramalingam Rohit,0,0,0,no run,0,,,27/0
1489116,2,3,5,K Aashiq,RS Mokit Hariharan,Ramalingam Rohit,4,4,0,four,0,,,31/0
1489116,2,3,6,K Aashiq,RS Mokit Hariharan,Ramalingam Rohit,1,1,0,run,0,,,32/0
1489116,2,4,1,K Aashiq,RS Mokit Hariharan,Masood Shahrukh Khan,1,1,0,run,0,,,33/0
1489116,2,4,2,RS Mokit Hariharan,K Aashiq,Masood Shahrukh Khan,0,0,0,no run,0,,,33/0
1489116,2,4,3,RS Mokit Hariharan,K Aashiq,Masood Shahrukh Khan,1,1,0,run,0,,,34/0
1489116,2,4,4,K Aashiq,RS Mokit Hariharan,Masood Shahrukh Khan,0,0,0,no run,0,,,34/0
1489116,2,4,5,K Aashiq,RS Mokit Hariharan,Masood Shahrukh Khan,6,6,0,six,0,,,40/0
1489116,2,4,6,K Aashiq,RS Mokit Hariharan,Masood Shahrukh Khan,1,1,0,run,0,,,41/0
1489116,2,5,1,K Aashiq,RS Mokit Hariharan,P Bhuvaneswaran,6,6,0,six,0,,,47/0
1489116,2,5,2,K Aashiq,RS Mokit Hariharan,P Bhuvaneswaran,1,1,0,run,0,,,48/0
1489116,2,5,3,RS Mokit Hariharan,K Aashiq,P Bhuvaneswaran,1,1,0,run,0,,,49/0
1489116,2,5,4,K Aashiq,RS Mokit Hariharan,P Bhuvaneswaran,1,1,0,run,0,,,50/0
1489116,2,5,5,RS Mokit Hariharan,K Aashiq,P Bhuvaneswaran,1,1,0,run,0,,,51/0
1489116,2,5,6,K Aashiq,RS Mokit Hariharan,P Bhuvaneswaran,1,1,0,run,0,,,52/0
1489116,2,6,1,K Aashiq,RS Mokit Hariharan,Manimaran Siddharth,1,1,0,run,0,,,53/0
1489116,2,6,2,RS Mokit Hariharan,K Aashiq,Manimaran Siddharth,1,1,0,run,0,,,54/0
1489116,2,6,3,K Aashiq,RS Mokit Hariharan,Manimaran Siddharth,1,1,0,run,0,,,55/0
1489116,2,6,4,RS Mokit Hariharan,K Aashiq,Manimaran Siddharth,1,1,0,run,0,,,56/0
1489116,2,6,5,K Aashiq,RS Mokit Hariharan,Manimaran Siddharth,1,1,0,run,0,,,57/0
1489116,2,6,6,RS Mokit Hariharan,K Aashiq,Manimaran Siddharth,1,1,0,run,0,,,58/0
1489116,2,7,1,RS Mokit Hariharan,K Aashiq,Masood Shahrukh Khan,0,0,0,no run,0,,,58/0
1489116,2,7,2,RS Mokit Hariharan,K Aashiq,Masood Shahrukh Khan,0,0,0,no run,0,,,58/0
1489116,2,7,3,RS Mokit Hariharan,K Aashiq,Masood Shahrukh Khan,1,1,0,run,0,,,59/0
1489116,2,7,4,K Aashiq,RS Mokit Hariharan,Masood Shahrukh Khan,1,1,0,run,0,,,60/0
1489116,2,7,5,RS Mokit Hariharan,K Aashiq,Masood Shahrukh Khan,1,1,0,run,0,,,61/0
1489116,2,7,6,K Aashiq,RS Mokit Hariharan,Masood Shahrukh Khan,1,1,0,run,0,,,62/0
1489116,2,8,1,K Aashiq,RS Mokit Hariharan,Jhathavedh Subramanyan,0,0,0,out,1,bowled,K Aashiq,62/1
1489116,2,8,2,Baba Aparajith,RS Mokit Hariharan,Jhathavedh Subramanyan,4,4,0,four,0,,,66/1
1489116,2,8,3,Baba Aparajith,RS Mokit Hariharan,Jhathavedh Subramanyan,0,0,0,no run,0,,,66/1
1489116,2,8,4,Baba Aparajith,RS Mokit Hariharan,Jhathavedh Subramanyan,4,4,0,four,0,,,70/1
1489116,2,8,5,Baba Aparajith,RS Mokit Hariharan,Jhathavedh Subramanyan,1,1,0,run,0,,,71/1
1489116,2,8,6,RS Mokit Hariharan,Baba Aparajith,Jhathavedh Subramanyan,0,0,0,no run,0,,,71/1
1489116,2,9,1,Baba Aparajith,RS Mokit Hariharan,P Bhuvaneswaran,0,0,0,no run,0,,,71/1
1489116,2,9,2,Baba Aparajith,RS Mokit Hariharan,P Bhuvaneswaran,4,4,0,four,0,,,75/1
1489116,2,9,3,Baba Aparajith,RS Mokit Hariharan,P Bhuvaneswaran,1,1,0,run,0,,,76/1
1489116,2,9,4,RS Mokit Hariharan,Baba Aparajith,P Bhuvaneswaran,0,0,0,no run,0,,,76/1
1489116,2,9,5,RS Mokit Hariharan,Baba Aparajith,P Bhuvaneswaran,0,0,0,out,1,bowled,RS Mokit Hariharan,76/2
1489116,2,9,6,Vijay Shankar,Baba Aparajith,P Bhuvaneswaran,1,1,0,run,0,,,77/2
1489116,2,10,1,Vijay Shankar,Baba Aparajith,Manimaran Siddharth,1,1,0,run,0,,,78/2
1489116,2,10,2,Baba Aparajith,Vijay Shankar,Manimaran Siddharth,1,1,0,run,0,,,79/2
1489116,2,10,3,Vijay Shankar,Baba Aparajith,Manimaran Siddharth,0,0,0,no run,0,,,79/2
1489116,2,10,4,Vijay Shankar,Baba Aparajith,Manimaran Siddharth,3,3,0,run,0,,,82/2
1489116,2,10,5,Baba Aparajith,Vijay Shankar,Manimaran Siddharth,1,1,0,run,0,,,83/2
1489116,2,10,6,Vijay Shankar,Baba Aparajith,Manimaran Siddharth,0,0,0,no run,0,,,83/2
1489116,2,11,1,Baba Aparajith,Vijay Shankar,P Vidyuth,1,1,0,run,0,,,84/2
1489116,2,11,2,Vijay Shankar,Baba Aparajith,P Vidyuth,4,4,0,four,0,,,88/2
1489116,2,11,3,Vijay Shankar,Baba Aparajith,P Vidyuth,2,0,2,leg bye,0,,,90/2
1489116,2,11,4,Vijay Shankar,Baba Aparajith,P Vidyuth,0,0,0,no run,0,,,90/2
1489116,2,11,5,Vijay Shankar,Baba Aparajith,P Vidyuth,1,1,0,run,0,,,91/2
1489116,2,11,6,Baba Aparajith,Vijay Shankar,P Vidyuth,1,1,0,run,0,,,92/2
1489116,2,12,1,Baba Aparajith,Vijay Shankar,Manimaran Siddharth,1,1,0,run,0,,,93/2
1489116,2,12,2,Vijay Shankar,Baba Aparajith,Manimaran Siddharth,1,1,0,run,0,,,94/2
1489116,2,12,3,Baba Aparajith,Vijay Shankar,Manimaran Siddharth,1,1,0,run,0,,,95/2
1489116,2,12,4,Vijay Shankar,Baba Aparajith,Manimaran Siddharth,1,1,0,run,0,,,96/2
1489116,2,12,5,Baba Aparajith,Vijay Shankar,Manimaran Siddharth,0,0,0,no run,0,,,96/2
1489116,2,12,6,Baba Aparajith,Vijay Shankar,Manimaran Siddharth,1,1,0,run,0,,,97/2
1489116,2,13,1,Baba Aparajith,Vijay Shankar,Jhathavedh Subramanyan,1,1,0,run,0,,,98/2
1489116,2,13,2,Vijay Shankar,Baba Aparajith,Jhathavedh Subramanyan,6,6,0,six,0,,,104/2
1489116,2,13,3,Vijay Shankar,Baba Aparajith,Jhathavedh Subramanyan,1,1,0,run,0,,,105/2
1489116,2,13,4,Baba Aparajith,Vijay Shankar,Jhathavedh Subramanyan,0,0,0,no run,0,,,105/2
1489116,2,13,5,Baba Aparajith,Vijay Shankar,Jhathavedh Subramanyan,4,4,0,four,0,,,109/2
1489116,2,13,6,Baba Aparajith,Vijay Shankar,Jhathavedh Subramanyan,1,1,0,run,0,,,110/2
1489116,2,14,1,Baba Aparajith,Vijay Shankar,Manimaran Siddharth,1,1,0,run,0,,,111/2
1489116,2,14,2,Vijay Shankar,Baba Aparajith,Manimaran Siddharth,1,1,0,run,0,,,112/2
1489116,2,14,3,Baba Aparajith,Vijay Shankar,Manimaran Siddharth,1,1,0,run,0,,,113/2
1489116,2,14,4,Vijay Shankar,Baba Aparajith,Manimaran Siddharth,4,4,0,four,0,,,117/2
1489116,2,14,5,Vijay Shankar,Baba Aparajith,Manimaran Siddharth,2,2,0,run,0,,,119/2
1489116,2,14,6,Vijay Shankar,Baba Aparajith,Manimaran Siddharth,1,1,0,run,0,,,120/2
1489116,2,15,1,Vijay Shankar,Baba Aparajith,Jhathavedh Subramanyan,1,1,0,run,0,,,121/2
1489116,2,15,2,Baba Aparajith,Vijay Shankar,Jhathavedh Subramanyan,6,6,0,six,0,,,127/2
1489116,2,15,3,Baba Aparajith,Vijay Shankar,Jhathavedh Subramanyan,0,0,0,no run,0,,,127/2
1489116,2,15,4,Baba Aparajith,Vijay Shankar,Jhathavedh Subramanyan,6,6,0,six,0,,,133/2
1489116,2,15,5,Baba Aparajith,Vijay Shankar,Jhathavedh Subramanyan,1,1,0,run,0,,,134/2
1489116,2,15,6,Vijay Shankar,Baba Aparajith,Jhathavedh Subramanyan,6,6,0,six,0,,,140/2
1489116,2,16,1,Baba Aparajith,Vijay Shankar,P Vidyuth,6,6,0,six,0,,,146/2
1489117,1,1,1,R Ram Arvindh,Balchander Anirudh,Sankarankutty Sandeep Warrier,4,4,0,four,0,,,4/0
1489117,1,1,2,R Ram Arvindh,Balchander Anirudh,Sankarankutty Sandeep Warrier,0,0,0,no run,0,,,4/0
1489117,1,1,3,R Ram Arvindh,Balchander Anirudh,Sankarankutty Sandeep Warrier,1,0,1,wide,0,,,5/0
1489117,1,1,4,R Ram Arvindh,Balchander Anirudh,Sankarankutty Sandeep Warrier,1,1,0,run,0,,,6/0
1489117,1,1,5,Balchander Anirudh,R Ram Arvindh,Sankarankutty Sandeep Warrier,0,0,0,no run,0,,,6/0
1489117,1,1,6,Balchander Anirudh,R Ram Arvindh,Sankarankutty Sandeep Warrier,0,0,0,no run,0,,,6/0
1489117,1,1,7,Balchander Anirudh,R Ram Arvindh,Sankarankutty Sandeep Warrier,6,6,0,six,0,,,12/0
1489117,1,2,1,R Ram Arvindh,Balchander Anirudh,Ravichandran Ashwin,1,1,0,run,0,,,13/0
1489117,1,2,2,Balchander Anirudh,R Ram Arvindh,Ravichandran Ashwin,1,1,0,run,0,,,14/0
1489117,1,2,3,R Ram Arvindh,Balchander Anirudh,Ravichandran Ashwin,1,1,0,run,0,,,15/0
1489117,1,2,4,Balchander Anirudh,R Ram Arvindh,Ravichandran Ashwin,0,0,0,no run,0,,,15/0
1489117,1,2,5,Balchander Anirudh,R Ram Arvindh,Ravichandran Ashwin,1,1,0,run,0,,,16/0
1489117,1,2,6,R Ram Arvindh,Balchander Anirudh,Ravichandran Ashwin,0,0,0,no run,0,,,16/0
1489117,1,3,1,Balchander Anirudh,R Ram Arvindh,Sankarankutty Sandeep Warrier,0,0,0,no run,0,,,16/0
1489117,1,3,2,Balchander Anirudh,R Ram Arvindh,Sankarankutty Sandeep Warrier,6,6,0,six,0,,,22/0
1489117,1,3,3,Balchander Anirudh,R Ram Arvindh,Sankarankutty Sandeep Warrier,0,0,0,no run,0,,,22/0
1489117,1,3,4,Balchander Anirudh,R Ram Arvindh,Sankarankutty Sandeep Warrier,0,0,0,no run,0,,,22/0
1489117,1,3,5,Balchander Anirudh,R Ram Arvindh,Sankarankutty Sandeep Warrier,4,4,0,four,0,,,26/0
1489117,1,3,6,Balchander Anirudh,R Ram Arvindh,Sankarankutty Sandeep Warrier,1,0,1,wide,0,,,27/0
1489117,1,3,7,Balchander Anirudh,R Ram Arvindh,Sankarankutty Sandeep Warrier,1,0,1,leg bye,0,,,28/0
1489117,1,4,1,Balchander Anirudh,R Ram Arvindh,Ravichandran Ashwin,1,1,0,run,0,,,29/0
1489117,1,4,2,R Ram Arvindh,Balchander Anirudh,Ravichandran Ashwin,1,1,0,run,0,,,30/0
1489117,1,4,3,Balchander Anirudh,R Ram Arvindh,Ravichandran Ashwin,1,1,0,run,0,,,31/0
1489117,1,4,4,R Ram Arvindh,Balchander Anirudh,Ravichandran Ashwin,0,0,0,no run,0,,,31/0
1489117,1,4,5,R Ram Arvindh,Balchander Anirudh,Ravichandran Ashwin,6,6,0,six,0,,,37/0
1489117,1,4,6,R Ram Arvindh,Balchander Anirudh,Ravichandran Ashwin,4,4,0,four,0,,,41/0
1489117,1,5,1,Balchander Anirudh,R Ram Arvindh,Varun Chakravarthy Vinod,1,0,1,wide,0,,,42/0
1489117,1,5,2,Balchander Anirudh,R Ram Arvindh,Varun Chakravarthy Vinod,1,1,0,run,0,,,43/0
1489117,1,5,3,R Ram Arvindh,Balchander Anirudh,Varun Chakravarthy Vinod,0,0,0,out,1,caught,R Ram Arvindh,43/1
1489117,1,5,4,N Sarangarajan Chaturved,Balchander Anirudh,Varun Chakravarthy Vinod,1,1,0,run,0,,,44/1
1489117,1,5,5,Balchander Anirudh,N Sarangarajan Chaturved,Varun Chakravarthy Vinod,0,0,0,no run,0,,,44/1
1489117,1,5,6,Balchander Anirudh,N Sarangarajan Chaturved,Varun Chakravarthy Vinod,4,4,0,four,0,,,48/1
1489117,1,5,7,Balchander Anirudh,N Sarangarajan Chaturved,Varun Chakravarthy Vinod,0,0,0,no run,0,,,48/1
1489117,1,6,1,N Sarangarajan Chaturved,Balchander Anirudh,DT Chandrasekar,0,0,0,no run,0,,,48/1
1489117,1,6,2,N Sarangarajan Chaturved,Balchander Anirudh,DT Chandrasekar,1,1,0,run,0,,,49/1
1489117,1,6,3,Balchander Anirudh,N Sarangarajan Chaturved,DT Chandrasekar,4,4,0,four,0,,,53/1
1489117,1,6,4,Balchander Anirudh,N Sarangarajan Chaturved,DT Chandrasekar,1,1,0,run,0,,,54/1
1489117,1,6,5,N Sarangarajan Chaturved,Balchander Anirudh,DT Chandrasekar,1,1,0,run,0,,,55/1
1489117,1,6,6,Balchander Anirudh,N Sarangarajan Chaturved,DT Chandrasekar,0,0,0,no run,0,,,55/1
1489117,1,7,1,N Sarangarajan Chaturved,Balchander Anirudh,Varun Chakravarthy Vinod,0,0,0,no run,0,,,55/1
1489117,1,7,2,N Sarangarajan Chaturved,Balchander Anirudh,Varun Chakravarthy Vinod,0,0,0,no run,0,,,55/1
1489117,1,7,3,N Sarangarajan Chaturved,Balchander Anirudh,Varun Chakravarthy Vinod,1,1,0,run,0,,,56/1
1489117,1,7,4,Balchander Anirudh,N Sarangarajan Chaturved,Varun Chakravarthy Vinod,0,0,0,no run,0,,,56/1
1489117,1,7,5,Balchander Anirudh,N Sarangarajan Chaturved,Varun Chakravarthy Vinod,1,1,0,run,0,,,57/1
1489117,1,7,6,N Sarangarajan Chaturved,Balchander Anirudh,Varun Chakravarthy Vinod,0,0,0,no run,0,,,57/1
1489117,1,8,1,Balchander Anirudh,N Sarangarajan Chaturved,DT Chandrasekar,0,0,0,out,1,caught,Balchander Anirudh,57/2
1489117,1,8,2,Atheeq Ur Rahman,N Sarangarajan Chaturved,DT Chandrasekar,1,1,0,run,0,,,58/2
1489117,1,8,3,N Sarangarajan Chaturved,Atheeq Ur Rahman,DT Chandrasekar,0,0,0,no run,0,,,58/2
1489117,1,8,4,N Sarangarajan Chaturved,Atheeq Ur Rahman,DT Chandrasekar,1,1,0,run,0,,,59/2
1489117,1,8,5,Atheeq Ur Rahman,N Sarangarajan Chaturved,DT Chandrasekar,1,1,0,run,0,,,60/2
1489117,1,8,6,N Sarangarajan Chaturved,Atheeq Ur Rahman,DT Chandrasekar,1,1,0,run,0,,,61/2
1489117,1,9,1,N Sarangarajan Chaturved,Atheeq Ur Rahman,Ganeshan Periyaswamy,1,1,0,run,0,,,62/2
1489117,1,9,2,Atheeq Ur Rahman,N Sarangarajan Chaturved,Ganeshan Periyaswamy,0,0,0,no run,0,,,62/2
1489117,1,9,3,Atheeq Ur Rahman,N Sarangarajan Chaturved,Ganeshan Periyaswamy,4,4,0,four,0,,,66/2
1489117,1,9,4,Atheeq Ur Rahman,N Sarangarajan Chaturved,Ganeshan Periyaswamy,0,0,0,no run,0,,,66/2
1489117,1,9,5,Atheeq Ur Rahman,N Sarangarajan Chaturved,Ganeshan Periyaswamy,0,0,0,no run,0,,,66/2
1489117,1,9,6,Atheeq Ur Rahman,N Sarangarajan Chaturved,Ganeshan Periyaswamy,0,0,0,no run,0,,,66/2
1489117,1,10,1,N Sarangarajan Chaturved,Atheeq Ur Rahman,DT Chandrasekar,1,1,0,run,0,,,67/2
1489117,1,10,2,Atheeq Ur Rahman,N Sarangarajan Chaturved,DT Chandrasekar,1,1,0,run,0,,,68/2
1489117,1,10,3,N Sarangarajan Chaturved,Atheeq Ur Rahman,DT Chandrasekar,1,0,1,wide,0,,,69/2
1489117,1,10,4,N Sarangarajan Chaturved,Atheeq Ur Rahman,DT Chandrasekar,1,1,0,run,0,,,70/2
1489117,1,10,5,Atheeq Ur Rahman,N Sarangarajan Chaturved,DT Chandrasekar,1,1,0,run,0,,,71/2
1489117,1,10,6,N Sarangarajan Chaturved,Atheeq Ur Rahman,DT Chandrasekar,1,1,0,run,0,,,72/2
1489117,1,10,7,Atheeq Ur Rahman,N Sarangarajan Chaturved,DT Chandrasekar,1,1,0,run,0,,,73/2
1489117,1,11,1,Atheeq Ur Rahman,N Sarangarajan Chaturved,Ravichandran Ashwin,0,0,0,no run,0,,,73/2
1489117,1,11,2,Atheeq Ur Rahman,N Sarangarajan Chaturved,Ravichandran Ashwin,1,1,0,run,0,,,74/2
1489117,1,11,3,N Sarangarajan Chaturved,Atheeq Ur Rahman,Ravichandran Ashwin,1,1,0,run,0,,,75/2
1489117,1,11,4,Atheeq Ur Rahman,N Sarangarajan Chaturved,Ravichandran Ashwin,0,0,0,no run,0,,,75/2
1489117,1,11,5,Atheeq Ur Rahman,N Sarangarajan Chaturved,Ravichandran Ashwin,1,1,0,run,0,,,76/2
1489117,1,11,6,N Sarangarajan Chaturved,Atheeq Ur Rahman,Ravichandran Ashwin,1,0,1,wide,0,,,77/2
1489117,1,11,7,N Sarangarajan Chaturved,Atheeq Ur Rahman,Ravichandran Ashwin,0,0,0,no run,0,,,77/2
1489117,1,12,1,Atheeq Ur Rahman,N Sarangarajan Chaturved,Ganeshan Periyaswamy,1,0,1,wide,0,,,78/2
1489117,1,12,2,Atheeq Ur Rahman,N Sarangarajan Chaturved,Ganeshan Periyaswamy,0,0,0,no run,0,,,78/2
1489117,1,12,3,Atheeq Ur Rahman,N Sarangarajan Chaturved,Ganeshan Periyaswamy,1,1,0,run,0,,,79/2
1489117,1,12,4,N Sarangarajan Chaturved,Atheeq Ur Rahman,Ganeshan Periyaswamy,1,1,0,run,0,,,80/2
1489117,1,12,5,Atheeq Ur Rahman,N Sarangarajan Chaturved,Ganeshan Periyaswamy,1,1,0,run,0,,,81/2
1489117,1,12,6,N Sarangarajan Chaturved,Atheeq Ur Rahman,Ganeshan Periyaswamy,1,1,0,run,0,,,82/2
1489117,1,12,7,Atheeq Ur Rahman,N Sarangarajan Chaturved,Ganeshan Periyaswamy,1,1,0,run,0,,,83/2
1489117,1,13,1,Atheeq Ur Rahman,N Sarangarajan Chaturved,Varun Chakravarthy Vinod,1,1,0,run,0,,,84/2
1489117,1,13,2,N Sarangarajan Chaturved,Atheeq Ur Rahman,Varun Chakravarthy Vinod,0,0,0,no run,0,,,84/2
1489117,1,13,3,N Sarangarajan Chaturved,Atheeq Ur Rahman,Varun Chakravarthy Vinod,1,1,0,run,0,,,85/2
1489117,1,13,4,Atheeq Ur Rahman,N Sarangarajan Chaturved,Varun Chakravarthy Vinod,1,1,0,run,0,,,86/2
1489117,1,13,5,N Sarangarajan Chaturved,Atheeq Ur Rahman,Varun Chakravarthy Vinod,1,1,0,run,0,,,87/2
1489117,1,13,6,Atheeq Ur Rahman,N Sarangarajan Chaturved,Varun Chakravarthy Vinod,1,1,0,run,0,,,88/2
1489117,1,14,1,Atheeq Ur Rahman,N Sarangarajan Chaturved,DT Chandrasekar,0,0,0,out,1,run out,N Sarangarajan Chaturved,88/3
1489117,1,14,2,Atheeq Ur Rahman,S Ganesh,DT Chandrasekar,4,4,0,four,0,,,92/3
1489117,1,14,3,Atheeq Ur Rahman,S Ganesh,DT Chandrasekar,4,4,0,four,0,,,96/3
1489117,1,14,4,Atheeq Ur Rahman,S Ganesh,DT Chandrasekar,1,1,0,run,0,,,97/3
1489117,1,14,5,S Ganesh,Atheeq Ur Rahman,DT Chandrasekar,0,0,0,out,1,caught,S Ganesh,97/4
1489117,1,14,6,C Sarath Kumar,Atheeq Ur Rahman,DT Chandrasekar,0,0,0,no run,0,,,97/4
1489117,1,15,1,Atheeq Ur Rahman,C Sarath Kumar,Ravichandran Ashwin,1,1,0,run,0,,,98/4
1489117,1,15,2,C Sarath Kumar,Atheeq Ur Rahman,Ravichandran Ashwin,1,1,0,run,0,,,99/4
1489117,1,15,3,Atheeq Ur Rahman,C Sarath Kumar,Ravichandran Ashwin,1,1,0,run,0,,,100/4
1489117,1,15,4,C Sarath Kumar,Atheeq Ur Rahman,Ravichandran Ashwin,1,1,0,run,0,,,101/4
1489117,1,15,5,Atheeq Ur Rahman,C Sarath Kumar,Ravichandran Ashwin,1,1,0,run,0,,,102/4
1489117,1,15,6,C Sarath Kumar,Atheeq Ur Rahman,Ravichandran Ashwin,1,1,0,run,0,,,103/4
1489117,1,16,1,C Sarath Kumar,Atheeq Ur Rahman,Sankarankutty Sandeep Warrier,0,0,0,out,1,leg before wicket,C Sarath Kumar,103/5
1489117,1,16,2,Murugan Ashwin,Atheeq Ur Rahman,Sankarankutty Sandeep Warrier,1,1,0,run,0,,,104/5
1489117,1,16,3,Atheeq Ur Rahman,Murugan Ashwin,Sankarankutty Sandeep Warrier,1,1,0,run,0,,,105/5
1489117,1,16,4,Murugan Ashwin,Atheeq Ur Rahman,Sankarankutty Sandeep Warrier,1,1,0,run,0,,,106/5
1489117,1,16,5,Atheeq Ur Rahman,Murugan Ashwin,Sankarankutty Sandeep Warrier,1,1,0,run,0,,,107/5
1489117,1,16,6,Murugan Ashwin,Atheeq Ur Rahman,Sankarankutty Sandeep Warrier,1,1,0,run,0,,,108/5
1489117,1,17,1,Murugan Ashwin,Atheeq Ur Rahman,Varun Chakravarthy Vinod,1,1,0,run,0,,,109/5
1489117,1,17,2,Atheeq Ur Rahman,Murugan Ashwin,Varun Chakravarthy Vinod,1,1,0,run,0,,,110/5
1489117,1,17,3,Murugan Ashwin,Atheeq Ur Rahman,Varun Chakravarthy Vinod,1,1,0,run,0,,,111/5
1489117,1,17,4,Atheeq Ur Rahman,Murugan Ashwin,Varun Chakravarthy Vinod,0,0,0,no run,0,,,111/5
1489117,1,17,5,Atheeq Ur Rahman,Murugan Ashwin,Varun Chakravarthy Vinod,1,1,0,run,0,,,112/5
1489117,1,17,6,Murugan Ashwin,Atheeq Ur Rahman,Varun Chakravarthy Vinod,1,1,0,run,0,,,113/5
1489117,1,18,1,Murugan Ashwin,Atheeq Ur Rahman,Ganeshan Periyaswamy,1,1,0,run,0,,,114/5
1489117,1,18,2,Atheeq Ur Rahman,Murugan Ashwin,Ganeshan Periyaswamy,6,6,0,six,0,,,120/5
1489117,1,18,3,Atheeq Ur Rahman,Murugan Ashwin,Ganeshan Periyaswamy,1,1,0,run,0,,,121/5
1489117,1,18,4,Murugan Ashwin,Atheeq Ur Rahman,Ganeshan Periyaswamy,0,0,0,out,1,caught,Murugan Ashwin,121/6
1489117,1,18,5,P Saravanan,Atheeq Ur Rahman,Ganeshan Periyaswamy,1,1,0,run,0,,,122/6
1489117,1,18,6,Atheeq Ur Rahman,P Saravanan,Ganeshan Periyaswamy,1,1,0,run,0,,,123/6
1489117,1,19,1,Atheeq Ur Rahman,P Saravanan,Sankarankutty Sandeep Warrier,1,1,0,run,0,,,124/6
1489117,1,19,2,P Saravanan,Atheeq Ur Rahman,Sankarankutty Sandeep Warrier,1,1,0,run,0,,,125/6
1489117,1,19,3,Atheeq Ur Rahman,P Saravanan,Sankarankutty Sandeep Warrier,1,0,1,leg bye,0,,,126/6
1489117,1,19,4,P Saravanan,Atheeq Ur Rahman,Sankarankutty Sandeep Warrier,2,2,0,run,0,,,128/6
1489117,1,19,5,P Saravanan,Atheeq Ur Rahman,Sankarankutty Sandeep Warrier,1,1,0,run,0,,,129/6
1489117,1,19,6,Atheeq Ur Rahman,P Saravanan,Sankarankutty Sandeep Warrier,2,2,0,run,0,,,131/6
1489117,1,20,1,P Saravanan,Atheeq Ur Rahman,Ganeshan Periyaswamy,6,6,0,six,0,,,137/6
1489117,1,20,2,P Saravanan,Atheeq Ur Rahman,Ganeshan Periyaswamy,1,1,0,run,0,,,138/6
1489117,1,20,3,Atheeq Ur Rahman,P Saravanan,Ganeshan Periyaswamy,6,6,0,six,0,,,144/6
1489117,1,20,4,Atheeq Ur Rahman,P Saravanan,Ganeshan Periyaswamy,1,0,1,wide,1,run out,P Saravanan,145/7
1489117,1,20,5,Atheeq Ur Rahman,Rajalingam S,Ganeshan Periyaswamy,0,0,0,out,1,leg before wicket,Atheeq Ur Rahman,145/8
1489117,1,20,6,Gurjapneet Singh,Rajalingam S,Ganeshan Periyaswamy,3,3,0,run,0,,,148/8
1489117,1,20,7,Rajalingam S,Gurjapneet Singh,Ganeshan Periyaswamy,2,2,0,run,0,,,150/8
1489117,2,1,1,Ravichandran Ashwin,Shivam Singh,Gurjapneet Singh,0,0,0,no run,0,,,0/0
1489117,2,1,2,Ravichandran Ashwin,Shivam Singh,Gurjapneet Singh,6,6,0,six,0,,,6/0
1489117,2,1,3,Ravichandran Ashwin,Shivam Singh,Gurjapneet Singh,4,4,0,four,0,,,10/0
1489117,2,1,4,Ravichandran Ashwin,Shivam Singh,Gurjapneet Singh,1,1,0,run,0,,,11/0
1489117,2,1,5,Shivam Singh,Ravichandran Ashwin,Gurjapneet Singh,0,0,0,no run,0,,,11/0
1489117,2,1,6,Shivam Singh,Ravichandran Ashwin,Gurjapneet Singh,1,1,0,run,0,,,12/0
1489117,2,2,1,Shivam Singh,Ravichandran Ashwin,P Vignesh,5,4,1,four,0,,,17/0
1489117,2,2,2,Shivam Singh,Ravichandran Ashwin,P Vignesh,4,4,0,four,0,,,21/0
1489117,2,2,3,Shivam Singh,Ravichandran Ashwin,P Vignesh,1,1,0,run,0,,,22/0
1489117,2,2,4,Ravichandran Ashwin,Shivam Singh,P Vignesh,0,0,0,no run,0,,,22/0
1489117,2,2,5,Ravichandran Ashwin,Shivam Singh,P Vignesh,0,0,0,no run,0,,,22/0
1489117,2,2,6,Ravichandran Ashwin,Shivam Singh,P Vignesh,0,0,0,no run,0,,,22/0
1489117,2,2,7,Ravichandran Ashwin,Shivam Singh,P Vignesh,4,4,0,four,0,,,26/0
1489117,2,3,1,Shivam Singh,Ravichandran Ashwin,Rajalingam S,2,2,0,run,0,,,28/0
1489117,2,3,2,Shivam Singh,Ravichandran Ashwin,Rajalingam S,6,6,0,six,0,,,34/0
1489117,2,3,3,Shivam Singh,Ravichandran Ashwin,Rajalingam S,6,6,0,six,0,,,40/0
1489117,2,3,4,Shivam Singh,Ravichandran Ashwin,Rajalingam S,4,4,0,four,0,,,44/0
1489117,2,3,5,Shivam Singh,Ravichandran Ashwin,Rajalingam S,1,1,0,run,0,,,45/0
1489117,2,3,6,Ravichandran Ashwin,Shivam Singh,Rajalingam S,4,4,0,four,0,,,49/0
1489117,2,4,1,Shivam Singh,Ravichandran Ashwin,Murugan Ashwin,0,0,0,no run,0,,,49/0
1489117,2,4,2,Shivam Singh,Ravichandran Ashwin,Murugan Ashwin,0,0,0,no run,0,,,49/0
1489117,2,4,3,Shivam Singh,Ravichandran Ashwin,Murugan Ashwin,4,4,0,four,0,,,53/0
1489117,2,4,4,Shivam Singh,Ravichandran Ashwin,Murugan Ashwin,1,1,0,run,0,,,54/0
1489117,2,4,5,Ravichandran Ashwin,Shivam Singh,Murugan Ashwin,0,0,0,no run,0,,,54/0
1489117,2,4,6,Ravichandran Ashwin,Shivam Singh,Murugan Ashwin,0,0,0,no run,0,,,54/0
1489117,2,5,1,Shivam Singh,Ravichandran Ashwin,P Saravanan,0,0,0,no run,0,,,54/0
1489117,2,5,2,Shivam Singh,Ravichandran Ashwin,P Saravanan,4,4,0,four,0,,,58/0
1489117,2,5,3,Shivam Singh,Ravichandran Ashwin,P Saravanan,0,0,0,no run,0,,,58/0
1489117,2,5,4,Shivam Singh,Ravichandran Ashwin,P Saravanan,4,4,0,four,0,,,62/0
1489117,2,5,5,Shivam Singh,Ravichandran Ashwin,P Saravanan,1,1,0,run,0,,,63/0
1489117,2,5,6,Ravichandran Ashwin,Shivam Singh,P Saravanan,0,0,0,no run,0,,,63/0
1489117,2,6,1,Shivam Singh,Ravichandran Ashwin,Surya Anand S,2,1,1,run,0,,,65/0
1489117,2,6,2,Ravichandran Ashwin,Shivam Singh,Surya Anand S,6,6,0,six,0,,,71/0
1489117,2,6,3,Ravichandran Ashwin,Shivam Singh,Surya Anand S,4,4,0,four,0,,,75/0
1489117,2,6,4,Ravichandran Ashwin,Shivam Singh,Surya Anand S,1,1,0,run,0,,,76/0
1489117,2,6,5,Shivam Singh,Ravichandran Ashwin,Surya Anand S,0,0,0,no run,0,,,76/0
1489117,2,6,6,Shivam Singh,Ravichandran Ashwin,Surya Anand S,0,0,0,no run,0,,,76/0
1489117,2,6,7,Shivam Singh,Ravichandran Ashwin,Surya Anand S,1,1,0,run,0,,,77/0
1489117,2,7,1,Shivam Singh,Ravichandran Ashwin,Murugan Ashwin,0,0,0,no run,0,,,77/0
1489117,2,7,2,Shivam Singh,Ravichandran Ashwin,Murugan Ashwin,6,6,0,six,0,,,83/0
1489117,2,7,3,Shivam Singh,Ravichandran Ashwin,Murugan Ashwin,6,6,0,six,0,,,89/0
1489117,2,7,4,Shivam Singh,Ravichandran Ashwin,Murugan Ashwin,1,1,0,run,0,,,90/0
1489117,2,7,5,Ravichandran Ashwin,Shivam Singh,Murugan Ashwin,4,4,0,four,0,,,94/0
1489117,2,7,6,Ravichandran Ashwin,Shivam Singh,Murugan Ashwin,0,0,0,no run,0,,,94/0
1489117,2,8,1,Shivam Singh,Ravichandran Ashwin,P Saravanan,1,1,0,run,0,,,95/0
1489117,2,8,2,Ravichandran Ashwin,Shivam Singh,P Saravanan,0,0,0,no run,0,,,95/0
1489117,2,8,3,Ravichandran Ashwin,Shivam Singh,P Saravanan,1,1,0,run,0,,,96/0
1489117,2,8,4,Shivam Singh,Ravichandran Ashwin,P Saravanan,4,4,0,four,0,,,100/0
1489117,2,8,5,Shivam Singh,Ravichandran Ashwin,P Saravanan,0,0,0,no run,0,,,100/0
1489117,2,8,6,Shivam Singh,Ravichandran Ashwin,P Saravanan,4,4,0,four,0,,,104/0
1489117,2,9,1,Ravichandran Ashwin,Shivam Singh,Surya Anand S,0,0,0,no run,0,,,104/0
1489117,2,9,2,Ravichandran Ashwin,Shivam Singh,Surya Anand S,6,6,0,six,0,,,110/0
1489117,2,9,3,Ravichandran Ashwin,Shivam Singh,Surya Anand S,4,4,0,four,0,,,114/0
1489117,2,9,4,Ravichandran Ashwin,Shivam Singh,Surya Anand S,1,1,0,run,0,,,115/0
1489117,2,9,5,Shivam Singh,Ravichandran Ashwin,Surya Anand S,0,0,0,no run,0,,,115/0
1489117,2,9,6,Shivam Singh,Ravichandran Ashwin,Surya Anand S,1,1,0,run,0,,,116/0
1489117,2,10,1,Shivam Singh,Ravichandran Ashwin,Murugan Ashwin,1,1,0,run,0,,,117/0
1489117,2,10,2,Ravichandran Ashwin,Shivam Singh,Murugan Ashwin,0,0,0,no run,0,,,117/0
1489117,2,10,3,Ravichandran Ashwin,Shivam Singh,Murugan Ashwin,0,0,0,no run,0,,,117/0
1489117,2,10,4,Ravichandran Ashwin,Shivam Singh,Murugan Ashwin,1,1,0,run,0,,,118/0
1489117,2,10,5,Shivam Singh,Ravichandran Ashwin,Murugan Ashwin,1,1,0,run,0,,,119/0
1489117,2,10,6,Ravichandran Ashwin,Shivam Singh,Murugan Ashwin,1,1,0,run,0,,,120/0
1489117,2,11,1,Ravichandran Ashwin,Shivam Singh,P Vignesh,1,1,0,run,0,,,121/0
1489117,2,11,2,Shivam Singh,Ravichandran Ashwin,P Vignesh,2,2,0,run,0,,,123/0
1489117,2,11,3,Shivam Singh,Ravichandran Ashwin,P Vignesh,1,1,0,run,0,,,124/0
1489117,2,11,4,Ravichandran Ashwin,Shivam Singh,P Vignesh,0,0,0,out,1,caught,Ravichandran Ashwin,124/1
1489117,2,11,5,Hunny Saini,Shivam Singh,P Vignesh,4,4,0,four,0,,,128/1
1489117,2,11,6,Hunny Saini,Shivam Singh,P Vignesh,1,1,0,run,0,,,129/1
1489117,2,12,1,Hunny Saini,Shivam Singh,Gurjapneet Singh,1,1,0,run,0,,,130/1
1489117,2,12,2,Shivam Singh,Hunny Saini,Gurjapneet Singh,0,0,0,no run,0,,,130/1
1489117,2,12,3,Shivam Singh,Hunny Saini,Gurjapneet Singh,1,1,0,run,0,,,131/1
1489117,2,12,4,Hunny Saini,Shivam Singh,Gurjapneet Singh,2,2,0,run,0,,,133/1
1489117,2,12,5,Hunny Saini,Shivam Singh,Gurjapneet Singh,4,4,0,four,0,,,137/1
1489117,2,12,6,Hunny Saini,Shivam Singh,Gurjapneet Singh,1,1,0,run,0,,,138/1
1489117,2,13,1,Hunny Saini,Shivam Singh,P Vignesh,1,1,0,run,0,,,139/1
1489117,2,13,2,Shivam Singh,Hunny Saini,P Vignesh,6,6,0,six,0,,,145/1
1489117,2,13,3,Shivam Singh,Hunny Saini,P Vignesh,6,6,0,six,0,,,151/1
1489118,1,1,1,S Sujay,Jayaraman Suresh Kumar,Thangarasu Natarajan,1,1,0,run,0,,,1/0
1489118,1,1,2,Jayaraman Suresh Kumar,S Sujay,Thangarasu Natarajan,1,1,0,run,0,,,2/0
1489118,1,1,3,S Sujay,Jayaraman Suresh Kumar,Thangarasu Natarajan,0,0,0,no run,0,,,2/0
1489118,1,1,4,S Sujay,Jayaraman Suresh Kumar,Thangarasu Natarajan,0,0,0,no run,0,,,2/0
1489118,1,1,5,S Sujay,Jayaraman Suresh Kumar,Thangarasu Natarajan,4,4,0,four,0,,,6/0
1489118,1,1,6,S Sujay,Jayaraman Suresh Kumar,Thangarasu Natarajan,0,0,0,no run,0,,,6/0
1489118,1,2,1,Jayaraman Suresh Kumar,S Sujay,Ragupathy Silambarasan,1,1,0,run,0,,,7/0
1489118,1,2,2,S Sujay,Jayaraman Suresh Kumar,Ragupathy Silambarasan,1,1,0,run,0,,,8/0
1489118,1,2,3,Jayaraman Suresh Kumar,S Sujay,Ragupathy Silambarasan,1,1,0,run,0,,,9/0
1489118,1,2,4,S Sujay,Jayaraman Suresh Kumar,Ragupathy Silambarasan,1,1,0,run,0,,,10/0
1489118,1,2,5,Jayaraman Suresh Kumar,S Sujay,Ragupathy Silambarasan,0,0,0,out,1,caught,Jayaraman Suresh Kumar,10/1
1489118,1,2,6,Waseem Ahmed,S Sujay,Ragupathy Silambarasan,0,0,0,no run,0,,,10/1
1489118,1,3,1,S Sujay,Waseem Ahmed,Thangarasu Natarajan,0,0,0,no run,0,,,10/1
1489118,1,3,2,S Sujay,Waseem Ahmed,Thangarasu Natarajan,0,0,0,no run,0,,,10/1
1489118,1,3,3,S Sujay,Waseem Ahmed,Thangarasu Natarajan,1,1,0,run,0,,,11/1
1489118,1,3,4,Waseem Ahmed,S Sujay,Thangarasu Natarajan,1,1,0,run,0,,,12/1
1489118,1,3,5,S Sujay,Waseem Ahmed,Thangarasu Natarajan,0,0,0,no run,0,,,12/1
1489118,1,3,6,S Sujay,Waseem Ahmed,Thangarasu Natarajan,0,0,0,no run,0,,,12/1
1489118,1,4,1,Waseem Ahmed,S Sujay,Ragupathy Silambarasan,0,0,0,no run,0,,,12/1
1489118,1,4,2,Waseem Ahmed,S Sujay,Ragupathy Silambarasan,0,0,0,no run,0,,,12/1
1489118,1,4,3,Waseem Ahmed,S Sujay,Ragupathy Silambarasan,1,1,0,run,0,,,13/1
1489118,1,4,4,S Sujay,Waseem Ahmed,Ragupathy Silambarasan,0,0,0,no run,0,,,13/1
1489118,1,4,5,S Sujay,Waseem Ahmed,Ragupathy Silambarasan,1,0,1,leg bye,0,,,14/1
1489118,1,4,6,Waseem Ahmed,S Sujay,Ragupathy Silambarasan,1,0,1,leg bye,0,,,15/1
1489118,1,5,1,Waseem Ahmed,S Sujay,Ravisrinivasan Sai Kishore,1,1,0,run,0,,,16/1
1489118,1,5,2,S Sujay,Waseem Ahmed,Ravisrinivasan Sai Kishore,0,0,0,no run,0,,,16/1
1489118,1,5,3,S Sujay,Waseem Ahmed,Ravisrinivasan Sai Kishore,6,6,0,six,0,,,22/1
1489118,1,5,4,S Sujay,Waseem Ahmed,Ravisrinivasan Sai Kishore,1,1,0,run,0,,,23/1
1489118,1,5,5,Waseem Ahmed,S Sujay,Ravisrinivasan Sai Kishore,0,0,0,out,1,caught,Waseem Ahmed,23/2
1489118,1,5,6,Jagatheesan Kousik,S Sujay,Ravisrinivasan Sai Kishore,1,1,0,run,0,,,24/2
1489118,1,6,1,Jagatheesan Kousik,S Sujay,S Mohamed Ali,1,1,0,run,0,,,25/2
1489118,1,6,2,S Sujay,Jagatheesan Kousik,S Mohamed Ali,1,1,0,run,0,,,26/2
1489118,1,6,3,Jagatheesan Kousik,S Sujay,S Mohamed Ali,4,4,0,four,0,,,30/2
1489118,1,6,4,Jagatheesan Kousik,S Sujay,S Mohamed Ali,1,1,0,run,0,,,31/2
1489118,1,6,5,S Sujay,Jagatheesan Kousik,S Mohamed Ali,4,4,0,four,0,,,35/2
1489118,1,6,6,S Sujay,Jagatheesan Kousik,S Mohamed Ali,6,6,0,six,0,,,41/2
1489118,1,7,1,Jagatheesan Kousik,S Sujay,Ravisrinivasan Sai Kishore,0,0,0,no run,0,,,41/2
1489118,1,7,2,Jagatheesan Kousik,S Sujay,Ravisrinivasan Sai Kishore,1,1,0,run,0,,,42/2
1489118,1,7,3,S Sujay,Jagatheesan Kousik,Ravisrinivasan Sai Kishore,1,1,0,run,0,,,43/2
1489118,1,7,4,Jagatheesan Kousik,S Sujay,Ravisrinivasan Sai Kishore,1,1,0,run,0,,,44/2
1489118,1,7,5,S Sujay,Jagatheesan Kousik,Ravisrinivasan Sai Kishore,1,1,0,run,0,,,45/2
1489118,1,7,6,Jagatheesan Kousik,S Sujay,Ravisrinivasan Sai Kishore,1,1,0,run,0,,,46/2
1489118,1,8,1,Jagatheesan Kousik,S Sujay,Esakkimuthu A,1,1,0,run,0,,,47/2
1489118,1,8,2,S Sujay,Jagatheesan Kousik,Esakkimuthu A,0,0,0,no run,0,,,47/2
1489118,1,8,3,S Sujay,Jagatheesan Kousik,Esakkimuthu A,1,1,0,run,0,,,48/2
1489118,1,8,4,Jagatheesan Kousik,S Sujay,Esakkimuthu A,1,1,0,run,0,,,49/2
1489118,1,8,5,S Sujay,Jagatheesan Kousik,Esakkimuthu A,1,1,0,run,0,,,50/2
1489118,1,8,6,Jagatheesan Kousik,S Sujay,Esakkimuthu A,1,1,0,run,0,,,51/2
1489118,1,9,1,Jagatheesan Kousik,S Sujay,S Mohan Prasath,1,1,0,run,0,,,52/2
1489118,1,9,2,S Sujay,Jagatheesan Kousik,S Mohan Prasath,4,4,0,four,0,,,56/2
1489118,1,9,3,S Sujay,Jagatheesan Kousik,S Mohan Prasath,1,0,1,leg bye,0,,,57/2
1489118,1,9,4,Jagatheesan Kousik,S Sujay,S Mohan Prasath,1,1,0,run,0,,,58/2
1489118,1,9,5,S Sujay,Jagatheesan Kousik,S Mohan Prasath,1,1,0,run,0,,,59/2
1489118,1,9,6,Jagatheesan Kousik,S Sujay,S Mohan Prasath,0,0,0,out,1,caught,Jagatheesan Kousik,59/3
1489118,1,10,1,S Sujay,Ramsingh  Sanjay Yadav,Esakkimuthu A,0,0,0,no run,0,,,59/3
1489118,1,10,2,S Sujay,Ramsingh  Sanjay Yadav,Esakkimuthu A,1,1,0,run,0,,,60/3
1489118,1,10,3,Ramsingh  Sanjay Yadav,S Sujay,Esakkimuthu A,1,0,1,leg bye,0,,,61/3
1489118,1,10,4,S Sujay,Ramsingh  Sanjay Yadav,Esakkimuthu A,0,0,0,no run,0,,,61/3
1489118,1,10,5,Ramsingh  Sanjay Yadav,S Sujay,Esakkimuthu A,1,1,0,run,0,,,62/3
1489118,1,10,6,S Sujay,Ramsingh  Sanjay Yadav,Esakkimuthu A,1,1,0,run,0,,,63/3
1489118,1,11,1,Ramsingh  Sanjay Yadav,S Sujay,S Mohan Prasath,1,1,0,run,0,,,64/3
1489118,1,11,2,S Sujay,Ramsingh  Sanjay Yadav,S Mohan Prasath,0,0,0,out,1,caught,S Sujay,64/4
1489118,1,11,3,U Mukilesh,Ramsingh  Sanjay Yadav,S Mohan Prasath,4,4,0,four,0,,,68/4
1489118,1,11,4,U Mukilesh,Ramsingh  Sanjay Yadav,S Mohan Prasath,0,0,0,no run,0,,,68/4
1489118,1,11,5,U Mukilesh,Ramsingh  Sanjay Yadav,S Mohan Prasath,0,0,0,no run,0,,,68/4
1489118,1,11,6,U Mukilesh,Ramsingh  Sanjay Yadav,S Mohan Prasath,0,0,0,no run,0,,,68/4
1489118,1,12,1,Ramsingh  Sanjay Yadav,U Mukilesh,Esakkimuthu A,1,1,0,run,0,,,69/4
1489118,1,12,2,U Mukilesh,Ramsingh  Sanjay Yadav,Esakkimuthu A,0,0,0,no run,0,,,69/4
1489118,1,12,3,U Mukilesh,Ramsingh  Sanjay Yadav,Esakkimuthu A,4,4,0,four,0,,,73/4
1489118,1,12,4,U Mukilesh,Ramsingh  Sanjay Yadav,Esakkimuthu A,1,1,0,run,0,,,74/4
1489118,1,12,5,Ramsingh  Sanjay Yadav,U Mukilesh,Esakkimuthu A,4,4,0,four,0,,,78/4
1489118,1,12,6,Ramsingh  Sanjay Yadav,U Mukilesh,Esakkimuthu A,0,0,0,no run,0,,,78/4
1489118,1,13,1,U Mukilesh,Ramsingh  Sanjay Yadav,S Mohan Prasath,0,0,0,no run,0,,,78/4
1489118,1,13,2,U Mukilesh,Ramsingh  Sanjay Yadav,S Mohan Prasath,0,0,0,no run,0,,,78/4
1489118,1,13,3,U Mukilesh,Ramsingh  Sanjay Yadav,S Mohan Prasath,1,1,0,run,0,,,79/4
1489118,1,13,4,Ramsingh  Sanjay Yadav,U Mukilesh,S Mohan Prasath,1,1,0,run,0,,,80/4
1489118,1,13,5,U Mukilesh,Ramsingh  Sanjay Yadav,S Mohan Prasath,1,1,0,run,0,,,81/4
1489118,1,13,6,Ramsingh  Sanjay Yadav,U Mukilesh,S Mohan Prasath,1,1,0,run,0,,,82/4
1489118,1,14,1,Ramsingh  Sanjay Yadav,U Mukilesh,Daryl Sunder Ferrario,1,1,0,run,0,,,83/4
1489118,1,14,2,U Mukilesh,Ramsingh  Sanjay Yadav,Daryl Sunder Ferrario,1,1,0,run,0,,,84/4
1489118,1,14,3,Ramsingh  Sanjay Yadav,U Mukilesh,Daryl Sunder Ferrario,6,6,0,six,0,,,90/4
1489118,1,14,4,Ramsingh  Sanjay Yadav,U Mukilesh,Daryl Sunder Ferrario,0,0,0,no run,0,,,90/4
1489118,1,14,5,Ramsingh  Sanjay Yadav,U Mukilesh,Daryl Sunder Ferrario,6,6,0,six,0,,,96/4
1489118,1,14,6,Ramsingh  Sanjay Yadav,U Mukilesh,Daryl Sunder Ferrario,1,1,0,run,0,,,97/4
1489118,1,15,1,Ramsingh  Sanjay Yadav,U Mukilesh,Ravisrinivasan Sai Kishore,1,1,0,run,0,,,98/4
1489118,1,15,2,U Mukilesh,Ramsingh  Sanjay Yadav,Ravisrinivasan Sai Kishore,0,0,0,no run,0,,,98/4
1489118,1,15,3,U Mukilesh,Ramsingh  Sanjay Yadav,Ravisrinivasan Sai Kishore,1,1,0,run,0,,,99/4
1489118,1,15,4,Ramsingh  Sanjay Yadav,U Mukilesh,Ravisrinivasan Sai Kishore,1,1,0,run,0,,,100/4
1489118,1,15,5,U Mukilesh,Ramsingh  Sanjay Yadav,Ravisrinivasan Sai Kishore,1,1,0,run,0,,,101/4
1489118,1,15,6,Ramsingh  Sanjay Yadav,U Mukilesh,Ravisrinivasan Sai Kishore,1,1,0,run,0,,,102/4
1489118,1,16,1,Ramsingh  Sanjay Yadav,U Mukilesh,Ragupathy Silambarasan,1,1,0,run,0,,,103/4
1489118,1,16,2,U Mukilesh,Ramsingh  Sanjay Yadav,Ragupathy Silambarasan,1,1,0,run,0,,,104/4
1489118,1,16,3,Ramsingh  Sanjay Yadav,U Mukilesh,Ragupathy Silambarasan,6,6,0,six,0,,,110/4
1489118,1,16,4,Ramsingh  Sanjay Yadav,U Mukilesh,Ragupathy Silambarasan,0,0,0,no run,0,,,110/4
1489118,1,16,5,Ramsingh  Sanjay Yadav,U Mukilesh,Ragupathy Silambarasan,1,1,0,run,0,,,111/4
1489118,1,16,6,U Mukilesh,Ramsingh  Sanjay Yadav,Ragupathy Silambarasan,1,1,0,run,0,,,112/4
1489118,1,17,1,U Mukilesh,Ramsingh  Sanjay Yadav,Ravisrinivasan Sai Kishore,6,6,0,six,0,,,118/4
1489118,1,17,2,U Mukilesh,Ramsingh  Sanjay Yadav,Ravisrinivasan Sai Kishore,1,1,0,run,0,,,119/4
1489118,1,17,3,Ramsingh  Sanjay Yadav,U Mukilesh,Ravisrinivasan Sai Kishore,4,4,0,four,0,,,123/4
1489118,1,17,4,Ramsingh  Sanjay Yadav,U Mukilesh,Ravisrinivasan Sai Kishore,4,4,0,four,0,,,127/4
1489118,1,17,5,Ramsingh  Sanjay Yadav,U Mukilesh,Ravisrinivasan Sai Kishore,1,1,0,run,1,run out,U Mukilesh,128/5
1489118,1,17,6,R Rajkumar,Ramsingh  Sanjay Yadav,Ravisrinivasan Sai Kishore,0,0,0,no run,0,,,128/5
1489118,1,18,1,Ramsingh  Sanjay Yadav,R Rajkumar,Thangarasu Natarajan,6,6,0,six,0,,,134/5
1489118,1,18,2,Ramsingh  Sanjay Yadav,R Rajkumar,Thangarasu Natarajan,1,1,0,run,0,,,135/5
1489118,1,18,3,R Rajkumar,Ramsingh  Sanjay Yadav,Thangarasu Natarajan,0,0,0,out,1,bowled,R Rajkumar,135/6
1489118,1,18,4,Jafar Jamal,Ramsingh  Sanjay Yadav,Thangarasu Natarajan,1,0,1,wide,0,,,136/6
1489118,1,18,5,Jafar Jamal,Ramsingh  Sanjay Yadav,Thangarasu Natarajan,6,6,0,six,0,,,142/6
1489118,1,18,6,Jafar Jamal,Ramsingh  Sanjay Yadav,Thangarasu Natarajan,0,0,0,no run,0,,,142/6
1489118,1,18,7,Jafar Jamal,Ramsingh  Sanjay Yadav,Thangarasu Natarajan,1,1,0,run,0,,,143/6
1489118,1,19,1,Jafar Jamal,Ramsingh  Sanjay Yadav,Ragupathy Silambarasan,1,1,0,run,0,,,144/6
1489118,1,19,2,Ramsingh  Sanjay Yadav,Jafar Jamal,Ragupathy Silambarasan,4,4,0,four,0,,,148/6
1489118,1,19,3,Ramsingh  Sanjay Yadav,Jafar Jamal,Ragupathy Silambarasan,4,4,0,four,0,,,152/6
1489118,1,19,4,Ramsingh  Sanjay Yadav,Jafar Jamal,Ragupathy Silambarasan,1,1,0,run,0,,,153/6
1489118,1,19,5,Jafar Jamal,Ramsingh  Sanjay Yadav,Ragupathy Silambarasan,6,6,0,six,0,,,159/6
1489118,1,19,6,Jafar Jamal,Ramsingh  Sanjay Yadav,Ragupathy Silambarasan,2,2,0,run,0,,,161/6
1489118,1,20,1,Ramsingh  Sanjay Yadav,Jafar Jamal,Thangarasu Natarajan,0,0,0,no run,0,,,161/6
1489118,1,20,2,Ramsingh  Sanjay Yadav,Jafar Jamal,Thangarasu Natarajan,1,0,1,wide,0,,,162/6
1489118,1,20,3,Ramsingh  Sanjay Yadav,Jafar Jamal,Thangarasu Natarajan,0,0,0,no run,0,,,162/6
1489118,1,20,4,Ramsingh  Sanjay Yadav,Jafar Jamal,Thangarasu Natarajan,1,1,0,run,0,,,163/6
1489118,1,20,5,Jafar Jamal,Ramsingh  Sanjay Yadav,Thangarasu Natarajan,0,0,0,no run,0,,,163/6
1489118,1,20,6,Jafar Jamal,Ramsingh  Sanjay Yadav,Thangarasu Natarajan,1,1,0,run,0,,,164/6
1489118,1,20,7,Ramsingh  Sanjay Yadav,Jafar Jamal,Thangarasu Natarajan,0,0,0,out,1,run out,Jafar Jamal,164/7
1489118,2,1,1,VP Amit Sathvik,Tushar Raheja,P Saravana Kumar,1,0,1,wide,0,,,1/0
1489118,2,1,2,VP Amit Sathvik,Tushar Raheja,P Saravana Kumar,0,0,0,no run,0,,,1/0
1489118,2,1,3,VP Amit Sathvik,Tushar Raheja,P Saravana Kumar,0,0,0,no run,0,,,1/0
1489118,2,1,4,VP Amit Sathvik,Tushar Raheja,P Saravana Kumar,0,0,0,no run,0,,,1/0
1489118,2,1,5,VP Amit Sathvik,Tushar Raheja,P Saravana Kumar,1,1,0,run,0,,,2/0
1489118,2,1,6,Tushar Raheja,VP Amit Sathvik,P Saravana Kumar,0,0,0,no run,0,,,2/0
1489118,2,1,7,Tushar Raheja,VP Amit Sathvik,P Saravana Kumar,1,0,1,wide,0,,,3/0
1489118,2,1,8,Tushar Raheja,VP Amit Sathvik,P Saravana Kumar,1,1,0,run,0,,,4/0
1489118,2,2,1,Tushar Raheja,VP Amit Sathvik,V Athisayaraj Davidson,1,1,0,run,0,,,5/0
1489118,2,2,2,VP Amit Sathvik,Tushar Raheja,V Athisayaraj Davidson,0,0,0,no run,0,,,5/0
1489118,2,2,3,VP Amit Sathvik,Tushar Raheja,V Athisayaraj Davidson,1,0,1,wide,0,,,6/0
1489118,2,2,4,VP Amit Sathvik,Tushar Raheja,V Athisayaraj Davidson,0,0,0,no run,0,,,6/0
1489118,2,2,5,VP Amit Sathvik,Tushar Raheja,V Athisayaraj Davidson,1,1,0,run,0,,,7/0
1489118,2,2,6,Tushar Raheja,VP Amit Sathvik,V Athisayaraj Davidson,0,0,0,no run,0,,,7/0
1489118,2,2,7,Tushar Raheja,VP Amit Sathvik,V Athisayaraj Davidson,4,4,0,four,0,,,11/0
1489118,2,3,1,VP Amit Sathvik,Tushar Raheja,P Saravana Kumar,1,1,0,run,0,,,12/0
1489118,2,3,2,Tushar Raheja,VP Amit Sathvik,P Saravana Kumar,4,4,0,four,0,,,16/0
1489118,2,3,3,Tushar Raheja,VP Amit Sathvik,P Saravana Kumar,6,6,0,six,0,,,22/0
1489118,2,3,4,Tushar Raheja,VP Amit Sathvik,P Saravana Kumar,5,4,1,four,0,,,27/0
1489118,2,3,5,Tushar Raheja,VP Amit Sathvik,P Saravana Kumar,4,4,0,four,0,,,31/0
1489118,2,3,6,Tushar Raheja,VP Amit Sathvik,P Saravana Kumar,6,6,0,six,0,,,37/0
1489118,2,3,7,Tushar Raheja,VP Amit Sathvik,P Saravana Kumar,0,0,0,no run,0,,,37/0
1489118,2,4,1,VP Amit Sathvik,Tushar Raheja,V Athisayaraj Davidson,1,1,0,run,0,,,38/0
1489118,2,4,2,Tushar Raheja,VP Amit Sathvik,V Athisayaraj Davidson,0,0,0,no run,0,,,38/0
1489118,2,4,3,Tushar Raheja,VP Amit Sathvik,V Athisayaraj Davidson,6,6,0,six,0,,,44/0
1489118,2,4,4,Tushar Raheja,VP Amit Sathvik,V Athisayaraj Davidson,1,1,0,run,0,,,45/0
1489118,2,4,5,VP Amit Sathvik,Tushar Raheja,V Athisayaraj Davidson,1,0,1,wide,0,,,46/0
1489118,2,4,6,VP Amit Sathvik,Tushar Raheja,V Athisayaraj Davidson,1,1,0,run,0,,,47/0
1489118,2,4,7,Tushar Raheja,VP Amit Sathvik,V Athisayaraj Davidson,4,4,0,four,0,,,51/0
1489118,2,5,1,VP Amit Sathvik,Tushar Raheja,K Easwaran,0,0,0,no run,0,,,51/0
1489118,2,5,2,VP Amit Sathvik,Tushar Raheja,K Easwaran,0,0,0,out,1,caught,VP Amit Sathvik,51/1
1489118,2,5,3,Daryl Sunder Ferrario,Tushar Raheja,K Easwaran,1,1,0,run,0,,,52/1
1489118,2,5,4,Tushar Raheja,Daryl Sunder Ferrario,K Easwaran,0,0,0,no run,0,,,52/1
1489118,2,5,5,Tushar Raheja,Daryl Sunder Ferrario,K Easwaran,1,1,0,run,0,,,53/1
1489118,2,5,6,Daryl Sunder Ferrario,Tushar Raheja,K Easwaran,0,0,0,out,1,caught,Daryl Sunder Ferrario,53/2
1489118,2,6,1,Tushar Raheja,Pradosh Ranjan Paul,N Selva Kumaran,4,4,0,four,0,,,57/2
1489118,2,6,2,Tushar Raheja,Pradosh Ranjan Paul,N Selva Kumaran,0,0,0,no run,0,,,57/2
1489118,2,6,3,Tushar Raheja,Pradosh Ranjan Paul,N Selva Kumaran,6,6,0,six,0,,,63/2
1489118,2,6,4,Tushar Raheja,Pradosh Ranjan Paul,N Selva Kumaran,4,4,0,four,0,,,67/2
1489118,2,6,5,Tushar Raheja,Pradosh Ranjan Paul,N Selva Kumaran,0,0,0,no run,0,,,67/2
1489118,2,6,6,Tushar Raheja,Pradosh Ranjan Paul,N Selva Kumaran,6,6,0,six,0,,,73/2
1489118,2,7,1,Pradosh Ranjan Paul,Tushar Raheja,K Easwaran,0,0,0,no run,0,,,73/2
1489118,2,7,2,Pradosh Ranjan Paul,Tushar Raheja,K Easwaran,0,0,0,no run,0,,,73/2
1489118,2,7,3,Pradosh Ranjan Paul,Tushar Raheja,K Easwaran,1,1,0,run,0,,,74/2
1489118,2,7,4,Tushar Raheja,Pradosh Ranjan Paul,K Easwaran,1,1,0,run,0,,,75/2
1489118,2,7,5,Pradosh Ranjan Paul,Tushar Raheja,K Easwaran,1,1,0,run,0,,,76/2
1489118,2,7,6,Tushar Raheja,Pradosh Ranjan Paul,K Easwaran,1,1,0,run,0,,,77/2
1489118,2,8,1,Tushar Raheja,Pradosh Ranjan Paul,U Mukilesh,0,0,0,no run,0,,,77/2
1489118,2,8,2,Tushar Raheja,Pradosh Ranjan Paul,U Mukilesh,1,1,0,run,0,,,78/2
1489118,2,8,3,Pradosh Ranjan Paul,Tushar Raheja,U Mukilesh,1,1,0,run,0,,,79/2
1489118,2,8,4,Tushar Raheja,Pradosh Ranjan Paul,U Mukilesh,4,4,0,four,0,,,83/2
1489118,2,8,5,Tushar Raheja,Pradosh Ranjan Paul,U Mukilesh,1,1,0,run,0,,,84/2
1489118,2,8,6,Pradosh Ranjan Paul,Tushar Raheja,U Mukilesh,1,1,0,run,0,,,85/2
1489118,2,9,1,Pradosh Ranjan Paul,Tushar Raheja,Ramsingh  Sanjay Yadav,1,1,0,run,0,,,86/2
1489118,2,9,2,Tushar Raheja,Pradosh Ranjan Paul,Ramsingh  Sanjay Yadav,1,1,0,run,0,,,87/2
1489118,2,9,3,Pradosh Ranjan Paul,Tushar Raheja,Ramsingh  Sanjay Yadav,2,0,2,bye,0,,,89/2
1489118,2,9,4,Pradosh Ranjan Paul,Tushar Raheja,Ramsingh  Sanjay Yadav,1,0,1,bye,0,,,90/2
1489118,2,9,5,Tushar Raheja,Pradosh Ranjan Paul,Ramsingh  Sanjay Yadav,1,1,0,run,0,,,91/2
1489118,2,9,6,Pradosh Ranjan Paul,Tushar Raheja,Ramsingh  Sanjay Yadav,1,1,0,run,0,,,92/2
1489118,2,10,1,Pradosh Ranjan Paul,Tushar Raheja,U Mukilesh,1,1,0,run,0,,,93/2
1489118,2,10,2,Tushar Raheja,Pradosh Ranjan Paul,U Mukilesh,0,0,0,no run,0,,,93/2
1489118,2,10,3,Tushar Raheja,Pradosh Ranjan Paul,U Mukilesh,1,1,0,run,0,,,94/2
1489118,2,10,4,Pradosh Ranjan Paul,Tushar Raheja,U Mukilesh,2,2,0,run,0,,,96/2
1489118,2,10,5,Pradosh Ranjan Paul,Tushar Raheja,U Mukilesh,1,1,0,run,0,,,97/2
1489118,2,10,6,Tushar Raheja,Pradosh Ranjan Paul,U Mukilesh,6,6,0,six,0,,,103/2
1489118,2,11,1,Pradosh Ranjan Paul,Tushar Raheja,Ramsingh  Sanjay Yadav,1,1,0,run,0,,,104/2
1489118,2,11,2,Tushar Raheja,Pradosh Ranjan Paul,Ramsingh  Sanjay Yadav,1,1,0,run,0,,,105/2
1489118,2,11,3,Pradosh Ranjan Paul,Tushar Raheja,Ramsingh  Sanjay Yadav,0,0,0,no run,0,,,105/2
1489118,2,11,4,Pradosh Ranjan Paul,Tushar Raheja,Ramsingh  Sanjay Yadav,1,1,0,run,0,,,106/2
1489118,2,11,5,Tushar Raheja,Pradosh Ranjan Paul,Ramsingh  Sanjay Yadav,0,0,0,out,1,caught,Tushar Raheja,106/3
1489118,2,11,6,S Mohamed Ali,Pradosh Ranjan Paul,Ramsingh  Sanjay Yadav,0,0,0,no run,0,,,106/3
1489118,2,12,1,Pradosh Ranjan Paul,S Mohamed Ali,R Rajkumar,1,1,0,run,0,,,107/3
1489118,2,12,2,S Mohamed Ali,Pradosh Ranjan Paul,R Rajkumar,1,1,0,run,0,,,108/3
1489118,2,12,3,Pradosh Ranjan Paul,S Mohamed Ali,R Rajkumar,0,0,0,no run,0,,,108/3
1489118,2,12,4,Pradosh Ranjan Paul,S Mohamed Ali,R Rajkumar,4,4,0,four,0,,,112/3
1489118,2,12,5,Pradosh Ranjan Paul,S Mohamed Ali,R Rajkumar,1,1,0,run,0,,,113/3
1489118,2,12,6,S Mohamed Ali,Pradosh Ranjan Paul,R Rajkumar,1,1,0,run,0,,,114/3
1489118,2,13,1,S Mohamed Ali,Pradosh Ranjan Paul,Ramsingh  Sanjay Yadav,0,0,0,no run,0,,,114/3
1489118,2,13,2,S Mohamed Ali,Pradosh Ranjan Paul,Ramsingh  Sanjay Yadav,1,1,0,run,0,,,115/3
1489118,2,13,3,Pradosh Ranjan Paul,S Mohamed Ali,Ramsingh  Sanjay Yadav,1,1,0,run,0,,,116/3
1489118,2,13,4,S Mohamed Ali,Pradosh Ranjan Paul,Ramsingh  Sanjay Yadav,1,1,0,run,0,,,117/3
1489118,2,13,5,Pradosh Ranjan Paul,S Mohamed Ali,Ramsingh  Sanjay Yadav,1,1,0,run,0,,,118/3
1489118,2,13,6,S Mohamed Ali,Pradosh Ranjan Paul,Ramsingh  Sanjay Yadav,1,1,0,run,0,,,119/3
1489118,2,14,1,S Mohamed Ali,Pradosh Ranjan Paul,R Rajkumar,1,1,0,run,0,,,120/3
1489118,2,14,2,Pradosh Ranjan Paul,S Mohamed Ali,R Rajkumar,0,0,0,no run,0,,,120/3
1489118,2,14,3,Pradosh Ranjan Paul,S Mohamed Ali,R Rajkumar,1,1,0,run,0,,,121/3
1489118,2,14,4,S Mohamed Ali,Pradosh Ranjan Paul,R Rajkumar,0,0,0,no run,0,,,121/3
1489118,2,14,5,S Mohamed Ali,Pradosh Ranjan Paul,R Rajkumar,0,0,0,no run,0,,,121/3
1489118,2,14,6,S Mohamed Ali,Pradosh Ranjan Paul,R Rajkumar,1,1,0,run,0,,,122/3
1489118,2,15,1,S Mohamed Ali,Pradosh Ranjan Paul,Ramsingh  Sanjay Yadav,1,1,0,run,0,,,123/3
1489118,2,15,2,Pradosh Ranjan Paul,S Mohamed Ali,Ramsingh  Sanjay Yadav,4,4,0,four,0,,,127/3
1489118,2,15,3,Pradosh Ranjan Paul,S Mohamed Ali,Ramsingh  Sanjay Yadav,4,4,0,four,0,,,131/3
1489118,2,15,4,Pradosh Ranjan Paul,S Mohamed Ali,Ramsingh  Sanjay Yadav,1,1,0,run,0,,,132/3
1489118,2,15,5,S Mohamed Ali,Pradosh Ranjan Paul,Ramsingh  Sanjay Yadav,1,1,0,run,0,,,133/3
1489118,2,15,6,Pradosh Ranjan Paul,S Mohamed Ali,Ramsingh  Sanjay Yadav,1,1,0,run,0,,,134/3
1489118,2,16,1,Pradosh Ranjan Paul,S Mohamed Ali,V Athisayaraj Davidson,1,1,0,run,0,,,135/3
1489118,2,16,2,S Mohamed Ali,Pradosh Ranjan Paul,V Athisayaraj Davidson,4,4,0,four,0,,,139/3
1489118,2,16,3,S Mohamed Ali,Pradosh Ranjan Paul,V Athisayaraj Davidson,0,0,0,no run,0,,,139/3
1489118,2,16,4,S Mohamed Ali,Pradosh Ranjan Paul,V Athisayaraj Davidson,1,1,0,run,0,,,140/3
1489118,2,16,5,Pradosh Ranjan Paul,S Mohamed Ali,V Athisayaraj Davidson,1,1,0,run,0,,,141/3
1489118,2,16,6,S Mohamed Ali,Pradosh Ranjan Paul,V Athisayaraj Davidson,1,1,0,run,0,,,142/3
1489118,2,17,1,S Mohamed Ali,Pradosh Ranjan Paul,K Easwaran,1,1,0,run,0,,,143/3
1489118,2,17,2,Pradosh Ranjan Paul,S Mohamed Ali,K Easwaran,0,0,0,no run,0,,,143/3
1489118,2,17,3,Pradosh Ranjan Paul,S Mohamed Ali,K Easwaran,1,1,0,run,0,,,144/3
1489118,2,17,4,S Mohamed Ali,Pradosh Ranjan Paul,K Easwaran,1,1,0,run,0,,,145/3
1489118,2,17,5,Pradosh Ranjan Paul,S Mohamed Ali,K Easwaran,1,1,0,run,0,,,146/3
1489118,2,17,6,S Mohamed Ali,Pradosh Ranjan Paul,K Easwaran,4,0,4,bye,0,,,150/3
1489118,2,18,1,Pradosh Ranjan Paul,S Mohamed Ali,R Rajkumar,1,1,0,run,0,,,151/3
1489118,2,18,2,S Mohamed Ali,Pradosh Ranjan Paul,R Rajkumar,4,4,0,four,0,,,155/3
1489118,2,18,3,S Mohamed Ali,Pradosh Ranjan Paul,R Rajkumar,1,1,0,run,0,,,156/3
1489118,2,18,4,Pradosh Ranjan Paul,S Mohamed Ali,R Rajkumar,0,0,0,no run,0,,,156/3
1489118,2,18,5,Pradosh Ranjan Paul,S Mohamed Ali,R Rajkumar,1,1,0,run,0,,,157/3
1489118,2,18,6,S Mohamed Ali,Pradosh Ranjan Paul,R Rajkumar,1,1,0,run,0,,,158/3
1489118,2,19,1,S Mohamed Ali,Pradosh Ranjan Paul,V Athisayaraj Davidson,1,1,0,run,0,,,159/3
1489118,2,19,2,Pradosh Ranjan Paul,S Mohamed Ali,V Athisayaraj Davidson,0,0,0,no run,0,,,159/3
1489118,2,19,3,Pradosh Ranjan Paul,S Mohamed Ali,V Athisayaraj Davidson,1,1,0,run,0,,,160/3
1489118,2,19,4,S Mohamed Ali,Pradosh Ranjan Paul,V Athisayaraj Davidson,1,1,0,run,0,,,161/3
1489118,2,19,5,Pradosh Ranjan Paul,S Mohamed Ali,V Athisayaraj Davidson,4,4,0,four,0,,,165/3
1489119,1,1,1,Chezhian Nishaanth,S Abishiek,Emmanuel Cherian,0,0,0,no run,0,,,0/0
1489119,1,1,2,Chezhian Nishaanth,S Abishiek,Emmanuel Cherian,2,2,0,run,0,,,2/0
1489119,1,1,3,Chezhian Nishaanth,S Abishiek,Emmanuel Cherian,0,0,0,no run,0,,,2/0
1489119,1,1,4,Chezhian Nishaanth,S Abishiek,Emmanuel Cherian,0,0,0,no run,0,,,2/0
1489119,1,1,5,Chezhian Nishaanth,S Abishiek,Emmanuel Cherian,1,1,0,run,0,,,3/0
1489119,1,1,6,S Abishiek,Chezhian Nishaanth,Emmanuel Cherian,1,1,0,run,0,,,4/0
1489119,1,2,1,S Abishiek,Chezhian Nishaanth,Rocky Bhasker,1,1,0,run,0,,,5/0
1489119,1,2,2,Chezhian Nishaanth,S Abishiek,Rocky Bhasker,0,0,0,no run,0,,,5/0
1489119,1,2,3,Chezhian Nishaanth,S Abishiek,Rocky Bhasker,1,1,0,run,0,,,6/0
1489119,1,2,4,S Abishiek,Chezhian Nishaanth,Rocky Bhasker,0,0,0,no run,0,,,6/0
1489119,1,2,5,S Abishiek,Chezhian Nishaanth,Rocky Bhasker,1,1,0,run,0,,,7/0
1489119,1,2,6,Chezhian Nishaanth,S Abishiek,Rocky Bhasker,1,1,0,run,0,,,8/0
1489119,1,3,1,Chezhian Nishaanth,S Abishiek,Emmanuel Cherian,2,2,0,run,0,,,10/0
1489119,1,3,2,Chezhian Nishaanth,S Abishiek,Emmanuel Cherian,4,4,0,four,0,,,14/0
1489119,1,3,3,Chezhian Nishaanth,S Abishiek,Emmanuel Cherian,0,0,0,no run,0,,,14/0
1489119,1,3,4,Chezhian Nishaanth,S Abishiek,Emmanuel Cherian,2,2,0,run,0,,,16/0
1489119,1,3,5,Chezhian Nishaanth,S Abishiek,Emmanuel Cherian,6,6,0,six,0,,,22/0
1489119,1,3,6,Chezhian Nishaanth,S Abishiek,Emmanuel Cherian,4,4,0,four,0,,,26/0
1489119,1,4,1,S Abishiek,Chezhian Nishaanth,Rocky Bhasker,1,1,0,run,0,,,27/0
1489119,1,4,2,Chezhian Nishaanth,S Abishiek,Rocky Bhasker,1,1,0,run,0,,,28/0
1489119,1,4,3,S Abishiek,Chezhian Nishaanth,Rocky Bhasker,1,1,0,run,0,,,29/0
1489119,1,4,4,Chezhian Nishaanth,S Abishiek,Rocky Bhasker,1,1,0,run,0,,,30/0
1489119,1,4,5,S Abishiek,Chezhian Nishaanth,Rocky Bhasker,1,1,0,run,0,,,31/0
1489119,1,4,6,Chezhian Nishaanth,S Abishiek,Rocky Bhasker,1,1,0,run,0,,,32/0
1489119,1,5,1,Chezhian Nishaanth,S Abishiek,Ramsingh Sonu Yadav,6,6,0,six,0,,,38/0
1489119,1,5,2,Chezhian Nishaanth,S Abishiek,Ramsingh Sonu Yadav,1,1,0,run,0,,,39/0
1489119,1,5,3,S Abishiek,Chezhian Nishaanth,Ramsingh Sonu Yadav,0,0,0,no run,0,,,39/0
1489119,1,5,4,S Abishiek,Chezhian Nishaanth,Ramsingh Sonu Yadav,0,0,0,no run,0,,,39/0
1489119,1,5,5,S Abishiek,Chezhian Nishaanth,Ramsingh Sonu Yadav,1,1,0,run,0,,,40/0
1489119,1,5,6,Chezhian Nishaanth,S Abishiek,Ramsingh Sonu Yadav,1,1,0,run,0,,,41/0
1489119,1,6,1,Chezhian Nishaanth,S Abishiek,PS Nirmal Kumar,1,1,0,run,0,,,42/0
1489119,1,6,2,S Abishiek,Chezhian Nishaanth,PS Nirmal Kumar,1,1,0,run,0,,,43/0
1489119,1,6,3,Chezhian Nishaanth,S Abishiek,PS Nirmal Kumar,1,1,0,run,0,,,44/0
1489119,1,6,4,S Abishiek,Chezhian Nishaanth,PS Nirmal Kumar,0,0,0,no run,0,,,44/0
1489119,1,6,5,S Abishiek,Chezhian Nishaanth,PS Nirmal Kumar,1,1,0,run,0,,,45/0
1489119,1,6,6,Chezhian Nishaanth,S Abishiek,PS Nirmal Kumar,1,1,0,run,0,,,46/0
1489119,1,7,1,Chezhian Nishaanth,S Abishiek,Sachin Rathi,2,2,0,run,0,,,48/0
1489119,1,7,2,Chezhian Nishaanth,S Abishiek,Sachin Rathi,0,0,0,no run,0,,,48/0
1489119,1,7,3,Chezhian Nishaanth,S Abishiek,Sachin Rathi,1,1,0,run,0,,,49/0
1489119,1,7,4,S Abishiek,Chezhian Nishaanth,Sachin Rathi,1,1,0,run,0,,,50/0
1489119,1,7,5,Chezhian Nishaanth,S Abishiek,Sachin Rathi,1,1,0,run,0,,,51/0
1489119,1,7,6,S Abishiek,Chezhian Nishaanth,Sachin Rathi,0,0,0,no run,0,,,51/0
1489119,1,8,1,Chezhian Nishaanth,S Abishiek,PS Nirmal Kumar,6,6,0,six,0,,,57/0
1489119,1,8,2,Chezhian Nishaanth,S Abishiek,PS Nirmal Kumar,1,1,0,run,0,,,58/0
1489119,1,8,3,S Abishiek,Chezhian Nishaanth,PS Nirmal Kumar,1,1,0,run,0,,,59/0
1489119,1,8,4,Chezhian Nishaanth,S Abishiek,PS Nirmal Kumar,1,1,0,run,0,,,60/0
1489119,1,8,5,S Abishiek,Chezhian Nishaanth,PS Nirmal Kumar,1,1,0,run,0,,,61/0
1489119,1,8,6,Chezhian Nishaanth,S Abishiek,PS Nirmal Kumar,1,1,0,run,0,,,62/0
1489119,1,9,1,Chezhian Nishaanth,S Abishiek,Sachin Rathi,0,0,0,out,1,caught,Chezhian Nishaanth,62/1
1489119,1,9,2,Rajendran Vivek,S Abishiek,Sachin Rathi,0,0,0,out,1,caught,Rajendran Vivek,62/2
1489119,1,9,3,Nidhish S Rajagopal,S Abishiek,Sachin Rathi,1,1,0,run,0,,,63/2
1489119,1,9,4,S Abishiek,Nidhish S Rajagopal,Sachin Rathi,0,0,0,out,1,caught,S Abishiek,63/3
1489119,1,9,5,R Kavin,Nidhish S Rajagopal,Sachin Rathi,1,1,0,run,0,,,64/3
1489119,1,9,6,Nidhish S Rajagopal,R Kavin,Sachin Rathi,1,1,0,run,0,,,65/3
1489119,1,10,1,Nidhish S Rajagopal,R Kavin,Rocky Bhasker,1,1,0,run,0,,,66/3
1489119,1,10,2,R Kavin,Nidhish S Rajagopal,Rocky Bhasker,0,0,0,out,1,leg before wicket,R Kavin,66/4
1489119,1,10,3,Sunny Sandhu,Nidhish S Rajagopal,Rocky Bhasker,0,0,0,no run,0,,,66/4
1489119,1,10,4,Sunny Sandhu,Nidhish S Rajagopal,Rocky Bhasker,0,0,0,no run,0,,,66/4
1489119,1,10,5,Sunny Sandhu,Nidhish S Rajagopal,Rocky Bhasker,1,1,0,run,0,,,67/4
1489119,1,10,6,Nidhish S Rajagopal,Sunny Sandhu,Rocky Bhasker,1,1,0,run,0,,,68/4
1489119,1,11,1,Nidhish S Rajagopal,Sunny Sandhu,Sachin Rathi,1,1,0,run,0,,,69/4
1489119,1,11,2,Sunny Sandhu,Nidhish S Rajagopal,Sachin Rathi,0,0,0,out,1,caught,Sunny Sandhu,69/5
1489119,1,11,3,Boopathi Vaishna Kumar,Nidhish S Rajagopal,Sachin Rathi,1,1,0,run,0,,,70/5
1489119,1,11,4,Nidhish S Rajagopal,Boopathi Vaishna Kumar,Sachin Rathi,4,4,0,four,0,,,74/5
1489119,1,11,5,Nidhish S Rajagopal,Boopathi Vaishna Kumar,Sachin Rathi,0,0,0,out,1,caught,Nidhish S Rajagopal,74/6
1489119,1,11,6,S Harish Kumar,Boopathi Vaishna Kumar,Sachin Rathi,1,0,1,wide,0,,,75/6
1489119,1,11,7,S Harish Kumar,Boopathi Vaishna Kumar,Sachin Rathi,0,0,0,no run,0,,,75/6
1489119,1,12,1,Boopathi Vaishna Kumar,S Harish Kumar,PS Nirmal Kumar,1,1,0,run,0,,,76/6
1489119,1,12,2,S Harish Kumar,Boopathi Vaishna Kumar,PS Nirmal Kumar,0,0,0,no run,0,,,76/6
1489119,1,12,3,S Harish Kumar,Boopathi Vaishna Kumar,PS Nirmal Kumar,0,0,0,out,1,caught,S Harish Kumar,76/7
1489119,1,12,4,M Mohammed,Boopathi Vaishna Kumar,PS Nirmal Kumar,1,1,0,run,0,,,77/7
1489119,1,12,5,Boopathi Vaishna Kumar,M Mohammed,PS Nirmal Kumar,1,1,0,run,0,,,78/7
1489119,1,12,6,M Mohammed,Boopathi Vaishna Kumar,PS Nirmal Kumar,1,1,0,run,0,,,79/7
1489119,1,13,1,M Mohammed,Boopathi Vaishna Kumar,Sachin Rathi,0,0,0,no run,0,,,79/7
1489119,1,13,2,M Mohammed,Boopathi Vaishna Kumar,Sachin Rathi,0,0,0,no run,0,,,79/7
1489119,1,13,3,M Mohammed,Boopathi Vaishna Kumar,Sachin Rathi,1,1,0,run,0,,,80/7
1489119,1,13,4,Boopathi Vaishna Kumar,M Mohammed,Sachin Rathi,1,1,0,run,0,,,81/7
1489119,1,13,5,M Mohammed,Boopathi Vaishna Kumar,Sachin Rathi,0,0,0,no run,0,,,81/7
1489119,1,13,6,M Mohammed,Boopathi Vaishna Kumar,Sachin Rathi,0,0,0,no run,0,,,81/7
1489119,1,14,1,Boopathi Vaishna Kumar,M Mohammed,PS Nirmal Kumar,0,0,0,no run,0,,,81/7
1489119,1,14,2,Boopathi Vaishna Kumar,M Mohammed,PS Nirmal Kumar,1,1,0,run,0,,,82/7
1489119,1,14,3,M Mohammed,Boopathi Vaishna Kumar,PS Nirmal Kumar,1,1,0,run,0,,,83/7
1489119,1,14,4,Boopathi Vaishna Kumar,M Mohammed,PS Nirmal Kumar,1,1,0,run,0,,,84/7
1489119,1,14,5,M Mohammed,Boopathi Vaishna Kumar,PS Nirmal Kumar,4,4,0,four,0,,,88/7
1489119,1,14,6,M Mohammed,Boopathi Vaishna Kumar,PS Nirmal Kumar,1,1,0,run,0,,,89/7
1489119,1,15,1,M Mohammed,Boopathi Vaishna Kumar,NS Harish,0,0,0,no run,0,,,89/7
1489119,1,15,2,M Mohammed,Boopathi Vaishna Kumar,NS Harish,4,4,0,four,0,,,93/7
1489119,1,15,3,M Mohammed,Boopathi Vaishna Kumar,NS Harish,1,1,0,run,0,,,94/7
1489119,1,15,4,Boopathi Vaishna Kumar,M Mohammed,NS Harish,1,1,0,run,0,,,95/7
1489119,1,15,5,M Mohammed,Boopathi Vaishna Kumar,NS Harish,1,1,0,run,0,,,96/7
1489119,1,15,6,Boopathi Vaishna Kumar,M Mohammed,NS Harish,0,0,0,no run,0,,,96/7
1489119,1,16,1,M Mohammed,Boopathi Vaishna Kumar,Rocky Bhasker,0,0,0,no run,0,,,96/7
1489119,1,16,2,M Mohammed,Boopathi Vaishna Kumar,Rocky Bhasker,1,1,0,run,0,,,97/7
1489119,1,16,3,Boopathi Vaishna Kumar,M Mohammed,Rocky Bhasker,1,1,0,run,0,,,98/7
1489119,1,16,4,M Mohammed,Boopathi Vaishna Kumar,Rocky Bhasker,0,0,0,no run,0,,,98/7
1489119,1,16,5,M Mohammed,Boopathi Vaishna Kumar,Rocky Bhasker,1,1,0,run,0,,,99/7
1489119,1,16,6,Boopathi Vaishna Kumar,M Mohammed,Rocky Bhasker,1,1,0,run,0,,,100/7
1489119,1,17,1,Boopathi Vaishna Kumar,M Mohammed,NS Harish,1,1,0,run,0,,,101/7
1489119,1,17,2,M Mohammed,Boopathi Vaishna Kumar,NS Harish,1,1,0,run,0,,,102/7
1489119,1,17,3,Boopathi Vaishna Kumar,M Mohammed,NS Harish,1,1,0,run,0,,,103/7
1489119,1,17,4,M Mohammed,Boopathi Vaishna Kumar,NS Harish,1,1,0,run,0,,,104/7
1489119,1,17,5,Boopathi Vaishna Kumar,M Mohammed,NS Harish,1,1,0,run,0,,,105/7
1489119,1,17,6,M Mohammed,Boopathi Vaishna Kumar,NS Harish,0,0,0,no run,0,,,105/7
1489119,1,18,1,Boopathi Vaishna Kumar,M Mohammed,Ramsingh Sonu Yadav,0,0,0,no run,0,,,105/7
1489119,1,18,2,Boopathi Vaishna Kumar,M Mohammed,Ramsingh Sonu Yadav,0,0,0,out,1,caught,Boopathi Vaishna Kumar,105/8
1489119,1,18,3,Eshwar M,M Mohammed,Ramsingh Sonu Yadav,1,0,1,leg bye,0,,,106/8
1489119,1,18,4,M Mohammed,Eshwar M,Ramsingh Sonu Yadav,1,1,0,run,0,,,107/8
1489119,1,18,5,Eshwar M,M Mohammed,Ramsingh Sonu Yadav,1,1,0,run,0,,,108/8
1489119,1,18,6,M Mohammed,Eshwar M,Ramsingh Sonu Yadav,0,0,0,no run,0,,,108/8
1489119,1,19,1,Eshwar M,M Mohammed,NS Harish,0,0,0,no run,0,,,108/8
1489119,1,19,2,Eshwar M,M Mohammed,NS Harish,0,0,0,no run,0,,,108/8
1489119,1,19,3,Eshwar M,M Mohammed,NS Harish,2,2,0,run,0,,,110/8
1489119,1,19,4,Eshwar M,M Mohammed,NS Harish,4,4,0,four,0,,,114/8
1489119,1,19,5,Eshwar M,M Mohammed,NS Harish,1,1,0,run,0,,,115/8
1489119,1,19,6,M Mohammed,Eshwar M,NS Harish,6,6,0,six,0,,,121/8
1489119,1,20,1,Eshwar M,M Mohammed,Ramsingh Sonu Yadav,0,0,0,out,1,caught,Eshwar M,121/9
1489119,1,20,2,M Poiyamozhi,M Mohammed,Ramsingh Sonu Yadav,0,0,0,no run,0,,,121/9
1489119,1,20,3,M Poiyamozhi,M Mohammed,Ramsingh Sonu Yadav,2,1,1,run,0,,,123/9
1489119,1,20,4,M Mohammed,M Poiyamozhi,Ramsingh Sonu Yadav,1,1,0,run,0,,,124/9
1489119,1,20,5,M Poiyamozhi,M Mohammed,Ramsingh Sonu Yadav,1,1,0,run,0,,,125/9
1489119,1,20,6,M Mohammed,M Poiyamozhi,Ramsingh Sonu Yadav,0,0,0,no run,0,,,125/9
1489119,1,20,7,M Mohammed,M Poiyamozhi,Ramsingh Sonu Yadav,1,1,0,run,0,,,126/9
1489119,2,1,1,D Santhosh Kumar,Guruswamy Ajitesh,Sunny Sandhu,4,4,0,four,0,,,4/0
1489119,2,1,2,D Santhosh Kumar,Guruswamy Ajitesh,Sunny Sandhu,4,4,0,four,0,,,8/0
1489119,2,1,3,D Santhosh Kumar,Guruswamy Ajitesh,Sunny Sandhu,0,0,0,no run,0,,,8/0
1489119,2,1,4,D Santhosh Kumar,Guruswamy Ajitesh,Sunny Sandhu,6,6,0,six,0,,,14/0
1489119,2,1,5,D Santhosh Kumar,Guruswamy Ajitesh,Sunny Sandhu,1,1,0,run,0,,,15/0
1489119,2,1,6,Guruswamy Ajitesh,D Santhosh Kumar,Sunny Sandhu,0,0,0,no run,0,,,15/0
1489119,2,2,1,D Santhosh Kumar,Guruswamy Ajitesh,M Mohammed,4,4,0,four,0,,,19/0
1489119,2,2,2,D Santhosh Kumar,Guruswamy Ajitesh,M Mohammed,4,4,0,four,0,,,23/0
1489119,2,2,3,D Santhosh Kumar,Guruswamy Ajitesh,M Mohammed,4,4,0,four,0,,,27/0
1489119,2,2,4,D Santhosh Kumar,Guruswamy Ajitesh,M Mohammed,0,0,0,no run,0,,,27/0
1489119,2,2,5,D Santhosh Kumar,Guruswamy Ajitesh,M Mohammed,6,6,0,six,0,,,33/0
1489119,2,2,6,D Santhosh Kumar,Guruswamy Ajitesh,M Mohammed,4,4,0,four,0,,,37/0
1489119,2,3,1,Guruswamy Ajitesh,D Santhosh Kumar,Rahil S Shah,0,0,0,no run,0,,,37/0
1489119,2,3,2,Guruswamy Ajitesh,D Santhosh Kumar,Rahil S Shah,1,1,0,run,0,,,38/0
1489119,2,3,3,D Santhosh Kumar,Guruswamy Ajitesh,Rahil S Shah,1,1,0,run,0,,,39/0
1489119,2,3,4,Guruswamy Ajitesh,D Santhosh Kumar,Rahil S Shah,1,1,0,run,0,,,40/0
1489119,2,3,5,D Santhosh Kumar,Guruswamy Ajitesh,Rahil S Shah,1,1,0,run,0,,,41/0
1489119,2,3,6,Guruswamy Ajitesh,D Santhosh Kumar,Rahil S Shah,1,1,0,run,0,,,42/0
1489119,2,4,1,Guruswamy Ajitesh,D Santhosh Kumar,M Poiyamozhi,0,0,0,out,1,leg before wicket,Guruswamy Ajitesh,42/1
1489119,2,4,2,PS Nirmal Kumar,D Santhosh Kumar,M Poiyamozhi,1,1,0,run,0,,,43/1
1489119,2,4,3,D Santhosh Kumar,PS Nirmal Kumar,M Poiyamozhi,1,1,0,run,0,,,44/1
1489119,2,4,4,PS Nirmal Kumar,D Santhosh Kumar,M Poiyamozhi,0,0,0,no run,0,,,44/1
1489119,2,4,5,PS Nirmal Kumar,D Santhosh Kumar,M Poiyamozhi,0,0,0,no run,0,,,44/1
1489119,2,4,6,PS Nirmal Kumar,D Santhosh Kumar,M Poiyamozhi,1,1,0,run,0,,,45/1
1489119,2,5,1,PS Nirmal Kumar,D Santhosh Kumar,Rahil S Shah,1,1,0,run,0,,,46/1
1489119,2,5,2,D Santhosh Kumar,PS Nirmal Kumar,Rahil S Shah,1,1,0,run,0,,,47/1
1489119,2,5,3,PS Nirmal Kumar,D Santhosh Kumar,Rahil S Shah,6,6,0,six,0,,,53/1
1489119,2,5,4,PS Nirmal Kumar,D Santhosh Kumar,Rahil S Shah,1,1,0,run,0,,,54/1
1489119,2,5,5,D Santhosh Kumar,PS Nirmal Kumar,Rahil S Shah,4,4,0,four,0,,,58/1
1489119,2,5,6,D Santhosh Kumar,PS Nirmal Kumar,Rahil S Shah,1,1,0,run,0,,,59/1
1489119,2,6,1,D Santhosh Kumar,PS Nirmal Kumar,M Poiyamozhi,4,4,0,four,0,,,63/1
1489119,2,6,2,D Santhosh Kumar,PS Nirmal Kumar,M Poiyamozhi,4,4,0,four,0,,,67/1
1489119,2,6,3,D Santhosh Kumar,PS Nirmal Kumar,M Poiyamozhi,1,0,1,wide,0,,,68/1
1489119,2,6,4,D Santhosh Kumar,PS Nirmal Kumar,M Poiyamozhi,0,0,0,no run,0,,,68/1
1489119,2,6,5,D Santhosh Kumar,PS Nirmal Kumar,M Poiyamozhi,0,0,0,no run,0,,,68/1
1489119,2,6,6,D Santhosh Kumar,PS Nirmal Kumar,M Poiyamozhi,1,1,0,run,0,,,69/1
1489119,2,6,7,PS Nirmal Kumar,D Santhosh Kumar,M Poiyamozhi,1,1,0,run,0,,,70/1
1489119,2,7,1,PS Nirmal Kumar,D Santhosh Kumar,Chezhian Nishaanth,0,0,0,no run,0,,,70/1
1489119,2,7,2,PS Nirmal Kumar,D Santhosh Kumar,Chezhian Nishaanth,1,1,0,run,0,,,71/1
1489119,2,7,3,D Santhosh Kumar,PS Nirmal Kumar,Chezhian Nishaanth,1,1,0,run,0,,,72/1
1489119,2,7,4,PS Nirmal Kumar,D Santhosh Kumar,Chezhian Nishaanth,0,0,0,no run,0,,,72/1
1489119,2,7,5,PS Nirmal Kumar,D Santhosh Kumar,Chezhian Nishaanth,1,1,0,run,0,,,73/1
1489119,2,7,6,D Santhosh Kumar,PS Nirmal Kumar,Chezhian Nishaanth,1,1,0,run,0,,,74/1
1489119,2,8,1,D Santhosh Kumar,PS Nirmal Kumar,S Harish Kumar,0,0,0,no run,0,,,74/1
1489119,2,8,2,D Santhosh Kumar,PS Nirmal Kumar,S Harish Kumar,6,6,0,six,0,,,80/1
1489119,2,8,3,D Santhosh Kumar,PS Nirmal Kumar,S Harish Kumar,4,4,0,four,0,,,84/1
1489119,2,8,4,D Santhosh Kumar,PS Nirmal Kumar,S Harish Kumar,1,1,0,run,0,,,85/1
1489119,2,8,5,PS Nirmal Kumar,D Santhosh Kumar,S Harish Kumar,0,0,0,no run,0,,,85/1
1489119,2,8,6,PS Nirmal Kumar,D Santhosh Kumar,S Harish Kumar,0,0,0,no run,0,,,85/1
1489119,2,9,1,D Santhosh Kumar,PS Nirmal Kumar,Chezhian Nishaanth,1,1,0,run,0,,,86/1
1489119,2,9,2,PS Nirmal Kumar,D Santhosh Kumar,Chezhian Nishaanth,0,0,0,no run,0,,,86/1
1489119,2,9,3,PS Nirmal Kumar,D Santhosh Kumar,Chezhian Nishaanth,0,0,0,no run,0,,,86/1
1489119,2,9,4,PS Nirmal Kumar,D Santhosh Kumar,Chezhian Nishaanth,0,0,0,no run,0,,,86/1
1489119,2,9,5,PS Nirmal Kumar,D Santhosh Kumar,Chezhian Nishaanth,1,1,0,run,0,,,87/1
1489119,2,9,6,D Santhosh Kumar,PS Nirmal Kumar,Chezhian Nishaanth,1,1,0,run,0,,,88/1
1489119,2,10,1,D Santhosh Kumar,PS Nirmal Kumar,M Poiyamozhi,1,1,0,run,0,,,89/1
1489119,2,10,2,PS Nirmal Kumar,D Santhosh Kumar,M Poiyamozhi,1,1,0,run,0,,,90/1
1489119,2,10,3,D Santhosh Kumar,PS Nirmal Kumar,M Poiyamozhi,1,1,0,run,0,,,91/1
1489119,2,10,4,PS Nirmal Kumar,D Santhosh Kumar,M Poiyamozhi,1,1,0,run,0,,,92/1
1489119,2,10,5,D Santhosh Kumar,PS Nirmal Kumar,M Poiyamozhi,1,0,1,wide,0,,,93/1
1489119,2,10,6,D Santhosh Kumar,PS Nirmal Kumar,M Poiyamozhi,1,1,0,run,0,,,94/1
1489119,2,10,7,PS Nirmal Kumar,D Santhosh Kumar,M Poiyamozhi,0,0,0,no run,0,,,94/1
1489119,2,11,1,D Santhosh Kumar,PS Nirmal Kumar,Chezhian Nishaanth,1,0,1,leg bye,0,,,95/1
1489119,2,11,2,PS Nirmal Kumar,D Santhosh Kumar,Chezhian Nishaanth,1,1,0,run,0,,,96/1
1489119,2,11,3,D Santhosh Kumar,PS Nirmal Kumar,Chezhian Nishaanth,0,0,0,no run,0,,,96/1
1489119,2,11,4,D Santhosh Kumar,PS Nirmal Kumar,Chezhian Nishaanth,0,0,0,out,1,run out,D Santhosh Kumar,96/2
1489119,2,11,5,PS Nirmal Kumar,S Rithik Easwaran,Chezhian Nishaanth,6,6,0,six,0,,,102/2
1489119,2,11,6,PS Nirmal Kumar,S Rithik Easwaran,Chezhian Nishaanth,2,2,0,run,0,,,104/2
1489119,2,12,1,S Rithik Easwaran,PS Nirmal Kumar,M Poiyamozhi,1,1,0,run,0,,,105/2
1489119,2,12,2,PS Nirmal Kumar,S Rithik Easwaran,M Poiyamozhi,1,1,0,run,0,,,106/2
1489119,2,12,3,S Rithik Easwaran,PS Nirmal Kumar,M Poiyamozhi,0,0,0,no run,0,,,106/2
1489119,2,12,4,S Rithik Easwaran,PS Nirmal Kumar,M Poiyamozhi,1,1,0,run,0,,,107/2
1489119,2,12,5,PS Nirmal Kumar,S Rithik Easwaran,M Poiyamozhi,4,4,0,four,0,,,111/2
1489119,2,12,6,PS Nirmal Kumar,S Rithik Easwaran,M Poiyamozhi,1,1,0,run,0,,,112/2
1489119,2,13,1,PS Nirmal Kumar,S Rithik Easwaran,M Mohammed,1,1,0,run,0,,,113/2
1489119,2,13,2,S Rithik Easwaran,PS Nirmal Kumar,M Mohammed,1,1,0,run,0,,,114/2
1489119,2,13,3,PS Nirmal Kumar,S Rithik Easwaran,M Mohammed,0,0,0,no run,0,,,114/2
1489119,2,13,4,PS Nirmal Kumar,S Rithik Easwaran,M Mohammed,0,0,0,no run,0,,,114/2
1489119,2,13,5,PS Nirmal Kumar,S Rithik Easwaran,M Mohammed,1,0,1,leg bye,0,,,115/2
1489119,2,13,6,S Rithik Easwaran,PS Nirmal Kumar,M Mohammed,0,0,0,no run,0,,,115/2
1489119,2,14,1,PS Nirmal Kumar,S Rithik Easwaran,S Harish Kumar,4,4,0,four,0,,,119/2
1489119,2,14,2,PS Nirmal Kumar,S Rithik Easwaran,S Harish Kumar,1,1,0,run,0,,,120/2
1489119,2,14,3,S Rithik Easwaran,PS Nirmal Kumar,S Harish Kumar,4,4,0,four,0,,,124/2
1489119,2,14,4,S Rithik Easwaran,PS Nirmal Kumar,S Harish Kumar,6,6,0,six,0,,,130/2
1489120,1,1,1,K Aashiq,RS Mokit Hariharan,Sankarankutty Sandeep Warrier,0,0,0,no run,0,,,0/0
1489120,1,1,2,K Aashiq,RS Mokit Hariharan,Sankarankutty Sandeep Warrier,4,4,0,four,0,,,4/0
1489120,1,1,3,K Aashiq,RS Mokit Hariharan,Sankarankutty Sandeep Warrier,1,1,0,run,0,,,5/0
1489120,1,1,4,RS Mokit Hariharan,K Aashiq,Sankarankutty Sandeep Warrier,0,0,0,no run,0,,,5/0
1489120,1,1,5,RS Mokit Hariharan,K Aashiq,Sankarankutty Sandeep Warrier,1,1,0,run,0,,,6/0
1489120,1,1,6,K Aashiq,RS Mokit Hariharan,Sankarankutty Sandeep Warrier,0,0,0,no run,0,,,6/0
1489120,1,2,1,RS Mokit Hariharan,K Aashiq,Ravichandran Ashwin,1,1,0,run,0,,,7/0
1489120,1,2,2,K Aashiq,RS Mokit Hariharan,Ravichandran Ashwin,1,1,0,run,0,,,8/0
1489120,1,2,3,RS Mokit Hariharan,K Aashiq,Ravichandran Ashwin,0,0,0,no run,0,,,8/0
1489120,1,2,4,RS Mokit Hariharan,K Aashiq,Ravichandran Ashwin,0,0,0,no run,0,,,8/0
1489120,1,2,5,RS Mokit Hariharan,K Aashiq,Ravichandran Ashwin,1,1,0,run,0,,,9/0
1489120,1,2,6,K Aashiq,RS Mokit Hariharan,Ravichandran Ashwin,0,0,0,no run,0,,,9/0
1489120,1,3,1,RS Mokit Hariharan,K Aashiq,Sankarankutty Sandeep Warrier,1,1,0,run,0,,,10/0
1489120,1,3,2,K Aashiq,RS Mokit Hariharan,Sankarankutty Sandeep Warrier,0,0,0,no run,0,,,10/0
1489120,1,3,3,K Aashiq,RS Mokit Hariharan,Sankarankutty Sandeep Warrier,0,0,0,no run,0,,,10/0
1489120,1,3,4,K Aashiq,RS Mokit Hariharan,Sankarankutty Sandeep Warrier,6,6,0,six,0,,,16/0
1489120,1,3,5,K Aashiq,RS Mokit Hariharan,Sankarankutty Sandeep Warrier,0,0,0,out,1,caught,K Aashiq,16/1
1489120,1,3,6,Baba Aparajith,RS Mokit Hariharan,Sankarankutty Sandeep Warrier,4,4,0,four,0,,,20/1
1489120,1,4,1,RS Mokit Hariharan,Baba Aparajith,Ravichandran Ashwin,0,0,0,out,1,caught,RS Mokit Hariharan,20/2
1489120,1,4,2,Narayan Jagadeesan,Baba Aparajith,Ravichandran Ashwin,1,1,0,run,0,,,21/2
1489120,1,4,3,Baba Aparajith,Narayan Jagadeesan,Ravichandran Ashwin,1,1,0,run,0,,,22/2
1489120,1,4,4,Narayan Jagadeesan,Baba Aparajith,Ravichandran Ashwin,4,4,0,four,0,,,26/2
1489120,1,4,5,Narayan Jagadeesan,Baba Aparajith,Ravichandran Ashwin,1,1,0,run,0,,,27/2
1489120,1,4,6,Baba Aparajith,Narayan Jagadeesan,Ravichandran Ashwin,0,0,0,no run,0,,,27/2
1489120,1,5,1,Narayan Jagadeesan,Baba Aparajith,Sankarankutty Sandeep Warrier,0,0,0,no run,0,,,27/2
1489120,1,5,2,Narayan Jagadeesan,Baba Aparajith,Sankarankutty Sandeep Warrier,1,1,0,run,0,,,28/2
1489120,1,5,3,Baba Aparajith,Narayan Jagadeesan,Sankarankutty Sandeep Warrier,0,0,0,no run,0,,,28/2
1489120,1,5,4,Baba Aparajith,Narayan Jagadeesan,Sankarankutty Sandeep Warrier,0,0,0,no run,0,,,28/2
1489120,1,5,5,Baba Aparajith,Narayan Jagadeesan,Sankarankutty Sandeep Warrier,1,1,0,run,0,,,29/2
1489120,1,5,6,Narayan Jagadeesan,Baba Aparajith,Sankarankutty Sandeep Warrier,2,2,0,run,0,,,31/2
1489120,1,6,1,Baba Aparajith,Narayan Jagadeesan,DT Chandrasekar,6,6,0,six,0,,,37/2
1489120,1,6,2,Baba Aparajith,Narayan Jagadeesan,DT Chandrasekar,1,1,0,run,0,,,38/2
1489120,1,6,3,Narayan Jagadeesan,Baba Aparajith,DT Chandrasekar,1,1,0,run,0,,,39/2
1489120,1,6,4,Baba Aparajith,Narayan Jagadeesan,DT Chandrasekar,6,6,0,six,0,,,45/2
1489120,1,6,5,Baba Aparajith,Narayan Jagadeesan,DT Chandrasekar,1,1,0,run,0,,,46/2
1489120,1,6,6,Narayan Jagadeesan,Baba Aparajith,DT Chandrasekar,0,0,0,no run,0,,,46/2
1489120,1,7,1,Baba Aparajith,Narayan Jagadeesan,Varun Chakravarthy Vinod,1,1,0,run,0,,,47/2
1489120,1,7,2,Narayan Jagadeesan,Baba Aparajith,Varun Chakravarthy Vinod,1,1,0,run,0,,,48/2
1489120,1,7,3,Baba Aparajith,Narayan Jagadeesan,Varun Chakravarthy Vinod,1,1,0,run,0,,,49/2
1489120,1,7,4,Narayan Jagadeesan,Baba Aparajith,Varun Chakravarthy Vinod,0,0,0,out,1,caught,Narayan Jagadeesan,49/3
1489120,1,7,5,Vijay Shankar,Baba Aparajith,Varun Chakravarthy Vinod,0,0,0,no run,0,,,49/3
1489120,1,7,6,Vijay Shankar,Baba Aparajith,Varun Chakravarthy Vinod,0,0,0,no run,0,,,49/3
1489120,1,8,1,Baba Aparajith,Vijay Shankar,DT Chandrasekar,1,1,0,run,0,,,50/3
1489120,1,8,2,Vijay Shankar,Baba Aparajith,DT Chandrasekar,4,4,0,four,0,,,54/3
1489120,1,8,3,Vijay Shankar,Baba Aparajith,DT Chandrasekar,1,1,0,run,0,,,55/3
1489120,1,8,4,Baba Aparajith,Vijay Shankar,DT Chandrasekar,1,1,0,run,0,,,56/3
1489120,1,8,5,Vijay Shankar,Baba Aparajith,DT Chandrasekar,6,6,0,six,0,,,62/3
1489120,1,8,6,Vijay Shankar,Baba Aparajith,DT Chandrasekar,4,4,0,four,0,,,66/3
1489120,1,9,1,Baba Aparajith,Vijay Shankar,Varun Chakravarthy Vinod,1,1,0,run,0,,,67/3
1489120,1,9,2,Vijay Shankar,Baba Aparajith,Varun Chakravarthy Vinod,4,4,0,four,0,,,71/3
1489120,1,9,3,Vijay Shankar,Baba Aparajith,Varun Chakravarthy Vinod,1,1,0,run,0,,,72/3
1489120,1,9,4,Baba Aparajith,Vijay Shankar,Varun Chakravarthy Vinod,1,1,0,run,0,,,73/3
1489120,1,9,5,Vijay Shankar,Baba Aparajith,Varun Chakravarthy Vinod,1,1,0,run,0,,,74/3
1489120,1,9,6,Baba Aparajith,Vijay Shankar,Varun Chakravarthy Vinod,1,1,0,run,0,,,75/3
1489120,1,10,1,Baba Aparajith,Vijay Shankar,Ganeshan Periyaswamy,1,1,0,run,0,,,76/3
1489120,1,10,2,Vijay Shankar,Baba Aparajith,Ganeshan Periyaswamy,1,1,0,run,0,,,77/3
1489120,1,10,3,Baba Aparajith,Vijay Shankar,Ganeshan Periyaswamy,0,0,0,no run,0,,,77/3
1489120,1,10,4,Baba Aparajith,Vijay Shankar,Ganeshan Periyaswamy,2,2,0,run,0,,,79/3
1489120,1,10,5,Baba Aparajith,Vijay Shankar,Ganeshan Periyaswamy,1,1,0,run,0,,,80/3
1489120,1,10,6,Vijay Shankar,Baba Aparajith,Ganeshan Periyaswamy,0,0,0,no run,0,,,80/3
1489120,1,11,1,Baba Aparajith,Vijay Shankar,Ravichandran Ashwin,1,1,0,run,0,,,81/3
1489120,1,11,2,Vijay Shankar,Baba Aparajith,Ravichandran Ashwin,1,1,0,run,0,,,82/3
1489120,1,11,3,Baba Aparajith,Vijay Shankar,Ravichandran Ashwin,1,1,0,run,0,,,83/3
1489120,1,11,4,Vijay Shankar,Baba Aparajith,Ravichandran Ashwin,1,1,0,run,0,,,84/3
1489120,1,11,5,Baba Aparajith,Vijay Shankar,Ravichandran Ashwin,0,0,0,no run,0,,,84/3
1489120,1,11,6,Baba Aparajith,Vijay Shankar,Ravichandran Ashwin,1,1,0,run,0,,,85/3
1489120,1,12,1,Baba Aparajith,Vijay Shankar,Ganeshan Periyaswamy,1,0,1,wide,0,,,86/3
1489120,1,12,2,Baba Aparajith,Vijay Shankar,Ganeshan Periyaswamy,1,1,0,run,0,,,87/3
1489120,1,12,3,Vijay Shankar,Baba Aparajith,Ganeshan Periyaswamy,1,1,0,run,0,,,88/3
1489120,1,12,4,Baba Aparajith,Vijay Shankar,Ganeshan Periyaswamy,4,4,0,four,0,,,92/3
1489120,1,12,5,Baba Aparajith,Vijay Shankar,Ganeshan Periyaswamy,1,1,0,run,0,,,93/3
1489120,1,12,6,Vijay Shankar,Baba Aparajith,Ganeshan Periyaswamy,1,1,0,run,0,,,94/3
1489120,1,12,7,Baba Aparajith,Vijay Shankar,Ganeshan Periyaswamy,1,0,1,wide,0,,,95/3
1489120,1,12,8,Baba Aparajith,Vijay Shankar,Ganeshan Periyaswamy,1,0,1,wide,0,,,96/3
1489120,1,12,9,Baba Aparajith,Vijay Shankar,Ganeshan Periyaswamy,1,0,1,wide,0,,,97/3
1489120,1,12,10,Baba Aparajith,Vijay Shankar,Ganeshan Periyaswamy,2,2,0,run,0,,,99/3
1489120,1,13,1,Vijay Shankar,Baba Aparajith,Varun Chakravarthy Vinod,0,0,0,out,1,caught,Vijay Shankar,99/4
1489120,1,13,2,Swapnil Singh,Baba Aparajith,Varun Chakravarthy Vinod,0,0,0,no run,0,,,99/4
1489120,1,13,3,Swapnil Singh,Baba Aparajith,Varun Chakravarthy Vinod,0,0,0,no run,0,,,99/4
1489120,1,13,4,Swapnil Singh,Baba Aparajith,Varun Chakravarthy Vinod,0,0,0,no run,0,,,99/4
1489120,1,13,5,Swapnil Singh,Baba Aparajith,Varun Chakravarthy Vinod,4,4,0,four,0,,,103/4
1489120,1,13,6,Swapnil Singh,Baba Aparajith,Varun Chakravarthy Vinod,1,1,0,run,0,,,104/4
1489120,1,14,1,Swapnil Singh,Baba Aparajith,DT Chandrasekar,1,1,0,run,0,,,105/4
1489120,1,14,2,Baba Aparajith,Swapnil Singh,DT Chandrasekar,1,1,0,run,0,,,106/4
1489120,1,14,3,Swapnil Singh,Baba Aparajith,DT Chandrasekar,1,1,0,run,0,,,107/4
1489120,1,14,4,Baba Aparajith,Swapnil Singh,DT Chandrasekar,4,4,0,four,0,,,111/4
1489120,1,14,5,Baba Aparajith,Swapnil Singh,DT Chandrasekar,0,0,0,no run,0,,,111/4
1489120,1,14,6,Baba Aparajith,Swapnil Singh,DT Chandrasekar,1,1,0,run,0,,,112/4
1489120,1,15,1,Baba Aparajith,Swapnil Singh,Ravichandran Ashwin,1,0,1,wide,0,,,113/4
1489120,1,15,2,Baba Aparajith,Swapnil Singh,Ravichandran Ashwin,1,1,0,run,0,,,114/4
1489120,1,15,3,Swapnil Singh,Baba Aparajith,Ravichandran Ashwin,4,4,0,four,0,,,118/4
1489120,1,15,4,Swapnil Singh,Baba Aparajith,Ravichandran Ashwin,0,0,0,no run,0,,,118/4
1489120,1,15,5,Swapnil Singh,Baba Aparajith,Ravichandran Ashwin,2,2,0,run,0,,,120/4
1489120,1,15,6,Swapnil Singh,Baba Aparajith,Ravichandran Ashwin,6,6,0,six,0,,,126/4
1489120,1,15,7,Swapnil Singh,Baba Aparajith,Ravichandran Ashwin,0,0,0,no run,0,,,126/4
1489120,1,16,1,Baba Aparajith,Swapnil Singh,Varun Chakravarthy Vinod,1,1,0,run,0,,,127/4
1489120,1,16,2,Swapnil Singh,Baba Aparajith,Varun Chakravarthy Vinod,1,1,0,run,0,,,128/4
1489120,1,16,3,Baba Aparajith,Swapnil Singh,Varun Chakravarthy Vinod,6,6,0,six,0,,,134/4
1489120,1,16,4,Baba Aparajith,Swapnil Singh,Varun Chakravarthy Vinod,0,0,0,no run,0,,,134/4
1489120,1,16,5,Baba Aparajith,Swapnil Singh,Varun Chakravarthy Vinod,0,0,0,out,1,caught,Baba Aparajith,134/5
1489120,1,16,6,S Sunil Krishna,Swapnil Singh,Varun Chakravarthy Vinod,0,0,0,no run,0,,,134/5
1489120,1,17,1,Swapnil Singh,S Sunil Krishna,DT Chandrasekar,0,0,0,out,1,bowled,Swapnil Singh,134/6
1489120,1,17,2,S Dinesh Raj,S Sunil Krishna,DT Chandrasekar,1,1,0,run,0,,,135/6
1489120,1,17,3,S Sunil Krishna,S Dinesh Raj,DT Chandrasekar,0,0,0,no run,0,,,135/6
1489120,1,17,4,S Sunil Krishna,S Dinesh Raj,DT Chandrasekar,4,4,0,four,0,,,139/6
1489120,1,17,5,S Sunil Krishna,S Dinesh Raj,DT Chandrasekar,1,0,1,wide,0,,,140/6
1489120,1,17,6,S Sunil Krishna,S Dinesh Raj,DT Chandrasekar,0,0,0,no run,0,,,140/6
1489120,1,17,7,S Sunil Krishna,S Dinesh Raj,DT Chandrasekar,1,1,0,run,0,,,141/6
1489120,1,18,1,S Sunil Krishna,S Dinesh Raj,Ganeshan Periyaswamy,4,4,0,four,0,,,145/6
1489120,1,18,2,S Sunil Krishna,S Dinesh Raj,Ganeshan Periyaswamy,1,1,0,run,0,,,146/6
1489120,1,18,3,S Dinesh Raj,S Sunil Krishna,Ganeshan Periyaswamy,1,1,0,run,0,,,147/6
1489120,1,18,4,S Sunil Krishna,S Dinesh Raj,Ganeshan Periyaswamy,2,2,0,run,0,,,149/6
1489120,1,18,5,S Sunil Krishna,S Dinesh Raj,Ganeshan Periyaswamy,1,1,0,run,0,,,150/6
1489120,1,18,6,S Dinesh Raj,S Sunil Krishna,Ganeshan Periyaswamy,6,6,0,six,0,,,156/6
1489120,1,19,1,S Sunil Krishna,S Dinesh Raj,Sankarankutty Sandeep Warrier,6,6,0,six,0,,,162/6
1489120,1,19,2,S Sunil Krishna,S Dinesh Raj,Sankarankutty Sandeep Warrier,2,2,0,run,0,,,164/6
1489120,1,19,3,S Sunil Krishna,S Dinesh Raj,Sankarankutty Sandeep Warrier,4,4,0,four,0,,,168/6
1489120,1,19,4,S Sunil Krishna,S Dinesh Raj,Sankarankutty Sandeep Warrier,1,1,0,run,0,,,169/6
1489120,1,19,5,S Dinesh Raj,S Sunil Krishna,Sankarankutty Sandeep Warrier,1,1,0,run,0,,,170/6
1489120,1,19,6,S Sunil Krishna,S Dinesh Raj,Sankarankutty Sandeep Warrier,1,1,0,run,0,,,171/6
1489120,1,20,1,S Sunil Krishna,S Dinesh Raj,Ganeshan Periyaswamy,0,0,0,no run,0,,,171/6
1489120,1,20,2,S Sunil Krishna,S Dinesh Raj,Ganeshan Periyaswamy,4,4,0,four,0,,,175/6
1489120,1,20,3,S Sunil Krishna,S Dinesh Raj,Ganeshan Periyaswamy,0,0,0,no run,0,,,175/6
1489120,1,20,4,S Sunil Krishna,S Dinesh Raj,Ganeshan Periyaswamy,1,1,0,run,0,,,176/6
1489120,1,20,5,S Dinesh Raj,S Sunil Krishna,Ganeshan Periyaswamy,2,2,0,run,0,,,178/6
1489120,1,20,6,S Dinesh Raj,S Sunil Krishna,Ganeshan Periyaswamy,2,2,0,run,0,,,180/6
1489120,2,1,1,Ravichandran Ashwin,Shivam Singh,Abhishek Baljeetsingh Tanwar,1,1,0,run,0,,,1/0
1489120,2,1,2,Shivam Singh,Ravichandran Ashwin,Abhishek Baljeetsingh Tanwar,4,4,0,four,0,,,5/0
1489120,2,1,3,Shivam Singh,Ravichandran Ashwin,Abhishek Baljeetsingh Tanwar,0,0,0,no run,0,,,5/0
1489120,2,1,4,Shivam Singh,Ravichandran Ashwin,Abhishek Baljeetsingh Tanwar,4,4,0,four,0,,,9/0
1489120,2,1,5,Shivam Singh,Ravichandran Ashwin,Abhishek Baljeetsingh Tanwar,0,0,0,no run,0,,,9/0
1489120,2,1,6,Shivam Singh,Ravichandran Ashwin,Abhishek Baljeetsingh Tanwar,0,0,0,no run,0,,,9/0
1489120,2,2,1,Ravichandran Ashwin,Shivam Singh,Swapnil Singh,1,1,0,run,0,,,10/0
1489120,2,2,2,Shivam Singh,Ravichandran Ashwin,Swapnil Singh,0,0,0,no run,0,,,10/0
1489120,2,2,3,Shivam Singh,Ravichandran Ashwin,Swapnil Singh,0,0,0,no run,0,,,10/0
1489120,2,2,4,Shivam Singh,Ravichandran Ashwin,Swapnil Singh,0,0,0,no run,0,,,10/0
1489120,2,2,5,Shivam Singh,Ravichandran Ashwin,Swapnil Singh,1,1,0,run,0,,,11/0
1489120,2,2,6,Ravichandran Ashwin,Shivam Singh,Swapnil Singh,1,1,0,run,0,,,12/0
1489120,2,3,1,Ravichandran Ashwin,Shivam Singh,Abhishek Baljeetsingh Tanwar,4,4,0,four,0,,,16/0
1489120,2,3,2,Ravichandran Ashwin,Shivam Singh,Abhishek Baljeetsingh Tanwar,0,0,0,no run,0,,,16/0
1489120,2,3,3,Ravichandran Ashwin,Shivam Singh,Abhishek Baljeetsingh Tanwar,4,4,0,four,0,,,20/0
1489120,2,3,4,Ravichandran Ashwin,Shivam Singh,Abhishek Baljeetsingh Tanwar,1,1,0,run,0,,,21/0
1489120,2,3,5,Shivam Singh,Ravichandran Ashwin,Abhishek Baljeetsingh Tanwar,1,1,0,run,0,,,22/0
1489120,2,3,6,Ravichandran Ashwin,Shivam Singh,Abhishek Baljeetsingh Tanwar,6,6,0,six,0,,,28/0
1489120,2,4,1,Shivam Singh,Ravichandran Ashwin,Swapnil Singh,1,1,0,run,0,,,29/0
1489120,2,4,2,Ravichandran Ashwin,Shivam Singh,Swapnil Singh,0,0,0,no run,0,,,29/0
1489120,2,4,3,Ravichandran Ashwin,Shivam Singh,Swapnil Singh,4,4,0,four,0,,,33/0
1489120,2,4,4,Ravichandran Ashwin,Shivam Singh,Swapnil Singh,1,1,0,run,0,,,34/0
1489120,2,4,5,Shivam Singh,Ravichandran Ashwin,Swapnil Singh,1,1,0,run,0,,,35/0
1489120,2,4,6,Ravichandran Ashwin,Shivam Singh,Swapnil Singh,0,0,0,no run,0,,,35/0
1489120,2,5,1,Shivam Singh,Ravichandran Ashwin,M Silambarasan,1,1,0,run,0,,,36/0
1489120,2,5,2,Ravichandran Ashwin,Shivam Singh,M Silambarasan,6,6,0,six,0,,,42/0
1489120,2,5,3,Ravichandran Ashwin,Shivam Singh,M Silambarasan,1,1,0,run,0,,,43/0
1489120,2,5,4,Shivam Singh,Ravichandran Ashwin,M Silambarasan,0,0,0,out,1,caught,Shivam Singh,43/1
1489120,2,5,5,Baba Indrajith,Ravichandran Ashwin,M Silambarasan,0,0,0,no run,0,,,43/1
1489120,2,5,6,Baba Indrajith,Ravichandran Ashwin,M Silambarasan,1,1,0,run,0,,,44/1
1489120,2,6,1,Baba Indrajith,Ravichandran Ashwin,Swapnil Singh,4,4,0,four,0,,,48/1
1489120,2,6,2,Baba Indrajith,Ravichandran Ashwin,Swapnil Singh,1,1,0,run,0,,,49/1
1489120,2,6,3,Ravichandran Ashwin,Baba Indrajith,Swapnil Singh,1,1,0,run,0,,,50/1
1489120,2,6,4,Baba Indrajith,Ravichandran Ashwin,Swapnil Singh,1,1,0,run,0,,,51/1
1489120,2,6,5,Ravichandran Ashwin,Baba Indrajith,Swapnil Singh,1,1,0,run,0,,,52/1
1489120,2,6,6,Baba Indrajith,Ravichandran Ashwin,Swapnil Singh,1,1,0,run,0,,,53/1
1489120,2,7,1,Baba Indrajith,Ravichandran Ashwin,M Silambarasan,0,0,0,no run,0,,,53/1
1489120,2,7,2,Baba Indrajith,Ravichandran Ashwin,M Silambarasan,1,1,0,run,0,,,54/1
1489120,2,7,3,Ravichandran Ashwin,Baba Indrajith,M Silambarasan,1,1,0,run,0,,,55/1
1489120,2,7,4,Baba Indrajith,Ravichandran Ashwin,M Silambarasan,0,0,0,no run,0,,,55/1
1489120,2,7,5,Baba Indrajith,Ravichandran Ashwin,M Silambarasan,1,1,0,run,0,,,56/1
1489120,2,7,6,Ravichandran Ashwin,Baba Indrajith,M Silambarasan,0,0,0,no run,0,,,56/1
1489120,2,8,1,Baba Indrajith,Ravichandran Ashwin,J Prem Kumar,1,1,0,run,0,,,57/1
1489120,2,8,2,Ravichandran Ashwin,Baba Indrajith,J Prem Kumar,1,1,0,run,0,,,58/1
1489120,2,8,3,Baba Indrajith,Ravichandran Ashwin,J Prem Kumar,0,0,0,no run,0,,,58/1
1489120,2,8,4,Baba Indrajith,Ravichandran Ashwin,J Prem Kumar,1,1,0,run,0,,,59/1
1489120,2,8,5,Ravichandran Ashwin,Baba Indrajith,J Prem Kumar,1,1,0,run,0,,,60/1
1489120,2,8,6,Baba Indrajith,Ravichandran Ashwin,J Prem Kumar,1,1,0,run,0,,,61/1
1489120,2,9,1,Baba Indrajith,Ravichandran Ashwin,M Silambarasan,0,0,0,no run,0,,,61/1
1489120,2,9,2,Baba Indrajith,Ravichandran Ashwin,M Silambarasan,1,1,0,run,0,,,62/1
1489120,2,9,3,Ravichandran Ashwin,Baba Indrajith,M Silambarasan,0,0,0,no run,0,,,62/1
1489120,2,9,4,Ravichandran Ashwin,Baba Indrajith,M Silambarasan,1,1,0,run,0,,,63/1
1489120,2,9,5,Baba Indrajith,Ravichandran Ashwin,M Silambarasan,2,2,0,run,0,,,65/1
1489120,2,9,6,Baba Indrajith,Ravichandran Ashwin,M Silambarasan,0,0,0,no run,0,,,65/1
1489120,2,10,1,Ravichandran Ashwin,Baba Indrajith,J Prem Kumar,4,4,0,four,0,,,69/1
1489120,2,10,2,Ravichandran Ashwin,Baba Indrajith,J Prem Kumar,1,1,0,run,0,,,70/1
1489120,2,10,3,Baba Indrajith,Ravichandran Ashwin,J Prem Kumar,2,2,0,run,0,,,72/1
1489120,2,10,4,Baba Indrajith,Ravichandran Ashwin,J Prem Kumar,1,1,0,run,0,,,73/1
1489120,2,10,5,Ravichandran Ashwin,Baba Indrajith,J Prem Kumar,1,1,0,run,0,,,74/1
1489120,2,10,6,Baba Indrajith,Ravichandran Ashwin,J Prem Kumar,0,0,0,no run,0,,,74/1
1489120,2,11,1,Ravichandran Ashwin,Baba Indrajith,Vijay Shankar,0,0,0,no run,0,,,74/1
1489120,2,11,2,Ravichandran Ashwin,Baba Indrajith,Vijay Shankar,1,1,0,run,0,,,75/1
1489120,2,11,3,Baba Indrajith,Ravichandran Ashwin,Vijay Shankar,1,1,0,run,0,,,76/1
1489120,2,11,4,Ravichandran Ashwin,Baba Indrajith,Vijay Shankar,0,0,0,no run,0,,,76/1
1489120,2,11,5,Ravichandran Ashwin,Baba Indrajith,Vijay Shankar,6,6,0,six,0,,,82/1
1489120,2,11,6,Ravichandran Ashwin,Baba Indrajith,Vijay Shankar,1,1,0,run,0,,,83/1
1489120,2,12,1,Ravichandran Ashwin,Baba Indrajith,Swapnil Singh,4,4,0,four,0,,,87/1
1489120,2,12,2,Ravichandran Ashwin,Baba Indrajith,Swapnil Singh,1,1,0,run,0,,,88/1
1489120,2,12,3,Baba Indrajith,Ravichandran Ashwin,Swapnil Singh,1,1,0,run,0,,,89/1
1489120,2,12,4,Ravichandran Ashwin,Baba Indrajith,Swapnil Singh,0,0,0,no run,0,,,89/1
1489120,2,12,5,Ravichandran Ashwin,Baba Indrajith,Swapnil Singh,1,1,0,run,0,,,90/1
1489120,2,12,6,Baba Indrajith,Ravichandran Ashwin,Swapnil Singh,1,0,1,wide,0,,,91/1
1489120,2,12,7,Baba Indrajith,Ravichandran Ashwin,Swapnil Singh,6,6,0,six,0,,,97/1
1489120,2,13,1,Ravichandran Ashwin,Baba Indrajith,J Prem Kumar,1,1,0,run,0,,,98/1
1489120,2,13,2,Baba Indrajith,Ravichandran Ashwin,J Prem Kumar,1,1,0,run,0,,,99/1
1489120,2,13,3,Ravichandran Ashwin,Baba Indrajith,J Prem Kumar,1,1,0,run,0,,,100/1
1489120,2,13,4,Baba Indrajith,Ravichandran Ashwin,J Prem Kumar,4,4,0,four,0,,,104/1
1489120,2,13,5,Baba Indrajith,Ravichandran Ashwin,J Prem Kumar,1,1,0,run,0,,,105/1
1489120,2,13,6,Ravichandran Ashwin,Baba Indrajith,J Prem Kumar,1,1,0,run,0,,,106/1
1489120,2,14,1,Ravichandran Ashwin,Baba Indrajith,M Silambarasan,1,1,0,run,0,,,107/1
1489120,2,14,2,Baba Indrajith,Ravichandran Ashwin,M Silambarasan,0,0,0,no run,0,,,107/1
1489120,2,14,3,Baba Indrajith,Ravichandran Ashwin,M Silambarasan,1,1,0,run,0,,,108/1
1489120,2,14,4,Ravichandran Ashwin,Baba Indrajith,M Silambarasan,1,1,0,run,0,,,109/1
1489120,2,14,5,Baba Indrajith,Ravichandran Ashwin,M Silambarasan,1,1,0,run,0,,,110/1
1489120,2,14,6,Ravichandran Ashwin,Baba Indrajith,M Silambarasan,0,0,0,no run,0,,,110/1
1489120,2,15,1,Baba Indrajith,Ravichandran Ashwin,J Prem Kumar,6,6,0,six,0,,,116/1
1489120,2,15,2,Baba Indrajith,Ravichandran Ashwin,J Prem Kumar,1,0,1,leg bye,0,,,117/1
1489120,2,15,3,Ravichandran Ashwin,Baba Indrajith,J Prem Kumar,1,1,0,run,0,,,118/1
1489120,2,15,4,Baba Indrajith,Ravichandran Ashwin,J Prem Kumar,1,1,0,run,0,,,119/1
1489120,2,15,5,Ravichandran Ashwin,Baba Indrajith,J Prem Kumar,1,1,0,run,0,,,120/1
1489120,2,15,6,Baba Indrajith,Ravichandran Ashwin,J Prem Kumar,4,4,0,four,0,,,124/1
1489120,2,16,1,Ravichandran Ashwin,Baba Indrajith,Vijay Shankar,2,2,0,run,0,,,126/1
1489120,2,16,2,Ravichandran Ashwin,Baba Indrajith,Vijay Shankar,1,1,0,run,0,,,127/1
1489120,2,16,3,Baba Indrajith,Ravichandran Ashwin,Vijay Shankar,6,6,0,six,0,,,133/1
1489120,2,16,4,Baba Indrajith,Ravichandran Ashwin,Vijay Shankar,2,2,0,run,0,,,135/1
1489120,2,16,5,Baba Indrajith,Ravichandran Ashwin,Vijay Shankar,2,2,0,run,0,,,137/1
1489120,2,16,6,Baba Indrajith,Ravichandran Ashwin,Vijay Shankar,6,6,0,six,0,,,143/1
1489120,2,17,1,Ravichandran Ashwin,Baba Indrajith,Abhishek Baljeetsingh Tanwar,1,1,0,run,0,,,144/1
1489120,2,17,2,Baba Indrajith,Ravichandran Ashwin,Abhishek Baljeetsingh Tanwar,0,0,0,no run,0,,,144/1
1489120,2,17,3,Baba Indrajith,Ravichandran Ashwin,Abhishek Baljeetsingh Tanwar,1,1,0,run,0,,,145/1
1489120,2,17,4,Ravichandran Ashwin,Baba Indrajith,Abhishek Baljeetsingh Tanwar,0,0,0,out,1,caught,Ravichandran Ashwin,145/2
1489120,2,17,5,Hunny Saini,Baba Indrajith,Abhishek Baljeetsingh Tanwar,1,1,0,run,0,,,146/2
1489120,2,17,6,Baba Indrajith,Hunny Saini,Abhishek Baljeetsingh Tanwar,6,6,0,six,0,,,152/2
1489120,2,18,1,Hunny Saini,Baba Indrajith,TD Lokesh Raj,6,6,0,six,0,,,158/2
1489120,2,18,2,Hunny Saini,Baba Indrajith,TD Lokesh Raj,0,0,0,out,1,caught,Hunny Saini,158/3
1489120,2,18,3,M Karthik Saran,Baba Indrajith,TD Lokesh Raj,1,0,1,leg bye,0,,,159/3
1489120,2,18,4,Baba Indrajith,M Karthik Saran,TD Lokesh Raj,4,4,0,four,0,,,163/3
1489120,2,18,5,Baba Indrajith,M Karthik Saran,TD Lokesh Raj,0,0,0,out,1,bowled,Baba Indrajith,163/4
1489120,2,18,6,R Vimal Khumar,M Karthik Saran,TD Lokesh Raj,0,0,0,out,1,caught,R Vimal Khumar,163/5
1489120,2,19,1,M Karthik Saran,Aakaash Sharma,Abhishek Baljeetsingh Tanwar,0,0,0,out,1,bowled,M Karthik Saran,163/6
1489120,2,19,2,Maan K Bafna,Aakaash Sharma,Abhishek Baljeetsingh Tanwar,1,1,0,run,0,,,164/6
1489120,2,19,3,Aakaash Sharma,Maan K Bafna,Abhishek Baljeetsingh Tanwar,1,1,0,run,0,,,165/6
1489120,2,19,4,Maan K Bafna,Aakaash Sharma,Abhishek Baljeetsingh Tanwar,1,1,0,run,0,,,166/6
1489120,2,19,5,Aakaash Sharma,Maan K Bafna,Abhishek Baljeetsingh Tanwar,1,1,0,run,0,,,167/6
1489120,2,19,6,Maan K Bafna,Aakaash Sharma,Abhishek Baljeetsingh Tanwar,2,1,1,run,0,,,169/6
1489120,2,19,7,Aakaash Sharma,Maan K Bafna,Abhishek Baljeetsingh Tanwar,0,0,0,no run,0,,,169/6
1489120,2,20,1,Maan K Bafna,Aakaash Sharma,TD Lokesh Raj,1,1,0,run,0,,,170/6
1489120,2,20,2,Aakaash Sharma,Maan K Bafna,TD Lokesh Raj,2,2,0,run,0,,,172/6
1489120,2,20,3,Aakaash Sharma,Maan K Bafna,TD Lokesh Raj,0,0,0,no run,0,,,172/6
1489120,2,20,4,Aakaash Sharma,Maan K Bafna,TD Lokesh Raj,0,0,0,out,1,caught,Aakaash Sharma,172/7
1489120,2,20,5,Varun Chakravarthy Vinod,Maan K Bafna,TD Lokesh Raj,0,0,0,no run,0,,,172/7
1489120,2,20,6,Varun Chakravarthy Vinod,Maan K Bafna,TD Lokesh Raj,0,0,0,out,1,caught,Varun Chakravarthy Vinod,172/8
1489121,1,1,1,Waseem Ahmed,S Sujay,Manimaran Siddharth,4,4,0,four,0,,,4/0
1489121,1,1,2,Waseem Ahmed,S Sujay,Manimaran Siddharth,1,1,0,run,0,,,5/0
1489121,1,1,3,S Sujay,Waseem Ahmed,Manimaran Siddharth,1,0,1,leg bye,0,,,6/0
1489121,1,1,4,Waseem Ahmed,S Sujay,Manimaran Siddharth,0,0,0,no run,0,,,6/0
1489121,1,1,5,Waseem Ahmed,S Sujay,Manimaran Siddharth,0,0,0,no run,0,,,6/0
1489121,1,1,6,Waseem Ahmed,S Sujay,Manimaran Siddharth,0,0,0,no run,0,,,6/0
1489121,1,2,1,S Sujay,Waseem Ahmed,Ramalingam Rohit,1,1,0,run,0,,,7/0
1489121,1,2,2,Waseem Ahmed,S Sujay,Ramalingam Rohit,4,4,0,four,0,,,11/0
1489121,1,2,3,Waseem Ahmed,S Sujay,Ramalingam Rohit,0,0,0,no run,0,,,11/0
1489121,1,2,4,Waseem Ahmed,S Sujay,Ramalingam Rohit,0,0,0,no run,0,,,11/0
1489121,1,2,5,Waseem Ahmed,S Sujay,Ramalingam Rohit,0,0,0,no run,0,,,11/0
1489121,1,2,6,Waseem Ahmed,S Sujay,Ramalingam Rohit,4,4,0,four,0,,,15/0
1489121,1,3,1,S Sujay,Waseem Ahmed,Manimaran Siddharth,1,1,0,run,0,,,16/0
1489121,1,3,2,Waseem Ahmed,S Sujay,Manimaran Siddharth,1,1,0,run,0,,,17/0
1489121,1,3,3,S Sujay,Waseem Ahmed,Manimaran Siddharth,1,1,0,run,0,,,18/0
1489121,1,3,4,Waseem Ahmed,S Sujay,Manimaran Siddharth,0,0,0,no run,0,,,18/0
1489121,1,3,5,Waseem Ahmed,S Sujay,Manimaran Siddharth,1,1,0,run,0,,,19/0
1489121,1,3,6,S Sujay,Waseem Ahmed,Manimaran Siddharth,0,0,0,no run,0,,,19/0
1489121,1,4,1,Waseem Ahmed,S Sujay,Ramalingam Rohit,1,1,0,run,0,,,20/0
1489121,1,4,2,S Sujay,Waseem Ahmed,Ramalingam Rohit,1,1,0,run,0,,,21/0
1489121,1,4,3,Waseem Ahmed,S Sujay,Ramalingam Rohit,4,4,0,four,0,,,25/0
1489121,1,4,4,Waseem Ahmed,S Sujay,Ramalingam Rohit,4,4,0,four,0,,,29/0
1489121,1,4,5,Waseem Ahmed,S Sujay,Ramalingam Rohit,0,0,0,no run,0,,,29/0
1489121,1,4,6,Waseem Ahmed,S Sujay,Ramalingam Rohit,1,1,0,run,0,,,30/0
1489121,1,5,1,Waseem Ahmed,S Sujay,N Kabilan,6,6,0,six,0,,,36/0
1489121,1,5,2,Waseem Ahmed,S Sujay,N Kabilan,2,1,1,run,0,,,38/0
1489121,1,5,3,S Sujay,Waseem Ahmed,N Kabilan,1,1,0,run,0,,,39/0
1489121,1,5,4,Waseem Ahmed,S Sujay,N Kabilan,0,0,0,no run,0,,,39/0
1489121,1,5,5,Waseem Ahmed,S Sujay,N Kabilan,0,0,0,no run,0,,,39/0
1489121,1,5,6,Waseem Ahmed,S Sujay,N Kabilan,0,0,0,no run,0,,,39/0
1489121,1,5,7,Waseem Ahmed,S Sujay,N Kabilan,0,0,0,out,1,caught,Waseem Ahmed,39/1
1489121,1,6,1,S Sujay,Jagatheesan Kousik,Masood Shahrukh Khan,1,1,0,run,0,,,40/1
1489121,1,6,2,Jagatheesan Kousik,S Sujay,Masood Shahrukh Khan,0,0,0,no run,0,,,40/1
1489121,1,6,3,Jagatheesan Kousik,S Sujay,Masood Shahrukh Khan,4,4,0,four,0,,,44/1
1489121,1,6,4,Jagatheesan Kousik,S Sujay,Masood Shahrukh Khan,1,1,0,run,0,,,45/1
1489121,1,6,5,S Sujay,Jagatheesan Kousik,Masood Shahrukh Khan,0,0,0,no run,0,,,45/1
1489121,1,6,6,S Sujay,Jagatheesan Kousik,Masood Shahrukh Khan,0,0,0,no run,0,,,45/1
1489121,1,7,1,Jagatheesan Kousik,S Sujay,Jhathavedh Subramanyan,0,0,0,no run,0,,,45/1
1489121,1,7,2,Jagatheesan Kousik,S Sujay,Jhathavedh Subramanyan,0,0,0,no run,0,,,45/1
1489121,1,7,3,Jagatheesan Kousik,S Sujay,Jhathavedh Subramanyan,0,0,0,out,1,bowled,Jagatheesan Kousik,45/2
1489121,1,7,4,Ramsingh  Sanjay Yadav,S Sujay,Jhathavedh Subramanyan,0,0,0,no run,0,,,45/2
1489121,1,7,5,Ramsingh  Sanjay Yadav,S Sujay,Jhathavedh Subramanyan,0,0,0,no run,0,,,45/2
1489121,1,7,6,Ramsingh  Sanjay Yadav,S Sujay,Jhathavedh Subramanyan,1,1,0,run,0,,,46/2
1489121,1,8,1,Ramsingh  Sanjay Yadav,S Sujay,Masood Shahrukh Khan,0,0,0,no run,0,,,46/2
1489121,1,8,2,Ramsingh  Sanjay Yadav,S Sujay,Masood Shahrukh Khan,0,0,0,no run,0,,,46/2
1489121,1,8,3,Ramsingh  Sanjay Yadav,S Sujay,Masood Shahrukh Khan,0,0,0,no run,0,,,46/2
1489121,1,8,4,Ramsingh  Sanjay Yadav,S Sujay,Masood Shahrukh Khan,0,0,0,no run,0,,,46/2
1489121,1,8,5,Ramsingh  Sanjay Yadav,S Sujay,Masood Shahrukh Khan,0,0,0,no run,0,,,46/2
1489121,1,8,6,Ramsingh  Sanjay Yadav,S Sujay,Masood Shahrukh Khan,0,0,0,no run,0,,,46/2
1489121,1,9,1,S Sujay,Ramsingh  Sanjay Yadav,Jhathavedh Subramanyan,4,4,0,four,0,,,50/2
1489121,1,9,2,S Sujay,Ramsingh  Sanjay Yadav,Jhathavedh Subramanyan,0,0,0,no run,0,,,50/2
1489121,1,9,3,S Sujay,Ramsingh  Sanjay Yadav,Jhathavedh Subramanyan,1,1,0,run,0,,,51/2
1489121,1,9,4,Ramsingh  Sanjay Yadav,S Sujay,Jhathavedh Subramanyan,1,1,0,run,0,,,52/2
1489121,1,9,5,S Sujay,Ramsingh  Sanjay Yadav,Jhathavedh Subramanyan,1,1,0,run,0,,,53/2
1489121,1,9,6,Ramsingh  Sanjay Yadav,S Sujay,Jhathavedh Subramanyan,0,0,0,no run,0,,,53/2
1489121,1,10,1,S Sujay,Ramsingh  Sanjay Yadav,Masood Shahrukh Khan,0,0,0,no run,0,,,53/2
1489121,1,10,2,S Sujay,Ramsingh  Sanjay Yadav,Masood Shahrukh Khan,1,1,0,run,0,,,54/2
1489121,1,10,3,Ramsingh  Sanjay Yadav,S Sujay,Masood Shahrukh Khan,0,0,0,no run,0,,,54/2
1489121,1,10,4,Ramsingh  Sanjay Yadav,S Sujay,Masood Shahrukh Khan,6,6,0,six,0,,,60/2
1489121,1,10,5,Ramsingh  Sanjay Yadav,S Sujay,Masood Shahrukh Khan,1,1,0,run,0,,,61/2
1489121,1,10,6,S Sujay,Ramsingh  Sanjay Yadav,Masood Shahrukh Khan,1,1,0,run,0,,,62/2
1489121,1,11,1,S Sujay,Ramsingh  Sanjay Yadav,N Kabilan,1,1,0,run,0,,,63/2
1489121,1,11,2,Ramsingh  Sanjay Yadav,S Sujay,N Kabilan,0,0,0,no run,0,,,63/2
1489121,1,11,3,Ramsingh  Sanjay Yadav,S Sujay,N Kabilan,1,1,0,run,0,,,64/2
1489121,1,11,4,S Sujay,Ramsingh  Sanjay Yadav,N Kabilan,4,4,0,four,0,,,68/2
1489121,1,11,5,S Sujay,Ramsingh  Sanjay Yadav,N Kabilan,1,0,1,wide,0,,,69/2
1489121,1,11,6,S Sujay,Ramsingh  Sanjay Yadav,N Kabilan,1,1,0,run,0,,,70/2
1489121,1,11,7,Ramsingh  Sanjay Yadav,S Sujay,N Kabilan,1,1,0,run,0,,,71/2
1489121,1,12,1,Ramsingh  Sanjay Yadav,S Sujay,Masood Shahrukh Khan,0,0,0,no run,0,,,71/2
1489121,1,12,2,Ramsingh  Sanjay Yadav,S Sujay,Masood Shahrukh Khan,1,1,0,run,0,,,72/2
1489121,1,12,3,S Sujay,Ramsingh  Sanjay Yadav,Masood Shahrukh Khan,1,1,0,run,0,,,73/2
1489121,1,12,4,Ramsingh  Sanjay Yadav,S Sujay,Masood Shahrukh Khan,1,1,0,run,0,,,74/2
1489121,1,12,5,S Sujay,Ramsingh  Sanjay Yadav,Masood Shahrukh Khan,0,0,0,no run,0,,,74/2
1489121,1,12,6,S Sujay,Ramsingh  Sanjay Yadav,Masood Shahrukh Khan,4,4,0,four,0,,,78/2
1489121,1,13,1,Ramsingh  Sanjay Yadav,S Sujay,Jhathavedh Subramanyan,6,6,0,six,0,,,84/2
1489121,1,13,2,Ramsingh  Sanjay Yadav,S Sujay,Jhathavedh Subramanyan,1,1,0,run,0,,,85/2
1489121,1,13,3,S Sujay,Ramsingh  Sanjay Yadav,Jhathavedh Subramanyan,0,0,0,out,1,caught,S Sujay,85/3
1489121,1,13,4,Jafar Jamal,Ramsingh  Sanjay Yadav,Jhathavedh Subramanyan,6,6,0,six,0,,,91/3
1489121,1,13,5,Jafar Jamal,Ramsingh  Sanjay Yadav,Jhathavedh Subramanyan,0,0,0,no run,0,,,91/3
1489121,1,13,6,Jafar Jamal,Ramsingh  Sanjay Yadav,Jhathavedh Subramanyan,0,0,0,no run,0,,,91/3
1489121,1,14,1,Ramsingh  Sanjay Yadav,Jafar Jamal,P Bhuvaneswaran,0,0,0,no run,0,,,91/3
1489121,1,14,2,Ramsingh  Sanjay Yadav,Jafar Jamal,P Bhuvaneswaran,1,1,0,run,0,,,92/3
1489121,1,14,3,Jafar Jamal,Ramsingh  Sanjay Yadav,P Bhuvaneswaran,0,0,0,out,1,caught,Jafar Jamal,92/4
1489121,1,14,4,R Rajkumar,Ramsingh  Sanjay Yadav,P Bhuvaneswaran,1,0,1,wide,0,,,93/4
1489121,1,14,5,R Rajkumar,Ramsingh  Sanjay Yadav,P Bhuvaneswaran,1,1,0,run,0,,,94/4
1489121,1,14,6,Ramsingh  Sanjay Yadav,R Rajkumar,P Bhuvaneswaran,0,0,0,no run,0,,,94/4
1489121,1,14,7,Ramsingh  Sanjay Yadav,R Rajkumar,P Bhuvaneswaran,0,0,0,no run,0,,,94/4
1489121,1,15,1,R Rajkumar,Ramsingh  Sanjay Yadav,Jhathavedh Subramanyan,0,0,0,no run,0,,,94/4
1489121,1,15,2,R Rajkumar,Ramsingh  Sanjay Yadav,Jhathavedh Subramanyan,0,0,0,no run,0,,,94/4
1489121,1,15,3,R Rajkumar,Ramsingh  Sanjay Yadav,Jhathavedh Subramanyan,6,6,0,six,0,,,100/4
1489121,1,15,4,R Rajkumar,Ramsingh  Sanjay Yadav,Jhathavedh Subramanyan,4,4,0,four,0,,,104/4
1489121,1,15,5,R Rajkumar,Ramsingh  Sanjay Yadav,Jhathavedh Subramanyan,1,1,0,run,0,,,105/4
1489121,1,15,6,Ramsingh  Sanjay Yadav,R Rajkumar,Jhathavedh Subramanyan,0,0,0,no run,0,,,105/4
1489121,1,16,1,R Rajkumar,Ramsingh  Sanjay Yadav,Manimaran Siddharth,1,1,0,run,0,,,106/4
1489121,1,16,2,Ramsingh  Sanjay Yadav,R Rajkumar,Manimaran Siddharth,1,1,0,run,0,,,107/4
1489121,1,16,3,R Rajkumar,Ramsingh  Sanjay Yadav,Manimaran Siddharth,4,4,0,four,0,,,111/4
1489121,1,16,4,R Rajkumar,Ramsingh  Sanjay Yadav,Manimaran Siddharth,0,0,0,no run,0,,,111/4
1489121,1,16,5,R Rajkumar,Ramsingh  Sanjay Yadav,Manimaran Siddharth,0,0,0,no run,0,,,111/4
1489121,1,16,6,R Rajkumar,Ramsingh  Sanjay Yadav,Manimaran Siddharth,1,1,0,run,0,,,112/4
1489121,1,17,1,R Rajkumar,Ramsingh  Sanjay Yadav,N Kabilan,1,1,0,run,0,,,113/4
1489121,1,17,2,Ramsingh  Sanjay Yadav,R Rajkumar,N Kabilan,1,1,0,run,0,,,114/4
1489121,1,17,3,R Rajkumar,Ramsingh  Sanjay Yadav,N Kabilan,6,6,0,six,0,,,120/4
1489121,1,17,4,R Rajkumar,Ramsingh  Sanjay Yadav,N Kabilan,6,6,0,six,0,,,126/4
1489121,1,17,5,R Rajkumar,Ramsingh  Sanjay Yadav,N Kabilan,4,4,0,four,0,,,130/4
1489121,1,17,6,R Rajkumar,Ramsingh  Sanjay Yadav,N Kabilan,4,4,0,four,0,,,134/4
1489121,1,18,1,Ramsingh  Sanjay Yadav,R Rajkumar,Ramalingam Rohit,0,0,0,no run,0,,,134/4
1489121,1,18,2,Ramsingh  Sanjay Yadav,R Rajkumar,Ramalingam Rohit,4,4,0,four,0,,,138/4
1489121,1,18,3,Ramsingh  Sanjay Yadav,R Rajkumar,Ramalingam Rohit,0,0,0,out,1,caught,Ramsingh  Sanjay Yadav,138/5
1489121,1,18,4,P Saravana Kumar,R Rajkumar,Ramalingam Rohit,1,0,1,wide,0,,,139/5
1489121,1,18,5,P Saravana Kumar,R Rajkumar,Ramalingam Rohit,1,1,0,run,0,,,140/5
1489121,1,18,6,R Rajkumar,P Saravana Kumar,Ramalingam Rohit,6,6,0,six,0,,,146/5
1489121,1,18,7,R Rajkumar,P Saravana Kumar,Ramalingam Rohit,6,6,0,six,0,,,152/5
1489121,1,19,1,P Saravana Kumar,R Rajkumar,Manimaran Siddharth,0,0,0,no run,0,,,152/5
1489121,1,19,2,P Saravana Kumar,R Rajkumar,Manimaran Siddharth,1,0,1,wide,0,,,153/5
1489121,1,19,3,P Saravana Kumar,R Rajkumar,Manimaran Siddharth,0,0,0,no run,0,,,153/5
1489121,1,19,4,P Saravana Kumar,R Rajkumar,Manimaran Siddharth,0,0,0,no run,0,,,153/5
1489121,1,19,5,P Saravana Kumar,R Rajkumar,Manimaran Siddharth,0,0,0,no run,0,,,153/5
1489121,1,19,6,P Saravana Kumar,R Rajkumar,Manimaran Siddharth,4,4,0,four,0,,,157/5
1489121,1,19,7,P Saravana Kumar,R Rajkumar,Manimaran Siddharth,4,4,0,four,0,,,161/5
1489121,1,20,1,R Rajkumar,P Saravana Kumar,P Bhuvaneswaran,0,0,0,no run,0,,,161/5
1489121,1,20,2,R Rajkumar,P Saravana Kumar,P Bhuvaneswaran,0,0,0,no run,0,,,161/5
1489121,1,20,3,R Rajkumar,P Saravana Kumar,P Bhuvaneswaran,0,0,0,no run,0,,,161/5
1489121,1,20,4,R Rajkumar,P Saravana Kumar,P Bhuvaneswaran,2,2,0,run,0,,,163/5
1489121,1,20,5,R Rajkumar,P Saravana Kumar,P Bhuvaneswaran,4,4,0,four,0,,,167/5
1489121,1,20,6,R Rajkumar,P Saravana Kumar,P Bhuvaneswaran,1,1,0,run,0,,,168/5
1489121,2,1,1,CH Jitendra Kumar,Suresh Lokeshwar,M Ganesh Moorthi,1,1,0,run,0,,,1/0
1489121,2,1,2,Suresh Lokeshwar,CH Jitendra Kumar,M Ganesh Moorthi,1,1,0,run,0,,,2/0
1489121,2,1,3,CH Jitendra Kumar,Suresh Lokeshwar,M Ganesh Moorthi,6,6,0,six,0,,,8/0
1489121,2,1,4,CH Jitendra Kumar,Suresh Lokeshwar,M Ganesh Moorthi,4,0,4,bye,0,,,12/0
1489121,2,1,5,CH Jitendra Kumar,Suresh Lokeshwar,M Ganesh Moorthi,0,0,0,out,1,run out,CH Jitendra Kumar,12/1
1489121,2,1,6,Balasubramaniam Sachin,Suresh Lokeshwar,M Ganesh Moorthi,0,0,0,no run,0,,,12/1
1489121,2,2,1,Suresh Lokeshwar,Balasubramaniam Sachin,V Athisayaraj Davidson,0,0,0,no run,0,,,12/1
1489121,2,2,2,Suresh Lokeshwar,Balasubramaniam Sachin,V Athisayaraj Davidson,0,0,0,no run,0,,,12/1
1489121,2,2,3,Suresh Lokeshwar,Balasubramaniam Sachin,V Athisayaraj Davidson,1,1,0,run,0,,,13/1
1489121,2,2,4,Balasubramaniam Sachin,Suresh Lokeshwar,V Athisayaraj Davidson,1,1,0,run,0,,,14/1
1489121,2,2,5,Suresh Lokeshwar,Balasubramaniam Sachin,V Athisayaraj Davidson,4,4,0,four,0,,,18/1
1489121,2,2,6,Suresh Lokeshwar,Balasubramaniam Sachin,V Athisayaraj Davidson,1,1,0,run,0,,,19/1
1489121,2,3,1,Suresh Lokeshwar,Balasubramaniam Sachin,K Easwaran,0,0,0,no run,0,,,19/1
1489121,2,3,2,Suresh Lokeshwar,Balasubramaniam Sachin,K Easwaran,0,0,0,no run,0,,,19/1
1489121,2,3,3,Suresh Lokeshwar,Balasubramaniam Sachin,K Easwaran,1,0,1,wide,0,,,20/1
1489121,2,3,4,Suresh Lokeshwar,Balasubramaniam Sachin,K Easwaran,1,1,0,run,0,,,21/1
1489121,2,3,5,Balasubramaniam Sachin,Suresh Lokeshwar,K Easwaran,1,1,0,run,0,,,22/1
1489121,2,3,6,Suresh Lokeshwar,Balasubramaniam Sachin,K Easwaran,2,2,0,run,0,,,24/1
1489121,2,3,7,Suresh Lokeshwar,Balasubramaniam Sachin,K Easwaran,1,0,1,leg bye,0,,,25/1
1489121,2,4,1,Suresh Lokeshwar,Balasubramaniam Sachin,V Athisayaraj Davidson,1,1,0,run,0,,,26/1
1489121,2,4,2,Balasubramaniam Sachin,Suresh Lokeshwar,V Athisayaraj Davidson,1,0,1,leg bye,0,,,27/1
1489121,2,4,3,Suresh Lokeshwar,Balasubramaniam Sachin,V Athisayaraj Davidson,0,0,0,out,1,caught,Suresh Lokeshwar,27/2
1489121,2,4,4,Masood Shahrukh Khan,Balasubramaniam Sachin,V Athisayaraj Davidson,0,0,0,no run,0,,,27/2
1489121,2,4,5,Masood Shahrukh Khan,Balasubramaniam Sachin,V Athisayaraj Davidson,0,0,0,no run,0,,,27/2
1489121,2,4,6,Masood Shahrukh Khan,Balasubramaniam Sachin,V Athisayaraj Davidson,0,0,0,no run,0,,,27/2
1489121,2,5,1,Balasubramaniam Sachin,Masood Shahrukh Khan,K Easwaran,0,0,0,no run,0,,,27/2
1489121,2,5,2,Balasubramaniam Sachin,Masood Shahrukh Khan,K Easwaran,1,1,0,run,0,,,28/2
1489121,2,5,3,Masood Shahrukh Khan,Balasubramaniam Sachin,K Easwaran,0,0,0,no run,0,,,28/2
1489121,2,5,4,Masood Shahrukh Khan,Balasubramaniam Sachin,K Easwaran,0,0,0,no run,0,,,28/2
1489121,2,5,5,Masood Shahrukh Khan,Balasubramaniam Sachin,K Easwaran,1,1,0,run,0,,,29/2
1489121,2,5,6,Balasubramaniam Sachin,Masood Shahrukh Khan,K Easwaran,4,4,0,four,0,,,33/2
1489121,2,6,1,Masood Shahrukh Khan,Balasubramaniam Sachin,P Saravana Kumar,0,0,0,no run,0,,,33/2
1489121,2,6,2,Masood Shahrukh Khan,Balasubramaniam Sachin,P Saravana Kumar,0,0,0,no run,0,,,33/2
1489121,2,6,3,Masood Shahrukh Khan,Balasubramaniam Sachin,P Saravana Kumar,1,1,0,run,0,,,34/2
1489121,2,6,4,Balasubramaniam Sachin,Masood Shahrukh Khan,P Saravana Kumar,1,1,0,run,0,,,35/2
1489121,2,6,5,Masood Shahrukh Khan,Balasubramaniam Sachin,P Saravana Kumar,0,0,0,out,1,caught,Masood Shahrukh Khan,35/3
1489121,2,6,6,C Andre Siddarth,Balasubramaniam Sachin,P Saravana Kumar,1,1,0,run,0,,,36/3
1489121,2,7,1,C Andre Siddarth,Balasubramaniam Sachin,Ramsingh  Sanjay Yadav,1,1,0,run,0,,,37/3
1489121,2,7,2,Balasubramaniam Sachin,C Andre Siddarth,Ramsingh  Sanjay Yadav,0,0,0,no run,0,,,37/3
1489121,2,7,3,Balasubramaniam Sachin,C Andre Siddarth,Ramsingh  Sanjay Yadav,1,1,0,run,0,,,38/3
1489121,2,7,4,C Andre Siddarth,Balasubramaniam Sachin,Ramsingh  Sanjay Yadav,1,1,0,run,0,,,39/3
1489121,2,7,5,Balasubramaniam Sachin,C Andre Siddarth,Ramsingh  Sanjay Yadav,1,1,0,run,0,,,40/3
1489121,2,7,6,C Andre Siddarth,Balasubramaniam Sachin,Ramsingh  Sanjay Yadav,1,1,0,run,0,,,41/3
1489121,2,8,1,C Andre Siddarth,Balasubramaniam Sachin,P Saravana Kumar,6,6,0,six,0,,,47/3
1489121,2,8,2,C Andre Siddarth,Balasubramaniam Sachin,P Saravana Kumar,4,4,0,four,0,,,51/3
1489121,2,8,3,C Andre Siddarth,Balasubramaniam Sachin,P Saravana Kumar,1,1,0,run,0,,,52/3
1489121,2,8,4,Balasubramaniam Sachin,C Andre Siddarth,P Saravana Kumar,1,1,0,run,0,,,53/3
1489121,2,8,5,C Andre Siddarth,Balasubramaniam Sachin,P Saravana Kumar,1,0,1,wide,0,,,54/3
1489121,2,8,6,C Andre Siddarth,Balasubramaniam Sachin,P Saravana Kumar,1,1,0,run,0,,,55/3
1489121,2,8,7,Balasubramaniam Sachin,C Andre Siddarth,P Saravana Kumar,4,4,0,four,0,,,59/3
1489121,2,9,1,C Andre Siddarth,Balasubramaniam Sachin,Ramsingh  Sanjay Yadav,0,0,0,no run,0,,,59/3
1489121,2,9,2,C Andre Siddarth,Balasubramaniam Sachin,Ramsingh  Sanjay Yadav,1,1,0,run,0,,,60/3
1489121,2,9,3,Balasubramaniam Sachin,C Andre Siddarth,Ramsingh  Sanjay Yadav,1,1,0,run,0,,,61/3
1489121,2,9,4,C Andre Siddarth,Balasubramaniam Sachin,Ramsingh  Sanjay Yadav,0,0,0,no run,0,,,61/3
1489121,2,9,5,C Andre Siddarth,Balasubramaniam Sachin,Ramsingh  Sanjay Yadav,1,1,0,run,0,,,62/3
1489121,2,9,6,Balasubramaniam Sachin,C Andre Siddarth,Ramsingh  Sanjay Yadav,6,6,0,six,0,,,68/3
1489121,2,10,1,C Andre Siddarth,Balasubramaniam Sachin,R Rajkumar,1,1,0,run,0,,,69/3
1489121,2,10,2,Balasubramaniam Sachin,C Andre Siddarth,R Rajkumar,2,2,0,run,0,,,71/3
1489121,2,10,3,Balasubramaniam Sachin,C Andre Siddarth,R Rajkumar,2,2,0,run,0,,,73/3
1489121,2,10,4,Balasubramaniam Sachin,C Andre Siddarth,R Rajkumar,0,0,0,no run,0,,,73/3
1489121,2,10,5,Balasubramaniam Sachin,C Andre Siddarth,R Rajkumar,1,0,1,wide,0,,,74/3
1489121,2,10,6,Balasubramaniam Sachin,C Andre Siddarth,R Rajkumar,1,1,0,run,0,,,75/3
1489121,2,10,7,C Andre Siddarth,Balasubramaniam Sachin,R Rajkumar,1,1,0,run,0,,,76/3
1489121,2,11,1,C Andre Siddarth,Balasubramaniam Sachin,M Ganesh Moorthi,1,1,0,run,0,,,77/3
1489121,2,11,2,Balasubramaniam Sachin,C Andre Siddarth,M Ganesh Moorthi,1,1,0,run,0,,,78/3
1489121,2,11,3,C Andre Siddarth,Balasubramaniam Sachin,M Ganesh Moorthi,0,0,0,no run,0,,,78/3
1489121,2,11,4,C Andre Siddarth,Balasubramaniam Sachin,M Ganesh Moorthi,0,0,0,no run,0,,,78/3
1489121,2,11,5,C Andre Siddarth,Balasubramaniam Sachin,M Ganesh Moorthi,1,1,0,run,0,,,79/3
1489121,2,11,6,Balasubramaniam Sachin,C Andre Siddarth,M Ganesh Moorthi,6,6,0,six,0,,,85/3
1489121,2,12,1,C Andre Siddarth,Balasubramaniam Sachin,R Rajkumar,0,0,0,no run,0,,,85/3
1489121,2,12,2,C Andre Siddarth,Balasubramaniam Sachin,R Rajkumar,0,0,0,no run,0,,,85/3
1489121,2,12,3,C Andre Siddarth,Balasubramaniam Sachin,R Rajkumar,0,0,0,no run,0,,,85/3
1489121,2,12,4,C Andre Siddarth,Balasubramaniam Sachin,R Rajkumar,4,4,0,four,0,,,89/3
1489121,2,12,5,C Andre Siddarth,Balasubramaniam Sachin,R Rajkumar,0,0,0,no run,0,,,89/3
1489121,2,12,6,C Andre Siddarth,Balasubramaniam Sachin,R Rajkumar,1,1,0,run,0,,,90/3
1489121,2,13,1,C Andre Siddarth,Balasubramaniam Sachin,P Saravana Kumar,2,2,0,run,0,,,92/3
1489121,2,13,2,C Andre Siddarth,Balasubramaniam Sachin,P Saravana Kumar,0,0,0,no run,0,,,92/3
1489121,2,13,3,C Andre Siddarth,Balasubramaniam Sachin,P Saravana Kumar,1,1,0,run,0,,,93/3
1489121,2,13,4,Balasubramaniam Sachin,C Andre Siddarth,P Saravana Kumar,1,1,0,run,0,,,94/3
1489121,2,13,5,C Andre Siddarth,Balasubramaniam Sachin,P Saravana Kumar,1,0,1,wide,0,,,95/3
1489121,2,13,6,C Andre Siddarth,Balasubramaniam Sachin,P Saravana Kumar,1,1,0,run,0,,,96/3
1489121,2,13,7,Balasubramaniam Sachin,C Andre Siddarth,P Saravana Kumar,1,0,1,wide,0,,,97/3
1489121,2,13,8,Balasubramaniam Sachin,C Andre Siddarth,P Saravana Kumar,1,1,0,run,0,,,98/3
1489121,2,14,1,Balasubramaniam Sachin,C Andre Siddarth,R Rajkumar,1,1,0,run,0,,,99/3
1489121,2,14,2,C Andre Siddarth,Balasubramaniam Sachin,R Rajkumar,1,1,0,run,0,,,100/3
1489121,2,14,3,Balasubramaniam Sachin,C Andre Siddarth,R Rajkumar,1,1,0,run,0,,,101/3
1489121,2,14,4,C Andre Siddarth,Balasubramaniam Sachin,R Rajkumar,1,1,0,run,0,,,102/3
1489121,2,14,5,Balasubramaniam Sachin,C Andre Siddarth,R Rajkumar,0,0,0,out,1,caught,Balasubramaniam Sachin,102/4
1489121,2,14,6,S Guru Raghavendran,C Andre Siddarth,R Rajkumar,1,1,0,run,0,,,103/4
1489121,2,15,1,S Guru Raghavendran,C Andre Siddarth,K Easwaran,2,2,0,run,0,,,105/4
1489121,2,15,2,S Guru Raghavendran,C Andre Siddarth,K Easwaran,1,1,0,run,0,,,106/4
1489121,2,15,3,C Andre Siddarth,S Guru Raghavendran,K Easwaran,0,0,0,no run,0,,,106/4
1489121,2,15,4,C Andre Siddarth,S Guru Raghavendran,K Easwaran,0,0,0,no run,0,,,106/4
1489121,2,15,5,C Andre Siddarth,S Guru Raghavendran,K Easwaran,0,0,0,no run,0,,,106/4
1489121,2,15,6,C Andre Siddarth,S Guru Raghavendran,K Easwaran,0,0,0,no run,0,,,106/4
1489121,2,16,1,S Guru Raghavendran,C Andre Siddarth,R Rajkumar,1,1,0,run,0,,,107/4
1489121,2,16,2,C Andre Siddarth,S Guru Raghavendran,R Rajkumar,6,6,0,six,0,,,113/4
1489121,2,16,3,C Andre Siddarth,S Guru Raghavendran,R Rajkumar,0,0,0,out,1,caught,C Andre Siddarth,113/5
1489121,2,16,4,KT Madhava Prasad,S Guru Raghavendran,R Rajkumar,4,4,0,four,0,,,117/5
1489121,2,16,5,KT Madhava Prasad,S Guru Raghavendran,R Rajkumar,1,1,0,run,0,,,118/5
1489121,2,16,6,S Guru Raghavendran,KT Madhava Prasad,R Rajkumar,2,2,0,run,0,,,120/5
1489121,2,17,1,KT Madhava Prasad,S Guru Raghavendran,K Easwaran,0,0,0,no run,0,,,120/5
1489121,2,17,2,KT Madhava Prasad,S Guru Raghavendran,K Easwaran,1,1,0,run,0,,,121/5
1489121,2,17,3,S Guru Raghavendran,KT Madhava Prasad,K Easwaran,0,0,0,out,1,caught,S Guru Raghavendran,121/6
1489121,2,17,4,Manimaran Siddharth,KT Madhava Prasad,K Easwaran,1,1,0,run,0,,,122/6
1489121,2,17,5,KT Madhava Prasad,Manimaran Siddharth,K Easwaran,1,1,0,run,0,,,123/6
1489121,2,17,6,Manimaran Siddharth,KT Madhava Prasad,K Easwaran,2,2,0,run,0,,,125/6
1489121,2,18,1,KT Madhava Prasad,Manimaran Siddharth,V Athisayaraj Davidson,1,1,0,run,0,,,126/6
1489121,2,18,2,Manimaran Siddharth,KT Madhava Prasad,V Athisayaraj Davidson,1,1,0,run,0,,,127/6
1489121,2,18,3,KT Madhava Prasad,Manimaran Siddharth,V Athisayaraj Davidson,1,1,0,run,0,,,128/6
1489121,2,18,4,Manimaran Siddharth,KT Madhava Prasad,V Athisayaraj Davidson,0,0,0,out,1,caught,Manimaran Siddharth,128/7
1489121,2,18,5,Ramalingam Rohit,KT Madhava Prasad,V Athisayaraj Davidson,1,1,0,run,0,,,129/7
1489121,2,18,6,KT Madhava Prasad,Ramalingam Rohit,V Athisayaraj Davidson,1,1,0,run,0,,,130/7
1489121,2,19,1,KT Madhava Prasad,Ramalingam Rohit,P Saravana Kumar,1,0,1,wide,0,,,131/7
1489121,2,19,2,KT Madhava Prasad,Ramalingam Rohit,P Saravana Kumar,1,1,0,run,0,,,132/7
1489121,2,19,3,Ramalingam Rohit,KT Madhava Prasad,P Saravana Kumar,4,4,0,four,0,,,136/7
1489121,2,19,4,Ramalingam Rohit,KT Madhava Prasad,P Saravana Kumar,1,1,0,run,0,,,137/7
1489121,2,19,5,KT Madhava Prasad,Ramalingam Rohit,P Saravana Kumar,1,1,0,run,0,,,138/7
1489121,2,19,6,Ramalingam Rohit,KT Madhava Prasad,P Saravana Kumar,1,1,0,run,0,,,139/7
1489121,2,19,7,KT Madhava Prasad,Ramalingam Rohit,P Saravana Kumar,2,2,0,run,0,,,141/7
1489121,2,20,1,Ramalingam Rohit,KT Madhava Prasad,V Athisayaraj Davidson,0,0,0,out,1,caught,Ramalingam Rohit,141/8
1489121,2,20,2,P Bhuvaneswaran,KT Madhava Prasad,V Athisayaraj Davidson,1,1,0,run,0,,,142/8
1489121,2,20,3,KT Madhava Prasad,P Bhuvaneswaran,V Athisayaraj Davidson,6,6,0,six,0,,,148/8
1489121,2,20,4,KT Madhava Prasad,P Bhuvaneswaran,V Athisayaraj Davidson,1,1,0,run,1,run out,P Bhuvaneswaran,149/9
1489121,2,20,5,KT Madhava Prasad,Jhathavedh Subramanyan,V Athisayaraj Davidson,1,1,0,run,0,,,150/9
1489121,2,20,6,Jhathavedh Subramanyan,KT Madhava Prasad,V Athisayaraj Davidson,4,4,0,four,0,,,154/9
1489122,1,1,1,R Ram Arvindh,Balchander Anirudh,Emmanuel Cherian,2,2,0,run,0,,,2/0
1489122,1,1,2,R Ram Arvindh,Balchander Anirudh,Emmanuel Cherian,0,0,0,no run,0,,,2/0
1489122,1,1,3,R Ram Arvindh,Balchander Anirudh,Emmanuel Cherian,0,0,0,no run,0,,,2/0
1489122,1,1,4,R Ram Arvindh,Balchander Anirudh,Emmanuel Cherian,1,1,0,run,0,,,3/0
1489122,1,1,5,Balchander Anirudh,R Ram Arvindh,Emmanuel Cherian,1,1,0,run,0,,,4/0
1489122,1,1,6,R Ram Arvindh,Balchander Anirudh,Emmanuel Cherian,0,0,0,no run,0,,,4/0
1489122,1,2,1,Balchander Anirudh,R Ram Arvindh,Rocky Bhasker,1,1,0,run,0,,,5/0
1489122,1,2,2,R Ram Arvindh,Balchander Anirudh,Rocky Bhasker,1,1,0,run,0,,,6/0
1489122,1,2,3,Balchander Anirudh,R Ram Arvindh,Rocky Bhasker,0,0,0,no run,0,,,6/0
1489122,1,2,4,Balchander Anirudh,R Ram Arvindh,Rocky Bhasker,4,4,0,four,0,,,10/0
1489122,1,2,5,Balchander Anirudh,R Ram Arvindh,Rocky Bhasker,1,1,0,run,0,,,11/0
1489122,1,2,6,R Ram Arvindh,Balchander Anirudh,Rocky Bhasker,1,1,0,run,0,,,12/0
1489122,1,3,1,R Ram Arvindh,Balchander Anirudh,Emmanuel Cherian,0,0,0,no run,0,,,12/0
1489122,1,3,2,R Ram Arvindh,Balchander Anirudh,Emmanuel Cherian,4,4,0,four,0,,,16/0
1489122,1,3,3,R Ram Arvindh,Balchander Anirudh,Emmanuel Cherian,0,0,0,out,1,caught,R Ram Arvindh,16/1
1489122,1,3,4,N Sarangarajan Chaturved,Balchander Anirudh,Emmanuel Cherian,0,0,0,no run,0,,,16/1
1489122,1,3,5,N Sarangarajan Chaturved,Balchander Anirudh,Emmanuel Cherian,1,1,0,run,0,,,17/1
1489122,1,3,6,Balchander Anirudh,N Sarangarajan Chaturved,Emmanuel Cherian,1,1,0,run,0,,,18/1
1489122,1,4,1,Balchander Anirudh,N Sarangarajan Chaturved,Rocky Bhasker,4,4,0,four,0,,,22/1
1489122,1,4,2,Balchander Anirudh,N Sarangarajan Chaturved,Rocky Bhasker,0,0,0,no run,0,,,22/1
1489122,1,4,3,Balchander Anirudh,N Sarangarajan Chaturved,Rocky Bhasker,2,2,0,run,0,,,24/1
1489122,1,4,4,Balchander Anirudh,N Sarangarajan Chaturved,Rocky Bhasker,1,1,0,run,0,,,25/1
1489122,1,4,5,N Sarangarajan Chaturved,Balchander Anirudh,Rocky Bhasker,0,0,0,out,1,leg before wicket,N Sarangarajan Chaturved,25/2
1489122,1,4,6,S Shyam Sundar,Balchander Anirudh,Rocky Bhasker,1,0,1,wide,0,,,26/2
1489122,1,4,7,S Shyam Sundar,Balchander Anirudh,Rocky Bhasker,0,0,0,out,1,bowled,S Shyam Sundar,26/3
1489122,1,5,1,Balchander Anirudh,Atheeq Ur Rahman,Emmanuel Cherian,0,0,0,no run,0,,,26/3
1489122,1,5,2,Balchander Anirudh,Atheeq Ur Rahman,Emmanuel Cherian,4,4,0,four,0,,,30/3
1489122,1,5,3,Balchander Anirudh,Atheeq Ur Rahman,Emmanuel Cherian,0,0,0,no run,0,,,30/3
1489122,1,5,4,Balchander Anirudh,Atheeq Ur Rahman,Emmanuel Cherian,1,1,0,run,0,,,31/3
1489122,1,5,5,Atheeq Ur Rahman,Balchander Anirudh,Emmanuel Cherian,1,1,0,run,0,,,32/3
1489122,1,5,6,Balchander Anirudh,Atheeq Ur Rahman,Emmanuel Cherian,1,1,0,run,0,,,33/3
1489122,1,6,1,Balchander Anirudh,Atheeq Ur Rahman,Rocky Bhasker,0,0,0,no run,0,,,33/3
1489122,1,6,2,Balchander Anirudh,Atheeq Ur Rahman,Rocky Bhasker,0,0,0,no run,0,,,33/3
1489122,1,6,3,Balchander Anirudh,Atheeq Ur Rahman,Rocky Bhasker,1,1,0,run,0,,,34/3
1489122,1,6,4,Atheeq Ur Rahman,Balchander Anirudh,Rocky Bhasker,1,1,0,run,0,,,35/3
1489122,1,6,5,Balchander Anirudh,Atheeq Ur Rahman,Rocky Bhasker,0,0,0,no run,0,,,35/3
1489122,1,6,6,Balchander Anirudh,Atheeq Ur Rahman,Rocky Bhasker,0,0,0,no run,0,,,35/3
1489122,1,7,1,Atheeq Ur Rahman,Balchander Anirudh,PS Nirmal Kumar,1,1,0,run,0,,,36/3
1489122,1,7,2,Balchander Anirudh,Atheeq Ur Rahman,PS Nirmal Kumar,1,1,0,run,0,,,37/3
1489122,1,7,3,Atheeq Ur Rahman,Balchander Anirudh,PS Nirmal Kumar,0,0,0,no run,0,,,37/3
1489122,1,7,4,Atheeq Ur Rahman,Balchander Anirudh,PS Nirmal Kumar,0,0,0,no run,0,,,37/3
1489122,1,7,5,Atheeq Ur Rahman,Balchander Anirudh,PS Nirmal Kumar,1,0,1,leg bye,0,,,38/3
1489122,1,7,6,Balchander Anirudh,Atheeq Ur Rahman,PS Nirmal Kumar,1,1,0,run,0,,,39/3
1489122,1,8,1,Balchander Anirudh,Atheeq Ur Rahman,Sachin Rathi,4,0,4,bye,0,,,43/3
1489122,1,8,2,Balchander Anirudh,Atheeq Ur Rahman,Sachin Rathi,1,1,0,run,0,,,44/3
1489122,1,8,3,Atheeq Ur Rahman,Balchander Anirudh,Sachin Rathi,1,1,0,run,0,,,45/3
1489122,1,8,4,Balchander Anirudh,Atheeq Ur Rahman,Sachin Rathi,2,2,0,run,0,,,47/3
1489122,1,8,5,Balchander Anirudh,Atheeq Ur Rahman,Sachin Rathi,2,2,0,run,0,,,49/3
1489122,1,8,6,Balchander Anirudh,Atheeq Ur Rahman,Sachin Rathi,1,1,0,run,0,,,50/3
1489122,1,9,1,Balchander Anirudh,Atheeq Ur Rahman,PS Nirmal Kumar,0,0,0,no run,0,,,50/3
1489122,1,9,2,Balchander Anirudh,Atheeq Ur Rahman,PS Nirmal Kumar,1,1,0,run,0,,,51/3
1489122,1,9,3,Atheeq Ur Rahman,Balchander Anirudh,PS Nirmal Kumar,6,6,0,six,0,,,57/3
1489122,1,9,4,Atheeq Ur Rahman,Balchander Anirudh,PS Nirmal Kumar,1,1,0,run,0,,,58/3
1489122,1,9,5,Balchander Anirudh,Atheeq Ur Rahman,PS Nirmal Kumar,1,1,0,run,0,,,59/3
1489122,1,9,6,Atheeq Ur Rahman,Balchander Anirudh,PS Nirmal Kumar,0,0,0,no run,0,,,59/3
1489122,1,10,1,Balchander Anirudh,Atheeq Ur Rahman,Rocky Bhasker,1,1,0,run,0,,,60/3
1489122,1,10,2,Atheeq Ur Rahman,Balchander Anirudh,Rocky Bhasker,1,1,0,run,0,,,61/3
1489122,1,10,3,Balchander Anirudh,Atheeq Ur Rahman,Rocky Bhasker,1,1,0,run,0,,,62/3
1489122,1,10,4,Atheeq Ur Rahman,Balchander Anirudh,Rocky Bhasker,1,1,0,run,0,,,63/3
1489122,1,10,5,Balchander Anirudh,Atheeq Ur Rahman,Rocky Bhasker,1,1,0,run,0,,,64/3
1489122,1,10,6,Atheeq Ur Rahman,Balchander Anirudh,Rocky Bhasker,1,1,0,run,0,,,65/3
1489122,1,11,1,Atheeq Ur Rahman,Balchander Anirudh,PS Nirmal Kumar,1,1,0,run,0,,,66/3
1489122,1,11,2,Balchander Anirudh,Atheeq Ur Rahman,PS Nirmal Kumar,6,6,0,six,0,,,72/3
1489122,1,11,3,Balchander Anirudh,Atheeq Ur Rahman,PS Nirmal Kumar,1,1,0,run,0,,,73/3
1489122,1,11,4,Atheeq Ur Rahman,Balchander Anirudh,PS Nirmal Kumar,6,6,0,six,0,,,79/3
1489122,1,11,5,Atheeq Ur Rahman,Balchander Anirudh,PS Nirmal Kumar,1,1,0,run,0,,,80/3
1489122,1,11,6,Balchander Anirudh,Atheeq Ur Rahman,PS Nirmal Kumar,6,6,0,six,0,,,86/3
1489122,1,12,1,Atheeq Ur Rahman,Balchander Anirudh,Ramsingh Sonu Yadav,1,1,0,run,0,,,87/3
1489122,1,12,2,Balchander Anirudh,Atheeq Ur Rahman,Ramsingh Sonu Yadav,0,0,0,out,1,caught,Balchander Anirudh,87/4
1489122,1,12,3,S Ganesh,Atheeq Ur Rahman,Ramsingh Sonu Yadav,1,0,1,wide,0,,,88/4
1489122,1,12,4,S Ganesh,Atheeq Ur Rahman,Ramsingh Sonu Yadav,1,1,0,run,0,,,89/4
1489122,1,12,5,Atheeq Ur Rahman,S Ganesh,Ramsingh Sonu Yadav,0,0,0,no run,0,,,89/4
1489122,1,12,6,Atheeq Ur Rahman,S Ganesh,Ramsingh Sonu Yadav,1,0,1,wide,0,,,90/4
1489122,1,12,7,Atheeq Ur Rahman,S Ganesh,Ramsingh Sonu Yadav,4,4,0,four,0,,,94/4
1489122,1,12,8,Atheeq Ur Rahman,S Ganesh,Ramsingh Sonu Yadav,4,4,0,four,0,,,98/4
1489122,1,13,1,S Ganesh,Atheeq Ur Rahman,Valliappan Yudheeswaran,0,0,0,no run,0,,,98/4
1489122,1,13,2,S Ganesh,Atheeq Ur Rahman,Valliappan Yudheeswaran,4,4,0,four,0,,,102/4
1489122,1,13,3,S Ganesh,Atheeq Ur Rahman,Valliappan Yudheeswaran,0,0,0,no run,0,,,102/4
1489122,1,13,4,S Ganesh,Atheeq Ur Rahman,Valliappan Yudheeswaran,1,1,0,run,0,,,103/4
1489122,1,13,5,Atheeq Ur Rahman,S Ganesh,Valliappan Yudheeswaran,0,0,0,no run,0,,,103/4
1489122,1,13,6,Atheeq Ur Rahman,S Ganesh,Valliappan Yudheeswaran,1,1,0,run,0,,,104/4
1489122,1,14,1,Atheeq Ur Rahman,S Ganesh,Sachin Rathi,1,1,0,run,0,,,105/4
1489122,1,14,2,S Ganesh,Atheeq Ur Rahman,Sachin Rathi,4,4,0,four,0,,,109/4
1489122,1,14,3,S Ganesh,Atheeq Ur Rahman,Sachin Rathi,1,0,1,leg bye,0,,,110/4
1489122,1,14,4,Atheeq Ur Rahman,S Ganesh,Sachin Rathi,1,1,0,run,0,,,111/4
1489122,1,14,5,S Ganesh,Atheeq Ur Rahman,Sachin Rathi,1,1,0,run,0,,,112/4
1489122,1,14,6,Atheeq Ur Rahman,S Ganesh,Sachin Rathi,1,1,0,run,0,,,113/4
1489122,1,15,1,Atheeq Ur Rahman,S Ganesh,Ramsingh Sonu Yadav,1,1,0,run,0,,,114/4
1489122,1,15,2,S Ganesh,Atheeq Ur Rahman,Ramsingh Sonu Yadav,0,0,0,out,1,caught,S Ganesh,114/5
1489122,1,15,3,Rajalingam S,Atheeq Ur Rahman,Ramsingh Sonu Yadav,1,1,0,run,0,,,115/5
1489122,1,15,4,Atheeq Ur Rahman,Rajalingam S,Ramsingh Sonu Yadav,0,0,0,out,1,caught,Atheeq Ur Rahman,115/6
1489122,1,15,5,Murugan Ashwin,Rajalingam S,Ramsingh Sonu Yadav,2,2,0,run,0,,,117/6
1489122,1,15,6,Murugan Ashwin,Rajalingam S,Ramsingh Sonu Yadav,1,1,0,run,0,,,118/6
1489122,1,16,1,Murugan Ashwin,Rajalingam S,Sachin Rathi,0,0,0,no run,0,,,118/6
1489122,1,16,2,Murugan Ashwin,Rajalingam S,Sachin Rathi,0,0,0,no run,0,,,118/6
1489122,1,16,3,Murugan Ashwin,Rajalingam S,Sachin Rathi,1,1,0,run,0,,,119/6
1489122,1,16,4,Rajalingam S,Murugan Ashwin,Sachin Rathi,1,0,1,wide,0,,,120/6
1489122,1,16,5,Rajalingam S,Murugan Ashwin,Sachin Rathi,1,1,0,run,0,,,121/6
1489122,1,16,6,Murugan Ashwin,Rajalingam S,Sachin Rathi,1,1,0,run,0,,,122/6
1489122,1,16,7,Rajalingam S,Murugan Ashwin,Sachin Rathi,0,0,0,out,1,run out,Rajalingam S,122/7
1489122,1,17,1,Murugan Ashwin,P Saravanan,Ramsingh Sonu Yadav,0,0,0,no run,0,,,122/7
1489122,1,17,2,Murugan Ashwin,P Saravanan,Ramsingh Sonu Yadav,1,1,0,run,0,,,123/7
1489122,1,17,3,P Saravanan,Murugan Ashwin,Ramsingh Sonu Yadav,0,0,0,no run,0,,,123/7
1489122,1,17,4,P Saravanan,Murugan Ashwin,Ramsingh Sonu Yadav,1,1,0,run,0,,,124/7
1489122,1,17,5,Murugan Ashwin,P Saravanan,Ramsingh Sonu Yadav,0,0,0,no run,0,,,124/7
1489122,1,17,6,Murugan Ashwin,P Saravanan,Ramsingh Sonu Yadav,1,1,0,run,0,,,125/7
1489122,1,18,1,Murugan Ashwin,P Saravanan,Valliappan Yudheeswaran,0,0,0,no run,0,,,125/7
1489122,1,18,2,Murugan Ashwin,P Saravanan,Valliappan Yudheeswaran,0,0,0,out,1,caught,Murugan Ashwin,125/8
1489122,1,18,3,Gurjapneet Singh,P Saravanan,Valliappan Yudheeswaran,1,0,1,wide,0,,,126/8
1489122,1,18,4,Gurjapneet Singh,P Saravanan,Valliappan Yudheeswaran,1,1,0,run,0,,,127/8
1489122,1,18,5,P Saravanan,Gurjapneet Singh,Valliappan Yudheeswaran,0,0,0,no run,0,,,127/8
1489122,1,18,6,P Saravanan,Gurjapneet Singh,Valliappan Yudheeswaran,1,1,0,run,0,,,128/8
1489122,1,18,7,Gurjapneet Singh,P Saravanan,Valliappan Yudheeswaran,1,1,0,run,0,,,129/8
1489122,1,19,1,Gurjapneet Singh,P Saravanan,Ramsingh Sonu Yadav,6,6,0,six,0,,,135/8
1489122,1,19,2,Gurjapneet Singh,P Saravanan,Ramsingh Sonu Yadav,1,1,0,run,0,,,136/8
1489122,1,19,3,P Saravanan,Gurjapneet Singh,Ramsingh Sonu Yadav,6,6,0,six,0,,,142/8
1489122,1,19,4,P Saravanan,Gurjapneet Singh,Ramsingh Sonu Yadav,0,0,0,no run,0,,,142/8
1489122,1,19,5,P Saravanan,Gurjapneet Singh,Ramsingh Sonu Yadav,1,0,1,wide,0,,,143/8
1489122,1,19,6,P Saravanan,Gurjapneet Singh,Ramsingh Sonu Yadav,1,1,0,run,0,,,144/8
1489122,1,19,7,Gurjapneet Singh,P Saravanan,Ramsingh Sonu Yadav,6,6,0,six,0,,,150/8
1489122,1,20,1,P Saravanan,Gurjapneet Singh,Valliappan Yudheeswaran,1,1,0,run,0,,,151/8
1489122,1,20,2,Gurjapneet Singh,P Saravanan,Valliappan Yudheeswaran,6,6,0,six,0,,,157/8
1489122,1,20,3,Gurjapneet Singh,P Saravanan,Valliappan Yudheeswaran,1,0,1,wide,0,,,158/8
1489122,1,20,4,Gurjapneet Singh,P Saravanan,Valliappan Yudheeswaran,1,0,1,wide,0,,,159/8
1489122,1,20,5,Gurjapneet Singh,P Saravanan,Valliappan Yudheeswaran,2,2,0,run,0,,,161/8
1489122,1,20,6,Gurjapneet Singh,P Saravanan,Valliappan Yudheeswaran,1,1,0,run,0,,,162/8
1489122,1,20,7,P Saravanan,Gurjapneet Singh,Valliappan Yudheeswaran,6,6,0,six,0,,,168/8
1489122,1,20,8,P Saravanan,Gurjapneet Singh,Valliappan Yudheeswaran,0,0,0,out,1,run out,Gurjapneet Singh,168/9
1489122,2,1,1,Guruswamy Ajitesh,D Santhosh Kumar,Gurjapneet Singh,0,0,0,out,1,caught,Guruswamy Ajitesh,0/1
1489122,2,1,2,Konda Bhaskir Arun Karthik,D Santhosh Kumar,Gurjapneet Singh,6,6,0,six,0,,,6/1
1489122,2,1,3,Konda Bhaskir Arun Karthik,D Santhosh Kumar,Gurjapneet Singh,1,1,0,run,0,,,7/1
1489122,2,1,4,D Santhosh Kumar,Konda Bhaskir Arun Karthik,Gurjapneet Singh,1,1,0,run,0,,,8/1
1489122,2,1,5,Konda Bhaskir Arun Karthik,D Santhosh Kumar,Gurjapneet Singh,1,1,0,run,0,,,9/1
1489122,2,1,6,D Santhosh Kumar,Konda Bhaskir Arun Karthik,Gurjapneet Singh,0,0,0,no run,0,,,9/1
1489122,2,2,1,Konda Bhaskir Arun Karthik,D Santhosh Kumar,P Saravanan,0,0,0,no run,0,,,9/1
1489122,2,2,2,Konda Bhaskir Arun Karthik,D Santhosh Kumar,P Saravanan,4,4,0,four,0,,,13/1
1489122,2,2,3,Konda Bhaskir Arun Karthik,D Santhosh Kumar,P Saravanan,0,0,0,no run,0,,,13/1
1489122,2,2,4,Konda Bhaskir Arun Karthik,D Santhosh Kumar,P Saravanan,1,1,0,run,0,,,14/1
1489122,2,2,5,D Santhosh Kumar,Konda Bhaskir Arun Karthik,P Saravanan,1,1,0,run,0,,,15/1
1489122,2,2,6,Konda Bhaskir Arun Karthik,D Santhosh Kumar,P Saravanan,4,4,0,four,0,,,19/1
1489122,2,3,1,D Santhosh Kumar,Konda Bhaskir Arun Karthik,Gurjapneet Singh,1,1,0,run,0,,,20/1
1489122,2,3,2,Konda Bhaskir Arun Karthik,D Santhosh Kumar,Gurjapneet Singh,1,1,0,run,0,,,21/1
1489122,2,3,3,D Santhosh Kumar,Konda Bhaskir Arun Karthik,Gurjapneet Singh,0,0,0,out,1,caught,D Santhosh Kumar,21/2
1489122,2,3,4,NS Harish,Konda Bhaskir Arun Karthik,Gurjapneet Singh,0,0,0,no run,0,,,21/2
1489122,2,3,5,NS Harish,Konda Bhaskir Arun Karthik,Gurjapneet Singh,0,0,0,no run,0,,,21/2
1489122,2,3,6,NS Harish,Konda Bhaskir Arun Karthik,Gurjapneet Singh,0,0,0,no run,0,,,21/2
1489122,2,4,1,Konda Bhaskir Arun Karthik,NS Harish,Surya Anand S,4,4,0,four,0,,,25/2
1489122,2,4,2,Konda Bhaskir Arun Karthik,NS Harish,Surya Anand S,0,0,0,no run,0,,,25/2
1489122,2,4,3,Konda Bhaskir Arun Karthik,NS Harish,Surya Anand S,4,4,0,four,0,,,29/2
1489122,2,4,4,Konda Bhaskir Arun Karthik,NS Harish,Surya Anand S,1,1,0,run,0,,,30/2
1489122,2,4,5,NS Harish,Konda Bhaskir Arun Karthik,Surya Anand S,1,1,0,run,0,,,31/2
1489122,2,4,6,Konda Bhaskir Arun Karthik,NS Harish,Surya Anand S,1,1,0,run,0,,,32/2
1489122,2,5,1,Konda Bhaskir Arun Karthik,NS Harish,Murugan Ashwin,6,6,0,six,0,,,38/2
1489122,2,5,2,Konda Bhaskir Arun Karthik,NS Harish,Murugan Ashwin,0,0,0,no run,0,,,38/2
1489122,2,5,3,Konda Bhaskir Arun Karthik,NS Harish,Murugan Ashwin,0,0,0,no run,0,,,38/2
1489122,2,5,4,Konda Bhaskir Arun Karthik,NS Harish,Murugan Ashwin,6,6,0,six,0,,,44/2
1489122,2,5,5,Konda Bhaskir Arun Karthik,NS Harish,Murugan Ashwin,1,1,0,run,0,,,45/2
1489122,2,5,6,NS Harish,Konda Bhaskir Arun Karthik,Murugan Ashwin,0,0,0,no run,0,,,45/2
1489122,2,6,1,Konda Bhaskir Arun Karthik,NS Harish,Rajalingam S,4,4,0,four,0,,,49/2
1489122,2,6,2,Konda Bhaskir Arun Karthik,NS Harish,Rajalingam S,1,0,1,leg bye,0,,,50/2
1489122,2,6,3,NS Harish,Konda Bhaskir Arun Karthik,Rajalingam S,1,1,0,run,0,,,51/2
1489122,2,6,4,Konda Bhaskir Arun Karthik,NS Harish,Rajalingam S,4,4,0,four,0,,,55/2
1489122,2,6,5,Konda Bhaskir Arun Karthik,NS Harish,Rajalingam S,1,1,0,run,0,,,56/2
1489122,2,6,6,NS Harish,Konda Bhaskir Arun Karthik,Rajalingam S,0,0,0,out,1,caught,NS Harish,56/3
1489122,2,7,1,Konda Bhaskir Arun Karthik,S Rithik Easwaran,Murugan Ashwin,1,1,0,run,0,,,57/3
1489122,2,7,2,S Rithik Easwaran,Konda Bhaskir Arun Karthik,Murugan Ashwin,1,1,0,run,0,,,58/3
1489122,2,7,3,Konda Bhaskir Arun Karthik,S Rithik Easwaran,Murugan Ashwin,0,0,0,no run,0,,,58/3
1489122,2,7,4,Konda Bhaskir Arun Karthik,S Rithik Easwaran,Murugan Ashwin,1,1,0,run,0,,,59/3
1489122,2,7,5,S Rithik Easwaran,Konda Bhaskir Arun Karthik,Murugan Ashwin,0,0,0,no run,0,,,59/3
1489122,2,7,6,S Rithik Easwaran,Konda Bhaskir Arun Karthik,Murugan Ashwin,0,0,0,no run,0,,,59/3
1489122,2,8,1,Konda Bhaskir Arun Karthik,S Rithik Easwaran,P Vignesh,1,1,0,run,0,,,60/3
1489122,2,8,2,S Rithik Easwaran,Konda Bhaskir Arun Karthik,P Vignesh,1,1,0,run,0,,,61/3
1489122,2,8,3,Konda Bhaskir Arun Karthik,S Rithik Easwaran,P Vignesh,0,0,0,no run,0,,,61/3
1489122,2,8,4,Konda Bhaskir Arun Karthik,S Rithik Easwaran,P Vignesh,1,1,0,run,0,,,62/3
1489122,2,8,5,S Rithik Easwaran,Konda Bhaskir Arun Karthik,P Vignesh,0,0,0,no run,0,,,62/3
1489122,2,8,6,S Rithik Easwaran,Konda Bhaskir Arun Karthik,P Vignesh,1,1,0,run,0,,,63/3
1489122,2,9,1,S Rithik Easwaran,Konda Bhaskir Arun Karthik,Surya Anand S,4,4,0,four,0,,,67/3
1489122,2,9,2,S Rithik Easwaran,Konda Bhaskir Arun Karthik,Surya Anand S,0,0,0,no run,0,,,67/3
1489122,2,9,3,S Rithik Easwaran,Konda Bhaskir Arun Karthik,Surya Anand S,1,1,0,run,0,,,68/3
1489122,2,9,4,Konda Bhaskir Arun Karthik,S Rithik Easwaran,Surya Anand S,0,0,0,no run,0,,,68/3
1489122,2,9,5,Konda Bhaskir Arun Karthik,S Rithik Easwaran,Surya Anand S,0,0,0,no run,0,,,68/3
1489122,2,9,6,Konda Bhaskir Arun Karthik,S Rithik Easwaran,Surya Anand S,2,2,0,run,0,,,70/3
1489122,2,10,1,S Rithik Easwaran,Konda Bhaskir Arun Karthik,P Vignesh,1,0,1,wide,0,,,71/3
1489122,2,10,2,S Rithik Easwaran,Konda Bhaskir Arun Karthik,P Vignesh,6,6,0,six,0,,,77/3
1489122,2,10,3,S Rithik Easwaran,Konda Bhaskir Arun Karthik,P Vignesh,4,4,0,four,0,,,81/3
1489122,2,10,4,S Rithik Easwaran,Konda Bhaskir Arun Karthik,P Vignesh,1,1,0,run,0,,,82/3
1489122,2,10,5,Konda Bhaskir Arun Karthik,S Rithik Easwaran,P Vignesh,0,0,0,no run,0,,,82/3
1489122,2,10,6,Konda Bhaskir Arun Karthik,S Rithik Easwaran,P Vignesh,4,4,0,four,0,,,86/3
1489122,2,10,7,Konda Bhaskir Arun Karthik,S Rithik Easwaran,P Vignesh,2,1,1,run,0,,,88/3
1489122,2,10,8,S Rithik Easwaran,Konda Bhaskir Arun Karthik,P Vignesh,4,4,0,four,0,,,92/3
1489122,2,11,1,Konda Bhaskir Arun Karthik,S Rithik Easwaran,Murugan Ashwin,0,0,0,no run,0,,,92/3
1489122,2,11,2,Konda Bhaskir Arun Karthik,S Rithik Easwaran,Murugan Ashwin,0,0,0,no run,0,,,92/3
1489122,2,11,3,Konda Bhaskir Arun Karthik,S Rithik Easwaran,Murugan Ashwin,2,2,0,run,0,,,94/3
1489122,2,11,4,Konda Bhaskir Arun Karthik,S Rithik Easwaran,Murugan Ashwin,1,1,0,run,0,,,95/3
1489122,2,11,5,S Rithik Easwaran,Konda Bhaskir Arun Karthik,Murugan Ashwin,0,0,0,no run,0,,,95/3
1489122,2,11,6,S Rithik Easwaran,Konda Bhaskir Arun Karthik,Murugan Ashwin,1,1,0,run,0,,,96/3
1489122,2,12,1,S Rithik Easwaran,Konda Bhaskir Arun Karthik,P Saravanan,0,0,0,no run,0,,,96/3
1489122,2,12,2,S Rithik Easwaran,Konda Bhaskir Arun Karthik,P Saravanan,1,1,0,run,0,,,97/3
1489122,2,12,3,Konda Bhaskir Arun Karthik,S Rithik Easwaran,P Saravanan,1,1,0,run,0,,,98/3
1489122,2,12,4,S Rithik Easwaran,Konda Bhaskir Arun Karthik,P Saravanan,0,0,0,no run,0,,,98/3
1489122,2,12,5,S Rithik Easwaran,Konda Bhaskir Arun Karthik,P Saravanan,0,0,0,out,1,caught,S Rithik Easwaran,98/4
1489122,2,12,6,PS Nirmal Kumar,Konda Bhaskir Arun Karthik,P Saravanan,1,1,0,run,0,,,99/4
1489122,2,13,1,PS Nirmal Kumar,Konda Bhaskir Arun Karthik,Rajalingam S,1,1,0,run,0,,,100/4
1489122,2,13,2,Konda Bhaskir Arun Karthik,PS Nirmal Kumar,Rajalingam S,1,1,0,run,0,,,101/4
1489122,2,13,3,PS Nirmal Kumar,Konda Bhaskir Arun Karthik,Rajalingam S,6,6,0,six,0,,,107/4
1489122,2,13,4,PS Nirmal Kumar,Konda Bhaskir Arun Karthik,Rajalingam S,0,0,0,out,1,caught,PS Nirmal Kumar,107/5
1489122,2,13,5,Ramsingh Sonu Yadav,Konda Bhaskir Arun Karthik,Rajalingam S,0,0,0,no run,0,,,107/5
1489122,2,13,6,Ramsingh Sonu Yadav,Konda Bhaskir Arun Karthik,Rajalingam S,4,4,0,four,0,,,111/5
1489122,2,14,1,Konda Bhaskir Arun Karthik,Ramsingh Sonu Yadav,P Saravanan,1,1,0,run,0,,,112/5
1489122,2,14,2,Ramsingh Sonu Yadav,Konda Bhaskir Arun Karthik,P Saravanan,0,0,0,no run,0,,,112/5
1489122,2,14,3,Ramsingh Sonu Yadav,Konda Bhaskir Arun Karthik,P Saravanan,6,6,0,six,0,,,118/5
1489122,2,14,4,Ramsingh Sonu Yadav,Konda Bhaskir Arun Karthik,P Saravanan,1,1,0,run,0,,,119/5
1489122,2,14,5,Konda Bhaskir Arun Karthik,Ramsingh Sonu Yadav,P Saravanan,0,0,0,out,1,bowled,Konda Bhaskir Arun Karthik,119/6
1489122,2,14,6,Muhammed Adnan Khan,Ramsingh Sonu Yadav,P Saravanan,0,0,0,no run,0,,,119/6
1489122,2,15,1,Ramsingh Sonu Yadav,Muhammed Adnan Khan,Surya Anand S,1,1,0,run,0,,,120/6
1489122,2,15,2,Muhammed Adnan Khan,Ramsingh Sonu Yadav,Surya Anand S,0,0,0,no run,0,,,120/6
1489122,2,15,3,Muhammed Adnan Khan,Ramsingh Sonu Yadav,Surya Anand S,1,1,0,run,0,,,121/6
1489122,2,15,4,Ramsingh Sonu Yadav,Muhammed Adnan Khan,Surya Anand S,1,1,0,run,0,,,122/6
1489122,2,15,5,Muhammed Adnan Khan,Ramsingh Sonu Yadav,Surya Anand S,2,2,0,run,0,,,124/6
1489122,2,15,6,Muhammed Adnan Khan,Ramsingh Sonu Yadav,Surya Anand S,1,1,0,run,0,,,125/6
1489122,2,16,1,Muhammed Adnan Khan,Ramsingh Sonu Yadav,P Saravanan,1,1,0,run,0,,,126/6
1489122,2,16,2,Ramsingh Sonu Yadav,Muhammed Adnan Khan,P Saravanan,0,0,0,no run,0,,,126/6
1489122,2,16,3,Ramsingh Sonu Yadav,Muhammed Adnan Khan,P Saravanan,2,2,0,run,0,,,128/6
1489122,2,16,4,Ramsingh Sonu Yadav,Muhammed Adnan Khan,P Saravanan,1,0,1,bye,0,,,129/6
1489122,2,16,5,Muhammed Adnan Khan,Ramsingh Sonu Yadav,P Saravanan,1,1,0,run,0,,,130/6
1489122,2,16,6,Ramsingh Sonu Yadav,Muhammed Adnan Khan,P Saravanan,6,6,0,six,0,,,136/6
1489122,2,17,1,Muhammed Adnan Khan,Ramsingh Sonu Yadav,Murugan Ashwin,1,1,0,run,0,,,137/6
1489122,2,17,2,Ramsingh Sonu Yadav,Muhammed Adnan Khan,Murugan Ashwin,0,0,0,no run,0,,,137/6
1489122,2,17,3,Ramsingh Sonu Yadav,Muhammed Adnan Khan,Murugan Ashwin,1,1,0,run,0,,,138/6
1489122,2,17,4,Muhammed Adnan Khan,Ramsingh Sonu Yadav,Murugan Ashwin,6,6,0,six,0,,,144/6
1489122,2,17,5,Muhammed Adnan Khan,Ramsingh Sonu Yadav,Murugan Ashwin,1,1,0,run,0,,,145/6
1489122,2,17,6,Ramsingh Sonu Yadav,Muhammed Adnan Khan,Murugan Ashwin,1,1,0,run,0,,,146/6
1489122,2,18,1,Ramsingh Sonu Yadav,Muhammed Adnan Khan,Gurjapneet Singh,1,1,0,run,0,,,147/6
1489122,2,18,2,Muhammed Adnan Khan,Ramsingh Sonu Yadav,Gurjapneet Singh,1,1,0,run,0,,,148/6
1489122,2,18,3,Ramsingh Sonu Yadav,Muhammed Adnan Khan,Gurjapneet Singh,0,0,0,no run,0,,,148/6
1489122,2,18,4,Ramsingh Sonu Yadav,Muhammed Adnan Khan,Gurjapneet Singh,2,1,1,run,0,,,150/6
1489122,2,18,5,Muhammed Adnan Khan,Ramsingh Sonu Yadav,Gurjapneet Singh,1,1,0,run,0,,,151/6
1489122,2,18,6,Ramsingh Sonu Yadav,Muhammed Adnan Khan,Gurjapneet Singh,6,6,0,six,0,,,157/6
1489122,2,18,7,Ramsingh Sonu Yadav,Muhammed Adnan Khan,Gurjapneet Singh,1,1,0,run,0,,,158/6
1489122,2,19,1,Ramsingh Sonu Yadav,Muhammed Adnan Khan,Surya Anand S,0,0,0,out,1,bowled,Ramsingh Sonu Yadav,158/7
1489122,2,19,2,Valliappan Yudheeswaran,Muhammed Adnan Khan,Surya Anand S,0,0,0,no run,0,,,158/7
1489122,2,19,3,Valliappan Yudheeswaran,Muhammed Adnan Khan,Surya Anand S,0,0,0,out,1,bowled,Valliappan Yudheeswaran,158/8
1489122,2,19,4,Sachin Rathi,Muhammed Adnan Khan,Surya Anand S,0,0,0,out,1,caught,Sachin Rathi,158/9
1489122,2,19,5,Emmanuel Cherian,Muhammed Adnan Khan,Surya Anand S,0,0,0,out,1,bowled,Emmanuel Cherian,158/10
1489123,1,1,1,Chezhian Nishaanth,S Abishiek,Abhishek Baljeetsingh Tanwar,0,0,0,no run,0,,,0/0
1489123,1,1,2,Chezhian Nishaanth,S Abishiek,Abhishek Baljeetsingh Tanwar,0,0,0,no run,0,,,0/0
1489123,1,1,3,Chezhian Nishaanth,S Abishiek,Abhishek Baljeetsingh Tanwar,2,2,0,run,0,,,2/0
1489123,1,1,4,Chezhian Nishaanth,S Abishiek,Abhishek Baljeetsingh Tanwar,1,1,0,run,0,,,3/0
1489123,1,1,5,S Abishiek,Chezhian Nishaanth,Abhishek Baljeetsingh Tanwar,1,1,0,run,0,,,4/0
1489123,1,1,6,Chezhian Nishaanth,S Abishiek,Abhishek Baljeetsingh Tanwar,0,0,0,no run,0,,,4/0
1489123,1,2,1,S Abishiek,Chezhian Nishaanth,Baba Aparajith,1,1,0,run,0,,,5/0
1489123,1,2,2,Chezhian Nishaanth,S Abishiek,Baba Aparajith,0,0,0,no run,0,,,5/0
1489123,1,2,3,Chezhian Nishaanth,S Abishiek,Baba Aparajith,1,1,0,run,0,,,6/0
1489123,1,2,4,S Abishiek,Chezhian Nishaanth,Baba Aparajith,1,1,0,run,0,,,7/0
1489123,1,2,5,Chezhian Nishaanth,S Abishiek,Baba Aparajith,4,4,0,four,0,,,11/0
1489123,1,2,6,Chezhian Nishaanth,S Abishiek,Baba Aparajith,1,1,0,run,0,,,12/0
1489123,1,3,1,Chezhian Nishaanth,S Abishiek,Abhishek Baljeetsingh Tanwar,0,0,0,no run,0,,,12/0
1489123,1,3,2,Chezhian Nishaanth,S Abishiek,Abhishek Baljeetsingh Tanwar,0,0,0,no run,0,,,12/0
1489123,1,3,3,Chezhian Nishaanth,S Abishiek,Abhishek Baljeetsingh Tanwar,2,2,0,run,0,,,14/0
1489123,1,3,4,Chezhian Nishaanth,S Abishiek,Abhishek Baljeetsingh Tanwar,0,0,0,no run,0,,,14/0
1489123,1,3,5,Chezhian Nishaanth,S Abishiek,Abhishek Baljeetsingh Tanwar,1,1,0,run,0,,,15/0
1489123,1,3,6,S Abishiek,Chezhian Nishaanth,Abhishek Baljeetsingh Tanwar,6,6,0,six,0,,,21/0
1489123,1,4,1,Chezhian Nishaanth,S Abishiek,Baba Aparajith,1,1,0,run,0,,,22/0
1489123,1,4,2,S Abishiek,Chezhian Nishaanth,Baba Aparajith,4,4,0,four,0,,,26/0
1489123,1,4,3,S Abishiek,Chezhian Nishaanth,Baba Aparajith,1,1,0,run,0,,,27/0
1489123,1,4,4,Chezhian Nishaanth,S Abishiek,Baba Aparajith,1,1,0,run,0,,,28/0
1489123,1,4,5,S Abishiek,Chezhian Nishaanth,Baba Aparajith,1,1,0,run,0,,,29/0
1489123,1,4,6,Chezhian Nishaanth,S Abishiek,Baba Aparajith,4,4,0,four,0,,,33/0
1489123,1,5,1,S Abishiek,Chezhian Nishaanth,Swapnil Singh,1,1,0,run,0,,,34/0
1489123,1,5,2,Chezhian Nishaanth,S Abishiek,Swapnil Singh,1,1,0,run,0,,,35/0
1489123,1,5,3,S Abishiek,Chezhian Nishaanth,Swapnil Singh,1,1,0,run,0,,,36/0
1489123,1,5,4,Chezhian Nishaanth,S Abishiek,Swapnil Singh,0,0,0,no run,0,,,36/0
1489123,1,5,5,Chezhian Nishaanth,S Abishiek,Swapnil Singh,1,1,0,run,0,,,37/0
1489123,1,5,6,S Abishiek,Chezhian Nishaanth,Swapnil Singh,1,1,0,run,0,,,38/0
1489123,1,6,1,S Abishiek,Chezhian Nishaanth,J Prem Kumar,1,1,0,run,0,,,39/0
1489123,1,6,2,Chezhian Nishaanth,S Abishiek,J Prem Kumar,0,0,0,no run,0,,,39/0
1489123,1,6,3,Chezhian Nishaanth,S Abishiek,J Prem Kumar,6,6,0,six,0,,,45/0
1489123,1,6,4,Chezhian Nishaanth,S Abishiek,J Prem Kumar,1,1,0,run,0,,,46/0
1489123,1,6,5,S Abishiek,Chezhian Nishaanth,J Prem Kumar,0,0,0,no run,0,,,46/0
1489123,1,6,6,S Abishiek,Chezhian Nishaanth,J Prem Kumar,1,1,0,run,0,,,47/0
1489123,1,7,1,S Abishiek,Chezhian Nishaanth,Swapnil Singh,2,2,0,run,0,,,49/0
1489123,1,7,2,S Abishiek,Chezhian Nishaanth,Swapnil Singh,4,4,0,four,0,,,53/0
1489123,1,7,3,S Abishiek,Chezhian Nishaanth,Swapnil Singh,1,1,0,run,0,,,54/0
1489123,1,7,4,Chezhian Nishaanth,S Abishiek,Swapnil Singh,1,1,0,run,0,,,55/0
1489123,1,7,5,S Abishiek,Chezhian Nishaanth,Swapnil Singh,1,0,1,wide,0,,,56/0
1489123,1,7,6,S Abishiek,Chezhian Nishaanth,Swapnil Singh,0,0,0,no run,0,,,56/0
1489123,1,7,7,S Abishiek,Chezhian Nishaanth,Swapnil Singh,1,1,0,run,0,,,57/0
1489123,1,8,1,S Abishiek,Chezhian Nishaanth,TD Lokesh Raj,2,2,0,run,0,,,59/0
1489123,1,8,2,S Abishiek,Chezhian Nishaanth,TD Lokesh Raj,0,0,0,no run,0,,,59/0
1489123,1,8,3,S Abishiek,Chezhian Nishaanth,TD Lokesh Raj,1,1,0,run,0,,,60/0
1489123,1,8,4,Chezhian Nishaanth,S Abishiek,TD Lokesh Raj,2,2,0,run,0,,,62/0
1489123,1,8,5,Chezhian Nishaanth,S Abishiek,TD Lokesh Raj,0,0,0,no run,0,,,62/0
1489123,1,8,6,Chezhian Nishaanth,S Abishiek,TD Lokesh Raj,1,1,0,run,0,,,63/0
1489123,1,9,1,Chezhian Nishaanth,S Abishiek,M Silambarasan,0,0,0,out,1,caught,Chezhian Nishaanth,63/1
1489123,1,9,2,Nidhish S Rajagopal,S Abishiek,M Silambarasan,1,1,0,run,0,,,64/1
1489123,1,9,3,S Abishiek,Nidhish S Rajagopal,M Silambarasan,1,1,0,run,0,,,65/1
1489123,1,9,4,Nidhish S Rajagopal,S Abishiek,M Silambarasan,1,1,0,run,0,,,66/1
1489123,1,9,5,S Abishiek,Nidhish S Rajagopal,M Silambarasan,1,1,0,run,0,,,67/1
1489123,1,9,6,Nidhish S Rajagopal,S Abishiek,M Silambarasan,1,1,0,run,0,,,68/1
1489123,1,10,1,Nidhish S Rajagopal,S Abishiek,TD Lokesh Raj,0,0,0,no run,0,,,68/1
1489123,1,10,2,Nidhish S Rajagopal,S Abishiek,TD Lokesh Raj,0,0,0,no run,0,,,68/1
1489123,1,10,3,Nidhish S Rajagopal,S Abishiek,TD Lokesh Raj,0,0,0,no run,0,,,68/1
1489123,1,10,4,Nidhish S Rajagopal,S Abishiek,TD Lokesh Raj,0,0,0,no run,0,,,68/1
1489123,1,10,5,Nidhish S Rajagopal,S Abishiek,TD Lokesh Raj,1,1,0,run,0,,,69/1
1489123,1,10,6,S Abishiek,Nidhish S Rajagopal,TD Lokesh Raj,1,1,0,run,0,,,70/1
1489123,1,11,1,S Abishiek,Nidhish S Rajagopal,M Silambarasan,0,0,0,no run,0,,,70/1
1489123,1,11,2,S Abishiek,Nidhish S Rajagopal,M Silambarasan,1,1,0,run,0,,,71/1
1489123,1,11,3,Nidhish S Rajagopal,S Abishiek,M Silambarasan,1,1,0,run,0,,,72/1
1489123,1,11,4,S Abishiek,Nidhish S Rajagopal,M Silambarasan,0,0,0,no run,0,,,72/1
1489123,1,11,5,S Abishiek,Nidhish S Rajagopal,M Silambarasan,1,1,0,run,0,,,73/1
1489123,1,11,6,Nidhish S Rajagopal,S Abishiek,M Silambarasan,1,1,0,run,0,,,74/1
1489123,1,12,1,Nidhish S Rajagopal,S Abishiek,J Prem Kumar,1,1,0,run,0,,,75/1
1489123,1,12,2,S Abishiek,Nidhish S Rajagopal,J Prem Kumar,1,1,0,run,0,,,76/1
1489123,1,12,3,Nidhish S Rajagopal,S Abishiek,J Prem Kumar,0,0,0,out,1,caught,Nidhish S Rajagopal,76/2
1489123,1,12,4,R Kavin,S Abishiek,J Prem Kumar,0,0,0,no run,0,,,76/2
1489123,1,12,5,R Kavin,S Abishiek,J Prem Kumar,1,1,0,run,0,,,77/2
1489123,1,12,6,S Abishiek,R Kavin,J Prem Kumar,1,1,0,run,0,,,78/2
1489123,1,13,1,S Abishiek,R Kavin,M Silambarasan,0,0,0,out,1,run out,R Kavin,78/3
1489123,1,13,2,Rajendran Vivek,S Abishiek,M Silambarasan,2,2,0,run,0,,,80/3
1489123,1,13,3,Rajendran Vivek,S Abishiek,M Silambarasan,0,0,0,no run,0,,,80/3
1489123,1,13,4,Rajendran Vivek,S Abishiek,M Silambarasan,0,0,0,no run,0,,,80/3
1489123,1,13,5,Rajendran Vivek,S Abishiek,M Silambarasan,0,0,0,no run,0,,,80/3
1489123,1,13,6,Rajendran Vivek,S Abishiek,M Silambarasan,1,1,0,run,0,,,81/3
1489123,1,14,1,Rajendran Vivek,S Abishiek,J Prem Kumar,0,0,0,out,1,bowled,Rajendran Vivek,81/4
1489123,1,14,2,Sunny Sandhu,S Abishiek,J Prem Kumar,0,0,0,no run,0,,,81/4
1489123,1,14,3,Sunny Sandhu,S Abishiek,J Prem Kumar,0,0,0,no run,0,,,81/4
1489123,1,14,4,Sunny Sandhu,S Abishiek,J Prem Kumar,0,0,0,no run,0,,,81/4
1489123,1,14,5,Sunny Sandhu,S Abishiek,J Prem Kumar,1,1,0,run,0,,,82/4
1489123,1,14,6,S Abishiek,Sunny Sandhu,J Prem Kumar,1,1,0,run,0,,,83/4
1489123,1,15,1,S Abishiek,Sunny Sandhu,M Silambarasan,1,1,0,run,0,,,84/4
1489123,1,15,2,Sunny Sandhu,S Abishiek,M Silambarasan,1,1,0,run,0,,,85/4
1489123,1,15,3,S Abishiek,Sunny Sandhu,M Silambarasan,4,4,0,four,0,,,89/4
1489123,1,15,4,S Abishiek,Sunny Sandhu,M Silambarasan,1,0,1,wide,0,,,90/4
1489123,1,15,5,S Abishiek,Sunny Sandhu,M Silambarasan,1,1,0,run,0,,,91/4
1489123,1,15,6,Sunny Sandhu,S Abishiek,M Silambarasan,1,1,0,run,0,,,92/4
1489123,1,15,7,S Abishiek,Sunny Sandhu,M Silambarasan,1,1,0,run,0,,,93/4
1489123,1,16,1,S Abishiek,Sunny Sandhu,J Prem Kumar,1,1,0,run,0,,,94/4
1489123,1,16,2,Sunny Sandhu,S Abishiek,J Prem Kumar,1,1,0,run,0,,,95/4
1489123,1,16,3,S Abishiek,Sunny Sandhu,J Prem Kumar,0,0,0,out,1,bowled,S Abishiek,95/5
1489123,1,16,4,S Harish Kumar,Sunny Sandhu,J Prem Kumar,0,0,0,no run,0,,,95/5
1489123,1,16,5,S Harish Kumar,Sunny Sandhu,J Prem Kumar,1,1,0,run,0,,,96/5
1489123,1,16,6,Sunny Sandhu,S Harish Kumar,J Prem Kumar,1,1,0,run,0,,,97/5
1489123,1,17,1,Sunny Sandhu,S Harish Kumar,Abhishek Baljeetsingh Tanwar,6,6,0,six,0,,,103/5
1489123,1,17,2,Sunny Sandhu,S Harish Kumar,Abhishek Baljeetsingh Tanwar,1,1,0,run,0,,,104/5
1489123,1,17,3,S Harish Kumar,Sunny Sandhu,Abhishek Baljeetsingh Tanwar,0,0,0,out,1,caught,S Harish Kumar,104/6
1489123,1,17,4,M Mohammed,Sunny Sandhu,Abhishek Baljeetsingh Tanwar,0,0,0,no run,0,,,104/6
1489123,1,17,5,M Mohammed,Sunny Sandhu,Abhishek Baljeetsingh Tanwar,1,1,0,run,0,,,105/6
1489123,1,17,6,Sunny Sandhu,M Mohammed,Abhishek Baljeetsingh Tanwar,2,2,0,run,0,,,107/6
1489123,1,18,1,M Mohammed,Sunny Sandhu,TD Lokesh Raj,1,1,0,run,0,,,108/6
1489123,1,18,2,Sunny Sandhu,M Mohammed,TD Lokesh Raj,1,1,0,run,0,,,109/6
1489123,1,18,3,M Mohammed,Sunny Sandhu,TD Lokesh Raj,4,4,0,four,0,,,113/6
1489123,1,18,4,M Mohammed,Sunny Sandhu,TD Lokesh Raj,0,0,0,no run,0,,,113/6
1489123,1,18,5,M Mohammed,Sunny Sandhu,TD Lokesh Raj,4,4,0,four,0,,,117/6
1489123,1,18,6,M Mohammed,Sunny Sandhu,TD Lokesh Raj,4,4,0,four,0,,,121/6
1489123,1,19,1,Sunny Sandhu,M Mohammed,Abhishek Baljeetsingh Tanwar,1,0,1,wide,0,,,122/6
1489123,1,19,2,Sunny Sandhu,M Mohammed,Abhishek Baljeetsingh Tanwar,0,0,0,no run,0,,,122/6
1489123,1,19,3,Sunny Sandhu,M Mohammed,Abhishek Baljeetsingh Tanwar,1,1,0,run,0,,,123/6
1489123,1,19,4,M Mohammed,Sunny Sandhu,Abhishek Baljeetsingh Tanwar,6,6,0,six,0,,,129/6
1489123,1,19,5,M Mohammed,Sunny Sandhu,Abhishek Baljeetsingh Tanwar,1,1,0,run,0,,,130/6
1489123,1,19,6,Sunny Sandhu,M Mohammed,Abhishek Baljeetsingh Tanwar,6,6,0,six,0,,,136/6
1489123,1,19,7,Sunny Sandhu,M Mohammed,Abhishek Baljeetsingh Tanwar,4,4,0,four,0,,,140/6
1489123,1,20,1,M Mohammed,Sunny Sandhu,TD Lokesh Raj,6,6,0,six,0,,,146/6
1489123,1,20,2,M Mohammed,Sunny Sandhu,TD Lokesh Raj,1,1,0,run,0,,,147/6
1489123,1,20,3,Sunny Sandhu,M Mohammed,TD Lokesh Raj,2,2,0,run,0,,,149/6
1489123,1,20,4,Sunny Sandhu,M Mohammed,TD Lokesh Raj,2,2,0,run,0,,,151/6
1489123,1,20,5,Sunny Sandhu,M Mohammed,TD Lokesh Raj,2,0,2,wide,1,run out,Sunny Sandhu,153/7
1489123,1,20,6,VS Karthick Manikandan,M Mohammed,TD Lokesh Raj,6,6,0,six,0,,,159/7
1489123,1,20,7,VS Karthick Manikandan,M Mohammed,TD Lokesh Raj,1,0,1,bye,0,,,160/7
1489123,2,1,1,K Aashiq,RS Mokit Hariharan,Chezhian Nishaanth,4,4,0,four,0,,,4/0
1489123,2,1,2,K Aashiq,RS Mokit Hariharan,Chezhian Nishaanth,1,0,1,leg bye,0,,,5/0
1489123,2,1,3,RS Mokit Hariharan,K Aashiq,Chezhian Nishaanth,1,0,1,wide,0,,,6/0
1489123,2,1,4,RS Mokit Hariharan,K Aashiq,Chezhian Nishaanth,0,0,0,no run,0,,,6/0
1489123,2,1,5,RS Mokit Hariharan,K Aashiq,Chezhian Nishaanth,1,0,1,wide,0,,,7/0
1489123,2,1,6,RS Mokit Hariharan,K Aashiq,Chezhian Nishaanth,1,1,0,run,0,,,8/0
1489123,2,1,7,K Aashiq,RS Mokit Hariharan,Chezhian Nishaanth,1,1,0,run,0,,,9/0
1489123,2,1,8,RS Mokit Hariharan,K Aashiq,Chezhian Nishaanth,4,4,0,four,0,,,13/0
1489123,2,2,1,K Aashiq,RS Mokit Hariharan,Sunny Sandhu,1,1,0,run,0,,,14/0
1489123,2,2,2,RS Mokit Hariharan,K Aashiq,Sunny Sandhu,4,4,0,four,0,,,18/0
1489123,2,2,3,RS Mokit Hariharan,K Aashiq,Sunny Sandhu,0,0,0,no run,0,,,18/0
1489123,2,2,4,RS Mokit Hariharan,K Aashiq,Sunny Sandhu,1,1,0,run,0,,,19/0
1489123,2,2,5,K Aashiq,RS Mokit Hariharan,Sunny Sandhu,4,4,0,four,0,,,23/0
1489123,2,2,6,K Aashiq,RS Mokit Hariharan,Sunny Sandhu,1,1,0,run,0,,,24/0
1489123,2,3,1,K Aashiq,RS Mokit Hariharan,Rahil S Shah,1,1,0,run,0,,,25/0
1489123,2,3,2,RS Mokit Hariharan,K Aashiq,Rahil S Shah,0,0,0,no run,0,,,25/0
1489123,2,3,3,RS Mokit Hariharan,K Aashiq,Rahil S Shah,1,1,0,run,0,,,26/0
1489123,2,3,4,K Aashiq,RS Mokit Hariharan,Rahil S Shah,4,4,0,four,0,,,30/0
1489123,2,3,5,K Aashiq,RS Mokit Hariharan,Rahil S Shah,1,1,0,run,0,,,31/0
1489123,2,3,6,RS Mokit Hariharan,K Aashiq,Rahil S Shah,1,1,0,run,0,,,32/0
1489123,2,4,1,RS Mokit Hariharan,K Aashiq,M Mohammed,0,0,0,no run,0,,,32/0
1489123,2,4,2,RS Mokit Hariharan,K Aashiq,M Mohammed,2,2,0,run,0,,,34/0
1489123,2,4,3,RS Mokit Hariharan,K Aashiq,M Mohammed,1,1,0,run,0,,,35/0
1489123,2,4,4,K Aashiq,RS Mokit Hariharan,M Mohammed,0,0,0,no run,0,,,35/0
1489123,2,4,5,K Aashiq,RS Mokit Hariharan,M Mohammed,4,4,0,four,0,,,39/0
1489123,2,4,6,K Aashiq,RS Mokit Hariharan,M Mohammed,1,1,0,run,0,,,40/0
1489123,2,5,1,K Aashiq,RS Mokit Hariharan,M Poiyamozhi,0,0,0,no run,0,,,40/0
1489123,2,5,2,K Aashiq,RS Mokit Hariharan,M Poiyamozhi,4,4,0,four,0,,,44/0
1489123,2,5,3,K Aashiq,RS Mokit Hariharan,M Poiyamozhi,1,1,0,run,0,,,45/0
1489123,2,5,4,RS Mokit Hariharan,K Aashiq,M Poiyamozhi,1,1,0,run,0,,,46/0
1489123,2,5,5,K Aashiq,RS Mokit Hariharan,M Poiyamozhi,6,6,0,six,0,,,52/0
1489123,2,5,6,K Aashiq,RS Mokit Hariharan,M Poiyamozhi,4,4,0,four,0,,,56/0
1489123,2,6,1,RS Mokit Hariharan,K Aashiq,S Harish Kumar,1,1,0,run,0,,,57/0
1489123,2,6,2,K Aashiq,RS Mokit Hariharan,S Harish Kumar,1,1,0,run,0,,,58/0
1489123,2,6,3,RS Mokit Hariharan,K Aashiq,S Harish Kumar,6,6,0,six,0,,,64/0
1489123,2,6,4,RS Mokit Hariharan,K Aashiq,S Harish Kumar,6,6,0,six,0,,,70/0
1489123,2,6,5,RS Mokit Hariharan,K Aashiq,S Harish Kumar,0,0,0,no run,0,,,70/0
1489123,2,6,6,RS Mokit Hariharan,K Aashiq,S Harish Kumar,1,1,0,run,0,,,71/0
1489123,2,7,1,RS Mokit Hariharan,K Aashiq,Chezhian Nishaanth,2,2,0,run,0,,,73/0
1489123,2,7,2,RS Mokit Hariharan,K Aashiq,Chezhian Nishaanth,0,0,0,no run,0,,,73/0
1489123,2,7,3,RS Mokit Hariharan,K Aashiq,Chezhian Nishaanth,0,0,0,no run,0,,,73/0
1489123,2,7,4,RS Mokit Hariharan,K Aashiq,Chezhian Nishaanth,0,0,0,out,1,bowled,RS Mokit Hariharan,73/1
1489123,2,7,5,Narayan Jagadeesan,K Aashiq,Chezhian Nishaanth,4,4,0,four,0,,,77/1
1489123,2,7,6,Narayan Jagadeesan,K Aashiq,Chezhian Nishaanth,4,4,0,four,0,,,81/1
1489123,2,8,1,K Aashiq,Narayan Jagadeesan,M Mohammed,1,1,0,run,0,,,82/1
1489123,2,8,2,Narayan Jagadeesan,K Aashiq,M Mohammed,1,1,0,run,0,,,83/1
1489123,2,8,3,K Aashiq,Narayan Jagadeesan,M Mohammed,1,1,0,run,0,,,84/1
1489123,2,8,4,Narayan Jagadeesan,K Aashiq,M Mohammed,1,0,1,wide,0,,,85/1
1489123,2,8,5,Narayan Jagadeesan,K Aashiq,M Mohammed,1,1,0,run,0,,,86/1
1489123,2,8,6,K Aashiq,Narayan Jagadeesan,M Mohammed,1,1,0,run,0,,,87/1
1489123,2,8,7,Narayan Jagadeesan,K Aashiq,M Mohammed,1,1,0,run,0,,,88/1
1489123,2,9,1,Narayan Jagadeesan,K Aashiq,Rahil S Shah,0,0,0,no run,0,,,88/1
1489123,2,9,2,Narayan Jagadeesan,K Aashiq,Rahil S Shah,1,1,0,run,0,,,89/1
1489123,2,9,3,K Aashiq,Narayan Jagadeesan,Rahil S Shah,0,0,0,no run,0,,,89/1
1489123,2,9,4,K Aashiq,Narayan Jagadeesan,Rahil S Shah,1,1,0,run,0,,,90/1
1489123,2,9,5,Narayan Jagadeesan,K Aashiq,Rahil S Shah,1,1,0,run,0,,,91/1
1489123,2,9,6,K Aashiq,Narayan Jagadeesan,Rahil S Shah,1,1,0,run,0,,,92/1
1489123,2,10,1,K Aashiq,Narayan Jagadeesan,Ramadoss Alexander,1,1,0,run,0,,,93/1
1489123,2,10,2,Narayan Jagadeesan,K Aashiq,Ramadoss Alexander,4,4,0,four,0,,,97/1
1489123,2,10,3,Narayan Jagadeesan,K Aashiq,Ramadoss Alexander,1,1,0,run,0,,,98/1
1489123,2,10,4,K Aashiq,Narayan Jagadeesan,Ramadoss Alexander,1,0,1,wide,0,,,99/1
1489123,2,10,5,K Aashiq,Narayan Jagadeesan,Ramadoss Alexander,1,1,0,run,0,,,100/1
1489123,2,10,6,Narayan Jagadeesan,K Aashiq,Ramadoss Alexander,1,1,0,run,0,,,101/1
1489123,2,10,7,K Aashiq,Narayan Jagadeesan,Ramadoss Alexander,1,1,0,run,0,,,102/1
1489123,2,11,1,K Aashiq,Narayan Jagadeesan,VS Karthick Manikandan,0,0,0,no run,0,,,102/1
1489123,2,11,2,K Aashiq,Narayan Jagadeesan,VS Karthick Manikandan,0,0,0,no run,0,,,102/1
1489123,2,11,3,K Aashiq,Narayan Jagadeesan,VS Karthick Manikandan,1,0,1,wide,0,,,103/1
1489123,2,11,4,K Aashiq,Narayan Jagadeesan,VS Karthick Manikandan,4,4,0,four,0,,,107/1
1489123,2,11,5,K Aashiq,Narayan Jagadeesan,VS Karthick Manikandan,1,0,1,wide,0,,,108/1
1489123,2,11,6,K Aashiq,Narayan Jagadeesan,VS Karthick Manikandan,4,4,0,four,0,,,112/1
1489123,2,11,7,K Aashiq,Narayan Jagadeesan,VS Karthick Manikandan,0,0,0,no run,0,,,112/1
1489123,2,11,8,K Aashiq,Narayan Jagadeesan,VS Karthick Manikandan,0,0,0,no run,0,,,112/1
1489123,2,12,1,Narayan Jagadeesan,K Aashiq,Ramadoss Alexander,1,1,0,run,0,,,113/1
1489123,2,12,2,K Aashiq,Narayan Jagadeesan,Ramadoss Alexander,1,1,0,run,0,,,114/1
1489123,2,12,3,Narayan Jagadeesan,K Aashiq,Ramadoss Alexander,2,2,0,run,0,,,116/1
1489123,2,12,4,Narayan Jagadeesan,K Aashiq,Ramadoss Alexander,1,1,0,run,0,,,117/1
1489123,2,12,5,K Aashiq,Narayan Jagadeesan,Ramadoss Alexander,1,1,0,run,0,,,118/1
1489123,2,12,6,Narayan Jagadeesan,K Aashiq,Ramadoss Alexander,6,6,0,six,0,,,124/1
1489123,2,13,1,K Aashiq,Narayan Jagadeesan,VS Karthick Manikandan,1,0,1,wide,0,,,125/1
1489123,2,13,2,K Aashiq,Narayan Jagadeesan,VS Karthick Manikandan,0,0,0,out,1,caught,K Aashiq,125/2
1489123,2,13,3,Vijay Shankar,Narayan Jagadeesan,VS Karthick Manikandan,1,0,1,leg bye,0,,,126/2
1489123,2,13,4,Narayan Jagadeesan,Vijay Shankar,VS Karthick Manikandan,6,6,0,six,0,,,132/2
1489123,2,13,5,Narayan Jagadeesan,Vijay Shankar,VS Karthick Manikandan,0,0,0,no run,0,,,132/2
1489123,2,13,6,Narayan Jagadeesan,Vijay Shankar,VS Karthick Manikandan,1,1,0,run,0,,,133/2
1489123,2,13,7,Vijay Shankar,Narayan Jagadeesan,VS Karthick Manikandan,1,1,0,run,0,,,134/2
1489123,2,14,1,Vijay Shankar,Narayan Jagadeesan,M Mohammed,1,1,0,run,0,,,135/2
1489123,2,14,2,Narayan Jagadeesan,Vijay Shankar,M Mohammed,1,1,0,run,0,,,136/2
1489123,2,14,3,Vijay Shankar,Narayan Jagadeesan,M Mohammed,0,0,0,out,1,leg before wicket,Vijay Shankar,136/3
1489123,2,14,4,Baba Aparajith,Narayan Jagadeesan,M Mohammed,1,1,0,run,0,,,137/3
1489123,2,14,5,Narayan Jagadeesan,Baba Aparajith,M Mohammed,4,4,0,four,0,,,141/3
1489123,2,14,6,Narayan Jagadeesan,Baba Aparajith,M Mohammed,1,1,0,run,0,,,142/3
1489123,2,15,1,Narayan Jagadeesan,Baba Aparajith,Rahil S Shah,1,1,0,run,0,,,143/3
1489123,2,15,2,Baba Aparajith,Narayan Jagadeesan,Rahil S Shah,0,0,0,no run,0,,,143/3
1489123,2,15,3,Baba Aparajith,Narayan Jagadeesan,Rahil S Shah,1,1,0,run,0,,,144/3
1489123,2,15,4,Narayan Jagadeesan,Baba Aparajith,Rahil S Shah,1,1,0,run,0,,,145/3
1489123,2,15,5,Baba Aparajith,Narayan Jagadeesan,Rahil S Shah,1,1,0,run,0,,,146/3
1489123,2,15,6,Narayan Jagadeesan,Baba Aparajith,Rahil S Shah,6,6,0,six,0,,,152/3
1489123,2,16,1,Baba Aparajith,Narayan Jagadeesan,M Poiyamozhi,0,0,0,no run,0,,,152/3
1489123,2,16,2,Baba Aparajith,Narayan Jagadeesan,M Poiyamozhi,1,1,0,run,0,,,153/3
1489123,2,16,3,Narayan Jagadeesan,Baba Aparajith,M Poiyamozhi,0,0,0,out,1,caught,Narayan Jagadeesan,153/4
1489123,2,16,4,Swapnil Singh,Baba Aparajith,M Poiyamozhi,1,1,0,run,0,,,154/4
1489123,2,16,5,Baba Aparajith,Swapnil Singh,M Poiyamozhi,0,0,0,no run,0,,,154/4
1489123,2,16,6,Baba Aparajith,Swapnil Singh,M Poiyamozhi,0,0,0,no run,0,,,154/4
1489123,2,17,1,Swapnil Singh,Baba Aparajith,VS Karthick Manikandan,1,0,1,wide,0,,,155/4
1489123,2,17,2,Swapnil Singh,Baba Aparajith,VS Karthick Manikandan,1,1,0,run,0,,,156/4
1489123,2,17,3,Baba Aparajith,Swapnil Singh,VS Karthick Manikandan,0,0,0,no run,0,,,156/4
1489123,2,17,4,Baba Aparajith,Swapnil Singh,VS Karthick Manikandan,6,6,0,six,0,,,162/4
1489124,1,1,1,CH Jitendra Kumar,Suresh Lokeshwar,Emmanuel Cherian,1,0,1,no ball,0,,,1/0
1489124,1,1,2,CH Jitendra Kumar,Suresh Lokeshwar,Emmanuel Cherian,4,4,0,four,0,,,5/0
1489124,1,1,3,CH Jitendra Kumar,Suresh Lokeshwar,Emmanuel Cherian,0,0,0,no run,0,,,5/0
1489124,1,1,4,CH Jitendra Kumar,Suresh Lokeshwar,Emmanuel Cherian,0,0,0,no run,0,,,5/0
1489124,1,1,5,CH Jitendra Kumar,Suresh Lokeshwar,Emmanuel Cherian,0,0,0,no run,0,,,5/0
1489124,1,1,6,CH Jitendra Kumar,Suresh Lokeshwar,Emmanuel Cherian,1,1,0,run,0,,,6/0
1489124,1,1,7,Suresh Lokeshwar,CH Jitendra Kumar,Emmanuel Cherian,1,1,0,run,0,,,7/0
1489124,1,2,1,Suresh Lokeshwar,CH Jitendra Kumar,Ramsingh Sonu Yadav,1,1,0,run,0,,,8/0
1489124,1,2,2,CH Jitendra Kumar,Suresh Lokeshwar,Ramsingh Sonu Yadav,0,0,0,no run,0,,,8/0
1489124,1,2,3,CH Jitendra Kumar,Suresh Lokeshwar,Ramsingh Sonu Yadav,1,1,0,run,0,,,9/0
1489124,1,2,4,Suresh Lokeshwar,CH Jitendra Kumar,Ramsingh Sonu Yadav,1,1,0,run,0,,,10/0
1489124,1,2,5,CH Jitendra Kumar,Suresh Lokeshwar,Ramsingh Sonu Yadav,1,1,0,run,0,,,11/0
1489124,1,2,6,Suresh Lokeshwar,CH Jitendra Kumar,Ramsingh Sonu Yadav,1,1,0,run,0,,,12/0
1489124,1,3,1,Suresh Lokeshwar,CH Jitendra Kumar,Emmanuel Cherian,0,0,0,no run,0,,,12/0
1489124,1,3,2,Suresh Lokeshwar,CH Jitendra Kumar,Emmanuel Cherian,1,1,0,run,0,,,13/0
1489124,1,3,3,CH Jitendra Kumar,Suresh Lokeshwar,Emmanuel Cherian,0,0,0,no run,0,,,13/0
1489124,1,3,4,CH Jitendra Kumar,Suresh Lokeshwar,Emmanuel Cherian,1,1,0,run,0,,,14/0
1489124,1,3,5,Suresh Lokeshwar,CH Jitendra Kumar,Emmanuel Cherian,1,1,0,run,0,,,15/0
1489124,1,3,6,CH Jitendra Kumar,Suresh Lokeshwar,Emmanuel Cherian,0,0,0,no run,0,,,15/0
1489124,1,4,1,Suresh Lokeshwar,CH Jitendra Kumar,Valliappan Yudheeswaran,0,0,0,no run,0,,,15/0
1489124,1,4,2,Suresh Lokeshwar,CH Jitendra Kumar,Valliappan Yudheeswaran,4,4,0,four,0,,,19/0
1489124,1,4,3,Suresh Lokeshwar,CH Jitendra Kumar,Valliappan Yudheeswaran,1,1,0,run,0,,,20/0
1489124,1,4,4,CH Jitendra Kumar,Suresh Lokeshwar,Valliappan Yudheeswaran,1,0,1,wide,0,,,21/0
1489124,1,4,5,CH Jitendra Kumar,Suresh Lokeshwar,Valliappan Yudheeswaran,0,0,0,no run,0,,,21/0
1489124,1,4,6,CH Jitendra Kumar,Suresh Lokeshwar,Valliappan Yudheeswaran,1,1,0,run,0,,,22/0
1489124,1,4,7,Suresh Lokeshwar,CH Jitendra Kumar,Valliappan Yudheeswaran,1,1,0,run,0,,,23/0
1489124,1,5,1,Suresh Lokeshwar,CH Jitendra Kumar,Emmanuel Cherian,1,0,1,leg bye,0,,,24/0
1489124,1,5,2,CH Jitendra Kumar,Suresh Lokeshwar,Emmanuel Cherian,0,0,0,out,1,caught,CH Jitendra Kumar,24/1
1489124,1,5,3,Balasubramaniam Sachin,Suresh Lokeshwar,Emmanuel Cherian,0,0,0,no run,0,,,24/1
1489124,1,5,4,Balasubramaniam Sachin,Suresh Lokeshwar,Emmanuel Cherian,0,0,0,no run,0,,,24/1
1489124,1,5,5,Balasubramaniam Sachin,Suresh Lokeshwar,Emmanuel Cherian,1,1,0,run,0,,,25/1
1489124,1,5,6,Suresh Lokeshwar,Balasubramaniam Sachin,Emmanuel Cherian,2,2,0,run,0,,,27/1
1489124,1,6,1,Balasubramaniam Sachin,Suresh Lokeshwar,Valliappan Yudheeswaran,0,0,0,no run,0,,,27/1
1489124,1,6,2,Balasubramaniam Sachin,Suresh Lokeshwar,Valliappan Yudheeswaran,6,6,0,six,0,,,33/1
1489124,1,6,3,Balasubramaniam Sachin,Suresh Lokeshwar,Valliappan Yudheeswaran,2,1,1,run,0,,,35/1
1489124,1,6,4,Suresh Lokeshwar,Balasubramaniam Sachin,Valliappan Yudheeswaran,4,4,0,four,0,,,39/1
1489124,1,6,5,Suresh Lokeshwar,Balasubramaniam Sachin,Valliappan Yudheeswaran,6,6,0,six,0,,,45/1
1489124,1,6,6,Suresh Lokeshwar,Balasubramaniam Sachin,Valliappan Yudheeswaran,0,0,0,no run,0,,,45/1
1489124,1,6,7,Suresh Lokeshwar,Balasubramaniam Sachin,Valliappan Yudheeswaran,0,0,0,no run,0,,,45/1
1489124,1,7,1,Balasubramaniam Sachin,Suresh Lokeshwar,Sachin Rathi,0,0,0,no run,0,,,45/1
1489124,1,7,2,Balasubramaniam Sachin,Suresh Lokeshwar,Sachin Rathi,0,0,0,no run,0,,,45/1
1489124,1,7,3,Balasubramaniam Sachin,Suresh Lokeshwar,Sachin Rathi,1,1,0,run,0,,,46/1
1489124,1,7,4,Suresh Lokeshwar,Balasubramaniam Sachin,Sachin Rathi,0,0,0,no run,0,,,46/1
1489124,1,7,5,Suresh Lokeshwar,Balasubramaniam Sachin,Sachin Rathi,0,0,0,no run,0,,,46/1
1489124,1,7,6,Suresh Lokeshwar,Balasubramaniam Sachin,Sachin Rathi,1,1,0,run,0,,,47/1
1489124,1,8,1,Suresh Lokeshwar,Balasubramaniam Sachin,Rocky Bhasker,1,1,0,run,0,,,48/1
1489124,1,8,2,Balasubramaniam Sachin,Suresh Lokeshwar,Rocky Bhasker,1,1,0,run,0,,,49/1
1489124,1,8,3,Suresh Lokeshwar,Balasubramaniam Sachin,Rocky Bhasker,1,1,0,run,0,,,50/1
1489124,1,8,4,Balasubramaniam Sachin,Suresh Lokeshwar,Rocky Bhasker,0,0,0,no run,0,,,50/1
1489124,1,8,5,Balasubramaniam Sachin,Suresh Lokeshwar,Rocky Bhasker,0,0,0,no run,0,,,50/1
1489124,1,8,6,Balasubramaniam Sachin,Suresh Lokeshwar,Rocky Bhasker,0,0,0,no run,0,,,50/1
1489124,1,9,1,Suresh Lokeshwar,Balasubramaniam Sachin,Sachin Rathi,0,0,0,no run,0,,,50/1
1489124,1,9,2,Suresh Lokeshwar,Balasubramaniam Sachin,Sachin Rathi,1,1,0,run,0,,,51/1
1489124,1,9,3,Balasubramaniam Sachin,Suresh Lokeshwar,Sachin Rathi,0,0,0,out,1,caught,Balasubramaniam Sachin,51/2
1489124,1,9,4,C Andre Siddarth,Suresh Lokeshwar,Sachin Rathi,0,0,0,no run,0,,,51/2
1489124,1,9,5,C Andre Siddarth,Suresh Lokeshwar,Sachin Rathi,1,0,1,wide,0,,,52/2
1489124,1,9,6,C Andre Siddarth,Suresh Lokeshwar,Sachin Rathi,0,0,0,out,1,caught,C Andre Siddarth,52/3
1489124,1,9,7,Masood Shahrukh Khan,Suresh Lokeshwar,Sachin Rathi,0,0,0,no run,0,,,52/3
1489124,1,10,1,Suresh Lokeshwar,Masood Shahrukh Khan,Rocky Bhasker,1,1,0,run,0,,,53/3
1489124,1,10,2,Masood Shahrukh Khan,Suresh Lokeshwar,Rocky Bhasker,1,1,0,run,0,,,54/3
1489124,1,10,3,Suresh Lokeshwar,Masood Shahrukh Khan,Rocky Bhasker,1,1,0,run,0,,,55/3
1489124,1,10,4,Masood Shahrukh Khan,Suresh Lokeshwar,Rocky Bhasker,1,1,0,run,0,,,56/3
1489124,1,10,5,Suresh Lokeshwar,Masood Shahrukh Khan,Rocky Bhasker,1,1,0,run,0,,,57/3
1489124,1,10,6,Masood Shahrukh Khan,Suresh Lokeshwar,Rocky Bhasker,1,1,0,run,0,,,58/3
1489124,1,11,1,Masood Shahrukh Khan,Suresh Lokeshwar,Sachin Rathi,0,0,0,no run,0,,,58/3
1489124,1,11,2,Masood Shahrukh Khan,Suresh Lokeshwar,Sachin Rathi,1,1,0,run,0,,,59/3
1489124,1,11,3,Suresh Lokeshwar,Masood Shahrukh Khan,Sachin Rathi,6,6,0,six,0,,,65/3
1489124,1,11,4,Suresh Lokeshwar,Masood Shahrukh Khan,Sachin Rathi,1,1,0,run,0,,,66/3
1489124,1,11,5,Masood Shahrukh Khan,Suresh Lokeshwar,Sachin Rathi,0,0,0,no run,0,,,66/3
1489124,1,11,6,Masood Shahrukh Khan,Suresh Lokeshwar,Sachin Rathi,1,1,0,run,0,,,67/3
1489124,1,12,1,Masood Shahrukh Khan,Suresh Lokeshwar,Rocky Bhasker,0,0,0,no run,0,,,67/3
1489124,1,12,2,Masood Shahrukh Khan,Suresh Lokeshwar,Rocky Bhasker,6,6,0,six,0,,,73/3
1489124,1,12,3,Masood Shahrukh Khan,Suresh Lokeshwar,Rocky Bhasker,1,1,0,run,0,,,74/3
1489124,1,12,4,Suresh Lokeshwar,Masood Shahrukh Khan,Rocky Bhasker,2,2,0,run,0,,,76/3
1489124,1,12,5,Suresh Lokeshwar,Masood Shahrukh Khan,Rocky Bhasker,1,1,0,run,0,,,77/3
1489124,1,12,6,Masood Shahrukh Khan,Suresh Lokeshwar,Rocky Bhasker,1,0,1,bye,0,,,78/3
1489124,1,13,1,Masood Shahrukh Khan,Suresh Lokeshwar,NS Harish,1,0,1,wide,0,,,79/3
1489124,1,13,2,Masood Shahrukh Khan,Suresh Lokeshwar,NS Harish,1,1,0,run,0,,,80/3
1489124,1,13,3,Suresh Lokeshwar,Masood Shahrukh Khan,NS Harish,2,2,0,run,0,,,82/3
1489124,1,13,4,Suresh Lokeshwar,Masood Shahrukh Khan,NS Harish,1,1,0,run,0,,,83/3
1489124,1,13,5,Masood Shahrukh Khan,Suresh Lokeshwar,NS Harish,6,6,0,six,0,,,89/3
1489124,1,13,6,Masood Shahrukh Khan,Suresh Lokeshwar,NS Harish,0,0,0,no run,0,,,89/3
1489124,1,13,7,Masood Shahrukh Khan,Suresh Lokeshwar,NS Harish,0,0,0,no run,0,,,89/3
1489124,1,14,1,Suresh Lokeshwar,Masood Shahrukh Khan,Ramsingh Sonu Yadav,0,0,0,no run,0,,,89/3
1489124,1,14,2,Suresh Lokeshwar,Masood Shahrukh Khan,Ramsingh Sonu Yadav,1,1,0,run,0,,,90/3
1489124,1,14,3,Masood Shahrukh Khan,Suresh Lokeshwar,Ramsingh Sonu Yadav,1,1,0,run,0,,,91/3
1489124,1,14,4,Suresh Lokeshwar,Masood Shahrukh Khan,Ramsingh Sonu Yadav,1,1,0,run,0,,,92/3
1489124,1,14,5,Masood Shahrukh Khan,Suresh Lokeshwar,Ramsingh Sonu Yadav,0,0,0,no run,0,,,92/3
1489124,1,14,6,Masood Shahrukh Khan,Suresh Lokeshwar,Ramsingh Sonu Yadav,1,0,1,leg bye,0,,,93/3
1489124,1,15,1,Masood Shahrukh Khan,Suresh Lokeshwar,Sachin Rathi,1,1,0,run,0,,,94/3
1489124,1,15,2,Suresh Lokeshwar,Masood Shahrukh Khan,Sachin Rathi,2,2,0,run,0,,,96/3
1489124,1,15,3,Suresh Lokeshwar,Masood Shahrukh Khan,Sachin Rathi,0,0,0,no run,0,,,96/3
1489124,1,15,4,Suresh Lokeshwar,Masood Shahrukh Khan,Sachin Rathi,2,2,0,run,0,,,98/3
1489124,1,15,5,Suresh Lokeshwar,Masood Shahrukh Khan,Sachin Rathi,6,6,0,six,0,,,104/3
1489124,1,15,6,Suresh Lokeshwar,Masood Shahrukh Khan,Sachin Rathi,1,1,0,run,0,,,105/3
1489124,1,16,1,Suresh Lokeshwar,Masood Shahrukh Khan,Emmanuel Cherian,7,6,1,six,0,,,112/3
1489124,1,16,2,Suresh Lokeshwar,Masood Shahrukh Khan,Emmanuel Cherian,1,0,1,wide,0,,,113/3
1489124,1,16,3,Suresh Lokeshwar,Masood Shahrukh Khan,Emmanuel Cherian,1,1,0,run,0,,,114/3
1489124,1,16,4,Masood Shahrukh Khan,Suresh Lokeshwar,Emmanuel Cherian,4,4,0,four,0,,,118/3
1489124,1,16,5,Masood Shahrukh Khan,Suresh Lokeshwar,Emmanuel Cherian,4,4,0,four,0,,,122/3
1489124,1,16,6,Masood Shahrukh Khan,Suresh Lokeshwar,Emmanuel Cherian,1,1,0,run,0,,,123/3
1489124,1,16,7,Suresh Lokeshwar,Masood Shahrukh Khan,Emmanuel Cherian,4,4,0,four,0,,,127/3
1489124,1,16,8,Suresh Lokeshwar,Masood Shahrukh Khan,Emmanuel Cherian,0,0,0,no run,0,,,127/3
1489124,1,17,1,Masood Shahrukh Khan,Suresh Lokeshwar,Ramsingh Sonu Yadav,0,0,0,no run,0,,,127/3
1489124,1,17,2,Masood Shahrukh Khan,Suresh Lokeshwar,Ramsingh Sonu Yadav,0,0,0,out,1,caught,Masood Shahrukh Khan,127/4
1489124,1,17,3,S Guru Raghavendran,Suresh Lokeshwar,Ramsingh Sonu Yadav,0,0,0,out,1,caught,S Guru Raghavendran,127/5
1489124,1,17,4,KT Madhava Prasad,Suresh Lokeshwar,Ramsingh Sonu Yadav,1,1,0,run,0,,,128/5
1489124,1,17,5,Suresh Lokeshwar,KT Madhava Prasad,Ramsingh Sonu Yadav,1,1,0,run,1,run out,KT Madhava Prasad,129/6
1489124,1,17,6,R Divakar,Suresh Lokeshwar,Ramsingh Sonu Yadav,0,0,0,no run,0,,,129/6
1489124,1,18,1,Suresh Lokeshwar,R Divakar,Valliappan Yudheeswaran,1,1,0,run,0,,,130/6
1489124,1,18,2,R Divakar,Suresh Lokeshwar,Valliappan Yudheeswaran,0,0,0,no run,0,,,130/6
1489124,1,18,3,R Divakar,Suresh Lokeshwar,Valliappan Yudheeswaran,0,0,0,no run,0,,,130/6
1489124,1,18,4,R Divakar,Suresh Lokeshwar,Valliappan Yudheeswaran,1,1,0,run,0,,,131/6
1489124,1,18,5,Suresh Lokeshwar,R Divakar,Valliappan Yudheeswaran,1,1,0,run,0,,,132/6
1489124,1,18,6,R Divakar,Suresh Lokeshwar,Valliappan Yudheeswaran,6,6,0,six,0,,,138/6
1489124,1,19,1,Suresh Lokeshwar,R Divakar,Ramsingh Sonu Yadav,1,1,0,run,0,,,139/6
1489124,1,19,2,R Divakar,Suresh Lokeshwar,Ramsingh Sonu Yadav,2,2,0,run,0,,,141/6
1489124,1,19,3,R Divakar,Suresh Lokeshwar,Ramsingh Sonu Yadav,1,1,0,run,0,,,142/6
1489124,1,19,4,Suresh Lokeshwar,R Divakar,Ramsingh Sonu Yadav,1,0,1,leg bye,0,,,143/6
1489124,1,19,5,R Divakar,Suresh Lokeshwar,Ramsingh Sonu Yadav,2,2,0,run,0,,,145/6
1489124,1,19,6,R Divakar,Suresh Lokeshwar,Ramsingh Sonu Yadav,0,0,0,no run,0,,,145/6
1489124,1,20,1,Suresh Lokeshwar,R Divakar,Valliappan Yudheeswaran,4,4,0,four,0,,,149/6
1489124,1,20,2,Suresh Lokeshwar,R Divakar,Valliappan Yudheeswaran,1,0,1,wide,0,,,150/6
1489124,1,20,3,Suresh Lokeshwar,R Divakar,Valliappan Yudheeswaran,0,0,0,no run,0,,,150/6
1489124,1,20,4,Suresh Lokeshwar,R Divakar,Valliappan Yudheeswaran,6,6,0,six,0,,,156/6
1489124,1,20,5,Suresh Lokeshwar,R Divakar,Valliappan Yudheeswaran,4,4,0,four,0,,,160/6
1489124,1,20,6,Suresh Lokeshwar,R Divakar,Valliappan Yudheeswaran,1,0,1,no ball,0,,,161/6
1489124,1,20,7,Suresh Lokeshwar,R Divakar,Valliappan Yudheeswaran,2,2,0,run,0,,,163/6
1489124,1,20,8,Suresh Lokeshwar,R Divakar,Valliappan Yudheeswaran,2,2,0,run,0,,,165/6
1489124,2,1,1,D Santhosh Kumar,Konda Bhaskir Arun Karthik,P Bhuvaneswaran,0,0,0,no run,0,,,0/0
1489124,2,1,2,D Santhosh Kumar,Konda Bhaskir Arun Karthik,P Bhuvaneswaran,1,1,0,run,0,,,1/0
1489124,2,1,3,Konda Bhaskir Arun Karthik,D Santhosh Kumar,P Bhuvaneswaran,0,0,0,no run,0,,,1/0
1489124,2,1,4,Konda Bhaskir Arun Karthik,D Santhosh Kumar,P Bhuvaneswaran,0,0,0,no run,0,,,1/0
1489124,2,1,5,Konda Bhaskir Arun Karthik,D Santhosh Kumar,P Bhuvaneswaran,0,0,0,no run,0,,,1/0
1489124,2,1,6,Konda Bhaskir Arun Karthik,D Santhosh Kumar,P Bhuvaneswaran,0,0,0,no run,0,,,1/0
1489124,2,2,1,D Santhosh Kumar,Konda Bhaskir Arun Karthik,Manimaran Siddharth,1,1,0,run,0,,,2/0
1489124,2,2,2,Konda Bhaskir Arun Karthik,D Santhosh Kumar,Manimaran Siddharth,0,0,0,no run,0,,,2/0
1489124,2,2,3,Konda Bhaskir Arun Karthik,D Santhosh Kumar,Manimaran Siddharth,0,0,0,no run,0,,,2/0
1489124,2,2,4,Konda Bhaskir Arun Karthik,D Santhosh Kumar,Manimaran Siddharth,1,1,0,run,0,,,3/0
1489124,2,2,5,D Santhosh Kumar,Konda Bhaskir Arun Karthik,Manimaran Siddharth,0,0,0,no run,0,,,3/0
1489124,2,2,6,D Santhosh Kumar,Konda Bhaskir Arun Karthik,Manimaran Siddharth,1,1,0,run,0,,,4/0
1489124,2,3,1,D Santhosh Kumar,Konda Bhaskir Arun Karthik,P Bhuvaneswaran,4,4,0,four,0,,,8/0
1489124,2,3,2,D Santhosh Kumar,Konda Bhaskir Arun Karthik,P Bhuvaneswaran,0,0,0,out,1,caught,D Santhosh Kumar,8/1
1489124,2,3,3,NS Harish,Konda Bhaskir Arun Karthik,P Bhuvaneswaran,1,0,1,leg bye,0,,,9/1
1489124,2,3,4,Konda Bhaskir Arun Karthik,NS Harish,P Bhuvaneswaran,0,0,0,no run,0,,,9/1
1489124,2,3,5,Konda Bhaskir Arun Karthik,NS Harish,P Bhuvaneswaran,1,1,0,run,0,,,10/1
1489124,2,3,6,NS Harish,Konda Bhaskir Arun Karthik,P Bhuvaneswaran,0,0,0,no run,0,,,10/1
1489124,2,4,1,Konda Bhaskir Arun Karthik,NS Harish,Manimaran Siddharth,1,1,0,run,0,,,11/1
1489124,2,4,2,NS Harish,Konda Bhaskir Arun Karthik,Manimaran Siddharth,1,0,1,wide,0,,,12/1
1489124,2,4,3,NS Harish,Konda Bhaskir Arun Karthik,Manimaran Siddharth,4,4,0,four,0,,,16/1
1489124,2,4,4,NS Harish,Konda Bhaskir Arun Karthik,Manimaran Siddharth,2,0,2,wide,0,,,18/1
1489124,2,4,5,Konda Bhaskir Arun Karthik,NS Harish,Manimaran Siddharth,0,0,0,no run,0,,,18/1
1489124,2,4,6,Konda Bhaskir Arun Karthik,NS Harish,Manimaran Siddharth,1,1,0,run,0,,,19/1
1489124,2,4,7,NS Harish,Konda Bhaskir Arun Karthik,Manimaran Siddharth,0,0,0,out,1,caught,NS Harish,19/2
1489124,2,4,8,Athish SR,Konda Bhaskir Arun Karthik,Manimaran Siddharth,0,0,0,no run,0,,,19/2
1489124,2,5,1,Konda Bhaskir Arun Karthik,Athish SR,P Bhuvaneswaran,1,0,1,wide,0,,,20/2
1489124,2,5,2,Konda Bhaskir Arun Karthik,Athish SR,P Bhuvaneswaran,0,0,0,out,1,caught,Konda Bhaskir Arun Karthik,20/3
1489124,2,5,3,Ramsingh Sonu Yadav,Athish SR,P Bhuvaneswaran,0,0,0,no run,0,,,20/3
1489124,2,5,4,Ramsingh Sonu Yadav,Athish SR,P Bhuvaneswaran,0,0,0,no run,0,,,20/3
1489124,2,5,5,Ramsingh Sonu Yadav,Athish SR,P Bhuvaneswaran,1,1,0,run,0,,,21/3
1489124,2,5,6,Athish SR,Ramsingh Sonu Yadav,P Bhuvaneswaran,1,1,0,run,0,,,22/3
1489124,2,5,7,Ramsingh Sonu Yadav,Athish SR,P Bhuvaneswaran,0,0,0,no run,0,,,22/3
1489124,2,6,1,Athish SR,Ramsingh Sonu Yadav,R Divakar,0,0,0,out,1,caught,Athish SR,22/4
1489124,2,6,2,S Rithik Easwaran,Ramsingh Sonu Yadav,R Divakar,0,0,0,no run,0,,,22/4
1489124,2,6,3,S Rithik Easwaran,Ramsingh Sonu Yadav,R Divakar,0,0,0,no run,0,,,22/4
1489124,2,6,4,S Rithik Easwaran,Ramsingh Sonu Yadav,R Divakar,0,0,0,no run,0,,,22/4
1489124,2,6,5,S Rithik Easwaran,Ramsingh Sonu Yadav,R Divakar,0,0,0,no run,0,,,22/4
1489124,2,6,6,S Rithik Easwaran,Ramsingh Sonu Yadav,R Divakar,4,4,0,four,0,,,26/4
1489124,2,7,1,Ramsingh Sonu Yadav,S Rithik Easwaran,Masood Shahrukh Khan,0,0,0,no run,0,,,26/4
1489124,2,7,2,Ramsingh Sonu Yadav,S Rithik Easwaran,Masood Shahrukh Khan,1,0,1,wide,0,,,27/4
1489124,2,7,3,Ramsingh Sonu Yadav,S Rithik Easwaran,Masood Shahrukh Khan,1,1,0,run,0,,,28/4
1489124,2,7,4,S Rithik Easwaran,Ramsingh Sonu Yadav,Masood Shahrukh Khan,1,1,0,run,0,,,29/4
1489124,2,7,5,Ramsingh Sonu Yadav,S Rithik Easwaran,Masood Shahrukh Khan,1,1,0,run,0,,,30/4
1489124,2,7,6,S Rithik Easwaran,Ramsingh Sonu Yadav,Masood Shahrukh Khan,1,1,0,run,0,,,31/4
1489124,2,7,7,Ramsingh Sonu Yadav,S Rithik Easwaran,Masood Shahrukh Khan,0,0,0,no run,0,,,31/4
1489124,2,8,1,S Rithik Easwaran,Ramsingh Sonu Yadav,R Divakar,0,0,0,no run,0,,,31/4
1489124,2,8,2,S Rithik Easwaran,Ramsingh Sonu Yadav,R Divakar,0,0,0,no run,0,,,31/4
1489124,2,8,3,S Rithik Easwaran,Ramsingh Sonu Yadav,R Divakar,0,0,0,out,1,caught,S Rithik Easwaran,31/5
1489124,2,8,4,Guruswamy Ajitesh,Ramsingh Sonu Yadav,R Divakar,0,0,0,no run,0,,,31/5
1489124,2,8,5,Guruswamy Ajitesh,Ramsingh Sonu Yadav,R Divakar,0,0,0,no run,0,,,31/5
1489124,2,8,6,Guruswamy Ajitesh,Ramsingh Sonu Yadav,R Divakar,0,0,0,no run,0,,,31/5
1489124,2,9,1,Ramsingh Sonu Yadav,Guruswamy Ajitesh,Manimaran Siddharth,1,1,0,run,0,,,32/5
1489124,2,9,2,Guruswamy Ajitesh,Ramsingh Sonu Yadav,Manimaran Siddharth,1,1,0,run,0,,,33/5
1489124,2,9,3,Ramsingh Sonu Yadav,Guruswamy Ajitesh,Manimaran Siddharth,0,0,0,no run,0,,,33/5
1489124,2,9,4,Ramsingh Sonu Yadav,Guruswamy Ajitesh,Manimaran Siddharth,1,1,0,run,0,,,34/5
1489124,2,9,5,Guruswamy Ajitesh,Ramsingh Sonu Yadav,Manimaran Siddharth,0,0,0,no run,0,,,34/5
1489124,2,9,6,Guruswamy Ajitesh,Ramsingh Sonu Yadav,Manimaran Siddharth,0,0,0,no run,0,,,34/5
1489124,2,10,1,Ramsingh Sonu Yadav,Guruswamy Ajitesh,N Kabilan,5,4,1,four,0,,,39/5
1489124,2,10,2,Ramsingh Sonu Yadav,Guruswamy Ajitesh,N Kabilan,0,0,0,no run,0,,,39/5
1489124,2,10,3,Ramsingh Sonu Yadav,Guruswamy Ajitesh,N Kabilan,1,0,1,leg bye,0,,,40/5
1489124,2,10,4,Guruswamy Ajitesh,Ramsingh Sonu Yadav,N Kabilan,1,1,0,run,0,,,41/5
1489124,2,10,5,Ramsingh Sonu Yadav,Guruswamy Ajitesh,N Kabilan,0,0,0,no run,0,,,41/5
1489124,2,10,6,Ramsingh Sonu Yadav,Guruswamy Ajitesh,N Kabilan,1,1,0,run,0,,,42/5
1489124,2,10,7,Guruswamy Ajitesh,Ramsingh Sonu Yadav,N Kabilan,1,1,0,run,0,,,43/5
1489124,2,11,1,Guruswamy Ajitesh,Ramsingh Sonu Yadav,Jhathavedh Subramanyan,2,2,0,run,0,,,45/5
1489124,2,11,2,Guruswamy Ajitesh,Ramsingh Sonu Yadav,Jhathavedh Subramanyan,0,0,0,no run,0,,,45/5
1489124,2,11,3,Guruswamy Ajitesh,Ramsingh Sonu Yadav,Jhathavedh Subramanyan,1,1,0,run,0,,,46/5
1489124,2,11,4,Ramsingh Sonu Yadav,Guruswamy Ajitesh,Jhathavedh Subramanyan,0,0,0,no run,0,,,46/5
1489124,2,11,5,Ramsingh Sonu Yadav,Guruswamy Ajitesh,Jhathavedh Subramanyan,1,1,0,run,0,,,47/5
1489124,2,11,6,Guruswamy Ajitesh,Ramsingh Sonu Yadav,Jhathavedh Subramanyan,1,1,0,run,0,,,48/5
1489124,2,12,1,Guruswamy Ajitesh,Ramsingh Sonu Yadav,N Kabilan,1,1,0,run,0,,,49/5
1489124,2,12,2,Ramsingh Sonu Yadav,Guruswamy Ajitesh,N Kabilan,4,4,0,four,0,,,53/5
1489124,2,12,3,Ramsingh Sonu Yadav,Guruswamy Ajitesh,N Kabilan,6,6,0,six,0,,,59/5
1489124,2,12,4,Ramsingh Sonu Yadav,Guruswamy Ajitesh,N Kabilan,1,1,0,run,0,,,60/5
1489124,2,12,5,Guruswamy Ajitesh,Ramsingh Sonu Yadav,N Kabilan,1,0,1,wide,0,,,61/5
1489124,2,12,6,Guruswamy Ajitesh,Ramsingh Sonu Yadav,N Kabilan,0,0,0,out,1,caught,Guruswamy Ajitesh,61/6
1489124,2,12,7,Muhammed Adnan Khan,Ramsingh Sonu Yadav,N Kabilan,0,0,0,no run,0,,,61/6
1489124,2,13,1,Ramsingh Sonu Yadav,Muhammed Adnan Khan,Jhathavedh Subramanyan,1,1,0,run,0,,,62/6
1489124,2,13,2,Muhammed Adnan Khan,Ramsingh Sonu Yadav,Jhathavedh Subramanyan,0,0,0,no run,0,,,62/6
1489124,2,13,3,Muhammed Adnan Khan,Ramsingh Sonu Yadav,Jhathavedh Subramanyan,4,0,4,bye,0,,,66/6
1489124,2,13,4,Muhammed Adnan Khan,Ramsingh Sonu Yadav,Jhathavedh Subramanyan,1,1,0,run,0,,,67/6
1489124,2,13,5,Ramsingh Sonu Yadav,Muhammed Adnan Khan,Jhathavedh Subramanyan,0,0,0,no run,0,,,67/6
1489124,2,13,6,Ramsingh Sonu Yadav,Muhammed Adnan Khan,Jhathavedh Subramanyan,0,0,0,no run,0,,,67/6
1489124,2,14,1,Muhammed Adnan Khan,Ramsingh Sonu Yadav,Manimaran Siddharth,0,0,0,no run,0,,,67/6
1489124,2,14,2,Muhammed Adnan Khan,Ramsingh Sonu Yadav,Manimaran Siddharth,0,0,0,no run,0,,,67/6
1489124,2,14,3,Muhammed Adnan Khan,Ramsingh Sonu Yadav,Manimaran Siddharth,1,1,0,run,0,,,68/6
1489124,2,14,4,Ramsingh Sonu Yadav,Muhammed Adnan Khan,Manimaran Siddharth,0,0,0,no run,0,,,68/6
1489124,2,14,5,Ramsingh Sonu Yadav,Muhammed Adnan Khan,Manimaran Siddharth,0,0,0,out,1,caught,Ramsingh Sonu Yadav,68/7
1489124,2,14,6,Sachin Rathi,Muhammed Adnan Khan,Manimaran Siddharth,0,0,0,no run,0,,,68/7
1489124,2,15,1,Muhammed Adnan Khan,Sachin Rathi,Jhathavedh Subramanyan,0,0,0,no run,0,,,68/7
1489124,2,15,2,Muhammed Adnan Khan,Sachin Rathi,Jhathavedh Subramanyan,1,1,0,run,0,,,69/7
1489124,2,15,3,Sachin Rathi,Muhammed Adnan Khan,Jhathavedh Subramanyan,1,1,0,run,0,,,70/7
1489124,2,15,4,Muhammed Adnan Khan,Sachin Rathi,Jhathavedh Subramanyan,6,6,0,six,0,,,76/7
1489124,2,15,5,Muhammed Adnan Khan,Sachin Rathi,Jhathavedh Subramanyan,4,4,0,four,0,,,80/7
1489124,2,15,6,Muhammed Adnan Khan,Sachin Rathi,Jhathavedh Subramanyan,1,0,1,leg bye,0,,,81/7
1489124,2,16,1,Muhammed Adnan Khan,Sachin Rathi,R Divakar,6,6,0,six,0,,,87/7
1489124,2,16,2,Muhammed Adnan Khan,Sachin Rathi,R Divakar,1,0,1,wide,0,,,88/7
1489124,2,16,3,Muhammed Adnan Khan,Sachin Rathi,R Divakar,4,4,0,four,0,,,92/7
1489124,2,16,4,Muhammed Adnan Khan,Sachin Rathi,R Divakar,1,1,0,run,0,,,93/7
1489124,2,16,5,Sachin Rathi,Muhammed Adnan Khan,R Divakar,0,0,0,no run,0,,,93/7
1489124,2,16,6,Sachin Rathi,Muhammed Adnan Khan,R Divakar,0,0,0,out,1,caught,Sachin Rathi,93/8
1489124,2,16,7,Valliappan Yudheeswaran,Muhammed Adnan Khan,R Divakar,0,0,0,no run,0,,,93/8
1489124,2,17,1,Muhammed Adnan Khan,Valliappan Yudheeswaran,N Kabilan,0,0,0,no run,0,,,93/8
1489124,2,17,2,Muhammed Adnan Khan,Valliappan Yudheeswaran,N Kabilan,0,0,0,no run,0,,,93/8
1489124,2,17,3,Muhammed Adnan Khan,Valliappan Yudheeswaran,N Kabilan,3,2,1,run,0,,,96/8
1489124,2,17,4,Muhammed Adnan Khan,Valliappan Yudheeswaran,N Kabilan,0,0,0,no run,0,,,96/8
1489124,2,17,5,Muhammed Adnan Khan,Valliappan Yudheeswaran,N Kabilan,0,0,0,out,1,caught,Muhammed Adnan Khan,96/9
1489124,2,17,6,Emmanuel Cherian,Valliappan Yudheeswaran,N Kabilan,1,0,1,wide,0,,,97/9
1489124,2,17,7,Emmanuel Cherian,Valliappan Yudheeswaran,N Kabilan,0,0,0,no run,0,,,97/9
1489124,2,17,8,Emmanuel Cherian,Valliappan Yudheeswaran,N Kabilan,1,1,0,run,0,,,98/9
1489124,2,18,1,Emmanuel Cherian,Valliappan Yudheeswaran,R Divakar,0,0,0,no run,0,,,98/9
1489124,2,18,2,Emmanuel Cherian,Valliappan Yudheeswaran,R Divakar,0,0,0,no run,0,,,98/9
1489124,2,18,3,Emmanuel Cherian,Valliappan Yudheeswaran,R Divakar,0,0,0,no run,0,,,98/9
1489124,2,18,4,Emmanuel Cherian,Valliappan Yudheeswaran,R Divakar,0,0,0,no run,0,,,98/9
1489124,2,18,5,Emmanuel Cherian,Valliappan Yudheeswaran,R Divakar,0,0,0,out,1,run out,Emmanuel Cherian,98/10
1489125,1,1,1,R Kavin,Chezhian Nishaanth,Sankarankutty Sandeep Warrier,1,1,0,run,0,,,1/0
1489125,1,1,2,Chezhian Nishaanth,R Kavin,Sankarankutty Sandeep Warrier,0,0,0,no run,0,,,1/0
1489125,1,1,3,Chezhian Nishaanth,R Kavin,Sankarankutty Sandeep Warrier,0,0,0,no run,0,,,1/0
1489125,1,1,4,Chezhian Nishaanth,R Kavin,Sankarankutty Sandeep Warrier,0,0,0,no run,0,,,1/0
1489125,1,1,5,Chezhian Nishaanth,R Kavin,Sankarankutty Sandeep Warrier,0,0,0,no run,0,,,1/0
1489125,1,1,6,Chezhian Nishaanth,R Kavin,Sankarankutty Sandeep Warrier,1,1,0,run,0,,,2/0
1489125,1,2,1,Chezhian Nishaanth,R Kavin,Ravichandran Ashwin,0,0,0,no run,0,,,2/0
1489125,1,2,2,Chezhian Nishaanth,R Kavin,Ravichandran Ashwin,0,0,0,no run,0,,,2/0
1489125,1,2,3,Chezhian Nishaanth,R Kavin,Ravichandran Ashwin,2,2,0,run,0,,,4/0
1489125,1,2,4,Chezhian Nishaanth,R Kavin,Ravichandran Ashwin,1,1,0,run,0,,,5/0
1489125,1,2,5,R Kavin,Chezhian Nishaanth,Ravichandran Ashwin,0,0,0,out,1,caught,R Kavin,5/1
1489125,1,2,6,S Abishiek,Chezhian Nishaanth,Ravichandran Ashwin,2,2,0,run,0,,,7/1
1489125,1,3,1,Chezhian Nishaanth,S Abishiek,M Karthik Saran,0,0,0,no run,0,,,7/1
1489125,1,3,2,Chezhian Nishaanth,S Abishiek,M Karthik Saran,6,6,0,six,0,,,13/1
1489125,1,3,3,Chezhian Nishaanth,S Abishiek,M Karthik Saran,0,0,0,out,1,caught,Chezhian Nishaanth,13/2
1489125,1,3,4,Nidhish S Rajagopal,S Abishiek,M Karthik Saran,4,4,0,four,0,,,17/2
1489125,1,3,5,Nidhish S Rajagopal,S Abishiek,M Karthik Saran,0,0,0,no run,0,,,17/2
1489125,1,3,6,Nidhish S Rajagopal,S Abishiek,M Karthik Saran,0,0,0,no run,0,,,17/2
1489125,1,4,1,S Abishiek,Nidhish S Rajagopal,Ravichandran Ashwin,1,0,1,wide,0,,,18/2
1489125,1,4,2,S Abishiek,Nidhish S Rajagopal,Ravichandran Ashwin,0,0,0,no run,0,,,18/2
1489125,1,4,3,S Abishiek,Nidhish S Rajagopal,Ravichandran Ashwin,1,1,0,run,0,,,19/2
1489125,1,4,4,Nidhish S Rajagopal,S Abishiek,Ravichandran Ashwin,0,0,0,no run,0,,,19/2
1489125,1,4,5,Nidhish S Rajagopal,S Abishiek,Ravichandran Ashwin,1,1,0,run,0,,,20/2
1489125,1,4,6,S Abishiek,Nidhish S Rajagopal,Ravichandran Ashwin,1,1,0,run,0,,,21/2
1489125,1,4,7,Nidhish S Rajagopal,S Abishiek,Ravichandran Ashwin,0,0,0,no run,0,,,21/2
1489125,1,5,1,S Abishiek,Nidhish S Rajagopal,M Karthik Saran,0,0,0,no run,0,,,21/2
1489125,1,5,2,S Abishiek,Nidhish S Rajagopal,M Karthik Saran,1,1,0,run,0,,,22/2
1489125,1,5,3,Nidhish S Rajagopal,S Abishiek,M Karthik Saran,4,4,0,four,0,,,26/2
1489125,1,5,4,Nidhish S Rajagopal,S Abishiek,M Karthik Saran,0,0,0,no run,0,,,26/2
1489125,1,5,5,Nidhish S Rajagopal,S Abishiek,M Karthik Saran,1,1,0,run,0,,,27/2
1489125,1,5,6,S Abishiek,Nidhish S Rajagopal,M Karthik Saran,1,0,1,no ball,0,,,28/2
1489125,1,5,7,S Abishiek,Nidhish S Rajagopal,M Karthik Saran,1,1,0,run,0,,,29/2
1489125,1,6,1,S Abishiek,Nidhish S Rajagopal,DT Chandrasekar,0,0,0,no run,0,,,29/2
1489125,1,6,2,S Abishiek,Nidhish S Rajagopal,DT Chandrasekar,4,4,0,four,0,,,33/2
1489125,1,6,3,S Abishiek,Nidhish S Rajagopal,DT Chandrasekar,0,0,0,no run,0,,,33/2
1489125,1,6,4,S Abishiek,Nidhish S Rajagopal,DT Chandrasekar,2,2,0,run,0,,,35/2
1489125,1,6,5,S Abishiek,Nidhish S Rajagopal,DT Chandrasekar,1,1,0,run,0,,,36/2
1489125,1,6,6,Nidhish S Rajagopal,S Abishiek,DT Chandrasekar,1,1,0,run,0,,,37/2
1489125,1,7,1,Nidhish S Rajagopal,S Abishiek,Varun Chakravarthy Vinod,1,1,0,run,0,,,38/2
1489125,1,7,2,S Abishiek,Nidhish S Rajagopal,Varun Chakravarthy Vinod,2,2,0,run,0,,,40/2
1489125,1,7,3,S Abishiek,Nidhish S Rajagopal,Varun Chakravarthy Vinod,0,0,0,out,1,leg before wicket,S Abishiek,40/3
1489125,1,7,4,Sunny Sandhu,Nidhish S Rajagopal,Varun Chakravarthy Vinod,1,1,0,run,0,,,41/3
1489125,1,7,5,Nidhish S Rajagopal,Sunny Sandhu,Varun Chakravarthy Vinod,1,1,0,run,0,,,42/3
1489125,1,7,6,Sunny Sandhu,Nidhish S Rajagopal,Varun Chakravarthy Vinod,0,0,0,no run,0,,,42/3
1489125,1,8,1,Nidhish S Rajagopal,Sunny Sandhu,DT Chandrasekar,1,1,0,run,0,,,43/3
1489125,1,8,2,Sunny Sandhu,Nidhish S Rajagopal,DT Chandrasekar,6,6,0,six,0,,,49/3
1489125,1,8,3,Sunny Sandhu,Nidhish S Rajagopal,DT Chandrasekar,0,0,0,no run,0,,,49/3
1489125,1,8,4,Sunny Sandhu,Nidhish S Rajagopal,DT Chandrasekar,4,4,0,four,0,,,53/3
1489125,1,8,5,Sunny Sandhu,Nidhish S Rajagopal,DT Chandrasekar,1,1,0,run,0,,,54/3
1489125,1,8,6,Nidhish S Rajagopal,Sunny Sandhu,DT Chandrasekar,1,1,0,run,0,,,55/3
1489125,1,9,1,Nidhish S Rajagopal,Sunny Sandhu,Ganeshan Periyaswamy,5,0,5,wide,0,,,60/3
1489125,1,9,2,Nidhish S Rajagopal,Sunny Sandhu,Ganeshan Periyaswamy,1,1,0,run,0,,,61/3
1489125,1,9,3,Sunny Sandhu,Nidhish S Rajagopal,Ganeshan Periyaswamy,4,4,0,four,0,,,65/3
1489125,1,9,4,Sunny Sandhu,Nidhish S Rajagopal,Ganeshan Periyaswamy,1,1,0,run,0,,,66/3
1489125,1,9,5,Nidhish S Rajagopal,Sunny Sandhu,Ganeshan Periyaswamy,1,1,0,run,0,,,67/3
1489125,1,9,6,Sunny Sandhu,Nidhish S Rajagopal,Ganeshan Periyaswamy,2,2,0,run,0,,,69/3
1489125,1,9,7,Sunny Sandhu,Nidhish S Rajagopal,Ganeshan Periyaswamy,4,4,0,four,0,,,73/3
1489125,1,10,1,Nidhish S Rajagopal,Sunny Sandhu,Varun Chakravarthy Vinod,0,0,0,no run,0,,,73/3
1489125,1,10,2,Nidhish S Rajagopal,Sunny Sandhu,Varun Chakravarthy Vinod,0,0,0,no run,0,,,73/3
1489125,1,10,3,Nidhish S Rajagopal,Sunny Sandhu,Varun Chakravarthy Vinod,4,4,0,four,0,,,77/3
1489125,1,10,4,Nidhish S Rajagopal,Sunny Sandhu,Varun Chakravarthy Vinod,1,1,0,run,0,,,78/3
1489125,1,10,5,Sunny Sandhu,Nidhish S Rajagopal,Varun Chakravarthy Vinod,1,1,0,run,0,,,79/3
1489125,1,10,6,Nidhish S Rajagopal,Sunny Sandhu,Varun Chakravarthy Vinod,1,1,0,run,0,,,80/3
1489125,1,11,1,Nidhish S Rajagopal,Sunny Sandhu,Ravichandran Ashwin,1,1,0,run,0,,,81/3
1489125,1,11,2,Sunny Sandhu,Nidhish S Rajagopal,Ravichandran Ashwin,0,0,0,no run,0,,,81/3
1489125,1,11,3,Sunny Sandhu,Nidhish S Rajagopal,Ravichandran Ashwin,1,1,0,run,0,,,82/3
1489125,1,11,4,Nidhish S Rajagopal,Sunny Sandhu,Ravichandran Ashwin,1,1,0,run,0,,,83/3
1489125,1,11,5,Sunny Sandhu,Nidhish S Rajagopal,Ravichandran Ashwin,0,0,0,out,1,caught,Sunny Sandhu,83/4
1489125,1,11,6,Rajendran Vivek,Nidhish S Rajagopal,Ravichandran Ashwin,1,1,0,run,0,,,84/4
1489125,1,12,1,Rajendran Vivek,Nidhish S Rajagopal,Varun Chakravarthy Vinod,1,0,1,leg bye,0,,,85/4
1489125,1,12,2,Nidhish S Rajagopal,Rajendran Vivek,Varun Chakravarthy Vinod,1,1,0,run,0,,,86/4
1489125,1,12,3,Rajendran Vivek,Nidhish S Rajagopal,Varun Chakravarthy Vinod,6,6,0,six,0,,,92/4
1489125,1,12,4,Rajendran Vivek,Nidhish S Rajagopal,Varun Chakravarthy Vinod,0,0,0,no run,0,,,92/4
1489125,1,12,5,Rajendran Vivek,Nidhish S Rajagopal,Varun Chakravarthy Vinod,1,1,0,run,0,,,93/4
1489125,1,12,6,Nidhish S Rajagopal,Rajendran Vivek,Varun Chakravarthy Vinod,0,0,0,no run,0,,,93/4
1489125,1,13,1,Rajendran Vivek,Nidhish S Rajagopal,Sankarankutty Sandeep Warrier,1,1,0,run,0,,,94/4
1489125,1,13,2,Nidhish S Rajagopal,Rajendran Vivek,Sankarankutty Sandeep Warrier,0,0,0,no run,0,,,94/4
1489125,1,13,3,Nidhish S Rajagopal,Rajendran Vivek,Sankarankutty Sandeep Warrier,1,1,0,run,0,,,95/4
1489125,1,13,4,Rajendran Vivek,Nidhish S Rajagopal,Sankarankutty Sandeep Warrier,1,1,0,run,0,,,96/4
1489125,1,13,5,Nidhish S Rajagopal,Rajendran Vivek,Sankarankutty Sandeep Warrier,1,1,0,run,0,,,97/4
1489125,1,13,6,Rajendran Vivek,Nidhish S Rajagopal,Sankarankutty Sandeep Warrier,2,2,0,run,0,,,99/4
1489125,1,14,1,Nidhish S Rajagopal,Rajendran Vivek,Ganeshan Periyaswamy,0,0,0,no run,0,,,99/4
1489125,1,14,2,Nidhish S Rajagopal,Rajendran Vivek,Ganeshan Periyaswamy,2,2,0,run,0,,,101/4
1489125,1,14,3,Nidhish S Rajagopal,Rajendran Vivek,Ganeshan Periyaswamy,6,6,0,six,0,,,107/4
1489125,1,14,4,Nidhish S Rajagopal,Rajendran Vivek,Ganeshan Periyaswamy,1,1,0,run,0,,,108/4
1489125,1,14,5,Rajendran Vivek,Nidhish S Rajagopal,Ganeshan Periyaswamy,6,6,0,six,0,,,114/4
1489125,1,14,6,Rajendran Vivek,Nidhish S Rajagopal,Ganeshan Periyaswamy,4,4,0,four,0,,,118/4
1489125,1,15,1,Nidhish S Rajagopal,Rajendran Vivek,Sankarankutty Sandeep Warrier,1,1,0,run,0,,,119/4
1489125,1,15,2,Rajendran Vivek,Nidhish S Rajagopal,Sankarankutty Sandeep Warrier,0,0,0,no run,0,,,119/4
1489125,1,15,3,Rajendran Vivek,Nidhish S Rajagopal,Sankarankutty Sandeep Warrier,0,0,0,no run,0,,,119/4
1489125,1,15,4,Rajendran Vivek,Nidhish S Rajagopal,Sankarankutty Sandeep Warrier,1,1,0,run,0,,,120/4
1489125,1,15,5,Nidhish S Rajagopal,Rajendran Vivek,Sankarankutty Sandeep Warrier,1,1,0,run,0,,,121/4
1489125,1,15,6,Rajendran Vivek,Nidhish S Rajagopal,Sankarankutty Sandeep Warrier,0,0,0,no run,0,,,121/4
1489125,1,16,1,Nidhish S Rajagopal,Rajendran Vivek,Varun Chakravarthy Vinod,4,4,0,four,0,,,125/4
1489125,1,16,2,Nidhish S Rajagopal,Rajendran Vivek,Varun Chakravarthy Vinod,0,0,0,no run,0,,,125/4
1489125,1,16,3,Nidhish S Rajagopal,Rajendran Vivek,Varun Chakravarthy Vinod,1,1,0,run,0,,,126/4
1489125,1,16,4,Rajendran Vivek,Nidhish S Rajagopal,Varun Chakravarthy Vinod,1,1,0,run,0,,,127/4
1489125,1,16,5,Nidhish S Rajagopal,Rajendran Vivek,Varun Chakravarthy Vinod,6,6,0,six,0,,,133/4
1489125,1,16,6,Nidhish S Rajagopal,Rajendran Vivek,Varun Chakravarthy Vinod,1,1,0,run,0,,,134/4
1489125,1,17,1,Nidhish S Rajagopal,Rajendran Vivek,Ganeshan Periyaswamy,6,6,0,six,0,,,140/4
1489125,1,17,2,Nidhish S Rajagopal,Rajendran Vivek,Ganeshan Periyaswamy,4,4,0,four,0,,,144/4
1489125,1,17,3,Nidhish S Rajagopal,Rajendran Vivek,Ganeshan Periyaswamy,1,1,0,run,0,,,145/4
1489125,1,17,4,Rajendran Vivek,Nidhish S Rajagopal,Ganeshan Periyaswamy,6,6,0,six,0,,,151/4
1489125,1,17,5,Rajendran Vivek,Nidhish S Rajagopal,Ganeshan Periyaswamy,1,0,1,wide,0,,,152/4
1489125,1,17,6,Rajendran Vivek,Nidhish S Rajagopal,Ganeshan Periyaswamy,1,1,0,run,0,,,153/4
1489125,1,17,7,Nidhish S Rajagopal,Rajendran Vivek,Ganeshan Periyaswamy,1,1,0,run,0,,,154/4
1489125,1,18,1,Nidhish S Rajagopal,Rajendran Vivek,Ravichandran Ashwin,4,4,0,four,0,,,158/4
1489125,1,18,2,Nidhish S Rajagopal,Rajendran Vivek,Ravichandran Ashwin,1,1,0,run,0,,,159/4
1489125,1,18,3,Rajendran Vivek,Nidhish S Rajagopal,Ravichandran Ashwin,2,2,0,run,0,,,161/4
1489125,1,18,4,Rajendran Vivek,Nidhish S Rajagopal,Ravichandran Ashwin,2,2,0,run,0,,,163/4
1489125,1,18,5,Rajendran Vivek,Nidhish S Rajagopal,Ravichandran Ashwin,0,0,0,out,1,leg before wicket,Rajendran Vivek,163/5
1489125,1,18,6,S Harish Kumar,Nidhish S Rajagopal,Ravichandran Ashwin,0,0,0,no run,0,,,163/5
1489125,1,19,1,Nidhish S Rajagopal,S Harish Kumar,Sankarankutty Sandeep Warrier,6,6,0,six,0,,,169/5
1489125,1,19,2,Nidhish S Rajagopal,S Harish Kumar,Sankarankutty Sandeep Warrier,1,0,1,wide,0,,,170/5
1489125,1,19,3,Nidhish S Rajagopal,S Harish Kumar,Sankarankutty Sandeep Warrier,0,0,0,out,1,caught,Nidhish S Rajagopal,170/6
1489125,1,19,4,M Mohammed,S Harish Kumar,Sankarankutty Sandeep Warrier,0,0,0,no run,0,,,170/6
1489125,1,19,5,M Mohammed,S Harish Kumar,Sankarankutty Sandeep Warrier,1,1,0,run,0,,,171/6
1489125,1,19,6,S Harish Kumar,M Mohammed,Sankarankutty Sandeep Warrier,2,2,0,run,0,,,173/6
1489125,1,19,7,S Harish Kumar,M Mohammed,Sankarankutty Sandeep Warrier,2,2,0,run,0,,,175/6
1489125,1,20,1,M Mohammed,S Harish Kumar,Ganeshan Periyaswamy,0,0,0,no run,0,,,175/6
1489125,1,20,2,M Mohammed,S Harish Kumar,Ganeshan Periyaswamy,1,1,0,run,0,,,176/6
1489125,1,20,3,S Harish Kumar,M Mohammed,Ganeshan Periyaswamy,1,1,0,run,1,run out,M Mohammed,177/7
1489125,1,20,4,S Harish Kumar,J Gowri Sankar,Ganeshan Periyaswamy,6,6,0,six,0,,,183/7
1489125,1,20,5,S Harish Kumar,J Gowri Sankar,Ganeshan Periyaswamy,1,1,0,run,0,,,184/7
1489125,1,20,6,J Gowri Sankar,S Harish Kumar,Ganeshan Periyaswamy,4,4,0,four,0,,,188/7
1489125,2,1,1,Ravichandran Ashwin,Shivam Singh,Dev Rahul,1,1,0,run,0,,,1/0
1489125,2,1,2,Shivam Singh,Ravichandran Ashwin,Dev Rahul,4,4,0,four,0,,,5/0
1489125,2,1,3,Shivam Singh,Ravichandran Ashwin,Dev Rahul,4,4,0,four,0,,,9/0
1489125,2,1,4,Shivam Singh,Ravichandran Ashwin,Dev Rahul,1,1,0,run,0,,,10/0
1489125,2,1,5,Ravichandran Ashwin,Shivam Singh,Dev Rahul,4,4,0,four,0,,,14/0
1489125,2,1,6,Ravichandran Ashwin,Shivam Singh,Dev Rahul,0,0,0,no run,0,,,14/0
1489125,2,2,1,Shivam Singh,Ravichandran Ashwin,Rahil S Shah,6,6,0,six,0,,,20/0
1489125,2,2,2,Shivam Singh,Ravichandran Ashwin,Rahil S Shah,1,1,0,run,0,,,21/0
1489125,2,2,3,Ravichandran Ashwin,Shivam Singh,Rahil S Shah,4,4,0,four,0,,,25/0
1489125,2,2,4,Ravichandran Ashwin,Shivam Singh,Rahil S Shah,6,6,0,six,0,,,31/0
1489125,2,2,5,Ravichandran Ashwin,Shivam Singh,Rahil S Shah,4,4,0,four,0,,,35/0
1489125,2,2,6,Ravichandran Ashwin,Shivam Singh,Rahil S Shah,4,4,0,four,0,,,39/0
1489125,2,3,1,Shivam Singh,Ravichandran Ashwin,Sunny Sandhu,1,1,0,run,0,,,40/0
1489125,2,3,2,Ravichandran Ashwin,Shivam Singh,Sunny Sandhu,1,1,0,run,0,,,41/0
1489125,2,3,3,Shivam Singh,Ravichandran Ashwin,Sunny Sandhu,1,1,0,run,0,,,42/0
1489125,2,3,4,Ravichandran Ashwin,Shivam Singh,Sunny Sandhu,1,1,0,run,0,,,43/0
1489125,2,3,5,Shivam Singh,Ravichandran Ashwin,Sunny Sandhu,1,1,0,run,0,,,44/0
1489125,2,3,6,Ravichandran Ashwin,Shivam Singh,Sunny Sandhu,4,4,0,four,0,,,48/0
1489125,2,4,1,Shivam Singh,Ravichandran Ashwin,M Mohammed,1,1,0,run,0,,,49/0
1489125,2,4,2,Ravichandran Ashwin,Shivam Singh,M Mohammed,1,1,0,run,0,,,50/0
1489125,2,4,3,Shivam Singh,Ravichandran Ashwin,M Mohammed,1,1,0,run,0,,,51/0
1489125,2,4,4,Ravichandran Ashwin,Shivam Singh,M Mohammed,6,6,0,six,0,,,57/0
1489125,2,4,5,Ravichandran Ashwin,Shivam Singh,M Mohammed,0,0,0,no run,0,,,57/0
1489125,2,4,6,Ravichandran Ashwin,Shivam Singh,M Mohammed,0,0,0,out,1,caught,Ravichandran Ashwin,57/1
1489125,2,5,1,Shivam Singh,Baba Indrajith,Sunny Sandhu,1,1,0,run,0,,,58/1
1489125,2,5,2,Baba Indrajith,Shivam Singh,Sunny Sandhu,1,1,0,run,0,,,59/1
1489125,2,5,3,Shivam Singh,Baba Indrajith,Sunny Sandhu,6,6,0,six,0,,,65/1
1489125,2,5,4,Shivam Singh,Baba Indrajith,Sunny Sandhu,1,1,0,run,0,,,66/1
1489125,2,5,5,Baba Indrajith,Shivam Singh,Sunny Sandhu,0,0,0,no run,0,,,66/1
1489125,2,5,6,Baba Indrajith,Shivam Singh,Sunny Sandhu,1,1,0,run,0,,,67/1
1489125,2,6,1,Baba Indrajith,Shivam Singh,M Mohammed,0,0,0,no run,0,,,67/1
1489125,2,6,2,Baba Indrajith,Shivam Singh,M Mohammed,1,1,0,run,0,,,68/1
1489125,2,6,3,Shivam Singh,Baba Indrajith,M Mohammed,0,0,0,no run,0,,,68/1
1489125,2,6,4,Shivam Singh,Baba Indrajith,M Mohammed,1,1,0,run,0,,,69/1
1489125,2,6,5,Baba Indrajith,Shivam Singh,M Mohammed,1,1,0,run,0,,,70/1
1489125,2,6,6,Shivam Singh,Baba Indrajith,M Mohammed,0,0,0,out,1,run out,Baba Indrajith,70/2
1489125,2,7,1,Shivam Singh,Maan K Bafna,M Poiyamozhi,0,0,0,no run,0,,,70/2
1489125,2,7,2,Shivam Singh,Maan K Bafna,M Poiyamozhi,1,1,0,run,0,,,71/2
1489125,2,7,3,Maan K Bafna,Shivam Singh,M Poiyamozhi,1,1,0,run,0,,,72/2
1489125,2,7,4,Shivam Singh,Maan K Bafna,M Poiyamozhi,0,0,0,no run,0,,,72/2
1489125,2,7,5,Shivam Singh,Maan K Bafna,M Poiyamozhi,1,1,0,run,0,,,73/2
1489125,2,7,6,Maan K Bafna,Shivam Singh,M Poiyamozhi,1,1,0,run,0,,,74/2
1489125,2,8,1,Maan K Bafna,Shivam Singh,S Harish Kumar,1,1,0,run,0,,,75/2
1489125,2,8,2,Shivam Singh,Maan K Bafna,S Harish Kumar,0,0,0,no run,0,,,75/2
1489125,2,8,3,Shivam Singh,Maan K Bafna,S Harish Kumar,1,1,0,run,0,,,76/2
1489125,2,8,4,Maan K Bafna,Shivam Singh,S Harish Kumar,0,0,0,out,1,caught,Maan K Bafna,76/3
1489125,2,8,5,RK Jayant,Shivam Singh,S Harish Kumar,4,4,0,four,0,,,80/3
1489125,2,8,6,RK Jayant,Shivam Singh,S Harish Kumar,1,1,0,run,0,,,81/3
1489125,2,9,1,RK Jayant,Shivam Singh,Rahil S Shah,1,1,0,run,0,,,82/3
1489125,2,9,2,Shivam Singh,RK Jayant,Rahil S Shah,1,1,0,run,0,,,83/3
1489125,2,9,3,RK Jayant,Shivam Singh,Rahil S Shah,0,0,0,no run,0,,,83/3
1489125,2,9,4,RK Jayant,Shivam Singh,Rahil S Shah,1,1,0,run,0,,,84/3
1489125,2,9,5,Shivam Singh,RK Jayant,Rahil S Shah,0,0,0,out,1,leg before wicket,Shivam Singh,84/4
1489125,2,9,6,Hunny Saini,RK Jayant,Rahil S Shah,0,0,0,no run,0,,,84/4
1489125,2,10,1,RK Jayant,Hunny Saini,S Harish Kumar,4,4,0,four,0,,,88/4
1489125,2,10,2,RK Jayant,Hunny Saini,S Harish Kumar,1,1,0,run,0,,,89/4
1489125,2,10,3,Hunny Saini,RK Jayant,S Harish Kumar,4,4,0,four,0,,,93/4
1489125,2,10,4,Hunny Saini,RK Jayant,S Harish Kumar,0,0,0,no run,0,,,93/4
1489125,2,10,5,Hunny Saini,RK Jayant,S Harish Kumar,1,1,0,run,0,,,94/4
1489125,2,10,6,RK Jayant,Hunny Saini,S Harish Kumar,1,1,0,run,0,,,95/4
1489125,2,11,1,RK Jayant,Hunny Saini,Rahil S Shah,1,1,0,run,0,,,96/4
1489125,2,11,2,Hunny Saini,RK Jayant,Rahil S Shah,1,1,0,run,0,,,97/4
1489125,2,11,3,RK Jayant,Hunny Saini,Rahil S Shah,6,6,0,six,0,,,103/4
1489125,2,11,4,RK Jayant,Hunny Saini,Rahil S Shah,1,1,0,run,0,,,104/4
1489125,2,11,5,Hunny Saini,RK Jayant,Rahil S Shah,1,1,0,run,0,,,105/4
1489125,2,11,6,RK Jayant,Hunny Saini,Rahil S Shah,1,1,0,run,0,,,106/4
1489125,2,12,1,RK Jayant,Hunny Saini,M Poiyamozhi,1,0,1,wide,0,,,107/4
1489125,2,12,2,RK Jayant,Hunny Saini,M Poiyamozhi,2,2,0,run,0,,,109/4
1489125,2,12,3,RK Jayant,Hunny Saini,M Poiyamozhi,1,1,0,run,0,,,110/4
1489125,2,12,4,Hunny Saini,RK Jayant,M Poiyamozhi,1,1,0,run,0,,,111/4
1489125,2,12,5,RK Jayant,Hunny Saini,M Poiyamozhi,0,0,0,out,1,caught,RK Jayant,111/5
1489125,2,12,6,R Vimal Khumar,Hunny Saini,M Poiyamozhi,0,0,0,no run,0,,,111/5
1489125,2,12,7,R Vimal Khumar,Hunny Saini,M Poiyamozhi,1,1,0,run,0,,,112/5
1489125,2,13,1,R Vimal Khumar,Hunny Saini,Dev Rahul,1,1,0,run,0,,,113/5
1489125,2,13,2,Hunny Saini,R Vimal Khumar,Dev Rahul,1,1,0,run,0,,,114/5
1489125,2,13,3,R Vimal Khumar,Hunny Saini,Dev Rahul,1,1,0,run,0,,,115/5
1489125,2,13,4,Hunny Saini,R Vimal Khumar,Dev Rahul,0,0,0,no run,0,,,115/5
1489125,2,13,5,Hunny Saini,R Vimal Khumar,Dev Rahul,1,1,0,run,0,,,116/5
1489125,2,13,6,R Vimal Khumar,Hunny Saini,Dev Rahul,1,1,0,run,0,,,117/5
1489125,2,14,1,R Vimal Khumar,Hunny Saini,M Mohammed,1,1,0,run,0,,,118/5
1489125,2,14,2,Hunny Saini,R Vimal Khumar,M Mohammed,1,1,0,run,0,,,119/5
1489125,2,14,3,R Vimal Khumar,Hunny Saini,M Mohammed,6,6,0,six,0,,,125/5
1489125,2,14,4,R Vimal Khumar,Hunny Saini,M Mohammed,1,1,0,run,0,,,126/5
1489125,2,14,5,Hunny Saini,R Vimal Khumar,M Mohammed,0,0,0,no run,0,,,126/5
1489125,2,14,6,Hunny Saini,R Vimal Khumar,M Mohammed,1,1,0,run,0,,,127/5
1489125,2,15,1,Hunny Saini,R Vimal Khumar,M Poiyamozhi,0,0,0,no run,0,,,127/5
1489125,2,15,2,Hunny Saini,R Vimal Khumar,M Poiyamozhi,1,1,0,run,0,,,128/5
1489125,2,15,3,R Vimal Khumar,Hunny Saini,M Poiyamozhi,1,1,0,run,0,,,129/5
1489125,2,15,4,Hunny Saini,R Vimal Khumar,M Poiyamozhi,2,2,0,run,0,,,131/5
1489125,2,15,5,Hunny Saini,R Vimal Khumar,M Poiyamozhi,6,6,0,six,0,,,137/5
1489125,2,15,6,Hunny Saini,R Vimal Khumar,M Poiyamozhi,1,1,0,run,0,,,138/5
1489125,2,16,1,Hunny Saini,R Vimal Khumar,S Harish Kumar,1,1,0,run,0,,,139/5
1489125,2,16,2,R Vimal Khumar,Hunny Saini,S Harish Kumar,6,6,0,six,0,,,145/5
1489125,2,16,3,R Vimal Khumar,Hunny Saini,S Harish Kumar,1,1,0,run,0,,,146/5
1489125,2,16,4,Hunny Saini,R Vimal Khumar,S Harish Kumar,1,1,0,run,0,,,147/5
1489125,2,16,5,R Vimal Khumar,Hunny Saini,S Harish Kumar,2,2,0,run,0,,,149/5
1489125,2,16,6,R Vimal Khumar,Hunny Saini,S Harish Kumar,1,1,0,run,0,,,150/5
1489125,2,17,1,R Vimal Khumar,Hunny Saini,Dev Rahul,1,1,0,run,0,,,151/5
1489125,2,17,2,Hunny Saini,R Vimal Khumar,Dev Rahul,0,0,0,no run,0,,,151/5
1489125,2,17,3,Hunny Saini,R Vimal Khumar,Dev Rahul,1,0,1,wide,0,,,152/5
1489125,2,17,4,Hunny Saini,R Vimal Khumar,Dev Rahul,0,0,0,no run,0,,,152/5
1489125,2,17,5,Hunny Saini,R Vimal Khumar,Dev Rahul,4,4,0,four,0,,,156/5
1489125,2,17,6,Hunny Saini,R Vimal Khumar,Dev Rahul,4,4,0,four,0,,,160/5
1489125,2,17,7,Hunny Saini,R Vimal Khumar,Dev Rahul,1,1,0,run,0,,,161/5
1489125,2,18,1,Hunny Saini,R Vimal Khumar,M Mohammed,1,1,0,run,0,,,162/5
1489125,2,18,2,R Vimal Khumar,Hunny Saini,M Mohammed,0,0,0,out,1,caught,R Vimal Khumar,162/6
1489125,2,18,3,M Karthik Saran,Hunny Saini,M Mohammed,1,1,0,run,0,,,163/6
1489125,2,18,4,Hunny Saini,M Karthik Saran,M Mohammed,1,1,0,run,0,,,164/6
1489125,2,18,5,M Karthik Saran,Hunny Saini,M Mohammed,2,2,0,run,0,,,166/6
1489125,2,18,6,M Karthik Saran,Hunny Saini,M Mohammed,2,2,0,run,0,,,168/6
1489125,2,19,1,Hunny Saini,M Karthik Saran,Dev Rahul,1,0,1,wide,0,,,169/6
1489125,2,19,2,Hunny Saini,M Karthik Saran,Dev Rahul,0,0,0,out,1,caught,Hunny Saini,169/7
1489125,2,19,3,Varun Chakravarthy Vinod,M Karthik Saran,Dev Rahul,1,1,0,run,0,,,170/7
1489125,2,19,4,M Karthik Saran,Varun Chakravarthy Vinod,Dev Rahul,1,0,1,wide,0,,,171/7
1489125,2,19,5,M Karthik Saran,Varun Chakravarthy Vinod,Dev Rahul,0,0,0,no run,0,,,171/7
1489125,2,19,6,M Karthik Saran,Varun Chakravarthy Vinod,Dev Rahul,4,4,0,four,0,,,175/7
1489125,2,19,7,M Karthik Saran,Varun Chakravarthy Vinod,Dev Rahul,2,2,0,run,0,,,177/7
1489125,2,19,8,M Karthik Saran,Varun Chakravarthy Vinod,Dev Rahul,1,1,0,run,0,,,178/7
1489125,2,20,1,M Karthik Saran,Varun Chakravarthy Vinod,M Poiyamozhi,0,0,0,no run,0,,,178/7
1489125,2,20,2,M Karthik Saran,Varun Chakravarthy Vinod,M Poiyamozhi,0,0,0,out,1,caught,M Karthik Saran,178/8
1489125,2,20,3,DT Chandrasekar,Varun Chakravarthy Vinod,M Poiyamozhi,1,1,0,run,0,,,179/8
1489125,2,20,4,Varun Chakravarthy Vinod,DT Chandrasekar,M Poiyamozhi,2,2,0,run,0,,,181/8
1489125,2,20,5,Varun Chakravarthy Vinod,DT Chandrasekar,M Poiyamozhi,1,0,1,no ball,0,,,182/8
1489125,2,20,6,Varun Chakravarthy Vinod,DT Chandrasekar,M Poiyamozhi,6,6,0,six,0,,,188/8
1489125,2,20,7,Varun Chakravarthy Vinod,DT Chandrasekar,M Poiyamozhi,4,4,0,four,0,,,192/8
1489126,1,1,1,R Ram Arvindh,Balchander Anirudh,Thangarasu Natarajan,0,0,0,no run,0,,,0/0
1489126,1,1,2,R Ram Arvindh,Balchander Anirudh,Thangarasu Natarajan,1,0,1,wide,0,,,1/0
1489126,1,1,3,R Ram Arvindh,Balchander Anirudh,Thangarasu Natarajan,1,1,0,run,0,,,2/0
1489126,1,1,4,Balchander Anirudh,R Ram Arvindh,Thangarasu Natarajan,0,0,0,no run,0,,,2/0
1489126,1,1,5,Balchander Anirudh,R Ram Arvindh,Thangarasu Natarajan,0,0,0,no run,0,,,2/0
1489126,1,1,6,Balchander Anirudh,R Ram Arvindh,Thangarasu Natarajan,0,0,0,out,1,caught,Balchander Anirudh,2/1
1489126,1,1,7,N Sarangarajan Chaturved,R Ram Arvindh,Thangarasu Natarajan,0,0,0,no run,0,,,2/1
1489126,1,2,1,R Ram Arvindh,N Sarangarajan Chaturved,Ragupathy Silambarasan,0,0,0,out,1,caught,R Ram Arvindh,2/2
1489126,1,2,2,S Ganesh,N Sarangarajan Chaturved,Ragupathy Silambarasan,1,1,0,run,0,,,3/2
1489126,1,2,3,N Sarangarajan Chaturved,S Ganesh,Ragupathy Silambarasan,1,1,0,run,0,,,4/2
1489126,1,2,4,S Ganesh,N Sarangarajan Chaturved,Ragupathy Silambarasan,0,0,0,no run,0,,,4/2
1489126,1,2,5,S Ganesh,N Sarangarajan Chaturved,Ragupathy Silambarasan,4,4,0,four,0,,,8/2
1489126,1,2,6,S Ganesh,N Sarangarajan Chaturved,Ragupathy Silambarasan,0,0,0,no run,0,,,8/2
1489126,1,3,1,N Sarangarajan Chaturved,S Ganesh,Thangarasu Natarajan,1,1,0,run,0,,,9/2
1489126,1,3,2,S Ganesh,N Sarangarajan Chaturved,Thangarasu Natarajan,0,0,0,no run,0,,,9/2
1489126,1,3,3,S Ganesh,N Sarangarajan Chaturved,Thangarasu Natarajan,0,0,0,no run,0,,,9/2
1489126,1,3,4,S Ganesh,N Sarangarajan Chaturved,Thangarasu Natarajan,0,0,0,no run,0,,,9/2
1489126,1,3,5,S Ganesh,N Sarangarajan Chaturved,Thangarasu Natarajan,1,1,0,run,0,,,10/2
1489126,1,3,6,N Sarangarajan Chaturved,S Ganesh,Thangarasu Natarajan,0,0,0,no run,0,,,10/2
1489126,1,4,1,S Ganesh,N Sarangarajan Chaturved,Ragupathy Silambarasan,1,1,0,run,0,,,11/2
1489126,1,4,2,N Sarangarajan Chaturved,S Ganesh,Ragupathy Silambarasan,1,1,0,run,0,,,12/2
1489126,1,4,3,S Ganesh,N Sarangarajan Chaturved,Ragupathy Silambarasan,4,4,0,four,0,,,16/2
1489126,1,4,4,S Ganesh,N Sarangarajan Chaturved,Ragupathy Silambarasan,0,0,0,no run,0,,,16/2
1489126,1,4,5,S Ganesh,N Sarangarajan Chaturved,Ragupathy Silambarasan,1,1,0,run,0,,,17/2
1489126,1,4,6,N Sarangarajan Chaturved,S Ganesh,Ragupathy Silambarasan,1,1,0,run,0,,,18/2
1489126,1,5,1,N Sarangarajan Chaturved,S Ganesh,Ravisrinivasan Sai Kishore,1,1,0,run,0,,,19/2
1489126,1,5,2,S Ganesh,N Sarangarajan Chaturved,Ravisrinivasan Sai Kishore,1,1,0,run,0,,,20/2
1489126,1,5,3,N Sarangarajan Chaturved,S Ganesh,Ravisrinivasan Sai Kishore,1,1,0,run,0,,,21/2
1489126,1,5,4,S Ganesh,N Sarangarajan Chaturved,Ravisrinivasan Sai Kishore,0,0,0,out,1,caught,S Ganesh,21/3
1489126,1,5,5,Atheeq Ur Rahman,N Sarangarajan Chaturved,Ravisrinivasan Sai Kishore,0,0,0,out,1,caught,Atheeq Ur Rahman,21/4
1489126,1,5,6,C Sarath Kumar,N Sarangarajan Chaturved,Ravisrinivasan Sai Kishore,0,0,0,no run,0,,,21/4
1489126,1,6,1,N Sarangarajan Chaturved,C Sarath Kumar,S Mohan Prasath,2,2,0,run,0,,,23/4
1489126,1,6,2,N Sarangarajan Chaturved,C Sarath Kumar,S Mohan Prasath,2,2,0,run,0,,,25/4
1489126,1,6,3,N Sarangarajan Chaturved,C Sarath Kumar,S Mohan Prasath,0,0,0,out,1,caught,N Sarangarajan Chaturved,25/5
1489126,1,6,4,Murugan Ashwin,C Sarath Kumar,S Mohan Prasath,4,4,0,four,0,,,29/5
1489126,1,6,5,Murugan Ashwin,C Sarath Kumar,S Mohan Prasath,0,0,0,no run,0,,,29/5
1489126,1,6,6,Murugan Ashwin,C Sarath Kumar,S Mohan Prasath,0,0,0,no run,0,,,29/5
1489126,1,7,1,C Sarath Kumar,Murugan Ashwin,Ravisrinivasan Sai Kishore,1,1,0,run,0,,,30/5
1489126,1,7,2,Murugan Ashwin,C Sarath Kumar,Ravisrinivasan Sai Kishore,0,0,0,no run,0,,,30/5
1489126,1,7,3,Murugan Ashwin,C Sarath Kumar,Ravisrinivasan Sai Kishore,0,0,0,no run,0,,,30/5
1489126,1,7,4,Murugan Ashwin,C Sarath Kumar,Ravisrinivasan Sai Kishore,1,1,0,run,0,,,31/5
1489126,1,7,5,C Sarath Kumar,Murugan Ashwin,Ravisrinivasan Sai Kishore,0,0,0,no run,0,,,31/5
1489126,1,7,6,C Sarath Kumar,Murugan Ashwin,Ravisrinivasan Sai Kishore,0,0,0,no run,0,,,31/5
1489126,1,8,1,Murugan Ashwin,C Sarath Kumar,S Mohan Prasath,1,1,0,run,0,,,32/5
1489126,1,8,2,C Sarath Kumar,Murugan Ashwin,S Mohan Prasath,0,0,0,no run,0,,,32/5
1489126,1,8,3,C Sarath Kumar,Murugan Ashwin,S Mohan Prasath,1,1,0,run,0,,,33/5
1489126,1,8,4,Murugan Ashwin,C Sarath Kumar,S Mohan Prasath,1,1,0,run,0,,,34/5
1489126,1,8,5,C Sarath Kumar,Murugan Ashwin,S Mohan Prasath,0,0,0,no run,0,,,34/5
1489126,1,8,6,C Sarath Kumar,Murugan Ashwin,S Mohan Prasath,0,0,0,no run,0,,,34/5
1489126,1,9,1,Murugan Ashwin,C Sarath Kumar,Ravisrinivasan Sai Kishore,0,0,0,no run,0,,,34/5
1489126,1,9,2,Murugan Ashwin,C Sarath Kumar,Ravisrinivasan Sai Kishore,4,4,0,four,0,,,38/5
1489126,1,9,3,Murugan Ashwin,C Sarath Kumar,Ravisrinivasan Sai Kishore,0,0,0,no run,0,,,38/5
1489126,1,9,4,Murugan Ashwin,C Sarath Kumar,Ravisrinivasan Sai Kishore,0,0,0,no run,0,,,38/5
1489126,1,9,5,Murugan Ashwin,C Sarath Kumar,Ravisrinivasan Sai Kishore,0,0,0,no run,0,,,38/5
1489126,1,9,6,Murugan Ashwin,C Sarath Kumar,Ravisrinivasan Sai Kishore,1,1,0,run,0,,,39/5
1489126,1,10,1,Murugan Ashwin,C Sarath Kumar,Esakkimuthu A,1,1,0,run,0,,,40/5
1489126,1,10,2,C Sarath Kumar,Murugan Ashwin,Esakkimuthu A,1,1,0,run,0,,,41/5
1489126,1,10,3,Murugan Ashwin,C Sarath Kumar,Esakkimuthu A,0,0,0,out,1,run out,Murugan Ashwin,41/6
1489126,1,10,4,C Sarath Kumar,J Ajay Chetan,Esakkimuthu A,1,1,0,run,0,,,42/6
1489126,1,10,5,J Ajay Chetan,C Sarath Kumar,Esakkimuthu A,1,1,0,run,0,,,43/6
1489126,1,10,6,C Sarath Kumar,J Ajay Chetan,Esakkimuthu A,1,1,0,run,0,,,44/6
1489126,1,11,1,C Sarath Kumar,J Ajay Chetan,Ravisrinivasan Sai Kishore,0,0,0,no run,0,,,44/6
1489126,1,11,2,C Sarath Kumar,J Ajay Chetan,Ravisrinivasan Sai Kishore,1,1,0,run,0,,,45/6
1489126,1,11,3,J Ajay Chetan,C Sarath Kumar,Ravisrinivasan Sai Kishore,0,0,0,no run,0,,,45/6
1489126,1,11,4,J Ajay Chetan,C Sarath Kumar,Ravisrinivasan Sai Kishore,0,0,0,no run,0,,,45/6
1489126,1,11,5,J Ajay Chetan,C Sarath Kumar,Ravisrinivasan Sai Kishore,0,0,0,no run,0,,,45/6
1489126,1,11,6,J Ajay Chetan,C Sarath Kumar,Ravisrinivasan Sai Kishore,0,0,0,no run,0,,,45/6
1489126,1,12,1,C Sarath Kumar,J Ajay Chetan,Esakkimuthu A,1,0,1,wide,0,,,46/6
1489126,1,12,2,C Sarath Kumar,J Ajay Chetan,Esakkimuthu A,4,4,0,four,0,,,50/6
1489126,1,12,3,C Sarath Kumar,J Ajay Chetan,Esakkimuthu A,1,1,0,run,0,,,51/6
1489126,1,12,4,J Ajay Chetan,C Sarath Kumar,Esakkimuthu A,0,0,0,no run,0,,,51/6
1489126,1,12,5,J Ajay Chetan,C Sarath Kumar,Esakkimuthu A,0,0,0,out,1,caught,J Ajay Chetan,51/7
1489126,1,12,6,P Saravanan,C Sarath Kumar,Esakkimuthu A,0,0,0,no run,0,,,51/7
1489126,1,12,7,P Saravanan,C Sarath Kumar,Esakkimuthu A,0,0,0,no run,0,,,51/7
1489126,1,13,1,C Sarath Kumar,P Saravanan,S Mohan Prasath,1,1,0,run,0,,,52/7
1489126,1,13,2,P Saravanan,C Sarath Kumar,S Mohan Prasath,0,0,0,no run,0,,,52/7
1489126,1,13,3,P Saravanan,C Sarath Kumar,S Mohan Prasath,1,1,0,run,0,,,53/7
1489126,1,13,4,C Sarath Kumar,P Saravanan,S Mohan Prasath,0,0,0,no run,0,,,53/7
1489126,1,13,5,C Sarath Kumar,P Saravanan,S Mohan Prasath,0,0,0,no run,0,,,53/7
1489126,1,13,6,C Sarath Kumar,P Saravanan,S Mohan Prasath,1,1,0,run,0,,,54/7
1489126,1,14,1,C Sarath Kumar,P Saravanan,Esakkimuthu A,4,4,0,four,0,,,58/7
1489126,1,14,2,C Sarath Kumar,P Saravanan,Esakkimuthu A,0,0,0,no run,0,,,58/7
1489126,1,14,3,C Sarath Kumar,P Saravanan,Esakkimuthu A,1,1,0,run,0,,,59/7
1489126,1,14,4,P Saravanan,C Sarath Kumar,Esakkimuthu A,1,0,1,leg bye,0,,,60/7
1489126,1,14,5,C Sarath Kumar,P Saravanan,Esakkimuthu A,1,1,0,run,0,,,61/7
1489126,1,14,6,P Saravanan,C Sarath Kumar,Esakkimuthu A,4,4,0,four,0,,,65/7
1489126,1,15,1,C Sarath Kumar,P Saravanan,Thangarasu Natarajan,0,0,0,no run,0,,,65/7
1489126,1,15,2,C Sarath Kumar,P Saravanan,Thangarasu Natarajan,1,0,1,bye,0,,,66/7
1489126,1,15,3,P Saravanan,C Sarath Kumar,Thangarasu Natarajan,1,0,1,wide,0,,,67/7
1489126,1,15,4,P Saravanan,C Sarath Kumar,Thangarasu Natarajan,1,1,0,run,0,,,68/7
1489126,1,15,5,C Sarath Kumar,P Saravanan,Thangarasu Natarajan,2,2,0,run,0,,,70/7
1489126,1,15,6,C Sarath Kumar,P Saravanan,Thangarasu Natarajan,0,0,0,no run,0,,,70/7
1489126,1,15,7,C Sarath Kumar,P Saravanan,Thangarasu Natarajan,4,4,0,run,0,,,74/7
1489126,1,16,1,P Saravanan,C Sarath Kumar,Esakkimuthu A,0,0,0,no run,0,,,74/7
1489126,1,16,2,P Saravanan,C Sarath Kumar,Esakkimuthu A,0,0,0,no run,0,,,74/7
1489126,1,16,3,P Saravanan,C Sarath Kumar,Esakkimuthu A,0,0,0,no run,0,,,74/7
1489126,1,16,4,P Saravanan,C Sarath Kumar,Esakkimuthu A,1,1,0,run,0,,,75/7
1489126,1,16,5,C Sarath Kumar,P Saravanan,Esakkimuthu A,1,1,0,run,0,,,76/7
1489126,1,16,6,P Saravanan,C Sarath Kumar,Esakkimuthu A,0,0,0,no run,0,,,76/7
1489126,1,17,1,C Sarath Kumar,P Saravanan,Thangarasu Natarajan,1,1,0,run,0,,,77/7
1489126,1,17,2,P Saravanan,C Sarath Kumar,Thangarasu Natarajan,0,0,0,out,1,run out,P Saravanan,77/8
1489126,1,17,3,Gurjapneet Singh,C Sarath Kumar,Thangarasu Natarajan,0,0,0,no run,0,,,77/8
1489126,1,17,4,Gurjapneet Singh,C Sarath Kumar,Thangarasu Natarajan,2,2,0,run,0,,,79/8
1489126,1,17,5,Gurjapneet Singh,C Sarath Kumar,Thangarasu Natarajan,4,4,0,four,0,,,83/8
1489126,1,17,6,Gurjapneet Singh,C Sarath Kumar,Thangarasu Natarajan,1,0,1,wide,0,,,84/8
1489126,1,17,7,Gurjapneet Singh,C Sarath Kumar,Thangarasu Natarajan,2,2,0,run,0,,,86/8
1489126,1,18,1,C Sarath Kumar,Gurjapneet Singh,Ragupathy Silambarasan,4,4,0,four,0,,,90/8
1489126,1,18,2,C Sarath Kumar,Gurjapneet Singh,Ragupathy Silambarasan,0,0,0,out,1,caught,C Sarath Kumar,90/9
1489126,1,18,3,Rajalingam S,Gurjapneet Singh,Ragupathy Silambarasan,4,4,0,four,0,,,94/9
1489126,1,18,4,Rajalingam S,Gurjapneet Singh,Ragupathy Silambarasan,1,1,0,run,0,,,95/9
1489126,1,18,5,Gurjapneet Singh,Rajalingam S,Ragupathy Silambarasan,1,1,0,run,0,,,96/9
1489126,1,18,6,Rajalingam S,Gurjapneet Singh,Ragupathy Silambarasan,4,4,0,four,0,,,100/9
1489126,1,19,1,Gurjapneet Singh,Rajalingam S,S Mohan Prasath,1,1,0,run,0,,,101/9
1489126,1,19,2,Rajalingam S,Gurjapneet Singh,S Mohan Prasath,4,4,0,four,0,,,105/9
1489126,1,19,3,Rajalingam S,Gurjapneet Singh,S Mohan Prasath,1,1,0,run,0,,,106/9
1489126,1,19,4,Gurjapneet Singh,Rajalingam S,S Mohan Prasath,1,1,0,run,0,,,107/9
1489126,1,19,5,Rajalingam S,Gurjapneet Singh,S Mohan Prasath,6,6,0,six,0,,,113/9
1489126,1,19,6,Rajalingam S,Gurjapneet Singh,S Mohan Prasath,1,0,1,leg bye,0,,,114/9
1489126,1,20,1,Rajalingam S,Gurjapneet Singh,Ragupathy Silambarasan,1,0,1,wide,0,,,115/9
1489126,1,20,2,Rajalingam S,Gurjapneet Singh,Ragupathy Silambarasan,2,2,0,run,0,,,117/9
1489126,1,20,3,Rajalingam S,Gurjapneet Singh,Ragupathy Silambarasan,1,0,1,bye,0,,,118/9
1489126,1,20,4,Gurjapneet Singh,Rajalingam S,Ragupathy Silambarasan,0,0,0,no run,0,,,118/9
1489126,1,20,5,Gurjapneet Singh,Rajalingam S,Ragupathy Silambarasan,0,0,0,no run,0,,,118/9
1489126,1,20,6,Gurjapneet Singh,Rajalingam S,Ragupathy Silambarasan,2,2,0,run,0,,,120/9
1489126,1,20,7,Gurjapneet Singh,Rajalingam S,Ragupathy Silambarasan,0,0,0,out,1,run out,Rajalingam S,120/10
1489126,2,1,1,VP Amit Sathvik,Tushar Raheja,Gurjapneet Singh,0,0,0,no run,0,,,0/0
1489126,2,1,2,VP Amit Sathvik,Tushar Raheja,Gurjapneet Singh,0,0,0,no run,0,,,0/0
1489126,2,1,3,VP Amit Sathvik,Tushar Raheja,Gurjapneet Singh,1,1,0,run,0,,,1/0
1489126,2,1,4,Tushar Raheja,VP Amit Sathvik,Gurjapneet Singh,0,0,0,no run,0,,,1/0
1489126,2,1,5,Tushar Raheja,VP Amit Sathvik,Gurjapneet Singh,0,0,0,no run,0,,,1/0
1489126,2,1,6,Tushar Raheja,VP Amit Sathvik,Gurjapneet Singh,0,0,0,no run,0,,,1/0
1489126,2,2,1,VP Amit Sathvik,Tushar Raheja,Rajalingam S,1,1,0,run,0,,,2/0
1489126,2,2,2,Tushar Raheja,VP Amit Sathvik,Rajalingam S,4,4,0,four,0,,,6/0
1489126,2,2,3,Tushar Raheja,VP Amit Sathvik,Rajalingam S,1,1,0,run,0,,,7/0
1489126,2,2,4,VP Amit Sathvik,Tushar Raheja,Rajalingam S,4,4,0,four,0,,,11/0
1489126,2,2,5,VP Amit Sathvik,Tushar Raheja,Rajalingam S,2,2,0,run,0,,,13/0
1489126,2,2,6,VP Amit Sathvik,Tushar Raheja,Rajalingam S,0,0,0,no run,0,,,13/0
1489126,2,3,1,Tushar Raheja,VP Amit Sathvik,Gurjapneet Singh,1,1,0,run,0,,,14/0
1489126,2,3,2,VP Amit Sathvik,Tushar Raheja,Gurjapneet Singh,1,1,0,run,0,,,15/0
1489126,2,3,3,Tushar Raheja,VP Amit Sathvik,Gurjapneet Singh,4,4,0,four,0,,,19/0
1489126,2,3,4,Tushar Raheja,VP Amit Sathvik,Gurjapneet Singh,1,1,0,run,0,,,20/0
1489126,2,3,5,VP Amit Sathvik,Tushar Raheja,Gurjapneet Singh,0,0,0,no run,0,,,20/0
1489126,2,3,6,VP Amit Sathvik,Tushar Raheja,Gurjapneet Singh,1,1,0,run,0,,,21/0
1489126,2,4,1,VP Amit Sathvik,Tushar Raheja,Rajalingam S,4,4,0,four,0,,,25/0
1489126,2,4,2,VP Amit Sathvik,Tushar Raheja,Rajalingam S,0,0,0,no run,0,,,25/0
1489126,2,4,3,VP Amit Sathvik,Tushar Raheja,Rajalingam S,6,6,0,six,0,,,31/0
1489126,2,4,4,VP Amit Sathvik,Tushar Raheja,Rajalingam S,1,1,0,run,0,,,32/0
1489126,2,4,5,Tushar Raheja,VP Amit Sathvik,Rajalingam S,0,0,0,no run,0,,,32/0
1489126,2,4,6,Tushar Raheja,VP Amit Sathvik,Rajalingam S,4,4,0,four,0,,,36/0
1489126,2,5,1,VP Amit Sathvik,Tushar Raheja,Murugan Ashwin,0,0,0,no run,0,,,36/0
1489126,2,5,2,VP Amit Sathvik,Tushar Raheja,Murugan Ashwin,6,6,0,six,0,,,42/0
1489126,2,5,3,VP Amit Sathvik,Tushar Raheja,Murugan Ashwin,0,0,0,no run,0,,,42/0
1489126,2,5,4,VP Amit Sathvik,Tushar Raheja,Murugan Ashwin,1,1,0,run,0,,,43/0
1489126,2,5,5,Tushar Raheja,VP Amit Sathvik,Murugan Ashwin,6,6,0,six,0,,,49/0
1489126,2,5,6,Tushar Raheja,VP Amit Sathvik,Murugan Ashwin,0,0,0,no run,0,,,49/0
1489126,2,6,1,VP Amit Sathvik,Tushar Raheja,Surya Anand S,4,4,0,four,0,,,53/0
1489126,2,6,2,VP Amit Sathvik,Tushar Raheja,Surya Anand S,4,4,0,four,0,,,57/0
1489126,2,6,3,VP Amit Sathvik,Tushar Raheja,Surya Anand S,0,0,0,no run,0,,,57/0
1489126,2,6,4,VP Amit Sathvik,Tushar Raheja,Surya Anand S,6,6,0,six,0,,,63/0
1489126,2,6,5,VP Amit Sathvik,Tushar Raheja,Surya Anand S,1,1,0,run,0,,,64/0
1489126,2,6,6,Tushar Raheja,VP Amit Sathvik,Surya Anand S,6,6,0,six,0,,,70/0
1489126,2,7,1,VP Amit Sathvik,Tushar Raheja,P Saravanan,0,0,0,no run,0,,,70/0
1489126,2,7,2,VP Amit Sathvik,Tushar Raheja,P Saravanan,4,4,0,four,0,,,74/0
1489126,2,7,3,VP Amit Sathvik,Tushar Raheja,P Saravanan,2,2,0,run,0,,,76/0
1489126,2,7,4,VP Amit Sathvik,Tushar Raheja,P Saravanan,1,0,1,wide,0,,,77/0
1489126,2,7,5,VP Amit Sathvik,Tushar Raheja,P Saravanan,0,0,0,no run,0,,,77/0
1489126,2,7,6,VP Amit Sathvik,Tushar Raheja,P Saravanan,1,1,0,run,0,,,78/0
1489126,2,7,7,Tushar Raheja,VP Amit Sathvik,P Saravanan,1,1,0,run,0,,,79/0
1489126,2,8,1,Tushar Raheja,VP Amit Sathvik,Murugan Ashwin,0,0,0,no run,0,,,79/0
1489126,2,8,2,Tushar Raheja,VP Amit Sathvik,Murugan Ashwin,6,6,0,six,0,,,85/0
1489126,2,8,3,Tushar Raheja,VP Amit Sathvik,Murugan Ashwin,6,6,0,six,0,,,91/0
1489126,2,8,4,Tushar Raheja,VP Amit Sathvik,Murugan Ashwin,0,0,0,no run,0,,,91/0
1489126,2,8,5,Tushar Raheja,VP Amit Sathvik,Murugan Ashwin,0,0,0,out,1,caught,Tushar Raheja,91/1
1489126,2,8,6,Ravisrinivasan Sai Kishore,VP Amit Sathvik,Murugan Ashwin,2,2,0,run,0,,,93/1
1489126,2,9,1,VP Amit Sathvik,Ravisrinivasan Sai Kishore,P Saravanan,0,0,0,no run,0,,,93/1
1489126,2,9,2,VP Amit Sathvik,Ravisrinivasan Sai Kishore,P Saravanan,4,4,0,four,0,,,97/1
1489126,2,9,3,VP Amit Sathvik,Ravisrinivasan Sai Kishore,P Saravanan,1,1,0,run,0,,,98/1
1489126,2,9,4,Ravisrinivasan Sai Kishore,VP Amit Sathvik,P Saravanan,1,1,0,run,0,,,99/1
1489126,2,9,5,VP Amit Sathvik,Ravisrinivasan Sai Kishore,P Saravanan,4,4,0,four,0,,,103/1
1489126,2,9,6,VP Amit Sathvik,Ravisrinivasan Sai Kishore,P Saravanan,6,6,0,six,0,,,109/1
1489126,2,10,1,Ravisrinivasan Sai Kishore,VP Amit Sathvik,Murugan Ashwin,1,1,0,run,0,,,110/1
1489126,2,10,2,VP Amit Sathvik,Ravisrinivasan Sai Kishore,Murugan Ashwin,1,1,0,run,0,,,111/1
1489126,2,10,3,Ravisrinivasan Sai Kishore,VP Amit Sathvik,Murugan Ashwin,0,0,0,no run,0,,,111/1
1489126,2,10,4,Ravisrinivasan Sai Kishore,VP Amit Sathvik,Murugan Ashwin,1,0,1,bye,0,,,112/1
1489126,2,10,5,VP Amit Sathvik,Ravisrinivasan Sai Kishore,Murugan Ashwin,1,1,0,run,0,,,113/1
1489126,2,10,6,Ravisrinivasan Sai Kishore,VP Amit Sathvik,Murugan Ashwin,1,0,1,wide,0,,,114/1
1489126,2,10,7,Ravisrinivasan Sai Kishore,VP Amit Sathvik,Murugan Ashwin,6,6,0,six,0,,,120/1
1489126,2,11,1,VP Amit Sathvik,Ravisrinivasan Sai Kishore,Surya Anand S,1,1,0,run,0,,,121/1
1489127,1,1,1,K Aashiq,RS Mokit Hariharan,V Athisayaraj Davidson,1,1,0,run,0,,,1/0
1489127,1,1,2,RS Mokit Hariharan,K Aashiq,V Athisayaraj Davidson,4,4,0,four,0,,,5/0
1489127,1,1,3,RS Mokit Hariharan,K Aashiq,V Athisayaraj Davidson,1,1,0,run,0,,,6/0
1489127,1,1,4,K Aashiq,RS Mokit Hariharan,V Athisayaraj Davidson,4,4,0,four,0,,,10/0
1489127,1,1,5,K Aashiq,RS Mokit Hariharan,V Athisayaraj Davidson,0,0,0,no run,0,,,10/0
1489127,1,1,6,K Aashiq,RS Mokit Hariharan,V Athisayaraj Davidson,0,0,0,no run,0,,,10/0
1489127,1,2,1,RS Mokit Hariharan,K Aashiq,M Ganesh Moorthi,1,1,0,run,0,,,11/0
1489127,1,2,2,K Aashiq,RS Mokit Hariharan,M Ganesh Moorthi,0,0,0,no run,0,,,11/0
1489127,1,2,3,K Aashiq,RS Mokit Hariharan,M Ganesh Moorthi,0,0,0,no run,0,,,11/0
1489127,1,2,4,K Aashiq,RS Mokit Hariharan,M Ganesh Moorthi,0,0,0,out,1,caught,K Aashiq,11/1
1489127,1,2,5,Baba Aparajith,RS Mokit Hariharan,M Ganesh Moorthi,1,1,0,run,0,,,12/1
1489127,1,2,6,RS Mokit Hariharan,Baba Aparajith,M Ganesh Moorthi,5,0,5,wide,0,,,17/1
1489127,1,2,7,RS Mokit Hariharan,Baba Aparajith,M Ganesh Moorthi,0,0,0,no run,0,,,17/1
1489127,1,3,1,Baba Aparajith,RS Mokit Hariharan,V Athisayaraj Davidson,1,1,0,run,0,,,18/1
1489127,1,3,2,RS Mokit Hariharan,Baba Aparajith,V Athisayaraj Davidson,0,0,0,no run,0,,,18/1
1489127,1,3,3,RS Mokit Hariharan,Baba Aparajith,V Athisayaraj Davidson,4,4,0,four,0,,,22/1
1489127,1,3,4,RS Mokit Hariharan,Baba Aparajith,V Athisayaraj Davidson,0,0,0,no run,0,,,22/1
1489127,1,3,5,RS Mokit Hariharan,Baba Aparajith,V Athisayaraj Davidson,0,0,0,no run,0,,,22/1
1489127,1,3,6,RS Mokit Hariharan,Baba Aparajith,V Athisayaraj Davidson,4,4,0,four,0,,,26/1
1489127,1,4,1,Baba Aparajith,RS Mokit Hariharan,M Ganesh Moorthi,0,0,0,no run,0,,,26/1
1489127,1,4,2,Baba Aparajith,RS Mokit Hariharan,M Ganesh Moorthi,0,0,0,no run,0,,,26/1
1489127,1,4,3,Baba Aparajith,RS Mokit Hariharan,M Ganesh Moorthi,0,0,0,no run,0,,,26/1
1489127,1,4,4,Baba Aparajith,RS Mokit Hariharan,M Ganesh Moorthi,1,1,0,run,0,,,27/1
1489127,1,4,5,RS Mokit Hariharan,Baba Aparajith,M Ganesh Moorthi,2,2,0,run,0,,,29/1
1489127,1,4,6,RS Mokit Hariharan,Baba Aparajith,M Ganesh Moorthi,1,1,0,run,0,,,30/1
1489127,1,5,1,RS Mokit Hariharan,Baba Aparajith,P Saravana Kumar,2,2,0,run,0,,,32/1
1489127,1,5,2,RS Mokit Hariharan,Baba Aparajith,P Saravana Kumar,1,0,1,wide,0,,,33/1
1489127,1,5,3,RS Mokit Hariharan,Baba Aparajith,P Saravana Kumar,6,6,0,six,0,,,39/1
1489127,1,5,4,RS Mokit Hariharan,Baba Aparajith,P Saravana Kumar,0,0,0,no run,0,,,39/1
1489127,1,5,5,RS Mokit Hariharan,Baba Aparajith,P Saravana Kumar,0,0,0,no run,0,,,39/1
1489127,1,5,6,RS Mokit Hariharan,Baba Aparajith,P Saravana Kumar,0,0,0,out,1,caught,RS Mokit Hariharan,39/2
1489127,1,5,7,Vijay Shankar,Baba Aparajith,P Saravana Kumar,1,1,0,run,0,,,40/2
1489127,1,6,1,Vijay Shankar,Baba Aparajith,M Ganesh Moorthi,4,4,0,four,0,,,44/2
1489127,1,6,2,Vijay Shankar,Baba Aparajith,M Ganesh Moorthi,0,0,0,no run,0,,,44/2
1489127,1,6,3,Vijay Shankar,Baba Aparajith,M Ganesh Moorthi,0,0,0,no run,0,,,44/2
1489127,1,6,4,Vijay Shankar,Baba Aparajith,M Ganesh Moorthi,1,1,0,run,0,,,45/2
1489127,1,6,5,Baba Aparajith,Vijay Shankar,M Ganesh Moorthi,6,6,0,six,0,,,51/2
1489127,1,6,6,Baba Aparajith,Vijay Shankar,M Ganesh Moorthi,1,1,0,run,0,,,52/2
1489127,1,7,1,Baba Aparajith,Vijay Shankar,P Saravana Kumar,0,0,0,no run,0,,,52/2
1489127,1,7,2,Baba Aparajith,Vijay Shankar,P Saravana Kumar,0,0,0,no run,0,,,52/2
1489127,1,7,3,Baba Aparajith,Vijay Shankar,P Saravana Kumar,0,0,0,no run,0,,,52/2
1489127,1,7,4,Baba Aparajith,Vijay Shankar,P Saravana Kumar,4,4,0,four,0,,,56/2
1489127,1,7,5,Baba Aparajith,Vijay Shankar,P Saravana Kumar,0,0,0,no run,0,,,56/2
1489127,1,7,6,Baba Aparajith,Vijay Shankar,P Saravana Kumar,0,0,0,no run,0,,,56/2
1489127,1,8,1,Vijay Shankar,Baba Aparajith,K Easwaran,1,1,0,run,0,,,57/2
1489127,1,8,2,Baba Aparajith,Vijay Shankar,K Easwaran,0,0,0,no run,0,,,57/2
1489127,1,8,3,Baba Aparajith,Vijay Shankar,K Easwaran,1,1,0,run,0,,,58/2
1489127,1,8,4,Vijay Shankar,Baba Aparajith,K Easwaran,1,1,0,run,0,,,59/2
1489127,1,8,5,Baba Aparajith,Vijay Shankar,K Easwaran,6,6,0,six,0,,,65/2
1489127,1,8,6,Baba Aparajith,Vijay Shankar,K Easwaran,6,6,0,six,0,,,71/2
1489127,1,9,1,Vijay Shankar,Baba Aparajith,P Saravana Kumar,0,0,0,no run,0,,,71/2
1489127,1,9,2,Vijay Shankar,Baba Aparajith,P Saravana Kumar,1,1,0,run,0,,,72/2
1489127,1,9,3,Baba Aparajith,Vijay Shankar,P Saravana Kumar,0,0,0,no run,0,,,72/2
1489127,1,9,4,Baba Aparajith,Vijay Shankar,P Saravana Kumar,0,0,0,no run,0,,,72/2
1489127,1,9,5,Baba Aparajith,Vijay Shankar,P Saravana Kumar,1,0,1,no ball,0,,,73/2
1489127,1,9,6,Baba Aparajith,Vijay Shankar,P Saravana Kumar,1,1,0,run,0,,,74/2
1489127,1,9,7,Vijay Shankar,Baba Aparajith,P Saravana Kumar,0,0,0,no run,0,,,74/2
1489127,1,10,1,Baba Aparajith,Vijay Shankar,Ramsingh  Sanjay Yadav,1,1,0,run,0,,,75/2
1489127,1,10,2,Vijay Shankar,Baba Aparajith,Ramsingh  Sanjay Yadav,1,1,0,run,0,,,76/2
1489127,1,10,3,Baba Aparajith,Vijay Shankar,Ramsingh  Sanjay Yadav,1,1,0,run,0,,,77/2
1489127,1,10,4,Vijay Shankar,Baba Aparajith,Ramsingh  Sanjay Yadav,1,1,0,run,0,,,78/2
1489127,1,10,5,Baba Aparajith,Vijay Shankar,Ramsingh  Sanjay Yadav,1,1,0,run,0,,,79/2
1489127,1,10,6,Vijay Shankar,Baba Aparajith,Ramsingh  Sanjay Yadav,1,1,0,run,0,,,80/2
1489127,1,11,1,Vijay Shankar,Baba Aparajith,R Rajkumar,1,1,0,run,0,,,81/2
1489127,1,11,2,Baba Aparajith,Vijay Shankar,R Rajkumar,1,1,0,run,0,,,82/2
1489127,1,11,3,Vijay Shankar,Baba Aparajith,R Rajkumar,1,1,0,run,0,,,83/2
1489127,1,11,4,Baba Aparajith,Vijay Shankar,R Rajkumar,1,1,0,run,0,,,84/2
1489127,1,11,5,Vijay Shankar,Baba Aparajith,R Rajkumar,2,2,0,run,0,,,86/2
1489127,1,11,6,Vijay Shankar,Baba Aparajith,R Rajkumar,0,0,0,no run,0,,,86/2
1489127,1,12,1,Baba Aparajith,Vijay Shankar,Ramsingh  Sanjay Yadav,0,0,0,no run,0,,,86/2
1489127,1,12,2,Baba Aparajith,Vijay Shankar,Ramsingh  Sanjay Yadav,6,6,0,six,0,,,92/2
1489127,1,12,3,Baba Aparajith,Vijay Shankar,Ramsingh  Sanjay Yadav,1,1,0,run,0,,,93/2
1489127,1,12,4,Vijay Shankar,Baba Aparajith,Ramsingh  Sanjay Yadav,1,1,0,run,0,,,94/2
1489127,1,12,5,Baba Aparajith,Vijay Shankar,Ramsingh  Sanjay Yadav,6,6,0,six,0,,,100/2
1489127,1,12,6,Baba Aparajith,Vijay Shankar,Ramsingh  Sanjay Yadav,0,0,0,no run,0,,,100/2
1489127,1,13,1,Vijay Shankar,Baba Aparajith,R Rajkumar,1,1,0,run,0,,,101/2
1489127,1,13,2,Baba Aparajith,Vijay Shankar,R Rajkumar,1,1,0,run,0,,,102/2
1489127,1,13,3,Vijay Shankar,Baba Aparajith,R Rajkumar,1,1,0,run,0,,,103/2
1489127,1,13,4,Baba Aparajith,Vijay Shankar,R Rajkumar,1,1,0,run,0,,,104/2
1489127,1,13,5,Vijay Shankar,Baba Aparajith,R Rajkumar,4,4,0,four,0,,,108/2
1489127,1,13,6,Vijay Shankar,Baba Aparajith,R Rajkumar,1,1,0,run,0,,,109/2
1489127,1,14,1,Vijay Shankar,Baba Aparajith,P Saravana Kumar,0,0,0,no run,0,,,109/2
1489127,1,14,2,Vijay Shankar,Baba Aparajith,P Saravana Kumar,4,4,0,four,0,,,113/2
1489127,1,14,3,Vijay Shankar,Baba Aparajith,P Saravana Kumar,1,0,1,wide,0,,,114/2
1489127,1,14,4,Vijay Shankar,Baba Aparajith,P Saravana Kumar,0,0,0,no run,0,,,114/2
1489127,1,14,5,Vijay Shankar,Baba Aparajith,P Saravana Kumar,2,2,0,run,0,,,116/2
1489127,1,14,6,Vijay Shankar,Baba Aparajith,P Saravana Kumar,1,1,0,run,0,,,117/2
1489127,1,14,7,Baba Aparajith,Vijay Shankar,P Saravana Kumar,6,6,0,six,0,,,123/2
1489127,1,15,1,Vijay Shankar,Baba Aparajith,K Easwaran,0,0,0,no run,0,,,123/2
1489127,1,15,2,Vijay Shankar,Baba Aparajith,K Easwaran,0,0,0,no run,0,,,123/2
1489127,1,15,3,Vijay Shankar,Baba Aparajith,K Easwaran,2,2,0,run,0,,,125/2
1489127,1,15,4,Vijay Shankar,Baba Aparajith,K Easwaran,0,0,0,no run,0,,,125/2
1489127,1,15,5,Vijay Shankar,Baba Aparajith,K Easwaran,4,4,0,four,0,,,129/2
1489127,1,15,6,Vijay Shankar,Baba Aparajith,K Easwaran,6,6,0,six,0,,,135/2
1489127,1,16,1,Baba Aparajith,Vijay Shankar,V Athisayaraj Davidson,0,0,0,no run,0,,,135/2
1489127,1,16,2,Baba Aparajith,Vijay Shankar,V Athisayaraj Davidson,1,1,0,run,0,,,136/2
1489127,1,16,3,Vijay Shankar,Baba Aparajith,V Athisayaraj Davidson,1,1,0,run,0,,,137/2
1489127,1,16,4,Baba Aparajith,Vijay Shankar,V Athisayaraj Davidson,2,2,0,run,0,,,139/2
1489127,1,16,5,Baba Aparajith,Vijay Shankar,V Athisayaraj Davidson,6,6,0,six,0,,,145/2
1489127,1,16,6,Baba Aparajith,Vijay Shankar,V Athisayaraj Davidson,0,0,0,out,1,caught,Baba Aparajith,145/3
1489127,1,17,1,Vijay Shankar,Narayan Jagadeesan,R Rajkumar,1,1,0,run,0,,,146/3
1489127,1,17,2,Narayan Jagadeesan,Vijay Shankar,R Rajkumar,1,1,0,run,0,,,147/3
1489127,1,17,3,Vijay Shankar,Narayan Jagadeesan,R Rajkumar,2,2,0,run,0,,,149/3
1489127,1,17,4,Vijay Shankar,Narayan Jagadeesan,R Rajkumar,1,1,0,run,0,,,150/3
1489127,1,17,5,Narayan Jagadeesan,Vijay Shankar,R Rajkumar,1,1,0,run,0,,,151/3
1489127,1,17,6,Vijay Shankar,Narayan Jagadeesan,R Rajkumar,1,1,0,run,0,,,152/3
1489127,1,18,1,Vijay Shankar,Narayan Jagadeesan,V Athisayaraj Davidson,0,0,0,no run,0,,,152/3
1489127,1,18,2,Vijay Shankar,Narayan Jagadeesan,V Athisayaraj Davidson,1,0,1,leg bye,0,,,153/3
1489127,1,18,3,Narayan Jagadeesan,Vijay Shankar,V Athisayaraj Davidson,1,0,1,wide,0,,,154/3
1489127,1,18,4,Narayan Jagadeesan,Vijay Shankar,V Athisayaraj Davidson,1,1,0,run,0,,,155/3
1489127,1,18,5,Vijay Shankar,Narayan Jagadeesan,V Athisayaraj Davidson,4,4,0,four,0,,,159/3
1489127,1,18,6,Vijay Shankar,Narayan Jagadeesan,V Athisayaraj Davidson,4,4,0,four,0,,,163/3
1489127,1,18,7,Vijay Shankar,Narayan Jagadeesan,V Athisayaraj Davidson,1,1,0,run,0,,,164/3
1489127,1,19,1,Vijay Shankar,Narayan Jagadeesan,R Rajkumar,1,1,0,run,0,,,165/3
1489127,1,19,2,Narayan Jagadeesan,Vijay Shankar,R Rajkumar,1,1,0,run,0,,,166/3
1489127,1,19,3,Vijay Shankar,Narayan Jagadeesan,R Rajkumar,0,0,0,no run,0,,,166/3
1489127,1,19,4,Vijay Shankar,Narayan Jagadeesan,R Rajkumar,0,0,0,out,1,caught,Vijay Shankar,166/4
1489127,1,19,5,Abhishek Baljeetsingh Tanwar,Narayan Jagadeesan,R Rajkumar,4,4,0,four,0,,,170/4
1489127,1,19,6,Abhishek Baljeetsingh Tanwar,Narayan Jagadeesan,R Rajkumar,1,1,0,run,0,,,171/4
1489127,1,20,1,Abhishek Baljeetsingh Tanwar,Narayan Jagadeesan,K Easwaran,0,0,0,no run,0,,,171/4
1489127,1,20,2,Abhishek Baljeetsingh Tanwar,Narayan Jagadeesan,K Easwaran,0,0,0,no run,0,,,171/4
1489127,1,20,3,Abhishek Baljeetsingh Tanwar,Narayan Jagadeesan,K Easwaran,4,4,0,four,0,,,175/4
1489127,1,20,4,Abhishek Baljeetsingh Tanwar,Narayan Jagadeesan,K Easwaran,0,0,0,no run,0,,,175/4
1489127,1,20,5,Abhishek Baljeetsingh Tanwar,Narayan Jagadeesan,K Easwaran,0,0,0,out,1,caught,Abhishek Baljeetsingh Tanwar,175/5
1489127,1,20,6,S Dinesh Raj,Narayan Jagadeesan,K Easwaran,2,0,2,wide,0,,,177/5
1489127,1,20,7,Narayan Jagadeesan,S Dinesh Raj,K Easwaran,1,1,0,run,0,,,178/5
1489127,2,1,1,Waseem Ahmed,Jayaraman Suresh Kumar,Abhishek Baljeetsingh Tanwar,0,0,0,no run,0,,,0/0
1489127,2,1,2,Waseem Ahmed,Jayaraman Suresh Kumar,Abhishek Baljeetsingh Tanwar,1,1,0,run,0,,,1/0
1489127,2,1,3,Jayaraman Suresh Kumar,Waseem Ahmed,Abhishek Baljeetsingh Tanwar,0,0,0,no run,0,,,1/0
1489127,2,1,4,Jayaraman Suresh Kumar,Waseem Ahmed,Abhishek Baljeetsingh Tanwar,1,1,0,run,0,,,2/0
1489127,2,1,5,Waseem Ahmed,Jayaraman Suresh Kumar,Abhishek Baljeetsingh Tanwar,1,1,0,run,0,,,3/0
1489127,2,1,6,Jayaraman Suresh Kumar,Waseem Ahmed,Abhishek Baljeetsingh Tanwar,6,6,0,six,0,,,9/0
1489127,2,2,1,Waseem Ahmed,Jayaraman Suresh Kumar,Vijay Shankar,0,0,0,no run,0,,,9/0
1489127,2,2,2,Waseem Ahmed,Jayaraman Suresh Kumar,Vijay Shankar,0,0,0,no run,0,,,9/0
1489127,2,2,3,Waseem Ahmed,Jayaraman Suresh Kumar,Vijay Shankar,1,1,0,run,0,,,10/0
1489127,2,2,4,Jayaraman Suresh Kumar,Waseem Ahmed,Vijay Shankar,2,2,0,run,0,,,12/0
1489127,2,2,5,Jayaraman Suresh Kumar,Waseem Ahmed,Vijay Shankar,0,0,0,no run,0,,,12/0
1489127,2,2,6,Jayaraman Suresh Kumar,Waseem Ahmed,Vijay Shankar,2,2,0,run,0,,,14/0
1489127,2,3,1,Waseem Ahmed,Jayaraman Suresh Kumar,Abhishek Baljeetsingh Tanwar,1,1,0,run,0,,,15/0
1489127,2,3,2,Jayaraman Suresh Kumar,Waseem Ahmed,Abhishek Baljeetsingh Tanwar,0,0,0,no run,0,,,15/0
1489127,2,3,3,Jayaraman Suresh Kumar,Waseem Ahmed,Abhishek Baljeetsingh Tanwar,4,4,0,four,0,,,19/0
1489127,2,3,4,Jayaraman Suresh Kumar,Waseem Ahmed,Abhishek Baljeetsingh Tanwar,4,4,0,four,0,,,23/0
1489127,2,3,5,Jayaraman Suresh Kumar,Waseem Ahmed,Abhishek Baljeetsingh Tanwar,1,1,0,run,0,,,24/0
1489127,2,3,6,Waseem Ahmed,Jayaraman Suresh Kumar,Abhishek Baljeetsingh Tanwar,6,6,0,six,0,,,30/0
1489127,2,4,1,Jayaraman Suresh Kumar,Waseem Ahmed,M Silambarasan,0,0,0,no run,0,,,30/0
1489127,2,4,2,Jayaraman Suresh Kumar,Waseem Ahmed,M Silambarasan,1,1,0,run,0,,,31/0
1489127,2,4,3,Waseem Ahmed,Jayaraman Suresh Kumar,M Silambarasan,0,0,0,out,1,caught,Waseem Ahmed,31/1
1489127,2,4,4,Jagatheesan Kousik,Jayaraman Suresh Kumar,M Silambarasan,0,0,0,no run,0,,,31/1
1489127,2,4,5,Jagatheesan Kousik,Jayaraman Suresh Kumar,M Silambarasan,4,4,0,four,0,,,35/1
1489127,2,4,6,Jagatheesan Kousik,Jayaraman Suresh Kumar,M Silambarasan,1,1,0,run,0,,,36/1
1489127,2,5,1,Jagatheesan Kousik,Jayaraman Suresh Kumar,J Prem Kumar,1,1,0,run,0,,,37/1
1489127,2,5,2,Jayaraman Suresh Kumar,Jagatheesan Kousik,J Prem Kumar,4,4,0,four,0,,,41/1
1489127,2,5,3,Jayaraman Suresh Kumar,Jagatheesan Kousik,J Prem Kumar,4,4,0,four,0,,,45/1
1489127,2,5,4,Jayaraman Suresh Kumar,Jagatheesan Kousik,J Prem Kumar,1,1,0,run,0,,,46/1
1489127,2,5,5,Jagatheesan Kousik,Jayaraman Suresh Kumar,J Prem Kumar,0,0,0,no run,0,,,46/1
1489127,2,5,6,Jagatheesan Kousik,Jayaraman Suresh Kumar,J Prem Kumar,0,0,0,no run,0,,,46/1
1489127,2,6,1,Jayaraman Suresh Kumar,Jagatheesan Kousik,M Silambarasan,1,1,0,run,0,,,47/1
1489127,2,6,2,Jagatheesan Kousik,Jayaraman Suresh Kumar,M Silambarasan,1,1,0,run,0,,,48/1
1489127,2,6,3,Jayaraman Suresh Kumar,Jagatheesan Kousik,M Silambarasan,0,0,0,no run,0,,,48/1
1489127,2,6,4,Jayaraman Suresh Kumar,Jagatheesan Kousik,M Silambarasan,2,2,0,run,0,,,50/1
1489127,2,6,5,Jayaraman Suresh Kumar,Jagatheesan Kousik,M Silambarasan,0,0,0,no run,0,,,50/1
1489127,2,6,6,Jayaraman Suresh Kumar,Jagatheesan Kousik,M Silambarasan,1,1,0,run,0,,,51/1
1489127,2,7,1,Jayaraman Suresh Kumar,Jagatheesan Kousik,Raju Aushik Srinivas,1,1,0,run,0,,,52/1
1489127,2,7,2,Jagatheesan Kousik,Jayaraman Suresh Kumar,Raju Aushik Srinivas,1,1,0,run,0,,,53/1
1489127,2,7,3,Jayaraman Suresh Kumar,Jagatheesan Kousik,Raju Aushik Srinivas,1,1,0,run,0,,,54/1
1489127,2,7,4,Jagatheesan Kousik,Jayaraman Suresh Kumar,Raju Aushik Srinivas,0,0,0,no run,0,,,54/1
1489127,2,7,5,Jagatheesan Kousik,Jayaraman Suresh Kumar,Raju Aushik Srinivas,2,2,0,run,0,,,56/1
1489127,2,7,6,Jagatheesan Kousik,Jayaraman Suresh Kumar,Raju Aushik Srinivas,1,1,0,run,0,,,57/1
1489127,2,8,1,Jagatheesan Kousik,Jayaraman Suresh Kumar,M Silambarasan,0,0,0,no run,0,,,57/1
1489127,2,8,2,Jagatheesan Kousik,Jayaraman Suresh Kumar,M Silambarasan,0,0,0,no run,0,,,57/1
1489127,2,8,3,Jagatheesan Kousik,Jayaraman Suresh Kumar,M Silambarasan,0,0,0,no run,0,,,57/1
1489127,2,8,4,Jagatheesan Kousik,Jayaraman Suresh Kumar,M Silambarasan,1,1,0,run,0,,,58/1
1489127,2,8,5,Jayaraman Suresh Kumar,Jagatheesan Kousik,M Silambarasan,1,1,0,run,0,,,59/1
1489127,2,8,6,Jagatheesan Kousik,Jayaraman Suresh Kumar,M Silambarasan,1,1,0,run,0,,,60/1
1489127,2,9,1,Jagatheesan Kousik,Jayaraman Suresh Kumar,Raju Aushik Srinivas,6,6,0,six,0,,,66/1
1489127,2,9,2,Jagatheesan Kousik,Jayaraman Suresh Kumar,Raju Aushik Srinivas,0,0,0,no run,0,,,66/1
1489127,2,9,3,Jagatheesan Kousik,Jayaraman Suresh Kumar,Raju Aushik Srinivas,6,6,0,six,0,,,72/1
1489127,2,9,4,Jagatheesan Kousik,Jayaraman Suresh Kumar,Raju Aushik Srinivas,1,1,0,run,0,,,73/1
1489127,2,9,5,Jayaraman Suresh Kumar,Jagatheesan Kousik,Raju Aushik Srinivas,6,6,0,six,0,,,79/1
1489127,2,9,6,Jayaraman Suresh Kumar,Jagatheesan Kousik,Raju Aushik Srinivas,1,1,0,run,0,,,80/1
1489127,2,10,1,Jayaraman Suresh Kumar,Jagatheesan Kousik,Vijay Shankar,1,1,0,run,0,,,81/1
1489127,2,10,2,Jagatheesan Kousik,Jayaraman Suresh Kumar,Vijay Shankar,1,1,0,run,0,,,82/1
1489127,2,10,3,Jayaraman Suresh Kumar,Jagatheesan Kousik,Vijay Shankar,1,1,0,run,0,,,83/1
1489127,2,10,4,Jagatheesan Kousik,Jayaraman Suresh Kumar,Vijay Shankar,1,1,0,run,0,,,84/1
1489127,2,10,5,Jayaraman Suresh Kumar,Jagatheesan Kousik,Vijay Shankar,0,0,0,no run,0,,,84/1
1489127,2,10,6,Jayaraman Suresh Kumar,Jagatheesan Kousik,Vijay Shankar,4,4,0,four,0,,,88/1
1489127,2,11,1,Jagatheesan Kousik,Jayaraman Suresh Kumar,S Rohith Suthar,6,6,0,six,0,,,94/1
1489127,2,11,2,Jagatheesan Kousik,Jayaraman Suresh Kumar,S Rohith Suthar,2,2,0,run,0,,,96/1
1489127,2,11,3,Jagatheesan Kousik,Jayaraman Suresh Kumar,S Rohith Suthar,4,4,0,four,0,,,100/1
1489127,2,11,4,Jagatheesan Kousik,Jayaraman Suresh Kumar,S Rohith Suthar,1,1,0,run,0,,,101/1
1489127,2,11,5,Jayaraman Suresh Kumar,Jagatheesan Kousik,S Rohith Suthar,1,0,1,wide,0,,,102/1
1489127,2,11,6,Jayaraman Suresh Kumar,Jagatheesan Kousik,S Rohith Suthar,1,1,0,run,0,,,103/1
1489127,2,11,7,Jagatheesan Kousik,Jayaraman Suresh Kumar,S Rohith Suthar,0,0,0,no run,0,,,103/1
1489127,2,12,1,Jayaraman Suresh Kumar,Jagatheesan Kousik,M Silambarasan,1,1,0,run,0,,,104/1
1489127,2,12,2,Jagatheesan Kousik,Jayaraman Suresh Kumar,M Silambarasan,1,1,0,run,0,,,105/1
1489127,2,12,3,Jayaraman Suresh Kumar,Jagatheesan Kousik,M Silambarasan,1,1,0,run,0,,,106/1
1489127,2,12,4,Jagatheesan Kousik,Jayaraman Suresh Kumar,M Silambarasan,0,0,0,no run,0,,,106/1
1489127,2,12,5,Jagatheesan Kousik,Jayaraman Suresh Kumar,M Silambarasan,1,1,0,run,0,,,107/1
1489127,2,12,6,Jayaraman Suresh Kumar,Jagatheesan Kousik,M Silambarasan,1,1,0,run,0,,,108/1
1489127,2,13,1,Jayaraman Suresh Kumar,Jagatheesan Kousik,J Prem Kumar,1,1,0,run,0,,,109/1
1489127,2,13,2,Jagatheesan Kousik,Jayaraman Suresh Kumar,J Prem Kumar,1,1,0,run,0,,,110/1
1489127,2,13,3,Jayaraman Suresh Kumar,Jagatheesan Kousik,J Prem Kumar,1,1,0,run,0,,,111/1
1489127,2,13,4,Jagatheesan Kousik,Jayaraman Suresh Kumar,J Prem Kumar,1,1,0,run,0,,,112/1
1489127,2,13,5,Jayaraman Suresh Kumar,Jagatheesan Kousik,J Prem Kumar,1,1,0,run,0,,,113/1
1489127,2,13,6,Jagatheesan Kousik,Jayaraman Suresh Kumar,J Prem Kumar,0,0,0,out,1,bowled,Jagatheesan Kousik,113/2
1489127,2,14,1,Jayaraman Suresh Kumar,Ramsingh  Sanjay Yadav,Vijay Shankar,4,4,0,four,0,,,117/2
1489127,2,14,2,Jayaraman Suresh Kumar,Ramsingh  Sanjay Yadav,Vijay Shankar,1,1,0,run,0,,,118/2
1489127,2,14,3,Ramsingh  Sanjay Yadav,Jayaraman Suresh Kumar,Vijay Shankar,0,0,0,no run,0,,,118/2
1489127,2,14,4,Ramsingh  Sanjay Yadav,Jayaraman Suresh Kumar,Vijay Shankar,0,0,0,no run,0,,,118/2
1489127,2,14,5,Ramsingh  Sanjay Yadav,Jayaraman Suresh Kumar,Vijay Shankar,1,1,0,run,0,,,119/2
1489127,2,14,6,Jayaraman Suresh Kumar,Ramsingh  Sanjay Yadav,Vijay Shankar,1,1,0,run,0,,,120/2
1489127,2,15,1,Jayaraman Suresh Kumar,Ramsingh  Sanjay Yadav,J Prem Kumar,0,0,0,out,1,caught,Jayaraman Suresh Kumar,120/3
1489127,2,15,2,Jafar Jamal,Ramsingh  Sanjay Yadav,J Prem Kumar,4,4,0,four,0,,,124/3
1489127,2,15,3,Jafar Jamal,Ramsingh  Sanjay Yadav,J Prem Kumar,1,1,0,run,0,,,125/3
1489127,2,15,4,Ramsingh  Sanjay Yadav,Jafar Jamal,J Prem Kumar,4,4,0,four,0,,,129/3
1489127,2,15,5,Ramsingh  Sanjay Yadav,Jafar Jamal,J Prem Kumar,4,4,0,four,0,,,133/3
1489127,2,15,6,Ramsingh  Sanjay Yadav,Jafar Jamal,J Prem Kumar,0,0,0,no run,0,,,133/3
1489127,2,16,1,Jafar Jamal,Ramsingh  Sanjay Yadav,Vijay Shankar,0,0,0,no run,0,,,133/3
1489127,2,16,2,Jafar Jamal,Ramsingh  Sanjay Yadav,Vijay Shankar,1,1,0,run,0,,,134/3
1489127,2,16,3,Ramsingh  Sanjay Yadav,Jafar Jamal,Vijay Shankar,1,1,0,run,0,,,135/3
1489127,2,16,4,Jafar Jamal,Ramsingh  Sanjay Yadav,Vijay Shankar,0,0,0,out,1,caught,Jafar Jamal,135/4
1489127,2,16,5,R Rajkumar,Ramsingh  Sanjay Yadav,Vijay Shankar,1,1,0,run,0,,,136/4
1489127,2,16,6,Ramsingh  Sanjay Yadav,R Rajkumar,Vijay Shankar,0,0,0,no run,0,,,136/4
1489127,2,17,1,R Rajkumar,Ramsingh  Sanjay Yadav,Abhishek Baljeetsingh Tanwar,0,0,0,no run,0,,,136/4
1489127,2,17,2,R Rajkumar,Ramsingh  Sanjay Yadav,Abhishek Baljeetsingh Tanwar,1,1,0,run,0,,,137/4
1489127,2,17,3,Ramsingh  Sanjay Yadav,R Rajkumar,Abhishek Baljeetsingh Tanwar,1,1,0,run,0,,,138/4
1489127,2,17,4,R Rajkumar,Ramsingh  Sanjay Yadav,Abhishek Baljeetsingh Tanwar,0,0,0,no run,0,,,138/4
1489127,2,17,5,R Rajkumar,Ramsingh  Sanjay Yadav,Abhishek Baljeetsingh Tanwar,0,0,0,no run,0,,,138/4
1489127,2,17,6,R Rajkumar,Ramsingh  Sanjay Yadav,Abhishek Baljeetsingh Tanwar,4,4,0,four,0,,,142/4
1489127,2,18,1,Ramsingh  Sanjay Yadav,R Rajkumar,J Prem Kumar,4,4,0,four,0,,,146/4
1489127,2,18,2,Ramsingh  Sanjay Yadav,R Rajkumar,J Prem Kumar,1,0,1,wide,0,,,147/4
1489127,2,18,3,Ramsingh  Sanjay Yadav,R Rajkumar,J Prem Kumar,0,0,0,no run,0,,,147/4
1489127,2,18,4,Ramsingh  Sanjay Yadav,R Rajkumar,J Prem Kumar,6,6,0,six,0,,,153/4
1489127,2,18,5,Ramsingh  Sanjay Yadav,R Rajkumar,J Prem Kumar,1,0,1,wide,0,,,154/4
1489127,2,18,6,Ramsingh  Sanjay Yadav,R Rajkumar,J Prem Kumar,1,0,1,wide,0,,,155/4
1489127,2,18,7,Ramsingh  Sanjay Yadav,R Rajkumar,J Prem Kumar,1,1,0,run,0,,,156/4
1489127,2,18,8,R Rajkumar,Ramsingh  Sanjay Yadav,J Prem Kumar,0,0,0,out,1,caught,R Rajkumar,156/5
1489127,2,18,9,U Mukilesh,Ramsingh  Sanjay Yadav,J Prem Kumar,1,0,1,leg bye,0,,,157/5
1489127,2,19,1,U Mukilesh,Ramsingh  Sanjay Yadav,Abhishek Baljeetsingh Tanwar,4,4,0,four,0,,,161/5
1489127,2,19,2,U Mukilesh,Ramsingh  Sanjay Yadav,Abhishek Baljeetsingh Tanwar,1,1,0,run,0,,,162/5
1489127,2,19,3,Ramsingh  Sanjay Yadav,U Mukilesh,Abhishek Baljeetsingh Tanwar,2,2,0,run,0,,,164/5
1489127,2,19,4,Ramsingh  Sanjay Yadav,U Mukilesh,Abhishek Baljeetsingh Tanwar,1,0,1,wide,0,,,165/5
1489127,2,19,5,Ramsingh  Sanjay Yadav,U Mukilesh,Abhishek Baljeetsingh Tanwar,1,1,0,run,0,,,166/5
1489127,2,19,6,U Mukilesh,Ramsingh  Sanjay Yadav,Abhishek Baljeetsingh Tanwar,1,1,0,run,0,,,167/5
1489127,2,19,7,Ramsingh  Sanjay Yadav,U Mukilesh,Abhishek Baljeetsingh Tanwar,0,0,0,no run,0,,,167/5
1489127,2,20,1,U Mukilesh,Ramsingh  Sanjay Yadav,S Rohith Suthar,1,1,0,run,0,,,168/5
1489127,2,20,2,Ramsingh  Sanjay Yadav,U Mukilesh,S Rohith Suthar,1,0,1,wide,0,,,169/5
1489127,2,20,3,Ramsingh  Sanjay Yadav,U Mukilesh,S Rohith Suthar,0,0,0,no run,0,,,169/5
1489127,2,20,4,Ramsingh  Sanjay Yadav,U Mukilesh,S Rohith Suthar,4,4,0,four,0,,,173/5
1489127,2,20,5,Ramsingh  Sanjay Yadav,U Mukilesh,S Rohith Suthar,0,0,0,out,1,caught,Ramsingh  Sanjay Yadav,173/6
1489127,2,20,6,P Saravana Kumar,U Mukilesh,S Rohith Suthar,1,1,0,run,0,,,174/6
1489127,2,20,7,U Mukilesh,P Saravana Kumar,S Rohith Suthar,0,0,0,out,1,run out,U Mukilesh,174/7
1489128,1,1,1,CH Jitendra Kumar,Suresh Lokeshwar,Thangarasu Natarajan,2,2,0,run,0,,,2/0
1489128,1,1,2,CH Jitendra Kumar,Suresh Lokeshwar,Thangarasu Natarajan,0,0,0,no run,0,,,2/0
1489128,1,1,3,CH Jitendra Kumar,Suresh Lokeshwar,Thangarasu Natarajan,0,0,0,no run,0,,,2/0
1489128,1,1,4,CH Jitendra Kumar,Suresh Lokeshwar,Thangarasu Natarajan,4,4,0,four,0,,,6/0
1489128,1,1,5,CH Jitendra Kumar,Suresh Lokeshwar,Thangarasu Natarajan,0,0,0,out,1,caught,CH Jitendra Kumar,6/1
1489128,1,1,6,Balasubramaniam Sachin,Suresh Lokeshwar,Thangarasu Natarajan,0,0,0,no run,0,,,6/1
1489128,1,2,1,Suresh Lokeshwar,Balasubramaniam Sachin,Ragupathy Silambarasan,0,0,0,no run,0,,,6/1
1489128,1,2,2,Suresh Lokeshwar,Balasubramaniam Sachin,Ragupathy Silambarasan,0,0,0,no run,0,,,6/1
1489128,1,2,3,Suresh Lokeshwar,Balasubramaniam Sachin,Ragupathy Silambarasan,4,4,0,four,0,,,10/1
1489128,1,2,4,Suresh Lokeshwar,Balasubramaniam Sachin,Ragupathy Silambarasan,0,0,0,no run,0,,,10/1
1489128,1,2,5,Suresh Lokeshwar,Balasubramaniam Sachin,Ragupathy Silambarasan,0,0,0,no run,0,,,10/1
1489128,1,2,6,Suresh Lokeshwar,Balasubramaniam Sachin,Ragupathy Silambarasan,1,1,0,run,0,,,11/1
1489128,1,3,1,Suresh Lokeshwar,Balasubramaniam Sachin,Thangarasu Natarajan,0,0,0,no run,0,,,11/1
1489128,1,3,2,Suresh Lokeshwar,Balasubramaniam Sachin,Thangarasu Natarajan,0,0,0,no run,0,,,11/1
1489128,1,3,3,Suresh Lokeshwar,Balasubramaniam Sachin,Thangarasu Natarajan,0,0,0,no run,0,,,11/1
1489128,1,3,4,Suresh Lokeshwar,Balasubramaniam Sachin,Thangarasu Natarajan,0,0,0,no run,0,,,11/1
1489128,1,3,5,Suresh Lokeshwar,Balasubramaniam Sachin,Thangarasu Natarajan,0,0,0,no run,0,,,11/1
1489128,1,3,6,Suresh Lokeshwar,Balasubramaniam Sachin,Thangarasu Natarajan,0,0,0,no run,0,,,11/1
1489128,1,4,1,Balasubramaniam Sachin,Suresh Lokeshwar,Ragupathy Silambarasan,0,0,0,no run,0,,,11/1
1489128,1,4,2,Balasubramaniam Sachin,Suresh Lokeshwar,Ragupathy Silambarasan,0,0,0,no run,0,,,11/1
1489128,1,4,3,Balasubramaniam Sachin,Suresh Lokeshwar,Ragupathy Silambarasan,4,4,0,four,0,,,15/1
1489128,1,4,4,Balasubramaniam Sachin,Suresh Lokeshwar,Ragupathy Silambarasan,4,4,0,four,0,,,19/1
1489128,1,4,5,Balasubramaniam Sachin,Suresh Lokeshwar,Ragupathy Silambarasan,1,1,0,run,0,,,20/1
1489128,1,4,6,Suresh Lokeshwar,Balasubramaniam Sachin,Ragupathy Silambarasan,4,4,0,four,0,,,24/1
1489128,1,5,1,Balasubramaniam Sachin,Suresh Lokeshwar,Ravisrinivasan Sai Kishore,0,0,0,no run,0,,,24/1
1489128,1,5,2,Balasubramaniam Sachin,Suresh Lokeshwar,Ravisrinivasan Sai Kishore,1,1,0,run,0,,,25/1
1489128,1,5,3,Suresh Lokeshwar,Balasubramaniam Sachin,Ravisrinivasan Sai Kishore,1,1,0,run,0,,,26/1
1489128,1,5,4,Balasubramaniam Sachin,Suresh Lokeshwar,Ravisrinivasan Sai Kishore,1,1,0,run,0,,,27/1
1489128,1,5,5,Suresh Lokeshwar,Balasubramaniam Sachin,Ravisrinivasan Sai Kishore,0,0,0,no run,0,,,27/1
1489128,1,5,6,Suresh Lokeshwar,Balasubramaniam Sachin,Ravisrinivasan Sai Kishore,4,4,0,four,0,,,31/1
1489128,1,6,1,Balasubramaniam Sachin,Suresh Lokeshwar,S Mohamed Ali,4,4,0,four,0,,,35/1
1489128,1,6,2,Balasubramaniam Sachin,Suresh Lokeshwar,S Mohamed Ali,1,1,0,run,0,,,36/1
1489128,1,6,3,Suresh Lokeshwar,Balasubramaniam Sachin,S Mohamed Ali,1,1,0,run,0,,,37/1
1489128,1,6,4,Balasubramaniam Sachin,Suresh Lokeshwar,S Mohamed Ali,1,1,0,run,0,,,38/1
1489128,1,6,5,Suresh Lokeshwar,Balasubramaniam Sachin,S Mohamed Ali,2,2,0,run,0,,,40/1
1489128,1,6,6,Suresh Lokeshwar,Balasubramaniam Sachin,S Mohamed Ali,1,1,0,run,0,,,41/1
1489128,1,7,1,Suresh Lokeshwar,Balasubramaniam Sachin,S Mohan Prasath,1,1,0,run,0,,,42/1
1489128,1,7,2,Balasubramaniam Sachin,Suresh Lokeshwar,S Mohan Prasath,0,0,0,no run,0,,,42/1
1489128,1,7,3,Balasubramaniam Sachin,Suresh Lokeshwar,S Mohan Prasath,1,1,0,run,0,,,43/1
1489128,1,7,4,Suresh Lokeshwar,Balasubramaniam Sachin,S Mohan Prasath,1,1,0,run,0,,,44/1
1489128,1,7,5,Balasubramaniam Sachin,Suresh Lokeshwar,S Mohan Prasath,1,1,0,run,0,,,45/1
1489128,1,7,6,Suresh Lokeshwar,Balasubramaniam Sachin,S Mohan Prasath,1,1,0,run,0,,,46/1
1489128,1,8,1,Suresh Lokeshwar,Balasubramaniam Sachin,Esakkimuthu A,0,0,0,no run,0,,,46/1
1489128,1,8,2,Suresh Lokeshwar,Balasubramaniam Sachin,Esakkimuthu A,0,0,0,out,1,caught,Suresh Lokeshwar,46/2
1489128,1,8,3,S Guru Raghavendran,Balasubramaniam Sachin,Esakkimuthu A,1,0,1,wide,0,,,47/2
1489128,1,8,4,S Guru Raghavendran,Balasubramaniam Sachin,Esakkimuthu A,1,0,1,wide,0,,,48/2
1489128,1,8,5,S Guru Raghavendran,Balasubramaniam Sachin,Esakkimuthu A,2,2,0,run,0,,,50/2
1489128,1,8,6,S Guru Raghavendran,Balasubramaniam Sachin,Esakkimuthu A,2,2,0,run,0,,,52/2
1489128,1,8,7,S Guru Raghavendran,Balasubramaniam Sachin,Esakkimuthu A,1,1,0,run,0,,,53/2
1489128,1,8,8,Balasubramaniam Sachin,S Guru Raghavendran,Esakkimuthu A,0,0,0,no run,0,,,53/2
1489128,1,9,1,S Guru Raghavendran,Balasubramaniam Sachin,S Mohan Prasath,0,0,0,no run,0,,,53/2
1489128,1,9,2,S Guru Raghavendran,Balasubramaniam Sachin,S Mohan Prasath,1,1,0,run,0,,,54/2
1489128,1,9,3,Balasubramaniam Sachin,S Guru Raghavendran,S Mohan Prasath,0,0,0,no run,0,,,54/2
1489128,1,9,4,Balasubramaniam Sachin,S Guru Raghavendran,S Mohan Prasath,1,1,0,run,0,,,55/2
1489128,1,9,5,S Guru Raghavendran,Balasubramaniam Sachin,S Mohan Prasath,4,4,0,four,0,,,59/2
1489128,1,9,6,S Guru Raghavendran,Balasubramaniam Sachin,S Mohan Prasath,1,1,0,run,0,,,60/2
1489128,1,10,1,S Guru Raghavendran,Balasubramaniam Sachin,Esakkimuthu A,0,0,0,no run,0,,,60/2
1489128,1,10,2,S Guru Raghavendran,Balasubramaniam Sachin,Esakkimuthu A,0,0,0,out,1,caught,S Guru Raghavendran,60/3
1489128,1,10,3,Masood Shahrukh Khan,Balasubramaniam Sachin,Esakkimuthu A,6,6,0,six,0,,,66/3
1489128,1,10,4,Masood Shahrukh Khan,Balasubramaniam Sachin,Esakkimuthu A,4,4,0,four,0,,,70/3
1489128,1,10,5,Masood Shahrukh Khan,Balasubramaniam Sachin,Esakkimuthu A,1,1,0,run,0,,,71/3
1489128,1,10,6,Balasubramaniam Sachin,Masood Shahrukh Khan,Esakkimuthu A,1,1,0,run,0,,,72/3
1489128,1,11,1,Balasubramaniam Sachin,Masood Shahrukh Khan,Ravisrinivasan Sai Kishore,1,1,0,run,0,,,73/3
1489128,1,11,2,Masood Shahrukh Khan,Balasubramaniam Sachin,Ravisrinivasan Sai Kishore,1,1,0,run,0,,,74/3
1489128,1,11,3,Balasubramaniam Sachin,Masood Shahrukh Khan,Ravisrinivasan Sai Kishore,1,1,0,run,0,,,75/3
1489128,1,11,4,Masood Shahrukh Khan,Balasubramaniam Sachin,Ravisrinivasan Sai Kishore,4,4,0,four,0,,,79/3
1489128,1,11,5,Masood Shahrukh Khan,Balasubramaniam Sachin,Ravisrinivasan Sai Kishore,1,1,0,run,0,,,80/3
1489128,1,11,6,Balasubramaniam Sachin,Masood Shahrukh Khan,Ravisrinivasan Sai Kishore,1,1,0,run,0,,,81/3
1489128,1,12,1,Balasubramaniam Sachin,Masood Shahrukh Khan,Esakkimuthu A,0,0,0,no run,0,,,81/3
1489128,1,12,2,Balasubramaniam Sachin,Masood Shahrukh Khan,Esakkimuthu A,0,0,0,out,1,caught,Balasubramaniam Sachin,81/4
1489128,1,12,3,K Vishal Vaidhya,Masood Shahrukh Khan,Esakkimuthu A,0,0,0,no run,0,,,81/4
1489128,1,12,4,K Vishal Vaidhya,Masood Shahrukh Khan,Esakkimuthu A,0,0,0,no run,0,,,81/4
1489128,1,12,5,K Vishal Vaidhya,Masood Shahrukh Khan,Esakkimuthu A,0,0,0,no run,0,,,81/4
1489128,1,12,6,K Vishal Vaidhya,Masood Shahrukh Khan,Esakkimuthu A,1,1,0,run,0,,,82/4
1489128,1,13,1,K Vishal Vaidhya,Masood Shahrukh Khan,Ravisrinivasan Sai Kishore,0,0,0,no run,0,,,82/4
1489128,1,13,2,K Vishal Vaidhya,Masood Shahrukh Khan,Ravisrinivasan Sai Kishore,1,1,0,run,0,,,83/4
1489128,1,13,3,Masood Shahrukh Khan,K Vishal Vaidhya,Ravisrinivasan Sai Kishore,2,2,0,run,0,,,85/4
1489128,1,13,4,Masood Shahrukh Khan,K Vishal Vaidhya,Ravisrinivasan Sai Kishore,0,0,0,no run,0,,,85/4
1489128,1,13,5,Masood Shahrukh Khan,K Vishal Vaidhya,Ravisrinivasan Sai Kishore,0,0,0,out,1,caught,Masood Shahrukh Khan,85/5
1489128,1,13,6,C Andre Siddarth,K Vishal Vaidhya,Ravisrinivasan Sai Kishore,0,0,0,no run,0,,,85/5
1489128,1,14,1,K Vishal Vaidhya,C Andre Siddarth,Esakkimuthu A,4,4,0,four,0,,,89/5
1489128,1,14,2,K Vishal Vaidhya,C Andre Siddarth,Esakkimuthu A,4,4,0,four,0,,,93/5
1489128,1,14,3,K Vishal Vaidhya,C Andre Siddarth,Esakkimuthu A,0,0,0,no run,0,,,93/5
1489128,1,14,4,K Vishal Vaidhya,C Andre Siddarth,Esakkimuthu A,0,0,0,no run,0,,,93/5
1489128,1,14,5,K Vishal Vaidhya,C Andre Siddarth,Esakkimuthu A,1,0,1,wide,0,,,94/5
1489128,1,14,6,K Vishal Vaidhya,C Andre Siddarth,Esakkimuthu A,1,1,0,run,0,,,95/5
1489128,1,14,7,C Andre Siddarth,K Vishal Vaidhya,Esakkimuthu A,0,0,0,no run,0,,,95/5
1489128,1,15,1,K Vishal Vaidhya,C Andre Siddarth,S Mohan Prasath,1,1,0,run,0,,,96/5
1489128,1,15,2,C Andre Siddarth,K Vishal Vaidhya,S Mohan Prasath,0,0,0,no run,0,,,96/5
1489128,1,15,3,C Andre Siddarth,K Vishal Vaidhya,S Mohan Prasath,0,0,0,no run,0,,,96/5
1489128,1,15,4,C Andre Siddarth,K Vishal Vaidhya,S Mohan Prasath,0,0,0,no run,0,,,96/5
1489128,1,15,5,C Andre Siddarth,K Vishal Vaidhya,S Mohan Prasath,0,0,0,no run,0,,,96/5
1489128,1,15,6,C Andre Siddarth,K Vishal Vaidhya,S Mohan Prasath,2,2,0,run,0,,,98/5
1489128,1,16,1,K Vishal Vaidhya,C Andre Siddarth,Ragupathy Silambarasan,1,1,0,run,0,,,99/5
1489128,1,16,2,C Andre Siddarth,K Vishal Vaidhya,Ragupathy Silambarasan,6,6,0,six,0,,,105/5
1489128,1,16,3,C Andre Siddarth,K Vishal Vaidhya,Ragupathy Silambarasan,1,1,0,run,0,,,106/5
1489128,1,16,4,K Vishal Vaidhya,C Andre Siddarth,Ragupathy Silambarasan,0,0,0,no run,0,,,106/5
1489128,1,16,5,K Vishal Vaidhya,C Andre Siddarth,Ragupathy Silambarasan,0,0,0,out,1,caught,K Vishal Vaidhya,106/6
1489128,1,16,6,R Divakar,C Andre Siddarth,Ragupathy Silambarasan,2,2,0,run,0,,,108/6
1489128,1,17,1,C Andre Siddarth,R Divakar,S Mohan Prasath,1,1,0,run,0,,,109/6
1489128,1,17,2,R Divakar,C Andre Siddarth,S Mohan Prasath,1,1,0,run,0,,,110/6
1489128,1,17,3,C Andre Siddarth,R Divakar,S Mohan Prasath,1,1,0,run,0,,,111/6
1489128,1,17,4,R Divakar,C Andre Siddarth,S Mohan Prasath,1,1,0,run,0,,,112/6
1489128,1,17,5,C Andre Siddarth,R Divakar,S Mohan Prasath,0,0,0,no run,0,,,112/6
1489128,1,17,6,C Andre Siddarth,R Divakar,S Mohan Prasath,1,1,0,run,0,,,113/6
1489128,1,18,1,C Andre Siddarth,R Divakar,Thangarasu Natarajan,1,1,0,run,0,,,114/6
1489128,1,18,2,R Divakar,C Andre Siddarth,Thangarasu Natarajan,0,0,0,no run,0,,,114/6
1489128,1,18,3,R Divakar,C Andre Siddarth,Thangarasu Natarajan,2,2,0,run,0,,,116/6
1489128,1,18,4,R Divakar,C Andre Siddarth,Thangarasu Natarajan,1,0,1,wide,0,,,117/6
1489128,1,18,5,R Divakar,C Andre Siddarth,Thangarasu Natarajan,1,1,0,run,0,,,118/6
1489128,1,18,6,C Andre Siddarth,R Divakar,Thangarasu Natarajan,1,1,0,run,0,,,119/6
1489128,1,18,7,R Divakar,C Andre Siddarth,Thangarasu Natarajan,1,1,0,run,0,,,120/6
1489128,1,19,1,R Divakar,C Andre Siddarth,Ravisrinivasan Sai Kishore,0,0,0,out,1,caught,R Divakar,120/7
1489128,1,19,2,Manimaran Siddharth,C Andre Siddarth,Ravisrinivasan Sai Kishore,0,0,0,no run,0,,,120/7
1489128,1,19,3,Manimaran Siddharth,C Andre Siddarth,Ravisrinivasan Sai Kishore,1,1,0,run,0,,,121/7
1489128,1,19,4,C Andre Siddarth,Manimaran Siddharth,Ravisrinivasan Sai Kishore,4,4,0,four,0,,,125/7
1489128,1,19,5,C Andre Siddarth,Manimaran Siddharth,Ravisrinivasan Sai Kishore,2,2,0,run,0,,,127/7
1489128,1,19,6,C Andre Siddarth,Manimaran Siddharth,Ravisrinivasan Sai Kishore,0,0,0,no run,0,,,127/7
1489128,1,20,1,Manimaran Siddharth,C Andre Siddarth,Thangarasu Natarajan,0,0,0,out,1,run out,Manimaran Siddharth,127/8
1489128,1,20,2,P Vidyuth,C Andre Siddarth,Thangarasu Natarajan,1,1,0,run,0,,,128/8
1489128,1,20,3,C Andre Siddarth,P Vidyuth,Thangarasu Natarajan,1,1,0,run,0,,,129/8
1489128,1,20,4,P Vidyuth,C Andre Siddarth,Thangarasu Natarajan,4,4,0,four,0,,,133/8
1489128,1,20,5,P Vidyuth,C Andre Siddarth,Thangarasu Natarajan,4,4,0,four,0,,,137/8
1489128,1,20,6,P Vidyuth,C Andre Siddarth,Thangarasu Natarajan,0,0,0,out,1,caught,P Vidyuth,137/9
1489128,2,1,1,VP Amit Sathvik,Tushar Raheja,P Bhuvaneswaran,0,0,0,no run,0,,,0/0
1489128,2,1,2,VP Amit Sathvik,Tushar Raheja,P Bhuvaneswaran,1,1,0,run,0,,,1/0
1489128,2,1,3,Tushar Raheja,VP Amit Sathvik,P Bhuvaneswaran,0,0,0,no run,0,,,1/0
1489128,2,1,4,Tushar Raheja,VP Amit Sathvik,P Bhuvaneswaran,4,4,0,four,0,,,5/0
1489128,2,1,5,Tushar Raheja,VP Amit Sathvik,P Bhuvaneswaran,2,2,0,run,0,,,7/0
1489128,2,1,6,Tushar Raheja,VP Amit Sathvik,P Bhuvaneswaran,0,0,0,no run,0,,,7/0
1489128,2,2,1,VP Amit Sathvik,Tushar Raheja,Manimaran Siddharth,0,0,0,no run,0,,,7/0
1489128,2,2,2,VP Amit Sathvik,Tushar Raheja,Manimaran Siddharth,0,0,0,no run,0,,,7/0
1489128,2,2,3,VP Amit Sathvik,Tushar Raheja,Manimaran Siddharth,4,4,0,four,0,,,11/0
1489128,2,2,4,VP Amit Sathvik,Tushar Raheja,Manimaran Siddharth,6,6,0,six,0,,,17/0
1489128,2,2,5,VP Amit Sathvik,Tushar Raheja,Manimaran Siddharth,1,1,0,run,0,,,18/0
1489128,2,2,6,Tushar Raheja,VP Amit Sathvik,Manimaran Siddharth,1,1,0,run,0,,,19/0
1489128,2,3,1,Tushar Raheja,VP Amit Sathvik,P Bhuvaneswaran,4,4,0,four,0,,,23/0
1489128,2,3,2,Tushar Raheja,VP Amit Sathvik,P Bhuvaneswaran,0,0,0,no run,0,,,23/0
1489128,2,3,3,Tushar Raheja,VP Amit Sathvik,P Bhuvaneswaran,1,0,1,wide,0,,,24/0
1489128,2,3,4,Tushar Raheja,VP Amit Sathvik,P Bhuvaneswaran,2,2,0,run,0,,,26/0
1489128,2,3,5,Tushar Raheja,VP Amit Sathvik,P Bhuvaneswaran,0,0,0,out,1,caught,Tushar Raheja,26/1
1489128,2,3,6,Ravisrinivasan Sai Kishore,VP Amit Sathvik,P Bhuvaneswaran,0,0,0,no run,0,,,26/1
1489128,2,3,7,Ravisrinivasan Sai Kishore,VP Amit Sathvik,P Bhuvaneswaran,0,0,0,no run,0,,,26/1
1489128,2,4,1,VP Amit Sathvik,Ravisrinivasan Sai Kishore,Manimaran Siddharth,1,1,0,run,0,,,27/1
1489128,2,4,2,Ravisrinivasan Sai Kishore,VP Amit Sathvik,Manimaran Siddharth,0,0,0,no run,0,,,27/1
1489128,2,4,3,Ravisrinivasan Sai Kishore,VP Amit Sathvik,Manimaran Siddharth,1,1,0,run,0,,,28/1
1489128,2,4,4,VP Amit Sathvik,Ravisrinivasan Sai Kishore,Manimaran Siddharth,4,4,0,four,0,,,32/1
1489128,2,4,5,VP Amit Sathvik,Ravisrinivasan Sai Kishore,Manimaran Siddharth,0,0,0,no run,0,,,32/1
1489128,2,4,6,VP Amit Sathvik,Ravisrinivasan Sai Kishore,Manimaran Siddharth,0,0,0,no run,0,,,32/1
1489128,2,5,1,Ravisrinivasan Sai Kishore,VP Amit Sathvik,P Bhuvaneswaran,4,4,0,four,0,,,36/1
1489128,2,5,2,Ravisrinivasan Sai Kishore,VP Amit Sathvik,P Bhuvaneswaran,0,0,0,no run,0,,,36/1
1489128,2,5,3,Ravisrinivasan Sai Kishore,VP Amit Sathvik,P Bhuvaneswaran,1,1,0,run,0,,,37/1
1489128,2,5,4,VP Amit Sathvik,Ravisrinivasan Sai Kishore,P Bhuvaneswaran,6,6,0,six,0,,,43/1
1489128,2,5,5,VP Amit Sathvik,Ravisrinivasan Sai Kishore,P Bhuvaneswaran,1,0,1,wide,0,,,44/1
1489128,2,5,6,VP Amit Sathvik,Ravisrinivasan Sai Kishore,P Bhuvaneswaran,1,0,1,wide,0,,,45/1
1489128,2,5,7,VP Amit Sathvik,Ravisrinivasan Sai Kishore,P Bhuvaneswaran,1,1,0,run,0,,,46/1
1489128,2,5,8,Ravisrinivasan Sai Kishore,VP Amit Sathvik,P Bhuvaneswaran,0,0,0,no run,0,,,46/1
1489128,2,6,1,VP Amit Sathvik,Ravisrinivasan Sai Kishore,Manimaran Siddharth,1,1,0,run,0,,,47/1
1489128,2,6,2,Ravisrinivasan Sai Kishore,VP Amit Sathvik,Manimaran Siddharth,0,0,0,no run,0,,,47/1
1489128,2,6,3,Ravisrinivasan Sai Kishore,VP Amit Sathvik,Manimaran Siddharth,4,4,0,four,0,,,51/1
1489128,2,6,4,Ravisrinivasan Sai Kishore,VP Amit Sathvik,Manimaran Siddharth,1,1,0,run,0,,,52/1
1489128,2,6,5,VP Amit Sathvik,Ravisrinivasan Sai Kishore,Manimaran Siddharth,0,0,0,no run,0,,,52/1
1489128,2,6,6,VP Amit Sathvik,Ravisrinivasan Sai Kishore,Manimaran Siddharth,0,0,0,no run,0,,,52/1
1489128,2,7,1,Ravisrinivasan Sai Kishore,VP Amit Sathvik,R Divakar,0,0,0,no run,0,,,52/1
1489128,2,7,2,Ravisrinivasan Sai Kishore,VP Amit Sathvik,R Divakar,1,1,0,run,0,,,53/1
1489128,2,7,3,VP Amit Sathvik,Ravisrinivasan Sai Kishore,R Divakar,1,1,0,run,0,,,54/1
1489128,2,7,4,Ravisrinivasan Sai Kishore,VP Amit Sathvik,R Divakar,2,2,0,run,0,,,56/1
1489128,2,7,5,Ravisrinivasan Sai Kishore,VP Amit Sathvik,R Divakar,1,1,0,run,0,,,57/1
1489128,2,7,6,VP Amit Sathvik,Ravisrinivasan Sai Kishore,R Divakar,0,0,0,no run,0,,,57/1
1489128,2,8,1,Ravisrinivasan Sai Kishore,VP Amit Sathvik,P Vidyuth,2,2,0,run,0,,,59/1
1489128,2,8,2,Ravisrinivasan Sai Kishore,VP Amit Sathvik,P Vidyuth,1,1,0,run,0,,,60/1
1489128,2,8,3,VP Amit Sathvik,Ravisrinivasan Sai Kishore,P Vidyuth,4,4,0,four,0,,,64/1
1489128,2,8,4,VP Amit Sathvik,Ravisrinivasan Sai Kishore,P Vidyuth,0,0,0,no run,0,,,64/1
1489128,2,8,5,VP Amit Sathvik,Ravisrinivasan Sai Kishore,P Vidyuth,1,1,0,run,0,,,65/1
1489128,2,8,6,Ravisrinivasan Sai Kishore,VP Amit Sathvik,P Vidyuth,6,6,0,six,0,,,71/1
1489128,2,9,1,VP Amit Sathvik,Ravisrinivasan Sai Kishore,R Divakar,1,1,0,run,0,,,72/1
1489128,2,9,2,Ravisrinivasan Sai Kishore,VP Amit Sathvik,R Divakar,0,0,0,out,1,caught,Ravisrinivasan Sai Kishore,72/2
1489128,2,9,3,Pradosh Ranjan Paul,VP Amit Sathvik,R Divakar,0,0,0,no run,0,,,72/2
1489128,2,9,4,Pradosh Ranjan Paul,VP Amit Sathvik,R Divakar,0,0,0,no run,0,,,72/2
1489128,2,9,5,Pradosh Ranjan Paul,VP Amit Sathvik,R Divakar,1,1,0,run,0,,,73/2
1489128,2,9,6,VP Amit Sathvik,Pradosh Ranjan Paul,R Divakar,1,1,0,run,0,,,74/2
1489128,2,10,1,VP Amit Sathvik,Pradosh Ranjan Paul,Manimaran Siddharth,1,1,0,run,0,,,75/2
1489128,2,10,2,Pradosh Ranjan Paul,VP Amit Sathvik,Manimaran Siddharth,0,0,0,no run,0,,,75/2
1489128,2,10,3,Pradosh Ranjan Paul,VP Amit Sathvik,Manimaran Siddharth,1,1,0,run,0,,,76/2
1489128,2,10,4,VP Amit Sathvik,Pradosh Ranjan Paul,Manimaran Siddharth,0,0,0,no run,0,,,76/2
1489128,2,10,5,VP Amit Sathvik,Pradosh Ranjan Paul,Manimaran Siddharth,0,0,0,no run,0,,,76/2
1489128,2,10,6,VP Amit Sathvik,Pradosh Ranjan Paul,Manimaran Siddharth,1,1,0,run,0,,,77/2
1489128,2,11,1,VP Amit Sathvik,Pradosh Ranjan Paul,Jhathavedh Subramanyan,0,0,0,no run,0,,,77/2
1489128,2,11,2,VP Amit Sathvik,Pradosh Ranjan Paul,Jhathavedh Subramanyan,2,2,0,run,0,,,79/2
1489128,2,11,3,VP Amit Sathvik,Pradosh Ranjan Paul,Jhathavedh Subramanyan,1,0,1,leg bye,0,,,80/2
1489128,2,11,4,Pradosh Ranjan Paul,VP Amit Sathvik,Jhathavedh Subramanyan,0,0,0,no run,0,,,80/2
1489128,2,11,5,Pradosh Ranjan Paul,VP Amit Sathvik,Jhathavedh Subramanyan,1,1,0,run,0,,,81/2
1489128,2,11,6,VP Amit Sathvik,Pradosh Ranjan Paul,Jhathavedh Subramanyan,4,4,0,four,0,,,85/2
1489128,2,12,1,Pradosh Ranjan Paul,VP Amit Sathvik,P Vidyuth,1,1,0,run,0,,,86/2
1489128,2,12,2,VP Amit Sathvik,Pradosh Ranjan Paul,P Vidyuth,0,0,0,no run,0,,,86/2
1489128,2,12,3,VP Amit Sathvik,Pradosh Ranjan Paul,P Vidyuth,1,1,0,run,0,,,87/2
1489128,2,12,4,Pradosh Ranjan Paul,VP Amit Sathvik,P Vidyuth,1,1,0,run,0,,,88/2
1489128,2,12,5,VP Amit Sathvik,Pradosh Ranjan Paul,P Vidyuth,1,1,0,run,0,,,89/2
1489128,2,12,6,Pradosh Ranjan Paul,VP Amit Sathvik,P Vidyuth,1,1,0,run,0,,,90/2
1489128,2,13,1,Pradosh Ranjan Paul,VP Amit Sathvik,Jhathavedh Subramanyan,0,0,0,no run,0,,,90/2
1489128,2,13,2,Pradosh Ranjan Paul,VP Amit Sathvik,Jhathavedh Subramanyan,1,1,0,run,0,,,91/2
1489128,2,13,3,VP Amit Sathvik,Pradosh Ranjan Paul,Jhathavedh Subramanyan,4,4,0,four,0,,,95/2
1489128,2,13,4,VP Amit Sathvik,Pradosh Ranjan Paul,Jhathavedh Subramanyan,1,1,0,run,0,,,96/2
1489128,2,13,5,Pradosh Ranjan Paul,VP Amit Sathvik,Jhathavedh Subramanyan,0,0,0,no run,0,,,96/2
1489128,2,13,6,Pradosh Ranjan Paul,VP Amit Sathvik,Jhathavedh Subramanyan,1,1,0,run,0,,,97/2
1489128,2,14,1,Pradosh Ranjan Paul,VP Amit Sathvik,P Vidyuth,2,2,0,run,0,,,99/2
1489128,2,14,2,Pradosh Ranjan Paul,VP Amit Sathvik,P Vidyuth,4,4,0,four,0,,,103/2
1489128,2,14,3,Pradosh Ranjan Paul,VP Amit Sathvik,P Vidyuth,0,0,0,no run,0,,,103/2
1489128,2,14,4,Pradosh Ranjan Paul,VP Amit Sathvik,P Vidyuth,1,1,0,run,0,,,104/2
1489128,2,14,5,VP Amit Sathvik,Pradosh Ranjan Paul,P Vidyuth,0,0,0,no run,0,,,104/2
1489128,2,14,6,VP Amit Sathvik,Pradosh Ranjan Paul,P Vidyuth,0,0,0,no run,0,,,104/2
1489128,2,15,1,Pradosh Ranjan Paul,VP Amit Sathvik,Masood Shahrukh Khan,0,0,0,no run,0,,,104/2
1489128,2,15,2,Pradosh Ranjan Paul,VP Amit Sathvik,Masood Shahrukh Khan,1,1,0,run,0,,,105/2
1489128,2,15,3,VP Amit Sathvik,Pradosh Ranjan Paul,Masood Shahrukh Khan,1,1,0,run,0,,,106/2
1489128,2,15,4,Pradosh Ranjan Paul,VP Amit Sathvik,Masood Shahrukh Khan,1,1,0,run,0,,,107/2
1489128,2,15,5,VP Amit Sathvik,Pradosh Ranjan Paul,Masood Shahrukh Khan,1,1,0,run,0,,,108/2
1489128,2,15,6,Pradosh Ranjan Paul,VP Amit Sathvik,Masood Shahrukh Khan,4,4,0,four,0,,,112/2
1489128,2,16,1,VP Amit Sathvik,Pradosh Ranjan Paul,Jhathavedh Subramanyan,6,6,0,six,0,,,118/2
1489128,2,16,2,VP Amit Sathvik,Pradosh Ranjan Paul,Jhathavedh Subramanyan,0,0,0,no run,0,,,118/2
1489128,2,16,3,VP Amit Sathvik,Pradosh Ranjan Paul,Jhathavedh Subramanyan,1,1,0,run,0,,,119/2
1489128,2,16,4,Pradosh Ranjan Paul,VP Amit Sathvik,Jhathavedh Subramanyan,0,0,0,out,1,caught,Pradosh Ranjan Paul,119/3
1489128,2,16,5,S Mohamed Ali,VP Amit Sathvik,Jhathavedh Subramanyan,6,6,0,six,0,,,125/3
1489128,2,16,6,S Mohamed Ali,VP Amit Sathvik,Jhathavedh Subramanyan,0,0,0,no run,0,,,125/3
1489128,2,17,1,VP Amit Sathvik,S Mohamed Ali,R Divakar,6,6,0,six,0,,,131/3
1489128,2,17,2,VP Amit Sathvik,S Mohamed Ali,R Divakar,0,0,0,no run,0,,,131/3
1489128,2,17,3,VP Amit Sathvik,S Mohamed Ali,R Divakar,2,2,0,run,0,,,133/3
1489128,2,17,4,VP Amit Sathvik,S Mohamed Ali,R Divakar,1,1,0,run,0,,,134/3
1489128,2,17,5,S Mohamed Ali,VP Amit Sathvik,R Divakar,6,6,0,six,0,,,140/3
1489129,1,1,1,R Ram Arvindh,Balchander Anirudh,K Easwaran,1,1,0,run,0,,,1/0
1489129,1,1,2,Balchander Anirudh,R Ram Arvindh,K Easwaran,1,1,0,run,0,,,2/0
1489129,1,1,3,R Ram Arvindh,Balchander Anirudh,K Easwaran,1,0,1,leg bye,0,,,3/0
1489129,1,1,4,Balchander Anirudh,R Ram Arvindh,K Easwaran,0,0,0,no run,0,,,3/0
1489129,1,1,5,Balchander Anirudh,R Ram Arvindh,K Easwaran,1,0,1,leg bye,0,,,4/0
1489129,1,1,6,R Ram Arvindh,Balchander Anirudh,K Easwaran,1,1,0,run,0,,,5/0
1489129,1,2,1,R Ram Arvindh,Balchander Anirudh,V Athisayaraj Davidson,0,0,0,no run,0,,,5/0
1489129,1,2,2,R Ram Arvindh,Balchander Anirudh,V Athisayaraj Davidson,1,1,0,run,0,,,6/0
1489129,1,2,3,Balchander Anirudh,R Ram Arvindh,V Athisayaraj Davidson,0,0,0,no run,0,,,6/0
1489129,1,2,4,Balchander Anirudh,R Ram Arvindh,V Athisayaraj Davidson,6,6,0,six,0,,,12/0
1489129,1,2,5,Balchander Anirudh,R Ram Arvindh,V Athisayaraj Davidson,0,0,0,out,1,caught,Balchander Anirudh,12/1
1489129,1,2,6,J Ajay Chetan,R Ram Arvindh,V Athisayaraj Davidson,0,0,0,out,1,caught,J Ajay Chetan,12/2
1489129,1,3,1,R Ram Arvindh,N Sarangarajan Chaturved,K Easwaran,1,1,0,run,0,,,13/2
1489129,1,3,2,N Sarangarajan Chaturved,R Ram Arvindh,K Easwaran,0,0,0,no run,0,,,13/2
1489129,1,3,3,N Sarangarajan Chaturved,R Ram Arvindh,K Easwaran,4,4,0,four,0,,,17/2
1489129,1,3,4,N Sarangarajan Chaturved,R Ram Arvindh,K Easwaran,0,0,0,no run,0,,,17/2
1489129,1,3,5,N Sarangarajan Chaturved,R Ram Arvindh,K Easwaran,0,0,0,out,1,caught,N Sarangarajan Chaturved,17/3
1489129,1,3,6,Atheeq Ur Rahman,R Ram Arvindh,K Easwaran,0,0,0,no run,0,,,17/3
1489129,1,4,1,R Ram Arvindh,Atheeq Ur Rahman,V Athisayaraj Davidson,4,4,0,four,0,,,21/3
1489129,1,4,2,R Ram Arvindh,Atheeq Ur Rahman,V Athisayaraj Davidson,0,0,0,no run,0,,,21/3
1489129,1,4,3,R Ram Arvindh,Atheeq Ur Rahman,V Athisayaraj Davidson,0,0,0,no run,0,,,21/3
1489129,1,4,4,R Ram Arvindh,Atheeq Ur Rahman,V Athisayaraj Davidson,0,0,0,no run,0,,,21/3
1489129,1,4,5,R Ram Arvindh,Atheeq Ur Rahman,V Athisayaraj Davidson,4,4,0,four,0,,,25/3
1489129,1,4,6,R Ram Arvindh,Atheeq Ur Rahman,V Athisayaraj Davidson,1,1,0,run,0,,,26/3
1489129,1,5,1,R Ram Arvindh,Atheeq Ur Rahman,N Selva Kumaran,0,0,0,no run,0,,,26/3
1489129,1,5,2,R Ram Arvindh,Atheeq Ur Rahman,N Selva Kumaran,0,0,0,no run,0,,,26/3
1489129,1,5,3,R Ram Arvindh,Atheeq Ur Rahman,N Selva Kumaran,0,0,0,no run,0,,,26/3
1489129,1,5,4,R Ram Arvindh,Atheeq Ur Rahman,N Selva Kumaran,1,1,0,run,0,,,27/3
1489129,1,5,5,Atheeq Ur Rahman,R Ram Arvindh,N Selva Kumaran,1,1,0,run,0,,,28/3
1489129,1,5,6,R Ram Arvindh,Atheeq Ur Rahman,N Selva Kumaran,0,0,0,no run,0,,,28/3
1489129,1,6,1,Atheeq Ur Rahman,R Ram Arvindh,P Saravana Kumar,1,1,0,run,0,,,29/3
1489129,1,6,2,R Ram Arvindh,Atheeq Ur Rahman,P Saravana Kumar,0,0,0,out,1,caught,R Ram Arvindh,29/4
1489129,1,6,3,Murugan Ashwin,Atheeq Ur Rahman,P Saravana Kumar,0,0,0,out,1,caught,Murugan Ashwin,29/5
1489129,1,6,4,C Sarath Kumar,Atheeq Ur Rahman,P Saravana Kumar,0,0,0,no run,0,,,29/5
1489129,1,6,5,C Sarath Kumar,Atheeq Ur Rahman,P Saravana Kumar,0,0,0,no run,0,,,29/5
1489129,1,6,6,C Sarath Kumar,Atheeq Ur Rahman,P Saravana Kumar,0,0,0,no run,0,,,29/5
1489129,1,7,1,Atheeq Ur Rahman,C Sarath Kumar,N Selva Kumaran,0,0,0,no run,0,,,29/5
1489129,1,7,2,Atheeq Ur Rahman,C Sarath Kumar,N Selva Kumaran,0,0,0,no run,0,,,29/5
1489129,1,7,3,Atheeq Ur Rahman,C Sarath Kumar,N Selva Kumaran,0,0,0,no run,0,,,29/5
1489129,1,7,4,Atheeq Ur Rahman,C Sarath Kumar,N Selva Kumaran,0,0,0,no run,0,,,29/5
1489129,1,7,5,Atheeq Ur Rahman,C Sarath Kumar,N Selva Kumaran,0,0,0,no run,0,,,29/5
1489129,1,7,6,Atheeq Ur Rahman,C Sarath Kumar,N Selva Kumaran,0,0,0,no run,0,,,29/5
1489129,1,8,1,C Sarath Kumar,Atheeq Ur Rahman,P Saravana Kumar,1,1,0,run,0,,,30/5
1489129,1,8,2,Atheeq Ur Rahman,C Sarath Kumar,P Saravana Kumar,0,0,0,no run,0,,,30/5
1489129,1,8,3,Atheeq Ur Rahman,C Sarath Kumar,P Saravana Kumar,2,2,0,run,0,,,32/5
1489129,1,8,4,Atheeq Ur Rahman,C Sarath Kumar,P Saravana Kumar,0,0,0,no run,0,,,32/5
1489129,1,8,5,Atheeq Ur Rahman,C Sarath Kumar,P Saravana Kumar,1,1,0,run,0,,,33/5
1489129,1,8,6,C Sarath Kumar,Atheeq Ur Rahman,P Saravana Kumar,2,2,0,run,0,,,35/5
1489129,1,9,1,Atheeq Ur Rahman,C Sarath Kumar,N Selva Kumaran,4,4,0,four,0,,,39/5
1489129,1,9,2,Atheeq Ur Rahman,C Sarath Kumar,N Selva Kumaran,6,6,0,six,0,,,45/5
1489129,1,9,3,Atheeq Ur Rahman,C Sarath Kumar,N Selva Kumaran,2,0,2,leg bye,0,,,47/5
1489129,1,9,4,Atheeq Ur Rahman,C Sarath Kumar,N Selva Kumaran,1,1,0,run,0,,,48/5
1489129,1,9,5,C Sarath Kumar,Atheeq Ur Rahman,N Selva Kumaran,0,0,0,no run,0,,,48/5
1489129,1,9,6,C Sarath Kumar,Atheeq Ur Rahman,N Selva Kumaran,1,1,0,run,0,,,49/5
1489129,1,10,1,C Sarath Kumar,Atheeq Ur Rahman,P Saravana Kumar,0,0,0,no run,0,,,49/5
1489129,1,10,2,C Sarath Kumar,Atheeq Ur Rahman,P Saravana Kumar,1,1,0,run,0,,,50/5
1489129,1,10,3,Atheeq Ur Rahman,C Sarath Kumar,P Saravana Kumar,1,1,0,run,0,,,51/5
1489129,1,10,4,C Sarath Kumar,Atheeq Ur Rahman,P Saravana Kumar,1,1,0,run,0,,,52/5
1489129,1,10,5,Atheeq Ur Rahman,C Sarath Kumar,P Saravana Kumar,2,2,0,run,0,,,54/5
1489129,1,10,6,Atheeq Ur Rahman,C Sarath Kumar,P Saravana Kumar,0,0,0,no run,0,,,54/5
1489129,1,11,1,C Sarath Kumar,Atheeq Ur Rahman,Ramsingh  Sanjay Yadav,0,0,0,no run,0,,,54/5
1489129,1,11,2,C Sarath Kumar,Atheeq Ur Rahman,Ramsingh  Sanjay Yadav,6,6,0,six,0,,,60/5
1489129,1,11,3,C Sarath Kumar,Atheeq Ur Rahman,Ramsingh  Sanjay Yadav,0,0,0,no run,0,,,60/5
1489129,1,11,4,C Sarath Kumar,Atheeq Ur Rahman,Ramsingh  Sanjay Yadav,1,1,0,run,0,,,61/5
1489129,1,11,5,Atheeq Ur Rahman,C Sarath Kumar,Ramsingh  Sanjay Yadav,1,1,0,run,0,,,62/5
1489129,1,11,6,C Sarath Kumar,Atheeq Ur Rahman,Ramsingh  Sanjay Yadav,0,0,0,no run,0,,,62/5
1489129,1,12,1,Atheeq Ur Rahman,C Sarath Kumar,R Rajkumar,1,1,0,run,0,,,63/5
1489129,1,12,2,C Sarath Kumar,Atheeq Ur Rahman,R Rajkumar,1,1,0,run,0,,,64/5
1489129,1,12,3,Atheeq Ur Rahman,C Sarath Kumar,R Rajkumar,1,1,0,run,0,,,65/5
1489129,1,12,4,C Sarath Kumar,Atheeq Ur Rahman,R Rajkumar,1,1,0,run,0,,,66/5
1489129,1,12,5,Atheeq Ur Rahman,C Sarath Kumar,R Rajkumar,2,2,0,run,0,,,68/5
1489129,1,12,6,Atheeq Ur Rahman,C Sarath Kumar,R Rajkumar,1,1,0,run,0,,,69/5
1489129,1,13,1,Atheeq Ur Rahman,C Sarath Kumar,Ramsingh  Sanjay Yadav,1,1,0,run,0,,,70/5
1489129,1,13,2,C Sarath Kumar,Atheeq Ur Rahman,Ramsingh  Sanjay Yadav,0,0,0,no run,0,,,70/5
1489129,1,13,3,C Sarath Kumar,Atheeq Ur Rahman,Ramsingh  Sanjay Yadav,2,2,0,run,0,,,72/5
1489129,1,13,4,C Sarath Kumar,Atheeq Ur Rahman,Ramsingh  Sanjay Yadav,0,0,0,no run,0,,,72/5
1489129,1,13,5,C Sarath Kumar,Atheeq Ur Rahman,Ramsingh  Sanjay Yadav,1,1,0,run,0,,,73/5
1489129,1,13,6,Atheeq Ur Rahman,C Sarath Kumar,Ramsingh  Sanjay Yadav,1,1,0,run,0,,,74/5
1489129,1,14,1,Atheeq Ur Rahman,C Sarath Kumar,R Rajkumar,0,0,0,no run,0,,,74/5
1489129,1,14,2,Atheeq Ur Rahman,C Sarath Kumar,R Rajkumar,1,1,0,run,0,,,75/5
1489129,1,14,3,C Sarath Kumar,Atheeq Ur Rahman,R Rajkumar,1,1,0,run,0,,,76/5
1489129,1,14,4,Atheeq Ur Rahman,C Sarath Kumar,R Rajkumar,1,1,0,run,0,,,77/5
1489129,1,14,5,C Sarath Kumar,Atheeq Ur Rahman,R Rajkumar,6,6,0,six,0,,,83/5
1489129,1,14,6,C Sarath Kumar,Atheeq Ur Rahman,R Rajkumar,0,0,0,no run,0,,,83/5
1489129,1,15,1,Atheeq Ur Rahman,C Sarath Kumar,K Easwaran,1,1,0,run,0,,,84/5
1489129,1,15,2,C Sarath Kumar,Atheeq Ur Rahman,K Easwaran,1,1,0,run,0,,,85/5
1489129,1,15,3,Atheeq Ur Rahman,C Sarath Kumar,K Easwaran,0,0,0,out,1,caught,Atheeq Ur Rahman,85/6
1489129,1,15,4,P Saravanan,C Sarath Kumar,K Easwaran,0,0,0,no run,0,,,85/6
1489129,1,15,5,P Saravanan,C Sarath Kumar,K Easwaran,1,1,0,run,0,,,86/6
1489129,1,15,6,C Sarath Kumar,P Saravanan,K Easwaran,0,0,0,no run,0,,,86/6
1489129,1,16,1,P Saravanan,C Sarath Kumar,V Athisayaraj Davidson,4,4,0,four,0,,,90/6
1489129,1,16,2,P Saravanan,C Sarath Kumar,V Athisayaraj Davidson,1,1,0,run,0,,,91/6
1489129,1,16,3,C Sarath Kumar,P Saravanan,V Athisayaraj Davidson,1,1,0,run,0,,,92/6
1489129,1,16,4,P Saravanan,C Sarath Kumar,V Athisayaraj Davidson,0,0,0,no run,0,,,92/6
1489129,1,16,5,P Saravanan,C Sarath Kumar,V Athisayaraj Davidson,0,0,0,no run,0,,,92/6
1489129,1,16,6,P Saravanan,C Sarath Kumar,V Athisayaraj Davidson,2,2,0,run,0,,,94/6
1489129,1,17,1,C Sarath Kumar,P Saravanan,K Easwaran,0,0,0,no run,0,,,94/6
1489129,1,17,2,C Sarath Kumar,P Saravanan,K Easwaran,4,4,0,four,0,,,98/6
1489129,1,17,3,C Sarath Kumar,P Saravanan,K Easwaran,1,1,0,run,0,,,99/6
1489129,1,17,4,P Saravanan,C Sarath Kumar,K Easwaran,1,1,0,run,0,,,100/6
1489129,1,17,5,C Sarath Kumar,P Saravanan,K Easwaran,1,1,0,run,0,,,101/6
1489129,1,17,6,P Saravanan,C Sarath Kumar,K Easwaran,1,1,0,run,0,,,102/6
1489129,1,18,1,P Saravanan,C Sarath Kumar,V Athisayaraj Davidson,4,4,0,four,0,,,106/6
1489129,1,18,2,P Saravanan,C Sarath Kumar,V Athisayaraj Davidson,0,0,0,no run,0,,,106/6
1489129,1,18,3,P Saravanan,C Sarath Kumar,V Athisayaraj Davidson,1,0,1,wide,0,,,107/6
1489129,1,18,4,P Saravanan,C Sarath Kumar,V Athisayaraj Davidson,1,1,0,run,0,,,108/6
1489129,1,18,5,C Sarath Kumar,P Saravanan,V Athisayaraj Davidson,0,0,0,no run,0,,,108/6
1489129,1,18,6,C Sarath Kumar,P Saravanan,V Athisayaraj Davidson,1,1,0,run,0,,,109/6
1489129,1,18,7,P Saravanan,C Sarath Kumar,V Athisayaraj Davidson,2,2,0,run,0,,,111/6
1489129,1,19,1,C Sarath Kumar,P Saravanan,R Rajkumar,1,1,0,run,0,,,112/6
1489129,1,19,2,P Saravanan,C Sarath Kumar,R Rajkumar,0,0,0,out,1,caught,P Saravanan,112/7
1489129,1,19,3,Gurjapneet Singh,C Sarath Kumar,R Rajkumar,0,0,0,no run,0,,,112/7
1489129,1,19,4,Gurjapneet Singh,C Sarath Kumar,R Rajkumar,4,4,0,four,0,,,116/7
1489129,1,19,5,Gurjapneet Singh,C Sarath Kumar,R Rajkumar,0,0,0,no run,0,,,116/7
1489129,1,19,6,Gurjapneet Singh,C Sarath Kumar,R Rajkumar,0,0,0,no run,0,,,116/7
1489129,1,20,1,C Sarath Kumar,Gurjapneet Singh,P Saravana Kumar,0,0,0,no run,0,,,116/7
1489129,1,20,2,C Sarath Kumar,Gurjapneet Singh,P Saravana Kumar,1,1,0,run,0,,,117/7
1489129,1,20,3,Gurjapneet Singh,C Sarath Kumar,P Saravana Kumar,1,1,0,run,0,,,118/7
1489129,1,20,4,C Sarath Kumar,Gurjapneet Singh,P Saravana Kumar,1,1,0,run,0,,,119/7
1489129,1,20,5,Gurjapneet Singh,C Sarath Kumar,P Saravana Kumar,6,6,0,six,0,,,125/7
1489129,1,20,6,Gurjapneet Singh,C Sarath Kumar,P Saravana Kumar,6,6,0,six,0,,,131/7
1489129,2,1,1,Waseem Ahmed,Jayaraman Suresh Kumar,Gurjapneet Singh,1,1,0,run,0,,,1/0
1489129,2,1,2,Jayaraman Suresh Kumar,Waseem Ahmed,Gurjapneet Singh,1,1,0,run,0,,,2/0
1489129,2,1,3,Waseem Ahmed,Jayaraman Suresh Kumar,Gurjapneet Singh,1,1,0,run,0,,,3/0
1489129,2,1,4,Jayaraman Suresh Kumar,Waseem Ahmed,Gurjapneet Singh,0,0,0,no run,0,,,3/0
1489129,2,1,5,Jayaraman Suresh Kumar,Waseem Ahmed,Gurjapneet Singh,4,4,0,four,0,,,7/0
1489129,2,1,6,Jayaraman Suresh Kumar,Waseem Ahmed,Gurjapneet Singh,1,1,0,run,0,,,8/0
1489129,2,2,1,Jayaraman Suresh Kumar,Waseem Ahmed,K Gowtham Thamarai Kannan,1,1,0,run,0,,,9/0
1489129,2,2,2,Waseem Ahmed,Jayaraman Suresh Kumar,K Gowtham Thamarai Kannan,0,0,0,out,1,caught,Waseem Ahmed,9/1
1489129,2,2,3,S Sujay,Jayaraman Suresh Kumar,K Gowtham Thamarai Kannan,0,0,0,no run,0,,,9/1
1489129,2,2,4,S Sujay,Jayaraman Suresh Kumar,K Gowtham Thamarai Kannan,1,0,1,wide,0,,,10/1
1489129,2,2,5,S Sujay,Jayaraman Suresh Kumar,K Gowtham Thamarai Kannan,0,0,0,no run,0,,,10/1
1489129,2,2,6,S Sujay,Jayaraman Suresh Kumar,K Gowtham Thamarai Kannan,1,1,0,run,0,,,11/1
1489129,2,2,7,Jayaraman Suresh Kumar,S Sujay,K Gowtham Thamarai Kannan,0,0,0,no run,0,,,11/1
1489129,2,3,1,S Sujay,Jayaraman Suresh Kumar,Gurjapneet Singh,1,1,0,run,0,,,12/1
1489129,2,3,2,Jayaraman Suresh Kumar,S Sujay,Gurjapneet Singh,0,0,0,no run,0,,,12/1
1489129,2,3,3,Jayaraman Suresh Kumar,S Sujay,Gurjapneet Singh,0,0,0,no run,0,,,12/1
1489129,2,3,4,Jayaraman Suresh Kumar,S Sujay,Gurjapneet Singh,4,4,0,four,0,,,16/1
1489129,2,3,5,Jayaraman Suresh Kumar,S Sujay,Gurjapneet Singh,1,0,1,wide,0,,,17/1
1489129,2,3,6,Jayaraman Suresh Kumar,S Sujay,Gurjapneet Singh,2,2,0,run,0,,,19/1
1489129,2,3,7,Jayaraman Suresh Kumar,S Sujay,Gurjapneet Singh,0,0,0,no run,0,,,19/1
1489129,2,4,1,S Sujay,Jayaraman Suresh Kumar,K Gowtham Thamarai Kannan,1,1,0,run,0,,,20/1
1489129,2,4,2,Jayaraman Suresh Kumar,S Sujay,K Gowtham Thamarai Kannan,1,1,0,run,0,,,21/1
1489129,2,4,3,S Sujay,Jayaraman Suresh Kumar,K Gowtham Thamarai Kannan,0,0,0,no run,0,,,21/1
1489129,2,4,4,S Sujay,Jayaraman Suresh Kumar,K Gowtham Thamarai Kannan,1,1,0,run,0,,,22/1
1489129,2,4,5,Jayaraman Suresh Kumar,S Sujay,K Gowtham Thamarai Kannan,1,0,1,no ball,0,,,23/1
1489129,2,4,6,Jayaraman Suresh Kumar,S Sujay,K Gowtham Thamarai Kannan,0,0,0,no run,0,,,23/1
1489129,2,4,7,Jayaraman Suresh Kumar,S Sujay,K Gowtham Thamarai Kannan,1,1,0,run,0,,,24/1
1489129,2,5,1,Jayaraman Suresh Kumar,S Sujay,S Shankar Ganesh,2,2,0,run,0,,,26/1
1489129,2,5,2,Jayaraman Suresh Kumar,S Sujay,S Shankar Ganesh,4,4,0,four,0,,,30/1
1489129,2,5,3,Jayaraman Suresh Kumar,S Sujay,S Shankar Ganesh,0,0,0,no run,0,,,30/1
1489129,2,5,4,Jayaraman Suresh Kumar,S Sujay,S Shankar Ganesh,1,1,0,run,0,,,31/1
1489129,2,5,5,S Sujay,Jayaraman Suresh Kumar,S Shankar Ganesh,1,1,0,run,0,,,32/1
1489129,2,5,6,Jayaraman Suresh Kumar,S Sujay,S Shankar Ganesh,4,4,0,four,0,,,36/1
1489129,2,6,1,S Sujay,Jayaraman Suresh Kumar,K Gowtham Thamarai Kannan,4,4,0,four,0,,,40/1
1489129,2,6,2,S Sujay,Jayaraman Suresh Kumar,K Gowtham Thamarai Kannan,0,0,0,out,1,caught,S Sujay,40/2
1489129,2,6,3,Jagatheesan Kousik,Jayaraman Suresh Kumar,K Gowtham Thamarai Kannan,2,0,2,leg bye,0,,,42/2
1489129,2,6,4,Jayaraman Suresh Kumar,Jagatheesan Kousik,K Gowtham Thamarai Kannan,0,0,0,no run,0,,,42/2
1489129,2,6,5,Jayaraman Suresh Kumar,Jagatheesan Kousik,K Gowtham Thamarai Kannan,1,1,0,run,0,,,43/2
1489129,2,6,6,Jagatheesan Kousik,Jayaraman Suresh Kumar,K Gowtham Thamarai Kannan,0,0,0,no run,0,,,43/2
1489129,2,6,7,Jagatheesan Kousik,Jayaraman Suresh Kumar,K Gowtham Thamarai Kannan,2,2,0,run,0,,,45/2
1489129,2,7,1,Jayaraman Suresh Kumar,Jagatheesan Kousik,Murugan Ashwin,0,0,0,no run,0,,,45/2
1489129,2,7,2,Jayaraman Suresh Kumar,Jagatheesan Kousik,Murugan Ashwin,4,4,0,four,0,,,49/2
1489129,2,7,3,Jayaraman Suresh Kumar,Jagatheesan Kousik,Murugan Ashwin,1,1,0,run,0,,,50/2
1489129,2,7,4,Jagatheesan Kousik,Jayaraman Suresh Kumar,Murugan Ashwin,0,0,0,no run,0,,,50/2
1489129,2,7,5,Jagatheesan Kousik,Jayaraman Suresh Kumar,Murugan Ashwin,1,1,0,run,0,,,51/2
1489129,2,7,6,Jayaraman Suresh Kumar,Jagatheesan Kousik,Murugan Ashwin,0,0,0,no run,0,,,51/2
1489129,2,8,1,Jagatheesan Kousik,Jayaraman Suresh Kumar,S Shankar Ganesh,1,0,1,wide,0,,,52/2
1489129,2,8,2,Jagatheesan Kousik,Jayaraman Suresh Kumar,S Shankar Ganesh,1,1,0,run,0,,,53/2
1489129,2,8,3,Jayaraman Suresh Kumar,Jagatheesan Kousik,S Shankar Ganesh,0,0,0,no run,0,,,53/2
1489129,2,8,4,Jayaraman Suresh Kumar,Jagatheesan Kousik,S Shankar Ganesh,0,0,0,no run,0,,,53/2
1489129,2,8,5,Jayaraman Suresh Kumar,Jagatheesan Kousik,S Shankar Ganesh,4,4,0,four,0,,,57/2
1489129,2,8,6,Jayaraman Suresh Kumar,Jagatheesan Kousik,S Shankar Ganesh,1,1,0,run,0,,,58/2
1489129,2,8,7,Jagatheesan Kousik,Jayaraman Suresh Kumar,S Shankar Ganesh,1,1,0,run,0,,,59/2
1489129,2,9,1,Jagatheesan Kousik,Jayaraman Suresh Kumar,Murugan Ashwin,0,0,0,no run,0,,,59/2
1489129,2,9,2,Jagatheesan Kousik,Jayaraman Suresh Kumar,Murugan Ashwin,1,1,0,run,0,,,60/2
1489129,2,9,3,Jayaraman Suresh Kumar,Jagatheesan Kousik,Murugan Ashwin,4,4,0,four,0,,,64/2
1489129,2,9,4,Jayaraman Suresh Kumar,Jagatheesan Kousik,Murugan Ashwin,0,0,0,no run,0,,,64/2
1489129,2,9,5,Jayaraman Suresh Kumar,Jagatheesan Kousik,Murugan Ashwin,1,1,0,run,0,,,65/2
1489129,2,9,6,Jagatheesan Kousik,Jayaraman Suresh Kumar,Murugan Ashwin,1,1,0,run,0,,,66/2
1489129,2,10,1,Jagatheesan Kousik,Jayaraman Suresh Kumar,P Saravanan,0,0,0,no run,0,,,66/2
1489129,2,10,2,Jagatheesan Kousik,Jayaraman Suresh Kumar,P Saravanan,1,1,0,run,0,,,67/2
1489129,2,10,3,Jayaraman Suresh Kumar,Jagatheesan Kousik,P Saravanan,1,1,0,run,0,,,68/2
1489129,2,10,4,Jagatheesan Kousik,Jayaraman Suresh Kumar,P Saravanan,0,0,0,no run,0,,,68/2
1489129,2,10,5,Jagatheesan Kousik,Jayaraman Suresh Kumar,P Saravanan,0,0,0,out,1,caught,Jagatheesan Kousik,68/3
1489129,2,10,6,Ramsingh  Sanjay Yadav,Jayaraman Suresh Kumar,P Saravanan,1,1,0,run,0,,,69/3
1489129,2,11,1,Ramsingh  Sanjay Yadav,Jayaraman Suresh Kumar,Karthik Palaniapan Meiyappan,0,0,0,no run,0,,,69/3
1489129,2,11,2,Ramsingh  Sanjay Yadav,Jayaraman Suresh Kumar,Karthik Palaniapan Meiyappan,0,0,0,no run,0,,,69/3
1489129,2,11,3,Ramsingh  Sanjay Yadav,Jayaraman Suresh Kumar,Karthik Palaniapan Meiyappan,1,1,0,run,0,,,70/3
1489129,2,11,4,Jayaraman Suresh Kumar,Ramsingh  Sanjay Yadav,Karthik Palaniapan Meiyappan,1,1,0,run,0,,,71/3
1489129,2,11,5,Ramsingh  Sanjay Yadav,Jayaraman Suresh Kumar,Karthik Palaniapan Meiyappan,1,1,0,run,0,,,72/3
1489129,2,11,6,Jayaraman Suresh Kumar,Ramsingh  Sanjay Yadav,Karthik Palaniapan Meiyappan,0,0,0,out,1,leg before wicket,Jayaraman Suresh Kumar,72/4
1489129,2,12,1,Ramsingh  Sanjay Yadav,U Mukilesh,P Saravanan,1,1,0,run,0,,,73/4
1489129,2,12,2,U Mukilesh,Ramsingh  Sanjay Yadav,P Saravanan,0,0,0,no run,0,,,73/4
1489129,2,12,3,U Mukilesh,Ramsingh  Sanjay Yadav,P Saravanan,0,0,0,no run,0,,,73/4
1489129,2,12,4,U Mukilesh,Ramsingh  Sanjay Yadav,P Saravanan,1,1,0,run,0,,,74/4
1489129,2,12,5,Ramsingh  Sanjay Yadav,U Mukilesh,P Saravanan,1,1,0,run,0,,,75/4
1489129,2,12,6,U Mukilesh,Ramsingh  Sanjay Yadav,P Saravanan,1,1,0,run,0,,,76/4
1489129,2,13,1,U Mukilesh,Ramsingh  Sanjay Yadav,Karthik Palaniapan Meiyappan,0,0,0,no run,0,,,76/4
1489129,2,13,2,U Mukilesh,Ramsingh  Sanjay Yadav,Karthik Palaniapan Meiyappan,1,1,0,run,0,,,77/4
1489129,2,13,3,Ramsingh  Sanjay Yadav,U Mukilesh,Karthik Palaniapan Meiyappan,0,0,0,no run,0,,,77/4
1489129,2,13,4,Ramsingh  Sanjay Yadav,U Mukilesh,Karthik Palaniapan Meiyappan,0,0,0,out,1,caught,Ramsingh  Sanjay Yadav,77/5
1489129,2,13,5,R Rajkumar,U Mukilesh,Karthik Palaniapan Meiyappan,1,1,0,run,0,,,78/5
1489129,2,13,6,U Mukilesh,R Rajkumar,Karthik Palaniapan Meiyappan,0,0,0,no run,0,,,78/5
1489129,2,14,1,R Rajkumar,U Mukilesh,P Saravanan,2,2,0,run,0,,,80/5
1489129,2,14,2,R Rajkumar,U Mukilesh,P Saravanan,4,4,0,four,0,,,84/5
1489129,2,14,3,R Rajkumar,U Mukilesh,P Saravanan,6,6,0,six,0,,,90/5
1489129,2,14,4,R Rajkumar,U Mukilesh,P Saravanan,1,1,0,run,0,,,91/5
1489129,2,14,5,U Mukilesh,R Rajkumar,P Saravanan,2,2,0,run,0,,,93/5
1489129,2,14,6,U Mukilesh,R Rajkumar,P Saravanan,1,1,0,run,0,,,94/5
1489129,2,15,1,U Mukilesh,R Rajkumar,Karthik Palaniapan Meiyappan,0,0,0,no run,0,,,94/5
1489129,2,15,2,U Mukilesh,R Rajkumar,Karthik Palaniapan Meiyappan,1,1,0,run,0,,,95/5
1489129,2,15,3,R Rajkumar,U Mukilesh,Karthik Palaniapan Meiyappan,1,1,0,run,0,,,96/5
1489129,2,15,4,U Mukilesh,R Rajkumar,Karthik Palaniapan Meiyappan,0,0,0,no run,0,,,96/5
1489129,2,15,5,U Mukilesh,R Rajkumar,Karthik Palaniapan Meiyappan,0,0,0,no run,0,,,96/5
1489129,2,15,6,U Mukilesh,R Rajkumar,Karthik Palaniapan Meiyappan,1,1,0,run,0,,,97/5
1489129,2,16,1,U Mukilesh,R Rajkumar,Gurjapneet Singh,0,0,0,no run,0,,,97/5
1489129,2,16,2,U Mukilesh,R Rajkumar,Gurjapneet Singh,0,0,0,out,1,caught,U Mukilesh,97/6
1489129,2,16,3,Jafar Jamal,R Rajkumar,Gurjapneet Singh,1,1,0,run,0,,,98/6
1489129,2,16,4,R Rajkumar,Jafar Jamal,Gurjapneet Singh,0,0,0,no run,0,,,98/6
1489129,2,16,5,R Rajkumar,Jafar Jamal,Gurjapneet Singh,1,1,0,run,0,,,99/6
1489129,2,16,6,Jafar Jamal,R Rajkumar,Gurjapneet Singh,0,0,0,no run,0,,,99/6
1489129,2,17,1,R Rajkumar,Jafar Jamal,Karthik Palaniapan Meiyappan,0,0,0,no run,0,,,99/6
1489129,2,17,2,R Rajkumar,Jafar Jamal,Karthik Palaniapan Meiyappan,6,6,0,six,0,,,105/6
1489129,2,17,3,R Rajkumar,Jafar Jamal,Karthik Palaniapan Meiyappan,6,6,0,six,0,,,111/6
1489129,2,17,4,R Rajkumar,Jafar Jamal,Karthik Palaniapan Meiyappan,2,2,0,run,0,,,113/6
1489129,2,17,5,R Rajkumar,Jafar Jamal,Karthik Palaniapan Meiyappan,1,1,0,run,0,,,114/6
1489129,2,17,6,Jafar Jamal,R Rajkumar,Karthik Palaniapan Meiyappan,1,1,0,run,0,,,115/6
1489129,2,18,1,Jafar Jamal,R Rajkumar,S Shankar Ganesh,4,4,0,four,0,,,119/6
1489129,2,18,2,Jafar Jamal,R Rajkumar,S Shankar Ganesh,4,4,0,four,0,,,123/6
1489129,2,18,3,Jafar Jamal,R Rajkumar,S Shankar Ganesh,0,0,0,no run,0,,,123/6
1489129,2,18,4,Jafar Jamal,R Rajkumar,S Shankar Ganesh,1,0,1,wide,0,,,124/6
1489129,2,18,5,Jafar Jamal,R Rajkumar,S Shankar Ganesh,1,1,0,run,0,,,125/6
1489129,2,18,6,R Rajkumar,Jafar Jamal,S Shankar Ganesh,6,6,0,six,0,,,131/6
1489129,2,18,7,R Rajkumar,Jafar Jamal,S Shankar Ganesh,0,0,0,no run,0,,,131/6
1489129,2,19,1,Jafar Jamal,R Rajkumar,Gurjapneet Singh,6,6,0,six,0,,,137/6
1489130,1,1,1,D Santhosh Kumar,Konda Bhaskir Arun Karthik,Sankarankutty Sandeep Warrier,0,0,0,no run,0,,,0/0
1489130,1,1,2,D Santhosh Kumar,Konda Bhaskir Arun Karthik,Sankarankutty Sandeep Warrier,1,1,0,run,0,,,1/0
1489130,1,1,3,Konda Bhaskir Arun Karthik,D Santhosh Kumar,Sankarankutty Sandeep Warrier,1,1,0,run,0,,,2/0
1489130,1,1,4,D Santhosh Kumar,Konda Bhaskir Arun Karthik,Sankarankutty Sandeep Warrier,2,2,0,run,0,,,4/0
1489130,1,1,5,D Santhosh Kumar,Konda Bhaskir Arun Karthik,Sankarankutty Sandeep Warrier,1,1,0,run,0,,,5/0
1489130,1,1,6,Konda Bhaskir Arun Karthik,D Santhosh Kumar,Sankarankutty Sandeep Warrier,0,0,0,no run,0,,,5/0
1489130,1,2,1,D Santhosh Kumar,Konda Bhaskir Arun Karthik,Ganeshan Periyaswamy,4,4,0,four,0,,,9/0
1489130,1,2,2,D Santhosh Kumar,Konda Bhaskir Arun Karthik,Ganeshan Periyaswamy,1,0,1,leg bye,0,,,10/0
1489130,1,2,3,Konda Bhaskir Arun Karthik,D Santhosh Kumar,Ganeshan Periyaswamy,0,0,0,no run,0,,,10/0
1489130,1,2,4,Konda Bhaskir Arun Karthik,D Santhosh Kumar,Ganeshan Periyaswamy,0,0,0,no run,0,,,10/0
1489130,1,2,5,Konda Bhaskir Arun Karthik,D Santhosh Kumar,Ganeshan Periyaswamy,4,4,0,four,0,,,14/0
1489130,1,2,6,Konda Bhaskir Arun Karthik,D Santhosh Kumar,Ganeshan Periyaswamy,0,0,0,out,1,caught,Konda Bhaskir Arun Karthik,14/1
1489130,1,3,1,D Santhosh Kumar,Athish SR,Sankarankutty Sandeep Warrier,1,1,0,run,0,,,15/1
1489130,1,3,2,Athish SR,D Santhosh Kumar,Sankarankutty Sandeep Warrier,0,0,0,no run,0,,,15/1
1489130,1,3,3,Athish SR,D Santhosh Kumar,Sankarankutty Sandeep Warrier,1,1,0,run,0,,,16/1
1489130,1,3,4,D Santhosh Kumar,Athish SR,Sankarankutty Sandeep Warrier,6,6,0,six,0,,,22/1
1489130,1,3,5,D Santhosh Kumar,Athish SR,Sankarankutty Sandeep Warrier,1,1,0,run,0,,,23/1
1489130,1,3,6,Athish SR,D Santhosh Kumar,Sankarankutty Sandeep Warrier,0,0,0,no run,0,,,23/1
1489130,1,4,1,D Santhosh Kumar,Athish SR,Ravichandran Ashwin,1,1,0,run,0,,,24/1
1489130,1,4,2,Athish SR,D Santhosh Kumar,Ravichandran Ashwin,1,0,1,leg bye,0,,,25/1
1489130,1,4,3,D Santhosh Kumar,Athish SR,Ravichandran Ashwin,1,1,0,run,0,,,26/1
1489130,1,4,4,Athish SR,D Santhosh Kumar,Ravichandran Ashwin,1,1,0,run,0,,,27/1
1489130,1,4,5,D Santhosh Kumar,Athish SR,Ravichandran Ashwin,0,0,0,no run,0,,,27/1
1489130,1,4,6,D Santhosh Kumar,Athish SR,Ravichandran Ashwin,1,1,0,run,0,,,28/1
1489130,1,5,1,D Santhosh Kumar,Athish SR,Varun Chakravarthy Vinod,1,1,0,run,0,,,29/1
1489130,1,5,2,Athish SR,D Santhosh Kumar,Varun Chakravarthy Vinod,0,0,0,no run,0,,,29/1
1489130,1,5,3,Athish SR,D Santhosh Kumar,Varun Chakravarthy Vinod,1,1,0,run,0,,,30/1
1489130,1,5,4,D Santhosh Kumar,Athish SR,Varun Chakravarthy Vinod,0,0,0,no run,0,,,30/1
1489130,1,5,5,D Santhosh Kumar,Athish SR,Varun Chakravarthy Vinod,0,0,0,no run,0,,,30/1
1489130,1,5,6,D Santhosh Kumar,Athish SR,Varun Chakravarthy Vinod,1,1,0,run,0,,,31/1
1489130,1,6,1,D Santhosh Kumar,Athish SR,Ravichandran Ashwin,4,4,0,four,0,,,35/1
1489130,1,6,2,D Santhosh Kumar,Athish SR,Ravichandran Ashwin,1,1,0,run,0,,,36/1
1489130,1,6,3,Athish SR,D Santhosh Kumar,Ravichandran Ashwin,1,1,0,run,0,,,37/1
1489130,1,6,4,D Santhosh Kumar,Athish SR,Ravichandran Ashwin,0,0,0,out,1,stumped,D Santhosh Kumar,37/2
1489130,1,6,5,PS Nirmal Kumar,Athish SR,Ravichandran Ashwin,0,0,0,no run,0,,,37/2
1489130,1,6,6,PS Nirmal Kumar,Athish SR,Ravichandran Ashwin,0,0,0,no run,0,,,37/2
1489130,1,7,1,Athish SR,PS Nirmal Kumar,M Karthik Saran,1,1,0,run,0,,,38/2
1489130,1,7,2,PS Nirmal Kumar,Athish SR,M Karthik Saran,1,1,0,run,0,,,39/2
1489130,1,7,3,Athish SR,PS Nirmal Kumar,M Karthik Saran,1,1,0,run,0,,,40/2
1489130,1,7,4,PS Nirmal Kumar,Athish SR,M Karthik Saran,1,1,0,run,0,,,41/2
1489130,1,7,5,Athish SR,PS Nirmal Kumar,M Karthik Saran,0,0,0,no run,0,,,41/2
1489130,1,7,6,Athish SR,PS Nirmal Kumar,M Karthik Saran,2,2,0,run,0,,,43/2
1489130,1,8,1,PS Nirmal Kumar,Athish SR,DT Chandrasekar,4,4,0,four,0,,,47/2
1489130,1,8,2,PS Nirmal Kumar,Athish SR,DT Chandrasekar,1,1,0,run,0,,,48/2
1489130,1,8,3,Athish SR,PS Nirmal Kumar,DT Chandrasekar,4,4,0,four,0,,,52/2
1489130,1,8,4,Athish SR,PS Nirmal Kumar,DT Chandrasekar,1,1,0,run,0,,,53/2
1489130,1,8,5,PS Nirmal Kumar,Athish SR,DT Chandrasekar,1,1,0,run,0,,,54/2
1489130,1,8,6,Athish SR,PS Nirmal Kumar,DT Chandrasekar,6,6,0,six,0,,,60/2
1489130,1,9,1,PS Nirmal Kumar,Athish SR,Varun Chakravarthy Vinod,4,4,0,four,0,,,64/2
1489130,1,9,2,PS Nirmal Kumar,Athish SR,Varun Chakravarthy Vinod,0,0,0,no run,0,,,64/2
1489130,1,9,3,PS Nirmal Kumar,Athish SR,Varun Chakravarthy Vinod,1,1,0,run,0,,,65/2
1489130,1,9,4,Athish SR,PS Nirmal Kumar,Varun Chakravarthy Vinod,0,0,0,out,1,stumped,Athish SR,65/3
1489130,1,9,5,S Rithik Easwaran,PS Nirmal Kumar,Varun Chakravarthy Vinod,0,0,0,no run,0,,,65/3
1489130,1,9,6,S Rithik Easwaran,PS Nirmal Kumar,Varun Chakravarthy Vinod,0,0,0,out,1,caught,S Rithik Easwaran,65/4
1489130,1,10,1,PS Nirmal Kumar,Ramsingh Sonu Yadav,DT Chandrasekar,0,0,0,no run,0,,,65/4
1489130,1,10,2,PS Nirmal Kumar,Ramsingh Sonu Yadav,DT Chandrasekar,1,1,0,run,0,,,66/4
1489130,1,10,3,Ramsingh Sonu Yadav,PS Nirmal Kumar,DT Chandrasekar,1,0,1,bye,0,,,67/4
1489130,1,10,4,PS Nirmal Kumar,Ramsingh Sonu Yadav,DT Chandrasekar,0,0,0,no run,0,,,67/4
1489130,1,10,5,PS Nirmal Kumar,Ramsingh Sonu Yadav,DT Chandrasekar,1,1,0,run,0,,,68/4
1489130,1,10,6,Ramsingh Sonu Yadav,PS Nirmal Kumar,DT Chandrasekar,2,2,0,run,0,,,70/4
1489130,1,11,1,PS Nirmal Kumar,Ramsingh Sonu Yadav,Ganeshan Periyaswamy,0,0,0,no run,0,,,70/4
1489130,1,11,2,PS Nirmal Kumar,Ramsingh Sonu Yadav,Ganeshan Periyaswamy,1,1,0,run,0,,,71/4
1489130,1,11,3,Ramsingh Sonu Yadav,PS Nirmal Kumar,Ganeshan Periyaswamy,1,0,1,wide,0,,,72/4
1489130,1,11,4,Ramsingh Sonu Yadav,PS Nirmal Kumar,Ganeshan Periyaswamy,1,1,0,run,0,,,73/4
1489130,1,11,5,PS Nirmal Kumar,Ramsingh Sonu Yadav,Ganeshan Periyaswamy,0,0,0,out,1,caught,PS Nirmal Kumar,73/5
1489130,1,11,6,Muhammed Adnan Khan,Ramsingh Sonu Yadav,Ganeshan Periyaswamy,1,1,0,run,0,,,74/5
1489130,1,11,7,Ramsingh Sonu Yadav,Muhammed Adnan Khan,Ganeshan Periyaswamy,0,0,0,no run,0,,,74/5
1489130,1,12,1,Muhammed Adnan Khan,Ramsingh Sonu Yadav,DT Chandrasekar,0,0,0,no run,0,,,74/5
1489130,1,12,2,Muhammed Adnan Khan,Ramsingh Sonu Yadav,DT Chandrasekar,6,6,0,six,0,,,80/5
1489130,1,12,3,Muhammed Adnan Khan,Ramsingh Sonu Yadav,DT Chandrasekar,4,4,0,four,0,,,84/5
1489130,1,12,4,Muhammed Adnan Khan,Ramsingh Sonu Yadav,DT Chandrasekar,0,0,0,no run,0,,,84/5
1489130,1,12,5,Muhammed Adnan Khan,Ramsingh Sonu Yadav,DT Chandrasekar,0,0,0,no run,0,,,84/5
1489130,1,12,6,Muhammed Adnan Khan,Ramsingh Sonu Yadav,DT Chandrasekar,1,1,0,run,0,,,85/5
1489130,1,13,1,Muhammed Adnan Khan,Ramsingh Sonu Yadav,Varun Chakravarthy Vinod,0,0,0,no run,0,,,85/5
1489130,1,13,2,Muhammed Adnan Khan,Ramsingh Sonu Yadav,Varun Chakravarthy Vinod,6,6,0,six,0,,,91/5
1489130,1,13,3,Muhammed Adnan Khan,Ramsingh Sonu Yadav,Varun Chakravarthy Vinod,1,0,1,wide,0,,,92/5
1489130,1,13,4,Muhammed Adnan Khan,Ramsingh Sonu Yadav,Varun Chakravarthy Vinod,1,1,0,run,0,,,93/5
1489130,1,13,5,Ramsingh Sonu Yadav,Muhammed Adnan Khan,Varun Chakravarthy Vinod,1,1,0,run,0,,,94/5
1489130,1,13,6,Muhammed Adnan Khan,Ramsingh Sonu Yadav,Varun Chakravarthy Vinod,0,0,0,no run,0,,,94/5
1489130,1,13,7,Muhammed Adnan Khan,Ramsingh Sonu Yadav,Varun Chakravarthy Vinod,1,1,0,run,0,,,95/5
1489130,1,14,1,Muhammed Adnan Khan,Ramsingh Sonu Yadav,Ravichandran Ashwin,1,1,0,run,0,,,96/5
1489130,1,14,2,Ramsingh Sonu Yadav,Muhammed Adnan Khan,Ravichandran Ashwin,1,1,0,run,0,,,97/5
1489130,1,14,3,Muhammed Adnan Khan,Ramsingh Sonu Yadav,Ravichandran Ashwin,1,1,0,run,0,,,98/5
1489130,1,14,4,Ramsingh Sonu Yadav,Muhammed Adnan Khan,Ravichandran Ashwin,1,1,0,run,0,,,99/5
1489130,1,14,5,Muhammed Adnan Khan,Ramsingh Sonu Yadav,Ravichandran Ashwin,0,0,0,out,1,caught,Muhammed Adnan Khan,99/6
1489130,1,14,6,NS Harish,Ramsingh Sonu Yadav,Ravichandran Ashwin,0,0,0,no run,0,,,99/6
1489130,1,15,1,Ramsingh Sonu Yadav,NS Harish,Sankarankutty Sandeep Warrier,1,1,0,run,0,,,100/6
1489130,1,15,2,NS Harish,Ramsingh Sonu Yadav,Sankarankutty Sandeep Warrier,0,0,0,no run,0,,,100/6
1489130,1,15,3,NS Harish,Ramsingh Sonu Yadav,Sankarankutty Sandeep Warrier,0,0,0,no run,0,,,100/6
1489130,1,15,4,NS Harish,Ramsingh Sonu Yadav,Sankarankutty Sandeep Warrier,2,2,0,run,0,,,102/6
1489130,1,15,5,NS Harish,Ramsingh Sonu Yadav,Sankarankutty Sandeep Warrier,4,4,0,four,0,,,106/6
1489130,1,15,6,NS Harish,Ramsingh Sonu Yadav,Sankarankutty Sandeep Warrier,4,4,0,four,0,,,110/6
1489130,1,16,1,Ramsingh Sonu Yadav,NS Harish,Ganeshan Periyaswamy,1,1,0,run,0,,,111/6
1489130,1,16,2,NS Harish,Ramsingh Sonu Yadav,Ganeshan Periyaswamy,1,0,1,wide,0,,,112/6
1489130,1,16,3,NS Harish,Ramsingh Sonu Yadav,Ganeshan Periyaswamy,6,6,0,six,0,,,118/6
1489130,1,16,4,NS Harish,Ramsingh Sonu Yadav,Ganeshan Periyaswamy,2,2,0,run,0,,,120/6
1489130,1,16,5,NS Harish,Ramsingh Sonu Yadav,Ganeshan Periyaswamy,4,4,0,four,0,,,124/6
1489130,1,16,6,NS Harish,Ramsingh Sonu Yadav,Ganeshan Periyaswamy,1,1,0,run,0,,,125/6
1489130,1,16,7,Ramsingh Sonu Yadav,NS Harish,Ganeshan Periyaswamy,1,1,0,run,0,,,126/6
1489130,1,17,1,Ramsingh Sonu Yadav,NS Harish,Varun Chakravarthy Vinod,1,1,0,run,0,,,127/6
1489130,1,17,2,NS Harish,Ramsingh Sonu Yadav,Varun Chakravarthy Vinod,1,1,0,run,0,,,128/6
1489130,1,17,3,Ramsingh Sonu Yadav,NS Harish,Varun Chakravarthy Vinod,0,0,0,no run,0,,,128/6
1489130,1,17,4,Ramsingh Sonu Yadav,NS Harish,Varun Chakravarthy Vinod,1,1,0,run,0,,,129/6
1489130,1,17,5,NS Harish,Ramsingh Sonu Yadav,Varun Chakravarthy Vinod,6,6,0,six,0,,,135/6
1489130,1,17,6,NS Harish,Ramsingh Sonu Yadav,Varun Chakravarthy Vinod,0,0,0,no run,0,,,135/6
1489130,1,18,1,Ramsingh Sonu Yadav,NS Harish,Ravichandran Ashwin,2,2,0,run,0,,,137/6
1489130,1,18,2,Ramsingh Sonu Yadav,NS Harish,Ravichandran Ashwin,4,4,0,four,0,,,141/6
1489130,1,18,3,Ramsingh Sonu Yadav,NS Harish,Ravichandran Ashwin,1,0,1,wide,0,,,142/6
1489130,1,18,4,Ramsingh Sonu Yadav,NS Harish,Ravichandran Ashwin,0,0,0,no run,0,,,142/6
1489130,1,18,5,Ramsingh Sonu Yadav,NS Harish,Ravichandran Ashwin,0,0,0,no run,0,,,142/6
1489130,1,18,6,Ramsingh Sonu Yadav,NS Harish,Ravichandran Ashwin,1,1,0,run,0,,,143/6
1489130,1,18,7,NS Harish,Ramsingh Sonu Yadav,Ravichandran Ashwin,1,1,0,run,0,,,144/6
1489130,1,19,1,NS Harish,Ramsingh Sonu Yadav,Ganeshan Periyaswamy,6,6,0,six,0,,,150/6
1489130,1,19,2,NS Harish,Ramsingh Sonu Yadav,Ganeshan Periyaswamy,0,0,0,no run,0,,,150/6
1489130,1,19,3,NS Harish,Ramsingh Sonu Yadav,Ganeshan Periyaswamy,1,1,0,run,0,,,151/6
1489130,1,19,4,Ramsingh Sonu Yadav,NS Harish,Ganeshan Periyaswamy,6,6,0,six,0,,,157/6
1489130,1,19,5,Ramsingh Sonu Yadav,NS Harish,Ganeshan Periyaswamy,0,0,0,no run,0,,,157/6
1489130,1,19,6,Ramsingh Sonu Yadav,NS Harish,Ganeshan Periyaswamy,4,4,0,four,0,,,161/6
1489130,1,20,1,NS Harish,Ramsingh Sonu Yadav,Sankarankutty Sandeep Warrier,1,1,0,run,0,,,162/6
1489130,1,20,2,Ramsingh Sonu Yadav,NS Harish,Sankarankutty Sandeep Warrier,6,6,0,six,0,,,168/6
1489130,1,20,3,Ramsingh Sonu Yadav,NS Harish,Sankarankutty Sandeep Warrier,4,4,0,four,0,,,172/6
1489130,1,20,4,Ramsingh Sonu Yadav,NS Harish,Sankarankutty Sandeep Warrier,1,0,1,wide,0,,,173/6
1489130,1,20,5,Ramsingh Sonu Yadav,NS Harish,Sankarankutty Sandeep Warrier,1,1,0,run,0,,,174/6
1489130,1,20,6,NS Harish,Ramsingh Sonu Yadav,Sankarankutty Sandeep Warrier,4,4,0,four,0,,,178/6
1489130,1,20,7,NS Harish,Ramsingh Sonu Yadav,Sankarankutty Sandeep Warrier,1,0,1,bye,0,,,179/6
1489130,2,1,1,Ravichandran Ashwin,Shivam Singh,Emmanuel Cherian,1,0,1,leg bye,0,,,1/0
1489130,2,1,2,Shivam Singh,Ravichandran Ashwin,Emmanuel Cherian,0,0,0,no run,0,,,1/0
1489130,2,1,3,Shivam Singh,Ravichandran Ashwin,Emmanuel Cherian,0,0,0,no run,0,,,1/0
1489130,2,1,4,Shivam Singh,Ravichandran Ashwin,Emmanuel Cherian,1,1,0,run,0,,,2/0
1489130,2,1,5,Ravichandran Ashwin,Shivam Singh,Emmanuel Cherian,4,4,0,four,0,,,6/0
1489130,2,1,6,Ravichandran Ashwin,Shivam Singh,Emmanuel Cherian,1,1,0,run,0,,,7/0
1489130,2,2,1,Ravichandran Ashwin,Shivam Singh,Ramsingh Sonu Yadav,0,0,0,no run,0,,,7/0
1489130,2,2,2,Ravichandran Ashwin,Shivam Singh,Ramsingh Sonu Yadav,0,0,0,out,1,caught,Ravichandran Ashwin,7/1
1489130,2,2,3,Baba Indrajith,Shivam Singh,Ramsingh Sonu Yadav,0,0,0,no run,0,,,7/1
1489130,2,2,4,Baba Indrajith,Shivam Singh,Ramsingh Sonu Yadav,0,0,0,no run,0,,,7/1
1489130,2,2,5,Baba Indrajith,Shivam Singh,Ramsingh Sonu Yadav,2,2,0,run,0,,,9/1
1489130,2,2,6,Baba Indrajith,Shivam Singh,Ramsingh Sonu Yadav,1,1,0,run,0,,,10/1
1489130,2,3,1,Baba Indrajith,Shivam Singh,Emmanuel Cherian,0,0,0,no run,0,,,10/1
1489130,2,3,2,Baba Indrajith,Shivam Singh,Emmanuel Cherian,0,0,0,no run,0,,,10/1
1489130,2,3,3,Baba Indrajith,Shivam Singh,Emmanuel Cherian,0,0,0,no run,0,,,10/1
1489130,2,3,4,Baba Indrajith,Shivam Singh,Emmanuel Cherian,0,0,0,no run,0,,,10/1
1489130,2,3,5,Baba Indrajith,Shivam Singh,Emmanuel Cherian,1,0,1,leg bye,0,,,11/1
1489130,2,3,6,Shivam Singh,Baba Indrajith,Emmanuel Cherian,0,0,0,no run,0,,,11/1
1489130,2,4,1,Baba Indrajith,Shivam Singh,Rocky Bhasker,4,4,0,four,0,,,15/1
1489130,2,4,2,Baba Indrajith,Shivam Singh,Rocky Bhasker,4,4,0,four,0,,,19/1
1489130,2,4,3,Baba Indrajith,Shivam Singh,Rocky Bhasker,0,0,0,no run,0,,,19/1
1489130,2,4,4,Baba Indrajith,Shivam Singh,Rocky Bhasker,4,4,0,four,0,,,23/1
1489130,2,4,5,Baba Indrajith,Shivam Singh,Rocky Bhasker,0,0,0,out,1,caught,Baba Indrajith,23/2
1489130,2,4,6,Maan K Bafna,Shivam Singh,Rocky Bhasker,4,4,0,four,0,,,27/2
1489130,2,5,1,Shivam Singh,Maan K Bafna,Emmanuel Cherian,1,1,0,run,0,,,28/2
1489130,2,5,2,Maan K Bafna,Shivam Singh,Emmanuel Cherian,4,4,0,four,0,,,32/2
1489130,2,5,3,Maan K Bafna,Shivam Singh,Emmanuel Cherian,0,0,0,no run,0,,,32/2
1489130,2,5,4,Maan K Bafna,Shivam Singh,Emmanuel Cherian,1,1,0,run,0,,,33/2
1489130,2,5,5,Shivam Singh,Maan K Bafna,Emmanuel Cherian,0,0,0,no run,0,,,33/2
1489130,2,5,6,Shivam Singh,Maan K Bafna,Emmanuel Cherian,0,0,0,out,1,bowled,Shivam Singh,33/3
1489130,2,6,1,Maan K Bafna,R Vimal Khumar,Ramsingh Sonu Yadav,0,0,0,no run,0,,,33/3
1489130,2,6,2,Maan K Bafna,R Vimal Khumar,Ramsingh Sonu Yadav,1,1,0,run,0,,,34/3
1489130,2,6,3,R Vimal Khumar,Maan K Bafna,Ramsingh Sonu Yadav,1,1,0,run,0,,,35/3
1489130,2,6,4,Maan K Bafna,R Vimal Khumar,Ramsingh Sonu Yadav,1,1,0,run,0,,,36/3
1489130,2,6,5,R Vimal Khumar,Maan K Bafna,Ramsingh Sonu Yadav,1,1,0,run,0,,,37/3
1489130,2,6,6,Maan K Bafna,R Vimal Khumar,Ramsingh Sonu Yadav,0,0,0,no run,0,,,37/3
1489130,2,7,1,R Vimal Khumar,Maan K Bafna,Emmanuel Cherian,1,1,0,run,0,,,38/3
1489130,2,7,2,Maan K Bafna,R Vimal Khumar,Emmanuel Cherian,1,1,0,run,0,,,39/3
1489130,2,7,3,R Vimal Khumar,Maan K Bafna,Emmanuel Cherian,0,0,0,no run,0,,,39/3
1489130,2,7,4,R Vimal Khumar,Maan K Bafna,Emmanuel Cherian,2,2,0,run,0,,,41/3
1489130,2,7,5,R Vimal Khumar,Maan K Bafna,Emmanuel Cherian,2,2,0,run,0,,,43/3
1489130,2,7,6,R Vimal Khumar,Maan K Bafna,Emmanuel Cherian,1,1,0,run,0,,,44/3
1489130,2,8,1,R Vimal Khumar,Maan K Bafna,Rocky Bhasker,1,0,1,leg bye,0,,,45/3
1489130,2,8,2,Maan K Bafna,R Vimal Khumar,Rocky Bhasker,1,1,0,run,0,,,46/3
1489130,2,8,3,R Vimal Khumar,Maan K Bafna,Rocky Bhasker,1,1,0,run,0,,,47/3
1489130,2,8,4,Maan K Bafna,R Vimal Khumar,Rocky Bhasker,0,0,0,no run,0,,,47/3
1489130,2,8,5,Maan K Bafna,R Vimal Khumar,Rocky Bhasker,1,1,0,run,0,,,48/3
1489130,2,8,6,R Vimal Khumar,Maan K Bafna,Rocky Bhasker,0,0,0,no run,0,,,48/3
1489130,2,9,1,Maan K Bafna,R Vimal Khumar,Ajay K Krishna,0,0,0,no run,0,,,48/3
1489130,2,9,2,Maan K Bafna,R Vimal Khumar,Ajay K Krishna,4,4,0,four,0,,,52/3
1489130,2,9,3,Maan K Bafna,R Vimal Khumar,Ajay K Krishna,0,0,0,no run,0,,,52/3
1489130,2,9,4,Maan K Bafna,R Vimal Khumar,Ajay K Krishna,4,4,0,four,0,,,56/3
1489130,2,9,5,Maan K Bafna,R Vimal Khumar,Ajay K Krishna,1,1,0,run,0,,,57/3
1489130,2,9,6,R Vimal Khumar,Maan K Bafna,Ajay K Krishna,1,1,0,run,0,,,58/3
1489130,2,10,1,R Vimal Khumar,Maan K Bafna,Rocky Bhasker,0,0,0,no run,0,,,58/3
1489130,2,10,2,R Vimal Khumar,Maan K Bafna,Rocky Bhasker,6,6,0,six,0,,,64/3
1489130,2,10,3,R Vimal Khumar,Maan K Bafna,Rocky Bhasker,0,0,0,no run,0,,,64/3
1489130,2,10,4,R Vimal Khumar,Maan K Bafna,Rocky Bhasker,1,1,0,run,0,,,65/3
1489130,2,10,5,Maan K Bafna,R Vimal Khumar,Rocky Bhasker,0,0,0,no run,0,,,65/3
1489130,2,10,6,Maan K Bafna,R Vimal Khumar,Rocky Bhasker,2,2,0,run,0,,,67/3
1489130,2,11,1,R Vimal Khumar,Maan K Bafna,Sachin Rathi,1,1,0,run,0,,,68/3
1489130,2,11,2,Maan K Bafna,R Vimal Khumar,Sachin Rathi,1,1,0,run,0,,,69/3
1489130,2,11,3,R Vimal Khumar,Maan K Bafna,Sachin Rathi,1,1,0,run,0,,,70/3
1489130,2,11,4,Maan K Bafna,R Vimal Khumar,Sachin Rathi,1,1,0,run,0,,,71/3
1489130,2,11,5,R Vimal Khumar,Maan K Bafna,Sachin Rathi,1,1,0,run,0,,,72/3
1489130,2,11,6,Maan K Bafna,R Vimal Khumar,Sachin Rathi,1,1,0,run,0,,,73/3
1489130,2,12,1,Maan K Bafna,R Vimal Khumar,PS Nirmal Kumar,6,6,0,six,0,,,79/3
1489130,2,12,2,Maan K Bafna,R Vimal Khumar,PS Nirmal Kumar,1,1,0,run,0,,,80/3
1489130,2,12,3,R Vimal Khumar,Maan K Bafna,PS Nirmal Kumar,4,4,0,four,0,,,84/3
1489130,2,12,4,R Vimal Khumar,Maan K Bafna,PS Nirmal Kumar,0,0,0,no run,0,,,84/3
1489130,2,12,5,R Vimal Khumar,Maan K Bafna,PS Nirmal Kumar,2,2,0,run,0,,,86/3
1489130,2,12,6,R Vimal Khumar,Maan K Bafna,PS Nirmal Kumar,0,0,0,no run,0,,,86/3
1489130,2,13,1,Maan K Bafna,R Vimal Khumar,Sachin Rathi,1,1,0,run,0,,,87/3
1489130,2,13,2,R Vimal Khumar,Maan K Bafna,Sachin Rathi,1,1,0,run,0,,,88/3
1489130,2,13,3,Maan K Bafna,R Vimal Khumar,Sachin Rathi,1,1,0,run,0,,,89/3
1489130,2,13,4,R Vimal Khumar,Maan K Bafna,Sachin Rathi,1,1,0,run,0,,,90/3
1489130,2,13,5,Maan K Bafna,R Vimal Khumar,Sachin Rathi,1,1,0,run,0,,,91/3
1489130,2,13,6,R Vimal Khumar,Maan K Bafna,Sachin Rathi,1,0,1,wide,0,,,92/3
1489130,2,13,7,R Vimal Khumar,Maan K Bafna,Sachin Rathi,2,2,0,run,0,,,94/3
1489130,2,14,1,Maan K Bafna,R Vimal Khumar,Ajay K Krishna,0,0,0,out,1,bowled,Maan K Bafna,94/4
1489130,2,14,2,Hunny Saini,R Vimal Khumar,Ajay K Krishna,0,0,0,no run,0,,,94/4
1489130,2,14,3,Hunny Saini,R Vimal Khumar,Ajay K Krishna,4,4,0,four,0,,,98/4
1489130,2,14,4,Hunny Saini,R Vimal Khumar,Ajay K Krishna,1,0,1,wide,0,,,99/4
1489130,2,14,5,Hunny Saini,R Vimal Khumar,Ajay K Krishna,1,1,0,run,0,,,100/4
1489130,2,14,6,R Vimal Khumar,Hunny Saini,Ajay K Krishna,4,4,0,four,0,,,104/4
1489130,2,14,7,R Vimal Khumar,Hunny Saini,Ajay K Krishna,4,4,0,four,0,,,108/4
1489130,2,15,1,Hunny Saini,R Vimal Khumar,Sachin Rathi,2,2,0,run,0,,,110/4
1489130,2,15,2,Hunny Saini,R Vimal Khumar,Sachin Rathi,6,6,0,six,0,,,116/4
1489130,2,15,3,Hunny Saini,R Vimal Khumar,Sachin Rathi,1,1,0,run,0,,,117/4
1489130,2,15,4,R Vimal Khumar,Hunny Saini,Sachin Rathi,4,4,0,four,0,,,121/4
1489130,2,15,5,R Vimal Khumar,Hunny Saini,Sachin Rathi,2,2,0,run,0,,,123/4
1489130,2,15,6,R Vimal Khumar,Hunny Saini,Sachin Rathi,1,1,0,run,0,,,124/4
1489130,2,16,1,R Vimal Khumar,Hunny Saini,Rocky Bhasker,0,0,0,out,1,caught,R Vimal Khumar,124/5
1489130,2,16,2,Dinesh H,Hunny Saini,Rocky Bhasker,1,1,0,run,0,,,125/5
1489130,2,16,3,Hunny Saini,Dinesh H,Rocky Bhasker,4,4,0,four,0,,,129/5
1489130,2,16,4,Hunny Saini,Dinesh H,Rocky Bhasker,4,4,0,four,0,,,133/5
1489130,2,16,5,Hunny Saini,Dinesh H,Rocky Bhasker,1,1,0,run,0,,,134/5
1489130,2,16,6,Dinesh H,Hunny Saini,Rocky Bhasker,1,1,0,run,0,,,135/5
1489130,2,17,1,Dinesh H,Hunny Saini,Ramsingh Sonu Yadav,1,0,1,leg bye,0,,,136/5
1489130,2,17,2,Hunny Saini,Dinesh H,Ramsingh Sonu Yadav,1,0,1,wide,0,,,137/5
1489130,2,17,3,Hunny Saini,Dinesh H,Ramsingh Sonu Yadav,7,6,1,six,0,,,144/5
1489130,2,17,4,Hunny Saini,Dinesh H,Ramsingh Sonu Yadav,6,6,0,six,0,,,150/5
1489130,2,17,5,Hunny Saini,Dinesh H,Ramsingh Sonu Yadav,0,0,0,no run,0,,,150/5
1489130,2,17,6,Hunny Saini,Dinesh H,Ramsingh Sonu Yadav,1,1,0,run,0,,,151/5
1489130,2,17,7,Dinesh H,Hunny Saini,Ramsingh Sonu Yadav,1,1,0,run,0,,,152/5
1489130,2,17,8,Hunny Saini,Dinesh H,Ramsingh Sonu Yadav,1,1,0,run,1,run out,Hunny Saini,153/6
1489130,2,18,1,Dinesh H,M Karthik Saran,Sachin Rathi,2,2,0,run,0,,,155/6
1489130,2,18,2,Dinesh H,M Karthik Saran,Sachin Rathi,1,1,0,run,0,,,156/6
1489130,2,18,3,M Karthik Saran,Dinesh H,Sachin Rathi,6,6,0,six,0,,,162/6
1489130,2,18,4,M Karthik Saran,Dinesh H,Sachin Rathi,4,4,0,four,0,,,166/6
1489130,2,18,5,M Karthik Saran,Dinesh H,Sachin Rathi,1,1,0,run,0,,,167/6
1489130,2,18,6,Dinesh H,M Karthik Saran,Sachin Rathi,1,1,0,run,0,,,168/6
1489130,2,19,1,Dinesh H,M Karthik Saran,Ramsingh Sonu Yadav,1,0,1,wide,0,,,169/6
1489130,2,19,2,Dinesh H,M Karthik Saran,Ramsingh Sonu Yadav,1,0,1,leg bye,0,,,170/6
1489130,2,19,3,Dinesh H,M Karthik Saran,Ramsingh Sonu Yadav,4,4,0,four,0,,,174/6
1489130,2,19,4,Dinesh H,M Karthik Saran,Ramsingh Sonu Yadav,4,4,0,four,0,,,178/6
1489130,2,19,5,Dinesh H,M Karthik Saran,Ramsingh Sonu Yadav,2,2,0,run,0,,,180/6
1489131,1,1,1,R Ram Arvindh,Balchander Anirudh,Abhishek Baljeetsingh Tanwar,0,0,0,no run,0,,,0/0
1489131,1,1,2,R Ram Arvindh,Balchander Anirudh,Abhishek Baljeetsingh Tanwar,0,0,0,no run,0,,,0/0
1489131,1,1,3,R Ram Arvindh,Balchander Anirudh,Abhishek Baljeetsingh Tanwar,0,0,0,no run,0,,,0/0
1489131,1,1,4,R Ram Arvindh,Balchander Anirudh,Abhishek Baljeetsingh Tanwar,0,0,0,no run,0,,,0/0
1489131,1,1,5,R Ram Arvindh,Balchander Anirudh,Abhishek Baljeetsingh Tanwar,0,0,0,out,1,caught,R Ram Arvindh,0/1
1489131,1,1,6,N Sarangarajan Chaturved,Balchander Anirudh,Abhishek Baljeetsingh Tanwar,1,1,0,run,0,,,1/1
1489131,1,2,1,N Sarangarajan Chaturved,Balchander Anirudh,S Rohith Suthar,1,1,0,run,0,,,2/1
1489131,1,2,2,Balchander Anirudh,N Sarangarajan Chaturved,S Rohith Suthar,1,1,0,run,0,,,3/1
1489131,1,2,3,N Sarangarajan Chaturved,Balchander Anirudh,S Rohith Suthar,4,4,0,four,0,,,7/1
1489131,1,2,4,N Sarangarajan Chaturved,Balchander Anirudh,S Rohith Suthar,1,1,0,run,0,,,8/1
1489131,1,2,5,Balchander Anirudh,N Sarangarajan Chaturved,S Rohith Suthar,1,1,0,run,0,,,9/1
1489131,1,2,6,N Sarangarajan Chaturved,Balchander Anirudh,S Rohith Suthar,1,1,0,run,0,,,10/1
1489131,1,3,1,N Sarangarajan Chaturved,Balchander Anirudh,Abhishek Baljeetsingh Tanwar,2,2,0,run,0,,,12/1
1489131,1,3,2,N Sarangarajan Chaturved,Balchander Anirudh,Abhishek Baljeetsingh Tanwar,1,1,0,run,0,,,13/1
1489131,1,3,3,Balchander Anirudh,N Sarangarajan Chaturved,Abhishek Baljeetsingh Tanwar,1,1,0,run,0,,,14/1
1489131,1,3,4,N Sarangarajan Chaturved,Balchander Anirudh,Abhishek Baljeetsingh Tanwar,4,4,0,four,0,,,18/1
1489131,1,3,5,N Sarangarajan Chaturved,Balchander Anirudh,Abhishek Baljeetsingh Tanwar,1,0,1,leg bye,0,,,19/1
1489131,1,3,6,Balchander Anirudh,N Sarangarajan Chaturved,Abhishek Baljeetsingh Tanwar,1,1,0,run,0,,,20/1
1489131,1,4,1,Balchander Anirudh,N Sarangarajan Chaturved,Vijay Shankar,0,0,0,out,1,caught,Balchander Anirudh,20/2
1489131,1,4,2,Atheeq Ur Rahman,N Sarangarajan Chaturved,Vijay Shankar,0,0,0,no run,0,,,20/2
1489131,1,4,3,Atheeq Ur Rahman,N Sarangarajan Chaturved,Vijay Shankar,4,4,0,four,0,,,24/2
1489131,1,4,4,Atheeq Ur Rahman,N Sarangarajan Chaturved,Vijay Shankar,4,4,0,four,0,,,28/2
1489131,1,4,5,Atheeq Ur Rahman,N Sarangarajan Chaturved,Vijay Shankar,1,1,0,run,0,,,29/2
1489131,1,4,6,N Sarangarajan Chaturved,Atheeq Ur Rahman,Vijay Shankar,1,1,0,run,0,,,30/2
1489131,1,5,1,N Sarangarajan Chaturved,Atheeq Ur Rahman,Swapnil Singh,1,1,0,run,0,,,31/2
1489131,1,5,2,Atheeq Ur Rahman,N Sarangarajan Chaturved,Swapnil Singh,4,4,0,four,0,,,35/2
1489131,1,5,3,Atheeq Ur Rahman,N Sarangarajan Chaturved,Swapnil Singh,1,0,1,leg bye,0,,,36/2
1489131,1,5,4,N Sarangarajan Chaturved,Atheeq Ur Rahman,Swapnil Singh,6,6,0,six,0,,,42/2
1489131,1,5,5,N Sarangarajan Chaturved,Atheeq Ur Rahman,Swapnil Singh,4,4,0,four,0,,,46/2
1489131,1,5,6,N Sarangarajan Chaturved,Atheeq Ur Rahman,Swapnil Singh,1,1,0,run,0,,,47/2
1489131,1,6,1,N Sarangarajan Chaturved,Atheeq Ur Rahman,J Prem Kumar,1,1,0,run,0,,,48/2
1489131,1,6,2,Atheeq Ur Rahman,N Sarangarajan Chaturved,J Prem Kumar,1,1,0,run,0,,,49/2
1489131,1,6,3,N Sarangarajan Chaturved,Atheeq Ur Rahman,J Prem Kumar,1,1,0,run,0,,,50/2
1489131,1,6,4,Atheeq Ur Rahman,N Sarangarajan Chaturved,J Prem Kumar,6,6,0,six,0,,,56/2
1489131,1,6,5,Atheeq Ur Rahman,N Sarangarajan Chaturved,J Prem Kumar,4,4,0,four,0,,,60/2
1489131,1,6,6,Atheeq Ur Rahman,N Sarangarajan Chaturved,J Prem Kumar,0,0,0,no run,0,,,60/2
1489131,1,7,1,N Sarangarajan Chaturved,Atheeq Ur Rahman,M Silambarasan,1,1,0,run,0,,,61/2
1489131,1,7,2,Atheeq Ur Rahman,N Sarangarajan Chaturved,M Silambarasan,2,2,0,run,0,,,63/2
1489131,1,7,3,Atheeq Ur Rahman,N Sarangarajan Chaturved,M Silambarasan,1,1,0,run,0,,,64/2
1489131,1,7,4,N Sarangarajan Chaturved,Atheeq Ur Rahman,M Silambarasan,0,0,0,out,1,bowled,N Sarangarajan Chaturved,64/3
1489131,1,7,5,C Sarath Kumar,Atheeq Ur Rahman,M Silambarasan,0,0,0,no run,0,,,64/3
1489131,1,7,6,C Sarath Kumar,Atheeq Ur Rahman,M Silambarasan,0,0,0,no run,0,,,64/3
1489131,1,8,1,Atheeq Ur Rahman,C Sarath Kumar,J Prem Kumar,0,0,0,no run,0,,,64/3
1489131,1,8,2,Atheeq Ur Rahman,C Sarath Kumar,J Prem Kumar,1,1,0,run,0,,,65/3
1489131,1,8,3,C Sarath Kumar,Atheeq Ur Rahman,J Prem Kumar,0,0,0,no run,0,,,65/3
1489131,1,8,4,C Sarath Kumar,Atheeq Ur Rahman,J Prem Kumar,0,0,0,no run,0,,,65/3
1489131,1,8,5,C Sarath Kumar,Atheeq Ur Rahman,J Prem Kumar,0,0,0,no run,0,,,65/3
1489131,1,8,6,C Sarath Kumar,Atheeq Ur Rahman,J Prem Kumar,0,0,0,no run,0,,,65/3
1489131,1,9,1,Atheeq Ur Rahman,C Sarath Kumar,M Silambarasan,1,1,0,run,0,,,66/3
1489131,1,9,2,C Sarath Kumar,Atheeq Ur Rahman,M Silambarasan,1,1,0,run,0,,,67/3
1489131,1,9,3,Atheeq Ur Rahman,C Sarath Kumar,M Silambarasan,1,1,0,run,0,,,68/3
1489131,1,9,4,C Sarath Kumar,Atheeq Ur Rahman,M Silambarasan,0,0,0,out,1,bowled,C Sarath Kumar,68/4
1489131,1,9,5,Murugan Ashwin,Atheeq Ur Rahman,M Silambarasan,0,0,0,no run,0,,,68/4
1489131,1,9,6,Murugan Ashwin,Atheeq Ur Rahman,M Silambarasan,0,0,0,no run,0,,,68/4
1489131,1,10,1,Atheeq Ur Rahman,Murugan Ashwin,Vijay Shankar,0,0,0,no run,0,,,68/4
1489131,1,10,2,Atheeq Ur Rahman,Murugan Ashwin,Vijay Shankar,1,1,0,run,0,,,69/4
1489131,1,10,3,Murugan Ashwin,Atheeq Ur Rahman,Vijay Shankar,0,0,0,no run,0,,,69/4
1489131,1,10,4,Murugan Ashwin,Atheeq Ur Rahman,Vijay Shankar,0,0,0,no run,0,,,69/4
1489131,1,10,5,Murugan Ashwin,Atheeq Ur Rahman,Vijay Shankar,0,0,0,no run,0,,,69/4
1489131,1,10,6,Murugan Ashwin,Atheeq Ur Rahman,Vijay Shankar,1,1,0,run,0,,,70/4
1489131,1,11,1,Murugan Ashwin,Atheeq Ur Rahman,M Silambarasan,1,1,0,run,0,,,71/4
1489131,1,11,2,Atheeq Ur Rahman,Murugan Ashwin,M Silambarasan,1,1,0,run,0,,,72/4
1489131,1,11,3,Murugan Ashwin,Atheeq Ur Rahman,M Silambarasan,1,1,0,run,0,,,73/4
1489131,1,11,4,Atheeq Ur Rahman,Murugan Ashwin,M Silambarasan,1,0,1,bye,0,,,74/4
1489131,1,11,5,Murugan Ashwin,Atheeq Ur Rahman,M Silambarasan,0,0,0,no run,0,,,74/4
1489131,1,11,6,Murugan Ashwin,Atheeq Ur Rahman,M Silambarasan,0,0,0,no run,0,,,74/4
1489131,1,12,1,Atheeq Ur Rahman,Murugan Ashwin,Vijay Shankar,0,0,0,no run,0,,,74/4
1489131,1,12,2,Atheeq Ur Rahman,Murugan Ashwin,Vijay Shankar,1,1,0,run,0,,,75/4
1489131,1,12,3,Murugan Ashwin,Atheeq Ur Rahman,Vijay Shankar,1,1,0,run,0,,,76/4
1489131,1,12,4,Atheeq Ur Rahman,Murugan Ashwin,Vijay Shankar,1,1,0,run,0,,,77/4
1489131,1,12,5,Murugan Ashwin,Atheeq Ur Rahman,Vijay Shankar,0,0,0,no run,0,,,77/4
1489131,1,12,6,Murugan Ashwin,Atheeq Ur Rahman,Vijay Shankar,1,1,0,run,0,,,78/4
1489131,1,13,1,Murugan Ashwin,Atheeq Ur Rahman,M Silambarasan,1,1,0,run,0,,,79/4
1489131,1,13,2,Atheeq Ur Rahman,Murugan Ashwin,M Silambarasan,1,1,0,run,0,,,80/4
1489131,1,13,3,Murugan Ashwin,Atheeq Ur Rahman,M Silambarasan,1,1,0,run,0,,,81/4
1489131,1,13,4,Atheeq Ur Rahman,Murugan Ashwin,M Silambarasan,1,1,0,run,0,,,82/4
1489131,1,13,5,Murugan Ashwin,Atheeq Ur Rahman,M Silambarasan,1,1,0,run,0,,,83/4
1489131,1,13,6,Atheeq Ur Rahman,Murugan Ashwin,M Silambarasan,4,4,0,four,0,,,87/4
1489131,1,14,1,Murugan Ashwin,Atheeq Ur Rahman,S Rohith Suthar,1,1,0,run,0,,,88/4
1489131,1,14,2,Atheeq Ur Rahman,Murugan Ashwin,S Rohith Suthar,1,1,0,run,0,,,89/4
1489131,1,14,3,Murugan Ashwin,Atheeq Ur Rahman,S Rohith Suthar,1,1,0,run,0,,,90/4
1489131,1,14,4,Atheeq Ur Rahman,Murugan Ashwin,S Rohith Suthar,0,0,0,out,1,caught,Atheeq Ur Rahman,90/5
1489131,1,14,5,P Saravanan,Murugan Ashwin,S Rohith Suthar,1,1,0,run,0,,,91/5
1489131,1,14,6,Murugan Ashwin,P Saravanan,S Rohith Suthar,1,0,1,wide,0,,,92/5
1489131,1,14,7,Murugan Ashwin,P Saravanan,S Rohith Suthar,1,1,0,run,0,,,93/5
1489131,1,15,1,Murugan Ashwin,P Saravanan,J Prem Kumar,6,6,0,six,0,,,99/5
1489131,1,15,2,Murugan Ashwin,P Saravanan,J Prem Kumar,0,0,0,no run,0,,,99/5
1489131,1,15,3,Murugan Ashwin,P Saravanan,J Prem Kumar,1,1,0,run,0,,,100/5
1489131,1,15,4,P Saravanan,Murugan Ashwin,J Prem Kumar,0,0,0,no run,0,,,100/5
1489131,1,15,5,P Saravanan,Murugan Ashwin,J Prem Kumar,1,1,0,run,0,,,101/5
1489131,1,15,6,Murugan Ashwin,P Saravanan,J Prem Kumar,1,1,0,run,0,,,102/5
1489131,1,16,1,Murugan Ashwin,P Saravanan,S Rohith Suthar,6,6,0,six,0,,,108/5
1489131,1,16,2,Murugan Ashwin,P Saravanan,S Rohith Suthar,1,1,0,run,0,,,109/5
1489131,1,16,3,P Saravanan,Murugan Ashwin,S Rohith Suthar,1,1,0,run,0,,,110/5
1489131,1,16,4,Murugan Ashwin,P Saravanan,S Rohith Suthar,1,1,0,run,0,,,111/5
1489131,1,16,5,P Saravanan,Murugan Ashwin,S Rohith Suthar,1,1,0,run,0,,,112/5
1489131,1,16,6,Murugan Ashwin,P Saravanan,S Rohith Suthar,1,1,0,run,0,,,113/5
1489131,1,17,1,Murugan Ashwin,P Saravanan,J Prem Kumar,1,1,0,run,0,,,114/5
1489131,1,17,2,P Saravanan,Murugan Ashwin,J Prem Kumar,4,4,0,four,0,,,118/5
1489131,1,17,3,P Saravanan,Murugan Ashwin,J Prem Kumar,1,1,0,run,0,,,119/5
1489131,1,17,4,Murugan Ashwin,P Saravanan,J Prem Kumar,0,0,0,no run,0,,,119/5
1489131,1,17,5,Murugan Ashwin,P Saravanan,J Prem Kumar,1,1,0,run,0,,,120/5
1489131,1,17,6,P Saravanan,Murugan Ashwin,J Prem Kumar,2,2,0,run,0,,,122/5
1489131,1,18,1,Murugan Ashwin,P Saravanan,Abhishek Baljeetsingh Tanwar,1,1,0,run,0,,,123/5
1489131,1,18,2,P Saravanan,Murugan Ashwin,Abhishek Baljeetsingh Tanwar,1,1,0,run,0,,,124/5
1489131,1,18,3,Murugan Ashwin,P Saravanan,Abhishek Baljeetsingh Tanwar,6,6,0,six,0,,,130/5
1489131,1,18,4,Murugan Ashwin,P Saravanan,Abhishek Baljeetsingh Tanwar,1,1,0,run,0,,,131/5
1489131,1,18,5,P Saravanan,Murugan Ashwin,Abhishek Baljeetsingh Tanwar,0,0,0,no run,0,,,131/5
1489131,1,18,6,P Saravanan,Murugan Ashwin,Abhishek Baljeetsingh Tanwar,1,1,0,run,0,,,132/5
1489131,1,19,1,P Saravanan,Murugan Ashwin,Vijay Shankar,6,6,0,six,0,,,138/5
1489131,1,19,2,P Saravanan,Murugan Ashwin,Vijay Shankar,0,0,0,no run,0,,,138/5
1489131,1,19,3,P Saravanan,Murugan Ashwin,Vijay Shankar,1,1,0,run,0,,,139/5
1489131,1,19,4,Murugan Ashwin,P Saravanan,Vijay Shankar,0,0,0,out,1,caught,Murugan Ashwin,139/6
1489131,1,19,5,Gurjapneet Singh,P Saravanan,Vijay Shankar,1,0,1,leg bye,0,,,140/6
1489131,1,19,6,P Saravanan,Gurjapneet Singh,Vijay Shankar,0,0,0,out,1,bowled,P Saravanan,140/7
1489131,1,20,1,Gurjapneet Singh,Karthik Palaniapan Meiyappan,Abhishek Baljeetsingh Tanwar,0,0,0,no run,0,,,140/7
1489131,1,20,2,Gurjapneet Singh,Karthik Palaniapan Meiyappan,Abhishek Baljeetsingh Tanwar,1,1,0,run,0,,,141/7
1489131,1,20,3,Karthik Palaniapan Meiyappan,Gurjapneet Singh,Abhishek Baljeetsingh Tanwar,1,1,0,run,0,,,142/7
1489131,1,20,4,Gurjapneet Singh,Karthik Palaniapan Meiyappan,Abhishek Baljeetsingh Tanwar,4,4,0,four,0,,,146/7
1489131,1,20,5,Gurjapneet Singh,Karthik Palaniapan Meiyappan,Abhishek Baljeetsingh Tanwar,6,6,0,six,0,,,152/7
1489131,1,20,6,Gurjapneet Singh,Karthik Palaniapan Meiyappan,Abhishek Baljeetsingh Tanwar,4,4,0,four,0,,,156/7
1489131,2,1,1,K Aashiq,RS Mokit Hariharan,Gurjapneet Singh,1,1,0,run,0,,,1/0
1489131,2,1,2,RS Mokit Hariharan,K Aashiq,Gurjapneet Singh,0,0,0,no run,0,,,1/0
1489131,2,1,3,RS Mokit Hariharan,K Aashiq,Gurjapneet Singh,0,0,0,no run,0,,,1/0
1489131,2,1,4,RS Mokit Hariharan,K Aashiq,Gurjapneet Singh,0,0,0,no run,0,,,1/0
1489131,2,1,5,RS Mokit Hariharan,K Aashiq,Gurjapneet Singh,0,0,0,no run,0,,,1/0
1489131,2,1,6,RS Mokit Hariharan,K Aashiq,Gurjapneet Singh,0,0,0,no run,0,,,1/0
1489131,2,2,1,K Aashiq,RS Mokit Hariharan,K Gowtham Thamarai Kannan,0,0,0,no run,0,,,1/0
1489131,2,2,2,K Aashiq,RS Mokit Hariharan,K Gowtham Thamarai Kannan,1,1,0,run,0,,,2/0
1489131,2,2,3,RS Mokit Hariharan,K Aashiq,K Gowtham Thamarai Kannan,0,0,0,no run,0,,,2/0
1489131,2,2,4,RS Mokit Hariharan,K Aashiq,K Gowtham Thamarai Kannan,1,1,0,run,0,,,3/0
1489131,2,2,5,K Aashiq,RS Mokit Hariharan,K Gowtham Thamarai Kannan,0,0,0,no run,0,,,3/0
1489131,2,2,6,K Aashiq,RS Mokit Hariharan,K Gowtham Thamarai Kannan,1,1,0,run,0,,,4/0
1489131,2,3,1,K Aashiq,RS Mokit Hariharan,Gurjapneet Singh,0,0,0,no run,0,,,4/0
1489131,2,3,2,K Aashiq,RS Mokit Hariharan,Gurjapneet Singh,2,2,0,run,0,,,6/0
1489131,2,3,3,K Aashiq,RS Mokit Hariharan,Gurjapneet Singh,0,0,0,no run,0,,,6/0
1489131,2,3,4,K Aashiq,RS Mokit Hariharan,Gurjapneet Singh,1,1,0,run,0,,,7/0
1489131,2,3,5,RS Mokit Hariharan,K Aashiq,Gurjapneet Singh,0,0,0,no run,0,,,7/0
1489131,2,3,6,RS Mokit Hariharan,K Aashiq,Gurjapneet Singh,1,1,0,run,0,,,8/0
1489131,2,4,1,RS Mokit Hariharan,K Aashiq,K Gowtham Thamarai Kannan,1,1,0,run,0,,,9/0
1489131,2,4,2,K Aashiq,RS Mokit Hariharan,K Gowtham Thamarai Kannan,0,0,0,no run,0,,,9/0
1489131,2,4,3,K Aashiq,RS Mokit Hariharan,K Gowtham Thamarai Kannan,1,1,0,run,0,,,10/0
1489131,2,4,4,RS Mokit Hariharan,K Aashiq,K Gowtham Thamarai Kannan,4,4,0,four,0,,,14/0
1489131,2,4,5,RS Mokit Hariharan,K Aashiq,K Gowtham Thamarai Kannan,1,1,0,run,0,,,15/0
1489131,2,4,6,K Aashiq,RS Mokit Hariharan,K Gowtham Thamarai Kannan,6,6,0,six,0,,,21/0
1489131,2,5,1,RS Mokit Hariharan,K Aashiq,Surya Anand S,1,1,0,run,0,,,22/0
1489131,2,5,2,K Aashiq,RS Mokit Hariharan,Surya Anand S,1,1,0,run,0,,,23/0
1489131,2,5,3,RS Mokit Hariharan,K Aashiq,Surya Anand S,5,4,1,four,0,,,28/0
1489131,2,5,4,RS Mokit Hariharan,K Aashiq,Surya Anand S,0,0,0,no run,0,,,28/0
1489131,2,5,5,RS Mokit Hariharan,K Aashiq,Surya Anand S,4,4,0,four,0,,,32/0
1489131,2,5,6,RS Mokit Hariharan,K Aashiq,Surya Anand S,0,0,0,out,1,caught,RS Mokit Hariharan,32/1
1489131,2,5,7,Baba Aparajith,K Aashiq,Surya Anand S,1,1,0,run,0,,,33/1
1489131,2,6,1,Baba Aparajith,K Aashiq,K Gowtham Thamarai Kannan,4,4,0,four,0,,,37/1
1489131,2,6,2,Baba Aparajith,K Aashiq,K Gowtham Thamarai Kannan,0,0,0,no run,0,,,37/1
1489131,2,6,3,Baba Aparajith,K Aashiq,K Gowtham Thamarai Kannan,1,1,0,run,0,,,38/1
1489131,2,6,4,K Aashiq,Baba Aparajith,K Gowtham Thamarai Kannan,0,0,0,no run,0,,,38/1
1489131,2,6,5,K Aashiq,Baba Aparajith,K Gowtham Thamarai Kannan,4,4,0,four,0,,,42/1
1489131,2,6,6,K Aashiq,Baba Aparajith,K Gowtham Thamarai Kannan,4,4,0,four,0,,,46/1
1489131,2,7,1,Baba Aparajith,K Aashiq,M Ayush,1,0,1,wide,0,,,47/1
1489131,2,7,2,Baba Aparajith,K Aashiq,M Ayush,6,6,0,six,0,,,53/1
1489131,2,7,3,Baba Aparajith,K Aashiq,M Ayush,1,0,1,wide,0,,,54/1
1489131,2,7,4,Baba Aparajith,K Aashiq,M Ayush,0,0,0,no run,0,,,54/1
1489131,2,7,5,Baba Aparajith,K Aashiq,M Ayush,1,0,1,wide,0,,,55/1
1489131,2,7,6,Baba Aparajith,K Aashiq,M Ayush,1,1,0,run,0,,,56/1
1489131,2,7,7,K Aashiq,Baba Aparajith,M Ayush,0,0,0,out,1,caught,K Aashiq,56/2
1489131,2,7,8,Vijay Shankar,Baba Aparajith,M Ayush,1,1,0,run,0,,,57/2
1489131,2,7,9,Baba Aparajith,Vijay Shankar,M Ayush,6,6,0,six,0,,,63/2
1489131,2,8,1,Vijay Shankar,Baba Aparajith,Surya Anand S,0,0,0,no run,0,,,63/2
1489131,2,8,2,Vijay Shankar,Baba Aparajith,Surya Anand S,1,1,0,run,0,,,64/2
1489131,2,8,3,Baba Aparajith,Vijay Shankar,Surya Anand S,1,1,0,run,0,,,65/2
1489131,2,8,4,Vijay Shankar,Baba Aparajith,Surya Anand S,0,0,0,no run,0,,,65/2
1489131,2,8,5,Vijay Shankar,Baba Aparajith,Surya Anand S,1,1,0,run,0,,,66/2
1489131,2,8,6,Baba Aparajith,Vijay Shankar,Surya Anand S,0,0,0,no run,0,,,66/2
1489131,2,9,1,Vijay Shankar,Baba Aparajith,M Ayush,1,1,0,run,0,,,67/2
1489131,2,9,2,Baba Aparajith,Vijay Shankar,M Ayush,0,0,0,no run,0,,,67/2
1489131,2,9,3,Baba Aparajith,Vijay Shankar,M Ayush,0,0,0,out,1,caught,Baba Aparajith,67/3
1489131,2,9,4,Narayan Jagadeesan,Vijay Shankar,M Ayush,1,1,0,run,0,,,68/3
1489131,2,9,5,Vijay Shankar,Narayan Jagadeesan,M Ayush,1,1,0,run,0,,,69/3
1489131,2,9,6,Narayan Jagadeesan,Vijay Shankar,M Ayush,0,0,0,no run,0,,,69/3
1489131,2,10,1,Vijay Shankar,Narayan Jagadeesan,Murugan Ashwin,1,1,0,run,0,,,70/3
1489131,2,10,2,Narayan Jagadeesan,Vijay Shankar,Murugan Ashwin,1,1,0,run,0,,,71/3
1489131,2,10,3,Vijay Shankar,Narayan Jagadeesan,Murugan Ashwin,1,1,0,run,0,,,72/3
1489131,2,10,4,Narayan Jagadeesan,Vijay Shankar,Murugan Ashwin,1,1,0,run,0,,,73/3
1489131,2,10,5,Vijay Shankar,Narayan Jagadeesan,Murugan Ashwin,1,1,0,run,0,,,74/3
1489131,2,10,6,Narayan Jagadeesan,Vijay Shankar,Murugan Ashwin,0,0,0,no run,0,,,74/3
1489131,2,11,1,Vijay Shankar,Narayan Jagadeesan,P Saravanan,1,1,0,run,0,,,75/3
1489131,2,11,2,Narayan Jagadeesan,Vijay Shankar,P Saravanan,1,0,1,wide,0,,,76/3
1489131,2,11,3,Narayan Jagadeesan,Vijay Shankar,P Saravanan,2,2,0,run,0,,,78/3
1489131,2,11,4,Narayan Jagadeesan,Vijay Shankar,P Saravanan,1,1,0,run,0,,,79/3
1489131,2,11,5,Vijay Shankar,Narayan Jagadeesan,P Saravanan,6,6,0,six,0,,,85/3
1489131,2,11,6,Vijay Shankar,Narayan Jagadeesan,P Saravanan,4,4,0,four,0,,,89/3
1489131,2,11,7,Vijay Shankar,Narayan Jagadeesan,P Saravanan,2,2,0,run,0,,,91/3
1489131,2,12,1,Narayan Jagadeesan,Vijay Shankar,Murugan Ashwin,6,6,0,six,0,,,97/3
1489131,2,12,2,Narayan Jagadeesan,Vijay Shankar,Murugan Ashwin,6,6,0,six,0,,,103/3
1489131,2,12,3,Narayan Jagadeesan,Vijay Shankar,Murugan Ashwin,0,0,0,out,1,caught,Narayan Jagadeesan,103/4
1489131,2,12,4,Swapnil Singh,Vijay Shankar,Murugan Ashwin,0,0,0,no run,0,,,103/4
1489131,2,12,5,Swapnil Singh,Vijay Shankar,Murugan Ashwin,0,0,0,no run,0,,,103/4
1489131,2,12,6,Swapnil Singh,Vijay Shankar,Murugan Ashwin,1,0,1,wide,0,,,104/4
1489131,2,12,7,Swapnil Singh,Vijay Shankar,Murugan Ashwin,1,1,0,run,0,,,105/4
1489131,2,13,1,Swapnil Singh,Vijay Shankar,Gurjapneet Singh,1,1,0,run,0,,,106/4
1489131,2,13,2,Vijay Shankar,Swapnil Singh,Gurjapneet Singh,2,2,0,run,0,,,108/4
1489131,2,13,3,Vijay Shankar,Swapnil Singh,Gurjapneet Singh,4,4,0,four,0,,,112/4
1489131,2,13,4,Vijay Shankar,Swapnil Singh,Gurjapneet Singh,1,1,0,run,0,,,113/4
1489131,2,13,5,Swapnil Singh,Vijay Shankar,Gurjapneet Singh,1,1,0,run,0,,,114/4
1489132,1,1,1,C Andre Siddarth,Suresh Lokeshwar,Dev Rahul,0,0,0,no run,0,,,0/0
1489132,1,1,2,C Andre Siddarth,Suresh Lokeshwar,Dev Rahul,0,0,0,no run,0,,,0/0
1489132,1,1,3,C Andre Siddarth,Suresh Lokeshwar,Dev Rahul,0,0,0,out,1,caught,C Andre Siddarth,0/1
1489132,1,1,4,Balasubramaniam Sachin,Suresh Lokeshwar,Dev Rahul,1,1,0,run,0,,,1/1
1489132,1,1,5,Suresh Lokeshwar,Balasubramaniam Sachin,Dev Rahul,0,0,0,no run,0,,,1/1
1489132,1,1,6,Suresh Lokeshwar,Balasubramaniam Sachin,Dev Rahul,0,0,0,no run,0,,,1/1
1489132,1,2,1,Balasubramaniam Sachin,Suresh Lokeshwar,Sunny Sandhu,4,4,0,four,0,,,5/1
1489132,1,2,2,Balasubramaniam Sachin,Suresh Lokeshwar,Sunny Sandhu,0,0,0,no run,0,,,5/1
1489132,1,2,3,Balasubramaniam Sachin,Suresh Lokeshwar,Sunny Sandhu,0,0,0,no run,0,,,5/1
1489132,1,2,4,Balasubramaniam Sachin,Suresh Lokeshwar,Sunny Sandhu,2,2,0,run,0,,,7/1
1489132,1,2,5,Balasubramaniam Sachin,Suresh Lokeshwar,Sunny Sandhu,6,6,0,six,0,,,13/1
1489132,1,2,6,Balasubramaniam Sachin,Suresh Lokeshwar,Sunny Sandhu,0,0,0,no run,0,,,13/1
1489132,1,3,1,Suresh Lokeshwar,Balasubramaniam Sachin,Dev Rahul,0,0,0,no run,0,,,13/1
1489132,1,3,2,Suresh Lokeshwar,Balasubramaniam Sachin,Dev Rahul,1,1,0,run,0,,,14/1
1489132,1,3,3,Balasubramaniam Sachin,Suresh Lokeshwar,Dev Rahul,0,0,0,no run,0,,,14/1
1489132,1,3,4,Balasubramaniam Sachin,Suresh Lokeshwar,Dev Rahul,2,2,0,run,0,,,16/1
1489132,1,3,5,Balasubramaniam Sachin,Suresh Lokeshwar,Dev Rahul,4,4,0,four,0,,,20/1
1489132,1,3,6,Balasubramaniam Sachin,Suresh Lokeshwar,Dev Rahul,6,6,0,six,0,,,26/1
1489132,1,4,1,Suresh Lokeshwar,Balasubramaniam Sachin,Sunny Sandhu,1,0,1,leg bye,0,,,27/1
1489132,1,4,2,Balasubramaniam Sachin,Suresh Lokeshwar,Sunny Sandhu,0,0,0,no run,0,,,27/1
1489132,1,4,3,Balasubramaniam Sachin,Suresh Lokeshwar,Sunny Sandhu,0,0,0,no run,0,,,27/1
1489132,1,4,4,Balasubramaniam Sachin,Suresh Lokeshwar,Sunny Sandhu,0,0,0,no run,0,,,27/1
1489132,1,4,5,Balasubramaniam Sachin,Suresh Lokeshwar,Sunny Sandhu,1,1,0,run,0,,,28/1
1489132,1,4,6,Suresh Lokeshwar,Balasubramaniam Sachin,Sunny Sandhu,1,1,0,run,0,,,29/1
1489132,1,5,1,Suresh Lokeshwar,Balasubramaniam Sachin,M Mohammed,1,1,0,run,0,,,30/1
1489132,1,5,2,Balasubramaniam Sachin,Suresh Lokeshwar,M Mohammed,1,1,0,run,0,,,31/1
1489132,1,5,3,Suresh Lokeshwar,Balasubramaniam Sachin,M Mohammed,0,0,0,out,1,bowled,Suresh Lokeshwar,31/2
1489132,1,5,4,K Vishal Vaidhya,Balasubramaniam Sachin,M Mohammed,1,0,1,leg bye,0,,,32/2
1489132,1,5,5,Balasubramaniam Sachin,K Vishal Vaidhya,M Mohammed,1,1,0,run,0,,,33/2
1489132,1,5,6,K Vishal Vaidhya,Balasubramaniam Sachin,M Mohammed,0,0,0,no run,0,,,33/2
1489132,1,6,1,Balasubramaniam Sachin,K Vishal Vaidhya,S Harish Kumar,0,0,0,no run,0,,,33/2
1489132,1,6,2,Balasubramaniam Sachin,K Vishal Vaidhya,S Harish Kumar,4,4,0,four,0,,,37/2
1489132,1,6,3,Balasubramaniam Sachin,K Vishal Vaidhya,S Harish Kumar,1,1,0,run,0,,,38/2
1489132,1,6,4,K Vishal Vaidhya,Balasubramaniam Sachin,S Harish Kumar,1,1,0,run,0,,,39/2
1489132,1,6,5,Balasubramaniam Sachin,K Vishal Vaidhya,S Harish Kumar,1,1,0,run,0,,,40/2
1489132,1,6,6,K Vishal Vaidhya,Balasubramaniam Sachin,S Harish Kumar,4,4,0,four,0,,,44/2
1489132,1,7,1,Balasubramaniam Sachin,K Vishal Vaidhya,Rahil S Shah,0,0,0,no run,0,,,44/2
1489132,1,7,2,Balasubramaniam Sachin,K Vishal Vaidhya,Rahil S Shah,1,1,0,run,0,,,45/2
1489132,1,7,3,K Vishal Vaidhya,Balasubramaniam Sachin,Rahil S Shah,1,1,0,run,0,,,46/2
1489132,1,7,4,Balasubramaniam Sachin,K Vishal Vaidhya,Rahil S Shah,1,1,0,run,0,,,47/2
1489132,1,7,5,K Vishal Vaidhya,Balasubramaniam Sachin,Rahil S Shah,0,0,0,no run,0,,,47/2
1489132,1,7,6,K Vishal Vaidhya,Balasubramaniam Sachin,Rahil S Shah,1,1,0,run,0,,,48/2
1489132,1,8,1,K Vishal Vaidhya,Balasubramaniam Sachin,M Mohammed,1,0,1,bye,0,,,49/2
1489132,1,8,2,Balasubramaniam Sachin,K Vishal Vaidhya,M Mohammed,0,0,0,no run,0,,,49/2
1489132,1,8,3,Balasubramaniam Sachin,K Vishal Vaidhya,M Mohammed,2,2,0,run,0,,,51/2
1489132,1,8,4,Balasubramaniam Sachin,K Vishal Vaidhya,M Mohammed,0,0,0,no run,0,,,51/2
1489132,1,8,5,Balasubramaniam Sachin,K Vishal Vaidhya,M Mohammed,4,4,0,four,0,,,55/2
1489132,1,8,6,Balasubramaniam Sachin,K Vishal Vaidhya,M Mohammed,1,1,0,run,0,,,56/2
1489132,1,9,1,Balasubramaniam Sachin,K Vishal Vaidhya,Rahil S Shah,4,4,0,four,0,,,60/2
1489132,1,9,2,Balasubramaniam Sachin,K Vishal Vaidhya,Rahil S Shah,1,1,0,run,0,,,61/2
1489132,1,9,3,K Vishal Vaidhya,Balasubramaniam Sachin,Rahil S Shah,1,1,0,run,0,,,62/2
1489132,1,9,4,Balasubramaniam Sachin,K Vishal Vaidhya,Rahil S Shah,1,1,0,run,0,,,63/2
1489132,1,9,5,K Vishal Vaidhya,Balasubramaniam Sachin,Rahil S Shah,0,0,0,no run,0,,,63/2
1489132,1,9,6,K Vishal Vaidhya,Balasubramaniam Sachin,Rahil S Shah,0,0,0,no run,0,,,63/2
1489132,1,10,1,Balasubramaniam Sachin,K Vishal Vaidhya,M Poiyamozhi,1,1,0,run,0,,,64/2
1489132,1,10,2,K Vishal Vaidhya,Balasubramaniam Sachin,M Poiyamozhi,0,0,0,no run,0,,,64/2
1489132,1,10,3,K Vishal Vaidhya,Balasubramaniam Sachin,M Poiyamozhi,1,1,0,run,0,,,65/2
1489132,1,10,4,Balasubramaniam Sachin,K Vishal Vaidhya,M Poiyamozhi,0,0,0,no run,0,,,65/2
1489132,1,10,5,Balasubramaniam Sachin,K Vishal Vaidhya,M Poiyamozhi,1,1,0,run,0,,,66/2
1489132,1,10,6,K Vishal Vaidhya,Balasubramaniam Sachin,M Poiyamozhi,4,4,0,four,0,,,70/2
1489132,1,11,1,Balasubramaniam Sachin,K Vishal Vaidhya,S Harish Kumar,4,4,0,four,0,,,74/2
1489132,1,11,2,Balasubramaniam Sachin,K Vishal Vaidhya,S Harish Kumar,0,0,0,no run,0,,,74/2
1489132,1,11,3,Balasubramaniam Sachin,K Vishal Vaidhya,S Harish Kumar,6,6,0,six,0,,,80/2
1489132,1,11,4,Balasubramaniam Sachin,K Vishal Vaidhya,S Harish Kumar,4,4,0,four,0,,,84/2
1489132,1,11,5,Balasubramaniam Sachin,K Vishal Vaidhya,S Harish Kumar,1,1,0,run,0,,,85/2
1489132,1,11,6,K Vishal Vaidhya,Balasubramaniam Sachin,S Harish Kumar,1,0,1,wide,0,,,86/2
1489132,1,11,7,K Vishal Vaidhya,Balasubramaniam Sachin,S Harish Kumar,1,1,0,run,0,,,87/2
1489132,1,12,1,K Vishal Vaidhya,Balasubramaniam Sachin,M Mohammed,1,1,0,run,0,,,88/2
1489132,1,12,2,Balasubramaniam Sachin,K Vishal Vaidhya,M Mohammed,0,0,0,no run,0,,,88/2
1489132,1,12,3,Balasubramaniam Sachin,K Vishal Vaidhya,M Mohammed,4,4,0,four,0,,,92/2
1489132,1,12,4,Balasubramaniam Sachin,K Vishal Vaidhya,M Mohammed,1,1,0,run,0,,,93/2
1489132,1,12,5,K Vishal Vaidhya,Balasubramaniam Sachin,M Mohammed,1,1,0,run,0,,,94/2
1489132,1,12,6,Balasubramaniam Sachin,K Vishal Vaidhya,M Mohammed,1,1,0,run,0,,,95/2
1489132,1,13,1,Balasubramaniam Sachin,K Vishal Vaidhya,Rahil S Shah,1,1,0,run,0,,,96/2
1489132,1,13,2,K Vishal Vaidhya,Balasubramaniam Sachin,Rahil S Shah,1,1,0,run,0,,,97/2
1489132,1,13,3,Balasubramaniam Sachin,K Vishal Vaidhya,Rahil S Shah,0,0,0,no run,0,,,97/2
1489132,1,13,4,Balasubramaniam Sachin,K Vishal Vaidhya,Rahil S Shah,6,6,0,six,0,,,103/2
1489132,1,13,5,Balasubramaniam Sachin,K Vishal Vaidhya,Rahil S Shah,1,1,0,run,0,,,104/2
1489132,1,13,6,K Vishal Vaidhya,Balasubramaniam Sachin,Rahil S Shah,6,6,0,six,0,,,110/2
1489132,1,14,1,Balasubramaniam Sachin,K Vishal Vaidhya,M Poiyamozhi,1,1,0,run,0,,,111/2
1489132,1,14,2,K Vishal Vaidhya,Balasubramaniam Sachin,M Poiyamozhi,1,1,0,run,0,,,112/2
1489132,1,14,3,Balasubramaniam Sachin,K Vishal Vaidhya,M Poiyamozhi,1,1,0,run,0,,,113/2
1489132,1,14,4,K Vishal Vaidhya,Balasubramaniam Sachin,M Poiyamozhi,1,1,0,run,0,,,114/2
1489132,1,14,5,Balasubramaniam Sachin,K Vishal Vaidhya,M Poiyamozhi,0,0,0,no run,0,,,114/2
1489132,1,14,6,Balasubramaniam Sachin,K Vishal Vaidhya,M Poiyamozhi,1,1,0,run,0,,,115/2
1489132,1,15,1,Balasubramaniam Sachin,K Vishal Vaidhya,J Gowri Sankar,4,4,0,four,0,,,119/2
1489132,1,15,2,Balasubramaniam Sachin,K Vishal Vaidhya,J Gowri Sankar,0,0,0,no run,0,,,119/2
1489132,1,15,3,Balasubramaniam Sachin,K Vishal Vaidhya,J Gowri Sankar,4,4,0,four,0,,,123/2
1489132,1,15,4,Balasubramaniam Sachin,K Vishal Vaidhya,J Gowri Sankar,0,0,0,no run,0,,,123/2
1489132,1,15,5,Balasubramaniam Sachin,K Vishal Vaidhya,J Gowri Sankar,1,1,0,run,0,,,124/2
1489132,1,15,6,K Vishal Vaidhya,Balasubramaniam Sachin,J Gowri Sankar,0,0,0,no run,0,,,124/2
1489132,1,16,1,Balasubramaniam Sachin,K Vishal Vaidhya,M Mohammed,1,0,1,wide,0,,,125/2
1489132,1,16,2,Balasubramaniam Sachin,K Vishal Vaidhya,M Mohammed,1,0,1,wide,0,,,126/2
1489132,1,16,3,Balasubramaniam Sachin,K Vishal Vaidhya,M Mohammed,6,6,0,six,0,,,132/2
1489132,1,16,4,Balasubramaniam Sachin,K Vishal Vaidhya,M Mohammed,0,0,0,no run,0,,,132/2
1489132,1,16,5,Balasubramaniam Sachin,K Vishal Vaidhya,M Mohammed,0,0,0,no run,0,,,132/2
1489132,1,16,6,Balasubramaniam Sachin,K Vishal Vaidhya,M Mohammed,1,1,0,run,0,,,133/2
1489132,1,16,7,K Vishal Vaidhya,Balasubramaniam Sachin,M Mohammed,4,4,0,four,0,,,137/2
1489132,1,16,8,K Vishal Vaidhya,Balasubramaniam Sachin,M Mohammed,0,0,0,no run,0,,,137/2
1489132,1,17,1,Balasubramaniam Sachin,K Vishal Vaidhya,M Poiyamozhi,1,1,0,run,0,,,138/2
1489132,1,17,2,K Vishal Vaidhya,Balasubramaniam Sachin,M Poiyamozhi,0,0,0,out,1,bowled,K Vishal Vaidhya,138/3
1489132,1,17,3,Masood Shahrukh Khan,Balasubramaniam Sachin,M Poiyamozhi,1,1,0,run,0,,,139/3
1489132,1,17,4,Balasubramaniam Sachin,Masood Shahrukh Khan,M Poiyamozhi,1,1,0,run,0,,,140/3
1489132,1,17,5,Masood Shahrukh Khan,Balasubramaniam Sachin,M Poiyamozhi,1,0,1,leg bye,0,,,141/3
1489132,1,17,6,Balasubramaniam Sachin,Masood Shahrukh Khan,M Poiyamozhi,4,4,0,four,0,,,145/3
1489132,1,18,1,Masood Shahrukh Khan,Balasubramaniam Sachin,Dev Rahul,1,0,1,wide,0,,,146/3
1489132,1,18,2,Masood Shahrukh Khan,Balasubramaniam Sachin,Dev Rahul,1,1,0,run,0,,,147/3
1489132,1,18,3,Balasubramaniam Sachin,Masood Shahrukh Khan,Dev Rahul,1,1,0,run,0,,,148/3
1489132,1,18,4,Masood Shahrukh Khan,Balasubramaniam Sachin,Dev Rahul,6,6,0,six,0,,,154/3
1489132,1,18,5,Masood Shahrukh Khan,Balasubramaniam Sachin,Dev Rahul,7,6,1,six,0,,,161/3
1489132,1,18,6,Masood Shahrukh Khan,Balasubramaniam Sachin,Dev Rahul,6,6,0,six,0,,,167/3
1489132,1,18,7,Masood Shahrukh Khan,Balasubramaniam Sachin,Dev Rahul,6,6,0,six,0,,,173/3
1489132,1,18,8,Masood Shahrukh Khan,Balasubramaniam Sachin,Dev Rahul,0,0,0,no run,0,,,173/3
1489132,1,19,1,Balasubramaniam Sachin,Masood Shahrukh Khan,M Poiyamozhi,6,6,0,six,0,,,179/3
1489132,1,19,2,Balasubramaniam Sachin,Masood Shahrukh Khan,M Poiyamozhi,4,4,0,four,0,,,183/3
1489132,1,19,3,Balasubramaniam Sachin,Masood Shahrukh Khan,M Poiyamozhi,0,0,0,no run,0,,,183/3
1489132,1,19,4,Balasubramaniam Sachin,Masood Shahrukh Khan,M Poiyamozhi,1,0,1,leg bye,0,,,184/3
1489132,1,19,5,Masood Shahrukh Khan,Balasubramaniam Sachin,M Poiyamozhi,1,1,0,run,0,,,185/3
1489132,1,19,6,Balasubramaniam Sachin,Masood Shahrukh Khan,M Poiyamozhi,0,0,0,out,1,caught,Balasubramaniam Sachin,185/4
1489132,1,20,1,Masood Shahrukh Khan,R Divakar,Sunny Sandhu,6,6,0,six,0,,,191/4
1489132,1,20,2,Masood Shahrukh Khan,R Divakar,Sunny Sandhu,0,0,0,no run,0,,,191/4
1489132,1,20,3,Masood Shahrukh Khan,R Divakar,Sunny Sandhu,6,6,0,six,0,,,197/4
1489132,1,20,4,Masood Shahrukh Khan,R Divakar,Sunny Sandhu,6,6,0,six,0,,,203/4
1489132,1,20,5,Masood Shahrukh Khan,R Divakar,Sunny Sandhu,0,0,0,out,1,caught,Masood Shahrukh Khan,203/5
1489132,1,20,6,S Guru Raghavendran,R Divakar,Sunny Sandhu,0,0,0,out,1,caught,S Guru Raghavendran,203/6
1489132,2,1,1,Chezhian Nishaanth,Eshwar M,P Bhuvaneswaran,1,0,1,wide,0,,,1/0
1489132,2,1,2,Chezhian Nishaanth,Eshwar M,P Bhuvaneswaran,0,0,0,no run,0,,,1/0
1489132,2,1,3,Chezhian Nishaanth,Eshwar M,P Bhuvaneswaran,0,0,0,no run,0,,,1/0
1489132,2,1,4,Chezhian Nishaanth,Eshwar M,P Bhuvaneswaran,0,0,0,no run,0,,,1/0
1489132,2,1,5,Chezhian Nishaanth,Eshwar M,P Bhuvaneswaran,4,4,0,four,0,,,5/0
1489132,2,1,6,Chezhian Nishaanth,Eshwar M,P Bhuvaneswaran,1,1,0,run,0,,,6/0
1489132,2,1,7,Eshwar M,Chezhian Nishaanth,P Bhuvaneswaran,0,0,0,no run,0,,,6/0
1489132,2,2,1,Chezhian Nishaanth,Eshwar M,Manimaran Siddharth,0,0,0,no run,0,,,6/0
1489132,2,2,2,Chezhian Nishaanth,Eshwar M,Manimaran Siddharth,0,0,0,out,1,run out,Chezhian Nishaanth,6/1
1489132,2,2,3,Eshwar M,Nidhish S Rajagopal,Manimaran Siddharth,0,0,0,no run,0,,,6/1
1489132,2,2,4,Eshwar M,Nidhish S Rajagopal,Manimaran Siddharth,4,4,0,four,0,,,10/1
1489132,2,2,5,Eshwar M,Nidhish S Rajagopal,Manimaran Siddharth,0,0,0,no run,0,,,10/1
1489132,2,2,6,Eshwar M,Nidhish S Rajagopal,Manimaran Siddharth,1,1,0,run,0,,,11/1
1489132,2,3,1,Eshwar M,Nidhish S Rajagopal,P Bhuvaneswaran,0,0,0,no run,0,,,11/1
1489132,2,3,2,Eshwar M,Nidhish S Rajagopal,P Bhuvaneswaran,3,3,0,run,0,,,14/1
1489132,2,3,3,Nidhish S Rajagopal,Eshwar M,P Bhuvaneswaran,0,0,0,no run,0,,,14/1
1489132,2,3,4,Nidhish S Rajagopal,Eshwar M,P Bhuvaneswaran,2,0,2,wide,0,,,16/1
1489132,2,3,5,Eshwar M,Nidhish S Rajagopal,P Bhuvaneswaran,0,0,0,no run,0,,,16/1
1489132,2,3,6,Eshwar M,Nidhish S Rajagopal,P Bhuvaneswaran,6,6,0,six,0,,,22/1
1489132,2,3,7,Eshwar M,Nidhish S Rajagopal,P Bhuvaneswaran,0,0,0,no run,0,,,22/1
1489132,2,4,1,Nidhish S Rajagopal,Eshwar M,Manimaran Siddharth,0,0,0,no run,0,,,22/1
1489132,2,4,2,Nidhish S Rajagopal,Eshwar M,Manimaran Siddharth,1,1,0,run,0,,,23/1
1489132,2,4,3,Eshwar M,Nidhish S Rajagopal,Manimaran Siddharth,6,6,0,six,0,,,29/1
1489132,2,4,4,Eshwar M,Nidhish S Rajagopal,Manimaran Siddharth,1,1,0,run,0,,,30/1
1489132,2,4,5,Nidhish S Rajagopal,Eshwar M,Manimaran Siddharth,0,0,0,no run,0,,,30/1
1489132,2,4,6,Nidhish S Rajagopal,Eshwar M,Manimaran Siddharth,1,1,0,run,0,,,31/1
1489132,2,5,1,Nidhish S Rajagopal,Eshwar M,N Kabilan,0,0,0,no run,0,,,31/1
1489132,2,5,2,Nidhish S Rajagopal,Eshwar M,N Kabilan,1,1,0,run,0,,,32/1
1489132,2,5,3,Eshwar M,Nidhish S Rajagopal,N Kabilan,6,6,0,six,0,,,38/1
1489132,2,5,4,Eshwar M,Nidhish S Rajagopal,N Kabilan,0,0,0,no run,0,,,38/1
1489132,2,5,5,Eshwar M,Nidhish S Rajagopal,N Kabilan,1,0,1,wide,0,,,39/1
1489132,2,5,6,Eshwar M,Nidhish S Rajagopal,N Kabilan,2,2,0,run,0,,,41/1
1489132,2,5,7,Eshwar M,Nidhish S Rajagopal,N Kabilan,0,0,0,out,1,caught,Eshwar M,41/2
1489132,2,6,1,Nidhish S Rajagopal,S Abishiek,Masood Shahrukh Khan,5,5,0,run,0,,,46/2
1489132,2,6,2,S Abishiek,Nidhish S Rajagopal,Masood Shahrukh Khan,0,0,0,no run,0,,,46/2
1489132,2,6,3,S Abishiek,Nidhish S Rajagopal,Masood Shahrukh Khan,0,0,0,no run,0,,,46/2
1489132,2,6,4,S Abishiek,Nidhish S Rajagopal,Masood Shahrukh Khan,2,2,0,run,0,,,48/2
1489132,2,6,5,S Abishiek,Nidhish S Rajagopal,Masood Shahrukh Khan,4,4,0,four,0,,,52/2
1489132,2,6,6,S Abishiek,Nidhish S Rajagopal,Masood Shahrukh Khan,2,2,0,run,0,,,54/2
1489132,2,7,1,Nidhish S Rajagopal,S Abishiek,N Kabilan,0,0,0,no run,0,,,54/2
1489132,2,7,2,Nidhish S Rajagopal,S Abishiek,N Kabilan,1,1,0,run,0,,,55/2
1489132,2,7,3,S Abishiek,Nidhish S Rajagopal,N Kabilan,1,1,0,run,0,,,56/2
1489132,2,7,4,Nidhish S Rajagopal,S Abishiek,N Kabilan,1,0,1,wide,0,,,57/2
1489132,2,7,5,Nidhish S Rajagopal,S Abishiek,N Kabilan,0,0,0,no run,0,,,57/2
1489132,2,7,6,Nidhish S Rajagopal,S Abishiek,N Kabilan,1,1,0,run,0,,,58/2
1489132,2,7,7,S Abishiek,Nidhish S Rajagopal,N Kabilan,1,1,0,run,0,,,59/2
1489132,2,8,1,S Abishiek,Nidhish S Rajagopal,Masood Shahrukh Khan,1,1,0,run,0,,,60/2
1489132,2,8,2,Nidhish S Rajagopal,S Abishiek,Masood Shahrukh Khan,1,0,1,wide,0,,,61/2
1489132,2,8,3,Nidhish S Rajagopal,S Abishiek,Masood Shahrukh Khan,1,1,0,run,0,,,62/2
1489132,2,8,4,S Abishiek,Nidhish S Rajagopal,Masood Shahrukh Khan,1,1,0,run,0,,,63/2
1489132,2,8,5,Nidhish S Rajagopal,S Abishiek,Masood Shahrukh Khan,1,1,0,run,0,,,64/2
1489132,2,8,6,S Abishiek,Nidhish S Rajagopal,Masood Shahrukh Khan,1,1,0,run,0,,,65/2
1489132,2,8,7,Nidhish S Rajagopal,S Abishiek,Masood Shahrukh Khan,1,1,0,run,0,,,66/2
1489132,2,9,1,Nidhish S Rajagopal,S Abishiek,Jhathavedh Subramanyan,6,6,0,six,0,,,72/2
1489132,2,9,2,Nidhish S Rajagopal,S Abishiek,Jhathavedh Subramanyan,1,1,0,run,0,,,73/2
1489132,2,9,3,S Abishiek,Nidhish S Rajagopal,Jhathavedh Subramanyan,0,0,0,no run,0,,,73/2
1489132,2,9,4,S Abishiek,Nidhish S Rajagopal,Jhathavedh Subramanyan,6,6,0,six,0,,,79/2
1489132,2,9,5,S Abishiek,Nidhish S Rajagopal,Jhathavedh Subramanyan,0,0,0,no run,0,,,79/2
1489132,2,9,6,S Abishiek,Nidhish S Rajagopal,Jhathavedh Subramanyan,1,0,1,bye,0,,,80/2
1489132,2,10,1,S Abishiek,Nidhish S Rajagopal,Masood Shahrukh Khan,1,1,0,run,0,,,81/2
1489132,2,10,2,Nidhish S Rajagopal,S Abishiek,Masood Shahrukh Khan,0,0,0,no run,0,,,81/2
1489132,2,10,3,Nidhish S Rajagopal,S Abishiek,Masood Shahrukh Khan,1,1,0,run,0,,,82/2
1489132,2,10,4,S Abishiek,Nidhish S Rajagopal,Masood Shahrukh Khan,0,0,0,no run,0,,,82/2
1489132,2,10,5,S Abishiek,Nidhish S Rajagopal,Masood Shahrukh Khan,6,6,0,six,0,,,88/2
1489132,2,10,6,S Abishiek,Nidhish S Rajagopal,Masood Shahrukh Khan,6,6,0,six,0,,,94/2
1489132,2,11,1,Nidhish S Rajagopal,S Abishiek,P Vidyuth,1,1,0,run,0,,,95/2
1489132,2,11,2,S Abishiek,Nidhish S Rajagopal,P Vidyuth,0,0,0,out,1,caught,S Abishiek,95/3
1489132,2,11,3,Sunny Sandhu,Nidhish S Rajagopal,P Vidyuth,2,2,0,run,0,,,97/3
1489132,2,11,4,Sunny Sandhu,Nidhish S Rajagopal,P Vidyuth,1,1,0,run,0,,,98/3
1489132,2,11,5,Nidhish S Rajagopal,Sunny Sandhu,P Vidyuth,0,0,0,out,1,bowled,Nidhish S Rajagopal,98/4
1489132,2,11,6,Rajendran Vivek,Sunny Sandhu,P Vidyuth,2,2,0,run,0,,,100/4
1489132,2,12,1,Sunny Sandhu,Rajendran Vivek,R Divakar,0,0,0,no run,0,,,100/4
1489132,2,12,2,Sunny Sandhu,Rajendran Vivek,R Divakar,1,1,0,run,0,,,101/4
1489132,2,12,3,Rajendran Vivek,Sunny Sandhu,R Divakar,0,0,0,out,1,caught,Rajendran Vivek,101/5
1489132,2,12,4,J Gowri Sankar,Sunny Sandhu,R Divakar,0,0,0,no run,0,,,101/5
1489132,2,12,5,J Gowri Sankar,Sunny Sandhu,R Divakar,1,1,0,run,0,,,102/5
1489132,2,12,6,Sunny Sandhu,J Gowri Sankar,R Divakar,0,0,0,no run,0,,,102/5
1489132,2,13,1,J Gowri Sankar,Sunny Sandhu,P Vidyuth,1,1,0,run,0,,,103/5
1489132,2,13,2,Sunny Sandhu,J Gowri Sankar,P Vidyuth,0,0,0,no run,0,,,103/5
1489132,2,13,3,Sunny Sandhu,J Gowri Sankar,P Vidyuth,0,0,0,out,1,bowled,Sunny Sandhu,103/6
1489132,2,13,4,S Harish Kumar,J Gowri Sankar,P Vidyuth,0,0,0,no run,0,,,103/6
1489132,2,13,5,S Harish Kumar,J Gowri Sankar,P Vidyuth,1,1,0,run,0,,,104/6
1489132,2,13,6,J Gowri Sankar,S Harish Kumar,P Vidyuth,1,1,0,run,0,,,105/6
1489132,2,14,1,J Gowri Sankar,S Harish Kumar,R Divakar,0,0,0,out,1,bowled,J Gowri Sankar,105/7
1489132,2,14,2,M Mohammed,S Harish Kumar,R Divakar,0,0,0,no run,0,,,105/7
1489132,2,14,3,M Mohammed,S Harish Kumar,R Divakar,0,0,0,no run,0,,,105/7
1489132,2,14,4,M Mohammed,S Harish Kumar,R Divakar,2,2,0,run,0,,,107/7
1489132,2,14,5,M Mohammed,S Harish Kumar,R Divakar,1,1,0,run,0,,,108/7
1489132,2,14,6,S Harish Kumar,M Mohammed,R Divakar,0,0,0,no run,0,,,108/7
1489132,2,15,1,M Mohammed,S Harish Kumar,P Vidyuth,0,0,0,no run,0,,,108/7
1489132,2,15,2,M Mohammed,S Harish Kumar,P Vidyuth,0,0,0,no run,0,,,108/7
1489132,2,15,3,M Mohammed,S Harish Kumar,P Vidyuth,0,0,0,no run,0,,,108/7
1489132,2,15,4,M Mohammed,S Harish Kumar,P Vidyuth,0,0,0,no run,0,,,108/7
1489132,2,15,5,M Mohammed,S Harish Kumar,P Vidyuth,0,0,0,out,1,leg before wicket,M Mohammed,108/8
1489132,2,15,6,M Poiyamozhi,S Harish Kumar,P Vidyuth,1,1,0,run,0,,,109/8
1489132,2,16,1,M Poiyamozhi,S Harish Kumar,N Kabilan,0,0,0,no run,0,,,109/8
1489132,2,16,2,M Poiyamozhi,S Harish Kumar,N Kabilan,0,0,0,no run,0,,,109/8
1489132,2,16,3,M Poiyamozhi,S Harish Kumar,N Kabilan,0,0,0,no run,0,,,109/8
1489132,2,16,4,M Poiyamozhi,S Harish Kumar,N Kabilan,0,0,0,no run,0,,,109/8
1489132,2,16,5,M Poiyamozhi,S Harish Kumar,N Kabilan,0,0,0,no run,0,,,109/8
1489132,2,16,6,M Poiyamozhi,S Harish Kumar,N Kabilan,0,0,0,no run,0,,,109/8
1489132,2,17,1,S Harish Kumar,M Poiyamozhi,P Vidyuth,0,0,0,no run,0,,,109/8
1489132,2,17,2,S Harish Kumar,M Poiyamozhi,P Vidyuth,6,6,0,six,0,,,115/8
1489132,2,17,3,S Harish Kumar,M Poiyamozhi,P Vidyuth,0,0,0,out,1,caught,S Harish Kumar,115/9
1489132,2,17,4,Dev Rahul,M Poiyamozhi,P Vidyuth,0,0,0,no run,0,,,115/9
1489132,2,17,5,Dev Rahul,M Poiyamozhi,P Vidyuth,6,6,0,six,0,,,121/9
1489132,2,17,6,Dev Rahul,M Poiyamozhi,P Vidyuth,1,1,0,run,0,,,122/9
1489132,2,18,1,Dev Rahul,M Poiyamozhi,N Kabilan,0,0,0,no run,0,,,122/9
1489132,2,18,2,Dev Rahul,M Poiyamozhi,N Kabilan,0,0,0,no run,0,,,122/9
1489132,2,18,3,Dev Rahul,M Poiyamozhi,N Kabilan,4,4,0,four,0,,,126/9
1489132,2,18,4,Dev Rahul,M Poiyamozhi,N Kabilan,1,1,0,run,0,,,127/9
1489132,2,18,5,M Poiyamozhi,Dev Rahul,N Kabilan,0,0,0,no run,0,,,127/9
1489132,2,18,6,M Poiyamozhi,Dev Rahul,N Kabilan,1,1,0,run,0,,,128/9
1489132,2,19,1,M Poiyamozhi,Dev Rahul,Manimaran Siddharth,0,0,0,no run,0,,,128/9
1489132,2,19,2,M Poiyamozhi,Dev Rahul,Manimaran Siddharth,0,0,0,no run,0,,,128/9
1489132,2,19,3,M Poiyamozhi,Dev Rahul,Manimaran Siddharth,0,0,0,no run,0,,,128/9
1489132,2,19,4,M Poiyamozhi,Dev Rahul,Manimaran Siddharth,1,1,0,run,0,,,129/9
1489132,2,19,5,Dev Rahul,M Poiyamozhi,Manimaran Siddharth,0,0,0,no run,0,,,129/9
1489132,2,19,6,Dev Rahul,M Poiyamozhi,Manimaran Siddharth,6,6,0,six,0,,,135/9
1489132,2,20,1,M Poiyamozhi,Dev Rahul,R Divakar,0,0,0,out,1,caught,M Poiyamozhi,135/10
1489133,1,1,1,VP Amit Sathvik,Tushar Raheja,Emmanuel Cherian,0,0,0,no run,0,,,0/0
1489133,1,1,2,VP Amit Sathvik,Tushar Raheja,Emmanuel Cherian,4,4,0,four,0,,,4/0
1489133,1,1,3,VP Amit Sathvik,Tushar Raheja,Emmanuel Cherian,0,0,0,no run,0,,,4/0
1489133,1,1,4,VP Amit Sathvik,Tushar Raheja,Emmanuel Cherian,0,0,0,no run,0,,,4/0
1489133,1,1,5,VP Amit Sathvik,Tushar Raheja,Emmanuel Cherian,0,0,0,no run,0,,,4/0
1489133,1,1,6,VP Amit Sathvik,Tushar Raheja,Emmanuel Cherian,1,1,0,run,0,,,5/0
1489133,1,2,1,VP Amit Sathvik,Tushar Raheja,Ramsingh Sonu Yadav,0,0,0,no run,0,,,5/0
1489133,1,2,2,VP Amit Sathvik,Tushar Raheja,Ramsingh Sonu Yadav,1,1,0,run,0,,,6/0
1489133,1,2,3,Tushar Raheja,VP Amit Sathvik,Ramsingh Sonu Yadav,0,0,0,no run,0,,,6/0
1489133,1,2,4,Tushar Raheja,VP Amit Sathvik,Ramsingh Sonu Yadav,1,1,0,run,0,,,7/0
1489133,1,2,5,VP Amit Sathvik,Tushar Raheja,Ramsingh Sonu Yadav,6,6,0,six,0,,,13/0
1489133,1,2,6,VP Amit Sathvik,Tushar Raheja,Ramsingh Sonu Yadav,1,1,0,run,0,,,14/0
1489133,1,3,1,VP Amit Sathvik,Tushar Raheja,Emmanuel Cherian,4,4,0,four,0,,,18/0
1489133,1,3,2,VP Amit Sathvik,Tushar Raheja,Emmanuel Cherian,1,1,0,run,0,,,19/0
1489133,1,3,3,Tushar Raheja,VP Amit Sathvik,Emmanuel Cherian,1,1,0,run,0,,,20/0
1489133,1,3,4,VP Amit Sathvik,Tushar Raheja,Emmanuel Cherian,0,0,0,no run,0,,,20/0
1489133,1,3,5,VP Amit Sathvik,Tushar Raheja,Emmanuel Cherian,0,0,0,no run,0,,,20/0
1489133,1,3,6,VP Amit Sathvik,Tushar Raheja,Emmanuel Cherian,2,1,1,run,0,,,22/0
1489133,1,3,7,Tushar Raheja,VP Amit Sathvik,Emmanuel Cherian,1,0,1,wide,0,,,23/0
1489133,1,3,8,Tushar Raheja,VP Amit Sathvik,Emmanuel Cherian,2,2,0,run,0,,,25/0
1489133,1,4,1,VP Amit Sathvik,Tushar Raheja,Rocky Bhasker,1,1,0,run,0,,,26/0
1489133,1,4,2,Tushar Raheja,VP Amit Sathvik,Rocky Bhasker,1,1,0,run,0,,,27/0
1489133,1,4,3,VP Amit Sathvik,Tushar Raheja,Rocky Bhasker,0,0,0,no run,0,,,27/0
1489133,1,4,4,VP Amit Sathvik,Tushar Raheja,Rocky Bhasker,1,1,0,run,0,,,28/0
1489133,1,4,5,Tushar Raheja,VP Amit Sathvik,Rocky Bhasker,1,1,0,run,0,,,29/0
1489133,1,4,6,VP Amit Sathvik,Tushar Raheja,Rocky Bhasker,2,2,0,run,0,,,31/0
1489133,1,5,1,Tushar Raheja,VP Amit Sathvik,Emmanuel Cherian,1,1,0,run,0,,,32/0
1489133,1,5,2,VP Amit Sathvik,Tushar Raheja,Emmanuel Cherian,0,0,0,no run,0,,,32/0
1489133,1,5,3,VP Amit Sathvik,Tushar Raheja,Emmanuel Cherian,4,4,0,four,0,,,36/0
1489133,1,5,4,VP Amit Sathvik,Tushar Raheja,Emmanuel Cherian,4,4,0,four,0,,,40/0
1489133,1,5,5,VP Amit Sathvik,Tushar Raheja,Emmanuel Cherian,1,1,0,run,0,,,41/0
1489133,1,5,6,Tushar Raheja,VP Amit Sathvik,Emmanuel Cherian,1,0,1,wide,0,,,42/0
1489133,1,5,7,Tushar Raheja,VP Amit Sathvik,Emmanuel Cherian,1,0,1,wide,0,,,43/0
1489133,1,5,8,Tushar Raheja,VP Amit Sathvik,Emmanuel Cherian,0,0,0,no run,0,,,43/0
1489133,1,6,1,VP Amit Sathvik,Tushar Raheja,Rocky Bhasker,1,1,0,run,0,,,44/0
1489133,1,6,2,Tushar Raheja,VP Amit Sathvik,Rocky Bhasker,0,0,0,no run,0,,,44/0
1489133,1,6,3,Tushar Raheja,VP Amit Sathvik,Rocky Bhasker,1,1,0,run,0,,,45/0
1489133,1,6,4,VP Amit Sathvik,Tushar Raheja,Rocky Bhasker,0,0,0,no run,0,,,45/0
1489133,1,6,5,VP Amit Sathvik,Tushar Raheja,Rocky Bhasker,0,0,0,no run,0,,,45/0
1489133,1,6,6,VP Amit Sathvik,Tushar Raheja,Rocky Bhasker,0,0,0,no run,0,,,45/0
1489133,1,7,1,Tushar Raheja,VP Amit Sathvik,Sachin Rathi,4,4,0,four,0,,,49/0
1489133,1,7,2,Tushar Raheja,VP Amit Sathvik,Sachin Rathi,1,1,0,run,0,,,50/0
1489133,1,7,3,VP Amit Sathvik,Tushar Raheja,Sachin Rathi,1,1,0,run,0,,,51/0
1489133,1,7,4,Tushar Raheja,VP Amit Sathvik,Sachin Rathi,4,4,0,four,0,,,55/0
1489133,1,7,5,Tushar Raheja,VP Amit Sathvik,Sachin Rathi,1,1,0,run,0,,,56/0
1489133,1,7,6,VP Amit Sathvik,Tushar Raheja,Sachin Rathi,6,6,0,six,0,,,62/0
1489133,1,8,1,Tushar Raheja,VP Amit Sathvik,Rocky Bhasker,0,0,0,no run,0,,,62/0
1489133,1,8,2,Tushar Raheja,VP Amit Sathvik,Rocky Bhasker,0,0,0,no run,0,,,62/0
1489133,1,8,3,Tushar Raheja,VP Amit Sathvik,Rocky Bhasker,1,1,0,run,0,,,63/0
1489133,1,8,4,VP Amit Sathvik,Tushar Raheja,Rocky Bhasker,1,1,0,run,0,,,64/0
1489133,1,8,5,Tushar Raheja,VP Amit Sathvik,Rocky Bhasker,1,1,0,run,0,,,65/0
1489133,1,8,6,VP Amit Sathvik,Tushar Raheja,Rocky Bhasker,0,0,0,out,1,caught,VP Amit Sathvik,65/1
1489133,1,9,1,Tushar Raheja,Ravisrinivasan Sai Kishore,Ajay K Krishna,0,0,0,no run,0,,,65/1
1489133,1,9,2,Tushar Raheja,Ravisrinivasan Sai Kishore,Ajay K Krishna,1,0,1,leg bye,0,,,66/1
1489133,1,9,3,Ravisrinivasan Sai Kishore,Tushar Raheja,Ajay K Krishna,0,0,0,no run,0,,,66/1
1489133,1,9,4,Ravisrinivasan Sai Kishore,Tushar Raheja,Ajay K Krishna,1,1,0,run,0,,,67/1
1489133,1,9,5,Tushar Raheja,Ravisrinivasan Sai Kishore,Ajay K Krishna,0,0,0,no run,0,,,67/1
1489133,1,9,6,Tushar Raheja,Ravisrinivasan Sai Kishore,Ajay K Krishna,1,0,1,wide,0,,,68/1
1489133,1,9,7,Tushar Raheja,Ravisrinivasan Sai Kishore,Ajay K Krishna,1,1,0,run,0,,,69/1
1489133,1,10,1,Tushar Raheja,Ravisrinivasan Sai Kishore,Rocky Bhasker,0,0,0,no run,0,,,69/1
1489133,1,10,2,Tushar Raheja,Ravisrinivasan Sai Kishore,Rocky Bhasker,4,4,0,four,0,,,73/1
1489133,1,10,3,Tushar Raheja,Ravisrinivasan Sai Kishore,Rocky Bhasker,0,0,0,no run,0,,,73/1
1489133,1,10,4,Tushar Raheja,Ravisrinivasan Sai Kishore,Rocky Bhasker,1,1,0,run,0,,,74/1
1489133,1,10,5,Ravisrinivasan Sai Kishore,Tushar Raheja,Rocky Bhasker,0,0,0,no run,0,,,74/1
1489133,1,10,6,Ravisrinivasan Sai Kishore,Tushar Raheja,Rocky Bhasker,1,1,0,run,0,,,75/1
1489133,1,11,1,Ravisrinivasan Sai Kishore,Tushar Raheja,Ajay K Krishna,1,0,1,wide,0,,,76/1
1489133,1,11,2,Ravisrinivasan Sai Kishore,Tushar Raheja,Ajay K Krishna,4,4,0,four,0,,,80/1
1489133,1,11,3,Ravisrinivasan Sai Kishore,Tushar Raheja,Ajay K Krishna,1,1,0,run,0,,,81/1
1489133,1,11,4,Tushar Raheja,Ravisrinivasan Sai Kishore,Ajay K Krishna,1,1,0,run,0,,,82/1
1489133,1,11,5,Ravisrinivasan Sai Kishore,Tushar Raheja,Ajay K Krishna,4,4,0,four,0,,,86/1
1489133,1,11,6,Ravisrinivasan Sai Kishore,Tushar Raheja,Ajay K Krishna,1,0,1,wide,0,,,87/1
1489133,1,11,7,Ravisrinivasan Sai Kishore,Tushar Raheja,Ajay K Krishna,1,0,1,wide,0,,,88/1
1489133,1,11,8,Ravisrinivasan Sai Kishore,Tushar Raheja,Ajay K Krishna,1,1,0,run,0,,,89/1
1489133,1,11,9,Tushar Raheja,Ravisrinivasan Sai Kishore,Ajay K Krishna,1,1,0,run,0,,,90/1
1489133,1,12,1,Tushar Raheja,Ravisrinivasan Sai Kishore,Ramsingh Sonu Yadav,4,4,0,four,0,,,94/1
1489133,1,12,2,Tushar Raheja,Ravisrinivasan Sai Kishore,Ramsingh Sonu Yadav,0,0,0,out,1,caught,Tushar Raheja,94/2
1489133,1,12,3,S Mohamed Ali,Ravisrinivasan Sai Kishore,Ramsingh Sonu Yadav,1,1,0,run,0,,,95/2
1489133,1,12,4,Ravisrinivasan Sai Kishore,S Mohamed Ali,Ramsingh Sonu Yadav,0,0,0,no run,0,,,95/2
1489133,1,12,5,Ravisrinivasan Sai Kishore,S Mohamed Ali,Ramsingh Sonu Yadav,4,4,0,four,0,,,99/2
1489133,1,12,6,Ravisrinivasan Sai Kishore,S Mohamed Ali,Ramsingh Sonu Yadav,1,1,0,run,0,,,100/2
1489133,1,13,1,Ravisrinivasan Sai Kishore,S Mohamed Ali,NS Harish,1,0,1,wide,0,,,101/2
1489133,1,13,2,Ravisrinivasan Sai Kishore,S Mohamed Ali,NS Harish,1,1,0,run,0,,,102/2
1489133,1,13,3,S Mohamed Ali,Ravisrinivasan Sai Kishore,NS Harish,1,1,0,run,0,,,103/2
1489133,1,13,4,Ravisrinivasan Sai Kishore,S Mohamed Ali,NS Harish,1,1,0,run,0,,,104/2
1489133,1,13,5,S Mohamed Ali,Ravisrinivasan Sai Kishore,NS Harish,4,4,0,four,0,,,108/2
1489133,1,13,6,S Mohamed Ali,Ravisrinivasan Sai Kishore,NS Harish,0,0,0,no run,0,,,108/2
1489133,1,13,7,S Mohamed Ali,Ravisrinivasan Sai Kishore,NS Harish,1,1,0,run,0,,,109/2
1489133,1,14,1,S Mohamed Ali,Ravisrinivasan Sai Kishore,Emmanuel Cherian,1,1,0,run,0,,,110/2
1489133,1,14,2,Ravisrinivasan Sai Kishore,S Mohamed Ali,Emmanuel Cherian,4,4,0,four,0,,,114/2
1489133,1,14,3,Ravisrinivasan Sai Kishore,S Mohamed Ali,Emmanuel Cherian,0,0,0,no run,0,,,114/2
1489133,1,14,4,Ravisrinivasan Sai Kishore,S Mohamed Ali,Emmanuel Cherian,0,0,0,no run,0,,,114/2
1489133,1,14,5,Ravisrinivasan Sai Kishore,S Mohamed Ali,Emmanuel Cherian,0,0,0,no run,0,,,114/2
1489133,1,14,6,Ravisrinivasan Sai Kishore,S Mohamed Ali,Emmanuel Cherian,4,4,0,four,0,,,118/2
1489133,1,15,1,S Mohamed Ali,Ravisrinivasan Sai Kishore,Sachin Rathi,4,4,0,four,0,,,122/2
1489133,1,15,2,S Mohamed Ali,Ravisrinivasan Sai Kishore,Sachin Rathi,1,1,0,run,0,,,123/2
1489133,1,15,3,Ravisrinivasan Sai Kishore,S Mohamed Ali,Sachin Rathi,1,1,0,run,0,,,124/2
1489133,1,15,4,S Mohamed Ali,Ravisrinivasan Sai Kishore,Sachin Rathi,6,6,0,six,0,,,130/2
1489133,1,15,5,S Mohamed Ali,Ravisrinivasan Sai Kishore,Sachin Rathi,1,1,0,run,0,,,131/2
1489133,1,15,6,Ravisrinivasan Sai Kishore,S Mohamed Ali,Sachin Rathi,4,4,0,four,0,,,135/2
1489133,1,16,1,S Mohamed Ali,Ravisrinivasan Sai Kishore,Ramsingh Sonu Yadav,1,0,1,wide,0,,,136/2
1489133,1,16,2,S Mohamed Ali,Ravisrinivasan Sai Kishore,Ramsingh Sonu Yadav,0,0,0,out,1,bowled,S Mohamed Ali,136/3
1489133,1,16,3,Pradosh Ranjan Paul,Ravisrinivasan Sai Kishore,Ramsingh Sonu Yadav,0,0,0,no run,0,,,136/3
1489133,1,16,4,Pradosh Ranjan Paul,Ravisrinivasan Sai Kishore,Ramsingh Sonu Yadav,1,1,0,run,0,,,137/3
1489133,1,16,5,Ravisrinivasan Sai Kishore,Pradosh Ranjan Paul,Ramsingh Sonu Yadav,1,0,1,wide,0,,,138/3
1489133,1,16,6,Ravisrinivasan Sai Kishore,Pradosh Ranjan Paul,Ramsingh Sonu Yadav,0,0,0,no run,0,,,138/3
1489133,1,16,7,Ravisrinivasan Sai Kishore,Pradosh Ranjan Paul,Ramsingh Sonu Yadav,6,6,0,six,0,,,144/3
1489133,1,16,8,Ravisrinivasan Sai Kishore,Pradosh Ranjan Paul,Ramsingh Sonu Yadav,1,1,0,run,0,,,145/3
1489133,1,17,1,Ravisrinivasan Sai Kishore,Pradosh Ranjan Paul,NS Harish,1,1,0,run,0,,,146/3
1489133,1,17,2,Pradosh Ranjan Paul,Ravisrinivasan Sai Kishore,NS Harish,1,1,0,run,0,,,147/3
1489133,1,17,3,Ravisrinivasan Sai Kishore,Pradosh Ranjan Paul,NS Harish,4,4,0,four,0,,,151/3
1489133,1,17,4,Ravisrinivasan Sai Kishore,Pradosh Ranjan Paul,NS Harish,1,1,0,run,0,,,152/3
1489133,1,17,5,Pradosh Ranjan Paul,Ravisrinivasan Sai Kishore,NS Harish,1,1,0,run,0,,,153/3
1489133,1,17,6,Ravisrinivasan Sai Kishore,Pradosh Ranjan Paul,NS Harish,1,1,0,run,0,,,154/3
1489133,1,18,1,Ravisrinivasan Sai Kishore,Pradosh Ranjan Paul,Ajay K Krishna,1,1,0,run,0,,,155/3
1489133,1,18,2,Pradosh Ranjan Paul,Ravisrinivasan Sai Kishore,Ajay K Krishna,1,0,1,leg bye,0,,,156/3
1489133,1,18,3,Ravisrinivasan Sai Kishore,Pradosh Ranjan Paul,Ajay K Krishna,1,1,0,run,0,,,157/3
1489133,1,18,4,Pradosh Ranjan Paul,Ravisrinivasan Sai Kishore,Ajay K Krishna,1,1,0,run,0,,,158/3
1489133,1,18,5,Ravisrinivasan Sai Kishore,Pradosh Ranjan Paul,Ajay K Krishna,1,1,0,run,0,,,159/3
1489133,1,18,6,Pradosh Ranjan Paul,Ravisrinivasan Sai Kishore,Ajay K Krishna,0,0,0,no run,0,,,159/3
1489133,1,19,1,Ravisrinivasan Sai Kishore,Pradosh Ranjan Paul,Ramsingh Sonu Yadav,1,1,0,run,0,,,160/3
1489133,1,19,2,Pradosh Ranjan Paul,Ravisrinivasan Sai Kishore,Ramsingh Sonu Yadav,0,0,0,no run,0,,,160/3
1489133,1,19,3,Pradosh Ranjan Paul,Ravisrinivasan Sai Kishore,Ramsingh Sonu Yadav,0,0,0,out,1,caught,Pradosh Ranjan Paul,160/4
1489133,1,19,4,V Anovankar,Ravisrinivasan Sai Kishore,Ramsingh Sonu Yadav,1,1,0,run,0,,,161/4
1489133,1,19,5,Ravisrinivasan Sai Kishore,V Anovankar,Ramsingh Sonu Yadav,1,1,0,run,0,,,162/4
1489133,1,19,6,V Anovankar,Ravisrinivasan Sai Kishore,Ramsingh Sonu Yadav,1,1,0,run,0,,,163/4
1489133,1,20,1,V Anovankar,Ravisrinivasan Sai Kishore,Ajay K Krishna,1,1,0,run,0,,,164/4
1489133,1,20,2,Ravisrinivasan Sai Kishore,V Anovankar,Ajay K Krishna,4,4,0,four,0,,,168/4
1489133,1,20,3,Ravisrinivasan Sai Kishore,V Anovankar,Ajay K Krishna,0,0,0,out,1,bowled,Ravisrinivasan Sai Kishore,168/5
1489133,1,20,4,Uthirasamy Sasidev,V Anovankar,Ajay K Krishna,6,6,0,six,0,,,174/5
1489133,1,20,5,Uthirasamy Sasidev,V Anovankar,Ajay K Krishna,7,6,1,six,0,,,181/5
1489133,1,20,6,Uthirasamy Sasidev,V Anovankar,Ajay K Krishna,0,0,0,no run,0,,,181/5
1489133,1,20,7,Uthirasamy Sasidev,V Anovankar,Ajay K Krishna,1,1,0,run,0,,,182/5
1489133,2,1,1,D Santhosh Kumar,Guruswamy Ajitesh,Thangarasu Natarajan,0,0,0,no run,0,,,0/0
1489133,2,1,2,D Santhosh Kumar,Guruswamy Ajitesh,Thangarasu Natarajan,1,0,1,wide,0,,,1/0
1489133,2,1,3,D Santhosh Kumar,Guruswamy Ajitesh,Thangarasu Natarajan,1,0,1,wide,0,,,2/0
1489133,2,1,4,D Santhosh Kumar,Guruswamy Ajitesh,Thangarasu Natarajan,1,0,1,wide,0,,,3/0
1489133,2,1,5,D Santhosh Kumar,Guruswamy Ajitesh,Thangarasu Natarajan,0,0,0,no run,0,,,3/0
1489133,2,1,6,D Santhosh Kumar,Guruswamy Ajitesh,Thangarasu Natarajan,0,0,0,no run,0,,,3/0
1489133,2,1,7,D Santhosh Kumar,Guruswamy Ajitesh,Thangarasu Natarajan,0,0,0,no run,0,,,3/0
1489133,2,1,8,D Santhosh Kumar,Guruswamy Ajitesh,Thangarasu Natarajan,0,0,0,out,1,caught,D Santhosh Kumar,3/1
1489133,2,1,9,Athish SR,Guruswamy Ajitesh,Thangarasu Natarajan,1,1,0,run,0,,,4/1
1489133,2,2,1,Athish SR,Guruswamy Ajitesh,Ragupathy Silambarasan,0,0,0,no run,0,,,4/1
1489133,2,2,2,Athish SR,Guruswamy Ajitesh,Ragupathy Silambarasan,0,0,0,no run,0,,,4/1
1489133,2,2,3,Athish SR,Guruswamy Ajitesh,Ragupathy Silambarasan,1,1,0,run,0,,,5/1
1489133,2,2,4,Guruswamy Ajitesh,Athish SR,Ragupathy Silambarasan,0,0,0,no run,0,,,5/1
1489133,2,2,5,Guruswamy Ajitesh,Athish SR,Ragupathy Silambarasan,1,1,0,run,0,,,6/1
1489133,2,2,6,Athish SR,Guruswamy Ajitesh,Ragupathy Silambarasan,4,4,0,four,0,,,10/1
1489133,2,3,1,Guruswamy Ajitesh,Athish SR,Thangarasu Natarajan,0,0,0,no run,0,,,10/1
1489133,2,3,2,Guruswamy Ajitesh,Athish SR,Thangarasu Natarajan,1,1,0,run,0,,,11/1
1489133,2,3,3,Athish SR,Guruswamy Ajitesh,Thangarasu Natarajan,0,0,0,no run,0,,,11/1
1489133,2,3,4,Athish SR,Guruswamy Ajitesh,Thangarasu Natarajan,1,0,1,wide,0,,,12/1
1489133,2,3,5,Athish SR,Guruswamy Ajitesh,Thangarasu Natarajan,0,0,0,no run,0,,,12/1
1489133,2,3,6,Athish SR,Guruswamy Ajitesh,Thangarasu Natarajan,2,2,0,run,0,,,14/1
1489133,2,3,7,Athish SR,Guruswamy Ajitesh,Thangarasu Natarajan,0,0,0,no run,0,,,14/1
1489133,2,4,1,Guruswamy Ajitesh,Athish SR,Ragupathy Silambarasan,0,0,0,no run,0,,,14/1
1489133,2,4,2,Guruswamy Ajitesh,Athish SR,Ragupathy Silambarasan,1,1,0,run,0,,,15/1
1489133,2,4,3,Athish SR,Guruswamy Ajitesh,Ragupathy Silambarasan,4,4,0,four,0,,,19/1
1489133,2,4,4,Athish SR,Guruswamy Ajitesh,Ragupathy Silambarasan,0,0,0,no run,0,,,19/1
1489133,2,4,5,Athish SR,Guruswamy Ajitesh,Ragupathy Silambarasan,0,0,0,no run,0,,,19/1
1489133,2,4,6,Athish SR,Guruswamy Ajitesh,Ragupathy Silambarasan,0,0,0,no run,0,,,19/1
1489133,2,5,1,Guruswamy Ajitesh,Athish SR,Ravisrinivasan Sai Kishore,0,0,0,no run,0,,,19/1
1489133,2,5,2,Guruswamy Ajitesh,Athish SR,Ravisrinivasan Sai Kishore,0,0,0,no run,0,,,19/1
1489133,2,5,3,Guruswamy Ajitesh,Athish SR,Ravisrinivasan Sai Kishore,0,0,0,no run,0,,,19/1
1489133,2,5,4,Guruswamy Ajitesh,Athish SR,Ravisrinivasan Sai Kishore,1,1,0,run,0,,,20/1
1489133,2,5,5,Athish SR,Guruswamy Ajitesh,Ravisrinivasan Sai Kishore,0,0,0,no run,0,,,20/1
1489133,2,5,6,Athish SR,Guruswamy Ajitesh,Ravisrinivasan Sai Kishore,1,1,0,run,0,,,21/1
1489133,2,6,1,Athish SR,Guruswamy Ajitesh,S Mohan Prasath,0,0,0,no run,0,,,21/1
1489133,2,6,2,Athish SR,Guruswamy Ajitesh,S Mohan Prasath,4,4,0,four,0,,,25/1
1489133,2,6,3,Athish SR,Guruswamy Ajitesh,S Mohan Prasath,0,0,0,out,1,bowled,Athish SR,25/2
1489133,2,6,4,NS Harish,Guruswamy Ajitesh,S Mohan Prasath,0,0,0,out,1,leg before wicket,NS Harish,25/3
1489133,2,6,5,S Rithik Easwaran,Guruswamy Ajitesh,S Mohan Prasath,1,1,0,run,0,,,26/3
1489133,2,6,6,Guruswamy Ajitesh,S Rithik Easwaran,S Mohan Prasath,0,0,0,no run,0,,,26/3
1489133,2,7,1,S Rithik Easwaran,Guruswamy Ajitesh,Ravisrinivasan Sai Kishore,0,0,0,no run,0,,,26/3
1489133,2,7,2,S Rithik Easwaran,Guruswamy Ajitesh,Ravisrinivasan Sai Kishore,1,1,0,run,0,,,27/3
1489133,2,7,3,Guruswamy Ajitesh,S Rithik Easwaran,Ravisrinivasan Sai Kishore,0,0,0,no run,0,,,27/3
1489133,2,7,4,Guruswamy Ajitesh,S Rithik Easwaran,Ravisrinivasan Sai Kishore,1,1,0,run,0,,,28/3
1489133,2,7,5,S Rithik Easwaran,Guruswamy Ajitesh,Ravisrinivasan Sai Kishore,1,1,0,run,0,,,29/3
1489133,2,7,6,Guruswamy Ajitesh,S Rithik Easwaran,Ravisrinivasan Sai Kishore,1,1,0,run,0,,,30/3
1489133,2,8,1,Guruswamy Ajitesh,S Rithik Easwaran,S Mohan Prasath,0,0,0,no run,0,,,30/3
1489133,2,8,2,Guruswamy Ajitesh,S Rithik Easwaran,S Mohan Prasath,0,0,0,no run,0,,,30/3
1489133,2,8,3,Guruswamy Ajitesh,S Rithik Easwaran,S Mohan Prasath,1,1,0,run,0,,,31/3
1489133,2,8,4,S Rithik Easwaran,Guruswamy Ajitesh,S Mohan Prasath,2,2,0,run,0,,,33/3
1489133,2,8,5,S Rithik Easwaran,Guruswamy Ajitesh,S Mohan Prasath,0,0,0,no run,0,,,33/3
1489133,2,8,6,S Rithik Easwaran,Guruswamy Ajitesh,S Mohan Prasath,4,4,0,four,0,,,37/3
1489133,2,9,1,Guruswamy Ajitesh,S Rithik Easwaran,Esakkimuthu A,0,0,0,no run,0,,,37/3
1489133,2,9,2,Guruswamy Ajitesh,S Rithik Easwaran,Esakkimuthu A,1,1,0,run,0,,,38/3
1489133,2,9,3,S Rithik Easwaran,Guruswamy Ajitesh,Esakkimuthu A,1,1,0,run,0,,,39/3
1489133,2,9,4,Guruswamy Ajitesh,S Rithik Easwaran,Esakkimuthu A,6,6,0,six,0,,,45/3
1489133,2,9,5,Guruswamy Ajitesh,S Rithik Easwaran,Esakkimuthu A,1,1,0,run,0,,,46/3
1489133,2,9,6,S Rithik Easwaran,Guruswamy Ajitesh,Esakkimuthu A,2,2,0,run,0,,,48/3
1489133,2,10,1,Guruswamy Ajitesh,S Rithik Easwaran,Daryl Sunder Ferrario,6,6,0,six,0,,,54/3
1489133,2,10,2,Guruswamy Ajitesh,S Rithik Easwaran,Daryl Sunder Ferrario,0,0,0,no run,0,,,54/3
1489133,2,10,3,Guruswamy Ajitesh,S Rithik Easwaran,Daryl Sunder Ferrario,1,1,0,run,0,,,55/3
1489133,2,10,4,S Rithik Easwaran,Guruswamy Ajitesh,Daryl Sunder Ferrario,1,1,0,run,0,,,56/3
1489133,2,10,5,Guruswamy Ajitesh,S Rithik Easwaran,Daryl Sunder Ferrario,0,0,0,no run,0,,,56/3
1489133,2,10,6,Guruswamy Ajitesh,S Rithik Easwaran,Daryl Sunder Ferrario,4,4,0,four,0,,,60/3
1489133,2,11,1,S Rithik Easwaran,Guruswamy Ajitesh,S Mohan Prasath,1,1,0,run,0,,,61/3
1489133,2,11,2,Guruswamy Ajitesh,S Rithik Easwaran,S Mohan Prasath,1,1,0,run,0,,,62/3
1489133,2,11,3,S Rithik Easwaran,Guruswamy Ajitesh,S Mohan Prasath,6,6,0,six,0,,,68/3
1489133,2,11,4,S Rithik Easwaran,Guruswamy Ajitesh,S Mohan Prasath,1,1,0,run,0,,,69/3
1489133,2,11,5,Guruswamy Ajitesh,S Rithik Easwaran,S Mohan Prasath,1,1,0,run,0,,,70/3
1489133,2,11,6,S Rithik Easwaran,Guruswamy Ajitesh,S Mohan Prasath,6,6,0,six,0,,,76/3
1489133,2,12,1,Guruswamy Ajitesh,S Rithik Easwaran,Esakkimuthu A,0,0,0,out,1,caught,Guruswamy Ajitesh,76/4
1489133,2,12,2,Konda Bhaskir Arun Karthik,S Rithik Easwaran,Esakkimuthu A,1,1,0,run,0,,,77/4
1489133,2,12,3,S Rithik Easwaran,Konda Bhaskir Arun Karthik,Esakkimuthu A,0,0,0,no run,0,,,77/4
1489133,2,12,4,S Rithik Easwaran,Konda Bhaskir Arun Karthik,Esakkimuthu A,1,1,0,run,0,,,78/4
1489133,2,12,5,Konda Bhaskir Arun Karthik,S Rithik Easwaran,Esakkimuthu A,0,0,0,no run,0,,,78/4
1489133,2,12,6,Konda Bhaskir Arun Karthik,S Rithik Easwaran,Esakkimuthu A,1,1,0,run,0,,,79/4
1489133,2,13,1,Konda Bhaskir Arun Karthik,S Rithik Easwaran,S Mohamed Ali,0,0,0,out,1,caught,Konda Bhaskir Arun Karthik,79/5
1489133,2,13,2,Muhammed Adnan Khan,S Rithik Easwaran,S Mohamed Ali,1,1,0,run,0,,,80/5
1489133,2,13,3,S Rithik Easwaran,Muhammed Adnan Khan,S Mohamed Ali,0,0,0,out,1,run out,Muhammed Adnan Khan,80/6
1489133,2,13,4,Ramsingh Sonu Yadav,S Rithik Easwaran,S Mohamed Ali,0,0,0,no run,0,,,80/6
1489133,2,13,5,Ramsingh Sonu Yadav,S Rithik Easwaran,S Mohamed Ali,1,1,0,run,0,,,81/6
1489133,2,13,6,S Rithik Easwaran,Ramsingh Sonu Yadav,S Mohamed Ali,4,4,0,four,0,,,85/6
1489133,2,14,1,Ramsingh Sonu Yadav,S Rithik Easwaran,Esakkimuthu A,0,0,0,no run,0,,,85/6
1489133,2,14,2,Ramsingh Sonu Yadav,S Rithik Easwaran,Esakkimuthu A,4,4,0,four,0,,,89/6
1489133,2,14,3,Ramsingh Sonu Yadav,S Rithik Easwaran,Esakkimuthu A,2,2,0,run,0,,,91/6
1489133,2,14,4,Ramsingh Sonu Yadav,S Rithik Easwaran,Esakkimuthu A,0,0,0,no run,0,,,91/6
1489133,2,14,5,Ramsingh Sonu Yadav,S Rithik Easwaran,Esakkimuthu A,1,1,0,run,0,,,92/6
1489133,2,14,6,S Rithik Easwaran,Ramsingh Sonu Yadav,Esakkimuthu A,0,0,0,no run,0,,,92/6
1489133,2,15,1,Ramsingh Sonu Yadav,S Rithik Easwaran,Ravisrinivasan Sai Kishore,2,0,2,wide,0,,,94/6
1489133,2,15,2,S Rithik Easwaran,Ramsingh Sonu Yadav,Ravisrinivasan Sai Kishore,1,0,1,wide,0,,,95/6
1489133,2,15,3,S Rithik Easwaran,Ramsingh Sonu Yadav,Ravisrinivasan Sai Kishore,0,0,0,no run,0,,,95/6
1489133,2,15,4,S Rithik Easwaran,Ramsingh Sonu Yadav,Ravisrinivasan Sai Kishore,0,0,0,no run,0,,,95/6
1489133,2,15,5,S Rithik Easwaran,Ramsingh Sonu Yadav,Ravisrinivasan Sai Kishore,1,0,1,wide,0,,,96/6
1489133,2,15,6,S Rithik Easwaran,Ramsingh Sonu Yadav,Ravisrinivasan Sai Kishore,1,1,0,run,0,,,97/6
1489133,2,15,7,Ramsingh Sonu Yadav,S Rithik Easwaran,Ravisrinivasan Sai Kishore,0,0,0,no run,0,,,97/6
1489133,2,15,8,Ramsingh Sonu Yadav,S Rithik Easwaran,Ravisrinivasan Sai Kishore,0,0,0,no run,0,,,97/6
1489133,2,15,9,Ramsingh Sonu Yadav,S Rithik Easwaran,Ravisrinivasan Sai Kishore,0,0,0,no run,0,,,97/6
1489133,2,16,1,S Rithik Easwaran,Ramsingh Sonu Yadav,Thangarasu Natarajan,6,6,0,six,0,,,103/6
1489133,2,16,2,S Rithik Easwaran,Ramsingh Sonu Yadav,Thangarasu Natarajan,0,0,0,out,1,caught,S Rithik Easwaran,103/7
1489133,2,16,3,Ajay K Krishna,Ramsingh Sonu Yadav,Thangarasu Natarajan,0,0,0,no run,0,,,103/7
1489133,2,16,4,Ajay K Krishna,Ramsingh Sonu Yadav,Thangarasu Natarajan,0,0,0,out,1,caught,Ajay K Krishna,103/8
1489133,2,16,5,Sachin Rathi,Ramsingh Sonu Yadav,Thangarasu Natarajan,0,0,0,no run,0,,,103/8
1489133,2,16,6,Sachin Rathi,Ramsingh Sonu Yadav,Thangarasu Natarajan,0,0,0,no run,0,,,103/8
1489133,2,17,1,Ramsingh Sonu Yadav,Sachin Rathi,Ravisrinivasan Sai Kishore,6,6,0,six,0,,,109/8
1489133,2,17,2,Ramsingh Sonu Yadav,Sachin Rathi,Ravisrinivasan Sai Kishore,0,0,0,no run,0,,,109/8
1489133,2,17,3,Ramsingh Sonu Yadav,Sachin Rathi,Ravisrinivasan Sai Kishore,0,0,0,out,1,caught,Ramsingh Sonu Yadav,109/9
1489133,2,17,4,Emmanuel Cherian,Sachin Rathi,Ravisrinivasan Sai Kishore,1,1,0,run,0,,,110/9
1489133,2,17,5,Sachin Rathi,Emmanuel Cherian,Ravisrinivasan Sai Kishore,0,0,0,no run,0,,,110/9
1489133,2,17,6,Sachin Rathi,Emmanuel Cherian,Ravisrinivasan Sai Kishore,0,0,0,no run,0,,,110/9
1489133,2,18,1,Emmanuel Cherian,Sachin Rathi,Thangarasu Natarajan,0,0,0,no run,0,,,110/9
1489133,2,18,2,Emmanuel Cherian,Sachin Rathi,Thangarasu Natarajan,0,0,0,no run,0,,,110/9
1489133,2,18,3,Emmanuel Cherian,Sachin Rathi,Thangarasu Natarajan,0,0,0,no run,0,,,110/9
1489133,2,18,4,Emmanuel Cherian,Sachin Rathi,Thangarasu Natarajan,0,0,0,no run,0,,,110/9
1489133,2,18,5,Emmanuel Cherian,Sachin Rathi,Thangarasu Natarajan,0,0,0,no run,0,,,110/9
1489133,2,18,6,Emmanuel Cherian,Sachin Rathi,Thangarasu Natarajan,0,0,0,no run,0,,,110/9
1489133,2,19,1,Sachin Rathi,Emmanuel Cherian,Ragupathy Silambarasan,0,0,0,no run,0,,,110/9
1489133,2,19,2,Sachin Rathi,Emmanuel Cherian,Ragupathy Silambarasan,0,0,0,no run,0,,,110/9
1489133,2,19,3,Sachin Rathi,Emmanuel Cherian,Ragupathy Silambarasan,0,0,0,no run,0,,,110/9
1489133,2,19,4,Sachin Rathi,Emmanuel Cherian,Ragupathy Silambarasan,1,1,0,run,0,,,111/9
1489133,2,19,5,Emmanuel Cherian,Sachin Rathi,Ragupathy Silambarasan,1,1,0,run,0,,,112/9
1489133,2,19,6,Sachin Rathi,Emmanuel Cherian,Ragupathy Silambarasan,1,1,0,run,0,,,113/9
1489133,2,20,1,Sachin Rathi,Emmanuel Cherian,Pradosh Ranjan Paul,0,0,0,no run,0,,,113/9
1489133,2,20,2,Sachin Rathi,Emmanuel Cherian,Pradosh Ranjan Paul,0,0,0,no run,0,,,113/9
1489133,2,20,3,Sachin Rathi,Emmanuel Cherian,Pradosh Ranjan Paul,0,0,0,no run,0,,,113/9
1489133,2,20,4,Sachin Rathi,Emmanuel Cherian,Pradosh Ranjan Paul,0,0,0,out,1,caught,Sachin Rathi,113/10
1489134,1,1,1,Ravichandran Ashwin,Shivam Singh,V Athisayaraj Davidson,1,1,0,run,0,,,1/0
1489134,1,1,2,Shivam Singh,Ravichandran Ashwin,V Athisayaraj Davidson,0,0,0,no run,0,,,1/0
1489134,1,1,3,Shivam Singh,Ravichandran Ashwin,V Athisayaraj Davidson,0,0,0,no run,0,,,1/0
1489134,1,1,4,Shivam Singh,Ravichandran Ashwin,V Athisayaraj Davidson,1,1,0,run,0,,,2/0
1489134,1,1,5,Ravichandran Ashwin,Shivam Singh,V Athisayaraj Davidson,1,1,0,run,0,,,3/0
1489134,1,1,6,Shivam Singh,Ravichandran Ashwin,V Athisayaraj Davidson,1,1,0,run,0,,,4/0
1489134,1,2,1,Shivam Singh,Ravichandran Ashwin,K Easwaran,4,4,0,four,0,,,8/0
1489134,1,2,2,Shivam Singh,Ravichandran Ashwin,K Easwaran,0,0,0,no run,0,,,8/0
1489134,1,2,3,Shivam Singh,Ravichandran Ashwin,K Easwaran,1,1,0,run,0,,,9/0
1489134,1,2,4,Ravichandran Ashwin,Shivam Singh,K Easwaran,1,0,1,wide,0,,,10/0
1489134,1,2,5,Ravichandran Ashwin,Shivam Singh,K Easwaran,1,0,1,leg bye,0,,,11/0
1489134,1,2,6,Shivam Singh,Ravichandran Ashwin,K Easwaran,0,0,0,no run,0,,,11/0
1489134,1,2,7,Shivam Singh,Ravichandran Ashwin,K Easwaran,0,0,0,no run,0,,,11/0
1489134,1,3,1,Ravichandran Ashwin,Shivam Singh,V Athisayaraj Davidson,0,0,0,out,1,caught,Ravichandran Ashwin,11/1
1489134,1,3,2,Baba Indrajith,Shivam Singh,V Athisayaraj Davidson,0,0,0,no run,0,,,11/1
1489134,1,3,3,Baba Indrajith,Shivam Singh,V Athisayaraj Davidson,1,1,0,run,0,,,12/1
1489134,1,3,4,Shivam Singh,Baba Indrajith,V Athisayaraj Davidson,0,0,0,no run,0,,,12/1
1489134,1,3,5,Shivam Singh,Baba Indrajith,V Athisayaraj Davidson,1,1,0,run,0,,,13/1
1489134,1,3,6,Baba Indrajith,Shivam Singh,V Athisayaraj Davidson,1,1,0,run,0,,,14/1
1489134,1,4,1,Baba Indrajith,Shivam Singh,K Easwaran,1,1,0,run,0,,,15/1
1489134,1,4,2,Shivam Singh,Baba Indrajith,K Easwaran,4,4,0,four,0,,,19/1
1489134,1,4,3,Shivam Singh,Baba Indrajith,K Easwaran,0,0,0,no run,0,,,19/1
1489134,1,4,4,Shivam Singh,Baba Indrajith,K Easwaran,1,1,0,run,0,,,20/1
1489134,1,4,5,Baba Indrajith,Shivam Singh,K Easwaran,0,0,0,out,1,bowled,Baba Indrajith,20/2
1489134,1,4,6,Maan K Bafna,Shivam Singh,K Easwaran,0,0,0,no run,0,,,20/2
1489134,1,5,1,Shivam Singh,Maan K Bafna,P Saravana Kumar,0,0,0,no run,0,,,20/2
1489134,1,5,2,Shivam Singh,Maan K Bafna,P Saravana Kumar,1,1,0,run,0,,,21/2
1489134,1,5,3,Maan K Bafna,Shivam Singh,P Saravana Kumar,0,0,0,no run,0,,,21/2
1489134,1,5,4,Maan K Bafna,Shivam Singh,P Saravana Kumar,4,4,0,four,0,,,25/2
1489134,1,5,5,Maan K Bafna,Shivam Singh,P Saravana Kumar,0,0,0,no run,0,,,25/2
1489134,1,5,6,Maan K Bafna,Shivam Singh,P Saravana Kumar,1,1,0,run,0,,,26/2
1489134,1,6,1,Maan K Bafna,Shivam Singh,N Selva Kumaran,0,0,0,no run,0,,,26/2
1489134,1,6,2,Maan K Bafna,Shivam Singh,N Selva Kumaran,0,0,0,no run,0,,,26/2
1489134,1,6,3,Maan K Bafna,Shivam Singh,N Selva Kumaran,4,4,0,four,0,,,30/2
1489134,1,6,4,Maan K Bafna,Shivam Singh,N Selva Kumaran,0,0,0,no run,0,,,30/2
1489134,1,6,5,Maan K Bafna,Shivam Singh,N Selva Kumaran,1,1,0,run,0,,,31/2
1489134,1,6,6,Shivam Singh,Maan K Bafna,N Selva Kumaran,0,0,0,no run,0,,,31/2
1489134,1,7,1,Maan K Bafna,Shivam Singh,P Saravana Kumar,4,4,0,four,0,,,35/2
1489134,1,7,2,Maan K Bafna,Shivam Singh,P Saravana Kumar,0,0,0,out,1,bowled,Maan K Bafna,35/3
1489134,1,7,3,R Vimal Khumar,Shivam Singh,P Saravana Kumar,1,1,0,run,0,,,36/3
1489134,1,7,4,Shivam Singh,R Vimal Khumar,P Saravana Kumar,0,0,0,no run,0,,,36/3
1489134,1,7,5,Shivam Singh,R Vimal Khumar,P Saravana Kumar,0,0,0,no run,0,,,36/3
1489134,1,7,6,Shivam Singh,R Vimal Khumar,P Saravana Kumar,1,1,0,run,0,,,37/3
1489134,1,8,1,Shivam Singh,R Vimal Khumar,N Selva Kumaran,0,0,0,no run,0,,,37/3
1489134,1,8,2,Shivam Singh,R Vimal Khumar,N Selva Kumaran,1,1,0,run,0,,,38/3
1489134,1,8,3,R Vimal Khumar,Shivam Singh,N Selva Kumaran,0,0,0,no run,0,,,38/3
1489134,1,8,4,R Vimal Khumar,Shivam Singh,N Selva Kumaran,1,1,0,run,0,,,39/3
1489134,1,8,5,Shivam Singh,R Vimal Khumar,N Selva Kumaran,1,1,0,run,0,,,40/3
1489134,1,8,6,R Vimal Khumar,Shivam Singh,N Selva Kumaran,0,0,0,no run,0,,,40/3
1489134,1,9,1,Shivam Singh,R Vimal Khumar,P Saravana Kumar,1,1,0,run,0,,,41/3
1489134,1,9,2,R Vimal Khumar,Shivam Singh,P Saravana Kumar,0,0,0,no run,0,,,41/3
1489134,1,9,3,R Vimal Khumar,Shivam Singh,P Saravana Kumar,1,1,0,run,0,,,42/3
1489134,1,9,4,Shivam Singh,R Vimal Khumar,P Saravana Kumar,0,0,0,no run,0,,,42/3
1489134,1,9,5,Shivam Singh,R Vimal Khumar,P Saravana Kumar,1,1,0,run,0,,,43/3
1489134,1,9,6,R Vimal Khumar,Shivam Singh,P Saravana Kumar,1,1,0,run,0,,,44/3
1489134,1,10,1,R Vimal Khumar,Shivam Singh,N Selva Kumaran,1,1,0,run,0,,,45/3
1489134,1,10,2,Shivam Singh,R Vimal Khumar,N Selva Kumaran,1,1,0,run,0,,,46/3
1489134,1,10,3,R Vimal Khumar,Shivam Singh,N Selva Kumaran,0,0,0,no run,0,,,46/3
1489134,1,10,4,R Vimal Khumar,Shivam Singh,N Selva Kumaran,1,1,0,run,0,,,47/3
1489134,1,10,5,Shivam Singh,R Vimal Khumar,N Selva Kumaran,0,0,0,no run,0,,,47/3
1489134,1,10,6,Shivam Singh,R Vimal Khumar,N Selva Kumaran,1,1,0,run,0,,,48/3
1489134,1,11,1,Shivam Singh,R Vimal Khumar,R Rajkumar,1,1,0,run,0,,,49/3
1489134,1,11,2,R Vimal Khumar,Shivam Singh,R Rajkumar,1,1,0,run,0,,,50/3
1489134,1,11,3,Shivam Singh,R Vimal Khumar,R Rajkumar,0,0,0,no run,0,,,50/3
1489134,1,11,4,Shivam Singh,R Vimal Khumar,R Rajkumar,1,1,0,run,0,,,51/3
1489134,1,11,5,R Vimal Khumar,Shivam Singh,R Rajkumar,1,1,0,run,0,,,52/3
1489134,1,11,6,Shivam Singh,R Vimal Khumar,R Rajkumar,1,1,0,run,0,,,53/3
1489134,1,12,1,Shivam Singh,R Vimal Khumar,Ramsingh  Sanjay Yadav,6,6,0,six,0,,,59/3
1489134,1,12,2,Shivam Singh,R Vimal Khumar,Ramsingh  Sanjay Yadav,1,1,0,run,0,,,60/3
1489134,1,12,3,R Vimal Khumar,Shivam Singh,Ramsingh  Sanjay Yadav,1,1,0,run,0,,,61/3
1489134,1,12,4,Shivam Singh,R Vimal Khumar,Ramsingh  Sanjay Yadav,1,1,0,run,0,,,62/3
1489134,1,12,5,R Vimal Khumar,Shivam Singh,Ramsingh  Sanjay Yadav,4,4,0,four,0,,,66/3
1489134,1,12,6,R Vimal Khumar,Shivam Singh,Ramsingh  Sanjay Yadav,1,1,0,run,0,,,67/3
1489134,1,13,1,R Vimal Khumar,Shivam Singh,R Rajkumar,0,0,0,no run,0,,,67/3
1489134,1,13,2,R Vimal Khumar,Shivam Singh,R Rajkumar,1,0,1,leg bye,0,,,68/3
1489134,1,13,3,Shivam Singh,R Vimal Khumar,R Rajkumar,4,4,0,four,0,,,72/3
1489134,1,13,4,Shivam Singh,R Vimal Khumar,R Rajkumar,1,1,0,run,0,,,73/3
1489134,1,13,5,R Vimal Khumar,Shivam Singh,R Rajkumar,2,2,0,run,0,,,75/3
1489134,1,13,6,R Vimal Khumar,Shivam Singh,R Rajkumar,1,1,0,run,0,,,76/3
1489134,1,14,1,R Vimal Khumar,Shivam Singh,P Saravana Kumar,1,1,0,run,0,,,77/3
1489134,1,14,2,Shivam Singh,R Vimal Khumar,P Saravana Kumar,0,0,0,no run,0,,,77/3
1489134,1,14,3,Shivam Singh,R Vimal Khumar,P Saravana Kumar,0,0,0,out,1,caught,Shivam Singh,77/4
1489134,1,14,4,Hunny Saini,R Vimal Khumar,P Saravana Kumar,1,1,0,run,0,,,78/4
1489134,1,14,5,R Vimal Khumar,Hunny Saini,P Saravana Kumar,1,1,0,run,0,,,79/4
1489134,1,14,6,Hunny Saini,R Vimal Khumar,P Saravana Kumar,0,0,0,no run,0,,,79/4
1489134,1,15,1,R Vimal Khumar,Hunny Saini,R Rajkumar,1,1,0,run,0,,,80/4
1489134,1,15,2,Hunny Saini,R Vimal Khumar,R Rajkumar,1,1,0,run,0,,,81/4
1489134,1,15,3,R Vimal Khumar,Hunny Saini,R Rajkumar,6,6,0,six,0,,,87/4
1489134,1,15,4,R Vimal Khumar,Hunny Saini,R Rajkumar,4,4,0,four,0,,,91/4
1489134,1,15,5,R Vimal Khumar,Hunny Saini,R Rajkumar,1,1,0,run,0,,,92/4
1489134,1,15,6,Hunny Saini,R Vimal Khumar,R Rajkumar,1,1,0,run,0,,,93/4
1489134,1,16,1,Hunny Saini,R Vimal Khumar,K Easwaran,6,6,0,six,0,,,99/4
1489134,1,16,2,Hunny Saini,R Vimal Khumar,K Easwaran,6,6,0,six,0,,,105/4
1489134,1,16,3,Hunny Saini,R Vimal Khumar,K Easwaran,1,1,0,run,0,,,106/4
1489134,1,16,4,R Vimal Khumar,Hunny Saini,K Easwaran,1,1,0,run,0,,,107/4
1489134,1,16,5,Hunny Saini,R Vimal Khumar,K Easwaran,0,0,0,no run,0,,,107/4
1489134,1,16,6,Hunny Saini,R Vimal Khumar,K Easwaran,4,4,0,four,0,,,111/4
1489134,1,17,1,R Vimal Khumar,Hunny Saini,V Athisayaraj Davidson,4,4,0,four,0,,,115/4
1489134,1,17,2,R Vimal Khumar,Hunny Saini,V Athisayaraj Davidson,0,0,0,no run,0,,,115/4
1489134,1,17,3,R Vimal Khumar,Hunny Saini,V Athisayaraj Davidson,4,4,0,four,0,,,119/4
1489134,1,17,4,R Vimal Khumar,Hunny Saini,V Athisayaraj Davidson,1,1,0,run,0,,,120/4
1489134,1,17,5,Hunny Saini,R Vimal Khumar,V Athisayaraj Davidson,1,1,0,run,0,,,121/4
1489134,1,17,6,R Vimal Khumar,Hunny Saini,V Athisayaraj Davidson,6,6,0,six,0,,,127/4
1489134,1,18,1,Hunny Saini,R Vimal Khumar,N Selva Kumaran,0,0,0,out,1,caught,Hunny Saini,127/5
1489134,1,18,2,M Karthik Saran,R Vimal Khumar,N Selva Kumaran,1,1,0,run,0,,,128/5
1489134,1,18,3,R Vimal Khumar,M Karthik Saran,N Selva Kumaran,1,0,1,leg bye,0,,,129/5
1489134,1,18,4,M Karthik Saran,R Vimal Khumar,N Selva Kumaran,1,1,0,run,0,,,130/5
1489134,1,18,5,R Vimal Khumar,M Karthik Saran,N Selva Kumaran,1,1,0,run,0,,,131/5
1489134,1,18,6,M Karthik Saran,R Vimal Khumar,N Selva Kumaran,0,0,0,no run,0,,,131/5
1489134,1,19,1,R Vimal Khumar,M Karthik Saran,V Athisayaraj Davidson,1,1,0,run,0,,,132/5
1489134,1,19,2,M Karthik Saran,R Vimal Khumar,V Athisayaraj Davidson,0,0,0,out,1,bowled,M Karthik Saran,132/6
1489134,1,19,3,Varun Chakravarthy Vinod,R Vimal Khumar,V Athisayaraj Davidson,4,4,0,four,0,,,136/6
1489134,1,19,4,Varun Chakravarthy Vinod,R Vimal Khumar,V Athisayaraj Davidson,1,1,0,run,0,,,137/6
1489134,1,19,5,R Vimal Khumar,Varun Chakravarthy Vinod,V Athisayaraj Davidson,1,1,0,run,0,,,138/6
1489134,1,19,6,Varun Chakravarthy Vinod,R Vimal Khumar,V Athisayaraj Davidson,0,0,0,no run,0,,,138/6
1489134,1,20,1,R Vimal Khumar,Varun Chakravarthy Vinod,K Easwaran,1,1,0,run,0,,,139/6
1489134,1,20,2,Varun Chakravarthy Vinod,R Vimal Khumar,K Easwaran,0,0,0,no run,0,,,139/6
1489134,1,20,3,Varun Chakravarthy Vinod,R Vimal Khumar,K Easwaran,4,4,0,four,0,,,143/6
1489134,1,20,4,Varun Chakravarthy Vinod,R Vimal Khumar,K Easwaran,2,2,0,run,0,,,145/6
1489134,1,20,5,Varun Chakravarthy Vinod,R Vimal Khumar,K Easwaran,1,0,1,bye,0,,,146/6
1489134,1,20,6,R Vimal Khumar,Varun Chakravarthy Vinod,K Easwaran,4,4,0,four,0,,,150/6
1489134,2,1,1,Waseem Ahmed,Jayaraman Suresh Kumar,Sankarankutty Sandeep Warrier,4,4,0,four,0,,,4/0
1489134,2,1,2,Waseem Ahmed,Jayaraman Suresh Kumar,Sankarankutty Sandeep Warrier,0,0,0,no run,0,,,4/0
1489134,2,1,3,Waseem Ahmed,Jayaraman Suresh Kumar,Sankarankutty Sandeep Warrier,0,0,0,no run,0,,,4/0
1489134,2,1,4,Waseem Ahmed,Jayaraman Suresh Kumar,Sankarankutty Sandeep Warrier,0,0,0,no run,0,,,4/0
1489134,2,1,5,Waseem Ahmed,Jayaraman Suresh Kumar,Sankarankutty Sandeep Warrier,1,1,0,run,0,,,5/0
1489134,2,1,6,Jayaraman Suresh Kumar,Waseem Ahmed,Sankarankutty Sandeep Warrier,4,4,0,four,0,,,9/0
1489134,2,2,1,Waseem Ahmed,Jayaraman Suresh Kumar,Ganeshan Periyaswamy,1,1,0,run,0,,,10/0
1489134,2,2,2,Jayaraman Suresh Kumar,Waseem Ahmed,Ganeshan Periyaswamy,4,4,0,four,0,,,14/0
1489134,2,2,3,Jayaraman Suresh Kumar,Waseem Ahmed,Ganeshan Periyaswamy,1,1,0,run,0,,,15/0
1489134,2,2,4,Waseem Ahmed,Jayaraman Suresh Kumar,Ganeshan Periyaswamy,0,0,0,no run,0,,,15/0
1489134,2,2,5,Waseem Ahmed,Jayaraman Suresh Kumar,Ganeshan Periyaswamy,4,4,0,four,0,,,19/0
1489134,2,2,6,Waseem Ahmed,Jayaraman Suresh Kumar,Ganeshan Periyaswamy,0,0,0,no run,0,,,19/0
1489134,2,3,1,Jayaraman Suresh Kumar,Waseem Ahmed,Varun Chakravarthy Vinod,0,0,0,out,1,leg before wicket,Jayaraman Suresh Kumar,19/1
1489134,2,3,2,S Sujay,Waseem Ahmed,Varun Chakravarthy Vinod,0,0,0,no run,0,,,19/1
1489134,2,3,3,S Sujay,Waseem Ahmed,Varun Chakravarthy Vinod,0,0,0,no run,0,,,19/1
1489134,2,3,4,S Sujay,Waseem Ahmed,Varun Chakravarthy Vinod,0,0,0,no run,0,,,19/1
1489134,2,3,5,S Sujay,Waseem Ahmed,Varun Chakravarthy Vinod,1,0,1,wide,0,,,20/1
1489134,2,3,6,S Sujay,Waseem Ahmed,Varun Chakravarthy Vinod,0,0,0,no run,0,,,20/1
1489134,2,3,7,S Sujay,Waseem Ahmed,Varun Chakravarthy Vinod,0,0,0,no run,0,,,20/1
1489134,2,4,1,Waseem Ahmed,S Sujay,Ravichandran Ashwin,0,0,0,no run,0,,,20/1
1489134,2,4,2,Waseem Ahmed,S Sujay,Ravichandran Ashwin,1,1,0,run,0,,,21/1
1489134,2,4,3,S Sujay,Waseem Ahmed,Ravichandran Ashwin,1,1,0,run,0,,,22/1
1489134,2,4,4,Waseem Ahmed,S Sujay,Ravichandran Ashwin,0,0,0,no run,0,,,22/1
1489134,2,4,5,Waseem Ahmed,S Sujay,Ravichandran Ashwin,0,0,0,out,1,caught,Waseem Ahmed,22/2
1489134,2,4,6,Jagatheesan Kousik,S Sujay,Ravichandran Ashwin,1,1,0,run,0,,,23/2
1489134,2,5,1,Jagatheesan Kousik,S Sujay,Ravichandran Sasidharan,1,1,0,run,0,,,24/2
1489134,2,5,2,S Sujay,Jagatheesan Kousik,Ravichandran Sasidharan,0,0,0,no run,0,,,24/2
1489134,2,5,3,S Sujay,Jagatheesan Kousik,Ravichandran Sasidharan,0,0,0,out,1,bowled,S Sujay,24/3
1489134,2,5,4,U Mukilesh,Jagatheesan Kousik,Ravichandran Sasidharan,0,0,0,no run,0,,,24/3
1489134,2,5,5,U Mukilesh,Jagatheesan Kousik,Ravichandran Sasidharan,0,0,0,out,1,stumped,U Mukilesh,24/4
1489134,2,5,6,Ramsingh  Sanjay Yadav,Jagatheesan Kousik,Ravichandran Sasidharan,0,0,0,no run,0,,,24/4
1489134,2,6,1,Jagatheesan Kousik,Ramsingh  Sanjay Yadav,Ravichandran Ashwin,0,0,0,no run,0,,,24/4
1489134,2,6,2,Jagatheesan Kousik,Ramsingh  Sanjay Yadav,Ravichandran Ashwin,0,0,0,no run,0,,,24/4
1489134,2,6,3,Jagatheesan Kousik,Ramsingh  Sanjay Yadav,Ravichandran Ashwin,0,0,0,no run,0,,,24/4
1489134,2,6,4,Jagatheesan Kousik,Ramsingh  Sanjay Yadav,Ravichandran Ashwin,4,4,0,four,0,,,28/4
1489134,2,6,5,Jagatheesan Kousik,Ramsingh  Sanjay Yadav,Ravichandran Ashwin,0,0,0,no run,0,,,28/4
1489134,2,6,6,Jagatheesan Kousik,Ramsingh  Sanjay Yadav,Ravichandran Ashwin,0,0,0,no run,0,,,28/4
1489134,2,7,1,Ramsingh  Sanjay Yadav,Jagatheesan Kousik,Ravichandran Sasidharan,1,1,0,run,0,,,29/4
1489134,2,7,2,Jagatheesan Kousik,Ramsingh  Sanjay Yadav,Ravichandran Sasidharan,0,0,0,no run,0,,,29/4
1489134,2,7,3,Jagatheesan Kousik,Ramsingh  Sanjay Yadav,Ravichandran Sasidharan,0,0,0,no run,0,,,29/4
1489134,2,7,4,Jagatheesan Kousik,Ramsingh  Sanjay Yadav,Ravichandran Sasidharan,0,0,0,no run,0,,,29/4
1489134,2,7,5,Jagatheesan Kousik,Ramsingh  Sanjay Yadav,Ravichandran Sasidharan,6,6,0,six,0,,,35/4
1489134,2,7,6,Jagatheesan Kousik,Ramsingh  Sanjay Yadav,Ravichandran Sasidharan,4,4,0,four,0,,,39/4
1489134,2,8,1,Ramsingh  Sanjay Yadav,Jagatheesan Kousik,Sankarankutty Sandeep Warrier,0,0,0,no run,0,,,39/4
1489134,2,8,2,Ramsingh  Sanjay Yadav,Jagatheesan Kousik,Sankarankutty Sandeep Warrier,1,1,0,run,0,,,40/4
1489134,2,8,3,Jagatheesan Kousik,Ramsingh  Sanjay Yadav,Sankarankutty Sandeep Warrier,0,0,0,no run,0,,,40/4
1489134,2,8,4,Jagatheesan Kousik,Ramsingh  Sanjay Yadav,Sankarankutty Sandeep Warrier,0,0,0,no run,0,,,40/4
1489134,2,8,5,Jagatheesan Kousik,Ramsingh  Sanjay Yadav,Sankarankutty Sandeep Warrier,1,1,0,run,0,,,41/4
1489134,2,8,6,Ramsingh  Sanjay Yadav,Jagatheesan Kousik,Sankarankutty Sandeep Warrier,1,1,0,run,0,,,42/4
1489134,2,9,1,Ramsingh  Sanjay Yadav,Jagatheesan Kousik,DT Chandrasekar,0,0,0,no run,0,,,42/4
1489134,2,9,2,Ramsingh  Sanjay Yadav,Jagatheesan Kousik,DT Chandrasekar,1,1,0,run,0,,,43/4
1489134,2,9,3,Jagatheesan Kousik,Ramsingh  Sanjay Yadav,DT Chandrasekar,0,0,0,no run,0,,,43/4
1489134,2,9,4,Jagatheesan Kousik,Ramsingh  Sanjay Yadav,DT Chandrasekar,0,0,0,no run,0,,,43/4
1489134,2,9,5,Jagatheesan Kousik,Ramsingh  Sanjay Yadav,DT Chandrasekar,1,1,0,run,0,,,44/4
1489134,2,9,6,Ramsingh  Sanjay Yadav,Jagatheesan Kousik,DT Chandrasekar,1,0,1,wide,0,,,45/4
1489134,2,9,7,Ramsingh  Sanjay Yadav,Jagatheesan Kousik,DT Chandrasekar,1,1,0,run,0,,,46/4
1489134,2,10,1,Ramsingh  Sanjay Yadav,Jagatheesan Kousik,Ganeshan Periyaswamy,0,0,0,no run,0,,,46/4
1489134,2,10,2,Ramsingh  Sanjay Yadav,Jagatheesan Kousik,Ganeshan Periyaswamy,0,0,0,no run,0,,,46/4
1489134,2,10,3,Ramsingh  Sanjay Yadav,Jagatheesan Kousik,Ganeshan Periyaswamy,1,1,0,run,0,,,47/4
1489134,2,10,4,Jagatheesan Kousik,Ramsingh  Sanjay Yadav,Ganeshan Periyaswamy,1,1,0,run,0,,,48/4
1489134,2,10,5,Ramsingh  Sanjay Yadav,Jagatheesan Kousik,Ganeshan Periyaswamy,0,0,0,no run,0,,,48/4
1489134,2,10,6,Ramsingh  Sanjay Yadav,Jagatheesan Kousik,Ganeshan Periyaswamy,1,1,0,run,0,,,49/4
1489134,2,11,1,Ramsingh  Sanjay Yadav,Jagatheesan Kousik,Varun Chakravarthy Vinod,0,0,0,no run,0,,,49/4
1489134,2,11,2,Ramsingh  Sanjay Yadav,Jagatheesan Kousik,Varun Chakravarthy Vinod,0,0,0,no run,0,,,49/4
1489134,2,11,3,Ramsingh  Sanjay Yadav,Jagatheesan Kousik,Varun Chakravarthy Vinod,0,0,0,no run,0,,,49/4
1489134,2,11,4,Ramsingh  Sanjay Yadav,Jagatheesan Kousik,Varun Chakravarthy Vinod,4,4,0,four,0,,,53/4
1489134,2,11,5,Ramsingh  Sanjay Yadav,Jagatheesan Kousik,Varun Chakravarthy Vinod,0,0,0,no run,0,,,53/4
1489134,2,11,6,Ramsingh  Sanjay Yadav,Jagatheesan Kousik,Varun Chakravarthy Vinod,1,1,0,run,0,,,54/4
1489134,2,12,1,Ramsingh  Sanjay Yadav,Jagatheesan Kousik,Ravichandran Ashwin,1,1,0,run,0,,,55/4
1489134,2,12,2,Jagatheesan Kousik,Ramsingh  Sanjay Yadav,Ravichandran Ashwin,1,1,0,run,0,,,56/4
1489134,2,12,3,Ramsingh  Sanjay Yadav,Jagatheesan Kousik,Ravichandran Ashwin,1,1,0,run,0,,,57/4
1489134,2,12,4,Jagatheesan Kousik,Ramsingh  Sanjay Yadav,Ravichandran Ashwin,1,1,0,run,0,,,58/4
1489134,2,12,5,Ramsingh  Sanjay Yadav,Jagatheesan Kousik,Ravichandran Ashwin,1,1,0,run,0,,,59/4
1489134,2,12,6,Jagatheesan Kousik,Ramsingh  Sanjay Yadav,Ravichandran Ashwin,0,0,0,no run,0,,,59/4
1489134,2,13,1,Ramsingh  Sanjay Yadav,Jagatheesan Kousik,Ravichandran Sasidharan,1,1,0,run,0,,,60/4
1489134,2,13,2,Jagatheesan Kousik,Ramsingh  Sanjay Yadav,Ravichandran Sasidharan,6,6,0,six,0,,,66/4
1489134,2,13,3,Jagatheesan Kousik,Ramsingh  Sanjay Yadav,Ravichandran Sasidharan,1,1,0,run,0,,,67/4
1489134,2,13,4,Ramsingh  Sanjay Yadav,Jagatheesan Kousik,Ravichandran Sasidharan,0,0,0,no run,0,,,67/4
1489134,2,13,5,Ramsingh  Sanjay Yadav,Jagatheesan Kousik,Ravichandran Sasidharan,2,0,2,wide,0,,,69/4
1489134,2,13,6,Jagatheesan Kousik,Ramsingh  Sanjay Yadav,Ravichandran Sasidharan,1,1,0,run,0,,,70/4
1489134,2,13,7,Ramsingh  Sanjay Yadav,Jagatheesan Kousik,Ravichandran Sasidharan,0,0,0,no run,0,,,70/4
1489134,2,14,1,Jagatheesan Kousik,Ramsingh  Sanjay Yadav,Varun Chakravarthy Vinod,1,0,1,wide,0,,,71/4
1489134,2,14,2,Jagatheesan Kousik,Ramsingh  Sanjay Yadav,Varun Chakravarthy Vinod,6,6,0,six,0,,,77/4
1489134,2,14,3,Jagatheesan Kousik,Ramsingh  Sanjay Yadav,Varun Chakravarthy Vinod,1,1,0,run,0,,,78/4
1489134,2,14,4,Ramsingh  Sanjay Yadav,Jagatheesan Kousik,Varun Chakravarthy Vinod,2,0,2,wide,0,,,80/4
1489134,2,14,5,Jagatheesan Kousik,Ramsingh  Sanjay Yadav,Varun Chakravarthy Vinod,1,1,0,run,0,,,81/4
1489134,2,14,6,Ramsingh  Sanjay Yadav,Jagatheesan Kousik,Varun Chakravarthy Vinod,1,0,1,wide,0,,,82/4
1489134,2,14,7,Ramsingh  Sanjay Yadav,Jagatheesan Kousik,Varun Chakravarthy Vinod,4,4,0,four,0,,,86/4
1489134,2,14,8,Ramsingh  Sanjay Yadav,Jagatheesan Kousik,Varun Chakravarthy Vinod,6,6,0,six,0,,,92/4
1489134,2,14,9,Ramsingh  Sanjay Yadav,Jagatheesan Kousik,Varun Chakravarthy Vinod,1,1,0,run,0,,,93/4
1489134,2,15,1,Ramsingh  Sanjay Yadav,Jagatheesan Kousik,Ravichandran Ashwin,4,4,0,four,0,,,97/4
1489134,2,15,2,Ramsingh  Sanjay Yadav,Jagatheesan Kousik,Ravichandran Ashwin,1,1,0,run,0,,,98/4
1489134,2,15,3,Jagatheesan Kousik,Ramsingh  Sanjay Yadav,Ravichandran Ashwin,1,1,0,run,0,,,99/4
1489134,2,15,4,Ramsingh  Sanjay Yadav,Jagatheesan Kousik,Ravichandran Ashwin,4,4,0,four,0,,,103/4
1489134,2,15,5,Ramsingh  Sanjay Yadav,Jagatheesan Kousik,Ravichandran Ashwin,1,1,0,run,0,,,104/4
1489134,2,15,6,Jagatheesan Kousik,Ramsingh  Sanjay Yadav,Ravichandran Ashwin,1,1,0,run,0,,,105/4
1489134,2,16,1,Jagatheesan Kousik,Ramsingh  Sanjay Yadav,Sankarankutty Sandeep Warrier,1,1,0,run,0,,,106/4
1489134,2,16,2,Ramsingh  Sanjay Yadav,Jagatheesan Kousik,Sankarankutty Sandeep Warrier,0,0,0,no run,0,,,106/4
1489134,2,16,3,Ramsingh  Sanjay Yadav,Jagatheesan Kousik,Sankarankutty Sandeep Warrier,1,0,1,leg bye,0,,,107/4
1489134,2,16,4,Jagatheesan Kousik,Ramsingh  Sanjay Yadav,Sankarankutty Sandeep Warrier,1,1,0,run,0,,,108/4
1489134,2,16,5,Ramsingh  Sanjay Yadav,Jagatheesan Kousik,Sankarankutty Sandeep Warrier,0,0,0,no run,0,,,108/4
1489134,2,16,6,Ramsingh  Sanjay Yadav,Jagatheesan Kousik,Sankarankutty Sandeep Warrier,4,4,0,four,0,,,112/4
1489134,2,17,1,Jagatheesan Kousik,Ramsingh  Sanjay Yadav,Ganeshan Periyaswamy,1,1,0,run,0,,,113/4
1489134,2,17,2,Ramsingh  Sanjay Yadav,Jagatheesan Kousik,Ganeshan Periyaswamy,4,4,0,four,0,,,117/4
1489134,2,17,3,Ramsingh  Sanjay Yadav,Jagatheesan Kousik,Ganeshan Periyaswamy,4,4,0,four,0,,,121/4
1489134,2,17,4,Ramsingh  Sanjay Yadav,Jagatheesan Kousik,Ganeshan Periyaswamy,1,1,0,run,0,,,122/4
1489134,2,17,5,Jagatheesan Kousik,Ramsingh  Sanjay Yadav,Ganeshan Periyaswamy,0,0,0,out,1,bowled,Jagatheesan Kousik,122/5
1489134,2,17,6,R Rajkumar,Ramsingh  Sanjay Yadav,Ganeshan Periyaswamy,5,0,5,wide,0,,,127/5
1489134,2,17,7,R Rajkumar,Ramsingh  Sanjay Yadav,Ganeshan Periyaswamy,1,1,0,run,0,,,128/5
1489134,2,18,1,R Rajkumar,Ramsingh  Sanjay Yadav,Varun Chakravarthy Vinod,2,2,0,run,0,,,130/5
1489134,2,18,2,R Rajkumar,Ramsingh  Sanjay Yadav,Varun Chakravarthy Vinod,1,0,1,leg bye,0,,,131/5
1489134,2,18,3,Ramsingh  Sanjay Yadav,R Rajkumar,Varun Chakravarthy Vinod,1,1,0,run,0,,,132/5
1489134,2,18,4,R Rajkumar,Ramsingh  Sanjay Yadav,Varun Chakravarthy Vinod,4,4,0,four,0,,,136/5
1489134,2,18,5,R Rajkumar,Ramsingh  Sanjay Yadav,Varun Chakravarthy Vinod,1,1,0,run,0,,,137/5
1489134,2,18,6,Ramsingh  Sanjay Yadav,R Rajkumar,Varun Chakravarthy Vinod,1,1,0,run,0,,,138/5
1489134,2,19,1,Ramsingh  Sanjay Yadav,R Rajkumar,Ganeshan Periyaswamy,0,0,0,no run,0,,,138/5
1489134,2,19,2,Ramsingh  Sanjay Yadav,R Rajkumar,Ganeshan Periyaswamy,1,1,0,run,0,,,139/5
1489134,2,19,3,R Rajkumar,Ramsingh  Sanjay Yadav,Ganeshan Periyaswamy,2,2,0,run,0,,,141/5
1489134,2,19,4,R Rajkumar,Ramsingh  Sanjay Yadav,Ganeshan Periyaswamy,0,0,0,out,1,caught,R Rajkumar,141/6
1489134,2,19,5,Jafar Jamal,Ramsingh  Sanjay Yadav,Ganeshan Periyaswamy,0,0,0,no run,0,,,141/6
1489134,2,19,6,Jafar Jamal,Ramsingh  Sanjay Yadav,Ganeshan Periyaswamy,6,6,0,six,0,,,147/6
1489134,2,20,1,Ramsingh  Sanjay Yadav,Jafar Jamal,Sankarankutty Sandeep Warrier,1,1,0,run,0,,,148/6
1489134,2,20,2,Jafar Jamal,Ramsingh  Sanjay Yadav,Sankarankutty Sandeep Warrier,1,1,0,run,0,,,149/6
1489134,2,20,3,Ramsingh  Sanjay Yadav,Jafar Jamal,Sankarankutty Sandeep Warrier,1,1,0,run,0,,,150/6
1489134,2,20,4,Jafar Jamal,Ramsingh  Sanjay Yadav,Sankarankutty Sandeep Warrier,1,0,1,no ball,0,,,151/6
1489135,1,1,1,VP Amit Sathvik,Tushar Raheja,Abhishek Baljeetsingh Tanwar,1,1,0,run,0,,,1/0
1489135,1,1,2,Tushar Raheja,VP Amit Sathvik,Abhishek Baljeetsingh Tanwar,1,0,1,wide,0,,,2/0
1489135,1,1,3,Tushar Raheja,VP Amit Sathvik,Abhishek Baljeetsingh Tanwar,1,0,1,wide,0,,,3/0
1489135,1,1,4,Tushar Raheja,VP Amit Sathvik,Abhishek Baljeetsingh Tanwar,1,0,1,wide,0,,,4/0
1489135,1,1,5,Tushar Raheja,VP Amit Sathvik,Abhishek Baljeetsingh Tanwar,0,0,0,no run,0,,,4/0
1489135,1,1,6,Tushar Raheja,VP Amit Sathvik,Abhishek Baljeetsingh Tanwar,0,0,0,no run,0,,,4/0
1489135,1,1,7,Tushar Raheja,VP Amit Sathvik,Abhishek Baljeetsingh Tanwar,0,0,0,no run,0,,,4/0
1489135,1,1,8,Tushar Raheja,VP Amit Sathvik,Abhishek Baljeetsingh Tanwar,0,0,0,no run,0,,,4/0
1489135,1,1,9,Tushar Raheja,VP Amit Sathvik,Abhishek Baljeetsingh Tanwar,6,6,0,six,0,,,10/0
1489135,1,2,1,VP Amit Sathvik,Tushar Raheja,Vijay Shankar,0,0,0,no run,0,,,10/0
1489135,1,2,2,VP Amit Sathvik,Tushar Raheja,Vijay Shankar,0,0,0,no run,0,,,10/0
1489135,1,2,3,VP Amit Sathvik,Tushar Raheja,Vijay Shankar,0,0,0,no run,0,,,10/0
1489135,1,2,4,VP Amit Sathvik,Tushar Raheja,Vijay Shankar,4,4,0,four,0,,,14/0
1489135,1,2,5,VP Amit Sathvik,Tushar Raheja,Vijay Shankar,1,1,0,run,0,,,15/0
1489135,1,2,6,Tushar Raheja,VP Amit Sathvik,Vijay Shankar,0,0,0,no run,0,,,15/0
1489135,1,3,1,VP Amit Sathvik,Tushar Raheja,Abhishek Baljeetsingh Tanwar,0,0,0,no run,0,,,15/0
1489135,1,3,2,VP Amit Sathvik,Tushar Raheja,Abhishek Baljeetsingh Tanwar,0,0,0,no run,0,,,15/0
1489135,1,3,3,VP Amit Sathvik,Tushar Raheja,Abhishek Baljeetsingh Tanwar,4,4,0,four,0,,,19/0
1489135,1,3,4,VP Amit Sathvik,Tushar Raheja,Abhishek Baljeetsingh Tanwar,1,1,0,run,0,,,20/0
1489135,1,3,5,Tushar Raheja,VP Amit Sathvik,Abhishek Baljeetsingh Tanwar,6,6,0,six,0,,,26/0
1489135,1,3,6,Tushar Raheja,VP Amit Sathvik,Abhishek Baljeetsingh Tanwar,6,6,0,six,0,,,32/0
1489135,1,4,1,VP Amit Sathvik,Tushar Raheja,Baba Aparajith,4,4,0,four,0,,,36/0
1489135,1,4,2,VP Amit Sathvik,Tushar Raheja,Baba Aparajith,4,4,0,four,0,,,40/0
1489135,1,4,3,VP Amit Sathvik,Tushar Raheja,Baba Aparajith,1,1,0,run,0,,,41/0
1489135,1,4,4,Tushar Raheja,VP Amit Sathvik,Baba Aparajith,1,1,0,run,0,,,42/0
1489135,1,4,5,VP Amit Sathvik,Tushar Raheja,Baba Aparajith,0,0,0,no run,0,,,42/0
1489135,1,4,6,VP Amit Sathvik,Tushar Raheja,Baba Aparajith,4,4,0,four,0,,,46/0
1489135,1,5,1,Tushar Raheja,VP Amit Sathvik,J Prem Kumar,4,4,0,four,0,,,50/0
1489135,1,5,2,Tushar Raheja,VP Amit Sathvik,J Prem Kumar,1,1,0,run,0,,,51/0
1489135,1,5,3,VP Amit Sathvik,Tushar Raheja,J Prem Kumar,1,1,0,run,0,,,52/0
1489135,1,5,4,Tushar Raheja,VP Amit Sathvik,J Prem Kumar,4,4,0,four,0,,,56/0
1489135,1,5,5,Tushar Raheja,VP Amit Sathvik,J Prem Kumar,0,0,0,out,1,run out,Tushar Raheja,56/1
1489135,1,5,6,Ravisrinivasan Sai Kishore,VP Amit Sathvik,J Prem Kumar,0,0,0,no run,0,,,56/1
1489135,1,6,1,VP Amit Sathvik,Ravisrinivasan Sai Kishore,TD Lokesh Raj,1,1,0,run,0,,,57/1
1489135,1,6,2,Ravisrinivasan Sai Kishore,VP Amit Sathvik,TD Lokesh Raj,0,0,0,no run,0,,,57/1
1489135,1,6,3,Ravisrinivasan Sai Kishore,VP Amit Sathvik,TD Lokesh Raj,4,4,0,four,0,,,61/1
1489135,1,6,4,Ravisrinivasan Sai Kishore,VP Amit Sathvik,TD Lokesh Raj,4,4,0,four,0,,,65/1
1489135,1,6,5,Ravisrinivasan Sai Kishore,VP Amit Sathvik,TD Lokesh Raj,4,4,0,four,0,,,69/1
1489135,1,6,6,Ravisrinivasan Sai Kishore,VP Amit Sathvik,TD Lokesh Raj,1,1,0,run,0,,,70/1
1489135,1,7,1,Ravisrinivasan Sai Kishore,VP Amit Sathvik,Swapnil Singh,0,0,0,no run,0,,,70/1
1489135,1,7,2,Ravisrinivasan Sai Kishore,VP Amit Sathvik,Swapnil Singh,1,1,0,run,0,,,71/1
1489135,1,7,3,VP Amit Sathvik,Ravisrinivasan Sai Kishore,Swapnil Singh,1,1,0,run,0,,,72/1
1489135,1,7,4,Ravisrinivasan Sai Kishore,VP Amit Sathvik,Swapnil Singh,0,0,0,no run,0,,,72/1
1489135,1,7,5,Ravisrinivasan Sai Kishore,VP Amit Sathvik,Swapnil Singh,1,1,0,run,0,,,73/1
1489135,1,7,6,VP Amit Sathvik,Ravisrinivasan Sai Kishore,Swapnil Singh,1,0,1,leg bye,0,,,74/1
1489135,1,8,1,VP Amit Sathvik,Ravisrinivasan Sai Kishore,J Prem Kumar,2,2,0,run,0,,,76/1
1489135,1,8,2,VP Amit Sathvik,Ravisrinivasan Sai Kishore,J Prem Kumar,4,4,0,four,0,,,80/1
1489135,1,8,3,VP Amit Sathvik,Ravisrinivasan Sai Kishore,J Prem Kumar,0,0,0,no run,0,,,80/1
1489135,1,8,4,VP Amit Sathvik,Ravisrinivasan Sai Kishore,J Prem Kumar,1,1,0,run,0,,,81/1
1489135,1,8,5,Ravisrinivasan Sai Kishore,VP Amit Sathvik,J Prem Kumar,1,1,0,run,0,,,82/1
1489135,1,8,6,VP Amit Sathvik,Ravisrinivasan Sai Kishore,J Prem Kumar,1,1,0,run,0,,,83/1
1489135,1,9,1,VP Amit Sathvik,Ravisrinivasan Sai Kishore,Swapnil Singh,6,6,0,six,0,,,89/1
1489135,1,9,2,VP Amit Sathvik,Ravisrinivasan Sai Kishore,Swapnil Singh,0,0,0,no run,0,,,89/1
1489135,1,9,3,VP Amit Sathvik,Ravisrinivasan Sai Kishore,Swapnil Singh,0,0,0,no run,0,,,89/1
1489135,1,9,4,VP Amit Sathvik,Ravisrinivasan Sai Kishore,Swapnil Singh,1,1,0,run,0,,,90/1
1489135,1,9,5,Ravisrinivasan Sai Kishore,VP Amit Sathvik,Swapnil Singh,1,1,0,run,0,,,91/1
1489135,1,9,6,VP Amit Sathvik,Ravisrinivasan Sai Kishore,Swapnil Singh,3,3,0,run,0,,,94/1
1489135,1,10,1,VP Amit Sathvik,Ravisrinivasan Sai Kishore,Vijay Shankar,1,1,0,run,0,,,95/1
1489135,1,10,2,Ravisrinivasan Sai Kishore,VP Amit Sathvik,Vijay Shankar,6,6,0,six,0,,,101/1
1489135,1,10,3,Ravisrinivasan Sai Kishore,VP Amit Sathvik,Vijay Shankar,1,1,0,run,0,,,102/1
1489135,1,10,4,VP Amit Sathvik,Ravisrinivasan Sai Kishore,Vijay Shankar,1,0,1,wide,0,,,103/1
1489135,1,10,5,VP Amit Sathvik,Ravisrinivasan Sai Kishore,Vijay Shankar,0,0,0,no run,0,,,103/1
1489135,1,10,6,VP Amit Sathvik,Ravisrinivasan Sai Kishore,Vijay Shankar,1,1,0,run,0,,,104/1
1489135,1,10,7,Ravisrinivasan Sai Kishore,VP Amit Sathvik,Vijay Shankar,0,0,0,no run,0,,,104/1
1489135,1,11,1,VP Amit Sathvik,Ravisrinivasan Sai Kishore,M Silambarasan,1,1,0,run,0,,,105/1
1489135,1,11,2,Ravisrinivasan Sai Kishore,VP Amit Sathvik,M Silambarasan,1,1,0,run,0,,,106/1
1489135,1,11,3,VP Amit Sathvik,Ravisrinivasan Sai Kishore,M Silambarasan,1,1,0,run,0,,,107/1
1489135,1,11,4,Ravisrinivasan Sai Kishore,VP Amit Sathvik,M Silambarasan,1,1,0,run,0,,,108/1
1489135,1,11,5,VP Amit Sathvik,Ravisrinivasan Sai Kishore,M Silambarasan,0,0,0,no run,0,,,108/1
1489135,1,11,6,VP Amit Sathvik,Ravisrinivasan Sai Kishore,M Silambarasan,1,1,0,run,0,,,109/1
1489135,1,12,1,VP Amit Sathvik,Ravisrinivasan Sai Kishore,Vijay Shankar,0,0,0,no run,0,,,109/1
1489135,1,12,2,VP Amit Sathvik,Ravisrinivasan Sai Kishore,Vijay Shankar,1,1,0,run,0,,,110/1
1489135,1,12,3,Ravisrinivasan Sai Kishore,VP Amit Sathvik,Vijay Shankar,4,4,0,four,0,,,114/1
1489135,1,12,4,Ravisrinivasan Sai Kishore,VP Amit Sathvik,Vijay Shankar,1,1,0,run,0,,,115/1
1489135,1,12,5,VP Amit Sathvik,Ravisrinivasan Sai Kishore,Vijay Shankar,6,6,0,six,0,,,121/1
1489135,1,12,6,VP Amit Sathvik,Ravisrinivasan Sai Kishore,Vijay Shankar,0,0,0,out,1,caught,VP Amit Sathvik,121/2
1489135,1,13,1,Ravisrinivasan Sai Kishore,S Mohamed Ali,M Silambarasan,1,1,0,run,0,,,122/2
1489135,1,13,2,S Mohamed Ali,Ravisrinivasan Sai Kishore,M Silambarasan,1,1,0,run,0,,,123/2
1489135,1,13,3,Ravisrinivasan Sai Kishore,S Mohamed Ali,M Silambarasan,1,1,0,run,0,,,124/2
1489135,1,13,4,S Mohamed Ali,Ravisrinivasan Sai Kishore,M Silambarasan,0,0,0,no run,0,,,124/2
1489135,1,13,5,S Mohamed Ali,Ravisrinivasan Sai Kishore,M Silambarasan,0,0,0,no run,0,,,124/2
1489135,1,13,6,S Mohamed Ali,Ravisrinivasan Sai Kishore,M Silambarasan,1,1,0,run,0,,,125/2
1489135,1,14,1,S Mohamed Ali,Ravisrinivasan Sai Kishore,TD Lokesh Raj,0,0,0,out,1,caught,S Mohamed Ali,125/3
1489135,1,14,2,Uthirasamy Sasidev,Ravisrinivasan Sai Kishore,TD Lokesh Raj,1,1,0,run,0,,,126/3
1489135,1,14,3,Ravisrinivasan Sai Kishore,Uthirasamy Sasidev,TD Lokesh Raj,0,0,0,out,1,caught,Ravisrinivasan Sai Kishore,126/4
1489135,1,14,4,Pradosh Ranjan Paul,Uthirasamy Sasidev,TD Lokesh Raj,0,0,0,no run,0,,,126/4
1489135,1,14,5,Pradosh Ranjan Paul,Uthirasamy Sasidev,TD Lokesh Raj,0,0,0,no run,0,,,126/4
1489135,1,14,6,Pradosh Ranjan Paul,Uthirasamy Sasidev,TD Lokesh Raj,1,1,0,run,0,,,127/4
1489135,1,15,1,Pradosh Ranjan Paul,Uthirasamy Sasidev,Baba Aparajith,1,1,0,run,0,,,128/4
1489135,1,15,2,Uthirasamy Sasidev,Pradosh Ranjan Paul,Baba Aparajith,1,0,1,wide,0,,,129/4
1489135,1,15,3,Uthirasamy Sasidev,Pradosh Ranjan Paul,Baba Aparajith,0,0,0,no run,0,,,129/4
1489135,1,15,4,Uthirasamy Sasidev,Pradosh Ranjan Paul,Baba Aparajith,1,1,0,run,0,,,130/4
1489135,1,15,5,Pradosh Ranjan Paul,Uthirasamy Sasidev,Baba Aparajith,1,1,0,run,0,,,131/4
1489135,1,15,6,Uthirasamy Sasidev,Pradosh Ranjan Paul,Baba Aparajith,0,0,0,no run,0,,,131/4
1489135,1,15,7,Uthirasamy Sasidev,Pradosh Ranjan Paul,Baba Aparajith,1,0,1,leg bye,0,,,132/4
1489135,1,16,1,Uthirasamy Sasidev,Pradosh Ranjan Paul,TD Lokesh Raj,0,0,0,no run,0,,,132/4
1489135,1,16,2,Uthirasamy Sasidev,Pradosh Ranjan Paul,TD Lokesh Raj,1,0,1,wide,0,,,133/4
1489135,1,16,3,Uthirasamy Sasidev,Pradosh Ranjan Paul,TD Lokesh Raj,1,1,0,run,0,,,134/4
1489135,1,16,4,Pradosh Ranjan Paul,Uthirasamy Sasidev,TD Lokesh Raj,1,0,1,wide,0,,,135/4
1489135,1,16,5,Pradosh Ranjan Paul,Uthirasamy Sasidev,TD Lokesh Raj,0,0,0,no run,0,,,135/4
1489135,1,16,6,Pradosh Ranjan Paul,Uthirasamy Sasidev,TD Lokesh Raj,1,1,0,run,0,,,136/4
1489135,1,16,7,Uthirasamy Sasidev,Pradosh Ranjan Paul,TD Lokesh Raj,4,4,0,four,0,,,140/4
1489135,1,16,8,Uthirasamy Sasidev,Pradosh Ranjan Paul,TD Lokesh Raj,1,1,0,run,0,,,141/4
1489135,1,17,1,Uthirasamy Sasidev,Pradosh Ranjan Paul,J Prem Kumar,4,4,0,four,0,,,145/4
1489135,1,17,2,Uthirasamy Sasidev,Pradosh Ranjan Paul,J Prem Kumar,0,0,0,no run,0,,,145/4
1489135,1,17,3,Uthirasamy Sasidev,Pradosh Ranjan Paul,J Prem Kumar,1,1,0,run,0,,,146/4
1489135,1,17,4,Pradosh Ranjan Paul,Uthirasamy Sasidev,J Prem Kumar,1,1,0,run,0,,,147/4
1489135,1,17,5,Uthirasamy Sasidev,Pradosh Ranjan Paul,J Prem Kumar,1,1,0,run,0,,,148/4
1489135,1,17,6,Pradosh Ranjan Paul,Uthirasamy Sasidev,J Prem Kumar,1,1,0,run,0,,,149/4
1489135,1,18,1,Pradosh Ranjan Paul,Uthirasamy Sasidev,Abhishek Baljeetsingh Tanwar,1,1,0,run,0,,,150/4
1489135,1,18,2,Uthirasamy Sasidev,Pradosh Ranjan Paul,Abhishek Baljeetsingh Tanwar,4,4,0,four,0,,,154/4
1489135,1,18,3,Uthirasamy Sasidev,Pradosh Ranjan Paul,Abhishek Baljeetsingh Tanwar,6,6,0,six,0,,,160/4
1489135,1,18,4,Uthirasamy Sasidev,Pradosh Ranjan Paul,Abhishek Baljeetsingh Tanwar,6,6,0,six,0,,,166/4
1489135,1,18,5,Uthirasamy Sasidev,Pradosh Ranjan Paul,Abhishek Baljeetsingh Tanwar,1,1,0,run,0,,,167/4
1489135,1,18,6,Pradosh Ranjan Paul,Uthirasamy Sasidev,Abhishek Baljeetsingh Tanwar,6,6,0,six,0,,,173/4
1489135,1,19,1,Uthirasamy Sasidev,Pradosh Ranjan Paul,Vijay Shankar,2,2,0,run,0,,,175/4
1489135,1,19,2,Uthirasamy Sasidev,Pradosh Ranjan Paul,Vijay Shankar,4,4,0,four,0,,,179/4
1489135,1,19,3,Uthirasamy Sasidev,Pradosh Ranjan Paul,Vijay Shankar,2,2,0,run,0,,,181/4
1489135,1,19,4,Uthirasamy Sasidev,Pradosh Ranjan Paul,Vijay Shankar,2,2,0,run,0,,,183/4
1489135,1,19,5,Uthirasamy Sasidev,Pradosh Ranjan Paul,Vijay Shankar,6,6,0,six,0,,,189/4
1489135,1,19,6,Uthirasamy Sasidev,Pradosh Ranjan Paul,Vijay Shankar,4,4,0,four,0,,,193/4
1489135,1,20,1,Pradosh Ranjan Paul,Uthirasamy Sasidev,J Prem Kumar,1,1,0,run,0,,,194/4
1489135,1,20,2,Uthirasamy Sasidev,Pradosh Ranjan Paul,J Prem Kumar,1,1,0,run,0,,,195/4
1489135,1,20,3,Pradosh Ranjan Paul,Uthirasamy Sasidev,J Prem Kumar,1,1,0,run,0,,,196/4
1489135,1,20,4,Uthirasamy Sasidev,Pradosh Ranjan Paul,J Prem Kumar,4,4,0,four,0,,,200/4
1489135,1,20,5,Uthirasamy Sasidev,Pradosh Ranjan Paul,J Prem Kumar,1,1,0,run,0,,,201/4
1489135,1,20,6,Pradosh Ranjan Paul,Uthirasamy Sasidev,J Prem Kumar,1,1,0,run,1,run out,Uthirasamy Sasidev,202/5
1489135,2,1,1,K Aashiq,RS Mokit Hariharan,Thangarasu Natarajan,1,0,1,wide,0,,,1/0
1489135,2,1,2,K Aashiq,RS Mokit Hariharan,Thangarasu Natarajan,0,0,0,no run,0,,,1/0
1489135,2,1,3,K Aashiq,RS Mokit Hariharan,Thangarasu Natarajan,0,0,0,no run,0,,,1/0
1489135,2,1,4,K Aashiq,RS Mokit Hariharan,Thangarasu Natarajan,1,1,0,run,0,,,2/0
1489135,2,1,5,RS Mokit Hariharan,K Aashiq,Thangarasu Natarajan,0,0,0,no run,0,,,2/0
1489135,2,1,6,RS Mokit Hariharan,K Aashiq,Thangarasu Natarajan,1,1,0,run,0,,,3/0
1489135,2,1,7,K Aashiq,RS Mokit Hariharan,Thangarasu Natarajan,0,0,0,no run,0,,,3/0
1489135,2,2,1,RS Mokit Hariharan,K Aashiq,Ragupathy Silambarasan,0,0,0,no run,0,,,3/0
1489135,2,2,2,RS Mokit Hariharan,K Aashiq,Ragupathy Silambarasan,4,4,0,four,0,,,7/0
1489135,2,2,3,RS Mokit Hariharan,K Aashiq,Ragupathy Silambarasan,1,1,0,run,0,,,8/0
1489135,2,2,4,K Aashiq,RS Mokit Hariharan,Ragupathy Silambarasan,0,0,0,no run,0,,,8/0
1489135,2,2,5,K Aashiq,RS Mokit Hariharan,Ragupathy Silambarasan,1,1,0,run,0,,,9/0
1489135,2,2,6,RS Mokit Hariharan,K Aashiq,Ragupathy Silambarasan,0,0,0,no run,0,,,9/0
1489135,2,3,1,K Aashiq,RS Mokit Hariharan,Thangarasu Natarajan,4,4,0,four,0,,,13/0
1489135,2,3,2,K Aashiq,RS Mokit Hariharan,Thangarasu Natarajan,0,0,0,no run,0,,,13/0
1489135,2,3,3,K Aashiq,RS Mokit Hariharan,Thangarasu Natarajan,0,0,0,no run,0,,,13/0
1489135,2,3,4,K Aashiq,RS Mokit Hariharan,Thangarasu Natarajan,4,4,0,four,0,,,17/0
1489135,2,3,5,K Aashiq,RS Mokit Hariharan,Thangarasu Natarajan,3,3,0,run,0,,,20/0
1489135,2,3,6,RS Mokit Hariharan,K Aashiq,Thangarasu Natarajan,1,1,0,run,0,,,21/0
1489135,2,4,1,RS Mokit Hariharan,K Aashiq,Ragupathy Silambarasan,1,1,0,run,0,,,22/0
1489135,2,4,2,K Aashiq,RS Mokit Hariharan,Ragupathy Silambarasan,1,1,0,run,0,,,23/0
1489135,2,4,3,RS Mokit Hariharan,K Aashiq,Ragupathy Silambarasan,0,0,0,no run,0,,,23/0
1489135,2,4,4,RS Mokit Hariharan,K Aashiq,Ragupathy Silambarasan,1,1,0,run,0,,,24/0
1489135,2,4,5,K Aashiq,RS Mokit Hariharan,Ragupathy Silambarasan,0,0,0,no run,0,,,24/0
1489135,2,4,6,K Aashiq,RS Mokit Hariharan,Ragupathy Silambarasan,0,0,0,out,1,caught,K Aashiq,24/1
1489135,2,5,1,RS Mokit Hariharan,Baba Aparajith,Ravisrinivasan Sai Kishore,0,0,0,no run,0,,,24/1
1489135,2,5,2,RS Mokit Hariharan,Baba Aparajith,Ravisrinivasan Sai Kishore,1,1,0,run,0,,,25/1
1489135,2,5,3,Baba Aparajith,RS Mokit Hariharan,Ravisrinivasan Sai Kishore,1,1,0,run,0,,,26/1
1489135,2,5,4,RS Mokit Hariharan,Baba Aparajith,Ravisrinivasan Sai Kishore,1,0,1,leg bye,0,,,27/1
1489135,2,5,5,Baba Aparajith,RS Mokit Hariharan,Ravisrinivasan Sai Kishore,0,0,0,no run,0,,,27/1
1489135,2,5,6,Baba Aparajith,RS Mokit Hariharan,Ravisrinivasan Sai Kishore,1,1,0,run,0,,,28/1
1489135,2,6,1,Baba Aparajith,RS Mokit Hariharan,Ragupathy Silambarasan,6,6,0,six,0,,,34/1
1489135,2,6,2,Baba Aparajith,RS Mokit Hariharan,Ragupathy Silambarasan,6,6,0,six,0,,,40/1
1489135,2,6,3,Baba Aparajith,RS Mokit Hariharan,Ragupathy Silambarasan,1,1,0,run,0,,,41/1
1489135,2,6,4,RS Mokit Hariharan,Baba Aparajith,Ragupathy Silambarasan,4,4,0,four,0,,,45/1
1489135,2,6,5,RS Mokit Hariharan,Baba Aparajith,Ragupathy Silambarasan,1,1,0,run,0,,,46/1
1489135,2,6,6,Baba Aparajith,RS Mokit Hariharan,Ragupathy Silambarasan,1,1,0,run,0,,,47/1
1489135,2,7,1,Baba Aparajith,RS Mokit Hariharan,S Mohan Prasath,1,1,0,run,0,,,48/1
1489135,2,7,2,RS Mokit Hariharan,Baba Aparajith,S Mohan Prasath,1,1,0,run,0,,,49/1
1489135,2,7,3,Baba Aparajith,RS Mokit Hariharan,S Mohan Prasath,6,6,0,six,0,,,55/1
1489135,2,7,4,Baba Aparajith,RS Mokit Hariharan,S Mohan Prasath,6,6,0,six,0,,,61/1
1489135,2,7,5,Baba Aparajith,RS Mokit Hariharan,S Mohan Prasath,1,1,0,run,0,,,62/1
1489135,2,7,6,RS Mokit Hariharan,Baba Aparajith,S Mohan Prasath,0,0,0,no run,0,,,62/1
1489135,2,8,1,Baba Aparajith,RS Mokit Hariharan,Esakkimuthu A,1,0,1,leg bye,0,,,63/1
1489135,2,8,2,RS Mokit Hariharan,Baba Aparajith,Esakkimuthu A,2,2,0,run,0,,,65/1
1489135,2,8,3,RS Mokit Hariharan,Baba Aparajith,Esakkimuthu A,1,0,1,wide,0,,,66/1
1489135,2,8,4,RS Mokit Hariharan,Baba Aparajith,Esakkimuthu A,0,0,0,no run,0,,,66/1
1489135,2,8,5,RS Mokit Hariharan,Baba Aparajith,Esakkimuthu A,1,1,0,run,0,,,67/1
1489135,2,8,6,Baba Aparajith,RS Mokit Hariharan,Esakkimuthu A,0,0,0,out,1,caught,Baba Aparajith,67/2
1489135,2,8,7,Vijay Shankar,RS Mokit Hariharan,Esakkimuthu A,1,1,0,run,0,,,68/2
1489135,2,9,1,Vijay Shankar,RS Mokit Hariharan,M Mathivannan,1,1,0,run,0,,,69/2
1489135,2,9,2,RS Mokit Hariharan,Vijay Shankar,M Mathivannan,1,1,0,run,0,,,70/2
1489135,2,9,3,Vijay Shankar,RS Mokit Hariharan,M Mathivannan,1,1,0,run,0,,,71/2
1489135,2,9,4,RS Mokit Hariharan,Vijay Shankar,M Mathivannan,1,1,0,run,0,,,72/2
1489135,2,9,5,Vijay Shankar,RS Mokit Hariharan,M Mathivannan,1,1,0,run,0,,,73/2
1489135,2,9,6,RS Mokit Hariharan,Vijay Shankar,M Mathivannan,2,2,0,run,0,,,75/2
1489135,2,10,1,Vijay Shankar,RS Mokit Hariharan,Esakkimuthu A,1,0,1,leg bye,0,,,76/2
1489135,2,10,2,RS Mokit Hariharan,Vijay Shankar,Esakkimuthu A,1,1,0,run,0,,,77/2
1489135,2,10,3,Vijay Shankar,RS Mokit Hariharan,Esakkimuthu A,0,0,0,no run,0,,,77/2
1489135,2,10,4,Vijay Shankar,RS Mokit Hariharan,Esakkimuthu A,0,0,0,no run,0,,,77/2
1489135,2,10,5,Vijay Shankar,RS Mokit Hariharan,Esakkimuthu A,1,1,0,run,0,,,78/2
1489135,2,10,6,RS Mokit Hariharan,Vijay Shankar,Esakkimuthu A,1,1,0,run,1,run out,RS Mokit Hariharan,79/3
1489135,2,11,1,Vijay Shankar,Narayan Jagadeesan,M Mathivannan,6,6,0,six,0,,,85/3
1489135,2,11,2,Vijay Shankar,Narayan Jagadeesan,M Mathivannan,1,1,0,run,0,,,86/3
1489135,2,11,3,Narayan Jagadeesan,Vijay Shankar,M Mathivannan,1,1,0,run,0,,,87/3
1489135,2,11,4,Vijay Shankar,Narayan Jagadeesan,M Mathivannan,2,2,0,run,0,,,89/3
1489135,2,11,5,Vijay Shankar,Narayan Jagadeesan,M Mathivannan,0,0,0,no run,0,,,89/3
1489135,2,11,6,Vijay Shankar,Narayan Jagadeesan,M Mathivannan,0,0,0,out,1,caught,Vijay Shankar,89/4
1489135,2,12,1,Narayan Jagadeesan,Swapnil Singh,Esakkimuthu A,1,1,0,run,0,,,90/4
1489135,2,12,2,Swapnil Singh,Narayan Jagadeesan,Esakkimuthu A,1,1,0,run,0,,,91/4
1489135,2,12,3,Narayan Jagadeesan,Swapnil Singh,Esakkimuthu A,0,0,0,out,1,bowled,Narayan Jagadeesan,91/5
1489135,2,12,4,S Sunil Krishna,Swapnil Singh,Esakkimuthu A,0,0,0,no run,0,,,91/5
1489135,2,12,5,S Sunil Krishna,Swapnil Singh,Esakkimuthu A,2,2,0,run,0,,,93/5
1489135,2,12,6,S Sunil Krishna,Swapnil Singh,Esakkimuthu A,0,0,0,no run,0,,,93/5
1489135,2,13,1,Swapnil Singh,S Sunil Krishna,M Mathivannan,1,1,0,run,0,,,94/5
1489135,2,13,2,S Sunil Krishna,Swapnil Singh,M Mathivannan,0,0,0,out,1,leg before wicket,S Sunil Krishna,94/6
1489135,2,13,3,S Dinesh Raj,Swapnil Singh,M Mathivannan,1,1,0,run,0,,,95/6
1489135,2,13,4,Swapnil Singh,S Dinesh Raj,M Mathivannan,0,0,0,no run,0,,,95/6
1489135,2,13,5,Swapnil Singh,S Dinesh Raj,M Mathivannan,1,1,0,run,0,,,96/6
1489135,2,13,6,S Dinesh Raj,Swapnil Singh,M Mathivannan,1,1,0,run,0,,,97/6
1489135,2,14,1,S Dinesh Raj,Swapnil Singh,Ravisrinivasan Sai Kishore,4,4,0,four,0,,,101/6
1489135,2,14,2,S Dinesh Raj,Swapnil Singh,Ravisrinivasan Sai Kishore,0,0,0,out,1,caught,S Dinesh Raj,101/7
1489135,2,14,3,Abhishek Baljeetsingh Tanwar,Swapnil Singh,Ravisrinivasan Sai Kishore,1,1,0,run,0,,,102/7
1489135,2,14,4,Swapnil Singh,Abhishek Baljeetsingh Tanwar,Ravisrinivasan Sai Kishore,1,1,0,run,0,,,103/7
1489135,2,14,5,Abhishek Baljeetsingh Tanwar,Swapnil Singh,Ravisrinivasan Sai Kishore,0,0,0,no run,0,,,103/7
1489135,2,14,6,Abhishek Baljeetsingh Tanwar,Swapnil Singh,Ravisrinivasan Sai Kishore,0,0,0,no run,0,,,103/7
1489135,2,15,1,Swapnil Singh,Abhishek Baljeetsingh Tanwar,M Mathivannan,1,1,0,run,0,,,104/7
1489135,2,15,2,Abhishek Baljeetsingh Tanwar,Swapnil Singh,M Mathivannan,1,1,0,run,0,,,105/7
1489135,2,15,3,Swapnil Singh,Abhishek Baljeetsingh Tanwar,M Mathivannan,4,4,0,four,0,,,109/7
1489135,2,15,4,Swapnil Singh,Abhishek Baljeetsingh Tanwar,M Mathivannan,0,0,0,out,1,bowled,Swapnil Singh,109/8
1489135,2,15,5,TD Lokesh Raj,Abhishek Baljeetsingh Tanwar,M Mathivannan,0,0,0,no run,0,,,109/8
1489135,2,15,6,TD Lokesh Raj,Abhishek Baljeetsingh Tanwar,M Mathivannan,0,0,0,no run,0,,,109/8
1489135,2,16,1,Abhishek Baljeetsingh Tanwar,TD Lokesh Raj,Esakkimuthu A,0,0,0,out,1,caught,Abhishek Baljeetsingh Tanwar,109/9
1489135,2,16,2,M Silambarasan,TD Lokesh Raj,Esakkimuthu A,4,4,0,four,0,,,113/9
1489135,2,16,3,M Silambarasan,TD Lokesh Raj,Esakkimuthu A,1,1,0,run,0,,,114/9
1489135,2,16,4,TD Lokesh Raj,M Silambarasan,Esakkimuthu A,4,4,0,four,0,,,118/9
1489135,2,16,5,TD Lokesh Raj,M Silambarasan,Esakkimuthu A,4,4,0,four,0,,,122/9
1489135,2,16,6,TD Lokesh Raj,M Silambarasan,Esakkimuthu A,1,1,0,run,0,,,123/9
1489135,2,17,1,TD Lokesh Raj,M Silambarasan,Ravisrinivasan Sai Kishore,0,0,0,out,1,bowled,TD Lokesh Raj,123/10
1489136,1,1,1,Waseem Ahmed,Jayaraman Suresh Kumar,Sankarankutty Sandeep Warrier,0,0,0,no run,0,,,0/0
1489136,1,1,2,Waseem Ahmed,Jayaraman Suresh Kumar,Sankarankutty Sandeep Warrier,0,0,0,no run,0,,,0/0
1489136,1,1,3,Waseem Ahmed,Jayaraman Suresh Kumar,Sankarankutty Sandeep Warrier,4,4,0,four,0,,,4/0
1489136,1,1,4,Waseem Ahmed,Jayaraman Suresh Kumar,Sankarankutty Sandeep Warrier,0,0,0,no run,0,,,4/0
1489136,1,1,5,Waseem Ahmed,Jayaraman Suresh Kumar,Sankarankutty Sandeep Warrier,1,1,0,run,0,,,5/0
1489136,1,1,6,Jayaraman Suresh Kumar,Waseem Ahmed,Sankarankutty Sandeep Warrier,0,0,0,no run,0,,,5/0
1489136,1,2,1,Waseem Ahmed,Jayaraman Suresh Kumar,Ganeshan Periyaswamy,1,1,0,run,0,,,6/0
1489136,1,2,2,Jayaraman Suresh Kumar,Waseem Ahmed,Ganeshan Periyaswamy,0,0,0,no run,0,,,6/0
1489136,1,2,3,Jayaraman Suresh Kumar,Waseem Ahmed,Ganeshan Periyaswamy,1,1,0,run,0,,,7/0
1489136,1,2,4,Waseem Ahmed,Jayaraman Suresh Kumar,Ganeshan Periyaswamy,1,0,1,leg bye,0,,,8/0
1489136,1,2,5,Jayaraman Suresh Kumar,Waseem Ahmed,Ganeshan Periyaswamy,4,4,0,four,0,,,12/0
1489136,1,2,6,Jayaraman Suresh Kumar,Waseem Ahmed,Ganeshan Periyaswamy,4,4,0,four,0,,,16/0
1489136,1,3,1,Waseem Ahmed,Jayaraman Suresh Kumar,Sankarankutty Sandeep Warrier,1,1,0,run,0,,,17/0
1489136,1,3,2,Jayaraman Suresh Kumar,Waseem Ahmed,Sankarankutty Sandeep Warrier,1,1,0,run,0,,,18/0
1489136,1,3,3,Waseem Ahmed,Jayaraman Suresh Kumar,Sankarankutty Sandeep Warrier,0,0,0,no run,0,,,18/0
1489136,1,3,4,Waseem Ahmed,Jayaraman Suresh Kumar,Sankarankutty Sandeep Warrier,0,0,0,no run,0,,,18/0
1489136,1,3,5,Waseem Ahmed,Jayaraman Suresh Kumar,Sankarankutty Sandeep Warrier,0,0,0,no run,0,,,18/0
1489136,1,3,6,Waseem Ahmed,Jayaraman Suresh Kumar,Sankarankutty Sandeep Warrier,0,0,0,no run,0,,,18/0
1489136,1,4,1,Jayaraman Suresh Kumar,Waseem Ahmed,Varun Chakravarthy Vinod,0,0,0,no run,0,,,18/0
1489136,1,4,2,Jayaraman Suresh Kumar,Waseem Ahmed,Varun Chakravarthy Vinod,0,0,0,no run,0,,,18/0
1489136,1,4,3,Jayaraman Suresh Kumar,Waseem Ahmed,Varun Chakravarthy Vinod,0,0,0,no run,0,,,18/0
1489136,1,4,4,Jayaraman Suresh Kumar,Waseem Ahmed,Varun Chakravarthy Vinod,0,0,0,no run,0,,,18/0
1489136,1,4,5,Jayaraman Suresh Kumar,Waseem Ahmed,Varun Chakravarthy Vinod,1,1,0,run,0,,,19/0
1489136,1,4,6,Waseem Ahmed,Jayaraman Suresh Kumar,Varun Chakravarthy Vinod,0,0,0,no run,0,,,19/0
1489136,1,5,1,Jayaraman Suresh Kumar,Waseem Ahmed,Ravichandran Ashwin,1,1,0,run,0,,,20/0
1489136,1,5,2,Waseem Ahmed,Jayaraman Suresh Kumar,Ravichandran Ashwin,0,0,0,no run,0,,,20/0
1489136,1,5,3,Waseem Ahmed,Jayaraman Suresh Kumar,Ravichandran Ashwin,1,1,0,run,0,,,21/0
1489136,1,5,4,Jayaraman Suresh Kumar,Waseem Ahmed,Ravichandran Ashwin,4,4,0,four,0,,,25/0
1489136,1,5,5,Jayaraman Suresh Kumar,Waseem Ahmed,Ravichandran Ashwin,1,1,0,run,0,,,26/0
1489136,1,5,6,Waseem Ahmed,Jayaraman Suresh Kumar,Ravichandran Ashwin,0,0,0,no run,0,,,26/0
1489136,1,6,1,Jayaraman Suresh Kumar,Waseem Ahmed,Ravichandran Sasidharan,0,0,0,no run,0,,,26/0
1489136,1,6,2,Jayaraman Suresh Kumar,Waseem Ahmed,Ravichandran Sasidharan,6,6,0,six,0,,,32/0
1489136,1,6,3,Jayaraman Suresh Kumar,Waseem Ahmed,Ravichandran Sasidharan,0,0,0,out,1,caught,Jayaraman Suresh Kumar,32/1
1489136,1,6,4,Jagatheesan Kousik,Waseem Ahmed,Ravichandran Sasidharan,1,1,0,run,0,,,33/1
1489136,1,6,5,Waseem Ahmed,Jagatheesan Kousik,Ravichandran Sasidharan,4,4,0,four,0,,,37/1
1489136,1,6,6,Waseem Ahmed,Jagatheesan Kousik,Ravichandran Sasidharan,0,0,0,no run,0,,,37/1
1489136,1,7,1,Jagatheesan Kousik,Waseem Ahmed,M Karthik Saran,1,1,0,run,0,,,38/1
1489136,1,7,2,Waseem Ahmed,Jagatheesan Kousik,M Karthik Saran,0,0,0,no run,0,,,38/1
1489136,1,7,3,Waseem Ahmed,Jagatheesan Kousik,M Karthik Saran,0,0,0,no run,0,,,38/1
1489136,1,7,4,Waseem Ahmed,Jagatheesan Kousik,M Karthik Saran,1,1,0,run,0,,,39/1
1489136,1,7,5,Jagatheesan Kousik,Waseem Ahmed,M Karthik Saran,0,0,0,no run,0,,,39/1
1489136,1,7,6,Jagatheesan Kousik,Waseem Ahmed,M Karthik Saran,1,1,0,run,0,,,40/1
1489136,1,8,1,Jagatheesan Kousik,Waseem Ahmed,Ravichandran Sasidharan,0,0,0,no run,0,,,40/1
1489136,1,8,2,Jagatheesan Kousik,Waseem Ahmed,Ravichandran Sasidharan,0,0,0,no run,0,,,40/1
1489136,1,8,3,Jagatheesan Kousik,Waseem Ahmed,Ravichandran Sasidharan,0,0,0,no run,0,,,40/1
1489136,1,8,4,Jagatheesan Kousik,Waseem Ahmed,Ravichandran Sasidharan,4,4,0,four,0,,,44/1
1489136,1,8,5,Jagatheesan Kousik,Waseem Ahmed,Ravichandran Sasidharan,1,1,0,run,0,,,45/1
1489136,1,8,6,Waseem Ahmed,Jagatheesan Kousik,Ravichandran Sasidharan,1,1,0,run,0,,,46/1
1489136,1,9,1,Waseem Ahmed,Jagatheesan Kousik,M Karthik Saran,1,1,0,run,0,,,47/1
1489136,1,9,2,Jagatheesan Kousik,Waseem Ahmed,M Karthik Saran,1,0,1,wide,0,,,48/1
1489136,1,9,3,Jagatheesan Kousik,Waseem Ahmed,M Karthik Saran,1,1,0,run,0,,,49/1
1489136,1,9,4,Waseem Ahmed,Jagatheesan Kousik,M Karthik Saran,4,4,0,four,0,,,53/1
1489136,1,9,5,Waseem Ahmed,Jagatheesan Kousik,M Karthik Saran,0,0,0,no run,0,,,53/1
1489136,1,9,6,Waseem Ahmed,Jagatheesan Kousik,M Karthik Saran,0,0,0,no run,0,,,53/1
1489136,1,9,7,Waseem Ahmed,Jagatheesan Kousik,M Karthik Saran,1,1,0,run,0,,,54/1
1489136,1,10,1,Waseem Ahmed,Jagatheesan Kousik,Varun Chakravarthy Vinod,1,1,0,run,0,,,55/1
1489136,1,10,2,Jagatheesan Kousik,Waseem Ahmed,Varun Chakravarthy Vinod,0,0,0,out,1,caught,Jagatheesan Kousik,55/2
1489136,1,10,3,Ramsingh  Sanjay Yadav,Waseem Ahmed,Varun Chakravarthy Vinod,1,1,0,run,0,,,56/2
1489136,1,10,4,Waseem Ahmed,Ramsingh  Sanjay Yadav,Varun Chakravarthy Vinod,1,1,0,run,0,,,57/2
1489136,1,10,5,Ramsingh  Sanjay Yadav,Waseem Ahmed,Varun Chakravarthy Vinod,0,0,0,no run,0,,,57/2
1489136,1,10,6,Ramsingh  Sanjay Yadav,Waseem Ahmed,Varun Chakravarthy Vinod,0,0,0,out,1,caught,Ramsingh  Sanjay Yadav,57/3
1489136,1,11,1,Waseem Ahmed,R Rajkumar,Ravichandran Ashwin,0,0,0,no run,0,,,57/3
1489136,1,11,2,Waseem Ahmed,R Rajkumar,Ravichandran Ashwin,1,1,0,run,0,,,58/3
1489136,1,11,3,R Rajkumar,Waseem Ahmed,Ravichandran Ashwin,0,0,0,no run,0,,,58/3
1489136,1,11,4,R Rajkumar,Waseem Ahmed,Ravichandran Ashwin,1,0,1,wide,0,,,59/3
1489136,1,11,5,R Rajkumar,Waseem Ahmed,Ravichandran Ashwin,0,0,0,no run,0,,,59/3
1489136,1,11,6,R Rajkumar,Waseem Ahmed,Ravichandran Ashwin,0,0,0,no run,0,,,59/3
1489136,1,11,7,R Rajkumar,Waseem Ahmed,Ravichandran Ashwin,0,0,0,out,1,caught,R Rajkumar,59/4
1489136,1,12,1,Waseem Ahmed,U Mukilesh,Ravichandran Sasidharan,0,0,0,no run,0,,,59/4
1489136,1,12,2,Waseem Ahmed,U Mukilesh,Ravichandran Sasidharan,4,4,0,four,0,,,63/4
1489136,1,12,3,Waseem Ahmed,U Mukilesh,Ravichandran Sasidharan,4,4,0,four,0,,,67/4
1489136,1,12,4,Waseem Ahmed,U Mukilesh,Ravichandran Sasidharan,1,1,0,run,0,,,68/4
1489136,1,12,5,U Mukilesh,Waseem Ahmed,Ravichandran Sasidharan,0,0,0,no run,0,,,68/4
1489136,1,12,6,U Mukilesh,Waseem Ahmed,Ravichandran Sasidharan,0,0,0,no run,0,,,68/4
1489136,1,13,1,Waseem Ahmed,U Mukilesh,Ravichandran Ashwin,0,0,0,no run,0,,,68/4
1489136,1,13,2,Waseem Ahmed,U Mukilesh,Ravichandran Ashwin,1,1,0,run,0,,,69/4
1489136,1,13,3,U Mukilesh,Waseem Ahmed,Ravichandran Ashwin,2,2,0,run,0,,,71/4
1489136,1,13,4,U Mukilesh,Waseem Ahmed,Ravichandran Ashwin,1,1,0,run,0,,,72/4
1489136,1,13,5,Waseem Ahmed,U Mukilesh,Ravichandran Ashwin,0,0,0,no run,0,,,72/4
1489136,1,13,6,Waseem Ahmed,U Mukilesh,Ravichandran Ashwin,1,1,0,run,0,,,73/4
1489136,1,14,1,Waseem Ahmed,U Mukilesh,Varun Chakravarthy Vinod,1,1,0,run,0,,,74/4
1489136,1,14,2,U Mukilesh,Waseem Ahmed,Varun Chakravarthy Vinod,2,2,0,run,0,,,76/4
1489136,1,14,3,U Mukilesh,Waseem Ahmed,Varun Chakravarthy Vinod,1,1,0,run,0,,,77/4
1489136,1,14,4,Waseem Ahmed,U Mukilesh,Varun Chakravarthy Vinod,1,1,0,run,1,run out,Waseem Ahmed,78/5
1489136,1,14,5,Jafar Jamal,U Mukilesh,Varun Chakravarthy Vinod,1,1,0,run,0,,,79/5
1489136,1,14,6,U Mukilesh,Jafar Jamal,Varun Chakravarthy Vinod,1,1,0,run,0,,,80/5
1489136,1,15,1,U Mukilesh,Jafar Jamal,M Karthik Saran,1,1,0,run,0,,,81/5
1489136,1,15,2,Jafar Jamal,U Mukilesh,M Karthik Saran,6,6,0,six,0,,,87/5
1489136,1,15,3,Jafar Jamal,U Mukilesh,M Karthik Saran,1,1,0,run,0,,,88/5
1489136,1,15,4,U Mukilesh,Jafar Jamal,M Karthik Saran,4,4,0,four,0,,,92/5
1489136,1,15,5,U Mukilesh,Jafar Jamal,M Karthik Saran,1,0,1,leg bye,0,,,93/5
1489136,1,15,6,Jafar Jamal,U Mukilesh,M Karthik Saran,1,1,0,run,0,,,94/5
1489136,1,16,1,Jafar Jamal,U Mukilesh,Ganeshan Periyaswamy,2,2,0,run,0,,,96/5
1489136,1,16,2,Jafar Jamal,U Mukilesh,Ganeshan Periyaswamy,0,0,0,no run,0,,,96/5
1489136,1,16,3,Jafar Jamal,U Mukilesh,Ganeshan Periyaswamy,0,0,0,no run,0,,,96/5
1489136,1,16,4,Jafar Jamal,U Mukilesh,Ganeshan Periyaswamy,0,0,0,no run,0,,,96/5
1489136,1,16,5,Jafar Jamal,U Mukilesh,Ganeshan Periyaswamy,1,1,0,run,0,,,97/5
1489136,1,16,6,U Mukilesh,Jafar Jamal,Ganeshan Periyaswamy,0,0,0,out,1,bowled,U Mukilesh,97/6
1489136,1,17,1,Jafar Jamal,P Saravana Kumar,Varun Chakravarthy Vinod,0,0,0,no run,0,,,97/6
1489136,1,17,2,Jafar Jamal,P Saravana Kumar,Varun Chakravarthy Vinod,6,6,0,six,0,,,103/6
1489136,1,17,3,Jafar Jamal,P Saravana Kumar,Varun Chakravarthy Vinod,1,1,0,run,0,,,104/6
1489136,1,17,4,P Saravana Kumar,Jafar Jamal,Varun Chakravarthy Vinod,1,1,0,run,0,,,105/6
1489136,1,17,5,Jafar Jamal,P Saravana Kumar,Varun Chakravarthy Vinod,0,0,0,no run,0,,,105/6
1489136,1,17,6,Jafar Jamal,P Saravana Kumar,Varun Chakravarthy Vinod,0,0,0,no run,0,,,105/6
1489136,1,18,1,P Saravana Kumar,Jafar Jamal,Ganeshan Periyaswamy,0,0,0,no run,0,,,105/6
1489136,1,18,2,P Saravana Kumar,Jafar Jamal,Ganeshan Periyaswamy,4,4,0,four,0,,,109/6
1489136,1,18,3,P Saravana Kumar,Jafar Jamal,Ganeshan Periyaswamy,1,0,1,wide,0,,,110/6
1489136,1,18,4,P Saravana Kumar,Jafar Jamal,Ganeshan Periyaswamy,1,1,0,run,0,,,111/6
1489136,1,18,5,Jafar Jamal,P Saravana Kumar,Ganeshan Periyaswamy,1,1,0,run,0,,,112/6
1489136,1,18,6,P Saravana Kumar,Jafar Jamal,Ganeshan Periyaswamy,1,1,0,run,0,,,113/6
1489136,1,18,7,Jafar Jamal,P Saravana Kumar,Ganeshan Periyaswamy,1,1,0,run,0,,,114/6
1489136,1,19,1,Jafar Jamal,P Saravana Kumar,Ravichandran Ashwin,6,6,0,six,0,,,120/6
1489136,1,19,2,Jafar Jamal,P Saravana Kumar,Ravichandran Ashwin,1,0,1,wide,0,,,121/6
1489136,1,19,3,Jafar Jamal,P Saravana Kumar,Ravichandran Ashwin,6,6,0,six,0,,,127/6
1489136,1,19,4,Jafar Jamal,P Saravana Kumar,Ravichandran Ashwin,0,0,0,no run,0,,,127/6
1489136,1,19,5,Jafar Jamal,P Saravana Kumar,Ravichandran Ashwin,1,0,1,wide,0,,,128/6
1489136,1,19,6,Jafar Jamal,P Saravana Kumar,Ravichandran Ashwin,0,0,0,out,1,caught,Jafar Jamal,128/7
1489136,1,19,7,N Selva Kumaran,P Saravana Kumar,Ravichandran Ashwin,0,0,0,no run,0,,,128/7
1489136,1,19,8,N Selva Kumaran,P Saravana Kumar,Ravichandran Ashwin,0,0,0,out,1,bowled,N Selva Kumaran,128/8
1489136,1,20,1,P Saravana Kumar,S Sujay,Ganeshan Periyaswamy,0,0,0,no run,0,,,128/8
1489136,1,20,2,P Saravana Kumar,S Sujay,Ganeshan Periyaswamy,4,4,0,four,0,,,132/8
1489136,1,20,3,P Saravana Kumar,S Sujay,Ganeshan Periyaswamy,0,0,0,out,1,caught,P Saravana Kumar,132/9
1489136,1,20,4,V Athisayaraj Davidson,S Sujay,Ganeshan Periyaswamy,6,6,0,six,0,,,138/9
1489136,1,20,5,V Athisayaraj Davidson,S Sujay,Ganeshan Periyaswamy,1,1,0,run,0,,,139/9
1489136,1,20,6,S Sujay,V Athisayaraj Davidson,Ganeshan Periyaswamy,1,1,0,run,0,,,140/9
1489136,2,1,1,Ravichandran Ashwin,Shivam Singh,V Athisayaraj Davidson,4,4,0,four,0,,,4/0
1489136,2,1,2,Ravichandran Ashwin,Shivam Singh,V Athisayaraj Davidson,4,4,0,four,0,,,8/0
1489136,2,1,3,Ravichandran Ashwin,Shivam Singh,V Athisayaraj Davidson,2,2,0,run,0,,,10/0
1489136,2,1,4,Ravichandran Ashwin,Shivam Singh,V Athisayaraj Davidson,4,4,0,four,0,,,14/0
1489136,2,1,5,Ravichandran Ashwin,Shivam Singh,V Athisayaraj Davidson,1,1,0,run,0,,,15/0
1489136,2,1,6,Shivam Singh,Ravichandran Ashwin,V Athisayaraj Davidson,0,0,0,no run,0,,,15/0
1489136,2,2,1,Ravichandran Ashwin,Shivam Singh,K Easwaran,0,0,0,no run,0,,,15/0
1489136,2,2,2,Ravichandran Ashwin,Shivam Singh,K Easwaran,1,1,0,run,0,,,16/0
1489136,2,2,3,Shivam Singh,Ravichandran Ashwin,K Easwaran,1,1,0,run,0,,,17/0
1489136,2,2,4,Ravichandran Ashwin,Shivam Singh,K Easwaran,0,0,0,no run,0,,,17/0
1489136,2,2,5,Ravichandran Ashwin,Shivam Singh,K Easwaran,4,4,0,four,0,,,21/0
1489136,2,2,6,Ravichandran Ashwin,Shivam Singh,K Easwaran,1,1,0,run,0,,,22/0
1489136,2,3,1,Ravichandran Ashwin,Shivam Singh,P Saravana Kumar,4,4,0,four,0,,,26/0
1489136,2,3,2,Ravichandran Ashwin,Shivam Singh,P Saravana Kumar,0,0,0,no run,0,,,26/0
1489136,2,3,3,Ravichandran Ashwin,Shivam Singh,P Saravana Kumar,1,0,1,wide,0,,,27/0
1489136,2,3,4,Ravichandran Ashwin,Shivam Singh,P Saravana Kumar,6,6,0,six,0,,,33/0
1489136,2,3,5,Ravichandran Ashwin,Shivam Singh,P Saravana Kumar,0,0,0,no run,0,,,33/0
1489136,2,3,6,Ravichandran Ashwin,Shivam Singh,P Saravana Kumar,0,0,0,no run,0,,,33/0
1489136,2,3,7,Ravichandran Ashwin,Shivam Singh,P Saravana Kumar,0,0,0,no run,0,,,33/0
1489136,2,4,1,Shivam Singh,Ravichandran Ashwin,K Easwaran,1,0,1,wide,0,,,34/0
1489136,2,4,2,Shivam Singh,Ravichandran Ashwin,K Easwaran,0,0,0,no run,0,,,34/0
1489136,2,4,3,Shivam Singh,Ravichandran Ashwin,K Easwaran,1,0,1,wide,0,,,35/0
1489136,2,4,4,Shivam Singh,Ravichandran Ashwin,K Easwaran,6,6,0,six,0,,,41/0
1489136,2,4,5,Shivam Singh,Ravichandran Ashwin,K Easwaran,0,0,0,no run,0,,,41/0
1489136,2,4,6,Shivam Singh,Ravichandran Ashwin,K Easwaran,0,0,0,no run,0,,,41/0
1489136,2,4,7,Shivam Singh,Ravichandran Ashwin,K Easwaran,4,4,0,four,0,,,45/0
1489136,2,4,8,Shivam Singh,Ravichandran Ashwin,K Easwaran,1,1,0,run,0,,,46/0
1489136,2,5,1,Shivam Singh,Ravichandran Ashwin,P Saravana Kumar,0,0,0,no run,0,,,46/0
1489136,2,5,2,Shivam Singh,Ravichandran Ashwin,P Saravana Kumar,4,4,0,four,0,,,50/0
1489136,2,5,3,Shivam Singh,Ravichandran Ashwin,P Saravana Kumar,0,0,0,out,1,caught,Shivam Singh,50/1
1489136,2,5,4,Baba Indrajith,Ravichandran Ashwin,P Saravana Kumar,0,0,0,no run,0,,,50/1
1489136,2,5,5,Baba Indrajith,Ravichandran Ashwin,P Saravana Kumar,1,1,0,run,0,,,51/1
1489136,2,5,6,Ravichandran Ashwin,Baba Indrajith,P Saravana Kumar,1,1,0,run,0,,,52/1
1489136,2,6,1,Ravichandran Ashwin,Baba Indrajith,N Selva Kumaran,0,0,0,no run,0,,,52/1
1489136,2,6,2,Ravichandran Ashwin,Baba Indrajith,N Selva Kumaran,1,1,0,run,0,,,53/1
1489136,2,6,3,Baba Indrajith,Ravichandran Ashwin,N Selva Kumaran,1,1,0,run,0,,,54/1
1489136,2,6,4,Ravichandran Ashwin,Baba Indrajith,N Selva Kumaran,0,0,0,no run,0,,,54/1
1489136,2,6,5,Ravichandran Ashwin,Baba Indrajith,N Selva Kumaran,4,4,0,four,0,,,58/1
1489136,2,6,6,Ravichandran Ashwin,Baba Indrajith,N Selva Kumaran,0,0,0,no run,0,,,58/1
1489136,2,7,1,Baba Indrajith,Ravichandran Ashwin,P Saravana Kumar,0,0,0,no run,0,,,58/1
1489136,2,7,2,Baba Indrajith,Ravichandran Ashwin,P Saravana Kumar,0,0,0,no run,0,,,58/1
1489136,2,7,3,Baba Indrajith,Ravichandran Ashwin,P Saravana Kumar,0,0,0,no run,0,,,58/1
1489136,2,7,4,Baba Indrajith,Ravichandran Ashwin,P Saravana Kumar,4,4,0,four,0,,,62/1
1489136,2,7,5,Baba Indrajith,Ravichandran Ashwin,P Saravana Kumar,1,1,0,run,0,,,63/1
1489136,2,7,6,Ravichandran Ashwin,Baba Indrajith,P Saravana Kumar,4,4,0,four,0,,,67/1
1489136,2,8,1,Baba Indrajith,Ravichandran Ashwin,N Selva Kumaran,1,1,0,run,0,,,68/1
1489136,2,8,2,Ravichandran Ashwin,Baba Indrajith,N Selva Kumaran,1,1,0,run,0,,,69/1
1489136,2,8,3,Baba Indrajith,Ravichandran Ashwin,N Selva Kumaran,1,1,0,run,0,,,70/1
1489136,2,8,4,Ravichandran Ashwin,Baba Indrajith,N Selva Kumaran,0,0,0,no run,0,,,70/1
1489136,2,8,5,Ravichandran Ashwin,Baba Indrajith,N Selva Kumaran,1,1,0,run,0,,,71/1
1489136,2,8,6,Baba Indrajith,Ravichandran Ashwin,N Selva Kumaran,1,1,0,run,0,,,72/1
1489136,2,9,1,Baba Indrajith,Ravichandran Ashwin,R Rajkumar,1,1,0,run,0,,,73/1
1489136,2,9,2,Ravichandran Ashwin,Baba Indrajith,R Rajkumar,2,2,0,run,0,,,75/1
1489136,2,9,3,Ravichandran Ashwin,Baba Indrajith,R Rajkumar,1,0,1,wide,0,,,76/1
1489136,2,9,4,Ravichandran Ashwin,Baba Indrajith,R Rajkumar,1,1,0,run,0,,,77/1
1489136,2,9,5,Baba Indrajith,Ravichandran Ashwin,R Rajkumar,1,1,0,run,0,,,78/1
1489136,2,9,6,Ravichandran Ashwin,Baba Indrajith,R Rajkumar,1,1,0,run,0,,,79/1
1489136,2,9,7,Baba Indrajith,Ravichandran Ashwin,R Rajkumar,1,1,0,run,0,,,80/1
1489136,2,10,1,Baba Indrajith,Ravichandran Ashwin,Ramsingh  Sanjay Yadav,1,1,0,run,0,,,81/1
1489136,2,10,2,Ravichandran Ashwin,Baba Indrajith,Ramsingh  Sanjay Yadav,1,1,0,run,0,,,82/1
1489136,2,10,3,Baba Indrajith,Ravichandran Ashwin,Ramsingh  Sanjay Yadav,1,1,0,run,0,,,83/1
1489136,2,10,4,Ravichandran Ashwin,Baba Indrajith,Ramsingh  Sanjay Yadav,4,4,0,four,0,,,87/1
1489136,2,10,5,Ravichandran Ashwin,Baba Indrajith,Ramsingh  Sanjay Yadav,0,0,0,no run,0,,,87/1
1489136,2,10,6,Ravichandran Ashwin,Baba Indrajith,Ramsingh  Sanjay Yadav,1,1,0,run,0,,,88/1
1489136,2,11,1,Ravichandran Ashwin,Baba Indrajith,R Rajkumar,1,1,0,run,0,,,89/1
1489136,2,11,2,Baba Indrajith,Ravichandran Ashwin,R Rajkumar,1,1,0,run,0,,,90/1
1489136,2,11,3,Ravichandran Ashwin,Baba Indrajith,R Rajkumar,0,0,0,no run,0,,,90/1
1489136,2,11,4,Ravichandran Ashwin,Baba Indrajith,R Rajkumar,1,1,0,run,0,,,91/1
1489136,2,11,5,Baba Indrajith,Ravichandran Ashwin,R Rajkumar,1,1,0,run,0,,,92/1
1489136,2,11,6,Ravichandran Ashwin,Baba Indrajith,R Rajkumar,1,1,0,run,0,,,93/1
1489136,2,12,1,Ravichandran Ashwin,Baba Indrajith,N Selva Kumaran,4,4,0,four,0,,,97/1
1489136,2,12,2,Ravichandran Ashwin,Baba Indrajith,N Selva Kumaran,1,1,0,run,0,,,98/1
1489136,2,12,3,Baba Indrajith,Ravichandran Ashwin,N Selva Kumaran,0,0,0,no run,0,,,98/1
1489136,2,12,4,Baba Indrajith,Ravichandran Ashwin,N Selva Kumaran,0,0,0,no run,0,,,98/1
1489136,2,12,5,Baba Indrajith,Ravichandran Ashwin,N Selva Kumaran,0,0,0,no run,0,,,98/1
1489136,2,12,6,Baba Indrajith,Ravichandran Ashwin,N Selva Kumaran,0,0,0,no run,0,,,98/1
1489136,2,13,1,Ravichandran Ashwin,Baba Indrajith,R Rajkumar,0,0,0,no run,0,,,98/1
1489136,2,13,2,Ravichandran Ashwin,Baba Indrajith,R Rajkumar,1,1,0,run,0,,,99/1
1489136,2,13,3,Baba Indrajith,Ravichandran Ashwin,R Rajkumar,1,1,0,run,0,,,100/1
1489136,2,13,4,Ravichandran Ashwin,Baba Indrajith,R Rajkumar,6,6,0,six,0,,,106/1
1489136,2,13,5,Ravichandran Ashwin,Baba Indrajith,R Rajkumar,1,1,0,run,0,,,107/1
1489136,2,13,6,Baba Indrajith,Ravichandran Ashwin,R Rajkumar,1,1,0,run,0,,,108/1
1489136,2,14,1,Baba Indrajith,Ravichandran Ashwin,N Selva Kumaran,1,1,0,run,0,,,109/1
1489136,2,14,2,Ravichandran Ashwin,Baba Indrajith,N Selva Kumaran,6,6,0,six,0,,,115/1
1489136,2,14,3,Ravichandran Ashwin,Baba Indrajith,N Selva Kumaran,4,4,0,four,0,,,119/1
1489136,2,14,4,Ravichandran Ashwin,Baba Indrajith,N Selva Kumaran,4,4,0,four,0,,,123/1
1489136,2,14,5,Ravichandran Ashwin,Baba Indrajith,N Selva Kumaran,1,0,1,bye,0,,,124/1
1489136,2,14,6,Baba Indrajith,Ravichandran Ashwin,N Selva Kumaran,6,6,0,six,0,,,130/1
1489136,2,15,1,Ravichandran Ashwin,Baba Indrajith,V Athisayaraj Davidson,0,0,0,out,1,bowled,Ravichandran Ashwin,130/2
1489136,2,15,2,R Vimal Khumar,Baba Indrajith,V Athisayaraj Davidson,0,0,0,no run,0,,,130/2
1489136,2,15,3,R Vimal Khumar,Baba Indrajith,V Athisayaraj Davidson,2,2,0,run,0,,,132/2
1489136,2,15,4,R Vimal Khumar,Baba Indrajith,V Athisayaraj Davidson,0,0,0,no run,0,,,132/2
1489136,2,15,5,R Vimal Khumar,Baba Indrajith,V Athisayaraj Davidson,2,2,0,run,0,,,134/2
1489136,2,15,6,R Vimal Khumar,Baba Indrajith,V Athisayaraj Davidson,1,1,0,run,0,,,135/2
1489136,2,16,1,R Vimal Khumar,Baba Indrajith,K Easwaran,2,2,0,run,0,,,137/2
1489136,2,16,2,R Vimal Khumar,Baba Indrajith,K Easwaran,0,0,0,no run,0,,,137/2
1489136,2,16,3,R Vimal Khumar,Baba Indrajith,K Easwaran,0,0,0,out,1,caught,R Vimal Khumar,137/3
1489136,2,16,4,Dinesh H,Baba Indrajith,K Easwaran,0,0,0,no run,0,,,137/3
1489136,2,16,5,Dinesh H,Baba Indrajith,K Easwaran,0,0,0,out,1,bowled,Dinesh H,137/4
1489136,2,16,6,Hunny Saini,Baba Indrajith,K Easwaran,0,0,0,no run,0,,,137/4
1489136,2,17,1,Baba Indrajith,Hunny Saini,V Athisayaraj Davidson,1,0,1,wide,0,,,138/4
1489136,2,17,2,Baba Indrajith,Hunny Saini,V Athisayaraj Davidson,0,0,0,no run,0,,,138/4
1489136,2,17,3,Baba Indrajith,Hunny Saini,V Athisayaraj Davidson,0,0,0,no run,0,,,138/4
1489136,2,17,4,Baba Indrajith,Hunny Saini,V Athisayaraj Davidson,1,1,0,run,0,,,139/4
1489136,2,17,5,Hunny Saini,Baba Indrajith,V Athisayaraj Davidson,4,4,0,four,0,,,143/4
1489137,1,1,1,K Aashiq,RS Mokit Hariharan,Venkatesh Bhuvaneshwar,0,0,0,no run,0,,,0/0
1489137,1,1,2,K Aashiq,RS Mokit Hariharan,Venkatesh Bhuvaneshwar,1,1,0,run,0,,,1/0
1489137,1,1,3,RS Mokit Hariharan,K Aashiq,Venkatesh Bhuvaneshwar,1,1,0,run,0,,,2/0
1489137,1,1,4,K Aashiq,RS Mokit Hariharan,Venkatesh Bhuvaneshwar,0,0,0,no run,0,,,2/0
1489137,1,1,5,K Aashiq,RS Mokit Hariharan,Venkatesh Bhuvaneshwar,1,1,0,run,0,,,3/0
1489137,1,1,6,RS Mokit Hariharan,K Aashiq,Venkatesh Bhuvaneshwar,1,1,0,run,0,,,4/0
1489137,1,2,1,RS Mokit Hariharan,K Aashiq,Ravichandran Ashwin,1,1,0,run,0,,,5/0
1489137,1,2,2,K Aashiq,RS Mokit Hariharan,Ravichandran Ashwin,1,1,0,run,0,,,6/0
1489137,1,2,3,RS Mokit Hariharan,K Aashiq,Ravichandran Ashwin,1,1,0,run,0,,,7/0
1489137,1,2,4,K Aashiq,RS Mokit Hariharan,Ravichandran Ashwin,1,1,0,run,0,,,8/0
1489137,1,2,5,RS Mokit Hariharan,K Aashiq,Ravichandran Ashwin,0,0,0,out,1,run out,RS Mokit Hariharan,8/1
1489137,1,2,6,K Aashiq,Baba Aparajith,Ravichandran Ashwin,2,2,0,run,0,,,10/1
1489137,1,3,1,Baba Aparajith,K Aashiq,Venkatesh Bhuvaneshwar,1,1,0,run,0,,,11/1
1489137,1,3,2,K Aashiq,Baba Aparajith,Venkatesh Bhuvaneshwar,1,1,0,run,0,,,12/1
1489137,1,3,3,Baba Aparajith,K Aashiq,Venkatesh Bhuvaneshwar,4,4,0,four,0,,,16/1
1489137,1,3,4,Baba Aparajith,K Aashiq,Venkatesh Bhuvaneshwar,1,1,0,run,0,,,17/1
1489137,1,3,5,K Aashiq,Baba Aparajith,Venkatesh Bhuvaneshwar,1,1,0,run,0,,,18/1
1489137,1,3,6,Baba Aparajith,K Aashiq,Venkatesh Bhuvaneshwar,1,1,0,run,0,,,19/1
1489137,1,4,1,Baba Aparajith,K Aashiq,Ganeshan Periyaswamy,6,6,0,six,0,,,25/1
1489137,1,4,2,Baba Aparajith,K Aashiq,Ganeshan Periyaswamy,1,1,0,run,0,,,26/1
1489137,1,4,3,K Aashiq,Baba Aparajith,Ganeshan Periyaswamy,0,0,0,out,1,run out,K Aashiq,26/2
1489137,1,4,4,Baba Aparajith,Narayan Jagadeesan,Ganeshan Periyaswamy,0,0,0,no run,0,,,26/2
1489137,1,4,5,Baba Aparajith,Narayan Jagadeesan,Ganeshan Periyaswamy,4,4,0,four,0,,,30/2
1489137,1,4,6,Baba Aparajith,Narayan Jagadeesan,Ganeshan Periyaswamy,1,1,0,run,0,,,31/2
1489137,1,5,1,Baba Aparajith,Narayan Jagadeesan,Varun Chakravarthy Vinod,1,1,0,run,0,,,32/2
1489137,1,5,2,Narayan Jagadeesan,Baba Aparajith,Varun Chakravarthy Vinod,1,1,0,run,0,,,33/2
1489137,1,5,3,Baba Aparajith,Narayan Jagadeesan,Varun Chakravarthy Vinod,4,4,0,four,0,,,37/2
1489137,1,5,4,Baba Aparajith,Narayan Jagadeesan,Varun Chakravarthy Vinod,0,0,0,no run,0,,,37/2
1489137,1,5,5,Baba Aparajith,Narayan Jagadeesan,Varun Chakravarthy Vinod,1,1,0,run,0,,,38/2
1489137,1,5,6,Narayan Jagadeesan,Baba Aparajith,Varun Chakravarthy Vinod,0,0,0,no run,0,,,38/2
1489137,1,6,1,Baba Aparajith,Narayan Jagadeesan,Ravichandran Ashwin,0,0,0,no run,0,,,38/2
1489137,1,6,2,Baba Aparajith,Narayan Jagadeesan,Ravichandran Ashwin,1,1,0,run,0,,,39/2
1489137,1,6,3,Narayan Jagadeesan,Baba Aparajith,Ravichandran Ashwin,1,1,0,run,0,,,40/2
1489137,1,6,4,Baba Aparajith,Narayan Jagadeesan,Ravichandran Ashwin,1,1,0,run,0,,,41/2
1489137,1,6,5,Narayan Jagadeesan,Baba Aparajith,Ravichandran Ashwin,1,1,0,run,0,,,42/2
1489137,1,6,6,Baba Aparajith,Narayan Jagadeesan,Ravichandran Ashwin,1,1,0,run,0,,,43/2
1489137,1,7,1,Baba Aparajith,Narayan Jagadeesan,Venkatesh Bhuvaneshwar,1,1,0,run,0,,,44/2
1489137,1,7,2,Narayan Jagadeesan,Baba Aparajith,Venkatesh Bhuvaneshwar,1,1,0,run,0,,,45/2
1489137,1,7,3,Baba Aparajith,Narayan Jagadeesan,Venkatesh Bhuvaneshwar,6,6,0,six,0,,,51/2
1489137,1,7,4,Baba Aparajith,Narayan Jagadeesan,Venkatesh Bhuvaneshwar,1,1,0,run,0,,,52/2
1489137,1,7,5,Narayan Jagadeesan,Baba Aparajith,Venkatesh Bhuvaneshwar,4,4,0,four,0,,,56/2
1489137,1,7,6,Narayan Jagadeesan,Baba Aparajith,Venkatesh Bhuvaneshwar,4,4,0,four,0,,,60/2
1489137,1,8,1,Baba Aparajith,Narayan Jagadeesan,Ravichandran Sasidharan,0,0,0,no run,0,,,60/2
1489137,1,8,2,Baba Aparajith,Narayan Jagadeesan,Ravichandran Sasidharan,1,1,0,run,0,,,61/2
1489137,1,8,3,Narayan Jagadeesan,Baba Aparajith,Ravichandran Sasidharan,1,1,0,run,0,,,62/2
1489137,1,8,4,Baba Aparajith,Narayan Jagadeesan,Ravichandran Sasidharan,1,1,0,run,0,,,63/2
1489137,1,8,5,Narayan Jagadeesan,Baba Aparajith,Ravichandran Sasidharan,1,1,0,run,0,,,64/2
1489137,1,8,6,Baba Aparajith,Narayan Jagadeesan,Ravichandran Sasidharan,0,0,0,no run,0,,,64/2
1489137,1,9,1,Narayan Jagadeesan,Baba Aparajith,Varun Chakravarthy Vinod,1,1,0,run,0,,,65/2
1489137,1,9,2,Baba Aparajith,Narayan Jagadeesan,Varun Chakravarthy Vinod,1,1,0,run,0,,,66/2
1489137,1,9,3,Narayan Jagadeesan,Baba Aparajith,Varun Chakravarthy Vinod,1,1,0,run,0,,,67/2
1489137,1,9,4,Baba Aparajith,Narayan Jagadeesan,Varun Chakravarthy Vinod,4,4,0,four,0,,,71/2
1489137,1,9,5,Baba Aparajith,Narayan Jagadeesan,Varun Chakravarthy Vinod,1,1,0,run,0,,,72/2
1489137,1,9,6,Narayan Jagadeesan,Baba Aparajith,Varun Chakravarthy Vinod,1,1,0,run,0,,,73/2
1489137,1,10,1,Narayan Jagadeesan,Baba Aparajith,Ravichandran Sasidharan,1,1,0,run,0,,,74/2
1489137,1,10,2,Baba Aparajith,Narayan Jagadeesan,Ravichandran Sasidharan,1,1,0,run,0,,,75/2
1489137,1,10,3,Narayan Jagadeesan,Baba Aparajith,Ravichandran Sasidharan,1,1,0,run,0,,,76/2
1489137,1,10,4,Baba Aparajith,Narayan Jagadeesan,Ravichandran Sasidharan,1,1,0,run,0,,,77/2
1489137,1,10,5,Narayan Jagadeesan,Baba Aparajith,Ravichandran Sasidharan,1,1,0,run,0,,,78/2
1489137,1,10,6,Baba Aparajith,Narayan Jagadeesan,Ravichandran Sasidharan,1,1,0,run,0,,,79/2
1489137,1,11,1,Baba Aparajith,Narayan Jagadeesan,Ganeshan Periyaswamy,1,1,0,run,0,,,80/2
1489137,1,11,2,Narayan Jagadeesan,Baba Aparajith,Ganeshan Periyaswamy,1,1,0,run,0,,,81/2
1489137,1,11,3,Baba Aparajith,Narayan Jagadeesan,Ganeshan Periyaswamy,1,1,0,run,0,,,82/2
1489137,1,11,4,Narayan Jagadeesan,Baba Aparajith,Ganeshan Periyaswamy,1,1,0,run,0,,,83/2
1489137,1,11,5,Baba Aparajith,Narayan Jagadeesan,Ganeshan Periyaswamy,1,1,0,run,0,,,84/2
1489137,1,11,6,Narayan Jagadeesan,Baba Aparajith,Ganeshan Periyaswamy,1,1,0,run,0,,,85/2
1489137,1,12,1,Narayan Jagadeesan,Baba Aparajith,Ravichandran Sasidharan,6,6,0,six,0,,,91/2
1489137,1,12,2,Narayan Jagadeesan,Baba Aparajith,Ravichandran Sasidharan,1,1,0,run,0,,,92/2
1489137,1,12,3,Baba Aparajith,Narayan Jagadeesan,Ravichandran Sasidharan,1,1,0,run,0,,,93/2
1489137,1,12,4,Narayan Jagadeesan,Baba Aparajith,Ravichandran Sasidharan,1,1,0,run,0,,,94/2
1489137,1,12,5,Baba Aparajith,Narayan Jagadeesan,Ravichandran Sasidharan,1,1,0,run,0,,,95/2
1489137,1,12,6,Narayan Jagadeesan,Baba Aparajith,Ravichandran Sasidharan,4,4,0,four,0,,,99/2
1489137,1,13,1,Baba Aparajith,Narayan Jagadeesan,Varun Chakravarthy Vinod,1,1,0,run,0,,,100/2
1489137,1,13,2,Narayan Jagadeesan,Baba Aparajith,Varun Chakravarthy Vinod,1,1,0,run,0,,,101/2
1489137,1,13,3,Baba Aparajith,Narayan Jagadeesan,Varun Chakravarthy Vinod,4,4,0,four,0,,,105/2
1489137,1,13,4,Baba Aparajith,Narayan Jagadeesan,Varun Chakravarthy Vinod,1,1,0,run,0,,,106/2
1489137,1,13,5,Narayan Jagadeesan,Baba Aparajith,Varun Chakravarthy Vinod,1,1,0,run,0,,,107/2
1489137,1,13,6,Baba Aparajith,Narayan Jagadeesan,Varun Chakravarthy Vinod,0,0,0,no run,0,,,107/2
1489137,1,14,1,Narayan Jagadeesan,Baba Aparajith,Ravichandran Ashwin,6,6,0,six,0,,,113/2
1489137,1,14,2,Narayan Jagadeesan,Baba Aparajith,Ravichandran Ashwin,0,0,0,no run,0,,,113/2
1489137,1,14,3,Narayan Jagadeesan,Baba Aparajith,Ravichandran Ashwin,6,6,0,six,0,,,119/2
1489137,1,14,4,Narayan Jagadeesan,Baba Aparajith,Ravichandran Ashwin,1,1,0,run,0,,,120/2
1489137,1,14,5,Baba Aparajith,Narayan Jagadeesan,Ravichandran Ashwin,1,0,1,wide,0,,,121/2
1489137,1,14,6,Baba Aparajith,Narayan Jagadeesan,Ravichandran Ashwin,1,1,0,run,0,,,122/2
1489137,1,14,7,Narayan Jagadeesan,Baba Aparajith,Ravichandran Ashwin,0,0,0,no run,0,,,122/2
1489137,1,15,1,Baba Aparajith,Narayan Jagadeesan,Ganeshan Periyaswamy,1,1,0,run,0,,,123/2
1489137,1,15,2,Narayan Jagadeesan,Baba Aparajith,Ganeshan Periyaswamy,6,6,0,six,0,,,129/2
1489137,1,15,3,Narayan Jagadeesan,Baba Aparajith,Ganeshan Periyaswamy,1,1,0,run,0,,,130/2
1489137,1,15,4,Baba Aparajith,Narayan Jagadeesan,Ganeshan Periyaswamy,6,6,0,six,0,,,136/2
1489137,1,15,5,Baba Aparajith,Narayan Jagadeesan,Ganeshan Periyaswamy,1,1,0,run,0,,,137/2
1489137,1,15,6,Narayan Jagadeesan,Baba Aparajith,Ganeshan Periyaswamy,1,1,0,run,0,,,138/2
1489137,1,16,1,Narayan Jagadeesan,Baba Aparajith,Ravichandran Sasidharan,6,6,0,six,0,,,144/2
1489137,1,16,2,Narayan Jagadeesan,Baba Aparajith,Ravichandran Sasidharan,4,4,0,four,0,,,148/2
1489137,1,16,3,Narayan Jagadeesan,Baba Aparajith,Ravichandran Sasidharan,6,6,0,six,0,,,154/2
1489137,1,16,4,Narayan Jagadeesan,Baba Aparajith,Ravichandran Sasidharan,1,1,0,run,0,,,155/2
1489137,1,16,5,Baba Aparajith,Narayan Jagadeesan,Ravichandran Sasidharan,0,0,0,out,1,caught,Baba Aparajith,155/3
1489137,1,16,6,Vijay Shankar,Narayan Jagadeesan,Ravichandran Sasidharan,0,0,0,out,1,caught,Vijay Shankar,155/4
1489137,1,17,1,Narayan Jagadeesan,Swapnil Singh,Varun Chakravarthy Vinod,2,2,0,run,0,,,157/4
1489137,1,17,2,Narayan Jagadeesan,Swapnil Singh,Varun Chakravarthy Vinod,1,1,0,run,0,,,158/4
1489137,1,17,3,Swapnil Singh,Narayan Jagadeesan,Varun Chakravarthy Vinod,1,1,0,run,0,,,159/4
1489137,1,17,4,Narayan Jagadeesan,Swapnil Singh,Varun Chakravarthy Vinod,2,2,0,run,0,,,161/4
1489137,1,17,5,Narayan Jagadeesan,Swapnil Singh,Varun Chakravarthy Vinod,1,1,0,run,0,,,162/4
1489137,1,17,6,Swapnil Singh,Narayan Jagadeesan,Varun Chakravarthy Vinod,1,1,0,run,0,,,163/4
1489137,1,18,1,Swapnil Singh,Narayan Jagadeesan,Ravichandran Ashwin,1,1,0,run,0,,,164/4
1489137,1,18,2,Narayan Jagadeesan,Swapnil Singh,Ravichandran Ashwin,0,0,0,out,1,bowled,Narayan Jagadeesan,164/5
1489137,1,18,3,S Dinesh Raj,Swapnil Singh,Ravichandran Ashwin,0,0,0,no run,0,,,164/5
1489137,1,18,4,S Dinesh Raj,Swapnil Singh,Ravichandran Ashwin,1,1,0,run,0,,,165/5
1489137,1,18,5,Swapnil Singh,S Dinesh Raj,Ravichandran Ashwin,1,1,0,run,0,,,166/5
1489137,1,18,6,S Dinesh Raj,Swapnil Singh,Ravichandran Ashwin,1,1,0,run,0,,,167/5
1489137,1,19,1,S Dinesh Raj,Swapnil Singh,Ganeshan Periyaswamy,2,2,0,run,0,,,169/5
1489137,1,19,2,S Dinesh Raj,Swapnil Singh,Ganeshan Periyaswamy,1,1,0,run,0,,,170/5
1489137,1,19,3,S Dinesh Raj,Swapnil Singh,Ganeshan Periyaswamy,0,0,0,no run,0,,,170/5
1489137,1,19,4,S Dinesh Raj,Swapnil Singh,Ganeshan Periyaswamy,1,1,0,run,0,,,171/5
1489137,1,19,5,Swapnil Singh,S Dinesh Raj,Ganeshan Periyaswamy,1,1,0,run,0,,,172/5
1489137,1,19,6,S Dinesh Raj,Swapnil Singh,Ganeshan Periyaswamy,1,1,0,run,0,,,173/5
1489137,1,20,1,S Dinesh Raj,Swapnil Singh,Venkatesh Bhuvaneshwar,1,1,0,run,0,,,174/5
1489137,1,20,2,Swapnil Singh,S Dinesh Raj,Venkatesh Bhuvaneshwar,0,0,0,no run,0,,,174/5
1489137,1,20,3,Swapnil Singh,S Dinesh Raj,Venkatesh Bhuvaneshwar,1,1,0,run,0,,,175/5
1489137,1,20,4,S Dinesh Raj,Swapnil Singh,Venkatesh Bhuvaneshwar,0,0,0,out,1,caught,S Dinesh Raj,175/6
1489137,1,20,5,Abhishek Baljeetsingh Tanwar,Swapnil Singh,Venkatesh Bhuvaneshwar,1,0,1,wide,0,,,176/6
1489137,1,20,6,Abhishek Baljeetsingh Tanwar,Swapnil Singh,Venkatesh Bhuvaneshwar,1,1,0,run,0,,,177/6
1489137,1,20,7,Swapnil Singh,Abhishek Baljeetsingh Tanwar,Venkatesh Bhuvaneshwar,1,0,1,wide,0,,,178/6
1489137,1,20,8,Swapnil Singh,Abhishek Baljeetsingh Tanwar,Venkatesh Bhuvaneshwar,0,0,0,out,1,run out,Swapnil Singh,178/7
1489137,2,1,1,Ravichandran Ashwin,Shivam Singh,Abhishek Baljeetsingh Tanwar,0,0,0,no run,0,,,0/0
1489137,2,1,2,Ravichandran Ashwin,Shivam Singh,Abhishek Baljeetsingh Tanwar,6,6,0,six,0,,,6/0
1489137,2,1,3,Ravichandran Ashwin,Shivam Singh,Abhishek Baljeetsingh Tanwar,1,1,0,run,0,,,7/0
1489137,2,1,4,Shivam Singh,Ravichandran Ashwin,Abhishek Baljeetsingh Tanwar,0,0,0,no run,0,,,7/0
1489137,2,1,5,Shivam Singh,Ravichandran Ashwin,Abhishek Baljeetsingh Tanwar,4,4,0,four,0,,,11/0
1489137,2,1,6,Shivam Singh,Ravichandran Ashwin,Abhishek Baljeetsingh Tanwar,4,4,0,four,0,,,15/0
1489137,2,2,1,Ravichandran Ashwin,Shivam Singh,Vijay Shankar,2,2,0,run,0,,,17/0
1489137,2,2,2,Ravichandran Ashwin,Shivam Singh,Vijay Shankar,1,0,1,leg bye,0,,,18/0
1489137,2,2,3,Shivam Singh,Ravichandran Ashwin,Vijay Shankar,0,0,0,no run,0,,,18/0
1489137,2,2,4,Shivam Singh,Ravichandran Ashwin,Vijay Shankar,0,0,0,no run,0,,,18/0
1489137,2,2,5,Shivam Singh,Ravichandran Ashwin,Vijay Shankar,1,0,1,wide,0,,,19/0
1489137,2,2,6,Shivam Singh,Ravichandran Ashwin,Vijay Shankar,1,1,0,run,0,,,20/0
1489137,2,2,7,Ravichandran Ashwin,Shivam Singh,Vijay Shankar,1,1,0,run,0,,,21/0
1489137,2,3,1,Ravichandran Ashwin,Shivam Singh,Abhishek Baljeetsingh Tanwar,1,1,0,run,0,,,22/0
1489137,2,3,2,Shivam Singh,Ravichandran Ashwin,Abhishek Baljeetsingh Tanwar,1,1,0,run,0,,,23/0
1489137,2,3,3,Ravichandran Ashwin,Shivam Singh,Abhishek Baljeetsingh Tanwar,1,1,0,run,0,,,24/0
1489137,2,3,4,Shivam Singh,Ravichandran Ashwin,Abhishek Baljeetsingh Tanwar,0,0,0,no run,0,,,24/0
1489137,2,3,5,Shivam Singh,Ravichandran Ashwin,Abhishek Baljeetsingh Tanwar,6,6,0,six,0,,,30/0
1489137,2,3,6,Shivam Singh,Ravichandran Ashwin,Abhishek Baljeetsingh Tanwar,6,6,0,six,0,,,36/0
1489137,2,4,1,Ravichandran Ashwin,Shivam Singh,M Silambarasan,1,1,0,run,0,,,37/0
1489137,2,4,2,Shivam Singh,Ravichandran Ashwin,M Silambarasan,0,0,0,no run,0,,,37/0
1489137,2,4,3,Shivam Singh,Ravichandran Ashwin,M Silambarasan,0,0,0,no run,0,,,37/0
1489137,2,4,4,Shivam Singh,Ravichandran Ashwin,M Silambarasan,0,0,0,no run,0,,,37/0
1489137,2,4,5,Shivam Singh,Ravichandran Ashwin,M Silambarasan,4,4,0,four,0,,,41/0
1489137,2,4,6,Shivam Singh,Ravichandran Ashwin,M Silambarasan,1,1,0,run,0,,,42/0
1489137,2,5,1,Shivam Singh,Ravichandran Ashwin,J Prem Kumar,0,0,0,no run,0,,,42/0
1489137,2,5,2,Shivam Singh,Ravichandran Ashwin,J Prem Kumar,0,0,0,out,1,caught,Shivam Singh,42/1
1489137,2,5,3,Baba Indrajith,Ravichandran Ashwin,J Prem Kumar,1,1,0,run,0,,,43/1
1489137,2,5,4,Ravichandran Ashwin,Baba Indrajith,J Prem Kumar,0,0,0,no run,0,,,43/1
1489137,2,5,5,Ravichandran Ashwin,Baba Indrajith,J Prem Kumar,1,1,0,run,0,,,44/1
1489137,2,5,6,Baba Indrajith,Ravichandran Ashwin,J Prem Kumar,1,1,0,run,0,,,45/1
1489137,2,6,1,Baba Indrajith,Ravichandran Ashwin,M Silambarasan,1,1,0,run,0,,,46/1
1489137,2,6,2,Ravichandran Ashwin,Baba Indrajith,M Silambarasan,1,1,0,run,0,,,47/1
1489137,2,6,3,Baba Indrajith,Ravichandran Ashwin,M Silambarasan,1,1,0,run,0,,,48/1
1489137,2,6,4,Ravichandran Ashwin,Baba Indrajith,M Silambarasan,1,1,0,run,0,,,49/1
1489137,2,6,5,Baba Indrajith,Ravichandran Ashwin,M Silambarasan,1,1,0,run,0,,,50/1
1489137,2,6,6,Ravichandran Ashwin,Baba Indrajith,M Silambarasan,1,1,0,run,0,,,51/1
1489137,2,7,1,Ravichandran Ashwin,Baba Indrajith,J Prem Kumar,1,1,0,run,0,,,52/1
1489137,2,7,2,Baba Indrajith,Ravichandran Ashwin,J Prem Kumar,1,1,0,run,0,,,53/1
1489137,2,7,3,Ravichandran Ashwin,Baba Indrajith,J Prem Kumar,1,1,0,run,0,,,54/1
1489137,2,7,4,Baba Indrajith,Ravichandran Ashwin,J Prem Kumar,0,0,0,no run,0,,,54/1
1489137,2,7,5,Baba Indrajith,Ravichandran Ashwin,J Prem Kumar,1,1,0,run,0,,,55/1
1489137,2,7,6,Ravichandran Ashwin,Baba Indrajith,J Prem Kumar,1,1,0,run,0,,,56/1
1489137,2,8,1,Ravichandran Ashwin,Baba Indrajith,Swapnil Singh,0,0,0,no run,0,,,56/1
1489137,2,8,2,Ravichandran Ashwin,Baba Indrajith,Swapnil Singh,1,1,0,run,0,,,57/1
1489137,2,8,3,Baba Indrajith,Ravichandran Ashwin,Swapnil Singh,1,1,0,run,0,,,58/1
1489137,2,8,4,Ravichandran Ashwin,Baba Indrajith,Swapnil Singh,0,0,0,out,1,leg before wicket,Ravichandran Ashwin,58/2
1489137,2,8,5,Maan K Bafna,Baba Indrajith,Swapnil Singh,1,1,0,run,0,,,59/2
1489137,2,8,6,Baba Indrajith,Maan K Bafna,Swapnil Singh,1,1,0,run,0,,,60/2
1489137,2,9,1,Baba Indrajith,Maan K Bafna,TD Lokesh Raj,1,1,0,run,0,,,61/2
1489137,2,9,2,Maan K Bafna,Baba Indrajith,TD Lokesh Raj,1,1,0,run,0,,,62/2
1489137,2,9,3,Baba Indrajith,Maan K Bafna,TD Lokesh Raj,1,1,0,run,0,,,63/2
1489137,2,9,4,Maan K Bafna,Baba Indrajith,TD Lokesh Raj,0,0,0,out,1,bowled,Maan K Bafna,63/3
1489137,2,9,5,R Vimal Khumar,Baba Indrajith,TD Lokesh Raj,1,1,0,run,0,,,64/3
1489137,2,9,6,Baba Indrajith,R Vimal Khumar,TD Lokesh Raj,1,1,0,run,0,,,65/3
1489137,2,10,1,Baba Indrajith,R Vimal Khumar,Swapnil Singh,1,1,0,run,0,,,66/3
1489137,2,10,2,R Vimal Khumar,Baba Indrajith,Swapnil Singh,2,2,0,run,0,,,68/3
1489137,2,10,3,R Vimal Khumar,Baba Indrajith,Swapnil Singh,4,4,0,four,0,,,72/3
1489137,2,10,4,R Vimal Khumar,Baba Indrajith,Swapnil Singh,1,1,0,run,0,,,73/3
1489137,2,10,5,Baba Indrajith,R Vimal Khumar,Swapnil Singh,1,1,0,run,0,,,74/3
1489137,2,10,6,R Vimal Khumar,Baba Indrajith,Swapnil Singh,4,4,0,four,0,,,78/3
1489137,2,11,1,Baba Indrajith,R Vimal Khumar,TD Lokesh Raj,0,0,0,no run,0,,,78/3
1489137,2,11,2,Baba Indrajith,R Vimal Khumar,TD Lokesh Raj,6,6,0,six,0,,,84/3
1489137,2,11,3,Baba Indrajith,R Vimal Khumar,TD Lokesh Raj,1,1,0,run,0,,,85/3
1489137,2,11,4,R Vimal Khumar,Baba Indrajith,TD Lokesh Raj,0,0,0,no run,0,,,85/3
1489137,2,11,5,R Vimal Khumar,Baba Indrajith,TD Lokesh Raj,1,1,0,run,0,,,86/3
1489137,2,11,6,Baba Indrajith,R Vimal Khumar,TD Lokesh Raj,2,2,0,run,0,,,88/3
1489137,2,12,1,R Vimal Khumar,Baba Indrajith,M Silambarasan,4,4,0,four,0,,,92/3
1489137,2,12,2,R Vimal Khumar,Baba Indrajith,M Silambarasan,1,1,0,run,0,,,93/3
1489137,2,12,3,Baba Indrajith,R Vimal Khumar,M Silambarasan,1,1,0,run,0,,,94/3
1489137,2,12,4,R Vimal Khumar,Baba Indrajith,M Silambarasan,1,1,0,run,0,,,95/3
1489137,2,12,5,Baba Indrajith,R Vimal Khumar,M Silambarasan,0,0,0,no run,0,,,95/3
1489137,2,12,6,Baba Indrajith,R Vimal Khumar,M Silambarasan,1,1,0,run,0,,,96/3
1489137,2,13,1,Baba Indrajith,R Vimal Khumar,J Prem Kumar,3,3,0,run,0,,,99/3
1489137,2,13,2,R Vimal Khumar,Baba Indrajith,J Prem Kumar,0,0,0,no run,0,,,99/3
1489137,2,13,3,R Vimal Khumar,Baba Indrajith,J Prem Kumar,1,1,0,run,0,,,100/3
1489137,2,13,4,Baba Indrajith,R Vimal Khumar,J Prem Kumar,4,4,0,four,0,,,104/3
1489137,2,13,5,Baba Indrajith,R Vimal Khumar,J Prem Kumar,4,4,0,four,0,,,108/3
1489137,2,13,6,Baba Indrajith,R Vimal Khumar,J Prem Kumar,2,2,0,run,0,,,110/3
1489137,2,14,1,R Vimal Khumar,Baba Indrajith,Vijay Shankar,1,1,0,run,0,,,111/3
1489137,2,14,2,Baba Indrajith,R Vimal Khumar,Vijay Shankar,1,1,0,run,0,,,112/3
1489137,2,14,3,R Vimal Khumar,Baba Indrajith,Vijay Shankar,1,1,0,run,0,,,113/3
1489137,2,14,4,Baba Indrajith,R Vimal Khumar,Vijay Shankar,1,1,0,run,0,,,114/3
1489137,2,14,5,R Vimal Khumar,Baba Indrajith,Vijay Shankar,4,4,0,four,0,,,118/3
1489137,2,14,6,R Vimal Khumar,Baba Indrajith,Vijay Shankar,1,1,0,run,0,,,119/3
1489137,2,15,1,R Vimal Khumar,Baba Indrajith,S Rohith Suthar,1,1,0,run,0,,,120/3
1489137,2,15,2,Baba Indrajith,R Vimal Khumar,S Rohith Suthar,1,1,0,run,0,,,121/3
1489137,2,15,3,R Vimal Khumar,Baba Indrajith,S Rohith Suthar,0,0,0,no run,0,,,121/3
1489137,2,15,4,R Vimal Khumar,Baba Indrajith,S Rohith Suthar,0,0,0,no run,0,,,121/3
1489137,2,15,5,R Vimal Khumar,Baba Indrajith,S Rohith Suthar,1,1,0,run,0,,,122/3
1489137,2,15,6,Baba Indrajith,R Vimal Khumar,S Rohith Suthar,1,1,0,run,0,,,123/3
1489137,2,16,1,Baba Indrajith,R Vimal Khumar,Vijay Shankar,0,0,0,out,1,caught,Baba Indrajith,123/4
1489137,2,16,2,Hunny Saini,R Vimal Khumar,Vijay Shankar,1,1,0,run,0,,,124/4
1489137,2,16,3,R Vimal Khumar,Hunny Saini,Vijay Shankar,1,1,0,run,0,,,125/4
1489137,2,16,4,Hunny Saini,R Vimal Khumar,Vijay Shankar,1,1,0,run,0,,,126/4
1489137,2,16,5,R Vimal Khumar,Hunny Saini,Vijay Shankar,1,1,0,run,0,,,127/4
1489137,2,16,6,Hunny Saini,R Vimal Khumar,Vijay Shankar,0,0,0,no run,0,,,127/4
1489137,2,17,1,R Vimal Khumar,Hunny Saini,S Rohith Suthar,4,4,0,four,0,,,131/4
1489137,2,17,2,R Vimal Khumar,Hunny Saini,S Rohith Suthar,6,6,0,six,0,,,137/4
1489137,2,17,3,R Vimal Khumar,Hunny Saini,S Rohith Suthar,6,6,0,six,0,,,143/4
1489137,2,17,4,R Vimal Khumar,Hunny Saini,S Rohith Suthar,6,6,0,six,0,,,149/4
1489137,2,17,5,R Vimal Khumar,Hunny Saini,S Rohith Suthar,6,6,0,six,0,,,155/4
1489137,2,17,6,R Vimal Khumar,Hunny Saini,S Rohith Suthar,6,6,0,six,0,,,161/4
1489137,2,18,1,Hunny Saini,R Vimal Khumar,Vijay Shankar,1,1,0,run,0,,,162/4
1489137,2,18,2,R Vimal Khumar,Hunny Saini,Vijay Shankar,1,0,1,leg bye,0,,,163/4
1489137,2,18,3,Hunny Saini,R Vimal Khumar,Vijay Shankar,4,4,0,four,0,,,167/4
1489137,2,18,4,Hunny Saini,R Vimal Khumar,Vijay Shankar,4,4,0,four,0,,,171/4
1489137,2,18,5,Hunny Saini,R Vimal Khumar,Vijay Shankar,1,1,0,run,1,run out,Hunny Saini,172/5
1489137,2,18,6,Dinesh H,R Vimal Khumar,Vijay Shankar,1,0,1,leg bye,0,,,173/5
1489137,2,19,1,Dinesh H,R Vimal Khumar,J Prem Kumar,4,4,0,four,0,,,177/5
1489137,2,19,2,Dinesh H,R Vimal Khumar,J Prem Kumar,1,1,0,run,0,,,178/5
1489137,2,19,3,R Vimal Khumar,Dinesh H,J Prem Kumar,0,0,0,out,1,bowled,R Vimal Khumar,178/6
1489137,2,19,4,M Karthik Saran,Dinesh H,J Prem Kumar,4,4,0,four,0,,,182/6
1489138,1,1,1,VP Amit Sathvik,Tushar Raheja,Venkatesh Bhuvaneshwar,4,4,0,four,0,,,4/0
1489138,1,1,2,VP Amit Sathvik,Tushar Raheja,Venkatesh Bhuvaneshwar,0,0,0,no run,0,,,4/0
1489138,1,1,3,VP Amit Sathvik,Tushar Raheja,Venkatesh Bhuvaneshwar,1,1,0,run,0,,,5/0
1489138,1,1,4,Tushar Raheja,VP Amit Sathvik,Venkatesh Bhuvaneshwar,1,1,0,run,0,,,6/0
1489138,1,1,5,VP Amit Sathvik,Tushar Raheja,Venkatesh Bhuvaneshwar,4,4,0,four,0,,,10/0
1489138,1,1,6,VP Amit Sathvik,Tushar Raheja,Venkatesh Bhuvaneshwar,4,4,0,four,0,,,14/0
1489138,1,2,1,Tushar Raheja,VP Amit Sathvik,Ravichandran Ashwin,1,1,0,run,0,,,15/0
1489138,1,2,2,VP Amit Sathvik,Tushar Raheja,Ravichandran Ashwin,1,1,0,run,0,,,16/0
1489138,1,2,3,Tushar Raheja,VP Amit Sathvik,Ravichandran Ashwin,4,4,0,four,0,,,20/0
1489138,1,2,4,Tushar Raheja,VP Amit Sathvik,Ravichandran Ashwin,0,0,0,no run,0,,,20/0
1489138,1,2,5,Tushar Raheja,VP Amit Sathvik,Ravichandran Ashwin,1,1,0,run,0,,,21/0
1489138,1,2,6,VP Amit Sathvik,Tushar Raheja,Ravichandran Ashwin,1,1,0,run,0,,,22/0
1489138,1,3,1,VP Amit Sathvik,Tushar Raheja,Varun Chakravarthy Vinod,4,4,0,four,0,,,26/0
1489138,1,3,2,VP Amit Sathvik,Tushar Raheja,Varun Chakravarthy Vinod,0,0,0,no run,0,,,26/0
1489138,1,3,3,VP Amit Sathvik,Tushar Raheja,Varun Chakravarthy Vinod,1,1,0,run,0,,,27/0
1489138,1,3,4,Tushar Raheja,VP Amit Sathvik,Varun Chakravarthy Vinod,1,1,0,run,0,,,28/0
1489138,1,3,5,VP Amit Sathvik,Tushar Raheja,Varun Chakravarthy Vinod,0,0,0,no run,0,,,28/0
1489138,1,3,6,VP Amit Sathvik,Tushar Raheja,Varun Chakravarthy Vinod,0,0,0,no run,0,,,28/0
1489138,1,4,1,Tushar Raheja,VP Amit Sathvik,Ganeshan Periyaswamy,1,1,0,run,0,,,29/0
1489138,1,4,2,VP Amit Sathvik,Tushar Raheja,Ganeshan Periyaswamy,0,0,0,no run,0,,,29/0
1489138,1,4,3,VP Amit Sathvik,Tushar Raheja,Ganeshan Periyaswamy,2,2,0,run,0,,,31/0
1489138,1,4,4,VP Amit Sathvik,Tushar Raheja,Ganeshan Periyaswamy,1,1,0,run,0,,,32/0
1489138,1,4,5,Tushar Raheja,VP Amit Sathvik,Ganeshan Periyaswamy,0,0,0,no run,0,,,32/0
1489138,1,4,6,Tushar Raheja,VP Amit Sathvik,Ganeshan Periyaswamy,2,2,0,run,0,,,34/0
1489138,1,5,1,VP Amit Sathvik,Tushar Raheja,Varun Chakravarthy Vinod,2,2,0,run,0,,,36/0
1489138,1,5,2,VP Amit Sathvik,Tushar Raheja,Varun Chakravarthy Vinod,4,4,0,four,0,,,40/0
1489138,1,5,3,VP Amit Sathvik,Tushar Raheja,Varun Chakravarthy Vinod,0,0,0,no run,0,,,40/0
1489138,1,5,4,VP Amit Sathvik,Tushar Raheja,Varun Chakravarthy Vinod,4,4,0,four,0,,,44/0
1489138,1,5,5,VP Amit Sathvik,Tushar Raheja,Varun Chakravarthy Vinod,1,1,0,run,0,,,45/0
1489138,1,5,6,Tushar Raheja,VP Amit Sathvik,Varun Chakravarthy Vinod,6,6,0,six,0,,,51/0
1489138,1,6,1,VP Amit Sathvik,Tushar Raheja,Ganeshan Periyaswamy,6,6,0,six,0,,,57/0
1489138,1,6,2,VP Amit Sathvik,Tushar Raheja,Ganeshan Periyaswamy,0,0,0,no run,0,,,57/0
1489138,1,6,3,VP Amit Sathvik,Tushar Raheja,Ganeshan Periyaswamy,6,6,0,six,0,,,63/0
1489138,1,6,4,VP Amit Sathvik,Tushar Raheja,Ganeshan Periyaswamy,1,1,0,run,0,,,64/0
1489138,1,6,5,Tushar Raheja,VP Amit Sathvik,Ganeshan Periyaswamy,1,1,0,run,0,,,65/0
1489138,1,6,6,VP Amit Sathvik,Tushar Raheja,Ganeshan Periyaswamy,4,4,0,four,0,,,69/0
1489138,1,7,1,Tushar Raheja,VP Amit Sathvik,Ravichandran Ashwin,0,0,0,no run,0,,,69/0
1489138,1,7,2,Tushar Raheja,VP Amit Sathvik,Ravichandran Ashwin,4,4,0,four,0,,,73/0
1489138,1,7,3,Tushar Raheja,VP Amit Sathvik,Ravichandran Ashwin,1,1,0,run,0,,,74/0
1489138,1,7,4,VP Amit Sathvik,Tushar Raheja,Ravichandran Ashwin,6,6,0,six,0,,,80/0
1489138,1,7,5,VP Amit Sathvik,Tushar Raheja,Ravichandran Ashwin,1,1,0,run,0,,,81/0
1489138,1,7,6,Tushar Raheja,VP Amit Sathvik,Ravichandran Ashwin,1,1,0,run,0,,,82/0
1489138,1,8,1,Tushar Raheja,VP Amit Sathvik,Ravichandran Sasidharan,1,1,0,run,0,,,83/0
1489138,1,8,2,VP Amit Sathvik,Tushar Raheja,Ravichandran Sasidharan,1,1,0,run,0,,,84/0
1489138,1,8,3,Tushar Raheja,VP Amit Sathvik,Ravichandran Sasidharan,4,4,0,four,0,,,88/0
1489138,1,8,4,Tushar Raheja,VP Amit Sathvik,Ravichandran Sasidharan,1,0,1,wide,0,,,89/0
1489138,1,8,5,Tushar Raheja,VP Amit Sathvik,Ravichandran Sasidharan,0,0,0,no run,0,,,89/0
1489138,1,8,6,Tushar Raheja,VP Amit Sathvik,Ravichandran Sasidharan,6,6,0,six,0,,,95/0
1489138,1,8,7,Tushar Raheja,VP Amit Sathvik,Ravichandran Sasidharan,4,4,0,four,0,,,99/0
1489138,1,9,1,VP Amit Sathvik,Tushar Raheja,Ravichandran Ashwin,1,1,0,run,0,,,100/0
1489138,1,9,2,Tushar Raheja,VP Amit Sathvik,Ravichandran Ashwin,0,0,0,no run,0,,,100/0
1489138,1,9,3,Tushar Raheja,VP Amit Sathvik,Ravichandran Ashwin,2,2,0,run,0,,,102/0
1489138,1,9,4,Tushar Raheja,VP Amit Sathvik,Ravichandran Ashwin,0,0,0,no run,0,,,102/0
1489138,1,9,5,Tushar Raheja,VP Amit Sathvik,Ravichandran Ashwin,1,1,0,run,0,,,103/0
1489138,1,9,6,VP Amit Sathvik,Tushar Raheja,Ravichandran Ashwin,0,0,0,no run,0,,,103/0
1489138,1,10,1,Tushar Raheja,VP Amit Sathvik,Varun Chakravarthy Vinod,0,0,0,no run,0,,,103/0
1489138,1,10,2,Tushar Raheja,VP Amit Sathvik,Varun Chakravarthy Vinod,1,1,0,run,0,,,104/0
1489138,1,10,3,VP Amit Sathvik,Tushar Raheja,Varun Chakravarthy Vinod,1,1,0,run,0,,,105/0
1489138,1,10,4,Tushar Raheja,VP Amit Sathvik,Varun Chakravarthy Vinod,1,1,0,run,0,,,106/0
1489138,1,10,5,VP Amit Sathvik,Tushar Raheja,Varun Chakravarthy Vinod,4,4,0,four,0,,,110/0
1489138,1,10,6,VP Amit Sathvik,Tushar Raheja,Varun Chakravarthy Vinod,0,0,0,no run,0,,,110/0
1489138,1,11,1,Tushar Raheja,VP Amit Sathvik,Venkatesh Bhuvaneshwar,1,0,1,no ball,0,,,111/0
1489138,1,11,2,Tushar Raheja,VP Amit Sathvik,Venkatesh Bhuvaneshwar,1,0,1,no ball,0,,,112/0
1489138,1,11,3,Tushar Raheja,VP Amit Sathvik,Venkatesh Bhuvaneshwar,4,4,0,four,0,,,116/0
1489138,1,11,4,Tushar Raheja,VP Amit Sathvik,Venkatesh Bhuvaneshwar,4,4,0,four,0,,,120/0
1489138,1,11,5,Tushar Raheja,VP Amit Sathvik,Venkatesh Bhuvaneshwar,1,1,0,run,0,,,121/0
1489138,1,11,6,VP Amit Sathvik,Tushar Raheja,Venkatesh Bhuvaneshwar,0,0,0,out,1,caught,VP Amit Sathvik,121/1
1489138,1,11,7,Ravisrinivasan Sai Kishore,Tushar Raheja,Venkatesh Bhuvaneshwar,1,1,0,run,0,,,122/1
1489138,1,11,8,Tushar Raheja,Ravisrinivasan Sai Kishore,Venkatesh Bhuvaneshwar,1,1,0,run,0,,,123/1
1489138,1,12,1,Tushar Raheja,Ravisrinivasan Sai Kishore,M Karthik Saran,2,2,0,run,0,,,125/1
1489138,1,12,2,Tushar Raheja,Ravisrinivasan Sai Kishore,M Karthik Saran,1,1,0,run,0,,,126/1
1489138,1,12,3,Ravisrinivasan Sai Kishore,Tushar Raheja,M Karthik Saran,0,0,0,no run,0,,,126/1
1489138,1,12,4,Ravisrinivasan Sai Kishore,Tushar Raheja,M Karthik Saran,0,0,0,no run,0,,,126/1
1489138,1,12,5,Ravisrinivasan Sai Kishore,Tushar Raheja,M Karthik Saran,2,0,2,wide,0,,,128/1
1489138,1,12,6,Tushar Raheja,Ravisrinivasan Sai Kishore,M Karthik Saran,1,1,0,run,0,,,129/1
1489138,1,12,7,Ravisrinivasan Sai Kishore,Tushar Raheja,M Karthik Saran,0,0,0,out,1,bowled,Ravisrinivasan Sai Kishore,129/2
1489138,1,13,1,Tushar Raheja,S Mohamed Ali,Ravichandran Sasidharan,1,1,0,run,0,,,130/2
1489138,1,13,2,S Mohamed Ali,Tushar Raheja,Ravichandran Sasidharan,1,1,0,run,0,,,131/2
1489138,1,13,3,Tushar Raheja,S Mohamed Ali,Ravichandran Sasidharan,1,1,0,run,0,,,132/2
1489138,1,13,4,S Mohamed Ali,Tushar Raheja,Ravichandran Sasidharan,2,2,0,run,0,,,134/2
1489138,1,13,5,S Mohamed Ali,Tushar Raheja,Ravichandran Sasidharan,1,1,0,run,0,,,135/2
1489138,1,13,6,Tushar Raheja,S Mohamed Ali,Ravichandran Sasidharan,6,6,0,six,0,,,141/2
1489138,1,14,1,S Mohamed Ali,Tushar Raheja,M Karthik Saran,2,2,0,run,0,,,143/2
1489138,1,14,2,S Mohamed Ali,Tushar Raheja,M Karthik Saran,2,2,0,run,0,,,145/2
1489138,1,14,3,S Mohamed Ali,Tushar Raheja,M Karthik Saran,2,2,0,run,0,,,147/2
1489138,1,14,4,S Mohamed Ali,Tushar Raheja,M Karthik Saran,1,1,0,run,0,,,148/2
1489138,1,14,5,Tushar Raheja,S Mohamed Ali,M Karthik Saran,1,1,0,run,0,,,149/2
1489138,1,14,6,S Mohamed Ali,Tushar Raheja,M Karthik Saran,0,0,0,no run,0,,,149/2
1489138,1,15,1,Tushar Raheja,S Mohamed Ali,Ravichandran Ashwin,0,0,0,no run,0,,,149/2
1489138,1,15,2,Tushar Raheja,S Mohamed Ali,Ravichandran Ashwin,1,1,0,run,0,,,150/2
1489138,1,15,3,S Mohamed Ali,Tushar Raheja,Ravichandran Ashwin,1,1,0,run,0,,,151/2
1489138,1,15,4,Tushar Raheja,S Mohamed Ali,Ravichandran Ashwin,0,0,0,no run,0,,,151/2
1489138,1,15,5,Tushar Raheja,S Mohamed Ali,Ravichandran Ashwin,6,6,0,six,0,,,157/2
1489138,1,15,6,Tushar Raheja,S Mohamed Ali,Ravichandran Ashwin,3,3,0,run,0,,,160/2
1489138,1,16,1,Tushar Raheja,S Mohamed Ali,M Karthik Saran,0,0,0,out,1,caught,Tushar Raheja,160/3
1489138,1,16,2,Uthirasamy Sasidev,S Mohamed Ali,M Karthik Saran,1,1,0,run,0,,,161/3
1489138,1,16,3,S Mohamed Ali,Uthirasamy Sasidev,M Karthik Saran,2,2,0,run,0,,,163/3
1489138,1,16,4,S Mohamed Ali,Uthirasamy Sasidev,M Karthik Saran,1,0,1,wide,0,,,164/3
1489138,1,16,5,S Mohamed Ali,Uthirasamy Sasidev,M Karthik Saran,4,4,0,four,0,,,168/3
1489138,1,16,6,S Mohamed Ali,Uthirasamy Sasidev,M Karthik Saran,4,4,0,four,0,,,172/3
1489138,1,16,7,S Mohamed Ali,Uthirasamy Sasidev,M Karthik Saran,1,1,0,run,0,,,173/3
1489138,1,17,1,S Mohamed Ali,Uthirasamy Sasidev,Varun Chakravarthy Vinod,0,0,0,out,1,caught,S Mohamed Ali,173/4
1489138,1,17,2,V Anovankar,Uthirasamy Sasidev,Varun Chakravarthy Vinod,6,6,0,six,0,,,179/4
1489138,1,17,3,V Anovankar,Uthirasamy Sasidev,Varun Chakravarthy Vinod,1,1,0,run,0,,,180/4
1489138,1,17,4,Uthirasamy Sasidev,V Anovankar,Varun Chakravarthy Vinod,1,1,0,run,0,,,181/4
1489138,1,17,5,V Anovankar,Uthirasamy Sasidev,Varun Chakravarthy Vinod,0,0,0,no run,0,,,181/4
1489138,1,17,6,V Anovankar,Uthirasamy Sasidev,Varun Chakravarthy Vinod,1,1,0,run,0,,,182/4
1489138,1,18,1,V Anovankar,Uthirasamy Sasidev,Ganeshan Periyaswamy,2,2,0,run,0,,,184/4
1489138,1,18,2,V Anovankar,Uthirasamy Sasidev,Ganeshan Periyaswamy,1,0,1,bye,0,,,185/4
1489138,1,18,3,Uthirasamy Sasidev,V Anovankar,Ganeshan Periyaswamy,1,1,0,run,0,,,186/4
1489138,1,18,4,V Anovankar,Uthirasamy Sasidev,Ganeshan Periyaswamy,1,1,0,run,0,,,187/4
1489138,1,18,5,Uthirasamy Sasidev,V Anovankar,Ganeshan Periyaswamy,1,1,0,run,0,,,188/4
1489138,1,18,6,V Anovankar,Uthirasamy Sasidev,Ganeshan Periyaswamy,6,6,0,six,0,,,194/4
1489138,1,19,1,Uthirasamy Sasidev,V Anovankar,M Karthik Saran,6,6,0,six,0,,,200/4
1489138,1,19,2,Uthirasamy Sasidev,V Anovankar,M Karthik Saran,4,4,0,four,0,,,204/4
1489138,1,19,3,Uthirasamy Sasidev,V Anovankar,M Karthik Saran,1,1,0,run,0,,,205/4
1489138,1,19,4,V Anovankar,Uthirasamy Sasidev,M Karthik Saran,1,1,0,run,0,,,206/4
1489138,1,19,5,Uthirasamy Sasidev,V Anovankar,M Karthik Saran,1,1,0,run,0,,,207/4
1489138,1,19,6,V Anovankar,Uthirasamy Sasidev,M Karthik Saran,4,4,0,four,0,,,211/4
1489138,1,20,1,Uthirasamy Sasidev,V Anovankar,Ganeshan Periyaswamy,4,4,0,four,0,,,215/4
1489138,1,20,2,Uthirasamy Sasidev,V Anovankar,Ganeshan Periyaswamy,0,0,0,no run,0,,,215/4
1489138,1,20,3,Uthirasamy Sasidev,V Anovankar,Ganeshan Periyaswamy,0,0,0,out,1,caught,Uthirasamy Sasidev,215/5
1489138,1,20,4,M Mathivannan,V Anovankar,Ganeshan Periyaswamy,1,0,1,wide,0,,,216/5
1489138,1,20,5,M Mathivannan,V Anovankar,Ganeshan Periyaswamy,1,0,1,leg bye,0,,,217/5
1489138,1,20,6,V Anovankar,M Mathivannan,Ganeshan Periyaswamy,2,2,0,run,0,,,219/5
1489138,1,20,7,V Anovankar,M Mathivannan,Ganeshan Periyaswamy,1,1,0,run,0,,,220/5
1489138,2,1,1,Ravichandran Ashwin,Atul Vitkar,Thangarasu Natarajan,0,0,0,no run,0,,,0/0
1489138,2,1,2,Ravichandran Ashwin,Atul Vitkar,Thangarasu Natarajan,0,0,0,no run,0,,,0/0
1489138,2,1,3,Ravichandran Ashwin,Atul Vitkar,Thangarasu Natarajan,1,1,0,run,0,,,1/0
1489138,2,1,4,Atul Vitkar,Ravichandran Ashwin,Thangarasu Natarajan,4,4,0,four,0,,,5/0
1489138,2,1,5,Atul Vitkar,Ravichandran Ashwin,Thangarasu Natarajan,0,0,0,no run,0,,,5/0
1489138,2,1,6,Atul Vitkar,Ravichandran Ashwin,Thangarasu Natarajan,4,4,0,four,0,,,9/0
1489138,2,2,1,Ravichandran Ashwin,Atul Vitkar,Ragupathy Silambarasan,0,0,0,out,1,bowled,Ravichandran Ashwin,9/1
1489138,2,2,2,Baba Indrajith,Atul Vitkar,Ragupathy Silambarasan,4,4,0,four,0,,,13/1
1489138,2,2,3,Baba Indrajith,Atul Vitkar,Ragupathy Silambarasan,0,0,0,no run,0,,,13/1
1489138,2,2,4,Baba Indrajith,Atul Vitkar,Ragupathy Silambarasan,4,4,0,four,0,,,17/1
1489138,2,2,5,Baba Indrajith,Atul Vitkar,Ragupathy Silambarasan,1,1,0,run,0,,,18/1
1489138,2,2,6,Atul Vitkar,Baba Indrajith,Ragupathy Silambarasan,0,0,0,no run,0,,,18/1
1489138,2,3,1,Baba Indrajith,Atul Vitkar,Thangarasu Natarajan,0,0,0,out,1,bowled,Baba Indrajith,18/2
1489138,2,3,2,R Vimal Khumar,Atul Vitkar,Thangarasu Natarajan,0,0,0,no run,0,,,18/2
1489138,2,3,3,R Vimal Khumar,Atul Vitkar,Thangarasu Natarajan,6,6,0,six,0,,,24/2
1489138,2,3,4,R Vimal Khumar,Atul Vitkar,Thangarasu Natarajan,0,0,0,no run,0,,,24/2
1489138,2,3,5,R Vimal Khumar,Atul Vitkar,Thangarasu Natarajan,0,0,0,no run,0,,,24/2
1489138,2,3,6,R Vimal Khumar,Atul Vitkar,Thangarasu Natarajan,4,4,0,four,0,,,28/2
1489138,2,4,1,Atul Vitkar,R Vimal Khumar,Ragupathy Silambarasan,1,1,0,run,0,,,29/2
1489138,2,4,2,R Vimal Khumar,Atul Vitkar,Ragupathy Silambarasan,0,0,0,no run,0,,,29/2
1489138,2,4,3,R Vimal Khumar,Atul Vitkar,Ragupathy Silambarasan,0,0,0,out,1,caught,R Vimal Khumar,29/3
1489138,2,4,4,Dinesh H,Atul Vitkar,Ragupathy Silambarasan,1,1,0,run,0,,,30/3
1489138,2,4,5,Atul Vitkar,Dinesh H,Ragupathy Silambarasan,1,1,0,run,0,,,31/3
1489138,2,4,6,Dinesh H,Atul Vitkar,Ragupathy Silambarasan,0,0,0,no run,0,,,31/3
1489138,2,5,1,Atul Vitkar,Dinesh H,Ravisrinivasan Sai Kishore,1,1,0,run,0,,,32/3
1489138,2,5,2,Dinesh H,Atul Vitkar,Ravisrinivasan Sai Kishore,1,1,0,run,0,,,33/3
1489138,2,5,3,Atul Vitkar,Dinesh H,Ravisrinivasan Sai Kishore,4,4,0,four,0,,,37/3
1489138,2,5,4,Atul Vitkar,Dinesh H,Ravisrinivasan Sai Kishore,1,1,0,run,0,,,38/3
1489138,2,5,5,Dinesh H,Atul Vitkar,Ravisrinivasan Sai Kishore,1,1,0,run,0,,,39/3
1489138,2,5,6,Atul Vitkar,Dinesh H,Ravisrinivasan Sai Kishore,0,0,0,no run,0,,,39/3
1489138,2,6,1,Dinesh H,Atul Vitkar,S Mohan Prasath,0,0,0,out,1,caught,Dinesh H,39/4
1489138,2,6,2,Hunny Saini,Atul Vitkar,S Mohan Prasath,4,4,0,four,0,,,43/4
1489138,2,6,3,Hunny Saini,Atul Vitkar,S Mohan Prasath,0,0,0,no run,0,,,43/4
1489138,2,6,4,Hunny Saini,Atul Vitkar,S Mohan Prasath,6,6,0,six,0,,,49/4
1489138,2,6,5,Hunny Saini,Atul Vitkar,S Mohan Prasath,0,0,0,no run,0,,,49/4
1489138,2,6,6,Hunny Saini,Atul Vitkar,S Mohan Prasath,6,6,0,six,0,,,55/4
1489138,2,7,1,Atul Vitkar,Hunny Saini,Ravisrinivasan Sai Kishore,1,1,0,run,0,,,56/4
1489138,2,7,2,Hunny Saini,Atul Vitkar,Ravisrinivasan Sai Kishore,1,1,0,run,0,,,57/4
1489138,2,7,3,Atul Vitkar,Hunny Saini,Ravisrinivasan Sai Kishore,0,0,0,out,1,run out,Hunny Saini,57/5
1489138,2,7,4,M Karthik Saran,Atul Vitkar,Ravisrinivasan Sai Kishore,0,0,0,no run,0,,,57/5
1489138,2,7,5,M Karthik Saran,Atul Vitkar,Ravisrinivasan Sai Kishore,0,0,0,no run,0,,,57/5
1489138,2,7,6,M Karthik Saran,Atul Vitkar,Ravisrinivasan Sai Kishore,1,1,0,run,0,,,58/5
1489138,2,8,1,M Karthik Saran,Atul Vitkar,Esakkimuthu A,1,1,0,run,0,,,59/5
1489138,2,8,2,Atul Vitkar,M Karthik Saran,Esakkimuthu A,4,4,0,four,0,,,63/5
1489138,2,8,3,Atul Vitkar,M Karthik Saran,Esakkimuthu A,1,1,0,run,0,,,64/5
1489138,2,8,4,M Karthik Saran,Atul Vitkar,Esakkimuthu A,1,1,0,run,0,,,65/5
1489138,2,8,5,Atul Vitkar,M Karthik Saran,Esakkimuthu A,1,0,1,leg bye,0,,,66/5
1489138,2,8,6,M Karthik Saran,Atul Vitkar,Esakkimuthu A,4,4,0,four,0,,,70/5
1489138,2,9,1,Atul Vitkar,M Karthik Saran,S Mohan Prasath,1,0,1,bye,0,,,71/5
1489138,2,9,2,M Karthik Saran,Atul Vitkar,S Mohan Prasath,0,0,0,out,1,bowled,M Karthik Saran,71/6
1489138,2,9,3,Varun Chakravarthy Vinod,Atul Vitkar,S Mohan Prasath,0,0,0,no run,0,,,71/6
1489138,2,9,4,Varun Chakravarthy Vinod,Atul Vitkar,S Mohan Prasath,0,0,0,no run,0,,,71/6
1489138,2,9,5,Varun Chakravarthy Vinod,Atul Vitkar,S Mohan Prasath,1,1,0,run,0,,,72/6
1489138,2,9,6,Atul Vitkar,Varun Chakravarthy Vinod,S Mohan Prasath,1,1,0,run,0,,,73/6
1489138,2,10,1,Atul Vitkar,Varun Chakravarthy Vinod,Esakkimuthu A,0,0,0,no run,0,,,73/6
1489138,2,10,2,Atul Vitkar,Varun Chakravarthy Vinod,Esakkimuthu A,1,1,0,run,0,,,74/6
1489138,2,10,3,Varun Chakravarthy Vinod,Atul Vitkar,Esakkimuthu A,6,6,0,six,0,,,80/6
1489138,2,10,4,Varun Chakravarthy Vinod,Atul Vitkar,Esakkimuthu A,0,0,0,out,1,caught,Varun Chakravarthy Vinod,80/7
1489138,2,10,5,Venkatesh Bhuvaneshwar,Atul Vitkar,Esakkimuthu A,1,0,1,wide,0,,,81/7
1489138,2,10,6,Venkatesh Bhuvaneshwar,Atul Vitkar,Esakkimuthu A,1,1,0,run,0,,,82/7
1489138,2,10,7,Atul Vitkar,Venkatesh Bhuvaneshwar,Esakkimuthu A,0,0,0,out,1,caught,Atul Vitkar,82/8
1489138,2,11,1,Venkatesh Bhuvaneshwar,Ravichandran Sasidharan,Ravisrinivasan Sai Kishore,0,0,0,no run,0,,,82/8
1489138,2,11,2,Venkatesh Bhuvaneshwar,Ravichandran Sasidharan,Ravisrinivasan Sai Kishore,0,0,0,no run,0,,,82/8
1489138,2,11,3,Venkatesh Bhuvaneshwar,Ravichandran Sasidharan,Ravisrinivasan Sai Kishore,0,0,0,no run,0,,,82/8
1489138,2,11,4,Venkatesh Bhuvaneshwar,Ravichandran Sasidharan,Ravisrinivasan Sai Kishore,1,1,0,run,0,,,83/8
1489138,2,11,5,Ravichandran Sasidharan,Venkatesh Bhuvaneshwar,Ravisrinivasan Sai Kishore,1,1,0,run,0,,,84/8
1489138,2,11,6,Venkatesh Bhuvaneshwar,Ravichandran Sasidharan,Ravisrinivasan Sai Kishore,2,2,0,run,0,,,86/8
1489138,2,12,1,Ravichandran Sasidharan,Venkatesh Bhuvaneshwar,Esakkimuthu A,1,1,0,run,0,,,87/8
1489138,2,12,2,Venkatesh Bhuvaneshwar,Ravichandran Sasidharan,Esakkimuthu A,0,0,0,no run,0,,,87/8
1489138,2,12,3,Venkatesh Bhuvaneshwar,Ravichandran Sasidharan,Esakkimuthu A,0,0,0,no run,0,,,87/8
1489138,2,12,4,Venkatesh Bhuvaneshwar,Ravichandran Sasidharan,Esakkimuthu A,0,0,0,no run,0,,,87/8
1489138,2,12,5,Venkatesh Bhuvaneshwar,Ravichandran Sasidharan,Esakkimuthu A,0,0,0,no run,0,,,87/8
1489138,2,12,6,Venkatesh Bhuvaneshwar,Ravichandran Sasidharan,Esakkimuthu A,1,1,0,run,0,,,88/8
1489138,2,13,1,Venkatesh Bhuvaneshwar,Ravichandran Sasidharan,Ravisrinivasan Sai Kishore,2,2,0,run,0,,,90/8
1489138,2,13,2,Venkatesh Bhuvaneshwar,Ravichandran Sasidharan,Ravisrinivasan Sai Kishore,1,1,0,run,0,,,91/8
1489138,2,13,3,Ravichandran Sasidharan,Venkatesh Bhuvaneshwar,Ravisrinivasan Sai Kishore,0,0,0,no run,0,,,91/8
1489138,2,13,4,Ravichandran Sasidharan,Venkatesh Bhuvaneshwar,Ravisrinivasan Sai Kishore,1,1,0,run,0,,,92/8
1489138,2,13,5,Venkatesh Bhuvaneshwar,Ravichandran Sasidharan,Ravisrinivasan Sai Kishore,0,0,0,no run,0,,,92/8
1489138,2,13,6,Venkatesh Bhuvaneshwar,Ravichandran Sasidharan,Ravisrinivasan Sai Kishore,1,1,0,run,0,,,93/8
1489138,2,14,1,Venkatesh Bhuvaneshwar,Ravichandran Sasidharan,Esakkimuthu A,5,0,5,bye,0,,,98/8
1489138,2,14,2,Venkatesh Bhuvaneshwar,Ravichandran Sasidharan,Esakkimuthu A,0,0,0,no run,0,,,98/8
1489138,2,14,3,Venkatesh Bhuvaneshwar,Ravichandran Sasidharan,Esakkimuthu A,2,2,0,run,0,,,100/8
1489138,2,14,4,Venkatesh Bhuvaneshwar,Ravichandran Sasidharan,Esakkimuthu A,0,0,0,no run,0,,,100/8
1489138,2,14,5,Venkatesh Bhuvaneshwar,Ravichandran Sasidharan,Esakkimuthu A,0,0,0,no run,0,,,100/8
1489138,2,14,6,Venkatesh Bhuvaneshwar,Ravichandran Sasidharan,Esakkimuthu A,1,1,0,run,0,,,101/8
1489138,2,14,7,Ravichandran Sasidharan,Venkatesh Bhuvaneshwar,Esakkimuthu A,1,1,0,run,0,,,102/8
1489138,2,15,1,Ravichandran Sasidharan,Venkatesh Bhuvaneshwar,M Mathivannan,0,0,0,no run,0,,,102/8
1489138,2,15,2,Ravichandran Sasidharan,Venkatesh Bhuvaneshwar,M Mathivannan,0,0,0,no run,0,,,102/8
1489138,2,15,3,Ravichandran Sasidharan,Venkatesh Bhuvaneshwar,M Mathivannan,0,0,0,no run,0,,,102/8
1489138,2,15,4,Ravichandran Sasidharan,Venkatesh Bhuvaneshwar,M Mathivannan,0,0,0,out,2,run out,Venkatesh Bhuvaneshwar,102/10
