match_id,innings,over,ball,batter,non_striker,bowler,runs_total,runs_batter,runs_extras,play_type,is_wicket,wicket_kind,dismissed,team_score
1149553,1,1,1,Narayan Jagadeesan,0,Kannan Vignesh,0,0,0,no run,0,,,0/0
1149553,1,1,2,Narayan Jagadeesan,0,Kannan Vignesh,1,1,0,run,0,,,1/0
1149553,1,1,3,Chezhian Nishaanth,Narayan Jagadeesan,Kannan Vignesh,0,0,0,no run,0,,,1/0
1149553,1,1,4,Chezhian Nishaanth,Narayan Jagadeesan,Kannan Vignesh,1,1,0,run,0,,,2/0
1149553,1,1,5,Narayan Jagadeesan,Chezhian Nishaanth,Kannan Vignesh,4,4,0,four,0,,,6/0
1149553,1,1,6,Narayan Jagadeesan,Chezhian Nishaanth,Kannan Vignesh,2,2,0,run,0,,,8/0
1149553,1,2,1,Chezhian Nishaanth,Narayan Jagadeesan,Chandrasekar Ganapathy,4,4,0,four,0,,,12/0
1149553,1,2,2,Chezhian Nishaanth,Narayan Jagadeesan,Chandrasekar Ganapathy,0,0,0,no run,0,,,12/0
1149553,1,2,3,Chezhian Nishaanth,Narayan Jagadeesan,Chandrasekar Ganapathy,0,0,0,no run,0,,,12/0
1149553,1,2,4,Chezhian Nishaanth,Narayan Jagadeesan,Chandrasekar Ganapathy,4,4,0,four,0,,,16/0
1149553,1,2,5,Chezhian Nishaanth,Narayan Jagadeesan,Chandrasekar Ganapathy,1,1,0,run,0,,,17/0
1149553,1,2,6,Narayan Jagadeesan,Chezhian Nishaanth,Chandrasekar Ganapathy,1,1,0,run,0,,,18/0
1149553,1,3,1,Narayan Jagadeesan,Chezhian Nishaanth,Kannan Vignesh,1,0,1,wide,0,,,19/0
1149553,1,3,2,Narayan Jagadeesan,Chezhian Nishaanth,Kannan Vignesh,0,0,0,out,1,bowled,Narayan Jagadeesan,19/1
1149553,1,3,3,Ramalingam Rohit,Chezhian Nishaanth,Kannan Vignesh,0,0,0,no run,0,,,19/1
1149553,1,3,4,Ramalingam Rohit,Chezhian Nishaanth,Kannan Vignesh,1,1,0,run,0,,,20/1
1149553,1,3,5,Chezhian Nishaanth,Ramalingam Rohit,Kannan Vignesh,0,0,0,no run,0,,,20/1
1149553,1,3,6,Chezhian Nishaanth,Ramalingam Rohit,Kannan Vignesh,1,1,0,run,0,,,21/1
1149553,1,3,7,Ramalingam Rohit,Chezhian Nishaanth,Kannan Vignesh,4,4,0,four,0,,,25/1
1149553,1,4,1,Chezhian Nishaanth,Ramalingam Rohit,Chandrasekar Ganapathy,4,4,0,four,0,,,29/1
1149553,1,4,2,Chezhian Nishaanth,Ramalingam Rohit,Chandrasekar Ganapathy,6,6,0,six,0,,,35/1
1149553,1,4,3,Chezhian Nishaanth,Ramalingam Rohit,Chandrasekar Ganapathy,1,1,0,run,0,,,36/1
1149553,1,4,4,Ramalingam Rohit,Chezhian Nishaanth,Chandrasekar Ganapathy,4,4,0,four,0,,,40/1
1149553,1,4,5,Ramalingam Rohit,Chezhian Nishaanth,Chandrasekar Ganapathy,1,1,0,run,0,,,41/1
1149553,1,4,6,Chezhian Nishaanth,Ramalingam Rohit,Chandrasekar Ganapathy,1,1,0,run,0,,,42/1
1149553,1,5,1,Chezhian Nishaanth,Ramalingam Rohit,Kannan Vignesh,1,1,0,run,0,,,43/1
1149553,1,5,2,Ramalingam Rohit,Chezhian Nishaanth,Kannan Vignesh,0,0,0,no run,0,,,43/1
1149553,1,5,3,Ramalingam Rohit,Chezhian Nishaanth,Kannan Vignesh,1,1,0,run,0,,,44/1
1149553,1,5,4,Chezhian Nishaanth,Ramalingam Rohit,Kannan Vignesh,1,1,0,run,0,,,45/1
1149553,1,5,5,Ramalingam Rohit,Chezhian Nishaanth,Kannan Vignesh,0,0,0,no run,0,,,45/1
1149553,1,5,6,Ramalingam Rohit,Chezhian Nishaanth,Kannan Vignesh,1,1,0,run,0,,,46/1
1149553,1,6,1,Ramalingam Rohit,Chezhian Nishaanth,Ramsingh Sonu Yadav,0,0,0,no run,0,,,46/1
1149553,1,6,2,Ramalingam Rohit,Chezhian Nishaanth,Ramsingh Sonu Yadav,6,6,0,six,0,,,52/1
1149553,1,6,3,Ramalingam Rohit,Chezhian Nishaanth,Ramsingh Sonu Yadav,1,1,0,run,0,,,53/1
1149553,1,6,4,Chezhian Nishaanth,Ramalingam Rohit,Ramsingh Sonu Yadav,0,0,0,no run,0,,,53/1
1149553,1,6,5,Chezhian Nishaanth,Ramalingam Rohit,Ramsingh Sonu Yadav,1,1,0,run,0,,,54/1
1149553,1,6,6,Ramalingam Rohit,Chezhian Nishaanth,Ramsingh Sonu Yadav,1,1,0,run,0,,,55/1
1149553,1,7,1,Ramalingam Rohit,Chezhian Nishaanth,MS Sanjay,0,0,0,no run,0,,,55/1
1149553,1,7,2,Ramalingam Rohit,Chezhian Nishaanth,MS Sanjay,1,1,0,run,0,,,56/1
1149553,1,7,3,Chezhian Nishaanth,Ramalingam Rohit,MS Sanjay,2,2,0,run,0,,,58/1
1149553,1,7,4,Chezhian Nishaanth,Ramalingam Rohit,MS Sanjay,1,1,0,run,0,,,59/1
1149553,1,7,5,Ramalingam Rohit,Chezhian Nishaanth,MS Sanjay,1,1,0,run,0,,,60/1
1149553,1,7,6,Chezhian Nishaanth,Ramalingam Rohit,MS Sanjay,4,4,0,four,0,,,64/1
1149553,1,8,1,Ramalingam Rohit,Chezhian Nishaanth,Ramsingh Sonu Yadav,0,0,0,no run,0,,,64/1
1149553,1,8,2,Ramalingam Rohit,Chezhian Nishaanth,Ramsingh Sonu Yadav,1,1,0,run,0,,,65/1
1149553,1,8,3,Chezhian Nishaanth,Ramalingam Rohit,Ramsingh Sonu Yadav,4,4,0,four,0,,,69/1
1149553,1,8,4,Chezhian Nishaanth,Ramalingam Rohit,Ramsingh Sonu Yadav,1,1,0,run,0,,,70/1
1149553,1,8,5,Ramalingam Rohit,Chezhian Nishaanth,Ramsingh Sonu Yadav,1,1,0,run,0,,,71/1
1149553,1,8,6,Chezhian Nishaanth,Ramalingam Rohit,Ramsingh Sonu Yadav,1,1,0,run,0,,,72/1
1149553,1,9,1,Chezhian Nishaanth,Ramalingam Rohit,MS Sanjay,1,1,0,run,0,,,73/1
1149553,1,9,2,Ramalingam Rohit,Chezhian Nishaanth,MS Sanjay,1,1,0,run,0,,,74/1
1149553,1,9,3,Chezhian Nishaanth,Ramalingam Rohit,MS Sanjay,1,1,0,run,0,,,75/1
1149553,1,9,4,Ramalingam Rohit,Chezhian Nishaanth,MS Sanjay,4,4,0,four,0,,,79/1
1149553,1,9,5,Ramalingam Rohit,Chezhian Nishaanth,MS Sanjay,1,1,0,run,0,,,80/1
1149553,1,9,6,Chezhian Nishaanth,Ramalingam Rohit,MS Sanjay,0,0,0,no run,0,,,80/1
1149553,1,10,1,Ramalingam Rohit,Chezhian Nishaanth,M Lakshmi Narayanan,6,6,0,six,0,,,86/1
1149553,1,10,2,Ramalingam Rohit,Chezhian Nishaanth,M Lakshmi Narayanan,1,1,0,run,0,,,87/1
1149553,1,10,3,Chezhian Nishaanth,Ramalingam Rohit,M Lakshmi Narayanan,0,0,0,out,1,leg before wicket,Chezhian Nishaanth,87/2
1149553,1,10,4,Balchander Anirudh,Ramalingam Rohit,M Lakshmi Narayanan,1,1,0,run,0,,,88/2
1149553,1,10,5,Ramalingam Rohit,Balchander Anirudh,M Lakshmi Narayanan,1,0,1,wide,0,,,89/2
1149553,1,10,6,Ramalingam Rohit,Balchander Anirudh,M Lakshmi Narayanan,0,0,0,no run,0,,,89/2
1149553,1,10,7,Ramalingam Rohit,Balchander Anirudh,M Lakshmi Narayanan,1,1,0,run,0,,,90/2
1149553,1,11,1,Ramalingam Rohit,Balchander Anirudh,MS Sanjay,1,1,0,run,0,,,91/2
1149553,1,11,2,Balchander Anirudh,Ramalingam Rohit,MS Sanjay,1,1,0,run,0,,,92/2
1149553,1,11,3,Ramalingam Rohit,Balchander Anirudh,MS Sanjay,1,1,0,run,0,,,93/2
1149553,1,11,4,Balchander Anirudh,Ramalingam Rohit,MS Sanjay,1,1,0,run,0,,,94/2
1149553,1,11,5,Ramalingam Rohit,Balchander Anirudh,MS Sanjay,6,6,0,six,0,,,100/2
1149553,1,11,6,Ramalingam Rohit,Balchander Anirudh,MS Sanjay,0,0,0,out,1,stumped,Ramalingam Rohit,100/3
1149553,1,12,1,Balchander Anirudh,0,M Lakshmi Narayanan,1,1,0,run,0,,,101/3
1149553,1,12,2,Ravichandran Ashwin,Balchander Anirudh,M Lakshmi Narayanan,1,1,0,run,0,,,102/3
1149553,1,12,3,Balchander Anirudh,Ravichandran Ashwin,M Lakshmi Narayanan,1,1,0,run,0,,,103/3
1149553,1,12,4,Ravichandran Ashwin,Balchander Anirudh,M Lakshmi Narayanan,0,0,0,no run,0,,,103/3
1149553,1,12,5,Ravichandran Ashwin,Balchander Anirudh,M Lakshmi Narayanan,1,1,0,run,0,,,104/3
1149553,1,12,6,Balchander Anirudh,Ravichandran Ashwin,M Lakshmi Narayanan,1,1,0,run,0,,,105/3
1149553,1,13,1,Balchander Anirudh,Ravichandran Ashwin,Kannan Vignesh,1,0,1,leg bye,0,,,106/3
1149553,1,13,2,Ravichandran Ashwin,Balchander Anirudh,Kannan Vignesh,0,0,0,no run,0,,,106/3
1149553,1,13,3,Ravichandran Ashwin,Balchander Anirudh,Kannan Vignesh,0,0,0,no run,0,,,106/3
1149553,1,13,4,Ravichandran Ashwin,Balchander Anirudh,Kannan Vignesh,1,1,0,run,0,,,107/3
1149553,1,13,5,Balchander Anirudh,Ravichandran Ashwin,Kannan Vignesh,1,0,1,leg bye,0,,,108/3
1149553,1,13,6,Ravichandran Ashwin,Balchander Anirudh,Kannan Vignesh,0,0,0,no run,0,,,108/3
1149553,1,14,1,Balchander Anirudh,Ravichandran Ashwin,M Lakshmi Narayanan,1,1,0,run,0,,,109/3
1149553,1,14,2,Ravichandran Ashwin,Balchander Anirudh,M Lakshmi Narayanan,1,1,0,run,0,,,110/3
1149553,1,14,3,Balchander Anirudh,Ravichandran Ashwin,M Lakshmi Narayanan,1,1,0,run,0,,,111/3
1149553,1,14,4,Ravichandran Ashwin,Balchander Anirudh,M Lakshmi Narayanan,4,4,0,four,0,,,115/3
1149553,1,14,5,Ravichandran Ashwin,Balchander Anirudh,M Lakshmi Narayanan,1,1,0,run,0,,,116/3
1149553,1,14,6,Balchander Anirudh,Ravichandran Ashwin,M Lakshmi Narayanan,0,0,0,out,1,caught,Balchander Anirudh,116/4
1149553,1,15,1,Ravichandran Ashwin,0,MS Sanjay,1,1,0,run,0,,,117/4
1149553,1,15,2,Rajendran Vivek,Ravichandran Ashwin,MS Sanjay,1,1,0,run,0,,,118/4
1149553,1,15,3,Ravichandran Ashwin,Rajendran Vivek,MS Sanjay,1,1,0,run,0,,,119/4
1149553,1,15,4,Rajendran Vivek,Ravichandran Ashwin,MS Sanjay,0,0,0,no run,0,,,119/4
1149553,1,15,5,Rajendran Vivek,Ravichandran Ashwin,MS Sanjay,0,0,0,out,1,caught,Rajendran Vivek,119/5
1149553,1,15,6,Ravichandran Ashwin,N Sarangarajan Chaturved,MS Sanjay,1,0,1,leg bye,0,,,120/5
1149553,1,16,1,Ravichandran Ashwin,N Sarangarajan Chaturved,M Lakshmi Narayanan,1,1,0,run,0,,,121/5
1149553,1,16,2,N Sarangarajan Chaturved,Ravichandran Ashwin,M Lakshmi Narayanan,1,1,0,run,0,,,122/5
1149553,1,16,3,Ravichandran Ashwin,N Sarangarajan Chaturved,M Lakshmi Narayanan,1,1,0,run,0,,,123/5
1149553,1,16,4,N Sarangarajan Chaturved,Ravichandran Ashwin,M Lakshmi Narayanan,1,1,0,run,0,,,124/5
1149553,1,16,5,Ravichandran Ashwin,N Sarangarajan Chaturved,M Lakshmi Narayanan,4,4,0,four,0,,,128/5
1149553,1,16,6,Ravichandran Ashwin,N Sarangarajan Chaturved,M Lakshmi Narayanan,4,4,0,four,0,,,132/5
1149553,1,17,1,N Sarangarajan Chaturved,Ravichandran Ashwin,Dakshinamoorthy Tamil Kumaran,4,4,0,four,0,,,136/5
1149553,1,17,2,N Sarangarajan Chaturved,Ravichandran Ashwin,Dakshinamoorthy Tamil Kumaran,0,0,0,out,1,caught,N Sarangarajan Chaturved,136/6
1149553,1,17,3,M Mohammed,Ravichandran Ashwin,Dakshinamoorthy Tamil Kumaran,1,1,0,run,0,,,137/6
1149553,1,17,4,Ravichandran Ashwin,M Mohammed,Dakshinamoorthy Tamil Kumaran,0,0,0,no run,0,,,137/6
1149553,1,17,5,Ravichandran Ashwin,M Mohammed,Dakshinamoorthy Tamil Kumaran,1,1,0,run,0,,,138/6
1149553,1,17,6,M Mohammed,Ravichandran Ashwin,Dakshinamoorthy Tamil Kumaran,6,6,0,six,0,,,144/6
1149553,1,18,1,Ravichandran Ashwin,M Mohammed,Chandrasekar Ganapathy,0,0,0,no run,0,,,144/6
1149553,1,18,2,Ravichandran Ashwin,M Mohammed,Chandrasekar Ganapathy,2,2,0,run,0,,,146/6
1149553,1,18,3,Ravichandran Ashwin,M Mohammed,Chandrasekar Ganapathy,6,6,0,six,0,,,152/6
1149553,1,18,4,Ravichandran Ashwin,M Mohammed,Chandrasekar Ganapathy,4,4,0,four,0,,,156/6
1149553,1,18,5,Ravichandran Ashwin,M Mohammed,Chandrasekar Ganapathy,0,0,0,no run,0,,,156/6
1149553,1,18,6,Ravichandran Ashwin,M Mohammed,Chandrasekar Ganapathy,4,4,0,four,0,,,160/6
1149553,1,19,1,M Mohammed,Ravichandran Ashwin,Dakshinamoorthy Tamil Kumaran,1,1,0,run,0,,,161/6
1149553,1,19,2,Ravichandran Ashwin,M Mohammed,Dakshinamoorthy Tamil Kumaran,4,4,0,four,0,,,165/6
1149553,1,19,3,Ravichandran Ashwin,M Mohammed,Dakshinamoorthy Tamil Kumaran,0,0,0,no run,0,,,165/6
1149553,1,19,4,Ravichandran Ashwin,M Mohammed,Dakshinamoorthy Tamil Kumaran,0,0,0,out,1,caught,Ravichandran Ashwin,165/7
1149553,1,19,5,M Mohammed,0,Dakshinamoorthy Tamil Kumaran,1,1,0,run,0,,,166/7
1149553,1,19,6,Adithya Arun,M Mohammed,Dakshinamoorthy Tamil Kumaran,0,0,0,no run,0,,,166/7
1149553,1,20,1,M Mohammed,Adithya Arun,Ramsingh Sonu Yadav,1,1,0,run,0,,,167/7
1149553,1,20,2,Adithya Arun,M Mohammed,Ramsingh Sonu Yadav,0,0,0,no run,0,,,167/7
1149553,1,20,3,Adithya Arun,M Mohammed,Ramsingh Sonu Yadav,0,0,0,out,1,caught,Adithya Arun,167/8
1149553,1,20,4,Mohan Abhinav,M Mohammed,Ramsingh Sonu Yadav,1,0,1,wide,0,,,168/8
1149553,1,20,5,Mohan Abhinav,M Mohammed,Ramsingh Sonu Yadav,1,1,0,run,0,,,169/8
1149553,1,20,6,M Mohammed,Mohan Abhinav,Ramsingh Sonu Yadav,2,2,0,run,0,,,171/8
1149553,1,20,7,M Mohammed,Mohan Abhinav,Ramsingh Sonu Yadav,1,0,1,bye,0,,,172/8
1149553,2,1,1,Kumaran Bharath Shankar,0,Ravichandran Ashwin,1,0,1,wide,0,,,1/0
1149553,2,1,2,Kumaran Bharath Shankar,0,Ravichandran Ashwin,0,0,0,no run,0,,,1/0
1149553,2,1,3,Kumaran Bharath Shankar,0,Ravichandran Ashwin,0,0,0,no run,0,,,1/0
1149553,2,1,4,Kumaran Bharath Shankar,0,Ravichandran Ashwin,6,6,0,six,0,,,7/0
1149553,2,1,5,Kumaran Bharath Shankar,0,Ravichandran Ashwin,4,4,0,four,0,,,11/0
1149553,2,1,6,Kumaran Bharath Shankar,0,Ravichandran Ashwin,1,1,0,run,0,,,12/0
1149553,2,1,7,Baba Indrajith,Kumaran Bharath Shankar,Ravichandran Ashwin,0,0,0,no run,0,,,12/0
1149553,2,2,1,Kumaran Bharath Shankar,Baba Indrajith,Ramalingam Rohit,1,1,0,run,0,,,13/0
1149553,2,2,2,Baba Indrajith,Kumaran Bharath Shankar,Ramalingam Rohit,0,0,0,no run,0,,,13/0
1149553,2,2,3,Baba Indrajith,Kumaran Bharath Shankar,Ramalingam Rohit,1,1,0,run,0,,,14/0
1149553,2,2,4,Kumaran Bharath Shankar,Baba Indrajith,Ramalingam Rohit,1,0,1,leg bye,0,,,15/0
1149553,2,2,5,Baba Indrajith,Kumaran Bharath Shankar,Ramalingam Rohit,1,1,0,run,0,,,16/0
1149553,2,2,6,Kumaran Bharath Shankar,Baba Indrajith,Ramalingam Rohit,0,0,0,no run,0,,,16/0
1149553,2,3,1,Baba Indrajith,Kumaran Bharath Shankar,M Mohammed,4,4,0,four,0,,,20/0
1149553,2,3,2,Baba Indrajith,Kumaran Bharath Shankar,M Mohammed,0,0,0,no run,0,,,20/0
1149553,2,3,3,Baba Indrajith,Kumaran Bharath Shankar,M Mohammed,2,2,0,run,0,,,22/0
1149553,2,3,4,Baba Indrajith,Kumaran Bharath Shankar,M Mohammed,6,6,0,six,0,,,28/0
1149553,2,3,5,Baba Indrajith,Kumaran Bharath Shankar,M Mohammed,0,0,0,out,1,bowled,Baba Indrajith,28/1
1149553,2,3,6,S Aravind,Kumaran Bharath Shankar,M Mohammed,0,0,0,no run,0,,,28/1
1149553,2,4,1,Kumaran Bharath Shankar,S Aravind,Mohan Abhinav,0,0,0,no run,0,,,28/1
1149553,2,4,2,Kumaran Bharath Shankar,S Aravind,Mohan Abhinav,0,0,0,no run,0,,,28/1
1149553,2,4,3,Kumaran Bharath Shankar,S Aravind,Mohan Abhinav,1,1,0,run,0,,,29/1
1149553,2,4,4,S Aravind,Kumaran Bharath Shankar,Mohan Abhinav,1,0,1,bye,0,,,30/1
1149553,2,4,5,Kumaran Bharath Shankar,S Aravind,Mohan Abhinav,0,0,0,no run,0,,,30/1
1149553,2,4,6,Kumaran Bharath Shankar,S Aravind,Mohan Abhinav,0,0,0,no run,0,,,30/1
1149553,2,5,1,S Aravind,Kumaran Bharath Shankar,H Trilok Nag,1,1,0,run,0,,,31/1
1149553,2,5,2,Kumaran Bharath Shankar,S Aravind,H Trilok Nag,4,4,0,four,0,,,35/1
1149553,2,5,3,Kumaran Bharath Shankar,S Aravind,H Trilok Nag,4,4,0,four,0,,,39/1
1149553,2,5,4,Kumaran Bharath Shankar,S Aravind,H Trilok Nag,1,1,0,run,0,,,40/1
1149553,2,5,5,S Aravind,Kumaran Bharath Shankar,H Trilok Nag,1,0,1,wide,0,,,41/1
1149553,2,5,6,S Aravind,Kumaran Bharath Shankar,H Trilok Nag,2,2,0,run,0,,,43/1
1149553,2,5,7,S Aravind,Kumaran Bharath Shankar,H Trilok Nag,1,1,0,run,0,,,44/1
1149553,2,6,1,S Aravind,Kumaran Bharath Shankar,Ramalingam Rohit,4,4,0,four,0,,,48/1
1149553,2,6,2,S Aravind,Kumaran Bharath Shankar,Ramalingam Rohit,1,1,0,run,0,,,49/1
1149553,2,6,3,Kumaran Bharath Shankar,S Aravind,Ramalingam Rohit,0,0,0,no run,0,,,49/1
1149553,2,6,4,Kumaran Bharath Shankar,S Aravind,Ramalingam Rohit,1,1,0,run,0,,,50/1
1149553,2,6,5,S Aravind,Kumaran Bharath Shankar,Ramalingam Rohit,0,0,0,no run,0,,,50/1
1149553,2,6,6,S Aravind,Kumaran Bharath Shankar,Ramalingam Rohit,0,0,0,no run,0,,,50/1
1149553,2,7,1,Kumaran Bharath Shankar,S Aravind,Ravichandran Ashwin,0,0,0,no run,0,,,50/1
1149553,2,7,2,Kumaran Bharath Shankar,S Aravind,Ravichandran Ashwin,1,1,0,run,0,,,51/1
1149553,2,7,3,S Aravind,Kumaran Bharath Shankar,Ravichandran Ashwin,1,1,0,run,0,,,52/1
1149553,2,7,4,Kumaran Bharath Shankar,S Aravind,Ravichandran Ashwin,4,4,0,four,0,,,56/1
1149553,2,7,5,Kumaran Bharath Shankar,S Aravind,Ravichandran Ashwin,1,1,0,run,0,,,57/1
1149553,2,7,6,S Aravind,Kumaran Bharath Shankar,Ravichandran Ashwin,0,0,0,no run,0,,,57/1
1149553,2,8,1,Kumaran Bharath Shankar,S Aravind,H Trilok Nag,6,6,0,six,0,,,63/1
1149553,2,8,2,Kumaran Bharath Shankar,S Aravind,H Trilok Nag,1,1,0,run,0,,,64/1
1149553,2,8,3,S Aravind,Kumaran Bharath Shankar,H Trilok Nag,0,0,0,no run,0,,,64/1
1149553,2,8,4,S Aravind,Kumaran Bharath Shankar,H Trilok Nag,1,1,0,run,0,,,65/1
1149553,2,8,5,Kumaran Bharath Shankar,S Aravind,H Trilok Nag,0,0,0,no run,0,,,65/1
1149553,2,8,6,Kumaran Bharath Shankar,S Aravind,H Trilok Nag,1,1,0,run,0,,,66/1
1149553,2,9,1,Kumaran Bharath Shankar,S Aravind,Adithya Arun,1,1,0,run,0,,,67/1
1149553,2,9,2,S Aravind,Kumaran Bharath Shankar,Adithya Arun,1,1,0,run,0,,,68/1
1149553,2,9,3,Kumaran Bharath Shankar,S Aravind,Adithya Arun,1,1,0,run,0,,,69/1
1149553,2,9,4,S Aravind,Kumaran Bharath Shankar,Adithya Arun,1,1,0,run,0,,,70/1
1149553,2,9,5,Kumaran Bharath Shankar,S Aravind,Adithya Arun,0,0,0,no run,0,,,70/1
1149553,2,9,6,Kumaran Bharath Shankar,S Aravind,Adithya Arun,0,0,0,no run,0,,,70/1
1149553,2,10,1,S Aravind,Kumaran Bharath Shankar,H Trilok Nag,0,0,0,no run,0,,,70/1
1149553,2,10,2,S Aravind,Kumaran Bharath Shankar,H Trilok Nag,2,2,0,run,0,,,72/1
1149553,2,10,3,S Aravind,Kumaran Bharath Shankar,H Trilok Nag,2,2,0,run,0,,,74/1
1149553,2,10,4,S Aravind,Kumaran Bharath Shankar,H Trilok Nag,1,1,0,run,0,,,75/1
1149553,2,10,5,Kumaran Bharath Shankar,S Aravind,H Trilok Nag,0,0,0,out,1,caught,Kumaran Bharath Shankar,75/2
1149553,2,10,6,Chandrasekar Ganapathy,S Aravind,H Trilok Nag,1,1,0,run,0,,,76/2
1149553,2,11,1,Chandrasekar Ganapathy,S Aravind,Ravichandran Ashwin,4,4,0,four,0,,,80/2
1149553,2,11,2,Chandrasekar Ganapathy,S Aravind,Ravichandran Ashwin,0,0,0,no run,0,,,80/2
1149553,2,11,3,Chandrasekar Ganapathy,S Aravind,Ravichandran Ashwin,0,0,0,no run,0,,,80/2
1149553,2,11,4,Chandrasekar Ganapathy,S Aravind,Ravichandran Ashwin,0,0,0,out,1,caught,Chandrasekar Ganapathy,80/3
1149553,2,11,5,S Aravind,0,Ravichandran Ashwin,1,1,0,run,0,,,81/3
1149553,2,11,6,K Mani Bharathi,S Aravind,Ravichandran Ashwin,1,1,0,run,0,,,82/3
1149553,2,12,1,K Mani Bharathi,S Aravind,Mohan Abhinav,1,1,0,run,0,,,83/3
1149553,2,12,2,S Aravind,K Mani Bharathi,Mohan Abhinav,0,0,0,no run,0,,,83/3
1149553,2,12,3,S Aravind,K Mani Bharathi,Mohan Abhinav,0,0,0,out,1,caught,S Aravind,83/4
1149553,2,12,4,K Mani Bharathi,0,Mohan Abhinav,1,1,0,run,0,,,84/4
1149553,2,12,5,Selvam Suresh Kumar,K Mani Bharathi,Mohan Abhinav,0,0,0,no run,0,,,84/4
1149553,2,12,6,Selvam Suresh Kumar,K Mani Bharathi,Mohan Abhinav,1,1,0,run,0,,,85/4
1149553,2,13,1,Selvam Suresh Kumar,K Mani Bharathi,Adithya Arun,0,0,0,no run,0,,,85/4
1149553,2,13,2,Selvam Suresh Kumar,K Mani Bharathi,Adithya Arun,1,0,1,wide,0,,,86/4
1149553,2,13,3,Selvam Suresh Kumar,K Mani Bharathi,Adithya Arun,1,1,0,run,0,,,87/4
1149553,2,13,4,K Mani Bharathi,Selvam Suresh Kumar,Adithya Arun,0,0,0,no run,0,,,87/4
1149553,2,13,5,K Mani Bharathi,Selvam Suresh Kumar,Adithya Arun,0,0,0,no run,0,,,87/4
1149553,2,13,6,K Mani Bharathi,Selvam Suresh Kumar,Adithya Arun,0,0,0,out,1,caught,K Mani Bharathi,87/5
1149553,2,13,7,Ramsingh Sonu Yadav,Selvam Suresh Kumar,Adithya Arun,2,2,0,run,0,,,89/5
1149553,2,14,1,Selvam Suresh Kumar,Ramsingh Sonu Yadav,Mohan Abhinav,4,4,0,four,0,,,93/5
1149553,2,14,2,Selvam Suresh Kumar,Ramsingh Sonu Yadav,Mohan Abhinav,1,1,0,run,0,,,94/5
1149553,2,14,3,Ramsingh Sonu Yadav,Selvam Suresh Kumar,Mohan Abhinav,0,0,0,no run,0,,,94/5
1149553,2,14,4,Ramsingh Sonu Yadav,Selvam Suresh Kumar,Mohan Abhinav,0,0,0,no run,0,,,94/5
1149553,2,14,5,Ramsingh Sonu Yadav,Selvam Suresh Kumar,Mohan Abhinav,1,1,0,run,0,,,95/5
1149553,2,14,6,Selvam Suresh Kumar,Ramsingh Sonu Yadav,Mohan Abhinav,0,0,0,no run,0,,,95/5
1149553,2,15,1,Ramsingh Sonu Yadav,Selvam Suresh Kumar,Adithya Arun,0,0,0,no run,0,,,95/5
1149553,2,15,2,Ramsingh Sonu Yadav,Selvam Suresh Kumar,Adithya Arun,6,6,0,six,0,,,101/5
1149553,2,15,3,Ramsingh Sonu Yadav,Selvam Suresh Kumar,Adithya Arun,0,0,0,no run,0,,,101/5
1149553,2,15,4,Ramsingh Sonu Yadav,Selvam Suresh Kumar,Adithya Arun,4,4,0,four,0,,,105/5
1149553,2,15,5,Ramsingh Sonu Yadav,Selvam Suresh Kumar,Adithya Arun,1,1,0,run,0,,,106/5
1149553,2,15,6,Selvam Suresh Kumar,Ramsingh Sonu Yadav,Adithya Arun,0,0,0,no run,0,,,106/5
1149553,2,16,1,Ramsingh Sonu Yadav,Selvam Suresh Kumar,M Mohammed,4,4,0,four,0,,,110/5
1149553,2,16,2,Ramsingh Sonu Yadav,Selvam Suresh Kumar,M Mohammed,1,1,0,run,0,,,111/5
1149553,2,16,3,Selvam Suresh Kumar,Ramsingh Sonu Yadav,M Mohammed,4,4,0,four,0,,,115/5
1149553,2,16,4,Selvam Suresh Kumar,Ramsingh Sonu Yadav,M Mohammed,0,0,0,no run,0,,,115/5
1149553,2,16,5,Selvam Suresh Kumar,Ramsingh Sonu Yadav,M Mohammed,1,1,0,run,0,,,116/5
1149553,2,16,6,Ramsingh Sonu Yadav,Selvam Suresh Kumar,M Mohammed,1,1,0,run,0,,,117/5
1149553,2,17,1,Ramsingh Sonu Yadav,Selvam Suresh Kumar,Adithya Arun,4,4,0,four,0,,,121/5
1149553,2,17,2,Ramsingh Sonu Yadav,Selvam Suresh Kumar,Adithya Arun,4,4,0,four,0,,,125/5
1149553,2,17,3,Ramsingh Sonu Yadav,Selvam Suresh Kumar,Adithya Arun,1,1,0,run,0,,,126/5
1149553,2,17,4,Selvam Suresh Kumar,Ramsingh Sonu Yadav,Adithya Arun,6,6,0,six,0,,,132/5
1149553,2,17,5,Selvam Suresh Kumar,Ramsingh Sonu Yadav,Adithya Arun,4,4,0,four,0,,,136/5
1149553,2,17,6,Selvam Suresh Kumar,Ramsingh Sonu Yadav,Adithya Arun,1,1,0,run,0,,,137/5
1149553,2,18,1,Selvam Suresh Kumar,Ramsingh Sonu Yadav,Ravichandran Ashwin,2,0,2,wide,0,,,139/5
1149553,2,18,2,Ramsingh Sonu Yadav,Selvam Suresh Kumar,Ravichandran Ashwin,1,1,0,run,0,,,140/5
1149553,2,18,3,Selvam Suresh Kumar,Ramsingh Sonu Yadav,Ravichandran Ashwin,4,4,0,four,0,,,144/5
1149553,2,18,4,Selvam Suresh Kumar,Ramsingh Sonu Yadav,Ravichandran Ashwin,2,2,0,run,0,,,146/5
1149553,2,18,5,Selvam Suresh Kumar,Ramsingh Sonu Yadav,Ravichandran Ashwin,0,0,0,no run,0,,,146/5
1149553,2,18,6,Selvam Suresh Kumar,Ramsingh Sonu Yadav,Ravichandran Ashwin,1,1,0,run,0,,,147/5
1149553,2,18,7,Ramsingh Sonu Yadav,Selvam Suresh Kumar,Ravichandran Ashwin,0,0,0,out,1,stumped,Ramsingh Sonu Yadav,147/6
1149553,2,19,1,Selvam Suresh Kumar,0,Ramalingam Rohit,1,1,0,run,0,,,148/6
1149553,2,19,2,MS Sanjay,Selvam Suresh Kumar,Ramalingam Rohit,4,4,0,four,0,,,152/6
1149553,2,19,3,MS Sanjay,Selvam Suresh Kumar,Ramalingam Rohit,0,0,0,no run,0,,,152/6
1149553,2,19,4,MS Sanjay,Selvam Suresh Kumar,Ramalingam Rohit,1,1,0,run,0,,,153/6
1149553,2,19,5,Selvam Suresh Kumar,MS Sanjay,Ramalingam Rohit,0,0,0,no run,0,,,153/6
1149553,2,19,6,Selvam Suresh Kumar,MS Sanjay,Ramalingam Rohit,1,1,0,run,0,,,154/6
1149553,2,20,1,Selvam Suresh Kumar,MS Sanjay,M Mohammed,1,1,0,run,0,,,155/6
1149553,2,20,2,MS Sanjay,Selvam Suresh Kumar,M Mohammed,6,6,0,six,0,,,161/6
1149553,2,20,3,MS Sanjay,Selvam Suresh Kumar,M Mohammed,1,1,0,run,0,,,162/6
1149553,2,20,4,Selvam Suresh Kumar,MS Sanjay,M Mohammed,6,6,0,six,0,,,168/6
1149553,2,20,5,Selvam Suresh Kumar,MS Sanjay,M Mohammed,1,0,1,wide,0,,,169/6
1149553,2,20,6,Selvam Suresh Kumar,MS Sanjay,M Mohammed,6,6,0,six,0,,,175/6
1149554,1,1,1,Konda Bhaskir Arun Karthik,0,M Mohammed,0,0,0,no run,0,,,0/0
1149554,1,1,2,Konda Bhaskir Arun Karthik,0,M Mohammed,1,1,0,run,0,,,1/0
1149554,1,1,3,0,Konda Bhaskir Arun Karthik,M Mohammed,1,1,0,run,0,,,2/0
1149554,1,1,4,Konda Bhaskir Arun Karthik,0,M Mohammed,1,1,0,run,0,,,3/0
1149554,1,1,5,0,Konda Bhaskir Arun Karthik,M Mohammed,4,4,0,four,0,,,7/0
1149554,1,1,6,0,Konda Bhaskir Arun Karthik,M Mohammed,0,0,0,no run,0,,,7/0
1149554,1,2,1,Konda Bhaskir Arun Karthik,0,Ramalingam Rohit,3,3,0,run,0,,,10/0
1149554,1,2,2,0,Konda Bhaskir Arun Karthik,Ramalingam Rohit,1,1,0,run,0,,,11/0
1149554,1,2,3,Konda Bhaskir Arun Karthik,0,Ramalingam Rohit,4,4,0,four,0,,,15/0
1149554,1,2,4,Konda Bhaskir Arun Karthik,0,Ramalingam Rohit,0,0,0,no run,0,,,15/0
1149554,1,2,5,Konda Bhaskir Arun Karthik,0,Ramalingam Rohit,0,0,0,no run,0,,,15/0
1149554,1,2,6,Konda Bhaskir Arun Karthik,0,Ramalingam Rohit,1,1,0,run,0,,,16/0
1149554,1,3,1,Konda Bhaskir Arun Karthik,0,M Mohammed,0,0,0,no run,0,,,16/0
1149554,1,3,2,Konda Bhaskir Arun Karthik,0,M Mohammed,1,0,1,wide,0,,,17/0
1149554,1,3,3,Konda Bhaskir Arun Karthik,0,M Mohammed,6,6,0,six,0,,,23/0
1149554,1,3,4,Konda Bhaskir Arun Karthik,0,M Mohammed,1,1,0,run,0,,,24/0
1149554,1,3,5,0,Konda Bhaskir Arun Karthik,M Mohammed,1,1,0,run,0,,,25/0
1149554,1,3,6,Konda Bhaskir Arun Karthik,0,M Mohammed,4,4,0,four,0,,,29/0
1149554,1,3,7,Konda Bhaskir Arun Karthik,0,M Mohammed,0,0,0,no run,0,,,29/0
1149554,1,4,1,0,Konda Bhaskir Arun Karthik,H Trilok Nag,6,6,0,six,0,,,35/0
1149554,1,4,2,0,Konda Bhaskir Arun Karthik,H Trilok Nag,6,6,0,six,0,,,41/0
1149554,1,4,3,0,Konda Bhaskir Arun Karthik,H Trilok Nag,0,0,0,no run,0,,,41/0
1149554,1,4,4,0,Konda Bhaskir Arun Karthik,H Trilok Nag,0,0,0,no run,0,,,41/0
1149554,1,4,5,0,Konda Bhaskir Arun Karthik,H Trilok Nag,1,1,0,run,0,,,42/0
1149554,1,4,6,Konda Bhaskir Arun Karthik,0,H Trilok Nag,4,4,0,four,0,,,46/0
1149554,1,5,1,0,Konda Bhaskir Arun Karthik,Ramalingam Rohit,0,0,0,no run,0,,,46/0
1149554,1,5,2,0,Konda Bhaskir Arun Karthik,Ramalingam Rohit,4,4,0,four,0,,,50/0
1149554,1,5,3,0,Konda Bhaskir Arun Karthik,Ramalingam Rohit,0,0,0,no run,0,,,50/0
1149554,1,5,4,0,Konda Bhaskir Arun Karthik,Ramalingam Rohit,0,0,0,no run,0,,,50/0
1149554,1,5,5,0,Konda Bhaskir Arun Karthik,Ramalingam Rohit,0,0,0,no run,0,,,50/0
1149554,1,5,6,0,Konda Bhaskir Arun Karthik,Ramalingam Rohit,0,0,0,out,1,,,50/1
1149554,1,6,1,Konda Bhaskir Arun Karthik,0,Mohan Abhinav,0,0,0,no run,0,,,50/1
1149554,1,6,2,Konda Bhaskir Arun Karthik,0,Mohan Abhinav,0,0,0,no run,0,,,50/1
1149554,1,6,3,Konda Bhaskir Arun Karthik,0,Mohan Abhinav,1,1,0,run,0,,,51/1
1149554,1,6,4,Xavier Thalaivan Sargunam,Konda Bhaskir Arun Karthik,Mohan Abhinav,1,1,0,run,0,,,52/1
1149554,1,6,5,Konda Bhaskir Arun Karthik,Xavier Thalaivan Sargunam,Mohan Abhinav,0,0,0,no run,0,,,52/1
1149554,1,6,6,Konda Bhaskir Arun Karthik,Xavier Thalaivan Sargunam,Mohan Abhinav,0,0,0,no run,0,,,52/1
1149554,1,7,1,Xavier Thalaivan Sargunam,Konda Bhaskir Arun Karthik,Adithya Arun,0,0,0,no run,0,,,52/1
1149554,1,7,2,Xavier Thalaivan Sargunam,Konda Bhaskir Arun Karthik,Adithya Arun,1,1,0,run,0,,,53/1
1149554,1,7,3,Konda Bhaskir Arun Karthik,Xavier Thalaivan Sargunam,Adithya Arun,1,1,0,run,0,,,54/1
1149554,1,7,4,Xavier Thalaivan Sargunam,Konda Bhaskir Arun Karthik,Adithya Arun,1,1,0,run,0,,,55/1
1149554,1,7,5,Konda Bhaskir Arun Karthik,Xavier Thalaivan Sargunam,Adithya Arun,4,4,0,four,0,,,59/1
1149554,1,7,6,Konda Bhaskir Arun Karthik,Xavier Thalaivan Sargunam,Adithya Arun,1,1,0,run,0,,,60/1
1149554,1,8,1,Konda Bhaskir Arun Karthik,Xavier Thalaivan Sargunam,Mohan Abhinav,1,1,0,run,0,,,61/1
1149554,1,8,2,Xavier Thalaivan Sargunam,Konda Bhaskir Arun Karthik,Mohan Abhinav,1,1,0,run,0,,,62/1
1149554,1,8,3,Konda Bhaskir Arun Karthik,Xavier Thalaivan Sargunam,Mohan Abhinav,1,1,0,run,0,,,63/1
1149554,1,8,4,Xavier Thalaivan Sargunam,Konda Bhaskir Arun Karthik,Mohan Abhinav,0,0,0,no run,0,,,63/1
1149554,1,8,5,Xavier Thalaivan Sargunam,Konda Bhaskir Arun Karthik,Mohan Abhinav,0,0,0,no run,0,,,63/1
1149554,1,8,6,Xavier Thalaivan Sargunam,Konda Bhaskir Arun Karthik,Mohan Abhinav,1,1,0,run,0,,,64/1
1149554,1,9,1,Xavier Thalaivan Sargunam,Konda Bhaskir Arun Karthik,Adithya Arun,1,0,1,wide,0,,,65/1
1149554,1,9,2,Xavier Thalaivan Sargunam,Konda Bhaskir Arun Karthik,Adithya Arun,1,1,0,run,0,,,66/1
1149554,1,9,3,Konda Bhaskir Arun Karthik,Xavier Thalaivan Sargunam,Adithya Arun,4,4,0,four,0,,,70/1
1149554,1,9,4,Konda Bhaskir Arun Karthik,Xavier Thalaivan Sargunam,Adithya Arun,1,1,0,run,0,,,71/1
1149554,1,9,5,Xavier Thalaivan Sargunam,Konda Bhaskir Arun Karthik,Adithya Arun,1,1,0,run,0,,,72/1
1149554,1,9,6,Konda Bhaskir Arun Karthik,Xavier Thalaivan Sargunam,Adithya Arun,2,2,0,run,0,,,74/1
1149554,1,9,7,Konda Bhaskir Arun Karthik,Xavier Thalaivan Sargunam,Adithya Arun,1,0,1,wide,0,,,75/1
1149554,1,9,8,Konda Bhaskir Arun Karthik,Xavier Thalaivan Sargunam,Adithya Arun,0,0,0,no run,0,,,75/1
1149554,1,10,1,Xavier Thalaivan Sargunam,Konda Bhaskir Arun Karthik,Ravichandran Ashwin,1,1,0,run,0,,,76/1
1149554,1,10,2,Konda Bhaskir Arun Karthik,Xavier Thalaivan Sargunam,Ravichandran Ashwin,1,1,0,run,0,,,77/1
1149554,1,10,3,Xavier Thalaivan Sargunam,Konda Bhaskir Arun Karthik,Ravichandran Ashwin,0,0,0,no run,0,,,77/1
1149554,1,10,4,Xavier Thalaivan Sargunam,Konda Bhaskir Arun Karthik,Ravichandran Ashwin,1,1,0,run,0,,,78/1
1149554,1,10,5,Konda Bhaskir Arun Karthik,Xavier Thalaivan Sargunam,Ravichandran Ashwin,1,1,0,run,0,,,79/1
1149554,1,10,6,Xavier Thalaivan Sargunam,Konda Bhaskir Arun Karthik,Ravichandran Ashwin,0,0,0,no run,0,,,79/1
1149554,1,11,1,Konda Bhaskir Arun Karthik,Xavier Thalaivan Sargunam,Mohan Abhinav,1,1,0,run,0,,,80/1
1149554,1,11,2,Xavier Thalaivan Sargunam,Konda Bhaskir Arun Karthik,Mohan Abhinav,0,0,0,no run,0,,,80/1
1149554,1,11,3,Xavier Thalaivan Sargunam,Konda Bhaskir Arun Karthik,Mohan Abhinav,6,6,0,six,0,,,86/1
1149554,1,11,4,Xavier Thalaivan Sargunam,Konda Bhaskir Arun Karthik,Mohan Abhinav,1,1,0,run,0,,,87/1
1149554,1,11,5,Konda Bhaskir Arun Karthik,Xavier Thalaivan Sargunam,Mohan Abhinav,0,0,0,no run,0,,,87/1
1149554,1,11,6,Konda Bhaskir Arun Karthik,Xavier Thalaivan Sargunam,Mohan Abhinav,6,6,0,six,0,,,93/1
1149554,1,12,1,Xavier Thalaivan Sargunam,Konda Bhaskir Arun Karthik,Ravichandran Ashwin,0,0,0,no run,0,,,93/1
1149554,1,12,2,Xavier Thalaivan Sargunam,Konda Bhaskir Arun Karthik,Ravichandran Ashwin,1,1,0,run,0,,,94/1
1149554,1,12,3,Konda Bhaskir Arun Karthik,Xavier Thalaivan Sargunam,Ravichandran Ashwin,0,0,0,no run,0,,,94/1
1149554,1,12,4,Konda Bhaskir Arun Karthik,Xavier Thalaivan Sargunam,Ravichandran Ashwin,1,1,0,run,0,,,95/1
1149554,1,12,5,Xavier Thalaivan Sargunam,Konda Bhaskir Arun Karthik,Ravichandran Ashwin,0,0,0,no run,0,,,95/1
1149554,1,12,6,Xavier Thalaivan Sargunam,Konda Bhaskir Arun Karthik,Ravichandran Ashwin,0,0,0,no run,0,,,95/1
1149554,1,13,1,Konda Bhaskir Arun Karthik,Xavier Thalaivan Sargunam,M Mohammed,0,0,0,no run,0,,,95/1
1149554,1,13,2,Konda Bhaskir Arun Karthik,Xavier Thalaivan Sargunam,M Mohammed,1,1,0,run,0,,,96/1
1149554,1,13,3,Xavier Thalaivan Sargunam,Konda Bhaskir Arun Karthik,M Mohammed,1,1,0,run,0,,,97/1
1149554,1,13,4,Konda Bhaskir Arun Karthik,Xavier Thalaivan Sargunam,M Mohammed,1,1,0,run,0,,,98/1
1149554,1,13,5,Xavier Thalaivan Sargunam,Konda Bhaskir Arun Karthik,M Mohammed,0,0,0,no run,0,,,98/1
1149554,1,13,6,Xavier Thalaivan Sargunam,Konda Bhaskir Arun Karthik,M Mohammed,1,1,0,run,0,,,99/1
1149554,1,14,1,Xavier Thalaivan Sargunam,Konda Bhaskir Arun Karthik,Mohan Abhinav,6,6,0,six,0,,,105/1
1149554,1,14,2,Xavier Thalaivan Sargunam,Konda Bhaskir Arun Karthik,Mohan Abhinav,1,1,0,run,0,,,106/1
1149554,1,14,3,Konda Bhaskir Arun Karthik,Xavier Thalaivan Sargunam,Mohan Abhinav,1,1,0,run,0,,,107/1
1149554,1,14,4,Xavier Thalaivan Sargunam,Konda Bhaskir Arun Karthik,Mohan Abhinav,1,0,1,wide,1,stumped,Xavier Thalaivan Sargunam,108/2
1149554,1,14,5,Poovathinga Shijit Chandran,Konda Bhaskir Arun Karthik,Mohan Abhinav,0,0,0,no run,0,,,108/2
1149554,1,14,6,Poovathinga Shijit Chandran,Konda Bhaskir Arun Karthik,Mohan Abhinav,1,1,0,run,0,,,109/2
1149554,1,14,7,Konda Bhaskir Arun Karthik,Poovathinga Shijit Chandran,Mohan Abhinav,0,0,0,no run,0,,,109/2
1149554,1,15,1,Poovathinga Shijit Chandran,Konda Bhaskir Arun Karthik,M Mohammed,4,4,0,four,0,,,113/2
1149554,1,15,2,Poovathinga Shijit Chandran,Konda Bhaskir Arun Karthik,M Mohammed,4,4,0,four,0,,,117/2
1149554,1,15,3,Poovathinga Shijit Chandran,Konda Bhaskir Arun Karthik,M Mohammed,1,1,0,run,0,,,118/2
1149554,1,15,4,Konda Bhaskir Arun Karthik,Poovathinga Shijit Chandran,M Mohammed,4,4,0,four,0,,,122/2
1149554,1,15,5,Konda Bhaskir Arun Karthik,Poovathinga Shijit Chandran,M Mohammed,1,1,0,run,0,,,123/2
1149554,1,15,6,Poovathinga Shijit Chandran,Konda Bhaskir Arun Karthik,M Mohammed,1,1,0,run,0,,,124/2
1149554,1,16,1,Poovathinga Shijit Chandran,Konda Bhaskir Arun Karthik,Ravichandran Ashwin,1,1,0,run,0,,,125/2
1149554,1,16,2,Konda Bhaskir Arun Karthik,Poovathinga Shijit Chandran,Ravichandran Ashwin,2,2,0,run,0,,,127/2
1149554,1,16,3,Konda Bhaskir Arun Karthik,Poovathinga Shijit Chandran,Ravichandran Ashwin,0,0,0,out,1,caught,Konda Bhaskir Arun Karthik,127/3
1149554,1,16,4,Poovathinga Shijit Chandran,0,Ravichandran Ashwin,1,1,0,run,0,,,128/3
1149554,1,16,5,SP Nathan,Poovathinga Shijit Chandran,Ravichandran Ashwin,0,0,0,no run,0,,,128/3
1149554,1,16,6,SP Nathan,Poovathinga Shijit Chandran,Ravichandran Ashwin,0,0,0,no run,0,,,128/3
1149554,1,17,1,Poovathinga Shijit Chandran,SP Nathan,Ramalingam Rohit,1,1,0,run,0,,,129/3
1149554,1,17,2,SP Nathan,Poovathinga Shijit Chandran,Ramalingam Rohit,0,0,0,no run,0,,,129/3
1149554,1,17,3,SP Nathan,Poovathinga Shijit Chandran,Ramalingam Rohit,1,1,0,run,0,,,130/3
1149554,1,17,4,Poovathinga Shijit Chandran,SP Nathan,Ramalingam Rohit,4,4,0,four,0,,,134/3
1149554,1,17,5,Poovathinga Shijit Chandran,SP Nathan,Ramalingam Rohit,0,0,0,no run,0,,,134/3
1149554,1,17,6,Poovathinga Shijit Chandran,SP Nathan,Ramalingam Rohit,1,1,0,run,0,,,135/3
1149554,1,18,1,Poovathinga Shijit Chandran,SP Nathan,Adithya Arun,1,1,0,run,0,,,136/3
1149554,1,18,2,SP Nathan,Poovathinga Shijit Chandran,Adithya Arun,2,2,0,run,0,,,138/3
1149554,1,18,3,SP Nathan,Poovathinga Shijit Chandran,Adithya Arun,0,0,0,out,1,caught,SP Nathan,138/4
1149554,1,18,4,Poovathinga Shijit Chandran,0,Adithya Arun,6,6,0,six,0,,,144/4
1149554,1,18,5,Poovathinga Shijit Chandran,0,Adithya Arun,2,2,0,run,0,,,146/4
1149554,1,18,6,Poovathinga Shijit Chandran,Abhishek Baljeetsingh Tanwar,Adithya Arun,1,1,0,run,0,,,147/4
1149554,1,19,1,Poovathinga Shijit Chandran,Abhishek Baljeetsingh Tanwar,Ramalingam Rohit,2,2,0,run,0,,,149/4
1149554,1,19,2,Poovathinga Shijit Chandran,Abhishek Baljeetsingh Tanwar,Ramalingam Rohit,1,1,0,run,0,,,150/4
1149554,1,19,3,Abhishek Baljeetsingh Tanwar,Poovathinga Shijit Chandran,Ramalingam Rohit,1,1,0,run,0,,,151/4
1149554,1,19,4,Poovathinga Shijit Chandran,Abhishek Baljeetsingh Tanwar,Ramalingam Rohit,3,3,0,run,0,,,154/4
1149554,1,19,5,Abhishek Baljeetsingh Tanwar,Poovathinga Shijit Chandran,Ramalingam Rohit,0,0,0,no run,0,,,154/4
1149554,1,19,6,Abhishek Baljeetsingh Tanwar,Poovathinga Shijit Chandran,Ramalingam Rohit,0,0,0,no run,0,,,154/4
1149554,1,20,1,Poovathinga Shijit Chandran,Abhishek Baljeetsingh Tanwar,Ravichandran Ashwin,0,0,0,out,1,caught,Poovathinga Shijit Chandran,154/5
1149554,1,20,2,Abhishek Baljeetsingh Tanwar,0,Ravichandran Ashwin,6,6,0,six,0,,,160/5
1149554,1,20,3,Abhishek Baljeetsingh Tanwar,0,Ravichandran Ashwin,1,0,1,wide,0,,,161/5
1149554,1,20,4,Abhishek Baljeetsingh Tanwar,Jagatheesan Kousik,Ravichandran Ashwin,0,0,0,out,1,caught,Abhishek Baljeetsingh Tanwar,161/6
1149554,1,20,5,Jagatheesan Kousik,0,Ravichandran Ashwin,0,0,0,no run,0,,,161/6
1149554,1,20,6,Jagatheesan Kousik,0,Ravichandran Ashwin,2,2,0,run,0,,,163/6
1149554,1,20,7,Jagatheesan Kousik,Sabin Somatha Karnavar,Ravichandran Ashwin,6,6,0,six,0,,,169/6
1149554,2,1,1,Chezhian Nishaanth,0,Rahil S Shah,6,6,0,six,0,,,6/0
1149554,2,1,2,Chezhian Nishaanth,0,Rahil S Shah,0,0,0,no run,0,,,6/0
1149554,2,1,3,Chezhian Nishaanth,0,Rahil S Shah,1,0,1,wide,0,,,7/0
1149554,2,1,4,Chezhian Nishaanth,0,Rahil S Shah,0,0,0,no run,0,,,7/0
1149554,2,1,5,Chezhian Nishaanth,0,Rahil S Shah,0,0,0,no run,0,,,7/0
1149554,2,1,6,Chezhian Nishaanth,0,Rahil S Shah,4,4,0,four,0,,,11/0
1149554,2,1,7,Chezhian Nishaanth,Narayan Jagadeesan,Rahil S Shah,1,1,0,run,0,,,12/0
1149554,2,2,1,Chezhian Nishaanth,Narayan Jagadeesan,Abhishek Baljeetsingh Tanwar,2,2,0,run,0,,,14/0
1149554,2,2,2,Chezhian Nishaanth,Narayan Jagadeesan,Abhishek Baljeetsingh Tanwar,4,4,0,four,0,,,18/0
1149554,2,2,3,Chezhian Nishaanth,Narayan Jagadeesan,Abhishek Baljeetsingh Tanwar,1,1,0,run,0,,,19/0
1149554,2,2,4,Narayan Jagadeesan,Chezhian Nishaanth,Abhishek Baljeetsingh Tanwar,4,4,0,four,0,,,23/0
1149554,2,2,5,Narayan Jagadeesan,Chezhian Nishaanth,Abhishek Baljeetsingh Tanwar,0,0,0,no run,0,,,23/0
1149554,2,2,6,Narayan Jagadeesan,Chezhian Nishaanth,Abhishek Baljeetsingh Tanwar,1,1,0,run,0,,,24/0
1149554,2,3,1,Narayan Jagadeesan,Chezhian Nishaanth,Varun Chakravarthy Vinod,0,0,0,no run,0,,,24/0
1149554,2,3,2,Narayan Jagadeesan,Chezhian Nishaanth,Varun Chakravarthy Vinod,0,0,0,no run,0,,,24/0
1149554,2,3,3,Narayan Jagadeesan,Chezhian Nishaanth,Varun Chakravarthy Vinod,0,0,0,no run,0,,,24/0
1149554,2,3,4,Narayan Jagadeesan,Chezhian Nishaanth,Varun Chakravarthy Vinod,1,0,1,leg bye,0,,,25/0
1149554,2,3,5,Chezhian Nishaanth,Narayan Jagadeesan,Varun Chakravarthy Vinod,1,1,0,run,0,,,26/0
1149554,2,3,6,Narayan Jagadeesan,Chezhian Nishaanth,Varun Chakravarthy Vinod,0,0,0,no run,0,,,26/0
1149554,2,4,1,Chezhian Nishaanth,Narayan Jagadeesan,Poovathinga Shijit Chandran,0,0,0,no run,0,,,26/0
1149554,2,4,2,Chezhian Nishaanth,Narayan Jagadeesan,Poovathinga Shijit Chandran,6,6,0,six,0,,,32/0
1149554,2,4,3,Chezhian Nishaanth,Narayan Jagadeesan,Poovathinga Shijit Chandran,0,0,0,no run,0,,,32/0
1149554,2,4,4,Chezhian Nishaanth,Narayan Jagadeesan,Poovathinga Shijit Chandran,1,1,0,run,0,,,33/0
1149554,2,4,5,Narayan Jagadeesan,Chezhian Nishaanth,Poovathinga Shijit Chandran,4,4,0,four,0,,,37/0
1149554,2,4,6,Narayan Jagadeesan,Chezhian Nishaanth,Poovathinga Shijit Chandran,4,4,0,four,0,,,41/0
1149554,2,5,1,Chezhian Nishaanth,Narayan Jagadeesan,Varun Chakravarthy Vinod,1,1,0,run,0,,,42/0
1149554,2,5,2,Narayan Jagadeesan,Chezhian Nishaanth,Varun Chakravarthy Vinod,1,0,1,wide,0,,,43/0
1149554,2,5,3,Narayan Jagadeesan,Chezhian Nishaanth,Varun Chakravarthy Vinod,0,0,0,no run,0,,,43/0
1149554,2,5,4,Narayan Jagadeesan,Chezhian Nishaanth,Varun Chakravarthy Vinod,0,0,0,no run,0,,,43/0
1149554,2,5,5,Narayan Jagadeesan,Chezhian Nishaanth,Varun Chakravarthy Vinod,0,0,0,no run,0,,,43/0
1149554,2,5,6,Narayan Jagadeesan,Chezhian Nishaanth,Varun Chakravarthy Vinod,1,1,0,run,0,,,44/0
1149554,2,5,7,Chezhian Nishaanth,Narayan Jagadeesan,Varun Chakravarthy Vinod,1,1,0,run,0,,,45/0
1149554,2,6,1,Chezhian Nishaanth,Narayan Jagadeesan,L Kiran Akash,0,0,0,out,1,caught,Chezhian Nishaanth,45/1
1149554,2,6,2,Rajendran Vivek,Narayan Jagadeesan,L Kiran Akash,4,4,0,four,0,,,49/1
1149554,2,6,3,Rajendran Vivek,Narayan Jagadeesan,L Kiran Akash,1,1,0,run,0,,,50/1
1149554,2,6,4,Narayan Jagadeesan,Rajendran Vivek,L Kiran Akash,4,4,0,four,0,,,54/1
1149554,2,6,5,Narayan Jagadeesan,Rajendran Vivek,L Kiran Akash,1,1,0,run,0,,,55/1
1149554,2,6,6,Rajendran Vivek,Narayan Jagadeesan,L Kiran Akash,0,0,0,no run,0,,,55/1
1149554,2,7,1,Narayan Jagadeesan,Rajendran Vivek,Abhishek Baljeetsingh Tanwar,2,2,0,run,0,,,57/1
1149554,2,7,2,Narayan Jagadeesan,Rajendran Vivek,Abhishek Baljeetsingh Tanwar,1,1,0,run,0,,,58/1
1149554,2,7,3,Rajendran Vivek,Narayan Jagadeesan,Abhishek Baljeetsingh Tanwar,1,1,0,run,0,,,59/1
1149554,2,7,4,Narayan Jagadeesan,Rajendran Vivek,Abhishek Baljeetsingh Tanwar,0,0,0,no run,0,,,59/1
1149554,2,7,5,Narayan Jagadeesan,Rajendran Vivek,Abhishek Baljeetsingh Tanwar,4,4,0,four,0,,,63/1
1149554,2,7,6,Narayan Jagadeesan,Rajendran Vivek,Abhishek Baljeetsingh Tanwar,1,1,0,run,0,,,64/1
1149554,2,8,1,Narayan Jagadeesan,Rajendran Vivek,L Kiran Akash,0,0,0,no run,0,,,64/1
1149554,2,8,2,Narayan Jagadeesan,Rajendran Vivek,L Kiran Akash,1,1,0,run,0,,,65/1
1149554,2,8,3,Rajendran Vivek,Narayan Jagadeesan,L Kiran Akash,6,6,0,six,0,,,71/1
1149554,2,8,4,Rajendran Vivek,Narayan Jagadeesan,L Kiran Akash,1,1,0,run,0,,,72/1
1149554,2,8,5,Narayan Jagadeesan,Rajendran Vivek,L Kiran Akash,1,1,0,run,0,,,73/1
1149554,2,8,6,Rajendran Vivek,Narayan Jagadeesan,L Kiran Akash,4,4,0,four,0,,,77/1
1149554,2,9,1,Narayan Jagadeesan,Rajendran Vivek,Rahil S Shah,0,0,0,no run,0,,,77/1
1149554,2,9,2,Narayan Jagadeesan,Rajendran Vivek,Rahil S Shah,2,2,0,run,0,,,79/1
1149554,2,9,3,Narayan Jagadeesan,Rajendran Vivek,Rahil S Shah,1,1,0,run,0,,,80/1
1149554,2,9,4,Rajendran Vivek,Narayan Jagadeesan,Rahil S Shah,6,6,0,six,0,,,86/1
1149554,2,9,5,Rajendran Vivek,Narayan Jagadeesan,Rahil S Shah,1,1,0,run,0,,,87/1
1149554,2,9,6,Narayan Jagadeesan,Rajendran Vivek,Rahil S Shah,2,2,0,run,0,,,89/1
1149554,2,10,1,Rajendran Vivek,Narayan Jagadeesan,Sabin Somatha Karnavar,1,1,0,run,0,,,90/1
1149554,2,10,2,Narayan Jagadeesan,Rajendran Vivek,Sabin Somatha Karnavar,0,0,0,no run,0,,,90/1
1149554,2,10,3,Narayan Jagadeesan,Rajendran Vivek,Sabin Somatha Karnavar,4,4,0,four,0,,,94/1
1149554,2,10,4,Narayan Jagadeesan,Rajendran Vivek,Sabin Somatha Karnavar,4,4,0,four,0,,,98/1
1149554,2,10,5,Narayan Jagadeesan,Rajendran Vivek,Sabin Somatha Karnavar,4,4,0,four,0,,,102/1
1149554,2,10,6,Narayan Jagadeesan,Rajendran Vivek,Sabin Somatha Karnavar,4,4,0,four,0,,,106/1
1149554,2,11,1,Rajendran Vivek,Narayan Jagadeesan,Varun Chakravarthy Vinod,1,1,0,run,0,,,107/1
1149554,2,11,2,Narayan Jagadeesan,Rajendran Vivek,Varun Chakravarthy Vinod,0,0,0,no run,0,,,107/1
1149554,2,11,3,Narayan Jagadeesan,Rajendran Vivek,Varun Chakravarthy Vinod,1,1,0,run,0,,,108/1
1149554,2,11,4,Rajendran Vivek,Narayan Jagadeesan,Varun Chakravarthy Vinod,0,0,0,no run,0,,,108/1
1149554,2,11,5,Rajendran Vivek,Narayan Jagadeesan,Varun Chakravarthy Vinod,1,1,0,run,0,,,109/1
1149554,2,11,6,Narayan Jagadeesan,Rajendran Vivek,Varun Chakravarthy Vinod,0,0,0,no run,0,,,109/1
1149554,2,12,1,Rajendran Vivek,Narayan Jagadeesan,L Kiran Akash,4,4,0,four,0,,,113/1
1149554,2,12,2,Rajendran Vivek,Narayan Jagadeesan,L Kiran Akash,6,6,0,six,0,,,119/1
1149554,2,12,3,Rajendran Vivek,Narayan Jagadeesan,L Kiran Akash,0,0,0,no run,0,,,119/1
1149554,2,12,4,Rajendran Vivek,Narayan Jagadeesan,L Kiran Akash,0,0,0,no run,0,,,119/1
1149554,2,12,5,Rajendran Vivek,Narayan Jagadeesan,L Kiran Akash,2,2,0,run,0,,,121/1
1149554,2,12,6,Rajendran Vivek,Narayan Jagadeesan,L Kiran Akash,0,0,0,no run,0,,,121/1
1149554,2,13,1,Narayan Jagadeesan,Rajendran Vivek,Jagatheesan Kousik,1,1,0,run,0,,,122/1
1149554,2,13,2,Rajendran Vivek,Narayan Jagadeesan,Jagatheesan Kousik,2,2,0,run,0,,,124/1
1149554,2,13,3,Rajendran Vivek,Narayan Jagadeesan,Jagatheesan Kousik,2,2,0,run,0,,,126/1
1149554,2,13,4,Rajendran Vivek,Narayan Jagadeesan,Jagatheesan Kousik,2,2,0,run,0,,,128/1
1149554,2,13,5,Rajendran Vivek,Narayan Jagadeesan,Jagatheesan Kousik,1,1,0,run,0,,,129/1
1149554,2,13,6,Narayan Jagadeesan,Rajendran Vivek,Jagatheesan Kousik,4,4,0,four,0,,,133/1
1149554,2,14,1,Rajendran Vivek,Narayan Jagadeesan,Rahil S Shah,1,1,0,run,0,,,134/1
1149554,2,14,2,Narayan Jagadeesan,Rajendran Vivek,Rahil S Shah,6,6,0,six,0,,,140/1
1149554,2,14,3,Narayan Jagadeesan,Rajendran Vivek,Rahil S Shah,1,1,0,run,0,,,141/1
1149554,2,14,4,Rajendran Vivek,Narayan Jagadeesan,Rahil S Shah,4,4,0,four,0,,,145/1
1149554,2,14,5,Rajendran Vivek,Narayan Jagadeesan,Rahil S Shah,0,0,0,no run,0,,,145/1
1149554,2,14,6,Rajendran Vivek,Narayan Jagadeesan,Rahil S Shah,1,1,0,run,0,,,146/1
1149554,2,15,1,Rajendran Vivek,Narayan Jagadeesan,Varun Chakravarthy Vinod,4,4,0,four,0,,,150/1
1149554,2,15,2,Rajendran Vivek,Narayan Jagadeesan,Varun Chakravarthy Vinod,4,4,0,four,0,,,154/1
1149554,2,15,3,Rajendran Vivek,Narayan Jagadeesan,Varun Chakravarthy Vinod,1,1,0,run,0,,,155/1
1149554,2,15,4,Narayan Jagadeesan,Rajendran Vivek,Varun Chakravarthy Vinod,1,1,0,run,0,,,156/1
1149554,2,15,5,Rajendran Vivek,Narayan Jagadeesan,Varun Chakravarthy Vinod,1,1,0,run,0,,,157/1
1149554,2,15,6,Narayan Jagadeesan,Rajendran Vivek,Varun Chakravarthy Vinod,4,4,0,four,0,,,161/1
1149554,2,16,1,Rajendran Vivek,Narayan Jagadeesan,Abhishek Baljeetsingh Tanwar,1,0,1,wide,0,,,162/1
1149554,2,16,2,Rajendran Vivek,Narayan Jagadeesan,Abhishek Baljeetsingh Tanwar,4,4,0,four,0,,,166/1
1149554,2,16,3,Rajendran Vivek,Narayan Jagadeesan,Abhishek Baljeetsingh Tanwar,4,4,0,four,0,,,170/1
1149555,1,1,1,Kumaran Bharath Shankar,0,Ramadoss Alexander,0,0,0,no run,0,,,0/0
1149555,1,1,2,Kumaran Bharath Shankar,0,Ramadoss Alexander,0,0,0,no run,0,,,0/0
1149555,1,1,3,Kumaran Bharath Shankar,0,Ramadoss Alexander,4,4,0,four,0,,,4/0
1149555,1,1,4,Kumaran Bharath Shankar,0,Ramadoss Alexander,1,1,0,run,0,,,5/0
1149555,1,1,5,Baba Indrajith,Kumaran Bharath Shankar,Ramadoss Alexander,1,1,0,run,0,,,6/0
1149555,1,1,6,Kumaran Bharath Shankar,Baba Indrajith,Ramadoss Alexander,0,0,0,no run,0,,,6/0
1149555,1,2,1,Baba Indrajith,Kumaran Bharath Shankar,R Vishaal,0,0,0,no run,0,,,6/0
1149555,1,2,2,Baba Indrajith,Kumaran Bharath Shankar,R Vishaal,0,0,0,no run,0,,,6/0
1149555,1,2,3,Baba Indrajith,Kumaran Bharath Shankar,R Vishaal,2,2,0,run,0,,,8/0
1149555,1,2,4,Baba Indrajith,Kumaran Bharath Shankar,R Vishaal,1,0,1,wide,0,,,9/0
1149555,1,2,5,Baba Indrajith,Kumaran Bharath Shankar,R Vishaal,0,0,0,no run,0,,,9/0
1149555,1,2,6,Baba Indrajith,Kumaran Bharath Shankar,R Vishaal,0,0,0,no run,0,,,9/0
1149555,1,2,7,Baba Indrajith,Kumaran Bharath Shankar,R Vishaal,2,2,0,run,0,,,11/0
1149555,1,3,1,Kumaran Bharath Shankar,Baba Indrajith,Ramadoss Alexander,4,4,0,four,0,,,15/0
1149555,1,3,2,Kumaran Bharath Shankar,Baba Indrajith,Ramadoss Alexander,4,4,0,four,0,,,19/0
1149555,1,3,3,Kumaran Bharath Shankar,Baba Indrajith,Ramadoss Alexander,6,6,0,six,0,,,25/0
1149555,1,3,4,Kumaran Bharath Shankar,Baba Indrajith,Ramadoss Alexander,0,0,0,no run,0,,,25/0
1149555,1,3,5,Kumaran Bharath Shankar,Baba Indrajith,Ramadoss Alexander,0,0,0,no run,0,,,25/0
1149555,1,3,6,Kumaran Bharath Shankar,Baba Indrajith,Ramadoss Alexander,4,4,0,four,0,,,29/0
1149555,1,4,1,Baba Indrajith,Kumaran Bharath Shankar,R Vishaal,4,4,0,four,0,,,33/0
1149555,1,4,2,Baba Indrajith,Kumaran Bharath Shankar,R Vishaal,1,1,0,run,0,,,34/0
1149555,1,4,3,Kumaran Bharath Shankar,Baba Indrajith,R Vishaal,0,0,0,no run,0,,,34/0
1149555,1,4,4,Kumaran Bharath Shankar,Baba Indrajith,R Vishaal,0,0,0,no run,0,,,34/0
1149555,1,4,5,Kumaran Bharath Shankar,Baba Indrajith,R Vishaal,0,0,0,out,1,caught,Kumaran Bharath Shankar,34/1
1149555,1,4,6,S Aravind,Baba Indrajith,R Vishaal,0,0,0,no run,0,,,34/1
1149555,1,5,1,Baba Indrajith,S Aravind,Murugan Ashwin,4,4,0,four,0,,,38/1
1149555,1,5,2,Baba Indrajith,S Aravind,Murugan Ashwin,0,0,0,no run,0,,,38/1
1149555,1,5,3,Baba Indrajith,S Aravind,Murugan Ashwin,1,1,0,run,0,,,39/1
1149555,1,5,4,S Aravind,Baba Indrajith,Murugan Ashwin,1,1,0,run,0,,,40/1
1149555,1,5,5,Baba Indrajith,S Aravind,Murugan Ashwin,1,1,0,run,0,,,41/1
1149555,1,5,6,S Aravind,Baba Indrajith,Murugan Ashwin,0,0,0,out,1,bowled,S Aravind,41/2
1149555,1,6,1,Baba Indrajith,0,R Vishaal,0,0,0,no run,0,,,41/2
1149555,1,6,2,Baba Indrajith,0,R Vishaal,4,4,0,four,0,,,45/2
1149555,1,6,3,Baba Indrajith,0,R Vishaal,0,0,0,no run,0,,,45/2
1149555,1,6,4,Baba Indrajith,0,R Vishaal,1,1,0,run,0,,,46/2
1149555,1,6,5,Selvam Suresh Kumar,Baba Indrajith,R Vishaal,1,1,0,run,0,,,47/2
1149555,1,6,6,Baba Indrajith,Selvam Suresh Kumar,R Vishaal,0,0,0,no run,0,,,47/2
1149555,1,7,1,Selvam Suresh Kumar,Baba Indrajith,Yamuna Sunny Kumar Singh,1,1,0,run,0,,,48/2
1149555,1,7,2,Baba Indrajith,Selvam Suresh Kumar,Yamuna Sunny Kumar Singh,0,0,0,no run,0,,,48/2
1149555,1,7,3,Baba Indrajith,Selvam Suresh Kumar,Yamuna Sunny Kumar Singh,0,0,0,no run,0,,,48/2
1149555,1,7,4,Baba Indrajith,Selvam Suresh Kumar,Yamuna Sunny Kumar Singh,1,1,0,run,0,,,49/2
1149555,1,7,5,Selvam Suresh Kumar,Baba Indrajith,Yamuna Sunny Kumar Singh,4,4,0,four,0,,,53/2
1149555,1,7,6,Selvam Suresh Kumar,Baba Indrajith,Yamuna Sunny Kumar Singh,0,0,0,no run,0,,,53/2
1149555,1,8,1,Baba Indrajith,Selvam Suresh Kumar,Manimaran Siddharth,1,1,0,run,0,,,54/2
1149555,1,8,2,Selvam Suresh Kumar,Baba Indrajith,Manimaran Siddharth,4,4,0,four,0,,,58/2
1149555,1,8,3,Selvam Suresh Kumar,Baba Indrajith,Manimaran Siddharth,0,0,0,no run,0,,,58/2
1149555,1,8,4,Selvam Suresh Kumar,Baba Indrajith,Manimaran Siddharth,0,0,0,no run,0,,,58/2
1149555,1,8,5,Selvam Suresh Kumar,Baba Indrajith,Manimaran Siddharth,1,1,0,run,0,,,59/2
1149555,1,8,6,Baba Indrajith,Selvam Suresh Kumar,Manimaran Siddharth,0,0,0,no run,0,,,59/2
1149555,1,9,1,Selvam Suresh Kumar,Baba Indrajith,Murugan Ashwin,1,0,1,wide,0,,,60/2
1149555,1,9,2,Selvam Suresh Kumar,Baba Indrajith,Murugan Ashwin,0,0,0,no run,0,,,60/2
1149555,1,9,3,Selvam Suresh Kumar,Baba Indrajith,Murugan Ashwin,1,1,0,run,0,,,61/2
1149555,1,9,4,Baba Indrajith,Selvam Suresh Kumar,Murugan Ashwin,1,1,0,run,0,,,62/2
1149555,1,9,5,Selvam Suresh Kumar,Baba Indrajith,Murugan Ashwin,1,1,0,run,0,,,63/2
1149555,1,9,6,Baba Indrajith,Selvam Suresh Kumar,Murugan Ashwin,2,2,0,run,0,,,65/2
1149555,1,9,7,Baba Indrajith,Selvam Suresh Kumar,Murugan Ashwin,1,1,0,run,0,,,66/2
1149555,1,10,1,Baba Indrajith,Selvam Suresh Kumar,Manimaran Siddharth,1,1,0,run,0,,,67/2
1149555,1,10,2,Selvam Suresh Kumar,Baba Indrajith,Manimaran Siddharth,0,0,0,no run,0,,,67/2
1149555,1,10,3,Selvam Suresh Kumar,Baba Indrajith,Manimaran Siddharth,1,1,0,run,0,,,68/2
1149555,1,10,4,Baba Indrajith,Selvam Suresh Kumar,Manimaran Siddharth,0,0,0,no run,0,,,68/2
1149555,1,10,5,Baba Indrajith,Selvam Suresh Kumar,Manimaran Siddharth,1,1,0,run,0,,,69/2
1149555,1,10,6,Selvam Suresh Kumar,Baba Indrajith,Manimaran Siddharth,1,1,0,run,0,,,70/2
1149555,1,11,1,Selvam Suresh Kumar,Baba Indrajith,V Arun Kumar,3,3,0,run,0,,,73/2
1149555,1,11,2,Baba Indrajith,Selvam Suresh Kumar,V Arun Kumar,4,4,0,four,0,,,77/2
1149555,1,11,3,Baba Indrajith,Selvam Suresh Kumar,V Arun Kumar,0,0,0,no run,0,,,77/2
1149555,1,11,4,Baba Indrajith,Selvam Suresh Kumar,V Arun Kumar,1,1,0,run,0,,,78/2
1149555,1,11,5,Selvam Suresh Kumar,Baba Indrajith,V Arun Kumar,0,0,0,no run,0,,,78/2
1149555,1,11,6,Selvam Suresh Kumar,Baba Indrajith,V Arun Kumar,1,1,0,run,0,,,79/2
1149555,1,12,1,Selvam Suresh Kumar,Baba Indrajith,Yamuna Sunny Kumar Singh,1,1,0,run,0,,,80/2
1149555,1,12,2,Baba Indrajith,Selvam Suresh Kumar,Yamuna Sunny Kumar Singh,1,1,0,run,0,,,81/2
1149555,1,12,3,Selvam Suresh Kumar,Baba Indrajith,Yamuna Sunny Kumar Singh,6,6,0,six,0,,,87/2
1149555,1,12,4,Selvam Suresh Kumar,Baba Indrajith,Yamuna Sunny Kumar Singh,0,0,0,no run,0,,,87/2
1149555,1,12,5,Selvam Suresh Kumar,Baba Indrajith,Yamuna Sunny Kumar Singh,0,0,0,no run,0,,,87/2
1149555,1,12,6,Selvam Suresh Kumar,Baba Indrajith,Yamuna Sunny Kumar Singh,1,1,0,run,0,,,88/2
1149555,1,13,1,Selvam Suresh Kumar,Baba Indrajith,Ramadoss Alexander,1,1,0,run,0,,,89/2
1149555,1,13,2,Baba Indrajith,Selvam Suresh Kumar,Ramadoss Alexander,1,1,0,run,0,,,90/2
1149555,1,13,3,Selvam Suresh Kumar,Baba Indrajith,Ramadoss Alexander,1,1,0,run,0,,,91/2
1149555,1,13,4,Baba Indrajith,Selvam Suresh Kumar,Ramadoss Alexander,0,0,0,no run,0,,,91/2
1149555,1,13,5,Baba Indrajith,Selvam Suresh Kumar,Ramadoss Alexander,1,1,0,run,0,,,92/2
1149555,1,13,6,Selvam Suresh Kumar,Baba Indrajith,Ramadoss Alexander,1,1,0,run,0,,,93/2
1149555,1,14,1,Selvam Suresh Kumar,Baba Indrajith,Manimaran Siddharth,0,0,0,no run,0,,,93/2
1149555,1,14,2,Selvam Suresh Kumar,Baba Indrajith,Manimaran Siddharth,0,0,0,no run,0,,,93/2
1149555,1,14,3,Selvam Suresh Kumar,Baba Indrajith,Manimaran Siddharth,1,1,0,run,0,,,94/2
1149555,1,14,4,Baba Indrajith,Selvam Suresh Kumar,Manimaran Siddharth,1,1,0,run,0,,,95/2
1149555,1,14,5,Selvam Suresh Kumar,Baba Indrajith,Manimaran Siddharth,1,1,0,run,0,,,96/2
1149555,1,14,6,Baba Indrajith,Selvam Suresh Kumar,Manimaran Siddharth,1,1,0,run,0,,,97/2
1149555,1,15,1,Baba Indrajith,Selvam Suresh Kumar,Yamuna Sunny Kumar Singh,1,1,0,run,0,,,98/2
1149555,1,15,2,Selvam Suresh Kumar,Baba Indrajith,Yamuna Sunny Kumar Singh,2,2,0,run,0,,,100/2
1149555,1,15,3,Selvam Suresh Kumar,Baba Indrajith,Yamuna Sunny Kumar Singh,1,1,0,run,0,,,101/2
1149555,1,15,4,Baba Indrajith,Selvam Suresh Kumar,Yamuna Sunny Kumar Singh,1,1,0,run,0,,,102/2
1149555,1,15,5,Selvam Suresh Kumar,Baba Indrajith,Yamuna Sunny Kumar Singh,1,0,1,wide,0,,,103/2
1149555,1,15,6,Selvam Suresh Kumar,Baba Indrajith,Yamuna Sunny Kumar Singh,6,6,0,six,0,,,109/2
1149555,1,15,7,Selvam Suresh Kumar,Baba Indrajith,Yamuna Sunny Kumar Singh,0,0,0,no run,0,,,109/2
1149555,1,16,1,Baba Indrajith,Selvam Suresh Kumar,Murugan Ashwin,1,1,0,run,0,,,110/2
1149555,1,16,2,Selvam Suresh Kumar,Baba Indrajith,Murugan Ashwin,1,1,0,run,0,,,111/2
1149555,1,16,3,Baba Indrajith,Selvam Suresh Kumar,Murugan Ashwin,0,0,0,no run,0,,,111/2
1149555,1,16,4,Baba Indrajith,Selvam Suresh Kumar,Murugan Ashwin,0,0,0,no run,0,,,111/2
1149555,1,16,5,Baba Indrajith,Selvam Suresh Kumar,Murugan Ashwin,1,1,0,run,0,,,112/2
1149555,1,16,6,Selvam Suresh Kumar,Baba Indrajith,Murugan Ashwin,0,0,0,no run,0,,,112/2
1149555,1,17,1,Baba Indrajith,Selvam Suresh Kumar,Ramadoss Alexander,1,1,0,run,0,,,113/2
1149555,1,17,2,Selvam Suresh Kumar,Baba Indrajith,Ramadoss Alexander,6,6,0,six,0,,,119/2
1149555,1,17,3,Selvam Suresh Kumar,Baba Indrajith,Ramadoss Alexander,2,2,0,run,0,,,121/2
1149555,1,17,4,Selvam Suresh Kumar,Baba Indrajith,Ramadoss Alexander,1,1,0,run,0,,,122/2
1149555,1,17,5,Baba Indrajith,Selvam Suresh Kumar,Ramadoss Alexander,1,1,0,run,0,,,123/2
1149555,1,17,6,Selvam Suresh Kumar,Baba Indrajith,Ramadoss Alexander,1,1,0,run,0,,,124/2
1149555,1,18,1,Selvam Suresh Kumar,Baba Indrajith,Murugan Ashwin,1,1,0,run,0,,,125/2
1149555,1,18,2,Baba Indrajith,Selvam Suresh Kumar,Murugan Ashwin,1,1,0,run,0,,,126/2
1149555,1,18,3,Selvam Suresh Kumar,Baba Indrajith,Murugan Ashwin,6,6,0,six,0,,,132/2
1149555,1,18,4,Selvam Suresh Kumar,Baba Indrajith,Murugan Ashwin,1,1,0,run,0,,,133/2
1149555,1,18,5,Baba Indrajith,Selvam Suresh Kumar,Murugan Ashwin,1,1,0,run,0,,,134/2
1149555,1,18,6,Selvam Suresh Kumar,Baba Indrajith,Murugan Ashwin,1,1,0,run,0,,,135/2
1149555,1,19,1,Selvam Suresh Kumar,Baba Indrajith,Manimaran Siddharth,6,6,0,six,0,,,141/2
1149555,1,19,2,Selvam Suresh Kumar,Baba Indrajith,Manimaran Siddharth,6,6,0,six,0,,,147/2
1149555,1,19,3,Selvam Suresh Kumar,Baba Indrajith,Manimaran Siddharth,1,1,0,run,0,,,148/2
1149555,1,19,4,Baba Indrajith,Selvam Suresh Kumar,Manimaran Siddharth,6,6,0,six,0,,,154/2
1149555,1,19,5,Baba Indrajith,Selvam Suresh Kumar,Manimaran Siddharth,0,0,0,out,1,bowled,Baba Indrajith,154/3
1149555,1,19,6,Chandrasekar Ganapathy,Selvam Suresh Kumar,Manimaran Siddharth,6,6,0,six,0,,,160/3
1149555,1,20,1,Selvam Suresh Kumar,Chandrasekar Ganapathy,R Vishaal,0,0,0,no run,0,,,160/3
1149555,1,20,2,Selvam Suresh Kumar,Chandrasekar Ganapathy,R Vishaal,0,0,0,out,1,caught,Selvam Suresh Kumar,160/4
1149555,1,20,3,Chandrasekar Ganapathy,0,R Vishaal,4,4,0,four,0,,,164/4
1149555,1,20,4,Chandrasekar Ganapathy,0,R Vishaal,4,4,0,four,0,,,168/4
1149555,1,20,5,Chandrasekar Ganapathy,0,R Vishaal,6,6,0,six,0,,,174/4
1149555,1,20,6,Chandrasekar Ganapathy,Ramsingh Sonu Yadav,R Vishaal,6,6,0,six,0,,,180/4
1149555,2,1,1,Hari Gopinath,0,Kannan Vignesh,0,0,0,no run,0,,,0/0
1149555,2,1,2,Hari Gopinath,0,Kannan Vignesh,1,1,0,run,0,,,1/0
1149555,2,1,3,V Arun Kumar,Hari Gopinath,Kannan Vignesh,1,1,0,run,0,,,2/0
1149555,2,1,4,Hari Gopinath,V Arun Kumar,Kannan Vignesh,4,4,0,four,0,,,6/0
1149555,2,1,5,Hari Gopinath,V Arun Kumar,Kannan Vignesh,4,4,0,four,0,,,10/0
1149555,2,1,6,Hari Gopinath,V Arun Kumar,Kannan Vignesh,2,2,0,run,0,,,12/0
1149555,2,2,1,V Arun Kumar,Hari Gopinath,Chandrasekar Ganapathy,0,0,0,out,1,caught,V Arun Kumar,12/1
1149555,2,2,2,Ganga Sridhar Raju,Hari Gopinath,Chandrasekar Ganapathy,1,1,0,run,0,,,13/1
1149555,2,2,3,Hari Gopinath,Ganga Sridhar Raju,Chandrasekar Ganapathy,0,0,0,no run,0,,,13/1
1149555,2,2,4,Hari Gopinath,Ganga Sridhar Raju,Chandrasekar Ganapathy,0,0,0,out,1,bowled,Hari Gopinath,13/2
1149555,2,2,5,S Karthik,Ganga Sridhar Raju,Chandrasekar Ganapathy,0,0,0,no run,0,,,13/2
1149555,2,2,6,S Karthik,Ganga Sridhar Raju,Chandrasekar Ganapathy,0,0,0,no run,0,,,13/2
1149555,2,3,1,Ganga Sridhar Raju,S Karthik,Ramsingh Sonu Yadav,0,0,0,no run,0,,,13/2
1149555,2,3,2,Ganga Sridhar Raju,S Karthik,Ramsingh Sonu Yadav,0,0,0,no run,0,,,13/2
1149555,2,3,3,Ganga Sridhar Raju,S Karthik,Ramsingh Sonu Yadav,4,4,0,four,0,,,17/2
1149555,2,3,4,Ganga Sridhar Raju,S Karthik,Ramsingh Sonu Yadav,0,0,0,no run,0,,,17/2
1149555,2,3,5,Ganga Sridhar Raju,S Karthik,Ramsingh Sonu Yadav,1,1,0,run,0,,,18/2
1149555,2,3,6,S Karthik,Ganga Sridhar Raju,Ramsingh Sonu Yadav,1,1,0,run,0,,,19/2
1149555,2,4,1,S Karthik,Ganga Sridhar Raju,Chandrasekar Ganapathy,0,0,0,no run,0,,,19/2
1149555,2,4,2,S Karthik,Ganga Sridhar Raju,Chandrasekar Ganapathy,4,4,0,four,0,,,23/2
1149555,2,4,3,S Karthik,Ganga Sridhar Raju,Chandrasekar Ganapathy,0,0,0,no run,0,,,23/2
1149555,2,4,4,S Karthik,Ganga Sridhar Raju,Chandrasekar Ganapathy,0,0,0,out,1,caught,S Karthik,23/3
1149555,2,4,5,Baskaran Rahul,Ganga Sridhar Raju,Chandrasekar Ganapathy,0,0,0,no run,0,,,23/3
1149555,2,4,6,Baskaran Rahul,Ganga Sridhar Raju,Chandrasekar Ganapathy,1,1,0,run,0,,,24/3
1149555,2,5,1,Baskaran Rahul,Ganga Sridhar Raju,Ramsingh Sonu Yadav,1,1,0,run,0,,,25/3
1149555,2,5,2,Ganga Sridhar Raju,Baskaran Rahul,Ramsingh Sonu Yadav,1,1,0,run,0,,,26/3
1149555,2,5,3,Baskaran Rahul,Ganga Sridhar Raju,Ramsingh Sonu Yadav,1,1,0,run,0,,,27/3
1149555,2,5,4,Ganga Sridhar Raju,Baskaran Rahul,Ramsingh Sonu Yadav,0,0,0,no run,0,,,27/3
1149555,2,5,5,Ganga Sridhar Raju,Baskaran Rahul,Ramsingh Sonu Yadav,1,1,0,run,0,,,28/3
1149555,2,5,6,Baskaran Rahul,Ganga Sridhar Raju,Ramsingh Sonu Yadav,1,1,0,run,0,,,29/3
1149555,2,6,1,Baskaran Rahul,Ganga Sridhar Raju,Dakshinamoorthy Tamil Kumaran,1,1,0,run,0,,,30/3
1149555,2,6,2,Ganga Sridhar Raju,Baskaran Rahul,Dakshinamoorthy Tamil Kumaran,1,1,0,run,0,,,31/3
1149555,2,6,3,Baskaran Rahul,Ganga Sridhar Raju,Dakshinamoorthy Tamil Kumaran,1,1,0,run,0,,,32/3
1149555,2,6,4,Ganga Sridhar Raju,Baskaran Rahul,Dakshinamoorthy Tamil Kumaran,1,0,1,wide,0,,,33/3
1149555,2,6,5,Ganga Sridhar Raju,Baskaran Rahul,Dakshinamoorthy Tamil Kumaran,0,0,0,no run,0,,,33/3
1149555,2,6,6,Ganga Sridhar Raju,Baskaran Rahul,Dakshinamoorthy Tamil Kumaran,4,4,0,four,0,,,37/3
1149555,2,6,7,Ganga Sridhar Raju,Baskaran Rahul,Dakshinamoorthy Tamil Kumaran,0,0,0,no run,0,,,37/3
1149555,2,7,1,Baskaran Rahul,Ganga Sridhar Raju,Kannan Vignesh,0,0,0,no run,0,,,37/3
1149555,2,7,2,Baskaran Rahul,Ganga Sridhar Raju,Kannan Vignesh,0,0,0,no run,0,,,37/3
1149555,2,7,3,Baskaran Rahul,Ganga Sridhar Raju,Kannan Vignesh,0,0,0,no run,0,,,37/3
1149555,2,7,4,Baskaran Rahul,Ganga Sridhar Raju,Kannan Vignesh,1,1,0,run,0,,,38/3
1149555,2,7,5,Ganga Sridhar Raju,Baskaran Rahul,Kannan Vignesh,2,2,0,run,0,,,40/3
1149555,2,7,6,Ganga Sridhar Raju,Baskaran Rahul,Kannan Vignesh,0,0,0,out,1,bowled,Ganga Sridhar Raju,40/4
1149555,2,8,1,Baskaran Rahul,0,Dakshinamoorthy Tamil Kumaran,1,1,0,run,0,,,41/4
1149555,2,8,2,Uthirasamy Sasidev,Baskaran Rahul,Dakshinamoorthy Tamil Kumaran,1,0,1,wide,0,,,42/4
1149555,2,8,3,Uthirasamy Sasidev,Baskaran Rahul,Dakshinamoorthy Tamil Kumaran,0,0,0,no run,0,,,42/4
1149555,2,8,4,Uthirasamy Sasidev,Baskaran Rahul,Dakshinamoorthy Tamil Kumaran,0,0,0,no run,0,,,42/4
1149555,2,8,5,Uthirasamy Sasidev,Baskaran Rahul,Dakshinamoorthy Tamil Kumaran,1,1,0,run,0,,,43/4
1149555,2,8,6,Baskaran Rahul,Uthirasamy Sasidev,Dakshinamoorthy Tamil Kumaran,1,1,0,run,0,,,44/4
1149555,2,8,7,Uthirasamy Sasidev,Baskaran Rahul,Dakshinamoorthy Tamil Kumaran,1,1,0,run,0,,,45/4
1149555,2,9,1,Uthirasamy Sasidev,Baskaran Rahul,Kannan Vignesh,1,0,1,wide,0,,,46/4
1149555,2,9,2,Uthirasamy Sasidev,Baskaran Rahul,Kannan Vignesh,1,1,0,run,0,,,47/4
1149555,2,9,3,Baskaran Rahul,Uthirasamy Sasidev,Kannan Vignesh,0,0,0,no run,0,,,47/4
1149555,2,9,4,Baskaran Rahul,Uthirasamy Sasidev,Kannan Vignesh,1,1,0,run,0,,,48/4
1149555,2,9,5,Uthirasamy Sasidev,Baskaran Rahul,Kannan Vignesh,2,2,0,run,0,,,50/4
1149555,2,9,6,Uthirasamy Sasidev,Baskaran Rahul,Kannan Vignesh,1,1,0,run,0,,,51/4
1149555,2,9,7,Baskaran Rahul,Uthirasamy Sasidev,Kannan Vignesh,0,0,0,no run,0,,,51/4
1149555,2,10,1,Uthirasamy Sasidev,Baskaran Rahul,Dakshinamoorthy Tamil Kumaran,0,0,0,no run,0,,,51/4
1149555,2,10,2,Uthirasamy Sasidev,Baskaran Rahul,Dakshinamoorthy Tamil Kumaran,6,6,0,six,0,,,57/4
1149555,2,10,3,Uthirasamy Sasidev,Baskaran Rahul,Dakshinamoorthy Tamil Kumaran,1,0,1,wide,0,,,58/4
1149555,2,10,4,Uthirasamy Sasidev,Baskaran Rahul,Dakshinamoorthy Tamil Kumaran,1,1,0,run,0,,,59/4
1149555,2,10,5,Baskaran Rahul,Uthirasamy Sasidev,Dakshinamoorthy Tamil Kumaran,0,0,0,no run,0,,,59/4
1149555,2,10,6,Baskaran Rahul,Uthirasamy Sasidev,Dakshinamoorthy Tamil Kumaran,0,0,0,no run,0,,,59/4
1149555,2,10,7,Baskaran Rahul,Uthirasamy Sasidev,Dakshinamoorthy Tamil Kumaran,1,1,0,run,0,,,60/4
1149555,2,11,1,Baskaran Rahul,Uthirasamy Sasidev,MS Sanjay,4,4,0,four,0,,,64/4
1149555,2,11,2,Baskaran Rahul,Uthirasamy Sasidev,MS Sanjay,1,1,0,run,0,,,65/4
1149555,2,11,3,Uthirasamy Sasidev,Baskaran Rahul,MS Sanjay,6,6,0,six,0,,,71/4
1149555,2,11,4,Uthirasamy Sasidev,Baskaran Rahul,MS Sanjay,1,1,0,run,0,,,72/4
1149555,2,11,5,Baskaran Rahul,Uthirasamy Sasidev,MS Sanjay,2,2,0,run,0,,,74/4
1149555,2,11,6,Baskaran Rahul,Uthirasamy Sasidev,MS Sanjay,1,0,1,wide,0,,,75/4
1149555,2,11,7,Baskaran Rahul,Uthirasamy Sasidev,MS Sanjay,1,1,0,run,0,,,76/4
1149555,2,12,1,Baskaran Rahul,Uthirasamy Sasidev,M Lakshmi Narayanan,4,4,0,four,0,,,80/4
1149555,2,12,2,Baskaran Rahul,Uthirasamy Sasidev,M Lakshmi Narayanan,1,1,0,run,0,,,81/4
1149555,2,12,3,Uthirasamy Sasidev,Baskaran Rahul,M Lakshmi Narayanan,6,6,0,six,0,,,87/4
1149555,2,12,4,Uthirasamy Sasidev,Baskaran Rahul,M Lakshmi Narayanan,1,1,0,run,0,,,88/4
1149555,2,12,5,Baskaran Rahul,Uthirasamy Sasidev,M Lakshmi Narayanan,0,0,0,no run,0,,,88/4
1149555,2,12,6,Baskaran Rahul,Uthirasamy Sasidev,M Lakshmi Narayanan,1,1,0,run,0,,,89/4
1149555,2,13,1,Baskaran Rahul,Uthirasamy Sasidev,Ramsingh Sonu Yadav,0,0,0,no run,0,,,89/4
1149555,2,13,2,Baskaran Rahul,Uthirasamy Sasidev,Ramsingh Sonu Yadav,4,4,0,four,0,,,93/4
1149555,2,13,3,Baskaran Rahul,Uthirasamy Sasidev,Ramsingh Sonu Yadav,1,1,0,run,0,,,94/4
1149555,2,13,4,Uthirasamy Sasidev,Baskaran Rahul,Ramsingh Sonu Yadav,0,0,0,no run,0,,,94/4
1149555,2,13,5,Uthirasamy Sasidev,Baskaran Rahul,Ramsingh Sonu Yadav,1,1,0,run,0,,,95/4
1149555,2,13,6,Baskaran Rahul,Uthirasamy Sasidev,Ramsingh Sonu Yadav,2,2,0,run,0,,,97/4
1149555,2,14,1,Uthirasamy Sasidev,Baskaran Rahul,Selvam Suresh Kumar,1,1,0,run,0,,,98/4
1149555,2,14,2,Baskaran Rahul,Uthirasamy Sasidev,Selvam Suresh Kumar,1,1,0,run,0,,,99/4
1149555,2,14,3,Uthirasamy Sasidev,Baskaran Rahul,Selvam Suresh Kumar,0,0,0,no run,0,,,99/4
1149555,2,14,4,Uthirasamy Sasidev,Baskaran Rahul,Selvam Suresh Kumar,1,1,0,run,0,,,100/4
1149555,2,14,5,Baskaran Rahul,Uthirasamy Sasidev,Selvam Suresh Kumar,0,0,0,no run,0,,,100/4
1149555,2,14,6,Baskaran Rahul,Uthirasamy Sasidev,Selvam Suresh Kumar,1,1,0,run,0,,,101/4
1149555,2,15,1,Baskaran Rahul,Uthirasamy Sasidev,Kannan Vignesh,1,1,0,run,0,,,102/4
1149555,2,15,2,Uthirasamy Sasidev,Baskaran Rahul,Kannan Vignesh,0,0,0,out,1,bowled,Uthirasamy Sasidev,102/5
1149555,2,15,3,Murugan Ashwin,Baskaran Rahul,Kannan Vignesh,1,1,0,run,0,,,103/5
1149555,2,15,4,Baskaran Rahul,Murugan Ashwin,Kannan Vignesh,1,1,0,run,0,,,104/5
1149555,2,15,5,Murugan Ashwin,Baskaran Rahul,Kannan Vignesh,1,0,1,wide,0,,,105/5
1149555,2,15,6,Murugan Ashwin,Baskaran Rahul,Kannan Vignesh,1,1,0,run,0,,,106/5
1149555,2,15,7,Baskaran Rahul,Murugan Ashwin,Kannan Vignesh,4,4,0,four,0,,,110/5
1149555,2,16,1,Murugan Ashwin,Baskaran Rahul,M Lakshmi Narayanan,1,1,0,run,0,,,111/5
1149555,2,16,2,Baskaran Rahul,Murugan Ashwin,M Lakshmi Narayanan,1,1,0,run,0,,,112/5
1149555,2,16,3,Murugan Ashwin,Baskaran Rahul,M Lakshmi Narayanan,1,1,0,run,0,,,113/5
1149555,2,16,4,Baskaran Rahul,Murugan Ashwin,M Lakshmi Narayanan,6,6,0,six,0,,,119/5
1149555,2,16,5,Baskaran Rahul,Murugan Ashwin,M Lakshmi Narayanan,1,1,0,run,0,,,120/5
1149555,2,16,6,Murugan Ashwin,Baskaran Rahul,M Lakshmi Narayanan,1,1,0,run,0,,,121/5
1149555,2,17,1,Murugan Ashwin,Baskaran Rahul,Ramsingh Sonu Yadav,1,1,0,run,0,,,122/5
1149555,2,17,2,Baskaran Rahul,Murugan Ashwin,Ramsingh Sonu Yadav,1,1,0,run,0,,,123/5
1149555,2,17,3,Murugan Ashwin,Baskaran Rahul,Ramsingh Sonu Yadav,1,1,0,run,0,,,124/5
1149555,2,17,4,Baskaran Rahul,Murugan Ashwin,Ramsingh Sonu Yadav,4,4,0,four,0,,,128/5
1149555,2,17,5,Baskaran Rahul,Murugan Ashwin,Ramsingh Sonu Yadav,0,0,0,out,1,caught,Baskaran Rahul,128/6
1149555,2,17,6,Murugan Ashwin,Yamuna Sunny Kumar Singh,Ramsingh Sonu Yadav,1,1,0,run,0,,,129/6
1149555,2,18,1,Murugan Ashwin,Yamuna Sunny Kumar Singh,Chandrasekar Ganapathy,0,0,0,out,1,caught,Murugan Ashwin,129/7
1149555,2,18,2,R Vishaal,Yamuna Sunny Kumar Singh,Chandrasekar Ganapathy,6,6,0,six,0,,,135/7
1149555,2,18,3,R Vishaal,Yamuna Sunny Kumar Singh,Chandrasekar Ganapathy,1,1,0,run,0,,,136/7
1149555,2,18,4,Yamuna Sunny Kumar Singh,R Vishaal,Chandrasekar Ganapathy,0,0,0,out,1,run out,R Vishaal,136/8
1149555,2,18,5,Yamuna Sunny Kumar Singh,0,Chandrasekar Ganapathy,1,1,0,run,0,,,137/8
1149555,2,18,6,Manimaran Siddharth,Yamuna Sunny Kumar Singh,Chandrasekar Ganapathy,0,0,0,no run,0,,,137/8
1149555,2,19,1,Yamuna Sunny Kumar Singh,Manimaran Siddharth,Dakshinamoorthy Tamil Kumaran,2,2,0,run,0,,,139/8
1149555,2,19,2,Yamuna Sunny Kumar Singh,Manimaran Siddharth,Dakshinamoorthy Tamil Kumaran,0,0,0,no run,0,,,139/8
1149555,2,19,3,Yamuna Sunny Kumar Singh,Manimaran Siddharth,Dakshinamoorthy Tamil Kumaran,4,4,0,four,0,,,143/8
1149555,2,19,4,Yamuna Sunny Kumar Singh,Manimaran Siddharth,Dakshinamoorthy Tamil Kumaran,0,0,0,no run,0,,,143/8
1149555,2,19,5,Yamuna Sunny Kumar Singh,Manimaran Siddharth,Dakshinamoorthy Tamil Kumaran,1,1,0,run,0,,,144/8
1149555,2,19,6,Manimaran Siddharth,Yamuna Sunny Kumar Singh,Dakshinamoorthy Tamil Kumaran,0,0,0,no run,0,,,144/8
1149555,2,20,1,Yamuna Sunny Kumar Singh,Manimaran Siddharth,Chandrasekar Ganapathy,2,2,0,run,0,,,146/8
1149555,2,20,2,Yamuna Sunny Kumar Singh,Manimaran Siddharth,Chandrasekar Ganapathy,1,1,0,run,0,,,147/8
1149555,2,20,3,Manimaran Siddharth,Yamuna Sunny Kumar Singh,Chandrasekar Ganapathy,2,2,0,run,0,,,149/8
1149555,2,20,4,Manimaran Siddharth,Yamuna Sunny Kumar Singh,Chandrasekar Ganapathy,0,0,0,out,1,caught,Manimaran Siddharth,149/9
1149555,2,20,5,Ramadoss Alexander,Yamuna Sunny Kumar Singh,Chandrasekar Ganapathy,0,0,0,no run,0,,,149/9
1149555,2,20,6,Ramadoss Alexander,Yamuna Sunny Kumar Singh,Chandrasekar Ganapathy,0,0,0,no run,0,,,149/9
1149556,1,1,1,S Dinesh,0,Raju Aushik Srinivas,0,0,0,no run,0,,,0/0
1149556,1,1,2,S Dinesh,0,Raju Aushik Srinivas,2,2,0,run,0,,,2/0
1149556,1,1,3,S Dinesh,0,Raju Aushik Srinivas,1,1,0,run,0,,,3/0
1149556,1,1,4,Kaushik Mohan Gandhi,S Dinesh,Raju Aushik Srinivas,2,2,0,run,0,,,5/0
1149556,1,1,5,Kaushik Mohan Gandhi,S Dinesh,Raju Aushik Srinivas,1,1,0,run,0,,,6/0
1149556,1,1,6,S Dinesh,Kaushik Mohan Gandhi,Raju Aushik Srinivas,0,0,0,no run,0,,,6/0
1149556,1,2,1,Kaushik Mohan Gandhi,S Dinesh,Sunil Sam,1,0,1,wide,0,,,7/0
1149556,1,2,2,Kaushik Mohan Gandhi,S Dinesh,Sunil Sam,0,0,0,no run,0,,,7/0
1149556,1,2,3,Kaushik Mohan Gandhi,S Dinesh,Sunil Sam,4,4,0,four,0,,,11/0
1149556,1,2,4,Kaushik Mohan Gandhi,S Dinesh,Sunil Sam,1,1,0,run,0,,,12/0
1149556,1,2,5,S Dinesh,Kaushik Mohan Gandhi,Sunil Sam,1,1,0,run,0,,,13/0
1149556,1,2,6,Kaushik Mohan Gandhi,S Dinesh,Sunil Sam,1,1,0,run,0,,,14/0
1149556,1,2,7,S Dinesh,Kaushik Mohan Gandhi,Sunil Sam,4,4,0,four,0,,,18/0
1149556,1,3,1,Kaushik Mohan Gandhi,S Dinesh,Raju Aushik Srinivas,0,0,0,no run,0,,,18/0
1149556,1,3,2,Kaushik Mohan Gandhi,S Dinesh,Raju Aushik Srinivas,0,0,0,no run,0,,,18/0
1149556,1,3,3,Kaushik Mohan Gandhi,S Dinesh,Raju Aushik Srinivas,4,4,0,four,0,,,22/0
1149556,1,3,4,Kaushik Mohan Gandhi,S Dinesh,Raju Aushik Srinivas,0,0,0,no run,0,,,22/0
1149556,1,3,5,Kaushik Mohan Gandhi,S Dinesh,Raju Aushik Srinivas,6,6,0,six,0,,,28/0
1149556,1,3,6,Kaushik Mohan Gandhi,S Dinesh,Raju Aushik Srinivas,0,0,0,no run,0,,,28/0
1149556,1,4,1,S Dinesh,Kaushik Mohan Gandhi,Ragupathy Silambarasan,1,1,0,run,0,,,29/0
1149556,1,4,2,Kaushik Mohan Gandhi,S Dinesh,Ragupathy Silambarasan,1,1,0,run,0,,,30/0
1149556,1,4,3,S Dinesh,Kaushik Mohan Gandhi,Ragupathy Silambarasan,1,1,0,run,0,,,31/0
1149556,1,4,4,Kaushik Mohan Gandhi,S Dinesh,Ragupathy Silambarasan,1,1,0,run,0,,,32/0
1149556,1,4,5,S Dinesh,Kaushik Mohan Gandhi,Ragupathy Silambarasan,4,4,0,four,0,,,36/0
1149556,1,4,6,S Dinesh,Kaushik Mohan Gandhi,Ragupathy Silambarasan,0,0,0,no run,0,,,36/0
1149556,1,5,1,Kaushik Mohan Gandhi,S Dinesh,Sunil Sam,1,1,0,run,0,,,37/0
1149556,1,5,2,S Dinesh,Kaushik Mohan Gandhi,Sunil Sam,1,1,0,run,0,,,38/0
1149556,1,5,3,Kaushik Mohan Gandhi,S Dinesh,Sunil Sam,0,0,0,no run,0,,,38/0
1149556,1,5,4,Kaushik Mohan Gandhi,S Dinesh,Sunil Sam,1,0,1,leg bye,0,,,39/0
1149556,1,5,5,S Dinesh,Kaushik Mohan Gandhi,Sunil Sam,0,0,0,no run,0,,,39/0
1149556,1,5,6,S Dinesh,Kaushik Mohan Gandhi,Sunil Sam,1,0,1,wide,0,,,40/0
1149556,1,5,7,S Dinesh,Kaushik Mohan Gandhi,Sunil Sam,0,0,0,no run,0,,,40/0
1149556,1,6,1,Kaushik Mohan Gandhi,S Dinesh,Ragupathy Silambarasan,6,6,0,six,0,,,46/0
1149556,1,6,2,Kaushik Mohan Gandhi,S Dinesh,Ragupathy Silambarasan,4,4,0,four,0,,,50/0
1149556,1,6,3,Kaushik Mohan Gandhi,S Dinesh,Ragupathy Silambarasan,1,1,0,run,0,,,51/0
1149556,1,6,4,S Dinesh,Kaushik Mohan Gandhi,Ragupathy Silambarasan,1,0,1,wide,0,,,52/0
1149556,1,6,5,S Dinesh,Kaushik Mohan Gandhi,Ragupathy Silambarasan,6,6,0,six,0,,,58/0
1149556,1,6,6,S Dinesh,Kaushik Mohan Gandhi,Ragupathy Silambarasan,1,1,0,run,0,,,59/0
1149556,1,6,7,Kaushik Mohan Gandhi,S Dinesh,Ragupathy Silambarasan,4,4,0,four,0,,,63/0
1149556,1,7,1,S Dinesh,Kaushik Mohan Gandhi,Ramsingh  Sanjay Yadav,0,0,0,out,1,bowled,S Dinesh,63/1
1149556,1,7,2,Subramanian Anand,Kaushik Mohan Gandhi,Ramsingh  Sanjay Yadav,0,0,0,no run,0,,,63/1
1149556,1,7,3,Subramanian Anand,Kaushik Mohan Gandhi,Ramsingh  Sanjay Yadav,0,0,0,no run,0,,,63/1
1149556,1,7,4,Subramanian Anand,Kaushik Mohan Gandhi,Ramsingh  Sanjay Yadav,2,2,0,run,0,,,65/1
1149556,1,7,5,Subramanian Anand,Kaushik Mohan Gandhi,Ramsingh  Sanjay Yadav,1,1,0,run,0,,,66/1
1149556,1,7,6,Kaushik Mohan Gandhi,Subramanian Anand,Ramsingh  Sanjay Yadav,1,1,0,run,0,,,67/1
1149556,1,8,1,Kaushik Mohan Gandhi,Subramanian Anand,V Subramania Siva,0,0,0,no run,0,,,67/1
1149556,1,8,2,Kaushik Mohan Gandhi,Subramanian Anand,V Subramania Siva,0,0,0,no run,0,,,67/1
1149556,1,8,3,Kaushik Mohan Gandhi,Subramanian Anand,V Subramania Siva,1,1,0,run,0,,,68/1
1149556,1,8,4,Subramanian Anand,Kaushik Mohan Gandhi,V Subramania Siva,1,1,0,run,0,,,69/1
1149556,1,8,5,Kaushik Mohan Gandhi,Subramanian Anand,V Subramania Siva,1,1,0,run,0,,,70/1
1149556,1,8,6,Subramanian Anand,Kaushik Mohan Gandhi,V Subramania Siva,4,4,0,four,0,,,74/1
1149556,1,9,1,Kaushik Mohan Gandhi,Subramanian Anand,Ramsingh  Sanjay Yadav,0,0,0,no run,0,,,74/1
1149556,1,9,2,Kaushik Mohan Gandhi,Subramanian Anand,Ramsingh  Sanjay Yadav,0,0,0,no run,0,,,74/1
1149556,1,9,3,Kaushik Mohan Gandhi,Subramanian Anand,Ramsingh  Sanjay Yadav,1,1,0,run,0,,,75/1
1149556,1,9,4,Subramanian Anand,Kaushik Mohan Gandhi,Ramsingh  Sanjay Yadav,6,6,0,six,0,,,81/1
1149556,1,9,5,Subramanian Anand,Kaushik Mohan Gandhi,Ramsingh  Sanjay Yadav,0,0,0,no run,0,,,81/1
1149556,1,9,6,Subramanian Anand,Kaushik Mohan Gandhi,Ramsingh  Sanjay Yadav,1,1,0,run,0,,,82/1
1149556,1,10,1,Subramanian Anand,Kaushik Mohan Gandhi,Baba Aparajith,1,1,0,run,0,,,83/1
1149556,1,10,2,Kaushik Mohan Gandhi,Subramanian Anand,Baba Aparajith,0,0,0,no run,0,,,83/1
1149556,1,10,3,Kaushik Mohan Gandhi,Subramanian Anand,Baba Aparajith,4,4,0,four,0,,,87/1
1149556,1,10,4,Kaushik Mohan Gandhi,Subramanian Anand,Baba Aparajith,1,1,0,run,0,,,88/1
1149556,1,10,5,Subramanian Anand,Kaushik Mohan Gandhi,Baba Aparajith,2,2,0,run,0,,,90/1
1149556,1,10,6,Subramanian Anand,Kaushik Mohan Gandhi,Baba Aparajith,1,1,0,run,0,,,91/1
1149556,1,11,1,Subramanian Anand,Kaushik Mohan Gandhi,Ramsingh  Sanjay Yadav,1,1,0,run,0,,,92/1
1149556,1,11,2,Kaushik Mohan Gandhi,Subramanian Anand,Ramsingh  Sanjay Yadav,0,0,0,no run,0,,,92/1
1149556,1,11,3,Kaushik Mohan Gandhi,Subramanian Anand,Ramsingh  Sanjay Yadav,1,1,0,run,0,,,93/1
1149556,1,11,4,Subramanian Anand,Kaushik Mohan Gandhi,Ramsingh  Sanjay Yadav,1,1,0,run,0,,,94/1
1149556,1,11,5,Kaushik Mohan Gandhi,Subramanian Anand,Ramsingh  Sanjay Yadav,0,0,0,no run,0,,,94/1
1149556,1,11,6,Kaushik Mohan Gandhi,Subramanian Anand,Ramsingh  Sanjay Yadav,1,1,0,run,0,,,95/1
1149556,1,12,1,Kaushik Mohan Gandhi,Subramanian Anand,V Subramania Siva,2,2,0,run,0,,,97/1
1149556,1,12,2,Kaushik Mohan Gandhi,Subramanian Anand,V Subramania Siva,1,1,0,run,0,,,98/1
1149556,1,12,3,Subramanian Anand,Kaushik Mohan Gandhi,V Subramania Siva,1,1,0,run,0,,,99/1
1149556,1,12,4,Kaushik Mohan Gandhi,Subramanian Anand,V Subramania Siva,1,1,0,run,0,,,100/1
1149556,1,12,5,Subramanian Anand,Kaushik Mohan Gandhi,V Subramania Siva,1,1,0,run,0,,,101/1
1149556,1,12,6,Kaushik Mohan Gandhi,Subramanian Anand,V Subramania Siva,1,1,0,run,0,,,102/1
1149556,1,13,1,Kaushik Mohan Gandhi,Subramanian Anand,Raju Aushik Srinivas,1,1,0,run,0,,,103/1
1149556,1,13,2,Subramanian Anand,Kaushik Mohan Gandhi,Raju Aushik Srinivas,1,1,0,run,0,,,104/1
1149556,1,13,3,Kaushik Mohan Gandhi,Subramanian Anand,Raju Aushik Srinivas,1,1,0,run,0,,,105/1
1149556,1,13,4,Subramanian Anand,Kaushik Mohan Gandhi,Raju Aushik Srinivas,0,0,0,no run,0,,,105/1
1149556,1,13,5,Subramanian Anand,Kaushik Mohan Gandhi,Raju Aushik Srinivas,1,1,0,run,0,,,106/1
1149556,1,13,6,Kaushik Mohan Gandhi,Subramanian Anand,Raju Aushik Srinivas,1,1,0,run,0,,,107/1
1149556,1,14,1,Kaushik Mohan Gandhi,Subramanian Anand,V Subramania Siva,1,1,0,run,0,,,108/1
1149556,1,14,2,Subramanian Anand,Kaushik Mohan Gandhi,V Subramania Siva,2,2,0,run,0,,,110/1
1149556,1,14,3,Subramanian Anand,Kaushik Mohan Gandhi,V Subramania Siva,1,1,0,run,0,,,111/1
1149556,1,14,4,Kaushik Mohan Gandhi,Subramanian Anand,V Subramania Siva,1,1,0,run,0,,,112/1
1149556,1,14,5,Subramanian Anand,Kaushik Mohan Gandhi,V Subramania Siva,4,4,0,four,0,,,116/1
1149556,1,14,6,Subramanian Anand,Kaushik Mohan Gandhi,V Subramania Siva,2,2,0,run,0,,,118/1
1149556,1,15,1,Kaushik Mohan Gandhi,Subramanian Anand,Raju Aushik Srinivas,1,1,0,run,0,,,119/1
1149556,1,15,2,Subramanian Anand,Kaushik Mohan Gandhi,Raju Aushik Srinivas,1,1,0,run,0,,,120/1
1149556,1,15,3,Kaushik Mohan Gandhi,Subramanian Anand,Raju Aushik Srinivas,4,4,0,four,0,,,124/1
1149556,1,15,4,Kaushik Mohan Gandhi,Subramanian Anand,Raju Aushik Srinivas,1,1,0,run,0,,,125/1
1149556,1,15,5,Subramanian Anand,Kaushik Mohan Gandhi,Raju Aushik Srinivas,1,1,0,run,0,,,126/1
1149556,1,15,6,Kaushik Mohan Gandhi,Subramanian Anand,Raju Aushik Srinivas,1,1,0,run,0,,,127/1
1149556,1,16,1,Kaushik Mohan Gandhi,Subramanian Anand,Sunil Sam,1,1,0,run,0,,,128/1
1149556,1,16,2,Subramanian Anand,Kaushik Mohan Gandhi,Sunil Sam,1,1,0,run,0,,,129/1
1149556,1,16,3,Kaushik Mohan Gandhi,Subramanian Anand,Sunil Sam,2,2,0,run,0,,,131/1
1149556,1,16,4,Kaushik Mohan Gandhi,Subramanian Anand,Sunil Sam,1,1,0,run,0,,,132/1
1149556,1,16,5,Subramanian Anand,Kaushik Mohan Gandhi,Sunil Sam,0,0,0,out,1,caught,Subramanian Anand,132/2
1149556,1,16,6,Kaushik Mohan Gandhi,Rajagopal Sathish,Sunil Sam,1,1,0,run,0,,,133/2
1149556,1,17,1,Kaushik Mohan Gandhi,Rajagopal Sathish,Ramsingh  Sanjay Yadav,4,4,0,four,0,,,137/2
1149556,1,17,2,Kaushik Mohan Gandhi,Rajagopal Sathish,Ramsingh  Sanjay Yadav,4,4,0,four,0,,,141/2
1149556,1,17,3,Kaushik Mohan Gandhi,Rajagopal Sathish,Ramsingh  Sanjay Yadav,1,1,0,run,0,,,142/2
1149556,1,17,4,Rajagopal Sathish,Kaushik Mohan Gandhi,Ramsingh  Sanjay Yadav,1,1,0,run,0,,,143/2
1149556,1,17,5,Kaushik Mohan Gandhi,Rajagopal Sathish,Ramsingh  Sanjay Yadav,1,1,0,run,0,,,144/2
1149556,1,17,6,Rajagopal Sathish,Kaushik Mohan Gandhi,Ramsingh  Sanjay Yadav,1,1,0,run,0,,,145/2
1149556,1,18,1,Rajagopal Sathish,Kaushik Mohan Gandhi,Ragupathy Silambarasan,1,1,0,run,0,,,146/2
1149556,1,18,2,Kaushik Mohan Gandhi,Rajagopal Sathish,Ragupathy Silambarasan,1,1,0,run,0,,,147/2
1149556,1,18,3,Rajagopal Sathish,Kaushik Mohan Gandhi,Ragupathy Silambarasan,2,2,0,run,0,,,149/2
1149556,1,18,4,Rajagopal Sathish,Kaushik Mohan Gandhi,Ragupathy Silambarasan,4,4,0,four,0,,,153/2
1149556,1,18,5,Rajagopal Sathish,Kaushik Mohan Gandhi,Ragupathy Silambarasan,1,1,0,run,0,,,154/2
1149556,1,18,6,Kaushik Mohan Gandhi,Rajagopal Sathish,Ragupathy Silambarasan,4,4,0,four,0,,,158/2
1149556,1,19,1,Rajagopal Sathish,Kaushik Mohan Gandhi,Sunil Sam,6,6,0,six,0,,,164/2
1149556,1,19,2,Rajagopal Sathish,Kaushik Mohan Gandhi,Sunil Sam,1,1,0,run,0,,,165/2
1149556,1,19,3,Kaushik Mohan Gandhi,Rajagopal Sathish,Sunil Sam,4,4,0,four,0,,,169/2
1149556,1,19,4,Kaushik Mohan Gandhi,Rajagopal Sathish,Sunil Sam,0,0,0,no run,0,,,169/2
1149556,1,19,5,Kaushik Mohan Gandhi,Rajagopal Sathish,Sunil Sam,4,4,0,four,0,,,173/2
1149556,1,19,6,Kaushik Mohan Gandhi,Rajagopal Sathish,Sunil Sam,1,1,0,run,0,,,174/2
1149556,1,20,1,Kaushik Mohan Gandhi,Rajagopal Sathish,Ragupathy Silambarasan,2,2,0,run,0,,,176/2
1149556,1,20,2,Kaushik Mohan Gandhi,Rajagopal Sathish,Ragupathy Silambarasan,1,1,0,run,0,,,177/2
1149556,1,20,3,Rajagopal Sathish,Kaushik Mohan Gandhi,Ragupathy Silambarasan,0,0,0,out,1,caught,Rajagopal Sathish,177/3
1149556,1,20,4,Kaushik Mohan Gandhi,0,Ragupathy Silambarasan,4,4,0,four,0,,,181/3
1149556,1,20,5,Kaushik Mohan Gandhi,0,Ragupathy Silambarasan,6,6,0,six,0,,,187/3
1149556,1,20,6,Kaushik Mohan Gandhi,Akash Sumra,Ragupathy Silambarasan,4,4,0,four,0,,,191/3
1149556,2,1,1,K Vishal Vaidhya,0,M Ganesh Moorthi,0,0,0,no run,0,,,0/0
1149556,2,1,2,K Vishal Vaidhya,0,M Ganesh Moorthi,0,0,0,no run,0,,,0/0
1149556,2,1,3,K Vishal Vaidhya,0,M Ganesh Moorthi,1,1,0,run,0,,,1/0
1149556,2,1,4,S Siddharth,K Vishal Vaidhya,M Ganesh Moorthi,0,0,0,out,1,caught,S Siddharth,1/1
1149556,2,1,5,Baba Aparajith,K Vishal Vaidhya,M Ganesh Moorthi,1,1,0,run,0,,,2/1
1149556,2,1,6,K Vishal Vaidhya,Baba Aparajith,M Ganesh Moorthi,1,1,0,run,0,,,3/1
1149556,2,2,1,K Vishal Vaidhya,Baba Aparajith,Rajagopal Sathish,1,1,0,run,0,,,4/1
1149556,2,2,2,Baba Aparajith,K Vishal Vaidhya,Rajagopal Sathish,0,0,0,no run,0,,,4/1
1149556,2,2,3,Baba Aparajith,K Vishal Vaidhya,Rajagopal Sathish,6,6,0,six,0,,,10/1
1149556,2,2,4,Baba Aparajith,K Vishal Vaidhya,Rajagopal Sathish,1,1,0,run,0,,,11/1
1149556,2,2,5,K Vishal Vaidhya,Baba Aparajith,Rajagopal Sathish,2,2,0,run,0,,,13/1
1149556,2,2,6,K Vishal Vaidhya,Baba Aparajith,Rajagopal Sathish,0,0,0,no run,0,,,13/1
1149556,2,3,1,Baba Aparajith,K Vishal Vaidhya,M Ganesh Moorthi,0,0,0,no run,0,,,13/1
1149556,2,3,2,Baba Aparajith,K Vishal Vaidhya,M Ganesh Moorthi,0,0,0,no run,0,,,13/1
1149556,2,3,3,Baba Aparajith,K Vishal Vaidhya,M Ganesh Moorthi,0,0,0,no run,0,,,13/1
1149556,2,3,4,Baba Aparajith,K Vishal Vaidhya,M Ganesh Moorthi,4,4,0,four,0,,,17/1
1149556,2,3,5,Baba Aparajith,K Vishal Vaidhya,M Ganesh Moorthi,1,1,0,run,0,,,18/1
1149556,2,3,6,K Vishal Vaidhya,Baba Aparajith,M Ganesh Moorthi,1,1,0,run,0,,,19/1
1149556,2,4,1,K Vishal Vaidhya,Baba Aparajith,Ravisrinivasan Sai Kishore,0,0,0,no run,0,,,19/1
1149556,2,4,2,K Vishal Vaidhya,Baba Aparajith,Ravisrinivasan Sai Kishore,2,0,2,bye,0,,,21/1
1149556,2,4,3,K Vishal Vaidhya,Baba Aparajith,Ravisrinivasan Sai Kishore,4,4,0,four,0,,,25/1
1149556,2,4,4,K Vishal Vaidhya,Baba Aparajith,Ravisrinivasan Sai Kishore,1,1,0,run,0,,,26/1
1149556,2,4,5,Baba Aparajith,K Vishal Vaidhya,Ravisrinivasan Sai Kishore,1,1,0,run,0,,,27/1
1149556,2,4,6,K Vishal Vaidhya,Baba Aparajith,Ravisrinivasan Sai Kishore,2,2,0,run,0,,,29/1
1149556,2,5,1,Baba Aparajith,K Vishal Vaidhya,M Ganesh Moorthi,1,1,0,run,0,,,30/1
1149556,2,5,2,K Vishal Vaidhya,Baba Aparajith,M Ganesh Moorthi,1,1,0,run,0,,,31/1
1149556,2,5,3,Baba Aparajith,K Vishal Vaidhya,M Ganesh Moorthi,4,4,0,four,0,,,35/1
1149556,2,5,4,Baba Aparajith,K Vishal Vaidhya,M Ganesh Moorthi,1,1,0,run,0,,,36/1
1149556,2,5,5,K Vishal Vaidhya,Baba Aparajith,M Ganesh Moorthi,0,0,0,no run,0,,,36/1
1149556,2,5,6,K Vishal Vaidhya,Baba Aparajith,M Ganesh Moorthi,1,1,0,run,0,,,37/1
1149556,2,6,1,K Vishal Vaidhya,Baba Aparajith,V Athisayaraj Davidson,0,0,0,no run,0,,,37/1
1149556,2,6,2,K Vishal Vaidhya,Baba Aparajith,V Athisayaraj Davidson,6,6,0,six,0,,,43/1
1149556,2,6,3,K Vishal Vaidhya,Baba Aparajith,V Athisayaraj Davidson,4,4,0,four,0,,,47/1
1149556,2,6,4,K Vishal Vaidhya,Baba Aparajith,V Athisayaraj Davidson,4,4,0,four,0,,,51/1
1149556,2,6,5,K Vishal Vaidhya,Baba Aparajith,V Athisayaraj Davidson,0,0,0,no run,0,,,51/1
1149556,2,6,6,K Vishal Vaidhya,Baba Aparajith,V Athisayaraj Davidson,1,1,0,run,0,,,52/1
1149556,2,7,1,K Vishal Vaidhya,Baba Aparajith,M Ganesh Moorthi,1,1,0,run,0,,,53/1
1149556,2,7,2,Baba Aparajith,K Vishal Vaidhya,M Ganesh Moorthi,1,1,0,run,0,,,54/1
1149556,2,7,3,K Vishal Vaidhya,Baba Aparajith,M Ganesh Moorthi,0,0,0,no run,0,,,54/1
1149556,2,7,4,K Vishal Vaidhya,Baba Aparajith,M Ganesh Moorthi,1,1,0,run,0,,,55/1
1149556,2,7,5,Baba Aparajith,K Vishal Vaidhya,M Ganesh Moorthi,1,1,0,run,0,,,56/1
1149556,2,7,6,K Vishal Vaidhya,Baba Aparajith,M Ganesh Moorthi,1,1,0,run,0,,,57/1
1149556,2,8,1,K Vishal Vaidhya,Baba Aparajith,Malolan Rangarajan,0,0,0,no run,0,,,57/1
1149556,2,8,2,K Vishal Vaidhya,Baba Aparajith,Malolan Rangarajan,0,0,0,out,1,caught,K Vishal Vaidhya,57/2
1149556,2,8,3,Baba Aparajith,0,Malolan Rangarajan,1,1,0,run,0,,,58/2
1149556,2,8,4,U Mukilesh,Baba Aparajith,Malolan Rangarajan,1,0,1,leg bye,0,,,59/2
1149556,2,8,5,Baba Aparajith,U Mukilesh,Malolan Rangarajan,0,0,0,no run,0,,,59/2
1149556,2,8,6,Baba Aparajith,U Mukilesh,Malolan Rangarajan,0,0,0,no run,0,,,59/2
1149556,2,9,1,U Mukilesh,Baba Aparajith,Ravisrinivasan Sai Kishore,0,0,0,no run,0,,,59/2
1149556,2,9,2,U Mukilesh,Baba Aparajith,Ravisrinivasan Sai Kishore,1,1,0,run,0,,,60/2
1149556,2,9,3,Baba Aparajith,U Mukilesh,Ravisrinivasan Sai Kishore,0,0,0,no run,0,,,60/2
1149556,2,9,4,Baba Aparajith,U Mukilesh,Ravisrinivasan Sai Kishore,1,1,0,run,0,,,61/2
1149556,2,9,5,U Mukilesh,Baba Aparajith,Ravisrinivasan Sai Kishore,1,1,0,run,0,,,62/2
1149556,2,9,6,Baba Aparajith,U Mukilesh,Ravisrinivasan Sai Kishore,0,0,0,no run,0,,,62/2
1149556,2,10,1,U Mukilesh,Baba Aparajith,Malolan Rangarajan,0,0,0,no run,0,,,62/2
1149556,2,10,2,U Mukilesh,Baba Aparajith,Malolan Rangarajan,0,0,0,out,1,leg before wicket,U Mukilesh,62/3
1149556,2,10,3,V Subramania Siva,Baba Aparajith,Malolan Rangarajan,0,0,0,no run,0,,,62/3
1149556,2,10,4,V Subramania Siva,Baba Aparajith,Malolan Rangarajan,4,4,0,four,0,,,66/3
1149556,2,10,5,V Subramania Siva,Baba Aparajith,Malolan Rangarajan,0,0,0,no run,0,,,66/3
1149556,2,10,6,V Subramania Siva,Baba Aparajith,Malolan Rangarajan,0,0,0,no run,0,,,66/3
1149556,2,11,1,Baba Aparajith,V Subramania Siva,Ravisrinivasan Sai Kishore,1,1,0,run,0,,,67/3
1149556,2,11,2,V Subramania Siva,Baba Aparajith,Ravisrinivasan Sai Kishore,1,1,0,run,0,,,68/3
1149556,2,11,3,Baba Aparajith,V Subramania Siva,Ravisrinivasan Sai Kishore,1,1,0,run,0,,,69/3
1149556,2,11,4,V Subramania Siva,Baba Aparajith,Ravisrinivasan Sai Kishore,0,0,0,no run,0,,,69/3
1149556,2,11,5,V Subramania Siva,Baba Aparajith,Ravisrinivasan Sai Kishore,1,1,0,run,0,,,70/3
1149556,2,11,6,Baba Aparajith,V Subramania Siva,Ravisrinivasan Sai Kishore,1,1,0,run,0,,,71/3
1149556,2,12,1,Baba Aparajith,V Subramania Siva,Malolan Rangarajan,1,1,0,run,0,,,72/3
1149556,2,12,2,V Subramania Siva,Baba Aparajith,Malolan Rangarajan,1,1,0,run,0,,,73/3
1149556,2,12,3,Baba Aparajith,V Subramania Siva,Malolan Rangarajan,0,0,0,no run,0,,,73/3
1149556,2,12,4,Baba Aparajith,V Subramania Siva,Malolan Rangarajan,1,1,0,run,0,,,74/3
1149556,2,12,5,V Subramania Siva,Baba Aparajith,Malolan Rangarajan,1,1,0,run,0,,,75/3
1149556,2,12,6,Baba Aparajith,V Subramania Siva,Malolan Rangarajan,0,0,0,no run,0,,,75/3
1149556,2,13,1,V Subramania Siva,Baba Aparajith,V Athisayaraj Davidson,0,0,0,no run,0,,,75/3
1149556,2,13,2,V Subramania Siva,Baba Aparajith,V Athisayaraj Davidson,1,0,1,wide,0,,,76/3
1149556,2,13,3,V Subramania Siva,Baba Aparajith,V Athisayaraj Davidson,1,1,0,run,0,,,77/3
1149556,2,13,4,Baba Aparajith,V Subramania Siva,V Athisayaraj Davidson,0,0,0,no run,0,,,77/3
1149556,2,13,5,Baba Aparajith,V Subramania Siva,V Athisayaraj Davidson,0,0,0,out,1,caught,Baba Aparajith,77/4
1149556,2,13,6,Suresh Lokeshwar,V Subramania Siva,V Athisayaraj Davidson,0,0,0,no run,0,,,77/4
1149556,2,13,7,Suresh Lokeshwar,V Subramania Siva,V Athisayaraj Davidson,1,1,0,run,0,,,78/4
1149556,2,14,1,Suresh Lokeshwar,V Subramania Siva,Malolan Rangarajan,0,0,0,no run,0,,,78/4
1149556,2,14,2,Suresh Lokeshwar,V Subramania Siva,Malolan Rangarajan,1,1,0,run,0,,,79/4
1149556,2,14,3,V Subramania Siva,Suresh Lokeshwar,Malolan Rangarajan,6,6,0,six,0,,,85/4
1149556,2,14,4,V Subramania Siva,Suresh Lokeshwar,Malolan Rangarajan,1,0,1,wide,0,,,86/4
1149556,2,14,5,V Subramania Siva,Suresh Lokeshwar,Malolan Rangarajan,6,6,0,six,0,,,92/4
1149556,2,14,6,V Subramania Siva,Suresh Lokeshwar,Malolan Rangarajan,4,4,0,four,0,,,96/4
1149556,2,14,7,V Subramania Siva,Suresh Lokeshwar,Malolan Rangarajan,4,4,0,four,0,,,100/4
1149556,2,15,1,Suresh Lokeshwar,V Subramania Siva,V Athisayaraj Davidson,1,1,0,run,0,,,101/4
1149556,2,15,2,V Subramania Siva,Suresh Lokeshwar,V Athisayaraj Davidson,1,0,1,wide,0,,,102/4
1149556,2,15,3,V Subramania Siva,Suresh Lokeshwar,V Athisayaraj Davidson,0,0,0,no run,0,,,102/4
1149556,2,15,4,V Subramania Siva,Suresh Lokeshwar,V Athisayaraj Davidson,4,4,0,four,0,,,106/4
1149556,2,15,5,V Subramania Siva,Suresh Lokeshwar,V Athisayaraj Davidson,0,0,0,out,1,bowled,V Subramania Siva,106/5
1149556,2,15,6,Ramsingh  Sanjay Yadav,Suresh Lokeshwar,V Athisayaraj Davidson,0,0,0,no run,0,,,106/5
1149556,2,15,7,Ramsingh  Sanjay Yadav,Suresh Lokeshwar,V Athisayaraj Davidson,0,0,0,no run,0,,,106/5
1149556,2,16,1,Suresh Lokeshwar,Ramsingh  Sanjay Yadav,Akash Sumra,0,0,0,out,1,caught,Suresh Lokeshwar,106/6
1149556,2,16,2,S Arun,Ramsingh  Sanjay Yadav,Akash Sumra,1,1,0,run,0,,,107/6
1149556,2,16,3,Ramsingh  Sanjay Yadav,S Arun,Akash Sumra,1,1,0,run,0,,,108/6
1149556,2,16,4,S Arun,Ramsingh  Sanjay Yadav,Akash Sumra,0,0,0,no run,0,,,108/6
1149556,2,16,5,S Arun,Ramsingh  Sanjay Yadav,Akash Sumra,1,1,0,run,0,,,109/6
1149556,2,16,6,Ramsingh  Sanjay Yadav,S Arun,Akash Sumra,2,1,1,run,0,,,111/6
1149556,2,16,7,S Arun,Ramsingh  Sanjay Yadav,Akash Sumra,1,1,0,run,0,,,112/6
1149556,2,17,1,S Arun,Ramsingh  Sanjay Yadav,V Athisayaraj Davidson,1,1,0,run,0,,,113/6
1149556,2,17,2,Ramsingh  Sanjay Yadav,S Arun,V Athisayaraj Davidson,1,0,1,wide,0,,,114/6
1149556,2,17,3,Ramsingh  Sanjay Yadav,S Arun,V Athisayaraj Davidson,0,0,0,out,1,run out,S Arun,114/7
1149556,2,17,4,Ramsingh  Sanjay Yadav,0,V Athisayaraj Davidson,1,1,0,run,0,,,115/7
1149556,2,17,5,Sunil Sam,Ramsingh  Sanjay Yadav,V Athisayaraj Davidson,1,1,0,run,0,,,116/7
1149556,2,17,6,Ramsingh  Sanjay Yadav,Sunil Sam,V Athisayaraj Davidson,4,4,0,four,0,,,120/7
1149556,2,17,7,Ramsingh  Sanjay Yadav,Sunil Sam,V Athisayaraj Davidson,0,0,0,no run,0,,,120/7
1149556,2,18,1,Sunil Sam,Ramsingh  Sanjay Yadav,Akash Sumra,1,1,0,run,0,,,121/7
1149556,2,18,2,Ramsingh  Sanjay Yadav,Sunil Sam,Akash Sumra,1,0,1,wide,0,,,122/7
1149556,2,18,3,Ramsingh  Sanjay Yadav,Sunil Sam,Akash Sumra,4,4,0,four,0,,,126/7
1149556,2,18,4,Ramsingh  Sanjay Yadav,Sunil Sam,Akash Sumra,0,0,0,no run,0,,,126/7
1149556,2,18,5,Ramsingh  Sanjay Yadav,Sunil Sam,Akash Sumra,0,0,0,no run,0,,,126/7
1149556,2,18,6,Ramsingh  Sanjay Yadav,Sunil Sam,Akash Sumra,0,0,0,out,1,caught,Ramsingh  Sanjay Yadav,126/8
1149556,2,18,7,Sunil Sam,Raju Aushik Srinivas,Akash Sumra,4,4,0,four,0,,,130/8
1149556,2,19,1,Raju Aushik Srinivas,Sunil Sam,Ravisrinivasan Sai Kishore,1,1,0,run,0,,,131/8
1149556,2,19,2,Sunil Sam,Raju Aushik Srinivas,Ravisrinivasan Sai Kishore,4,4,0,four,0,,,135/8
1149556,2,19,3,Sunil Sam,Raju Aushik Srinivas,Ravisrinivasan Sai Kishore,0,0,0,out,1,bowled,Sunil Sam,135/9
1149556,2,19,4,Ragupathy Silambarasan,Raju Aushik Srinivas,Ravisrinivasan Sai Kishore,0,0,0,no run,0,,,135/9
1149556,2,19,5,Ragupathy Silambarasan,Raju Aushik Srinivas,Ravisrinivasan Sai Kishore,0,0,0,no run,0,,,135/9
1149556,2,19,6,Ragupathy Silambarasan,Raju Aushik Srinivas,Ravisrinivasan Sai Kishore,0,0,0,no run,0,,,135/9
1149556,2,20,1,Raju Aushik Srinivas,Ragupathy Silambarasan,Akash Sumra,1,1,0,run,0,,,136/9
1149556,2,20,2,Ragupathy Silambarasan,Raju Aushik Srinivas,Akash Sumra,1,1,0,run,0,,,137/9
1149556,2,20,3,Raju Aushik Srinivas,Ragupathy Silambarasan,Akash Sumra,1,1,0,run,0,,,138/9
1149556,2,20,4,Ragupathy Silambarasan,Raju Aushik Srinivas,Akash Sumra,4,4,0,four,0,,,142/9
1149556,2,20,5,Ragupathy Silambarasan,Raju Aushik Srinivas,Akash Sumra,0,0,0,no run,0,,,142/9
1149556,2,20,6,Ragupathy Silambarasan,Raju Aushik Srinivas,Akash Sumra,1,0,1,leg bye,0,,,143/9
1149557,1,1,1,Srikkanth Anirudha,0,Krishnamoorthy Vignesh,0,0,0,no run,0,,,0/0
1149557,1,1,2,Srikkanth Anirudha,0,Krishnamoorthy Vignesh,1,1,0,run,0,,,1/0
1149557,1,1,3,0,Srikkanth Anirudha,Krishnamoorthy Vignesh,0,0,0,no run,0,,,1/0
1149557,1,1,4,0,Srikkanth Anirudha,Krishnamoorthy Vignesh,0,0,0,no run,0,,,1/0
1149557,1,1,5,0,Srikkanth Anirudha,Krishnamoorthy Vignesh,0,0,0,no run,0,,,1/0
1149557,1,1,6,0,Srikkanth Anirudha,Krishnamoorthy Vignesh,1,0,1,leg bye,0,,,2/0
1149557,1,2,1,0,Srikkanth Anirudha,Thangarasu Natarajan,0,0,0,no run,0,,,2/0
1149557,1,2,2,0,Srikkanth Anirudha,Thangarasu Natarajan,1,1,0,run,0,,,3/0
1149557,1,2,3,Srikkanth Anirudha,0,Thangarasu Natarajan,1,1,0,run,0,,,4/0
1149557,1,2,4,0,Srikkanth Anirudha,Thangarasu Natarajan,1,1,0,run,0,,,5/0
1149557,1,2,5,Srikkanth Anirudha,0,Thangarasu Natarajan,0,0,0,no run,0,,,5/0
1149557,1,2,6,Srikkanth Anirudha,0,Thangarasu Natarajan,0,0,0,no run,0,,,5/0
1149557,1,3,1,0,Srikkanth Anirudha,Krishnamoorthy Vignesh,4,4,0,four,0,,,9/0
1149557,1,3,2,0,Srikkanth Anirudha,Krishnamoorthy Vignesh,4,4,0,four,0,,,13/0
1149557,1,3,3,0,Srikkanth Anirudha,Krishnamoorthy Vignesh,0,0,0,no run,0,,,13/0
1149557,1,3,4,0,Srikkanth Anirudha,Krishnamoorthy Vignesh,4,4,0,four,0,,,17/0
1149557,1,3,5,0,Srikkanth Anirudha,Krishnamoorthy Vignesh,0,0,0,no run,0,,,17/0
1149557,1,3,6,0,Srikkanth Anirudha,Krishnamoorthy Vignesh,1,1,0,run,0,,,18/0
1149557,1,4,1,0,Srikkanth Anirudha,M Suresh Babu,4,4,0,four,0,,,22/0
1149557,1,4,2,0,Srikkanth Anirudha,M Suresh Babu,1,1,0,run,0,,,23/0
1149557,1,4,3,Srikkanth Anirudha,0,M Suresh Babu,0,0,0,no run,0,,,23/0
1149557,1,4,4,Srikkanth Anirudha,0,M Suresh Babu,1,1,0,run,0,,,24/0
1149557,1,4,5,0,Srikkanth Anirudha,M Suresh Babu,0,0,0,no run,0,,,24/0
1149557,1,4,6,0,Srikkanth Anirudha,M Suresh Babu,4,4,0,four,0,,,28/0
1149557,1,5,1,Srikkanth Anirudha,0,Thangarasu Natarajan,1,1,0,run,0,,,29/0
1149557,1,5,2,0,Srikkanth Anirudha,Thangarasu Natarajan,1,1,0,run,0,,,30/0
1149557,1,5,3,Srikkanth Anirudha,0,Thangarasu Natarajan,0,0,0,no run,0,,,30/0
1149557,1,5,4,Srikkanth Anirudha,0,Thangarasu Natarajan,1,1,0,run,0,,,31/0
1149557,1,5,5,0,Srikkanth Anirudha,Thangarasu Natarajan,1,1,0,run,0,,,32/0
1149557,1,5,6,Srikkanth Anirudha,0,Thangarasu Natarajan,1,1,0,run,0,,,33/0
1149557,1,6,1,Srikkanth Anirudha,0,Wenseslaus Antony Dhas,6,6,0,six,0,,,39/0
1149557,1,6,2,Srikkanth Anirudha,0,Wenseslaus Antony Dhas,6,6,0,six,0,,,45/0
1149557,1,6,3,Srikkanth Anirudha,0,Wenseslaus Antony Dhas,1,1,0,run,0,,,46/0
1149557,1,6,4,0,Srikkanth Anirudha,Wenseslaus Antony Dhas,0,0,0,no run,0,,,46/0
1149557,1,6,5,0,Srikkanth Anirudha,Wenseslaus Antony Dhas,1,1,0,run,0,,,47/0
1149557,1,6,6,Srikkanth Anirudha,0,Wenseslaus Antony Dhas,1,1,0,run,0,,,48/0
1149557,1,7,1,Srikkanth Anirudha,0,Masood Shahrukh Khan,1,1,0,run,0,,,49/0
1149557,1,7,2,0,Srikkanth Anirudha,Masood Shahrukh Khan,0,0,0,no run,0,,,49/0
1149557,1,7,3,0,Srikkanth Anirudha,Masood Shahrukh Khan,2,2,0,run,0,,,51/0
1149557,1,7,4,0,Srikkanth Anirudha,Masood Shahrukh Khan,1,1,0,run,0,,,52/0
1149557,1,7,5,Srikkanth Anirudha,0,Masood Shahrukh Khan,1,1,0,run,0,,,53/0
1149557,1,7,6,0,Srikkanth Anirudha,Masood Shahrukh Khan,0,0,0,no run,0,,,53/0
1149557,1,8,1,Srikkanth Anirudha,0,M Suresh Babu,1,1,0,run,0,,,54/0
1149557,1,8,2,0,Srikkanth Anirudha,M Suresh Babu,6,6,0,six,0,,,60/0
1149557,1,8,3,0,Srikkanth Anirudha,M Suresh Babu,0,0,0,no run,0,,,60/0
1149557,1,8,4,0,Srikkanth Anirudha,M Suresh Babu,0,0,0,out,1,,,60/1
1149557,1,8,5,Maan K Bafna,Srikkanth Anirudha,M Suresh Babu,1,1,0,run,0,,,61/1
1149557,1,8,6,Srikkanth Anirudha,Maan K Bafna,M Suresh Babu,1,1,0,run,0,,,62/1
1149557,1,9,1,Srikkanth Anirudha,Maan K Bafna,Masood Shahrukh Khan,1,1,0,run,0,,,63/1
1149557,1,9,2,Maan K Bafna,Srikkanth Anirudha,Masood Shahrukh Khan,1,1,0,run,0,,,64/1
1149557,1,9,3,Srikkanth Anirudha,Maan K Bafna,Masood Shahrukh Khan,1,1,0,run,0,,,65/1
1149557,1,9,4,Maan K Bafna,Srikkanth Anirudha,Masood Shahrukh Khan,0,0,0,no run,0,,,65/1
1149557,1,9,5,Maan K Bafna,Srikkanth Anirudha,Masood Shahrukh Khan,6,6,0,six,0,,,71/1
1149557,1,9,6,Maan K Bafna,Srikkanth Anirudha,Masood Shahrukh Khan,1,1,0,run,0,,,72/1
1149557,1,10,1,Maan K Bafna,Srikkanth Anirudha,M Suresh Babu,1,1,0,run,0,,,73/1
1149557,1,10,2,Srikkanth Anirudha,Maan K Bafna,M Suresh Babu,1,0,1,leg bye,0,,,74/1
1149557,1,10,3,Maan K Bafna,Srikkanth Anirudha,M Suresh Babu,1,0,1,leg bye,0,,,75/1
1149557,1,10,4,Srikkanth Anirudha,Maan K Bafna,M Suresh Babu,0,0,0,no run,0,,,75/1
1149557,1,10,5,Srikkanth Anirudha,Maan K Bafna,M Suresh Babu,1,1,0,run,0,,,76/1
1149557,1,10,6,Maan K Bafna,Srikkanth Anirudha,M Suresh Babu,1,1,0,run,0,,,77/1
1149557,1,11,1,Maan K Bafna,Srikkanth Anirudha,Wenseslaus Antony Dhas,1,1,0,run,0,,,78/1
1149557,1,11,2,Srikkanth Anirudha,Maan K Bafna,Wenseslaus Antony Dhas,1,0,1,leg bye,0,,,79/1
1149557,1,11,3,Maan K Bafna,Srikkanth Anirudha,Wenseslaus Antony Dhas,6,6,0,six,0,,,85/1
1149557,1,11,4,Maan K Bafna,Srikkanth Anirudha,Wenseslaus Antony Dhas,1,1,0,run,0,,,86/1
1149557,1,11,5,Srikkanth Anirudha,Maan K Bafna,Wenseslaus Antony Dhas,0,0,0,out,1,leg before wicket,Srikkanth Anirudha,86/2
1149557,1,11,6,R Kavin,Maan K Bafna,Wenseslaus Antony Dhas,0,0,0,no run,0,,,86/2
1149557,1,12,1,Maan K Bafna,R Kavin,M Prasanth Rajesh,1,1,0,run,0,,,87/2
1149557,1,12,2,R Kavin,Maan K Bafna,M Prasanth Rajesh,1,1,0,run,0,,,88/2
1149557,1,12,3,Maan K Bafna,R Kavin,M Prasanth Rajesh,1,1,0,run,0,,,89/2
1149557,1,12,4,R Kavin,Maan K Bafna,M Prasanth Rajesh,1,1,0,run,0,,,90/2
1149557,1,12,5,Maan K Bafna,R Kavin,M Prasanth Rajesh,1,1,0,run,0,,,91/2
1149557,1,12,6,R Kavin,Maan K Bafna,M Prasanth Rajesh,0,0,0,out,1,bowled,R Kavin,91/3
1149557,1,13,1,Maan K Bafna,0,Wenseslaus Antony Dhas,1,1,0,run,0,,,92/3
1149557,1,13,2,Rajhamany Srinivasan,Maan K Bafna,Wenseslaus Antony Dhas,1,1,0,run,0,,,93/3
1149557,1,13,3,Maan K Bafna,Rajhamany Srinivasan,Wenseslaus Antony Dhas,1,1,0,run,0,,,94/3
1149557,1,13,4,Rajhamany Srinivasan,Maan K Bafna,Wenseslaus Antony Dhas,1,1,0,run,0,,,95/3
1149557,1,13,5,Maan K Bafna,Rajhamany Srinivasan,Wenseslaus Antony Dhas,4,4,0,four,0,,,99/3
1149557,1,13,6,Maan K Bafna,Rajhamany Srinivasan,Wenseslaus Antony Dhas,6,6,0,six,0,,,105/3
1149557,1,14,1,Rajhamany Srinivasan,Maan K Bafna,M Prasanth Rajesh,1,1,0,run,0,,,106/3
1149557,1,14,2,Maan K Bafna,Rajhamany Srinivasan,M Prasanth Rajesh,4,4,0,four,0,,,110/3
1149557,1,14,3,Maan K Bafna,Rajhamany Srinivasan,M Prasanth Rajesh,0,0,0,no run,0,,,110/3
1149557,1,14,4,Maan K Bafna,Rajhamany Srinivasan,M Prasanth Rajesh,6,6,0,six,0,,,116/3
1149557,1,14,5,Maan K Bafna,Rajhamany Srinivasan,M Prasanth Rajesh,0,0,0,out,1,caught,Maan K Bafna,116/4
1149557,1,14,6,Rajhamany Srinivasan,M Shajahan,M Prasanth Rajesh,0,0,0,no run,0,,,116/4
1149557,1,15,1,M Shajahan,Rajhamany Srinivasan,Masood Shahrukh Khan,1,1,0,run,0,,,117/4
1149557,1,15,2,Rajhamany Srinivasan,M Shajahan,Masood Shahrukh Khan,2,2,0,run,0,,,119/4
1149557,1,15,3,Rajhamany Srinivasan,M Shajahan,Masood Shahrukh Khan,1,1,0,run,0,,,120/4
1149557,1,15,4,M Shajahan,Rajhamany Srinivasan,Masood Shahrukh Khan,0,0,0,no run,0,,,120/4
1149557,1,15,5,M Shajahan,Rajhamany Srinivasan,Masood Shahrukh Khan,1,0,1,wide,0,,,121/4
1149557,1,15,6,M Shajahan,Rajhamany Srinivasan,Masood Shahrukh Khan,1,1,0,run,0,,,122/4
1149557,1,15,7,Rajhamany Srinivasan,M Shajahan,Masood Shahrukh Khan,1,1,0,run,0,,,123/4
1149557,1,16,1,Rajhamany Srinivasan,M Shajahan,M Prasanth Rajesh,1,1,0,run,0,,,124/4
1149557,1,16,2,M Shajahan,Rajhamany Srinivasan,M Prasanth Rajesh,0,0,0,no run,0,,,124/4
1149557,1,16,3,M Shajahan,Rajhamany Srinivasan,M Prasanth Rajesh,1,1,0,run,0,,,125/4
1149557,1,16,4,Rajhamany Srinivasan,M Shajahan,M Prasanth Rajesh,4,4,0,four,0,,,129/4
1149557,1,16,5,Rajhamany Srinivasan,M Shajahan,M Prasanth Rajesh,0,0,0,out,1,caught,Rajhamany Srinivasan,129/5
1149557,1,16,6,M Shajahan,Laxmesha Suryaprakash,M Prasanth Rajesh,0,0,0,no run,0,,,129/5
1149557,1,17,1,Laxmesha Suryaprakash,M Shajahan,Krishnamoorthy Vignesh,1,1,0,run,0,,,130/5
1149557,1,17,2,M Shajahan,Laxmesha Suryaprakash,Krishnamoorthy Vignesh,1,1,0,run,0,,,131/5
1149557,1,17,3,Laxmesha Suryaprakash,M Shajahan,Krishnamoorthy Vignesh,1,1,0,run,0,,,132/5
1149557,1,17,4,M Shajahan,Laxmesha Suryaprakash,Krishnamoorthy Vignesh,1,1,0,run,0,,,133/5
1149557,1,17,5,Laxmesha Suryaprakash,M Shajahan,Krishnamoorthy Vignesh,4,4,0,four,0,,,137/5
1149557,1,17,6,Laxmesha Suryaprakash,M Shajahan,Krishnamoorthy Vignesh,1,0,1,bye,0,,,138/5
1149557,1,18,1,Laxmesha Suryaprakash,M Shajahan,Thangarasu Natarajan,1,1,0,run,0,,,139/5
1149557,1,18,2,M Shajahan,Laxmesha Suryaprakash,Thangarasu Natarajan,1,1,0,run,0,,,140/5
1149557,1,18,3,Laxmesha Suryaprakash,M Shajahan,Thangarasu Natarajan,1,1,0,run,0,,,141/5
1149557,1,18,4,M Shajahan,Laxmesha Suryaprakash,Thangarasu Natarajan,2,0,2,leg bye,0,,,143/5
1149557,1,18,5,M Shajahan,Laxmesha Suryaprakash,Thangarasu Natarajan,1,1,0,run,0,,,144/5
1149557,1,18,6,Laxmesha Suryaprakash,M Shajahan,Thangarasu Natarajan,0,0,0,no run,0,,,144/5
1149557,1,19,1,M Shajahan,Laxmesha Suryaprakash,Wenseslaus Antony Dhas,1,1,0,run,0,,,145/5
1149557,1,19,2,Laxmesha Suryaprakash,M Shajahan,Wenseslaus Antony Dhas,0,0,0,out,1,caught,Laxmesha Suryaprakash,145/6
1149557,1,19,3,M Shajahan,0,Wenseslaus Antony Dhas,6,6,0,six,0,,,151/6
1149557,1,19,4,M Shajahan,0,Wenseslaus Antony Dhas,0,0,0,no run,0,,,151/6
1149557,1,19,5,M Shajahan,0,Wenseslaus Antony Dhas,2,2,0,run,0,,,153/6
1149557,1,19,6,M Shajahan,Vijaykumar Yo Mahesh,Wenseslaus Antony Dhas,1,1,0,run,0,,,154/6
1149557,1,20,1,M Shajahan,Vijaykumar Yo Mahesh,Thangarasu Natarajan,2,2,0,run,0,,,156/6
1149557,1,20,2,M Shajahan,Vijaykumar Yo Mahesh,Thangarasu Natarajan,1,1,0,run,0,,,157/6
1149557,1,20,3,Vijaykumar Yo Mahesh,M Shajahan,Thangarasu Natarajan,1,1,0,run,0,,,158/6
1149557,1,20,4,M Shajahan,Vijaykumar Yo Mahesh,Thangarasu Natarajan,0,0,0,out,1,run out,M Shajahan,158/7
1149557,1,20,5,Vijaykumar Yo Mahesh,0,Thangarasu Natarajan,2,0,2,wide,0,,,160/7
1149557,1,20,6,R Rajkumar,Vijaykumar Yo Mahesh,Thangarasu Natarajan,1,1,0,run,0,,,161/7
1149557,1,20,7,Vijaykumar Yo Mahesh,R Rajkumar,Thangarasu Natarajan,1,0,1,bye,0,,,162/7
1149557,2,1,1,Abhinav Mukund,0,S Mohan Prasath,1,1,0,run,0,,,1/0
1149557,2,1,2,Masood Shahrukh Khan,Abhinav Mukund,S Mohan Prasath,4,4,0,four,0,,,5/0
1149557,2,1,3,Masood Shahrukh Khan,Abhinav Mukund,S Mohan Prasath,1,1,0,run,0,,,6/0
1149557,2,1,4,Abhinav Mukund,Masood Shahrukh Khan,S Mohan Prasath,1,1,0,run,0,,,7/0
1149557,2,1,5,Masood Shahrukh Khan,Abhinav Mukund,S Mohan Prasath,0,0,0,no run,0,,,7/0
1149557,2,1,6,Masood Shahrukh Khan,Abhinav Mukund,S Mohan Prasath,6,6,0,six,0,,,13/0
1149557,2,2,1,Abhinav Mukund,Masood Shahrukh Khan,Vijaykumar Yo Mahesh,0,0,0,no run,0,,,13/0
1149557,2,2,2,Abhinav Mukund,Masood Shahrukh Khan,Vijaykumar Yo Mahesh,4,4,0,four,0,,,17/0
1149557,2,2,3,Abhinav Mukund,Masood Shahrukh Khan,Vijaykumar Yo Mahesh,4,4,0,four,0,,,21/0
1149557,2,2,4,Abhinav Mukund,Masood Shahrukh Khan,Vijaykumar Yo Mahesh,0,0,0,no run,0,,,21/0
1149557,2,2,5,Abhinav Mukund,Masood Shahrukh Khan,Vijaykumar Yo Mahesh,1,1,0,run,0,,,22/0
1149557,2,2,6,Masood Shahrukh Khan,Abhinav Mukund,Vijaykumar Yo Mahesh,0,0,0,no run,0,,,22/0
1149557,2,3,1,Abhinav Mukund,Masood Shahrukh Khan,Maan K Bafna,0,0,0,no run,0,,,22/0
1149557,2,3,2,Abhinav Mukund,Masood Shahrukh Khan,Maan K Bafna,0,0,0,no run,0,,,22/0
1149557,2,3,3,Abhinav Mukund,Masood Shahrukh Khan,Maan K Bafna,4,4,0,four,0,,,26/0
1149557,2,3,4,Abhinav Mukund,Masood Shahrukh Khan,Maan K Bafna,1,1,0,run,0,,,27/0
1149557,2,3,5,Masood Shahrukh Khan,Abhinav Mukund,Maan K Bafna,1,1,0,run,0,,,28/0
1149557,2,3,6,Abhinav Mukund,Masood Shahrukh Khan,Maan K Bafna,4,4,0,four,0,,,32/0
1149557,2,4,1,Masood Shahrukh Khan,Abhinav Mukund,S Swaminathan,0,0,0,no run,0,,,32/0
1149557,2,4,2,Masood Shahrukh Khan,Abhinav Mukund,S Swaminathan,0,0,0,no run,0,,,32/0
1149557,2,4,3,Masood Shahrukh Khan,Abhinav Mukund,S Swaminathan,1,1,0,run,0,,,33/0
1149557,2,4,4,Abhinav Mukund,Masood Shahrukh Khan,S Swaminathan,4,4,0,four,0,,,37/0
1149557,2,4,5,Abhinav Mukund,Masood Shahrukh Khan,S Swaminathan,1,1,0,run,0,,,38/0
1149557,2,4,6,Masood Shahrukh Khan,Abhinav Mukund,S Swaminathan,1,1,0,run,0,,,39/0
1149557,2,5,1,Masood Shahrukh Khan,Abhinav Mukund,Maan K Bafna,1,0,1,wide,0,,,40/0
1149557,2,5,2,Masood Shahrukh Khan,Abhinav Mukund,Maan K Bafna,1,1,0,run,0,,,41/0
1149557,2,5,3,Abhinav Mukund,Masood Shahrukh Khan,Maan K Bafna,1,1,0,run,0,,,42/0
1149557,2,5,4,Masood Shahrukh Khan,Abhinav Mukund,Maan K Bafna,4,4,0,four,0,,,46/0
1149557,2,5,5,Masood Shahrukh Khan,Abhinav Mukund,Maan K Bafna,4,4,0,four,0,,,50/0
1149557,2,5,6,Masood Shahrukh Khan,Abhinav Mukund,Maan K Bafna,0,0,0,no run,0,,,50/0
1149557,2,5,7,Masood Shahrukh Khan,Abhinav Mukund,Maan K Bafna,1,1,0,run,0,,,51/0
1149557,2,6,1,Masood Shahrukh Khan,Abhinav Mukund,S Swaminathan,1,1,0,run,0,,,52/0
1149557,2,6,2,Abhinav Mukund,Masood Shahrukh Khan,S Swaminathan,1,1,0,run,0,,,53/0
1149557,2,6,3,Masood Shahrukh Khan,Abhinav Mukund,S Swaminathan,6,6,0,six,0,,,59/0
1149557,2,6,4,Masood Shahrukh Khan,Abhinav Mukund,S Swaminathan,0,0,0,no run,0,,,59/0
1149557,2,6,5,Masood Shahrukh Khan,Abhinav Mukund,S Swaminathan,1,1,0,run,0,,,60/0
1149557,2,6,6,Abhinav Mukund,Masood Shahrukh Khan,S Swaminathan,1,1,0,run,0,,,61/0
1149557,2,7,1,Abhinav Mukund,Masood Shahrukh Khan,Vijaykumar Yo Mahesh,1,1,0,run,0,,,62/0
1149557,2,7,2,Masood Shahrukh Khan,Abhinav Mukund,Vijaykumar Yo Mahesh,0,0,0,out,1,caught,Masood Shahrukh Khan,62/1
1149557,2,7,3,Abhinav Mukund,0,Vijaykumar Yo Mahesh,0,0,0,no run,0,,,62/1
1149557,2,7,4,Abhinav Mukund,0,Vijaykumar Yo Mahesh,0,0,0,no run,0,,,62/1
1149557,2,7,5,Abhinav Mukund,0,Vijaykumar Yo Mahesh,0,0,0,no run,0,,,62/1
1149557,2,7,6,Abhinav Mukund,Ashwin Venkataraman,Vijaykumar Yo Mahesh,1,1,0,run,0,,,63/1
1149557,2,8,1,Abhinav Mukund,Ashwin Venkataraman,R Rajkumar,1,1,0,run,0,,,64/1
1149557,2,8,2,Ashwin Venkataraman,Abhinav Mukund,R Rajkumar,0,0,0,no run,0,,,64/1
1149557,2,8,3,Ashwin Venkataraman,Abhinav Mukund,R Rajkumar,1,1,0,run,0,,,65/1
1149557,2,8,4,Abhinav Mukund,Ashwin Venkataraman,R Rajkumar,1,1,0,run,0,,,66/1
1149557,2,8,5,Ashwin Venkataraman,Abhinav Mukund,R Rajkumar,1,1,0,run,0,,,67/1
1149557,2,8,6,Abhinav Mukund,Ashwin Venkataraman,R Rajkumar,1,1,0,run,0,,,68/1
1149557,2,9,1,Abhinav Mukund,Ashwin Venkataraman,S Mohan Prasath,0,0,0,no run,0,,,68/1
1149557,2,9,2,Abhinav Mukund,Ashwin Venkataraman,S Mohan Prasath,2,2,0,run,0,,,70/1
1149557,2,9,3,Abhinav Mukund,Ashwin Venkataraman,S Mohan Prasath,1,1,0,run,0,,,71/1
1149557,2,9,4,Ashwin Venkataraman,Abhinav Mukund,S Mohan Prasath,1,1,0,run,0,,,72/1
1149557,2,9,5,Abhinav Mukund,Ashwin Venkataraman,S Mohan Prasath,0,0,0,no run,0,,,72/1
1149557,2,9,6,Abhinav Mukund,Ashwin Venkataraman,S Mohan Prasath,1,1,0,run,0,,,73/1
1149557,2,10,1,Abhinav Mukund,Ashwin Venkataraman,R Rajkumar,2,2,0,run,0,,,75/1
1149557,2,10,2,Abhinav Mukund,Ashwin Venkataraman,R Rajkumar,2,2,0,run,0,,,77/1
1149557,2,10,3,Abhinav Mukund,Ashwin Venkataraman,R Rajkumar,4,4,0,four,0,,,81/1
1149557,2,10,4,Abhinav Mukund,Ashwin Venkataraman,R Rajkumar,1,1,0,run,0,,,82/1
1149557,2,10,5,Ashwin Venkataraman,Abhinav Mukund,R Rajkumar,1,1,0,run,0,,,83/1
1149557,2,10,6,Abhinav Mukund,Ashwin Venkataraman,R Rajkumar,0,0,0,no run,0,,,83/1
1149557,2,11,1,Ashwin Venkataraman,Abhinav Mukund,S Mohan Prasath,0,0,0,no run,0,,,83/1
1149557,2,11,2,Ashwin Venkataraman,Abhinav Mukund,S Mohan Prasath,1,1,0,run,0,,,84/1
1149557,2,11,3,Abhinav Mukund,Ashwin Venkataraman,S Mohan Prasath,0,0,0,no run,0,,,84/1
1149557,2,11,4,Abhinav Mukund,Ashwin Venkataraman,S Mohan Prasath,0,0,0,no run,0,,,84/1
1149557,2,11,5,Abhinav Mukund,Ashwin Venkataraman,S Mohan Prasath,1,1,0,run,0,,,85/1
1149557,2,11,6,Ashwin Venkataraman,Abhinav Mukund,S Mohan Prasath,0,0,0,no run,0,,,85/1
1149557,2,12,1,Abhinav Mukund,Ashwin Venkataraman,S Swaminathan,4,4,0,four,0,,,89/1
1149557,2,12,2,Abhinav Mukund,Ashwin Venkataraman,S Swaminathan,2,2,0,run,0,,,91/1
1149557,2,12,3,Abhinav Mukund,Ashwin Venkataraman,S Swaminathan,1,1,0,run,0,,,92/1
1149557,2,12,4,Ashwin Venkataraman,Abhinav Mukund,S Swaminathan,1,0,1,wide,0,,,93/1
1149557,2,12,5,Ashwin Venkataraman,Abhinav Mukund,S Swaminathan,0,0,0,no run,0,,,93/1
1149557,2,12,6,Ashwin Venkataraman,Abhinav Mukund,S Swaminathan,2,2,0,run,0,,,95/1
1149557,2,12,7,Ashwin Venkataraman,Abhinav Mukund,S Swaminathan,0,0,0,no run,0,,,95/1
1149557,2,13,1,Abhinav Mukund,Ashwin Venkataraman,Maan K Bafna,1,1,0,run,0,,,96/1
1149557,2,13,2,Ashwin Venkataraman,Abhinav Mukund,Maan K Bafna,0,0,0,no run,0,,,96/1
1149557,2,13,3,Ashwin Venkataraman,Abhinav Mukund,Maan K Bafna,0,0,0,no run,0,,,96/1
1149557,2,13,4,Ashwin Venkataraman,Abhinav Mukund,Maan K Bafna,1,1,0,run,0,,,97/1
1149557,2,13,5,Abhinav Mukund,Ashwin Venkataraman,Maan K Bafna,4,4,0,four,0,,,101/1
1149557,2,13,6,Abhinav Mukund,Ashwin Venkataraman,Maan K Bafna,0,0,0,out,1,bowled,Abhinav Mukund,101/2
1149557,2,14,1,Ashwin Venkataraman,0,R Rajkumar,0,0,0,no run,0,,,101/2
1149557,2,14,2,Ashwin Venkataraman,0,R Rajkumar,1,1,0,run,0,,,102/2
1149557,2,14,3,Wenseslaus Antony Dhas,Ashwin Venkataraman,R Rajkumar,0,0,0,no run,0,,,102/2
1149557,2,14,4,Wenseslaus Antony Dhas,Ashwin Venkataraman,R Rajkumar,0,0,0,no run,0,,,102/2
1149557,2,14,5,Wenseslaus Antony Dhas,Ashwin Venkataraman,R Rajkumar,0,0,0,no run,0,,,102/2
1149557,2,14,6,Wenseslaus Antony Dhas,Ashwin Venkataraman,R Rajkumar,1,1,0,run,0,,,103/2
1149557,2,15,1,Wenseslaus Antony Dhas,Ashwin Venkataraman,Maan K Bafna,6,6,0,six,0,,,109/2
1149557,2,15,2,Wenseslaus Antony Dhas,Ashwin Venkataraman,Maan K Bafna,4,0,4,bye,0,,,113/2
1149557,2,15,3,Wenseslaus Antony Dhas,Ashwin Venkataraman,Maan K Bafna,0,0,0,no run,0,,,113/2
1149557,2,15,4,Wenseslaus Antony Dhas,Ashwin Venkataraman,Maan K Bafna,1,1,0,run,0,,,114/2
1149557,2,15,5,Ashwin Venkataraman,Wenseslaus Antony Dhas,Maan K Bafna,0,0,0,no run,0,,,114/2
1149557,2,15,6,Ashwin Venkataraman,Wenseslaus Antony Dhas,Maan K Bafna,1,1,0,run,0,,,115/2
1149557,2,16,1,Ashwin Venkataraman,Wenseslaus Antony Dhas,R Rajkumar,4,4,0,four,0,,,119/2
1149557,2,16,2,Ashwin Venkataraman,Wenseslaus Antony Dhas,R Rajkumar,1,1,0,run,0,,,120/2
1149557,2,16,3,Wenseslaus Antony Dhas,Ashwin Venkataraman,R Rajkumar,2,2,0,run,0,,,122/2
1149557,2,16,4,Wenseslaus Antony Dhas,Ashwin Venkataraman,R Rajkumar,1,1,0,run,0,,,123/2
1149557,2,16,5,Ashwin Venkataraman,Wenseslaus Antony Dhas,R Rajkumar,0,0,0,no run,0,,,123/2
1149557,2,16,6,Ashwin Venkataraman,Wenseslaus Antony Dhas,R Rajkumar,1,1,0,run,0,,,124/2
1149557,2,17,1,Ashwin Venkataraman,Wenseslaus Antony Dhas,Vijaykumar Yo Mahesh,6,6,0,six,0,,,130/2
1149557,2,17,2,Ashwin Venkataraman,Wenseslaus Antony Dhas,Vijaykumar Yo Mahesh,1,1,0,run,0,,,131/2
1149557,2,17,3,Wenseslaus Antony Dhas,Ashwin Venkataraman,Vijaykumar Yo Mahesh,1,1,0,run,0,,,132/2
1149557,2,17,4,Ashwin Venkataraman,Wenseslaus Antony Dhas,Vijaykumar Yo Mahesh,1,1,0,run,0,,,133/2
1149557,2,17,5,Wenseslaus Antony Dhas,Ashwin Venkataraman,Vijaykumar Yo Mahesh,1,1,0,run,0,,,134/2
1149557,2,17,6,Ashwin Venkataraman,Wenseslaus Antony Dhas,Vijaykumar Yo Mahesh,1,1,0,run,0,,,135/2
1149557,2,18,1,Ashwin Venkataraman,Wenseslaus Antony Dhas,S Mohan Prasath,0,0,0,no run,0,,,135/2
1149557,2,18,2,Ashwin Venkataraman,Wenseslaus Antony Dhas,S Mohan Prasath,1,1,0,run,0,,,136/2
1149557,2,18,3,Wenseslaus Antony Dhas,Ashwin Venkataraman,S Mohan Prasath,4,4,0,four,0,,,140/2
1149557,2,18,4,Wenseslaus Antony Dhas,Ashwin Venkataraman,S Mohan Prasath,0,0,0,no run,0,,,140/2
1149557,2,18,5,Wenseslaus Antony Dhas,Ashwin Venkataraman,S Mohan Prasath,1,1,0,run,0,,,141/2
1149557,2,18,6,Ashwin Venkataraman,Wenseslaus Antony Dhas,S Mohan Prasath,4,4,0,four,0,,,145/2
1149557,2,19,1,Wenseslaus Antony Dhas,Ashwin Venkataraman,Vijaykumar Yo Mahesh,1,1,0,run,0,,,146/2
1149557,2,19,2,Ashwin Venkataraman,Wenseslaus Antony Dhas,Vijaykumar Yo Mahesh,4,4,0,four,0,,,150/2
1149557,2,19,3,Ashwin Venkataraman,Wenseslaus Antony Dhas,Vijaykumar Yo Mahesh,0,0,0,out,1,run out,Ashwin Venkataraman,150/3
1149557,2,19,4,Wenseslaus Antony Dhas,0,Vijaykumar Yo Mahesh,1,0,1,wide,0,,,151/3
1149557,2,19,5,Wenseslaus Antony Dhas,0,Vijaykumar Yo Mahesh,1,1,0,run,0,,,152/3
1149557,2,19,6,Akkil Srinaath,Wenseslaus Antony Dhas,Vijaykumar Yo Mahesh,1,1,0,run,0,,,153/3
1149557,2,19,7,Wenseslaus Antony Dhas,Akkil Srinaath,Vijaykumar Yo Mahesh,0,0,0,out,1,caught,Wenseslaus Antony Dhas,153/4
1149557,2,20,1,Akkil Srinaath,0,S Swaminathan,4,4,0,four,0,,,157/4
1149557,2,20,2,Akkil Srinaath,Ravi Kumar Rohith,S Swaminathan,0,0,0,out,1,bowled,Akkil Srinaath,157/5
1149557,2,20,3,M Prasanth Rajesh,Ravi Kumar Rohith,S Swaminathan,2,2,0,run,0,,,159/5
1149557,2,20,4,M Prasanth Rajesh,Ravi Kumar Rohith,S Swaminathan,0,0,0,no run,0,,,159/5
1149557,2,20,5,M Prasanth Rajesh,Ravi Kumar Rohith,S Swaminathan,2,0,2,wide,0,,,161/5
1149557,2,20,6,Ravi Kumar Rohith,M Prasanth Rajesh,S Swaminathan,0,0,0,out,1,caught,Ravi Kumar Rohith,161/6
1149557,2,20,7,Pradosh Ranjan Paul,M Prasanth Rajesh,S Swaminathan,1,1,0,run,0,,,162/6
1149558,1,1,1,Konda Bhaskir Arun Karthik,0,Murugan Ashwin,1,1,0,run,0,,,1/0
1149558,1,1,2,0,Konda Bhaskir Arun Karthik,Murugan Ashwin,1,0,1,wide,0,,,2/0
1149558,1,1,3,0,Konda Bhaskir Arun Karthik,Murugan Ashwin,1,1,0,run,0,,,3/0
1149558,1,1,4,Konda Bhaskir Arun Karthik,0,Murugan Ashwin,0,0,0,no run,0,,,3/0
1149558,1,1,5,Konda Bhaskir Arun Karthik,0,Murugan Ashwin,1,1,0,run,0,,,4/0
1149558,1,1,6,0,Konda Bhaskir Arun Karthik,Murugan Ashwin,0,0,0,no run,0,,,4/0
1149558,1,1,7,0,Konda Bhaskir Arun Karthik,Murugan Ashwin,0,0,0,out,1,,,4/1
1149558,1,2,1,Konda Bhaskir Arun Karthik,0,R Vishaal,4,4,0,four,0,,,8/1
1149558,1,2,2,Konda Bhaskir Arun Karthik,0,R Vishaal,1,1,0,run,0,,,9/1
1149558,1,2,3,R Nilesh Subramanian,Konda Bhaskir Arun Karthik,R Vishaal,1,1,0,run,0,,,10/1
1149558,1,2,4,Konda Bhaskir Arun Karthik,R Nilesh Subramanian,R Vishaal,1,1,0,run,0,,,11/1
1149558,1,2,5,R Nilesh Subramanian,Konda Bhaskir Arun Karthik,R Vishaal,0,0,0,no run,0,,,11/1
1149558,1,2,6,R Nilesh Subramanian,Konda Bhaskir Arun Karthik,R Vishaal,0,0,0,no run,0,,,11/1
1149558,1,3,1,Konda Bhaskir Arun Karthik,R Nilesh Subramanian,Murugan Ashwin,1,1,0,run,0,,,12/1
1149558,1,3,2,R Nilesh Subramanian,Konda Bhaskir Arun Karthik,Murugan Ashwin,1,1,0,run,0,,,13/1
1149558,1,3,3,Konda Bhaskir Arun Karthik,R Nilesh Subramanian,Murugan Ashwin,1,0,1,leg bye,0,,,14/1
1149558,1,3,4,R Nilesh Subramanian,Konda Bhaskir Arun Karthik,Murugan Ashwin,0,0,0,no run,0,,,14/1
1149558,1,3,5,R Nilesh Subramanian,Konda Bhaskir Arun Karthik,Murugan Ashwin,4,4,0,four,0,,,18/1
1149558,1,3,6,R Nilesh Subramanian,Konda Bhaskir Arun Karthik,Murugan Ashwin,2,2,0,run,0,,,20/1
1149558,1,4,1,Konda Bhaskir Arun Karthik,R Nilesh Subramanian,Ramadoss Alexander,1,1,0,run,0,,,21/1
1149558,1,4,2,R Nilesh Subramanian,Konda Bhaskir Arun Karthik,Ramadoss Alexander,1,1,0,run,0,,,22/1
1149558,1,4,3,Konda Bhaskir Arun Karthik,R Nilesh Subramanian,Ramadoss Alexander,6,6,0,six,0,,,28/1
1149558,1,4,4,Konda Bhaskir Arun Karthik,R Nilesh Subramanian,Ramadoss Alexander,1,1,0,run,0,,,29/1
1149558,1,4,5,R Nilesh Subramanian,Konda Bhaskir Arun Karthik,Ramadoss Alexander,0,0,0,no run,0,,,29/1
1149558,1,4,6,R Nilesh Subramanian,Konda Bhaskir Arun Karthik,Ramadoss Alexander,0,0,0,no run,0,,,29/1
1149558,1,5,1,Konda Bhaskir Arun Karthik,R Nilesh Subramanian,Yamuna Sunny Kumar Singh,0,0,0,out,1,caught,Konda Bhaskir Arun Karthik,29/2
1149558,1,5,2,Xavier Thalaivan Sargunam,R Nilesh Subramanian,Yamuna Sunny Kumar Singh,1,1,0,run,0,,,30/2
1149558,1,5,3,R Nilesh Subramanian,Xavier Thalaivan Sargunam,Yamuna Sunny Kumar Singh,1,1,0,run,0,,,31/2
1149558,1,5,4,Xavier Thalaivan Sargunam,R Nilesh Subramanian,Yamuna Sunny Kumar Singh,0,0,0,no run,0,,,31/2
1149558,1,5,5,Xavier Thalaivan Sargunam,R Nilesh Subramanian,Yamuna Sunny Kumar Singh,0,0,0,no run,0,,,31/2
1149558,1,5,6,Xavier Thalaivan Sargunam,R Nilesh Subramanian,Yamuna Sunny Kumar Singh,0,0,0,no run,0,,,31/2
1149558,1,6,1,R Nilesh Subramanian,Xavier Thalaivan Sargunam,R Vishaal,1,1,0,run,0,,,32/2
1149558,1,6,2,Xavier Thalaivan Sargunam,R Nilesh Subramanian,R Vishaal,2,2,0,run,0,,,34/2
1149558,1,6,3,Xavier Thalaivan Sargunam,R Nilesh Subramanian,R Vishaal,1,1,0,run,0,,,35/2
1149558,1,6,4,R Nilesh Subramanian,Xavier Thalaivan Sargunam,R Vishaal,0,0,0,no run,0,,,35/2
1149558,1,6,5,R Nilesh Subramanian,Xavier Thalaivan Sargunam,R Vishaal,1,1,0,run,0,,,36/2
1149558,1,6,6,Xavier Thalaivan Sargunam,R Nilesh Subramanian,R Vishaal,1,1,0,run,0,,,37/2
1149558,1,7,1,Xavier Thalaivan Sargunam,R Nilesh Subramanian,Manimaran Siddharth,0,0,0,no run,0,,,37/2
1149558,1,7,2,Xavier Thalaivan Sargunam,R Nilesh Subramanian,Manimaran Siddharth,0,0,0,out,1,caught,Xavier Thalaivan Sargunam,37/3
1149558,1,7,3,Poovathinga Shijit Chandran,R Nilesh Subramanian,Manimaran Siddharth,0,0,0,no run,0,,,37/3
1149558,1,7,4,Poovathinga Shijit Chandran,R Nilesh Subramanian,Manimaran Siddharth,0,0,0,no run,0,,,37/3
1149558,1,7,5,Poovathinga Shijit Chandran,R Nilesh Subramanian,Manimaran Siddharth,1,1,0,run,0,,,38/3
1149558,1,7,6,R Nilesh Subramanian,Poovathinga Shijit Chandran,Manimaran Siddharth,2,2,0,run,0,,,40/3
1149558,1,8,1,Poovathinga Shijit Chandran,R Nilesh Subramanian,Ramadoss Alexander,4,4,0,four,0,,,44/3
1149558,1,8,2,Poovathinga Shijit Chandran,R Nilesh Subramanian,Ramadoss Alexander,1,1,0,run,0,,,45/3
1149558,1,8,3,R Nilesh Subramanian,Poovathinga Shijit Chandran,Ramadoss Alexander,1,1,0,run,0,,,46/3
1149558,1,8,4,Poovathinga Shijit Chandran,R Nilesh Subramanian,Ramadoss Alexander,0,0,0,no run,0,,,46/3
1149558,1,8,5,Poovathinga Shijit Chandran,R Nilesh Subramanian,Ramadoss Alexander,1,1,0,run,0,,,47/3
1149558,1,8,6,R Nilesh Subramanian,Poovathinga Shijit Chandran,Ramadoss Alexander,1,1,0,run,0,,,48/3
1149558,1,9,1,R Nilesh Subramanian,Poovathinga Shijit Chandran,Manimaran Siddharth,4,4,0,four,0,,,52/3
1149558,1,9,2,R Nilesh Subramanian,Poovathinga Shijit Chandran,Manimaran Siddharth,4,4,0,four,0,,,56/3
1149558,1,9,3,R Nilesh Subramanian,Poovathinga Shijit Chandran,Manimaran Siddharth,1,1,0,run,0,,,57/3
1149558,1,9,4,Poovathinga Shijit Chandran,R Nilesh Subramanian,Manimaran Siddharth,0,0,0,no run,0,,,57/3
1149558,1,9,5,Poovathinga Shijit Chandran,R Nilesh Subramanian,Manimaran Siddharth,1,1,0,run,0,,,58/3
1149558,1,9,6,R Nilesh Subramanian,Poovathinga Shijit Chandran,Manimaran Siddharth,0,0,0,no run,0,,,58/3
1149558,1,10,1,Poovathinga Shijit Chandran,R Nilesh Subramanian,Moovervnthali Kasipandian Sivakumar,1,1,0,run,0,,,59/3
1149558,1,10,2,R Nilesh Subramanian,Poovathinga Shijit Chandran,Moovervnthali Kasipandian Sivakumar,1,1,0,run,0,,,60/3
1149558,1,10,3,Poovathinga Shijit Chandran,R Nilesh Subramanian,Moovervnthali Kasipandian Sivakumar,6,6,0,six,0,,,66/3
1149558,1,10,4,Poovathinga Shijit Chandran,R Nilesh Subramanian,Moovervnthali Kasipandian Sivakumar,1,1,0,run,0,,,67/3
1149558,1,10,5,R Nilesh Subramanian,Poovathinga Shijit Chandran,Moovervnthali Kasipandian Sivakumar,1,1,0,run,0,,,68/3
1149558,1,10,6,Poovathinga Shijit Chandran,R Nilesh Subramanian,Moovervnthali Kasipandian Sivakumar,1,1,0,run,0,,,69/3
1149558,1,11,1,Poovathinga Shijit Chandran,R Nilesh Subramanian,Yamuna Sunny Kumar Singh,0,0,0,no run,0,,,69/3
1149558,1,11,2,Poovathinga Shijit Chandran,R Nilesh Subramanian,Yamuna Sunny Kumar Singh,4,4,0,four,0,,,73/3
1149558,1,11,3,Poovathinga Shijit Chandran,R Nilesh Subramanian,Yamuna Sunny Kumar Singh,1,1,0,run,0,,,74/3
1149558,1,11,4,R Nilesh Subramanian,Poovathinga Shijit Chandran,Yamuna Sunny Kumar Singh,1,1,0,run,0,,,75/3
1149558,1,11,5,Poovathinga Shijit Chandran,R Nilesh Subramanian,Yamuna Sunny Kumar Singh,1,1,0,run,0,,,76/3
1149558,1,11,6,R Nilesh Subramanian,Poovathinga Shijit Chandran,Yamuna Sunny Kumar Singh,0,0,0,no run,0,,,76/3
1149558,1,12,1,Poovathinga Shijit Chandran,R Nilesh Subramanian,Manimaran Siddharth,1,1,0,run,0,,,77/3
1149558,1,12,2,R Nilesh Subramanian,Poovathinga Shijit Chandran,Manimaran Siddharth,1,1,0,run,0,,,78/3
1149558,1,12,3,Poovathinga Shijit Chandran,R Nilesh Subramanian,Manimaran Siddharth,1,1,0,run,0,,,79/3
1149558,1,12,4,R Nilesh Subramanian,Poovathinga Shijit Chandran,Manimaran Siddharth,2,2,0,run,0,,,81/3
1149558,1,12,5,R Nilesh Subramanian,Poovathinga Shijit Chandran,Manimaran Siddharth,0,0,0,out,1,caught,R Nilesh Subramanian,81/4
1149558,1,12,6,Poovathinga Shijit Chandran,Jagatheesan Kousik,Manimaran Siddharth,1,1,0,run,0,,,82/4
1149558,1,13,1,Poovathinga Shijit Chandran,Jagatheesan Kousik,Murugan Ashwin,1,1,0,run,0,,,83/4
1149558,1,13,2,Jagatheesan Kousik,Poovathinga Shijit Chandran,Murugan Ashwin,0,0,0,no run,0,,,83/4
1149558,1,13,3,Jagatheesan Kousik,Poovathinga Shijit Chandran,Murugan Ashwin,1,1,0,run,0,,,84/4
1149558,1,13,4,Poovathinga Shijit Chandran,Jagatheesan Kousik,Murugan Ashwin,1,1,0,run,0,,,85/4
1149558,1,13,5,Jagatheesan Kousik,Poovathinga Shijit Chandran,Murugan Ashwin,1,1,0,run,0,,,86/4
1149558,1,13,6,Poovathinga Shijit Chandran,Jagatheesan Kousik,Murugan Ashwin,1,1,0,run,0,,,87/4
1149558,1,14,1,Poovathinga Shijit Chandran,Jagatheesan Kousik,Manimaran Siddharth,1,0,1,leg bye,0,,,88/4
1149558,1,14,2,Jagatheesan Kousik,Poovathinga Shijit Chandran,Manimaran Siddharth,1,1,0,run,0,,,89/4
1149558,1,14,3,Poovathinga Shijit Chandran,Jagatheesan Kousik,Manimaran Siddharth,6,6,0,six,0,,,95/4
1149558,1,14,4,Poovathinga Shijit Chandran,Jagatheesan Kousik,Manimaran Siddharth,1,1,0,run,0,,,96/4
1149558,1,14,5,Jagatheesan Kousik,Poovathinga Shijit Chandran,Manimaran Siddharth,6,6,0,six,0,,,102/4
1149558,1,14,6,Jagatheesan Kousik,Poovathinga Shijit Chandran,Manimaran Siddharth,2,2,0,run,0,,,104/4
1149558,1,15,1,Poovathinga Shijit Chandran,Jagatheesan Kousik,Ramadoss Alexander,0,0,0,no run,0,,,104/4
1149558,1,15,2,Poovathinga Shijit Chandran,Jagatheesan Kousik,Ramadoss Alexander,1,1,0,run,0,,,105/4
1149558,1,15,3,Jagatheesan Kousik,Poovathinga Shijit Chandran,Ramadoss Alexander,1,1,0,run,0,,,106/4
1149558,1,15,4,Poovathinga Shijit Chandran,Jagatheesan Kousik,Ramadoss Alexander,0,0,0,out,1,caught,Poovathinga Shijit Chandran,106/5
1149558,1,15,5,Abhishek Baljeetsingh Tanwar,Jagatheesan Kousik,Ramadoss Alexander,0,0,0,no run,0,,,106/5
1149558,1,15,6,Abhishek Baljeetsingh Tanwar,Jagatheesan Kousik,Ramadoss Alexander,0,0,0,no run,0,,,106/5
1149558,1,16,1,Jagatheesan Kousik,Abhishek Baljeetsingh Tanwar,R Vishaal,0,0,0,no run,0,,,106/5
1149558,1,16,2,Jagatheesan Kousik,Abhishek Baljeetsingh Tanwar,R Vishaal,0,0,0,no run,0,,,106/5
1149558,1,16,3,Jagatheesan Kousik,Abhishek Baljeetsingh Tanwar,R Vishaal,1,1,0,run,0,,,107/5
1149558,1,16,4,Abhishek Baljeetsingh Tanwar,Jagatheesan Kousik,R Vishaal,1,1,0,run,0,,,108/5
1149558,1,16,5,Jagatheesan Kousik,Abhishek Baljeetsingh Tanwar,R Vishaal,2,1,1,run,0,,,110/5
1149558,1,16,6,Abhishek Baljeetsingh Tanwar,Jagatheesan Kousik,R Vishaal,1,1,0,run,0,,,111/5
1149558,1,16,7,Jagatheesan Kousik,Abhishek Baljeetsingh Tanwar,R Vishaal,1,1,0,run,0,,,112/5
1149558,1,17,1,Jagatheesan Kousik,Abhishek Baljeetsingh Tanwar,Yamuna Sunny Kumar Singh,2,2,0,run,0,,,114/5
1149558,1,17,2,Jagatheesan Kousik,Abhishek Baljeetsingh Tanwar,Yamuna Sunny Kumar Singh,1,1,0,run,0,,,115/5
1149558,1,17,3,Abhishek Baljeetsingh Tanwar,Jagatheesan Kousik,Yamuna Sunny Kumar Singh,4,4,0,four,0,,,119/5
1149558,1,17,4,Abhishek Baljeetsingh Tanwar,Jagatheesan Kousik,Yamuna Sunny Kumar Singh,1,1,0,run,0,,,120/5
1149558,1,17,5,Jagatheesan Kousik,Abhishek Baljeetsingh Tanwar,Yamuna Sunny Kumar Singh,6,6,0,six,0,,,126/5
1149558,1,17,6,Jagatheesan Kousik,Abhishek Baljeetsingh Tanwar,Yamuna Sunny Kumar Singh,1,1,0,run,0,,,127/5
1149558,1,18,1,Jagatheesan Kousik,Abhishek Baljeetsingh Tanwar,R Vishaal,1,1,0,run,0,,,128/5
1149558,1,18,2,Abhishek Baljeetsingh Tanwar,Jagatheesan Kousik,R Vishaal,0,0,0,no run,0,,,128/5
1149558,1,18,3,Abhishek Baljeetsingh Tanwar,Jagatheesan Kousik,R Vishaal,1,1,0,run,0,,,129/5
1149558,1,18,4,Jagatheesan Kousik,Abhishek Baljeetsingh Tanwar,R Vishaal,6,6,0,six,0,,,135/5
1149558,1,18,5,Jagatheesan Kousik,Abhishek Baljeetsingh Tanwar,R Vishaal,1,0,1,wide,0,,,136/5
1149558,1,18,6,Jagatheesan Kousik,Abhishek Baljeetsingh Tanwar,R Vishaal,4,4,0,four,0,,,140/5
1149558,1,18,7,Jagatheesan Kousik,Abhishek Baljeetsingh Tanwar,R Vishaal,1,1,0,run,0,,,141/5
1149558,1,19,1,Jagatheesan Kousik,Abhishek Baljeetsingh Tanwar,Murugan Ashwin,0,0,0,out,1,caught,Jagatheesan Kousik,141/6
1149558,1,19,2,Abhishek Baljeetsingh Tanwar,0,Murugan Ashwin,0,0,0,no run,0,,,141/6
1149558,1,19,3,Abhishek Baljeetsingh Tanwar,0,Murugan Ashwin,6,6,0,six,0,,,147/6
1149558,1,19,4,Abhishek Baljeetsingh Tanwar,0,Murugan Ashwin,0,0,0,no run,0,,,147/6
1149558,1,19,5,Abhishek Baljeetsingh Tanwar,Ravi Karthikeyan,Murugan Ashwin,0,0,0,out,1,caught,Abhishek Baljeetsingh Tanwar,147/7
1149558,1,19,6,Ravi Karthikeyan,L Kiran Akash,Murugan Ashwin,1,1,0,run,0,,,148/7
1149558,1,20,1,Ravi Karthikeyan,L Kiran Akash,Yamuna Sunny Kumar Singh,2,2,0,run,0,,,150/7
1149558,1,20,2,Ravi Karthikeyan,L Kiran Akash,Yamuna Sunny Kumar Singh,0,0,0,out,1,caught,Ravi Karthikeyan,150/8
1149558,1,20,3,L Kiran Akash,0,Yamuna Sunny Kumar Singh,1,1,0,run,0,,,151/8
1149558,1,20,4,Varun Chakravarthy Vinod,L Kiran Akash,Yamuna Sunny Kumar Singh,1,1,0,run,0,,,152/8
1149558,1,20,5,L Kiran Akash,Varun Chakravarthy Vinod,Yamuna Sunny Kumar Singh,1,1,0,run,0,,,153/8
1149558,1,20,6,Varun Chakravarthy Vinod,L Kiran Akash,Yamuna Sunny Kumar Singh,0,0,0,out,1,caught,Varun Chakravarthy Vinod,153/9
1149558,2,1,1,Hari Gopinath,0,Abhishek Baljeetsingh Tanwar,0,0,0,no run,0,,,0/0
1149558,2,1,2,Hari Gopinath,0,Abhishek Baljeetsingh Tanwar,1,1,0,run,0,,,1/0
1149558,2,1,3,Ganga Sridhar Raju,Hari Gopinath,Abhishek Baljeetsingh Tanwar,1,1,0,run,0,,,2/0
1149558,2,1,4,Hari Gopinath,Ganga Sridhar Raju,Abhishek Baljeetsingh Tanwar,0,0,0,no run,0,,,2/0
1149558,2,1,5,Hari Gopinath,Ganga Sridhar Raju,Abhishek Baljeetsingh Tanwar,0,0,0,no run,0,,,2/0
1149558,2,1,6,Hari Gopinath,Ganga Sridhar Raju,Abhishek Baljeetsingh Tanwar,0,0,0,no run,0,,,2/0
1149558,2,2,1,Ganga Sridhar Raju,Hari Gopinath,L Kiran Akash,1,0,1,wide,0,,,3/0
1149558,2,2,2,Ganga Sridhar Raju,Hari Gopinath,L Kiran Akash,1,1,0,run,0,,,4/0
1149558,2,2,3,Hari Gopinath,Ganga Sridhar Raju,L Kiran Akash,0,0,0,no run,0,,,4/0
1149558,2,2,4,Hari Gopinath,Ganga Sridhar Raju,L Kiran Akash,0,0,0,no run,0,,,4/0
1149558,2,2,5,Hari Gopinath,Ganga Sridhar Raju,L Kiran Akash,0,0,0,no run,0,,,4/0
1149558,2,2,6,Hari Gopinath,Ganga Sridhar Raju,L Kiran Akash,6,6,0,six,0,,,10/0
1149558,2,2,7,Hari Gopinath,Ganga Sridhar Raju,L Kiran Akash,0,0,0,no run,0,,,10/0
1149558,2,3,1,Ganga Sridhar Raju,Hari Gopinath,Abhishek Baljeetsingh Tanwar,0,0,0,no run,0,,,10/0
1149558,2,3,2,Ganga Sridhar Raju,Hari Gopinath,Abhishek Baljeetsingh Tanwar,4,4,0,four,0,,,14/0
1149558,2,3,3,Ganga Sridhar Raju,Hari Gopinath,Abhishek Baljeetsingh Tanwar,0,0,0,no run,0,,,14/0
1149558,2,3,4,Ganga Sridhar Raju,Hari Gopinath,Abhishek Baljeetsingh Tanwar,0,0,0,no run,0,,,14/0
1149558,2,3,5,Ganga Sridhar Raju,Hari Gopinath,Abhishek Baljeetsingh Tanwar,1,1,0,run,0,,,15/0
1149558,2,3,6,Hari Gopinath,Ganga Sridhar Raju,Abhishek Baljeetsingh Tanwar,0,0,0,no run,0,,,15/0
1149558,2,4,1,Ganga Sridhar Raju,Hari Gopinath,L Kiran Akash,1,1,0,run,0,,,16/0
1149558,2,4,2,Hari Gopinath,Ganga Sridhar Raju,L Kiran Akash,1,1,0,run,0,,,17/0
1149558,2,4,3,Ganga Sridhar Raju,Hari Gopinath,L Kiran Akash,4,4,0,four,0,,,21/0
1149558,2,4,4,Ganga Sridhar Raju,Hari Gopinath,L Kiran Akash,1,1,0,run,0,,,22/0
1149558,2,4,5,Hari Gopinath,Ganga Sridhar Raju,L Kiran Akash,0,0,0,no run,0,,,22/0
1149558,2,4,6,Hari Gopinath,Ganga Sridhar Raju,L Kiran Akash,0,0,0,out,1,bowled,Hari Gopinath,22/1
1149558,2,5,1,Ganga Sridhar Raju,0,Abhishek Baljeetsingh Tanwar,0,0,0,no run,0,,,22/1
1149558,2,5,2,Ganga Sridhar Raju,0,Abhishek Baljeetsingh Tanwar,4,4,0,four,0,,,26/1
1149558,2,5,3,Ganga Sridhar Raju,0,Abhishek Baljeetsingh Tanwar,1,1,0,run,0,,,27/1
1149558,2,5,4,S Karthik,Ganga Sridhar Raju,Abhishek Baljeetsingh Tanwar,0,0,0,no run,0,,,27/1
1149558,2,5,5,S Karthik,Ganga Sridhar Raju,Abhishek Baljeetsingh Tanwar,4,4,0,four,0,,,31/1
1149558,2,5,6,S Karthik,Ganga Sridhar Raju,Abhishek Baljeetsingh Tanwar,0,0,0,no run,0,,,31/1
1149558,2,6,1,Ganga Sridhar Raju,S Karthik,Varun Chakravarthy Vinod,1,1,0,run,0,,,32/1
1149558,2,6,2,S Karthik,Ganga Sridhar Raju,Varun Chakravarthy Vinod,1,1,0,run,0,,,33/1
1149558,2,6,3,Ganga Sridhar Raju,S Karthik,Varun Chakravarthy Vinod,0,0,0,no run,0,,,33/1
1149558,2,6,4,Ganga Sridhar Raju,S Karthik,Varun Chakravarthy Vinod,0,0,0,no run,0,,,33/1
1149558,2,6,5,Ganga Sridhar Raju,S Karthik,Varun Chakravarthy Vinod,0,0,0,no run,0,,,33/1
1149558,2,6,6,Ganga Sridhar Raju,S Karthik,Varun Chakravarthy Vinod,0,0,0,no run,0,,,33/1
1149558,2,7,1,S Karthik,Ganga Sridhar Raju,Jagatheesan Kousik,0,0,0,no run,0,,,33/1
1149558,2,7,2,S Karthik,Ganga Sridhar Raju,Jagatheesan Kousik,0,0,0,no run,0,,,33/1
1149558,2,7,3,S Karthik,Ganga Sridhar Raju,Jagatheesan Kousik,0,0,0,no run,0,,,33/1
1149558,2,7,4,S Karthik,Ganga Sridhar Raju,Jagatheesan Kousik,1,1,0,run,0,,,34/1
1149558,2,7,5,Ganga Sridhar Raju,S Karthik,Jagatheesan Kousik,1,1,0,run,0,,,35/1
1149558,2,7,6,S Karthik,Ganga Sridhar Raju,Jagatheesan Kousik,1,1,0,run,0,,,36/1
1149558,2,8,1,S Karthik,Ganga Sridhar Raju,Varun Chakravarthy Vinod,1,1,0,run,0,,,37/1
1149558,2,8,2,Ganga Sridhar Raju,S Karthik,Varun Chakravarthy Vinod,1,1,0,run,0,,,38/1
1149558,2,8,3,S Karthik,Ganga Sridhar Raju,Varun Chakravarthy Vinod,0,0,0,no run,0,,,38/1
1149558,2,8,4,S Karthik,Ganga Sridhar Raju,Varun Chakravarthy Vinod,1,1,0,run,0,,,39/1
1149558,2,8,5,Ganga Sridhar Raju,S Karthik,Varun Chakravarthy Vinod,0,0,0,no run,0,,,39/1
1149558,2,8,6,Ganga Sridhar Raju,S Karthik,Varun Chakravarthy Vinod,1,1,0,run,0,,,40/1
1149558,2,9,1,Ganga Sridhar Raju,S Karthik,Rahil S Shah,0,0,0,no run,0,,,40/1
1149558,2,9,2,Ganga Sridhar Raju,S Karthik,Rahil S Shah,1,1,0,run,0,,,41/1
1149558,2,9,3,S Karthik,Ganga Sridhar Raju,Rahil S Shah,1,1,0,run,0,,,42/1
1149558,2,9,4,Ganga Sridhar Raju,S Karthik,Rahil S Shah,1,1,0,run,0,,,43/1
1149558,2,9,5,S Karthik,Ganga Sridhar Raju,Rahil S Shah,2,2,0,run,0,,,45/1
1149558,2,9,6,S Karthik,Ganga Sridhar Raju,Rahil S Shah,2,2,0,run,0,,,47/1
1149558,2,10,1,Ganga Sridhar Raju,S Karthik,Jagatheesan Kousik,0,0,0,out,1,run out,Ganga Sridhar Raju,47/2
1149558,2,10,2,S Karthik,0,Jagatheesan Kousik,1,1,0,run,0,,,48/2
1149558,2,10,3,Uthirasamy Sasidev,S Karthik,Jagatheesan Kousik,1,1,0,run,0,,,49/2
1149558,2,10,4,S Karthik,Uthirasamy Sasidev,Jagatheesan Kousik,1,1,0,run,0,,,50/2
1149558,2,10,5,Uthirasamy Sasidev,S Karthik,Jagatheesan Kousik,0,0,0,no run,0,,,50/2
1149558,2,10,6,Uthirasamy Sasidev,S Karthik,Jagatheesan Kousik,4,4,0,four,0,,,54/2
1149558,2,11,1,S Karthik,Uthirasamy Sasidev,Rahil S Shah,1,0,1,wide,0,,,55/2
1149558,2,11,2,S Karthik,Uthirasamy Sasidev,Rahil S Shah,1,1,0,run,0,,,56/2
1149558,2,11,3,Uthirasamy Sasidev,S Karthik,Rahil S Shah,0,0,0,no run,0,,,56/2
1149558,2,11,4,Uthirasamy Sasidev,S Karthik,Rahil S Shah,0,0,0,out,1,bowled,Uthirasamy Sasidev,56/3
1149558,2,11,5,Baskaran Rahul,S Karthik,Rahil S Shah,1,1,0,run,0,,,57/3
1149558,2,11,6,S Karthik,Baskaran Rahul,Rahil S Shah,0,0,0,no run,0,,,57/3
1149558,2,11,7,S Karthik,Baskaran Rahul,Rahil S Shah,1,1,0,run,0,,,58/3
1149558,2,12,1,S Karthik,Baskaran Rahul,Jagatheesan Kousik,0,0,0,no run,0,,,58/3
1149558,2,12,2,S Karthik,Baskaran Rahul,Jagatheesan Kousik,1,1,0,run,0,,,59/3
1149558,2,12,3,Baskaran Rahul,S Karthik,Jagatheesan Kousik,1,1,0,run,0,,,60/3
1149558,2,12,4,S Karthik,Baskaran Rahul,Jagatheesan Kousik,6,6,0,six,0,,,66/3
1149558,2,12,5,S Karthik,Baskaran Rahul,Jagatheesan Kousik,1,1,0,run,0,,,67/3
1149558,2,12,6,Baskaran Rahul,S Karthik,Jagatheesan Kousik,1,1,0,run,0,,,68/3
1149558,2,13,1,Baskaran Rahul,S Karthik,Rahil S Shah,6,6,0,six,0,,,74/3
1149558,2,13,2,Baskaran Rahul,S Karthik,Rahil S Shah,0,0,0,out,1,bowled,Baskaran Rahul,74/4
1149558,2,13,3,Murugan Ashwin,S Karthik,Rahil S Shah,0,0,0,no run,0,,,74/4
1149558,2,13,4,Murugan Ashwin,S Karthik,Rahil S Shah,4,4,0,four,0,,,78/4
1149558,2,13,5,Murugan Ashwin,S Karthik,Rahil S Shah,1,1,0,run,0,,,79/4
1149558,2,13,6,S Karthik,Murugan Ashwin,Rahil S Shah,1,1,0,run,0,,,80/4
1149558,2,14,1,S Karthik,Murugan Ashwin,Varun Chakravarthy Vinod,1,1,0,run,0,,,81/4
1149558,2,14,2,Murugan Ashwin,S Karthik,Varun Chakravarthy Vinod,1,1,0,run,0,,,82/4
1149558,2,14,3,S Karthik,Murugan Ashwin,Varun Chakravarthy Vinod,0,0,0,no run,0,,,82/4
1149558,2,14,4,S Karthik,Murugan Ashwin,Varun Chakravarthy Vinod,0,0,0,out,1,caught,S Karthik,82/5
1149558,2,14,5,Murugan Ashwin,0,Varun Chakravarthy Vinod,0,0,0,no run,0,,,82/5
1149558,2,14,6,Murugan Ashwin,Yamuna Sunny Kumar Singh,Varun Chakravarthy Vinod,1,1,0,run,0,,,83/5
1149558,2,15,1,Murugan Ashwin,Yamuna Sunny Kumar Singh,L Kiran Akash,0,0,0,no run,0,,,83/5
1149558,2,15,2,Murugan Ashwin,Yamuna Sunny Kumar Singh,L Kiran Akash,1,1,0,run,0,,,84/5
1149558,2,15,3,Yamuna Sunny Kumar Singh,Murugan Ashwin,L Kiran Akash,1,1,0,run,0,,,85/5
1149558,2,15,4,Murugan Ashwin,Yamuna Sunny Kumar Singh,L Kiran Akash,1,1,0,run,0,,,86/5
1149558,2,15,5,Yamuna Sunny Kumar Singh,Murugan Ashwin,L Kiran Akash,1,1,0,run,0,,,87/5
1149558,2,15,6,Murugan Ashwin,Yamuna Sunny Kumar Singh,L Kiran Akash,1,0,1,wide,0,,,88/5
1149558,2,15,7,Murugan Ashwin,Yamuna Sunny Kumar Singh,L Kiran Akash,6,6,0,six,0,,,94/5
1149558,2,16,1,Yamuna Sunny Kumar Singh,Murugan Ashwin,Rahil S Shah,0,0,0,out,1,bowled,Yamuna Sunny Kumar Singh,94/6
1149558,2,16,2,Moovervnthali Kasipandian Sivakumar,Murugan Ashwin,Rahil S Shah,1,1,0,run,0,,,95/6
1149558,2,16,3,Murugan Ashwin,Moovervnthali Kasipandian Sivakumar,Rahil S Shah,1,1,0,run,0,,,96/6
1149558,2,16,4,Moovervnthali Kasipandian Sivakumar,Murugan Ashwin,Rahil S Shah,1,1,0,run,0,,,97/6
1149558,2,16,5,Murugan Ashwin,Moovervnthali Kasipandian Sivakumar,Rahil S Shah,1,1,0,run,0,,,98/6
1149558,2,16,6,Moovervnthali Kasipandian Sivakumar,Murugan Ashwin,Rahil S Shah,0,0,0,no run,0,,,98/6
1149558,2,17,1,Murugan Ashwin,Moovervnthali Kasipandian Sivakumar,Abhishek Baljeetsingh Tanwar,1,1,0,run,0,,,99/6
1149558,2,17,2,Moovervnthali Kasipandian Sivakumar,Murugan Ashwin,Abhishek Baljeetsingh Tanwar,1,0,1,wide,0,,,100/6
1149558,2,17,3,Moovervnthali Kasipandian Sivakumar,Murugan Ashwin,Abhishek Baljeetsingh Tanwar,0,0,0,no run,0,,,100/6
1149558,2,17,4,Moovervnthali Kasipandian Sivakumar,Murugan Ashwin,Abhishek Baljeetsingh Tanwar,0,0,0,no run,0,,,100/6
1149558,2,17,5,Moovervnthali Kasipandian Sivakumar,Murugan Ashwin,Abhishek Baljeetsingh Tanwar,1,1,0,run,0,,,101/6
1149558,2,17,6,Murugan Ashwin,Moovervnthali Kasipandian Sivakumar,Abhishek Baljeetsingh Tanwar,2,2,0,run,0,,,103/6
1149558,2,17,7,Murugan Ashwin,Moovervnthali Kasipandian Sivakumar,Abhishek Baljeetsingh Tanwar,1,1,0,run,0,,,104/6
1149558,2,18,1,Murugan Ashwin,Moovervnthali Kasipandian Sivakumar,Varun Chakravarthy Vinod,1,1,0,run,0,,,105/6
1149558,2,18,2,Moovervnthali Kasipandian Sivakumar,Murugan Ashwin,Varun Chakravarthy Vinod,4,4,0,four,0,,,109/6
1149558,2,18,3,Moovervnthali Kasipandian Sivakumar,Murugan Ashwin,Varun Chakravarthy Vinod,0,0,0,no run,0,,,109/6
1149558,2,18,4,Moovervnthali Kasipandian Sivakumar,Murugan Ashwin,Varun Chakravarthy Vinod,1,0,1,wide,0,,,110/6
1149558,2,18,5,Moovervnthali Kasipandian Sivakumar,Murugan Ashwin,Varun Chakravarthy Vinod,1,1,0,run,0,,,111/6
1149558,2,18,6,Murugan Ashwin,Moovervnthali Kasipandian Sivakumar,Varun Chakravarthy Vinod,0,0,0,out,1,caught,Murugan Ashwin,111/7
1149558,2,18,7,Moovervnthali Kasipandian Sivakumar,R Vishaal,Varun Chakravarthy Vinod,0,0,0,out,1,caught,Moovervnthali Kasipandian Sivakumar,111/8
1149558,2,19,1,Manimaran Siddharth,R Vishaal,L Kiran Akash,1,1,0,run,0,,,112/8
1149558,2,19,2,R Vishaal,Manimaran Siddharth,L Kiran Akash,0,0,0,out,1,caught,R Vishaal,112/9
1149558,2,19,3,Manimaran Siddharth,0,L Kiran Akash,4,4,0,four,0,,,116/9
1149558,2,19,4,Manimaran Siddharth,0,L Kiran Akash,6,6,0,six,0,,,122/9
1149558,2,19,5,Manimaran Siddharth,0,L Kiran Akash,0,0,0,no run,0,,,122/9
1149558,2,19,6,Manimaran Siddharth,Ramadoss Alexander,L Kiran Akash,1,1,0,run,0,,,123/9
1149558,2,20,1,Manimaran Siddharth,Ramadoss Alexander,Jagatheesan Kousik,1,1,0,run,0,,,124/9
1149558,2,20,2,Ramadoss Alexander,Manimaran Siddharth,Jagatheesan Kousik,0,0,0,no run,0,,,124/9
1149558,2,20,3,Ramadoss Alexander,Manimaran Siddharth,Jagatheesan Kousik,1,1,0,run,0,,,125/9
1149558,2,20,4,Manimaran Siddharth,Ramadoss Alexander,Jagatheesan Kousik,1,1,0,run,0,,,126/9
1149558,2,20,5,Ramadoss Alexander,Manimaran Siddharth,Jagatheesan Kousik,1,1,0,run,0,,,127/9
1149558,2,20,6,Manimaran Siddharth,Ramadoss Alexander,Jagatheesan Kousik,0,0,0,out,1,caught,Manimaran Siddharth,127/10
1149559,1,1,1,Masood Shahrukh Khan,0,Adithya Arun,0,0,0,no run,0,,,0/0
1149559,1,1,2,Masood Shahrukh Khan,0,Adithya Arun,0,0,0,no run,0,,,0/0
1149559,1,1,3,Masood Shahrukh Khan,0,Adithya Arun,1,1,0,run,0,,,1/0
1149559,1,1,4,Abhinav Mukund,Masood Shahrukh Khan,Adithya Arun,1,1,0,run,0,,,2/0
1149559,1,1,5,Masood Shahrukh Khan,Abhinav Mukund,Adithya Arun,1,1,0,run,0,,,3/0
1149559,1,1,6,Abhinav Mukund,Masood Shahrukh Khan,Adithya Arun,1,1,0,run,0,,,4/0
1149559,1,2,1,Abhinav Mukund,Masood Shahrukh Khan,M Mohammed,0,0,0,no run,0,,,4/0
1149559,1,2,2,Abhinav Mukund,Masood Shahrukh Khan,M Mohammed,0,0,0,no run,0,,,4/0
1149559,1,2,3,Abhinav Mukund,Masood Shahrukh Khan,M Mohammed,2,2,0,run,0,,,6/0
1149559,1,2,4,Abhinav Mukund,Masood Shahrukh Khan,M Mohammed,0,0,0,out,1,run out,Abhinav Mukund,6/1
1149559,1,2,5,Masood Shahrukh Khan,0,M Mohammed,2,2,0,run,0,,,8/1
1149559,1,2,6,Masood Shahrukh Khan,Pradosh Ranjan Paul,M Mohammed,1,1,0,run,0,,,9/1
1149559,1,3,1,Masood Shahrukh Khan,Pradosh Ranjan Paul,Jagannathan Kaushik,6,6,0,six,0,,,15/1
1149559,1,3,2,Masood Shahrukh Khan,Pradosh Ranjan Paul,Jagannathan Kaushik,4,4,0,four,0,,,19/1
1149559,1,3,3,Masood Shahrukh Khan,Pradosh Ranjan Paul,Jagannathan Kaushik,0,0,0,no run,0,,,19/1
1149559,1,3,4,Masood Shahrukh Khan,Pradosh Ranjan Paul,Jagannathan Kaushik,4,4,0,four,0,,,23/1
1149559,1,3,5,Masood Shahrukh Khan,Pradosh Ranjan Paul,Jagannathan Kaushik,0,0,0,no run,0,,,23/1
1149559,1,3,6,Masood Shahrukh Khan,Pradosh Ranjan Paul,Jagannathan Kaushik,1,1,0,run,0,,,24/1
1149559,1,4,1,Masood Shahrukh Khan,Pradosh Ranjan Paul,M Mohammed,0,0,0,out,1,run out,Pradosh Ranjan Paul,24/2
1149559,1,4,2,Ravi Kumar Rohith,Masood Shahrukh Khan,M Mohammed,0,0,0,no run,0,,,24/2
1149559,1,4,3,Ravi Kumar Rohith,Masood Shahrukh Khan,M Mohammed,0,0,0,no run,0,,,24/2
1149559,1,4,4,Ravi Kumar Rohith,Masood Shahrukh Khan,M Mohammed,1,0,1,wide,0,,,25/2
1149559,1,4,5,Ravi Kumar Rohith,Masood Shahrukh Khan,M Mohammed,1,1,0,run,0,,,26/2
1149559,1,4,6,Masood Shahrukh Khan,Ravi Kumar Rohith,M Mohammed,2,2,0,run,0,,,28/2
1149559,1,4,7,Masood Shahrukh Khan,Ravi Kumar Rohith,M Mohammed,1,1,0,run,0,,,29/2
1149559,1,5,1,Masood Shahrukh Khan,Ravi Kumar Rohith,Ramalingam Rohit,6,6,0,six,0,,,35/2
1149559,1,5,2,Masood Shahrukh Khan,Ravi Kumar Rohith,Ramalingam Rohit,1,1,0,run,0,,,36/2
1149559,1,5,3,Ravi Kumar Rohith,Masood Shahrukh Khan,Ramalingam Rohit,6,6,0,six,0,,,42/2
1149559,1,5,4,Ravi Kumar Rohith,Masood Shahrukh Khan,Ramalingam Rohit,1,0,1,leg bye,0,,,43/2
1149559,1,5,5,Masood Shahrukh Khan,Ravi Kumar Rohith,Ramalingam Rohit,1,1,0,run,0,,,44/2
1149559,1,5,6,Ravi Kumar Rohith,Masood Shahrukh Khan,Ramalingam Rohit,1,1,0,run,0,,,45/2
1149559,1,6,1,Ravi Kumar Rohith,Masood Shahrukh Khan,M Mohammed,1,1,0,run,0,,,46/2
1149559,1,6,2,Masood Shahrukh Khan,Ravi Kumar Rohith,M Mohammed,1,1,0,run,0,,,47/2
1149559,1,6,3,Ravi Kumar Rohith,Masood Shahrukh Khan,M Mohammed,4,4,0,four,0,,,51/2
1149559,1,6,4,Ravi Kumar Rohith,Masood Shahrukh Khan,M Mohammed,0,0,0,no run,0,,,51/2
1149559,1,6,5,Ravi Kumar Rohith,Masood Shahrukh Khan,M Mohammed,4,4,0,four,0,,,55/2
1149559,1,6,6,Ravi Kumar Rohith,Masood Shahrukh Khan,M Mohammed,1,1,0,run,0,,,56/2
1149559,1,7,1,Ravi Kumar Rohith,Masood Shahrukh Khan,Mohan Abhinav,1,1,0,run,0,,,57/2
1149559,1,7,2,Masood Shahrukh Khan,Ravi Kumar Rohith,Mohan Abhinav,1,1,0,run,0,,,58/2
1149559,1,7,3,Ravi Kumar Rohith,Masood Shahrukh Khan,Mohan Abhinav,6,6,0,six,0,,,64/2
1149559,1,7,4,Ravi Kumar Rohith,Masood Shahrukh Khan,Mohan Abhinav,1,1,0,run,0,,,65/2
1149559,1,7,5,Masood Shahrukh Khan,Ravi Kumar Rohith,Mohan Abhinav,1,1,0,run,0,,,66/2
1149559,1,7,6,Ravi Kumar Rohith,Masood Shahrukh Khan,Mohan Abhinav,0,0,0,no run,0,,,66/2
1149559,1,8,1,Masood Shahrukh Khan,Ravi Kumar Rohith,Ravichandran Ashwin,0,0,0,no run,0,,,66/2
1149559,1,8,2,Masood Shahrukh Khan,Ravi Kumar Rohith,Ravichandran Ashwin,0,0,0,no run,0,,,66/2
1149559,1,8,3,Masood Shahrukh Khan,Ravi Kumar Rohith,Ravichandran Ashwin,1,1,0,run,0,,,67/2
1149559,1,8,4,Ravi Kumar Rohith,Masood Shahrukh Khan,Ravichandran Ashwin,0,0,0,out,1,bowled,Ravi Kumar Rohith,67/3
1149559,1,8,5,Akkil Srinaath,Masood Shahrukh Khan,Ravichandran Ashwin,1,1,0,run,0,,,68/3
1149559,1,8,6,Masood Shahrukh Khan,Akkil Srinaath,Ravichandran Ashwin,0,0,0,no run,0,,,68/3
1149559,1,9,1,Akkil Srinaath,Masood Shahrukh Khan,Mohan Abhinav,0,0,0,no run,0,,,68/3
1149559,1,9,2,Akkil Srinaath,Masood Shahrukh Khan,Mohan Abhinav,0,0,0,no run,0,,,68/3
1149559,1,9,3,Akkil Srinaath,Masood Shahrukh Khan,Mohan Abhinav,0,0,0,no run,0,,,68/3
1149559,1,9,4,Akkil Srinaath,Masood Shahrukh Khan,Mohan Abhinav,1,1,0,run,0,,,69/3
1149559,1,9,5,Masood Shahrukh Khan,Akkil Srinaath,Mohan Abhinav,1,1,0,run,0,,,70/3
1149559,1,9,6,Akkil Srinaath,Masood Shahrukh Khan,Mohan Abhinav,6,6,0,six,0,,,76/3
1149559,1,10,1,Masood Shahrukh Khan,Akkil Srinaath,Ravichandran Ashwin,4,4,0,four,0,,,80/3
1149559,1,10,2,Masood Shahrukh Khan,Akkil Srinaath,Ravichandran Ashwin,1,1,0,run,0,,,81/3
1149559,1,10,3,Akkil Srinaath,Masood Shahrukh Khan,Ravichandran Ashwin,0,0,0,no run,0,,,81/3
1149559,1,10,4,Akkil Srinaath,Masood Shahrukh Khan,Ravichandran Ashwin,0,0,0,no run,0,,,81/3
1149559,1,10,5,Akkil Srinaath,Masood Shahrukh Khan,Ravichandran Ashwin,0,0,0,no run,0,,,81/3
1149559,1,10,6,Akkil Srinaath,Masood Shahrukh Khan,Ravichandran Ashwin,0,0,0,no run,0,,,81/3
1149559,1,11,1,Masood Shahrukh Khan,Akkil Srinaath,Jagannathan Kaushik,1,0,1,wide,0,,,82/3
1149559,1,11,2,Masood Shahrukh Khan,Akkil Srinaath,Jagannathan Kaushik,0,0,0,no run,0,,,82/3
1149559,1,11,3,Masood Shahrukh Khan,Akkil Srinaath,Jagannathan Kaushik,1,1,0,run,0,,,83/3
1149559,1,11,4,Akkil Srinaath,Masood Shahrukh Khan,Jagannathan Kaushik,0,0,0,no run,0,,,83/3
1149559,1,11,5,Akkil Srinaath,Masood Shahrukh Khan,Jagannathan Kaushik,1,0,1,wide,0,,,84/3
1149559,1,11,6,Akkil Srinaath,Masood Shahrukh Khan,Jagannathan Kaushik,2,2,0,run,0,,,86/3
1149559,1,11,7,Akkil Srinaath,Masood Shahrukh Khan,Jagannathan Kaushik,4,4,0,four,0,,,90/3
1149559,1,11,8,Akkil Srinaath,Masood Shahrukh Khan,Jagannathan Kaushik,0,0,0,no run,0,,,90/3
1149559,1,12,1,Masood Shahrukh Khan,Akkil Srinaath,Ramalingam Rohit,1,1,0,run,0,,,91/3
1149559,1,12,2,Akkil Srinaath,Masood Shahrukh Khan,Ramalingam Rohit,1,1,0,run,0,,,92/3
1149559,1,12,3,Masood Shahrukh Khan,Akkil Srinaath,Ramalingam Rohit,1,1,0,run,0,,,93/3
1149559,1,12,4,Akkil Srinaath,Masood Shahrukh Khan,Ramalingam Rohit,6,6,0,six,0,,,99/3
1149559,1,12,5,Akkil Srinaath,Masood Shahrukh Khan,Ramalingam Rohit,1,1,0,run,0,,,100/3
1149559,1,12,6,Masood Shahrukh Khan,Akkil Srinaath,Ramalingam Rohit,1,1,0,run,0,,,101/3
1149559,1,13,1,Masood Shahrukh Khan,Akkil Srinaath,Adithya Arun,1,1,0,run,0,,,102/3
1149559,1,13,2,Akkil Srinaath,Masood Shahrukh Khan,Adithya Arun,4,4,0,four,0,,,106/3
1149559,1,13,3,Akkil Srinaath,Masood Shahrukh Khan,Adithya Arun,1,1,0,run,0,,,107/3
1149559,1,13,4,Masood Shahrukh Khan,Akkil Srinaath,Adithya Arun,1,0,1,wide,0,,,108/3
1149559,1,13,5,Masood Shahrukh Khan,Akkil Srinaath,Adithya Arun,0,0,0,no run,0,,,108/3
1149559,1,13,6,Masood Shahrukh Khan,Akkil Srinaath,Adithya Arun,1,1,0,run,0,,,109/3
1149559,1,13,7,Akkil Srinaath,Masood Shahrukh Khan,Adithya Arun,1,0,1,wide,0,,,110/3
1149559,1,13,8,Akkil Srinaath,Masood Shahrukh Khan,Adithya Arun,6,6,0,six,0,,,116/3
1149559,1,14,1,Masood Shahrukh Khan,Akkil Srinaath,Ravichandran Ashwin,4,4,0,four,0,,,120/3
1149559,1,14,2,Masood Shahrukh Khan,Akkil Srinaath,Ravichandran Ashwin,6,6,0,six,0,,,126/3
1149559,1,14,3,Masood Shahrukh Khan,Akkil Srinaath,Ravichandran Ashwin,1,1,0,run,0,,,127/3
1149559,1,14,4,Akkil Srinaath,Masood Shahrukh Khan,Ravichandran Ashwin,1,1,0,run,0,,,128/3
1149559,1,14,5,Masood Shahrukh Khan,Akkil Srinaath,Ravichandran Ashwin,1,1,0,run,0,,,129/3
1149559,1,14,6,Akkil Srinaath,Masood Shahrukh Khan,Ravichandran Ashwin,1,1,0,run,0,,,130/3
1149559,1,15,1,Akkil Srinaath,Masood Shahrukh Khan,Ramalingam Rohit,1,1,0,run,0,,,131/3
1149559,1,15,2,Masood Shahrukh Khan,Akkil Srinaath,Ramalingam Rohit,1,1,0,run,0,,,132/3
1149559,1,15,3,Akkil Srinaath,Masood Shahrukh Khan,Ramalingam Rohit,0,0,0,no run,0,,,132/3
1149559,1,15,4,Akkil Srinaath,Masood Shahrukh Khan,Ramalingam Rohit,1,1,0,run,0,,,133/3
1149559,1,15,5,Masood Shahrukh Khan,Akkil Srinaath,Ramalingam Rohit,1,1,0,run,0,,,134/3
1149559,1,15,6,Akkil Srinaath,Masood Shahrukh Khan,Ramalingam Rohit,1,1,0,run,0,,,135/3
1149559,1,16,1,Akkil Srinaath,Masood Shahrukh Khan,Ravichandran Ashwin,1,1,0,run,0,,,136/3
1149559,1,16,2,Masood Shahrukh Khan,Akkil Srinaath,Ravichandran Ashwin,1,0,1,wide,0,,,137/3
1149559,1,16,3,Masood Shahrukh Khan,Akkil Srinaath,Ravichandran Ashwin,1,1,0,run,0,,,138/3
1149559,1,16,4,Akkil Srinaath,Masood Shahrukh Khan,Ravichandran Ashwin,1,1,0,run,0,,,139/3
1149559,1,16,5,Masood Shahrukh Khan,Akkil Srinaath,Ravichandran Ashwin,1,1,0,run,0,,,140/3
1149559,1,16,6,Akkil Srinaath,Masood Shahrukh Khan,Ravichandran Ashwin,1,1,0,run,0,,,141/3
1149559,1,16,7,Masood Shahrukh Khan,Akkil Srinaath,Ravichandran Ashwin,2,2,0,run,0,,,143/3
1149559,1,17,1,Akkil Srinaath,Masood Shahrukh Khan,Adithya Arun,1,1,0,run,0,,,144/3
1149559,1,17,2,Masood Shahrukh Khan,Akkil Srinaath,Adithya Arun,0,0,0,no run,0,,,144/3
1149559,1,17,3,Masood Shahrukh Khan,Akkil Srinaath,Adithya Arun,1,1,0,run,0,,,145/3
1149559,1,17,4,Akkil Srinaath,Masood Shahrukh Khan,Adithya Arun,4,4,0,four,0,,,149/3
1149559,1,17,5,Akkil Srinaath,Masood Shahrukh Khan,Adithya Arun,0,0,0,no run,0,,,149/3
1149559,1,17,6,Akkil Srinaath,Masood Shahrukh Khan,Adithya Arun,4,4,0,four,0,,,153/3
1149559,1,18,1,Masood Shahrukh Khan,Akkil Srinaath,Ramalingam Rohit,4,4,0,four,0,,,157/3
1149559,1,18,2,Masood Shahrukh Khan,Akkil Srinaath,Ramalingam Rohit,1,1,0,run,0,,,158/3
1149559,1,18,3,Akkil Srinaath,Masood Shahrukh Khan,Ramalingam Rohit,1,1,0,run,0,,,159/3
1149559,1,18,4,Masood Shahrukh Khan,Akkil Srinaath,Ramalingam Rohit,6,6,0,six,0,,,165/3
1149559,1,18,5,Masood Shahrukh Khan,Akkil Srinaath,Ramalingam Rohit,4,4,0,four,0,,,169/3
1149559,1,18,6,Masood Shahrukh Khan,Akkil Srinaath,Ramalingam Rohit,1,1,0,run,0,,,170/3
1149559,1,19,1,Masood Shahrukh Khan,Akkil Srinaath,M Mohammed,4,4,0,four,0,,,174/3
1149559,1,19,2,Masood Shahrukh Khan,Akkil Srinaath,M Mohammed,0,0,0,out,1,caught,Masood Shahrukh Khan,174/4
1149559,1,19,3,Wenseslaus Antony Dhas,Akkil Srinaath,M Mohammed,1,1,0,run,0,,,175/4
1149559,1,19,4,Akkil Srinaath,Wenseslaus Antony Dhas,M Mohammed,0,0,0,no run,0,,,175/4
1149559,1,19,5,Akkil Srinaath,Wenseslaus Antony Dhas,M Mohammed,0,0,0,no run,0,,,175/4
1149559,1,19,6,Akkil Srinaath,Wenseslaus Antony Dhas,M Mohammed,1,1,0,run,0,,,176/4
1149559,1,20,1,Akkil Srinaath,Wenseslaus Antony Dhas,Jagannathan Kaushik,0,0,0,no run,0,,,176/4
1149559,1,20,2,Akkil Srinaath,Wenseslaus Antony Dhas,Jagannathan Kaushik,1,1,0,run,0,,,177/4
1149559,1,20,3,Wenseslaus Antony Dhas,Akkil Srinaath,Jagannathan Kaushik,0,0,0,out,1,caught,Wenseslaus Antony Dhas,177/5
1149559,1,20,4,Ashwin Venkataraman,Akkil Srinaath,Jagannathan Kaushik,1,0,1,wide,0,,,178/5
1149559,1,20,5,Akkil Srinaath,Ashwin Venkataraman,Jagannathan Kaushik,1,1,0,run,0,,,179/5
1149559,1,20,6,Ashwin Venkataraman,Akkil Srinaath,Jagannathan Kaushik,2,2,0,run,0,,,181/5
1149559,1,20,7,Ashwin Venkataraman,Akkil Srinaath,Jagannathan Kaushik,4,4,0,four,0,,,185/5
1149559,2,1,1,Narayan Jagadeesan,0,Wenseslaus Antony Dhas,1,1,0,run,0,,,1/0
1149559,2,1,2,Chezhian Nishaanth,Narayan Jagadeesan,Wenseslaus Antony Dhas,6,6,0,six,0,,,7/0
1149559,2,1,3,Chezhian Nishaanth,Narayan Jagadeesan,Wenseslaus Antony Dhas,1,1,0,run,0,,,8/0
1149559,2,1,4,Narayan Jagadeesan,Chezhian Nishaanth,Wenseslaus Antony Dhas,4,4,0,four,0,,,12/0
1149559,2,1,5,Narayan Jagadeesan,Chezhian Nishaanth,Wenseslaus Antony Dhas,1,1,0,run,0,,,13/0
1149559,2,1,6,Chezhian Nishaanth,Narayan Jagadeesan,Wenseslaus Antony Dhas,6,6,0,six,0,,,19/0
1149559,2,2,1,Narayan Jagadeesan,Chezhian Nishaanth,Krishnamoorthy Vignesh,0,0,0,no run,0,,,19/0
1149559,2,2,2,Narayan Jagadeesan,Chezhian Nishaanth,Krishnamoorthy Vignesh,1,1,0,run,0,,,20/0
1149559,2,2,3,Chezhian Nishaanth,Narayan Jagadeesan,Krishnamoorthy Vignesh,1,0,1,leg bye,0,,,21/0
1149559,2,2,4,Narayan Jagadeesan,Chezhian Nishaanth,Krishnamoorthy Vignesh,2,2,0,run,0,,,23/0
1149559,2,2,5,Narayan Jagadeesan,Chezhian Nishaanth,Krishnamoorthy Vignesh,0,0,0,no run,0,,,23/0
1149559,2,2,6,Narayan Jagadeesan,Chezhian Nishaanth,Krishnamoorthy Vignesh,0,0,0,no run,0,,,23/0
1149559,2,3,1,Chezhian Nishaanth,Narayan Jagadeesan,M Raja,5,0,5,wide,0,,,28/0
1149559,2,3,2,Chezhian Nishaanth,Narayan Jagadeesan,M Raja,4,4,0,four,0,,,32/0
1149559,2,3,3,Chezhian Nishaanth,Narayan Jagadeesan,M Raja,1,1,0,run,0,,,33/0
1149559,2,3,4,Narayan Jagadeesan,Chezhian Nishaanth,M Raja,1,1,0,run,0,,,34/0
1149559,2,3,5,Chezhian Nishaanth,Narayan Jagadeesan,M Raja,1,1,0,run,0,,,35/0
1149559,2,3,6,Narayan Jagadeesan,Chezhian Nishaanth,M Raja,0,0,0,no run,0,,,35/0
1149559,2,3,7,Narayan Jagadeesan,Chezhian Nishaanth,M Raja,1,1,0,run,0,,,36/0
1149559,2,4,1,Narayan Jagadeesan,Chezhian Nishaanth,Krishnamoorthy Vignesh,0,0,0,no run,0,,,36/0
1149559,2,4,2,Narayan Jagadeesan,Chezhian Nishaanth,Krishnamoorthy Vignesh,6,6,0,six,0,,,42/0
1149559,2,4,3,Narayan Jagadeesan,Chezhian Nishaanth,Krishnamoorthy Vignesh,1,1,0,run,0,,,43/0
1149559,2,4,4,Chezhian Nishaanth,Narayan Jagadeesan,Krishnamoorthy Vignesh,0,0,0,no run,0,,,43/0
1149559,2,4,5,Chezhian Nishaanth,Narayan Jagadeesan,Krishnamoorthy Vignesh,0,0,0,out,1,caught,Chezhian Nishaanth,43/1
1149559,2,4,6,Narayan Jagadeesan,N Sarangarajan Chaturved,Krishnamoorthy Vignesh,1,1,0,run,0,,,44/1
1149559,2,5,1,Narayan Jagadeesan,N Sarangarajan Chaturved,M Raja,1,1,0,run,0,,,45/1
1149559,2,5,2,N Sarangarajan Chaturved,Narayan Jagadeesan,M Raja,0,0,0,no run,0,,,45/1
1149559,2,5,3,N Sarangarajan Chaturved,Narayan Jagadeesan,M Raja,0,0,0,no run,0,,,45/1
1149559,2,5,4,N Sarangarajan Chaturved,Narayan Jagadeesan,M Raja,4,4,0,four,0,,,49/1
1149559,2,5,5,N Sarangarajan Chaturved,Narayan Jagadeesan,M Raja,1,1,0,run,0,,,50/1
1149559,2,5,6,Narayan Jagadeesan,N Sarangarajan Chaturved,M Raja,4,4,0,four,0,,,54/1
1149559,2,6,1,N Sarangarajan Chaturved,Narayan Jagadeesan,Krishnamoorthy Vignesh,6,6,0,six,0,,,60/1
1149559,2,6,2,N Sarangarajan Chaturved,Narayan Jagadeesan,Krishnamoorthy Vignesh,6,6,0,six,0,,,66/1
1149559,2,6,3,N Sarangarajan Chaturved,Narayan Jagadeesan,Krishnamoorthy Vignesh,4,4,0,four,0,,,70/1
1149559,2,6,4,N Sarangarajan Chaturved,Narayan Jagadeesan,Krishnamoorthy Vignesh,1,1,0,run,0,,,71/1
1149559,2,6,5,Narayan Jagadeesan,N Sarangarajan Chaturved,Krishnamoorthy Vignesh,4,4,0,four,0,,,75/1
1149559,2,6,6,Narayan Jagadeesan,N Sarangarajan Chaturved,Krishnamoorthy Vignesh,1,1,0,run,0,,,76/1
1149559,2,7,1,Narayan Jagadeesan,N Sarangarajan Chaturved,M Suresh Babu,1,1,0,run,0,,,77/1
1149559,2,7,2,N Sarangarajan Chaturved,Narayan Jagadeesan,M Suresh Babu,1,1,0,run,0,,,78/1
1149559,2,7,3,Narayan Jagadeesan,N Sarangarajan Chaturved,M Suresh Babu,1,1,0,run,0,,,79/1
1149559,2,7,4,N Sarangarajan Chaturved,Narayan Jagadeesan,M Suresh Babu,1,1,0,run,0,,,80/1
1149559,2,7,5,Narayan Jagadeesan,N Sarangarajan Chaturved,M Suresh Babu,1,1,0,run,0,,,81/1
1149559,2,7,6,N Sarangarajan Chaturved,Narayan Jagadeesan,M Suresh Babu,4,4,0,four,0,,,85/1
1149559,2,8,1,Narayan Jagadeesan,N Sarangarajan Chaturved,M Prasanth Rajesh,0,0,0,no run,0,,,85/1
1149559,2,8,2,Narayan Jagadeesan,N Sarangarajan Chaturved,M Prasanth Rajesh,1,1,0,run,0,,,86/1
1149559,2,8,3,N Sarangarajan Chaturved,Narayan Jagadeesan,M Prasanth Rajesh,0,0,0,no run,0,,,86/1
1149559,2,8,4,N Sarangarajan Chaturved,Narayan Jagadeesan,M Prasanth Rajesh,1,1,0,run,0,,,87/1
1149559,2,8,5,Narayan Jagadeesan,N Sarangarajan Chaturved,M Prasanth Rajesh,1,1,0,run,0,,,88/1
1149559,2,8,6,N Sarangarajan Chaturved,Narayan Jagadeesan,M Prasanth Rajesh,1,1,0,run,0,,,89/1
1149559,2,9,1,N Sarangarajan Chaturved,Narayan Jagadeesan,Akkil Srinaath,1,1,0,run,0,,,90/1
1149559,2,9,2,Narayan Jagadeesan,N Sarangarajan Chaturved,Akkil Srinaath,1,1,0,run,0,,,91/1
1149559,2,9,3,N Sarangarajan Chaturved,Narayan Jagadeesan,Akkil Srinaath,6,6,0,six,0,,,97/1
1149559,2,9,4,N Sarangarajan Chaturved,Narayan Jagadeesan,Akkil Srinaath,1,1,0,run,0,,,98/1
1149559,2,9,5,Narayan Jagadeesan,N Sarangarajan Chaturved,Akkil Srinaath,2,2,0,run,0,,,100/1
1149559,2,9,6,Narayan Jagadeesan,N Sarangarajan Chaturved,Akkil Srinaath,1,1,0,run,0,,,101/1
1149559,2,10,1,Narayan Jagadeesan,N Sarangarajan Chaturved,M Prasanth Rajesh,2,2,0,run,0,,,103/1
1149559,2,10,2,Narayan Jagadeesan,N Sarangarajan Chaturved,M Prasanth Rajesh,0,0,0,no run,0,,,103/1
1149559,2,10,3,Narayan Jagadeesan,N Sarangarajan Chaturved,M Prasanth Rajesh,1,1,0,run,0,,,104/1
1149559,2,10,4,N Sarangarajan Chaturved,Narayan Jagadeesan,M Prasanth Rajesh,4,4,0,four,0,,,108/1
1149559,2,10,5,N Sarangarajan Chaturved,Narayan Jagadeesan,M Prasanth Rajesh,0,0,0,no run,0,,,108/1
1149559,2,10,6,N Sarangarajan Chaturved,Narayan Jagadeesan,M Prasanth Rajesh,1,1,0,run,0,,,109/1
1149559,2,11,1,N Sarangarajan Chaturved,Narayan Jagadeesan,M Suresh Babu,1,1,0,run,0,,,110/1
1149559,2,11,2,Narayan Jagadeesan,N Sarangarajan Chaturved,M Suresh Babu,0,0,0,no run,0,,,110/1
1149559,2,11,3,Narayan Jagadeesan,N Sarangarajan Chaturved,M Suresh Babu,1,1,0,run,0,,,111/1
1149559,2,11,4,N Sarangarajan Chaturved,Narayan Jagadeesan,M Suresh Babu,0,0,0,no run,0,,,111/1
1149559,2,11,5,N Sarangarajan Chaturved,Narayan Jagadeesan,M Suresh Babu,1,0,1,wide,0,,,112/1
1149559,2,11,6,N Sarangarajan Chaturved,Narayan Jagadeesan,M Suresh Babu,0,0,0,no run,0,,,112/1
1149559,2,11,7,N Sarangarajan Chaturved,Narayan Jagadeesan,M Suresh Babu,1,1,0,run,0,,,113/1
1149559,2,12,1,N Sarangarajan Chaturved,Narayan Jagadeesan,M Raja,1,1,0,run,0,,,114/1
1149559,2,12,2,Narayan Jagadeesan,N Sarangarajan Chaturved,M Raja,0,0,0,no run,0,,,114/1
1149559,2,12,3,Narayan Jagadeesan,N Sarangarajan Chaturved,M Raja,0,0,0,no run,0,,,114/1
1149559,2,12,4,Narayan Jagadeesan,N Sarangarajan Chaturved,M Raja,1,1,0,run,0,,,115/1
1149559,2,12,5,N Sarangarajan Chaturved,Narayan Jagadeesan,M Raja,1,1,0,run,0,,,116/1
1149559,2,12,6,Narayan Jagadeesan,N Sarangarajan Chaturved,M Raja,1,1,0,run,0,,,117/1
1149559,2,13,1,Narayan Jagadeesan,N Sarangarajan Chaturved,M Suresh Babu,4,4,0,four,0,,,121/1
1149559,2,13,2,Narayan Jagadeesan,N Sarangarajan Chaturved,M Suresh Babu,1,1,0,run,0,,,122/1
1149559,2,13,3,N Sarangarajan Chaturved,Narayan Jagadeesan,M Suresh Babu,0,0,0,no run,0,,,122/1
1149559,2,13,4,N Sarangarajan Chaturved,Narayan Jagadeesan,M Suresh Babu,6,6,0,six,0,,,128/1
1149559,2,13,5,N Sarangarajan Chaturved,Narayan Jagadeesan,M Suresh Babu,4,4,0,four,0,,,132/1
1149559,2,13,6,N Sarangarajan Chaturved,Narayan Jagadeesan,M Suresh Babu,1,1,0,run,0,,,133/1
1149559,2,14,1,N Sarangarajan Chaturved,Narayan Jagadeesan,Wenseslaus Antony Dhas,6,6,0,six,0,,,139/1
1149559,2,14,2,N Sarangarajan Chaturved,Narayan Jagadeesan,Wenseslaus Antony Dhas,1,1,0,run,0,,,140/1
1149559,2,14,3,Narayan Jagadeesan,N Sarangarajan Chaturved,Wenseslaus Antony Dhas,1,1,0,run,0,,,141/1
1149559,2,14,4,N Sarangarajan Chaturved,Narayan Jagadeesan,Wenseslaus Antony Dhas,0,0,0,no run,0,,,141/1
1149559,2,14,5,N Sarangarajan Chaturved,Narayan Jagadeesan,Wenseslaus Antony Dhas,6,6,0,six,0,,,147/1
1149559,2,14,6,N Sarangarajan Chaturved,Narayan Jagadeesan,Wenseslaus Antony Dhas,1,1,0,run,0,,,148/1
1149559,2,15,1,N Sarangarajan Chaturved,Narayan Jagadeesan,M Prasanth Rajesh,0,0,0,out,1,caught,N Sarangarajan Chaturved,148/2
1149559,2,15,2,Narayan Jagadeesan,0,M Prasanth Rajesh,1,1,0,run,0,,,149/2
1149559,2,15,3,Balchander Anirudh,Narayan Jagadeesan,M Prasanth Rajesh,0,0,0,no run,0,,,149/2
1149559,2,15,4,Balchander Anirudh,Narayan Jagadeesan,M Prasanth Rajesh,4,4,0,four,0,,,153/2
1149559,2,15,5,Balchander Anirudh,Narayan Jagadeesan,M Prasanth Rajesh,1,1,0,run,0,,,154/2
1149559,2,15,6,Narayan Jagadeesan,Balchander Anirudh,M Prasanth Rajesh,0,0,0,no run,0,,,154/2
1149559,2,16,1,Balchander Anirudh,Narayan Jagadeesan,Masood Shahrukh Khan,4,4,0,four,0,,,158/2
1149559,2,16,2,Balchander Anirudh,Narayan Jagadeesan,Masood Shahrukh Khan,1,1,0,run,0,,,159/2
1149559,2,16,3,Narayan Jagadeesan,Balchander Anirudh,Masood Shahrukh Khan,1,0,1,wide,0,,,160/2
1149559,2,16,4,Narayan Jagadeesan,Balchander Anirudh,Masood Shahrukh Khan,1,1,0,run,0,,,161/2
1149559,2,16,5,Balchander Anirudh,Narayan Jagadeesan,Masood Shahrukh Khan,1,1,0,run,0,,,162/2
1149559,2,16,6,Narayan Jagadeesan,Balchander Anirudh,Masood Shahrukh Khan,1,1,0,run,0,,,163/2
1149559,2,16,7,Balchander Anirudh,Narayan Jagadeesan,Masood Shahrukh Khan,0,0,0,no run,0,,,163/2
1149559,2,17,1,Narayan Jagadeesan,Balchander Anirudh,Krishnamoorthy Vignesh,0,0,0,no run,0,,,163/2
1149559,2,17,2,Narayan Jagadeesan,Balchander Anirudh,Krishnamoorthy Vignesh,2,2,0,run,0,,,165/2
1149559,2,17,3,Narayan Jagadeesan,Balchander Anirudh,Krishnamoorthy Vignesh,4,4,0,four,0,,,169/2
1149559,2,17,4,Narayan Jagadeesan,Balchander Anirudh,Krishnamoorthy Vignesh,0,0,0,no run,0,,,169/2
1149559,2,17,5,Narayan Jagadeesan,Balchander Anirudh,Krishnamoorthy Vignesh,1,1,0,run,0,,,170/2
1149559,2,17,6,Balchander Anirudh,Narayan Jagadeesan,Krishnamoorthy Vignesh,1,1,0,run,0,,,171/2
1149559,2,18,1,Balchander Anirudh,Narayan Jagadeesan,M Prasanth Rajesh,6,6,0,six,0,,,177/2
1149559,2,18,2,Balchander Anirudh,Narayan Jagadeesan,M Prasanth Rajesh,6,6,0,six,0,,,183/2
1149559,2,18,3,Balchander Anirudh,Narayan Jagadeesan,M Prasanth Rajesh,1,1,0,run,0,,,184/2
1149559,2,18,4,Narayan Jagadeesan,Balchander Anirudh,M Prasanth Rajesh,6,6,0,six,0,,,190/2
1149560,1,1,1,K Vishal Vaidhya,0,Vijaykumar Yo Mahesh,1,1,0,run,0,,,1/0
1149560,1,1,2,S Siddharth,K Vishal Vaidhya,Vijaykumar Yo Mahesh,0,0,0,no run,0,,,1/0
1149560,1,1,3,S Siddharth,K Vishal Vaidhya,Vijaykumar Yo Mahesh,0,0,0,no run,0,,,1/0
1149560,1,1,4,S Siddharth,K Vishal Vaidhya,Vijaykumar Yo Mahesh,0,0,0,no run,0,,,1/0
1149560,1,1,5,S Siddharth,K Vishal Vaidhya,Vijaykumar Yo Mahesh,0,0,0,out,1,caught,S Siddharth,1/1
1149560,1,1,6,K Vishal Vaidhya,Baba Aparajith,Vijaykumar Yo Mahesh,0,0,0,no run,0,,,1/1
1149560,1,2,1,Baba Aparajith,K Vishal Vaidhya,Velidi Lakshman,0,0,0,no run,0,,,1/1
1149560,1,2,2,Baba Aparajith,K Vishal Vaidhya,Velidi Lakshman,4,4,0,four,0,,,5/1
1149560,1,2,3,Baba Aparajith,K Vishal Vaidhya,Velidi Lakshman,0,0,0,no run,0,,,5/1
1149560,1,2,4,Baba Aparajith,K Vishal Vaidhya,Velidi Lakshman,0,0,0,out,1,caught,Baba Aparajith,5/2
1149560,1,2,5,Suresh Lokeshwar,K Vishal Vaidhya,Velidi Lakshman,1,1,0,run,0,,,6/2
1149560,1,2,6,K Vishal Vaidhya,Suresh Lokeshwar,Velidi Lakshman,1,0,1,leg bye,0,,,7/2
1149560,1,3,1,K Vishal Vaidhya,Suresh Lokeshwar,Vijaykumar Yo Mahesh,0,0,0,no run,0,,,7/2
1149560,1,3,2,K Vishal Vaidhya,Suresh Lokeshwar,Vijaykumar Yo Mahesh,0,0,0,no run,0,,,7/2
1149560,1,3,3,K Vishal Vaidhya,Suresh Lokeshwar,Vijaykumar Yo Mahesh,0,0,0,no run,0,,,7/2
1149560,1,3,4,K Vishal Vaidhya,Suresh Lokeshwar,Vijaykumar Yo Mahesh,4,4,0,four,0,,,11/2
1149560,1,3,5,K Vishal Vaidhya,Suresh Lokeshwar,Vijaykumar Yo Mahesh,1,1,0,run,0,,,12/2
1149560,1,3,6,Suresh Lokeshwar,K Vishal Vaidhya,Vijaykumar Yo Mahesh,1,0,1,wide,0,,,13/2
1149560,1,3,7,Suresh Lokeshwar,K Vishal Vaidhya,Vijaykumar Yo Mahesh,1,1,0,run,0,,,14/2
1149560,1,4,1,Suresh Lokeshwar,K Vishal Vaidhya,Velidi Lakshman,1,1,0,run,0,,,15/2
1149560,1,4,2,K Vishal Vaidhya,Suresh Lokeshwar,Velidi Lakshman,6,6,0,six,0,,,21/2
1149560,1,4,3,K Vishal Vaidhya,Suresh Lokeshwar,Velidi Lakshman,4,4,0,four,0,,,25/2
1149560,1,4,4,K Vishal Vaidhya,Suresh Lokeshwar,Velidi Lakshman,1,1,0,run,0,,,26/2
1149560,1,4,5,Suresh Lokeshwar,K Vishal Vaidhya,Velidi Lakshman,0,0,0,out,1,caught,Suresh Lokeshwar,26/3
1149560,1,4,6,U Mukilesh,K Vishal Vaidhya,Velidi Lakshman,1,1,0,run,0,,,27/3
1149560,1,5,1,U Mukilesh,K Vishal Vaidhya,S Swaminathan,0,0,0,no run,0,,,27/3
1149560,1,5,2,U Mukilesh,K Vishal Vaidhya,S Swaminathan,4,4,0,four,0,,,31/3
1149560,1,5,3,U Mukilesh,K Vishal Vaidhya,S Swaminathan,0,0,0,no run,0,,,31/3
1149560,1,5,4,U Mukilesh,K Vishal Vaidhya,S Swaminathan,0,0,0,no run,0,,,31/3
1149560,1,5,5,U Mukilesh,K Vishal Vaidhya,S Swaminathan,1,1,0,run,0,,,32/3
1149560,1,5,6,K Vishal Vaidhya,U Mukilesh,S Swaminathan,1,0,1,wide,0,,,33/3
1149560,1,5,7,K Vishal Vaidhya,U Mukilesh,S Swaminathan,1,0,1,wide,0,,,34/3
1149560,1,5,8,K Vishal Vaidhya,U Mukilesh,S Swaminathan,1,1,0,run,0,,,35/3
1149560,1,6,1,K Vishal Vaidhya,U Mukilesh,S Mohan Prasath,6,6,0,six,0,,,41/3
1149560,1,6,2,K Vishal Vaidhya,U Mukilesh,S Mohan Prasath,1,1,0,run,0,,,42/3
1149560,1,6,3,U Mukilesh,K Vishal Vaidhya,S Mohan Prasath,1,1,0,run,0,,,43/3
1149560,1,6,4,K Vishal Vaidhya,U Mukilesh,S Mohan Prasath,1,1,0,run,0,,,44/3
1149560,1,6,5,U Mukilesh,K Vishal Vaidhya,S Mohan Prasath,0,0,0,out,1,leg before wicket,U Mukilesh,44/4
1149560,1,6,6,V Subramania Siva,K Vishal Vaidhya,S Mohan Prasath,0,0,0,no run,0,,,44/4
1149560,1,7,1,K Vishal Vaidhya,V Subramania Siva,S Swaminathan,1,1,0,run,0,,,45/4
1149560,1,7,2,V Subramania Siva,K Vishal Vaidhya,S Swaminathan,0,0,0,no run,0,,,45/4
1149560,1,7,3,V Subramania Siva,K Vishal Vaidhya,S Swaminathan,1,1,0,run,0,,,46/4
1149560,1,7,4,K Vishal Vaidhya,V Subramania Siva,S Swaminathan,1,0,1,wide,0,,,47/4
1149560,1,7,5,K Vishal Vaidhya,V Subramania Siva,S Swaminathan,1,1,0,run,0,,,48/4
1149560,1,7,6,V Subramania Siva,K Vishal Vaidhya,S Swaminathan,1,0,1,wide,0,,,49/4
1149560,1,7,7,V Subramania Siva,K Vishal Vaidhya,S Swaminathan,1,1,0,run,0,,,50/4
1149560,1,7,8,K Vishal Vaidhya,V Subramania Siva,S Swaminathan,1,1,0,run,0,,,51/4
1149560,1,8,1,K Vishal Vaidhya,V Subramania Siva,S Mohan Prasath,1,1,0,run,0,,,52/4
1149560,1,8,2,V Subramania Siva,K Vishal Vaidhya,S Mohan Prasath,1,1,0,run,0,,,53/4
1149560,1,8,3,K Vishal Vaidhya,V Subramania Siva,S Mohan Prasath,1,1,0,run,0,,,54/4
1149560,1,8,4,V Subramania Siva,K Vishal Vaidhya,S Mohan Prasath,1,1,0,run,0,,,55/4
1149560,1,8,5,K Vishal Vaidhya,V Subramania Siva,S Mohan Prasath,0,0,0,no run,0,,,55/4
1149560,1,8,6,K Vishal Vaidhya,V Subramania Siva,S Mohan Prasath,1,1,0,run,0,,,56/4
1149560,1,9,1,K Vishal Vaidhya,V Subramania Siva,R Rajkumar,1,1,0,run,0,,,57/4
1149560,1,9,2,V Subramania Siva,K Vishal Vaidhya,R Rajkumar,0,0,0,no run,0,,,57/4
1149560,1,9,3,V Subramania Siva,K Vishal Vaidhya,R Rajkumar,1,1,0,run,0,,,58/4
1149560,1,9,4,K Vishal Vaidhya,V Subramania Siva,R Rajkumar,1,1,0,run,0,,,59/4
1149560,1,9,5,V Subramania Siva,K Vishal Vaidhya,R Rajkumar,1,1,0,run,0,,,60/4
1149560,1,9,6,K Vishal Vaidhya,V Subramania Siva,R Rajkumar,0,0,0,no run,0,,,60/4
1149560,1,10,1,V Subramania Siva,K Vishal Vaidhya,Maan K Bafna,0,0,0,no run,0,,,60/4
1149560,1,10,2,V Subramania Siva,K Vishal Vaidhya,Maan K Bafna,1,0,1,wide,0,,,61/4
1149560,1,10,3,V Subramania Siva,K Vishal Vaidhya,Maan K Bafna,0,0,0,no run,0,,,61/4
1149560,1,10,4,V Subramania Siva,K Vishal Vaidhya,Maan K Bafna,1,1,0,run,0,,,62/4
1149560,1,10,5,K Vishal Vaidhya,V Subramania Siva,Maan K Bafna,1,1,0,run,0,,,63/4
1149560,1,10,6,V Subramania Siva,K Vishal Vaidhya,Maan K Bafna,0,0,0,no run,0,,,63/4
1149560,1,10,7,V Subramania Siva,K Vishal Vaidhya,Maan K Bafna,1,1,0,run,0,,,64/4
1149560,1,11,1,V Subramania Siva,K Vishal Vaidhya,R Rajkumar,1,1,0,run,0,,,65/4
1149560,1,11,2,K Vishal Vaidhya,V Subramania Siva,R Rajkumar,1,1,0,run,0,,,66/4
1149560,1,11,3,V Subramania Siva,K Vishal Vaidhya,R Rajkumar,1,1,0,run,0,,,67/4
1149560,1,11,4,K Vishal Vaidhya,V Subramania Siva,R Rajkumar,0,0,0,no run,0,,,67/4
1149560,1,11,5,K Vishal Vaidhya,V Subramania Siva,R Rajkumar,1,1,0,run,0,,,68/4
1149560,1,11,6,V Subramania Siva,K Vishal Vaidhya,R Rajkumar,1,1,0,run,0,,,69/4
1149560,1,12,1,V Subramania Siva,K Vishal Vaidhya,Maan K Bafna,1,1,0,run,0,,,70/4
1149560,1,12,2,K Vishal Vaidhya,V Subramania Siva,Maan K Bafna,0,0,0,no run,0,,,70/4
1149560,1,12,3,K Vishal Vaidhya,V Subramania Siva,Maan K Bafna,1,1,0,run,0,,,71/4
1149560,1,12,4,V Subramania Siva,K Vishal Vaidhya,Maan K Bafna,1,1,0,run,0,,,72/4
1149560,1,12,5,K Vishal Vaidhya,V Subramania Siva,Maan K Bafna,1,1,0,run,0,,,73/4
1149560,1,12,6,V Subramania Siva,K Vishal Vaidhya,Maan K Bafna,1,1,0,run,0,,,74/4
1149560,1,13,1,V Subramania Siva,K Vishal Vaidhya,R Rajkumar,1,1,0,run,0,,,75/4
1149560,1,13,2,K Vishal Vaidhya,V Subramania Siva,R Rajkumar,1,1,0,run,0,,,76/4
1149560,1,13,3,V Subramania Siva,K Vishal Vaidhya,R Rajkumar,1,1,0,run,0,,,77/4
1149560,1,13,4,K Vishal Vaidhya,V Subramania Siva,R Rajkumar,0,0,0,out,1,caught,K Vishal Vaidhya,77/5
1149560,1,13,5,Ramsingh  Sanjay Yadav,V Subramania Siva,R Rajkumar,0,0,0,no run,0,,,77/5
1149560,1,13,6,Ramsingh  Sanjay Yadav,V Subramania Siva,R Rajkumar,1,1,0,run,0,,,78/5
1149560,1,14,1,Ramsingh  Sanjay Yadav,V Subramania Siva,Maan K Bafna,0,0,0,no run,0,,,78/5
1149560,1,14,2,Ramsingh  Sanjay Yadav,V Subramania Siva,Maan K Bafna,0,0,0,no run,0,,,78/5
1149560,1,14,3,Ramsingh  Sanjay Yadav,V Subramania Siva,Maan K Bafna,1,1,0,run,0,,,79/5
1149560,1,14,4,V Subramania Siva,Ramsingh  Sanjay Yadav,Maan K Bafna,1,1,0,run,0,,,80/5
1149560,1,14,5,Ramsingh  Sanjay Yadav,V Subramania Siva,Maan K Bafna,6,6,0,six,0,,,86/5
1149560,1,14,6,Ramsingh  Sanjay Yadav,V Subramania Siva,Maan K Bafna,1,1,0,run,0,,,87/5
1149560,1,15,1,Ramsingh  Sanjay Yadav,V Subramania Siva,S Swaminathan,0,0,0,no run,0,,,87/5
1149560,1,15,2,Ramsingh  Sanjay Yadav,V Subramania Siva,S Swaminathan,0,0,0,no run,0,,,87/5
1149560,1,15,3,Ramsingh  Sanjay Yadav,V Subramania Siva,S Swaminathan,6,6,0,six,0,,,93/5
1149560,1,15,4,Ramsingh  Sanjay Yadav,V Subramania Siva,S Swaminathan,6,6,0,six,0,,,99/5
1149560,1,15,5,Ramsingh  Sanjay Yadav,V Subramania Siva,S Swaminathan,6,6,0,six,0,,,105/5
1149560,1,15,6,Ramsingh  Sanjay Yadav,V Subramania Siva,S Swaminathan,0,0,0,out,1,caught,Ramsingh  Sanjay Yadav,105/6
1149560,1,16,1,Sridhar Ashwath,V Subramania Siva,S Mohan Prasath,1,1,0,run,0,,,106/6
1149560,1,16,2,V Subramania Siva,Sridhar Ashwath,S Mohan Prasath,0,0,0,no run,0,,,106/6
1149560,1,16,3,V Subramania Siva,Sridhar Ashwath,S Mohan Prasath,1,1,0,run,0,,,107/6
1149560,1,16,4,Sridhar Ashwath,V Subramania Siva,S Mohan Prasath,0,0,0,no run,0,,,107/6
1149560,1,16,5,Sridhar Ashwath,V Subramania Siva,S Mohan Prasath,1,1,0,run,0,,,108/6
1149560,1,16,6,V Subramania Siva,Sridhar Ashwath,S Mohan Prasath,0,0,0,out,1,caught,V Subramania Siva,108/7
1149560,1,17,1,Sridhar Ashwath,0,Vijaykumar Yo Mahesh,1,1,0,run,0,,,109/7
1149560,1,17,2,Sunil Sam,Sridhar Ashwath,Vijaykumar Yo Mahesh,0,0,0,no run,0,,,109/7
1149560,1,17,3,Sunil Sam,Sridhar Ashwath,Vijaykumar Yo Mahesh,1,1,0,run,0,,,110/7
1149560,1,17,4,Sridhar Ashwath,Sunil Sam,Vijaykumar Yo Mahesh,0,0,0,no run,0,,,110/7
1149560,1,17,5,Sridhar Ashwath,Sunil Sam,Vijaykumar Yo Mahesh,1,1,0,run,0,,,111/7
1149560,1,17,6,Sunil Sam,Sridhar Ashwath,Vijaykumar Yo Mahesh,0,0,0,no run,0,,,111/7
1149560,1,18,1,Sridhar Ashwath,Sunil Sam,Velidi Lakshman,1,1,0,run,0,,,112/7
1149560,1,18,2,Sunil Sam,Sridhar Ashwath,Velidi Lakshman,0,0,0,no run,0,,,112/7
1149560,1,18,3,Sunil Sam,Sridhar Ashwath,Velidi Lakshman,4,4,0,four,0,,,116/7
1149560,1,18,4,Sunil Sam,Sridhar Ashwath,Velidi Lakshman,6,6,0,six,0,,,122/7
1149560,1,18,5,Sunil Sam,Sridhar Ashwath,Velidi Lakshman,2,2,0,run,0,,,124/7
1149560,1,18,6,Sunil Sam,Sridhar Ashwath,Velidi Lakshman,6,6,0,six,0,,,130/7
1149560,1,19,1,Sridhar Ashwath,Sunil Sam,R Rajkumar,2,2,0,run,0,,,132/7
1149560,1,19,2,Sridhar Ashwath,Sunil Sam,R Rajkumar,0,0,0,out,1,run out,Sunil Sam,132/8
1149560,1,19,3,Sridhar Ashwath,0,R Rajkumar,1,1,0,run,0,,,133/8
1149560,1,19,4,Raju Aushik Srinivas,Sridhar Ashwath,R Rajkumar,0,0,0,no run,0,,,133/8
1149560,1,19,5,Raju Aushik Srinivas,Sridhar Ashwath,R Rajkumar,0,0,0,no run,0,,,133/8
1149560,1,19,6,Raju Aushik Srinivas,Sridhar Ashwath,R Rajkumar,1,1,0,run,0,,,134/8
1149560,1,20,1,Raju Aushik Srinivas,Sridhar Ashwath,Vijaykumar Yo Mahesh,1,0,1,leg bye,0,,,135/8
1149560,1,20,2,Sridhar Ashwath,Raju Aushik Srinivas,Vijaykumar Yo Mahesh,1,1,0,run,0,,,136/8
1149560,1,20,3,Raju Aushik Srinivas,Sridhar Ashwath,Vijaykumar Yo Mahesh,1,1,0,run,0,,,137/8
1149560,1,20,4,Sridhar Ashwath,Raju Aushik Srinivas,Vijaykumar Yo Mahesh,0,0,0,no run,0,,,137/8
1149560,1,20,5,Sridhar Ashwath,Raju Aushik Srinivas,Vijaykumar Yo Mahesh,4,4,0,four,0,,,141/8
1149560,1,20,6,Sridhar Ashwath,Raju Aushik Srinivas,Vijaykumar Yo Mahesh,4,4,0,four,0,,,145/8
1149560,2,1,1,0,0,Sridhar Ashwath,0,0,0,no run,0,,,0/0
1149560,2,1,2,0,0,Sridhar Ashwath,1,1,0,run,0,,,1/0
1149560,2,1,3,Srikkanth Anirudha,0,Sridhar Ashwath,1,1,0,run,0,,,2/0
1149560,2,1,4,0,Srikkanth Anirudha,Sridhar Ashwath,4,4,0,four,0,,,6/0
1149560,2,1,5,0,Srikkanth Anirudha,Sridhar Ashwath,0,0,0,no run,0,,,6/0
1149560,2,1,6,0,Srikkanth Anirudha,Sridhar Ashwath,0,0,0,no run,0,,,6/0
1149560,2,2,1,Srikkanth Anirudha,0,Sunil Sam,2,2,0,run,0,,,8/0
1149560,2,2,2,Srikkanth Anirudha,0,Sunil Sam,0,0,0,no run,0,,,8/0
1149560,2,2,3,Srikkanth Anirudha,0,Sunil Sam,0,0,0,no run,0,,,8/0
1149560,2,2,4,Srikkanth Anirudha,0,Sunil Sam,4,4,0,four,0,,,12/0
1149560,2,2,5,Srikkanth Anirudha,0,Sunil Sam,1,1,0,run,0,,,13/0
1149560,2,2,6,0,Srikkanth Anirudha,Sunil Sam,0,0,0,no run,0,,,13/0
1149560,2,3,1,Srikkanth Anirudha,0,Sridhar Ashwath,1,1,0,run,0,,,14/0
1149560,2,3,2,0,Srikkanth Anirudha,Sridhar Ashwath,0,0,0,out,1,,,14/1
1149560,2,3,3,Maan K Bafna,Srikkanth Anirudha,Sridhar Ashwath,0,0,0,no run,0,,,14/1
1149560,2,3,4,Maan K Bafna,Srikkanth Anirudha,Sridhar Ashwath,0,0,0,no run,0,,,14/1
1149560,2,3,5,Maan K Bafna,Srikkanth Anirudha,Sridhar Ashwath,1,1,0,run,0,,,15/1
1149560,2,3,6,Srikkanth Anirudha,Maan K Bafna,Sridhar Ashwath,0,0,0,no run,0,,,15/1
1149560,2,4,1,Maan K Bafna,Srikkanth Anirudha,Sunil Sam,0,0,0,no run,0,,,15/1
1149560,2,4,2,Maan K Bafna,Srikkanth Anirudha,Sunil Sam,4,4,0,four,0,,,19/1
1149560,2,4,3,Maan K Bafna,Srikkanth Anirudha,Sunil Sam,1,1,0,run,0,,,20/1
1149560,2,4,4,Srikkanth Anirudha,Maan K Bafna,Sunil Sam,0,0,0,no run,0,,,20/1
1149560,2,4,5,Srikkanth Anirudha,Maan K Bafna,Sunil Sam,0,0,0,no run,0,,,20/1
1149560,2,4,6,Srikkanth Anirudha,Maan K Bafna,Sunil Sam,1,0,1,leg bye,0,,,21/1
1149560,2,5,1,Srikkanth Anirudha,Maan K Bafna,Sridhar Ashwath,0,0,0,no run,0,,,21/1
1149560,2,5,2,Srikkanth Anirudha,Maan K Bafna,Sridhar Ashwath,6,6,0,six,0,,,27/1
1149560,2,5,3,Srikkanth Anirudha,Maan K Bafna,Sridhar Ashwath,0,0,0,no run,0,,,27/1
1149560,2,5,4,Srikkanth Anirudha,Maan K Bafna,Sridhar Ashwath,6,6,0,six,0,,,33/1
1149560,2,5,5,Srikkanth Anirudha,Maan K Bafna,Sridhar Ashwath,4,4,0,four,0,,,37/1
1149560,2,5,6,Srikkanth Anirudha,Maan K Bafna,Sridhar Ashwath,6,6,0,six,0,,,43/1
1149560,2,6,1,Maan K Bafna,Srikkanth Anirudha,Raju Aushik Srinivas,0,0,0,no run,0,,,43/1
1149560,2,6,2,Maan K Bafna,Srikkanth Anirudha,Raju Aushik Srinivas,1,0,1,leg bye,0,,,44/1
1149560,2,6,3,Srikkanth Anirudha,Maan K Bafna,Raju Aushik Srinivas,6,6,0,six,0,,,50/1
1149560,2,6,4,Srikkanth Anirudha,Maan K Bafna,Raju Aushik Srinivas,1,1,0,run,0,,,51/1
1149560,2,6,5,Maan K Bafna,Srikkanth Anirudha,Raju Aushik Srinivas,0,0,0,no run,0,,,51/1
1149560,2,6,6,Maan K Bafna,Srikkanth Anirudha,Raju Aushik Srinivas,1,1,0,run,0,,,52/1
1149560,2,7,1,Maan K Bafna,Srikkanth Anirudha,Ragupathy Silambarasan,0,0,0,no run,0,,,52/1
1149560,2,7,2,Maan K Bafna,Srikkanth Anirudha,Ragupathy Silambarasan,1,1,0,run,0,,,53/1
1149560,2,7,3,Srikkanth Anirudha,Maan K Bafna,Ragupathy Silambarasan,6,6,0,six,0,,,59/1
1149560,2,7,4,Srikkanth Anirudha,Maan K Bafna,Ragupathy Silambarasan,0,0,0,no run,0,,,59/1
1149560,2,7,5,Srikkanth Anirudha,Maan K Bafna,Ragupathy Silambarasan,0,0,0,no run,0,,,59/1
1149560,2,7,6,Srikkanth Anirudha,Maan K Bafna,Ragupathy Silambarasan,2,2,0,run,0,,,61/1
1149560,2,8,1,Maan K Bafna,Srikkanth Anirudha,Raju Aushik Srinivas,6,6,0,six,0,,,67/1
1149560,2,8,2,Maan K Bafna,Srikkanth Anirudha,Raju Aushik Srinivas,2,2,0,run,0,,,69/1
1149560,2,8,3,Maan K Bafna,Srikkanth Anirudha,Raju Aushik Srinivas,1,1,0,run,0,,,70/1
1149560,2,8,4,Srikkanth Anirudha,Maan K Bafna,Raju Aushik Srinivas,1,1,0,run,0,,,71/1
1149560,2,8,5,Maan K Bafna,Srikkanth Anirudha,Raju Aushik Srinivas,1,1,0,run,0,,,72/1
1149560,2,8,6,Srikkanth Anirudha,Maan K Bafna,Raju Aushik Srinivas,0,0,0,no run,0,,,72/1
1149560,2,9,1,Maan K Bafna,Srikkanth Anirudha,Ramsingh  Sanjay Yadav,4,4,0,four,0,,,76/1
1149560,2,9,2,Maan K Bafna,Srikkanth Anirudha,Ramsingh  Sanjay Yadav,1,1,0,run,0,,,77/1
1149560,2,9,3,Srikkanth Anirudha,Maan K Bafna,Ramsingh  Sanjay Yadav,1,1,0,run,0,,,78/1
1149560,2,9,4,Maan K Bafna,Srikkanth Anirudha,Ramsingh  Sanjay Yadav,0,0,0,no run,0,,,78/1
1149560,2,9,5,Maan K Bafna,Srikkanth Anirudha,Ramsingh  Sanjay Yadav,0,0,0,no run,0,,,78/1
1149560,2,9,6,Maan K Bafna,Srikkanth Anirudha,Ramsingh  Sanjay Yadav,1,1,0,run,0,,,79/1
1149560,2,10,1,Maan K Bafna,Srikkanth Anirudha,Sunil Sam,1,0,1,wide,0,,,80/1
1149560,2,10,2,Maan K Bafna,Srikkanth Anirudha,Sunil Sam,0,0,0,no run,0,,,80/1
1149560,2,10,3,Maan K Bafna,Srikkanth Anirudha,Sunil Sam,0,0,0,no run,0,,,80/1
1149560,2,10,4,Maan K Bafna,Srikkanth Anirudha,Sunil Sam,0,0,0,out,1,caught,Maan K Bafna,80/2
1149560,2,10,5,Rajhamany Srinivasan,Srikkanth Anirudha,Sunil Sam,1,1,0,run,0,,,81/2
1149560,2,10,6,Srikkanth Anirudha,Rajhamany Srinivasan,Sunil Sam,0,0,0,no run,0,,,81/2
1149560,2,10,7,Srikkanth Anirudha,Rajhamany Srinivasan,Sunil Sam,0,0,0,no run,0,,,81/2
1149560,2,11,1,Rajhamany Srinivasan,Srikkanth Anirudha,Ramsingh  Sanjay Yadav,0,0,0,no run,0,,,81/2
1149560,2,11,2,Rajhamany Srinivasan,Srikkanth Anirudha,Ramsingh  Sanjay Yadav,1,1,0,run,0,,,82/2
1149560,2,11,3,Srikkanth Anirudha,Rajhamany Srinivasan,Ramsingh  Sanjay Yadav,1,1,0,run,0,,,83/2
1149560,2,11,4,Rajhamany Srinivasan,Srikkanth Anirudha,Ramsingh  Sanjay Yadav,0,0,0,no run,0,,,83/2
1149560,2,11,5,Rajhamany Srinivasan,Srikkanth Anirudha,Ramsingh  Sanjay Yadav,0,0,0,no run,0,,,83/2
1149560,2,11,6,Rajhamany Srinivasan,Srikkanth Anirudha,Ramsingh  Sanjay Yadav,1,1,0,run,0,,,84/2
1149560,2,12,1,Rajhamany Srinivasan,Srikkanth Anirudha,Sunil Sam,1,1,0,run,0,,,85/2
1149560,2,12,2,Srikkanth Anirudha,Rajhamany Srinivasan,Sunil Sam,1,1,0,run,0,,,86/2
1149560,2,12,3,Rajhamany Srinivasan,Srikkanth Anirudha,Sunil Sam,1,1,0,run,0,,,87/2
1149560,2,12,4,Srikkanth Anirudha,Rajhamany Srinivasan,Sunil Sam,4,4,0,four,0,,,91/2
1149560,2,12,5,Srikkanth Anirudha,Rajhamany Srinivasan,Sunil Sam,1,1,0,run,0,,,92/2
1149560,2,12,6,Rajhamany Srinivasan,Srikkanth Anirudha,Sunil Sam,0,0,0,no run,0,,,92/2
1149560,2,13,1,Srikkanth Anirudha,Rajhamany Srinivasan,Ramsingh  Sanjay Yadav,2,2,0,run,0,,,94/2
1149560,2,13,2,Srikkanth Anirudha,Rajhamany Srinivasan,Ramsingh  Sanjay Yadav,1,1,0,run,0,,,95/2
1149560,2,13,3,Rajhamany Srinivasan,Srikkanth Anirudha,Ramsingh  Sanjay Yadav,6,6,0,six,0,,,101/2
1149560,2,13,4,Rajhamany Srinivasan,Srikkanth Anirudha,Ramsingh  Sanjay Yadav,1,1,0,run,0,,,102/2
1149560,2,13,5,Srikkanth Anirudha,Rajhamany Srinivasan,Ramsingh  Sanjay Yadav,0,0,0,no run,0,,,102/2
1149560,2,13,6,Srikkanth Anirudha,Rajhamany Srinivasan,Ramsingh  Sanjay Yadav,1,0,1,wide,0,,,103/2
1149560,2,13,7,Srikkanth Anirudha,Rajhamany Srinivasan,Ramsingh  Sanjay Yadav,1,0,1,wide,0,,,104/2
1149560,2,13,8,Srikkanth Anirudha,Rajhamany Srinivasan,Ramsingh  Sanjay Yadav,1,1,0,run,0,,,105/2
1149560,2,14,1,Srikkanth Anirudha,Rajhamany Srinivasan,Raju Aushik Srinivas,2,2,0,run,0,,,107/2
1149560,2,14,2,Srikkanth Anirudha,Rajhamany Srinivasan,Raju Aushik Srinivas,1,1,0,run,0,,,108/2
1149560,2,14,3,Rajhamany Srinivasan,Srikkanth Anirudha,Raju Aushik Srinivas,1,1,0,run,0,,,109/2
1149560,2,14,4,Srikkanth Anirudha,Rajhamany Srinivasan,Raju Aushik Srinivas,2,2,0,run,0,,,111/2
1149560,2,14,5,Srikkanth Anirudha,Rajhamany Srinivasan,Raju Aushik Srinivas,1,1,0,run,0,,,112/2
1149560,2,14,6,Rajhamany Srinivasan,Srikkanth Anirudha,Raju Aushik Srinivas,1,1,0,run,0,,,113/2
1149560,2,15,1,Rajhamany Srinivasan,Srikkanth Anirudha,Ragupathy Silambarasan,0,0,0,no run,0,,,113/2
1149560,2,15,2,Rajhamany Srinivasan,Srikkanth Anirudha,Ragupathy Silambarasan,1,1,0,run,0,,,114/2
1149560,2,15,3,Srikkanth Anirudha,Rajhamany Srinivasan,Ragupathy Silambarasan,4,4,0,four,0,,,118/2
1149560,2,15,4,Srikkanth Anirudha,Rajhamany Srinivasan,Ragupathy Silambarasan,4,4,0,four,0,,,122/2
1149560,2,15,5,Srikkanth Anirudha,Rajhamany Srinivasan,Ragupathy Silambarasan,4,4,0,four,0,,,126/2
1149560,2,15,6,Srikkanth Anirudha,Rajhamany Srinivasan,Ragupathy Silambarasan,6,6,0,six,0,,,132/2
1149560,2,16,1,Rajhamany Srinivasan,Srikkanth Anirudha,Raju Aushik Srinivas,1,1,0,run,0,,,133/2
1149560,2,16,2,Srikkanth Anirudha,Rajhamany Srinivasan,Raju Aushik Srinivas,1,1,0,run,0,,,134/2
1149560,2,16,3,Rajhamany Srinivasan,Srikkanth Anirudha,Raju Aushik Srinivas,1,1,0,run,0,,,135/2
1149560,2,16,4,Srikkanth Anirudha,Rajhamany Srinivasan,Raju Aushik Srinivas,1,1,0,run,0,,,136/2
1149560,2,16,5,Rajhamany Srinivasan,Srikkanth Anirudha,Raju Aushik Srinivas,1,1,0,run,0,,,137/2
1149560,2,16,6,Srikkanth Anirudha,Rajhamany Srinivasan,Raju Aushik Srinivas,1,1,0,run,0,,,138/2
1149560,2,17,1,Srikkanth Anirudha,Rajhamany Srinivasan,Ramsingh  Sanjay Yadav,1,1,0,run,0,,,139/2
1149560,2,17,2,Rajhamany Srinivasan,Srikkanth Anirudha,Ramsingh  Sanjay Yadav,1,1,0,run,0,,,140/2
1149560,2,17,3,Srikkanth Anirudha,Rajhamany Srinivasan,Ramsingh  Sanjay Yadav,6,6,0,six,0,,,146/2
1149561,1,1,1,Kaushik Mohan Gandhi,0,Krishnamoorthy Vignesh,0,0,0,no run,0,,,0/0
1149561,1,1,2,Kaushik Mohan Gandhi,0,Krishnamoorthy Vignesh,1,1,0,run,0,,,1/0
1149561,1,1,3,S Dinesh,Kaushik Mohan Gandhi,Krishnamoorthy Vignesh,0,0,0,no run,0,,,1/0
1149561,1,1,4,S Dinesh,Kaushik Mohan Gandhi,Krishnamoorthy Vignesh,0,0,0,no run,0,,,1/0
1149561,1,1,5,S Dinesh,Kaushik Mohan Gandhi,Krishnamoorthy Vignesh,1,1,0,run,0,,,2/0
1149561,1,1,6,Kaushik Mohan Gandhi,S Dinesh,Krishnamoorthy Vignesh,1,1,0,run,0,,,3/0
1149561,1,2,1,Kaushik Mohan Gandhi,S Dinesh,Thangarasu Natarajan,0,0,0,no run,0,,,3/0
1149561,1,2,2,Kaushik Mohan Gandhi,S Dinesh,Thangarasu Natarajan,4,4,0,four,0,,,7/0
1149561,1,2,3,Kaushik Mohan Gandhi,S Dinesh,Thangarasu Natarajan,0,0,0,no run,0,,,7/0
1149561,1,2,4,Kaushik Mohan Gandhi,S Dinesh,Thangarasu Natarajan,1,1,0,run,0,,,8/0
1149561,1,2,5,S Dinesh,Kaushik Mohan Gandhi,Thangarasu Natarajan,2,2,0,run,0,,,10/0
1149561,1,2,6,S Dinesh,Kaushik Mohan Gandhi,Thangarasu Natarajan,0,0,0,no run,0,,,10/0
1149561,1,3,1,Kaushik Mohan Gandhi,S Dinesh,Krishnamoorthy Vignesh,1,1,0,run,0,,,11/0
1149561,1,3,2,S Dinesh,Kaushik Mohan Gandhi,Krishnamoorthy Vignesh,0,0,0,no run,0,,,11/0
1149561,1,3,3,S Dinesh,Kaushik Mohan Gandhi,Krishnamoorthy Vignesh,4,4,0,four,0,,,15/0
1149561,1,3,4,S Dinesh,Kaushik Mohan Gandhi,Krishnamoorthy Vignesh,4,4,0,four,0,,,19/0
1149561,1,3,5,S Dinesh,Kaushik Mohan Gandhi,Krishnamoorthy Vignesh,0,0,0,no run,0,,,19/0
1149561,1,3,6,S Dinesh,Kaushik Mohan Gandhi,Krishnamoorthy Vignesh,1,1,0,run,0,,,20/0
1149561,1,4,1,S Dinesh,Kaushik Mohan Gandhi,Masood Shahrukh Khan,1,0,1,leg bye,0,,,21/0
1149561,1,4,2,Kaushik Mohan Gandhi,S Dinesh,Masood Shahrukh Khan,4,4,0,four,0,,,25/0
1149561,1,4,3,Kaushik Mohan Gandhi,S Dinesh,Masood Shahrukh Khan,0,0,0,no run,0,,,25/0
1149561,1,4,4,Kaushik Mohan Gandhi,S Dinesh,Masood Shahrukh Khan,6,6,0,six,0,,,31/0
1149561,1,4,5,Kaushik Mohan Gandhi,S Dinesh,Masood Shahrukh Khan,1,0,1,wide,0,,,32/0
1149561,1,4,6,Kaushik Mohan Gandhi,S Dinesh,Masood Shahrukh Khan,1,1,0,run,0,,,33/0
1149561,1,4,7,S Dinesh,Kaushik Mohan Gandhi,Masood Shahrukh Khan,0,0,0,no run,0,,,33/0
1149561,1,5,1,Kaushik Mohan Gandhi,S Dinesh,Krishnamoorthy Vignesh,1,1,0,run,0,,,34/0
1149561,1,5,2,S Dinesh,Kaushik Mohan Gandhi,Krishnamoorthy Vignesh,0,0,0,no run,0,,,34/0
1149561,1,5,3,S Dinesh,Kaushik Mohan Gandhi,Krishnamoorthy Vignesh,4,4,0,four,0,,,38/0
1149561,1,5,4,S Dinesh,Kaushik Mohan Gandhi,Krishnamoorthy Vignesh,1,1,0,run,0,,,39/0
1149561,1,5,5,Kaushik Mohan Gandhi,S Dinesh,Krishnamoorthy Vignesh,0,0,0,no run,0,,,39/0
1149561,1,5,6,Kaushik Mohan Gandhi,S Dinesh,Krishnamoorthy Vignesh,6,6,0,six,0,,,45/0
1149561,1,6,1,S Dinesh,Kaushik Mohan Gandhi,Thangarasu Natarajan,1,1,0,run,0,,,46/0
1149561,1,6,2,Kaushik Mohan Gandhi,S Dinesh,Thangarasu Natarajan,0,0,0,no run,0,,,46/0
1149561,1,6,3,Kaushik Mohan Gandhi,S Dinesh,Thangarasu Natarajan,4,4,0,four,0,,,50/0
1149561,1,6,4,Kaushik Mohan Gandhi,S Dinesh,Thangarasu Natarajan,1,1,0,run,0,,,51/0
1149561,1,6,5,S Dinesh,Kaushik Mohan Gandhi,Thangarasu Natarajan,6,6,0,six,0,,,57/0
1149561,1,6,6,S Dinesh,Kaushik Mohan Gandhi,Thangarasu Natarajan,0,0,0,no run,0,,,57/0
1149561,1,7,1,Kaushik Mohan Gandhi,S Dinesh,Wenseslaus Antony Dhas,1,1,0,run,0,,,58/0
1149561,1,7,2,S Dinesh,Kaushik Mohan Gandhi,Wenseslaus Antony Dhas,1,1,0,run,0,,,59/0
1149561,1,7,3,Kaushik Mohan Gandhi,S Dinesh,Wenseslaus Antony Dhas,1,1,0,run,0,,,60/0
1149561,1,7,4,S Dinesh,Kaushik Mohan Gandhi,Wenseslaus Antony Dhas,1,1,0,run,0,,,61/0
1149561,1,7,5,Kaushik Mohan Gandhi,S Dinesh,Wenseslaus Antony Dhas,2,2,0,run,0,,,63/0
1149561,1,7,6,Kaushik Mohan Gandhi,S Dinesh,Wenseslaus Antony Dhas,6,6,0,six,0,,,69/0
1149561,1,8,1,S Dinesh,Kaushik Mohan Gandhi, Sriram Ajith Ram,1,1,0,run,0,,,70/0
1149561,1,8,2,Kaushik Mohan Gandhi,S Dinesh, Sriram Ajith Ram,1,1,0,run,0,,,71/0
1149561,1,8,3,S Dinesh,Kaushik Mohan Gandhi, Sriram Ajith Ram,1,1,0,run,0,,,72/0
1149561,1,8,4,Kaushik Mohan Gandhi,S Dinesh, Sriram Ajith Ram,1,1,0,run,0,,,73/0
1149561,1,8,5,S Dinesh,Kaushik Mohan Gandhi, Sriram Ajith Ram,6,6,0,six,0,,,79/0
1149561,1,8,6,S Dinesh,Kaushik Mohan Gandhi, Sriram Ajith Ram,1,1,0,run,0,,,80/0
1149561,1,9,1,S Dinesh,Kaushik Mohan Gandhi,M Prasanth Rajesh,2,2,0,run,0,,,82/0
1149561,1,9,2,S Dinesh,Kaushik Mohan Gandhi,M Prasanth Rajesh,6,6,0,six,0,,,88/0
1149561,1,9,3,S Dinesh,Kaushik Mohan Gandhi,M Prasanth Rajesh,1,1,0,run,0,,,89/0
1149561,1,9,4,Kaushik Mohan Gandhi,S Dinesh,M Prasanth Rajesh,0,0,0,out,1,caught,Kaushik Mohan Gandhi,89/1
1149561,1,9,5,S Dinesh,0,M Prasanth Rajesh,0,0,0,no run,0,,,89/1
1149561,1,9,6,S Dinesh,Subramanian Anand,M Prasanth Rajesh,0,0,0,no run,0,,,89/1
1149561,1,10,1,Subramanian Anand,S Dinesh, Sriram Ajith Ram,0,0,0,no run,0,,,89/1
1149561,1,10,2,Subramanian Anand,S Dinesh, Sriram Ajith Ram,0,0,0,no run,0,,,89/1
1149561,1,10,3,Subramanian Anand,S Dinesh, Sriram Ajith Ram,0,0,0,no run,0,,,89/1
1149561,1,10,4,Subramanian Anand,S Dinesh, Sriram Ajith Ram,0,0,0,out,1,bowled,Subramanian Anand,89/2
1149561,1,10,5,Akshay V Srinivasan,S Dinesh, Sriram Ajith Ram,1,1,0,run,0,,,90/2
1149561,1,10,6,S Dinesh,Akshay V Srinivasan, Sriram Ajith Ram,1,1,0,run,0,,,91/2
1149561,1,11,1,S Dinesh,Akshay V Srinivasan,M Prasanth Rajesh,1,1,0,run,0,,,92/2
1149561,1,11,2,Akshay V Srinivasan,S Dinesh,M Prasanth Rajesh,1,1,0,run,0,,,93/2
1149561,1,11,3,S Dinesh,Akshay V Srinivasan,M Prasanth Rajesh,1,1,0,run,0,,,94/2
1149561,1,11,4,Akshay V Srinivasan,S Dinesh,M Prasanth Rajesh,1,1,0,run,0,,,95/2
1149561,1,11,5,S Dinesh,Akshay V Srinivasan,M Prasanth Rajesh,6,6,0,six,0,,,101/2
1149561,1,11,6,S Dinesh,Akshay V Srinivasan,M Prasanth Rajesh,1,1,0,run,0,,,102/2
1149561,1,12,1,S Dinesh,Akshay V Srinivasan, Sriram Ajith Ram,0,0,0,no run,0,,,102/2
1149561,1,12,2,S Dinesh,Akshay V Srinivasan, Sriram Ajith Ram,1,1,0,run,0,,,103/2
1149561,1,12,3,Akshay V Srinivasan,S Dinesh, Sriram Ajith Ram,1,1,0,run,0,,,104/2
1149561,1,12,4,S Dinesh,Akshay V Srinivasan, Sriram Ajith Ram,0,0,0,no run,0,,,104/2
1149561,1,12,5,S Dinesh,Akshay V Srinivasan, Sriram Ajith Ram,1,1,0,run,0,,,105/2
1149561,1,12,6,Akshay V Srinivasan,S Dinesh, Sriram Ajith Ram,1,1,0,run,0,,,106/2
1149561,1,13,1,Akshay V Srinivasan,S Dinesh,Wenseslaus Antony Dhas,0,0,0,no run,0,,,106/2
1149561,1,13,2,Akshay V Srinivasan,S Dinesh,Wenseslaus Antony Dhas,1,1,0,run,0,,,107/2
1149561,1,13,3,S Dinesh,Akshay V Srinivasan,Wenseslaus Antony Dhas,1,0,1,wide,0,,,108/2
1149561,1,13,4,S Dinesh,Akshay V Srinivasan,Wenseslaus Antony Dhas,1,1,0,run,0,,,109/2
1149561,1,13,5,Akshay V Srinivasan,S Dinesh,Wenseslaus Antony Dhas,2,2,0,run,0,,,111/2
1149561,1,13,6,Akshay V Srinivasan,S Dinesh,Wenseslaus Antony Dhas,4,4,0,four,0,,,115/2
1149561,1,13,7,Akshay V Srinivasan,S Dinesh,Wenseslaus Antony Dhas,4,4,0,four,0,,,119/2
1149561,1,14,1,S Dinesh,Akshay V Srinivasan,Masood Shahrukh Khan,1,1,0,run,0,,,120/2
1149561,1,14,2,Akshay V Srinivasan,S Dinesh,Masood Shahrukh Khan,6,6,0,six,0,,,126/2
1149561,1,14,3,Akshay V Srinivasan,S Dinesh,Masood Shahrukh Khan,4,4,0,four,0,,,130/2
1149561,1,14,4,Akshay V Srinivasan,S Dinesh,Masood Shahrukh Khan,4,4,0,four,0,,,134/2
1149561,1,14,5,Akshay V Srinivasan,S Dinesh,Masood Shahrukh Khan,6,6,0,six,0,,,140/2
1149561,1,14,6,Akshay V Srinivasan,S Dinesh,Masood Shahrukh Khan,1,1,0,run,0,,,141/2
1149561,1,15,1,Akshay V Srinivasan,S Dinesh,Krishnamoorthy Vignesh,1,1,0,run,0,,,142/2
1149561,1,15,2,S Dinesh,Akshay V Srinivasan,Krishnamoorthy Vignesh,1,1,0,run,0,,,143/2
1149561,1,15,3,Akshay V Srinivasan,S Dinesh,Krishnamoorthy Vignesh,1,1,0,run,0,,,144/2
1149561,1,15,4,S Dinesh,Akshay V Srinivasan,Krishnamoorthy Vignesh,0,0,0,out,1,caught,S Dinesh,144/3
1149561,1,15,5,Rajagopal Sathish,Akshay V Srinivasan,Krishnamoorthy Vignesh,1,1,0,run,0,,,145/3
1149561,1,15,6,Akshay V Srinivasan,Rajagopal Sathish,Krishnamoorthy Vignesh,1,1,0,run,0,,,146/3
1149561,1,16,1,Akshay V Srinivasan,Rajagopal Sathish, Sriram Ajith Ram,1,1,0,run,0,,,147/3
1149561,1,16,2,Rajagopal Sathish,Akshay V Srinivasan, Sriram Ajith Ram,1,1,0,run,0,,,148/3
1149561,1,16,3,Akshay V Srinivasan,Rajagopal Sathish, Sriram Ajith Ram,4,4,0,four,0,,,152/3
1149561,1,16,4,Akshay V Srinivasan,Rajagopal Sathish, Sriram Ajith Ram,0,0,0,out,1,bowled,Akshay V Srinivasan,152/4
1149561,1,16,5,Malolan Rangarajan,Rajagopal Sathish, Sriram Ajith Ram,0,0,0,no run,0,,,152/4
1149561,1,16,6,Malolan Rangarajan,Rajagopal Sathish, Sriram Ajith Ram,4,4,0,four,0,,,156/4
1149561,1,17,1,Rajagopal Sathish,Malolan Rangarajan,M Prasanth Rajesh,1,1,0,run,0,,,157/4
1149561,1,17,2,Malolan Rangarajan,Rajagopal Sathish,M Prasanth Rajesh,1,1,0,run,0,,,158/4
1149561,1,17,3,Rajagopal Sathish,Malolan Rangarajan,M Prasanth Rajesh,3,3,0,run,0,,,161/4
1149561,1,17,4,Malolan Rangarajan,Rajagopal Sathish,M Prasanth Rajesh,0,0,0,no run,0,,,161/4
1149561,1,17,5,Malolan Rangarajan,Rajagopal Sathish,M Prasanth Rajesh,0,0,0,no run,0,,,161/4
1149561,1,17,6,Malolan Rangarajan,Rajagopal Sathish,M Prasanth Rajesh,1,1,0,run,0,,,162/4
1149561,1,18,1,Malolan Rangarajan,Rajagopal Sathish,Thangarasu Natarajan,0,0,0,no run,0,,,162/4
1149561,1,18,2,Malolan Rangarajan,Rajagopal Sathish,Thangarasu Natarajan,0,0,0,no run,0,,,162/4
1149561,1,18,3,Malolan Rangarajan,Rajagopal Sathish,Thangarasu Natarajan,0,0,0,out,1,caught,Malolan Rangarajan,162/5
1149561,1,18,4,Akash Sumra,Rajagopal Sathish,Thangarasu Natarajan,1,1,0,run,0,,,163/5
1149561,1,18,5,Rajagopal Sathish,Akash Sumra,Thangarasu Natarajan,4,4,0,four,0,,,167/5
1149561,1,18,6,Rajagopal Sathish,Akash Sumra,Thangarasu Natarajan,6,6,0,six,0,,,173/5
1149561,1,19,1,Akash Sumra,Rajagopal Sathish,M Prasanth Rajesh,1,1,0,run,0,,,174/5
1149561,1,19,2,Rajagopal Sathish,Akash Sumra,M Prasanth Rajesh,1,1,0,run,0,,,175/5
1149561,1,19,3,Akash Sumra,Rajagopal Sathish,M Prasanth Rajesh,1,1,0,run,0,,,176/5
1149561,1,19,4,Rajagopal Sathish,Akash Sumra,M Prasanth Rajesh,1,1,0,run,0,,,177/5
1149561,1,19,5,Akash Sumra,Rajagopal Sathish,M Prasanth Rajesh,1,1,0,run,0,,,178/5
1149561,1,19,6,Rajagopal Sathish,Akash Sumra,M Prasanth Rajesh,0,0,0,out,1,caught,Rajagopal Sathish,178/6
1149561,1,20,1,Umashankar Sushil,Akash Sumra,Thangarasu Natarajan,1,1,0,run,0,,,179/6
1149561,1,20,2,Akash Sumra,Umashankar Sushil,Thangarasu Natarajan,0,0,0,no run,0,,,179/6
1149561,1,20,3,Akash Sumra,Umashankar Sushil,Thangarasu Natarajan,1,1,0,run,0,,,180/6
1149561,1,20,4,Umashankar Sushil,Akash Sumra,Thangarasu Natarajan,1,1,0,run,0,,,181/6
1149561,1,20,5,Akash Sumra,Umashankar Sushil,Thangarasu Natarajan,0,0,0,out,1,caught,Akash Sumra,181/7
1149561,1,20,6,M Ganesh Moorthi,Umashankar Sushil,Thangarasu Natarajan,1,1,0,run,0,,,182/7
1149561,2,1,1,Masood Shahrukh Khan,0,Rajagopal Sathish,0,0,0,no run,0,,,0/0
1149561,2,1,2,Masood Shahrukh Khan,0,Rajagopal Sathish,4,4,0,four,0,,,4/0
1149561,2,1,3,Masood Shahrukh Khan,0,Rajagopal Sathish,1,1,0,run,0,,,5/0
1149561,2,1,4,Abhinav Mukund,Masood Shahrukh Khan,Rajagopal Sathish,1,0,1,wide,0,,,6/0
1149561,2,1,5,Abhinav Mukund,Masood Shahrukh Khan,Rajagopal Sathish,1,1,0,run,0,,,7/0
1149561,2,1,6,Masood Shahrukh Khan,Abhinav Mukund,Rajagopal Sathish,4,4,0,four,0,,,11/0
1149561,2,1,7,Masood Shahrukh Khan,Abhinav Mukund,Rajagopal Sathish,0,0,0,no run,0,,,11/0
1149561,2,2,1,Abhinav Mukund,Masood Shahrukh Khan,M Ganesh Moorthi,0,0,0,no run,0,,,11/0
1149561,2,2,2,Abhinav Mukund,Masood Shahrukh Khan,M Ganesh Moorthi,1,1,0,run,0,,,12/0
1149561,2,2,3,Masood Shahrukh Khan,Abhinav Mukund,M Ganesh Moorthi,0,0,0,no run,0,,,12/0
1149561,2,2,4,Masood Shahrukh Khan,Abhinav Mukund,M Ganesh Moorthi,0,0,0,no run,0,,,12/0
1149561,2,2,5,Masood Shahrukh Khan,Abhinav Mukund,M Ganesh Moorthi,0,0,0,no run,0,,,12/0
1149561,2,2,6,Masood Shahrukh Khan,Abhinav Mukund,M Ganesh Moorthi,2,2,0,run,0,,,14/0
1149561,2,3,1,Abhinav Mukund,Masood Shahrukh Khan,Rajagopal Sathish,0,0,0,no run,0,,,14/0
1149561,2,3,2,Abhinav Mukund,Masood Shahrukh Khan,Rajagopal Sathish,1,1,0,run,0,,,15/0
1149561,2,3,3,Masood Shahrukh Khan,Abhinav Mukund,Rajagopal Sathish,1,1,0,run,0,,,16/0
1149561,2,3,4,Abhinav Mukund,Masood Shahrukh Khan,Rajagopal Sathish,0,0,0,no run,0,,,16/0
1149561,2,3,5,Abhinav Mukund,Masood Shahrukh Khan,Rajagopal Sathish,0,0,0,no run,0,,,16/0
1149561,2,3,6,Abhinav Mukund,Masood Shahrukh Khan,Rajagopal Sathish,0,0,0,no run,0,,,16/0
1149561,2,4,1,Masood Shahrukh Khan,Abhinav Mukund,M Ganesh Moorthi,1,1,0,run,0,,,17/0
1149561,2,4,2,Abhinav Mukund,Masood Shahrukh Khan,M Ganesh Moorthi,4,4,0,four,0,,,21/0
1149561,2,4,3,Abhinav Mukund,Masood Shahrukh Khan,M Ganesh Moorthi,1,1,0,run,0,,,22/0
1149561,2,4,4,Masood Shahrukh Khan,Abhinav Mukund,M Ganesh Moorthi,6,6,0,six,0,,,28/0
1149561,2,4,5,Masood Shahrukh Khan,Abhinav Mukund,M Ganesh Moorthi,1,1,0,run,0,,,29/0
1149561,2,4,6,Abhinav Mukund,Masood Shahrukh Khan,M Ganesh Moorthi,1,1,0,run,0,,,30/0
1149561,2,5,1,Abhinav Mukund,Masood Shahrukh Khan,Rajagopal Sathish,4,4,0,four,0,,,34/0
1149561,2,5,2,Abhinav Mukund,Masood Shahrukh Khan,Rajagopal Sathish,1,1,0,run,0,,,35/0
1149561,2,5,3,Masood Shahrukh Khan,Abhinav Mukund,Rajagopal Sathish,1,1,0,run,0,,,36/0
1149561,2,5,4,Abhinav Mukund,Masood Shahrukh Khan,Rajagopal Sathish,0,0,0,no run,0,,,36/0
1149561,2,5,5,Abhinav Mukund,Masood Shahrukh Khan,Rajagopal Sathish,1,1,0,run,0,,,37/0
1149561,2,5,6,Masood Shahrukh Khan,Abhinav Mukund,Rajagopal Sathish,1,1,0,run,0,,,38/0
1149561,2,6,1,Masood Shahrukh Khan,Abhinav Mukund,Ravisrinivasan Sai Kishore,1,1,0,run,0,,,39/0
1149561,2,6,2,Abhinav Mukund,Masood Shahrukh Khan,Ravisrinivasan Sai Kishore,1,0,1,leg bye,0,,,40/0
1149561,2,6,3,Masood Shahrukh Khan,Abhinav Mukund,Ravisrinivasan Sai Kishore,0,0,0,no run,0,,,40/0
1149561,2,6,4,Masood Shahrukh Khan,Abhinav Mukund,Ravisrinivasan Sai Kishore,0,0,0,no run,0,,,40/0
1149561,2,6,5,Masood Shahrukh Khan,Abhinav Mukund,Ravisrinivasan Sai Kishore,0,0,0,out,1,caught,Masood Shahrukh Khan,40/1
1149561,2,6,6,Abhinav Mukund,Wenseslaus Antony Dhas,Ravisrinivasan Sai Kishore,1,1,0,run,0,,,41/1
1149561,2,7,1,Abhinav Mukund,Wenseslaus Antony Dhas,Rajagopal Sathish,1,1,0,run,0,,,42/1
1149561,2,7,2,Wenseslaus Antony Dhas,Abhinav Mukund,Rajagopal Sathish,1,1,0,run,0,,,43/1
1149561,2,7,3,Abhinav Mukund,Wenseslaus Antony Dhas,Rajagopal Sathish,0,0,0,no run,0,,,43/1
1149561,2,7,4,Abhinav Mukund,Wenseslaus Antony Dhas,Rajagopal Sathish,1,1,0,run,0,,,44/1
1149561,2,7,5,Wenseslaus Antony Dhas,Abhinav Mukund,Rajagopal Sathish,1,1,0,run,0,,,45/1
1149561,2,7,6,Abhinav Mukund,Wenseslaus Antony Dhas,Rajagopal Sathish,1,1,0,run,0,,,46/1
1149561,2,8,1,Abhinav Mukund,Wenseslaus Antony Dhas,V Athisayaraj Davidson,2,2,0,run,0,,,48/1
1149561,2,8,2,Abhinav Mukund,Wenseslaus Antony Dhas,V Athisayaraj Davidson,0,0,0,out,1,caught,Abhinav Mukund,48/2
1149561,2,8,3,Pradosh Ranjan Paul,Wenseslaus Antony Dhas,V Athisayaraj Davidson,0,0,0,no run,0,,,48/2
1149561,2,8,4,Pradosh Ranjan Paul,Wenseslaus Antony Dhas,V Athisayaraj Davidson,1,1,0,run,0,,,49/2
1149561,2,8,5,Wenseslaus Antony Dhas,Pradosh Ranjan Paul,V Athisayaraj Davidson,1,1,0,run,0,,,50/2
1149561,2,8,6,Pradosh Ranjan Paul,Wenseslaus Antony Dhas,V Athisayaraj Davidson,1,0,1,wide,0,,,51/2
1149561,2,8,7,Pradosh Ranjan Paul,Wenseslaus Antony Dhas,V Athisayaraj Davidson,0,0,0,no run,0,,,51/2
1149561,2,9,1,Wenseslaus Antony Dhas,Pradosh Ranjan Paul,Ravisrinivasan Sai Kishore,6,6,0,six,0,,,57/2
1149561,2,9,2,Wenseslaus Antony Dhas,Pradosh Ranjan Paul,Ravisrinivasan Sai Kishore,1,1,0,run,0,,,58/2
1149561,2,9,3,Pradosh Ranjan Paul,Wenseslaus Antony Dhas,Ravisrinivasan Sai Kishore,1,1,0,run,0,,,59/2
1149561,2,9,4,Wenseslaus Antony Dhas,Pradosh Ranjan Paul,Ravisrinivasan Sai Kishore,1,1,0,run,0,,,60/2
1149561,2,9,5,Pradosh Ranjan Paul,Wenseslaus Antony Dhas,Ravisrinivasan Sai Kishore,1,1,0,run,0,,,61/2
1149561,2,9,6,Wenseslaus Antony Dhas,Pradosh Ranjan Paul,Ravisrinivasan Sai Kishore,2,2,0,run,0,,,63/2
1149561,2,10,1,Pradosh Ranjan Paul,Wenseslaus Antony Dhas,V Athisayaraj Davidson,0,0,0,out,1,caught,Pradosh Ranjan Paul,63/3
1149561,2,10,2,Wenseslaus Antony Dhas,0,V Athisayaraj Davidson,1,1,0,run,0,,,64/3
1149561,2,10,3,Akkil Srinaath,Wenseslaus Antony Dhas,V Athisayaraj Davidson,1,1,0,run,0,,,65/3
1149561,2,10,4,Wenseslaus Antony Dhas,Akkil Srinaath,V Athisayaraj Davidson,2,1,1,run,0,,,67/3
1149561,2,10,5,Akkil Srinaath,Wenseslaus Antony Dhas,V Athisayaraj Davidson,6,6,0,six,0,,,73/3
1149561,2,10,6,Akkil Srinaath,Wenseslaus Antony Dhas,V Athisayaraj Davidson,0,0,0,no run,0,,,73/3
1149561,2,10,7,Akkil Srinaath,Wenseslaus Antony Dhas,V Athisayaraj Davidson,1,1,0,run,0,,,74/3
1149561,2,11,1,Akkil Srinaath,Wenseslaus Antony Dhas,Akash Sumra,0,0,0,no run,0,,,74/3
1149561,2,11,2,Akkil Srinaath,Wenseslaus Antony Dhas,Akash Sumra,0,0,0,no run,0,,,74/3
1149561,2,11,3,Akkil Srinaath,Wenseslaus Antony Dhas,Akash Sumra,0,0,0,no run,0,,,74/3
1149561,2,11,4,Akkil Srinaath,Wenseslaus Antony Dhas,Akash Sumra,4,4,0,four,0,,,78/3
1149561,2,11,5,Akkil Srinaath,Wenseslaus Antony Dhas,Akash Sumra,1,1,0,run,0,,,79/3
1149561,2,11,6,Wenseslaus Antony Dhas,Akkil Srinaath,Akash Sumra,0,0,0,no run,0,,,79/3
1149561,2,12,1,Akkil Srinaath,Wenseslaus Antony Dhas,Ravisrinivasan Sai Kishore,1,1,0,run,0,,,80/3
1149561,2,12,2,Wenseslaus Antony Dhas,Akkil Srinaath,Ravisrinivasan Sai Kishore,4,4,0,four,0,,,84/3
1149561,2,12,3,Wenseslaus Antony Dhas,Akkil Srinaath,Ravisrinivasan Sai Kishore,1,1,0,run,0,,,85/3
1149561,2,12,4,Akkil Srinaath,Wenseslaus Antony Dhas,Ravisrinivasan Sai Kishore,6,6,0,six,0,,,91/3
1149561,2,12,5,Akkil Srinaath,Wenseslaus Antony Dhas,Ravisrinivasan Sai Kishore,1,1,0,run,0,,,92/3
1149561,2,12,6,Wenseslaus Antony Dhas,Akkil Srinaath,Ravisrinivasan Sai Kishore,0,0,0,no run,0,,,92/3
1149561,2,13,1,Akkil Srinaath,Wenseslaus Antony Dhas,Akash Sumra,1,1,0,run,0,,,93/3
1149561,2,13,2,Wenseslaus Antony Dhas,Akkil Srinaath,Akash Sumra,0,0,0,no run,0,,,93/3
1149561,2,13,3,Wenseslaus Antony Dhas,Akkil Srinaath,Akash Sumra,0,0,0,out,1,caught,Wenseslaus Antony Dhas,93/4
1149561,2,13,4,Akkil Srinaath,0,Akash Sumra,1,1,0,run,0,,,94/4
1149561,2,13,5,Ashwin Venkataraman,Akkil Srinaath,Akash Sumra,1,1,0,run,0,,,95/4
1149561,2,13,6,Akkil Srinaath,Ashwin Venkataraman,Akash Sumra,6,6,0,six,0,,,101/4
1149561,2,14,1,Ashwin Venkataraman,Akkil Srinaath,Malolan Rangarajan,1,1,0,run,0,,,102/4
1149561,2,14,2,Akkil Srinaath,Ashwin Venkataraman,Malolan Rangarajan,6,6,0,six,0,,,108/4
1149561,2,14,3,Akkil Srinaath,Ashwin Venkataraman,Malolan Rangarajan,0,0,0,no run,0,,,108/4
1149561,2,14,4,Akkil Srinaath,Ashwin Venkataraman,Malolan Rangarajan,0,0,0,no run,0,,,108/4
1149561,2,14,5,Akkil Srinaath,Ashwin Venkataraman,Malolan Rangarajan,0,0,0,no run,0,,,108/4
1149561,2,14,6,Akkil Srinaath,Ashwin Venkataraman,Malolan Rangarajan,0,0,0,out,1,hit wicket,Akkil Srinaath,108/5
1149561,2,15,1,Ashwin Venkataraman,0,Akash Sumra,1,1,0,run,0,,,109/5
1149561,2,15,2,Ravi Kumar Rohith,Ashwin Venkataraman,Akash Sumra,1,1,0,run,0,,,110/5
1149561,2,15,3,Ashwin Venkataraman,Ravi Kumar Rohith,Akash Sumra,0,0,0,out,1,caught,Ashwin Venkataraman,110/6
1149561,2,15,4,Ravi Kumar Rohith,0,Akash Sumra,1,1,0,run,0,,,111/6
1149561,2,15,5,M Prasanth Rajesh,Ravi Kumar Rohith,Akash Sumra,4,4,0,four,0,,,115/6
1149561,2,15,6,M Prasanth Rajesh,Ravi Kumar Rohith,Akash Sumra,1,1,0,run,0,,,116/6
1149561,2,16,1,M Prasanth Rajesh,Ravi Kumar Rohith,M Ganesh Moorthi,1,1,0,run,0,,,117/6
1149561,2,16,2,Ravi Kumar Rohith,M Prasanth Rajesh,M Ganesh Moorthi,1,1,0,run,0,,,118/6
1149561,2,16,3,M Prasanth Rajesh,Ravi Kumar Rohith,M Ganesh Moorthi,1,1,0,run,0,,,119/6
1149561,2,16,4,Ravi Kumar Rohith,M Prasanth Rajesh,M Ganesh Moorthi,6,6,0,six,0,,,125/6
1149561,2,16,5,Ravi Kumar Rohith,M Prasanth Rajesh,M Ganesh Moorthi,0,0,0,no run,0,,,125/6
1149561,2,16,6,Ravi Kumar Rohith,M Prasanth Rajesh,M Ganesh Moorthi,6,6,0,six,0,,,131/6
1149561,2,17,1,M Prasanth Rajesh,Ravi Kumar Rohith,Ravisrinivasan Sai Kishore,0,0,0,no run,0,,,131/6
1149561,2,17,2,M Prasanth Rajesh,Ravi Kumar Rohith,Ravisrinivasan Sai Kishore,1,1,0,run,0,,,132/6
1149561,2,17,3,Ravi Kumar Rohith,M Prasanth Rajesh,Ravisrinivasan Sai Kishore,6,6,0,six,0,,,138/6
1149561,2,17,4,Ravi Kumar Rohith,M Prasanth Rajesh,Ravisrinivasan Sai Kishore,1,1,0,run,0,,,139/6
1149561,2,17,5,M Prasanth Rajesh,Ravi Kumar Rohith,Ravisrinivasan Sai Kishore,1,1,0,run,0,,,140/6
1149561,2,17,6,Ravi Kumar Rohith,M Prasanth Rajesh,Ravisrinivasan Sai Kishore,2,2,0,run,0,,,142/6
1149561,2,18,1,M Prasanth Rajesh,Ravi Kumar Rohith,V Athisayaraj Davidson,6,6,0,six,0,,,148/6
1149561,2,18,2,M Prasanth Rajesh,Ravi Kumar Rohith,V Athisayaraj Davidson,1,1,0,run,0,,,149/6
1149561,2,18,3,Ravi Kumar Rohith,M Prasanth Rajesh,V Athisayaraj Davidson,1,1,0,run,0,,,150/6
1149561,2,18,4,M Prasanth Rajesh,Ravi Kumar Rohith,V Athisayaraj Davidson,1,1,0,run,0,,,151/6
1149561,2,18,5,Ravi Kumar Rohith,M Prasanth Rajesh,V Athisayaraj Davidson,0,0,0,out,1,leg before wicket,Ravi Kumar Rohith,151/7
1149561,2,18,6, Sriram Ajith Ram,M Prasanth Rajesh,V Athisayaraj Davidson,1,1,0,run,0,,,152/7
1149561,2,19,1, Sriram Ajith Ram,M Prasanth Rajesh,Akash Sumra,1,1,0,run,0,,,153/7
1149561,2,19,2,M Prasanth Rajesh, Sriram Ajith Ram,Akash Sumra,2,2,0,run,0,,,155/7
1149561,2,19,3,M Prasanth Rajesh, Sriram Ajith Ram,Akash Sumra,2,2,0,run,0,,,157/7
1149561,2,19,4,M Prasanth Rajesh, Sriram Ajith Ram,Akash Sumra,0,0,0,out,1,caught,M Prasanth Rajesh,157/8
1149561,2,19,5, Sriram Ajith Ram,0,Akash Sumra,4,4,0,four,0,,,161/8
1149561,2,19,6, Sriram Ajith Ram,Krishnamoorthy Vignesh,Akash Sumra,1,1,0,run,0,,,162/8
1149561,2,20,1, Sriram Ajith Ram,Krishnamoorthy Vignesh,V Athisayaraj Davidson,3,3,0,run,0,,,165/8
1149561,2,20,2,Krishnamoorthy Vignesh, Sriram Ajith Ram,V Athisayaraj Davidson,1,1,0,run,0,,,166/8
1149561,2,20,3, Sriram Ajith Ram,Krishnamoorthy Vignesh,V Athisayaraj Davidson,4,4,0,four,0,,,170/8
1149561,2,20,4, Sriram Ajith Ram,Krishnamoorthy Vignesh,V Athisayaraj Davidson,0,0,0,no run,0,,,170/8
1149561,2,20,5, Sriram Ajith Ram,Krishnamoorthy Vignesh,V Athisayaraj Davidson,0,0,0,no run,0,,,170/8
1149561,2,20,6, Sriram Ajith Ram,Krishnamoorthy Vignesh,V Athisayaraj Davidson,1,1,0,run,0,,,171/8
1149562,1,1,1,0,0,B Arun,0,0,0,no run,0,,,0/0
1149562,1,1,2,0,0,B Arun,0,0,0,no run,0,,,0/0
1149562,1,1,3,0,0,B Arun,1,1,0,run,0,,,1/0
1149562,1,1,4,Srikkanth Anirudha,0,B Arun,4,4,0,four,0,,,5/0
1149562,1,1,5,Srikkanth Anirudha,0,B Arun,1,1,0,run,0,,,6/0
1149562,1,1,6,0,Srikkanth Anirudha,B Arun,0,0,0,no run,0,,,6/0
1149562,1,2,1,Srikkanth Anirudha,0,Murugan Ashwin,4,4,0,four,0,,,10/0
1149562,1,2,2,Srikkanth Anirudha,0,Murugan Ashwin,0,0,0,no run,0,,,10/0
1149562,1,2,3,Srikkanth Anirudha,0,Murugan Ashwin,6,6,0,six,0,,,16/0
1149562,1,2,4,Srikkanth Anirudha,0,Murugan Ashwin,1,1,0,run,0,,,17/0
1149562,1,2,5,0,Srikkanth Anirudha,Murugan Ashwin,1,1,0,run,0,,,18/0
1149562,1,2,6,Srikkanth Anirudha,0,Murugan Ashwin,1,1,0,run,0,,,19/0
1149562,1,3,1,Srikkanth Anirudha,0,R Vishaal,4,4,0,four,0,,,23/0
1149562,1,3,2,Srikkanth Anirudha,0,R Vishaal,1,0,1,leg bye,0,,,24/0
1149562,1,3,3,0,Srikkanth Anirudha,R Vishaal,0,0,0,no run,0,,,24/0
1149562,1,3,4,0,Srikkanth Anirudha,R Vishaal,0,0,0,no run,0,,,24/0
1149562,1,3,5,0,Srikkanth Anirudha,R Vishaal,1,1,0,run,0,,,25/0
1149562,1,3,6,Srikkanth Anirudha,0,R Vishaal,1,1,0,run,0,,,26/0
1149562,1,4,1,Srikkanth Anirudha,0,Yamuna Sunny Kumar Singh,2,2,0,run,0,,,28/0
1149562,1,4,2,Srikkanth Anirudha,0,Yamuna Sunny Kumar Singh,0,0,0,no run,0,,,28/0
1149562,1,4,3,Srikkanth Anirudha,0,Yamuna Sunny Kumar Singh,6,6,0,six,0,,,34/0
1149562,1,4,4,Srikkanth Anirudha,0,Yamuna Sunny Kumar Singh,1,1,0,run,0,,,35/0
1149562,1,4,5,0,Srikkanth Anirudha,Yamuna Sunny Kumar Singh,4,4,0,four,0,,,39/0
1149562,1,4,6,0,Srikkanth Anirudha,Yamuna Sunny Kumar Singh,0,0,0,no run,0,,,39/0
1149562,1,5,1,Srikkanth Anirudha,0,R Vishaal,6,6,0,six,0,,,45/0
1149562,1,5,2,Srikkanth Anirudha,0,R Vishaal,1,1,0,run,0,,,46/0
1149562,1,5,3,0,Srikkanth Anirudha,R Vishaal,0,0,0,no run,0,,,46/0
1149562,1,5,4,0,Srikkanth Anirudha,R Vishaal,0,0,0,no run,0,,,46/0
1149562,1,5,5,0,Srikkanth Anirudha,R Vishaal,0,0,0,no run,0,,,46/0
1149562,1,5,6,0,Srikkanth Anirudha,R Vishaal,0,0,0,no run,0,,,46/0
1149562,1,6,1,Srikkanth Anirudha,0,Ramadoss Alexander,1,1,0,run,0,,,47/0
1149562,1,6,2,0,Srikkanth Anirudha,Ramadoss Alexander,1,1,0,run,0,,,48/0
1149562,1,6,3,Srikkanth Anirudha,0,Ramadoss Alexander,1,1,0,run,0,,,49/0
1149562,1,6,4,0,Srikkanth Anirudha,Ramadoss Alexander,1,1,0,run,0,,,50/0
1149562,1,6,5,Srikkanth Anirudha,0,Ramadoss Alexander,1,1,0,run,0,,,51/0
1149562,1,6,6,0,Srikkanth Anirudha,Ramadoss Alexander,1,1,0,run,0,,,52/0
1149562,1,7,1,0,Srikkanth Anirudha,B Arun,0,0,0,no run,0,,,52/0
1149562,1,7,2,0,Srikkanth Anirudha,B Arun,0,0,0,out,1,,,52/1
1149562,1,7,3,Srikkanth Anirudha,0,B Arun,1,0,1,wide,0,,,53/1
1149562,1,7,4,Srikkanth Anirudha,0,B Arun,1,1,0,run,0,,,54/1
1149562,1,7,5,Maan K Bafna,Srikkanth Anirudha,B Arun,1,1,0,run,0,,,55/1
1149562,1,7,6,Srikkanth Anirudha,Maan K Bafna,B Arun,1,0,1,wide,0,,,56/1
1149562,1,7,7,Srikkanth Anirudha,Maan K Bafna,B Arun,1,0,1,wide,0,,,57/1
1149562,1,7,8,Srikkanth Anirudha,Maan K Bafna,B Arun,1,1,0,run,0,,,58/1
1149562,1,7,9,Maan K Bafna,Srikkanth Anirudha,B Arun,2,2,0,run,0,,,60/1
1149562,1,8,1,Srikkanth Anirudha,Maan K Bafna,Ramadoss Alexander,5,0,5,wide,0,,,65/1
1149562,1,8,2,Srikkanth Anirudha,Maan K Bafna,Ramadoss Alexander,1,1,0,run,0,,,66/1
1149562,1,8,3,Maan K Bafna,Srikkanth Anirudha,Ramadoss Alexander,0,0,0,no run,0,,,66/1
1149562,1,8,4,Maan K Bafna,Srikkanth Anirudha,Ramadoss Alexander,1,1,0,run,0,,,67/1
1149562,1,8,5,Srikkanth Anirudha,Maan K Bafna,Ramadoss Alexander,1,1,0,run,0,,,68/1
1149562,1,8,6,Maan K Bafna,Srikkanth Anirudha,Ramadoss Alexander,1,1,0,run,0,,,69/1
1149562,1,8,7,Srikkanth Anirudha,Maan K Bafna,Ramadoss Alexander,1,1,0,run,0,,,70/1
1149562,1,9,1,Srikkanth Anirudha,Maan K Bafna,B Arun,4,4,0,four,0,,,74/1
1149562,1,9,2,Srikkanth Anirudha,Maan K Bafna,B Arun,1,0,1,wide,0,,,75/1
1149562,1,9,3,Srikkanth Anirudha,Maan K Bafna,B Arun,1,0,1,no ball,0,,,76/1
1149562,1,9,4,Srikkanth Anirudha,Maan K Bafna,B Arun,1,0,1,wide,0,,,77/1
1149562,1,9,5,Srikkanth Anirudha,Maan K Bafna,B Arun,6,6,0,six,0,,,83/1
1149562,1,9,6,Srikkanth Anirudha,Maan K Bafna,B Arun,0,0,0,out,1,caught,Srikkanth Anirudha,83/2
1149562,1,9,7,Maan K Bafna,0,B Arun,1,1,0,run,0,,,84/2
1149562,1,9,8,Laxmesha Suryaprakash,Maan K Bafna,B Arun,0,0,0,no run,0,,,84/2
1149562,1,9,9,Laxmesha Suryaprakash,Maan K Bafna,B Arun,1,1,0,run,0,,,85/2
1149562,1,10,1,Laxmesha Suryaprakash,Maan K Bafna,S Harish Kumar,1,1,0,run,0,,,86/2
1149562,1,10,2,Maan K Bafna,Laxmesha Suryaprakash,S Harish Kumar,2,2,0,run,0,,,88/2
1149562,1,10,3,Maan K Bafna,Laxmesha Suryaprakash,S Harish Kumar,1,1,0,run,0,,,89/2
1149562,1,10,4,Laxmesha Suryaprakash,Maan K Bafna,S Harish Kumar,0,0,0,no run,0,,,89/2
1149562,1,10,5,Laxmesha Suryaprakash,Maan K Bafna,S Harish Kumar,0,0,0,no run,0,,,89/2
1149562,1,10,6,Laxmesha Suryaprakash,Maan K Bafna,S Harish Kumar,1,1,0,run,0,,,90/2
1149562,1,11,1,Laxmesha Suryaprakash,Maan K Bafna,Yamuna Sunny Kumar Singh,1,1,0,run,0,,,91/2
1149562,1,11,2,Maan K Bafna,Laxmesha Suryaprakash,Yamuna Sunny Kumar Singh,1,1,0,run,0,,,92/2
1149562,1,11,3,Laxmesha Suryaprakash,Maan K Bafna,Yamuna Sunny Kumar Singh,2,2,0,run,0,,,94/2
1149562,1,11,4,Laxmesha Suryaprakash,Maan K Bafna,Yamuna Sunny Kumar Singh,1,1,0,run,0,,,95/2
1149562,1,11,5,Maan K Bafna,Laxmesha Suryaprakash,Yamuna Sunny Kumar Singh,4,4,0,four,0,,,99/2
1149562,1,11,6,Maan K Bafna,Laxmesha Suryaprakash,Yamuna Sunny Kumar Singh,1,1,0,run,0,,,100/2
1149562,1,12,1,Maan K Bafna,Laxmesha Suryaprakash,S Harish Kumar,1,0,1,wide,0,,,101/2
1149562,1,12,2,Maan K Bafna,Laxmesha Suryaprakash,S Harish Kumar,1,1,0,run,0,,,102/2
1149562,1,12,3,Laxmesha Suryaprakash,Maan K Bafna,S Harish Kumar,0,0,0,out,1,caught,Laxmesha Suryaprakash,102/3
1149562,1,12,4,Rajhamany Srinivasan,Maan K Bafna,S Harish Kumar,1,1,0,run,0,,,103/3
1149562,1,12,5,Maan K Bafna,Rajhamany Srinivasan,S Harish Kumar,1,1,0,run,0,,,104/3
1149562,1,12,6,Rajhamany Srinivasan,Maan K Bafna,S Harish Kumar,1,1,0,run,0,,,105/3
1149562,1,12,7,Maan K Bafna,Rajhamany Srinivasan,S Harish Kumar,1,0,1,wide,0,,,106/3
1149562,1,12,8,Maan K Bafna,Rajhamany Srinivasan,S Harish Kumar,0,0,0,no run,0,,,106/3
1149562,1,13,1,Rajhamany Srinivasan,Maan K Bafna,Murugan Ashwin,0,0,0,no run,0,,,106/3
1149562,1,13,2,Rajhamany Srinivasan,Maan K Bafna,Murugan Ashwin,1,1,0,run,0,,,107/3
1149562,1,13,3,Maan K Bafna,Rajhamany Srinivasan,Murugan Ashwin,1,1,0,run,0,,,108/3
1149562,1,13,4,Rajhamany Srinivasan,Maan K Bafna,Murugan Ashwin,6,6,0,six,0,,,114/3
1149562,1,13,5,Rajhamany Srinivasan,Maan K Bafna,Murugan Ashwin,1,1,0,run,0,,,115/3
1149562,1,13,6,Maan K Bafna,Rajhamany Srinivasan,Murugan Ashwin,1,1,0,run,0,,,116/3
1149562,1,14,1,Maan K Bafna,Rajhamany Srinivasan,R Vishaal,4,4,0,four,0,,,120/3
1149562,1,14,2,Maan K Bafna,Rajhamany Srinivasan,R Vishaal,2,2,0,run,0,,,122/3
1149562,1,14,3,Maan K Bafna,Rajhamany Srinivasan,R Vishaal,2,2,0,run,0,,,124/3
1149562,1,14,4,Maan K Bafna,Rajhamany Srinivasan,R Vishaal,1,0,1,wide,0,,,125/3
1149562,1,14,5,Maan K Bafna,Rajhamany Srinivasan,R Vishaal,1,0,1,wide,0,,,126/3
1149562,1,14,6,Maan K Bafna,Rajhamany Srinivasan,R Vishaal,2,2,0,run,0,,,128/3
1149562,1,14,7,Maan K Bafna,Rajhamany Srinivasan,R Vishaal,1,1,0,run,0,,,129/3
1149562,1,14,8,Rajhamany Srinivasan,Maan K Bafna,R Vishaal,0,0,0,no run,0,,,129/3
1149562,1,15,1,Maan K Bafna,Rajhamany Srinivasan,Ramadoss Alexander,1,1,0,run,0,,,130/3
1149562,1,15,2,Rajhamany Srinivasan,Maan K Bafna,Ramadoss Alexander,1,1,0,run,0,,,131/3
1149562,1,15,3,Maan K Bafna,Rajhamany Srinivasan,Ramadoss Alexander,0,0,0,out,1,leg before wicket,Maan K Bafna,131/4
1149562,1,15,4,M Shajahan,Rajhamany Srinivasan,Ramadoss Alexander,1,0,1,no ball,0,,,132/4
1149562,1,15,5,M Shajahan,Rajhamany Srinivasan,Ramadoss Alexander,6,6,0,six,0,,,138/4
1149562,1,15,6,M Shajahan,Rajhamany Srinivasan,Ramadoss Alexander,1,1,0,run,0,,,139/4
1149562,1,15,7,Rajhamany Srinivasan,M Shajahan,Ramadoss Alexander,0,0,0,no run,0,,,139/4
1149562,1,16,1,M Shajahan,Rajhamany Srinivasan,S Harish Kumar,6,6,0,six,0,,,145/4
1149562,1,16,2,M Shajahan,Rajhamany Srinivasan,S Harish Kumar,1,1,0,run,0,,,146/4
1149562,1,16,3,Rajhamany Srinivasan,M Shajahan,S Harish Kumar,0,0,0,no run,0,,,146/4
1149562,1,16,4,Rajhamany Srinivasan,M Shajahan,S Harish Kumar,2,2,0,run,0,,,148/4
1149562,1,16,5,Rajhamany Srinivasan,M Shajahan,S Harish Kumar,1,1,0,run,0,,,149/4
1149562,1,16,6,M Shajahan,Rajhamany Srinivasan,S Harish Kumar,1,0,1,bye,0,,,150/4
1149562,1,17,1,M Shajahan,Rajhamany Srinivasan,Murugan Ashwin,1,1,0,run,0,,,151/4
1149562,1,17,2,Rajhamany Srinivasan,M Shajahan,Murugan Ashwin,2,2,0,run,0,,,153/4
1149562,1,17,3,Rajhamany Srinivasan,M Shajahan,Murugan Ashwin,0,0,0,no run,0,,,153/4
1149562,1,17,4,Rajhamany Srinivasan,M Shajahan,Murugan Ashwin,1,1,0,run,0,,,154/4
1149562,1,17,5,M Shajahan,Rajhamany Srinivasan,Murugan Ashwin,4,4,0,four,0,,,158/4
1149562,1,17,6,M Shajahan,Rajhamany Srinivasan,Murugan Ashwin,0,0,0,no run,0,,,158/4
1149562,1,18,1,Rajhamany Srinivasan,M Shajahan,R Vishaal,1,1,0,run,0,,,159/4
1149562,1,18,2,M Shajahan,Rajhamany Srinivasan,R Vishaal,4,4,0,four,0,,,163/4
1149562,1,18,3,M Shajahan,Rajhamany Srinivasan,R Vishaal,1,0,1,wide,0,,,164/4
1149562,1,18,4,M Shajahan,Rajhamany Srinivasan,R Vishaal,1,1,0,run,0,,,165/4
1149562,1,18,5,Rajhamany Srinivasan,M Shajahan,R Vishaal,0,0,0,no run,0,,,165/4
1149562,1,18,6,Rajhamany Srinivasan,M Shajahan,R Vishaal,1,1,0,run,0,,,166/4
1149562,1,18,7,M Shajahan,Rajhamany Srinivasan,R Vishaal,1,1,0,run,0,,,167/4
1149562,1,19,1,M Shajahan,Rajhamany Srinivasan,Murugan Ashwin,2,2,0,run,0,,,169/4
1149562,1,19,2,M Shajahan,Rajhamany Srinivasan,Murugan Ashwin,0,0,0,no run,0,,,169/4
1149562,1,19,3,M Shajahan,Rajhamany Srinivasan,Murugan Ashwin,6,6,0,six,0,,,175/4
1149562,1,19,4,M Shajahan,Rajhamany Srinivasan,Murugan Ashwin,0,0,0,no run,0,,,175/4
1149562,1,19,5,M Shajahan,Rajhamany Srinivasan,Murugan Ashwin,2,2,0,run,0,,,177/4
1149562,1,19,6,M Shajahan,Rajhamany Srinivasan,Murugan Ashwin,1,1,0,run,0,,,178/4
1149562,1,20,1,M Shajahan,Rajhamany Srinivasan,S Harish Kumar,6,6,0,six,0,,,184/4
1149562,1,20,2,M Shajahan,Rajhamany Srinivasan,S Harish Kumar,1,1,0,run,0,,,185/4
1149562,1,20,3,Rajhamany Srinivasan,M Shajahan,S Harish Kumar,0,0,0,no run,0,,,185/4
1149562,1,20,4,Rajhamany Srinivasan,M Shajahan,S Harish Kumar,0,0,0,out,1,caught,Rajhamany Srinivasan,185/5
1149562,1,20,5,R Rajkumar,M Shajahan,S Harish Kumar,6,6,0,six,0,,,191/5
1149562,1,20,6,R Rajkumar,M Shajahan,S Harish Kumar,2,2,0,run,0,,,193/5
1149562,2,1,1,Ganga Sridhar Raju,0,Vijaykumar Yo Mahesh,0,0,0,no run,0,,,0/0
1149562,2,1,2,Ganga Sridhar Raju,Yamuna Sunny Kumar Singh,Vijaykumar Yo Mahesh,0,0,0,out,1,caught,Ganga Sridhar Raju,0/1
1149562,2,1,3,Hari Gopinath,Yamuna Sunny Kumar Singh,Vijaykumar Yo Mahesh,0,0,0,no run,0,,,0/1
1149562,2,1,4,Hari Gopinath,Yamuna Sunny Kumar Singh,Vijaykumar Yo Mahesh,1,0,1,wide,0,,,1/1
1149562,2,1,5,Hari Gopinath,Yamuna Sunny Kumar Singh,Vijaykumar Yo Mahesh,0,0,0,no run,0,,,1/1
1149562,2,1,6,Hari Gopinath,Yamuna Sunny Kumar Singh,Vijaykumar Yo Mahesh,0,0,0,no run,0,,,1/1
1149562,2,1,7,Hari Gopinath,Yamuna Sunny Kumar Singh,Vijaykumar Yo Mahesh,0,0,0,no run,0,,,1/1
1149562,2,2,1,Yamuna Sunny Kumar Singh,Hari Gopinath,S Mohan Prasath,0,0,0,no run,0,,,1/1
1149562,2,2,2,Yamuna Sunny Kumar Singh,Hari Gopinath,S Mohan Prasath,0,0,0,no run,0,,,1/1
1149562,2,2,3,Yamuna Sunny Kumar Singh,Hari Gopinath,S Mohan Prasath,0,0,0,no run,0,,,1/1
1149562,2,2,4,Yamuna Sunny Kumar Singh,Hari Gopinath,S Mohan Prasath,0,0,0,no run,0,,,1/1
1149562,2,2,5,Yamuna Sunny Kumar Singh,Hari Gopinath,S Mohan Prasath,0,0,0,no run,0,,,1/1
1149562,2,2,6,Yamuna Sunny Kumar Singh,Hari Gopinath,S Mohan Prasath,0,0,0,no run,0,,,1/1
1149562,2,3,1,Hari Gopinath,Yamuna Sunny Kumar Singh,Vijaykumar Yo Mahesh,0,0,0,no run,0,,,1/1
1149562,2,3,2,Hari Gopinath,Yamuna Sunny Kumar Singh,Vijaykumar Yo Mahesh,0,0,0,no run,0,,,1/1
1149562,2,3,3,Hari Gopinath,Yamuna Sunny Kumar Singh,Vijaykumar Yo Mahesh,1,0,1,wide,0,,,2/1
1149562,2,3,4,Hari Gopinath,Yamuna Sunny Kumar Singh,Vijaykumar Yo Mahesh,6,6,0,six,0,,,8/1
1149562,2,3,5,Hari Gopinath,Yamuna Sunny Kumar Singh,Vijaykumar Yo Mahesh,1,1,0,run,0,,,9/1
1149562,2,3,6,Yamuna Sunny Kumar Singh,Hari Gopinath,Vijaykumar Yo Mahesh,1,1,0,run,0,,,10/1
1149562,2,3,7,Hari Gopinath,Yamuna Sunny Kumar Singh,Vijaykumar Yo Mahesh,0,0,0,no run,0,,,10/1
1149562,2,4,1,Yamuna Sunny Kumar Singh,Hari Gopinath,S Mohan Prasath,1,1,0,run,0,,,11/1
1149562,2,4,2,Hari Gopinath,Yamuna Sunny Kumar Singh,S Mohan Prasath,6,6,0,six,0,,,17/1
1149562,2,4,3,Hari Gopinath,Yamuna Sunny Kumar Singh,S Mohan Prasath,1,1,0,run,0,,,18/1
1149562,2,4,4,Yamuna Sunny Kumar Singh,Hari Gopinath,S Mohan Prasath,0,0,0,no run,0,,,18/1
1149562,2,4,5,Yamuna Sunny Kumar Singh,Hari Gopinath,S Mohan Prasath,0,0,0,out,1,bowled,Yamuna Sunny Kumar Singh,18/2
1149562,2,4,6,Uthirasamy Sasidev,Hari Gopinath,S Mohan Prasath,0,0,0,no run,0,,,18/2
1149562,2,5,1,Hari Gopinath,Uthirasamy Sasidev,R Rajkumar,1,1,0,run,0,,,19/2
1149562,2,5,2,Uthirasamy Sasidev,Hari Gopinath,R Rajkumar,0,0,0,no run,0,,,19/2
1149562,2,5,3,Uthirasamy Sasidev,Hari Gopinath,R Rajkumar,1,1,0,run,0,,,20/2
1149562,2,5,4,Hari Gopinath,Uthirasamy Sasidev,R Rajkumar,4,4,0,four,0,,,24/2
1149562,2,5,5,Hari Gopinath,Uthirasamy Sasidev,R Rajkumar,4,4,0,four,0,,,28/2
1149562,2,5,6,Hari Gopinath,Uthirasamy Sasidev,R Rajkumar,1,0,1,wide,0,,,29/2
1149562,2,5,7,Hari Gopinath,Uthirasamy Sasidev,R Rajkumar,1,1,0,run,0,,,30/2
1149562,2,6,1,Hari Gopinath,Uthirasamy Sasidev,Velidi Lakshman,1,0,1,leg bye,0,,,31/2
1149562,2,6,2,Uthirasamy Sasidev,Hari Gopinath,Velidi Lakshman,4,4,0,four,0,,,35/2
1149562,2,6,3,Uthirasamy Sasidev,Hari Gopinath,Velidi Lakshman,4,4,0,four,0,,,39/2
1149562,2,6,4,Uthirasamy Sasidev,Hari Gopinath,Velidi Lakshman,1,0,1,no ball,0,,,40/2
1149562,2,6,5,Uthirasamy Sasidev,Hari Gopinath,Velidi Lakshman,1,0,1,wide,0,,,41/2
1149562,2,6,6,Uthirasamy Sasidev,Hari Gopinath,Velidi Lakshman,0,0,0,no run,0,,,41/2
1149562,2,6,7,Uthirasamy Sasidev,Hari Gopinath,Velidi Lakshman,4,4,0,four,0,,,45/2
1149562,2,6,8,Uthirasamy Sasidev,Hari Gopinath,Velidi Lakshman,0,0,0,no run,0,,,45/2
1149562,2,7,1,Hari Gopinath,Uthirasamy Sasidev,Maan K Bafna,1,1,0,run,0,,,46/2
1149562,2,7,2,Uthirasamy Sasidev,Hari Gopinath,Maan K Bafna,0,0,0,no run,0,,,46/2
1149562,2,7,3,Uthirasamy Sasidev,Hari Gopinath,Maan K Bafna,1,1,0,run,0,,,47/2
1149562,2,7,4,Hari Gopinath,Uthirasamy Sasidev,Maan K Bafna,2,2,0,run,0,,,49/2
1149562,2,7,5,Hari Gopinath,Uthirasamy Sasidev,Maan K Bafna,1,1,0,run,0,,,50/2
1149562,2,7,6,Uthirasamy Sasidev,Hari Gopinath,Maan K Bafna,1,1,0,run,0,,,51/2
1149562,2,8,1,Uthirasamy Sasidev,Hari Gopinath,R Rajkumar,0,0,0,no run,0,,,51/2
1149562,2,8,2,Uthirasamy Sasidev,Hari Gopinath,R Rajkumar,1,1,0,run,0,,,52/2
1149562,2,8,3,Hari Gopinath,Uthirasamy Sasidev,R Rajkumar,0,0,0,no run,0,,,52/2
1149562,2,8,4,Hari Gopinath,Uthirasamy Sasidev,R Rajkumar,4,4,0,four,0,,,56/2
1149562,2,8,5,Hari Gopinath,Uthirasamy Sasidev,R Rajkumar,2,2,0,run,0,,,58/2
1149562,2,8,6,Hari Gopinath,Uthirasamy Sasidev,R Rajkumar,1,1,0,run,0,,,59/2
1149562,2,9,1,Hari Gopinath,Uthirasamy Sasidev,Maan K Bafna,1,1,0,run,0,,,60/2
1149562,2,9,2,Uthirasamy Sasidev,Hari Gopinath,Maan K Bafna,4,4,0,four,0,,,64/2
1149562,2,9,3,Uthirasamy Sasidev,Hari Gopinath,Maan K Bafna,1,1,0,run,0,,,65/2
1149562,2,9,4,Hari Gopinath,Uthirasamy Sasidev,Maan K Bafna,1,1,0,run,0,,,66/2
1149562,2,9,5,Uthirasamy Sasidev,Hari Gopinath,Maan K Bafna,1,1,0,run,0,,,67/2
1149562,2,9,6,Hari Gopinath,Uthirasamy Sasidev,Maan K Bafna,1,1,0,run,0,,,68/2
1149562,2,10,1,Hari Gopinath,Uthirasamy Sasidev,R Rajkumar,0,0,0,no run,0,,,68/2
1149562,2,10,2,Hari Gopinath,Uthirasamy Sasidev,R Rajkumar,2,2,0,run,0,,,70/2
1149562,2,10,3,Hari Gopinath,Uthirasamy Sasidev,R Rajkumar,1,1,0,run,0,,,71/2
1149562,2,10,4,Uthirasamy Sasidev,Hari Gopinath,R Rajkumar,1,1,0,run,0,,,72/2
1149562,2,10,5,Hari Gopinath,Uthirasamy Sasidev,R Rajkumar,1,1,0,run,0,,,73/2
1149562,2,10,6,Uthirasamy Sasidev,Hari Gopinath,R Rajkumar,0,0,0,out,1,caught,Uthirasamy Sasidev,73/3
1149562,2,11,1,Hari Gopinath,0,Maan K Bafna,1,1,0,run,0,,,74/3
1149562,2,11,2,S Karthik,Hari Gopinath,Maan K Bafna,6,6,0,six,0,,,80/3
1149562,2,11,3,S Karthik,Hari Gopinath,Maan K Bafna,0,0,0,no run,0,,,80/3
1149562,2,11,4,S Karthik,Hari Gopinath,Maan K Bafna,1,1,0,run,0,,,81/3
1149562,2,11,5,Hari Gopinath,S Karthik,Maan K Bafna,1,1,0,run,0,,,82/3
1149562,2,11,6,S Karthik,Hari Gopinath,Maan K Bafna,0,0,0,no run,0,,,82/3
1149562,2,12,1,Hari Gopinath,S Karthik,M Shajahan,0,0,0,no run,0,,,82/3
1149562,2,12,2,Hari Gopinath,S Karthik,M Shajahan,1,1,0,run,1,run out,S Karthik,83/4
1149562,2,12,3,S Harish Kumar,Hari Gopinath,M Shajahan,1,1,0,run,0,,,84/4
1149562,2,12,4,Hari Gopinath,S Harish Kumar,M Shajahan,1,1,0,run,0,,,85/4
1149562,2,12,5,S Harish Kumar,Hari Gopinath,M Shajahan,1,1,0,run,0,,,86/4
1149562,2,12,6,Hari Gopinath,S Harish Kumar,M Shajahan,1,1,0,run,0,,,87/4
1149562,2,13,1,Hari Gopinath,S Harish Kumar,Maan K Bafna,0,0,0,no run,0,,,87/4
1149562,2,13,2,Hari Gopinath,S Harish Kumar,Maan K Bafna,0,0,0,out,1,caught,Hari Gopinath,87/5
1149562,2,13,3,Murugan Ashwin,S Harish Kumar,Maan K Bafna,1,1,0,run,0,,,88/5
1149562,2,13,4,S Harish Kumar,Murugan Ashwin,Maan K Bafna,1,1,0,run,0,,,89/5
1149562,2,13,5,Murugan Ashwin,S Harish Kumar,Maan K Bafna,1,1,0,run,0,,,90/5
1149562,2,13,6,S Harish Kumar,Murugan Ashwin,Maan K Bafna,6,6,0,six,0,,,96/5
1149562,2,14,1,Murugan Ashwin,S Harish Kumar,M Shajahan,1,1,0,run,0,,,97/5
1149562,2,14,2,S Harish Kumar,Murugan Ashwin,M Shajahan,1,1,0,run,0,,,98/5
1149562,2,14,3,Murugan Ashwin,S Harish Kumar,M Shajahan,1,1,0,run,0,,,99/5
1149562,2,14,4,S Harish Kumar,Murugan Ashwin,M Shajahan,1,1,0,run,0,,,100/5
1149562,2,14,5,Murugan Ashwin,S Harish Kumar,M Shajahan,1,1,0,run,0,,,101/5
1149562,2,14,6,S Harish Kumar,Murugan Ashwin,M Shajahan,0,0,0,no run,0,,,101/5
1149562,2,15,1,Murugan Ashwin,S Harish Kumar,Velidi Lakshman,6,6,0,six,0,,,107/5
1149562,2,15,2,Murugan Ashwin,S Harish Kumar,Velidi Lakshman,1,1,0,run,0,,,108/5
1149562,2,15,3,S Harish Kumar,Murugan Ashwin,Velidi Lakshman,0,0,0,out,1,caught,S Harish Kumar,108/6
1149562,2,15,4,Murugan Ashwin,0,Velidi Lakshman,1,1,0,run,0,,,109/6
1149562,2,15,5,Baskaran Rahul,Murugan Ashwin,Velidi Lakshman,1,1,0,run,0,,,110/6
1149562,2,15,6,Murugan Ashwin,Baskaran Rahul,Velidi Lakshman,1,1,0,run,0,,,111/6
1149562,2,16,1,Murugan Ashwin,Baskaran Rahul,S Mohan Prasath,0,0,0,no run,0,,,111/6
1149562,2,16,2,Murugan Ashwin,Baskaran Rahul,S Mohan Prasath,2,2,0,run,0,,,113/6
1149562,2,16,3,Murugan Ashwin,Baskaran Rahul,S Mohan Prasath,1,1,0,run,0,,,114/6
1149562,2,16,4,Baskaran Rahul,Murugan Ashwin,S Mohan Prasath,0,0,0,no run,0,,,114/6
1149562,2,16,5,Baskaran Rahul,Murugan Ashwin,S Mohan Prasath,2,2,0,run,0,,,116/6
1149562,2,16,6,Baskaran Rahul,Murugan Ashwin,S Mohan Prasath,1,1,0,run,0,,,117/6
1149562,2,17,1,Baskaran Rahul,Murugan Ashwin,R Rajkumar,1,1,0,run,0,,,118/6
1149562,2,17,2,Murugan Ashwin,Baskaran Rahul,R Rajkumar,1,1,0,run,0,,,119/6
1149562,2,17,3,Baskaran Rahul,Murugan Ashwin,R Rajkumar,1,1,0,run,0,,,120/6
1149562,2,17,4,Murugan Ashwin,Baskaran Rahul,R Rajkumar,0,0,0,no run,0,,,120/6
1149562,2,17,5,Murugan Ashwin,Baskaran Rahul,R Rajkumar,1,1,0,run,0,,,121/6
1149562,2,17,6,Baskaran Rahul,Murugan Ashwin,R Rajkumar,1,1,0,run,0,,,122/6
1149562,2,18,1,Baskaran Rahul,Murugan Ashwin,Vijaykumar Yo Mahesh,1,1,0,run,0,,,123/6
1149562,2,18,2,Murugan Ashwin,Baskaran Rahul,Vijaykumar Yo Mahesh,1,1,0,run,0,,,124/6
1149562,2,18,3,Baskaran Rahul,Murugan Ashwin,Vijaykumar Yo Mahesh,0,0,0,no run,0,,,124/6
1149562,2,18,4,Baskaran Rahul,Murugan Ashwin,Vijaykumar Yo Mahesh,1,1,0,run,0,,,125/6
1149562,2,18,5,Murugan Ashwin,Baskaran Rahul,Vijaykumar Yo Mahesh,1,1,0,run,0,,,126/6
1149562,2,18,6,Baskaran Rahul,Murugan Ashwin,Vijaykumar Yo Mahesh,0,0,0,no run,0,,,126/6
1149562,2,19,1,Murugan Ashwin,Baskaran Rahul,S Mohan Prasath,0,0,0,no run,0,,,126/6
1149562,2,19,2,Murugan Ashwin,Baskaran Rahul,S Mohan Prasath,6,6,0,six,0,,,132/6
1149562,2,19,3,Murugan Ashwin,Baskaran Rahul,S Mohan Prasath,2,2,0,run,0,,,134/6
1149562,2,19,4,Murugan Ashwin,Baskaran Rahul,S Mohan Prasath,1,1,0,run,0,,,135/6
1149562,2,19,5,Baskaran Rahul,Murugan Ashwin,S Mohan Prasath,0,0,0,no run,0,,,135/6
1149562,2,19,6,Baskaran Rahul,Murugan Ashwin,S Mohan Prasath,4,4,0,four,0,,,139/6
1149562,2,20,1,Murugan Ashwin,Baskaran Rahul,Vijaykumar Yo Mahesh,1,1,0,run,0,,,140/6
1149562,2,20,2,Baskaran Rahul,Murugan Ashwin,Vijaykumar Yo Mahesh,1,0,1,wide,0,,,141/6
1149562,2,20,3,Baskaran Rahul,Murugan Ashwin,Vijaykumar Yo Mahesh,0,0,0,no run,0,,,141/6
1149562,2,20,4,Baskaran Rahul,Murugan Ashwin,Vijaykumar Yo Mahesh,1,1,0,run,0,,,142/6
1149562,2,20,5,Murugan Ashwin,Baskaran Rahul,Vijaykumar Yo Mahesh,1,1,0,run,0,,,143/6
1149562,2,20,6,Baskaran Rahul,Murugan Ashwin,Vijaykumar Yo Mahesh,1,0,1,no ball,0,,,144/6
1149562,2,20,7,Baskaran Rahul,Murugan Ashwin,Vijaykumar Yo Mahesh,1,1,0,run,0,,,145/6
1149562,2,20,8,Murugan Ashwin,Baskaran Rahul,Vijaykumar Yo Mahesh,1,1,0,run,0,,,146/6
1149563,1,1,1,Kaushik Mohan Gandhi,0,Abhishek Baljeetsingh Tanwar,1,1,0,run,0,,,1/0
1149563,1,1,2,S Dinesh,Kaushik Mohan Gandhi,Abhishek Baljeetsingh Tanwar,1,1,0,run,0,,,2/0
1149563,1,1,3,Kaushik Mohan Gandhi,S Dinesh,Abhishek Baljeetsingh Tanwar,0,0,0,no run,0,,,2/0
1149563,1,1,4,Kaushik Mohan Gandhi,S Dinesh,Abhishek Baljeetsingh Tanwar,6,6,0,six,0,,,8/0
1149563,1,1,5,Kaushik Mohan Gandhi,S Dinesh,Abhishek Baljeetsingh Tanwar,1,1,0,run,0,,,9/0
1149563,1,1,6,S Dinesh,Kaushik Mohan Gandhi,Abhishek Baljeetsingh Tanwar,0,0,0,no run,0,,,9/0
1149563,1,2,1,Kaushik Mohan Gandhi,S Dinesh,L Kiran Akash,0,0,0,no run,0,,,9/0
1149563,1,2,2,Kaushik Mohan Gandhi,S Dinesh,L Kiran Akash,1,1,0,run,0,,,10/0
1149563,1,2,3,S Dinesh,Kaushik Mohan Gandhi,L Kiran Akash,1,1,0,run,0,,,11/0
1149563,1,2,4,Kaushik Mohan Gandhi,S Dinesh,L Kiran Akash,1,1,0,run,0,,,12/0
1149563,1,2,5,S Dinesh,Kaushik Mohan Gandhi,L Kiran Akash,4,4,0,four,0,,,16/0
1149563,1,2,6,S Dinesh,Kaushik Mohan Gandhi,L Kiran Akash,0,0,0,no run,0,,,16/0
1149563,1,3,1,Kaushik Mohan Gandhi,S Dinesh,Abhishek Baljeetsingh Tanwar,1,1,0,run,0,,,17/0
1149563,1,3,2,S Dinesh,Kaushik Mohan Gandhi,Abhishek Baljeetsingh Tanwar,0,0,0,no run,0,,,17/0
1149563,1,3,3,S Dinesh,Kaushik Mohan Gandhi,Abhishek Baljeetsingh Tanwar,2,2,0,run,0,,,19/0
1149563,1,3,4,S Dinesh,Kaushik Mohan Gandhi,Abhishek Baljeetsingh Tanwar,1,0,1,leg bye,0,,,20/0
1149563,1,3,5,Kaushik Mohan Gandhi,S Dinesh,Abhishek Baljeetsingh Tanwar,0,0,0,no run,0,,,20/0
1149563,1,3,6,Kaushik Mohan Gandhi,S Dinesh,Abhishek Baljeetsingh Tanwar,0,0,0,out,1,caught,Kaushik Mohan Gandhi,20/1
1149563,1,4,1,Subramanian Anand,S Dinesh,L Kiran Akash,0,0,0,no run,0,,,20/1
1149563,1,4,2,Subramanian Anand,S Dinesh,L Kiran Akash,0,0,0,no run,0,,,20/1
1149563,1,4,3,Subramanian Anand,S Dinesh,L Kiran Akash,0,0,0,no run,0,,,20/1
1149563,1,4,4,Subramanian Anand,S Dinesh,L Kiran Akash,1,1,0,run,0,,,21/1
1149563,1,4,5,S Dinesh,Subramanian Anand,L Kiran Akash,0,0,0,no run,0,,,21/1
1149563,1,4,6,S Dinesh,Subramanian Anand,L Kiran Akash,0,0,0,no run,0,,,21/1
1149563,1,5,1,Subramanian Anand,S Dinesh,Varun Chakravarthy Vinod,1,1,0,run,0,,,22/1
1149563,1,5,2,S Dinesh,Subramanian Anand,Varun Chakravarthy Vinod,0,0,0,no run,0,,,22/1
1149563,1,5,3,S Dinesh,Subramanian Anand,Varun Chakravarthy Vinod,4,4,0,four,0,,,26/1
1149563,1,5,4,S Dinesh,Subramanian Anand,Varun Chakravarthy Vinod,1,1,0,run,0,,,27/1
1149563,1,5,5,Subramanian Anand,S Dinesh,Varun Chakravarthy Vinod,0,0,0,no run,0,,,27/1
1149563,1,5,6,Subramanian Anand,S Dinesh,Varun Chakravarthy Vinod,1,1,0,run,0,,,28/1
1149563,1,6,1,Subramanian Anand,S Dinesh,Rahil S Shah,1,1,0,run,0,,,29/1
1149563,1,6,2,S Dinesh,Subramanian Anand,Rahil S Shah,4,4,0,four,0,,,33/1
1149563,1,6,3,S Dinesh,Subramanian Anand,Rahil S Shah,0,0,0,no run,0,,,33/1
1149563,1,6,4,S Dinesh,Subramanian Anand,Rahil S Shah,4,4,0,four,0,,,37/1
1149563,1,6,5,S Dinesh,Subramanian Anand,Rahil S Shah,1,0,1,bye,0,,,38/1
1149563,1,6,6,Subramanian Anand,S Dinesh,Rahil S Shah,0,0,0,no run,0,,,38/1
1149563,1,7,1,S Dinesh,Subramanian Anand,Varun Chakravarthy Vinod,1,1,0,run,0,,,39/1
1149563,1,7,2,Subramanian Anand,S Dinesh,Varun Chakravarthy Vinod,0,0,0,no run,0,,,39/1
1149563,1,7,3,Subramanian Anand,S Dinesh,Varun Chakravarthy Vinod,1,1,0,run,0,,,40/1
1149563,1,7,4,S Dinesh,Subramanian Anand,Varun Chakravarthy Vinod,0,0,0,no run,0,,,40/1
1149563,1,7,5,S Dinesh,Subramanian Anand,Varun Chakravarthy Vinod,0,0,0,no run,0,,,40/1
1149563,1,7,6,S Dinesh,Subramanian Anand,Varun Chakravarthy Vinod,0,0,0,no run,0,,,40/1
1149563,1,8,1,Subramanian Anand,S Dinesh,Jagatheesan Kousik,1,1,0,run,0,,,41/1
1149563,1,8,2,S Dinesh,Subramanian Anand,Jagatheesan Kousik,1,1,0,run,0,,,42/1
1149563,1,8,3,Subramanian Anand,S Dinesh,Jagatheesan Kousik,1,1,0,run,0,,,43/1
1149563,1,8,4,S Dinesh,Subramanian Anand,Jagatheesan Kousik,6,6,0,six,0,,,49/1
1149563,1,8,5,S Dinesh,Subramanian Anand,Jagatheesan Kousik,0,0,0,no run,0,,,49/1
1149563,1,8,6,S Dinesh,Subramanian Anand,Jagatheesan Kousik,1,1,0,run,0,,,50/1
1149563,1,9,1,S Dinesh,Subramanian Anand,Rahil S Shah,0,0,0,no run,0,,,50/1
1149563,1,9,2,S Dinesh,Subramanian Anand,Rahil S Shah,1,0,1,wide,0,,,51/1
1149563,1,9,3,S Dinesh,Subramanian Anand,Rahil S Shah,4,4,0,four,0,,,55/1
1149563,1,9,4,S Dinesh,Subramanian Anand,Rahil S Shah,1,1,0,run,0,,,56/1
1149563,1,9,5,Subramanian Anand,S Dinesh,Rahil S Shah,6,6,0,six,0,,,62/1
1149563,1,9,6,Subramanian Anand,S Dinesh,Rahil S Shah,0,0,0,no run,0,,,62/1
1149563,1,9,7,Subramanian Anand,S Dinesh,Rahil S Shah,2,2,0,run,0,,,64/1
1149563,1,10,1,S Dinesh,Subramanian Anand,Varun Chakravarthy Vinod,0,0,0,out,1,caught,S Dinesh,64/2
1149563,1,10,2,Subramanian Anand,0,Varun Chakravarthy Vinod,1,1,0,run,0,,,65/2
1149563,1,10,3,Akshay V Srinivasan,Subramanian Anand,Varun Chakravarthy Vinod,1,1,0,run,0,,,66/2
1149563,1,10,4,Subramanian Anand,Akshay V Srinivasan,Varun Chakravarthy Vinod,2,2,0,run,0,,,68/2
1149563,1,10,5,Subramanian Anand,Akshay V Srinivasan,Varun Chakravarthy Vinod,1,1,0,run,0,,,69/2
1149563,1,10,6,Akshay V Srinivasan,Subramanian Anand,Varun Chakravarthy Vinod,1,1,0,run,0,,,70/2
1149563,1,11,1,Akshay V Srinivasan,Subramanian Anand,Rahil S Shah,1,1,0,run,0,,,71/2
1149563,1,11,2,Subramanian Anand,Akshay V Srinivasan,Rahil S Shah,0,0,0,no run,0,,,71/2
1149563,1,11,3,Subramanian Anand,Akshay V Srinivasan,Rahil S Shah,4,4,0,four,0,,,75/2
1149563,1,11,4,Subramanian Anand,Akshay V Srinivasan,Rahil S Shah,1,1,0,run,0,,,76/2
1149563,1,11,5,Akshay V Srinivasan,Subramanian Anand,Rahil S Shah,1,1,0,run,0,,,77/2
1149563,1,11,6,Subramanian Anand,Akshay V Srinivasan,Rahil S Shah,0,0,0,no run,0,,,77/2
1149563,1,12,1,Akshay V Srinivasan,Subramanian Anand,Ravi Karthikeyan,2,2,0,run,0,,,79/2
1149563,1,12,2,Akshay V Srinivasan,Subramanian Anand,Ravi Karthikeyan,4,4,0,four,0,,,83/2
1149563,1,12,3,Akshay V Srinivasan,Subramanian Anand,Ravi Karthikeyan,0,0,0,no run,0,,,83/2
1149563,1,12,4,Akshay V Srinivasan,Subramanian Anand,Ravi Karthikeyan,2,2,0,run,0,,,85/2
1149563,1,12,5,Akshay V Srinivasan,Subramanian Anand,Ravi Karthikeyan,0,0,0,no run,0,,,85/2
1149563,1,12,6,Akshay V Srinivasan,Subramanian Anand,Ravi Karthikeyan,1,1,0,run,0,,,86/2
1149563,1,13,1,Akshay V Srinivasan,Subramanian Anand,Jagatheesan Kousik,0,0,0,no run,0,,,86/2
1149563,1,13,2,Akshay V Srinivasan,Subramanian Anand,Jagatheesan Kousik,1,1,0,run,0,,,87/2
1149563,1,13,3,Subramanian Anand,Akshay V Srinivasan,Jagatheesan Kousik,2,2,0,run,0,,,89/2
1149563,1,13,4,Subramanian Anand,Akshay V Srinivasan,Jagatheesan Kousik,6,6,0,six,0,,,95/2
1149563,1,13,5,Subramanian Anand,Akshay V Srinivasan,Jagatheesan Kousik,1,1,0,run,0,,,96/2
1149563,1,13,6,Akshay V Srinivasan,Subramanian Anand,Jagatheesan Kousik,1,1,0,run,0,,,97/2
1149563,1,14,1,Akshay V Srinivasan,Subramanian Anand,L Kiran Akash,1,1,0,run,0,,,98/2
1149563,1,14,2,Subramanian Anand,Akshay V Srinivasan,L Kiran Akash,0,0,0,no run,0,,,98/2
1149563,1,14,3,Subramanian Anand,Akshay V Srinivasan,L Kiran Akash,1,1,0,run,0,,,99/2
1149563,1,14,4,Akshay V Srinivasan,Subramanian Anand,L Kiran Akash,2,2,0,run,0,,,101/2
1149563,1,14,5,Akshay V Srinivasan,Subramanian Anand,L Kiran Akash,1,1,0,run,0,,,102/2
1149563,1,14,6,Subramanian Anand,Akshay V Srinivasan,L Kiran Akash,0,0,0,no run,0,,,102/2
1149563,1,15,1,Akshay V Srinivasan,Subramanian Anand,Rahil S Shah,1,1,0,run,0,,,103/2
1149563,1,15,2,Subramanian Anand,Akshay V Srinivasan,Rahil S Shah,6,6,0,six,0,,,109/2
1149563,1,15,3,Subramanian Anand,Akshay V Srinivasan,Rahil S Shah,1,1,0,run,0,,,110/2
1149563,1,15,4,Akshay V Srinivasan,Subramanian Anand,Rahil S Shah,1,1,0,run,0,,,111/2
1149563,1,15,5,Subramanian Anand,Akshay V Srinivasan,Rahil S Shah,1,1,0,run,0,,,112/2
1149563,1,15,6,Akshay V Srinivasan,Subramanian Anand,Rahil S Shah,2,2,0,run,0,,,114/2
1149563,1,16,1,Subramanian Anand,Akshay V Srinivasan,Varun Chakravarthy Vinod,1,1,0,run,0,,,115/2
1149563,1,16,2,Akshay V Srinivasan,Subramanian Anand,Varun Chakravarthy Vinod,4,4,0,four,0,,,119/2
1149563,1,16,3,Akshay V Srinivasan,Subramanian Anand,Varun Chakravarthy Vinod,0,0,0,no run,0,,,119/2
1149563,1,16,4,Akshay V Srinivasan,Subramanian Anand,Varun Chakravarthy Vinod,1,1,0,run,0,,,120/2
1149563,1,16,5,Subramanian Anand,Akshay V Srinivasan,Varun Chakravarthy Vinod,1,1,0,run,0,,,121/2
1149563,1,16,6,Akshay V Srinivasan,Subramanian Anand,Varun Chakravarthy Vinod,1,1,0,run,0,,,122/2
1149563,1,17,1,Akshay V Srinivasan,Subramanian Anand,Abhishek Baljeetsingh Tanwar,0,0,0,no run,0,,,122/2
1149563,1,17,2,Akshay V Srinivasan,Subramanian Anand,Abhishek Baljeetsingh Tanwar,4,4,0,four,0,,,126/2
1149563,1,17,3,Akshay V Srinivasan,Subramanian Anand,Abhishek Baljeetsingh Tanwar,6,6,0,six,0,,,132/2
1149563,1,17,4,Akshay V Srinivasan,Subramanian Anand,Abhishek Baljeetsingh Tanwar,1,1,0,run,0,,,133/2
1149563,1,17,5,Subramanian Anand,Akshay V Srinivasan,Abhishek Baljeetsingh Tanwar,0,0,0,out,1,caught,Subramanian Anand,133/3
1149563,1,17,6,Akshay V Srinivasan,Rajagopal Sathish,Abhishek Baljeetsingh Tanwar,2,2,0,run,0,,,135/3
1149563,1,18,1,Rajagopal Sathish,Akshay V Srinivasan,Jagatheesan Kousik,0,0,0,no run,0,,,135/3
1149563,1,18,2,Rajagopal Sathish,Akshay V Srinivasan,Jagatheesan Kousik,1,1,0,run,0,,,136/3
1149563,1,18,3,Akshay V Srinivasan,Rajagopal Sathish,Jagatheesan Kousik,0,0,0,out,1,caught,Akshay V Srinivasan,136/4
1149563,1,18,4,Rajagopal Sathish,0,Jagatheesan Kousik,1,1,0,run,0,,,137/4
1149563,1,18,5,Akash Sumra,Rajagopal Sathish,Jagatheesan Kousik,1,1,0,run,0,,,138/4
1149563,1,18,6,Rajagopal Sathish,Akash Sumra,Jagatheesan Kousik,2,2,0,run,0,,,140/4
1149563,1,19,1,Akash Sumra,Rajagopal Sathish,Abhishek Baljeetsingh Tanwar,0,0,0,no run,0,,,140/4
1149563,1,19,2,Akash Sumra,Rajagopal Sathish,Abhishek Baljeetsingh Tanwar,0,0,0,no run,0,,,140/4
1149563,1,19,3,Akash Sumra,Rajagopal Sathish,Abhishek Baljeetsingh Tanwar,0,0,0,out,1,caught,Akash Sumra,140/5
1149563,1,19,4,Malolan Rangarajan,Rajagopal Sathish,Abhishek Baljeetsingh Tanwar,1,1,0,run,0,,,141/5
1149563,1,19,5,Rajagopal Sathish,Malolan Rangarajan,Abhishek Baljeetsingh Tanwar,1,1,0,run,0,,,142/5
1149563,1,19,6,Malolan Rangarajan,Rajagopal Sathish,Abhishek Baljeetsingh Tanwar,1,1,0,run,0,,,143/5
1149563,1,20,1,Malolan Rangarajan,Rajagopal Sathish,L Kiran Akash,1,1,0,run,0,,,144/5
1149563,1,20,2,Rajagopal Sathish,Malolan Rangarajan,L Kiran Akash,6,6,0,six,0,,,150/5
1149563,1,20,3,Rajagopal Sathish,Malolan Rangarajan,L Kiran Akash,6,6,0,six,0,,,156/5
1149563,1,20,4,Rajagopal Sathish,Malolan Rangarajan,L Kiran Akash,1,0,1,no ball,0,,,157/5
1149563,1,20,5,Malolan Rangarajan,Rajagopal Sathish,L Kiran Akash,1,1,0,run,0,,,158/5
1149563,1,20,6,Rajagopal Sathish,Malolan Rangarajan,L Kiran Akash,6,6,0,six,0,,,164/5
1149563,1,20,7,Rajagopal Sathish,Malolan Rangarajan,L Kiran Akash,1,1,0,run,0,,,165/5
1149563,2,1,1,Konda Bhaskir Arun Karthik,0,Rajagopal Sathish,1,1,0,run,0,,,1/0
1149563,2,1,2,0,Konda Bhaskir Arun Karthik,Rajagopal Sathish,5,0,5,wide,0,,,6/0
1149563,2,1,3,0,Konda Bhaskir Arun Karthik,Rajagopal Sathish,1,1,0,run,0,,,7/0
1149563,2,1,4,Konda Bhaskir Arun Karthik,0,Rajagopal Sathish,0,0,0,no run,0,,,7/0
1149563,2,1,5,Konda Bhaskir Arun Karthik,0,Rajagopal Sathish,1,1,0,run,0,,,8/0
1149563,2,1,6,0,Konda Bhaskir Arun Karthik,Rajagopal Sathish,4,4,0,four,0,,,12/0
1149563,2,1,7,0,Konda Bhaskir Arun Karthik,Rajagopal Sathish,0,0,0,no run,0,,,12/0
1149563,2,2,1,Konda Bhaskir Arun Karthik,0,M Ganesh Moorthi,0,0,0,no run,0,,,12/0
1149563,2,2,2,Konda Bhaskir Arun Karthik,0,M Ganesh Moorthi,0,0,0,no run,0,,,12/0
1149563,2,2,3,Konda Bhaskir Arun Karthik,0,M Ganesh Moorthi,0,0,0,no run,0,,,12/0
1149563,2,2,4,Konda Bhaskir Arun Karthik,0,M Ganesh Moorthi,0,0,0,no run,0,,,12/0
1149563,2,2,5,Konda Bhaskir Arun Karthik,0,M Ganesh Moorthi,0,0,0,no run,0,,,12/0
1149563,2,2,6,Konda Bhaskir Arun Karthik,0,M Ganesh Moorthi,1,1,0,run,0,,,13/0
1149563,2,3,1,Konda Bhaskir Arun Karthik,0,Ravisrinivasan Sai Kishore,0,0,0,no run,0,,,13/0
1149563,2,3,2,Konda Bhaskir Arun Karthik,0,Ravisrinivasan Sai Kishore,4,4,0,four,0,,,17/0
1149563,2,3,3,Konda Bhaskir Arun Karthik,0,Ravisrinivasan Sai Kishore,1,1,0,run,0,,,18/0
1149563,2,3,4,0,Konda Bhaskir Arun Karthik,Ravisrinivasan Sai Kishore,1,1,0,run,0,,,19/0
1149563,2,3,5,Konda Bhaskir Arun Karthik,0,Ravisrinivasan Sai Kishore,0,0,0,no run,0,,,19/0
1149563,2,3,6,Konda Bhaskir Arun Karthik,0,Ravisrinivasan Sai Kishore,0,0,0,no run,0,,,19/0
1149563,2,4,1,0,Konda Bhaskir Arun Karthik,M Ganesh Moorthi,1,1,0,run,0,,,20/0
1149563,2,4,2,Konda Bhaskir Arun Karthik,0,M Ganesh Moorthi,1,1,0,run,0,,,21/0
1149563,2,4,3,0,Konda Bhaskir Arun Karthik,M Ganesh Moorthi,1,1,0,run,0,,,22/0
1149563,2,4,4,Konda Bhaskir Arun Karthik,0,M Ganesh Moorthi,4,4,0,four,0,,,26/0
1149563,2,4,5,Konda Bhaskir Arun Karthik,0,M Ganesh Moorthi,4,4,0,four,0,,,30/0
1149563,2,4,6,Konda Bhaskir Arun Karthik,0,M Ganesh Moorthi,1,1,0,run,0,,,31/0
1149563,2,5,1,Konda Bhaskir Arun Karthik,0,Ravisrinivasan Sai Kishore,0,0,0,no run,0,,,31/0
1149563,2,5,2,Konda Bhaskir Arun Karthik,0,Ravisrinivasan Sai Kishore,6,6,0,six,0,,,37/0
1149563,2,5,3,Konda Bhaskir Arun Karthik,0,Ravisrinivasan Sai Kishore,1,1,0,run,0,,,38/0
1149563,2,5,4,0,Konda Bhaskir Arun Karthik,Ravisrinivasan Sai Kishore,0,0,0,no run,0,,,38/0
1149563,2,5,5,0,Konda Bhaskir Arun Karthik,Ravisrinivasan Sai Kishore,1,0,1,wide,0,,,39/0
1149563,2,5,6,0,Konda Bhaskir Arun Karthik,Ravisrinivasan Sai Kishore,1,1,0,run,0,,,40/0
1149563,2,5,7,Konda Bhaskir Arun Karthik,0,Ravisrinivasan Sai Kishore,6,6,0,six,0,,,46/0
1149563,2,6,1,0,Konda Bhaskir Arun Karthik,V Athisayaraj Davidson,0,0,0,no run,0,,,46/0
1149563,2,6,2,0,Konda Bhaskir Arun Karthik,V Athisayaraj Davidson,6,6,0,six,0,,,52/0
1149563,2,6,3,0,Konda Bhaskir Arun Karthik,V Athisayaraj Davidson,1,1,0,run,0,,,53/0
1149563,2,6,4,Konda Bhaskir Arun Karthik,0,V Athisayaraj Davidson,1,1,0,run,0,,,54/0
1149563,2,6,5,0,Konda Bhaskir Arun Karthik,V Athisayaraj Davidson,1,1,0,run,0,,,55/0
1149563,2,6,6,Konda Bhaskir Arun Karthik,0,V Athisayaraj Davidson,0,0,0,no run,0,,,55/0
1149563,2,7,1,0,Konda Bhaskir Arun Karthik,M Ganesh Moorthi,1,1,0,run,0,,,56/0
1149563,2,7,2,Konda Bhaskir Arun Karthik,0,M Ganesh Moorthi,1,1,0,run,0,,,57/0
1149563,2,7,3,0,Konda Bhaskir Arun Karthik,M Ganesh Moorthi,1,1,0,run,0,,,58/0
1149563,2,7,4,Konda Bhaskir Arun Karthik,0,M Ganesh Moorthi,0,0,0,no run,0,,,58/0
1149563,2,7,5,Konda Bhaskir Arun Karthik,0,M Ganesh Moorthi,1,1,0,run,0,,,59/0
1149563,2,7,6,0,Konda Bhaskir Arun Karthik,M Ganesh Moorthi,1,1,0,run,0,,,60/0
1149563,2,8,1,0,Konda Bhaskir Arun Karthik,Rajagopal Sathish,2,2,0,run,0,,,62/0
1149563,2,8,2,0,Konda Bhaskir Arun Karthik,Rajagopal Sathish,4,4,0,four,0,,,66/0
1149563,2,8,3,0,Konda Bhaskir Arun Karthik,Rajagopal Sathish,1,1,0,run,0,,,67/0
1149563,2,8,4,Konda Bhaskir Arun Karthik,0,Rajagopal Sathish,1,1,0,run,0,,,68/0
1149563,2,8,5,0,Konda Bhaskir Arun Karthik,Rajagopal Sathish,1,1,0,run,0,,,69/0
1149563,2,8,6,Konda Bhaskir Arun Karthik,0,Rajagopal Sathish,1,1,0,run,0,,,70/0
1149563,2,9,1,Konda Bhaskir Arun Karthik,0,M Ganesh Moorthi,1,1,0,run,0,,,71/0
1149563,2,9,2,0,Konda Bhaskir Arun Karthik,M Ganesh Moorthi,0,0,0,out,1,,,71/1
1149563,2,9,3,Konda Bhaskir Arun Karthik,0,M Ganesh Moorthi,0,0,0,no run,0,,,71/1
1149563,2,9,4,Konda Bhaskir Arun Karthik,0,M Ganesh Moorthi,1,1,0,run,0,,,72/1
1149563,2,9,5,Poovathinga Shijit Chandran,Konda Bhaskir Arun Karthik,M Ganesh Moorthi,1,1,0,run,0,,,73/1
1149563,2,9,6,Konda Bhaskir Arun Karthik,Poovathinga Shijit Chandran,M Ganesh Moorthi,1,1,0,run,0,,,74/1
1149563,2,10,1,Konda Bhaskir Arun Karthik,Poovathinga Shijit Chandran,Malolan Rangarajan,1,1,0,run,0,,,75/1
1149563,2,10,2,Poovathinga Shijit Chandran,Konda Bhaskir Arun Karthik,Malolan Rangarajan,6,6,0,six,0,,,81/1
1149563,2,10,3,Poovathinga Shijit Chandran,Konda Bhaskir Arun Karthik,Malolan Rangarajan,1,1,0,run,0,,,82/1
1149563,2,10,4,Konda Bhaskir Arun Karthik,Poovathinga Shijit Chandran,Malolan Rangarajan,1,1,0,run,0,,,83/1
1149563,2,10,5,Poovathinga Shijit Chandran,Konda Bhaskir Arun Karthik,Malolan Rangarajan,1,1,0,run,0,,,84/1
1149563,2,10,6,Konda Bhaskir Arun Karthik,Poovathinga Shijit Chandran,Malolan Rangarajan,6,6,0,six,0,,,90/1
1149563,2,11,1,Poovathinga Shijit Chandran,Konda Bhaskir Arun Karthik,Ravisrinivasan Sai Kishore,0,0,0,no run,0,,,90/1
1149563,2,11,2,Poovathinga Shijit Chandran,Konda Bhaskir Arun Karthik,Ravisrinivasan Sai Kishore,1,1,0,run,0,,,91/1
1149563,2,11,3,Konda Bhaskir Arun Karthik,Poovathinga Shijit Chandran,Ravisrinivasan Sai Kishore,2,2,0,run,0,,,93/1
1149563,2,11,4,Konda Bhaskir Arun Karthik,Poovathinga Shijit Chandran,Ravisrinivasan Sai Kishore,1,1,0,run,0,,,94/1
1149563,2,11,5,Poovathinga Shijit Chandran,Konda Bhaskir Arun Karthik,Ravisrinivasan Sai Kishore,0,0,0,no run,0,,,94/1
1149563,2,11,6,Poovathinga Shijit Chandran,Konda Bhaskir Arun Karthik,Ravisrinivasan Sai Kishore,1,1,0,run,0,,,95/1
1149563,2,12,1,Poovathinga Shijit Chandran,Konda Bhaskir Arun Karthik,Akash Sumra,4,4,0,four,0,,,99/1
1149563,2,12,2,Poovathinga Shijit Chandran,Konda Bhaskir Arun Karthik,Akash Sumra,0,0,0,no run,0,,,99/1
1149563,2,12,3,Poovathinga Shijit Chandran,Konda Bhaskir Arun Karthik,Akash Sumra,1,1,0,run,0,,,100/1
1149563,2,12,4,Konda Bhaskir Arun Karthik,Poovathinga Shijit Chandran,Akash Sumra,2,2,0,run,0,,,102/1
1149563,2,12,5,Konda Bhaskir Arun Karthik,Poovathinga Shijit Chandran,Akash Sumra,6,6,0,six,0,,,108/1
1149563,2,12,6,Konda Bhaskir Arun Karthik,Poovathinga Shijit Chandran,Akash Sumra,1,1,0,run,0,,,109/1
1149563,2,13,1,Konda Bhaskir Arun Karthik,Poovathinga Shijit Chandran,V Athisayaraj Davidson,1,0,1,wide,0,,,110/1
1149563,2,13,2,Konda Bhaskir Arun Karthik,Poovathinga Shijit Chandran,V Athisayaraj Davidson,0,0,0,out,1,caught,Konda Bhaskir Arun Karthik,110/2
1149563,2,13,3,Poovathinga Shijit Chandran,0,V Athisayaraj Davidson,1,1,0,run,0,,,111/2
1149563,2,13,4,Jagatheesan Kousik,Poovathinga Shijit Chandran,V Athisayaraj Davidson,0,0,0,no run,0,,,111/2
1149563,2,13,5,Jagatheesan Kousik,Poovathinga Shijit Chandran,V Athisayaraj Davidson,1,1,0,run,0,,,112/2
1149563,2,13,6,Poovathinga Shijit Chandran,Jagatheesan Kousik,V Athisayaraj Davidson,1,1,0,run,0,,,113/2
1149563,2,13,7,Jagatheesan Kousik,Poovathinga Shijit Chandran,V Athisayaraj Davidson,1,1,0,run,0,,,114/2
1149563,2,14,1,Jagatheesan Kousik,Poovathinga Shijit Chandran,Ravisrinivasan Sai Kishore,0,0,0,no run,0,,,114/2
1149563,2,14,2,Jagatheesan Kousik,Poovathinga Shijit Chandran,Ravisrinivasan Sai Kishore,1,1,0,run,0,,,115/2
1149563,2,14,3,Poovathinga Shijit Chandran,Jagatheesan Kousik,Ravisrinivasan Sai Kishore,1,1,0,run,0,,,116/2
1149563,2,14,4,Jagatheesan Kousik,Poovathinga Shijit Chandran,Ravisrinivasan Sai Kishore,1,1,0,run,0,,,117/2
1149563,2,14,5,Poovathinga Shijit Chandran,Jagatheesan Kousik,Ravisrinivasan Sai Kishore,1,1,0,run,0,,,118/2
1149563,2,14,6,Jagatheesan Kousik,Poovathinga Shijit Chandran,Ravisrinivasan Sai Kishore,1,1,0,run,0,,,119/2
1149563,2,15,1,Jagatheesan Kousik,Poovathinga Shijit Chandran,V Athisayaraj Davidson,1,1,0,run,0,,,120/2
1149563,2,15,2,Poovathinga Shijit Chandran,Jagatheesan Kousik,V Athisayaraj Davidson,2,2,0,run,0,,,122/2
1149563,2,15,3,Poovathinga Shijit Chandran,Jagatheesan Kousik,V Athisayaraj Davidson,4,4,0,four,0,,,126/2
1149563,2,15,4,Poovathinga Shijit Chandran,Jagatheesan Kousik,V Athisayaraj Davidson,1,1,0,run,0,,,127/2
1149563,2,15,5,Jagatheesan Kousik,Poovathinga Shijit Chandran,V Athisayaraj Davidson,1,1,0,run,0,,,128/2
1149563,2,15,6,Poovathinga Shijit Chandran,Jagatheesan Kousik,V Athisayaraj Davidson,1,0,1,leg bye,0,,,129/2
1149563,2,16,1,Poovathinga Shijit Chandran,Jagatheesan Kousik,Akash Sumra,1,1,0,run,0,,,130/2
1149563,2,16,2,Jagatheesan Kousik,Poovathinga Shijit Chandran,Akash Sumra,6,6,0,six,0,,,136/2
1149563,2,16,3,Jagatheesan Kousik,Poovathinga Shijit Chandran,Akash Sumra,1,1,0,run,0,,,137/2
1149563,2,16,4,Poovathinga Shijit Chandran,Jagatheesan Kousik,Akash Sumra,1,1,0,run,0,,,138/2
1149563,2,16,5,Jagatheesan Kousik,Poovathinga Shijit Chandran,Akash Sumra,4,4,0,four,0,,,142/2
1149563,2,16,6,Jagatheesan Kousik,Poovathinga Shijit Chandran,Akash Sumra,0,0,0,no run,0,,,142/2
1149563,2,17,1,Poovathinga Shijit Chandran,Jagatheesan Kousik,V Athisayaraj Davidson,0,0,0,no run,0,,,142/2
1149563,2,17,2,Poovathinga Shijit Chandran,Jagatheesan Kousik,V Athisayaraj Davidson,0,0,0,out,1,caught,Poovathinga Shijit Chandran,142/3
1149563,2,17,3,Jagatheesan Kousik,0,V Athisayaraj Davidson,1,1,0,run,0,,,143/3
1149563,2,17,4,Abhishek Baljeetsingh Tanwar,Jagatheesan Kousik,V Athisayaraj Davidson,1,1,0,run,0,,,144/3
1149563,2,17,5,Jagatheesan Kousik,Abhishek Baljeetsingh Tanwar,V Athisayaraj Davidson,4,4,0,four,0,,,148/3
1149563,2,17,6,Jagatheesan Kousik,Abhishek Baljeetsingh Tanwar,V Athisayaraj Davidson,1,1,0,run,0,,,149/3
1149563,2,18,1,Jagatheesan Kousik,Abhishek Baljeetsingh Tanwar,Akash Sumra,1,1,0,run,0,,,150/3
1149563,2,18,2,Abhishek Baljeetsingh Tanwar,Jagatheesan Kousik,Akash Sumra,1,1,0,run,0,,,151/3
1149563,2,18,3,Jagatheesan Kousik,Abhishek Baljeetsingh Tanwar,Akash Sumra,1,1,0,run,0,,,152/3
1149563,2,18,4,Abhishek Baljeetsingh Tanwar,Jagatheesan Kousik,Akash Sumra,1,1,0,run,0,,,153/3
1149563,2,18,5,Jagatheesan Kousik,Abhishek Baljeetsingh Tanwar,Akash Sumra,1,1,0,run,0,,,154/3
1149563,2,18,6,Abhishek Baljeetsingh Tanwar,Jagatheesan Kousik,Akash Sumra,0,0,0,no run,0,,,154/3
1149563,2,19,1,Jagatheesan Kousik,Abhishek Baljeetsingh Tanwar,S Dinesh,1,1,0,run,0,,,155/3
1149563,2,19,2,Abhishek Baljeetsingh Tanwar,Jagatheesan Kousik,S Dinesh,1,1,0,run,0,,,156/3
1149563,2,19,3,Jagatheesan Kousik,Abhishek Baljeetsingh Tanwar,S Dinesh,4,4,0,four,0,,,160/3
1149563,2,19,4,Jagatheesan Kousik,Abhishek Baljeetsingh Tanwar,S Dinesh,6,6,0,six,0,,,166/3
1149564,1,1,1,K Vishal Vaidhya,0,M Mohammed,0,0,0,out,1,run out,K Vishal Vaidhya,0/1
1149564,1,1,2,Suresh Lokeshwar,0,M Mohammed,0,0,0,no run,0,,,0/1
1149564,1,1,3,Suresh Lokeshwar,0,M Mohammed,1,1,0,run,0,,,1/1
1149564,1,1,4,Baba Aparajith,Suresh Lokeshwar,M Mohammed,0,0,0,no run,0,,,1/1
1149564,1,1,5,Baba Aparajith,Suresh Lokeshwar,M Mohammed,0,0,0,no run,0,,,1/1
1149564,1,1,6,Baba Aparajith,Suresh Lokeshwar,M Mohammed,0,0,0,no run,0,,,1/1
1149564,1,2,1,Suresh Lokeshwar,Baba Aparajith,Adithya Arun,0,0,0,no run,0,,,1/1
1149564,1,2,2,Suresh Lokeshwar,Baba Aparajith,Adithya Arun,0,0,0,no run,0,,,1/1
1149564,1,2,3,Suresh Lokeshwar,Baba Aparajith,Adithya Arun,1,1,0,run,0,,,2/1
1149564,1,2,4,Baba Aparajith,Suresh Lokeshwar,Adithya Arun,1,1,0,run,0,,,3/1
1149564,1,2,5,Suresh Lokeshwar,Baba Aparajith,Adithya Arun,4,4,0,four,0,,,7/1
1149564,1,2,6,Suresh Lokeshwar,Baba Aparajith,Adithya Arun,0,0,0,no run,0,,,7/1
1149564,1,3,1,Baba Aparajith,Suresh Lokeshwar,M Mohammed,0,0,0,no run,0,,,7/1
1149564,1,3,2,Baba Aparajith,Suresh Lokeshwar,M Mohammed,0,0,0,no run,0,,,7/1
1149564,1,3,3,Baba Aparajith,Suresh Lokeshwar,M Mohammed,0,0,0,no run,0,,,7/1
1149564,1,3,4,Baba Aparajith,Suresh Lokeshwar,M Mohammed,0,0,0,out,1,caught,Baba Aparajith,7/2
1149564,1,3,5,Suresh Lokeshwar,0,M Mohammed,0,0,0,no run,0,,,7/2
1149564,1,3,6,Suresh Lokeshwar,0,M Mohammed,0,0,0,no run,0,,,7/2
1149564,1,4,1,0,Suresh Lokeshwar,Adithya Arun,0,0,0,no run,0,,,7/2
1149564,1,4,2,0,Suresh Lokeshwar,Adithya Arun,1,1,0,run,0,,,8/2
1149564,1,4,3,Suresh Lokeshwar,0,Adithya Arun,4,4,0,four,0,,,12/2
1149564,1,4,4,Suresh Lokeshwar,0,Adithya Arun,1,0,1,wide,0,,,13/2
1149564,1,4,5,Suresh Lokeshwar,0,Adithya Arun,0,0,0,no run,0,,,13/2
1149564,1,4,6,Suresh Lokeshwar,0,Adithya Arun,0,0,0,no run,0,,,13/2
1149564,1,4,7,Suresh Lokeshwar,0,Adithya Arun,1,1,0,run,0,,,14/2
1149564,1,5,1,Suresh Lokeshwar,0,Jagannathan Kaushik,6,6,0,six,0,,,20/2
1149564,1,5,2,Suresh Lokeshwar,0,Jagannathan Kaushik,0,0,0,no run,0,,,20/2
1149564,1,5,3,Suresh Lokeshwar,0,Jagannathan Kaushik,0,0,0,no run,0,,,20/2
1149564,1,5,4,Suresh Lokeshwar,0,Jagannathan Kaushik,1,1,0,run,0,,,21/2
1149564,1,5,5,0,Suresh Lokeshwar,Jagannathan Kaushik,0,0,0,no run,0,,,21/2
1149564,1,5,6,0,Suresh Lokeshwar,Jagannathan Kaushik,1,1,0,run,0,,,22/2
1149564,1,6,1,0,Suresh Lokeshwar,ME Yazh Arun Mozhi,4,4,0,four,0,,,26/2
1149564,1,6,2,0,Suresh Lokeshwar,ME Yazh Arun Mozhi,1,1,0,run,0,,,27/2
1149564,1,6,3,Suresh Lokeshwar,0,ME Yazh Arun Mozhi,0,0,0,out,1,stumped,Suresh Lokeshwar,27/3
1149564,1,6,4,V Subramania Siva,0,ME Yazh Arun Mozhi,0,0,0,no run,0,,,27/3
1149564,1,6,5,V Subramania Siva,0,ME Yazh Arun Mozhi,0,0,0,out,1,caught,V Subramania Siva,27/4
1149564,1,6,6,P Francis Rokins,0,ME Yazh Arun Mozhi,0,0,0,no run,0,,,27/4
1149564,1,7,1,0,P Francis Rokins,Jagannathan Kaushik,1,1,0,run,0,,,28/4
1149564,1,7,2,P Francis Rokins,0,Jagannathan Kaushik,0,0,0,no run,0,,,28/4
1149564,1,7,3,P Francis Rokins,0,Jagannathan Kaushik,0,0,0,no run,0,,,28/4
1149564,1,7,4,P Francis Rokins,0,Jagannathan Kaushik,0,0,0,no run,0,,,28/4
1149564,1,7,5,P Francis Rokins,0,Jagannathan Kaushik,0,0,0,no run,0,,,28/4
1149564,1,7,6,P Francis Rokins,0,Jagannathan Kaushik,1,1,0,run,0,,,29/4
1149564,1,8,1,P Francis Rokins,0,ME Yazh Arun Mozhi,1,1,0,run,0,,,30/4
1149564,1,8,2,0,P Francis Rokins,ME Yazh Arun Mozhi,1,1,0,run,0,,,31/4
1149564,1,8,3,P Francis Rokins,0,ME Yazh Arun Mozhi,1,1,0,run,0,,,32/4
1149564,1,8,4,0,P Francis Rokins,ME Yazh Arun Mozhi,0,0,0,no run,0,,,32/4
1149564,1,8,5,0,P Francis Rokins,ME Yazh Arun Mozhi,0,0,0,no run,0,,,32/4
1149564,1,8,6,0,P Francis Rokins,ME Yazh Arun Mozhi,1,1,0,run,0,,,33/4
1149564,1,9,1,0,P Francis Rokins,Rajendran Vivek,0,0,0,no run,0,,,33/4
1149564,1,9,2,0,P Francis Rokins,Rajendran Vivek,2,2,0,run,0,,,35/4
1149564,1,9,3,0,P Francis Rokins,Rajendran Vivek,6,6,0,six,0,,,41/4
1149564,1,9,4,0,P Francis Rokins,Rajendran Vivek,1,1,0,run,0,,,42/4
1149564,1,9,5,P Francis Rokins,0,Rajendran Vivek,0,0,0,no run,0,,,42/4
1149564,1,9,6,P Francis Rokins,0,Rajendran Vivek,0,0,0,no run,0,,,42/4
1149564,1,10,1,0,P Francis Rokins,ME Yazh Arun Mozhi,2,2,0,run,0,,,44/4
1149564,1,10,2,0,P Francis Rokins,ME Yazh Arun Mozhi,1,1,0,run,0,,,45/4
1149564,1,10,3,P Francis Rokins,0,ME Yazh Arun Mozhi,1,0,1,wide,0,,,46/4
1149564,1,10,4,P Francis Rokins,0,ME Yazh Arun Mozhi,6,6,0,six,0,,,52/4
1149564,1,10,5,P Francis Rokins,0,ME Yazh Arun Mozhi,0,0,0,no run,0,,,52/4
1149564,1,10,6,P Francis Rokins,0,ME Yazh Arun Mozhi,1,1,0,run,0,,,53/4
1149564,1,10,7,0,P Francis Rokins,ME Yazh Arun Mozhi,0,0,0,no run,0,,,53/4
1149564,1,11,1,P Francis Rokins,0,M Silambarasan,1,1,0,run,0,,,54/4
1149564,1,11,2,0,P Francis Rokins,M Silambarasan,1,1,0,run,0,,,55/4
1149564,1,11,3,P Francis Rokins,0,M Silambarasan,1,1,0,run,0,,,56/4
1149564,1,11,4,0,P Francis Rokins,M Silambarasan,0,0,0,no run,0,,,56/4
1149564,1,11,5,0,P Francis Rokins,M Silambarasan,0,0,0,no run,0,,,56/4
1149564,1,11,6,0,P Francis Rokins,M Silambarasan,0,0,0,no run,0,,,56/4
1149564,1,12,1,P Francis Rokins,0,ME Yazh Arun Mozhi,1,1,0,run,0,,,57/4
1149564,1,12,2,0,P Francis Rokins,ME Yazh Arun Mozhi,0,0,0,no run,0,,,57/4
1149564,1,12,3,0,P Francis Rokins,ME Yazh Arun Mozhi,1,1,0,run,0,,,58/4
1149564,1,12,4,P Francis Rokins,0,ME Yazh Arun Mozhi,0,0,0,no run,0,,,58/4
1149564,1,12,5,P Francis Rokins,0,ME Yazh Arun Mozhi,1,1,0,run,0,,,59/4
1149564,1,12,6,0,P Francis Rokins,ME Yazh Arun Mozhi,1,1,0,run,0,,,60/4
1149564,1,13,1,0,P Francis Rokins,M Silambarasan,1,1,0,run,0,,,61/4
1149564,1,13,2,P Francis Rokins,0,M Silambarasan,0,0,0,no run,0,,,61/4
1149564,1,13,3,P Francis Rokins,0,M Silambarasan,4,4,0,four,0,,,65/4
1149564,1,13,4,P Francis Rokins,0,M Silambarasan,1,1,0,run,0,,,66/4
1149564,1,13,5,0,P Francis Rokins,M Silambarasan,1,1,0,run,0,,,67/4
1149564,1,13,6,P Francis Rokins,0,M Silambarasan,1,1,0,run,0,,,68/4
1149564,1,14,1,P Francis Rokins,0,Mohan Abhinav,0,0,0,no run,0,,,68/4
1149564,1,14,2,P Francis Rokins,0,Mohan Abhinav,1,1,0,run,0,,,69/4
1149564,1,14,3,0,P Francis Rokins,Mohan Abhinav,1,1,0,run,0,,,70/4
1149564,1,14,4,P Francis Rokins,0,Mohan Abhinav,6,6,0,six,0,,,76/4
1149564,1,14,5,P Francis Rokins,0,Mohan Abhinav,4,4,0,four,0,,,80/4
1149564,1,14,6,P Francis Rokins,0,Mohan Abhinav,0,0,0,no run,0,,,80/4
1149564,1,15,1,0,P Francis Rokins,M Silambarasan,2,2,0,run,0,,,82/4
1149564,1,15,2,0,P Francis Rokins,M Silambarasan,0,0,0,no run,0,,,82/4
1149564,1,15,3,0,P Francis Rokins,M Silambarasan,4,4,0,four,0,,,86/4
1149564,1,15,4,0,P Francis Rokins,M Silambarasan,0,0,0,no run,0,,,86/4
1149564,1,15,5,0,P Francis Rokins,M Silambarasan,0,0,0,no run,0,,,86/4
1149564,1,15,6,0,P Francis Rokins,M Silambarasan,1,1,0,run,0,,,87/4
1149564,1,16,1,0,P Francis Rokins,Adithya Arun,1,1,0,run,0,,,88/4
1149564,1,16,2,P Francis Rokins,0,Adithya Arun,0,0,0,no run,0,,,88/4
1149564,1,16,3,P Francis Rokins,0,Adithya Arun,2,2,0,run,0,,,90/4
1149564,1,16,4,P Francis Rokins,0,Adithya Arun,1,1,0,run,0,,,91/4
1149564,1,16,5,0,P Francis Rokins,Adithya Arun,4,4,0,four,0,,,95/4
1149564,1,16,6,0,P Francis Rokins,Adithya Arun,6,6,0,six,0,,,101/4
1149564,1,17,1,P Francis Rokins,0,M Mohammed,1,1,0,run,0,,,102/4
1149564,1,17,2,0,P Francis Rokins,M Mohammed,6,6,0,six,0,,,108/4
1149564,1,17,3,0,P Francis Rokins,M Mohammed,1,1,0,run,0,,,109/4
1149564,1,17,4,P Francis Rokins,0,M Mohammed,1,1,0,run,0,,,110/4
1149564,1,17,5,0,P Francis Rokins,M Mohammed,1,1,0,run,0,,,111/4
1149564,1,17,6,P Francis Rokins,0,M Mohammed,0,0,0,no run,0,,,111/4
1149564,1,18,1,0,P Francis Rokins,Jagannathan Kaushik,0,0,0,no run,0,,,111/4
1149564,1,18,2,0,P Francis Rokins,Jagannathan Kaushik,1,1,0,run,0,,,112/4
1149564,1,18,3,P Francis Rokins,0,Jagannathan Kaushik,6,6,0,six,0,,,118/4
1149564,1,18,4,P Francis Rokins,0,Jagannathan Kaushik,1,1,0,run,0,,,119/4
1149564,1,18,5,0,P Francis Rokins,Jagannathan Kaushik,0,0,0,no run,0,,,119/4
1149564,1,18,6,0,P Francis Rokins,Jagannathan Kaushik,0,0,0,no run,0,,,119/4
1149564,1,19,1,P Francis Rokins,0,M Mohammed,1,1,0,run,0,,,120/4
1149564,1,19,2,0,P Francis Rokins,M Mohammed,1,0,1,wide,0,,,121/4
1149564,1,19,3,0,P Francis Rokins,M Mohammed,1,0,1,wide,0,,,122/4
1149564,1,19,4,0,P Francis Rokins,M Mohammed,4,4,0,four,0,,,126/4
1149564,1,19,5,0,P Francis Rokins,M Mohammed,6,6,0,six,0,,,132/4
1149564,1,19,6,0,P Francis Rokins,M Mohammed,1,0,1,wide,0,,,133/4
1149564,1,19,7,0,P Francis Rokins,M Mohammed,4,4,0,four,0,,,137/4
1149564,1,19,8,0,P Francis Rokins,M Mohammed,1,1,0,run,0,,,138/4
1149564,1,19,9,P Francis Rokins,0,M Mohammed,2,2,0,run,0,,,140/4
1149564,1,20,1,0,P Francis Rokins,Jagannathan Kaushik,6,6,0,six,0,,,146/4
1149564,1,20,2,0,P Francis Rokins,Jagannathan Kaushik,1,1,0,run,0,,,147/4
1149564,1,20,3,P Francis Rokins,0,Jagannathan Kaushik,6,6,0,six,0,,,153/4
1149564,1,20,4,P Francis Rokins,0,Jagannathan Kaushik,1,0,1,wide,0,,,154/4
1149564,1,20,5,P Francis Rokins,0,Jagannathan Kaushik,6,6,0,six,0,,,160/4
1149564,1,20,6,P Francis Rokins,0,Jagannathan Kaushik,4,4,0,four,0,,,164/4
1149564,1,20,7,P Francis Rokins,0,Jagannathan Kaushik,2,2,0,run,0,,,166/4
1149564,2,1,1,Chezhian Nishaanth,0,Sridhar Ashwath,0,0,0,no run,0,,,0/0
1149564,2,1,2,Chezhian Nishaanth,0,Sridhar Ashwath,6,6,0,six,0,,,6/0
1149564,2,1,3,Chezhian Nishaanth,0,Sridhar Ashwath,0,0,0,no run,0,,,6/0
1149564,2,1,4,Chezhian Nishaanth,0,Sridhar Ashwath,1,1,0,run,0,,,7/0
1149564,2,1,5,Narayan Jagadeesan,Chezhian Nishaanth,Sridhar Ashwath,1,1,0,run,0,,,8/0
1149564,2,1,6,Chezhian Nishaanth,Narayan Jagadeesan,Sridhar Ashwath,0,0,0,no run,0,,,8/0
1149564,2,2,1,Narayan Jagadeesan,Chezhian Nishaanth,Sunil Sam,1,1,0,run,0,,,9/0
1149564,2,2,2,Chezhian Nishaanth,Narayan Jagadeesan,Sunil Sam,1,1,0,run,0,,,10/0
1149564,2,2,3,Narayan Jagadeesan,Chezhian Nishaanth,Sunil Sam,0,0,0,no run,0,,,10/0
1149564,2,2,4,Narayan Jagadeesan,Chezhian Nishaanth,Sunil Sam,0,0,0,no run,0,,,10/0
1149564,2,2,5,Narayan Jagadeesan,Chezhian Nishaanth,Sunil Sam,1,1,0,run,0,,,11/0
1149564,2,2,6,Chezhian Nishaanth,Narayan Jagadeesan,Sunil Sam,1,1,0,run,0,,,12/0
1149564,2,3,1,Chezhian Nishaanth,Narayan Jagadeesan,Sridhar Ashwath,6,6,0,six,0,,,18/0
1149564,2,3,2,Chezhian Nishaanth,Narayan Jagadeesan,Sridhar Ashwath,1,1,0,run,0,,,19/0
1149564,2,3,3,Narayan Jagadeesan,Chezhian Nishaanth,Sridhar Ashwath,0,0,0,no run,0,,,19/0
1149564,2,3,4,Narayan Jagadeesan,Chezhian Nishaanth,Sridhar Ashwath,1,1,0,run,0,,,20/0
1149564,2,3,5,Chezhian Nishaanth,Narayan Jagadeesan,Sridhar Ashwath,1,1,0,run,0,,,21/0
1149564,2,3,6,Narayan Jagadeesan,Chezhian Nishaanth,Sridhar Ashwath,0,0,0,no run,0,,,21/0
1149564,2,4,1,Chezhian Nishaanth,Narayan Jagadeesan,Sunil Sam,4,4,0,four,0,,,25/0
1149564,2,4,2,Chezhian Nishaanth,Narayan Jagadeesan,Sunil Sam,0,0,0,no run,0,,,25/0
1149564,2,4,3,Chezhian Nishaanth,Narayan Jagadeesan,Sunil Sam,0,0,0,no run,0,,,25/0
1149564,2,4,4,Chezhian Nishaanth,Narayan Jagadeesan,Sunil Sam,0,0,0,no run,0,,,25/0
1149564,2,4,5,Chezhian Nishaanth,Narayan Jagadeesan,Sunil Sam,4,4,0,four,0,,,29/0
1149564,2,4,6,Chezhian Nishaanth,Narayan Jagadeesan,Sunil Sam,0,0,0,no run,0,,,29/0
1149564,2,5,1,Narayan Jagadeesan,Chezhian Nishaanth,Raju Aushik Srinivas,0,0,0,no run,0,,,29/0
1149564,2,5,2,Narayan Jagadeesan,Chezhian Nishaanth,Raju Aushik Srinivas,1,1,0,run,0,,,30/0
1149564,2,5,3,Chezhian Nishaanth,Narayan Jagadeesan,Raju Aushik Srinivas,0,0,0,no run,0,,,30/0
1149564,2,5,4,Chezhian Nishaanth,Narayan Jagadeesan,Raju Aushik Srinivas,4,4,0,four,0,,,34/0
1149564,2,5,5,Chezhian Nishaanth,Narayan Jagadeesan,Raju Aushik Srinivas,0,0,0,no run,0,,,34/0
1149564,2,5,6,Chezhian Nishaanth,Narayan Jagadeesan,Raju Aushik Srinivas,1,1,0,run,0,,,35/0
1149564,2,6,1,Chezhian Nishaanth,Narayan Jagadeesan,Ragupathy Silambarasan,4,4,0,four,0,,,39/0
1149564,2,6,2,Chezhian Nishaanth,Narayan Jagadeesan,Ragupathy Silambarasan,0,0,0,no run,0,,,39/0
1149564,2,6,3,Chezhian Nishaanth,Narayan Jagadeesan,Ragupathy Silambarasan,4,4,0,four,0,,,43/0
1149564,2,6,4,Chezhian Nishaanth,Narayan Jagadeesan,Ragupathy Silambarasan,0,0,0,no run,0,,,43/0
1149564,2,6,5,Chezhian Nishaanth,Narayan Jagadeesan,Ragupathy Silambarasan,0,0,0,no run,0,,,43/0
1149564,2,6,6,Chezhian Nishaanth,Narayan Jagadeesan,Ragupathy Silambarasan,6,6,0,six,0,,,49/0
1149564,2,7,1,Narayan Jagadeesan,Chezhian Nishaanth,0,1,1,0,run,0,,,50/0
1149564,2,7,2,Chezhian Nishaanth,Narayan Jagadeesan,0,0,0,0,no run,0,,,50/0
1149564,2,7,3,Chezhian Nishaanth,Narayan Jagadeesan,0,0,0,0,no run,0,,,50/0
1149564,2,7,4,Chezhian Nishaanth,Narayan Jagadeesan,0,1,1,0,run,0,,,51/0
1149564,2,7,5,Narayan Jagadeesan,Chezhian Nishaanth,0,1,1,0,run,0,,,52/0
1149564,2,7,6,Chezhian Nishaanth,Narayan Jagadeesan,0,4,4,0,four,0,,,56/0
1149564,2,8,1,Narayan Jagadeesan,Chezhian Nishaanth,Raju Aushik Srinivas,1,1,0,run,0,,,57/0
1149564,2,8,2,Chezhian Nishaanth,Narayan Jagadeesan,Raju Aushik Srinivas,0,0,0,no run,0,,,57/0
1149564,2,8,3,Chezhian Nishaanth,Narayan Jagadeesan,Raju Aushik Srinivas,1,1,0,run,0,,,58/0
1149564,2,8,4,Narayan Jagadeesan,Chezhian Nishaanth,Raju Aushik Srinivas,1,1,0,run,0,,,59/0
1149564,2,8,5,Chezhian Nishaanth,Narayan Jagadeesan,Raju Aushik Srinivas,0,0,0,out,1,caught,Chezhian Nishaanth,59/1
1149564,2,8,6,Balchander Anirudh,Narayan Jagadeesan,Raju Aushik Srinivas,0,0,0,no run,0,,,59/1
1149564,2,9,1,Narayan Jagadeesan,Balchander Anirudh,0,2,2,0,run,0,,,61/1
1149564,2,9,2,Narayan Jagadeesan,Balchander Anirudh,0,4,4,0,four,0,,,65/1
1149564,2,9,3,Narayan Jagadeesan,Balchander Anirudh,0,1,1,0,run,0,,,66/1
1149564,2,9,4,Balchander Anirudh,Narayan Jagadeesan,0,1,1,0,run,0,,,67/1
1149564,2,9,5,Narayan Jagadeesan,Balchander Anirudh,0,0,0,0,no run,0,,,67/1
1149564,2,9,6,Narayan Jagadeesan,Balchander Anirudh,0,1,1,0,run,0,,,68/1
1149564,2,10,1,Narayan Jagadeesan,Balchander Anirudh,Raju Aushik Srinivas,0,0,0,no run,0,,,68/1
1149564,2,10,2,Narayan Jagadeesan,Balchander Anirudh,Raju Aushik Srinivas,1,1,0,run,0,,,69/1
1149564,2,10,3,Balchander Anirudh,Narayan Jagadeesan,Raju Aushik Srinivas,0,0,0,no run,0,,,69/1
1149564,2,10,4,Balchander Anirudh,Narayan Jagadeesan,Raju Aushik Srinivas,0,0,0,no run,0,,,69/1
1149564,2,10,5,Balchander Anirudh,Narayan Jagadeesan,Raju Aushik Srinivas,1,1,0,run,0,,,70/1
1149564,2,10,6,Narayan Jagadeesan,Balchander Anirudh,Raju Aushik Srinivas,1,1,0,run,0,,,71/1
1149564,2,11,1,Narayan Jagadeesan,Balchander Anirudh,0,1,1,0,run,0,,,72/1
1149564,2,11,2,Balchander Anirudh,Narayan Jagadeesan,0,1,1,0,run,0,,,73/1
1149564,2,11,3,Narayan Jagadeesan,Balchander Anirudh,0,1,1,0,run,0,,,74/1
1149564,2,11,4,Balchander Anirudh,Narayan Jagadeesan,0,6,6,0,six,0,,,80/1
1149564,2,11,5,Balchander Anirudh,Narayan Jagadeesan,0,1,1,0,run,0,,,81/1
1149564,2,11,6,Narayan Jagadeesan,Balchander Anirudh,0,1,1,0,run,0,,,82/1
1149564,2,12,1,Narayan Jagadeesan,Balchander Anirudh,Ramsingh  Sanjay Yadav,1,1,0,run,0,,,83/1
1149564,2,12,2,Balchander Anirudh,Narayan Jagadeesan,Ramsingh  Sanjay Yadav,0,0,0,no run,0,,,83/1
1149564,2,12,3,Balchander Anirudh,Narayan Jagadeesan,Ramsingh  Sanjay Yadav,6,6,0,six,0,,,89/1
1149564,2,12,4,Balchander Anirudh,Narayan Jagadeesan,Ramsingh  Sanjay Yadav,1,1,0,run,0,,,90/1
1149564,2,12,5,Narayan Jagadeesan,Balchander Anirudh,Ramsingh  Sanjay Yadav,1,1,0,run,0,,,91/1
1149564,2,12,6,Balchander Anirudh,Narayan Jagadeesan,Ramsingh  Sanjay Yadav,1,1,0,run,0,,,92/1
1149564,2,13,1,Balchander Anirudh,Narayan Jagadeesan,Sridhar Ashwath,4,4,0,four,0,,,96/1
1149564,2,13,2,Balchander Anirudh,Narayan Jagadeesan,Sridhar Ashwath,1,1,0,run,0,,,97/1
1149564,2,13,3,Narayan Jagadeesan,Balchander Anirudh,Sridhar Ashwath,0,0,0,no run,0,,,97/1
1149564,2,13,4,Narayan Jagadeesan,Balchander Anirudh,Sridhar Ashwath,1,1,0,run,0,,,98/1
1149564,2,13,5,Balchander Anirudh,Narayan Jagadeesan,Sridhar Ashwath,1,1,0,run,0,,,99/1
1149564,2,13,6,Narayan Jagadeesan,Balchander Anirudh,Sridhar Ashwath,6,6,0,six,0,,,105/1
1149564,2,14,1,Balchander Anirudh,Narayan Jagadeesan,0,1,1,0,run,0,,,106/1
1149564,2,14,2,Narayan Jagadeesan,Balchander Anirudh,0,0,0,0,no run,0,,,106/1
1149564,2,14,3,Narayan Jagadeesan,Balchander Anirudh,0,1,1,0,run,0,,,107/1
1149564,2,14,4,Balchander Anirudh,Narayan Jagadeesan,0,1,1,0,run,0,,,108/1
1149564,2,14,5,Narayan Jagadeesan,Balchander Anirudh,0,1,1,0,run,0,,,109/1
1149564,2,14,6,Balchander Anirudh,Narayan Jagadeesan,0,1,1,0,run,0,,,110/1
1149564,2,15,1,Balchander Anirudh,Narayan Jagadeesan,Sunil Sam,0,0,0,out,1,caught,Balchander Anirudh,110/2
1149564,2,15,2,N Sarangarajan Chaturved,Narayan Jagadeesan,Sunil Sam,4,4,0,four,0,,,114/2
1149564,2,15,3,N Sarangarajan Chaturved,Narayan Jagadeesan,Sunil Sam,1,1,0,run,0,,,115/2
1149564,2,15,4,Narayan Jagadeesan,N Sarangarajan Chaturved,Sunil Sam,1,0,1,leg bye,0,,,116/2
1149564,2,15,5,N Sarangarajan Chaturved,Narayan Jagadeesan,Sunil Sam,1,1,0,run,0,,,117/2
1149564,2,15,6,Narayan Jagadeesan,N Sarangarajan Chaturved,Sunil Sam,1,1,0,run,0,,,118/2
1149564,2,16,1,Narayan Jagadeesan,N Sarangarajan Chaturved,Ramsingh  Sanjay Yadav,1,1,0,run,0,,,119/2
1149564,2,16,2,N Sarangarajan Chaturved,Narayan Jagadeesan,Ramsingh  Sanjay Yadav,1,1,0,run,0,,,120/2
1149564,2,16,3,Narayan Jagadeesan,N Sarangarajan Chaturved,Ramsingh  Sanjay Yadav,6,6,0,six,0,,,126/2
1149564,2,16,4,Narayan Jagadeesan,N Sarangarajan Chaturved,Ramsingh  Sanjay Yadav,0,0,0,out,1,stumped,Narayan Jagadeesan,126/3
1149564,2,16,5,Mohan Abhinav,N Sarangarajan Chaturved,Ramsingh  Sanjay Yadav,3,3,0,run,0,,,129/3
1149564,2,16,6,N Sarangarajan Chaturved,Mohan Abhinav,Ramsingh  Sanjay Yadav,1,1,0,run,0,,,130/3
1149564,2,17,1,N Sarangarajan Chaturved,Mohan Abhinav,Raju Aushik Srinivas,1,1,0,run,0,,,131/3
1149564,2,17,2,Mohan Abhinav,N Sarangarajan Chaturved,Raju Aushik Srinivas,0,0,0,no run,0,,,131/3
1149564,2,17,3,Mohan Abhinav,N Sarangarajan Chaturved,Raju Aushik Srinivas,1,1,0,run,0,,,132/3
1149564,2,17,4,N Sarangarajan Chaturved,Mohan Abhinav,Raju Aushik Srinivas,6,6,0,six,0,,,138/3
1149564,2,17,5,N Sarangarajan Chaturved,Mohan Abhinav,Raju Aushik Srinivas,2,2,0,run,0,,,140/3
1149564,2,17,6,N Sarangarajan Chaturved,Mohan Abhinav,Raju Aushik Srinivas,1,1,0,run,0,,,141/3
1149564,2,18,1,N Sarangarajan Chaturved,Mohan Abhinav,Sunil Sam,4,4,0,four,0,,,145/3
1149564,2,18,2,N Sarangarajan Chaturved,Mohan Abhinav,Sunil Sam,0,0,0,no run,0,,,145/3
1149564,2,18,3,N Sarangarajan Chaturved,Mohan Abhinav,Sunil Sam,6,6,0,six,0,,,151/3
1149564,2,18,4,N Sarangarajan Chaturved,Mohan Abhinav,Sunil Sam,1,1,0,run,0,,,152/3
1149564,2,18,5,Mohan Abhinav,N Sarangarajan Chaturved,Sunil Sam,1,1,0,run,0,,,153/3
1149564,2,18,6,N Sarangarajan Chaturved,Mohan Abhinav,Sunil Sam,1,1,0,run,0,,,154/3
1149564,2,19,1,N Sarangarajan Chaturved,Mohan Abhinav,Ramsingh  Sanjay Yadav,4,4,0,four,0,,,158/3
1149564,2,19,2,N Sarangarajan Chaturved,Mohan Abhinav,Ramsingh  Sanjay Yadav,1,1,0,run,0,,,159/3
1149564,2,19,3,Mohan Abhinav,N Sarangarajan Chaturved,Ramsingh  Sanjay Yadav,6,6,0,six,0,,,165/3
1149564,2,19,4,Mohan Abhinav,N Sarangarajan Chaturved,Ramsingh  Sanjay Yadav,0,0,0,no run,0,,,165/3
1149564,2,19,5,Mohan Abhinav,N Sarangarajan Chaturved,Ramsingh  Sanjay Yadav,0,0,0,no run,0,,,165/3
1149564,2,19,6,Mohan Abhinav,N Sarangarajan Chaturved,Ramsingh  Sanjay Yadav,0,0,0,no run,0,,,165/3
1149564,2,20,1,N Sarangarajan Chaturved,Mohan Abhinav,Baba Aparajith,6,6,0,six,0,,,171/3
1149565,1,1,1,Kumaran Bharath Shankar,0,Krishnamoorthy Vignesh,0,0,0,no run,0,,,0/0
1149565,1,1,2,Kumaran Bharath Shankar,0,Krishnamoorthy Vignesh,4,0,4,bye,0,,,4/0
1149565,1,1,3,Kumaran Bharath Shankar,0,Krishnamoorthy Vignesh,1,1,0,run,0,,,5/0
1149565,1,1,4,Baba Indrajith,Kumaran Bharath Shankar,Krishnamoorthy Vignesh,0,0,0,no run,0,,,5/0
1149565,1,1,5,Baba Indrajith,Kumaran Bharath Shankar,Krishnamoorthy Vignesh,1,1,0,run,0,,,6/0
1149565,1,1,6,Kumaran Bharath Shankar,Baba Indrajith,Krishnamoorthy Vignesh,1,1,0,run,0,,,7/0
1149565,1,2,1,Kumaran Bharath Shankar,Baba Indrajith, Sriram Ajith Ram,0,0,0,no run,0,,,7/0
1149565,1,2,2,Kumaran Bharath Shankar,Baba Indrajith, Sriram Ajith Ram,4,4,0,four,0,,,11/0
1149565,1,2,3,Kumaran Bharath Shankar,Baba Indrajith, Sriram Ajith Ram,0,0,0,no run,0,,,11/0
1149565,1,2,4,Kumaran Bharath Shankar,Baba Indrajith, Sriram Ajith Ram,4,4,0,four,0,,,15/0
1149565,1,2,5,Kumaran Bharath Shankar,Baba Indrajith, Sriram Ajith Ram,1,1,0,run,0,,,16/0
1149565,1,2,6,Baba Indrajith,Kumaran Bharath Shankar, Sriram Ajith Ram,0,0,0,no run,0,,,16/0
1149565,1,3,1,Kumaran Bharath Shankar,Baba Indrajith,Krishnamoorthy Vignesh,0,0,0,no run,0,,,16/0
1149565,1,3,2,Kumaran Bharath Shankar,Baba Indrajith,Krishnamoorthy Vignesh,4,4,0,four,0,,,20/0
1149565,1,3,3,Kumaran Bharath Shankar,Baba Indrajith,Krishnamoorthy Vignesh,1,1,0,run,0,,,21/0
1149565,1,3,4,Baba Indrajith,Kumaran Bharath Shankar,Krishnamoorthy Vignesh,0,0,0,no run,0,,,21/0
1149565,1,3,5,Baba Indrajith,Kumaran Bharath Shankar,Krishnamoorthy Vignesh,0,0,0,no run,0,,,21/0
1149565,1,3,6,Baba Indrajith,Kumaran Bharath Shankar,Krishnamoorthy Vignesh,1,1,0,run,0,,,22/0
1149565,1,4,1,Baba Indrajith,Kumaran Bharath Shankar, Sriram Ajith Ram,1,1,0,run,0,,,23/0
1149565,1,4,2,Kumaran Bharath Shankar,Baba Indrajith, Sriram Ajith Ram,1,1,0,run,0,,,24/0
1149565,1,4,3,Baba Indrajith,Kumaran Bharath Shankar, Sriram Ajith Ram,0,0,0,out,1,leg before wicket,Baba Indrajith,24/1
1149565,1,4,4,K Mani Bharathi,Kumaran Bharath Shankar, Sriram Ajith Ram,1,1,0,run,0,,,25/1
1149565,1,4,5,Kumaran Bharath Shankar,K Mani Bharathi, Sriram Ajith Ram,1,1,0,run,0,,,26/1
1149565,1,4,6,K Mani Bharathi,Kumaran Bharath Shankar, Sriram Ajith Ram,1,1,0,run,0,,,27/1
1149565,1,5,1,K Mani Bharathi,Kumaran Bharath Shankar,Krishnamoorthy Vignesh,0,0,0,no run,0,,,27/1
1149565,1,5,2,K Mani Bharathi,Kumaran Bharath Shankar,Krishnamoorthy Vignesh,1,1,0,run,0,,,28/1
1149565,1,5,3,Kumaran Bharath Shankar,K Mani Bharathi,Krishnamoorthy Vignesh,2,2,0,run,0,,,30/1
1149565,1,5,4,Kumaran Bharath Shankar,K Mani Bharathi,Krishnamoorthy Vignesh,4,4,0,four,0,,,34/1
1149565,1,5,5,Kumaran Bharath Shankar,K Mani Bharathi,Krishnamoorthy Vignesh,1,0,1,leg bye,0,,,35/1
1149565,1,5,6,K Mani Bharathi,Kumaran Bharath Shankar,Krishnamoorthy Vignesh,1,1,0,run,0,,,36/1
1149565,1,6,1,K Mani Bharathi,Kumaran Bharath Shankar,Thangarasu Natarajan,0,0,0,no run,0,,,36/1
1149565,1,6,2,K Mani Bharathi,Kumaran Bharath Shankar,Thangarasu Natarajan,0,0,0,no run,0,,,36/1
1149565,1,6,3,K Mani Bharathi,Kumaran Bharath Shankar,Thangarasu Natarajan,2,2,0,run,0,,,38/1
1149565,1,6,4,K Mani Bharathi,Kumaran Bharath Shankar,Thangarasu Natarajan,0,0,0,out,1,run out,Kumaran Bharath Shankar,38/2
1149565,1,6,5,K Mani Bharathi,0,Thangarasu Natarajan,0,0,0,no run,0,,,38/2
1149565,1,6,6,K Mani Bharathi,S Aravind,Thangarasu Natarajan,4,4,0,four,0,,,42/2
1149565,1,7,1,S Aravind,K Mani Bharathi,S Manigandan,0,0,0,no run,0,,,42/2
1149565,1,7,2,S Aravind,K Mani Bharathi,S Manigandan,0,0,0,out,1,caught,S Aravind,42/3
1149565,1,7,3,K Mani Bharathi,Selvam Suresh Kumar,S Manigandan,0,0,0,out,1,bowled,K Mani Bharathi,42/4
1149565,1,7,4,Chandrasekar Ganapathy,Selvam Suresh Kumar,S Manigandan,1,1,0,run,0,,,43/4
1149565,1,7,5,Selvam Suresh Kumar,Chandrasekar Ganapathy,S Manigandan,0,0,0,no run,0,,,43/4
1149565,1,7,6,Selvam Suresh Kumar,Chandrasekar Ganapathy,S Manigandan,0,0,0,no run,0,,,43/4
1149565,1,8,1,Chandrasekar Ganapathy,Selvam Suresh Kumar, Sriram Ajith Ram,0,0,0,out,1,caught,Chandrasekar Ganapathy,43/5
1149565,1,8,2,Ramsingh Sonu Yadav,Selvam Suresh Kumar, Sriram Ajith Ram,0,0,0,no run,0,,,43/5
1149565,1,8,3,Ramsingh Sonu Yadav,Selvam Suresh Kumar, Sriram Ajith Ram,1,1,0,run,0,,,44/5
1149565,1,8,4,Selvam Suresh Kumar,Ramsingh Sonu Yadav, Sriram Ajith Ram,1,1,0,run,0,,,45/5
1149565,1,8,5,Ramsingh Sonu Yadav,Selvam Suresh Kumar, Sriram Ajith Ram,1,1,0,run,0,,,46/5
1149565,1,8,6,Selvam Suresh Kumar,Ramsingh Sonu Yadav, Sriram Ajith Ram,0,0,0,no run,0,,,46/5
1149565,1,9,1,Ramsingh Sonu Yadav,Selvam Suresh Kumar,S Manigandan,0,0,0,no run,0,,,46/5
1149565,1,9,2,Ramsingh Sonu Yadav,Selvam Suresh Kumar,S Manigandan,1,1,0,run,0,,,47/5
1149565,1,9,3,Selvam Suresh Kumar,Ramsingh Sonu Yadav,S Manigandan,1,1,0,run,0,,,48/5
1149565,1,9,4,Ramsingh Sonu Yadav,Selvam Suresh Kumar,S Manigandan,0,0,0,no run,0,,,48/5
1149565,1,9,5,Ramsingh Sonu Yadav,Selvam Suresh Kumar,S Manigandan,4,4,0,four,0,,,52/5
1149565,1,9,6,Ramsingh Sonu Yadav,Selvam Suresh Kumar,S Manigandan,0,0,0,no run,0,,,52/5
1149565,1,10,1,Selvam Suresh Kumar,Ramsingh Sonu Yadav,Thangarasu Natarajan,1,1,0,run,0,,,53/5
1149565,1,10,2,Ramsingh Sonu Yadav,Selvam Suresh Kumar,Thangarasu Natarajan,1,1,0,run,0,,,54/5
1149565,1,10,3,Selvam Suresh Kumar,Ramsingh Sonu Yadav,Thangarasu Natarajan,1,1,0,run,0,,,55/5
1149565,1,10,4,Ramsingh Sonu Yadav,Selvam Suresh Kumar,Thangarasu Natarajan,0,0,0,no run,0,,,55/5
1149565,1,10,5,Ramsingh Sonu Yadav,Selvam Suresh Kumar,Thangarasu Natarajan,0,0,0,no run,0,,,55/5
1149565,1,10,6,Ramsingh Sonu Yadav,Selvam Suresh Kumar,Thangarasu Natarajan,0,0,0,no run,0,,,55/5
1149565,1,11,1,Selvam Suresh Kumar,Ramsingh Sonu Yadav,S Manigandan,0,0,0,no run,0,,,55/5
1149565,1,11,2,Selvam Suresh Kumar,Ramsingh Sonu Yadav,S Manigandan,1,1,0,run,0,,,56/5
1149565,1,11,3,Ramsingh Sonu Yadav,Selvam Suresh Kumar,S Manigandan,0,0,0,no run,0,,,56/5
1149565,1,11,4,Ramsingh Sonu Yadav,Selvam Suresh Kumar,S Manigandan,0,0,0,no run,0,,,56/5
1149565,1,11,5,Ramsingh Sonu Yadav,Selvam Suresh Kumar,S Manigandan,1,1,0,run,0,,,57/5
1149565,1,11,6,Selvam Suresh Kumar,Ramsingh Sonu Yadav,S Manigandan,1,1,0,run,0,,,58/5
1149565,1,12,1,Selvam Suresh Kumar,Ramsingh Sonu Yadav,Wenseslaus Antony Dhas,1,1,0,run,0,,,59/5
1149565,1,12,2,Ramsingh Sonu Yadav,Selvam Suresh Kumar,Wenseslaus Antony Dhas,6,6,0,six,0,,,65/5
1149565,1,12,3,Ramsingh Sonu Yadav,Selvam Suresh Kumar,Wenseslaus Antony Dhas,1,0,1,wide,0,,,66/5
1149565,1,12,4,Ramsingh Sonu Yadav,Selvam Suresh Kumar,Wenseslaus Antony Dhas,1,1,0,run,0,,,67/5
1149565,1,12,5,Selvam Suresh Kumar,Ramsingh Sonu Yadav,Wenseslaus Antony Dhas,1,1,0,run,0,,,68/5
1149565,1,12,6,Ramsingh Sonu Yadav,Selvam Suresh Kumar,Wenseslaus Antony Dhas,1,1,0,run,0,,,69/5
1149565,1,12,7,Selvam Suresh Kumar,Ramsingh Sonu Yadav,Wenseslaus Antony Dhas,4,4,0,four,0,,,73/5
1149565,1,13,1,Ramsingh Sonu Yadav,Selvam Suresh Kumar,M Prasanth Rajesh,4,4,0,four,0,,,77/5
1149565,1,13,2,Ramsingh Sonu Yadav,Selvam Suresh Kumar,M Prasanth Rajesh,0,0,0,out,1,caught,Ramsingh Sonu Yadav,77/6
1149565,1,13,3,M Lakshmi Narayanan,Selvam Suresh Kumar,M Prasanth Rajesh,0,0,0,no run,0,,,77/6
1149565,1,13,4,M Lakshmi Narayanan,Selvam Suresh Kumar,M Prasanth Rajesh,0,0,0,no run,0,,,77/6
1149565,1,13,5,M Lakshmi Narayanan,Selvam Suresh Kumar,M Prasanth Rajesh,1,1,0,run,0,,,78/6
1149565,1,13,6,Selvam Suresh Kumar,M Lakshmi Narayanan,M Prasanth Rajesh,1,1,0,run,0,,,79/6
1149565,1,14,1,Selvam Suresh Kumar,M Lakshmi Narayanan, Sriram Ajith Ram,1,1,0,run,0,,,80/6
1149565,1,14,2,M Lakshmi Narayanan,Selvam Suresh Kumar, Sriram Ajith Ram,1,1,0,run,0,,,81/6
1149565,1,14,3,Selvam Suresh Kumar,M Lakshmi Narayanan, Sriram Ajith Ram,6,6,0,six,0,,,87/6
1149565,1,14,4,Selvam Suresh Kumar,M Lakshmi Narayanan, Sriram Ajith Ram,0,0,0,no run,0,,,87/6
1149565,1,14,5,Selvam Suresh Kumar,M Lakshmi Narayanan, Sriram Ajith Ram,0,0,0,no run,0,,,87/6
1149565,1,14,6,Selvam Suresh Kumar,M Lakshmi Narayanan, Sriram Ajith Ram,1,1,0,run,0,,,88/6
1149565,1,15,1,Selvam Suresh Kumar,M Lakshmi Narayanan,M Prasanth Rajesh,0,0,0,no run,0,,,88/6
1149565,1,15,2,Selvam Suresh Kumar,M Lakshmi Narayanan,M Prasanth Rajesh,1,1,0,run,0,,,89/6
1149565,1,15,3,M Lakshmi Narayanan,Selvam Suresh Kumar,M Prasanth Rajesh,4,4,0,four,0,,,93/6
1149565,1,15,4,M Lakshmi Narayanan,Selvam Suresh Kumar,M Prasanth Rajesh,0,0,0,no run,0,,,93/6
1149565,1,15,5,M Lakshmi Narayanan,Selvam Suresh Kumar,M Prasanth Rajesh,1,1,0,run,0,,,94/6
1149565,1,15,6,Selvam Suresh Kumar,M Lakshmi Narayanan,M Prasanth Rajesh,0,0,0,no run,0,,,94/6
1149565,1,16,1,M Lakshmi Narayanan,Selvam Suresh Kumar,Krishnamoorthy Vignesh,4,4,0,four,0,,,98/6
1149565,1,16,2,M Lakshmi Narayanan,Selvam Suresh Kumar,Krishnamoorthy Vignesh,0,0,0,out,1,caught,M Lakshmi Narayanan,98/7
1149565,1,16,3,MS Sanjay,Selvam Suresh Kumar,Krishnamoorthy Vignesh,0,0,0,no run,0,,,98/7
1149565,1,16,4,MS Sanjay,Selvam Suresh Kumar,Krishnamoorthy Vignesh,1,0,1,leg bye,0,,,99/7
1149565,1,16,5,Selvam Suresh Kumar,MS Sanjay,Krishnamoorthy Vignesh,0,0,0,no run,0,,,99/7
1149565,1,16,6,Selvam Suresh Kumar,MS Sanjay,Krishnamoorthy Vignesh,0,0,0,no run,0,,,99/7
1149565,1,17,1,MS Sanjay,Selvam Suresh Kumar,S Manigandan,0,0,0,no run,0,,,99/7
1149565,1,17,2,MS Sanjay,Selvam Suresh Kumar,S Manigandan,1,1,0,run,0,,,100/7
1149565,1,17,3,Selvam Suresh Kumar,MS Sanjay,S Manigandan,6,6,0,six,0,,,106/7
1149565,1,17,4,Selvam Suresh Kumar,MS Sanjay,S Manigandan,1,1,0,run,0,,,107/7
1149565,1,17,5,MS Sanjay,Selvam Suresh Kumar,S Manigandan,0,0,0,no run,0,,,107/7
1149565,1,17,6,MS Sanjay,Selvam Suresh Kumar,S Manigandan,0,0,0,no run,0,,,107/7
1149565,1,18,1,Selvam Suresh Kumar,MS Sanjay,Thangarasu Natarajan,0,0,0,no run,0,,,107/7
1149565,1,18,2,Selvam Suresh Kumar,MS Sanjay,Thangarasu Natarajan,0,0,0,no run,0,,,107/7
1149565,1,18,3,Selvam Suresh Kumar,MS Sanjay,Thangarasu Natarajan,4,4,0,four,0,,,111/7
1149565,1,18,4,Selvam Suresh Kumar,MS Sanjay,Thangarasu Natarajan,0,0,0,no run,0,,,111/7
1149565,1,18,5,Selvam Suresh Kumar,MS Sanjay,Thangarasu Natarajan,1,1,0,run,0,,,112/7
1149565,1,18,6,MS Sanjay,Selvam Suresh Kumar,Thangarasu Natarajan,1,1,0,run,0,,,113/7
1149565,1,19,1,MS Sanjay,Selvam Suresh Kumar,M Prasanth Rajesh,0,0,0,no run,0,,,113/7
1149565,1,19,2,MS Sanjay,Selvam Suresh Kumar,M Prasanth Rajesh,1,1,0,run,1,run out,MS Sanjay,114/8
1149565,1,19,3,Dakshinamoorthy Tamil Kumaran,Selvam Suresh Kumar,M Prasanth Rajesh,4,4,0,four,0,,,118/8
1149565,1,19,4,Dakshinamoorthy Tamil Kumaran,Selvam Suresh Kumar,M Prasanth Rajesh,1,1,0,run,0,,,119/8
1149565,1,19,5,Selvam Suresh Kumar,Dakshinamoorthy Tamil Kumaran,M Prasanth Rajesh,1,1,0,run,0,,,120/8
1149565,1,19,6,Dakshinamoorthy Tamil Kumaran,Selvam Suresh Kumar,M Prasanth Rajesh,1,0,1,leg bye,0,,,121/8
1149565,1,20,1,Dakshinamoorthy Tamil Kumaran,Selvam Suresh Kumar,Thangarasu Natarajan,1,0,1,no ball,0,,,122/8
1149565,1,20,2,Dakshinamoorthy Tamil Kumaran,Selvam Suresh Kumar,Thangarasu Natarajan,0,0,0,no run,0,,,122/8
1149565,1,20,3,Dakshinamoorthy Tamil Kumaran,Selvam Suresh Kumar,Thangarasu Natarajan,1,1,0,run,0,,,123/8
1149565,1,20,4,Selvam Suresh Kumar,Dakshinamoorthy Tamil Kumaran,Thangarasu Natarajan,0,0,0,out,1,caught,Selvam Suresh Kumar,123/9
1149565,1,20,5,Dakshinamoorthy Tamil Kumaran,0,Thangarasu Natarajan,0,0,0,no run,0,,,123/9
1149565,1,20,6,Dakshinamoorthy Tamil Kumaran,0,Thangarasu Natarajan,0,0,0,no run,0,,,123/9
1149565,1,20,7,Dakshinamoorthy Tamil Kumaran,Kannan Vignesh,Thangarasu Natarajan,1,1,0,run,0,,,124/9
1149565,2,1,1,Abhinav Mukund,0,Kannan Vignesh,1,1,0,run,0,,,1/0
1149565,2,1,2,Masood Shahrukh Khan,Abhinav Mukund,Kannan Vignesh,1,1,0,run,0,,,2/0
1149565,2,1,3,Abhinav Mukund,Masood Shahrukh Khan,Kannan Vignesh,0,0,0,no run,0,,,2/0
1149565,2,1,4,Abhinav Mukund,Masood Shahrukh Khan,Kannan Vignesh,0,0,0,no run,0,,,2/0
1149565,2,1,5,Abhinav Mukund,Masood Shahrukh Khan,Kannan Vignesh,0,0,0,no run,0,,,2/0
1149565,2,1,6,Abhinav Mukund,Masood Shahrukh Khan,Kannan Vignesh,1,1,0,run,0,,,3/0
1149565,2,2,1,Abhinav Mukund,Masood Shahrukh Khan,Chandrasekar Ganapathy,4,0,4,leg bye,0,,,7/0
1149565,2,2,2,Abhinav Mukund,Masood Shahrukh Khan,Chandrasekar Ganapathy,0,0,0,no run,0,,,7/0
1149565,2,2,3,Abhinav Mukund,Masood Shahrukh Khan,Chandrasekar Ganapathy,1,1,0,run,0,,,8/0
1149565,2,2,4,Masood Shahrukh Khan,Abhinav Mukund,Chandrasekar Ganapathy,4,4,0,four,0,,,12/0
1149565,2,2,5,Masood Shahrukh Khan,Abhinav Mukund,Chandrasekar Ganapathy,4,4,0,four,0,,,16/0
1149565,2,2,6,Masood Shahrukh Khan,Abhinav Mukund,Chandrasekar Ganapathy,1,0,1,no ball,0,,,17/0
1149565,2,2,7,Masood Shahrukh Khan,Abhinav Mukund,Chandrasekar Ganapathy,0,0,0,no run,0,,,17/0
1149565,2,3,1,Abhinav Mukund,Masood Shahrukh Khan,Kannan Vignesh,4,4,0,four,0,,,21/0
1149565,2,3,2,Abhinav Mukund,Masood Shahrukh Khan,Kannan Vignesh,0,0,0,no run,0,,,21/0
1149565,2,3,3,Abhinav Mukund,Masood Shahrukh Khan,Kannan Vignesh,1,1,0,run,0,,,22/0
1149565,2,3,4,Masood Shahrukh Khan,Abhinav Mukund,Kannan Vignesh,2,2,0,run,0,,,24/0
1149565,2,3,5,Masood Shahrukh Khan,Abhinav Mukund,Kannan Vignesh,0,0,0,no run,0,,,24/0
1149565,2,3,6,Masood Shahrukh Khan,Abhinav Mukund,Kannan Vignesh,0,0,0,no run,0,,,24/0
1149565,2,4,1,Abhinav Mukund,Masood Shahrukh Khan,MS Sanjay,1,1,0,run,0,,,25/0
1149565,2,4,2,Masood Shahrukh Khan,Abhinav Mukund,MS Sanjay,0,0,0,no run,0,,,25/0
1149565,2,4,3,Masood Shahrukh Khan,Abhinav Mukund,MS Sanjay,1,0,1,leg bye,0,,,26/0
1149565,2,4,4,Abhinav Mukund,Masood Shahrukh Khan,MS Sanjay,1,1,0,run,0,,,27/0
1149565,2,4,5,Masood Shahrukh Khan,Abhinav Mukund,MS Sanjay,4,4,0,four,0,,,31/0
1149565,2,4,6,Masood Shahrukh Khan,Abhinav Mukund,MS Sanjay,1,1,0,run,0,,,32/0
1149565,2,5,1,Masood Shahrukh Khan,Abhinav Mukund,Kannan Vignesh,1,1,0,run,0,,,33/0
1149565,2,5,2,Abhinav Mukund,Masood Shahrukh Khan,Kannan Vignesh,1,1,0,run,0,,,34/0
1149565,2,5,3,Masood Shahrukh Khan,Abhinav Mukund,Kannan Vignesh,0,0,0,no run,0,,,34/0
1149565,2,5,4,Masood Shahrukh Khan,Abhinav Mukund,Kannan Vignesh,2,2,0,run,0,,,36/0
1149565,2,5,5,Masood Shahrukh Khan,Abhinav Mukund,Kannan Vignesh,1,1,0,run,0,,,37/0
1149565,2,5,6,Abhinav Mukund,Masood Shahrukh Khan,Kannan Vignesh,1,1,0,run,0,,,38/0
1149565,2,6,1,Abhinav Mukund,Masood Shahrukh Khan,MS Sanjay,1,1,0,run,0,,,39/0
1149565,2,6,2,Masood Shahrukh Khan,Abhinav Mukund,MS Sanjay,2,2,0,run,0,,,41/0
1149565,2,6,3,Masood Shahrukh Khan,Abhinav Mukund,MS Sanjay,0,0,0,no run,0,,,41/0
1149565,2,6,4,Masood Shahrukh Khan,Abhinav Mukund,MS Sanjay,0,0,0,no run,0,,,41/0
1149565,2,6,5,Masood Shahrukh Khan,Abhinav Mukund,MS Sanjay,6,6,0,six,0,,,47/0
1149565,2,6,6,Masood Shahrukh Khan,Abhinav Mukund,MS Sanjay,4,4,0,four,0,,,51/0
1149565,2,7,1,Abhinav Mukund,Masood Shahrukh Khan,Chandrasekar Ganapathy,0,0,0,no run,0,,,51/0
1149565,2,7,2,Abhinav Mukund,Masood Shahrukh Khan,Chandrasekar Ganapathy,1,1,0,run,0,,,52/0
1149565,2,7,3,Masood Shahrukh Khan,Abhinav Mukund,Chandrasekar Ganapathy,1,1,0,run,0,,,53/0
1149565,2,7,4,Abhinav Mukund,Masood Shahrukh Khan,Chandrasekar Ganapathy,1,1,0,run,0,,,54/0
1149565,2,7,5,Masood Shahrukh Khan,Abhinav Mukund,Chandrasekar Ganapathy,1,1,0,run,0,,,55/0
1149565,2,7,6,Abhinav Mukund,Masood Shahrukh Khan,Chandrasekar Ganapathy,0,0,0,no run,0,,,55/0
1149565,2,8,1,Masood Shahrukh Khan,Abhinav Mukund,MS Sanjay,1,1,0,run,0,,,56/0
1149565,2,8,2,Abhinav Mukund,Masood Shahrukh Khan,MS Sanjay,0,0,0,no run,0,,,56/0
1149565,2,8,3,Abhinav Mukund,Masood Shahrukh Khan,MS Sanjay,1,1,0,run,0,,,57/0
1149565,2,8,4,Masood Shahrukh Khan,Abhinav Mukund,MS Sanjay,4,4,0,four,0,,,61/0
1149565,2,8,5,Masood Shahrukh Khan,Abhinav Mukund,MS Sanjay,4,4,0,four,0,,,65/0
1149565,2,8,6,Masood Shahrukh Khan,Abhinav Mukund,MS Sanjay,0,0,0,no run,0,,,65/0
1149565,2,9,1,Abhinav Mukund,Masood Shahrukh Khan,Chandrasekar Ganapathy,1,1,0,run,0,,,66/0
1149565,2,9,2,Masood Shahrukh Khan,Abhinav Mukund,Chandrasekar Ganapathy,0,0,0,no run,0,,,66/0
1149565,2,9,3,Masood Shahrukh Khan,Abhinav Mukund,Chandrasekar Ganapathy,6,6,0,six,0,,,72/0
1149565,2,9,4,Masood Shahrukh Khan,Abhinav Mukund,Chandrasekar Ganapathy,1,1,0,run,0,,,73/0
1149565,2,9,5,Abhinav Mukund,Masood Shahrukh Khan,Chandrasekar Ganapathy,2,2,0,run,0,,,75/0
1149565,2,9,6,Abhinav Mukund,Masood Shahrukh Khan,Chandrasekar Ganapathy,0,0,0,no run,0,,,75/0
1149565,2,10,1,Masood Shahrukh Khan,Abhinav Mukund,Ramsingh Sonu Yadav,2,2,0,run,0,,,77/0
1149565,2,10,2,Masood Shahrukh Khan,Abhinav Mukund,Ramsingh Sonu Yadav,0,0,0,no run,0,,,77/0
1149565,2,10,3,Masood Shahrukh Khan,Abhinav Mukund,Ramsingh Sonu Yadav,4,4,0,four,0,,,81/0
1149565,2,10,4,Masood Shahrukh Khan,Abhinav Mukund,Ramsingh Sonu Yadav,1,1,0,run,0,,,82/0
1149565,2,10,5,Abhinav Mukund,Masood Shahrukh Khan,Ramsingh Sonu Yadav,0,0,0,no run,0,,,82/0
1149565,2,10,6,Abhinav Mukund,Masood Shahrukh Khan,Ramsingh Sonu Yadav,4,4,0,four,0,,,86/0
1149565,2,11,1,Masood Shahrukh Khan,Abhinav Mukund,Dakshinamoorthy Tamil Kumaran,4,4,0,four,0,,,90/0
1149565,2,11,2,Masood Shahrukh Khan,Abhinav Mukund,Dakshinamoorthy Tamil Kumaran,6,6,0,six,0,,,96/0
1149565,2,11,3,Masood Shahrukh Khan,Abhinav Mukund,Dakshinamoorthy Tamil Kumaran,0,0,0,no run,0,,,96/0
1149565,2,11,4,Masood Shahrukh Khan,Abhinav Mukund,Dakshinamoorthy Tamil Kumaran,0,0,0,no run,0,,,96/0
1149565,2,11,5,Masood Shahrukh Khan,Abhinav Mukund,Dakshinamoorthy Tamil Kumaran,0,0,0,no run,0,,,96/0
1149565,2,11,6,Masood Shahrukh Khan,Abhinav Mukund,Dakshinamoorthy Tamil Kumaran,0,0,0,out,1,caught,Masood Shahrukh Khan,96/1
1149565,2,12,1,Abhinav Mukund,0,Ramsingh Sonu Yadav,1,1,0,run,0,,,97/1
1149565,2,12,2,Wenseslaus Antony Dhas,Abhinav Mukund,Ramsingh Sonu Yadav,2,2,0,run,0,,,99/1
1149565,2,12,3,Wenseslaus Antony Dhas,Abhinav Mukund,Ramsingh Sonu Yadav,0,0,0,no run,0,,,99/1
1149565,2,12,4,Wenseslaus Antony Dhas,Abhinav Mukund,Ramsingh Sonu Yadav,2,2,0,run,0,,,101/1
1149565,2,12,5,Wenseslaus Antony Dhas,Abhinav Mukund,Ramsingh Sonu Yadav,0,0,0,no run,0,,,101/1
1149565,2,12,6,Wenseslaus Antony Dhas,Abhinav Mukund,Ramsingh Sonu Yadav,2,1,1,run,0,,,103/1
1149565,2,12,7,Abhinav Mukund,Wenseslaus Antony Dhas,Ramsingh Sonu Yadav,6,6,0,six,0,,,109/1
1149565,2,13,1,Wenseslaus Antony Dhas,Abhinav Mukund,Dakshinamoorthy Tamil Kumaran,0,0,0,no run,0,,,109/1
1149565,2,13,2,Wenseslaus Antony Dhas,Abhinav Mukund,Dakshinamoorthy Tamil Kumaran,1,1,0,run,0,,,110/1
1149565,2,13,3,Abhinav Mukund,Wenseslaus Antony Dhas,Dakshinamoorthy Tamil Kumaran,1,0,1,bye,0,,,111/1
1149565,2,13,4,Wenseslaus Antony Dhas,Abhinav Mukund,Dakshinamoorthy Tamil Kumaran,1,1,0,run,0,,,112/1
1149565,2,13,5,Abhinav Mukund,Wenseslaus Antony Dhas,Dakshinamoorthy Tamil Kumaran,1,1,0,run,0,,,113/1
1149565,2,13,6,Wenseslaus Antony Dhas,Abhinav Mukund,Dakshinamoorthy Tamil Kumaran,0,0,0,out,1,caught,Wenseslaus Antony Dhas,113/2
1149565,2,14,1,Abhinav Mukund,0,M Lakshmi Narayanan,2,2,0,run,0,,,115/2
1149565,2,14,2,Abhinav Mukund,0,M Lakshmi Narayanan,4,4,0,four,0,,,119/2
1149565,2,14,3,Abhinav Mukund,0,M Lakshmi Narayanan,4,4,0,four,0,,,123/2
1149565,2,14,4,Abhinav Mukund,0,M Lakshmi Narayanan,1,1,0,run,0,,,124/2
1149565,2,14,5,Ravi Kumar Rohith,Abhinav Mukund,M Lakshmi Narayanan,1,0,1,wide,0,,,125/2
1149566,1,1,1,S Dinesh,0,M Mohammed,1,1,0,run,0,,,1/0
1149566,1,1,2,Kaushik Mohan Gandhi,S Dinesh,M Mohammed,0,0,0,no run,0,,,1/0
1149566,1,1,3,Kaushik Mohan Gandhi,S Dinesh,M Mohammed,1,1,0,run,0,,,2/0
1149566,1,1,4,S Dinesh,Kaushik Mohan Gandhi,M Mohammed,4,4,0,four,0,,,6/0
1149566,1,1,5,S Dinesh,Kaushik Mohan Gandhi,M Mohammed,0,0,0,no run,0,,,6/0
1149566,1,1,6,S Dinesh,Kaushik Mohan Gandhi,M Mohammed,1,1,0,run,0,,,7/0
1149566,1,2,1,S Dinesh,Kaushik Mohan Gandhi,Adithya Arun,1,1,0,run,0,,,8/0
1149566,1,2,2,Kaushik Mohan Gandhi,S Dinesh,Adithya Arun,4,4,0,four,0,,,12/0
1149566,1,2,3,Kaushik Mohan Gandhi,S Dinesh,Adithya Arun,1,1,0,run,0,,,13/0
1149566,1,2,4,S Dinesh,Kaushik Mohan Gandhi,Adithya Arun,0,0,0,no run,0,,,13/0
1149566,1,2,5,S Dinesh,Kaushik Mohan Gandhi,Adithya Arun,0,0,0,no run,0,,,13/0
1149566,1,2,6,S Dinesh,Kaushik Mohan Gandhi,Adithya Arun,0,0,0,no run,0,,,13/0
1149566,1,3,1,Kaushik Mohan Gandhi,S Dinesh,M Mohammed,0,0,0,no run,0,,,13/0
1149566,1,3,2,Kaushik Mohan Gandhi,S Dinesh,M Mohammed,0,0,0,out,1,caught,Kaushik Mohan Gandhi,13/1
1149566,1,3,3,Akash Sumra,S Dinesh,M Mohammed,0,0,0,no run,0,,,13/1
1149566,1,3,4,Akash Sumra,S Dinesh,M Mohammed,1,1,0,run,0,,,14/1
1149566,1,3,5,S Dinesh,Akash Sumra,M Mohammed,1,1,0,run,0,,,15/1
1149566,1,3,6,Akash Sumra,S Dinesh,M Mohammed,1,1,0,run,0,,,16/1
1149566,1,4,1,Akash Sumra,S Dinesh,Adithya Arun,2,2,0,run,0,,,18/1
1149566,1,4,2,Akash Sumra,S Dinesh,Adithya Arun,0,0,0,no run,0,,,18/1
1149566,1,4,3,Akash Sumra,S Dinesh,Adithya Arun,0,0,0,out,1,caught,Akash Sumra,18/2
1149566,1,4,4,S Dinesh,0,Adithya Arun,1,1,0,run,0,,,19/2
1149566,1,4,5,Subramanian Anand,S Dinesh,Adithya Arun,1,1,0,run,0,,,20/2
1149566,1,4,6,S Dinesh,Subramanian Anand,Adithya Arun,4,4,0,four,0,,,24/2
1149566,1,5,1,Subramanian Anand,S Dinesh,M Mohammed,0,0,0,no run,0,,,24/2
1149566,1,5,2,Subramanian Anand,S Dinesh,M Mohammed,0,0,0,no run,0,,,24/2
1149566,1,5,3,Subramanian Anand,S Dinesh,M Mohammed,0,0,0,no run,0,,,24/2
1149566,1,5,4,Subramanian Anand,S Dinesh,M Mohammed,1,1,0,run,0,,,25/2
1149566,1,5,5,S Dinesh,Subramanian Anand,M Mohammed,1,1,0,run,0,,,26/2
1149566,1,5,6,Subramanian Anand,S Dinesh,M Mohammed,0,0,0,no run,0,,,26/2
1149566,1,6,1,S Dinesh,Subramanian Anand,ME Yazh Arun Mozhi,1,1,0,run,0,,,27/2
1149566,1,6,2,Subramanian Anand,S Dinesh,ME Yazh Arun Mozhi,6,6,0,six,0,,,33/2
1149566,1,6,3,Subramanian Anand,S Dinesh,ME Yazh Arun Mozhi,1,1,0,run,0,,,34/2
1149566,1,6,4,S Dinesh,Subramanian Anand,ME Yazh Arun Mozhi,0,0,0,no run,0,,,34/2
1149566,1,6,5,S Dinesh,Subramanian Anand,ME Yazh Arun Mozhi,6,6,0,six,0,,,40/2
1149566,1,6,6,S Dinesh,Subramanian Anand,ME Yazh Arun Mozhi,1,1,0,run,0,,,41/2
1149566,1,7,1,S Dinesh,Subramanian Anand,Mohan Abhinav,1,1,0,run,0,,,42/2
1149566,1,7,2,Subramanian Anand,S Dinesh,Mohan Abhinav,1,1,0,run,0,,,43/2
1149566,1,7,3,S Dinesh,Subramanian Anand,Mohan Abhinav,1,1,0,run,0,,,44/2
1149566,1,7,4,Subramanian Anand,S Dinesh,Mohan Abhinav,1,1,0,run,0,,,45/2
1149566,1,7,5,S Dinesh,Subramanian Anand,Mohan Abhinav,0,0,0,out,1,caught,S Dinesh,45/3
1149566,1,7,6,Subramanian Anand,Akshay V Srinivasan,Mohan Abhinav,1,1,0,run,0,,,46/3
1149566,1,8,1,Subramanian Anand,Akshay V Srinivasan,ME Yazh Arun Mozhi,1,1,0,run,0,,,47/3
1149566,1,8,2,Akshay V Srinivasan,Subramanian Anand,ME Yazh Arun Mozhi,1,1,0,run,0,,,48/3
1149566,1,8,3,Subramanian Anand,Akshay V Srinivasan,ME Yazh Arun Mozhi,0,0,0,out,1,caught,Subramanian Anand,48/4
1149566,1,8,4,Rajagopal Sathish,Akshay V Srinivasan,ME Yazh Arun Mozhi,1,1,0,run,0,,,49/4
1149566,1,8,5,Akshay V Srinivasan,Rajagopal Sathish,ME Yazh Arun Mozhi,1,1,0,run,0,,,50/4
1149566,1,8,6,Rajagopal Sathish,Akshay V Srinivasan,ME Yazh Arun Mozhi,0,0,0,no run,0,,,50/4
1149566,1,9,1,Akshay V Srinivasan,Rajagopal Sathish,Mohan Abhinav,1,1,0,run,0,,,51/4
1149566,1,9,2,Rajagopal Sathish,Akshay V Srinivasan,Mohan Abhinav,0,0,0,no run,0,,,51/4
1149566,1,9,3,Rajagopal Sathish,Akshay V Srinivasan,Mohan Abhinav,4,4,0,four,0,,,55/4
1149566,1,9,4,Rajagopal Sathish,Akshay V Srinivasan,Mohan Abhinav,0,0,0,no run,0,,,55/4
1149566,1,9,5,Rajagopal Sathish,Akshay V Srinivasan,Mohan Abhinav,0,0,0,no run,0,,,55/4
1149566,1,9,6,Rajagopal Sathish,Akshay V Srinivasan,Mohan Abhinav,1,1,0,run,0,,,56/4
1149566,1,10,1,Rajagopal Sathish,Akshay V Srinivasan,ME Yazh Arun Mozhi,4,4,0,four,0,,,60/4
1149566,1,10,2,Rajagopal Sathish,Akshay V Srinivasan,ME Yazh Arun Mozhi,1,1,0,run,0,,,61/4
1149566,1,10,3,Akshay V Srinivasan,Rajagopal Sathish,ME Yazh Arun Mozhi,1,1,0,run,0,,,62/4
1149566,1,10,4,Rajagopal Sathish,Akshay V Srinivasan,ME Yazh Arun Mozhi,1,1,0,run,0,,,63/4
1149566,1,10,5,Akshay V Srinivasan,Rajagopal Sathish,ME Yazh Arun Mozhi,0,0,0,no run,0,,,63/4
1149566,1,10,6,Akshay V Srinivasan,Rajagopal Sathish,ME Yazh Arun Mozhi,1,1,0,run,0,,,64/4
1149566,1,11,1,Akshay V Srinivasan,Rajagopal Sathish,Mohan Abhinav,1,1,0,run,0,,,65/4
1149566,1,11,2,Rajagopal Sathish,Akshay V Srinivasan,Mohan Abhinav,1,1,0,run,0,,,66/4
1149566,1,11,3,Akshay V Srinivasan,Rajagopal Sathish,Mohan Abhinav,6,6,0,six,0,,,72/4
1149566,1,11,4,Akshay V Srinivasan,Rajagopal Sathish,Mohan Abhinav,0,0,0,no run,0,,,72/4
1149566,1,11,5,Akshay V Srinivasan,Rajagopal Sathish,Mohan Abhinav,0,0,0,out,1,bowled,Akshay V Srinivasan,72/5
1149566,1,11,6,Malolan Rangarajan,Rajagopal Sathish,Mohan Abhinav,0,0,0,no run,0,,,72/5
1149566,1,12,1,Rajagopal Sathish,Malolan Rangarajan,Ramalingam Rohit,1,1,0,run,0,,,73/5
1149566,1,12,2,Malolan Rangarajan,Rajagopal Sathish,Ramalingam Rohit,4,4,0,four,0,,,77/5
1149566,1,12,3,Malolan Rangarajan,Rajagopal Sathish,Ramalingam Rohit,0,0,0,no run,0,,,77/5
1149566,1,12,4,Malolan Rangarajan,Rajagopal Sathish,Ramalingam Rohit,1,1,0,run,0,,,78/5
1149566,1,12,5,Rajagopal Sathish,Malolan Rangarajan,Ramalingam Rohit,1,1,0,run,0,,,79/5
1149566,1,12,6,Malolan Rangarajan,Rajagopal Sathish,Ramalingam Rohit,4,4,0,four,0,,,83/5
1149566,1,13,1,Rajagopal Sathish,Malolan Rangarajan,Mohan Abhinav,4,4,0,four,0,,,87/5
1149566,1,13,2,Rajagopal Sathish,Malolan Rangarajan,Mohan Abhinav,4,4,0,four,0,,,91/5
1149566,1,13,3,Rajagopal Sathish,Malolan Rangarajan,Mohan Abhinav,1,0,1,wide,0,,,92/5
1149566,1,13,4,Rajagopal Sathish,Malolan Rangarajan,Mohan Abhinav,1,1,0,run,0,,,93/5
1149566,1,13,5,Malolan Rangarajan,Rajagopal Sathish,Mohan Abhinav,1,1,0,run,0,,,94/5
1149566,1,13,6,Rajagopal Sathish,Malolan Rangarajan,Mohan Abhinav,2,2,0,run,0,,,96/5
1149566,1,13,7,Rajagopal Sathish,Malolan Rangarajan,Mohan Abhinav,1,1,0,run,0,,,97/5
1149566,1,14,1,Rajagopal Sathish,Malolan Rangarajan,M Silambarasan,1,1,0,run,0,,,98/5
1149566,1,14,2,Malolan Rangarajan,Rajagopal Sathish,M Silambarasan,1,1,0,run,0,,,99/5
1149566,1,14,3,Rajagopal Sathish,Malolan Rangarajan,M Silambarasan,0,0,0,no run,0,,,99/5
1149566,1,14,4,Rajagopal Sathish,Malolan Rangarajan,M Silambarasan,1,1,0,run,0,,,100/5
1149566,1,14,5,Malolan Rangarajan,Rajagopal Sathish,M Silambarasan,1,1,0,run,0,,,101/5
1149566,1,14,6,Rajagopal Sathish,Malolan Rangarajan,M Silambarasan,0,0,0,no run,0,,,101/5
1149566,1,15,1,Malolan Rangarajan,Rajagopal Sathish,Ramalingam Rohit,0,0,0,no run,0,,,101/5
1149566,1,15,2,Malolan Rangarajan,Rajagopal Sathish,Ramalingam Rohit,1,0,1,wide,0,,,102/5
1149566,1,15,3,Malolan Rangarajan,Rajagopal Sathish,Ramalingam Rohit,1,1,0,run,0,,,103/5
1149566,1,15,4,Rajagopal Sathish,Malolan Rangarajan,Ramalingam Rohit,1,0,1,wide,0,,,104/5
1149566,1,15,5,Rajagopal Sathish,Malolan Rangarajan,Ramalingam Rohit,1,1,0,run,0,,,105/5
1149566,1,15,6,Malolan Rangarajan,Rajagopal Sathish,Ramalingam Rohit,4,4,0,four,0,,,109/5
1149566,1,15,7,Malolan Rangarajan,Rajagopal Sathish,Ramalingam Rohit,6,6,0,six,0,,,115/5
1149566,1,15,8,Malolan Rangarajan,Rajagopal Sathish,Ramalingam Rohit,0,0,0,no run,0,,,115/5
1149566,1,16,1,Rajagopal Sathish,Malolan Rangarajan,M Silambarasan,0,0,0,no run,0,,,115/5
1149566,1,16,2,Rajagopal Sathish,Malolan Rangarajan,M Silambarasan,1,1,0,run,0,,,116/5
1149566,1,16,3,Malolan Rangarajan,Rajagopal Sathish,M Silambarasan,1,0,1,leg bye,0,,,117/5
1149566,1,16,4,Rajagopal Sathish,Malolan Rangarajan,M Silambarasan,1,1,0,run,0,,,118/5
1149566,1,16,5,Malolan Rangarajan,Rajagopal Sathish,M Silambarasan,1,1,0,run,0,,,119/5
1149566,1,16,6,Rajagopal Sathish,Malolan Rangarajan,M Silambarasan,1,1,0,run,0,,,120/5
1149566,1,17,1,Rajagopal Sathish,Malolan Rangarajan,Adithya Arun,1,1,0,run,0,,,121/5
1149566,1,17,2,Malolan Rangarajan,Rajagopal Sathish,Adithya Arun,1,1,0,run,0,,,122/5
1149566,1,17,3,Rajagopal Sathish,Malolan Rangarajan,Adithya Arun,4,4,0,four,0,,,126/5
1149566,1,17,4,Rajagopal Sathish,Malolan Rangarajan,Adithya Arun,1,1,0,run,0,,,127/5
1149566,1,17,5,Malolan Rangarajan,Rajagopal Sathish,Adithya Arun,6,6,0,six,0,,,133/5
1149566,1,17,6,Malolan Rangarajan,Rajagopal Sathish,Adithya Arun,2,2,0,run,0,,,135/5
1149566,1,18,1,Rajagopal Sathish,Malolan Rangarajan,M Silambarasan,4,4,0,four,0,,,139/5
1149566,1,18,2,Rajagopal Sathish,Malolan Rangarajan,M Silambarasan,1,1,0,run,0,,,140/5
1149566,1,18,3,Malolan Rangarajan,Rajagopal Sathish,M Silambarasan,1,1,0,run,0,,,141/5
1149566,1,18,4,Rajagopal Sathish,Malolan Rangarajan,M Silambarasan,0,0,0,no run,0,,,141/5
1149566,1,18,5,Rajagopal Sathish,Malolan Rangarajan,M Silambarasan,1,1,0,run,0,,,142/5
1149566,1,18,6,Malolan Rangarajan,Rajagopal Sathish,M Silambarasan,1,1,0,run,0,,,143/5
1149566,1,19,1,Malolan Rangarajan,Rajagopal Sathish,ME Yazh Arun Mozhi,0,0,0,no run,0,,,143/5
1149566,1,19,2,Malolan Rangarajan,Rajagopal Sathish,ME Yazh Arun Mozhi,1,1,0,run,0,,,144/5
1149566,1,19,3,Rajagopal Sathish,Malolan Rangarajan,ME Yazh Arun Mozhi,6,6,0,six,0,,,150/5
1149566,1,19,4,Rajagopal Sathish,Malolan Rangarajan,ME Yazh Arun Mozhi,4,4,0,four,0,,,154/5
1149566,1,19,5,Rajagopal Sathish,Malolan Rangarajan,ME Yazh Arun Mozhi,6,6,0,six,0,,,160/5
1149566,1,19,6,Rajagopal Sathish,Malolan Rangarajan,ME Yazh Arun Mozhi,1,1,0,run,0,,,161/5
1149566,1,20,1,Rajagopal Sathish,Malolan Rangarajan,Ramalingam Rohit,6,6,0,six,0,,,167/5
1149566,1,20,2,Rajagopal Sathish,Malolan Rangarajan,M Silambarasan,6,6,0,six,0,,,173/5
1149566,1,20,3,Rajagopal Sathish,Malolan Rangarajan,M Silambarasan,0,0,0,out,1,caught,Rajagopal Sathish,173/6
1149566,1,20,4,M Ganesh Moorthi,Malolan Rangarajan,M Silambarasan,2,0,2,leg bye,0,,,175/6
1149566,1,20,5,Malolan Rangarajan,M Ganesh Moorthi,M Silambarasan,1,1,0,run,1,run out,Malolan Rangarajan,176/7
1149566,1,20,6,Ravisrinivasan Sai Kishore,M Ganesh Moorthi,M Silambarasan,1,1,0,run,0,run out,Ravisrinivasan Sai Kishore,177/7
1149566,2,1,1,Narayan Jagadeesan,0,Malolan Rangarajan,0,0,0,no run,0,,,0/0
1149566,2,1,2,Narayan Jagadeesan,0,Malolan Rangarajan,0,0,0,no run,0,,,0/0
1149566,2,1,3,Narayan Jagadeesan,0,Malolan Rangarajan,4,4,0,four,0,,,4/0
1149566,2,1,4,Narayan Jagadeesan,0,Malolan Rangarajan,4,4,0,four,0,,,8/0
1149566,2,1,5,Narayan Jagadeesan,0,Malolan Rangarajan,0,0,0,no run,0,,,8/0
1149566,2,1,6,Narayan Jagadeesan,Chezhian Nishaanth,Malolan Rangarajan,1,1,0,run,0,,,9/0
1149566,2,2,1,Narayan Jagadeesan,Chezhian Nishaanth,V Athisayaraj Davidson,1,1,0,run,0,,,10/0
1149566,2,2,2,Chezhian Nishaanth,Narayan Jagadeesan,V Athisayaraj Davidson,0,0,0,no run,0,,,10/0
1149566,2,2,3,Chezhian Nishaanth,Narayan Jagadeesan,V Athisayaraj Davidson,4,4,0,four,0,,,14/0
1149566,2,2,4,Chezhian Nishaanth,Narayan Jagadeesan,V Athisayaraj Davidson,0,0,0,out,1,bowled,Chezhian Nishaanth,14/1
1149566,2,2,5,N Sarangarajan Chaturved,Narayan Jagadeesan,V Athisayaraj Davidson,0,0,0,no run,0,,,14/1
1149566,2,2,6,N Sarangarajan Chaturved,Narayan Jagadeesan,V Athisayaraj Davidson,0,0,0,no run,0,,,14/1
1149566,2,3,1,Narayan Jagadeesan,N Sarangarajan Chaturved,M Ganesh Moorthi,4,4,0,four,0,,,18/1
1149566,2,3,2,Narayan Jagadeesan,N Sarangarajan Chaturved,M Ganesh Moorthi,4,4,0,four,0,,,22/1
1149566,2,3,3,Narayan Jagadeesan,N Sarangarajan Chaturved,M Ganesh Moorthi,1,1,0,run,0,,,23/1
1149566,2,3,4,N Sarangarajan Chaturved,Narayan Jagadeesan,M Ganesh Moorthi,0,0,0,no run,0,,,23/1
1149566,2,3,5,N Sarangarajan Chaturved,Narayan Jagadeesan,M Ganesh Moorthi,0,0,0,no run,0,,,23/1
1149566,2,3,6,N Sarangarajan Chaturved,Narayan Jagadeesan,M Ganesh Moorthi,1,1,0,run,0,,,24/1
1149566,2,4,1,N Sarangarajan Chaturved,Narayan Jagadeesan,V Athisayaraj Davidson,1,0,1,leg bye,0,,,25/1
1149566,2,4,2,Narayan Jagadeesan,N Sarangarajan Chaturved,V Athisayaraj Davidson,1,1,0,run,0,,,26/1
1149566,2,4,3,N Sarangarajan Chaturved,Narayan Jagadeesan,V Athisayaraj Davidson,6,6,0,six,0,,,32/1
1149566,2,4,4,N Sarangarajan Chaturved,Narayan Jagadeesan,V Athisayaraj Davidson,4,4,0,four,0,,,36/1
1149566,2,4,5,N Sarangarajan Chaturved,Narayan Jagadeesan,V Athisayaraj Davidson,0,0,0,out,1,caught,N Sarangarajan Chaturved,36/2
1149566,2,4,6,Rajendran Vivek,Narayan Jagadeesan,V Athisayaraj Davidson,0,0,0,no run,0,,,36/2
1149566,2,5,1,Narayan Jagadeesan,Rajendran Vivek,Rajamani Jesuraj,1,1,0,run,0,,,37/2
1149566,2,5,2,Rajendran Vivek,Narayan Jagadeesan,Rajamani Jesuraj,0,0,0,no run,0,,,37/2
1149566,2,5,3,Rajendran Vivek,Narayan Jagadeesan,Rajamani Jesuraj,0,0,0,no run,0,,,37/2
1149566,2,5,4,Rajendran Vivek,Narayan Jagadeesan,Rajamani Jesuraj,4,4,0,four,0,,,41/2
1149566,2,5,5,Rajendran Vivek,Narayan Jagadeesan,Rajamani Jesuraj,0,0,0,no run,0,,,41/2
1149566,2,5,6,Rajendran Vivek,Narayan Jagadeesan,Rajamani Jesuraj,2,2,0,run,0,,,43/2
1149566,2,6,1,Narayan Jagadeesan,Rajendran Vivek,M Ganesh Moorthi,0,0,0,no run,0,,,43/2
1149566,2,6,2,Narayan Jagadeesan,Rajendran Vivek,M Ganesh Moorthi,0,0,0,no run,0,,,43/2
1149566,2,6,3,Narayan Jagadeesan,Rajendran Vivek,M Ganesh Moorthi,4,4,0,four,0,,,47/2
1149566,2,6,4,Narayan Jagadeesan,Rajendran Vivek,M Ganesh Moorthi,1,1,0,run,0,,,48/2
1149566,2,6,5,Rajendran Vivek,Narayan Jagadeesan,M Ganesh Moorthi,4,4,0,four,0,,,52/2
1149566,2,6,6,Rajendran Vivek,Narayan Jagadeesan,M Ganesh Moorthi,0,0,0,no run,0,,,52/2
1149566,2,7,1,Narayan Jagadeesan,Rajendran Vivek,Rajamani Jesuraj,0,0,0,no run,0,,,52/2
1149566,2,7,2,Narayan Jagadeesan,Rajendran Vivek,Rajamani Jesuraj,2,2,0,run,0,,,54/2
1149566,2,7,3,Narayan Jagadeesan,Rajendran Vivek,Rajamani Jesuraj,0,0,0,no run,0,,,54/2
1149566,2,7,4,Narayan Jagadeesan,Rajendran Vivek,Rajamani Jesuraj,0,0,0,no run,0,,,54/2
1149566,2,7,5,Narayan Jagadeesan,Rajendran Vivek,Rajamani Jesuraj,1,1,0,run,0,,,55/2
1149566,2,7,6,Rajendran Vivek,Narayan Jagadeesan,Rajamani Jesuraj,1,1,0,run,0,,,56/2
1149566,2,8,1,Rajendran Vivek,Narayan Jagadeesan,Ravisrinivasan Sai Kishore,1,1,0,run,0,,,57/2
1149566,2,8,2,Narayan Jagadeesan,Rajendran Vivek,Ravisrinivasan Sai Kishore,1,1,0,run,0,,,58/2
1149566,2,8,3,Rajendran Vivek,Narayan Jagadeesan,Ravisrinivasan Sai Kishore,1,1,0,run,0,,,59/2
1149566,2,8,4,Narayan Jagadeesan,Rajendran Vivek,Ravisrinivasan Sai Kishore,1,0,1,wide,0,,,60/2
1149566,2,8,5,Narayan Jagadeesan,Rajendran Vivek,Ravisrinivasan Sai Kishore,1,1,0,run,0,,,61/2
1149566,2,8,6,Rajendran Vivek,Narayan Jagadeesan,Ravisrinivasan Sai Kishore,1,1,0,run,0,,,62/2
1149566,2,8,7,Narayan Jagadeesan,Rajendran Vivek,Ravisrinivasan Sai Kishore,0,0,0,out,1,bowled,Narayan Jagadeesan,62/3
1149566,2,9,1,Rajendran Vivek,0,Rajamani Jesuraj,1,1,0,run,0,,,63/3
1149566,2,9,2,Balchander Anirudh,Rajendran Vivek,Rajamani Jesuraj,0,0,0,no run,0,,,63/3
1149566,2,9,3,Balchander Anirudh,Rajendran Vivek,Rajamani Jesuraj,1,0,1,leg bye,0,,,64/3
1149566,2,9,4,Rajendran Vivek,Balchander Anirudh,Rajamani Jesuraj,1,1,0,run,0,,,65/3
1149566,2,9,5,Balchander Anirudh,Rajendran Vivek,Rajamani Jesuraj,4,4,0,four,0,,,69/3
1149566,2,9,6,Balchander Anirudh,Rajendran Vivek,Rajamani Jesuraj,0,0,0,no run,0,,,69/3
1149566,2,10,1,Rajendran Vivek,Balchander Anirudh,Ravisrinivasan Sai Kishore,6,6,0,six,0,,,75/3
1149566,2,10,2,Rajendran Vivek,Balchander Anirudh,Ravisrinivasan Sai Kishore,0,0,0,no run,0,,,75/3
1149566,2,10,3,Rajendran Vivek,Balchander Anirudh,Ravisrinivasan Sai Kishore,6,6,0,six,0,,,81/3
1149566,2,10,4,Rajendran Vivek,Balchander Anirudh,Ravisrinivasan Sai Kishore,0,0,0,no run,0,,,81/3
1149566,2,10,5,Rajendran Vivek,Balchander Anirudh,Ravisrinivasan Sai Kishore,4,4,0,four,0,,,85/3
1149566,2,10,6,Rajendran Vivek,Balchander Anirudh,Ravisrinivasan Sai Kishore,6,6,0,six,0,,,91/3
1149566,2,11,1,Balchander Anirudh,Rajendran Vivek,Akash Sumra,2,2,0,run,0,,,93/3
1149566,2,11,2,Balchander Anirudh,Rajendran Vivek,Akash Sumra,0,0,0,out,1,caught,Balchander Anirudh,93/4
1149566,2,11,3,M Mohammed,Rajendran Vivek,Akash Sumra,1,0,1,wide,0,,,94/4
1149566,2,11,4,M Mohammed,Rajendran Vivek,Akash Sumra,1,1,0,run,0,,,95/4
1149566,2,11,5,Rajendran Vivek,M Mohammed,Akash Sumra,2,2,0,run,0,,,97/4
1149566,2,11,6,Rajendran Vivek,M Mohammed,Akash Sumra,6,6,0,six,0,,,103/4
1149566,2,11,7,Rajendran Vivek,M Mohammed,Akash Sumra,1,1,0,run,0,,,104/4
1149566,2,12,1,Rajendran Vivek,M Mohammed,V Athisayaraj Davidson,0,0,0,no run,0,,,104/4
1149566,2,12,2,Rajendran Vivek,M Mohammed,V Athisayaraj Davidson,1,1,0,run,0,,,105/4
1149566,2,12,3,M Mohammed,Rajendran Vivek,V Athisayaraj Davidson,1,1,0,run,0,,,106/4
1149566,2,12,4,Rajendran Vivek,M Mohammed,V Athisayaraj Davidson,1,1,0,run,0,,,107/4
1149566,2,12,5,M Mohammed,Rajendran Vivek,V Athisayaraj Davidson,1,1,0,run,0,,,108/4
1149566,2,12,6,Rajendran Vivek,M Mohammed,V Athisayaraj Davidson,2,0,2,wide,0,,,110/4
1149566,2,12,7,M Mohammed,Rajendran Vivek,V Athisayaraj Davidson,4,4,0,four,0,,,114/4
1149566,2,13,1,Rajendran Vivek,M Mohammed,Akash Sumra,4,4,0,four,0,,,118/4
1149566,2,13,2,Rajendran Vivek,M Mohammed,Akash Sumra,1,1,0,run,0,,,119/4
1149566,2,13,3,M Mohammed,Rajendran Vivek,Akash Sumra,1,1,0,run,0,,,120/4
1149566,2,13,4,Rajendran Vivek,M Mohammed,Akash Sumra,1,1,0,run,0,,,121/4
1149566,2,13,5,M Mohammed,Rajendran Vivek,Akash Sumra,1,1,0,run,0,,,122/4
1149566,2,13,6,Rajendran Vivek,M Mohammed,Akash Sumra,1,1,0,run,0,,,123/4
1149566,2,14,1,Rajendran Vivek,M Mohammed,Rajamani Jesuraj,6,6,0,six,0,,,129/4
1149566,2,14,2,Rajendran Vivek,M Mohammed,Rajamani Jesuraj,0,0,0,out,1,caught,Rajendran Vivek,129/5
1149566,2,14,3,M Mohammed,0,Rajamani Jesuraj,4,4,0,four,0,,,133/5
1149566,2,14,4,M Mohammed,0,Rajamani Jesuraj,0,0,0,no run,0,,,133/5
1149566,2,14,5,M Mohammed,0,Rajamani Jesuraj,1,1,0,run,0,,,134/5
1149566,2,14,6,Adithya Arun,M Mohammed,Rajamani Jesuraj,0,0,0,no run,0,,,134/5
1149566,2,15,1,M Mohammed,Adithya Arun,Ravisrinivasan Sai Kishore,0,0,0,no run,0,,,134/5
1149566,2,15,2,M Mohammed,Adithya Arun,Ravisrinivasan Sai Kishore,0,0,0,no run,0,,,134/5
1149566,2,15,3,M Mohammed,Adithya Arun,Ravisrinivasan Sai Kishore,1,1,0,run,0,,,135/5
1149566,2,15,4,Adithya Arun,M Mohammed,Ravisrinivasan Sai Kishore,1,1,0,run,0,,,136/5
1149566,2,15,5,M Mohammed,Adithya Arun,Ravisrinivasan Sai Kishore,1,1,0,run,0,,,137/5
1149566,2,15,6,Adithya Arun,M Mohammed,Ravisrinivasan Sai Kishore,1,1,0,run,0,,,138/5
1149566,2,16,1,Adithya Arun,M Mohammed,M Ganesh Moorthi,0,0,0,no run,0,,,138/5
1149566,2,16,2,Adithya Arun,M Mohammed,M Ganesh Moorthi,1,1,0,run,0,,,139/5
1149566,2,16,3,M Mohammed,Adithya Arun,M Ganesh Moorthi,1,1,0,run,0,,,140/5
1149566,2,16,4,Adithya Arun,M Mohammed,M Ganesh Moorthi,1,1,0,run,0,,,141/5
1149566,2,16,5,M Mohammed,Adithya Arun,M Ganesh Moorthi,1,1,0,run,0,,,142/5
1149566,2,16,6,Adithya Arun,M Mohammed,M Ganesh Moorthi,1,1,0,run,0,,,143/5
1149566,2,17,1,Adithya Arun,M Mohammed,Ravisrinivasan Sai Kishore,0,0,0,out,1,caught,Adithya Arun,143/6
1149566,2,17,2,M Mohammed,0,Ravisrinivasan Sai Kishore,1,1,0,run,0,,,144/6
1149566,2,17,3,Mohan Abhinav,M Mohammed,Ravisrinivasan Sai Kishore,1,1,0,run,0,,,145/6
1149566,2,17,4,M Mohammed,Mohan Abhinav,Ravisrinivasan Sai Kishore,0,0,0,no run,0,,,145/6
1149566,2,17,5,M Mohammed,Mohan Abhinav,Ravisrinivasan Sai Kishore,1,1,0,run,0,,,146/6
1149566,2,17,6,Mohan Abhinav,M Mohammed,Ravisrinivasan Sai Kishore,1,1,0,run,0,,,147/6
1149566,2,18,1,Mohan Abhinav,M Mohammed,Akash Sumra,0,0,0,no run,0,,,147/6
1149566,2,18,2,Mohan Abhinav,M Mohammed,Akash Sumra,2,2,0,run,0,,,149/6
1149566,2,18,3,Mohan Abhinav,M Mohammed,Akash Sumra,6,6,0,six,0,,,155/6
1149566,2,18,4,Mohan Abhinav,M Mohammed,Akash Sumra,0,0,0,no run,0,,,155/6
1149566,2,18,5,Mohan Abhinav,M Mohammed,Akash Sumra,1,1,0,run,0,,,156/6
1149566,2,18,6,M Mohammed,Mohan Abhinav,Akash Sumra,1,1,0,run,0,,,157/6
1149566,2,19,1,M Mohammed,Mohan Abhinav,V Athisayaraj Davidson,1,0,1,wide,0,,,158/6
1149566,2,19,2,M Mohammed,Mohan Abhinav,V Athisayaraj Davidson,4,4,0,four,0,,,162/6
1149566,2,19,3,M Mohammed,Mohan Abhinav,V Athisayaraj Davidson,6,6,0,six,0,,,168/6
1149566,2,19,4,M Mohammed,Mohan Abhinav,V Athisayaraj Davidson,2,2,0,run,0,,,170/6
1149566,2,19,5,M Mohammed,Mohan Abhinav,V Athisayaraj Davidson,1,0,1,wide,0,,,171/6
1149566,2,19,6,M Mohammed,Mohan Abhinav,V Athisayaraj Davidson,2,2,0,run,0,,,173/6
1149566,2,19,7,M Mohammed,Mohan Abhinav,V Athisayaraj Davidson,1,1,0,run,0,,,174/6
1149566,2,19,8,Mohan Abhinav,M Mohammed,V Athisayaraj Davidson,4,4,0,four,0,,,178/6
1149567,1,1,1,Konda Bhaskir Arun Karthik,0,K Deeban Lingesh,4,4,0,four,0,,,4/0
1149567,1,1,2,Konda Bhaskir Arun Karthik,0,K Deeban Lingesh,0,0,0,out,1,caught,Konda Bhaskir Arun Karthik,4/1
1149567,1,1,3,Xavier Thalaivan Sargunam,0,K Deeban Lingesh,0,0,0,no run,0,,,4/1
1149567,1,1,4,Xavier Thalaivan Sargunam,0,K Deeban Lingesh,1,1,0,run,0,,,5/1
1149567,1,1,5,0,Xavier Thalaivan Sargunam,K Deeban Lingesh,1,0,1,wide,0,,,6/1
1149567,1,1,6,0,Xavier Thalaivan Sargunam,K Deeban Lingesh,1,0,1,wide,0,,,7/1
1149567,1,1,7,0,Xavier Thalaivan Sargunam,K Deeban Lingesh,1,1,0,run,0,,,8/1
1149567,1,1,8,Xavier Thalaivan Sargunam,0,K Deeban Lingesh,0,0,0,no run,0,,,8/1
1149567,1,2,1,0,Xavier Thalaivan Sargunam,Sunil Sam,1,1,0,run,0,,,9/1
1149567,1,2,2,Xavier Thalaivan Sargunam,0,Sunil Sam,0,0,0,no run,0,,,9/1
1149567,1,2,3,Xavier Thalaivan Sargunam,0,Sunil Sam,1,1,0,run,0,,,10/1
1149567,1,2,4,0,Xavier Thalaivan Sargunam,Sunil Sam,1,0,1,wide,0,,,11/1
1149567,1,2,5,0,Xavier Thalaivan Sargunam,Sunil Sam,1,1,0,run,0,,,12/1
1149567,1,2,6,Xavier Thalaivan Sargunam,0,Sunil Sam,1,0,1,leg bye,0,,,13/1
1149567,1,2,7,0,Xavier Thalaivan Sargunam,Sunil Sam,0,0,0,no run,0,,,13/1
1149567,1,3,1,Xavier Thalaivan Sargunam,0,K Deeban Lingesh,6,6,0,six,0,,,19/1
1149567,1,3,2,Xavier Thalaivan Sargunam,0,K Deeban Lingesh,0,0,0,no run,0,,,19/1
1149567,1,3,3,Xavier Thalaivan Sargunam,0,K Deeban Lingesh,0,0,0,no run,0,,,19/1
1149567,1,3,4,Xavier Thalaivan Sargunam,0,K Deeban Lingesh,4,4,0,four,0,,,23/1
1149567,1,3,5,Xavier Thalaivan Sargunam,0,K Deeban Lingesh,0,0,0,no run,0,,,23/1
1149567,1,3,6,Xavier Thalaivan Sargunam,0,K Deeban Lingesh,0,0,0,no run,0,,,23/1
1149567,1,4,1,0,Xavier Thalaivan Sargunam,Sunil Sam,0,0,0,no run,0,,,23/1
1149567,1,4,2,0,Xavier Thalaivan Sargunam,Sunil Sam,4,4,0,four,0,,,27/1
1149567,1,4,3,0,Xavier Thalaivan Sargunam,Sunil Sam,1,1,0,run,0,,,28/1
1149567,1,4,4,Xavier Thalaivan Sargunam,0,Sunil Sam,0,0,0,no run,0,,,28/1
1149567,1,4,5,Xavier Thalaivan Sargunam,0,Sunil Sam,1,1,0,run,0,,,29/1
1149567,1,4,6,0,Xavier Thalaivan Sargunam,Sunil Sam,1,1,0,run,0,,,30/1
1149567,1,5,1,0,Xavier Thalaivan Sargunam,Raju Aushik Srinivas,1,1,0,run,0,,,31/1
1149567,1,5,2,Xavier Thalaivan Sargunam,0,Raju Aushik Srinivas,2,2,0,run,0,,,33/1
1149567,1,5,3,Xavier Thalaivan Sargunam,0,Raju Aushik Srinivas,0,0,0,no run,0,,,33/1
1149567,1,5,4,Xavier Thalaivan Sargunam,0,Raju Aushik Srinivas,0,0,0,no run,0,,,33/1
1149567,1,5,5,Xavier Thalaivan Sargunam,0,Raju Aushik Srinivas,0,0,0,no run,0,,,33/1
1149567,1,5,6,Xavier Thalaivan Sargunam,0,Raju Aushik Srinivas,6,6,0,six,0,,,39/1
1149567,1,6,1,0,Xavier Thalaivan Sargunam,R Divakar,0,0,0,no run,0,,,39/1
1149567,1,6,2,0,Xavier Thalaivan Sargunam,R Divakar,0,0,0,no run,0,,,39/1
1149567,1,6,3,0,Xavier Thalaivan Sargunam,R Divakar,4,4,0,four,0,,,43/1
1149567,1,6,4,0,Xavier Thalaivan Sargunam,R Divakar,1,1,0,run,0,,,44/1
1149567,1,6,5,Xavier Thalaivan Sargunam,0,R Divakar,0,0,0,no run,0,,,44/1
1149567,1,6,6,Xavier Thalaivan Sargunam,0,R Divakar,1,1,0,run,0,,,45/1
1149567,1,7,1,Xavier Thalaivan Sargunam,0,RS Mokit Hariharan,6,6,0,six,0,,,51/1
1149567,1,7,2,Xavier Thalaivan Sargunam,0,RS Mokit Hariharan,1,1,0,run,0,,,52/1
1149567,1,7,3,0,Xavier Thalaivan Sargunam,RS Mokit Hariharan,1,1,0,run,0,,,53/1
1149567,1,7,4,Xavier Thalaivan Sargunam,0,RS Mokit Hariharan,1,1,0,run,0,,,54/1
1149567,1,7,5,0,Xavier Thalaivan Sargunam,RS Mokit Hariharan,1,0,1,wide,0,,,55/1
1149567,1,7,6,0,Xavier Thalaivan Sargunam,RS Mokit Hariharan,4,4,0,four,0,,,59/1
1149567,1,7,7,0,Xavier Thalaivan Sargunam,RS Mokit Hariharan,0,0,0,no run,0,,,59/1
1149567,1,8,1,Xavier Thalaivan Sargunam,0,Raju Aushik Srinivas,1,1,0,run,0,,,60/1
1149567,1,8,2,0,Xavier Thalaivan Sargunam,Raju Aushik Srinivas,2,2,0,run,0,,,62/1
1149567,1,8,3,0,Xavier Thalaivan Sargunam,Raju Aushik Srinivas,0,0,0,no run,0,,,62/1
1149567,1,8,4,0,Xavier Thalaivan Sargunam,Raju Aushik Srinivas,1,1,0,run,0,,,63/1
1149567,1,8,5,Xavier Thalaivan Sargunam,0,Raju Aushik Srinivas,0,0,0,no run,0,,,63/1
1149567,1,8,6,Xavier Thalaivan Sargunam,0,Raju Aushik Srinivas,6,6,0,six,0,,,69/1
1149567,1,9,1,0,Xavier Thalaivan Sargunam,R Divakar,2,2,0,run,0,,,71/1
1149567,1,9,2,0,Xavier Thalaivan Sargunam,R Divakar,1,1,0,run,0,,,72/1
1149567,1,9,3,Xavier Thalaivan Sargunam,0,R Divakar,1,1,0,run,0,,,73/1
1149567,1,9,4,0,Xavier Thalaivan Sargunam,R Divakar,0,0,0,no run,0,,,73/1
1149567,1,9,5,0,Xavier Thalaivan Sargunam,R Divakar,4,4,0,four,0,,,77/1
1149567,1,9,6,0,Xavier Thalaivan Sargunam,R Divakar,0,0,0,no run,0,,,77/1
1149567,1,10,1,Xavier Thalaivan Sargunam,0,Ramsingh  Sanjay Yadav,6,6,0,six,0,,,83/1
1149567,1,10,2,Xavier Thalaivan Sargunam,0,Ramsingh  Sanjay Yadav,0,0,0,no run,0,,,83/1
1149567,1,10,3,Xavier Thalaivan Sargunam,0,Ramsingh  Sanjay Yadav,1,1,0,run,0,,,84/1
1149567,1,10,4,0,Xavier Thalaivan Sargunam,Ramsingh  Sanjay Yadav,0,0,0,no run,0,,,84/1
1149567,1,10,5,0,Xavier Thalaivan Sargunam,Ramsingh  Sanjay Yadav,0,0,0,no run,0,,,84/1
1149567,1,10,6,0,Xavier Thalaivan Sargunam,Ramsingh  Sanjay Yadav,1,1,0,run,0,,,85/1
1149567,1,11,1,0,Xavier Thalaivan Sargunam,R Divakar,1,1,0,run,0,,,86/1
1149567,1,11,2,Xavier Thalaivan Sargunam,0,R Divakar,0,0,0,no run,0,,,86/1
1149567,1,11,3,Xavier Thalaivan Sargunam,0,R Divakar,6,6,0,six,0,,,92/1
1149567,1,11,4,Xavier Thalaivan Sargunam,0,R Divakar,1,1,0,run,0,,,93/1
1149567,1,11,5,0,Xavier Thalaivan Sargunam,R Divakar,0,0,0,no run,0,,,93/1
1149567,1,11,6,0,Xavier Thalaivan Sargunam,R Divakar,0,0,0,out,1,,,93/2
1149567,1,12,1,Poovathinga Shijit Chandran,Xavier Thalaivan Sargunam,Ramsingh  Sanjay Yadav,4,4,0,four,0,,,97/2
1149567,1,12,2,Poovathinga Shijit Chandran,Xavier Thalaivan Sargunam,Ramsingh  Sanjay Yadav,0,0,0,no run,0,,,97/2
1149567,1,12,3,Poovathinga Shijit Chandran,Xavier Thalaivan Sargunam,Ramsingh  Sanjay Yadav,0,0,0,no run,0,,,97/2
1149567,1,12,4,Poovathinga Shijit Chandran,Xavier Thalaivan Sargunam,Ramsingh  Sanjay Yadav,1,1,0,run,0,,,98/2
1149567,1,12,5,Xavier Thalaivan Sargunam,Poovathinga Shijit Chandran,Ramsingh  Sanjay Yadav,6,6,0,six,0,,,104/2
1149567,1,12,6,Xavier Thalaivan Sargunam,Poovathinga Shijit Chandran,Ramsingh  Sanjay Yadav,1,1,0,run,0,,,105/2
1149567,1,13,1,Xavier Thalaivan Sargunam,Poovathinga Shijit Chandran,K Deeban Lingesh,1,1,0,run,0,,,106/2
1149567,1,13,2,Poovathinga Shijit Chandran,Xavier Thalaivan Sargunam,K Deeban Lingesh,0,0,0,out,1,caught,Poovathinga Shijit Chandran,106/3
1149567,1,13,3,Xavier Thalaivan Sargunam,0,K Deeban Lingesh,1,1,0,run,0,,,107/3
1149567,1,13,4,Jagatheesan Kousik,Xavier Thalaivan Sargunam,K Deeban Lingesh,1,1,0,run,0,,,108/3
1149567,1,13,5,Xavier Thalaivan Sargunam,Jagatheesan Kousik,K Deeban Lingesh,1,1,0,run,0,,,109/3
1149567,1,13,6,Jagatheesan Kousik,Xavier Thalaivan Sargunam,K Deeban Lingesh,1,1,0,run,0,,,110/3
1149567,1,14,1,Jagatheesan Kousik,Xavier Thalaivan Sargunam,Raju Aushik Srinivas,1,1,0,run,0,,,111/3
1149567,1,14,2,Xavier Thalaivan Sargunam,Jagatheesan Kousik,Raju Aushik Srinivas,0,0,0,out,1,caught,Xavier Thalaivan Sargunam,111/4
1149567,1,14,3,Ravi Karthikeyan,Jagatheesan Kousik,Raju Aushik Srinivas,0,0,0,no run,0,,,111/4
1149567,1,14,4,Ravi Karthikeyan,Jagatheesan Kousik,Raju Aushik Srinivas,1,1,0,run,0,,,112/4
1149567,1,14,5,Jagatheesan Kousik,Ravi Karthikeyan,Raju Aushik Srinivas,1,1,0,run,0,,,113/4
1149567,1,14,6,Ravi Karthikeyan,Jagatheesan Kousik,Raju Aushik Srinivas,1,1,0,run,0,,,114/4
1149567,1,15,1,Ravi Karthikeyan,Jagatheesan Kousik,K Deeban Lingesh,4,4,0,four,0,,,118/4
1149567,1,15,2,Ravi Karthikeyan,Jagatheesan Kousik,K Deeban Lingesh,0,0,0,no run,0,,,118/4
1149567,1,15,3,Ravi Karthikeyan,Jagatheesan Kousik,K Deeban Lingesh,0,0,0,no run,0,,,118/4
1149567,1,15,4,Ravi Karthikeyan,Jagatheesan Kousik,K Deeban Lingesh,0,0,0,out,1,caught,Ravi Karthikeyan,118/5
1149567,1,15,5,R Nilesh Subramanian,Jagatheesan Kousik,K Deeban Lingesh,1,1,0,run,0,,,119/5
1149567,1,15,6,Jagatheesan Kousik,R Nilesh Subramanian,K Deeban Lingesh,1,1,0,run,0,,,120/5
1149567,1,16,1,Jagatheesan Kousik,R Nilesh Subramanian,RS Mokit Hariharan,0,0,0,no run,0,,,120/5
1149567,1,16,2,Jagatheesan Kousik,R Nilesh Subramanian,RS Mokit Hariharan,2,2,0,run,0,,,122/5
1149567,1,16,3,Jagatheesan Kousik,R Nilesh Subramanian,RS Mokit Hariharan,2,2,0,run,0,,,124/5
1149567,1,16,4,Jagatheesan Kousik,R Nilesh Subramanian,RS Mokit Hariharan,1,1,0,run,0,,,125/5
1149567,1,16,5,R Nilesh Subramanian,Jagatheesan Kousik,RS Mokit Hariharan,1,1,0,run,0,,,126/5
1149567,1,16,6,Jagatheesan Kousik,R Nilesh Subramanian,RS Mokit Hariharan,1,1,0,run,0,,,127/5
1149567,1,17,1,Jagatheesan Kousik,R Nilesh Subramanian,Raju Aushik Srinivas,1,1,0,run,0,,,128/5
1149567,1,17,2,R Nilesh Subramanian,Jagatheesan Kousik,Raju Aushik Srinivas,0,0,0,out,1,leg before wicket,R Nilesh Subramanian,128/6
1149567,1,17,3,Abhishek Baljeetsingh Tanwar,Jagatheesan Kousik,Raju Aushik Srinivas,1,1,0,run,0,,,129/6
1149567,1,17,4,Jagatheesan Kousik,Abhishek Baljeetsingh Tanwar,Raju Aushik Srinivas,4,4,0,four,0,,,133/6
1149567,1,17,5,Jagatheesan Kousik,Abhishek Baljeetsingh Tanwar,Raju Aushik Srinivas,0,0,0,no run,0,,,133/6
1149567,1,17,6,Jagatheesan Kousik,Abhishek Baljeetsingh Tanwar,Raju Aushik Srinivas,1,1,0,run,0,,,134/6
1149567,1,18,1,Jagatheesan Kousik,Abhishek Baljeetsingh Tanwar,Sunil Sam,0,0,0,no run,0,,,134/6
1149567,1,18,2,Jagatheesan Kousik,Abhishek Baljeetsingh Tanwar,Sunil Sam,1,1,0,run,0,,,135/6
1149567,1,18,3,Abhishek Baljeetsingh Tanwar,Jagatheesan Kousik,Sunil Sam,1,1,0,run,0,,,136/6
1149567,1,18,4,Jagatheesan Kousik,Abhishek Baljeetsingh Tanwar,Sunil Sam,4,4,0,four,0,,,140/6
1149567,1,18,5,Jagatheesan Kousik,Abhishek Baljeetsingh Tanwar,Sunil Sam,4,4,0,four,0,,,144/6
1149567,1,18,6,Jagatheesan Kousik,Abhishek Baljeetsingh Tanwar,Sunil Sam,1,1,0,run,0,,,145/6
1149567,1,19,1,Jagatheesan Kousik,Abhishek Baljeetsingh Tanwar,R Divakar,0,0,0,out,1,caught,Jagatheesan Kousik,145/7
1149567,1,19,2,Abhishek Baljeetsingh Tanwar,0,R Divakar,1,1,0,run,0,,,146/7
1149567,1,19,3,L Kiran Akash,Abhishek Baljeetsingh Tanwar,R Divakar,1,1,0,run,0,,,147/7
1149567,1,19,4,Abhishek Baljeetsingh Tanwar,L Kiran Akash,R Divakar,0,0,0,no run,0,,,147/7
1149567,1,19,5,Abhishek Baljeetsingh Tanwar,L Kiran Akash,R Divakar,1,1,0,run,0,,,148/7
1149567,1,19,6,L Kiran Akash,Abhishek Baljeetsingh Tanwar,R Divakar,0,0,0,out,1,caught,L Kiran Akash,148/8
1149567,1,20,1,Varun Chakravarthy Vinod,Abhishek Baljeetsingh Tanwar,Sunil Sam,1,1,0,run,0,,,149/8
1149567,1,20,2,Abhishek Baljeetsingh Tanwar,Varun Chakravarthy Vinod,Sunil Sam,6,6,0,six,0,,,155/8
1149567,1,20,3,Abhishek Baljeetsingh Tanwar,Varun Chakravarthy Vinod,Sunil Sam,6,6,0,six,0,,,161/8
1149567,1,20,4,Abhishek Baljeetsingh Tanwar,Varun Chakravarthy Vinod,Sunil Sam,0,0,0,no run,0,,,161/8
1149567,1,20,5,Abhishek Baljeetsingh Tanwar,Varun Chakravarthy Vinod,Sunil Sam,0,0,0,no run,0,,,161/8
1149567,1,20,6,Abhishek Baljeetsingh Tanwar,Varun Chakravarthy Vinod,Sunil Sam,6,6,0,six,0,,,167/8
1149567,2,1,1,K Vishal Vaidhya,0,Abhishek Baljeetsingh Tanwar,0,0,0,no run,0,,,0/0
1149567,2,1,2,K Vishal Vaidhya,0,Abhishek Baljeetsingh Tanwar,1,1,0,run,0,,,1/0
1149567,2,1,3,V Subramania Siva,K Vishal Vaidhya,Abhishek Baljeetsingh Tanwar,1,1,0,run,0,,,2/0
1149567,2,1,4,K Vishal Vaidhya,V Subramania Siva,Abhishek Baljeetsingh Tanwar,1,1,0,run,0,,,3/0
1149567,2,1,5,V Subramania Siva,K Vishal Vaidhya,Abhishek Baljeetsingh Tanwar,0,0,0,no run,0,,,3/0
1149567,2,1,6,V Subramania Siva,K Vishal Vaidhya,Abhishek Baljeetsingh Tanwar,0,0,0,no run,0,,,3/0
1149567,2,2,1,K Vishal Vaidhya,V Subramania Siva,L Kiran Akash,0,0,0,no run,0,,,3/0
1149567,2,2,2,K Vishal Vaidhya,V Subramania Siva,L Kiran Akash,1,1,0,run,0,,,4/0
1149567,2,2,3,V Subramania Siva,K Vishal Vaidhya,L Kiran Akash,1,1,0,run,0,,,5/0
1149567,2,2,4,K Vishal Vaidhya,V Subramania Siva,L Kiran Akash,0,0,0,no run,0,,,5/0
1149567,2,2,5,K Vishal Vaidhya,V Subramania Siva,L Kiran Akash,0,0,0,no run,0,,,5/0
1149567,2,2,6,K Vishal Vaidhya,V Subramania Siva,L Kiran Akash,1,1,0,run,0,,,6/0
1149567,2,3,1,K Vishal Vaidhya,V Subramania Siva,Abhishek Baljeetsingh Tanwar,1,0,1,leg bye,0,,,7/0
1149567,2,3,2,V Subramania Siva,K Vishal Vaidhya,Abhishek Baljeetsingh Tanwar,6,6,0,six,0,,,13/0
1149567,2,3,3,V Subramania Siva,K Vishal Vaidhya,Abhishek Baljeetsingh Tanwar,0,0,0,out,1,bowled,V Subramania Siva,13/1
1149567,2,3,4,Baba Aparajith,K Vishal Vaidhya,Abhishek Baljeetsingh Tanwar,0,0,0,no run,0,,,13/1
1149567,2,3,5,Baba Aparajith,K Vishal Vaidhya,Abhishek Baljeetsingh Tanwar,1,1,0,run,0,,,14/1
1149567,2,3,6,K Vishal Vaidhya,Baba Aparajith,Abhishek Baljeetsingh Tanwar,0,0,0,no run,0,,,14/1
1149567,2,4,1,Baba Aparajith,K Vishal Vaidhya,L Kiran Akash,1,1,0,run,0,,,15/1
1149567,2,4,2,K Vishal Vaidhya,Baba Aparajith,L Kiran Akash,4,4,0,four,0,,,19/1
1149567,2,4,3,K Vishal Vaidhya,Baba Aparajith,L Kiran Akash,0,0,0,no run,0,,,19/1
1149567,2,4,4,K Vishal Vaidhya,Baba Aparajith,L Kiran Akash,1,1,0,run,0,,,20/1
1149567,2,4,5,Baba Aparajith,K Vishal Vaidhya,L Kiran Akash,0,0,0,no run,0,,,20/1
1149567,2,4,6,Baba Aparajith,K Vishal Vaidhya,L Kiran Akash,0,0,0,no run,0,,,20/1
1149567,2,5,1,K Vishal Vaidhya,Baba Aparajith,Varun Chakravarthy Vinod,2,2,0,run,0,,,22/1
1149567,2,5,2,K Vishal Vaidhya,Baba Aparajith,Varun Chakravarthy Vinod,0,0,0,no run,0,,,22/1
1149567,2,5,3,K Vishal Vaidhya,Baba Aparajith,Varun Chakravarthy Vinod,1,1,0,run,0,,,23/1
1149567,2,5,4,Baba Aparajith,K Vishal Vaidhya,Varun Chakravarthy Vinod,1,1,0,run,0,,,24/1
1149567,2,5,5,K Vishal Vaidhya,Baba Aparajith,Varun Chakravarthy Vinod,0,0,0,no run,0,,,24/1
1149567,2,5,6,K Vishal Vaidhya,Baba Aparajith,Varun Chakravarthy Vinod,1,1,0,run,0,,,25/1
1149567,2,6,1,K Vishal Vaidhya,Baba Aparajith,L Kiran Akash,4,4,0,four,0,,,29/1
1149567,2,6,2,K Vishal Vaidhya,Baba Aparajith,L Kiran Akash,0,0,0,no run,0,,,29/1
1149567,2,6,3,K Vishal Vaidhya,Baba Aparajith,L Kiran Akash,1,1,0,run,0,,,30/1
1149567,2,6,4,Baba Aparajith,K Vishal Vaidhya,L Kiran Akash,1,1,0,run,0,,,31/1
1149567,2,6,5,K Vishal Vaidhya,Baba Aparajith,L Kiran Akash,1,1,0,run,0,,,32/1
1149567,2,6,6,Baba Aparajith,K Vishal Vaidhya,L Kiran Akash,0,0,0,no run,0,,,32/1
1149567,2,7,1,K Vishal Vaidhya,Baba Aparajith,Jagatheesan Kousik,1,1,0,run,0,,,33/1
1149567,2,7,2,Baba Aparajith,K Vishal Vaidhya,Jagatheesan Kousik,1,1,0,run,0,,,34/1
1149567,2,7,3,K Vishal Vaidhya,Baba Aparajith,Jagatheesan Kousik,1,1,0,run,0,,,35/1
1149567,2,7,4,Baba Aparajith,K Vishal Vaidhya,Jagatheesan Kousik,1,1,0,run,0,,,36/1
1149567,2,7,5,K Vishal Vaidhya,Baba Aparajith,Jagatheesan Kousik,1,1,0,run,0,,,37/1
1149567,2,7,6,Baba Aparajith,K Vishal Vaidhya,Jagatheesan Kousik,1,1,0,run,0,,,38/1
1149567,2,8,1,Baba Aparajith,K Vishal Vaidhya,Rahil S Shah,1,1,0,run,0,,,39/1
1149567,2,8,2,K Vishal Vaidhya,Baba Aparajith,Rahil S Shah,1,1,0,run,0,,,40/1
1149567,2,8,3,Baba Aparajith,K Vishal Vaidhya,Rahil S Shah,1,1,0,run,0,,,41/1
1149567,2,8,4,K Vishal Vaidhya,Baba Aparajith,Rahil S Shah,1,1,0,run,0,,,42/1
1149567,2,8,5,Baba Aparajith,K Vishal Vaidhya,Rahil S Shah,0,0,0,no run,0,,,42/1
1149567,2,8,6,Baba Aparajith,K Vishal Vaidhya,Rahil S Shah,6,6,0,six,0,,,48/1
1149567,2,9,1,K Vishal Vaidhya,Baba Aparajith,Varun Chakravarthy Vinod,0,0,0,no run,0,,,48/1
1149567,2,9,2,K Vishal Vaidhya,Baba Aparajith,Varun Chakravarthy Vinod,1,1,0,run,0,,,49/1
1149567,2,9,3,Baba Aparajith,K Vishal Vaidhya,Varun Chakravarthy Vinod,1,1,0,run,0,,,50/1
1149567,2,9,4,K Vishal Vaidhya,Baba Aparajith,Varun Chakravarthy Vinod,0,0,0,no run,0,,,50/1
1149567,2,9,5,K Vishal Vaidhya,Baba Aparajith,Varun Chakravarthy Vinod,2,0,2,leg bye,0,,,52/1
1149567,2,9,6,K Vishal Vaidhya,Baba Aparajith,Varun Chakravarthy Vinod,6,6,0,six,0,,,58/1
1149567,2,10,1,Baba Aparajith,K Vishal Vaidhya,Rahil S Shah,0,0,0,no run,0,,,58/1
1149567,2,10,2,Baba Aparajith,K Vishal Vaidhya,Rahil S Shah,6,6,0,six,0,,,64/1
1149567,2,10,3,Baba Aparajith,K Vishal Vaidhya,Rahil S Shah,0,0,0,no run,0,,,64/1
1149567,2,10,4,Baba Aparajith,K Vishal Vaidhya,Rahil S Shah,1,1,0,run,0,,,65/1
1149567,2,10,5,K Vishal Vaidhya,Baba Aparajith,Rahil S Shah,1,0,1,leg bye,0,,,66/1
1149567,2,10,6,Baba Aparajith,K Vishal Vaidhya,Rahil S Shah,2,2,0,run,0,,,68/1
1149567,2,11,1,K Vishal Vaidhya,Baba Aparajith,Jagatheesan Kousik,0,0,0,out,1,bowled,K Vishal Vaidhya,68/2
1149567,2,11,2,RS Mokit Hariharan,Baba Aparajith,Jagatheesan Kousik,1,1,0,run,0,,,69/2
1149567,2,11,3,Baba Aparajith,RS Mokit Hariharan,Jagatheesan Kousik,1,1,0,run,0,,,70/2
1149567,2,11,4,RS Mokit Hariharan,Baba Aparajith,Jagatheesan Kousik,1,1,0,run,0,,,71/2
1149567,2,11,5,Baba Aparajith,RS Mokit Hariharan,Jagatheesan Kousik,1,1,0,run,0,,,72/2
1149567,2,11,6,RS Mokit Hariharan,Baba Aparajith,Jagatheesan Kousik,1,1,0,run,0,,,73/2
1149567,2,12,1,RS Mokit Hariharan,Baba Aparajith,Rahil S Shah,0,0,0,no run,0,,,73/2
1149567,2,12,2,RS Mokit Hariharan,Baba Aparajith,Rahil S Shah,1,1,0,run,0,,,74/2
1149567,2,12,3,Baba Aparajith,RS Mokit Hariharan,Rahil S Shah,1,1,0,run,0,,,75/2
1149567,2,12,4,RS Mokit Hariharan,Baba Aparajith,Rahil S Shah,0,0,0,no run,0,,,75/2
1149567,2,12,5,RS Mokit Hariharan,Baba Aparajith,Rahil S Shah,0,0,0,no run,0,,,75/2
1149567,2,12,6,RS Mokit Hariharan,Baba Aparajith,Rahil S Shah,1,1,0,run,0,,,76/2
1149567,2,13,1,RS Mokit Hariharan,Baba Aparajith,Jagatheesan Kousik,1,1,0,run,0,,,77/2
1149567,2,13,2,Baba Aparajith,RS Mokit Hariharan,Jagatheesan Kousik,1,1,0,run,0,,,78/2
1149567,2,13,3,RS Mokit Hariharan,Baba Aparajith,Jagatheesan Kousik,2,2,0,run,0,,,80/2
1149567,2,13,4,RS Mokit Hariharan,Baba Aparajith,Jagatheesan Kousik,4,4,0,four,0,,,84/2
1149567,2,13,5,RS Mokit Hariharan,Baba Aparajith,Jagatheesan Kousik,1,1,0,run,0,,,85/2
1149567,2,13,6,Baba Aparajith,RS Mokit Hariharan,Jagatheesan Kousik,0,0,0,no run,0,,,85/2
1149567,2,14,1,RS Mokit Hariharan,Baba Aparajith,Varun Chakravarthy Vinod,1,1,0,run,0,,,86/2
1149567,2,14,2,Baba Aparajith,RS Mokit Hariharan,Varun Chakravarthy Vinod,0,0,0,out,1,caught,Baba Aparajith,86/3
1149567,2,14,3,P Francis Rokins,RS Mokit Hariharan,Varun Chakravarthy Vinod,0,0,0,no run,0,,,86/3
1149567,2,14,4,P Francis Rokins,RS Mokit Hariharan,Varun Chakravarthy Vinod,0,0,0,no run,0,,,86/3
1149567,2,14,5,P Francis Rokins,RS Mokit Hariharan,Varun Chakravarthy Vinod,1,1,0,run,0,,,87/3
1149567,2,14,6,RS Mokit Hariharan,P Francis Rokins,Varun Chakravarthy Vinod,1,1,0,run,0,,,88/3
1149567,2,15,1,RS Mokit Hariharan,P Francis Rokins,Rahil S Shah,4,4,0,four,0,,,92/3
1149567,2,15,2,RS Mokit Hariharan,P Francis Rokins,Rahil S Shah,1,1,0,run,0,,,93/3
1149567,2,15,3,P Francis Rokins,RS Mokit Hariharan,Rahil S Shah,6,6,0,six,0,,,99/3
1149567,2,15,4,P Francis Rokins,RS Mokit Hariharan,Rahil S Shah,0,0,0,out,1,caught,P Francis Rokins,99/4
1149567,2,15,5,Ramsingh  Sanjay Yadav,RS Mokit Hariharan,Rahil S Shah,0,0,0,no run,0,,,99/4
1149567,2,15,6,Ramsingh  Sanjay Yadav,RS Mokit Hariharan,Rahil S Shah,0,0,0,no run,0,,,99/4
1149567,2,16,1,RS Mokit Hariharan,Ramsingh  Sanjay Yadav,Varun Chakravarthy Vinod,0,0,0,no run,0,,,99/4
1149567,2,16,2,RS Mokit Hariharan,Ramsingh  Sanjay Yadav,Varun Chakravarthy Vinod,0,0,0,no run,0,,,99/4
1149567,2,16,3,RS Mokit Hariharan,Ramsingh  Sanjay Yadav,Varun Chakravarthy Vinod,4,4,0,four,0,,,103/4
1149567,2,16,4,RS Mokit Hariharan,Ramsingh  Sanjay Yadav,Varun Chakravarthy Vinod,1,1,0,run,0,,,104/4
1149567,2,16,5,Ramsingh  Sanjay Yadav,RS Mokit Hariharan,Varun Chakravarthy Vinod,0,0,0,no run,0,,,104/4
1149567,2,16,6,Ramsingh  Sanjay Yadav,RS Mokit Hariharan,Varun Chakravarthy Vinod,0,0,0,no run,0,,,104/4
1149567,2,17,1,RS Mokit Hariharan,Ramsingh  Sanjay Yadav,L Kiran Akash,1,1,0,run,0,,,105/4
1149567,2,17,2,Ramsingh  Sanjay Yadav,RS Mokit Hariharan,L Kiran Akash,1,1,0,run,0,,,106/4
1149567,2,17,3,RS Mokit Hariharan,Ramsingh  Sanjay Yadav,L Kiran Akash,0,0,0,no run,0,,,106/4
1149567,2,17,4,RS Mokit Hariharan,Ramsingh  Sanjay Yadav,L Kiran Akash,1,1,0,run,0,,,107/4
1149567,2,17,5,Ramsingh  Sanjay Yadav,RS Mokit Hariharan,L Kiran Akash,1,1,0,run,0,,,108/4
1149567,2,17,6,RS Mokit Hariharan,Ramsingh  Sanjay Yadav,L Kiran Akash,6,6,0,six,0,,,114/4
1149567,2,18,1,Ramsingh  Sanjay Yadav,RS Mokit Hariharan,Abhishek Baljeetsingh Tanwar,0,0,0,no run,0,,,114/4
1149567,2,18,2,Ramsingh  Sanjay Yadav,RS Mokit Hariharan,Abhishek Baljeetsingh Tanwar,1,1,0,run,0,,,115/4
1149567,2,18,3,RS Mokit Hariharan,Ramsingh  Sanjay Yadav,Abhishek Baljeetsingh Tanwar,1,0,1,leg bye,0,,,116/4
1149567,2,18,4,Ramsingh  Sanjay Yadav,RS Mokit Hariharan,Abhishek Baljeetsingh Tanwar,2,2,0,run,0,,,118/4
1149567,2,18,5,Ramsingh  Sanjay Yadav,RS Mokit Hariharan,Abhishek Baljeetsingh Tanwar,6,6,0,six,0,,,124/4
1149567,2,18,6,Ramsingh  Sanjay Yadav,RS Mokit Hariharan,Abhishek Baljeetsingh Tanwar,4,4,0,four,0,,,128/4
1149567,2,19,1,RS Mokit Hariharan,Ramsingh  Sanjay Yadav,Jagatheesan Kousik,1,1,0,run,0,,,129/4
1149567,2,19,2,Ramsingh  Sanjay Yadav,RS Mokit Hariharan,Jagatheesan Kousik,0,0,0,no run,0,,,129/4
1149567,2,19,3,Ramsingh  Sanjay Yadav,RS Mokit Hariharan,Jagatheesan Kousik,1,0,1,wide,0,,,130/4
1149567,2,19,4,Ramsingh  Sanjay Yadav,RS Mokit Hariharan,Jagatheesan Kousik,2,2,0,run,0,,,132/4
1149567,2,19,5,Ramsingh  Sanjay Yadav,RS Mokit Hariharan,Jagatheesan Kousik,1,1,0,run,0,,,133/4
1149567,2,19,6,RS Mokit Hariharan,Ramsingh  Sanjay Yadav,Jagatheesan Kousik,0,0,0,out,1,caught,RS Mokit Hariharan,133/5
1149567,2,19,7,Ramsingh  Sanjay Yadav,Sunil Sam,Jagatheesan Kousik,6,6,0,six,0,,,139/5
1149567,2,20,1,Sunil Sam,Ramsingh  Sanjay Yadav,Abhishek Baljeetsingh Tanwar,1,0,1,wide,0,,,140/5
1149567,2,20,2,Sunil Sam,Ramsingh  Sanjay Yadav,Abhishek Baljeetsingh Tanwar,6,6,0,six,0,,,146/5
1149567,2,20,3,Sunil Sam,Ramsingh  Sanjay Yadav,Abhishek Baljeetsingh Tanwar,0,0,0,no run,0,,,146/5
1149567,2,20,4,Sunil Sam,Ramsingh  Sanjay Yadav,Abhishek Baljeetsingh Tanwar,0,0,0,out,1,caught,Sunil Sam,146/6
1149567,2,20,5,Ramsingh  Sanjay Yadav,0,Abhishek Baljeetsingh Tanwar,4,4,0,four,0,,,150/6
1149567,2,20,6,Ramsingh  Sanjay Yadav,0,Abhishek Baljeetsingh Tanwar,2,2,0,run,0,,,152/6
1149567,2,20,7,Ramsingh  Sanjay Yadav,K Deeban Lingesh,Abhishek Baljeetsingh Tanwar,4,4,0,four,0,,,156/6
1149568,1,1,1,Masood Shahrukh Khan,0,Yamuna Sunny Kumar Singh,4,4,0,four,0,,,4/0
1149568,1,1,2,Masood Shahrukh Khan,0,Yamuna Sunny Kumar Singh,6,6,0,six,0,,,10/0
1149568,1,1,3,Masood Shahrukh Khan,0,Yamuna Sunny Kumar Singh,4,4,0,four,0,,,14/0
1149568,1,1,4,Masood Shahrukh Khan,0,Yamuna Sunny Kumar Singh,0,0,0,no run,0,,,14/0
1149568,1,1,5,Masood Shahrukh Khan,0,Yamuna Sunny Kumar Singh,0,0,0,no run,0,,,14/0
1149568,1,1,6,Masood Shahrukh Khan,Abhinav Mukund,Yamuna Sunny Kumar Singh,0,0,0,no run,0,,,14/0
1149568,1,2,1,Abhinav Mukund,Masood Shahrukh Khan,R Vishaal,4,4,0,four,0,,,18/0
1149568,1,2,2,Abhinav Mukund,Masood Shahrukh Khan,R Vishaal,1,1,0,run,0,,,19/0
1149568,1,2,3,Masood Shahrukh Khan,Abhinav Mukund,R Vishaal,4,4,0,four,0,,,23/0
1149568,1,2,4,Masood Shahrukh Khan,Abhinav Mukund,R Vishaal,1,1,0,run,0,,,24/0
1149568,1,2,5,Abhinav Mukund,Masood Shahrukh Khan,R Vishaal,0,0,0,no run,0,,,24/0
1149568,1,2,6,Abhinav Mukund,Masood Shahrukh Khan,R Vishaal,0,0,0,no run,0,,,24/0
1149568,1,3,1,Masood Shahrukh Khan,Abhinav Mukund,Ramadoss Alexander,1,0,1,wide,0,,,25/0
1149568,1,3,2,Masood Shahrukh Khan,Abhinav Mukund,Ramadoss Alexander,1,1,0,run,0,,,26/0
1149568,1,3,3,Abhinav Mukund,Masood Shahrukh Khan,Ramadoss Alexander,1,1,0,run,0,,,27/0
1149568,1,3,4,Masood Shahrukh Khan,Abhinav Mukund,Ramadoss Alexander,0,0,0,no run,0,,,27/0
1149568,1,3,5,Masood Shahrukh Khan,Abhinav Mukund,Ramadoss Alexander,1,1,0,run,0,,,28/0
1149568,1,3,6,Abhinav Mukund,Masood Shahrukh Khan,Ramadoss Alexander,0,0,0,no run,0,,,28/0
1149568,1,3,7,Abhinav Mukund,Masood Shahrukh Khan,Ramadoss Alexander,1,1,0,run,0,,,29/0
1149568,1,4,1,Abhinav Mukund,Masood Shahrukh Khan,R Vishaal,1,0,1,wide,0,,,30/0
1149568,1,4,2,Abhinav Mukund,Masood Shahrukh Khan,R Vishaal,2,2,0,run,0,,,32/0
1149568,1,4,3,Abhinav Mukund,Masood Shahrukh Khan,R Vishaal,1,0,1,wide,0,,,33/0
1149568,1,4,4,Abhinav Mukund,Masood Shahrukh Khan,R Vishaal,0,0,0,no run,0,,,33/0
1149568,1,4,5,Abhinav Mukund,Masood Shahrukh Khan,R Vishaal,0,0,0,no run,0,,,33/0
1149568,1,4,6,Abhinav Mukund,Masood Shahrukh Khan,R Vishaal,4,4,0,four,0,,,37/0
1149568,1,4,7,Abhinav Mukund,Masood Shahrukh Khan,R Vishaal,4,4,0,four,0,,,41/0
1149568,1,4,8,Abhinav Mukund,Masood Shahrukh Khan,R Vishaal,0,0,0,no run,0,,,41/0
1149568,1,5,1,Masood Shahrukh Khan,Abhinav Mukund,Ramadoss Alexander,4,4,0,four,0,,,45/0
1149568,1,5,2,Masood Shahrukh Khan,Abhinav Mukund,Ramadoss Alexander,0,0,0,no run,0,,,45/0
1149568,1,5,3,Masood Shahrukh Khan,Abhinav Mukund,Ramadoss Alexander,0,0,0,no run,0,,,45/0
1149568,1,5,4,Masood Shahrukh Khan,Abhinav Mukund,Ramadoss Alexander,0,0,0,no run,0,,,45/0
1149568,1,5,5,Masood Shahrukh Khan,Abhinav Mukund,Ramadoss Alexander,1,1,0,run,0,,,46/0
1149568,1,5,6,Abhinav Mukund,Masood Shahrukh Khan,Ramadoss Alexander,1,1,0,run,0,,,47/0
1149568,1,6,1,Abhinav Mukund,Masood Shahrukh Khan,B Arun,0,0,0,no run,0,,,47/0
1149568,1,6,2,Abhinav Mukund,Masood Shahrukh Khan,B Arun,0,0,0,no run,0,,,47/0
1149568,1,6,3,Abhinav Mukund,Masood Shahrukh Khan,B Arun,4,4,0,four,0,,,51/0
1149568,1,6,4,Abhinav Mukund,Masood Shahrukh Khan,B Arun,0,0,0,no run,0,,,51/0
1149568,1,6,5,Abhinav Mukund,Masood Shahrukh Khan,B Arun,0,0,0,no run,0,,,51/0
1149568,1,6,6,Abhinav Mukund,Masood Shahrukh Khan,B Arun,0,0,0,no run,0,,,51/0
1149568,1,7,1,Masood Shahrukh Khan,Abhinav Mukund,Murugan Ashwin,1,1,0,run,0,,,52/0
1149568,1,7,2,Abhinav Mukund,Masood Shahrukh Khan,Murugan Ashwin,1,1,0,run,0,,,53/0
1149568,1,7,3,Masood Shahrukh Khan,Abhinav Mukund,Murugan Ashwin,5,0,5,wide,0,,,58/0
1149568,1,7,4,Masood Shahrukh Khan,Abhinav Mukund,Murugan Ashwin,1,1,0,run,0,,,59/0
1149568,1,7,5,Abhinav Mukund,Masood Shahrukh Khan,Murugan Ashwin,1,1,0,run,0,,,60/0
1149568,1,7,6,Masood Shahrukh Khan,Abhinav Mukund,Murugan Ashwin,1,1,0,run,0,,,61/0
1149568,1,7,7,Abhinav Mukund,Masood Shahrukh Khan,Murugan Ashwin,1,1,0,run,0,,,62/0
1149568,1,8,1,Abhinav Mukund,Masood Shahrukh Khan,B Arun,0,0,0,no run,0,,,62/0
1149568,1,8,2,Abhinav Mukund,Masood Shahrukh Khan,B Arun,1,1,0,run,0,,,63/0
1149568,1,8,3,Masood Shahrukh Khan,Abhinav Mukund,B Arun,0,0,0,no run,0,,,63/0
1149568,1,8,4,Masood Shahrukh Khan,Abhinav Mukund,B Arun,1,1,0,run,0,,,64/0
1149568,1,8,5,Abhinav Mukund,Masood Shahrukh Khan,B Arun,1,1,0,run,0,,,65/0
1149568,1,8,6,Masood Shahrukh Khan,Abhinav Mukund,B Arun,4,4,0,four,0,,,69/0
1149568,1,9,1,Abhinav Mukund,Masood Shahrukh Khan,Murugan Ashwin,1,1,0,run,0,,,70/0
1149568,1,9,2,Masood Shahrukh Khan,Abhinav Mukund,Murugan Ashwin,0,0,0,no run,0,,,70/0
1149568,1,9,3,Masood Shahrukh Khan,Abhinav Mukund,Murugan Ashwin,1,1,0,run,0,,,71/0
1149568,1,9,4,Abhinav Mukund,Masood Shahrukh Khan,Murugan Ashwin,1,1,0,run,0,,,72/0
1149568,1,9,5,Masood Shahrukh Khan,Abhinav Mukund,Murugan Ashwin,1,1,0,run,0,,,73/0
1149568,1,9,6,Abhinav Mukund,Masood Shahrukh Khan,Murugan Ashwin,1,1,0,run,0,,,74/0
1149568,1,10,1,Abhinav Mukund,Masood Shahrukh Khan,S Harish Kumar,1,1,0,run,0,,,75/0
1149568,1,10,2,Masood Shahrukh Khan,Abhinav Mukund,S Harish Kumar,1,1,0,run,0,,,76/0
1149568,1,10,3,Abhinav Mukund,Masood Shahrukh Khan,S Harish Kumar,1,0,1,leg bye,0,,,77/0
1149568,1,10,4,Masood Shahrukh Khan,Abhinav Mukund,S Harish Kumar,1,1,0,run,0,,,78/0
1149568,1,10,5,Abhinav Mukund,Masood Shahrukh Khan,S Harish Kumar,1,1,0,run,0,,,79/0
1149568,1,10,6,Masood Shahrukh Khan,Abhinav Mukund,S Harish Kumar,1,1,0,run,0,,,80/0
1149568,1,11,1,Masood Shahrukh Khan,Abhinav Mukund,B Arun,1,1,0,run,0,,,81/0
1149568,1,11,2,Abhinav Mukund,Masood Shahrukh Khan,B Arun,1,1,0,run,0,,,82/0
1149568,1,11,3,Masood Shahrukh Khan,Abhinav Mukund,B Arun,1,1,0,run,0,,,83/0
1149568,1,11,4,Abhinav Mukund,Masood Shahrukh Khan,B Arun,1,1,0,run,0,,,84/0
1149568,1,11,5,Masood Shahrukh Khan,Abhinav Mukund,B Arun,0,0,0,no run,0,,,84/0
1149568,1,11,6,Masood Shahrukh Khan,Abhinav Mukund,B Arun,6,6,0,six,0,,,90/0
1149568,1,12,1,Abhinav Mukund,Masood Shahrukh Khan,S Harish Kumar,0,0,0,out,1,bowled,Abhinav Mukund,90/1
1149568,1,12,2,Ashwin Venkataraman,Masood Shahrukh Khan,S Harish Kumar,4,4,0,four,0,,,94/1
1149568,1,12,3,Ashwin Venkataraman,Masood Shahrukh Khan,S Harish Kumar,0,0,0,no run,0,,,94/1
1149568,1,12,4,Ashwin Venkataraman,Masood Shahrukh Khan,S Harish Kumar,0,0,0,no run,0,,,94/1
1149568,1,12,5,Ashwin Venkataraman,Masood Shahrukh Khan,S Harish Kumar,1,1,0,run,0,,,95/1
1149568,1,12,6,Masood Shahrukh Khan,Ashwin Venkataraman,S Harish Kumar,1,1,0,run,0,,,96/1
1149568,1,13,1,Masood Shahrukh Khan,Ashwin Venkataraman,Ramadoss Alexander,4,4,0,four,0,,,100/1
1149568,1,13,2,Masood Shahrukh Khan,Ashwin Venkataraman,Ramadoss Alexander,1,1,0,run,0,,,101/1
1149568,1,13,3,Ashwin Venkataraman,Masood Shahrukh Khan,Ramadoss Alexander,4,4,0,four,0,,,105/1
1149568,1,13,4,Ashwin Venkataraman,Masood Shahrukh Khan,Ramadoss Alexander,1,1,0,run,0,,,106/1
1149568,1,13,5,Masood Shahrukh Khan,Ashwin Venkataraman,Ramadoss Alexander,1,1,0,run,0,,,107/1
1149568,1,13,6,Ashwin Venkataraman,Masood Shahrukh Khan,Ramadoss Alexander,0,0,0,no run,0,,,107/1
1149568,1,14,1,Masood Shahrukh Khan,Ashwin Venkataraman,Murugan Ashwin,1,1,0,run,0,,,108/1
1149568,1,14,2,Ashwin Venkataraman,Masood Shahrukh Khan,Murugan Ashwin,1,1,0,run,0,,,109/1
1149568,1,14,3,Masood Shahrukh Khan,Ashwin Venkataraman,Murugan Ashwin,0,0,0,no run,0,,,109/1
1149568,1,14,4,Masood Shahrukh Khan,Ashwin Venkataraman,Murugan Ashwin,1,1,0,run,0,,,110/1
1149568,1,14,5,Ashwin Venkataraman,Masood Shahrukh Khan,Murugan Ashwin,0,0,0,no run,0,,,110/1
1149568,1,14,6,Ashwin Venkataraman,Masood Shahrukh Khan,Murugan Ashwin,1,1,0,run,0,,,111/1
1149568,1,15,1,Ashwin Venkataraman,Masood Shahrukh Khan,Ramadoss Alexander,1,1,0,run,0,,,112/1
1149568,1,15,2,Masood Shahrukh Khan,Ashwin Venkataraman,Ramadoss Alexander,0,0,0,no run,0,,,112/1
1149568,1,15,3,Masood Shahrukh Khan,Ashwin Venkataraman,Ramadoss Alexander,1,1,0,run,0,,,113/1
1149568,1,15,4,Ashwin Venkataraman,Masood Shahrukh Khan,Ramadoss Alexander,1,1,0,run,0,,,114/1
1149568,1,15,5,Masood Shahrukh Khan,Ashwin Venkataraman,Ramadoss Alexander,1,1,0,run,0,,,115/1
1149568,1,15,6,Ashwin Venkataraman,Masood Shahrukh Khan,Ramadoss Alexander,0,0,0,out,1,caught,Ashwin Venkataraman,115/2
1149568,1,16,1,Wenseslaus Antony Dhas,Masood Shahrukh Khan,Murugan Ashwin,1,1,0,run,0,,,116/2
1149568,1,16,2,Masood Shahrukh Khan,Wenseslaus Antony Dhas,Murugan Ashwin,1,1,0,run,0,,,117/2
1149568,1,16,3,Wenseslaus Antony Dhas,Masood Shahrukh Khan,Murugan Ashwin,0,0,0,no run,0,,,117/2
1149568,1,16,4,Wenseslaus Antony Dhas,Masood Shahrukh Khan,Murugan Ashwin,1,1,0,run,0,,,118/2
1149568,1,16,5,Masood Shahrukh Khan,Wenseslaus Antony Dhas,Murugan Ashwin,0,0,0,no run,0,,,118/2
1149568,1,16,6,Masood Shahrukh Khan,Wenseslaus Antony Dhas,Murugan Ashwin,0,0,0,out,1,caught,Masood Shahrukh Khan,118/3
1149568,1,17,1,Akkil Srinaath,Wenseslaus Antony Dhas,B Arun,0,0,0,out,1,caught,Akkil Srinaath,118/4
1149568,1,17,2,Ravi Kumar Rohith,Wenseslaus Antony Dhas,B Arun,1,1,0,run,0,,,119/4
1149568,1,17,3,Wenseslaus Antony Dhas,Ravi Kumar Rohith,B Arun,1,1,0,run,0,,,120/4
1149568,1,17,4,Ravi Kumar Rohith,Wenseslaus Antony Dhas,B Arun,0,0,0,out,1,caught,Ravi Kumar Rohith,120/5
1149568,1,17,5,M Prasanth Rajesh,Wenseslaus Antony Dhas,B Arun,0,0,0,no run,0,,,120/5
1149568,1,17,6,M Prasanth Rajesh,Wenseslaus Antony Dhas,B Arun,1,1,0,run,0,,,121/5
1149568,1,18,1,M Prasanth Rajesh,Wenseslaus Antony Dhas,S Harish Kumar,1,1,0,run,0,,,122/5
1149568,1,18,2,Wenseslaus Antony Dhas,M Prasanth Rajesh,S Harish Kumar,1,0,1,wide,0,,,123/5
1149568,1,18,3,Wenseslaus Antony Dhas,M Prasanth Rajesh,S Harish Kumar,6,6,0,six,0,,,129/5
1149568,1,18,4,Wenseslaus Antony Dhas,M Prasanth Rajesh,S Harish Kumar,0,0,0,no run,0,,,129/5
1149568,1,18,5,Wenseslaus Antony Dhas,M Prasanth Rajesh,S Harish Kumar,0,0,0,no run,0,,,129/5
1149568,1,18,6,Wenseslaus Antony Dhas,M Prasanth Rajesh,S Harish Kumar,1,1,0,run,0,,,130/5
1149568,1,18,7,M Prasanth Rajesh,Wenseslaus Antony Dhas,S Harish Kumar,6,6,0,six,0,,,136/5
1149568,1,19,1,Wenseslaus Antony Dhas,M Prasanth Rajesh,R Vishaal,0,0,0,no run,0,,,136/5
1149568,1,19,2,Wenseslaus Antony Dhas,M Prasanth Rajesh,R Vishaal,1,0,1,wide,0,,,137/5
1149568,1,19,3,Wenseslaus Antony Dhas,M Prasanth Rajesh,R Vishaal,4,4,0,four,0,,,141/5
1149568,1,19,4,Wenseslaus Antony Dhas,M Prasanth Rajesh,R Vishaal,0,0,0,no run,0,,,141/5
1149568,1,19,5,Wenseslaus Antony Dhas,M Prasanth Rajesh,R Vishaal,0,0,0,no run,0,,,141/5
1149568,1,19,6,Wenseslaus Antony Dhas,M Prasanth Rajesh,R Vishaal,0,0,0,no run,0,,,141/5
1149568,1,19,7,Wenseslaus Antony Dhas,M Prasanth Rajesh,R Vishaal,5,4,1,four,0,,,146/5
1149568,1,19,8,Wenseslaus Antony Dhas,M Prasanth Rajesh,R Vishaal,1,1,0,run,0,,,147/5
1149568,1,20,1,Wenseslaus Antony Dhas,M Prasanth Rajesh,S Harish Kumar,1,1,0,run,0,,,148/5
1149568,1,20,2,M Prasanth Rajesh,Wenseslaus Antony Dhas,S Harish Kumar,1,1,0,run,0,,,149/5
1149568,1,20,3,Wenseslaus Antony Dhas,M Prasanth Rajesh,S Harish Kumar,5,4,1,four,0,,,154/5
1149568,1,20,4,Wenseslaus Antony Dhas,M Prasanth Rajesh,S Harish Kumar,2,2,0,run,0,,,156/5
1149568,1,20,5,Wenseslaus Antony Dhas,M Prasanth Rajesh,S Harish Kumar,2,2,0,run,0,,,158/5
1149568,1,20,6,Wenseslaus Antony Dhas,M Prasanth Rajesh,S Harish Kumar,0,0,0,no run,0,,,158/5
1149568,1,20,7,Wenseslaus Antony Dhas,M Prasanth Rajesh,S Harish Kumar,0,0,0,out,1,caught,Wenseslaus Antony Dhas,158/6
1149568,2,1,1,S Karthik,0,Krishnamoorthy Vignesh,0,0,0,no run,0,,,0/0
1149568,2,1,2,S Karthik,0,Krishnamoorthy Vignesh,1,1,0,run,0,,,1/0
1149568,2,1,3,Ganga Sridhar Raju,S Karthik,Krishnamoorthy Vignesh,0,0,0,no run,0,,,1/0
1149568,2,1,4,Ganga Sridhar Raju,S Karthik,Krishnamoorthy Vignesh,0,0,0,no run,0,,,1/0
1149568,2,1,5,Ganga Sridhar Raju,S Karthik,Krishnamoorthy Vignesh,0,0,0,out,1,caught,Ganga Sridhar Raju,1/1
1149568,2,1,6,Hari Gopinath,S Karthik,Krishnamoorthy Vignesh,0,0,0,no run,0,,,1/1
1149568,2,2,1,S Karthik,Hari Gopinath, Sriram Ajith Ram,1,1,0,run,0,,,2/1
1149568,2,2,2,Hari Gopinath,S Karthik, Sriram Ajith Ram,1,1,0,run,0,,,3/1
1149568,2,2,3,S Karthik,Hari Gopinath, Sriram Ajith Ram,0,0,0,out,1,bowled,S Karthik,3/2
1149568,2,2,4,Uthirasamy Sasidev,Hari Gopinath, Sriram Ajith Ram,0,0,0,no run,0,,,3/2
1149568,2,2,5,Uthirasamy Sasidev,Hari Gopinath, Sriram Ajith Ram,0,0,0,no run,0,,,3/2
1149568,2,2,6,Uthirasamy Sasidev,Hari Gopinath, Sriram Ajith Ram,0,0,0,no run,0,,,3/2
1149568,2,3,1,Hari Gopinath,Uthirasamy Sasidev,Krishnamoorthy Vignesh,0,0,0,no run,0,,,3/2
1149568,2,3,2,Hari Gopinath,Uthirasamy Sasidev,Krishnamoorthy Vignesh,4,4,0,four,0,,,7/2
1149568,2,3,3,Hari Gopinath,Uthirasamy Sasidev,Krishnamoorthy Vignesh,4,4,0,four,0,,,11/2
1149568,2,3,4,Hari Gopinath,Uthirasamy Sasidev,Krishnamoorthy Vignesh,0,0,0,no run,0,,,11/2
1149568,2,3,5,Hari Gopinath,Uthirasamy Sasidev,Krishnamoorthy Vignesh,0,0,0,no run,0,,,11/2
1149568,2,3,6,Hari Gopinath,Uthirasamy Sasidev,Krishnamoorthy Vignesh,0,0,0,no run,0,,,11/2
1149568,2,4,1,Uthirasamy Sasidev,Hari Gopinath, Sriram Ajith Ram,0,0,0,no run,0,,,11/2
1149568,2,4,2,Uthirasamy Sasidev,Hari Gopinath, Sriram Ajith Ram,0,0,0,no run,0,,,11/2
1149568,2,4,3,Uthirasamy Sasidev,Hari Gopinath, Sriram Ajith Ram,4,4,0,four,0,,,15/2
1149568,2,4,4,Uthirasamy Sasidev,Hari Gopinath, Sriram Ajith Ram,1,1,0,run,0,,,16/2
1149568,2,4,5,Hari Gopinath,Uthirasamy Sasidev, Sriram Ajith Ram,4,4,0,four,0,,,20/2
1149568,2,4,6,Hari Gopinath,Uthirasamy Sasidev, Sriram Ajith Ram,1,1,0,run,0,,,21/2
1149568,2,5,1,Hari Gopinath,Uthirasamy Sasidev,S Manigandan,0,0,0,out,1,caught,Hari Gopinath,21/3
1149568,2,5,2,Baskaran Rahul,Uthirasamy Sasidev,S Manigandan,0,0,0,no run,0,,,21/3
1149568,2,5,3,Baskaran Rahul,Uthirasamy Sasidev,S Manigandan,0,0,0,no run,0,,,21/3
1149568,2,5,4,Baskaran Rahul,Uthirasamy Sasidev,S Manigandan,1,1,0,run,0,,,22/3
1149568,2,5,5,Uthirasamy Sasidev,Baskaran Rahul,S Manigandan,0,0,0,no run,0,,,22/3
1149568,2,5,6,Uthirasamy Sasidev,Baskaran Rahul,S Manigandan,0,0,0,no run,0,,,22/3
1149568,2,6,1,Baskaran Rahul,Uthirasamy Sasidev, Sriram Ajith Ram,0,0,0,out,1,bowled,Baskaran Rahul,22/4
1149568,2,6,2,Murugan Ashwin,Uthirasamy Sasidev, Sriram Ajith Ram,1,1,0,run,0,,,23/4
1149568,2,6,3,Uthirasamy Sasidev,Murugan Ashwin, Sriram Ajith Ram,4,4,0,four,0,,,27/4
1149568,2,6,4,Uthirasamy Sasidev,Murugan Ashwin, Sriram Ajith Ram,0,0,0,no run,0,,,27/4
1149568,2,6,5,Uthirasamy Sasidev,Murugan Ashwin, Sriram Ajith Ram,1,1,0,run,0,,,28/4
1149568,2,6,6,Murugan Ashwin,Uthirasamy Sasidev, Sriram Ajith Ram,0,0,0,no run,0,,,28/4
1149568,2,7,1,Uthirasamy Sasidev,Murugan Ashwin,Thangarasu Natarajan,1,1,0,run,0,,,29/4
1149568,2,7,2,Murugan Ashwin,Uthirasamy Sasidev,Thangarasu Natarajan,1,1,0,run,0,,,30/4
1149568,2,7,3,Uthirasamy Sasidev,Murugan Ashwin,Thangarasu Natarajan,1,1,0,run,0,,,31/4
1149568,2,7,4,Murugan Ashwin,Uthirasamy Sasidev,Thangarasu Natarajan,1,1,0,run,0,,,32/4
1149568,2,7,5,Uthirasamy Sasidev,Murugan Ashwin,Thangarasu Natarajan,1,1,0,run,0,,,33/4
1149568,2,7,6,Murugan Ashwin,Uthirasamy Sasidev,Thangarasu Natarajan,0,0,0,no run,0,,,33/4
1149568,2,8,1,Uthirasamy Sasidev,Murugan Ashwin,S Manigandan,1,1,0,run,0,,,34/4
1149568,2,8,2,Murugan Ashwin,Uthirasamy Sasidev,S Manigandan,6,6,0,six,0,,,40/4
1149568,2,8,3,Murugan Ashwin,Uthirasamy Sasidev,S Manigandan,1,1,0,run,0,,,41/4
1149568,2,8,4,Uthirasamy Sasidev,Murugan Ashwin,S Manigandan,1,1,0,run,0,,,42/4
1149568,2,8,5,Murugan Ashwin,Uthirasamy Sasidev,S Manigandan,0,0,0,no run,0,,,42/4
1149568,2,8,6,Murugan Ashwin,Uthirasamy Sasidev,S Manigandan,0,0,0,no run,0,,,42/4
1149568,2,9,1,Uthirasamy Sasidev,Murugan Ashwin,Masood Shahrukh Khan,0,0,0,no run,0,,,42/4
1149568,2,9,2,Uthirasamy Sasidev,Murugan Ashwin,Masood Shahrukh Khan,4,4,0,four,0,,,46/4
1149568,2,9,3,Uthirasamy Sasidev,Murugan Ashwin,Masood Shahrukh Khan,1,1,0,run,0,,,47/4
1149568,2,9,4,Murugan Ashwin,Uthirasamy Sasidev,Masood Shahrukh Khan,1,1,0,run,0,,,48/4
1149568,2,9,5,Uthirasamy Sasidev,Murugan Ashwin,Masood Shahrukh Khan,1,1,0,run,0,,,49/4
1149568,2,9,6,Murugan Ashwin,Uthirasamy Sasidev,Masood Shahrukh Khan,1,1,0,run,0,,,50/4
1149568,2,10,1,Murugan Ashwin,Uthirasamy Sasidev,M Prasanth Rajesh,1,0,1,wide,0,,,51/4
1149568,2,10,2,Murugan Ashwin,Uthirasamy Sasidev,M Prasanth Rajesh,1,1,0,run,0,,,52/4
1149568,2,10,3,Uthirasamy Sasidev,Murugan Ashwin,M Prasanth Rajesh,0,0,0,no run,0,,,52/4
1149568,2,10,4,Uthirasamy Sasidev,Murugan Ashwin,M Prasanth Rajesh,0,0,0,no run,0,,,52/4
1149568,2,10,5,Uthirasamy Sasidev,Murugan Ashwin,M Prasanth Rajesh,0,0,0,no run,0,,,52/4
1149568,2,10,6,Uthirasamy Sasidev,Murugan Ashwin,M Prasanth Rajesh,1,1,0,run,0,,,53/4
1149568,2,10,7,Murugan Ashwin,Uthirasamy Sasidev,M Prasanth Rajesh,6,6,0,six,0,,,59/4
1149568,2,11,1,Uthirasamy Sasidev,Murugan Ashwin,Thangarasu Natarajan,1,0,1,wide,0,,,60/4
1149568,2,11,2,Uthirasamy Sasidev,Murugan Ashwin,Thangarasu Natarajan,0,0,0,no run,0,,,60/4
1149568,2,11,3,Uthirasamy Sasidev,Murugan Ashwin,Thangarasu Natarajan,0,0,0,no run,0,,,60/4
1149568,2,11,4,Uthirasamy Sasidev,Murugan Ashwin,Thangarasu Natarajan,1,1,0,run,0,,,61/4
1149568,2,11,5,Murugan Ashwin,Uthirasamy Sasidev,Thangarasu Natarajan,0,0,0,no run,0,,,61/4
1149568,2,11,6,Murugan Ashwin,Uthirasamy Sasidev,Thangarasu Natarajan,1,1,0,run,0,,,62/4
1149568,2,11,7,Uthirasamy Sasidev,Murugan Ashwin,Thangarasu Natarajan,0,0,0,out,1,caught,Uthirasamy Sasidev,62/5
1149568,2,12,1,Murugan Ashwin,0,Krishnamoorthy Vignesh,5,0,5,wide,0,,,67/5
1149568,2,12,2,Murugan Ashwin,0,Krishnamoorthy Vignesh,1,1,0,run,0,,,68/5
1149568,2,12,3,S Harish Kumar,Murugan Ashwin,Krishnamoorthy Vignesh,4,0,4,leg bye,0,,,72/5
1149568,2,12,4,S Harish Kumar,Murugan Ashwin,Krishnamoorthy Vignesh,1,1,0,run,0,,,73/5
1149568,2,12,5,Murugan Ashwin,S Harish Kumar,Krishnamoorthy Vignesh,0,0,0,no run,0,,,73/5
1149568,2,12,6,Murugan Ashwin,S Harish Kumar,Krishnamoorthy Vignesh,1,0,1,wide,0,,,74/5
1149568,2,12,7,Murugan Ashwin,S Harish Kumar,Krishnamoorthy Vignesh,1,1,0,run,0,,,75/5
1149568,2,12,8,S Harish Kumar,Murugan Ashwin,Krishnamoorthy Vignesh,0,0,0,out,1,caught,S Harish Kumar,75/6
1149568,2,13,1,Murugan Ashwin,0,M Prasanth Rajesh,2,2,0,run,0,,,77/6
1149568,2,13,2,Murugan Ashwin,0,M Prasanth Rajesh,0,0,0,no run,0,,,77/6
1149568,2,13,3,Murugan Ashwin,0,M Prasanth Rajesh,1,1,0,run,0,,,78/6
1149568,2,13,4,Yamuna Sunny Kumar Singh,Murugan Ashwin,M Prasanth Rajesh,0,0,0,no run,0,,,78/6
1149568,2,13,5,Yamuna Sunny Kumar Singh,Murugan Ashwin,M Prasanth Rajesh,0,0,0,no run,0,,,78/6
1149568,2,13,6,Yamuna Sunny Kumar Singh,Murugan Ashwin,M Prasanth Rajesh,0,0,0,no run,0,,,78/6
1149568,2,14,1,Murugan Ashwin,Yamuna Sunny Kumar Singh, Sriram Ajith Ram,1,1,0,run,0,,,79/6
1149568,2,14,2,Yamuna Sunny Kumar Singh,Murugan Ashwin, Sriram Ajith Ram,1,1,0,run,0,,,80/6
1149568,2,14,3,Murugan Ashwin,Yamuna Sunny Kumar Singh, Sriram Ajith Ram,1,1,0,run,0,,,81/6
1149568,2,14,4,Yamuna Sunny Kumar Singh,Murugan Ashwin, Sriram Ajith Ram,1,1,0,run,0,,,82/6
1149568,2,14,5,Murugan Ashwin,Yamuna Sunny Kumar Singh, Sriram Ajith Ram,4,4,0,four,0,,,86/6
1149568,2,14,6,Murugan Ashwin,Yamuna Sunny Kumar Singh, Sriram Ajith Ram,1,1,0,run,0,,,87/6
1149568,2,15,1,Murugan Ashwin,Yamuna Sunny Kumar Singh,M Prasanth Rajesh,1,1,0,run,0,,,88/6
1149568,2,15,2,Yamuna Sunny Kumar Singh,Murugan Ashwin,M Prasanth Rajesh,1,1,0,run,0,,,89/6
1149568,2,15,3,Murugan Ashwin,Yamuna Sunny Kumar Singh,M Prasanth Rajesh,1,1,0,run,0,,,90/6
1149568,2,15,4,Yamuna Sunny Kumar Singh,Murugan Ashwin,M Prasanth Rajesh,0,0,0,no run,0,,,90/6
1149568,2,15,5,Yamuna Sunny Kumar Singh,Murugan Ashwin,M Prasanth Rajesh,0,0,0,out,1,caught,Yamuna Sunny Kumar Singh,90/7
1149568,2,15,6,R Vishaal,Murugan Ashwin,M Prasanth Rajesh,1,1,0,run,0,,,91/7
1149568,2,16,1,R Vishaal,Murugan Ashwin,S Manigandan,1,1,0,run,0,,,92/7
1149568,2,16,2,Murugan Ashwin,R Vishaal,S Manigandan,1,1,0,run,0,,,93/7
1149568,2,16,3,R Vishaal,Murugan Ashwin,S Manigandan,0,0,0,out,1,bowled,R Vishaal,93/8
1149568,2,16,4,Ramadoss Alexander,Murugan Ashwin,S Manigandan,1,1,0,run,0,,,94/8
1149568,2,16,5,Murugan Ashwin,Ramadoss Alexander,S Manigandan,1,1,0,run,0,,,95/8
1149568,2,16,6,Ramadoss Alexander,Murugan Ashwin,S Manigandan,0,0,0,no run,0,,,95/8
1149568,2,17,1,Murugan Ashwin,Ramadoss Alexander,Thangarasu Natarajan,0,0,0,out,1,caught,Murugan Ashwin,95/9
1149568,2,17,2,B Arun,Ramadoss Alexander,Thangarasu Natarajan,1,1,0,run,0,,,96/9
1149568,2,17,3,Ramadoss Alexander,B Arun,Thangarasu Natarajan,0,0,0,no run,0,,,96/9
1149568,2,17,4,Ramadoss Alexander,B Arun,Thangarasu Natarajan,0,0,0,no run,0,,,96/9
1149568,2,17,5,Ramadoss Alexander,B Arun,Thangarasu Natarajan,1,1,0,run,0,,,97/9
1149568,2,17,6,B Arun,Ramadoss Alexander,Thangarasu Natarajan,1,1,0,run,0,,,98/9
1149568,2,18,1,B Arun,Ramadoss Alexander,S Manigandan,0,0,0,no run,0,,,98/9
1149568,2,18,2,B Arun,Ramadoss Alexander,S Manigandan,1,1,0,run,0,,,99/9
1149568,2,18,3,Ramadoss Alexander,B Arun,S Manigandan,1,1,0,run,0,,,100/9
1149568,2,18,4,B Arun,Ramadoss Alexander,S Manigandan,4,4,0,four,0,,,104/9
1149568,2,18,5,B Arun,Ramadoss Alexander,S Manigandan,1,1,0,run,0,,,105/9
1149568,2,18,6,Ramadoss Alexander,B Arun,S Manigandan,0,0,0,out,1,caught,Ramadoss Alexander,105/10
1149569,1,1,1,Kumaran Bharath Shankar,0,Vijaykumar Yo Mahesh,1,1,0,run,0,,,1/0
1149569,1,1,2,Baba Indrajith,Kumaran Bharath Shankar,Vijaykumar Yo Mahesh,1,1,0,run,0,,,2/0
1149569,1,1,3,Kumaran Bharath Shankar,Baba Indrajith,Vijaykumar Yo Mahesh,1,1,0,run,0,,,3/0
1149569,1,1,4,Baba Indrajith,Kumaran Bharath Shankar,Vijaykumar Yo Mahesh,1,1,0,run,0,,,4/0
1149569,1,1,5,Kumaran Bharath Shankar,Baba Indrajith,Vijaykumar Yo Mahesh,4,4,0,four,0,,,8/0
1149569,1,1,6,Kumaran Bharath Shankar,Baba Indrajith,Vijaykumar Yo Mahesh,4,4,0,four,0,,,12/0
1149569,1,2,1,Baba Indrajith,Kumaran Bharath Shankar,S Mohan Prasath,0,0,0,no run,0,,,12/0
1149569,1,2,2,Baba Indrajith,Kumaran Bharath Shankar,S Mohan Prasath,1,1,0,run,0,,,13/0
1149569,1,2,3,Kumaran Bharath Shankar,Baba Indrajith,S Mohan Prasath,0,0,0,no run,0,,,13/0
1149569,1,2,4,Kumaran Bharath Shankar,Baba Indrajith,S Mohan Prasath,1,1,0,run,0,,,14/0
1149569,1,2,5,Baba Indrajith,Kumaran Bharath Shankar,S Mohan Prasath,1,0,1,leg bye,0,,,15/0
1149569,1,2,6,Kumaran Bharath Shankar,Baba Indrajith,S Mohan Prasath,0,0,0,out,1,bowled,Kumaran Bharath Shankar,15/1
1149569,1,3,1,Baba Indrajith,0,S Kishan Kumar,0,0,0,no run,0,,,15/1
1149569,1,3,2,Baba Indrajith,0,S Kishan Kumar,0,0,0,no run,0,,,15/1
1149569,1,3,3,Baba Indrajith,Selvam Suresh Kumar,S Kishan Kumar,1,0,1,wide,1,stumped,Baba Indrajith,16/2
1149569,1,3,4,Sathiamoorty Vasanth Saravanan,Selvam Suresh Kumar,S Kishan Kumar,5,0,5,wide,0,,,21/2
1149569,1,3,5,Sathiamoorty Vasanth Saravanan,Selvam Suresh Kumar,S Kishan Kumar,0,0,0,no run,0,,,21/2
1149569,1,3,6,Sathiamoorty Vasanth Saravanan,Selvam Suresh Kumar,S Kishan Kumar,1,0,1,wide,0,,,22/2
1149569,1,3,7,Sathiamoorty Vasanth Saravanan,Selvam Suresh Kumar,S Kishan Kumar,0,0,0,no run,0,,,22/2
1149569,1,3,8,Sathiamoorty Vasanth Saravanan,Selvam Suresh Kumar,S Kishan Kumar,4,4,0,four,0,,,26/2
1149569,1,3,9,Sathiamoorty Vasanth Saravanan,Selvam Suresh Kumar,S Kishan Kumar,1,1,0,run,0,,,27/2
1149569,1,4,1,Sathiamoorty Vasanth Saravanan,Selvam Suresh Kumar,S Mohan Prasath,0,0,0,no run,0,,,27/2
1149569,1,4,2,Sathiamoorty Vasanth Saravanan,Selvam Suresh Kumar,S Mohan Prasath,0,0,0,no run,0,,,27/2
1149569,1,4,3,Sathiamoorty Vasanth Saravanan,Selvam Suresh Kumar,S Mohan Prasath,0,0,0,no run,0,,,27/2
1149569,1,4,4,Sathiamoorty Vasanth Saravanan,Selvam Suresh Kumar,S Mohan Prasath,1,1,0,run,0,,,28/2
1149569,1,4,5,Selvam Suresh Kumar,Sathiamoorty Vasanth Saravanan,S Mohan Prasath,5,5,0,run,0,,,33/2
1149569,1,4,6,Sathiamoorty Vasanth Saravanan,Selvam Suresh Kumar,S Mohan Prasath,4,4,0,four,0,,,37/2
1149569,1,5,1,Selvam Suresh Kumar,Sathiamoorty Vasanth Saravanan,R Rajkumar,1,0,1,leg bye,0,,,38/2
1149569,1,5,2,Sathiamoorty Vasanth Saravanan,Selvam Suresh Kumar,R Rajkumar,0,0,0,out,1,bowled,Sathiamoorty Vasanth Saravanan,38/3
1149569,1,5,3,S Aravind,Selvam Suresh Kumar,R Rajkumar,0,0,0,no run,0,,,38/3
1149569,1,5,4,S Aravind,Selvam Suresh Kumar,R Rajkumar,0,0,0,no run,0,,,38/3
1149569,1,5,5,S Aravind,Selvam Suresh Kumar,R Rajkumar,1,0,1,wide,0,,,39/3
1149569,1,5,6,S Aravind,Selvam Suresh Kumar,R Rajkumar,1,1,0,run,0,,,40/3
1149569,1,5,7,Selvam Suresh Kumar,S Aravind,R Rajkumar,0,0,0,no run,0,,,40/3
1149569,1,6,1,S Aravind,Selvam Suresh Kumar,Vijaykumar Yo Mahesh,1,1,0,run,0,,,41/3
1149569,1,6,2,Selvam Suresh Kumar,S Aravind,Vijaykumar Yo Mahesh,1,1,0,run,0,,,42/3
1149569,1,6,3,S Aravind,Selvam Suresh Kumar,Vijaykumar Yo Mahesh,0,0,0,out,1,caught,S Aravind,42/4
1149569,1,6,4,Chandrasekar Ganapathy,Selvam Suresh Kumar,Vijaykumar Yo Mahesh,1,1,0,run,0,,,43/4
1149569,1,6,5,Selvam Suresh Kumar,Chandrasekar Ganapathy,Vijaykumar Yo Mahesh,1,0,1,leg bye,0,,,44/4
1149569,1,6,6,Chandrasekar Ganapathy,Selvam Suresh Kumar,Vijaykumar Yo Mahesh,0,0,0,out,1,caught,Chandrasekar Ganapathy,44/5
1149569,1,7,1,Selvam Suresh Kumar,0,R Rajkumar,2,2,0,run,0,,,46/5
1149569,1,7,2,Selvam Suresh Kumar,0,R Rajkumar,0,0,0,no run,0,,,46/5
1149569,1,7,3,Selvam Suresh Kumar,0,R Rajkumar,1,1,0,run,0,,,47/5
1149569,1,7,4,Ramsingh Sonu Yadav,Selvam Suresh Kumar,R Rajkumar,0,0,0,no run,0,,,47/5
1149569,1,7,5,Ramsingh Sonu Yadav,Selvam Suresh Kumar,R Rajkumar,1,1,0,run,0,,,48/5
1149569,1,7,6,Selvam Suresh Kumar,Ramsingh Sonu Yadav,R Rajkumar,0,0,0,no run,0,,,48/5
1149569,1,8,1,Ramsingh Sonu Yadav,Selvam Suresh Kumar,Maan K Bafna,0,0,0,out,1,leg before wicket,Ramsingh Sonu Yadav,48/6
1149569,1,8,2,K Mani Bharathi,Selvam Suresh Kumar,Maan K Bafna,1,1,0,run,0,,,49/6
1149569,1,8,3,Selvam Suresh Kumar,K Mani Bharathi,Maan K Bafna,1,1,0,run,0,,,50/6
1149569,1,8,4,K Mani Bharathi,Selvam Suresh Kumar,Maan K Bafna,1,1,0,run,0,,,51/6
1149569,1,8,5,Selvam Suresh Kumar,K Mani Bharathi,Maan K Bafna,0,0,0,no run,0,,,51/6
1149569,1,8,6,Selvam Suresh Kumar,K Mani Bharathi,Maan K Bafna,0,0,0,no run,0,,,51/6
1149569,1,9,1,K Mani Bharathi,Selvam Suresh Kumar,S Kishan Kumar,1,1,0,run,0,,,52/6
1149569,1,9,2,Selvam Suresh Kumar,K Mani Bharathi,S Kishan Kumar,1,1,0,run,0,,,53/6
1149569,1,9,3,K Mani Bharathi,Selvam Suresh Kumar,S Kishan Kumar,0,0,0,no run,0,,,53/6
1149569,1,9,4,K Mani Bharathi,Selvam Suresh Kumar,S Kishan Kumar,0,0,0,no run,0,,,53/6
1149569,1,9,5,K Mani Bharathi,Selvam Suresh Kumar,S Kishan Kumar,1,1,0,run,0,,,54/6
1149569,1,9,6,Selvam Suresh Kumar,K Mani Bharathi,S Kishan Kumar,1,1,0,run,0,,,55/6
1149569,1,10,1,Selvam Suresh Kumar,K Mani Bharathi,Maan K Bafna,0,0,0,no run,0,,,55/6
1149569,1,10,2,Selvam Suresh Kumar,K Mani Bharathi,Maan K Bafna,1,1,0,run,0,,,56/6
1149569,1,10,3,K Mani Bharathi,Selvam Suresh Kumar,Maan K Bafna,1,1,0,run,0,,,57/6
1149569,1,10,4,Selvam Suresh Kumar,K Mani Bharathi,Maan K Bafna,0,0,0,no run,0,,,57/6
1149569,1,10,5,Selvam Suresh Kumar,K Mani Bharathi,Maan K Bafna,0,0,0,no run,0,,,57/6
1149569,1,10,6,Selvam Suresh Kumar,K Mani Bharathi,Maan K Bafna,0,0,0,no run,0,,,57/6
1149569,1,11,1,K Mani Bharathi,Selvam Suresh Kumar,S Kishan Kumar,0,0,0,no run,0,,,57/6
1149569,1,11,2,K Mani Bharathi,Selvam Suresh Kumar,S Kishan Kumar,1,1,0,run,0,,,58/6
1149569,1,11,3,Selvam Suresh Kumar,K Mani Bharathi,S Kishan Kumar,1,1,0,run,0,,,59/6
1149569,1,11,4,K Mani Bharathi,Selvam Suresh Kumar,S Kishan Kumar,0,0,0,no run,0,,,59/6
1149569,1,11,5,K Mani Bharathi,Selvam Suresh Kumar,S Kishan Kumar,1,1,0,run,0,,,60/6
1149569,1,11,6,Selvam Suresh Kumar,K Mani Bharathi,S Kishan Kumar,0,0,0,no run,0,,,60/6
1149569,1,12,1,K Mani Bharathi,Selvam Suresh Kumar,Maan K Bafna,1,1,0,run,0,,,61/6
1149569,1,12,2,Selvam Suresh Kumar,K Mani Bharathi,Maan K Bafna,1,1,0,run,0,,,62/6
1149569,1,12,3,K Mani Bharathi,Selvam Suresh Kumar,Maan K Bafna,1,1,0,run,0,,,63/6
1149569,1,12,4,Selvam Suresh Kumar,K Mani Bharathi,Maan K Bafna,0,0,0,no run,0,,,63/6
1149569,1,12,5,Selvam Suresh Kumar,K Mani Bharathi,Maan K Bafna,1,1,0,run,0,,,64/6
1149569,1,12,6,K Mani Bharathi,Selvam Suresh Kumar,Maan K Bafna,1,1,0,run,0,,,65/6
1149569,1,13,1,K Mani Bharathi,Selvam Suresh Kumar,S Kishan Kumar,1,1,0,run,0,,,66/6
1149569,1,13,2,Selvam Suresh Kumar,K Mani Bharathi,S Kishan Kumar,0,0,0,no run,0,,,66/6
1149569,1,13,3,Selvam Suresh Kumar,K Mani Bharathi,S Kishan Kumar,1,1,0,run,0,,,67/6
1149569,1,13,4,K Mani Bharathi,Selvam Suresh Kumar,S Kishan Kumar,0,0,0,no run,0,,,67/6
1149569,1,13,5,K Mani Bharathi,Selvam Suresh Kumar,S Kishan Kumar,4,4,0,four,0,,,71/6
1149569,1,13,6,K Mani Bharathi,Selvam Suresh Kumar,S Kishan Kumar,1,1,0,run,0,,,72/6
1149569,1,14,1,K Mani Bharathi,Selvam Suresh Kumar,S Mohan Prasath,1,1,0,run,0,,,73/6
1149569,1,14,2,Selvam Suresh Kumar,K Mani Bharathi,S Mohan Prasath,0,0,0,no run,0,,,73/6
1149569,1,14,3,Selvam Suresh Kumar,K Mani Bharathi,S Mohan Prasath,1,1,0,run,0,,,74/6
1149569,1,14,4,K Mani Bharathi,Selvam Suresh Kumar,S Mohan Prasath,1,1,0,run,0,,,75/6
1149569,1,14,5,Selvam Suresh Kumar,K Mani Bharathi,S Mohan Prasath,1,1,0,run,0,,,76/6
1149569,1,14,6,K Mani Bharathi,Selvam Suresh Kumar,S Mohan Prasath,1,1,0,run,0,,,77/6
1149569,1,15,1,K Mani Bharathi,Selvam Suresh Kumar,Maan K Bafna,1,1,0,run,0,,,78/6
1149569,1,15,2,Selvam Suresh Kumar,K Mani Bharathi,Maan K Bafna,1,1,0,run,0,,,79/6
1149569,1,15,3,K Mani Bharathi,Selvam Suresh Kumar,Maan K Bafna,1,1,0,run,0,,,80/6
1149569,1,15,4,Selvam Suresh Kumar,K Mani Bharathi,Maan K Bafna,1,1,0,run,0,,,81/6
1149569,1,15,5,K Mani Bharathi,Selvam Suresh Kumar,Maan K Bafna,1,1,0,run,0,,,82/6
1149569,1,15,6,Selvam Suresh Kumar,K Mani Bharathi,Maan K Bafna,1,1,0,run,0,,,83/6
1149569,1,16,1,Selvam Suresh Kumar,K Mani Bharathi,S Mohan Prasath,0,0,0,out,1,leg before wicket,Selvam Suresh Kumar,83/7
1149569,1,16,2,M Lakshmi Narayanan,K Mani Bharathi,S Mohan Prasath,0,0,0,out,1,bowled,M Lakshmi Narayanan,83/8
1149569,1,16,3,MS Sanjay,K Mani Bharathi,S Mohan Prasath,0,0,0,no run,0,,,83/8
1149569,1,16,4,MS Sanjay,K Mani Bharathi,S Mohan Prasath,0,0,0,no run,0,,,83/8
1149569,1,16,5,MS Sanjay,K Mani Bharathi,S Mohan Prasath,6,6,0,six,0,,,89/8
1149569,1,16,6,MS Sanjay,K Mani Bharathi,S Mohan Prasath,0,0,0,no run,0,,,89/8
1149569,1,17,1,K Mani Bharathi,MS Sanjay,R Rajkumar,0,0,0,no run,0,,,89/8
1149569,1,17,2,K Mani Bharathi,MS Sanjay,R Rajkumar,0,0,0,out,1,bowled,K Mani Bharathi,89/9
1149569,1,17,3,Kannan Vignesh,MS Sanjay,R Rajkumar,1,1,0,run,0,,,90/9
1149569,1,17,4,MS Sanjay,Kannan Vignesh,R Rajkumar,6,6,0,six,0,,,96/9
1149569,1,17,5,MS Sanjay,Kannan Vignesh,R Rajkumar,0,0,0,no run,0,,,96/9
1149569,1,17,6,MS Sanjay,Kannan Vignesh,R Rajkumar,1,1,0,run,0,,,97/9
1149569,1,18,1,MS Sanjay,Kannan Vignesh,Vijaykumar Yo Mahesh,0,0,0,no run,0,,,97/9
1149569,1,18,2,MS Sanjay,Kannan Vignesh,Vijaykumar Yo Mahesh,1,1,0,run,0,,,98/9
1149569,1,18,3,Kannan Vignesh,MS Sanjay,Vijaykumar Yo Mahesh,0,0,0,no run,0,,,98/9
1149569,1,18,4,Kannan Vignesh,MS Sanjay,Vijaykumar Yo Mahesh,0,0,0,no run,0,,,98/9
1149569,1,18,5,Kannan Vignesh,MS Sanjay,Vijaykumar Yo Mahesh,0,0,0,no run,0,,,98/9
1149569,1,18,6,Kannan Vignesh,MS Sanjay,Vijaykumar Yo Mahesh,0,0,0,no run,0,,,98/9
1149569,1,19,1,MS Sanjay,Kannan Vignesh,R Rajkumar,4,4,0,four,0,,,102/9
1149569,1,19,2,MS Sanjay,Kannan Vignesh,R Rajkumar,0,0,0,no run,0,,,102/9
1149569,1,19,3,MS Sanjay,Kannan Vignesh,R Rajkumar,1,1,0,run,0,,,103/9
1149569,1,19,4,Kannan Vignesh,MS Sanjay,R Rajkumar,1,1,0,run,0,,,104/9
1149569,1,19,5,MS Sanjay,Kannan Vignesh,R Rajkumar,1,1,0,run,0,,,105/9
1149569,1,19,6,Kannan Vignesh,MS Sanjay,R Rajkumar,0,0,0,no run,0,,,105/9
1149569,1,20,1,MS Sanjay,Kannan Vignesh,Vijaykumar Yo Mahesh,2,2,0,run,0,,,107/9
1149569,1,20,2,MS Sanjay,Kannan Vignesh,Vijaykumar Yo Mahesh,1,1,0,run,0,,,108/9
1149569,1,20,3,Kannan Vignesh,MS Sanjay,Vijaykumar Yo Mahesh,1,1,0,run,0,,,109/9
1149569,1,20,4,MS Sanjay,Kannan Vignesh,Vijaykumar Yo Mahesh,4,4,0,four,0,,,113/9
1149569,1,20,5,MS Sanjay,Kannan Vignesh,Vijaykumar Yo Mahesh,1,1,0,run,1,run out,Kannan Vignesh,114/10
1149569,2,1,1,0,0,Kannan Vignesh,0,0,0,no run,0,,,0/0
1149569,2,1,2,0,0,Kannan Vignesh,0,0,0,no run,0,,,0/0
1149569,2,1,3,0,0,Kannan Vignesh,4,4,0,four,0,,,4/0
1149569,2,1,4,0,0,Kannan Vignesh,0,0,0,no run,0,,,4/0
1149569,2,1,5,0,0,Kannan Vignesh,1,1,0,run,0,,,5/0
1149569,2,1,6,Srikkanth Anirudha,0,Kannan Vignesh,1,1,0,run,0,,,6/0
1149569,2,2,1,Srikkanth Anirudha,0,Chandrasekar Ganapathy,0,0,0,no run,0,,,6/0
1149569,2,2,2,Srikkanth Anirudha,0,Chandrasekar Ganapathy,0,0,0,no run,0,,,6/0
1149569,2,2,3,Srikkanth Anirudha,0,Chandrasekar Ganapathy,2,2,0,run,0,,,8/0
1149569,2,2,4,Srikkanth Anirudha,0,Chandrasekar Ganapathy,0,0,0,no run,0,,,8/0
1149569,2,2,5,Srikkanth Anirudha,0,Chandrasekar Ganapathy,0,0,0,no run,0,,,8/0
1149569,2,2,6,Srikkanth Anirudha,0,Chandrasekar Ganapathy,4,4,0,four,0,,,12/0
1149569,2,3,1,0,Srikkanth Anirudha,Kannan Vignesh,6,6,0,six,0,,,18/0
1149569,2,3,2,0,Srikkanth Anirudha,Kannan Vignesh,0,0,0,no run,0,,,18/0
1149569,2,3,3,0,Srikkanth Anirudha,Kannan Vignesh,0,0,0,no run,0,,,18/0
1149569,2,3,4,0,Srikkanth Anirudha,Kannan Vignesh,6,6,0,six,0,,,24/0
1149569,2,3,5,0,Srikkanth Anirudha,Kannan Vignesh,0,0,0,no run,0,,,24/0
1149569,2,3,6,0,Srikkanth Anirudha,Kannan Vignesh,0,0,0,no run,0,,,24/0
1149569,2,4,1,Srikkanth Anirudha,0,Chandrasekar Ganapathy,4,4,0,four,0,,,28/0
1149569,2,4,2,Srikkanth Anirudha,0,Chandrasekar Ganapathy,0,0,0,no run,0,,,28/0
1149569,2,4,3,Srikkanth Anirudha,0,Chandrasekar Ganapathy,4,4,0,four,0,,,32/0
1149569,2,4,4,Srikkanth Anirudha,0,Chandrasekar Ganapathy,0,0,0,no run,0,,,32/0
1149569,2,4,5,Srikkanth Anirudha,0,Chandrasekar Ganapathy,4,4,0,four,0,,,36/0
1149569,2,4,6,Srikkanth Anirudha,0,Chandrasekar Ganapathy,0,0,0,no run,0,,,36/0
1149569,2,5,1,0,Srikkanth Anirudha,Ramsingh Sonu Yadav,0,0,0,no run,0,,,36/0
1149569,2,5,2,0,Srikkanth Anirudha,Ramsingh Sonu Yadav,0,0,0,no run,0,,,36/0
1149569,2,5,3,0,Srikkanth Anirudha,Ramsingh Sonu Yadav,0,0,0,no run,0,,,36/0
1149569,2,5,4,0,Srikkanth Anirudha,Ramsingh Sonu Yadav,1,1,0,run,0,,,37/0
1149569,2,5,5,Srikkanth Anirudha,0,Ramsingh Sonu Yadav,2,2,0,run,0,,,39/0
1149569,2,5,6,Srikkanth Anirudha,0,Ramsingh Sonu Yadav,6,6,0,six,0,,,45/0
1149569,2,6,1,0,Srikkanth Anirudha,Selvam Suresh Kumar,0,0,0,no run,0,,,45/0
1149569,2,6,2,0,Srikkanth Anirudha,Selvam Suresh Kumar,1,1,0,run,0,,,46/0
1149569,2,6,3,Srikkanth Anirudha,0,Selvam Suresh Kumar,1,1,0,run,0,,,47/0
1149569,2,6,4,0,Srikkanth Anirudha,Selvam Suresh Kumar,0,0,0,out,1,,,47/1
1149569,2,6,5,Maan K Bafna,Srikkanth Anirudha,Selvam Suresh Kumar,0,0,0,no run,0,,,47/1
1149569,2,6,6,Maan K Bafna,Srikkanth Anirudha,Selvam Suresh Kumar,0,0,0,no run,0,,,47/1
1149569,2,7,1,Srikkanth Anirudha,Maan K Bafna,MS Sanjay,1,1,0,run,0,,,48/1
1149569,2,7,2,Maan K Bafna,Srikkanth Anirudha,MS Sanjay,0,0,0,no run,0,,,48/1
1149569,2,7,3,Maan K Bafna,Srikkanth Anirudha,MS Sanjay,0,0,0,no run,0,,,48/1
1149569,2,7,4,Maan K Bafna,Srikkanth Anirudha,MS Sanjay,1,1,0,run,0,,,49/1
1149569,2,7,5,Srikkanth Anirudha,Maan K Bafna,MS Sanjay,1,1,0,run,0,,,50/1
1149569,2,7,6,Maan K Bafna,Srikkanth Anirudha,MS Sanjay,6,6,0,six,0,,,56/1
1149569,2,8,1,Srikkanth Anirudha,Maan K Bafna,Selvam Suresh Kumar,1,1,0,run,0,,,57/1
1149569,2,8,2,Maan K Bafna,Srikkanth Anirudha,Selvam Suresh Kumar,0,0,0,no run,0,,,57/1
1149569,2,8,3,Maan K Bafna,Srikkanth Anirudha,Selvam Suresh Kumar,0,0,0,no run,0,,,57/1
1149569,2,8,4,Maan K Bafna,Srikkanth Anirudha,Selvam Suresh Kumar,0,0,0,no run,0,,,57/1
1149569,2,8,5,Maan K Bafna,Srikkanth Anirudha,Selvam Suresh Kumar,0,0,0,no run,0,,,57/1
1149569,2,8,6,Maan K Bafna,Srikkanth Anirudha,Selvam Suresh Kumar,0,0,0,out,1,caught,Maan K Bafna,57/2
1149569,2,9,1,Srikkanth Anirudha,0,MS Sanjay,1,1,0,run,0,,,58/2
1149569,2,9,2,Laxmesha Suryaprakash,Srikkanth Anirudha,MS Sanjay,1,1,0,run,0,,,59/2
1149569,2,9,3,Srikkanth Anirudha,Laxmesha Suryaprakash,MS Sanjay,4,4,0,four,0,,,63/2
1149569,2,9,4,Srikkanth Anirudha,Laxmesha Suryaprakash,MS Sanjay,1,1,0,run,0,,,64/2
1149569,2,9,5,Laxmesha Suryaprakash,Srikkanth Anirudha,MS Sanjay,0,0,0,no run,0,,,64/2
1149569,2,9,6,Laxmesha Suryaprakash,Srikkanth Anirudha,MS Sanjay,0,0,0,no run,0,,,64/2
1149569,2,10,1,Srikkanth Anirudha,Laxmesha Suryaprakash,Selvam Suresh Kumar,2,2,0,run,0,,,66/2
1149569,2,10,2,Srikkanth Anirudha,Laxmesha Suryaprakash,Selvam Suresh Kumar,0,0,0,no run,0,,,66/2
1149569,2,10,3,Srikkanth Anirudha,Laxmesha Suryaprakash,Selvam Suresh Kumar,0,0,0,no run,0,,,66/2
1149569,2,10,4,Srikkanth Anirudha,Laxmesha Suryaprakash,Selvam Suresh Kumar,1,1,0,run,0,,,67/2
1149569,2,10,5,Laxmesha Suryaprakash,Srikkanth Anirudha,Selvam Suresh Kumar,1,1,0,run,0,,,68/2
1149569,2,10,6,Srikkanth Anirudha,Laxmesha Suryaprakash,Selvam Suresh Kumar,1,1,0,run,0,,,69/2
1149569,2,11,1,Srikkanth Anirudha,Laxmesha Suryaprakash,MS Sanjay,0,0,0,out,1,caught,Srikkanth Anirudha,69/3
1149569,2,11,2,Rajhamany Srinivasan,Laxmesha Suryaprakash,MS Sanjay,1,1,0,run,0,,,70/3
1149569,2,11,3,Laxmesha Suryaprakash,Rajhamany Srinivasan,MS Sanjay,2,2,0,run,0,,,72/3
1149569,2,11,4,Laxmesha Suryaprakash,Rajhamany Srinivasan,MS Sanjay,0,0,0,no run,0,,,72/3
1149569,2,11,5,Laxmesha Suryaprakash,Rajhamany Srinivasan,MS Sanjay,0,0,0,no run,0,,,72/3
1149569,2,11,6,Laxmesha Suryaprakash,Rajhamany Srinivasan,MS Sanjay,1,1,0,run,0,,,73/3
1149569,2,12,1,Laxmesha Suryaprakash,Rajhamany Srinivasan,Kannan Vignesh,1,1,0,run,0,,,74/3
1149569,2,12,2,Rajhamany Srinivasan,Laxmesha Suryaprakash,Kannan Vignesh,0,0,0,no run,0,,,74/3
1149569,2,12,3,Rajhamany Srinivasan,Laxmesha Suryaprakash,Kannan Vignesh,0,0,0,no run,0,,,74/3
1149569,2,12,4,Rajhamany Srinivasan,Laxmesha Suryaprakash,Kannan Vignesh,1,1,0,run,0,,,75/3
1149569,2,12,5,Laxmesha Suryaprakash,Rajhamany Srinivasan,Kannan Vignesh,0,0,0,no run,0,,,75/3
1149569,2,12,6,Laxmesha Suryaprakash,Rajhamany Srinivasan,Kannan Vignesh,0,0,0,no run,0,,,75/3
1149569,2,13,1,Rajhamany Srinivasan,Laxmesha Suryaprakash,Ramsingh Sonu Yadav,0,0,0,out,1,bowled,Rajhamany Srinivasan,75/4
1149569,2,13,2,M Shajahan,Laxmesha Suryaprakash,Ramsingh Sonu Yadav,0,0,0,no run,0,,,75/4
1149569,2,13,3,M Shajahan,Laxmesha Suryaprakash,Ramsingh Sonu Yadav,1,1,0,run,0,,,76/4
1149569,2,13,4,Laxmesha Suryaprakash,M Shajahan,Ramsingh Sonu Yadav,1,1,0,run,0,,,77/4
1149569,2,13,5,M Shajahan,Laxmesha Suryaprakash,Ramsingh Sonu Yadav,1,1,0,run,0,,,78/4
1149569,2,13,6,Laxmesha Suryaprakash,M Shajahan,Ramsingh Sonu Yadav,1,1,0,run,0,,,79/4
1149569,2,14,1,Laxmesha Suryaprakash,M Shajahan,Selvam Suresh Kumar,0,0,0,out,1,leg before wicket,Laxmesha Suryaprakash,79/5
1149569,2,14,2,R Kavin,M Shajahan,Selvam Suresh Kumar,0,0,0,no run,0,,,79/5
1149569,2,14,3,R Kavin,M Shajahan,Selvam Suresh Kumar,4,4,0,four,0,,,83/5
1149569,2,14,4,R Kavin,M Shajahan,Selvam Suresh Kumar,0,0,0,no run,0,,,83/5
1149569,2,14,5,R Kavin,M Shajahan,Selvam Suresh Kumar,0,0,0,no run,0,,,83/5
1149569,2,14,6,R Kavin,M Shajahan,Selvam Suresh Kumar,0,0,0,no run,0,,,83/5
1149569,2,15,1,M Shajahan,R Kavin,Ramsingh Sonu Yadav,6,6,0,six,0,,,89/5
1149569,2,15,2,M Shajahan,R Kavin,Ramsingh Sonu Yadav,0,0,0,out,1,bowled,M Shajahan,89/6
1149569,2,15,3,Vijaykumar Yo Mahesh,R Kavin,Ramsingh Sonu Yadav,1,1,0,run,0,,,90/6
1149569,2,15,4,R Kavin,Vijaykumar Yo Mahesh,Ramsingh Sonu Yadav,0,0,0,no run,0,,,90/6
1149569,2,15,5,R Kavin,Vijaykumar Yo Mahesh,Ramsingh Sonu Yadav,0,0,0,no run,0,,,90/6
1149569,2,15,6,R Kavin,Vijaykumar Yo Mahesh,Ramsingh Sonu Yadav,0,0,0,no run,0,,,90/6
1149569,2,16,1,Vijaykumar Yo Mahesh,R Kavin,MS Sanjay,0,0,0,no run,0,,,90/6
1149569,2,16,2,Vijaykumar Yo Mahesh,R Kavin,MS Sanjay,0,0,0,no run,0,,,90/6
1149569,2,16,3,Vijaykumar Yo Mahesh,R Kavin,MS Sanjay,1,1,0,run,0,,,91/6
1149569,2,16,4,R Kavin,Vijaykumar Yo Mahesh,MS Sanjay,0,0,0,no run,0,,,91/6
1149569,2,16,5,R Kavin,Vijaykumar Yo Mahesh,MS Sanjay,1,1,0,run,0,,,92/6
1149569,2,16,6,Vijaykumar Yo Mahesh,R Kavin,MS Sanjay,0,0,0,out,0,run out,R Kavin,92/6
1149569,2,17,1,Vijaykumar Yo Mahesh,0,Ramsingh Sonu Yadav,0,0,0,no run,0,,,92/6
1149569,2,17,2,Vijaykumar Yo Mahesh,0,Ramsingh Sonu Yadav,4,4,0,four,0,,,96/6
1149569,2,17,3,Vijaykumar Yo Mahesh,0,Ramsingh Sonu Yadav,1,1,0,run,0,,,97/6
1149569,2,17,4,R Rajkumar,Vijaykumar Yo Mahesh,Ramsingh Sonu Yadav,0,0,0,no run,0,,,97/6
1149569,2,17,5,R Rajkumar,Vijaykumar Yo Mahesh,Ramsingh Sonu Yadav,2,2,0,run,0,,,99/6
1149569,2,17,6,R Rajkumar,Vijaykumar Yo Mahesh,Ramsingh Sonu Yadav,2,2,0,run,1,,,101/7
1149569,2,18,1,Vijaykumar Yo Mahesh,R Rajkumar,Chandrasekar Ganapathy,1,1,0,run,0,,,102/7
1149569,2,18,2,R Rajkumar,Vijaykumar Yo Mahesh,Chandrasekar Ganapathy,2,2,0,run,0,,,104/7
1149569,2,18,3,R Rajkumar,Vijaykumar Yo Mahesh,Chandrasekar Ganapathy,1,1,0,run,0,,,105/7
1149569,2,18,4,Vijaykumar Yo Mahesh,R Rajkumar,Chandrasekar Ganapathy,1,1,0,run,0,,,106/7
1149569,2,18,5,R Rajkumar,Vijaykumar Yo Mahesh,Chandrasekar Ganapathy,0,0,0,out,1,caught,R Rajkumar,106/8
1149569,2,18,6,Vijaykumar Yo Mahesh,S Kishan Kumar,Chandrasekar Ganapathy,1,1,0,run,0,,,107/8
1149569,2,19,1,Vijaykumar Yo Mahesh,S Kishan Kumar,Kannan Vignesh,1,1,0,run,0,,,108/8
1149569,2,19,2,S Kishan Kumar,Vijaykumar Yo Mahesh,Kannan Vignesh,0,0,0,no run,0,,,108/8
1149569,2,19,3,S Kishan Kumar,Vijaykumar Yo Mahesh,Kannan Vignesh,0,0,0,no run,0,,,108/8
1149569,2,19,4,S Kishan Kumar,Vijaykumar Yo Mahesh,Kannan Vignesh,0,0,0,no run,0,,,108/8
1149569,2,19,5,S Kishan Kumar,Vijaykumar Yo Mahesh,Kannan Vignesh,4,4,0,four,0,,,112/8
1149569,2,19,6,S Kishan Kumar,Vijaykumar Yo Mahesh,Kannan Vignesh,0,0,0,out,1,bowled,S Kishan Kumar,112/9
1149569,2,20,1,Vijaykumar Yo Mahesh,0,Chandrasekar Ganapathy,0,0,0,no run,0,,,112/9
1149569,2,20,2,Vijaykumar Yo Mahesh,0,Chandrasekar Ganapathy,1,1,0,run,0,,,113/9
1149569,2,20,3,S Mohan Prasath,Vijaykumar Yo Mahesh,Chandrasekar Ganapathy,0,0,0,no run,0,,,113/9
1149569,2,20,4,S Mohan Prasath,Vijaykumar Yo Mahesh,Chandrasekar Ganapathy,1,0,1,leg bye,0,,,114/9
1149569,2,20,5,Vijaykumar Yo Mahesh,S Mohan Prasath,Chandrasekar Ganapathy,1,1,0,run,0,,,115/9
1149570,1,1,1,S Karthik,0,M Ganesh Moorthi,1,1,0,run,0,,,1/0
1149570,1,1,2,Ganga Sridhar Raju,S Karthik,M Ganesh Moorthi,0,0,0,no run,0,,,1/0
1149570,1,1,3,Ganga Sridhar Raju,S Karthik,M Ganesh Moorthi,1,1,0,run,0,,,2/0
1149570,1,1,4,S Karthik,Ganga Sridhar Raju,M Ganesh Moorthi,1,1,0,run,0,,,3/0
1149570,1,1,5,Ganga Sridhar Raju,S Karthik,M Ganesh Moorthi,0,0,0,no run,0,,,3/0
1149570,1,1,6,Ganga Sridhar Raju,S Karthik,M Ganesh Moorthi,0,0,0,no run,0,,,3/0
1149570,1,2,1,S Karthik,Ganga Sridhar Raju,V Athisayaraj Davidson,0,0,0,no run,0,,,3/0
1149570,1,2,2,S Karthik,Ganga Sridhar Raju,V Athisayaraj Davidson,1,1,0,run,0,,,4/0
1149570,1,2,3,Ganga Sridhar Raju,S Karthik,V Athisayaraj Davidson,2,2,0,run,0,,,6/0
1149570,1,2,4,Ganga Sridhar Raju,S Karthik,V Athisayaraj Davidson,1,0,1,wide,0,,,7/0
1149570,1,2,5,Ganga Sridhar Raju,S Karthik,V Athisayaraj Davidson,0,0,0,no run,0,,,7/0
1149570,1,2,6,Ganga Sridhar Raju,S Karthik,V Athisayaraj Davidson,0,0,0,no run,0,,,7/0
1149570,1,2,7,Ganga Sridhar Raju,S Karthik,V Athisayaraj Davidson,4,4,0,four,0,,,11/0
1149570,1,3,1,S Karthik,Ganga Sridhar Raju,M Ganesh Moorthi,0,0,0,no run,0,,,11/0
1149570,1,3,2,S Karthik,Ganga Sridhar Raju,M Ganesh Moorthi,4,4,0,four,0,,,15/0
1149570,1,3,3,S Karthik,Ganga Sridhar Raju,M Ganesh Moorthi,4,4,0,four,0,,,19/0
1149570,1,3,4,S Karthik,Ganga Sridhar Raju,M Ganesh Moorthi,0,0,0,no run,0,,,19/0
1149570,1,3,5,S Karthik,Ganga Sridhar Raju,M Ganesh Moorthi,0,0,0,no run,0,,,19/0
1149570,1,3,6,S Karthik,Ganga Sridhar Raju,M Ganesh Moorthi,0,0,0,no run,0,,,19/0
1149570,1,4,1,Ganga Sridhar Raju,S Karthik,Rajagopal Sathish,0,0,0,no run,0,,,19/0
1149570,1,4,2,Ganga Sridhar Raju,S Karthik,Rajagopal Sathish,1,1,0,run,0,,,20/0
1149570,1,4,3,S Karthik,Ganga Sridhar Raju,Rajagopal Sathish,0,0,0,no run,0,,,20/0
1149570,1,4,4,S Karthik,Ganga Sridhar Raju,Rajagopal Sathish,0,0,0,no run,0,,,20/0
1149570,1,4,5,S Karthik,Ganga Sridhar Raju,Rajagopal Sathish,6,6,0,six,0,,,26/0
1149570,1,4,6,S Karthik,Ganga Sridhar Raju,Rajagopal Sathish,0,0,0,no run,0,,,26/0
1149570,1,5,1,Ganga Sridhar Raju,S Karthik,M Ganesh Moorthi,4,4,0,four,0,,,30/0
1149570,1,5,2,Ganga Sridhar Raju,S Karthik,M Ganesh Moorthi,0,0,0,no run,0,,,30/0
1149570,1,5,3,Ganga Sridhar Raju,S Karthik,M Ganesh Moorthi,0,0,0,no run,0,,,30/0
1149570,1,5,4,Ganga Sridhar Raju,S Karthik,M Ganesh Moorthi,1,1,0,run,0,,,31/0
1149570,1,5,5,S Karthik,Ganga Sridhar Raju,M Ganesh Moorthi,0,0,0,no run,0,,,31/0
1149570,1,5,6,S Karthik,Ganga Sridhar Raju,M Ganesh Moorthi,0,0,0,no run,0,,,31/0
1149570,1,6,1,Ganga Sridhar Raju,S Karthik,Ravisrinivasan Sai Kishore,4,4,0,four,0,,,35/0
1149570,1,6,2,Ganga Sridhar Raju,S Karthik,Ravisrinivasan Sai Kishore,0,0,0,no run,0,,,35/0
1149570,1,6,3,Ganga Sridhar Raju,S Karthik,Ravisrinivasan Sai Kishore,4,4,0,four,0,,,39/0
1149570,1,6,4,Ganga Sridhar Raju,S Karthik,Ravisrinivasan Sai Kishore,0,0,0,no run,0,,,39/0
1149570,1,6,5,Ganga Sridhar Raju,S Karthik,Ravisrinivasan Sai Kishore,2,2,0,run,0,,,41/0
1149570,1,6,6,Ganga Sridhar Raju,S Karthik,Ravisrinivasan Sai Kishore,0,0,0,out,1,caught,Ganga Sridhar Raju,41/1
1149570,1,7,1,S Karthik,0,M Ganesh Moorthi,1,1,0,run,0,,,42/1
1149570,1,7,2,Hari Gopinath,S Karthik,M Ganesh Moorthi,0,0,0,no run,0,,,42/1
1149570,1,7,3,Hari Gopinath,S Karthik,M Ganesh Moorthi,1,1,0,run,0,,,43/1
1149570,1,7,4,S Karthik,Hari Gopinath,M Ganesh Moorthi,1,1,0,run,0,,,44/1
1149570,1,7,5,Hari Gopinath,S Karthik,M Ganesh Moorthi,1,1,0,run,0,,,45/1
1149570,1,7,6,S Karthik,Hari Gopinath,M Ganesh Moorthi,1,1,0,run,0,,,46/1
1149570,1,8,1,S Karthik,Hari Gopinath,Rajamani Jesuraj,4,4,0,four,0,,,50/1
1149570,1,8,2,S Karthik,Hari Gopinath,Rajamani Jesuraj,1,1,0,run,0,,,51/1
1149570,1,8,3,Hari Gopinath,S Karthik,Rajamani Jesuraj,1,1,0,run,0,,,52/1
1149570,1,8,4,S Karthik,Hari Gopinath,Rajamani Jesuraj,4,4,0,four,0,,,56/1
1149570,1,8,5,S Karthik,Hari Gopinath,Rajamani Jesuraj,1,1,0,run,0,,,57/1
1149570,1,8,6,Hari Gopinath,S Karthik,Rajamani Jesuraj,6,6,0,six,0,,,63/1
1149570,1,9,1,S Karthik,Hari Gopinath,Ravisrinivasan Sai Kishore,4,4,0,four,0,,,67/1
1149570,1,9,2,S Karthik,Hari Gopinath,Ravisrinivasan Sai Kishore,1,1,0,run,0,,,68/1
1149570,1,9,3,Hari Gopinath,S Karthik,Ravisrinivasan Sai Kishore,1,1,0,run,0,,,69/1
1149570,1,9,4,S Karthik,Hari Gopinath,Ravisrinivasan Sai Kishore,1,1,0,run,0,,,70/1
1149570,1,9,5,Hari Gopinath,S Karthik,Ravisrinivasan Sai Kishore,1,1,0,run,0,,,71/1
1149570,1,9,6,S Karthik,Hari Gopinath,Ravisrinivasan Sai Kishore,1,1,0,run,0,,,72/1
1149570,1,10,1,S Karthik,Hari Gopinath,Rajagopal Sathish,4,4,0,four,0,,,76/1
1149570,1,10,2,S Karthik,Hari Gopinath,Rajagopal Sathish,1,1,0,run,0,,,77/1
1149570,1,10,3,Hari Gopinath,S Karthik,Rajagopal Sathish,1,1,0,run,0,,,78/1
1149570,1,10,4,S Karthik,Hari Gopinath,Rajagopal Sathish,1,1,0,run,0,,,79/1
1149570,1,10,5,Hari Gopinath,S Karthik,Rajagopal Sathish,4,4,0,four,0,,,83/1
1149570,1,10,6,Hari Gopinath,S Karthik,Rajagopal Sathish,2,2,0,run,0,,,85/1
1149570,1,11,1,S Karthik,Hari Gopinath,Ravisrinivasan Sai Kishore,0,0,0,out,1,caught,S Karthik,85/2
1149570,1,11,2,Hari Gopinath,0,Ravisrinivasan Sai Kishore,1,1,0,run,0,,,86/2
1149570,1,11,3,Murugan Ashwin,Hari Gopinath,Ravisrinivasan Sai Kishore,1,1,0,run,0,,,87/2
1149570,1,11,4,Hari Gopinath,Murugan Ashwin,Ravisrinivasan Sai Kishore,1,1,0,run,0,,,88/2
1149570,1,11,5,Murugan Ashwin,Hari Gopinath,Ravisrinivasan Sai Kishore,1,1,0,run,0,,,89/2
1149570,1,11,6,Hari Gopinath,Murugan Ashwin,Ravisrinivasan Sai Kishore,1,1,0,run,0,,,90/2
1149570,1,12,1,Hari Gopinath,Murugan Ashwin,Malolan Rangarajan,1,1,0,run,0,,,91/2
1149570,1,12,2,Murugan Ashwin,Hari Gopinath,Malolan Rangarajan,1,1,0,run,0,,,92/2
1149570,1,12,3,Hari Gopinath,Murugan Ashwin,Malolan Rangarajan,1,1,0,run,0,,,93/2
1149570,1,12,4,Murugan Ashwin,Hari Gopinath,Malolan Rangarajan,1,1,0,run,0,,,94/2
1149570,1,12,5,Hari Gopinath,Murugan Ashwin,Malolan Rangarajan,1,1,0,run,0,,,95/2
1149570,1,12,6,Murugan Ashwin,Hari Gopinath,Malolan Rangarajan,0,0,0,no run,0,,,95/2
1149570,1,13,1,Hari Gopinath,Murugan Ashwin,Ravisrinivasan Sai Kishore,0,0,0,no run,0,,,95/2
1149570,1,13,2,Hari Gopinath,Murugan Ashwin,Ravisrinivasan Sai Kishore,1,1,0,run,0,,,96/2
1149570,1,13,3,Murugan Ashwin,Hari Gopinath,Ravisrinivasan Sai Kishore,0,0,0,no run,0,,,96/2
1149570,1,13,4,Murugan Ashwin,Hari Gopinath,Ravisrinivasan Sai Kishore,1,1,0,run,0,,,97/2
1149570,1,13,5,Hari Gopinath,Murugan Ashwin,Ravisrinivasan Sai Kishore,1,1,0,run,0,,,98/2
1149570,1,13,6,Murugan Ashwin,Hari Gopinath,Ravisrinivasan Sai Kishore,1,1,0,run,0,,,99/2
1149570,1,14,1,Murugan Ashwin,Hari Gopinath,Malolan Rangarajan,1,1,0,run,0,,,100/2
1149570,1,14,2,Hari Gopinath,Murugan Ashwin,Malolan Rangarajan,1,1,0,run,0,,,101/2
1149570,1,14,3,Murugan Ashwin,Hari Gopinath,Malolan Rangarajan,6,6,0,six,0,,,107/2
1149570,1,14,4,Murugan Ashwin,Hari Gopinath,Malolan Rangarajan,1,1,0,run,0,,,108/2
1149570,1,14,5,Hari Gopinath,Murugan Ashwin,Malolan Rangarajan,1,1,0,run,0,,,109/2
1149570,1,14,6,Murugan Ashwin,Hari Gopinath,Malolan Rangarajan,1,1,0,run,0,,,110/2
1149570,1,15,1,Murugan Ashwin,Hari Gopinath,Rajamani Jesuraj,0,0,0,out,1,caught,Murugan Ashwin,110/3
1149570,1,15,2,Hari Gopinath,0,Rajamani Jesuraj,1,1,0,run,0,,,111/3
1149570,1,15,3,S Harish Kumar,Hari Gopinath,Rajamani Jesuraj,0,0,0,no run,0,,,111/3
1149570,1,15,4,S Harish Kumar,Hari Gopinath,Rajamani Jesuraj,1,1,0,run,0,,,112/3
1149570,1,15,5,Hari Gopinath,S Harish Kumar,Rajamani Jesuraj,4,4,0,four,0,,,116/3
1149570,1,15,6,Hari Gopinath,S Harish Kumar,Rajamani Jesuraj,1,1,0,run,0,,,117/3
1149570,1,16,1,Hari Gopinath,S Harish Kumar,V Athisayaraj Davidson,1,1,0,run,0,,,118/3
1149570,1,16,2,S Harish Kumar,Hari Gopinath,V Athisayaraj Davidson,4,4,0,four,0,,,122/3
1149570,1,16,3,S Harish Kumar,Hari Gopinath,V Athisayaraj Davidson,1,1,0,run,0,,,123/3
1149570,1,16,4,Hari Gopinath,S Harish Kumar,V Athisayaraj Davidson,1,1,0,run,0,,,124/3
1149570,1,16,5,S Harish Kumar,Hari Gopinath,V Athisayaraj Davidson,4,4,0,four,0,,,128/3
1149570,1,16,6,S Harish Kumar,Hari Gopinath,V Athisayaraj Davidson,5,0,5,wide,0,,,133/3
1149570,1,16,7,S Harish Kumar,Hari Gopinath,V Athisayaraj Davidson,1,1,0,run,0,,,134/3
1149570,1,17,1,S Harish Kumar,Hari Gopinath,Rajamani Jesuraj,6,6,0,six,0,,,140/3
1149570,1,17,2,S Harish Kumar,Hari Gopinath,Rajamani Jesuraj,1,1,0,run,0,,,141/3
1149570,1,17,3,Hari Gopinath,S Harish Kumar,Rajamani Jesuraj,1,1,0,run,0,,,142/3
1149570,1,17,4,S Harish Kumar,Hari Gopinath,Rajamani Jesuraj,2,2,0,run,0,,,144/3
1149570,1,17,5,S Harish Kumar,Hari Gopinath,Rajamani Jesuraj,1,0,1,wide,0,,,145/3
1149570,1,17,6,S Harish Kumar,Hari Gopinath,Rajamani Jesuraj,1,1,0,run,0,,,146/3
1149570,1,17,7,Hari Gopinath,S Harish Kumar,Rajamani Jesuraj,1,0,1,leg bye,0,,,147/3
1149570,1,18,1,Hari Gopinath,S Harish Kumar,V Athisayaraj Davidson,0,0,0,no run,0,,,147/3
1149570,1,18,2,Hari Gopinath,S Harish Kumar,V Athisayaraj Davidson,0,0,0,no run,0,,,147/3
1149570,1,18,3,Hari Gopinath,S Harish Kumar,V Athisayaraj Davidson,1,1,0,run,0,,,148/3
1149570,1,18,4,S Harish Kumar,Hari Gopinath,V Athisayaraj Davidson,1,0,1,wide,0,,,149/3
1149570,1,18,5,S Harish Kumar,Hari Gopinath,V Athisayaraj Davidson,6,6,0,six,0,,,155/3
1149570,1,18,6,S Harish Kumar,Hari Gopinath,V Athisayaraj Davidson,1,0,1,wide,0,,,156/3
1149570,1,18,7,S Harish Kumar,Hari Gopinath,V Athisayaraj Davidson,0,0,0,out,1,bowled,S Harish Kumar,156/4
1149570,1,18,8,Uthirasamy Sasidev,Hari Gopinath,V Athisayaraj Davidson,2,2,0,run,0,,,158/4
1149570,1,19,1,Hari Gopinath,Uthirasamy Sasidev,Rajamani Jesuraj,1,1,0,run,0,,,159/4
1149570,1,19,2,Uthirasamy Sasidev,Hari Gopinath,Rajamani Jesuraj,0,0,0,no run,0,,,159/4
1149570,1,19,3,Uthirasamy Sasidev,Hari Gopinath,Rajamani Jesuraj,4,4,0,four,0,,,163/4
1149570,1,19,4,Uthirasamy Sasidev,Hari Gopinath,Rajamani Jesuraj,0,0,0,no run,0,,,163/4
1149570,1,19,5,Uthirasamy Sasidev,Hari Gopinath,Rajamani Jesuraj,0,0,0,no run,0,,,163/4
1149570,1,19,6,Uthirasamy Sasidev,Hari Gopinath,Rajamani Jesuraj,0,0,0,out,1,caught,Uthirasamy Sasidev,163/5
1149570,1,20,1,A Aarif,Hari Gopinath,V Athisayaraj Davidson,1,1,0,run,0,,,164/5
1149570,1,20,2,Hari Gopinath,A Aarif,V Athisayaraj Davidson,1,1,0,run,0,,,165/5
1149570,1,20,3,A Aarif,Hari Gopinath,V Athisayaraj Davidson,1,1,0,run,0,,,166/5
1149570,1,20,4,Hari Gopinath,A Aarif,V Athisayaraj Davidson,1,0,1,leg bye,0,,,167/5
1149570,1,20,5,A Aarif,Hari Gopinath,V Athisayaraj Davidson,0,0,0,no run,0,,,167/5
1149570,1,20,6,A Aarif,Hari Gopinath,V Athisayaraj Davidson,0,0,0,out,1,bowled,A Aarif,167/6
1149570,2,1,1,S Dinesh,0,R Vishaal,1,1,0,run,0,,,1/0
1149570,2,1,2,Kaushik Mohan Gandhi,S Dinesh,R Vishaal,0,0,0,no run,0,,,1/0
1149570,2,1,3,Kaushik Mohan Gandhi,S Dinesh,R Vishaal,1,1,0,run,0,,,2/0
1149570,2,1,4,S Dinesh,Kaushik Mohan Gandhi,R Vishaal,6,6,0,six,0,,,8/0
1149570,2,1,5,S Dinesh,Kaushik Mohan Gandhi,R Vishaal,0,0,0,no run,0,,,8/0
1149570,2,1,6,S Dinesh,Kaushik Mohan Gandhi,R Vishaal,4,4,0,four,0,,,12/0
1149570,2,2,1,Kaushik Mohan Gandhi,S Dinesh,Ramadoss Alexander,4,4,0,four,0,,,16/0
1149570,2,2,2,Kaushik Mohan Gandhi,S Dinesh,Ramadoss Alexander,0,0,0,no run,0,,,16/0
1149570,2,2,3,Kaushik Mohan Gandhi,S Dinesh,Ramadoss Alexander,0,0,0,no run,0,,,16/0
1149570,2,2,4,Kaushik Mohan Gandhi,S Dinesh,Ramadoss Alexander,0,0,0,no run,0,,,16/0
1149570,2,2,5,Kaushik Mohan Gandhi,S Dinesh,Ramadoss Alexander,0,0,0,no run,0,,,16/0
1149570,2,2,6,Kaushik Mohan Gandhi,S Dinesh,Ramadoss Alexander,4,4,0,four,0,,,20/0
1149570,2,3,1,S Dinesh,Kaushik Mohan Gandhi,Murugan Ashwin,0,0,0,no run,0,,,20/0
1149570,2,3,2,S Dinesh,Kaushik Mohan Gandhi,Murugan Ashwin,6,6,0,six,0,,,26/0
1149570,2,3,3,S Dinesh,Kaushik Mohan Gandhi,Murugan Ashwin,1,1,0,run,0,,,27/0
1149570,2,3,4,Kaushik Mohan Gandhi,S Dinesh,Murugan Ashwin,0,0,0,no run,0,,,27/0
1149570,2,3,5,Kaushik Mohan Gandhi,S Dinesh,Murugan Ashwin,0,0,0,no run,0,,,27/0
1149570,2,3,6,Kaushik Mohan Gandhi,S Dinesh,Murugan Ashwin,2,2,0,run,0,,,29/0
1149570,2,4,1,S Dinesh,Kaushik Mohan Gandhi,Ramadoss Alexander,1,0,1,leg bye,0,,,30/0
1149570,2,4,2,Kaushik Mohan Gandhi,S Dinesh,Ramadoss Alexander,1,1,0,run,0,,,31/0
1149570,2,4,3,S Dinesh,Kaushik Mohan Gandhi,Ramadoss Alexander,0,0,0,no run,0,,,31/0
1149570,2,4,4,S Dinesh,Kaushik Mohan Gandhi,Ramadoss Alexander,1,1,0,run,0,,,32/0
1149570,2,4,5,Kaushik Mohan Gandhi,S Dinesh,Ramadoss Alexander,1,1,0,run,0,,,33/0
1149570,2,4,6,S Dinesh,Kaushik Mohan Gandhi,Ramadoss Alexander,6,6,0,six,0,,,39/0
1149570,2,5,1,Kaushik Mohan Gandhi,S Dinesh,R Vishaal,1,1,0,run,0,,,40/0
1149570,2,5,2,S Dinesh,Kaushik Mohan Gandhi,R Vishaal,1,0,1,leg bye,0,,,41/0
1149570,2,5,3,Kaushik Mohan Gandhi,S Dinesh,R Vishaal,4,4,0,four,0,,,45/0
1149570,2,5,4,Kaushik Mohan Gandhi,S Dinesh,R Vishaal,0,0,0,no run,0,,,45/0
1149570,2,5,5,Kaushik Mohan Gandhi,S Dinesh,R Vishaal,2,2,0,run,0,,,47/0
1149570,2,5,6,Kaushik Mohan Gandhi,S Dinesh,R Vishaal,1,1,0,run,0,,,48/0
1149570,2,6,1,Kaushik Mohan Gandhi,S Dinesh,Manimaran Siddharth,1,1,0,run,0,,,49/0
1149570,2,6,2,S Dinesh,Kaushik Mohan Gandhi,Manimaran Siddharth,0,0,0,out,1,caught,S Dinesh,49/1
1149570,2,6,3,Subramanian Anand,Kaushik Mohan Gandhi,Manimaran Siddharth,2,2,0,run,0,,,51/1
1149570,2,6,4,Subramanian Anand,Kaushik Mohan Gandhi,Manimaran Siddharth,1,1,0,run,0,,,52/1
1149570,2,6,5,Kaushik Mohan Gandhi,Subramanian Anand,Manimaran Siddharth,4,4,0,four,0,,,56/1
1149570,2,6,6,Kaushik Mohan Gandhi,Subramanian Anand,Manimaran Siddharth,4,4,0,four,0,,,60/1
1149570,2,7,1,Subramanian Anand,Kaushik Mohan Gandhi,V Arun Kumar,0,0,0,no run,0,,,60/1
1149570,2,7,2,Subramanian Anand,Kaushik Mohan Gandhi,V Arun Kumar,1,1,0,run,0,,,61/1
1149570,2,7,3,Kaushik Mohan Gandhi,Subramanian Anand,V Arun Kumar,0,0,0,no run,0,,,61/1
1149570,2,7,4,Kaushik Mohan Gandhi,Subramanian Anand,V Arun Kumar,1,1,0,run,0,,,62/1
1149570,2,7,5,Subramanian Anand,Kaushik Mohan Gandhi,V Arun Kumar,0,0,0,no run,0,,,62/1
1149570,2,7,6,Subramanian Anand,Kaushik Mohan Gandhi,V Arun Kumar,1,1,0,run,0,,,63/1
1149570,2,8,1,Subramanian Anand,Kaushik Mohan Gandhi,Manimaran Siddharth,1,1,0,run,0,,,64/1
1149570,2,8,2,Kaushik Mohan Gandhi,Subramanian Anand,Manimaran Siddharth,1,1,0,run,0,,,65/1
1149570,2,8,3,Subramanian Anand,Kaushik Mohan Gandhi,Manimaran Siddharth,4,4,0,four,0,,,69/1
1149570,2,8,4,Subramanian Anand,Kaushik Mohan Gandhi,Manimaran Siddharth,1,1,0,run,0,,,70/1
1149570,2,8,5,Kaushik Mohan Gandhi,Subramanian Anand,Manimaran Siddharth,0,0,0,no run,0,,,70/1
1149570,2,8,6,Kaushik Mohan Gandhi,Subramanian Anand,Manimaran Siddharth,1,1,0,run,0,,,71/1
1149570,2,9,1,Kaushik Mohan Gandhi,Subramanian Anand,V Arun Kumar,1,1,0,run,0,,,72/1
1149570,2,9,2,Subramanian Anand,Kaushik Mohan Gandhi,V Arun Kumar,1,1,0,run,0,,,73/1
1149570,2,9,3,Kaushik Mohan Gandhi,Subramanian Anand,V Arun Kumar,1,1,0,run,0,,,74/1
1149570,2,9,4,Subramanian Anand,Kaushik Mohan Gandhi,V Arun Kumar,1,1,0,run,0,,,75/1
1149570,2,9,5,Kaushik Mohan Gandhi,Subramanian Anand,V Arun Kumar,1,1,0,run,0,,,76/1
1149570,2,9,6,Subramanian Anand,Kaushik Mohan Gandhi,V Arun Kumar,0,0,0,no run,0,,,76/1
1149570,2,10,1,Kaushik Mohan Gandhi,Subramanian Anand,Manimaran Siddharth,4,4,0,four,0,,,80/1
1149570,2,10,2,Kaushik Mohan Gandhi,Subramanian Anand,Manimaran Siddharth,1,1,0,run,0,,,81/1
1149570,2,10,3,Subramanian Anand,Kaushik Mohan Gandhi,Manimaran Siddharth,6,6,0,six,0,,,87/1
1149570,2,10,4,Subramanian Anand,Kaushik Mohan Gandhi,Manimaran Siddharth,2,2,0,run,0,,,89/1
1149570,2,10,5,Subramanian Anand,Kaushik Mohan Gandhi,Manimaran Siddharth,1,1,0,run,0,,,90/1
1149570,2,10,6,Kaushik Mohan Gandhi,Subramanian Anand,Manimaran Siddharth,0,0,0,no run,0,,,90/1
1149570,2,11,1,Subramanian Anand,Kaushik Mohan Gandhi,Murugan Ashwin,2,2,0,run,0,,,92/1
1149570,2,11,2,Subramanian Anand,Kaushik Mohan Gandhi,Murugan Ashwin,1,1,0,run,0,,,93/1
1149570,2,11,3,Kaushik Mohan Gandhi,Subramanian Anand,Murugan Ashwin,1,1,0,run,0,,,94/1
1149570,2,11,4,Subramanian Anand,Kaushik Mohan Gandhi,Murugan Ashwin,1,1,0,run,0,,,95/1
1149570,2,11,5,Kaushik Mohan Gandhi,Subramanian Anand,Murugan Ashwin,1,1,0,run,0,,,96/1
1149570,2,11,6,Subramanian Anand,Kaushik Mohan Gandhi,Murugan Ashwin,0,0,0,no run,0,,,96/1
1149570,2,12,1,Kaushik Mohan Gandhi,Subramanian Anand,S Harish Kumar,2,2,0,run,0,,,98/1
1149570,2,12,2,Kaushik Mohan Gandhi,Subramanian Anand,S Harish Kumar,0,0,0,no run,0,,,98/1
1149570,2,12,3,Kaushik Mohan Gandhi,Subramanian Anand,S Harish Kumar,0,0,0,out,1,caught,Kaushik Mohan Gandhi,98/2
1149570,2,12,4,Subramanian Anand,0,S Harish Kumar,4,4,0,four,0,,,102/2
1149570,2,12,5,Subramanian Anand,0,S Harish Kumar,1,1,0,run,0,,,103/2
1149570,2,12,6,S Abishiek,Subramanian Anand,S Harish Kumar,1,1,0,run,0,,,104/2
1149570,2,13,1,S Abishiek,Subramanian Anand,Murugan Ashwin,0,0,0,no run,0,,,104/2
1149570,2,13,2,S Abishiek,Subramanian Anand,Murugan Ashwin,4,4,0,four,0,,,108/2
1149570,2,13,3,S Abishiek,Subramanian Anand,Murugan Ashwin,4,4,0,four,0,,,112/2
1149570,2,13,4,S Abishiek,Subramanian Anand,Murugan Ashwin,6,6,0,six,0,,,118/2
1149570,2,13,5,S Abishiek,Subramanian Anand,Murugan Ashwin,1,1,0,run,0,,,119/2
1149570,2,13,6,Subramanian Anand,S Abishiek,Murugan Ashwin,0,0,0,no run,0,,,119/2
1149570,2,14,1,S Abishiek,Subramanian Anand,S Harish Kumar,1,1,0,run,0,,,120/2
1149570,2,14,2,Subramanian Anand,S Abishiek,S Harish Kumar,1,0,1,wide,0,,,121/2
1149570,2,14,3,Subramanian Anand,S Abishiek,S Harish Kumar,6,6,0,six,0,,,127/2
1149570,2,14,4,Subramanian Anand,S Abishiek,S Harish Kumar,1,1,0,run,0,,,128/2
1149570,2,14,5,S Abishiek,Subramanian Anand,S Harish Kumar,0,0,0,out,1,caught,S Abishiek,128/3
1149570,2,14,6,Rajagopal Sathish,Subramanian Anand,S Harish Kumar,1,1,0,run,0,,,129/3
1149570,2,14,7,Subramanian Anand,Rajagopal Sathish,S Harish Kumar,1,1,0,run,0,,,130/3
1149570,2,15,1,Subramanian Anand,Rajagopal Sathish,V Arun Kumar,1,1,0,run,0,,,131/3
1149570,2,15,2,Rajagopal Sathish,Subramanian Anand,V Arun Kumar,1,1,0,run,0,,,132/3
1149570,2,15,3,Subramanian Anand,Rajagopal Sathish,V Arun Kumar,1,1,0,run,0,,,133/3
1149570,2,15,4,Rajagopal Sathish,Subramanian Anand,V Arun Kumar,1,1,0,run,0,,,134/3
1149570,2,15,5,Subramanian Anand,Rajagopal Sathish,V Arun Kumar,1,1,0,run,0,,,135/3
1149570,2,15,6,Rajagopal Sathish,Subramanian Anand,V Arun Kumar,2,2,0,run,0,,,137/3
1149570,2,16,1,Subramanian Anand,Rajagopal Sathish,Ramadoss Alexander,1,1,0,run,0,,,138/3
1149570,2,16,2,Rajagopal Sathish,Subramanian Anand,Ramadoss Alexander,4,4,0,four,0,,,142/3
1149570,2,16,3,Rajagopal Sathish,Subramanian Anand,Ramadoss Alexander,1,1,0,run,0,,,143/3
1149570,2,16,4,Subramanian Anand,Rajagopal Sathish,Ramadoss Alexander,2,2,0,run,0,,,145/3
1149570,2,16,5,Subramanian Anand,Rajagopal Sathish,Ramadoss Alexander,0,0,0,no run,0,,,145/3
1149570,2,16,6,Subramanian Anand,Rajagopal Sathish,Ramadoss Alexander,1,1,0,run,0,,,146/3
1149570,2,17,1,Subramanian Anand,Rajagopal Sathish,V Arun Kumar,1,1,0,run,0,,,147/3
1149570,2,17,2,Rajagopal Sathish,Subramanian Anand,V Arun Kumar,1,1,0,run,0,,,148/3
1149570,2,17,3,Subramanian Anand,Rajagopal Sathish,V Arun Kumar,1,1,0,run,0,,,149/3
1149570,2,17,4,Rajagopal Sathish,Subramanian Anand,V Arun Kumar,1,0,1,wide,0,,,150/3
1149570,2,17,5,Rajagopal Sathish,Subramanian Anand,V Arun Kumar,4,4,0,four,0,,,154/3
1149570,2,17,6,Rajagopal Sathish,Subramanian Anand,V Arun Kumar,6,6,0,six,0,,,160/3
1149570,2,17,7,Rajagopal Sathish,Subramanian Anand,V Arun Kumar,1,1,0,run,0,,,161/3
1149570,2,18,1,Rajagopal Sathish,Subramanian Anand,S Harish Kumar,4,4,0,four,0,,,165/3
1149570,2,18,2,Rajagopal Sathish,Subramanian Anand,S Harish Kumar,4,4,0,four,0,,,169/3
1149571,1,1,1,Kumaran Bharath Shankar,0,Abhishek Baljeetsingh Tanwar,0,0,0,no run,0,,,0/0
1149571,1,1,2,Kumaran Bharath Shankar,0,Abhishek Baljeetsingh Tanwar,1,1,0,run,0,,,1/0
1149571,1,1,3,K Mani Bharathi,Kumaran Bharath Shankar,Abhishek Baljeetsingh Tanwar,1,1,0,run,0,,,2/0
1149571,1,1,4,Kumaran Bharath Shankar,K Mani Bharathi,Abhishek Baljeetsingh Tanwar,0,0,0,no run,0,,,2/0
1149571,1,1,5,Kumaran Bharath Shankar,K Mani Bharathi,Abhishek Baljeetsingh Tanwar,0,0,0,no run,0,,,2/0
1149571,1,1,6,Kumaran Bharath Shankar,K Mani Bharathi,Abhishek Baljeetsingh Tanwar,4,4,0,four,0,,,6/0
1149571,1,2,1,K Mani Bharathi,Kumaran Bharath Shankar,L Kiran Akash,4,4,0,four,0,,,10/0
1149571,1,2,2,K Mani Bharathi,Kumaran Bharath Shankar,L Kiran Akash,0,0,0,no run,0,,,10/0
1149571,1,2,3,K Mani Bharathi,Kumaran Bharath Shankar,L Kiran Akash,0,0,0,no run,0,,,10/0
1149571,1,2,4,K Mani Bharathi,Kumaran Bharath Shankar,L Kiran Akash,1,1,0,run,0,,,11/0
1149571,1,2,5,Kumaran Bharath Shankar,K Mani Bharathi,L Kiran Akash,0,0,0,no run,0,,,11/0
1149571,1,2,6,Kumaran Bharath Shankar,K Mani Bharathi,L Kiran Akash,0,0,0,no run,0,,,11/0
1149571,1,3,1,K Mani Bharathi,Kumaran Bharath Shankar,Abhishek Baljeetsingh Tanwar,1,1,0,run,0,,,12/0
1149571,1,3,2,Kumaran Bharath Shankar,K Mani Bharathi,Abhishek Baljeetsingh Tanwar,6,6,0,six,0,,,18/0
1149571,1,3,3,Kumaran Bharath Shankar,K Mani Bharathi,Abhishek Baljeetsingh Tanwar,0,0,0,no run,0,,,18/0
1149571,1,3,4,Kumaran Bharath Shankar,K Mani Bharathi,Abhishek Baljeetsingh Tanwar,0,0,0,no run,0,,,18/0
1149571,1,3,5,Kumaran Bharath Shankar,K Mani Bharathi,Abhishek Baljeetsingh Tanwar,4,4,0,four,0,,,22/0
1149571,1,3,6,Kumaran Bharath Shankar,K Mani Bharathi,Abhishek Baljeetsingh Tanwar,0,0,0,no run,0,,,22/0
1149571,1,4,1,K Mani Bharathi,Kumaran Bharath Shankar,Varun Chakravarthy Vinod,4,4,0,four,0,,,26/0
1149571,1,4,2,K Mani Bharathi,Kumaran Bharath Shankar,Varun Chakravarthy Vinod,0,0,0,no run,0,,,26/0
1149571,1,4,3,K Mani Bharathi,Kumaran Bharath Shankar,Varun Chakravarthy Vinod,0,0,0,no run,0,,,26/0
1149571,1,4,4,K Mani Bharathi,Kumaran Bharath Shankar,Varun Chakravarthy Vinod,0,0,0,no run,0,,,26/0
1149571,1,4,5,K Mani Bharathi,Kumaran Bharath Shankar,Varun Chakravarthy Vinod,0,0,0,no run,0,,,26/0
1149571,1,4,6,K Mani Bharathi,Kumaran Bharath Shankar,Varun Chakravarthy Vinod,0,0,0,no run,0,,,26/0
1149571,1,5,1,Kumaran Bharath Shankar,K Mani Bharathi,L Kiran Akash,0,0,0,no run,0,,,26/0
1149571,1,5,2,Kumaran Bharath Shankar,K Mani Bharathi,L Kiran Akash,6,6,0,six,0,,,32/0
1149571,1,5,3,Kumaran Bharath Shankar,K Mani Bharathi,L Kiran Akash,1,1,0,run,0,,,33/0
1149571,1,5,4,K Mani Bharathi,Kumaran Bharath Shankar,L Kiran Akash,0,0,0,no run,0,,,33/0
1149571,1,5,5,K Mani Bharathi,Kumaran Bharath Shankar,L Kiran Akash,1,1,0,run,0,,,34/0
1149571,1,5,6,Kumaran Bharath Shankar,K Mani Bharathi,L Kiran Akash,0,0,0,no run,0,,,34/0
1149571,1,6,1,K Mani Bharathi,Kumaran Bharath Shankar,Varun Chakravarthy Vinod,0,0,0,no run,0,,,34/0
1149571,1,6,2,K Mani Bharathi,Kumaran Bharath Shankar,Varun Chakravarthy Vinod,6,6,0,six,0,,,40/0
1149571,1,6,3,K Mani Bharathi,Kumaran Bharath Shankar,Varun Chakravarthy Vinod,0,0,0,no run,0,,,40/0
1149571,1,6,4,K Mani Bharathi,Kumaran Bharath Shankar,Varun Chakravarthy Vinod,2,2,0,run,0,,,42/0
1149571,1,6,5,K Mani Bharathi,Kumaran Bharath Shankar,Varun Chakravarthy Vinod,0,0,0,no run,0,,,42/0
1149571,1,6,6,K Mani Bharathi,Kumaran Bharath Shankar,Varun Chakravarthy Vinod,4,4,0,four,0,,,46/0
1149571,1,7,1,Kumaran Bharath Shankar,K Mani Bharathi,Jagatheesan Kousik,4,4,0,four,0,,,50/0
1149571,1,7,2,Kumaran Bharath Shankar,K Mani Bharathi,Jagatheesan Kousik,1,1,0,run,0,,,51/0
1149571,1,7,3,K Mani Bharathi,Kumaran Bharath Shankar,Jagatheesan Kousik,0,0,0,no run,0,,,51/0
1149571,1,7,4,K Mani Bharathi,Kumaran Bharath Shankar,Jagatheesan Kousik,4,4,0,four,0,,,55/0
1149571,1,7,5,K Mani Bharathi,Kumaran Bharath Shankar,Jagatheesan Kousik,1,1,0,run,0,,,56/0
1149571,1,7,6,Kumaran Bharath Shankar,K Mani Bharathi,Jagatheesan Kousik,1,1,0,run,0,,,57/0
1149571,1,8,1,Kumaran Bharath Shankar,K Mani Bharathi,Rahil S Shah,0,0,0,no run,0,,,57/0
1149571,1,8,2,Kumaran Bharath Shankar,K Mani Bharathi,Rahil S Shah,0,0,0,no run,0,,,57/0
1149571,1,8,3,Kumaran Bharath Shankar,K Mani Bharathi,Rahil S Shah,1,1,0,run,0,,,58/0
1149571,1,8,4,K Mani Bharathi,Kumaran Bharath Shankar,Rahil S Shah,1,1,0,run,0,,,59/0
1149571,1,8,5,Kumaran Bharath Shankar,K Mani Bharathi,Rahil S Shah,0,0,0,out,1,caught,Kumaran Bharath Shankar,59/1
1149571,1,8,6,Baba Indrajith,K Mani Bharathi,Rahil S Shah,0,0,0,no run,0,,,59/1
1149571,1,9,1,K Mani Bharathi,Baba Indrajith,Ravi Karthikeyan,0,0,0,no run,0,,,59/1
1149571,1,9,2,K Mani Bharathi,Baba Indrajith,Ravi Karthikeyan,0,0,0,no run,0,,,59/1
1149571,1,9,3,K Mani Bharathi,Baba Indrajith,Ravi Karthikeyan,1,1,0,run,0,,,60/1
1149571,1,9,4,Baba Indrajith,K Mani Bharathi,Ravi Karthikeyan,0,0,0,no run,0,,,60/1
1149571,1,9,5,Baba Indrajith,K Mani Bharathi,Ravi Karthikeyan,2,2,0,run,0,,,62/1
1149571,1,9,6,Baba Indrajith,K Mani Bharathi,Ravi Karthikeyan,1,1,0,run,0,,,63/1
1149571,1,10,1,Baba Indrajith,K Mani Bharathi,Rahil S Shah,1,1,0,run,0,,,64/1
1149571,1,10,2,K Mani Bharathi,Baba Indrajith,Rahil S Shah,2,2,0,run,0,,,66/1
1149571,1,10,3,K Mani Bharathi,Baba Indrajith,Rahil S Shah,0,0,0,out,1,leg before wicket,K Mani Bharathi,66/2
1149571,1,10,4,Selvam Suresh Kumar,Baba Indrajith,Rahil S Shah,1,1,0,run,0,,,67/2
1149571,1,10,5,Baba Indrajith,Selvam Suresh Kumar,Rahil S Shah,1,1,0,run,0,,,68/2
1149571,1,10,6,Selvam Suresh Kumar,Baba Indrajith,Rahil S Shah,1,1,0,run,0,,,69/2
1149571,1,11,1,Selvam Suresh Kumar,Baba Indrajith,Ravi Karthikeyan,1,1,0,run,0,,,70/2
1149571,1,11,2,Baba Indrajith,Selvam Suresh Kumar,Ravi Karthikeyan,2,2,0,run,0,,,72/2
1149571,1,11,3,Baba Indrajith,Selvam Suresh Kumar,Ravi Karthikeyan,1,1,0,run,0,,,73/2
1149571,1,11,4,Selvam Suresh Kumar,Baba Indrajith,Ravi Karthikeyan,1,1,0,run,0,,,74/2
1149571,1,11,5,Baba Indrajith,Selvam Suresh Kumar,Ravi Karthikeyan,0,0,0,no run,0,,,74/2
1149571,1,11,6,Baba Indrajith,Selvam Suresh Kumar,Ravi Karthikeyan,1,1,0,run,0,,,75/2
1149571,1,12,1,Baba Indrajith,Selvam Suresh Kumar,Rahil S Shah,0,0,0,no run,0,,,75/2
1149571,1,12,2,Baba Indrajith,Selvam Suresh Kumar,Rahil S Shah,4,4,0,four,0,,,79/2
1149571,1,12,3,Baba Indrajith,Selvam Suresh Kumar,Rahil S Shah,4,4,0,four,0,,,83/2
1149571,1,12,4,Baba Indrajith,Selvam Suresh Kumar,Rahil S Shah,0,0,0,out,1,bowled,Baba Indrajith,83/3
1149571,1,12,5,Sathiamoorty Vasanth Saravanan,Selvam Suresh Kumar,Rahil S Shah,1,1,0,run,0,,,84/3
1149571,1,12,6,Selvam Suresh Kumar,Sathiamoorty Vasanth Saravanan,Rahil S Shah,1,1,0,run,0,,,85/3
1149571,1,13,1,Selvam Suresh Kumar,Sathiamoorty Vasanth Saravanan,L Kiran Akash,1,1,0,run,0,,,86/3
1149571,1,13,2,Sathiamoorty Vasanth Saravanan,Selvam Suresh Kumar,L Kiran Akash,2,2,0,run,0,,,88/3
1149571,1,13,3,Sathiamoorty Vasanth Saravanan,Selvam Suresh Kumar,L Kiran Akash,1,1,0,run,0,,,89/3
1149571,1,13,4,Selvam Suresh Kumar,Sathiamoorty Vasanth Saravanan,L Kiran Akash,1,1,0,run,0,,,90/3
1149571,1,13,5,Sathiamoorty Vasanth Saravanan,Selvam Suresh Kumar,L Kiran Akash,6,6,0,six,0,,,96/3
1149571,1,13,6,Sathiamoorty Vasanth Saravanan,Selvam Suresh Kumar,L Kiran Akash,0,0,0,no run,0,,,96/3
1149571,1,14,1,Selvam Suresh Kumar,Sathiamoorty Vasanth Saravanan,Varun Chakravarthy Vinod,1,1,0,run,0,,,97/3
1149571,1,14,2,Sathiamoorty Vasanth Saravanan,Selvam Suresh Kumar,Varun Chakravarthy Vinod,0,0,0,no run,0,,,97/3
1149571,1,14,3,Sathiamoorty Vasanth Saravanan,Selvam Suresh Kumar,Varun Chakravarthy Vinod,1,1,0,run,0,,,98/3
1149571,1,14,4,Selvam Suresh Kumar,Sathiamoorty Vasanth Saravanan,Varun Chakravarthy Vinod,0,0,0,no run,0,,,98/3
1149571,1,14,5,Selvam Suresh Kumar,Sathiamoorty Vasanth Saravanan,Varun Chakravarthy Vinod,1,1,0,run,0,,,99/3
1149571,1,14,6,Sathiamoorty Vasanth Saravanan,Selvam Suresh Kumar,Varun Chakravarthy Vinod,1,1,0,run,0,,,100/3
1149571,1,15,1,Sathiamoorty Vasanth Saravanan,Selvam Suresh Kumar,Abhishek Baljeetsingh Tanwar,1,1,0,run,0,,,101/3
1149571,1,15,2,Selvam Suresh Kumar,Sathiamoorty Vasanth Saravanan,Abhishek Baljeetsingh Tanwar,4,4,0,four,0,,,105/3
1149571,1,15,3,Selvam Suresh Kumar,Sathiamoorty Vasanth Saravanan,Abhishek Baljeetsingh Tanwar,1,0,1,wide,0,,,106/3
1149571,1,15,4,Selvam Suresh Kumar,Sathiamoorty Vasanth Saravanan,Abhishek Baljeetsingh Tanwar,4,4,0,four,0,,,110/3
1149571,1,15,5,Selvam Suresh Kumar,Sathiamoorty Vasanth Saravanan,Abhishek Baljeetsingh Tanwar,1,1,0,run,0,,,111/3
1149571,1,15,6,Sathiamoorty Vasanth Saravanan,Selvam Suresh Kumar,Abhishek Baljeetsingh Tanwar,1,1,0,run,0,,,112/3
1149571,1,15,7,Selvam Suresh Kumar,Sathiamoorty Vasanth Saravanan,Abhishek Baljeetsingh Tanwar,0,0,0,no run,0,,,112/3
1149571,1,16,1,Sathiamoorty Vasanth Saravanan,Selvam Suresh Kumar,Rahil S Shah,1,1,0,run,0,,,113/3
1149571,1,16,2,Selvam Suresh Kumar,Sathiamoorty Vasanth Saravanan,Rahil S Shah,4,4,0,four,0,,,117/3
1149571,1,16,3,Selvam Suresh Kumar,Sathiamoorty Vasanth Saravanan,Rahil S Shah,1,1,0,run,0,,,118/3
1149571,1,16,4,Sathiamoorty Vasanth Saravanan,Selvam Suresh Kumar,Rahil S Shah,1,1,0,run,0,,,119/3
1149571,1,16,5,Selvam Suresh Kumar,Sathiamoorty Vasanth Saravanan,Rahil S Shah,1,1,0,run,0,,,120/3
1149571,1,16,6,Sathiamoorty Vasanth Saravanan,Selvam Suresh Kumar,Rahil S Shah,1,1,0,run,0,,,121/3
1149571,1,17,1,Sathiamoorty Vasanth Saravanan,Selvam Suresh Kumar,L Kiran Akash,0,0,0,no run,0,,,121/3
1149571,1,17,2,Sathiamoorty Vasanth Saravanan,Selvam Suresh Kumar,L Kiran Akash,0,0,0,no run,0,,,121/3
1149571,1,17,3,Sathiamoorty Vasanth Saravanan,Selvam Suresh Kumar,L Kiran Akash,1,0,1,wide,0,,,122/3
1149571,1,17,4,Sathiamoorty Vasanth Saravanan,Selvam Suresh Kumar,L Kiran Akash,2,2,0,run,0,,,124/3
1149571,1,17,5,Sathiamoorty Vasanth Saravanan,Selvam Suresh Kumar,L Kiran Akash,4,4,0,four,0,,,128/3
1149571,1,17,6,Sathiamoorty Vasanth Saravanan,Selvam Suresh Kumar,L Kiran Akash,6,6,0,six,0,,,134/3
1149571,1,17,7,Sathiamoorty Vasanth Saravanan,Selvam Suresh Kumar,L Kiran Akash,1,1,0,run,0,,,135/3
1149571,1,18,1,Sathiamoorty Vasanth Saravanan,Selvam Suresh Kumar,Varun Chakravarthy Vinod,1,1,0,run,0,,,136/3
1149571,1,18,2,Selvam Suresh Kumar,Sathiamoorty Vasanth Saravanan,Varun Chakravarthy Vinod,0,0,0,no run,0,,,136/3
1149571,1,18,3,Selvam Suresh Kumar,Sathiamoorty Vasanth Saravanan,Varun Chakravarthy Vinod,1,1,0,run,0,,,137/3
1149571,1,18,4,Sathiamoorty Vasanth Saravanan,Selvam Suresh Kumar,Varun Chakravarthy Vinod,1,1,0,run,0,,,138/3
1149571,1,18,5,Selvam Suresh Kumar,Sathiamoorty Vasanth Saravanan,Varun Chakravarthy Vinod,1,1,0,run,0,,,139/3
1149571,1,18,6,Sathiamoorty Vasanth Saravanan,Selvam Suresh Kumar,Varun Chakravarthy Vinod,4,4,0,four,0,,,143/3
1149571,1,19,1,Selvam Suresh Kumar,Sathiamoorty Vasanth Saravanan,Abhishek Baljeetsingh Tanwar,0,0,0,no run,0,,,143/3
1149571,1,19,2,Selvam Suresh Kumar,Sathiamoorty Vasanth Saravanan,Abhishek Baljeetsingh Tanwar,1,1,0,run,0,,,144/3
1149571,1,19,3,Sathiamoorty Vasanth Saravanan,Selvam Suresh Kumar,Abhishek Baljeetsingh Tanwar,0,0,0,no run,0,,,144/3
1149571,1,19,4,Sathiamoorty Vasanth Saravanan,Selvam Suresh Kumar,Abhishek Baljeetsingh Tanwar,2,2,0,run,0,,,146/3
1149571,1,19,5,Sathiamoorty Vasanth Saravanan,Selvam Suresh Kumar,Abhishek Baljeetsingh Tanwar,4,4,0,four,0,,,150/3
1149571,1,19,6,Sathiamoorty Vasanth Saravanan,Selvam Suresh Kumar,Abhishek Baljeetsingh Tanwar,4,4,0,four,0,,,154/3
1149571,1,20,1,Selvam Suresh Kumar,Sathiamoorty Vasanth Saravanan,Jagatheesan Kousik,4,4,0,four,0,,,158/3
1149571,1,20,2,Selvam Suresh Kumar,Sathiamoorty Vasanth Saravanan,Jagatheesan Kousik,4,4,0,four,0,,,162/3
1149571,1,20,3,Selvam Suresh Kumar,Sathiamoorty Vasanth Saravanan,Jagatheesan Kousik,6,6,0,six,0,,,168/3
1149571,1,20,4,Selvam Suresh Kumar,Sathiamoorty Vasanth Saravanan,Jagatheesan Kousik,1,1,0,run,0,,,169/3
1149571,1,20,5,Sathiamoorty Vasanth Saravanan,Selvam Suresh Kumar,Jagatheesan Kousik,6,6,0,six,0,,,175/3
1149571,1,20,6,Sathiamoorty Vasanth Saravanan,Selvam Suresh Kumar,Jagatheesan Kousik,0,0,0,out,1,caught,Sathiamoorty Vasanth Saravanan,175/4
1149571,2,1,1,Konda Bhaskir Arun Karthik,0,Kannan Vignesh,6,6,0,six,0,,,6/0
1149571,2,1,2,Konda Bhaskir Arun Karthik,0,Kannan Vignesh,1,1,0,run,0,,,7/0
1149571,2,1,3,0,Konda Bhaskir Arun Karthik,Kannan Vignesh,1,1,0,run,0,,,8/0
1149571,2,1,4,Konda Bhaskir Arun Karthik,0,Kannan Vignesh,1,1,0,run,0,,,9/0
1149571,2,1,5,0,Konda Bhaskir Arun Karthik,Kannan Vignesh,0,0,0,no run,0,,,9/0
1149571,2,1,6,0,Konda Bhaskir Arun Karthik,Kannan Vignesh,1,1,0,run,0,,,10/0
1149571,2,2,1,0,Konda Bhaskir Arun Karthik,Chandrasekar Ganapathy,0,0,0,no run,0,,,10/0
1149571,2,2,2,0,Konda Bhaskir Arun Karthik,Chandrasekar Ganapathy,0,0,0,no run,0,,,10/0
1149571,2,2,3,0,Konda Bhaskir Arun Karthik,Chandrasekar Ganapathy,4,4,0,four,0,,,14/0
1149571,2,2,4,0,Konda Bhaskir Arun Karthik,Chandrasekar Ganapathy,0,0,0,no run,0,,,14/0
1149571,2,2,5,0,Konda Bhaskir Arun Karthik,Chandrasekar Ganapathy,4,4,0,four,0,,,18/0
1149571,2,2,6,0,Konda Bhaskir Arun Karthik,Chandrasekar Ganapathy,1,1,0,run,0,,,19/0
1149571,2,3,1,0,Konda Bhaskir Arun Karthik,Kannan Vignesh,0,0,0,out,1,,,19/1
1149571,2,3,2,Xavier Thalaivan Sargunam,Konda Bhaskir Arun Karthik,Kannan Vignesh,1,1,0,run,0,,,20/1
1149571,2,3,3,Konda Bhaskir Arun Karthik,Xavier Thalaivan Sargunam,Kannan Vignesh,0,0,0,no run,0,,,20/1
1149571,2,3,4,Konda Bhaskir Arun Karthik,Xavier Thalaivan Sargunam,Kannan Vignesh,4,4,0,four,0,,,24/1
1149571,2,3,5,Konda Bhaskir Arun Karthik,Xavier Thalaivan Sargunam,Kannan Vignesh,0,0,0,no run,0,,,24/1
1149571,2,3,6,Konda Bhaskir Arun Karthik,Xavier Thalaivan Sargunam,Kannan Vignesh,1,1,0,run,0,,,25/1
1149571,2,4,1,Konda Bhaskir Arun Karthik,Xavier Thalaivan Sargunam,MS Sanjay,2,2,0,run,0,,,27/1
1149571,2,4,2,Konda Bhaskir Arun Karthik,Xavier Thalaivan Sargunam,MS Sanjay,1,1,0,run,0,,,28/1
1149571,2,4,3,Xavier Thalaivan Sargunam,Konda Bhaskir Arun Karthik,MS Sanjay,4,4,0,four,0,,,32/1
1149571,2,4,4,Xavier Thalaivan Sargunam,Konda Bhaskir Arun Karthik,MS Sanjay,4,4,0,four,0,,,36/1
1149571,2,4,5,Xavier Thalaivan Sargunam,Konda Bhaskir Arun Karthik,MS Sanjay,0,0,0,no run,0,,,36/1
1149571,2,4,6,Xavier Thalaivan Sargunam,Konda Bhaskir Arun Karthik,MS Sanjay,0,0,0,no run,0,,,36/1
1149571,2,5,1,Konda Bhaskir Arun Karthik,Xavier Thalaivan Sargunam,Ramsingh Sonu Yadav,0,0,0,no run,0,,,36/1
1149571,2,5,2,Konda Bhaskir Arun Karthik,Xavier Thalaivan Sargunam,Ramsingh Sonu Yadav,4,4,0,four,0,,,40/1
1149571,2,5,3,Konda Bhaskir Arun Karthik,Xavier Thalaivan Sargunam,Ramsingh Sonu Yadav,1,1,0,run,0,,,41/1
1149571,2,5,4,Xavier Thalaivan Sargunam,Konda Bhaskir Arun Karthik,Ramsingh Sonu Yadav,4,4,0,four,0,,,45/1
1149571,2,5,5,Xavier Thalaivan Sargunam,Konda Bhaskir Arun Karthik,Ramsingh Sonu Yadav,1,1,0,run,0,,,46/1
1149571,2,5,6,Konda Bhaskir Arun Karthik,Xavier Thalaivan Sargunam,Ramsingh Sonu Yadav,0,0,0,no run,0,,,46/1
1149571,2,6,1,Xavier Thalaivan Sargunam,Konda Bhaskir Arun Karthik,Selvam Suresh Kumar,0,0,0,no run,0,,,46/1
1149571,2,6,2,Xavier Thalaivan Sargunam,Konda Bhaskir Arun Karthik,Selvam Suresh Kumar,0,0,0,no run,0,,,46/1
1149571,2,6,3,Xavier Thalaivan Sargunam,Konda Bhaskir Arun Karthik,Selvam Suresh Kumar,6,6,0,six,0,,,52/1
1149571,2,6,4,Xavier Thalaivan Sargunam,Konda Bhaskir Arun Karthik,Selvam Suresh Kumar,1,1,0,run,0,,,53/1
1149571,2,6,5,Konda Bhaskir Arun Karthik,Xavier Thalaivan Sargunam,Selvam Suresh Kumar,4,4,0,four,0,,,57/1
1149571,2,6,6,Konda Bhaskir Arun Karthik,Xavier Thalaivan Sargunam,Selvam Suresh Kumar,1,1,0,run,0,,,58/1
1149571,2,7,1,Konda Bhaskir Arun Karthik,Xavier Thalaivan Sargunam,MS Sanjay,1,1,0,run,0,,,59/1
1149571,2,7,2,Xavier Thalaivan Sargunam,Konda Bhaskir Arun Karthik,MS Sanjay,6,6,0,six,0,,,65/1
1149571,2,7,3,Xavier Thalaivan Sargunam,Konda Bhaskir Arun Karthik,MS Sanjay,0,0,0,no run,0,,,65/1
1149571,2,7,4,Xavier Thalaivan Sargunam,Konda Bhaskir Arun Karthik,MS Sanjay,6,6,0,six,0,,,71/1
1149571,2,7,5,Xavier Thalaivan Sargunam,Konda Bhaskir Arun Karthik,MS Sanjay,6,6,0,six,0,,,77/1
1149571,2,7,6,Xavier Thalaivan Sargunam,Konda Bhaskir Arun Karthik,MS Sanjay,1,1,0,run,0,,,78/1
1149571,2,8,1,Xavier Thalaivan Sargunam,Konda Bhaskir Arun Karthik,M Lakshmi Narayanan,0,0,0,no run,0,,,78/1
1149571,2,8,2,Xavier Thalaivan Sargunam,Konda Bhaskir Arun Karthik,M Lakshmi Narayanan,4,4,0,four,0,,,82/1
1149571,2,8,3,Xavier Thalaivan Sargunam,Konda Bhaskir Arun Karthik,M Lakshmi Narayanan,1,1,0,run,0,,,83/1
1149571,2,8,4,Konda Bhaskir Arun Karthik,Xavier Thalaivan Sargunam,M Lakshmi Narayanan,1,1,0,run,0,,,84/1
1149571,2,8,5,Xavier Thalaivan Sargunam,Konda Bhaskir Arun Karthik,M Lakshmi Narayanan,0,0,0,no run,0,,,84/1
1149571,2,8,6,Xavier Thalaivan Sargunam,Konda Bhaskir Arun Karthik,M Lakshmi Narayanan,1,1,0,run,0,,,85/1
1149571,2,9,1,Xavier Thalaivan Sargunam,Konda Bhaskir Arun Karthik,Ramsingh Sonu Yadav,1,1,0,run,0,,,86/1
1149571,2,9,2,Konda Bhaskir Arun Karthik,Xavier Thalaivan Sargunam,Ramsingh Sonu Yadav,1,1,0,run,0,,,87/1
1149571,2,9,3,Xavier Thalaivan Sargunam,Konda Bhaskir Arun Karthik,Ramsingh Sonu Yadav,1,1,0,run,0,,,88/1
1149571,2,9,4,Konda Bhaskir Arun Karthik,Xavier Thalaivan Sargunam,Ramsingh Sonu Yadav,1,1,0,run,0,,,89/1
1149571,2,9,5,Xavier Thalaivan Sargunam,Konda Bhaskir Arun Karthik,Ramsingh Sonu Yadav,1,1,0,run,0,,,90/1
1149571,2,9,6,Konda Bhaskir Arun Karthik,Xavier Thalaivan Sargunam,Ramsingh Sonu Yadav,6,6,0,six,0,,,96/1
1149571,2,10,1,Xavier Thalaivan Sargunam,Konda Bhaskir Arun Karthik,M Lakshmi Narayanan,1,1,0,run,0,,,97/1
1149571,2,10,2,Konda Bhaskir Arun Karthik,Xavier Thalaivan Sargunam,M Lakshmi Narayanan,0,0,0,no run,0,,,97/1
1149571,2,10,3,Konda Bhaskir Arun Karthik,Xavier Thalaivan Sargunam,M Lakshmi Narayanan,6,6,0,six,0,,,103/1
1149571,2,10,4,Konda Bhaskir Arun Karthik,Xavier Thalaivan Sargunam,M Lakshmi Narayanan,1,1,0,run,0,,,104/1
1149571,2,10,5,Xavier Thalaivan Sargunam,Konda Bhaskir Arun Karthik,M Lakshmi Narayanan,1,1,0,run,0,,,105/1
1149571,2,10,6,Konda Bhaskir Arun Karthik,Xavier Thalaivan Sargunam,M Lakshmi Narayanan,1,1,0,run,0,,,106/1
1149571,2,11,1,Konda Bhaskir Arun Karthik,Xavier Thalaivan Sargunam,Ramsingh Sonu Yadav,1,1,0,run,0,,,107/1
1149571,2,11,2,Xavier Thalaivan Sargunam,Konda Bhaskir Arun Karthik,Ramsingh Sonu Yadav,6,6,0,six,0,,,113/1
1149571,2,11,3,Xavier Thalaivan Sargunam,Konda Bhaskir Arun Karthik,Ramsingh Sonu Yadav,6,6,0,six,0,,,119/1
1149571,2,11,4,Xavier Thalaivan Sargunam,Konda Bhaskir Arun Karthik,Ramsingh Sonu Yadav,0,0,0,no run,0,,,119/1
1149571,2,11,5,Xavier Thalaivan Sargunam,Konda Bhaskir Arun Karthik,Ramsingh Sonu Yadav,0,0,0,no run,0,,,119/1
1149571,2,11,6,Xavier Thalaivan Sargunam,Konda Bhaskir Arun Karthik,Ramsingh Sonu Yadav,1,1,0,run,0,,,120/1
1149571,2,12,1,Xavier Thalaivan Sargunam,Konda Bhaskir Arun Karthik,Kannan Vignesh,1,1,0,run,0,,,121/1
1149571,2,12,2,Konda Bhaskir Arun Karthik,Xavier Thalaivan Sargunam,Kannan Vignesh,0,0,0,no run,0,,,121/1
1149571,2,12,3,Konda Bhaskir Arun Karthik,Xavier Thalaivan Sargunam,Kannan Vignesh,1,1,0,run,0,,,122/1
1149571,2,12,4,Xavier Thalaivan Sargunam,Konda Bhaskir Arun Karthik,Kannan Vignesh,4,4,0,four,0,,,126/1
1149571,2,12,5,Xavier Thalaivan Sargunam,Konda Bhaskir Arun Karthik,Kannan Vignesh,0,0,0,no run,0,,,126/1
1149571,2,12,6,Xavier Thalaivan Sargunam,Konda Bhaskir Arun Karthik,Kannan Vignesh,1,1,0,run,0,,,127/1
1149571,2,13,1,Xavier Thalaivan Sargunam,Konda Bhaskir Arun Karthik,Chandrasekar Ganapathy,0,0,0,out,1,caught,Xavier Thalaivan Sargunam,127/2
1149571,2,13,2,Konda Bhaskir Arun Karthik,0,Chandrasekar Ganapathy,1,0,1,bye,0,,,128/2
1149571,2,13,3,Poovathinga Shijit Chandran,Konda Bhaskir Arun Karthik,Chandrasekar Ganapathy,0,0,0,no run,0,,,128/2
1149571,2,13,4,Poovathinga Shijit Chandran,Konda Bhaskir Arun Karthik,Chandrasekar Ganapathy,1,1,0,run,0,,,129/2
1149571,2,13,5,Konda Bhaskir Arun Karthik,Poovathinga Shijit Chandran,Chandrasekar Ganapathy,6,6,0,six,0,,,135/2
1149571,2,13,6,Konda Bhaskir Arun Karthik,Poovathinga Shijit Chandran,Chandrasekar Ganapathy,1,1,0,run,0,,,136/2
1149571,2,14,1,Konda Bhaskir Arun Karthik,Poovathinga Shijit Chandran,MS Sanjay,4,4,0,four,0,,,140/2
1149571,2,14,2,Konda Bhaskir Arun Karthik,Poovathinga Shijit Chandran,MS Sanjay,1,1,0,run,0,,,141/2
1149571,2,14,3,Poovathinga Shijit Chandran,Konda Bhaskir Arun Karthik,MS Sanjay,0,0,0,no run,0,,,141/2
1149571,2,14,4,Poovathinga Shijit Chandran,Konda Bhaskir Arun Karthik,MS Sanjay,1,1,0,run,0,,,142/2
1149571,2,14,5,Konda Bhaskir Arun Karthik,Poovathinga Shijit Chandran,MS Sanjay,1,1,0,run,0,,,143/2
1149571,2,14,6,Poovathinga Shijit Chandran,Konda Bhaskir Arun Karthik,MS Sanjay,0,0,0,no run,0,,,143/2
1149571,2,15,1,Konda Bhaskir Arun Karthik,Poovathinga Shijit Chandran,Chandrasekar Ganapathy,1,1,0,run,0,,,144/2
1149571,2,15,2,Poovathinga Shijit Chandran,Konda Bhaskir Arun Karthik,Chandrasekar Ganapathy,0,0,0,out,1,bowled,Poovathinga Shijit Chandran,144/3
1149571,2,15,3,Jagatheesan Kousik,Konda Bhaskir Arun Karthik,Chandrasekar Ganapathy,1,1,0,run,0,,,145/3
1149571,2,15,4,Konda Bhaskir Arun Karthik,Jagatheesan Kousik,Chandrasekar Ganapathy,6,6,0,six,0,,,151/3
1149571,2,15,5,Konda Bhaskir Arun Karthik,Jagatheesan Kousik,Chandrasekar Ganapathy,1,1,0,run,0,,,152/3
1149571,2,15,6,Jagatheesan Kousik,Konda Bhaskir Arun Karthik,Chandrasekar Ganapathy,2,2,0,run,0,,,154/3
1149571,2,16,1,Konda Bhaskir Arun Karthik,Jagatheesan Kousik,Kannan Vignesh,1,1,0,run,0,,,155/3
1149571,2,16,2,Jagatheesan Kousik,Konda Bhaskir Arun Karthik,Kannan Vignesh,1,1,0,run,0,,,156/3
1149571,2,16,3,Konda Bhaskir Arun Karthik,Jagatheesan Kousik,Kannan Vignesh,1,1,0,run,0,,,157/3
1149571,2,16,4,Jagatheesan Kousik,Konda Bhaskir Arun Karthik,Kannan Vignesh,1,1,0,run,0,,,158/3
1149571,2,16,5,Konda Bhaskir Arun Karthik,Jagatheesan Kousik,Kannan Vignesh,4,4,0,four,0,,,162/3
1149571,2,16,6,Konda Bhaskir Arun Karthik,Jagatheesan Kousik,Kannan Vignesh,1,1,0,run,0,,,163/3
1149571,2,17,1,Konda Bhaskir Arun Karthik,Jagatheesan Kousik,M Lakshmi Narayanan,1,1,0,run,0,,,164/3
1149571,2,17,2,Jagatheesan Kousik,Konda Bhaskir Arun Karthik,M Lakshmi Narayanan,1,0,1,wide,0,,,165/3
1149571,2,17,3,Jagatheesan Kousik,Konda Bhaskir Arun Karthik,M Lakshmi Narayanan,4,4,0,four,0,,,169/3
1149571,2,17,4,Jagatheesan Kousik,Konda Bhaskir Arun Karthik,M Lakshmi Narayanan,0,0,0,out,1,caught,Jagatheesan Kousik,169/4
1149571,2,17,5,Abhishek Baljeetsingh Tanwar,Konda Bhaskir Arun Karthik,M Lakshmi Narayanan,1,1,0,run,0,,,170/4
1149571,2,17,6,Konda Bhaskir Arun Karthik,Abhishek Baljeetsingh Tanwar,M Lakshmi Narayanan,2,2,0,run,0,,,172/4
1149571,2,17,7,Konda Bhaskir Arun Karthik,Abhishek Baljeetsingh Tanwar,M Lakshmi Narayanan,1,1,0,run,0,,,173/4
1149571,2,18,1,Konda Bhaskir Arun Karthik,Abhishek Baljeetsingh Tanwar,MS Sanjay,1,1,0,run,0,,,174/4
1149571,2,18,2,Abhishek Baljeetsingh Tanwar,Konda Bhaskir Arun Karthik,MS Sanjay,0,0,0,no run,0,,,174/4
1149571,2,18,3,Abhishek Baljeetsingh Tanwar,Konda Bhaskir Arun Karthik,MS Sanjay,0,0,0,out,1,caught,Abhishek Baljeetsingh Tanwar,174/5
1149571,2,18,4,R Nilesh Subramanian,Konda Bhaskir Arun Karthik,MS Sanjay,0,0,0,no run,0,,,174/5
1149571,2,18,5,R Nilesh Subramanian,Konda Bhaskir Arun Karthik,MS Sanjay,0,0,0,no run,0,,,174/5
1149571,2,18,6,R Nilesh Subramanian,Konda Bhaskir Arun Karthik,MS Sanjay,0,0,0,no run,0,,,174/5
1149571,2,19,1,Konda Bhaskir Arun Karthik,R Nilesh Subramanian,M Lakshmi Narayanan,1,1,0,run,0,,,175/5
1149571,2,19,2,R Nilesh Subramanian,Konda Bhaskir Arun Karthik,M Lakshmi Narayanan,1,1,0,run,0,,,176/5
1149572,1,1,1,S Siddharth,0,Krishnamoorthy Vignesh,0,0,0,no run,0,,,0/0
1149572,1,1,2,S Siddharth,0,Krishnamoorthy Vignesh,0,0,0,no run,0,,,0/0
1149572,1,1,3,S Siddharth,0,Krishnamoorthy Vignesh,1,1,0,run,0,,,1/0
1149572,1,1,4,S Arun,S Siddharth,Krishnamoorthy Vignesh,1,1,0,run,0,,,2/0
1149572,1,1,5,S Siddharth,S Arun,Krishnamoorthy Vignesh,1,0,1,wide,0,,,3/0
1149572,1,1,6,S Siddharth,S Arun,Krishnamoorthy Vignesh,4,4,0,four,0,,,7/0
1149572,1,1,7,S Siddharth,S Arun,Krishnamoorthy Vignesh,0,0,0,no run,0,,,7/0
1149572,1,2,1,S Arun,S Siddharth, Sriram Ajith Ram,1,1,0,run,0,,,8/0
1149572,1,2,2,S Siddharth,S Arun, Sriram Ajith Ram,4,4,0,four,0,,,12/0
1149572,1,2,3,S Siddharth,S Arun, Sriram Ajith Ram,0,0,0,no run,0,,,12/0
1149572,1,2,4,S Siddharth,S Arun, Sriram Ajith Ram,0,0,0,out,1,caught,S Siddharth,12/1
1149572,1,2,5,K Deeban Lingesh,S Arun, Sriram Ajith Ram,0,0,0,no run,0,,,12/1
1149572,1,2,6,K Deeban Lingesh,S Arun, Sriram Ajith Ram,0,0,0,no run,0,,,12/1
1149572,1,3,1,S Arun,K Deeban Lingesh,Krishnamoorthy Vignesh,1,1,0,run,0,,,13/1
1149572,1,3,2,K Deeban Lingesh,S Arun,Krishnamoorthy Vignesh,0,0,0,no run,0,,,13/1
1149572,1,3,3,K Deeban Lingesh,S Arun,Krishnamoorthy Vignesh,1,1,0,run,0,,,14/1
1149572,1,3,4,S Arun,K Deeban Lingesh,Krishnamoorthy Vignesh,0,0,0,no run,0,,,14/1
1149572,1,3,5,S Arun,K Deeban Lingesh,Krishnamoorthy Vignesh,1,1,0,run,0,,,15/1
1149572,1,3,6,K Deeban Lingesh,S Arun,Krishnamoorthy Vignesh,1,1,0,run,0,,,16/1
1149572,1,4,1,K Deeban Lingesh,S Arun, Sriram Ajith Ram,0,0,0,no run,0,,,16/1
1149572,1,4,2,K Deeban Lingesh,S Arun, Sriram Ajith Ram,1,1,0,run,0,,,17/1
1149572,1,4,3,S Arun,K Deeban Lingesh, Sriram Ajith Ram,0,0,0,no run,0,,,17/1
1149572,1,4,4,S Arun,K Deeban Lingesh, Sriram Ajith Ram,0,0,0,no run,0,,,17/1
1149572,1,4,5,S Arun,K Deeban Lingesh, Sriram Ajith Ram,0,0,0,no run,0,,,17/1
1149572,1,4,6,S Arun,K Deeban Lingesh, Sriram Ajith Ram,4,4,0,four,0,,,21/1
1149572,1,5,1,K Deeban Lingesh,S Arun,S Manigandan,0,0,0,no run,0,,,21/1
1149572,1,5,2,K Deeban Lingesh,S Arun,S Manigandan,0,0,0,no run,0,,,21/1
1149572,1,5,3,K Deeban Lingesh,S Arun,S Manigandan,1,1,0,run,0,,,22/1
1149572,1,5,4,S Arun,K Deeban Lingesh,S Manigandan,1,1,0,run,0,,,23/1
1149572,1,5,5,K Deeban Lingesh,S Arun,S Manigandan,4,4,0,four,0,,,27/1
1149572,1,5,6,K Deeban Lingesh,S Arun,S Manigandan,0,0,0,no run,0,,,27/1
1149572,1,6,1,S Arun,K Deeban Lingesh,Thangarasu Natarajan,0,0,0,no run,0,,,27/1
1149572,1,6,2,S Arun,K Deeban Lingesh,Thangarasu Natarajan,0,0,0,no run,0,,,27/1
1149572,1,6,3,S Arun,K Deeban Lingesh,Thangarasu Natarajan,1,0,1,bye,0,,,28/1
1149572,1,6,4,K Deeban Lingesh,S Arun,Thangarasu Natarajan,0,0,0,no run,0,,,28/1
1149572,1,6,5,K Deeban Lingesh,S Arun,Thangarasu Natarajan,0,0,0,no run,0,,,28/1
1149572,1,6,6,K Deeban Lingesh,S Arun,Thangarasu Natarajan,0,0,0,no run,0,,,28/1
1149572,1,7,1,S Arun,K Deeban Lingesh,M Prasanth Rajesh,1,0,1,wide,0,,,29/1
1149572,1,7,2,S Arun,K Deeban Lingesh,M Prasanth Rajesh,0,0,0,no run,0,,,29/1
1149572,1,7,3,S Arun,K Deeban Lingesh,M Prasanth Rajesh,1,1,0,run,0,,,30/1
1149572,1,7,4,K Deeban Lingesh,S Arun,M Prasanth Rajesh,1,1,0,run,0,,,31/1
1149572,1,7,5,S Arun,K Deeban Lingesh,M Prasanth Rajesh,6,6,0,six,0,,,37/1
1149572,1,7,6,S Arun,K Deeban Lingesh,M Prasanth Rajesh,1,1,0,run,0,,,38/1
1149572,1,7,7,K Deeban Lingesh,S Arun,M Prasanth Rajesh,0,0,0,no run,0,,,38/1
1149572,1,8,1,S Arun,K Deeban Lingesh,Wenseslaus Antony Dhas,1,1,0,run,0,,,39/1
1149572,1,8,2,K Deeban Lingesh,S Arun,Wenseslaus Antony Dhas,1,1,0,run,0,,,40/1
1149572,1,8,3,S Arun,K Deeban Lingesh,Wenseslaus Antony Dhas,1,0,1,wide,0,,,41/1
1149572,1,8,4,S Arun,K Deeban Lingesh,Wenseslaus Antony Dhas,1,1,0,run,0,,,42/1
1149572,1,8,5,K Deeban Lingesh,S Arun,Wenseslaus Antony Dhas,6,6,0,six,0,,,48/1
1149572,1,8,6,K Deeban Lingesh,S Arun,Wenseslaus Antony Dhas,0,0,0,out,1,leg before wicket,K Deeban Lingesh,48/2
1149572,1,8,7,Baba Aparajith,S Arun,Wenseslaus Antony Dhas,0,0,0,no run,0,,,48/2
1149572,1,9,1,S Arun,Baba Aparajith,M Prasanth Rajesh,1,1,0,run,0,,,49/2
1149572,1,9,2,Baba Aparajith,S Arun,M Prasanth Rajesh,1,1,0,run,0,,,50/2
1149572,1,9,3,S Arun,Baba Aparajith,M Prasanth Rajesh,0,0,0,no run,0,,,50/2
1149572,1,9,4,S Arun,Baba Aparajith,M Prasanth Rajesh,4,4,0,four,0,,,54/2
1149572,1,9,5,S Arun,Baba Aparajith,M Prasanth Rajesh,1,1,0,run,0,,,55/2
1149572,1,9,6,Baba Aparajith,S Arun,M Prasanth Rajesh,1,1,0,run,0,,,56/2
1149572,1,10,1,Baba Aparajith,S Arun,Thangarasu Natarajan,1,1,0,run,0,,,57/2
1149572,1,10,2,S Arun,Baba Aparajith,Thangarasu Natarajan,0,0,0,no run,0,,,57/2
1149572,1,10,3,S Arun,Baba Aparajith,Thangarasu Natarajan,0,0,0,no run,0,,,57/2
1149572,1,10,4,S Arun,Baba Aparajith,Thangarasu Natarajan,0,0,0,no run,0,,,57/2
1149572,1,10,5,S Arun,Baba Aparajith,Thangarasu Natarajan,0,0,0,no run,0,,,57/2
1149572,1,10,6,S Arun,Baba Aparajith,Thangarasu Natarajan,0,0,0,no run,0,,,57/2
1149572,1,11,1,Baba Aparajith,S Arun,Krishnamoorthy Vignesh,0,0,0,no run,0,,,57/2
1149572,1,11,2,Baba Aparajith,S Arun,Krishnamoorthy Vignesh,0,0,0,no run,0,,,57/2
1149572,1,11,3,Baba Aparajith,S Arun,Krishnamoorthy Vignesh,1,1,0,run,0,,,58/2
1149572,1,11,4,S Arun,Baba Aparajith,Krishnamoorthy Vignesh,4,4,0,four,0,,,62/2
1149572,1,11,5,S Arun,Baba Aparajith,Krishnamoorthy Vignesh,0,0,0,out,1,caught,S Arun,62/3
1149572,1,11,6,Ramsingh  Sanjay Yadav,Baba Aparajith,Krishnamoorthy Vignesh,0,0,0,no run,0,,,62/3
1149572,1,12,1,Baba Aparajith,Ramsingh  Sanjay Yadav, Sriram Ajith Ram,1,1,0,run,0,,,63/3
1149572,1,12,2,Ramsingh  Sanjay Yadav,Baba Aparajith, Sriram Ajith Ram,0,0,0,no run,0,,,63/3
1149572,1,12,3,Ramsingh  Sanjay Yadav,Baba Aparajith, Sriram Ajith Ram,0,0,0,no run,0,,,63/3
1149572,1,12,4,Ramsingh  Sanjay Yadav,Baba Aparajith, Sriram Ajith Ram,1,1,0,run,0,,,64/3
1149572,1,12,5,Baba Aparajith,Ramsingh  Sanjay Yadav, Sriram Ajith Ram,0,0,0,no run,0,,,64/3
1149572,1,12,6,Baba Aparajith,Ramsingh  Sanjay Yadav, Sriram Ajith Ram,1,1,0,run,0,,,65/3
1149572,1,13,1,Baba Aparajith,Ramsingh  Sanjay Yadav,Wenseslaus Antony Dhas,1,0,1,leg bye,0,,,66/3
1149572,1,13,2,Ramsingh  Sanjay Yadav,Baba Aparajith,Wenseslaus Antony Dhas,0,0,0,no run,0,,,66/3
1149572,1,13,3,Ramsingh  Sanjay Yadav,Baba Aparajith,Wenseslaus Antony Dhas,1,0,1,leg bye,0,,,67/3
1149572,1,13,4,Baba Aparajith,Ramsingh  Sanjay Yadav,Wenseslaus Antony Dhas,4,4,0,four,0,,,71/3
1149572,1,13,5,Baba Aparajith,Ramsingh  Sanjay Yadav,Wenseslaus Antony Dhas,1,1,0,run,0,,,72/3
1149572,1,13,6,Ramsingh  Sanjay Yadav,Baba Aparajith,Wenseslaus Antony Dhas,0,0,0,no run,0,,,72/3
1149572,1,14,1,Baba Aparajith,Ramsingh  Sanjay Yadav,S Manigandan,1,1,0,run,0,,,73/3
1149572,1,14,2,Ramsingh  Sanjay Yadav,Baba Aparajith,S Manigandan,0,0,0,no run,0,,,73/3
1149572,1,14,3,Ramsingh  Sanjay Yadav,Baba Aparajith,S Manigandan,0,0,0,out,1,caught,Ramsingh  Sanjay Yadav,73/4
1149572,1,14,4,RS Mokit Hariharan,Baba Aparajith,S Manigandan,1,1,0,run,0,,,74/4
1149572,1,14,5,Baba Aparajith,RS Mokit Hariharan,S Manigandan,1,1,0,run,0,,,75/4
1149572,1,14,6,RS Mokit Hariharan,Baba Aparajith,S Manigandan,0,0,0,no run,0,,,75/4
1149572,1,15,1,Baba Aparajith,RS Mokit Hariharan,Krishnamoorthy Vignesh,4,4,0,four,0,,,79/4
1149572,1,15,2,Baba Aparajith,RS Mokit Hariharan,Krishnamoorthy Vignesh,6,6,0,six,0,,,85/4
1149572,1,15,3,Baba Aparajith,RS Mokit Hariharan,Krishnamoorthy Vignesh,1,1,0,run,0,,,86/4
1149572,1,15,4,RS Mokit Hariharan,Baba Aparajith,Krishnamoorthy Vignesh,1,1,0,run,0,,,87/4
1149572,1,15,5,Baba Aparajith,RS Mokit Hariharan,Krishnamoorthy Vignesh,0,0,0,no run,0,,,87/4
1149572,1,15,6,Baba Aparajith,RS Mokit Hariharan,Krishnamoorthy Vignesh,1,1,0,run,0,,,88/4
1149572,1,16,1,Baba Aparajith,RS Mokit Hariharan,S Manigandan,6,6,0,six,0,,,94/4
1149572,1,16,2,Baba Aparajith,RS Mokit Hariharan,S Manigandan,1,1,0,run,0,,,95/4
1149572,1,16,3,RS Mokit Hariharan,Baba Aparajith,S Manigandan,2,2,0,run,0,,,97/4
1149572,1,16,4,RS Mokit Hariharan,Baba Aparajith,S Manigandan,1,1,0,run,0,,,98/4
1149572,1,16,5,Baba Aparajith,RS Mokit Hariharan,S Manigandan,1,1,0,run,0,,,99/4
1149572,1,16,6,RS Mokit Hariharan,Baba Aparajith,S Manigandan,1,1,0,run,0,,,100/4
1149572,1,17,1,RS Mokit Hariharan,Baba Aparajith,Thangarasu Natarajan,0,0,0,no run,0,,,100/4
1149572,1,17,2,RS Mokit Hariharan,Baba Aparajith,Thangarasu Natarajan,1,1,0,run,0,,,101/4
1149572,1,17,3,Baba Aparajith,RS Mokit Hariharan,Thangarasu Natarajan,0,0,0,no run,0,,,101/4
1149572,1,17,4,Baba Aparajith,RS Mokit Hariharan,Thangarasu Natarajan,1,1,0,run,0,,,102/4
1149572,1,17,5,RS Mokit Hariharan,Baba Aparajith,Thangarasu Natarajan,1,1,0,run,0,,,103/4
1149572,1,17,6,Baba Aparajith,RS Mokit Hariharan,Thangarasu Natarajan,1,1,0,run,0,,,104/4
1149572,1,18,1,Baba Aparajith,RS Mokit Hariharan, Sriram Ajith Ram,1,0,1,wide,0,,,105/4
1149572,1,18,2,Baba Aparajith,RS Mokit Hariharan, Sriram Ajith Ram,1,1,0,run,0,,,106/4
1149572,1,18,3,RS Mokit Hariharan,Baba Aparajith, Sriram Ajith Ram,0,0,0,out,1,caught,RS Mokit Hariharan,106/5
1149572,1,18,4,P Francis Rokins,Baba Aparajith, Sriram Ajith Ram,0,0,0,out,1,bowled,P Francis Rokins,106/6
1149572,1,18,5,R Divakar,Baba Aparajith, Sriram Ajith Ram,0,0,0,no run,0,,,106/6
1149572,1,18,6,R Divakar,Baba Aparajith, Sriram Ajith Ram,0,0,0,no run,0,,,106/6
1149572,1,18,7,R Divakar,Baba Aparajith, Sriram Ajith Ram,1,1,0,run,0,,,107/6
1149572,1,19,1,R Divakar,Baba Aparajith,M Prasanth Rajesh,1,0,1,wide,0,,,108/6
1149572,1,19,2,R Divakar,Baba Aparajith,M Prasanth Rajesh,1,1,0,run,0,,,109/6
1149572,1,19,3,Baba Aparajith,R Divakar,M Prasanth Rajesh,1,1,0,run,0,,,110/6
1149572,1,19,4,R Divakar,Baba Aparajith,M Prasanth Rajesh,1,1,0,run,0,,,111/6
1149572,1,19,5,Baba Aparajith,R Divakar,M Prasanth Rajesh,1,1,0,run,0,,,112/6
1149572,1,19,6,R Divakar,Baba Aparajith,M Prasanth Rajesh,0,0,0,no run,0,,,112/6
1149572,1,19,7,R Divakar,Baba Aparajith,M Prasanth Rajesh,0,0,0,out,1,stumped,R Divakar,112/7
1149572,1,20,1,Baba Aparajith,0,Thangarasu Natarajan,1,1,0,run,0,,,113/7
1149572,1,20,2,S Chandrashekar,Baba Aparajith,Thangarasu Natarajan,0,0,0,no run,0,,,113/7
1149572,1,20,3,S Chandrashekar,Baba Aparajith,Thangarasu Natarajan,0,0,0,out,1,caught,S Chandrashekar,113/8
1149572,1,20,4,Baba Aparajith,0,Thangarasu Natarajan,1,1,0,run,0,,,114/8
1149572,1,20,5,Raju Aushik Srinivas,Baba Aparajith,Thangarasu Natarajan,1,1,0,run,0,,,115/8
1149572,1,20,6,Baba Aparajith,Raju Aushik Srinivas,Thangarasu Natarajan,1,1,0,run,0,,,116/8
1149572,2,1,1,Masood Shahrukh Khan,0,K Deeban Lingesh,0,0,0,no run,0,,,0/0
1149572,2,1,2,Masood Shahrukh Khan,0,K Deeban Lingesh,4,4,0,four,0,,,4/0
1149572,2,1,3,Masood Shahrukh Khan,0,K Deeban Lingesh,4,4,0,four,0,,,8/0
1149572,2,1,4,Masood Shahrukh Khan,0,K Deeban Lingesh,0,0,0,no run,0,,,8/0
1149572,2,1,5,Masood Shahrukh Khan,0,K Deeban Lingesh,1,1,0,run,0,,,9/0
1149572,2,1,6,Abhinav Mukund,Masood Shahrukh Khan,K Deeban Lingesh,0,0,0,no run,0,,,9/0
1149572,2,2,1,Masood Shahrukh Khan,Abhinav Mukund,Raju Aushik Srinivas,1,1,0,run,0,,,10/0
1149572,2,2,2,Abhinav Mukund,Masood Shahrukh Khan,Raju Aushik Srinivas,0,0,0,no run,0,,,10/0
1149572,2,2,3,Abhinav Mukund,Masood Shahrukh Khan,Raju Aushik Srinivas,0,0,0,no run,0,,,10/0
1149572,2,2,4,Abhinav Mukund,Masood Shahrukh Khan,Raju Aushik Srinivas,0,0,0,no run,0,,,10/0
1149572,2,2,5,Abhinav Mukund,Masood Shahrukh Khan,Raju Aushik Srinivas,0,0,0,no run,0,,,10/0
1149572,2,2,6,Abhinav Mukund,Masood Shahrukh Khan,Raju Aushik Srinivas,0,0,0,no run,0,,,10/0
1149572,2,3,1,Masood Shahrukh Khan,Abhinav Mukund,R Divakar,0,0,0,no run,0,,,10/0
1149572,2,3,2,Masood Shahrukh Khan,Abhinav Mukund,R Divakar,1,1,0,run,0,,,11/0
1149572,2,3,3,Abhinav Mukund,Masood Shahrukh Khan,R Divakar,4,4,0,four,0,,,15/0
1149572,2,3,4,Abhinav Mukund,Masood Shahrukh Khan,R Divakar,0,0,0,no run,0,,,15/0
1149572,2,3,5,Abhinav Mukund,Masood Shahrukh Khan,R Divakar,1,1,0,run,0,,,16/0
1149572,2,3,6,Masood Shahrukh Khan,Abhinav Mukund,R Divakar,0,0,0,no run,0,,,16/0
1149572,2,4,1,Abhinav Mukund,Masood Shahrukh Khan,Raju Aushik Srinivas,0,0,0,no run,0,,,16/0
1149572,2,4,2,Abhinav Mukund,Masood Shahrukh Khan,Raju Aushik Srinivas,0,0,0,out,1,caught,Abhinav Mukund,16/1
1149572,2,4,3,Masood Shahrukh Khan,0,Raju Aushik Srinivas,0,0,0,no run,0,,,16/1
1149572,2,4,4,Masood Shahrukh Khan,Wenseslaus Antony Dhas,Raju Aushik Srinivas,0,0,0,out,1,leg before wicket,Masood Shahrukh Khan,16/2
1149572,2,4,5,Ravi Kumar Rohith,Wenseslaus Antony Dhas,Raju Aushik Srinivas,1,1,0,run,0,,,17/2
1149572,2,4,6,Wenseslaus Antony Dhas,Ravi Kumar Rohith,Raju Aushik Srinivas,0,0,0,no run,0,,,17/2
1149572,2,5,1,Ravi Kumar Rohith,Wenseslaus Antony Dhas,R Divakar,0,0,0,no run,0,,,17/2
1149572,2,5,2,Ravi Kumar Rohith,Wenseslaus Antony Dhas,R Divakar,1,1,0,run,0,,,18/2
1149572,2,5,3,Wenseslaus Antony Dhas,Ravi Kumar Rohith,R Divakar,2,2,0,run,0,,,20/2
1149572,2,5,4,Wenseslaus Antony Dhas,Ravi Kumar Rohith,R Divakar,0,0,0,out,1,caught,Wenseslaus Antony Dhas,20/3
1149572,2,5,5,Ashwin Venkataraman,Ravi Kumar Rohith,R Divakar,1,1,0,run,0,,,21/3
1149572,2,5,6,Ravi Kumar Rohith,Ashwin Venkataraman,R Divakar,1,1,0,run,0,,,22/3
1149572,2,6,1,Ravi Kumar Rohith,Ashwin Venkataraman,RS Mokit Hariharan,0,0,0,no run,0,,,22/3
1149572,2,6,2,Ravi Kumar Rohith,Ashwin Venkataraman,RS Mokit Hariharan,1,1,0,run,0,,,23/3
1149572,2,6,3,Ashwin Venkataraman,Ravi Kumar Rohith,RS Mokit Hariharan,1,1,0,run,0,,,24/3
1149572,2,6,4,Ravi Kumar Rohith,Ashwin Venkataraman,RS Mokit Hariharan,0,0,0,no run,0,,,24/3
1149572,2,6,5,Ravi Kumar Rohith,Ashwin Venkataraman,RS Mokit Hariharan,0,0,0,no run,0,,,24/3
1149572,2,6,6,Ravi Kumar Rohith,Ashwin Venkataraman,RS Mokit Hariharan,0,0,0,no run,0,,,24/3
1149572,2,7,1,Ashwin Venkataraman,Ravi Kumar Rohith,R Divakar,1,1,0,run,0,,,25/3
1149572,2,7,2,Ravi Kumar Rohith,Ashwin Venkataraman,R Divakar,0,0,0,no run,0,,,25/3
1149572,2,7,3,Ravi Kumar Rohith,Ashwin Venkataraman,R Divakar,0,0,0,no run,0,,,25/3
1149572,2,7,4,Ravi Kumar Rohith,Ashwin Venkataraman,R Divakar,0,0,0,no run,0,,,25/3
1149572,2,7,5,Ravi Kumar Rohith,Ashwin Venkataraman,R Divakar,2,2,0,run,0,,,27/3
1149572,2,7,6,Ravi Kumar Rohith,Ashwin Venkataraman,R Divakar,0,0,0,no run,0,,,27/3
1149572,2,8,1,Ashwin Venkataraman,Ravi Kumar Rohith,RS Mokit Hariharan,4,4,0,four,0,,,31/3
1149572,2,8,2,Ashwin Venkataraman,Ravi Kumar Rohith,RS Mokit Hariharan,0,0,0,no run,0,,,31/3
1149572,2,8,3,Ashwin Venkataraman,Ravi Kumar Rohith,RS Mokit Hariharan,1,1,0,run,0,,,32/3
1149572,2,8,4,Ravi Kumar Rohith,Ashwin Venkataraman,RS Mokit Hariharan,1,1,0,run,0,,,33/3
1149572,2,8,5,Ashwin Venkataraman,Ravi Kumar Rohith,RS Mokit Hariharan,0,0,0,no run,0,,,33/3
1149572,2,8,6,Ashwin Venkataraman,Ravi Kumar Rohith,RS Mokit Hariharan,1,1,0,run,0,,,34/3
1149572,2,9,1,Ashwin Venkataraman,Ravi Kumar Rohith,K Deeban Lingesh,1,1,0,run,0,,,35/3
1149572,2,9,2,Ravi Kumar Rohith,Ashwin Venkataraman,K Deeban Lingesh,1,1,0,run,0,,,36/3
1149572,2,9,3,Ashwin Venkataraman,Ravi Kumar Rohith,K Deeban Lingesh,1,1,0,run,0,,,37/3
1149572,2,9,4,Ravi Kumar Rohith,Ashwin Venkataraman,K Deeban Lingesh,4,4,0,four,0,,,41/3
1149572,2,9,5,Ravi Kumar Rohith,Ashwin Venkataraman,K Deeban Lingesh,1,1,0,run,0,,,42/3
1149572,2,9,6,Ashwin Venkataraman,Ravi Kumar Rohith,K Deeban Lingesh,0,0,0,no run,0,,,42/3
1149572,2,10,1,Ravi Kumar Rohith,Ashwin Venkataraman,RS Mokit Hariharan,1,1,0,run,0,,,43/3
1149572,2,10,2,Ashwin Venkataraman,Ravi Kumar Rohith,RS Mokit Hariharan,4,4,0,four,0,,,47/3
1149572,2,10,3,Ashwin Venkataraman,Ravi Kumar Rohith,RS Mokit Hariharan,1,1,0,run,0,,,48/3
1149572,2,10,4,Ravi Kumar Rohith,Ashwin Venkataraman,RS Mokit Hariharan,1,1,0,run,0,,,49/3
1149572,2,10,5,Ashwin Venkataraman,Ravi Kumar Rohith,RS Mokit Hariharan,0,0,0,no run,0,,,49/3
1149572,2,10,6,Ashwin Venkataraman,Ravi Kumar Rohith,RS Mokit Hariharan,0,0,0,no run,0,,,49/3
1149572,2,11,1,Ravi Kumar Rohith,Ashwin Venkataraman,Ramsingh  Sanjay Yadav,1,1,0,run,0,,,50/3
1149572,2,11,2,Ashwin Venkataraman,Ravi Kumar Rohith,Ramsingh  Sanjay Yadav,1,1,0,run,0,,,51/3
1149572,2,11,3,Ravi Kumar Rohith,Ashwin Venkataraman,Ramsingh  Sanjay Yadav,1,1,0,run,0,,,52/3
1149572,2,11,4,Ashwin Venkataraman,Ravi Kumar Rohith,Ramsingh  Sanjay Yadav,2,2,0,run,0,,,54/3
1149572,2,11,5,Ashwin Venkataraman,Ravi Kumar Rohith,Ramsingh  Sanjay Yadav,0,0,0,no run,0,,,54/3
1149572,2,11,6,Ashwin Venkataraman,Ravi Kumar Rohith,Ramsingh  Sanjay Yadav,0,0,0,no run,0,,,54/3
1149572,2,12,1,Ravi Kumar Rohith,Ashwin Venkataraman,Chandramouli Shriram,1,1,0,run,1,run out,Ravi Kumar Rohith,55/4
1149572,2,12,2,Akkil Srinaath,Ashwin Venkataraman,Chandramouli Shriram,1,1,0,run,0,,,56/4
1149572,2,12,3,Ashwin Venkataraman,Akkil Srinaath,Chandramouli Shriram,0,0,0,no run,0,,,56/4
1149572,2,12,4,Ashwin Venkataraman,Akkil Srinaath,Chandramouli Shriram,1,1,0,run,0,,,57/4
1149572,2,12,5,Akkil Srinaath,Ashwin Venkataraman,Chandramouli Shriram,0,0,0,no run,0,,,57/4
1149572,2,12,6,Akkil Srinaath,Ashwin Venkataraman,Chandramouli Shriram,0,0,0,no run,0,,,57/4
1149572,2,13,1,Ashwin Venkataraman,Akkil Srinaath,Ramsingh  Sanjay Yadav,0,0,0,no run,0,,,57/4
1149572,2,13,2,Ashwin Venkataraman,Akkil Srinaath,Ramsingh  Sanjay Yadav,1,1,0,run,0,,,58/4
1149572,2,13,3,Akkil Srinaath,Ashwin Venkataraman,Ramsingh  Sanjay Yadav,0,0,0,no run,0,,,58/4
1149572,2,13,4,Akkil Srinaath,Ashwin Venkataraman,Ramsingh  Sanjay Yadav,0,0,0,no run,0,,,58/4
1149572,2,13,5,Akkil Srinaath,Ashwin Venkataraman,Ramsingh  Sanjay Yadav,1,1,0,run,0,,,59/4
1149572,2,13,6,Ashwin Venkataraman,Akkil Srinaath,Ramsingh  Sanjay Yadav,1,1,0,run,0,,,60/4
1149572,2,14,1,Ashwin Venkataraman,Akkil Srinaath,Chandramouli Shriram,1,1,0,run,0,,,61/4
1149572,2,14,2,Akkil Srinaath,Ashwin Venkataraman,Chandramouli Shriram,0,0,0,out,1,caught,Akkil Srinaath,61/5
1149572,2,14,3,M Prasanth Rajesh,Ashwin Venkataraman,Chandramouli Shriram,0,0,0,no run,0,,,61/5
1149572,2,14,4,M Prasanth Rajesh,Ashwin Venkataraman,Chandramouli Shriram,1,1,0,run,0,,,62/5
1149572,2,14,5,Ashwin Venkataraman,M Prasanth Rajesh,Chandramouli Shriram,1,1,0,run,0,,,63/5
1149572,2,14,6,M Prasanth Rajesh,Ashwin Venkataraman,Chandramouli Shriram,0,0,0,no run,0,,,63/5
1149572,2,15,1,Ashwin Venkataraman,M Prasanth Rajesh,Ramsingh  Sanjay Yadav,1,1,0,run,0,,,64/5
1149572,2,15,2,M Prasanth Rajesh,Ashwin Venkataraman,Ramsingh  Sanjay Yadav,1,1,0,run,0,,,65/5
1149572,2,15,3,Ashwin Venkataraman,M Prasanth Rajesh,Ramsingh  Sanjay Yadav,0,0,0,no run,0,,,65/5
1149572,2,15,4,Ashwin Venkataraman,M Prasanth Rajesh,Ramsingh  Sanjay Yadav,1,1,0,run,0,,,66/5
1149572,2,15,5,M Prasanth Rajesh,Ashwin Venkataraman,Ramsingh  Sanjay Yadav,0,0,0,no run,0,,,66/5
1149572,2,15,6,M Prasanth Rajesh,Ashwin Venkataraman,Ramsingh  Sanjay Yadav,1,1,0,run,0,,,67/5
1149572,2,16,1,M Prasanth Rajesh,Ashwin Venkataraman,Raju Aushik Srinivas,0,0,0,no run,0,,,67/5
1149572,2,16,2,M Prasanth Rajesh,Ashwin Venkataraman,Raju Aushik Srinivas,1,1,0,run,0,,,68/5
1149572,2,16,3,Ashwin Venkataraman,M Prasanth Rajesh,Raju Aushik Srinivas,1,1,0,run,0,,,69/5
1149572,2,16,4,M Prasanth Rajesh,Ashwin Venkataraman,Raju Aushik Srinivas,0,0,0,no run,0,,,69/5
1149572,2,16,5,M Prasanth Rajesh,Ashwin Venkataraman,Raju Aushik Srinivas,1,1,0,run,0,,,70/5
1149572,2,16,6,Ashwin Venkataraman,M Prasanth Rajesh,Raju Aushik Srinivas,1,1,0,run,0,,,71/5
1149572,2,17,1,Ashwin Venkataraman,M Prasanth Rajesh,Ramsingh  Sanjay Yadav,1,1,0,run,0,,,72/5
1149572,2,17,2,M Prasanth Rajesh,Ashwin Venkataraman,Ramsingh  Sanjay Yadav,1,1,0,run,0,,,73/5
1149572,2,17,3,Ashwin Venkataraman,M Prasanth Rajesh,Ramsingh  Sanjay Yadav,4,4,0,four,0,,,77/5
1149572,2,17,4,Ashwin Venkataraman,M Prasanth Rajesh,Ramsingh  Sanjay Yadav,1,1,0,run,0,,,78/5
1149572,2,17,5,M Prasanth Rajesh,Ashwin Venkataraman,Ramsingh  Sanjay Yadav,6,6,0,six,0,,,84/5
1149572,2,17,6,M Prasanth Rajesh,Ashwin Venkataraman,Ramsingh  Sanjay Yadav,1,0,1,wide,0,,,85/5
1149572,2,17,7,M Prasanth Rajesh,Ashwin Venkataraman,Ramsingh  Sanjay Yadav,0,0,0,no run,0,,,85/5
1149572,2,18,1,Ashwin Venkataraman,M Prasanth Rajesh,Raju Aushik Srinivas,0,0,0,no run,0,,,85/5
1149572,2,18,2,Ashwin Venkataraman,M Prasanth Rajesh,Raju Aushik Srinivas,1,1,0,run,0,,,86/5
1149572,2,18,3,M Prasanth Rajesh,Ashwin Venkataraman,Raju Aushik Srinivas,0,0,0,no run,0,,,86/5
1149572,2,18,4,M Prasanth Rajesh,Ashwin Venkataraman,Raju Aushik Srinivas,4,4,0,four,0,,,90/5
1149572,2,18,5,M Prasanth Rajesh,Ashwin Venkataraman,Raju Aushik Srinivas,1,1,0,run,0,,,91/5
1149572,2,18,6,Ashwin Venkataraman,M Prasanth Rajesh,Raju Aushik Srinivas,0,0,0,out,1,stumped,Ashwin Venkataraman,91/6
1149572,2,19,1,M Prasanth Rajesh,0,R Divakar,1,1,0,run,0,,,92/6
1149572,2,19,2, Sriram Ajith Ram,M Prasanth Rajesh,R Divakar,0,0,0,no run,0,,,92/6
1149572,2,19,3, Sriram Ajith Ram,M Prasanth Rajesh,R Divakar,0,0,0,out,1,run out, Sriram Ajith Ram,92/7
1149572,2,19,4,M Prasanth Rajesh,0,R Divakar,1,1,0,run,0,,,93/7
1149572,2,19,5,Krishnamoorthy Vignesh,M Prasanth Rajesh,R Divakar,0,0,0,out,1,bowled,Krishnamoorthy Vignesh,93/8
1149572,2,19,6,Thangarasu Natarajan,M Prasanth Rajesh,R Divakar,0,0,0,no run,0,,,93/8
1149572,2,20,1,M Prasanth Rajesh,Thangarasu Natarajan,K Deeban Lingesh,2,2,0,run,0,,,95/8
1149572,2,20,2,M Prasanth Rajesh,Thangarasu Natarajan,K Deeban Lingesh,0,0,0,out,1,bowled,M Prasanth Rajesh,95/9
1149572,2,20,3,S Manigandan,Thangarasu Natarajan,K Deeban Lingesh,1,1,0,run,0,,,96/9
1149572,2,20,4,Thangarasu Natarajan,S Manigandan,K Deeban Lingesh,1,1,0,run,0,,,97/9
1149572,2,20,5,S Manigandan,Thangarasu Natarajan,K Deeban Lingesh,4,4,0,four,0,,,101/9
1149572,2,20,6,S Manigandan,Thangarasu Natarajan,K Deeban Lingesh,1,1,0,run,0,,,102/9
1149573,1,1,1,Chezhian Nishaanth,0,Vijaykumar Yo Mahesh,0,0,0,no run,0,,,0/0
1149573,1,1,2,Chezhian Nishaanth,0,Vijaykumar Yo Mahesh,0,0,0,no run,0,,,0/0
1149573,1,1,3,Chezhian Nishaanth,0,Vijaykumar Yo Mahesh,4,4,0,four,0,,,4/0
1149573,1,1,4,Chezhian Nishaanth,0,Vijaykumar Yo Mahesh,0,0,0,no run,0,,,4/0
1149573,1,1,5,Chezhian Nishaanth,0,Vijaykumar Yo Mahesh,0,0,0,no run,0,,,4/0
1149573,1,1,6,Chezhian Nishaanth,Narayan Jagadeesan,Vijaykumar Yo Mahesh,0,0,0,no run,0,,,4/0
1149573,1,2,1,Narayan Jagadeesan,Chezhian Nishaanth,S Mohan Prasath,0,0,0,no run,0,,,4/0
1149573,1,2,2,Narayan Jagadeesan,Chezhian Nishaanth,S Mohan Prasath,1,1,0,run,0,,,5/0
1149573,1,2,3,Chezhian Nishaanth,Narayan Jagadeesan,S Mohan Prasath,0,0,0,no run,0,,,5/0
1149573,1,2,4,Chezhian Nishaanth,Narayan Jagadeesan,S Mohan Prasath,0,0,0,no run,0,,,5/0
1149573,1,2,5,Chezhian Nishaanth,Narayan Jagadeesan,S Mohan Prasath,6,6,0,six,0,,,11/0
1149573,1,2,6,Chezhian Nishaanth,Narayan Jagadeesan,S Mohan Prasath,4,4,0,four,0,,,15/0
1149573,1,3,1,Narayan Jagadeesan,Chezhian Nishaanth,Vijaykumar Yo Mahesh,1,1,0,run,0,,,16/0
1149573,1,3,2,Chezhian Nishaanth,Narayan Jagadeesan,Vijaykumar Yo Mahesh,1,1,0,run,0,,,17/0
1149573,1,3,3,Narayan Jagadeesan,Chezhian Nishaanth,Vijaykumar Yo Mahesh,0,0,0,no run,0,,,17/0
1149573,1,3,4,Narayan Jagadeesan,Chezhian Nishaanth,Vijaykumar Yo Mahesh,0,0,0,no run,0,,,17/0
1149573,1,3,5,Narayan Jagadeesan,Chezhian Nishaanth,Vijaykumar Yo Mahesh,0,0,0,no run,0,,,17/0
1149573,1,3,6,Narayan Jagadeesan,Chezhian Nishaanth,Vijaykumar Yo Mahesh,4,4,0,four,0,,,21/0
1149573,1,4,1,Chezhian Nishaanth,Narayan Jagadeesan,Ashwath Mukunthan,0,0,0,no run,0,,,21/0
1149573,1,4,2,Chezhian Nishaanth,Narayan Jagadeesan,Ashwath Mukunthan,1,1,0,run,0,,,22/0
1149573,1,4,3,Narayan Jagadeesan,Chezhian Nishaanth,Ashwath Mukunthan,1,1,0,run,0,,,23/0
1149573,1,4,4,Chezhian Nishaanth,Narayan Jagadeesan,Ashwath Mukunthan,0,0,0,out,1,caught,Chezhian Nishaanth,23/1
1149573,1,4,5,Narayan Jagadeesan,0,Ashwath Mukunthan,4,4,0,four,0,,,27/1
1149573,1,4,6,Narayan Jagadeesan,Balchander Anirudh,Ashwath Mukunthan,1,1,0,run,0,,,28/1
1149573,1,5,1,Narayan Jagadeesan,Balchander Anirudh,S Swaminathan,4,4,0,four,0,,,32/1
1149573,1,5,2,Narayan Jagadeesan,Balchander Anirudh,S Swaminathan,5,0,5,wide,0,,,37/1
1149573,1,5,3,Narayan Jagadeesan,Balchander Anirudh,S Swaminathan,0,0,0,no run,0,,,37/1
1149573,1,5,4,Narayan Jagadeesan,Balchander Anirudh,S Swaminathan,1,1,0,run,0,,,38/1
1149573,1,5,5,Balchander Anirudh,Narayan Jagadeesan,S Swaminathan,0,0,0,no run,0,,,38/1
1149573,1,5,6,Balchander Anirudh,Narayan Jagadeesan,S Swaminathan,1,1,0,run,0,,,39/1
1149573,1,5,7,Narayan Jagadeesan,Balchander Anirudh,S Swaminathan,4,4,0,four,0,,,43/1
1149573,1,6,1,Balchander Anirudh,Narayan Jagadeesan,Ashwath Mukunthan,4,4,0,four,0,,,47/1
1149573,1,6,2,Balchander Anirudh,Narayan Jagadeesan,Ashwath Mukunthan,4,4,0,four,0,,,51/1
1149573,1,6,3,Balchander Anirudh,Narayan Jagadeesan,Ashwath Mukunthan,1,1,0,run,0,,,52/1
1149573,1,6,4,Narayan Jagadeesan,Balchander Anirudh,Ashwath Mukunthan,1,1,0,run,0,,,53/1
1149573,1,6,5,Balchander Anirudh,Narayan Jagadeesan,Ashwath Mukunthan,1,1,0,run,0,,,54/1
1149573,1,6,6,Narayan Jagadeesan,Balchander Anirudh,Ashwath Mukunthan,0,0,0,no run,0,,,54/1
1149573,1,7,1,Balchander Anirudh,Narayan Jagadeesan,R Rajkumar,0,0,0,no run,0,,,54/1
1149573,1,7,2,Balchander Anirudh,Narayan Jagadeesan,R Rajkumar,1,1,0,run,0,,,55/1
1149573,1,7,3,Narayan Jagadeesan,Balchander Anirudh,R Rajkumar,1,0,1,wide,0,,,56/1
1149573,1,7,4,Narayan Jagadeesan,Balchander Anirudh,R Rajkumar,1,1,0,run,0,,,57/1
1149573,1,7,5,Balchander Anirudh,Narayan Jagadeesan,R Rajkumar,1,0,1,wide,0,,,58/1
1149573,1,7,6,Balchander Anirudh,Narayan Jagadeesan,R Rajkumar,1,1,0,run,0,,,59/1
1149573,1,7,7,Narayan Jagadeesan,Balchander Anirudh,R Rajkumar,1,1,0,run,0,,,60/1
1149573,1,7,8,Balchander Anirudh,Narayan Jagadeesan,R Rajkumar,1,1,0,run,0,,,61/1
1149573,1,8,1,Balchander Anirudh,Narayan Jagadeesan,S Mohan Prasath,1,1,0,run,0,,,62/1
1149573,1,8,2,Narayan Jagadeesan,Balchander Anirudh,S Mohan Prasath,0,0,0,no run,0,,,62/1
1149573,1,8,3,Narayan Jagadeesan,Balchander Anirudh,S Mohan Prasath,1,1,0,run,0,,,63/1
1149573,1,8,4,Balchander Anirudh,Narayan Jagadeesan,S Mohan Prasath,0,0,0,no run,0,,,63/1
1149573,1,8,5,Balchander Anirudh,Narayan Jagadeesan,S Mohan Prasath,1,1,0,run,0,,,64/1
1149573,1,8,6,Narayan Jagadeesan,Balchander Anirudh,S Mohan Prasath,0,0,0,no run,0,,,64/1
1149573,1,9,1,Balchander Anirudh,Narayan Jagadeesan,R Rajkumar,0,0,0,no run,0,,,64/1
1149573,1,9,2,Balchander Anirudh,Narayan Jagadeesan,R Rajkumar,2,2,0,run,0,,,66/1
1149573,1,9,3,Balchander Anirudh,Narayan Jagadeesan,R Rajkumar,2,2,0,run,0,,,68/1
1149573,1,9,4,Balchander Anirudh,Narayan Jagadeesan,R Rajkumar,1,1,0,run,0,,,69/1
1149573,1,9,5,Narayan Jagadeesan,Balchander Anirudh,R Rajkumar,0,0,0,out,1,caught,Narayan Jagadeesan,69/2
1149573,1,9,6,Balchander Anirudh,N Sarangarajan Chaturved,R Rajkumar,1,1,0,run,0,,,70/2
1149573,1,10,1,Balchander Anirudh,N Sarangarajan Chaturved,Maan K Bafna,0,0,0,no run,0,,,70/2
1149573,1,10,2,Balchander Anirudh,N Sarangarajan Chaturved,Maan K Bafna,1,1,0,run,0,,,71/2
1149573,1,10,3,N Sarangarajan Chaturved,Balchander Anirudh,Maan K Bafna,0,0,0,no run,0,,,71/2
1149573,1,10,4,N Sarangarajan Chaturved,Balchander Anirudh,Maan K Bafna,0,0,0,no run,0,,,71/2
1149573,1,10,5,N Sarangarajan Chaturved,Balchander Anirudh,Maan K Bafna,1,0,1,wide,0,,,72/2
1149573,1,10,6,N Sarangarajan Chaturved,Balchander Anirudh,Maan K Bafna,1,1,0,run,0,,,73/2
1149573,1,10,7,Balchander Anirudh,N Sarangarajan Chaturved,Maan K Bafna,0,0,0,no run,0,,,73/2
1149573,1,11,1,N Sarangarajan Chaturved,Balchander Anirudh,S Swaminathan,0,0,0,no run,0,,,73/2
1149573,1,11,2,N Sarangarajan Chaturved,Balchander Anirudh,S Swaminathan,1,1,0,run,0,,,74/2
1149573,1,11,3,Balchander Anirudh,N Sarangarajan Chaturved,S Swaminathan,0,0,0,no run,0,,,74/2
1149573,1,11,4,Balchander Anirudh,N Sarangarajan Chaturved,S Swaminathan,1,1,0,run,0,,,75/2
1149573,1,11,5,N Sarangarajan Chaturved,Balchander Anirudh,S Swaminathan,0,0,0,no run,0,,,75/2
1149573,1,11,6,N Sarangarajan Chaturved,Balchander Anirudh,S Swaminathan,1,1,0,run,0,,,76/2
1149573,1,12,1,N Sarangarajan Chaturved,Balchander Anirudh,Maan K Bafna,2,2,0,run,0,,,78/2
1149573,1,12,2,N Sarangarajan Chaturved,Balchander Anirudh,Maan K Bafna,1,0,1,wide,0,,,79/2
1149573,1,12,3,N Sarangarajan Chaturved,Balchander Anirudh,Maan K Bafna,6,6,0,six,0,,,85/2
1149573,1,12,4,N Sarangarajan Chaturved,Balchander Anirudh,Maan K Bafna,0,0,0,no run,0,,,85/2
1149573,1,12,5,N Sarangarajan Chaturved,Balchander Anirudh,Maan K Bafna,0,0,0,no run,0,,,85/2
1149573,1,12,6,N Sarangarajan Chaturved,Balchander Anirudh,Maan K Bafna,1,1,0,run,0,,,86/2
1149573,1,12,7,Balchander Anirudh,N Sarangarajan Chaturved,Maan K Bafna,1,1,0,run,0,,,87/2
1149573,1,13,1,Balchander Anirudh,N Sarangarajan Chaturved,S Swaminathan,0,0,0,no run,0,,,87/2
1149573,1,13,2,Balchander Anirudh,N Sarangarajan Chaturved,S Swaminathan,1,1,0,run,0,,,88/2
1149573,1,13,3,N Sarangarajan Chaturved,Balchander Anirudh,S Swaminathan,0,0,0,no run,0,,,88/2
1149573,1,13,4,N Sarangarajan Chaturved,Balchander Anirudh,S Swaminathan,0,0,0,out,1,caught,N Sarangarajan Chaturved,88/3
1149573,1,13,5,Balchander Anirudh,0,S Swaminathan,1,1,0,run,0,,,89/3
1149573,1,13,6,Rajendran Vivek,Balchander Anirudh,S Swaminathan,1,0,1,wide,0,,,90/3
1149573,1,13,7,Rajendran Vivek,Balchander Anirudh,S Swaminathan,1,1,0,run,0,,,91/3
1149573,1,14,1,Rajendran Vivek,Balchander Anirudh,S Mohan Prasath,1,1,0,run,0,,,92/3
1149573,1,14,2,Balchander Anirudh,Rajendran Vivek,S Mohan Prasath,0,0,0,no run,0,,,92/3
1149573,1,14,3,Balchander Anirudh,Rajendran Vivek,S Mohan Prasath,1,1,0,run,0,,,93/3
1149573,1,14,4,Rajendran Vivek,Balchander Anirudh,S Mohan Prasath,1,1,0,run,0,,,94/3
1149573,1,14,5,Balchander Anirudh,Rajendran Vivek,S Mohan Prasath,1,1,0,run,0,,,95/3
1149573,1,14,6,Rajendran Vivek,Balchander Anirudh,S Mohan Prasath,0,0,0,no run,0,,,95/3
1149573,1,15,1,Balchander Anirudh,Rajendran Vivek,R Rajkumar,4,4,0,four,0,,,99/3
1149573,1,15,2,Balchander Anirudh,Rajendran Vivek,R Rajkumar,1,1,0,run,0,,,100/3
1149573,1,15,3,Rajendran Vivek,Balchander Anirudh,R Rajkumar,1,1,0,run,0,,,101/3
1149573,1,15,4,Balchander Anirudh,Rajendran Vivek,R Rajkumar,4,4,0,four,0,,,105/3
1149573,1,15,5,Balchander Anirudh,Rajendran Vivek,R Rajkumar,0,0,0,no run,0,,,105/3
1149573,1,15,6,Balchander Anirudh,Rajendran Vivek,R Rajkumar,2,2,0,run,0,,,107/3
1149573,1,16,1,Rajendran Vivek,Balchander Anirudh,S Mohan Prasath,6,6,0,six,0,,,113/3
1149573,1,16,2,Rajendran Vivek,Balchander Anirudh,S Mohan Prasath,6,6,0,six,0,,,119/3
1149573,1,16,3,Rajendran Vivek,Balchander Anirudh,S Mohan Prasath,4,4,0,four,0,,,123/3
1149573,1,16,4,Rajendran Vivek,Balchander Anirudh,S Mohan Prasath,6,6,0,six,0,,,129/3
1149573,1,16,5,Rajendran Vivek,Balchander Anirudh,S Mohan Prasath,6,6,0,six,0,,,135/3
1149573,1,16,6,Rajendran Vivek,Balchander Anirudh,S Mohan Prasath,4,4,0,four,0,,,139/3
1149573,1,17,1,Balchander Anirudh,Rajendran Vivek,Ashwath Mukunthan,1,1,0,run,0,,,140/3
1149573,1,17,2,Rajendran Vivek,Balchander Anirudh,Ashwath Mukunthan,6,6,0,six,0,,,146/3
1149573,1,17,3,Rajendran Vivek,Balchander Anirudh,Ashwath Mukunthan,0,0,0,out,1,caught,Rajendran Vivek,146/4
1149573,1,17,4,M Mohammed,Balchander Anirudh,Ashwath Mukunthan,1,1,0,run,0,,,147/4
1149573,1,17,5,Balchander Anirudh,M Mohammed,Ashwath Mukunthan,2,2,0,run,0,,,149/4
1149573,1,17,6,Balchander Anirudh,M Mohammed,Ashwath Mukunthan,4,4,0,four,0,,,153/4
1149573,1,18,1,M Mohammed,Balchander Anirudh,Vijaykumar Yo Mahesh,1,1,0,run,0,,,154/4
1149573,1,18,2,Balchander Anirudh,M Mohammed,Vijaykumar Yo Mahesh,0,0,0,no run,0,,,154/4
1149573,1,18,3,Balchander Anirudh,M Mohammed,Vijaykumar Yo Mahesh,1,0,1,no ball,0,,,155/4
1149573,1,18,4,Balchander Anirudh,M Mohammed,Vijaykumar Yo Mahesh,1,0,1,wide,0,,,156/4
1149573,1,18,5,Balchander Anirudh,M Mohammed,Vijaykumar Yo Mahesh,6,6,0,six,0,,,162/4
1149573,1,18,6,Balchander Anirudh,M Mohammed,Vijaykumar Yo Mahesh,0,0,0,out,1,caught,Balchander Anirudh,162/5
1149573,1,18,7,M Mohammed,0,Vijaykumar Yo Mahesh,4,4,0,four,0,,,166/5
1149573,1,18,8,M Mohammed,Adithya Arun,Vijaykumar Yo Mahesh,1,1,0,run,0,,,167/5
1149573,1,19,1,M Mohammed,Adithya Arun,Ashwath Mukunthan,0,0,0,out,1,caught,M Mohammed,167/6
1149573,1,19,2,Adithya Arun,0,Ashwath Mukunthan,2,2,0,run,0,,,169/6
1149573,1,19,3,Adithya Arun,Mohan Abhinav,Ashwath Mukunthan,0,0,0,out,1,caught,Adithya Arun,169/7
1149573,1,19,4,Mohan Abhinav,0,Ashwath Mukunthan,1,1,0,run,0,,,170/7
1149573,1,19,5,Varun M Totadri,Mohan Abhinav,Ashwath Mukunthan,1,1,0,run,0,,,171/7
1149573,1,19,6,Mohan Abhinav,Varun M Totadri,Ashwath Mukunthan,0,0,0,out,1,caught,Mohan Abhinav,171/8
1149573,1,20,1,Varun M Totadri,0,Vijaykumar Yo Mahesh,0,0,0,no run,0,,,171/8
1149573,1,20,2,Varun M Totadri,ME Yazh Arun Mozhi,Vijaykumar Yo Mahesh,0,0,0,out,1,caught,Varun M Totadri,171/9
1149573,1,20,3,ME Yazh Arun Mozhi,0,Vijaykumar Yo Mahesh,4,4,0,four,0,,,175/9
1149573,1,20,4,ME Yazh Arun Mozhi,0,Vijaykumar Yo Mahesh,2,2,0,run,0,,,177/9
1149573,1,20,5,ME Yazh Arun Mozhi,0,Vijaykumar Yo Mahesh,0,0,0,no run,0,,,177/9
1149573,1,20,6,ME Yazh Arun Mozhi,M Silambarasan,Vijaykumar Yo Mahesh,0,0,0,out,0,run out,ME Yazh Arun Mozhi,177/9
1149573,2,1,1,0,0,M Mohammed,1,0,1,wide,0,,,1/0
1149573,2,1,2,0,0,M Mohammed,4,4,0,four,0,,,5/0
1149573,2,1,3,0,0,M Mohammed,0,0,0,no run,0,,,5/0
1149573,2,1,4,0,0,M Mohammed,0,0,0,no run,0,,,5/0
1149573,2,1,5,0,0,M Mohammed,1,1,0,run,0,,,6/0
1149573,2,1,6,Srikkanth Anirudha,0,M Mohammed,1,1,0,run,0,,,7/0
1149573,2,1,7,0,Srikkanth Anirudha,M Mohammed,1,1,0,run,0,,,8/0
1149573,2,2,1,0,Srikkanth Anirudha,Adithya Arun,6,6,0,six,0,,,14/0
1149573,2,2,2,0,Srikkanth Anirudha,Adithya Arun,4,4,0,four,0,,,18/0
1149573,2,2,3,0,Srikkanth Anirudha,Adithya Arun,1,1,0,run,0,,,19/0
1149573,2,2,4,Srikkanth Anirudha,0,Adithya Arun,4,4,0,four,0,,,23/0
1149573,2,2,5,Srikkanth Anirudha,0,Adithya Arun,6,6,0,six,0,,,29/0
1149573,2,2,6,Srikkanth Anirudha,0,Adithya Arun,4,4,0,four,0,,,33/0
1149573,2,3,1,0,Srikkanth Anirudha,M Mohammed,0,0,0,no run,0,,,33/0
1149573,2,3,2,0,Srikkanth Anirudha,M Mohammed,0,0,0,no run,0,,,33/0
1149573,2,3,3,0,Srikkanth Anirudha,M Mohammed,6,6,0,six,0,,,39/0
1149573,2,3,4,0,Srikkanth Anirudha,M Mohammed,4,4,0,four,0,,,43/0
1149573,2,3,5,0,Srikkanth Anirudha,M Mohammed,1,1,0,run,0,,,44/0
1149573,2,3,6,Srikkanth Anirudha,0,M Mohammed,0,0,0,no run,0,,,44/0
1149573,2,4,1,0,Srikkanth Anirudha,M Silambarasan,0,0,0,no run,0,,,44/0
1149573,2,4,2,0,Srikkanth Anirudha,M Silambarasan,0,0,0,no run,0,,,44/0
1149573,2,4,3,0,Srikkanth Anirudha,M Silambarasan,1,1,0,run,0,,,45/0
1149573,2,4,4,Srikkanth Anirudha,0,M Silambarasan,0,0,0,no run,0,,,45/0
1149573,2,4,5,Srikkanth Anirudha,0,M Silambarasan,6,6,0,six,0,,,51/0
1149573,2,4,6,Srikkanth Anirudha,0,M Silambarasan,1,1,0,run,0,,,52/0
1149573,2,5,1,Srikkanth Anirudha,0,ME Yazh Arun Mozhi,1,1,0,run,0,,,53/0
1149573,2,5,2,0,Srikkanth Anirudha,ME Yazh Arun Mozhi,4,4,0,four,0,,,57/0
1149573,2,5,3,0,Srikkanth Anirudha,ME Yazh Arun Mozhi,1,1,0,run,0,,,58/0
1149573,2,5,4,Srikkanth Anirudha,0,ME Yazh Arun Mozhi,6,6,0,six,0,,,64/0
1149573,2,5,5,Srikkanth Anirudha,0,ME Yazh Arun Mozhi,4,4,0,four,0,,,68/0
1149573,2,5,6,Srikkanth Anirudha,0,ME Yazh Arun Mozhi,4,4,0,four,0,,,72/0
1149573,2,6,1,0,Srikkanth Anirudha,M Silambarasan,1,1,0,run,0,,,73/0
1149573,2,6,2,Srikkanth Anirudha,0,M Silambarasan,1,1,0,run,0,,,74/0
1149573,2,6,3,0,Srikkanth Anirudha,M Silambarasan,4,4,0,four,0,,,78/0
1149573,2,6,4,0,Srikkanth Anirudha,M Silambarasan,1,1,0,run,0,,,79/0
1149573,2,6,5,Srikkanth Anirudha,0,M Silambarasan,1,1,0,run,0,,,80/0
1149573,2,6,6,0,Srikkanth Anirudha,M Silambarasan,1,1,0,run,0,,,81/0
1149573,2,7,1,0,Srikkanth Anirudha,Rajendran Vivek,0,0,0,no run,0,,,81/0
1149573,2,7,2,0,Srikkanth Anirudha,Rajendran Vivek,4,4,0,four,0,,,85/0
1149573,2,7,3,0,Srikkanth Anirudha,Rajendran Vivek,1,1,0,run,0,,,86/0
1149573,2,7,4,Srikkanth Anirudha,0,Rajendran Vivek,2,2,0,run,0,,,88/0
1149573,2,7,5,Srikkanth Anirudha,0,Rajendran Vivek,1,1,0,run,0,,,89/0
1149573,2,7,6,0,Srikkanth Anirudha,Rajendran Vivek,1,1,0,run,0,,,90/0
1149573,2,8,1,0,Srikkanth Anirudha,Mohan Abhinav,1,0,1,wide,0,,,91/0
1149573,2,8,2,0,Srikkanth Anirudha,Mohan Abhinav,1,1,0,run,0,,,92/0
1149573,2,8,3,Srikkanth Anirudha,0,Mohan Abhinav,1,1,0,run,0,,,93/0
1149573,2,8,4,0,Srikkanth Anirudha,Mohan Abhinav,1,1,0,run,0,,,94/0
1149573,2,8,5,Srikkanth Anirudha,0,Mohan Abhinav,0,0,0,out,1,bowled,Srikkanth Anirudha,94/1
1149573,2,8,6,R Rajkumar,0,Mohan Abhinav,0,0,0,no run,0,,,94/1
1149573,2,8,7,R Rajkumar,0,Mohan Abhinav,0,0,0,no run,0,,,94/1
1149573,2,9,1,0,R Rajkumar,Adithya Arun,0,0,0,out,1,,,94/2
1149573,2,9,2,Maan K Bafna,R Rajkumar,Adithya Arun,0,0,0,no run,0,,,94/2
1149573,2,9,3,Maan K Bafna,R Rajkumar,Adithya Arun,1,0,1,wide,0,,,95/2
1149573,2,9,4,Maan K Bafna,R Rajkumar,Adithya Arun,1,1,0,run,0,,,96/2
1149573,2,9,5,R Rajkumar,Maan K Bafna,Adithya Arun,2,2,0,run,0,,,98/2
1149573,2,9,6,R Rajkumar,Maan K Bafna,Adithya Arun,1,1,0,run,0,,,99/2
1149573,2,9,7,Maan K Bafna,R Rajkumar,Adithya Arun,1,1,0,run,0,,,100/2
1149573,2,10,1,Maan K Bafna,R Rajkumar,Mohan Abhinav,4,4,0,four,0,,,104/2
1149573,2,10,2,Maan K Bafna,R Rajkumar,Mohan Abhinav,1,1,0,run,0,,,105/2
1149573,2,10,3,R Rajkumar,Maan K Bafna,Mohan Abhinav,0,0,0,no run,0,,,105/2
1149573,2,10,4,R Rajkumar,Maan K Bafna,Mohan Abhinav,2,2,0,run,0,,,107/2
1149573,2,10,5,R Rajkumar,Maan K Bafna,Mohan Abhinav,0,0,0,no run,0,,,107/2
1149573,2,10,6,R Rajkumar,Maan K Bafna,Mohan Abhinav,4,4,0,four,0,,,111/2
1149573,2,11,1,Maan K Bafna,R Rajkumar,ME Yazh Arun Mozhi,6,6,0,six,0,,,117/2
1149573,2,11,2,Maan K Bafna,R Rajkumar,ME Yazh Arun Mozhi,1,1,0,run,0,,,118/2
1149573,2,11,3,R Rajkumar,Maan K Bafna,ME Yazh Arun Mozhi,0,0,0,no run,0,,,118/2
1149573,2,11,4,R Rajkumar,Maan K Bafna,ME Yazh Arun Mozhi,1,1,0,run,0,,,119/2
1149573,2,11,5,Maan K Bafna,R Rajkumar,ME Yazh Arun Mozhi,0,0,0,no run,0,,,119/2
1149573,2,11,6,Maan K Bafna,R Rajkumar,ME Yazh Arun Mozhi,0,0,0,no run,0,,,119/2
1149573,2,12,1,R Rajkumar,Maan K Bafna,M Mohammed,0,0,0,no run,0,,,119/2
1149573,2,12,2,R Rajkumar,Maan K Bafna,M Mohammed,1,1,0,run,0,,,120/2
1149573,2,12,3,Maan K Bafna,R Rajkumar,M Mohammed,0,0,0,no run,0,,,120/2
1149573,2,12,4,Maan K Bafna,R Rajkumar,M Mohammed,1,1,0,run,0,,,121/2
1149573,2,12,5,R Rajkumar,Maan K Bafna,M Mohammed,1,1,0,run,0,,,122/2
1149573,2,12,6,Maan K Bafna,R Rajkumar,M Mohammed,1,1,0,run,0,,,123/2
1149573,2,13,1,Maan K Bafna,R Rajkumar,Chezhian Nishaanth,4,4,0,four,0,,,127/2
1149573,2,13,2,Maan K Bafna,R Rajkumar,Chezhian Nishaanth,0,0,0,no run,0,,,127/2
1149573,2,13,3,Maan K Bafna,R Rajkumar,Chezhian Nishaanth,0,0,0,out,1,caught,Maan K Bafna,127/3
1149573,2,13,4,R Rajkumar,0,Chezhian Nishaanth,1,1,0,run,0,,,128/3
1149573,2,13,5,M Shajahan,R Rajkumar,Chezhian Nishaanth,0,0,0,no run,0,,,128/3
1149573,2,13,6,M Shajahan,R Rajkumar,Chezhian Nishaanth,1,1,0,run,0,,,129/3
1149573,2,14,1,M Shajahan,R Rajkumar,M Mohammed,1,1,0,run,0,,,130/3
1149573,2,14,2,R Rajkumar,M Shajahan,M Mohammed,4,4,0,four,0,,,134/3
1149573,2,14,3,R Rajkumar,M Shajahan,M Mohammed,1,1,0,run,0,,,135/3
1149573,2,14,4,M Shajahan,R Rajkumar,M Mohammed,1,1,0,run,0,,,136/3
1149573,2,14,5,R Rajkumar,M Shajahan,M Mohammed,1,1,0,run,0,,,137/3
1149573,2,14,6,M Shajahan,R Rajkumar,M Mohammed,1,1,0,run,0,,,138/3
1149573,2,15,1,M Shajahan,R Rajkumar,Chezhian Nishaanth,4,4,0,four,0,,,142/3
1149573,2,15,2,M Shajahan,R Rajkumar,Chezhian Nishaanth,1,1,0,run,0,,,143/3
1149573,2,15,3,R Rajkumar,M Shajahan,Chezhian Nishaanth,1,1,0,run,0,,,144/3
1149573,2,15,4,M Shajahan,R Rajkumar,Chezhian Nishaanth,0,0,0,no run,0,,,144/3
1149573,2,15,5,M Shajahan,R Rajkumar,Chezhian Nishaanth,1,1,0,run,0,,,145/3
1149573,2,15,6,R Rajkumar,M Shajahan,Chezhian Nishaanth,0,0,0,no run,0,,,145/3
1149573,2,16,1,M Shajahan,R Rajkumar,Mohan Abhinav,1,1,0,run,0,,,146/3
1149573,2,16,2,R Rajkumar,M Shajahan,Mohan Abhinav,6,6,0,six,0,,,152/3
1149573,2,16,3,R Rajkumar,M Shajahan,Mohan Abhinav,1,1,0,run,0,,,153/3
1149573,2,16,4,M Shajahan,R Rajkumar,Mohan Abhinav,1,1,0,run,0,,,154/3
1149573,2,16,5,R Rajkumar,M Shajahan,Mohan Abhinav,0,0,0,no run,0,,,154/3
1149573,2,16,6,R Rajkumar,M Shajahan,Mohan Abhinav,4,4,0,four,0,,,158/3
1149573,2,17,1,M Shajahan,R Rajkumar,Chezhian Nishaanth,6,6,0,six,0,,,164/3
1149573,2,17,2,M Shajahan,R Rajkumar,Chezhian Nishaanth,0,0,0,out,1,bowled,M Shajahan,164/4
1149573,2,17,3,Rajhamany Srinivasan,R Rajkumar,Chezhian Nishaanth,1,1,0,run,0,,,165/4
1149573,2,17,4,R Rajkumar,Rajhamany Srinivasan,Chezhian Nishaanth,1,1,0,run,0,,,166/4
1149573,2,17,5,Rajhamany Srinivasan,R Rajkumar,Chezhian Nishaanth,1,1,0,run,0,,,167/4
1149573,2,17,6,R Rajkumar,Rajhamany Srinivasan,Chezhian Nishaanth,1,1,0,run,0,,,168/4
1149573,2,18,1,R Rajkumar,Rajhamany Srinivasan,M Silambarasan,0,0,0,no run,0,,,168/4
1149573,2,18,2,R Rajkumar,Rajhamany Srinivasan,M Silambarasan,1,1,0,run,0,,,169/4
1149573,2,18,3,Rajhamany Srinivasan,R Rajkumar,M Silambarasan,1,1,0,run,0,,,170/4
1149573,2,18,4,R Rajkumar,Rajhamany Srinivasan,M Silambarasan,1,1,0,run,0,,,171/4
1149573,2,18,5,Rajhamany Srinivasan,R Rajkumar,M Silambarasan,1,1,0,run,0,,,172/4
1149573,2,18,6,R Rajkumar,Rajhamany Srinivasan,M Silambarasan,0,0,0,no run,0,,,172/4
1149573,2,19,1,Rajhamany Srinivasan,R Rajkumar,Adithya Arun,1,1,0,run,0,,,173/4
1149573,2,19,2,R Rajkumar,Rajhamany Srinivasan,Adithya Arun,0,0,0,no run,0,,,173/4
1149573,2,19,3,R Rajkumar,Rajhamany Srinivasan,Adithya Arun,6,6,0,six,0,,,179/4
1149574,1,1,1,S Karthik,0,Sunil Sam,4,4,0,four,0,,,4/0
1149574,1,1,2,S Karthik,0,Sunil Sam,0,0,0,no run,0,,,4/0
1149574,1,1,3,S Karthik,0,Sunil Sam,4,4,0,four,0,,,8/0
1149574,1,1,4,S Karthik,0,Sunil Sam,4,4,0,four,0,,,12/0
1149574,1,1,5,S Karthik,0,Sunil Sam,1,1,0,run,0,,,13/0
1149574,1,1,6,Ganga Sridhar Raju,S Karthik,Sunil Sam,0,0,0,no run,0,,,13/0
1149574,1,2,1,S Karthik,Ganga Sridhar Raju,Raju Aushik Srinivas,4,4,0,four,0,,,17/0
1149574,1,2,2,S Karthik,Ganga Sridhar Raju,Raju Aushik Srinivas,4,4,0,four,0,,,21/0
1149574,1,2,3,S Karthik,Ganga Sridhar Raju,Raju Aushik Srinivas,1,1,0,run,0,,,22/0
1149574,1,2,4,Ganga Sridhar Raju,S Karthik,Raju Aushik Srinivas,0,0,0,no run,0,,,22/0
1149574,1,2,5,Ganga Sridhar Raju,S Karthik,Raju Aushik Srinivas,1,1,0,run,0,,,23/0
1149574,1,2,6,S Karthik,Ganga Sridhar Raju,Raju Aushik Srinivas,0,0,0,no run,0,,,23/0
1149574,1,3,1,Ganga Sridhar Raju,S Karthik,R Divakar,4,4,0,four,0,,,27/0
1149574,1,3,2,Ganga Sridhar Raju,S Karthik,R Divakar,0,0,0,no run,0,,,27/0
1149574,1,3,3,Ganga Sridhar Raju,S Karthik,R Divakar,1,0,1,wide,0,,,28/0
1149574,1,3,4,Ganga Sridhar Raju,S Karthik,R Divakar,0,0,0,no run,0,,,28/0
1149574,1,3,5,Ganga Sridhar Raju,S Karthik,R Divakar,0,0,0,no run,0,,,28/0
1149574,1,3,6,Ganga Sridhar Raju,S Karthik,R Divakar,0,0,0,out,1,caught,Ganga Sridhar Raju,28/1
1149574,1,3,7,Hari Gopinath,S Karthik,R Divakar,0,0,0,no run,0,,,28/1
1149574,1,4,1,S Karthik,Hari Gopinath,K Deeban Lingesh,0,0,0,no run,0,,,28/1
1149574,1,4,2,S Karthik,Hari Gopinath,K Deeban Lingesh,0,0,0,no run,0,,,28/1
1149574,1,4,3,S Karthik,Hari Gopinath,K Deeban Lingesh,4,4,0,four,0,,,32/1
1149574,1,4,4,S Karthik,Hari Gopinath,K Deeban Lingesh,4,4,0,four,0,,,36/1
1149574,1,4,5,S Karthik,Hari Gopinath,K Deeban Lingesh,1,1,0,run,0,,,37/1
1149574,1,4,6,Hari Gopinath,S Karthik,K Deeban Lingesh,4,4,0,four,0,,,41/1
1149574,1,5,1,S Karthik,Hari Gopinath,R Divakar,4,4,0,four,0,,,45/1
1149574,1,5,2,S Karthik,Hari Gopinath,R Divakar,0,0,0,no run,0,,,45/1
1149574,1,5,3,S Karthik,Hari Gopinath,R Divakar,4,4,0,four,0,,,49/1
1149574,1,5,4,S Karthik,Hari Gopinath,R Divakar,1,1,0,run,0,,,50/1
1149574,1,5,5,Hari Gopinath,S Karthik,R Divakar,1,1,0,run,0,,,51/1
1149574,1,5,6,S Karthik,Hari Gopinath,R Divakar,4,4,0,four,0,,,55/1
1149574,1,6,1,Hari Gopinath,S Karthik,Raju Aushik Srinivas,1,1,0,run,0,,,56/1
1149574,1,6,2,S Karthik,Hari Gopinath,Raju Aushik Srinivas,1,1,0,run,0,,,57/1
1149574,1,6,3,Hari Gopinath,S Karthik,Raju Aushik Srinivas,6,6,0,six,0,,,63/1
1149574,1,6,4,Hari Gopinath,S Karthik,Raju Aushik Srinivas,1,1,0,run,0,,,64/1
1149574,1,6,5,S Karthik,Hari Gopinath,Raju Aushik Srinivas,1,1,0,run,0,,,65/1
1149574,1,6,6,Hari Gopinath,S Karthik,Raju Aushik Srinivas,4,4,0,four,0,,,69/1
1149574,1,7,1,S Karthik,Hari Gopinath,RS Mokit Hariharan,0,0,0,no run,0,,,69/1
1149574,1,7,2,S Karthik,Hari Gopinath,RS Mokit Hariharan,0,0,0,no run,0,,,69/1
1149574,1,7,3,S Karthik,Hari Gopinath,RS Mokit Hariharan,1,1,0,run,0,,,70/1
1149574,1,7,4,Hari Gopinath,S Karthik,RS Mokit Hariharan,1,0,1,leg bye,0,,,71/1
1149574,1,7,5,S Karthik,Hari Gopinath,RS Mokit Hariharan,1,1,0,run,0,,,72/1
1149574,1,7,6,Hari Gopinath,S Karthik,RS Mokit Hariharan,1,1,0,run,0,,,73/1
1149574,1,8,1,Hari Gopinath,S Karthik,Ramsingh  Sanjay Yadav,1,1,0,run,0,,,74/1
1149574,1,8,2,S Karthik,Hari Gopinath,Ramsingh  Sanjay Yadav,0,0,0,no run,0,,,74/1
1149574,1,8,3,S Karthik,Hari Gopinath,Ramsingh  Sanjay Yadav,6,6,0,six,0,,,80/1
1149574,1,8,4,S Karthik,Hari Gopinath,Ramsingh  Sanjay Yadav,1,1,0,run,0,,,81/1
1149574,1,8,5,Hari Gopinath,S Karthik,Ramsingh  Sanjay Yadav,1,0,1,leg bye,0,,,82/1
1149574,1,8,6,S Karthik,Hari Gopinath,Ramsingh  Sanjay Yadav,4,4,0,four,0,,,86/1
1149574,1,9,1,Hari Gopinath,S Karthik,RS Mokit Hariharan,1,1,0,run,0,,,87/1
1149574,1,9,2,S Karthik,Hari Gopinath,RS Mokit Hariharan,1,1,0,run,0,,,88/1
1149574,1,9,3,Hari Gopinath,S Karthik,RS Mokit Hariharan,1,1,0,run,0,,,89/1
1149574,1,9,4,S Karthik,Hari Gopinath,RS Mokit Hariharan,1,1,0,run,0,,,90/1
1149574,1,9,5,Hari Gopinath,S Karthik,RS Mokit Hariharan,1,1,0,run,0,,,91/1
1149574,1,9,6,S Karthik,Hari Gopinath,RS Mokit Hariharan,0,0,0,no run,0,,,91/1
1149574,1,10,1,Hari Gopinath,S Karthik,Sunil Sam,1,1,0,run,0,,,92/1
1149574,1,10,2,S Karthik,Hari Gopinath,Sunil Sam,1,1,0,run,0,,,93/1
1149574,1,10,3,Hari Gopinath,S Karthik,Sunil Sam,4,4,0,four,0,,,97/1
1149574,1,10,4,Hari Gopinath,S Karthik,Sunil Sam,1,1,0,run,0,,,98/1
1149574,1,10,5,S Karthik,Hari Gopinath,Sunil Sam,1,1,0,run,0,,,99/1
1149574,1,10,6,Hari Gopinath,S Karthik,Sunil Sam,1,1,0,run,0,,,100/1
1149574,1,11,1,Hari Gopinath,S Karthik,RS Mokit Hariharan,0,0,0,no run,0,,,100/1
1149574,1,11,2,Hari Gopinath,S Karthik,RS Mokit Hariharan,1,1,0,run,0,,,101/1
1149574,1,11,3,S Karthik,Hari Gopinath,RS Mokit Hariharan,0,0,0,no run,0,,,101/1
1149574,1,11,4,S Karthik,Hari Gopinath,RS Mokit Hariharan,1,1,0,run,0,,,102/1
1149574,1,11,5,Hari Gopinath,S Karthik,RS Mokit Hariharan,1,1,0,run,0,,,103/1
1149574,1,11,6,S Karthik,Hari Gopinath,RS Mokit Hariharan,6,6,0,six,0,,,109/1
1149574,1,12,1,Hari Gopinath,S Karthik,Sunil Sam,1,0,1,wide,0,,,110/1
1149574,1,12,2,Hari Gopinath,S Karthik,Sunil Sam,0,0,0,out,1,caught,Hari Gopinath,110/2
1149574,1,12,3,Uthirasamy Sasidev,S Karthik,Sunil Sam,0,0,0,no run,0,,,110/2
1149574,1,12,4,Uthirasamy Sasidev,S Karthik,Sunil Sam,0,0,0,no run,0,,,110/2
1149574,1,12,5,Uthirasamy Sasidev,S Karthik,Sunil Sam,0,0,0,no run,0,,,110/2
1149574,1,12,6,Uthirasamy Sasidev,S Karthik,Sunil Sam,4,4,0,four,0,,,114/2
1149574,1,12,7,Uthirasamy Sasidev,S Karthik,Sunil Sam,1,1,0,run,0,,,115/2
1149574,1,13,1,Uthirasamy Sasidev,S Karthik,Baba Aparajith,1,1,0,run,0,,,116/2
1149574,1,13,2,S Karthik,Uthirasamy Sasidev,Baba Aparajith,1,1,0,run,0,,,117/2
1149574,1,13,3,Uthirasamy Sasidev,S Karthik,Baba Aparajith,1,1,0,run,0,,,118/2
1149574,1,13,4,S Karthik,Uthirasamy Sasidev,Baba Aparajith,1,1,0,run,0,,,119/2
1149574,1,13,5,Uthirasamy Sasidev,S Karthik,Baba Aparajith,1,0,1,leg bye,0,,,120/2
1149574,1,13,6,S Karthik,Uthirasamy Sasidev,Baba Aparajith,1,1,0,run,0,,,121/2
1149574,1,14,1,S Karthik,Uthirasamy Sasidev,Raju Aushik Srinivas,1,1,0,run,0,,,122/2
1149574,1,14,2,Uthirasamy Sasidev,S Karthik,Raju Aushik Srinivas,1,1,0,run,0,,,123/2
1149574,1,14,3,S Karthik,Uthirasamy Sasidev,Raju Aushik Srinivas,1,1,0,run,0,,,124/2
1149574,1,14,4,Uthirasamy Sasidev,S Karthik,Raju Aushik Srinivas,2,2,0,run,0,,,126/2
1149574,1,14,5,Uthirasamy Sasidev,S Karthik,Raju Aushik Srinivas,0,0,0,no run,0,,,126/2
1149574,1,14,6,Uthirasamy Sasidev,S Karthik,Raju Aushik Srinivas,0,0,0,no run,0,,,126/2
1149574,1,15,1,S Karthik,Uthirasamy Sasidev,Baba Aparajith,1,1,0,run,0,,,127/2
1149574,1,15,2,Uthirasamy Sasidev,S Karthik,Baba Aparajith,1,1,0,run,0,,,128/2
1149574,1,15,3,S Karthik,Uthirasamy Sasidev,Baba Aparajith,0,0,0,out,1,caught,S Karthik,128/3
1149574,1,15,4,S Harish Kumar,Uthirasamy Sasidev,Baba Aparajith,1,1,0,run,0,,,129/3
1149574,1,15,5,Uthirasamy Sasidev,S Harish Kumar,Baba Aparajith,0,0,0,out,1,caught,Uthirasamy Sasidev,129/4
1149574,1,15,6,Murugan Ashwin,S Harish Kumar,Baba Aparajith,0,0,0,no run,0,,,129/4
1149574,1,16,1,S Harish Kumar,Murugan Ashwin,Raju Aushik Srinivas,1,1,0,run,0,,,130/4
1149574,1,16,2,Murugan Ashwin,S Harish Kumar,Raju Aushik Srinivas,0,0,0,no run,0,,,130/4
1149574,1,16,3,Murugan Ashwin,S Harish Kumar,Raju Aushik Srinivas,1,1,0,run,0,,,131/4
1149574,1,16,4,S Harish Kumar,Murugan Ashwin,Raju Aushik Srinivas,1,1,0,run,0,,,132/4
1149574,1,16,5,Murugan Ashwin,S Harish Kumar,Raju Aushik Srinivas,1,1,0,run,0,,,133/4
1149574,1,16,6,S Harish Kumar,Murugan Ashwin,Raju Aushik Srinivas,0,0,0,out,1,stumped,S Harish Kumar,133/5
1149574,1,17,1,Murugan Ashwin,0,Baba Aparajith,6,6,0,six,0,,,139/5
1149574,1,17,2,Murugan Ashwin,0,Baba Aparajith,1,1,0,run,0,,,140/5
1149574,1,17,3,A Aarif,Murugan Ashwin,Baba Aparajith,0,0,0,no run,0,,,140/5
1149574,1,17,4,A Aarif,Murugan Ashwin,Baba Aparajith,1,1,0,run,0,,,141/5
1149574,1,17,5,Murugan Ashwin,A Aarif,Baba Aparajith,1,1,0,run,0,,,142/5
1149574,1,17,6,A Aarif,Murugan Ashwin,Baba Aparajith,1,1,0,run,0,,,143/5
1149574,1,18,1,A Aarif,Murugan Ashwin,R Divakar,1,1,0,run,0,,,144/5
1149574,1,18,2,Murugan Ashwin,A Aarif,R Divakar,1,1,0,run,0,,,145/5
1149574,1,18,3,A Aarif,Murugan Ashwin,R Divakar,1,1,0,run,0,,,146/5
1149574,1,18,4,Murugan Ashwin,A Aarif,R Divakar,0,0,0,no run,0,,,146/5
1149574,1,18,5,Murugan Ashwin,A Aarif,R Divakar,1,1,0,run,0,,,147/5
1149574,1,18,6,A Aarif,Murugan Ashwin,R Divakar,0,0,0,no run,0,,,147/5
1149574,1,19,1,Murugan Ashwin,A Aarif,Sunil Sam,6,6,0,six,0,,,153/5
1149574,1,19,2,Murugan Ashwin,A Aarif,Sunil Sam,0,0,0,no run,0,,,153/5
1149574,1,19,3,Murugan Ashwin,A Aarif,Sunil Sam,2,2,0,run,0,,,155/5
1149574,1,19,4,Murugan Ashwin,A Aarif,Sunil Sam,1,1,0,run,0,,,156/5
1149574,1,19,5,A Aarif,Murugan Ashwin,Sunil Sam,1,0,1,leg bye,0,,,157/5
1149574,1,19,6,Murugan Ashwin,A Aarif,Sunil Sam,6,6,0,six,0,,,163/5
1149574,1,20,1,A Aarif,Murugan Ashwin,R Divakar,2,2,0,run,0,,,165/5
1149574,1,20,2,A Aarif,Murugan Ashwin,R Divakar,1,1,0,run,0,,,166/5
1149574,1,20,3,Murugan Ashwin,A Aarif,R Divakar,1,1,0,run,0,,,167/5
1149574,1,20,4,A Aarif,Murugan Ashwin,R Divakar,6,6,0,six,0,,,173/5
1149574,1,20,5,A Aarif,Murugan Ashwin,R Divakar,1,1,0,run,0,,,174/5
1149574,1,20,6,Murugan Ashwin,A Aarif,R Divakar,6,6,0,six,0,,,180/5
1149574,2,1,1,K Vishal Vaidhya,0,B Arun,1,0,1,wide,0,,,1/0
1149574,2,1,2,K Vishal Vaidhya,0,B Arun,1,0,1,wide,0,,,2/0
1149574,2,1,3,K Vishal Vaidhya,0,B Arun,0,0,0,no run,0,,,2/0
1149574,2,1,4,K Vishal Vaidhya,0,B Arun,1,1,0,run,0,,,3/0
1149574,2,1,5,S Arun,K Vishal Vaidhya,B Arun,0,0,0,no run,0,,,3/0
1149574,2,1,6,S Arun,K Vishal Vaidhya,B Arun,1,1,0,run,0,,,4/0
1149574,2,1,7,K Vishal Vaidhya,S Arun,B Arun,1,1,0,run,0,,,5/0
1149574,2,1,8,S Arun,K Vishal Vaidhya,B Arun,0,0,0,no run,0,,,5/0
1149574,2,2,1,K Vishal Vaidhya,S Arun,Samruddh Bhat,0,0,0,no run,0,,,5/0
1149574,2,2,2,K Vishal Vaidhya,S Arun,Samruddh Bhat,1,1,0,run,0,,,6/0
1149574,2,2,3,S Arun,K Vishal Vaidhya,Samruddh Bhat,2,2,0,run,0,,,8/0
1149574,2,2,4,S Arun,K Vishal Vaidhya,Samruddh Bhat,6,6,0,six,0,,,14/0
1149574,2,2,5,S Arun,K Vishal Vaidhya,Samruddh Bhat,1,1,0,run,0,,,15/0
1149574,2,2,6,K Vishal Vaidhya,S Arun,Samruddh Bhat,4,4,0,four,0,,,19/0
1149574,2,3,1,S Arun,K Vishal Vaidhya,B Arun,1,1,0,run,0,,,20/0
1149574,2,3,2,K Vishal Vaidhya,S Arun,B Arun,4,4,0,four,0,,,24/0
1149574,2,3,3,K Vishal Vaidhya,S Arun,B Arun,1,1,0,run,0,,,25/0
1149574,2,3,4,S Arun,K Vishal Vaidhya,B Arun,4,4,0,four,0,,,29/0
1149574,2,3,5,S Arun,K Vishal Vaidhya,B Arun,1,1,0,run,0,,,30/0
1149574,2,3,6,K Vishal Vaidhya,S Arun,B Arun,1,1,0,run,0,,,31/0
1149574,2,4,1,K Vishal Vaidhya,S Arun,Samruddh Bhat,4,4,0,four,0,,,35/0
1149574,2,4,2,K Vishal Vaidhya,S Arun,Samruddh Bhat,1,1,0,run,0,,,36/0
1149574,2,4,3,S Arun,K Vishal Vaidhya,Samruddh Bhat,0,0,0,no run,0,,,36/0
1149574,2,4,4,S Arun,K Vishal Vaidhya,Samruddh Bhat,1,1,0,run,0,,,37/0
1149574,2,4,5,K Vishal Vaidhya,S Arun,Samruddh Bhat,1,1,0,run,0,,,38/0
1149574,2,4,6,S Arun,K Vishal Vaidhya,Samruddh Bhat,4,4,0,four,0,,,42/0
1149574,2,5,1,K Vishal Vaidhya,S Arun,S Harish Kumar,1,1,0,run,0,,,43/0
1149574,2,5,2,S Arun,K Vishal Vaidhya,S Harish Kumar,0,0,0,no run,0,,,43/0
1149574,2,5,3,S Arun,K Vishal Vaidhya,S Harish Kumar,4,4,0,four,0,,,47/0
1149574,2,5,4,S Arun,K Vishal Vaidhya,S Harish Kumar,1,1,0,run,0,,,48/0
1149574,2,5,5,K Vishal Vaidhya,S Arun,S Harish Kumar,0,0,0,no run,0,,,48/0
1149574,2,5,6,K Vishal Vaidhya,S Arun,S Harish Kumar,0,0,0,no run,0,,,48/0
1149574,2,6,1,S Arun,K Vishal Vaidhya,Samruddh Bhat,0,0,0,no run,0,,,48/0
1149574,2,6,2,S Arun,K Vishal Vaidhya,Samruddh Bhat,1,0,1,leg bye,0,,,49/0
1149574,2,6,3,K Vishal Vaidhya,S Arun,Samruddh Bhat,4,4,0,four,0,,,53/0
1149574,2,6,4,K Vishal Vaidhya,S Arun,Samruddh Bhat,0,0,0,no run,0,,,53/0
1149574,2,6,5,K Vishal Vaidhya,S Arun,Samruddh Bhat,0,0,0,out,1,caught,K Vishal Vaidhya,53/1
1149574,2,6,6,S Arun,RS Mokit Hariharan,Samruddh Bhat,1,1,0,run,0,,,54/1
1149574,2,7,1,S Arun,RS Mokit Hariharan,Moovervnthali Kasipandian Sivakumar,0,0,0,out,1,leg before wicket,S Arun,54/2
1149574,2,7,2,Baba Aparajith,RS Mokit Hariharan,Moovervnthali Kasipandian Sivakumar,0,0,0,no run,0,,,54/2
1149574,2,7,3,Baba Aparajith,RS Mokit Hariharan,Moovervnthali Kasipandian Sivakumar,1,1,0,run,0,,,55/2
1149574,2,7,4,RS Mokit Hariharan,Baba Aparajith,Moovervnthali Kasipandian Sivakumar,0,0,0,no run,0,,,55/2
1149574,2,7,5,RS Mokit Hariharan,Baba Aparajith,Moovervnthali Kasipandian Sivakumar,0,0,0,out,1,caught,RS Mokit Hariharan,55/3
1149574,2,7,6,P Francis Rokins,Baba Aparajith,Moovervnthali Kasipandian Sivakumar,2,2,0,run,0,,,57/3
1149574,2,8,1,Baba Aparajith,P Francis Rokins,Murugan Ashwin,2,2,0,run,0,,,59/3
1149574,2,8,2,Baba Aparajith,P Francis Rokins,Murugan Ashwin,1,1,0,run,0,,,60/3
1149574,2,8,3,P Francis Rokins,Baba Aparajith,Murugan Ashwin,1,1,0,run,0,,,61/3
1149574,2,8,4,Baba Aparajith,P Francis Rokins,Murugan Ashwin,1,1,0,run,0,,,62/3
1149574,2,8,5,P Francis Rokins,Baba Aparajith,Murugan Ashwin,1,1,0,run,0,,,63/3
1149574,2,8,6,Baba Aparajith,P Francis Rokins,Murugan Ashwin,1,1,0,run,0,,,64/3
1149574,2,9,1,Baba Aparajith,P Francis Rokins,Moovervnthali Kasipandian Sivakumar,4,4,0,four,0,,,68/3
1149574,2,9,2,Baba Aparajith,P Francis Rokins,Moovervnthali Kasipandian Sivakumar,0,0,0,no run,0,,,68/3
1149574,2,9,3,Baba Aparajith,P Francis Rokins,Moovervnthali Kasipandian Sivakumar,1,1,0,run,0,,,69/3
1149574,2,9,4,P Francis Rokins,Baba Aparajith,Moovervnthali Kasipandian Sivakumar,1,1,0,run,0,,,70/3
1149574,2,9,5,Baba Aparajith,P Francis Rokins,Moovervnthali Kasipandian Sivakumar,0,0,0,no run,0,,,70/3
1149574,2,9,6,Baba Aparajith,P Francis Rokins,Moovervnthali Kasipandian Sivakumar,1,1,0,run,0,,,71/3
1149574,2,10,1,Baba Aparajith,P Francis Rokins,Murugan Ashwin,1,1,0,run,0,,,72/3
1149574,2,10,2,P Francis Rokins,Baba Aparajith,Murugan Ashwin,0,0,0,no run,0,,,72/3
1149574,2,10,3,P Francis Rokins,Baba Aparajith,Murugan Ashwin,1,0,1,leg bye,0,,,73/3
1149574,2,10,4,Baba Aparajith,P Francis Rokins,Murugan Ashwin,0,0,0,out,1,caught,Baba Aparajith,73/4
1149574,2,10,5,P Francis Rokins,0,Murugan Ashwin,1,1,0,run,0,,,74/4
1149574,2,10,6,Ramsingh  Sanjay Yadav,P Francis Rokins,Murugan Ashwin,0,0,0,no run,0,,,74/4
1149574,2,11,1,P Francis Rokins,Ramsingh  Sanjay Yadav,Moovervnthali Kasipandian Sivakumar,1,1,0,run,0,,,75/4
1149574,2,11,2,Ramsingh  Sanjay Yadav,P Francis Rokins,Moovervnthali Kasipandian Sivakumar,0,0,0,no run,0,,,75/4
1149574,2,11,3,Ramsingh  Sanjay Yadav,P Francis Rokins,Moovervnthali Kasipandian Sivakumar,1,1,0,run,0,,,76/4
1149574,2,11,4,P Francis Rokins,Ramsingh  Sanjay Yadav,Moovervnthali Kasipandian Sivakumar,0,0,0,no run,0,,,76/4
1149574,2,11,5,P Francis Rokins,Ramsingh  Sanjay Yadav,Moovervnthali Kasipandian Sivakumar,6,6,0,six,0,,,82/4
1149574,2,11,6,P Francis Rokins,Ramsingh  Sanjay Yadav,Moovervnthali Kasipandian Sivakumar,0,0,0,no run,0,,,82/4
1149574,2,12,1,Ramsingh  Sanjay Yadav,P Francis Rokins,B Arun,1,1,0,run,0,,,83/4
1149574,2,12,2,P Francis Rokins,Ramsingh  Sanjay Yadav,B Arun,1,1,0,run,0,,,84/4
1149574,2,12,3,Ramsingh  Sanjay Yadav,P Francis Rokins,B Arun,6,6,0,six,0,,,90/4
1149574,2,12,4,Ramsingh  Sanjay Yadav,P Francis Rokins,B Arun,2,2,0,run,0,,,92/4
1149574,2,12,5,Ramsingh  Sanjay Yadav,P Francis Rokins,B Arun,2,2,0,run,1,run out,Ramsingh  Sanjay Yadav,94/5
1149574,2,12,6,K Deeban Lingesh,P Francis Rokins,B Arun,0,0,0,no run,0,,,94/5
1149574,2,13,1,P Francis Rokins,K Deeban Lingesh,S Harish Kumar,1,1,0,run,0,,,95/5
1149574,2,13,2,K Deeban Lingesh,P Francis Rokins,S Harish Kumar,0,0,0,no run,0,,,95/5
1149574,2,13,3,K Deeban Lingesh,P Francis Rokins,S Harish Kumar,1,1,0,run,0,,,96/5
1149574,2,13,4,P Francis Rokins,K Deeban Lingesh,S Harish Kumar,1,1,0,run,0,,,97/5
1149574,2,13,5,K Deeban Lingesh,P Francis Rokins,S Harish Kumar,6,6,0,six,0,,,103/5
1149574,2,13,6,K Deeban Lingesh,P Francis Rokins,S Harish Kumar,0,0,0,out,0,run out,P Francis Rokins,103/5
1149574,2,14,1,K Deeban Lingesh,0,Murugan Ashwin,0,0,0,no run,0,,,103/5
1149574,2,14,2,K Deeban Lingesh,0,Murugan Ashwin,0,0,0,no run,0,,,103/5
1149574,2,14,3,K Deeban Lingesh,0,Murugan Ashwin,4,4,0,four,0,,,107/5
1149574,2,14,4,K Deeban Lingesh,0,Murugan Ashwin,6,6,0,six,0,,,113/5
1149574,2,14,5,K Deeban Lingesh,0,Murugan Ashwin,1,1,0,run,0,,,114/5
1149574,2,14,6,Sunil Sam,K Deeban Lingesh,Murugan Ashwin,1,0,1,leg bye,1,,,115/6
1149574,2,15,1,Sunil Sam,K Deeban Lingesh,S Harish Kumar,1,1,0,run,0,,,116/6
1149574,2,15,2,K Deeban Lingesh,Sunil Sam,S Harish Kumar,0,0,0,out,1,caught,K Deeban Lingesh,116/7
1149574,2,15,3,Sunil Sam,0,S Harish Kumar,4,4,0,four,0,,,120/7
1149574,2,15,4,Sunil Sam,0,S Harish Kumar,6,6,0,six,0,,,126/7
1149574,2,15,5,Sunil Sam,0,S Harish Kumar,1,0,1,wide,0,,,127/7
1149574,2,15,6,Sunil Sam,0,S Harish Kumar,1,1,0,run,0,,,128/7
1149574,2,15,7,S Chandrashekar,Sunil Sam,S Harish Kumar,1,1,0,run,0,,,129/7
1149574,2,16,1,S Chandrashekar,Sunil Sam,Murugan Ashwin,0,0,0,no run,0,,,129/7
1149574,2,16,2,S Chandrashekar,Sunil Sam,Murugan Ashwin,1,1,0,run,0,,,130/7
1149574,2,16,3,Sunil Sam,S Chandrashekar,Murugan Ashwin,0,0,0,out,1,caught,Sunil Sam,130/8
1149574,2,16,4,R Divakar,S Chandrashekar,Murugan Ashwin,0,0,0,no run,0,,,130/8
1149574,2,16,5,R Divakar,S Chandrashekar,Murugan Ashwin,1,1,0,run,0,,,131/8
1149574,2,16,6,S Chandrashekar,R Divakar,Murugan Ashwin,0,0,0,no run,0,,,131/8
1149574,2,17,1,R Divakar,S Chandrashekar,V Arun Kumar,1,1,0,run,0,,,132/8
1149574,2,17,2,S Chandrashekar,R Divakar,V Arun Kumar,1,1,0,run,0,,,133/8
1149574,2,17,3,R Divakar,S Chandrashekar,V Arun Kumar,6,6,0,six,0,,,139/8
1149574,2,17,4,R Divakar,S Chandrashekar,V Arun Kumar,1,1,0,run,0,,,140/8
1149574,2,17,5,S Chandrashekar,R Divakar,V Arun Kumar,1,1,0,run,0,,,141/8
1149574,2,17,6,R Divakar,S Chandrashekar,V Arun Kumar,1,1,0,run,0,,,142/8
1149574,2,18,1,R Divakar,S Chandrashekar,Moovervnthali Kasipandian Sivakumar,0,0,0,no run,0,,,142/8
1149574,2,18,2,R Divakar,S Chandrashekar,Moovervnthali Kasipandian Sivakumar,1,1,0,run,0,,,143/8
1149574,2,18,3,S Chandrashekar,R Divakar,Moovervnthali Kasipandian Sivakumar,1,1,0,run,0,,,144/8
1149574,2,18,4,R Divakar,S Chandrashekar,Moovervnthali Kasipandian Sivakumar,0,0,0,no run,0,,,144/8
1149574,2,18,5,R Divakar,S Chandrashekar,Moovervnthali Kasipandian Sivakumar,0,0,0,no run,0,,,144/8
1149574,2,18,6,R Divakar,S Chandrashekar,Moovervnthali Kasipandian Sivakumar,1,1,0,run,0,,,145/8
1149574,2,19,1,R Divakar,S Chandrashekar,S Harish Kumar,4,4,0,four,0,,,149/8
1149574,2,19,2,R Divakar,S Chandrashekar,S Harish Kumar,2,2,0,run,0,,,151/8
1149574,2,19,3,R Divakar,S Chandrashekar,S Harish Kumar,2,2,0,run,0,,,153/8
1149574,2,19,4,R Divakar,S Chandrashekar,S Harish Kumar,0,0,0,no run,0,,,153/8
1149574,2,19,5,R Divakar,S Chandrashekar,S Harish Kumar,1,0,1,bye,0,,,154/8
1149574,2,19,6,S Chandrashekar,R Divakar,S Harish Kumar,1,0,1,wide,0,,,155/8
1149574,2,19,7,S Chandrashekar,R Divakar,S Harish Kumar,2,2,0,run,0,,,157/8
1149574,2,20,1,R Divakar,S Chandrashekar,Samruddh Bhat,1,0,1,bye,0,,,158/8
1149574,2,20,2,S Chandrashekar,R Divakar,Samruddh Bhat,4,4,0,four,0,,,162/8
1149574,2,20,3,S Chandrashekar,R Divakar,Samruddh Bhat,1,0,1,leg bye,0,,,163/8
1149574,2,20,4,R Divakar,S Chandrashekar,Samruddh Bhat,4,4,0,four,0,,,167/8
1149574,2,20,5,R Divakar,S Chandrashekar,Samruddh Bhat,0,0,0,no run,0,,,167/8
1149574,2,20,6,R Divakar,S Chandrashekar,Samruddh Bhat,0,0,0,out,1,caught,R Divakar,167/9
1149575,1,1,1,S Dinesh,0,Chandrasekar Ganapathy,1,0,1,wide,0,,,1/0
1149575,1,1,2,S Dinesh,0,Chandrasekar Ganapathy,1,1,0,run,0,,,2/0
1149575,1,1,3,Kaushik Mohan Gandhi,S Dinesh,Chandrasekar Ganapathy,1,1,0,run,0,,,3/0
1149575,1,1,4,S Dinesh,Kaushik Mohan Gandhi,Chandrasekar Ganapathy,1,1,0,run,0,,,4/0
1149575,1,1,5,Kaushik Mohan Gandhi,S Dinesh,Chandrasekar Ganapathy,0,0,0,no run,0,,,4/0
1149575,1,1,6,Kaushik Mohan Gandhi,S Dinesh,Chandrasekar Ganapathy,0,0,0,no run,0,,,4/0
1149575,1,1,7,Kaushik Mohan Gandhi,S Dinesh,Chandrasekar Ganapathy,1,1,0,run,0,,,5/0
1149575,1,2,1,Kaushik Mohan Gandhi,S Dinesh,Ramsingh Sonu Yadav,0,0,0,out,1,bowled,Kaushik Mohan Gandhi,5/1
1149575,1,2,2,Subramanian Anand,S Dinesh,Ramsingh Sonu Yadav,1,1,0,run,0,,,6/1
1149575,1,2,3,S Dinesh,Subramanian Anand,Ramsingh Sonu Yadav,0,0,0,no run,0,,,6/1
1149575,1,2,4,S Dinesh,Subramanian Anand,Ramsingh Sonu Yadav,1,0,1,wide,0,,,7/1
1149575,1,2,5,S Dinesh,Subramanian Anand,Ramsingh Sonu Yadav,0,0,0,no run,0,,,7/1
1149575,1,2,6,S Dinesh,Subramanian Anand,Ramsingh Sonu Yadav,0,0,0,no run,0,,,7/1
1149575,1,2,7,S Dinesh,Subramanian Anand,Ramsingh Sonu Yadav,4,4,0,four,0,,,11/1
1149575,1,3,1,Subramanian Anand,S Dinesh,Chandrasekar Ganapathy,1,1,0,run,0,,,12/1
1149575,1,3,2,S Dinesh,Subramanian Anand,Chandrasekar Ganapathy,1,1,0,run,0,,,13/1
1149575,1,3,3,Subramanian Anand,S Dinesh,Chandrasekar Ganapathy,0,0,0,no run,0,,,13/1
1149575,1,3,4,Subramanian Anand,S Dinesh,Chandrasekar Ganapathy,0,0,0,no run,0,,,13/1
1149575,1,3,5,Subramanian Anand,S Dinesh,Chandrasekar Ganapathy,0,0,0,no run,0,,,13/1
1149575,1,3,6,Subramanian Anand,S Dinesh,Chandrasekar Ganapathy,4,4,0,four,0,,,17/1
1149575,1,4,1,S Dinesh,Subramanian Anand,Ramsingh Sonu Yadav,1,1,0,run,0,,,18/1
1149575,1,4,2,Subramanian Anand,S Dinesh,Ramsingh Sonu Yadav,0,0,0,no run,0,,,18/1
1149575,1,4,3,Subramanian Anand,S Dinesh,Ramsingh Sonu Yadav,4,4,0,four,0,,,22/1
1149575,1,4,4,Subramanian Anand,S Dinesh,Ramsingh Sonu Yadav,0,0,0,no run,0,,,22/1
1149575,1,4,5,Subramanian Anand,S Dinesh,Ramsingh Sonu Yadav,1,1,0,run,0,,,23/1
1149575,1,4,6,S Dinesh,Subramanian Anand,Ramsingh Sonu Yadav,6,6,0,six,0,,,29/1
1149575,1,5,1,Subramanian Anand,S Dinesh,Dakshinamoorthy Tamil Kumaran,4,4,0,four,0,,,33/1
1149575,1,5,2,Subramanian Anand,S Dinesh,Dakshinamoorthy Tamil Kumaran,1,1,0,run,0,,,34/1
1149575,1,5,3,S Dinesh,Subramanian Anand,Dakshinamoorthy Tamil Kumaran,2,2,0,run,0,,,36/1
1149575,1,5,4,S Dinesh,Subramanian Anand,Dakshinamoorthy Tamil Kumaran,0,0,0,no run,0,,,36/1
1149575,1,5,5,S Dinesh,Subramanian Anand,Dakshinamoorthy Tamil Kumaran,1,1,0,run,0,,,37/1
1149575,1,5,6,Subramanian Anand,S Dinesh,Dakshinamoorthy Tamil Kumaran,4,4,0,four,0,,,41/1
1149575,1,6,1,S Dinesh,Subramanian Anand,Kannan Vignesh,1,1,0,run,0,,,42/1
1149575,1,6,2,Subramanian Anand,S Dinesh,Kannan Vignesh,0,0,0,no run,0,,,42/1
1149575,1,6,3,Subramanian Anand,S Dinesh,Kannan Vignesh,1,1,0,run,0,,,43/1
1149575,1,6,4,S Dinesh,Subramanian Anand,Kannan Vignesh,4,4,0,four,0,,,47/1
1149575,1,6,5,S Dinesh,Subramanian Anand,Kannan Vignesh,4,4,0,four,0,,,51/1
1149575,1,6,6,S Dinesh,Subramanian Anand,Kannan Vignesh,1,1,0,run,0,,,52/1
1149575,1,7,1,S Dinesh,Subramanian Anand,Dakshinamoorthy Tamil Kumaran,2,2,0,run,0,,,54/1
1149575,1,7,2,S Dinesh,Subramanian Anand,Dakshinamoorthy Tamil Kumaran,1,1,0,run,0,,,55/1
1149575,1,7,3,Subramanian Anand,S Dinesh,Dakshinamoorthy Tamil Kumaran,0,0,0,out,1,run out,S Dinesh,55/2
1149575,1,7,4,Subramanian Anand,0,Dakshinamoorthy Tamil Kumaran,1,1,0,run,0,,,56/2
1149575,1,7,5,Nidhish S Rajagopal,Subramanian Anand,Dakshinamoorthy Tamil Kumaran,0,0,0,no run,0,,,56/2
1149575,1,7,6,Nidhish S Rajagopal,Subramanian Anand,Dakshinamoorthy Tamil Kumaran,0,0,0,no run,0,,,56/2
1149575,1,8,1,Subramanian Anand,Nidhish S Rajagopal,Kannan Vignesh,0,0,0,no run,0,,,56/2
1149575,1,8,2,Subramanian Anand,Nidhish S Rajagopal,Kannan Vignesh,0,0,0,no run,0,,,56/2
1149575,1,8,3,Subramanian Anand,Nidhish S Rajagopal,Kannan Vignesh,1,1,0,run,0,,,57/2
1149575,1,8,4,Nidhish S Rajagopal,Subramanian Anand,Kannan Vignesh,0,0,0,no run,0,,,57/2
1149575,1,8,5,Nidhish S Rajagopal,Subramanian Anand,Kannan Vignesh,1,1,0,run,0,,,58/2
1149575,1,8,6,Subramanian Anand,Nidhish S Rajagopal,Kannan Vignesh,0,0,0,no run,0,,,58/2
1149575,1,9,1,Nidhish S Rajagopal,Subramanian Anand,Dakshinamoorthy Tamil Kumaran,1,1,0,run,0,,,59/2
1149575,1,9,2,Subramanian Anand,Nidhish S Rajagopal,Dakshinamoorthy Tamil Kumaran,0,0,0,out,1,caught,Subramanian Anand,59/3
1149575,1,9,3,S Abishiek,Nidhish S Rajagopal,Dakshinamoorthy Tamil Kumaran,0,0,0,no run,0,,,59/3
1149575,1,9,4,S Abishiek,Nidhish S Rajagopal,Dakshinamoorthy Tamil Kumaran,1,1,0,run,0,,,60/3
1149575,1,9,5,Nidhish S Rajagopal,S Abishiek,Dakshinamoorthy Tamil Kumaran,0,0,0,no run,0,,,60/3
1149575,1,9,6,Nidhish S Rajagopal,S Abishiek,Dakshinamoorthy Tamil Kumaran,1,1,0,run,0,,,61/3
1149575,1,10,1,Nidhish S Rajagopal,S Abishiek,DT Chandrasekar,1,1,0,run,0,,,62/3
1149575,1,10,2,S Abishiek,Nidhish S Rajagopal,DT Chandrasekar,1,1,0,run,0,,,63/3
1149575,1,10,3,Nidhish S Rajagopal,S Abishiek,DT Chandrasekar,0,0,0,no run,0,,,63/3
1149575,1,10,4,Nidhish S Rajagopal,S Abishiek,DT Chandrasekar,2,2,0,run,0,,,65/3
1149575,1,10,5,Nidhish S Rajagopal,S Abishiek,DT Chandrasekar,1,1,0,run,0,,,66/3
1149575,1,10,6,S Abishiek,Nidhish S Rajagopal,DT Chandrasekar,2,2,0,run,0,,,68/3
1149575,1,11,1,Nidhish S Rajagopal,S Abishiek,Kannan Vignesh,1,1,0,run,0,,,69/3
1149575,1,11,2,S Abishiek,Nidhish S Rajagopal,Kannan Vignesh,1,1,0,run,0,,,70/3
1149575,1,11,3,Nidhish S Rajagopal,S Abishiek,Kannan Vignesh,1,1,0,run,0,,,71/3
1149575,1,11,4,S Abishiek,Nidhish S Rajagopal,Kannan Vignesh,0,0,0,no run,0,,,71/3
1149575,1,11,5,S Abishiek,Nidhish S Rajagopal,Kannan Vignesh,2,2,0,run,0,,,73/3
1149575,1,11,6,S Abishiek,Nidhish S Rajagopal,Kannan Vignesh,6,6,0,six,0,,,79/3
1149575,1,12,1,Nidhish S Rajagopal,S Abishiek,MS Sanjay,2,0,2,wide,0,,,81/3
1149575,1,12,2,S Abishiek,Nidhish S Rajagopal,MS Sanjay,1,0,1,wide,0,,,82/3
1149575,1,12,3,S Abishiek,Nidhish S Rajagopal,MS Sanjay,1,0,1,wide,0,,,83/3
1149575,1,12,4,S Abishiek,Nidhish S Rajagopal,MS Sanjay,1,1,0,run,0,,,84/3
1149575,1,12,5,Nidhish S Rajagopal,S Abishiek,MS Sanjay,2,2,0,run,0,,,86/3
1149575,1,12,6,Nidhish S Rajagopal,S Abishiek,MS Sanjay,3,3,0,run,0,,,89/3
1149575,1,12,7,S Abishiek,Nidhish S Rajagopal,MS Sanjay,2,2,0,run,0,,,91/3
1149575,1,12,8,S Abishiek,Nidhish S Rajagopal,MS Sanjay,6,6,0,six,0,,,97/3
1149575,1,12,9,S Abishiek,Nidhish S Rajagopal,MS Sanjay,1,1,0,run,0,,,98/3
1149575,1,13,1,S Abishiek,Nidhish S Rajagopal,Kannan Vignesh,0,0,0,no run,0,,,98/3
1149575,1,13,2,S Abishiek,Nidhish S Rajagopal,Kannan Vignesh,1,1,0,run,0,,,99/3
1149575,1,13,3,Nidhish S Rajagopal,S Abishiek,Kannan Vignesh,0,0,0,no run,0,,,99/3
1149575,1,13,4,Nidhish S Rajagopal,S Abishiek,Kannan Vignesh,6,6,0,six,0,,,105/3
1149575,1,13,5,Nidhish S Rajagopal,S Abishiek,Kannan Vignesh,6,6,0,six,0,,,111/3
1149575,1,13,6,Nidhish S Rajagopal,S Abishiek,Kannan Vignesh,1,1,0,run,0,,,112/3
1149575,1,14,1,Nidhish S Rajagopal,S Abishiek,Ramsingh Sonu Yadav,1,1,0,run,0,,,113/3
1149575,1,14,2,S Abishiek,Nidhish S Rajagopal,Ramsingh Sonu Yadav,0,0,0,no run,0,,,113/3
1149575,1,14,3,S Abishiek,Nidhish S Rajagopal,Ramsingh Sonu Yadav,0,0,0,no run,0,,,113/3
1149575,1,14,4,S Abishiek,Nidhish S Rajagopal,Ramsingh Sonu Yadav,1,1,0,run,0,,,114/3
1149575,1,14,5,Nidhish S Rajagopal,S Abishiek,Ramsingh Sonu Yadav,1,1,0,run,0,,,115/3
1149575,1,14,6,S Abishiek,Nidhish S Rajagopal,Ramsingh Sonu Yadav,1,1,0,run,0,,,116/3
1149575,1,15,1,S Abishiek,Nidhish S Rajagopal,Selvam Suresh Kumar,0,0,0,no run,0,,,116/3
1149575,1,15,2,S Abishiek,Nidhish S Rajagopal,Selvam Suresh Kumar,0,0,0,no run,0,,,116/3
1149575,1,15,3,S Abishiek,Nidhish S Rajagopal,Selvam Suresh Kumar,1,1,0,run,0,,,117/3
1149575,1,15,4,Nidhish S Rajagopal,S Abishiek,Selvam Suresh Kumar,4,4,0,four,0,,,121/3
1149575,1,15,5,Nidhish S Rajagopal,S Abishiek,Selvam Suresh Kumar,1,1,0,run,0,,,122/3
1149575,1,15,6,S Abishiek,Nidhish S Rajagopal,Selvam Suresh Kumar,1,1,0,run,0,,,123/3
1149575,1,16,1,S Abishiek,Nidhish S Rajagopal,Dakshinamoorthy Tamil Kumaran,1,1,0,run,0,,,124/3
1149575,1,16,2,Nidhish S Rajagopal,S Abishiek,Dakshinamoorthy Tamil Kumaran,1,1,0,run,0,,,125/3
1149575,1,16,3,S Abishiek,Nidhish S Rajagopal,Dakshinamoorthy Tamil Kumaran,0,0,0,no run,0,,,125/3
1149575,1,16,4,S Abishiek,Nidhish S Rajagopal,Dakshinamoorthy Tamil Kumaran,1,1,0,run,0,,,126/3
1149575,1,16,5,Nidhish S Rajagopal,S Abishiek,Dakshinamoorthy Tamil Kumaran,6,6,0,six,0,,,132/3
1149575,1,16,6,Nidhish S Rajagopal,S Abishiek,Dakshinamoorthy Tamil Kumaran,0,0,0,out,1,caught,Nidhish S Rajagopal,132/4
1149575,1,17,1,Rajagopal Sathish,S Abishiek,Selvam Suresh Kumar,1,1,0,run,0,,,133/4
1149575,1,17,2,S Abishiek,Rajagopal Sathish,Selvam Suresh Kumar,1,0,1,wide,0,,,134/4
1149575,1,17,3,S Abishiek,Rajagopal Sathish,Selvam Suresh Kumar,0,0,0,no run,0,,,134/4
1149575,1,17,4,S Abishiek,Rajagopal Sathish,Selvam Suresh Kumar,0,0,0,out,1,caught,S Abishiek,134/5
1149575,1,17,5,Rajagopal Sathish,0,Selvam Suresh Kumar,1,1,0,run,0,,,135/5
1149575,1,17,6,Malolan Rangarajan,Rajagopal Sathish,Selvam Suresh Kumar,1,1,0,run,0,,,136/5
1149575,1,17,7,Rajagopal Sathish,Malolan Rangarajan,Selvam Suresh Kumar,1,0,1,wide,0,,,137/5
1149575,1,17,8,Rajagopal Sathish,Malolan Rangarajan,Selvam Suresh Kumar,1,1,0,run,0,,,138/5
1149575,1,18,1,Rajagopal Sathish,Malolan Rangarajan,Chandrasekar Ganapathy,4,4,0,four,0,,,142/5
1149575,1,18,2,Rajagopal Sathish,Malolan Rangarajan,Chandrasekar Ganapathy,1,1,0,run,0,,,143/5
1149575,1,18,3,Malolan Rangarajan,Rajagopal Sathish,Chandrasekar Ganapathy,1,1,0,run,0,,,144/5
1149575,1,18,4,Rajagopal Sathish,Malolan Rangarajan,Chandrasekar Ganapathy,1,1,0,run,0,,,145/5
1149575,1,18,5,Malolan Rangarajan,Rajagopal Sathish,Chandrasekar Ganapathy,1,1,0,run,0,,,146/5
1149575,1,18,6,Rajagopal Sathish,Malolan Rangarajan,Chandrasekar Ganapathy,1,1,0,run,0,,,147/5
1149575,1,19,1,Rajagopal Sathish,Malolan Rangarajan,Ramsingh Sonu Yadav,1,0,1,bye,0,,,148/5
1149575,1,19,2,Malolan Rangarajan,Rajagopal Sathish,Ramsingh Sonu Yadav,0,0,0,out,1,caught,Malolan Rangarajan,148/6
1149575,1,19,3,Rajagopal Sathish,0,Ramsingh Sonu Yadav,1,0,1,leg bye,0,,,149/6
1149575,1,19,4,Akash Sumra,Rajagopal Sathish,Ramsingh Sonu Yadav,1,1,0,run,0,,,150/6
1149575,1,19,5,Rajagopal Sathish,Akash Sumra,Ramsingh Sonu Yadav,1,1,0,run,0,,,151/6
1149575,1,19,6,Akash Sumra,Rajagopal Sathish,Ramsingh Sonu Yadav,1,1,0,run,0,,,152/6
1149575,1,20,1,Akash Sumra,Rajagopal Sathish,Chandrasekar Ganapathy,1,1,0,run,0,,,153/6
1149575,1,20,2,Rajagopal Sathish,Akash Sumra,Chandrasekar Ganapathy,1,1,0,run,0,,,154/6
1149575,1,20,3,Akash Sumra,Rajagopal Sathish,Chandrasekar Ganapathy,0,0,0,out,1,caught,Akash Sumra,154/7
1149575,1,20,4,Rajagopal Sathish,0,Chandrasekar Ganapathy,1,1,0,run,0,,,155/7
1149575,1,20,5,M Ganesh Moorthi,Rajagopal Sathish,Chandrasekar Ganapathy,1,0,1,bye,0,,,156/7
1149575,1,20,6,Rajagopal Sathish,M Ganesh Moorthi,Chandrasekar Ganapathy,1,0,1,bye,0,,,157/7
1149575,2,1,1,Kumaran Bharath Shankar,0,M Ganesh Moorthi,0,0,0,no run,0,,,0/0
1149575,2,1,2,Kumaran Bharath Shankar,0,M Ganesh Moorthi,1,1,0,run,0,,,1/0
1149575,2,1,3,K Mani Bharathi,Kumaran Bharath Shankar,M Ganesh Moorthi,1,1,0,run,0,,,2/0
1149575,2,1,4,Kumaran Bharath Shankar,K Mani Bharathi,M Ganesh Moorthi,4,4,0,four,0,,,6/0
1149575,2,1,5,Kumaran Bharath Shankar,K Mani Bharathi,M Ganesh Moorthi,0,0,0,no run,0,,,6/0
1149575,2,1,6,Kumaran Bharath Shankar,K Mani Bharathi,M Ganesh Moorthi,4,4,0,four,0,,,10/0
1149575,2,2,1,K Mani Bharathi,Kumaran Bharath Shankar,Rajagopal Sathish,4,4,0,four,0,,,14/0
1149575,2,2,2,K Mani Bharathi,Kumaran Bharath Shankar,Rajagopal Sathish,6,6,0,six,0,,,20/0
1149575,2,2,3,K Mani Bharathi,Kumaran Bharath Shankar,Rajagopal Sathish,1,0,1,wide,0,,,21/0
1149575,2,2,4,K Mani Bharathi,Kumaran Bharath Shankar,Rajagopal Sathish,1,1,0,run,0,,,22/0
1149575,2,2,5,Kumaran Bharath Shankar,K Mani Bharathi,Rajagopal Sathish,0,0,0,no run,0,,,22/0
1149575,2,2,6,Kumaran Bharath Shankar,K Mani Bharathi,Rajagopal Sathish,1,1,0,run,0,,,23/0
1149575,2,2,7,K Mani Bharathi,Kumaran Bharath Shankar,Rajagopal Sathish,4,4,0,four,0,,,27/0
1149575,2,3,1,Kumaran Bharath Shankar,K Mani Bharathi,M Ganesh Moorthi,4,4,0,four,0,,,31/0
1149575,2,3,2,Kumaran Bharath Shankar,K Mani Bharathi,M Ganesh Moorthi,1,1,0,run,0,,,32/0
1149575,2,3,3,K Mani Bharathi,Kumaran Bharath Shankar,M Ganesh Moorthi,4,4,0,four,0,,,36/0
1149575,2,3,4,K Mani Bharathi,Kumaran Bharath Shankar,M Ganesh Moorthi,1,1,0,run,0,,,37/0
1149575,2,3,5,Kumaran Bharath Shankar,K Mani Bharathi,M Ganesh Moorthi,1,1,0,run,0,,,38/0
1149575,2,3,6,K Mani Bharathi,Kumaran Bharath Shankar,M Ganesh Moorthi,0,0,0,no run,0,,,38/0
1149575,2,4,1,Kumaran Bharath Shankar,K Mani Bharathi,V Athisayaraj Davidson,2,2,0,run,0,,,40/0
1149575,2,4,2,Kumaran Bharath Shankar,K Mani Bharathi,V Athisayaraj Davidson,0,0,0,no run,0,,,40/0
1149575,2,4,3,Kumaran Bharath Shankar,K Mani Bharathi,V Athisayaraj Davidson,0,0,0,no run,0,,,40/0
1149575,2,4,4,Kumaran Bharath Shankar,K Mani Bharathi,V Athisayaraj Davidson,0,0,0,no run,0,,,40/0
1149575,2,4,5,Kumaran Bharath Shankar,K Mani Bharathi,V Athisayaraj Davidson,1,0,1,wide,0,,,41/0
1149575,2,4,6,Kumaran Bharath Shankar,K Mani Bharathi,V Athisayaraj Davidson,0,0,0,no run,0,,,41/0
1149575,2,4,7,Kumaran Bharath Shankar,K Mani Bharathi,V Athisayaraj Davidson,0,0,0,no run,0,,,41/0
1149575,2,5,1,K Mani Bharathi,Kumaran Bharath Shankar,Ravisrinivasan Sai Kishore,1,1,0,run,0,,,42/0
1149575,2,5,2,Kumaran Bharath Shankar,K Mani Bharathi,Ravisrinivasan Sai Kishore,0,0,0,no run,0,,,42/0
1149575,2,5,3,Kumaran Bharath Shankar,K Mani Bharathi,Ravisrinivasan Sai Kishore,0,0,0,no run,0,,,42/0
1149575,2,5,4,Kumaran Bharath Shankar,K Mani Bharathi,Ravisrinivasan Sai Kishore,4,4,0,four,0,,,46/0
1149575,2,5,5,Kumaran Bharath Shankar,K Mani Bharathi,Ravisrinivasan Sai Kishore,0,0,0,no run,0,,,46/0
1149575,2,5,6,Kumaran Bharath Shankar,K Mani Bharathi,Ravisrinivasan Sai Kishore,0,0,0,no run,0,,,46/0
1149575,2,6,1,K Mani Bharathi,Kumaran Bharath Shankar,V Athisayaraj Davidson,1,1,0,run,0,,,47/0
1149575,2,6,2,Kumaran Bharath Shankar,K Mani Bharathi,V Athisayaraj Davidson,0,0,0,no run,0,,,47/0
1149575,2,6,3,Kumaran Bharath Shankar,K Mani Bharathi,V Athisayaraj Davidson,1,1,0,run,0,,,48/0
1149575,2,6,4,K Mani Bharathi,Kumaran Bharath Shankar,V Athisayaraj Davidson,0,0,0,no run,0,,,48/0
1149575,2,6,5,K Mani Bharathi,Kumaran Bharath Shankar,V Athisayaraj Davidson,1,1,0,run,0,,,49/0
1149575,2,6,6,Kumaran Bharath Shankar,K Mani Bharathi,V Athisayaraj Davidson,4,4,0,four,0,,,53/0
1149575,2,7,1,K Mani Bharathi,Kumaran Bharath Shankar,Ravisrinivasan Sai Kishore,1,1,0,run,0,,,54/0
1149575,2,7,2,Kumaran Bharath Shankar,K Mani Bharathi,Ravisrinivasan Sai Kishore,0,0,0,no run,0,,,54/0
1149575,2,7,3,Kumaran Bharath Shankar,K Mani Bharathi,Ravisrinivasan Sai Kishore,4,4,0,four,0,,,58/0
1149575,2,7,4,Kumaran Bharath Shankar,K Mani Bharathi,Ravisrinivasan Sai Kishore,2,2,0,run,0,,,60/0
1149575,2,7,5,Kumaran Bharath Shankar,K Mani Bharathi,Ravisrinivasan Sai Kishore,1,1,0,run,0,,,61/0
1149575,2,7,6,K Mani Bharathi,Kumaran Bharath Shankar,Ravisrinivasan Sai Kishore,1,0,1,leg bye,0,,,62/0
1149575,2,8,1,K Mani Bharathi,Kumaran Bharath Shankar,Akash Sumra,0,0,0,no run,0,,,62/0
1149575,2,8,2,K Mani Bharathi,Kumaran Bharath Shankar,Akash Sumra,1,1,0,run,0,,,63/0
1149575,2,8,3,Kumaran Bharath Shankar,K Mani Bharathi,Akash Sumra,1,1,0,run,0,,,64/0
1149575,2,8,4,K Mani Bharathi,Kumaran Bharath Shankar,Akash Sumra,0,0,0,no run,0,,,64/0
1149575,2,8,5,K Mani Bharathi,Kumaran Bharath Shankar,Akash Sumra,0,0,0,no run,0,,,64/0
1149575,2,8,6,K Mani Bharathi,Kumaran Bharath Shankar,Akash Sumra,0,0,0,no run,0,,,64/0
1149575,2,9,1,Kumaran Bharath Shankar,K Mani Bharathi,M Ganesh Moorthi,1,1,0,run,0,,,65/0
1149575,2,9,2,K Mani Bharathi,Kumaran Bharath Shankar,M Ganesh Moorthi,0,0,0,out,1,caught,K Mani Bharathi,65/1
1149575,2,9,3,Kumaran Bharath Shankar,0,M Ganesh Moorthi,1,1,0,run,0,,,66/1
1149575,2,9,4,Baba Indrajith,Kumaran Bharath Shankar,M Ganesh Moorthi,1,1,0,run,0,,,67/1
1149575,2,9,5,Kumaran Bharath Shankar,Baba Indrajith,M Ganesh Moorthi,1,1,0,run,0,,,68/1
1149575,2,9,6,Baba Indrajith,Kumaran Bharath Shankar,M Ganesh Moorthi,0,0,0,no run,0,,,68/1
1149575,2,10,1,Kumaran Bharath Shankar,Baba Indrajith,Akash Sumra,0,0,0,no run,0,,,68/1
1149575,2,10,2,Kumaran Bharath Shankar,Baba Indrajith,Akash Sumra,6,6,0,six,0,,,74/1
1149575,2,10,3,Kumaran Bharath Shankar,Baba Indrajith,Akash Sumra,4,4,0,four,0,,,78/1
1149575,2,10,4,Kumaran Bharath Shankar,Baba Indrajith,Akash Sumra,1,1,0,run,0,,,79/1
1149575,2,10,5,Baba Indrajith,Kumaran Bharath Shankar,Akash Sumra,0,0,0,no run,0,,,79/1
1149575,2,10,6,Baba Indrajith,Kumaran Bharath Shankar,Akash Sumra,1,1,0,run,0,,,80/1
1149575,2,11,1,Baba Indrajith,Kumaran Bharath Shankar,M Ganesh Moorthi,1,1,0,run,0,,,81/1
1149575,2,11,2,Kumaran Bharath Shankar,Baba Indrajith,M Ganesh Moorthi,1,1,0,run,0,,,82/1
1149575,2,11,3,Baba Indrajith,Kumaran Bharath Shankar,M Ganesh Moorthi,1,1,0,run,0,,,83/1
1149575,2,11,4,Kumaran Bharath Shankar,Baba Indrajith,M Ganesh Moorthi,1,1,0,run,0,,,84/1
1149575,2,11,5,Baba Indrajith,Kumaran Bharath Shankar,M Ganesh Moorthi,1,1,0,run,0,,,85/1
1149575,2,11,6,Kumaran Bharath Shankar,Baba Indrajith,M Ganesh Moorthi,0,0,0,out,1,bowled,Kumaran Bharath Shankar,85/2
1149575,2,12,1,Baba Indrajith,0,Malolan Rangarajan,0,0,0,no run,0,,,85/2
1149575,2,12,2,Baba Indrajith,0,Malolan Rangarajan,1,1,0,run,0,,,86/2
1149575,2,12,3,Selvam Suresh Kumar,Baba Indrajith,Malolan Rangarajan,0,0,0,no run,0,,,86/2
1149575,2,12,4,Selvam Suresh Kumar,Baba Indrajith,Malolan Rangarajan,0,0,0,out,1,caught,Selvam Suresh Kumar,86/3
1149575,2,12,5,Chandrasekar Ganapathy,Baba Indrajith,Malolan Rangarajan,1,1,0,run,0,,,87/3
1149575,2,12,6,Baba Indrajith,Chandrasekar Ganapathy,Malolan Rangarajan,1,1,0,run,0,,,88/3
1149575,2,13,1,Baba Indrajith,Chandrasekar Ganapathy,Ravisrinivasan Sai Kishore,0,0,0,no run,0,,,88/3
1149575,2,13,2,Baba Indrajith,Chandrasekar Ganapathy,Ravisrinivasan Sai Kishore,1,1,0,run,0,,,89/3
1149575,2,13,3,Chandrasekar Ganapathy,Baba Indrajith,Ravisrinivasan Sai Kishore,0,0,0,no run,0,,,89/3
1149575,2,13,4,Chandrasekar Ganapathy,Baba Indrajith,Ravisrinivasan Sai Kishore,1,1,0,run,0,,,90/3
1149575,2,13,5,Baba Indrajith,Chandrasekar Ganapathy,Ravisrinivasan Sai Kishore,1,1,0,run,0,,,91/3
1149575,2,13,6,Chandrasekar Ganapathy,Baba Indrajith,Ravisrinivasan Sai Kishore,1,1,0,run,0,,,92/3
1149575,2,14,1,Chandrasekar Ganapathy,Baba Indrajith,Malolan Rangarajan,1,1,0,run,0,,,93/3
1149575,2,14,2,Baba Indrajith,Chandrasekar Ganapathy,Malolan Rangarajan,1,1,0,run,0,,,94/3
1149575,2,14,3,Chandrasekar Ganapathy,Baba Indrajith,Malolan Rangarajan,1,1,0,run,0,,,95/3
1149575,2,14,4,Baba Indrajith,Chandrasekar Ganapathy,Malolan Rangarajan,1,1,0,run,0,,,96/3
1149575,2,14,5,Chandrasekar Ganapathy,Baba Indrajith,Malolan Rangarajan,1,1,0,run,0,,,97/3
1149575,2,14,6,Baba Indrajith,Chandrasekar Ganapathy,Malolan Rangarajan,6,6,0,six,0,,,103/3
1149575,2,15,1,Chandrasekar Ganapathy,Baba Indrajith,V Athisayaraj Davidson,1,1,0,run,0,,,104/3
1149575,2,15,2,Baba Indrajith,Chandrasekar Ganapathy,V Athisayaraj Davidson,1,0,1,wide,0,,,105/3
1149575,2,15,3,Baba Indrajith,Chandrasekar Ganapathy,V Athisayaraj Davidson,1,1,0,run,0,,,106/3
1149575,2,15,4,Chandrasekar Ganapathy,Baba Indrajith,V Athisayaraj Davidson,1,1,0,run,0,,,107/3
1149575,2,15,5,Baba Indrajith,Chandrasekar Ganapathy,V Athisayaraj Davidson,1,1,0,run,0,,,108/3
1149575,2,15,6,Chandrasekar Ganapathy,Baba Indrajith,V Athisayaraj Davidson,1,1,0,run,0,,,109/3
1149575,2,15,7,Baba Indrajith,Chandrasekar Ganapathy,V Athisayaraj Davidson,2,2,0,run,0,,,111/3
1149575,2,16,1,Chandrasekar Ganapathy,Baba Indrajith,Akash Sumra,1,1,0,run,0,,,112/3
1149575,2,16,2,Baba Indrajith,Chandrasekar Ganapathy,Akash Sumra,0,0,0,no run,0,,,112/3
1149575,2,16,3,Baba Indrajith,Chandrasekar Ganapathy,Akash Sumra,6,6,0,six,0,,,118/3
1149575,2,16,4,Baba Indrajith,Chandrasekar Ganapathy,Akash Sumra,2,2,0,run,0,,,120/3
1149575,2,16,5,Baba Indrajith,Chandrasekar Ganapathy,Akash Sumra,1,1,0,run,0,,,121/3
1149575,2,16,6,Chandrasekar Ganapathy,Baba Indrajith,Akash Sumra,1,1,0,run,0,,,122/3
1149575,2,17,1,Chandrasekar Ganapathy,Baba Indrajith,Ravisrinivasan Sai Kishore,1,1,0,run,0,,,123/3
1149575,2,17,2,Baba Indrajith,Chandrasekar Ganapathy,Ravisrinivasan Sai Kishore,2,2,0,run,0,,,125/3
1149575,2,17,3,Baba Indrajith,Chandrasekar Ganapathy,Ravisrinivasan Sai Kishore,6,6,0,six,0,,,131/3
1149575,2,17,4,Baba Indrajith,Chandrasekar Ganapathy,Ravisrinivasan Sai Kishore,1,1,0,run,0,,,132/3
1149575,2,17,5,Chandrasekar Ganapathy,Baba Indrajith,Ravisrinivasan Sai Kishore,2,2,0,run,0,,,134/3
1149575,2,17,6,Chandrasekar Ganapathy,Baba Indrajith,Ravisrinivasan Sai Kishore,0,0,0,no run,0,,,134/3
1149575,2,18,1,Baba Indrajith,Chandrasekar Ganapathy,Malolan Rangarajan,4,4,0,four,0,,,138/3
1149575,2,18,2,Baba Indrajith,Chandrasekar Ganapathy,Malolan Rangarajan,1,1,0,run,0,,,139/3
1149575,2,18,3,Chandrasekar Ganapathy,Baba Indrajith,Malolan Rangarajan,1,1,0,run,0,,,140/3
1149575,2,18,4,Baba Indrajith,Chandrasekar Ganapathy,Malolan Rangarajan,1,1,0,run,0,,,141/3
1149575,2,18,5,Chandrasekar Ganapathy,Baba Indrajith,Malolan Rangarajan,2,2,0,run,0,,,143/3
1149575,2,18,6,Chandrasekar Ganapathy,Baba Indrajith,Malolan Rangarajan,1,1,0,run,0,,,144/3
1149575,2,19,1,Chandrasekar Ganapathy,Baba Indrajith,V Athisayaraj Davidson,1,1,0,run,0,,,145/3
1149575,2,19,2,Baba Indrajith,Chandrasekar Ganapathy,V Athisayaraj Davidson,0,0,0,no run,0,,,145/3
1149575,2,19,3,Baba Indrajith,Chandrasekar Ganapathy,V Athisayaraj Davidson,4,4,0,four,0,,,149/3
1149575,2,19,4,Baba Indrajith,Chandrasekar Ganapathy,V Athisayaraj Davidson,1,1,0,run,0,,,150/3
1149575,2,19,5,Chandrasekar Ganapathy,Baba Indrajith,V Athisayaraj Davidson,4,4,0,four,0,,,154/3
1149575,2,19,6,Chandrasekar Ganapathy,Baba Indrajith,V Athisayaraj Davidson,4,4,0,four,0,,,158/3
1149576,1,1,1,0,0,Abhishek Baljeetsingh Tanwar,0,0,0,no run,0,,,0/0
1149576,1,1,2,0,0,Abhishek Baljeetsingh Tanwar,4,4,0,four,0,,,4/0
1149576,1,1,3,0,0,Abhishek Baljeetsingh Tanwar,1,1,0,run,0,,,5/0
1149576,1,1,4,Srikkanth Anirudha,0,Abhishek Baljeetsingh Tanwar,0,0,0,no run,0,,,5/0
1149576,1,1,5,Srikkanth Anirudha,0,Abhishek Baljeetsingh Tanwar,0,0,0,no run,0,,,5/0
1149576,1,1,6,Srikkanth Anirudha,0,Abhishek Baljeetsingh Tanwar,0,0,0,no run,0,,,5/0
1149576,1,2,1,0,Srikkanth Anirudha,L Kiran Akash,4,4,0,four,0,,,9/0
1149576,1,2,2,0,Srikkanth Anirudha,L Kiran Akash,1,1,0,run,0,,,10/0
1149576,1,2,3,Srikkanth Anirudha,0,L Kiran Akash,0,0,0,no run,0,,,10/0
1149576,1,2,4,Srikkanth Anirudha,0,L Kiran Akash,1,1,0,run,0,,,11/0
1149576,1,2,5,0,Srikkanth Anirudha,L Kiran Akash,0,0,0,no run,0,,,11/0
1149576,1,2,6,0,Srikkanth Anirudha,L Kiran Akash,1,1,0,run,0,,,12/0
1149576,1,3,1,0,Srikkanth Anirudha,Abhishek Baljeetsingh Tanwar,4,4,0,four,0,,,16/0
1149576,1,3,2,0,Srikkanth Anirudha,Abhishek Baljeetsingh Tanwar,0,0,0,no run,0,,,16/0
1149576,1,3,3,0,Srikkanth Anirudha,Abhishek Baljeetsingh Tanwar,4,4,0,four,0,,,20/0
1149576,1,3,4,0,Srikkanth Anirudha,Abhishek Baljeetsingh Tanwar,0,0,0,no run,0,,,20/0
1149576,1,3,5,0,Srikkanth Anirudha,Abhishek Baljeetsingh Tanwar,0,0,0,no run,0,,,20/0
1149576,1,3,6,0,Srikkanth Anirudha,Abhishek Baljeetsingh Tanwar,4,4,0,four,0,,,24/0
1149576,1,4,1,Srikkanth Anirudha,0,L Kiran Akash,4,4,0,four,0,,,28/0
1149576,1,4,2,Srikkanth Anirudha,0,L Kiran Akash,1,1,0,run,0,,,29/0
1149576,1,4,3,0,Srikkanth Anirudha,L Kiran Akash,1,1,0,run,0,,,30/0
1149576,1,4,4,Srikkanth Anirudha,0,L Kiran Akash,4,4,0,four,0,,,34/0
1149576,1,4,5,Srikkanth Anirudha,0,L Kiran Akash,0,0,0,no run,0,,,34/0
1149576,1,4,6,Srikkanth Anirudha,0,L Kiran Akash,0,0,0,no run,0,,,34/0
1149576,1,5,1,0,Srikkanth Anirudha,Varun Chakravarthy Vinod,1,1,0,run,0,,,35/0
1149576,1,5,2,Srikkanth Anirudha,0,Varun Chakravarthy Vinod,0,0,0,no run,0,,,35/0
1149576,1,5,3,Srikkanth Anirudha,0,Varun Chakravarthy Vinod,0,0,0,no run,0,,,35/0
1149576,1,5,4,Srikkanth Anirudha,0,Varun Chakravarthy Vinod,0,0,0,no run,0,,,35/0
1149576,1,5,5,Srikkanth Anirudha,0,Varun Chakravarthy Vinod,0,0,0,no run,0,,,35/0
1149576,1,5,6,Srikkanth Anirudha,0,Varun Chakravarthy Vinod,0,0,0,no run,0,,,35/0
1149576,1,6,1,0,Srikkanth Anirudha,L Kiran Akash,0,0,0,out,1,,,35/1
1149576,1,6,2,Maan K Bafna,Srikkanth Anirudha,L Kiran Akash,1,1,0,run,0,,,36/1
1149576,1,6,3,Srikkanth Anirudha,Maan K Bafna,L Kiran Akash,6,6,0,six,0,,,42/1
1149576,1,6,4,Srikkanth Anirudha,Maan K Bafna,L Kiran Akash,2,2,0,run,0,,,44/1
1149576,1,6,5,Srikkanth Anirudha,Maan K Bafna,L Kiran Akash,1,1,0,run,0,,,45/1
1149576,1,6,6,Maan K Bafna,Srikkanth Anirudha,L Kiran Akash,0,0,0,no run,0,,,45/1
1149576,1,7,1,Srikkanth Anirudha,Maan K Bafna,Varun Chakravarthy Vinod,1,0,1,wide,0,,,46/1
1149576,1,7,2,Srikkanth Anirudha,Maan K Bafna,Varun Chakravarthy Vinod,1,1,0,run,0,,,47/1
1149576,1,7,3,Maan K Bafna,Srikkanth Anirudha,Varun Chakravarthy Vinod,1,1,0,run,0,,,48/1
1149576,1,7,4,Srikkanth Anirudha,Maan K Bafna,Varun Chakravarthy Vinod,1,1,0,run,0,,,49/1
1149576,1,7,5,Maan K Bafna,Srikkanth Anirudha,Varun Chakravarthy Vinod,0,0,0,no run,0,,,49/1
1149576,1,7,6,Maan K Bafna,Srikkanth Anirudha,Varun Chakravarthy Vinod,0,0,0,no run,0,,,49/1
1149576,1,7,7,Maan K Bafna,Srikkanth Anirudha,Varun Chakravarthy Vinod,4,4,0,four,0,,,53/1
1149576,1,8,1,Srikkanth Anirudha,Maan K Bafna,Rahil S Shah,1,1,0,run,0,,,54/1
1149576,1,8,2,Maan K Bafna,Srikkanth Anirudha,Rahil S Shah,1,1,0,run,0,,,55/1
1149576,1,8,3,Srikkanth Anirudha,Maan K Bafna,Rahil S Shah,1,1,0,run,0,,,56/1
1149576,1,8,4,Maan K Bafna,Srikkanth Anirudha,Rahil S Shah,1,1,0,run,0,,,57/1
1149576,1,8,5,Srikkanth Anirudha,Maan K Bafna,Rahil S Shah,0,0,0,no run,0,,,57/1
1149576,1,8,6,Srikkanth Anirudha,Maan K Bafna,Rahil S Shah,1,1,0,run,0,,,58/1
1149576,1,9,1,Srikkanth Anirudha,Maan K Bafna,Jagatheesan Kousik,1,1,0,run,0,,,59/1
1149576,1,9,2,Maan K Bafna,Srikkanth Anirudha,Jagatheesan Kousik,1,1,0,run,0,,,60/1
1149576,1,9,3,Srikkanth Anirudha,Maan K Bafna,Jagatheesan Kousik,1,1,0,run,0,,,61/1
1149576,1,9,4,Maan K Bafna,Srikkanth Anirudha,Jagatheesan Kousik,4,4,0,four,0,,,65/1
1149576,1,9,5,Maan K Bafna,Srikkanth Anirudha,Jagatheesan Kousik,1,1,0,run,0,,,66/1
1149576,1,9,6,Srikkanth Anirudha,Maan K Bafna,Jagatheesan Kousik,1,0,1,wide,0,,,67/1
1149576,1,9,7,Srikkanth Anirudha,Maan K Bafna,Jagatheesan Kousik,1,1,0,run,0,,,68/1
1149576,1,10,1,Srikkanth Anirudha,Maan K Bafna,Rahil S Shah,4,4,0,four,0,,,72/1
1149576,1,10,2,Srikkanth Anirudha,Maan K Bafna,Rahil S Shah,1,1,0,run,0,,,73/1
1149576,1,10,3,Maan K Bafna,Srikkanth Anirudha,Rahil S Shah,0,0,0,no run,0,,,73/1
1149576,1,10,4,Maan K Bafna,Srikkanth Anirudha,Rahil S Shah,1,1,0,run,0,,,74/1
1149576,1,10,5,Srikkanth Anirudha,Maan K Bafna,Rahil S Shah,1,1,0,run,0,,,75/1
1149576,1,10,6,Maan K Bafna,Srikkanth Anirudha,Rahil S Shah,1,1,0,run,0,,,76/1
1149576,1,11,1,Maan K Bafna,Srikkanth Anirudha,Jagatheesan Kousik,1,0,1,leg bye,0,,,77/1
1149576,1,11,2,Srikkanth Anirudha,Maan K Bafna,Jagatheesan Kousik,2,2,0,run,0,,,79/1
1149576,1,11,3,Srikkanth Anirudha,Maan K Bafna,Jagatheesan Kousik,1,1,0,run,0,,,80/1
1149576,1,11,4,Maan K Bafna,Srikkanth Anirudha,Jagatheesan Kousik,1,1,0,run,0,,,81/1
1149576,1,11,5,Srikkanth Anirudha,Maan K Bafna,Jagatheesan Kousik,1,1,0,run,0,,,82/1
1149576,1,11,6,Maan K Bafna,Srikkanth Anirudha,Jagatheesan Kousik,0,0,0,out,1,caught,Maan K Bafna,82/2
1149576,1,12,1,M Shajahan,Srikkanth Anirudha,Varun Chakravarthy Vinod,1,1,0,run,0,,,83/2
1149576,1,12,2,Srikkanth Anirudha,M Shajahan,Varun Chakravarthy Vinod,1,1,0,run,0,,,84/2
1149576,1,12,3,M Shajahan,Srikkanth Anirudha,Varun Chakravarthy Vinod,0,0,0,out,1,bowled,M Shajahan,84/3
1149576,1,12,4,Rajhamany Srinivasan,Srikkanth Anirudha,Varun Chakravarthy Vinod,1,1,0,run,0,,,85/3
1149576,1,12,5,Srikkanth Anirudha,Rajhamany Srinivasan,Varun Chakravarthy Vinod,1,1,0,run,0,,,86/3
1149576,1,12,6,Rajhamany Srinivasan,Srikkanth Anirudha,Varun Chakravarthy Vinod,1,1,0,run,0,,,87/3
1149576,1,13,1,Rajhamany Srinivasan,Srikkanth Anirudha,Jagatheesan Kousik,1,1,0,run,0,,,88/3
1149576,1,13,2,Srikkanth Anirudha,Rajhamany Srinivasan,Jagatheesan Kousik,0,0,0,no run,0,,,88/3
1149576,1,13,3,Srikkanth Anirudha,Rajhamany Srinivasan,Jagatheesan Kousik,6,6,0,six,0,,,94/3
1149576,1,13,4,Srikkanth Anirudha,Rajhamany Srinivasan,Jagatheesan Kousik,0,0,0,no run,0,,,94/3
1149576,1,13,5,Srikkanth Anirudha,Rajhamany Srinivasan,Jagatheesan Kousik,1,1,0,run,0,,,95/3
1149576,1,13,6,Rajhamany Srinivasan,Srikkanth Anirudha,Jagatheesan Kousik,0,0,0,no run,0,,,95/3
1149576,1,14,1,Srikkanth Anirudha,Rajhamany Srinivasan,Rahil S Shah,1,1,0,run,0,,,96/3
1149576,1,14,2,Rajhamany Srinivasan,Srikkanth Anirudha,Rahil S Shah,1,1,0,run,0,,,97/3
1149576,1,14,3,Srikkanth Anirudha,Rajhamany Srinivasan,Rahil S Shah,0,0,0,no run,0,,,97/3
1149576,1,14,4,Srikkanth Anirudha,Rajhamany Srinivasan,Rahil S Shah,1,1,0,run,0,,,98/3
1149576,1,14,5,Rajhamany Srinivasan,Srikkanth Anirudha,Rahil S Shah,4,4,0,four,0,,,102/3
1149576,1,14,6,Rajhamany Srinivasan,Srikkanth Anirudha,Rahil S Shah,1,1,0,run,0,,,103/3
1149576,1,15,1,Rajhamany Srinivasan,Srikkanth Anirudha,Jagatheesan Kousik,1,1,0,run,0,,,104/3
1149576,1,15,2,Srikkanth Anirudha,Rajhamany Srinivasan,Jagatheesan Kousik,0,0,0,out,1,caught,Srikkanth Anirudha,104/4
1149576,1,15,3,Rajhamany Srinivasan,0,Jagatheesan Kousik,1,1,0,run,0,,,105/4
1149576,1,15,4,R Rajkumar,Rajhamany Srinivasan,Jagatheesan Kousik,6,6,0,six,0,,,111/4
1149576,1,15,5,R Rajkumar,Rajhamany Srinivasan,Jagatheesan Kousik,4,4,0,four,0,,,115/4
1149576,1,15,6,R Rajkumar,Rajhamany Srinivasan,Jagatheesan Kousik,1,1,0,run,0,,,116/4
1149576,1,16,1,R Rajkumar,Rajhamany Srinivasan,Rahil S Shah,1,1,0,run,0,,,117/4
1149576,1,16,2,Rajhamany Srinivasan,R Rajkumar,Rahil S Shah,1,1,0,run,0,,,118/4
1149576,1,16,3,R Rajkumar,Rajhamany Srinivasan,Rahil S Shah,1,1,0,run,0,,,119/4
1149576,1,16,4,Rajhamany Srinivasan,R Rajkumar,Rahil S Shah,1,1,0,run,0,,,120/4
1149576,1,16,5,R Rajkumar,Rajhamany Srinivasan,Rahil S Shah,1,1,0,run,0,,,121/4
1149576,1,16,6,Rajhamany Srinivasan,R Rajkumar,Rahil S Shah,4,4,0,four,0,,,125/4
1149576,1,17,1,R Rajkumar,Rajhamany Srinivasan,L Kiran Akash,0,0,0,no run,0,,,125/4
1149576,1,17,2,R Rajkumar,Rajhamany Srinivasan,L Kiran Akash,1,0,1,wide,0,,,126/4
1149576,1,17,3,R Rajkumar,Rajhamany Srinivasan,L Kiran Akash,6,6,0,six,0,,,132/4
1149576,1,17,4,R Rajkumar,Rajhamany Srinivasan,L Kiran Akash,0,0,0,out,1,caught,R Rajkumar,132/5
1149576,1,17,5,Rajhamany Srinivasan,0,L Kiran Akash,1,1,0,run,0,,,133/5
1149576,1,17,6,R Kavin,Rajhamany Srinivasan,L Kiran Akash,1,1,0,run,0,,,134/5
1149576,1,17,7,Rajhamany Srinivasan,R Kavin,L Kiran Akash,1,1,0,run,0,,,135/5
1149576,1,18,1,Rajhamany Srinivasan,R Kavin,Abhishek Baljeetsingh Tanwar,1,1,0,run,0,,,136/5
1149576,1,18,2,R Kavin,Rajhamany Srinivasan,Abhishek Baljeetsingh Tanwar,4,4,0,four,0,,,140/5
1149576,1,18,3,R Kavin,Rajhamany Srinivasan,Abhishek Baljeetsingh Tanwar,1,1,0,run,1,run out,R Kavin,141/6
1149576,1,18,4,Vijaykumar Yo Mahesh,Rajhamany Srinivasan,Abhishek Baljeetsingh Tanwar,1,1,0,run,0,,,142/6
1149576,1,18,5,Rajhamany Srinivasan,Vijaykumar Yo Mahesh,Abhishek Baljeetsingh Tanwar,1,1,0,run,0,,,143/6
1149576,1,18,6,Vijaykumar Yo Mahesh,Rajhamany Srinivasan,Abhishek Baljeetsingh Tanwar,2,2,0,run,0,,,145/6
1149576,1,19,1,Rajhamany Srinivasan,Vijaykumar Yo Mahesh,Varun Chakravarthy Vinod,2,2,0,run,0,,,147/6
1149576,1,19,2,Rajhamany Srinivasan,Vijaykumar Yo Mahesh,Varun Chakravarthy Vinod,0,0,0,no run,0,,,147/6
1149576,1,19,3,Rajhamany Srinivasan,Vijaykumar Yo Mahesh,Varun Chakravarthy Vinod,1,0,1,bye,0,,,148/6
1149576,1,19,4,Vijaykumar Yo Mahesh,Rajhamany Srinivasan,Varun Chakravarthy Vinod,0,0,0,out,1,bowled,Vijaykumar Yo Mahesh,148/7
1149576,1,19,5,Ashwath Mukunthan,Rajhamany Srinivasan,Varun Chakravarthy Vinod,0,0,0,no run,0,,,148/7
1149576,1,19,6,Ashwath Mukunthan,Rajhamany Srinivasan,Varun Chakravarthy Vinod,0,0,0,no run,0,,,148/7
1149576,1,20,1,Rajhamany Srinivasan,Ashwath Mukunthan,Abhishek Baljeetsingh Tanwar,0,0,0,out,1,caught,Rajhamany Srinivasan,148/8
1149576,1,20,2,Ashwath Mukunthan,0,Abhishek Baljeetsingh Tanwar,2,2,0,run,0,,,150/8
1149576,1,20,3,Ashwath Mukunthan,0,Abhishek Baljeetsingh Tanwar,1,1,0,run,0,,,151/8
1149576,1,20,4,S Kishan Kumar,Ashwath Mukunthan,Abhishek Baljeetsingh Tanwar,4,4,0,four,0,,,155/8
1149576,1,20,5,S Kishan Kumar,Ashwath Mukunthan,Abhishek Baljeetsingh Tanwar,1,1,0,run,0,,,156/8
1149576,1,20,6,Ashwath Mukunthan,S Kishan Kumar,Abhishek Baljeetsingh Tanwar,1,0,1,wide,0,,,157/8
1149576,1,20,7,Ashwath Mukunthan,S Kishan Kumar,Abhishek Baljeetsingh Tanwar,1,0,1,wide,1,run out,S Kishan Kumar,158/9
1149576,1,20,8,S Mohan Prasath,Ashwath Mukunthan,Abhishek Baljeetsingh Tanwar,0,0,0,out,1,caught,S Mohan Prasath,158/10
1149576,2,1,1,Konda Bhaskir Arun Karthik,0,Vijaykumar Yo Mahesh,0,0,0,no run,0,,,0/0
1149576,2,1,2,Konda Bhaskir Arun Karthik,0,Vijaykumar Yo Mahesh,4,4,0,four,0,,,4/0
1149576,2,1,3,Konda Bhaskir Arun Karthik,0,Vijaykumar Yo Mahesh,3,3,0,run,0,,,7/0
1149576,2,1,4,0,Konda Bhaskir Arun Karthik,Vijaykumar Yo Mahesh,0,0,0,out,1,,,7/1
1149576,2,1,5,R Nilesh Subramanian,Konda Bhaskir Arun Karthik,Vijaykumar Yo Mahesh,0,0,0,no run,0,,,7/1
1149576,2,1,6,R Nilesh Subramanian,Konda Bhaskir Arun Karthik,Vijaykumar Yo Mahesh,0,0,0,no run,0,,,7/1
1149576,2,2,1,Konda Bhaskir Arun Karthik,R Nilesh Subramanian,Ashwath Mukunthan,2,2,0,run,0,,,9/1
1149576,2,2,2,Konda Bhaskir Arun Karthik,R Nilesh Subramanian,Ashwath Mukunthan,4,4,0,four,0,,,13/1
1149576,2,2,3,Konda Bhaskir Arun Karthik,R Nilesh Subramanian,Ashwath Mukunthan,0,0,0,no run,0,,,13/1
1149576,2,2,4,Konda Bhaskir Arun Karthik,R Nilesh Subramanian,Ashwath Mukunthan,4,4,0,four,0,,,17/1
1149576,2,2,5,Konda Bhaskir Arun Karthik,R Nilesh Subramanian,Ashwath Mukunthan,1,1,0,run,0,,,18/1
1149576,2,2,6,R Nilesh Subramanian,Konda Bhaskir Arun Karthik,Ashwath Mukunthan,0,0,0,no run,0,,,18/1
1149576,2,3,1,Konda Bhaskir Arun Karthik,R Nilesh Subramanian,Vijaykumar Yo Mahesh,4,4,0,four,0,,,22/1
1149576,2,3,2,Konda Bhaskir Arun Karthik,R Nilesh Subramanian,Vijaykumar Yo Mahesh,1,1,0,run,0,,,23/1
1149576,2,3,3,R Nilesh Subramanian,Konda Bhaskir Arun Karthik,Vijaykumar Yo Mahesh,1,0,1,wide,0,,,24/1
1149576,2,3,4,R Nilesh Subramanian,Konda Bhaskir Arun Karthik,Vijaykumar Yo Mahesh,1,1,0,run,0,,,25/1
1149576,2,3,5,Konda Bhaskir Arun Karthik,R Nilesh Subramanian,Vijaykumar Yo Mahesh,1,1,0,run,0,,,26/1
1149576,2,3,6,R Nilesh Subramanian,Konda Bhaskir Arun Karthik,Vijaykumar Yo Mahesh,0,0,0,no run,0,,,26/1
1149576,2,3,7,R Nilesh Subramanian,Konda Bhaskir Arun Karthik,Vijaykumar Yo Mahesh,1,1,0,run,0,,,27/1
1149576,2,4,1,R Nilesh Subramanian,Konda Bhaskir Arun Karthik,S Mohan Prasath,0,0,0,out,1,caught,R Nilesh Subramanian,27/2
1149576,2,4,2,Xavier Thalaivan Sargunam,Konda Bhaskir Arun Karthik,S Mohan Prasath,1,1,0,run,0,,,28/2
1149576,2,4,3,Konda Bhaskir Arun Karthik,Xavier Thalaivan Sargunam,S Mohan Prasath,1,1,0,run,0,,,29/2
1149576,2,4,4,Xavier Thalaivan Sargunam,Konda Bhaskir Arun Karthik,S Mohan Prasath,0,0,0,no run,0,,,29/2
1149576,2,4,5,Xavier Thalaivan Sargunam,Konda Bhaskir Arun Karthik,S Mohan Prasath,0,0,0,no run,0,,,29/2
1149576,2,4,6,Xavier Thalaivan Sargunam,Konda Bhaskir Arun Karthik,S Mohan Prasath,0,0,0,no run,0,,,29/2
1149576,2,5,1,Konda Bhaskir Arun Karthik,Xavier Thalaivan Sargunam,Maan K Bafna,1,1,0,run,0,,,30/2
1149576,2,5,2,Xavier Thalaivan Sargunam,Konda Bhaskir Arun Karthik,Maan K Bafna,6,6,0,six,0,,,36/2
1149576,2,5,3,Xavier Thalaivan Sargunam,Konda Bhaskir Arun Karthik,Maan K Bafna,0,0,0,no run,0,,,36/2
1149576,2,5,4,Xavier Thalaivan Sargunam,Konda Bhaskir Arun Karthik,Maan K Bafna,0,0,0,out,1,caught,Xavier Thalaivan Sargunam,36/3
1149576,2,5,5,Ravi Karthikeyan,Konda Bhaskir Arun Karthik,Maan K Bafna,1,1,0,run,0,,,37/3
1149576,2,5,6,Konda Bhaskir Arun Karthik,Ravi Karthikeyan,Maan K Bafna,1,1,0,run,0,,,38/3
1149576,2,6,1,Konda Bhaskir Arun Karthik,Ravi Karthikeyan,S Mohan Prasath,0,0,0,no run,0,,,38/3
1149576,2,6,2,Konda Bhaskir Arun Karthik,Ravi Karthikeyan,S Mohan Prasath,1,1,0,run,0,,,39/3
1149576,2,6,3,Ravi Karthikeyan,Konda Bhaskir Arun Karthik,S Mohan Prasath,0,0,0,no run,0,,,39/3
1149576,2,6,4,Ravi Karthikeyan,Konda Bhaskir Arun Karthik,S Mohan Prasath,4,4,0,four,0,,,43/3
1149576,2,6,5,Ravi Karthikeyan,Konda Bhaskir Arun Karthik,S Mohan Prasath,1,1,0,run,0,,,44/3
1149576,2,6,6,Konda Bhaskir Arun Karthik,Ravi Karthikeyan,S Mohan Prasath,6,6,0,six,0,,,50/3
1149576,2,7,1,Ravi Karthikeyan,Konda Bhaskir Arun Karthik,R Rajkumar,1,1,0,run,0,,,51/3
1149576,2,7,2,Konda Bhaskir Arun Karthik,Ravi Karthikeyan,R Rajkumar,1,1,0,run,0,,,52/3
1149576,2,7,3,Ravi Karthikeyan,Konda Bhaskir Arun Karthik,R Rajkumar,1,1,0,run,0,,,53/3
1149576,2,7,4,Konda Bhaskir Arun Karthik,Ravi Karthikeyan,R Rajkumar,2,2,0,run,0,,,55/3
1149576,2,7,5,Konda Bhaskir Arun Karthik,Ravi Karthikeyan,R Rajkumar,1,1,0,run,0,,,56/3
1149576,2,7,6,Ravi Karthikeyan,Konda Bhaskir Arun Karthik,R Rajkumar,0,0,0,out,1,caught,Ravi Karthikeyan,56/4
1149576,2,8,1,Konda Bhaskir Arun Karthik,0,S Kishan Kumar,1,1,0,run,0,,,57/4
1149576,2,8,2,Poovathinga Shijit Chandran,Konda Bhaskir Arun Karthik,S Kishan Kumar,1,1,0,run,0,,,58/4
1149576,2,8,3,Konda Bhaskir Arun Karthik,Poovathinga Shijit Chandran,S Kishan Kumar,1,1,0,run,0,,,59/4
1149576,2,8,4,Poovathinga Shijit Chandran,Konda Bhaskir Arun Karthik,S Kishan Kumar,1,1,0,run,0,,,60/4
1149576,2,8,5,Konda Bhaskir Arun Karthik,Poovathinga Shijit Chandran,S Kishan Kumar,0,0,0,no run,0,,,60/4
1149576,2,8,6,Konda Bhaskir Arun Karthik,Poovathinga Shijit Chandran,S Kishan Kumar,1,1,0,run,0,,,61/4
1149576,2,9,1,Konda Bhaskir Arun Karthik,Poovathinga Shijit Chandran,Maan K Bafna,0,0,0,no run,0,,,61/4
1149576,2,9,2,Konda Bhaskir Arun Karthik,Poovathinga Shijit Chandran,Maan K Bafna,1,1,0,run,0,,,62/4
1149576,2,9,3,Poovathinga Shijit Chandran,Konda Bhaskir Arun Karthik,Maan K Bafna,2,2,0,run,0,,,64/4
1149576,2,9,4,Poovathinga Shijit Chandran,Konda Bhaskir Arun Karthik,Maan K Bafna,0,0,0,no run,0,,,64/4
1149576,2,9,5,Poovathinga Shijit Chandran,Konda Bhaskir Arun Karthik,Maan K Bafna,4,4,0,four,0,,,68/4
1149576,2,9,6,Poovathinga Shijit Chandran,Konda Bhaskir Arun Karthik,Maan K Bafna,4,4,0,four,0,,,72/4
1149576,2,10,1,Konda Bhaskir Arun Karthik,Poovathinga Shijit Chandran,S Kishan Kumar,0,0,0,no run,0,,,72/4
1149576,2,10,2,Konda Bhaskir Arun Karthik,Poovathinga Shijit Chandran,S Kishan Kumar,0,0,0,no run,0,,,72/4
1149576,2,10,3,Konda Bhaskir Arun Karthik,Poovathinga Shijit Chandran,S Kishan Kumar,0,0,0,no run,0,,,72/4
1149576,2,10,4,Konda Bhaskir Arun Karthik,Poovathinga Shijit Chandran,S Kishan Kumar,1,1,0,run,0,,,73/4
1149576,2,10,5,Poovathinga Shijit Chandran,Konda Bhaskir Arun Karthik,S Kishan Kumar,0,0,0,no run,0,,,73/4
1149576,2,10,6,Poovathinga Shijit Chandran,Konda Bhaskir Arun Karthik,S Kishan Kumar,1,1,0,run,0,,,74/4
1149576,2,11,1,Poovathinga Shijit Chandran,Konda Bhaskir Arun Karthik,R Rajkumar,1,1,0,run,0,,,75/4
1149576,2,11,2,Konda Bhaskir Arun Karthik,Poovathinga Shijit Chandran,R Rajkumar,4,4,0,four,0,,,79/4
1149576,2,11,3,Konda Bhaskir Arun Karthik,Poovathinga Shijit Chandran,R Rajkumar,1,1,0,run,0,,,80/4
1149576,2,11,4,Poovathinga Shijit Chandran,Konda Bhaskir Arun Karthik,R Rajkumar,1,1,0,run,0,,,81/4
1149576,2,11,5,Konda Bhaskir Arun Karthik,Poovathinga Shijit Chandran,R Rajkumar,1,1,0,run,0,,,82/4
1149576,2,11,6,Poovathinga Shijit Chandran,Konda Bhaskir Arun Karthik,R Rajkumar,1,1,0,run,0,,,83/4
1149576,2,12,1,Poovathinga Shijit Chandran,Konda Bhaskir Arun Karthik,S Kishan Kumar,6,6,0,six,0,,,89/4
1149576,2,12,2,Poovathinga Shijit Chandran,Konda Bhaskir Arun Karthik,S Kishan Kumar,1,1,0,run,0,,,90/4
1149576,2,12,3,Konda Bhaskir Arun Karthik,Poovathinga Shijit Chandran,S Kishan Kumar,1,1,0,run,0,,,91/4
1149576,2,12,4,Poovathinga Shijit Chandran,Konda Bhaskir Arun Karthik,S Kishan Kumar,0,0,0,no run,0,,,91/4
1149576,2,12,5,Poovathinga Shijit Chandran,Konda Bhaskir Arun Karthik,S Kishan Kumar,1,1,0,run,0,,,92/4
1149576,2,12,6,Konda Bhaskir Arun Karthik,Poovathinga Shijit Chandran,S Kishan Kumar,6,6,0,six,0,,,98/4
1149576,2,13,1,Poovathinga Shijit Chandran,Konda Bhaskir Arun Karthik,Ashwath Mukunthan,1,0,1,wide,0,,,99/4
1149576,2,13,2,Poovathinga Shijit Chandran,Konda Bhaskir Arun Karthik,Ashwath Mukunthan,6,6,0,six,0,,,105/4
1149576,2,13,3,Poovathinga Shijit Chandran,Konda Bhaskir Arun Karthik,Ashwath Mukunthan,0,0,0,no run,0,,,105/4
1149576,2,13,4,Poovathinga Shijit Chandran,Konda Bhaskir Arun Karthik,Ashwath Mukunthan,0,0,0,no run,0,,,105/4
1149576,2,13,5,Poovathinga Shijit Chandran,Konda Bhaskir Arun Karthik,Ashwath Mukunthan,2,2,0,run,0,,,107/4
1149576,2,13,6,Poovathinga Shijit Chandran,Konda Bhaskir Arun Karthik,Ashwath Mukunthan,1,1,0,run,0,,,108/4
1149576,2,13,7,Konda Bhaskir Arun Karthik,Poovathinga Shijit Chandran,Ashwath Mukunthan,0,0,0,no run,0,,,108/4
1149576,2,14,1,Poovathinga Shijit Chandran,Konda Bhaskir Arun Karthik,S Mohan Prasath,1,1,0,run,0,,,109/4
1149576,2,14,2,Konda Bhaskir Arun Karthik,Poovathinga Shijit Chandran,S Mohan Prasath,1,1,0,run,0,,,110/4
1149576,2,14,3,Poovathinga Shijit Chandran,Konda Bhaskir Arun Karthik,S Mohan Prasath,1,1,0,run,0,,,111/4
1149576,2,14,4,Konda Bhaskir Arun Karthik,Poovathinga Shijit Chandran,S Mohan Prasath,4,4,0,four,0,,,115/4
1149576,2,14,5,Konda Bhaskir Arun Karthik,Poovathinga Shijit Chandran,S Mohan Prasath,1,1,0,run,0,,,116/4
1149576,2,14,6,Poovathinga Shijit Chandran,Konda Bhaskir Arun Karthik,S Mohan Prasath,1,1,0,run,0,,,117/4
1149576,2,15,1,Poovathinga Shijit Chandran,Konda Bhaskir Arun Karthik,Vijaykumar Yo Mahesh,2,2,0,run,0,,,119/4
1149576,2,15,2,Poovathinga Shijit Chandran,Konda Bhaskir Arun Karthik,Vijaykumar Yo Mahesh,0,0,0,out,1,caught,Poovathinga Shijit Chandran,119/5
1149576,2,15,3,Jagatheesan Kousik,Konda Bhaskir Arun Karthik,Vijaykumar Yo Mahesh,1,1,0,run,0,,,120/5
1149576,2,15,4,Konda Bhaskir Arun Karthik,Jagatheesan Kousik,Vijaykumar Yo Mahesh,1,1,0,run,0,,,121/5
1149576,2,15,5,Jagatheesan Kousik,Konda Bhaskir Arun Karthik,Vijaykumar Yo Mahesh,1,1,0,run,0,,,122/5
1149576,2,15,6,Konda Bhaskir Arun Karthik,Jagatheesan Kousik,Vijaykumar Yo Mahesh,4,4,0,four,0,,,126/5
1149576,2,16,1,Jagatheesan Kousik,Konda Bhaskir Arun Karthik,S Mohan Prasath,0,0,0,no run,0,,,126/5
1149576,2,16,2,Jagatheesan Kousik,Konda Bhaskir Arun Karthik,S Mohan Prasath,0,0,0,no run,0,,,126/5
1149576,2,16,3,Jagatheesan Kousik,Konda Bhaskir Arun Karthik,S Mohan Prasath,0,0,0,no run,0,,,126/5
1149576,2,16,4,Jagatheesan Kousik,Konda Bhaskir Arun Karthik,S Mohan Prasath,6,6,0,six,0,,,132/5
1149576,2,16,5,Jagatheesan Kousik,Konda Bhaskir Arun Karthik,S Mohan Prasath,1,1,0,run,0,,,133/5
1149576,2,16,6,Konda Bhaskir Arun Karthik,Jagatheesan Kousik,S Mohan Prasath,1,1,0,run,0,,,134/5
1149576,2,17,1,Konda Bhaskir Arun Karthik,Jagatheesan Kousik,S Kishan Kumar,1,1,0,run,0,,,135/5
1149576,2,17,2,Jagatheesan Kousik,Konda Bhaskir Arun Karthik,S Kishan Kumar,0,0,0,out,1,caught,Jagatheesan Kousik,135/6
1149576,2,17,3,Abhishek Baljeetsingh Tanwar,Konda Bhaskir Arun Karthik,S Kishan Kumar,1,1,0,run,0,,,136/6
1149576,2,17,4,Konda Bhaskir Arun Karthik,Abhishek Baljeetsingh Tanwar,S Kishan Kumar,1,1,0,run,0,,,137/6
1149576,2,17,5,Abhishek Baljeetsingh Tanwar,Konda Bhaskir Arun Karthik,S Kishan Kumar,1,1,0,run,0,,,138/6
1149576,2,17,6,Konda Bhaskir Arun Karthik,Abhishek Baljeetsingh Tanwar,S Kishan Kumar,1,1,0,run,0,,,139/6
1149576,2,18,1,Konda Bhaskir Arun Karthik,Abhishek Baljeetsingh Tanwar,R Rajkumar,4,4,0,four,0,,,143/6
1149576,2,18,2,Konda Bhaskir Arun Karthik,Abhishek Baljeetsingh Tanwar,R Rajkumar,1,1,0,run,0,,,144/6
1149576,2,18,3,Abhishek Baljeetsingh Tanwar,Konda Bhaskir Arun Karthik,R Rajkumar,1,1,0,run,0,,,145/6
1149576,2,18,4,Konda Bhaskir Arun Karthik,Abhishek Baljeetsingh Tanwar,R Rajkumar,1,1,0,run,0,,,146/6
1149576,2,18,5,Abhishek Baljeetsingh Tanwar,Konda Bhaskir Arun Karthik,R Rajkumar,4,4,0,four,0,,,150/6
1149576,2,18,6,Abhishek Baljeetsingh Tanwar,Konda Bhaskir Arun Karthik,R Rajkumar,4,4,0,four,0,,,154/6
1149576,2,19,1,Konda Bhaskir Arun Karthik,Abhishek Baljeetsingh Tanwar,Vijaykumar Yo Mahesh,4,4,0,four,0,,,158/6
1149576,2,19,2,Konda Bhaskir Arun Karthik,Abhishek Baljeetsingh Tanwar,Vijaykumar Yo Mahesh,4,4,0,four,0,,,162/6
1149577,1,1,1,S Karthik,0,M Silambarasan,4,4,0,four,0,,,4/0
1149577,1,1,2,S Karthik,0,M Silambarasan,0,0,0,no run,0,,,4/0
1149577,1,1,3,S Karthik,0,M Silambarasan,1,1,0,run,0,,,5/0
1149577,1,1,4,Baskaran Rahul,S Karthik,M Silambarasan,0,0,0,no run,0,,,5/0
1149577,1,1,5,Baskaran Rahul,S Karthik,M Silambarasan,2,2,0,run,0,,,7/0
1149577,1,1,6,Baskaran Rahul,S Karthik,M Silambarasan,1,1,0,run,0,,,8/0
1149577,1,2,1,Baskaran Rahul,S Karthik,M Mohammed,1,1,0,run,0,,,9/0
1149577,1,2,2,S Karthik,Baskaran Rahul,M Mohammed,4,4,0,four,0,,,13/0
1149577,1,2,3,S Karthik,Baskaran Rahul,M Mohammed,0,0,0,no run,0,,,13/0
1149577,1,2,4,S Karthik,Baskaran Rahul,M Mohammed,0,0,0,no run,0,,,13/0
1149577,1,2,5,S Karthik,Baskaran Rahul,M Mohammed,4,4,0,four,0,,,17/0
1149577,1,2,6,S Karthik,Baskaran Rahul,M Mohammed,0,0,0,out,1,caught,S Karthik,17/1
1149577,1,3,1,Baskaran Rahul,0,M Silambarasan,1,1,0,run,0,,,18/1
1149577,1,3,2,Hari Gopinath,Baskaran Rahul,M Silambarasan,0,0,0,no run,0,,,18/1
1149577,1,3,3,Hari Gopinath,Baskaran Rahul,M Silambarasan,1,1,0,run,0,,,19/1
1149577,1,3,4,Baskaran Rahul,Hari Gopinath,M Silambarasan,0,0,0,no run,0,,,19/1
1149577,1,3,5,Baskaran Rahul,Hari Gopinath,M Silambarasan,0,0,0,no run,0,,,19/1
1149577,1,3,6,Baskaran Rahul,Hari Gopinath,M Silambarasan,0,0,0,no run,0,,,19/1
1149577,1,4,1,Hari Gopinath,Baskaran Rahul,ME Yazh Arun Mozhi,1,0,1,bye,0,,,20/1
1149577,1,4,2,Baskaran Rahul,Hari Gopinath,ME Yazh Arun Mozhi,4,4,0,four,0,,,24/1
1149577,1,4,3,Baskaran Rahul,Hari Gopinath,ME Yazh Arun Mozhi,0,0,0,no run,0,,,24/1
1149577,1,4,4,Baskaran Rahul,Hari Gopinath,ME Yazh Arun Mozhi,1,1,0,run,0,,,25/1
1149577,1,4,5,Hari Gopinath,Baskaran Rahul,ME Yazh Arun Mozhi,4,4,0,four,0,,,29/1
1149577,1,4,6,Hari Gopinath,Baskaran Rahul,ME Yazh Arun Mozhi,1,1,0,run,0,,,30/1
1149577,1,5,1,Hari Gopinath,Baskaran Rahul,Mohan Abhinav,4,4,0,four,0,,,34/1
1149577,1,5,2,Hari Gopinath,Baskaran Rahul,Mohan Abhinav,1,1,0,run,0,,,35/1
1149577,1,5,3,Baskaran Rahul,Hari Gopinath,Mohan Abhinav,4,4,0,four,0,,,39/1
1149577,1,5,4,Baskaran Rahul,Hari Gopinath,Mohan Abhinav,0,0,0,no run,0,,,39/1
1149577,1,5,5,Baskaran Rahul,Hari Gopinath,Mohan Abhinav,0,0,0,out,1,caught,Baskaran Rahul,39/2
1149577,1,5,6,Murugan Ashwin,Hari Gopinath,Mohan Abhinav,0,0,0,no run,0,,,39/2
1149577,1,6,1,Hari Gopinath,Murugan Ashwin,M Mohammed,1,1,0,run,0,,,40/2
1149577,1,6,2,Murugan Ashwin,Hari Gopinath,M Mohammed,1,0,1,leg bye,0,,,41/2
1149577,1,6,3,Hari Gopinath,Murugan Ashwin,M Mohammed,1,1,0,run,0,,,42/2
1149577,1,6,4,Murugan Ashwin,Hari Gopinath,M Mohammed,1,1,0,run,0,,,43/2
1149577,1,6,5,Hari Gopinath,Murugan Ashwin,M Mohammed,0,0,0,no run,0,,,43/2
1149577,1,6,6,Hari Gopinath,Murugan Ashwin,M Mohammed,1,0,1,wide,0,,,44/2
1149577,1,6,7,Hari Gopinath,Murugan Ashwin,M Mohammed,1,0,1,wide,0,,,45/2
1149577,1,6,8,Hari Gopinath,Murugan Ashwin,M Mohammed,1,1,0,run,0,,,46/2
1149577,1,7,1,Hari Gopinath,Murugan Ashwin,Mohan Abhinav,1,1,0,run,0,,,47/2
1149577,1,7,2,Murugan Ashwin,Hari Gopinath,Mohan Abhinav,0,0,0,no run,0,,,47/2
1149577,1,7,3,Murugan Ashwin,Hari Gopinath,Mohan Abhinav,2,2,0,run,0,,,49/2
1149577,1,7,4,Murugan Ashwin,Hari Gopinath,Mohan Abhinav,0,0,0,no run,0,,,49/2
1149577,1,7,5,Murugan Ashwin,Hari Gopinath,Mohan Abhinav,0,0,0,no run,0,,,49/2
1149577,1,7,6,Murugan Ashwin,Hari Gopinath,Mohan Abhinav,1,1,0,run,0,,,50/2
1149577,1,8,1,Murugan Ashwin,Hari Gopinath,H Trilok Nag,0,0,0,no run,0,,,50/2
1149577,1,8,2,Murugan Ashwin,Hari Gopinath,H Trilok Nag,1,1,0,run,0,,,51/2
1149577,1,8,3,Hari Gopinath,Murugan Ashwin,H Trilok Nag,1,1,0,run,0,,,52/2
1149577,1,8,4,Murugan Ashwin,Hari Gopinath,H Trilok Nag,1,1,0,run,0,,,53/2
1149577,1,8,5,Hari Gopinath,Murugan Ashwin,H Trilok Nag,6,6,0,six,0,,,59/2
1149577,1,8,6,Hari Gopinath,Murugan Ashwin,H Trilok Nag,1,1,0,run,0,,,60/2
1149577,1,9,1,Hari Gopinath,Murugan Ashwin,Varun M Totadri,1,1,0,run,0,,,61/2
1149577,1,9,2,Murugan Ashwin,Hari Gopinath,Varun M Totadri,1,1,0,run,0,,,62/2
1149577,1,9,3,Hari Gopinath,Murugan Ashwin,Varun M Totadri,1,1,0,run,0,,,63/2
1149577,1,9,4,Murugan Ashwin,Hari Gopinath,Varun M Totadri,1,1,0,run,0,,,64/2
1149577,1,9,5,Hari Gopinath,Murugan Ashwin,Varun M Totadri,0,0,0,out,1,caught,Hari Gopinath,64/3
1149577,1,9,6,Uthirasamy Sasidev,Murugan Ashwin,Varun M Totadri,2,2,0,run,0,,,66/3
1149577,1,10,1,Murugan Ashwin,Uthirasamy Sasidev,H Trilok Nag,1,1,0,run,0,,,67/3
1149577,1,10,2,Uthirasamy Sasidev,Murugan Ashwin,H Trilok Nag,0,0,0,out,1,bowled,Uthirasamy Sasidev,67/4
1149577,1,10,3,A Aarif,Murugan Ashwin,H Trilok Nag,1,1,0,run,0,,,68/4
1149577,1,10,4,Murugan Ashwin,A Aarif,H Trilok Nag,1,1,0,run,0,,,69/4
1149577,1,10,5,A Aarif,Murugan Ashwin,H Trilok Nag,1,1,0,run,0,,,70/4
1149577,1,10,6,Murugan Ashwin,A Aarif,H Trilok Nag,0,0,0,no run,0,,,70/4
1149577,1,11,1,A Aarif,Murugan Ashwin,Varun M Totadri,0,0,0,no run,0,,,70/4
1149577,1,11,2,A Aarif,Murugan Ashwin,Varun M Totadri,4,4,0,four,0,,,74/4
1149577,1,11,3,A Aarif,Murugan Ashwin,Varun M Totadri,0,0,0,no run,0,,,74/4
1149577,1,11,4,A Aarif,Murugan Ashwin,Varun M Totadri,0,0,0,no run,0,,,74/4
1149577,1,11,5,A Aarif,Murugan Ashwin,Varun M Totadri,0,0,0,no run,0,,,74/4
1149577,1,11,6,A Aarif,Murugan Ashwin,Varun M Totadri,0,0,0,no run,0,,,74/4
1149577,1,12,1,Murugan Ashwin,A Aarif,Mohan Abhinav,1,1,0,run,0,,,75/4
1149577,1,12,2,A Aarif,Murugan Ashwin,Mohan Abhinav,0,0,0,no run,0,,,75/4
1149577,1,12,3,A Aarif,Murugan Ashwin,Mohan Abhinav,0,0,0,no run,0,,,75/4
1149577,1,12,4,A Aarif,Murugan Ashwin,Mohan Abhinav,6,6,0,six,0,,,81/4
1149577,1,12,5,A Aarif,Murugan Ashwin,Mohan Abhinav,0,0,0,no run,0,,,81/4
1149577,1,12,6,A Aarif,Murugan Ashwin,Mohan Abhinav,0,0,0,no run,0,,,81/4
1149577,1,13,1,Murugan Ashwin,A Aarif,Varun M Totadri,1,1,0,run,0,,,82/4
1149577,1,13,2,A Aarif,Murugan Ashwin,Varun M Totadri,0,0,0,no run,0,,,82/4
1149577,1,13,3,A Aarif,Murugan Ashwin,Varun M Totadri,0,0,0,no run,0,,,82/4
1149577,1,13,4,A Aarif,Murugan Ashwin,Varun M Totadri,1,1,0,run,0,,,83/4
1149577,1,13,5,Murugan Ashwin,A Aarif,Varun M Totadri,1,1,0,run,0,,,84/4
1149577,1,13,6,A Aarif,Murugan Ashwin,Varun M Totadri,1,1,0,run,0,,,85/4
1149577,1,14,1,A Aarif,Murugan Ashwin,Chezhian Nishaanth,1,1,0,run,0,,,86/4
1149577,1,14,2,Murugan Ashwin,A Aarif,Chezhian Nishaanth,0,0,0,no run,0,,,86/4
1149577,1,14,3,Murugan Ashwin,A Aarif,Chezhian Nishaanth,1,1,0,run,0,,,87/4
1149577,1,14,4,A Aarif,Murugan Ashwin,Chezhian Nishaanth,0,0,0,no run,0,,,87/4
1149577,1,14,5,A Aarif,Murugan Ashwin,Chezhian Nishaanth,1,1,0,run,0,,,88/4
1149577,1,14,6,Murugan Ashwin,A Aarif,Chezhian Nishaanth,1,1,0,run,0,,,89/4
1149577,1,15,1,Murugan Ashwin,A Aarif,Varun M Totadri,0,0,0,out,1,caught,Murugan Ashwin,89/5
1149577,1,15,2,S Harish Kumar,A Aarif,Varun M Totadri,1,1,0,run,0,,,90/5
1149577,1,15,3,A Aarif,S Harish Kumar,Varun M Totadri,1,1,0,run,0,,,91/5
1149577,1,15,4,S Harish Kumar,A Aarif,Varun M Totadri,0,0,0,no run,0,,,91/5
1149577,1,15,5,S Harish Kumar,A Aarif,Varun M Totadri,1,1,0,run,0,,,92/5
1149577,1,15,6,A Aarif,S Harish Kumar,Varun M Totadri,1,1,0,run,0,,,93/5
1149577,1,16,1,A Aarif,S Harish Kumar,Chezhian Nishaanth,1,1,0,run,0,,,94/5
1149577,1,16,2,S Harish Kumar,A Aarif,Chezhian Nishaanth,6,6,0,six,0,,,100/5
1149577,1,16,3,S Harish Kumar,A Aarif,Chezhian Nishaanth,0,0,0,out,1,caught,S Harish Kumar,100/6
1149577,1,16,4,A Aarif,0,Chezhian Nishaanth,4,4,0,four,0,,,104/6
1149577,1,16,5,A Aarif,0,Chezhian Nishaanth,0,0,0,no run,0,,,104/6
1149577,1,16,6,A Aarif,Moovervnthali Kasipandian Sivakumar,Chezhian Nishaanth,6,6,0,six,0,,,110/6
1149577,1,17,1,Moovervnthali Kasipandian Sivakumar,A Aarif,M Silambarasan,1,1,0,run,0,,,111/6
1149577,1,17,2,A Aarif,Moovervnthali Kasipandian Sivakumar,M Silambarasan,1,1,0,run,0,,,112/6
1149577,1,17,3,Moovervnthali Kasipandian Sivakumar,A Aarif,M Silambarasan,0,0,0,no run,0,,,112/6
1149577,1,17,4,Moovervnthali Kasipandian Sivakumar,A Aarif,M Silambarasan,0,0,0,no run,0,,,112/6
1149577,1,17,5,Moovervnthali Kasipandian Sivakumar,A Aarif,M Silambarasan,1,1,0,run,0,,,113/6
1149577,1,17,6,A Aarif,Moovervnthali Kasipandian Sivakumar,M Silambarasan,1,1,0,run,0,,,114/6
1149577,1,18,1,A Aarif,Moovervnthali Kasipandian Sivakumar,H Trilok Nag,1,1,0,run,0,,,115/6
1149577,1,18,2,Moovervnthali Kasipandian Sivakumar,A Aarif,H Trilok Nag,0,0,0,no run,0,,,115/6
1149577,1,18,3,Moovervnthali Kasipandian Sivakumar,A Aarif,H Trilok Nag,0,0,0,no run,0,,,115/6
1149577,1,18,4,Moovervnthali Kasipandian Sivakumar,A Aarif,H Trilok Nag,0,0,0,no run,0,,,115/6
1149577,1,18,5,Moovervnthali Kasipandian Sivakumar,A Aarif,H Trilok Nag,0,0,0,no run,0,,,115/6
1149577,1,18,6,Moovervnthali Kasipandian Sivakumar,A Aarif,H Trilok Nag,1,1,0,run,0,,,116/6
1149577,1,19,1,Moovervnthali Kasipandian Sivakumar,A Aarif,M Silambarasan,0,0,0,out,1,caught,Moovervnthali Kasipandian Sivakumar,116/7
1149577,1,19,2,Samruddh Bhat,A Aarif,M Silambarasan,0,0,0,no run,0,,,116/7
1149577,1,19,3,Samruddh Bhat,A Aarif,M Silambarasan,0,0,0,out,1,caught,Samruddh Bhat,116/8
1149577,1,19,4,A Aarif,0,M Silambarasan,1,1,0,run,0,,,117/8
1149577,1,19,5,V Arun Kumar,A Aarif,M Silambarasan,0,0,0,out,1,caught,V Arun Kumar,117/9
1149577,1,19,6,A Aarif,B Arun,M Silambarasan,1,1,0,run,0,,,118/9
1149577,1,20,1,A Aarif,B Arun,H Trilok Nag,2,2,0,run,0,,,120/9
1149577,1,20,2,A Aarif,B Arun,H Trilok Nag,0,0,0,no run,0,,,120/9
1149577,1,20,3,A Aarif,B Arun,H Trilok Nag,0,0,0,out,1,caught,A Aarif,120/10
1149577,2,1,1,Narayan Jagadeesan,0,B Arun,0,0,0,no run,0,,,0/0
1149577,2,1,2,Narayan Jagadeesan,0,B Arun,0,0,0,no run,0,,,0/0
1149577,2,1,3,Narayan Jagadeesan,0,B Arun,0,0,0,no run,0,,,0/0
1149577,2,1,4,Narayan Jagadeesan,0,B Arun,0,0,0,no run,0,,,0/0
1149577,2,1,5,Narayan Jagadeesan,0,B Arun,0,0,0,no run,0,,,0/0
1149577,2,1,6,Narayan Jagadeesan,Chezhian Nishaanth,B Arun,1,1,0,run,0,,,1/0
1149577,2,2,1,Narayan Jagadeesan,Chezhian Nishaanth,V Arun Kumar,1,1,0,run,0,,,2/0
1149577,2,2,2,Chezhian Nishaanth,Narayan Jagadeesan,V Arun Kumar,1,1,0,run,0,,,3/0
1149577,2,2,3,Narayan Jagadeesan,Chezhian Nishaanth,V Arun Kumar,0,0,0,no run,0,,,3/0
1149577,2,2,4,Narayan Jagadeesan,Chezhian Nishaanth,V Arun Kumar,1,1,0,run,0,,,4/0
1149577,2,2,5,Chezhian Nishaanth,Narayan Jagadeesan,V Arun Kumar,4,4,0,four,0,,,8/0
1149577,2,2,6,Chezhian Nishaanth,Narayan Jagadeesan,V Arun Kumar,0,0,0,no run,0,,,8/0
1149577,2,3,1,Narayan Jagadeesan,Chezhian Nishaanth,B Arun,0,0,0,no run,0,,,8/0
1149577,2,3,2,Narayan Jagadeesan,Chezhian Nishaanth,B Arun,0,0,0,no run,0,,,8/0
1149577,2,3,3,Narayan Jagadeesan,Chezhian Nishaanth,B Arun,6,6,0,six,0,,,14/0
1149577,2,3,4,Narayan Jagadeesan,Chezhian Nishaanth,B Arun,0,0,0,no run,0,,,14/0
1149577,2,3,5,Narayan Jagadeesan,Chezhian Nishaanth,B Arun,4,4,0,four,0,,,18/0
1149577,2,3,6,Narayan Jagadeesan,Chezhian Nishaanth,B Arun,0,0,0,no run,0,,,18/0
1149577,2,4,1,Chezhian Nishaanth,Narayan Jagadeesan,Samruddh Bhat,6,6,0,six,0,,,24/0
1149577,2,4,2,Chezhian Nishaanth,Narayan Jagadeesan,Samruddh Bhat,0,0,0,no run,0,,,24/0
1149577,2,4,3,Chezhian Nishaanth,Narayan Jagadeesan,Samruddh Bhat,4,4,0,four,0,,,28/0
1149577,2,4,4,Chezhian Nishaanth,Narayan Jagadeesan,Samruddh Bhat,0,0,0,no run,0,,,28/0
1149577,2,4,5,Chezhian Nishaanth,Narayan Jagadeesan,Samruddh Bhat,4,4,0,four,0,,,32/0
1149577,2,4,6,Chezhian Nishaanth,Narayan Jagadeesan,Samruddh Bhat,0,0,0,no run,0,,,32/0
1149577,2,5,1,Narayan Jagadeesan,Chezhian Nishaanth,B Arun,4,4,0,four,0,,,36/0
1149577,2,5,2,Narayan Jagadeesan,Chezhian Nishaanth,B Arun,0,0,0,no run,0,,,36/0
1149577,2,5,3,Narayan Jagadeesan,Chezhian Nishaanth,B Arun,1,1,0,run,0,,,37/0
1149577,2,5,4,Chezhian Nishaanth,Narayan Jagadeesan,B Arun,1,1,0,run,0,,,38/0
1149577,2,5,5,Narayan Jagadeesan,Chezhian Nishaanth,B Arun,4,4,0,four,0,,,42/0
1149577,2,5,6,Narayan Jagadeesan,Chezhian Nishaanth,B Arun,4,4,0,four,0,,,46/0
1149577,2,6,1,Chezhian Nishaanth,Narayan Jagadeesan,S Harish Kumar,0,0,0,no run,0,,,46/0
1149577,2,6,2,Chezhian Nishaanth,Narayan Jagadeesan,S Harish Kumar,2,2,0,run,0,,,48/0
1149577,2,6,3,Chezhian Nishaanth,Narayan Jagadeesan,S Harish Kumar,1,1,0,run,0,,,49/0
1149577,2,6,4,Narayan Jagadeesan,Chezhian Nishaanth,S Harish Kumar,1,1,0,run,0,,,50/0
1149577,2,6,5,Chezhian Nishaanth,Narayan Jagadeesan,S Harish Kumar,0,0,0,no run,0,,,50/0
1149577,2,6,6,Chezhian Nishaanth,Narayan Jagadeesan,S Harish Kumar,0,0,0,no run,0,,,50/0
1149577,2,7,1,Narayan Jagadeesan,Chezhian Nishaanth,Murugan Ashwin,1,1,0,run,0,,,51/0
1149577,2,7,2,Chezhian Nishaanth,Narayan Jagadeesan,Murugan Ashwin,0,0,0,no run,0,,,51/0
1149577,2,7,3,Chezhian Nishaanth,Narayan Jagadeesan,Murugan Ashwin,0,0,0,no run,0,,,51/0
1149577,2,7,4,Chezhian Nishaanth,Narayan Jagadeesan,Murugan Ashwin,1,0,1,wide,0,,,52/0
1149577,2,7,5,Chezhian Nishaanth,Narayan Jagadeesan,Murugan Ashwin,1,1,0,run,0,,,53/0
1149577,2,7,6,Narayan Jagadeesan,Chezhian Nishaanth,Murugan Ashwin,6,6,0,six,0,,,59/0
1149577,2,7,7,Narayan Jagadeesan,Chezhian Nishaanth,Murugan Ashwin,1,1,0,run,0,,,60/0
1149577,2,8,1,Narayan Jagadeesan,Chezhian Nishaanth,S Harish Kumar,1,1,0,run,0,,,61/0
1149577,2,8,2,Chezhian Nishaanth,Narayan Jagadeesan,S Harish Kumar,1,1,0,run,0,,,62/0
1149577,2,8,3,Narayan Jagadeesan,Chezhian Nishaanth,S Harish Kumar,1,1,0,run,0,,,63/0
1149577,2,8,4,Chezhian Nishaanth,Narayan Jagadeesan,S Harish Kumar,1,1,0,run,0,,,64/0
1149577,2,8,5,Narayan Jagadeesan,Chezhian Nishaanth,S Harish Kumar,1,0,1,no ball,0,,,65/0
1149577,2,8,6,Narayan Jagadeesan,Chezhian Nishaanth,S Harish Kumar,6,6,0,six,0,,,71/0
1149577,2,8,7,Narayan Jagadeesan,Chezhian Nishaanth,S Harish Kumar,4,4,0,four,0,,,75/0
1149577,2,9,1,Chezhian Nishaanth,Narayan Jagadeesan,Murugan Ashwin,0,0,0,no run,0,,,75/0
1149577,2,9,2,Chezhian Nishaanth,Narayan Jagadeesan,Murugan Ashwin,0,0,0,no run,0,,,75/0
1149577,2,9,3,Chezhian Nishaanth,Narayan Jagadeesan,Murugan Ashwin,0,0,0,no run,0,,,75/0
1149577,2,9,4,Chezhian Nishaanth,Narayan Jagadeesan,Murugan Ashwin,1,1,0,run,0,,,76/0
1149577,2,9,5,Narayan Jagadeesan,Chezhian Nishaanth,Murugan Ashwin,1,1,0,run,0,,,77/0
1149577,2,9,6,Chezhian Nishaanth,Narayan Jagadeesan,Murugan Ashwin,6,6,0,six,0,,,83/0
1149577,2,10,1,Narayan Jagadeesan,Chezhian Nishaanth,V Arun Kumar,1,1,0,run,0,,,84/0
1149577,2,10,2,Chezhian Nishaanth,Narayan Jagadeesan,V Arun Kumar,1,1,0,run,0,,,85/0
1149577,2,10,3,Narayan Jagadeesan,Chezhian Nishaanth,V Arun Kumar,1,1,0,run,0,,,86/0
1149577,2,10,4,Chezhian Nishaanth,Narayan Jagadeesan,V Arun Kumar,1,0,1,leg bye,0,,,87/0
1149577,2,10,5,Narayan Jagadeesan,Chezhian Nishaanth,V Arun Kumar,1,1,0,run,0,,,88/0
1149577,2,10,6,Chezhian Nishaanth,Narayan Jagadeesan,V Arun Kumar,1,0,1,leg bye,0,,,89/0
1149577,2,11,1,Chezhian Nishaanth,Narayan Jagadeesan,Murugan Ashwin,0,0,0,no run,0,,,89/0
1149577,2,11,2,Chezhian Nishaanth,Narayan Jagadeesan,Murugan Ashwin,0,0,0,out,1,caught,Chezhian Nishaanth,89/1
1149577,2,11,3,Narayan Jagadeesan,0,Murugan Ashwin,0,0,0,no run,0,,,89/1
1149577,2,11,4,Narayan Jagadeesan,0,Murugan Ashwin,0,0,0,no run,0,,,89/1
1149577,2,11,5,Narayan Jagadeesan,0,Murugan Ashwin,1,1,0,run,0,,,90/1
1149577,2,11,6,Rajendran Vivek,Narayan Jagadeesan,Murugan Ashwin,0,0,0,no run,0,,,90/1
1149577,2,12,1,Narayan Jagadeesan,Rajendran Vivek,V Arun Kumar,1,1,0,run,0,,,91/1
1149577,2,12,2,Rajendran Vivek,Narayan Jagadeesan,V Arun Kumar,1,1,0,run,0,,,92/1
1149577,2,12,3,Narayan Jagadeesan,Rajendran Vivek,V Arun Kumar,4,4,0,four,0,,,96/1
1149577,2,12,4,Narayan Jagadeesan,Rajendran Vivek,V Arun Kumar,4,4,0,four,0,,,100/1
1149577,2,12,5,Narayan Jagadeesan,Rajendran Vivek,V Arun Kumar,1,1,0,run,0,,,101/1
1149577,2,12,6,Rajendran Vivek,Narayan Jagadeesan,V Arun Kumar,4,4,0,four,0,,,105/1
1149577,2,13,1,Narayan Jagadeesan,Rajendran Vivek,Murugan Ashwin,0,0,0,no run,0,,,105/1
1149577,2,13,2,Narayan Jagadeesan,Rajendran Vivek,Murugan Ashwin,0,0,0,no run,0,,,105/1
1149577,2,13,3,Narayan Jagadeesan,Rajendran Vivek,Murugan Ashwin,1,1,0,run,0,,,106/1
1149577,2,13,4,Rajendran Vivek,Narayan Jagadeesan,Murugan Ashwin,6,6,0,six,0,,,112/1
1149577,2,13,5,Rajendran Vivek,Narayan Jagadeesan,Murugan Ashwin,0,0,0,no run,0,,,112/1
1149577,2,13,6,Rajendran Vivek,Narayan Jagadeesan,Murugan Ashwin,1,1,0,run,0,,,113/1
1149577,2,14,1,Rajendran Vivek,Narayan Jagadeesan,Moovervnthali Kasipandian Sivakumar,0,0,0,no run,0,,,113/1
1149577,2,14,2,Rajendran Vivek,Narayan Jagadeesan,Moovervnthali Kasipandian Sivakumar,2,2,0,run,0,,,115/1
1149577,2,14,3,Rajendran Vivek,Narayan Jagadeesan,Moovervnthali Kasipandian Sivakumar,6,6,0,six,0,,,121/1
1149578,1,1,1,Konda Bhaskir Arun Karthik,0,Krishnamoorthy Vignesh,1,1,0,run,0,,,1/0
1149578,1,1,2,0,Konda Bhaskir Arun Karthik,Krishnamoorthy Vignesh,0,0,0,no run,0,,,1/0
1149578,1,1,3,0,Konda Bhaskir Arun Karthik,Krishnamoorthy Vignesh,0,0,0,no run,0,,,1/0
1149578,1,1,4,0,Konda Bhaskir Arun Karthik,Krishnamoorthy Vignesh,1,0,1,wide,0,,,2/0
1149578,1,1,5,0,Konda Bhaskir Arun Karthik,Krishnamoorthy Vignesh,1,1,0,run,0,,,3/0
1149578,1,1,6,Konda Bhaskir Arun Karthik,0,Krishnamoorthy Vignesh,0,0,0,out,1,caught,Konda Bhaskir Arun Karthik,3/1
1149578,1,1,7,0,Xavier Thalaivan Sargunam,Krishnamoorthy Vignesh,1,1,0,run,0,,,4/1
1149578,1,2,1,0,Xavier Thalaivan Sargunam,Thangarasu Natarajan,0,0,0,no run,0,,,4/1
1149578,1,2,2,0,Xavier Thalaivan Sargunam,Thangarasu Natarajan,1,1,0,run,0,,,5/1
1149578,1,2,3,Xavier Thalaivan Sargunam,0,Thangarasu Natarajan,0,0,0,no run,0,,,5/1
1149578,1,2,4,Xavier Thalaivan Sargunam,0,Thangarasu Natarajan,0,0,0,no run,0,,,5/1
1149578,1,2,5,Xavier Thalaivan Sargunam,0,Thangarasu Natarajan,1,1,0,run,0,,,6/1
1149578,1,2,6,0,Xavier Thalaivan Sargunam,Thangarasu Natarajan,1,1,0,run,0,,,7/1
1149578,1,3,1,0,Xavier Thalaivan Sargunam,Krishnamoorthy Vignesh,0,0,0,out,1,,,7/2
1149578,1,3,2,Ravi Karthikeyan,Xavier Thalaivan Sargunam,Krishnamoorthy Vignesh,4,4,0,four,0,,,11/2
1149578,1,3,3,Ravi Karthikeyan,Xavier Thalaivan Sargunam,Krishnamoorthy Vignesh,0,0,0,no run,0,,,11/2
1149578,1,3,4,Ravi Karthikeyan,Xavier Thalaivan Sargunam,Krishnamoorthy Vignesh,1,1,0,run,0,,,12/2
1149578,1,3,5,Xavier Thalaivan Sargunam,Ravi Karthikeyan,Krishnamoorthy Vignesh,1,1,0,run,0,,,13/2
1149578,1,3,6,Ravi Karthikeyan,Xavier Thalaivan Sargunam,Krishnamoorthy Vignesh,0,0,0,no run,0,,,13/2
1149578,1,4,1,Xavier Thalaivan Sargunam,Ravi Karthikeyan, Sriram Ajith Ram,1,1,0,run,0,,,14/2
1149578,1,4,2,Ravi Karthikeyan,Xavier Thalaivan Sargunam, Sriram Ajith Ram,1,1,0,run,0,,,15/2
1149578,1,4,3,Xavier Thalaivan Sargunam,Ravi Karthikeyan, Sriram Ajith Ram,1,1,0,run,0,,,16/2
1149578,1,4,4,Ravi Karthikeyan,Xavier Thalaivan Sargunam, Sriram Ajith Ram,0,0,0,no run,0,,,16/2
1149578,1,4,5,Ravi Karthikeyan,Xavier Thalaivan Sargunam, Sriram Ajith Ram,0,0,0,no run,0,,,16/2
1149578,1,4,6,Ravi Karthikeyan,Xavier Thalaivan Sargunam, Sriram Ajith Ram,1,1,0,run,0,,,17/2
1149578,1,5,1,Ravi Karthikeyan,Xavier Thalaivan Sargunam,Krishnamoorthy Vignesh,4,4,0,four,0,,,21/2
1149578,1,5,2,Ravi Karthikeyan,Xavier Thalaivan Sargunam,Krishnamoorthy Vignesh,0,0,0,no run,0,,,21/2
1149578,1,5,3,Ravi Karthikeyan,Xavier Thalaivan Sargunam,Krishnamoorthy Vignesh,1,1,0,run,0,,,22/2
1149578,1,5,4,Xavier Thalaivan Sargunam,Ravi Karthikeyan,Krishnamoorthy Vignesh,1,1,0,run,0,,,23/2
1149578,1,5,5,Ravi Karthikeyan,Xavier Thalaivan Sargunam,Krishnamoorthy Vignesh,0,0,0,no run,0,,,23/2
1149578,1,5,6,Ravi Karthikeyan,Xavier Thalaivan Sargunam,Krishnamoorthy Vignesh,1,1,0,run,0,,,24/2
1149578,1,6,1,Ravi Karthikeyan,Xavier Thalaivan Sargunam, Sriram Ajith Ram,0,0,0,out,1,stumped,Ravi Karthikeyan,24/3
1149578,1,6,2,SP Nathan,Xavier Thalaivan Sargunam, Sriram Ajith Ram,0,0,0,no run,0,,,24/3
1149578,1,6,3,SP Nathan,Xavier Thalaivan Sargunam, Sriram Ajith Ram,0,0,0,no run,0,,,24/3
1149578,1,6,4,SP Nathan,Xavier Thalaivan Sargunam, Sriram Ajith Ram,0,0,0,no run,0,,,24/3
1149578,1,6,5,SP Nathan,Xavier Thalaivan Sargunam, Sriram Ajith Ram,1,1,0,run,0,,,25/3
1149578,1,6,6,Xavier Thalaivan Sargunam,SP Nathan, Sriram Ajith Ram,0,0,0,no run,0,,,25/3
1149578,1,7,1,SP Nathan,Xavier Thalaivan Sargunam,M Prasanth Rajesh,0,0,0,no run,0,,,25/3
1149578,1,7,2,SP Nathan,Xavier Thalaivan Sargunam,M Prasanth Rajesh,0,0,0,no run,0,,,25/3
1149578,1,7,3,SP Nathan,Xavier Thalaivan Sargunam,M Prasanth Rajesh,1,1,0,run,0,,,26/3
1149578,1,7,4,Xavier Thalaivan Sargunam,SP Nathan,M Prasanth Rajesh,0,0,0,no run,0,,,26/3
1149578,1,7,5,Xavier Thalaivan Sargunam,SP Nathan,M Prasanth Rajesh,1,1,0,run,0,,,27/3
1149578,1,7,6,SP Nathan,Xavier Thalaivan Sargunam,M Prasanth Rajesh,0,0,0,no run,0,,,27/3
1149578,1,8,1,Xavier Thalaivan Sargunam,SP Nathan, Sriram Ajith Ram,1,1,0,run,0,,,28/3
1149578,1,8,2,SP Nathan,Xavier Thalaivan Sargunam, Sriram Ajith Ram,0,0,0,no run,0,,,28/3
1149578,1,8,3,SP Nathan,Xavier Thalaivan Sargunam, Sriram Ajith Ram,6,6,0,six,0,,,34/3
1149578,1,8,4,SP Nathan,Xavier Thalaivan Sargunam, Sriram Ajith Ram,0,0,0,no run,0,,,34/3
1149578,1,8,5,SP Nathan,Xavier Thalaivan Sargunam, Sriram Ajith Ram,1,1,0,run,0,,,35/3
1149578,1,8,6,Xavier Thalaivan Sargunam,SP Nathan, Sriram Ajith Ram,1,1,0,run,0,run out,Xavier Thalaivan Sargunam,36/3
1149578,1,9,1,SP Nathan,0,M Prasanth Rajesh,0,0,0,no run,0,,,36/3
1149578,1,9,2,SP Nathan,0,M Prasanth Rajesh,0,0,0,no run,0,,,36/3
1149578,1,9,3,SP Nathan,0,M Prasanth Rajesh,0,0,0,no run,0,,,36/3
1149578,1,9,4,SP Nathan,0,M Prasanth Rajesh,0,0,0,no run,0,,,36/3
1149578,1,9,5,SP Nathan,Poovathinga Shijit Chandran,M Prasanth Rajesh,0,0,0,out,2,caught,SP Nathan,36/5
1149578,1,9,6,Jagatheesan Kousik,Poovathinga Shijit Chandran,M Prasanth Rajesh,0,0,0,no run,0,,,36/5
1149578,1,10,1,Poovathinga Shijit Chandran,Jagatheesan Kousik,S Manigandan,1,1,0,run,0,,,37/5
1149578,1,10,2,Jagatheesan Kousik,Poovathinga Shijit Chandran,S Manigandan,4,4,0,four,0,,,41/5
1149578,1,10,3,Jagatheesan Kousik,Poovathinga Shijit Chandran,S Manigandan,0,0,0,no run,0,,,41/5
1149578,1,10,4,Jagatheesan Kousik,Poovathinga Shijit Chandran,S Manigandan,1,1,0,run,0,,,42/5
1149578,1,10,5,Poovathinga Shijit Chandran,Jagatheesan Kousik,S Manigandan,1,1,0,run,0,,,43/5
1149578,1,10,6,Jagatheesan Kousik,Poovathinga Shijit Chandran,S Manigandan,0,0,0,no run,0,,,43/5
1149578,1,11,1,Poovathinga Shijit Chandran,Jagatheesan Kousik,M Prasanth Rajesh,0,0,0,no run,0,,,43/5
1149578,1,11,2,Poovathinga Shijit Chandran,Jagatheesan Kousik,M Prasanth Rajesh,0,0,0,no run,0,,,43/5
1149578,1,11,3,Poovathinga Shijit Chandran,Jagatheesan Kousik,M Prasanth Rajesh,0,0,0,no run,0,,,43/5
1149578,1,11,4,Poovathinga Shijit Chandran,Jagatheesan Kousik,M Prasanth Rajesh,1,1,0,run,0,,,44/5
1149578,1,11,5,Jagatheesan Kousik,Poovathinga Shijit Chandran,M Prasanth Rajesh,1,1,0,run,0,,,45/5
1149578,1,11,6,Poovathinga Shijit Chandran,Jagatheesan Kousik,M Prasanth Rajesh,1,1,0,run,0,,,46/5
1149578,1,12,1,Poovathinga Shijit Chandran,Jagatheesan Kousik,Thangarasu Natarajan,1,0,1,wide,0,,,47/5
1149578,1,12,2,Poovathinga Shijit Chandran,Jagatheesan Kousik,Thangarasu Natarajan,0,0,0,out,1,caught,Poovathinga Shijit Chandran,47/6
1149578,1,12,3,Abhishek Baljeetsingh Tanwar,Jagatheesan Kousik,Thangarasu Natarajan,0,0,0,no run,0,,,47/6
1149578,1,12,4,Abhishek Baljeetsingh Tanwar,Jagatheesan Kousik,Thangarasu Natarajan,0,0,0,no run,0,,,47/6
1149578,1,12,5,Abhishek Baljeetsingh Tanwar,Jagatheesan Kousik,Thangarasu Natarajan,0,0,0,no run,0,,,47/6
1149578,1,12,6,Abhishek Baljeetsingh Tanwar,Jagatheesan Kousik,Thangarasu Natarajan,1,1,0,run,0,,,48/6
1149578,1,12,7,Jagatheesan Kousik,Abhishek Baljeetsingh Tanwar,Thangarasu Natarajan,1,1,0,run,0,,,49/6
1149578,1,13,1,Jagatheesan Kousik,Abhishek Baljeetsingh Tanwar,S Manigandan,1,1,0,run,0,,,50/6
1149578,1,13,2,Abhishek Baljeetsingh Tanwar,Jagatheesan Kousik,S Manigandan,0,0,0,no run,0,,,50/6
1149578,1,13,3,Abhishek Baljeetsingh Tanwar,Jagatheesan Kousik,S Manigandan,0,0,0,no run,0,,,50/6
1149578,1,13,4,Abhishek Baljeetsingh Tanwar,Jagatheesan Kousik,S Manigandan,0,0,0,no run,0,,,50/6
1149578,1,13,5,Abhishek Baljeetsingh Tanwar,Jagatheesan Kousik,S Manigandan,0,0,0,no run,0,,,50/6
1149578,1,13,6,Abhishek Baljeetsingh Tanwar,Jagatheesan Kousik,S Manigandan,0,0,0,out,0,run out,Abhishek Baljeetsingh Tanwar,50/6
1149578,1,14,1,L Kiran Akash,Jagatheesan Kousik,Krishnamoorthy Vignesh,2,2,0,run,0,,,52/6
1149578,1,14,2,L Kiran Akash,Jagatheesan Kousik,Krishnamoorthy Vignesh,1,1,0,run,0,,,53/6
1149578,1,14,3,Jagatheesan Kousik,L Kiran Akash,Krishnamoorthy Vignesh,0,0,0,no run,0,,,53/6
1149578,1,14,4,Jagatheesan Kousik,L Kiran Akash,Krishnamoorthy Vignesh,1,1,0,run,0,,,54/6
1149578,1,14,5,L Kiran Akash,Jagatheesan Kousik,Krishnamoorthy Vignesh,1,1,0,run,0,,,55/6
1149578,1,14,6,Jagatheesan Kousik,L Kiran Akash,Krishnamoorthy Vignesh,1,1,0,run,1,,,56/7
1149578,1,15,1,Jagatheesan Kousik,L Kiran Akash,S Manigandan,1,1,0,run,0,,,57/7
1149578,1,15,2,L Kiran Akash,Jagatheesan Kousik,S Manigandan,0,0,0,no run,0,,,57/7
1149578,1,15,3,L Kiran Akash,Jagatheesan Kousik,S Manigandan,0,0,0,no run,0,,,57/7
1149578,1,15,4,L Kiran Akash,Jagatheesan Kousik,S Manigandan,1,1,0,run,0,,,58/7
1149578,1,15,5,Jagatheesan Kousik,L Kiran Akash,S Manigandan,1,1,0,run,0,,,59/7
1149578,1,15,6,L Kiran Akash,Jagatheesan Kousik,S Manigandan,0,0,0,out,1,caught,L Kiran Akash,59/8
1149578,1,16,1,Jagatheesan Kousik,0,Thangarasu Natarajan,4,0,4,bye,0,,,63/8
1149578,1,16,2,Jagatheesan Kousik,0,Thangarasu Natarajan,0,0,0,no run,0,,,63/8
1149578,1,16,3,Jagatheesan Kousik,0,Thangarasu Natarajan,0,0,0,no run,0,,,63/8
1149578,1,16,4,Jagatheesan Kousik,0,Thangarasu Natarajan,0,0,0,no run,0,,,63/8
1149578,1,16,5,Jagatheesan Kousik,0,Thangarasu Natarajan,1,1,0,run,0,,,64/8
1149578,1,16,6,Varun Chakravarthy Vinod,Jagatheesan Kousik,Thangarasu Natarajan,1,1,0,run,0,,,65/8
1149578,1,17,1,Varun Chakravarthy Vinod,Jagatheesan Kousik,S Manigandan,0,0,0,no run,0,,,65/8
1149578,1,17,2,Varun Chakravarthy Vinod,Jagatheesan Kousik,S Manigandan,1,1,0,run,0,,,66/8
1149578,1,17,3,Jagatheesan Kousik,Varun Chakravarthy Vinod,S Manigandan,1,1,0,run,0,,,67/8
1149578,1,17,4,Varun Chakravarthy Vinod,Jagatheesan Kousik,S Manigandan,0,0,0,no run,0,,,67/8
1149578,1,17,5,Varun Chakravarthy Vinod,Jagatheesan Kousik,S Manigandan,4,4,0,four,0,,,71/8
1149578,1,17,6,Varun Chakravarthy Vinod,Jagatheesan Kousik,S Manigandan,4,4,0,four,0,,,75/8
1149578,1,18,1,Jagatheesan Kousik,Varun Chakravarthy Vinod,Thangarasu Natarajan,1,1,0,run,0,,,76/8
1149578,1,18,2,Varun Chakravarthy Vinod,Jagatheesan Kousik,Thangarasu Natarajan,1,1,0,run,0,,,77/8
1149578,1,18,3,Jagatheesan Kousik,Varun Chakravarthy Vinod,Thangarasu Natarajan,1,1,0,run,0,,,78/8
1149578,1,18,4,Varun Chakravarthy Vinod,Jagatheesan Kousik,Thangarasu Natarajan,0,0,0,no run,0,,,78/8
1149578,1,18,5,Varun Chakravarthy Vinod,Jagatheesan Kousik,Thangarasu Natarajan,0,0,0,no run,0,,,78/8
1149578,1,18,6,Varun Chakravarthy Vinod,Jagatheesan Kousik,Thangarasu Natarajan,0,0,0,no run,0,,,78/8
1149578,1,19,1,Jagatheesan Kousik,Varun Chakravarthy Vinod,M Prasanth Rajesh,1,1,0,run,0,,,79/8
1149578,1,19,2,Varun Chakravarthy Vinod,Jagatheesan Kousik,M Prasanth Rajesh,0,0,0,no run,0,,,79/8
1149578,1,19,3,Varun Chakravarthy Vinod,Jagatheesan Kousik,M Prasanth Rajesh,1,1,0,run,0,,,80/8
1149578,1,19,4,Jagatheesan Kousik,Varun Chakravarthy Vinod,M Prasanth Rajesh,1,1,0,run,0,,,81/8
1149578,1,19,5,Varun Chakravarthy Vinod,Jagatheesan Kousik,M Prasanth Rajesh,6,6,0,six,0,,,87/8
1149578,1,19,6,Varun Chakravarthy Vinod,Jagatheesan Kousik,M Prasanth Rajesh,1,1,0,run,0,,,88/8
1149578,1,20,1,Varun Chakravarthy Vinod,Jagatheesan Kousik, Sriram Ajith Ram,1,1,0,run,0,,,89/8
1149578,1,20,2,Jagatheesan Kousik,Varun Chakravarthy Vinod, Sriram Ajith Ram,0,0,0,no run,0,,,89/8
1149578,1,20,3,Jagatheesan Kousik,Varun Chakravarthy Vinod, Sriram Ajith Ram,0,0,0,no run,0,,,89/8
1149578,1,20,4,Jagatheesan Kousik,Varun Chakravarthy Vinod, Sriram Ajith Ram,6,6,0,six,0,,,95/8
1149578,1,20,5,Jagatheesan Kousik,Varun Chakravarthy Vinod, Sriram Ajith Ram,2,2,0,run,0,,,97/8
1149578,1,20,6,Jagatheesan Kousik,Varun Chakravarthy Vinod, Sriram Ajith Ram,6,6,0,six,0,,,103/8
1149578,2,1,1,Masood Shahrukh Khan,0,Abhishek Baljeetsingh Tanwar,0,0,0,no run,0,,,0/0
1149578,2,1,2,Masood Shahrukh Khan,0,Abhishek Baljeetsingh Tanwar,1,1,0,run,0,,,1/0
1149578,2,1,3,Abhinav Mukund,Masood Shahrukh Khan,Abhishek Baljeetsingh Tanwar,1,1,0,run,0,,,2/0
1149578,2,1,4,Masood Shahrukh Khan,Abhinav Mukund,Abhishek Baljeetsingh Tanwar,1,1,0,run,0,,,3/0
1149578,2,1,5,Abhinav Mukund,Masood Shahrukh Khan,Abhishek Baljeetsingh Tanwar,0,0,0,no run,0,,,3/0
1149578,2,1,6,Abhinav Mukund,Masood Shahrukh Khan,Abhishek Baljeetsingh Tanwar,0,0,0,no run,0,,,3/0
1149578,2,2,1,Masood Shahrukh Khan,Abhinav Mukund,L Kiran Akash,6,6,0,six,0,,,9/0
1149578,2,2,2,Masood Shahrukh Khan,Abhinav Mukund,L Kiran Akash,0,0,0,no run,0,,,9/0
1149578,2,2,3,Masood Shahrukh Khan,Abhinav Mukund,L Kiran Akash,0,0,0,no run,0,,,9/0
1149578,2,2,4,Masood Shahrukh Khan,Abhinav Mukund,L Kiran Akash,1,1,0,run,0,,,10/0
1149578,2,2,5,Abhinav Mukund,Masood Shahrukh Khan,L Kiran Akash,4,4,0,four,0,,,14/0
1149578,2,2,6,Abhinav Mukund,Masood Shahrukh Khan,L Kiran Akash,1,1,0,run,0,,,15/0
1149578,2,3,1,Abhinav Mukund,Masood Shahrukh Khan,Varun Chakravarthy Vinod,2,2,0,run,0,,,17/0
1149578,2,3,2,Abhinav Mukund,Masood Shahrukh Khan,Varun Chakravarthy Vinod,0,0,0,no run,0,,,17/0
1149578,2,3,3,Abhinav Mukund,Masood Shahrukh Khan,Varun Chakravarthy Vinod,0,0,0,no run,0,,,17/0
1149578,2,3,4,Abhinav Mukund,Masood Shahrukh Khan,Varun Chakravarthy Vinod,2,2,0,run,0,,,19/0
1149578,2,3,5,Abhinav Mukund,Masood Shahrukh Khan,Varun Chakravarthy Vinod,1,1,0,run,0,,,20/0
1149578,2,3,6,Masood Shahrukh Khan,Abhinav Mukund,Varun Chakravarthy Vinod,0,0,0,no run,0,,,20/0
1149578,2,4,1,Abhinav Mukund,Masood Shahrukh Khan,Rahil S Shah,1,0,1,wide,0,,,21/0
1149578,2,4,2,Abhinav Mukund,Masood Shahrukh Khan,Rahil S Shah,1,1,0,run,0,,,22/0
1149578,2,4,3,Masood Shahrukh Khan,Abhinav Mukund,Rahil S Shah,4,4,0,four,0,,,26/0
1149578,2,4,4,Masood Shahrukh Khan,Abhinav Mukund,Rahil S Shah,1,1,0,run,0,,,27/0
1149578,2,4,5,Abhinav Mukund,Masood Shahrukh Khan,Rahil S Shah,0,0,0,no run,0,,,27/0
1149578,2,4,6,Abhinav Mukund,Masood Shahrukh Khan,Rahil S Shah,0,0,0,no run,0,,,27/0
1149578,2,4,7,Abhinav Mukund,Masood Shahrukh Khan,Rahil S Shah,0,0,0,out,1,caught,Abhinav Mukund,27/1
1149578,2,5,1,Masood Shahrukh Khan,0,Varun Chakravarthy Vinod,0,0,0,no run,0,,,27/1
1149578,2,5,2,Masood Shahrukh Khan,0,Varun Chakravarthy Vinod,0,0,0,no run,0,,,27/1
1149578,2,5,3,Masood Shahrukh Khan,0,Varun Chakravarthy Vinod,0,0,0,no run,0,,,27/1
1149578,2,5,4,Masood Shahrukh Khan,0,Varun Chakravarthy Vinod,4,4,0,four,0,,,31/1
1149578,2,5,5,Masood Shahrukh Khan,0,Varun Chakravarthy Vinod,1,1,0,run,0,,,32/1
1149578,2,5,6,Ravi Kumar Rohith,Masood Shahrukh Khan,Varun Chakravarthy Vinod,1,1,0,run,0,,,33/1
1149578,2,6,1,Ravi Kumar Rohith,Masood Shahrukh Khan,Rahil S Shah,0,0,0,no run,0,,,33/1
1149578,2,6,2,Ravi Kumar Rohith,Masood Shahrukh Khan,Rahil S Shah,1,1,0,run,0,,,34/1
1149578,2,6,3,Masood Shahrukh Khan,Ravi Kumar Rohith,Rahil S Shah,4,4,0,four,0,,,38/1
1149578,2,6,4,Masood Shahrukh Khan,Ravi Kumar Rohith,Rahil S Shah,2,2,0,run,0,,,40/1
1149578,2,6,5,Masood Shahrukh Khan,Ravi Kumar Rohith,Rahil S Shah,1,1,0,run,0,,,41/1
1149578,2,6,6,Ravi Kumar Rohith,Masood Shahrukh Khan,Rahil S Shah,0,0,0,no run,0,,,41/1
1149578,2,7,1,Masood Shahrukh Khan,Ravi Kumar Rohith,Ravi Karthikeyan,1,1,0,run,0,,,42/1
1149578,2,7,2,Ravi Kumar Rohith,Masood Shahrukh Khan,Ravi Karthikeyan,1,1,0,run,0,,,43/1
1149578,2,7,3,Masood Shahrukh Khan,Ravi Kumar Rohith,Ravi Karthikeyan,1,1,0,run,0,,,44/1
1149578,2,7,4,Ravi Kumar Rohith,Masood Shahrukh Khan,Ravi Karthikeyan,0,0,0,no run,0,,,44/1
1149578,2,7,5,Ravi Kumar Rohith,Masood Shahrukh Khan,Ravi Karthikeyan,0,0,0,no run,0,,,44/1
1149578,2,7,6,Ravi Kumar Rohith,Masood Shahrukh Khan,Ravi Karthikeyan,1,1,0,run,0,,,45/1
1149578,2,8,1,Ravi Kumar Rohith,Masood Shahrukh Khan,Varun Chakravarthy Vinod,4,4,0,four,0,,,49/1
1149578,2,8,2,Ravi Kumar Rohith,Masood Shahrukh Khan,Varun Chakravarthy Vinod,1,1,0,run,0,,,50/1
1149578,2,8,3,Masood Shahrukh Khan,Ravi Kumar Rohith,Varun Chakravarthy Vinod,0,0,0,no run,0,,,50/1
1149578,2,8,4,Masood Shahrukh Khan,Ravi Kumar Rohith,Varun Chakravarthy Vinod,0,0,0,no run,0,,,50/1
1149578,2,8,5,Masood Shahrukh Khan,Ravi Kumar Rohith,Varun Chakravarthy Vinod,1,1,0,run,0,,,51/1
1149578,2,8,6,Ravi Kumar Rohith,Masood Shahrukh Khan,Varun Chakravarthy Vinod,0,0,0,no run,0,,,51/1
1149578,2,9,1,Masood Shahrukh Khan,Ravi Kumar Rohith,Ravi Karthikeyan,0,0,0,out,1,caught,Masood Shahrukh Khan,51/2
1149578,2,9,2,Ashwin Venkataraman,Ravi Kumar Rohith,Ravi Karthikeyan,4,4,0,four,0,,,55/2
1149578,2,9,3,Ashwin Venkataraman,Ravi Kumar Rohith,Ravi Karthikeyan,1,1,0,run,0,,,56/2
1149578,2,9,4,Ravi Kumar Rohith,Ashwin Venkataraman,Ravi Karthikeyan,0,0,0,no run,0,,,56/2
1149578,2,9,5,Ravi Kumar Rohith,Ashwin Venkataraman,Ravi Karthikeyan,1,1,0,run,0,,,57/2
1149578,2,9,6,Ashwin Venkataraman,Ravi Kumar Rohith,Ravi Karthikeyan,0,0,0,no run,0,,,57/2
1149578,2,10,1,Ravi Kumar Rohith,Ashwin Venkataraman,Rahil S Shah,0,0,0,no run,0,,,57/2
1149578,2,10,2,Ravi Kumar Rohith,Ashwin Venkataraman,Rahil S Shah,1,1,0,run,0,,,58/2
1149578,2,10,3,Ashwin Venkataraman,Ravi Kumar Rohith,Rahil S Shah,1,0,1,leg bye,0,,,59/2
1149578,2,10,4,Ravi Kumar Rohith,Ashwin Venkataraman,Rahil S Shah,1,1,0,run,0,,,60/2
1149578,2,10,5,Ashwin Venkataraman,Ravi Kumar Rohith,Rahil S Shah,0,0,0,no run,0,,,60/2
1149578,2,10,6,Ashwin Venkataraman,Ravi Kumar Rohith,Rahil S Shah,0,0,0,no run,0,,,60/2
1149578,2,11,1,Ravi Kumar Rohith,Ashwin Venkataraman,Ravi Karthikeyan,0,0,0,no run,0,,,60/2
1149578,2,11,2,Ravi Kumar Rohith,Ashwin Venkataraman,Ravi Karthikeyan,1,1,0,run,0,,,61/2
1149578,2,11,3,Ashwin Venkataraman,Ravi Kumar Rohith,Ravi Karthikeyan,0,0,0,no run,0,,,61/2
1149578,2,11,4,Ashwin Venkataraman,Ravi Kumar Rohith,Ravi Karthikeyan,1,1,0,run,0,,,62/2
1149578,2,11,5,Ravi Kumar Rohith,Ashwin Venkataraman,Ravi Karthikeyan,1,1,0,run,0,,,63/2
1149578,2,11,6,Ashwin Venkataraman,Ravi Kumar Rohith,Ravi Karthikeyan,0,0,0,no run,0,,,63/2
1149578,2,12,1,Ravi Kumar Rohith,Ashwin Venkataraman,Rahil S Shah,0,0,0,no run,0,,,63/2
1149578,2,12,2,Ravi Kumar Rohith,Ashwin Venkataraman,Rahil S Shah,1,1,0,run,0,,,64/2
1149578,2,12,3,Ashwin Venkataraman,Ravi Kumar Rohith,Rahil S Shah,0,0,0,no run,0,,,64/2
1149578,2,12,4,Ashwin Venkataraman,Ravi Kumar Rohith,Rahil S Shah,1,1,0,run,0,,,65/2
1149578,2,12,5,Ravi Kumar Rohith,Ashwin Venkataraman,Rahil S Shah,1,1,0,run,0,,,66/2
1149578,2,12,6,Ashwin Venkataraman,Ravi Kumar Rohith,Rahil S Shah,0,0,0,no run,0,,,66/2
1149578,2,13,1,Ravi Kumar Rohith,Ashwin Venkataraman,Poovathinga Shijit Chandran,1,1,0,run,0,,,67/2
1149578,2,13,2,Ashwin Venkataraman,Ravi Kumar Rohith,Poovathinga Shijit Chandran,1,1,0,run,0,,,68/2
1149578,2,13,3,Ravi Kumar Rohith,Ashwin Venkataraman,Poovathinga Shijit Chandran,1,1,0,run,0,,,69/2
1149578,2,13,4,Ashwin Venkataraman,Ravi Kumar Rohith,Poovathinga Shijit Chandran,0,0,0,no run,0,,,69/2
1149578,2,13,5,Ashwin Venkataraman,Ravi Kumar Rohith,Poovathinga Shijit Chandran,1,1,0,run,0,,,70/2
1149578,2,13,6,Ravi Kumar Rohith,Ashwin Venkataraman,Poovathinga Shijit Chandran,1,1,0,run,0,,,71/2
1149578,2,14,1,Ravi Kumar Rohith,Ashwin Venkataraman,Ravi Karthikeyan,0,0,0,no run,0,,,71/2
1149578,2,14,2,Ravi Kumar Rohith,Ashwin Venkataraman,Ravi Karthikeyan,0,0,0,no run,0,,,71/2
1149578,2,14,3,Ravi Kumar Rohith,Ashwin Venkataraman,Ravi Karthikeyan,0,0,0,no run,0,,,71/2
1149578,2,14,4,Ravi Kumar Rohith,Ashwin Venkataraman,Ravi Karthikeyan,1,1,0,run,0,,,72/2
1149578,2,14,5,Ashwin Venkataraman,Ravi Kumar Rohith,Ravi Karthikeyan,1,1,0,run,0,,,73/2
1149578,2,14,6,Ravi Kumar Rohith,Ashwin Venkataraman,Ravi Karthikeyan,1,1,0,run,0,,,74/2
1149578,2,15,1,Ravi Kumar Rohith,Ashwin Venkataraman,Poovathinga Shijit Chandran,0,0,0,no run,0,,,74/2
1149578,2,15,2,Ravi Kumar Rohith,Ashwin Venkataraman,Poovathinga Shijit Chandran,1,1,0,run,0,,,75/2
1149578,2,15,3,Ashwin Venkataraman,Ravi Kumar Rohith,Poovathinga Shijit Chandran,2,2,0,run,0,,,77/2
1149578,2,15,4,Ashwin Venkataraman,Ravi Kumar Rohith,Poovathinga Shijit Chandran,1,0,1,wide,0,,,78/2
1149578,2,15,5,Ashwin Venkataraman,Ravi Kumar Rohith,Poovathinga Shijit Chandran,2,2,0,run,0,,,80/2
1149578,2,15,6,Ashwin Venkataraman,Ravi Kumar Rohith,Poovathinga Shijit Chandran,0,0,0,no run,0,,,80/2
1149578,2,15,7,Ashwin Venkataraman,Ravi Kumar Rohith,Poovathinga Shijit Chandran,1,0,1,wide,0,,,81/2
1149578,2,15,8,Ashwin Venkataraman,Ravi Kumar Rohith,Poovathinga Shijit Chandran,1,1,0,run,0,,,82/2
1149578,2,16,1,Ashwin Venkataraman,Ravi Kumar Rohith,Abhishek Baljeetsingh Tanwar,4,4,0,four,0,,,86/2
1149578,2,16,2,Ashwin Venkataraman,Ravi Kumar Rohith,Abhishek Baljeetsingh Tanwar,0,0,0,no run,0,,,86/2
1149578,2,16,3,Ashwin Venkataraman,Ravi Kumar Rohith,Abhishek Baljeetsingh Tanwar,1,1,0,run,0,,,87/2
1149578,2,16,4,Ravi Kumar Rohith,Ashwin Venkataraman,Abhishek Baljeetsingh Tanwar,1,1,0,run,0,,,88/2
1149578,2,16,5,Ashwin Venkataraman,Ravi Kumar Rohith,Abhishek Baljeetsingh Tanwar,0,0,0,no run,0,,,88/2
1149578,2,16,6,Ashwin Venkataraman,Ravi Kumar Rohith,Abhishek Baljeetsingh Tanwar,6,6,0,six,0,,,94/2
1149578,2,17,1,Ravi Kumar Rohith,Ashwin Venkataraman,Varun Chakravarthy Vinod,4,4,0,four,0,,,98/2
1149578,2,17,2,Ravi Kumar Rohith,Ashwin Venkataraman,Varun Chakravarthy Vinod,1,1,0,run,0,,,99/2
1149578,2,17,3,Ashwin Venkataraman,Ravi Kumar Rohith,Varun Chakravarthy Vinod,0,0,0,no run,0,,,99/2
1149578,2,17,4,Ashwin Venkataraman,Ravi Kumar Rohith,Varun Chakravarthy Vinod,0,0,0,no run,0,,,99/2
1149578,2,17,5,Ashwin Venkataraman,Ravi Kumar Rohith,Varun Chakravarthy Vinod,0,0,0,no run,0,,,99/2
1149578,2,17,6,Ashwin Venkataraman,Ravi Kumar Rohith,Varun Chakravarthy Vinod,2,2,0,run,0,,,101/2
1149578,2,18,1,Ravi Kumar Rohith,Ashwin Venkataraman,Abhishek Baljeetsingh Tanwar,2,2,0,run,0,,,103/2
1149578,2,18,2,Ravi Kumar Rohith,Ashwin Venkataraman,Abhishek Baljeetsingh Tanwar,4,4,0,four,0,,,107/2
1149579,1,1,1,S Siddharth,0,Chandrasekar Ganapathy,0,0,0,no run,0,,,0/0
1149579,1,1,2,S Siddharth,0,Chandrasekar Ganapathy,0,0,0,no run,0,,,0/0
1149579,1,1,3,S Siddharth,0,Chandrasekar Ganapathy,0,0,0,no run,0,,,0/0
1149579,1,1,4,S Siddharth,0,Chandrasekar Ganapathy,1,1,0,run,0,,,1/0
1149579,1,1,5,Baba Aparajith,S Siddharth,Chandrasekar Ganapathy,0,0,0,no run,0,,,1/0
1149579,1,1,6,Baba Aparajith,S Siddharth,Chandrasekar Ganapathy,1,1,0,run,0,,,2/0
1149579,1,2,1,Baba Aparajith,S Siddharth,Kannan Vignesh,1,1,0,run,0,,,3/0
1149579,1,2,2,S Siddharth,Baba Aparajith,Kannan Vignesh,4,4,0,four,0,,,7/0
1149579,1,2,3,S Siddharth,Baba Aparajith,Kannan Vignesh,0,0,0,no run,0,,,7/0
1149579,1,2,4,S Siddharth,Baba Aparajith,Kannan Vignesh,1,0,1,leg bye,0,,,8/0
1149579,1,2,5,Baba Aparajith,S Siddharth,Kannan Vignesh,1,1,0,run,0,,,9/0
1149579,1,2,6,S Siddharth,Baba Aparajith,Kannan Vignesh,4,4,0,four,0,,,13/0
1149579,1,3,1,Baba Aparajith,S Siddharth,Chandrasekar Ganapathy,1,1,0,run,0,,,14/0
1149579,1,3,2,S Siddharth,Baba Aparajith,Chandrasekar Ganapathy,4,4,0,four,0,,,18/0
1149579,1,3,3,S Siddharth,Baba Aparajith,Chandrasekar Ganapathy,4,4,0,four,0,,,22/0
1149579,1,3,4,S Siddharth,Baba Aparajith,Chandrasekar Ganapathy,0,0,0,out,1,caught,S Siddharth,22/1
1149579,1,3,5,K Vishal Vaidhya,Baba Aparajith,Chandrasekar Ganapathy,1,1,0,run,0,,,23/1
1149579,1,3,6,Baba Aparajith,K Vishal Vaidhya,Chandrasekar Ganapathy,0,0,0,no run,0,,,23/1
1149579,1,4,1,K Vishal Vaidhya,Baba Aparajith,Ramsingh Sonu Yadav,0,0,0,no run,0,,,23/1
1149579,1,4,2,K Vishal Vaidhya,Baba Aparajith,Ramsingh Sonu Yadav,2,2,0,run,0,,,25/1
1149579,1,4,3,K Vishal Vaidhya,Baba Aparajith,Ramsingh Sonu Yadav,4,4,0,four,0,,,29/1
1149579,1,4,4,K Vishal Vaidhya,Baba Aparajith,Ramsingh Sonu Yadav,0,0,0,out,1,caught,K Vishal Vaidhya,29/2
1149579,1,4,5,U Vishal,Baba Aparajith,Ramsingh Sonu Yadav,0,0,0,no run,0,,,29/2
1149579,1,4,6,U Vishal,Baba Aparajith,Ramsingh Sonu Yadav,0,0,0,no run,0,,,29/2
1149579,1,5,1,Baba Aparajith,U Vishal,Dakshinamoorthy Tamil Kumaran,0,0,0,no run,0,,,29/2
1149579,1,5,2,Baba Aparajith,U Vishal,Dakshinamoorthy Tamil Kumaran,4,4,0,four,0,,,33/2
1149579,1,5,3,Baba Aparajith,U Vishal,Dakshinamoorthy Tamil Kumaran,1,1,0,run,0,,,34/2
1149579,1,5,4,U Vishal,Baba Aparajith,Dakshinamoorthy Tamil Kumaran,1,1,0,run,0,,,35/2
1149579,1,5,5,Baba Aparajith,U Vishal,Dakshinamoorthy Tamil Kumaran,0,0,0,no run,0,,,35/2
1149579,1,5,6,Baba Aparajith,U Vishal,Dakshinamoorthy Tamil Kumaran,1,0,1,wide,0,,,36/2
1149579,1,5,7,Baba Aparajith,U Vishal,Dakshinamoorthy Tamil Kumaran,1,1,0,run,0,,,37/2
1149579,1,6,1,Baba Aparajith,U Vishal,Ramsingh Sonu Yadav,1,1,0,run,0,,,38/2
1149579,1,6,2,U Vishal,Baba Aparajith,Ramsingh Sonu Yadav,4,4,0,four,0,,,42/2
1149579,1,6,3,U Vishal,Baba Aparajith,Ramsingh Sonu Yadav,1,1,0,run,0,,,43/2
1149579,1,6,4,Baba Aparajith,U Vishal,Ramsingh Sonu Yadav,1,1,0,run,0,,,44/2
1149579,1,6,5,U Vishal,Baba Aparajith,Ramsingh Sonu Yadav,1,1,0,run,0,,,45/2
1149579,1,6,6,Baba Aparajith,U Vishal,Ramsingh Sonu Yadav,0,0,0,no run,0,,,45/2
1149579,1,7,1,U Vishal,Baba Aparajith,DT Chandrasekar,1,1,0,run,0,,,46/2
1149579,1,7,2,Baba Aparajith,U Vishal,DT Chandrasekar,0,0,0,out,1,caught,Baba Aparajith,46/3
1149579,1,7,3,RS Mokit Hariharan,U Vishal,DT Chandrasekar,0,0,0,no run,0,,,46/3
1149579,1,7,4,RS Mokit Hariharan,U Vishal,DT Chandrasekar,4,4,0,four,0,,,50/3
1149579,1,7,5,RS Mokit Hariharan,U Vishal,DT Chandrasekar,0,0,0,no run,0,,,50/3
1149579,1,7,6,RS Mokit Hariharan,U Vishal,DT Chandrasekar,0,0,0,no run,0,,,50/3
1149579,1,8,1,U Vishal,RS Mokit Hariharan,MS Sanjay,0,0,0,no run,0,,,50/3
1149579,1,8,2,U Vishal,RS Mokit Hariharan,MS Sanjay,1,1,0,run,0,,,51/3
1149579,1,8,3,RS Mokit Hariharan,U Vishal,MS Sanjay,1,1,0,run,0,,,52/3
1149579,1,8,4,U Vishal,RS Mokit Hariharan,MS Sanjay,4,4,0,four,0,,,56/3
1149579,1,8,5,U Vishal,RS Mokit Hariharan,MS Sanjay,0,0,0,no run,0,,,56/3
1149579,1,8,6,U Vishal,RS Mokit Hariharan,MS Sanjay,1,1,0,run,0,,,57/3
1149579,1,9,1,U Vishal,RS Mokit Hariharan,Selvam Suresh Kumar,1,1,0,run,0,,,58/3
1149579,1,9,2,RS Mokit Hariharan,U Vishal,Selvam Suresh Kumar,0,0,0,no run,0,,,58/3
1149579,1,9,3,RS Mokit Hariharan,U Vishal,Selvam Suresh Kumar,1,1,0,run,0,,,59/3
1149579,1,9,4,U Vishal,RS Mokit Hariharan,Selvam Suresh Kumar,1,1,0,run,0,,,60/3
1149579,1,9,5,RS Mokit Hariharan,U Vishal,Selvam Suresh Kumar,1,1,0,run,0,,,61/3
1149579,1,9,6,U Vishal,RS Mokit Hariharan,Selvam Suresh Kumar,0,0,0,no run,0,,,61/3
1149579,1,10,1,RS Mokit Hariharan,U Vishal,DT Chandrasekar,1,0,1,wide,0,,,62/3
1149579,1,10,2,RS Mokit Hariharan,U Vishal,DT Chandrasekar,1,1,0,run,0,,,63/3
1149579,1,10,3,U Vishal,RS Mokit Hariharan,DT Chandrasekar,1,1,0,run,0,,,64/3
1149579,1,10,4,RS Mokit Hariharan,U Vishal,DT Chandrasekar,0,0,0,no run,0,,,64/3
1149579,1,10,5,RS Mokit Hariharan,U Vishal,DT Chandrasekar,1,1,0,run,0,,,65/3
1149579,1,10,6,U Vishal,RS Mokit Hariharan,DT Chandrasekar,0,0,0,no run,0,,,65/3
1149579,1,10,7,U Vishal,RS Mokit Hariharan,DT Chandrasekar,6,6,0,six,0,,,71/3
1149579,1,11,1,RS Mokit Hariharan,U Vishal,Selvam Suresh Kumar,0,0,0,no run,0,,,71/3
1149579,1,11,2,RS Mokit Hariharan,U Vishal,Selvam Suresh Kumar,1,1,0,run,0,,,72/3
1149579,1,11,3,U Vishal,RS Mokit Hariharan,Selvam Suresh Kumar,1,1,0,run,0,,,73/3
1149579,1,11,4,RS Mokit Hariharan,U Vishal,Selvam Suresh Kumar,0,0,0,no run,0,,,73/3
1149579,1,11,5,RS Mokit Hariharan,U Vishal,Selvam Suresh Kumar,1,1,0,run,0,,,74/3
1149579,1,11,6,U Vishal,RS Mokit Hariharan,Selvam Suresh Kumar,0,0,0,no run,0,,,74/3
1149579,1,12,1,RS Mokit Hariharan,U Vishal,DT Chandrasekar,1,1,0,run,0,,,75/3
1149579,1,12,2,U Vishal,RS Mokit Hariharan,DT Chandrasekar,1,1,0,run,1,run out,U Vishal,76/4
1149579,1,12,3,RS Mokit Hariharan,0,DT Chandrasekar,0,0,0,no run,0,,,76/4
1149579,1,12,4,RS Mokit Hariharan,0,DT Chandrasekar,0,0,0,no run,0,,,76/4
1149579,1,12,5,RS Mokit Hariharan,0,DT Chandrasekar,1,1,0,run,0,,,77/4
1149579,1,12,6,P Francis Rokins,RS Mokit Hariharan,DT Chandrasekar,0,0,0,no run,0,,,77/4
1149579,1,13,1,RS Mokit Hariharan,P Francis Rokins,Selvam Suresh Kumar,0,0,0,no run,0,,,77/4
1149579,1,13,2,RS Mokit Hariharan,P Francis Rokins,Selvam Suresh Kumar,1,1,0,run,0,,,78/4
1149579,1,13,3,P Francis Rokins,RS Mokit Hariharan,Selvam Suresh Kumar,1,1,0,run,0,,,79/4
1149579,1,13,4,RS Mokit Hariharan,P Francis Rokins,Selvam Suresh Kumar,1,1,0,run,0,,,80/4
1149579,1,13,5,P Francis Rokins,RS Mokit Hariharan,Selvam Suresh Kumar,1,1,0,run,0,,,81/4
1149579,1,13,6,RS Mokit Hariharan,P Francis Rokins,Selvam Suresh Kumar,0,0,0,no run,0,,,81/4
1149579,1,14,1,P Francis Rokins,RS Mokit Hariharan,DT Chandrasekar,0,0,0,no run,0,,,81/4
1149579,1,14,2,P Francis Rokins,RS Mokit Hariharan,DT Chandrasekar,1,1,0,run,0,,,82/4
1149579,1,14,3,RS Mokit Hariharan,P Francis Rokins,DT Chandrasekar,1,1,0,run,0,,,83/4
1149579,1,14,4,P Francis Rokins,RS Mokit Hariharan,DT Chandrasekar,4,4,0,four,0,,,87/4
1149579,1,14,5,P Francis Rokins,RS Mokit Hariharan,DT Chandrasekar,0,0,0,no run,0,,,87/4
1149579,1,14,6,P Francis Rokins,RS Mokit Hariharan,DT Chandrasekar,1,1,0,run,0,,,88/4
1149579,1,15,1,P Francis Rokins,RS Mokit Hariharan,Selvam Suresh Kumar,1,1,0,run,0,,,89/4
1149579,1,15,2,RS Mokit Hariharan,P Francis Rokins,Selvam Suresh Kumar,0,0,0,no run,0,,,89/4
1149579,1,15,3,RS Mokit Hariharan,P Francis Rokins,Selvam Suresh Kumar,1,1,0,run,0,,,90/4
1149579,1,15,4,P Francis Rokins,RS Mokit Hariharan,Selvam Suresh Kumar,0,0,0,no run,0,,,90/4
1149579,1,15,5,P Francis Rokins,RS Mokit Hariharan,Selvam Suresh Kumar,0,0,0,no run,0,,,90/4
1149579,1,15,6,P Francis Rokins,RS Mokit Hariharan,Selvam Suresh Kumar,1,1,0,run,0,,,91/4
1149579,1,16,1,P Francis Rokins,RS Mokit Hariharan,Ramsingh Sonu Yadav,1,1,0,run,0,,,92/4
1149579,1,16,2,RS Mokit Hariharan,P Francis Rokins,Ramsingh Sonu Yadav,0,0,0,out,1,caught,RS Mokit Hariharan,92/5
1149579,1,16,3,K Deeban Lingesh,P Francis Rokins,Ramsingh Sonu Yadav,4,4,0,four,0,,,96/5
1149579,1,16,4,K Deeban Lingesh,P Francis Rokins,Ramsingh Sonu Yadav,0,0,0,no run,0,,,96/5
1149579,1,16,5,K Deeban Lingesh,P Francis Rokins,Ramsingh Sonu Yadav,1,1,0,run,0,,,97/5
1149579,1,16,6,P Francis Rokins,K Deeban Lingesh,Ramsingh Sonu Yadav,6,6,0,six,0,,,103/5
1149579,1,17,1,K Deeban Lingesh,P Francis Rokins,Kannan Vignesh,1,1,0,run,0,,,104/5
1149579,1,17,2,P Francis Rokins,K Deeban Lingesh,Kannan Vignesh,1,1,0,run,0,,,105/5
1149579,1,17,3,K Deeban Lingesh,P Francis Rokins,Kannan Vignesh,0,0,0,out,1,bowled,K Deeban Lingesh,105/6
1149579,1,17,4,S Chandrashekar,P Francis Rokins,Kannan Vignesh,0,0,0,out,1,caught,S Chandrashekar,105/7
1149579,1,17,5,R Divakar,P Francis Rokins,Kannan Vignesh,0,0,0,no run,0,,,105/7
1149579,1,17,6,R Divakar,P Francis Rokins,Kannan Vignesh,0,0,0,no run,0,,,105/7
1149579,1,18,1,P Francis Rokins,R Divakar,Chandrasekar Ganapathy,0,0,0,no run,0,,,105/7
1149579,1,18,2,P Francis Rokins,R Divakar,Chandrasekar Ganapathy,0,0,0,no run,0,,,105/7
1149579,1,18,3,P Francis Rokins,R Divakar,Chandrasekar Ganapathy,1,1,0,run,0,,,106/7
1149579,1,18,4,R Divakar,P Francis Rokins,Chandrasekar Ganapathy,1,1,0,run,0,,,107/7
1149579,1,18,5,P Francis Rokins,R Divakar,Chandrasekar Ganapathy,1,1,0,run,0,,,108/7
1149579,1,18,6,R Divakar,P Francis Rokins,Chandrasekar Ganapathy,0,0,0,no run,0,,,108/7
1149579,1,19,1,P Francis Rokins,R Divakar,Kannan Vignesh,0,0,0,no run,0,,,108/7
1149579,1,19,2,P Francis Rokins,R Divakar,Kannan Vignesh,4,4,0,four,0,,,112/7
1149579,1,19,3,P Francis Rokins,R Divakar,Kannan Vignesh,0,0,0,no run,0,,,112/7
1149579,1,19,4,P Francis Rokins,R Divakar,Kannan Vignesh,4,4,0,four,0,,,116/7
1149579,1,19,5,P Francis Rokins,R Divakar,Kannan Vignesh,1,1,0,run,0,,,117/7
1149579,1,19,6,R Divakar,P Francis Rokins,Kannan Vignesh,4,4,0,four,0,,,121/7
1149579,1,20,1,P Francis Rokins,R Divakar,Chandrasekar Ganapathy,1,1,0,run,0,,,122/7
1149579,1,20,2,R Divakar,P Francis Rokins,Chandrasekar Ganapathy,1,1,0,run,0,,,123/7
1149579,1,20,3,P Francis Rokins,R Divakar,Chandrasekar Ganapathy,0,0,0,no run,0,,,123/7
1149579,1,20,4,P Francis Rokins,R Divakar,Chandrasekar Ganapathy,6,6,0,six,0,,,129/7
1149579,1,20,5,P Francis Rokins,R Divakar,Chandrasekar Ganapathy,1,1,0,run,1,run out,R Divakar,130/8
1149579,1,20,6,P Francis Rokins,Raju Aushik Srinivas,Chandrasekar Ganapathy,6,6,0,six,0,,,136/8
1149579,2,1,1,Kumaran Bharath Shankar,0,K Deeban Lingesh,1,1,0,run,0,,,1/0
1149579,2,1,2,K Mani Bharathi,Kumaran Bharath Shankar,K Deeban Lingesh,0,0,0,no run,0,,,1/0
1149579,2,1,3,K Mani Bharathi,Kumaran Bharath Shankar,K Deeban Lingesh,0,0,0,no run,0,,,1/0
1149579,2,1,4,K Mani Bharathi,Kumaran Bharath Shankar,K Deeban Lingesh,0,0,0,no run,0,,,1/0
1149579,2,1,5,K Mani Bharathi,Kumaran Bharath Shankar,K Deeban Lingesh,0,0,0,no run,0,,,1/0
1149579,2,1,6,K Mani Bharathi,Kumaran Bharath Shankar,K Deeban Lingesh,1,1,0,run,0,,,2/0
1149579,2,2,1,K Mani Bharathi,Kumaran Bharath Shankar,Raju Aushik Srinivas,0,0,0,no run,0,,,2/0
1149579,2,2,2,K Mani Bharathi,Kumaran Bharath Shankar,Raju Aushik Srinivas,0,0,0,no run,0,,,2/0
1149579,2,2,3,K Mani Bharathi,Kumaran Bharath Shankar,Raju Aushik Srinivas,1,0,1,wide,0,,,3/0
1149579,2,2,4,K Mani Bharathi,Kumaran Bharath Shankar,Raju Aushik Srinivas,1,1,0,run,0,,,4/0
1149579,2,2,5,Kumaran Bharath Shankar,K Mani Bharathi,Raju Aushik Srinivas,1,1,0,run,0,,,5/0
1149579,2,2,6,K Mani Bharathi,Kumaran Bharath Shankar,Raju Aushik Srinivas,0,0,0,no run,0,,,5/0
1149579,2,2,7,K Mani Bharathi,Kumaran Bharath Shankar,Raju Aushik Srinivas,4,4,0,four,0,,,9/0
1149579,2,3,1,Kumaran Bharath Shankar,K Mani Bharathi,K Deeban Lingesh,4,4,0,four,0,,,13/0
1149579,2,3,2,Kumaran Bharath Shankar,K Mani Bharathi,K Deeban Lingesh,0,0,0,no run,0,,,13/0
1149579,2,3,3,Kumaran Bharath Shankar,K Mani Bharathi,K Deeban Lingesh,4,4,0,four,0,,,17/0
1149579,2,3,4,Kumaran Bharath Shankar,K Mani Bharathi,K Deeban Lingesh,4,4,0,four,0,,,21/0
1149579,2,3,5,Kumaran Bharath Shankar,K Mani Bharathi,K Deeban Lingesh,4,4,0,four,0,,,25/0
1149579,2,3,6,Kumaran Bharath Shankar,K Mani Bharathi,K Deeban Lingesh,0,0,0,no run,0,,,25/0
1149579,2,4,1,K Mani Bharathi,Kumaran Bharath Shankar,Raju Aushik Srinivas,0,0,0,no run,0,,,25/0
1149579,2,4,2,K Mani Bharathi,Kumaran Bharath Shankar,Raju Aushik Srinivas,0,0,0,out,1,bowled,K Mani Bharathi,25/1
1149579,2,4,3,Baba Indrajith,Kumaran Bharath Shankar,Raju Aushik Srinivas,1,1,0,run,0,,,26/1
1149579,2,4,4,Kumaran Bharath Shankar,Baba Indrajith,Raju Aushik Srinivas,6,6,0,six,0,,,32/1
1149579,2,4,5,Kumaran Bharath Shankar,Baba Indrajith,Raju Aushik Srinivas,0,0,0,no run,0,,,32/1
1149579,2,4,6,Kumaran Bharath Shankar,Baba Indrajith,Raju Aushik Srinivas,1,1,0,run,0,,,33/1
1149579,2,5,1,Kumaran Bharath Shankar,Baba Indrajith,R Divakar,4,4,0,four,0,,,37/1
1149579,2,5,2,Kumaran Bharath Shankar,Baba Indrajith,R Divakar,1,1,0,run,0,,,38/1
1149579,2,5,3,Baba Indrajith,Kumaran Bharath Shankar,R Divakar,1,1,0,run,0,,,39/1
1149579,2,5,4,Kumaran Bharath Shankar,Baba Indrajith,R Divakar,4,4,0,four,0,,,43/1
1149579,2,5,5,Kumaran Bharath Shankar,Baba Indrajith,R Divakar,1,1,0,run,0,,,44/1
1149579,2,5,6,Baba Indrajith,Kumaran Bharath Shankar,R Divakar,1,1,0,run,0,,,45/1
1149579,2,6,1,Baba Indrajith,Kumaran Bharath Shankar,RS Mokit Hariharan,4,4,0,four,0,,,49/1
1149579,2,6,2,Baba Indrajith,Kumaran Bharath Shankar,RS Mokit Hariharan,0,0,0,no run,0,,,49/1
1149579,2,6,3,Baba Indrajith,Kumaran Bharath Shankar,RS Mokit Hariharan,0,0,0,no run,0,,,49/1
1149579,2,6,4,Baba Indrajith,Kumaran Bharath Shankar,RS Mokit Hariharan,0,0,0,no run,0,,,49/1
1149579,2,6,5,Baba Indrajith,Kumaran Bharath Shankar,RS Mokit Hariharan,1,1,0,run,0,,,50/1
1149579,2,6,6,Kumaran Bharath Shankar,Baba Indrajith,RS Mokit Hariharan,0,0,0,no run,0,,,50/1
1149579,2,7,1,Baba Indrajith,Kumaran Bharath Shankar,R Divakar,1,1,0,run,0,,,51/1
1149579,2,7,2,Kumaran Bharath Shankar,Baba Indrajith,R Divakar,0,0,0,no run,0,,,51/1
1149579,2,7,3,Kumaran Bharath Shankar,Baba Indrajith,R Divakar,0,0,0,no run,0,,,51/1
1149579,2,7,4,Kumaran Bharath Shankar,Baba Indrajith,R Divakar,1,1,0,run,0,,,52/1
1149579,2,7,5,Baba Indrajith,Kumaran Bharath Shankar,R Divakar,2,2,0,run,0,,,54/1
1149579,2,7,6,Baba Indrajith,Kumaran Bharath Shankar,R Divakar,1,1,0,run,0,,,55/1
1149579,2,8,1,Baba Indrajith,Kumaran Bharath Shankar,RS Mokit Hariharan,1,1,0,run,0,,,56/1
1149579,2,8,2,Kumaran Bharath Shankar,Baba Indrajith,RS Mokit Hariharan,1,1,0,run,0,,,57/1
1149579,2,8,3,Baba Indrajith,Kumaran Bharath Shankar,RS Mokit Hariharan,0,0,0,no run,0,,,57/1
1149579,2,8,4,Baba Indrajith,Kumaran Bharath Shankar,RS Mokit Hariharan,1,1,0,run,0,,,58/1
1149579,2,8,5,Kumaran Bharath Shankar,Baba Indrajith,RS Mokit Hariharan,4,4,0,four,0,,,62/1
1149579,2,8,6,Kumaran Bharath Shankar,Baba Indrajith,RS Mokit Hariharan,1,1,0,run,0,,,63/1
1149579,2,9,1,Kumaran Bharath Shankar,Baba Indrajith,R Divakar,1,1,0,run,0,,,64/1
1149579,2,9,2,Baba Indrajith,Kumaran Bharath Shankar,R Divakar,4,4,0,four,0,,,68/1
1149579,2,9,3,Baba Indrajith,Kumaran Bharath Shankar,R Divakar,1,0,1,leg bye,0,,,69/1
1149579,2,9,4,Kumaran Bharath Shankar,Baba Indrajith,R Divakar,1,1,0,run,0,,,70/1
1149579,2,9,5,Baba Indrajith,Kumaran Bharath Shankar,R Divakar,1,1,0,run,0,,,71/1
1149579,2,9,6,Kumaran Bharath Shankar,Baba Indrajith,R Divakar,1,0,1,wide,0,,,72/1
1149579,2,9,7,Kumaran Bharath Shankar,Baba Indrajith,R Divakar,1,1,0,run,0,,,73/1
1149579,2,10,1,Kumaran Bharath Shankar,Baba Indrajith,Chandramouli Shriram,4,4,0,four,0,,,77/1
1149579,2,10,2,Kumaran Bharath Shankar,Baba Indrajith,Chandramouli Shriram,1,1,0,run,0,,,78/1
1149579,2,10,3,Baba Indrajith,Kumaran Bharath Shankar,Chandramouli Shriram,0,0,0,no run,0,,,78/1
1149579,2,10,4,Baba Indrajith,Kumaran Bharath Shankar,Chandramouli Shriram,0,0,0,no run,0,,,78/1
1149579,2,10,5,Baba Indrajith,Kumaran Bharath Shankar,Chandramouli Shriram,1,1,0,run,0,,,79/1
1149579,2,10,6,Kumaran Bharath Shankar,Baba Indrajith,Chandramouli Shriram,1,1,0,run,0,,,80/1
1149579,2,11,1,Kumaran Bharath Shankar,Baba Indrajith,RS Mokit Hariharan,1,1,0,run,0,,,81/1
1149579,2,11,2,Baba Indrajith,Kumaran Bharath Shankar,RS Mokit Hariharan,0,0,0,no run,0,,,81/1
1149579,2,11,3,Baba Indrajith,Kumaran Bharath Shankar,RS Mokit Hariharan,1,1,0,run,0,,,82/1
1149579,2,11,4,Kumaran Bharath Shankar,Baba Indrajith,RS Mokit Hariharan,1,1,0,run,0,,,83/1
1149579,2,11,5,Baba Indrajith,Kumaran Bharath Shankar,RS Mokit Hariharan,1,1,0,run,0,,,84/1
1149579,2,11,6,Kumaran Bharath Shankar,Baba Indrajith,RS Mokit Hariharan,4,4,0,four,0,,,88/1
1149579,2,12,1,Baba Indrajith,Kumaran Bharath Shankar,Chandramouli Shriram,1,1,0,run,0,,,89/1
1149579,2,12,2,Kumaran Bharath Shankar,Baba Indrajith,Chandramouli Shriram,1,1,0,run,0,,,90/1
1149579,2,12,3,Baba Indrajith,Kumaran Bharath Shankar,Chandramouli Shriram,2,2,0,run,0,,,92/1
1149579,2,12,4,Baba Indrajith,Kumaran Bharath Shankar,Chandramouli Shriram,1,1,0,run,0,,,93/1
1149579,2,12,5,Kumaran Bharath Shankar,Baba Indrajith,Chandramouli Shriram,1,1,0,run,0,,,94/1
1149579,2,12,6,Baba Indrajith,Kumaran Bharath Shankar,Chandramouli Shriram,0,0,0,out,1,caught,Baba Indrajith,94/2
1149579,2,13,1,Kumaran Bharath Shankar,0,Raju Aushik Srinivas,1,1,0,run,0,,,95/2
1149579,2,13,2,Selvam Suresh Kumar,Kumaran Bharath Shankar,Raju Aushik Srinivas,4,4,0,four,0,,,99/2
1149579,2,13,3,Selvam Suresh Kumar,Kumaran Bharath Shankar,Raju Aushik Srinivas,1,1,0,run,0,,,100/2
1149579,2,13,4,Kumaran Bharath Shankar,Selvam Suresh Kumar,Raju Aushik Srinivas,6,6,0,six,0,,,106/2
1149579,2,13,5,Kumaran Bharath Shankar,Selvam Suresh Kumar,Raju Aushik Srinivas,0,0,0,no run,0,,,106/2
1149579,2,13,6,Kumaran Bharath Shankar,Selvam Suresh Kumar,Raju Aushik Srinivas,1,1,0,run,0,,,107/2
1149579,2,14,1,Kumaran Bharath Shankar,Selvam Suresh Kumar,Chandramouli Shriram,0,0,0,no run,0,,,107/2
1149579,2,14,2,Kumaran Bharath Shankar,Selvam Suresh Kumar,Chandramouli Shriram,1,1,0,run,0,,,108/2
1149579,2,14,3,Selvam Suresh Kumar,Kumaran Bharath Shankar,Chandramouli Shriram,1,1,0,run,0,,,109/2
1149579,2,14,4,Kumaran Bharath Shankar,Selvam Suresh Kumar,Chandramouli Shriram,1,1,0,run,0,,,110/2
1149579,2,14,5,Selvam Suresh Kumar,Kumaran Bharath Shankar,Chandramouli Shriram,1,1,0,run,0,,,111/2
1149579,2,14,6,Kumaran Bharath Shankar,Selvam Suresh Kumar,Chandramouli Shriram,0,0,0,no run,0,,,111/2
1149579,2,15,1,Selvam Suresh Kumar,Kumaran Bharath Shankar,Raju Aushik Srinivas,0,0,0,out,1,bowled,Selvam Suresh Kumar,111/3
1149579,2,15,2,Sathiamoorty Vasanth Saravanan,Kumaran Bharath Shankar,Raju Aushik Srinivas,0,0,0,no run,0,,,111/3
1149579,2,15,3,Sathiamoorty Vasanth Saravanan,Kumaran Bharath Shankar,Raju Aushik Srinivas,2,2,0,run,0,,,113/3
1149579,2,15,4,Sathiamoorty Vasanth Saravanan,Kumaran Bharath Shankar,Raju Aushik Srinivas,0,0,0,no run,0,,,113/3
1149579,2,15,5,Sathiamoorty Vasanth Saravanan,Kumaran Bharath Shankar,Raju Aushik Srinivas,0,0,0,no run,0,,,113/3
1149579,2,15,6,Sathiamoorty Vasanth Saravanan,Kumaran Bharath Shankar,Raju Aushik Srinivas,0,0,0,no run,0,,,113/3
1149579,2,16,1,Kumaran Bharath Shankar,Sathiamoorty Vasanth Saravanan,Chandramouli Shriram,0,0,0,out,1,caught,Kumaran Bharath Shankar,113/4
1149579,2,16,2,Chandrasekar Ganapathy,Sathiamoorty Vasanth Saravanan,Chandramouli Shriram,1,1,0,run,0,,,114/4
1149579,2,16,3,Sathiamoorty Vasanth Saravanan,Chandrasekar Ganapathy,Chandramouli Shriram,0,0,0,no run,0,,,114/4
1149579,2,16,4,Sathiamoorty Vasanth Saravanan,Chandrasekar Ganapathy,Chandramouli Shriram,1,1,0,run,0,,,115/4
1149579,2,16,5,Chandrasekar Ganapathy,Sathiamoorty Vasanth Saravanan,Chandramouli Shriram,1,1,0,run,0,,,116/4
1149579,2,16,6,Sathiamoorty Vasanth Saravanan,Chandrasekar Ganapathy,Chandramouli Shriram,0,0,0,no run,0,,,116/4
1149579,2,17,1,Chandrasekar Ganapathy,Sathiamoorty Vasanth Saravanan,K Deeban Lingesh,1,0,1,leg bye,0,,,117/4
1149579,2,17,2,Sathiamoorty Vasanth Saravanan,Chandrasekar Ganapathy,K Deeban Lingesh,0,0,0,no run,0,,,117/4
1149579,2,17,3,Sathiamoorty Vasanth Saravanan,Chandrasekar Ganapathy,K Deeban Lingesh,4,4,0,four,0,,,121/4
1149579,2,17,4,Sathiamoorty Vasanth Saravanan,Chandrasekar Ganapathy,K Deeban Lingesh,4,4,0,four,0,,,125/4
1149579,2,17,5,Sathiamoorty Vasanth Saravanan,Chandrasekar Ganapathy,K Deeban Lingesh,4,4,0,four,0,,,129/4
1149579,2,17,6,Sathiamoorty Vasanth Saravanan,Chandrasekar Ganapathy,K Deeban Lingesh,0,0,0,no run,0,,,129/4
1149579,2,18,1,Chandrasekar Ganapathy,Sathiamoorty Vasanth Saravanan,RS Mokit Hariharan,1,1,0,run,0,,,130/4
1149579,2,18,2,Sathiamoorty Vasanth Saravanan,Chandrasekar Ganapathy,RS Mokit Hariharan,4,4,0,four,0,,,134/4
1149579,2,18,3,Sathiamoorty Vasanth Saravanan,Chandrasekar Ganapathy,RS Mokit Hariharan,0,0,0,no run,0,,,134/4
1149579,2,18,4,Sathiamoorty Vasanth Saravanan,Chandrasekar Ganapathy,RS Mokit Hariharan,1,0,1,wide,0,,,135/4
1149579,2,18,5,Sathiamoorty Vasanth Saravanan,Chandrasekar Ganapathy,RS Mokit Hariharan,4,4,0,four,0,,,139/4
1149580,1,1,1,0,0,M Ganesh Moorthi,1,1,0,run,0,,,1/0
1149580,1,1,2,Srikkanth Anirudha,0,M Ganesh Moorthi,0,0,0,no run,0,,,1/0
1149580,1,1,3,Srikkanth Anirudha,0,M Ganesh Moorthi,0,0,0,no run,0,,,1/0
1149580,1,1,4,Srikkanth Anirudha,0,M Ganesh Moorthi,1,1,0,run,0,,,2/0
1149580,1,1,5,0,Srikkanth Anirudha,M Ganesh Moorthi,4,4,0,four,0,,,6/0
1149580,1,1,6,0,Srikkanth Anirudha,M Ganesh Moorthi,1,1,0,run,0,,,7/0
1149580,1,2,1,0,Srikkanth Anirudha,V Athisayaraj Davidson,0,0,0,no run,0,,,7/0
1149580,1,2,2,0,Srikkanth Anirudha,V Athisayaraj Davidson,1,1,0,run,0,,,8/0
1149580,1,2,3,Srikkanth Anirudha,0,V Athisayaraj Davidson,1,1,0,run,0,,,9/0
1149580,1,2,4,0,Srikkanth Anirudha,V Athisayaraj Davidson,2,2,0,run,0,,,11/0
1149580,1,2,5,0,Srikkanth Anirudha,V Athisayaraj Davidson,0,0,0,no run,0,,,11/0
1149580,1,2,6,0,Srikkanth Anirudha,V Athisayaraj Davidson,0,0,0,no run,0,,,11/0
1149580,1,3,1,Srikkanth Anirudha,0,M Ganesh Moorthi,0,0,0,no run,0,,,11/0
1149580,1,3,2,Srikkanth Anirudha,0,M Ganesh Moorthi,6,6,0,six,0,,,17/0
1149580,1,3,3,Srikkanth Anirudha,0,M Ganesh Moorthi,0,0,0,no run,0,,,17/0
1149580,1,3,4,Srikkanth Anirudha,0,M Ganesh Moorthi,1,1,0,run,0,,,18/0
1149580,1,3,5,0,Srikkanth Anirudha,M Ganesh Moorthi,0,0,0,no run,0,,,18/0
1149580,1,3,6,0,Srikkanth Anirudha,M Ganesh Moorthi,1,1,0,run,0,,,19/0
1149580,1,4,1,0,Srikkanth Anirudha,V Athisayaraj Davidson,1,0,1,wide,0,,,20/0
1149580,1,4,2,0,Srikkanth Anirudha,V Athisayaraj Davidson,1,1,0,run,0,,,21/0
1149580,1,4,3,Srikkanth Anirudha,0,V Athisayaraj Davidson,1,1,0,run,0,,,22/0
1149580,1,4,4,0,Srikkanth Anirudha,V Athisayaraj Davidson,4,4,0,four,0,,,26/0
1149580,1,4,5,0,Srikkanth Anirudha,V Athisayaraj Davidson,4,4,0,four,0,,,30/0
1149580,1,4,6,0,Srikkanth Anirudha,V Athisayaraj Davidson,1,1,0,run,0,,,31/0
1149580,1,4,7,Srikkanth Anirudha,0,V Athisayaraj Davidson,3,3,0,run,0,,,34/0
1149580,1,5,1,Srikkanth Anirudha,0,M Ganesh Moorthi,1,1,0,run,0,,,35/0
1149580,1,5,2,0,Srikkanth Anirudha,M Ganesh Moorthi,0,0,0,no run,0,,,35/0
1149580,1,5,3,0,Srikkanth Anirudha,M Ganesh Moorthi,0,0,0,no run,0,,,35/0
1149580,1,5,4,0,Srikkanth Anirudha,M Ganesh Moorthi,1,1,0,run,0,,,36/0
1149580,1,5,5,Srikkanth Anirudha,0,M Ganesh Moorthi,4,4,0,four,0,,,40/0
1149580,1,5,6,Srikkanth Anirudha,0,M Ganesh Moorthi,1,1,0,run,0,,,41/0
1149580,1,6,1,Srikkanth Anirudha,0,Ravisrinivasan Sai Kishore,1,1,0,run,0,,,42/0
1149580,1,6,2,0,Srikkanth Anirudha,Ravisrinivasan Sai Kishore,1,1,0,run,0,,,43/0
1149580,1,6,3,Srikkanth Anirudha,0,Ravisrinivasan Sai Kishore,1,1,0,run,0,,,44/0
1149580,1,6,4,0,Srikkanth Anirudha,Ravisrinivasan Sai Kishore,1,1,0,run,0,,,45/0
1149580,1,6,5,Srikkanth Anirudha,0,Ravisrinivasan Sai Kishore,1,0,1,leg bye,0,,,46/0
1149580,1,6,6,0,Srikkanth Anirudha,Ravisrinivasan Sai Kishore,4,4,0,four,0,,,50/0
1149580,1,7,1,Srikkanth Anirudha,0,M Ganesh Moorthi,4,4,0,four,0,,,54/0
1149580,1,7,2,Srikkanth Anirudha,0,M Ganesh Moorthi,0,0,0,no run,0,,,54/0
1149580,1,7,3,Srikkanth Anirudha,0,M Ganesh Moorthi,1,1,0,run,0,,,55/0
1149580,1,7,4,0,Srikkanth Anirudha,M Ganesh Moorthi,1,1,0,run,0,,,56/0
1149580,1,7,5,Srikkanth Anirudha,0,M Ganesh Moorthi,1,1,0,run,0,,,57/0
1149580,1,7,6,0,Srikkanth Anirudha,M Ganesh Moorthi,1,1,0,run,0,,,58/0
1149580,1,8,1,0,Srikkanth Anirudha,Rajamani Jesuraj,0,0,0,no run,0,,,58/0
1149580,1,8,2,0,Srikkanth Anirudha,Rajamani Jesuraj,1,1,0,run,0,,,59/0
1149580,1,8,3,Srikkanth Anirudha,0,Rajamani Jesuraj,0,0,0,no run,0,,,59/0
1149580,1,8,4,Srikkanth Anirudha,0,Rajamani Jesuraj,1,1,0,run,0,,,60/0
1149580,1,8,5,0,Srikkanth Anirudha,Rajamani Jesuraj,4,4,0,four,0,,,64/0
1149580,1,8,6,0,Srikkanth Anirudha,Rajamani Jesuraj,1,1,0,run,0,,,65/0
1149580,1,9,1,0,Srikkanth Anirudha,Ravisrinivasan Sai Kishore,0,0,0,no run,0,,,65/0
1149580,1,9,2,0,Srikkanth Anirudha,Ravisrinivasan Sai Kishore,1,1,0,run,0,,,66/0
1149580,1,9,3,Srikkanth Anirudha,0,Ravisrinivasan Sai Kishore,0,0,0,out,1,bowled,Srikkanth Anirudha,66/1
1149580,1,9,4,Rajhamany Srinivasan,0,Ravisrinivasan Sai Kishore,0,0,0,no run,0,,,66/1
1149580,1,9,5,Rajhamany Srinivasan,0,Ravisrinivasan Sai Kishore,1,1,0,run,0,,,67/1
1149580,1,9,6,0,Rajhamany Srinivasan,Ravisrinivasan Sai Kishore,1,1,0,run,0,,,68/1
1149580,1,10,1,0,Rajhamany Srinivasan,Rajamani Jesuraj,0,0,0,no run,0,,,68/1
1149580,1,10,2,0,Rajhamany Srinivasan,Rajamani Jesuraj,0,0,0,out,1,,,68/2
1149580,1,10,3,Rajhamany Srinivasan,0,Rajamani Jesuraj,1,0,1,wide,0,,,69/2
1149580,1,10,4,Rajhamany Srinivasan,0,Rajamani Jesuraj,1,1,0,run,0,,,70/2
1149580,1,10,5,Maan K Bafna,Rajhamany Srinivasan,Rajamani Jesuraj,0,0,0,no run,0,,,70/2
1149580,1,10,6,Maan K Bafna,Rajhamany Srinivasan,Rajamani Jesuraj,0,0,0,no run,0,,,70/2
1149580,1,10,7,Maan K Bafna,Rajhamany Srinivasan,Rajamani Jesuraj,1,1,0,run,0,,,71/2
1149580,1,11,1,Maan K Bafna,Rajhamany Srinivasan,Nidhish S Rajagopal,6,6,0,six,0,,,77/2
1149580,1,11,2,Maan K Bafna,Rajhamany Srinivasan,Nidhish S Rajagopal,0,0,0,out,1,caught,Maan K Bafna,77/3
1149580,1,11,3,Rajhamany Srinivasan,0,Nidhish S Rajagopal,0,0,0,no run,0,,,77/3
1149580,1,11,4,Rajhamany Srinivasan,0,Nidhish S Rajagopal,1,1,0,run,0,,,78/3
1149580,1,11,5,M Shajahan,Rajhamany Srinivasan,Nidhish S Rajagopal,0,0,0,no run,0,,,78/3
1149580,1,11,6,M Shajahan,Rajhamany Srinivasan,Nidhish S Rajagopal,1,1,0,run,0,,,79/3
1149580,1,12,1,M Shajahan,Rajhamany Srinivasan,Rajamani Jesuraj,1,1,0,run,0,,,80/3
1149580,1,12,2,Rajhamany Srinivasan,M Shajahan,Rajamani Jesuraj,0,0,0,no run,0,,,80/3
1149580,1,12,3,Rajhamany Srinivasan,M Shajahan,Rajamani Jesuraj,1,1,0,run,0,,,81/3
1149580,1,12,4,M Shajahan,Rajhamany Srinivasan,Rajamani Jesuraj,1,1,0,run,0,,,82/3
1149580,1,12,5,Rajhamany Srinivasan,M Shajahan,Rajamani Jesuraj,1,0,1,wide,0,,,83/3
1149580,1,12,6,Rajhamany Srinivasan,M Shajahan,Rajamani Jesuraj,1,1,0,run,0,,,84/3
1149580,1,12,7,M Shajahan,Rajhamany Srinivasan,Rajamani Jesuraj,1,1,0,run,0,,,85/3
1149580,1,13,1,M Shajahan,Rajhamany Srinivasan,Nidhish S Rajagopal,4,4,0,four,0,,,89/3
1149580,1,13,2,M Shajahan,Rajhamany Srinivasan,Nidhish S Rajagopal,4,4,0,four,0,,,93/3
1149580,1,13,3,M Shajahan,Rajhamany Srinivasan,Nidhish S Rajagopal,0,0,0,no run,0,,,93/3
1149580,1,13,4,M Shajahan,Rajhamany Srinivasan,Nidhish S Rajagopal,0,0,0,no run,0,,,93/3
1149580,1,13,5,M Shajahan,Rajhamany Srinivasan,Nidhish S Rajagopal,1,0,1,wide,0,,,94/3
1149580,1,13,6,M Shajahan,Rajhamany Srinivasan,Nidhish S Rajagopal,2,2,0,run,0,,,96/3
1149580,1,13,7,M Shajahan,Rajhamany Srinivasan,Nidhish S Rajagopal,1,1,0,run,0,,,97/3
1149580,1,14,1,M Shajahan,Rajhamany Srinivasan,Malolan Rangarajan,1,1,0,run,0,,,98/3
1149580,1,14,2,Rajhamany Srinivasan,M Shajahan,Malolan Rangarajan,4,4,0,four,0,,,102/3
1149580,1,14,3,Rajhamany Srinivasan,M Shajahan,Malolan Rangarajan,1,1,0,run,0,,,103/3
1149580,1,14,4,M Shajahan,Rajhamany Srinivasan,Malolan Rangarajan,1,1,0,run,0,,,104/3
1149580,1,14,5,Rajhamany Srinivasan,M Shajahan,Malolan Rangarajan,1,1,0,run,0,,,105/3
1149580,1,14,6,M Shajahan,Rajhamany Srinivasan,Malolan Rangarajan,0,0,0,no run,0,,,105/3
1149580,1,15,1,Rajhamany Srinivasan,M Shajahan,Ravisrinivasan Sai Kishore,1,1,0,run,0,,,106/3
1149580,1,15,2,M Shajahan,Rajhamany Srinivasan,Ravisrinivasan Sai Kishore,0,0,0,no run,0,,,106/3
1149580,1,15,3,M Shajahan,Rajhamany Srinivasan,Ravisrinivasan Sai Kishore,2,2,0,run,0,,,108/3
1149580,1,15,4,M Shajahan,Rajhamany Srinivasan,Ravisrinivasan Sai Kishore,1,0,1,wide,0,,,109/3
1149580,1,15,5,M Shajahan,Rajhamany Srinivasan,Ravisrinivasan Sai Kishore,1,1,0,run,1,run out,M Shajahan,110/4
1149580,1,15,6,R Rajkumar,Rajhamany Srinivasan,Ravisrinivasan Sai Kishore,0,0,0,no run,0,,,110/4
1149580,1,15,7,R Rajkumar,Rajhamany Srinivasan,Ravisrinivasan Sai Kishore,1,1,0,run,0,,,111/4
1149580,1,16,1,R Rajkumar,Rajhamany Srinivasan,Nidhish S Rajagopal,1,1,0,run,0,,,112/4
1149580,1,16,2,Rajhamany Srinivasan,R Rajkumar,Nidhish S Rajagopal,1,1,0,run,0,,,113/4
1149580,1,16,3,R Rajkumar,Rajhamany Srinivasan,Nidhish S Rajagopal,4,4,0,four,0,,,117/4
1149580,1,16,4,R Rajkumar,Rajhamany Srinivasan,Nidhish S Rajagopal,1,1,0,run,0,,,118/4
1149580,1,16,5,Rajhamany Srinivasan,R Rajkumar,Nidhish S Rajagopal,4,4,0,four,0,,,122/4
1149580,1,16,6,Rajhamany Srinivasan,R Rajkumar,Nidhish S Rajagopal,0,0,0,no run,0,,,122/4
1149580,1,17,1,R Rajkumar,Rajhamany Srinivasan,Rajamani Jesuraj,1,1,0,run,0,,,123/4
1149580,1,17,2,Rajhamany Srinivasan,R Rajkumar,Rajamani Jesuraj,1,0,1,wide,0,,,124/4
1149580,1,17,3,Rajhamany Srinivasan,R Rajkumar,Rajamani Jesuraj,1,1,0,run,0,,,125/4
1149580,1,17,4,R Rajkumar,Rajhamany Srinivasan,Rajamani Jesuraj,1,1,0,run,0,,,126/4
1149580,1,17,5,Rajhamany Srinivasan,R Rajkumar,Rajamani Jesuraj,6,6,0,six,0,,,132/4
1149580,1,17,6,Rajhamany Srinivasan,R Rajkumar,Rajamani Jesuraj,1,1,0,run,0,,,133/4
1149580,1,17,7,R Rajkumar,Rajhamany Srinivasan,Rajamani Jesuraj,1,1,0,run,0,,,134/4
1149580,1,18,1,R Rajkumar,Rajhamany Srinivasan,V Athisayaraj Davidson,1,1,0,run,0,,,135/4
1149580,1,18,2,Rajhamany Srinivasan,R Rajkumar,V Athisayaraj Davidson,2,2,0,run,0,,,137/4
1149580,1,18,3,Rajhamany Srinivasan,R Rajkumar,V Athisayaraj Davidson,1,0,1,wide,0,,,138/4
1149580,1,18,4,Rajhamany Srinivasan,R Rajkumar,V Athisayaraj Davidson,1,1,0,run,0,,,139/4
1149580,1,18,5,R Rajkumar,Rajhamany Srinivasan,V Athisayaraj Davidson,0,0,0,out,1,caught,R Rajkumar,139/5
1149580,1,18,6,Rajhamany Srinivasan,0,V Athisayaraj Davidson,1,1,0,run,0,,,140/5
1149580,1,18,7,R Kavin,Rajhamany Srinivasan,V Athisayaraj Davidson,1,0,1,leg bye,0,,,141/5
1149580,1,19,1,R Kavin,Rajhamany Srinivasan,Ravisrinivasan Sai Kishore,2,0,2,wide,0,,,143/5
1149580,1,19,2,Rajhamany Srinivasan,R Kavin,Ravisrinivasan Sai Kishore,1,1,0,run,0,,,144/5
1149580,1,19,3,R Kavin,Rajhamany Srinivasan,Ravisrinivasan Sai Kishore,1,1,0,run,0,,,145/5
1149580,1,19,4,Rajhamany Srinivasan,R Kavin,Ravisrinivasan Sai Kishore,1,1,0,run,0,,,146/5
1149580,1,19,5,R Kavin,Rajhamany Srinivasan,Ravisrinivasan Sai Kishore,1,1,0,run,0,,,147/5
1149580,1,19,6,Rajhamany Srinivasan,R Kavin,Ravisrinivasan Sai Kishore,6,6,0,six,0,,,153/5
1149580,1,19,7,Rajhamany Srinivasan,R Kavin,Ravisrinivasan Sai Kishore,1,1,0,run,0,,,154/5
1149580,1,20,1,Rajhamany Srinivasan,R Kavin,V Athisayaraj Davidson,4,4,0,four,0,,,158/5
1149580,1,20,2,Rajhamany Srinivasan,R Kavin,V Athisayaraj Davidson,2,2,0,run,0,,,160/5
1149580,1,20,3,Rajhamany Srinivasan,R Kavin,V Athisayaraj Davidson,1,1,0,run,0,,,161/5
1149580,1,20,4,R Kavin,Rajhamany Srinivasan,V Athisayaraj Davidson,1,0,1,wide,0,,,162/5
1149580,1,20,5,R Kavin,Rajhamany Srinivasan,V Athisayaraj Davidson,1,1,0,run,0,,,163/5
1149580,1,20,6,Rajhamany Srinivasan,R Kavin,V Athisayaraj Davidson,1,1,0,run,0,,,164/5
1149580,1,20,7,R Kavin,Rajhamany Srinivasan,V Athisayaraj Davidson,0,0,0,out,1,caught,R Kavin,164/6
1149580,2,1,1,S Dinesh,0,Vijaykumar Yo Mahesh,0,0,0,no run,0,,,0/0
1149580,2,1,2,S Dinesh,0,Vijaykumar Yo Mahesh,4,4,0,four,0,,,4/0
1149580,2,1,3,S Dinesh,0,Vijaykumar Yo Mahesh,1,1,0,run,0,,,5/0
1149580,2,1,4,Kaushik Mohan Gandhi,S Dinesh,Vijaykumar Yo Mahesh,1,1,0,run,0,,,6/0
1149580,2,1,5,S Dinesh,Kaushik Mohan Gandhi,Vijaykumar Yo Mahesh,0,0,0,no run,0,,,6/0
1149580,2,1,6,S Dinesh,Kaushik Mohan Gandhi,Vijaykumar Yo Mahesh,1,1,0,run,0,,,7/0
1149580,2,2,1,S Dinesh,Kaushik Mohan Gandhi,S Mohan Prasath,0,0,0,no run,0,,,7/0
1149580,2,2,2,S Dinesh,Kaushik Mohan Gandhi,S Mohan Prasath,6,6,0,six,0,,,13/0
1149580,2,2,3,S Dinesh,Kaushik Mohan Gandhi,S Mohan Prasath,0,0,0,no run,0,,,13/0
1149580,2,2,4,S Dinesh,Kaushik Mohan Gandhi,S Mohan Prasath,1,0,1,leg bye,0,,,14/0
1149580,2,2,5,Kaushik Mohan Gandhi,S Dinesh,S Mohan Prasath,1,1,0,run,0,,,15/0
1149580,2,2,6,S Dinesh,Kaushik Mohan Gandhi,S Mohan Prasath,0,0,0,no run,0,,,15/0
1149580,2,3,1,Kaushik Mohan Gandhi,S Dinesh,Vijaykumar Yo Mahesh,1,1,0,run,0,,,16/0
1149580,2,3,2,S Dinesh,Kaushik Mohan Gandhi,Vijaykumar Yo Mahesh,4,4,0,four,0,,,20/0
1149580,2,3,3,S Dinesh,Kaushik Mohan Gandhi,Vijaykumar Yo Mahesh,1,1,0,run,0,,,21/0
1149580,2,3,4,Kaushik Mohan Gandhi,S Dinesh,Vijaykumar Yo Mahesh,6,6,0,six,0,,,27/0
1149580,2,3,5,Kaushik Mohan Gandhi,S Dinesh,Vijaykumar Yo Mahesh,1,1,0,run,0,,,28/0
1149580,2,3,6,S Dinesh,Kaushik Mohan Gandhi,Vijaykumar Yo Mahesh,1,1,0,run,0,,,29/0
1149580,2,4,1,S Dinesh,Kaushik Mohan Gandhi,S Mohan Prasath,4,4,0,four,0,,,33/0
1149580,2,4,2,S Dinesh,Kaushik Mohan Gandhi,S Mohan Prasath,1,1,0,run,0,,,34/0
1149580,2,4,3,Kaushik Mohan Gandhi,S Dinesh,S Mohan Prasath,6,6,0,six,0,,,40/0
1149580,2,4,4,Kaushik Mohan Gandhi,S Dinesh,S Mohan Prasath,0,0,0,no run,0,,,40/0
1149580,2,4,5,Kaushik Mohan Gandhi,S Dinesh,S Mohan Prasath,4,4,0,four,0,,,44/0
1149580,2,4,6,Kaushik Mohan Gandhi,S Dinesh,S Mohan Prasath,1,1,0,run,0,,,45/0
1149580,2,5,1,Kaushik Mohan Gandhi,S Dinesh,S Swaminathan,0,0,0,out,1,caught,Kaushik Mohan Gandhi,45/1
1149580,2,5,2,Subramanian Anand,S Dinesh,S Swaminathan,0,0,0,no run,0,,,45/1
1149580,2,5,3,Subramanian Anand,S Dinesh,S Swaminathan,0,0,0,no run,0,,,45/1
1149580,2,5,4,Subramanian Anand,S Dinesh,S Swaminathan,4,4,0,four,0,,,49/1
1149580,2,5,5,Subramanian Anand,S Dinesh,S Swaminathan,1,1,0,run,0,,,50/1
1149580,2,5,6,S Dinesh,Subramanian Anand,S Swaminathan,0,0,0,out,1,bowled,S Dinesh,50/2
1149580,2,6,1,Subramanian Anand,0,S Mohan Prasath,1,1,0,run,0,,,51/2
1149580,2,6,2,Nidhish S Rajagopal,Subramanian Anand,S Mohan Prasath,1,1,0,run,0,,,52/2
1149580,2,6,3,Subramanian Anand,Nidhish S Rajagopal,S Mohan Prasath,0,0,0,no run,0,,,52/2
1149580,2,6,4,Subramanian Anand,Nidhish S Rajagopal,S Mohan Prasath,0,0,0,no run,0,,,52/2
1149580,2,6,5,Subramanian Anand,Nidhish S Rajagopal,S Mohan Prasath,0,0,0,no run,0,,,52/2
1149580,2,6,6,Subramanian Anand,Nidhish S Rajagopal,S Mohan Prasath,0,0,0,no run,0,,,52/2
1149580,2,7,1,Nidhish S Rajagopal,Subramanian Anand,S Swaminathan,0,0,0,no run,0,,,52/2
1149580,2,7,2,Nidhish S Rajagopal,Subramanian Anand,S Swaminathan,1,1,0,run,0,,,53/2
1149580,2,7,3,Subramanian Anand,Nidhish S Rajagopal,S Swaminathan,2,2,0,run,0,,,55/2
1149580,2,7,4,Subramanian Anand,Nidhish S Rajagopal,S Swaminathan,1,1,0,run,0,,,56/2
1149580,2,7,5,Nidhish S Rajagopal,Subramanian Anand,S Swaminathan,4,4,0,four,0,,,60/2
1149580,2,7,6,Nidhish S Rajagopal,Subramanian Anand,S Swaminathan,4,4,0,four,0,,,64/2
1149580,2,8,1,Subramanian Anand,Nidhish S Rajagopal,Maan K Bafna,1,1,0,run,0,,,65/2
1149580,2,8,2,Nidhish S Rajagopal,Subramanian Anand,Maan K Bafna,0,0,0,no run,0,,,65/2
1149580,2,8,3,Nidhish S Rajagopal,Subramanian Anand,Maan K Bafna,1,1,0,run,0,,,66/2
1149580,2,8,4,Subramanian Anand,Nidhish S Rajagopal,Maan K Bafna,1,1,0,run,0,,,67/2
1149580,2,8,5,Nidhish S Rajagopal,Subramanian Anand,Maan K Bafna,0,0,0,no run,0,,,67/2
1149580,2,8,6,Nidhish S Rajagopal,Subramanian Anand,Maan K Bafna,1,1,0,run,0,,,68/2
1149580,2,9,1,Nidhish S Rajagopal,Subramanian Anand,R Rajkumar,1,1,0,run,0,,,69/2
1149580,2,9,2,Subramanian Anand,Nidhish S Rajagopal,R Rajkumar,0,0,0,no run,0,,,69/2
1149580,2,9,3,Subramanian Anand,Nidhish S Rajagopal,R Rajkumar,0,0,0,no run,0,,,69/2
1149580,2,9,4,Subramanian Anand,Nidhish S Rajagopal,R Rajkumar,1,1,0,run,0,,,70/2
1149580,2,9,5,Nidhish S Rajagopal,Subramanian Anand,R Rajkumar,4,4,0,four,0,,,74/2
1149580,2,9,6,Nidhish S Rajagopal,Subramanian Anand,R Rajkumar,1,1,0,run,0,,,75/2
1149580,2,10,1,Nidhish S Rajagopal,Subramanian Anand,Maan K Bafna,0,0,0,no run,0,,,75/2
1149580,2,10,2,Nidhish S Rajagopal,Subramanian Anand,Maan K Bafna,0,0,0,out,1,caught,Nidhish S Rajagopal,75/3
1149580,2,10,3,Subramanian Anand,0,Maan K Bafna,1,1,0,run,0,,,76/3
1149580,2,10,4,Rajagopal Sathish,Subramanian Anand,Maan K Bafna,0,0,0,no run,0,,,76/3
1149580,2,10,5,Rajagopal Sathish,Subramanian Anand,Maan K Bafna,1,1,0,run,0,,,77/3
1149580,2,10,6,Subramanian Anand,Rajagopal Sathish,Maan K Bafna,0,0,0,no run,0,,,77/3
1149580,2,11,1,Rajagopal Sathish,Subramanian Anand,R Rajkumar,1,1,0,run,0,,,78/3
1149580,2,11,2,Subramanian Anand,Rajagopal Sathish,R Rajkumar,0,0,0,no run,0,,,78/3
1149580,2,11,3,Subramanian Anand,Rajagopal Sathish,R Rajkumar,1,1,0,run,0,,,79/3
1149580,2,11,4,Rajagopal Sathish,Subramanian Anand,R Rajkumar,4,4,0,four,0,,,83/3
1149580,2,11,5,Rajagopal Sathish,Subramanian Anand,R Rajkumar,0,0,0,no run,0,,,83/3
1149580,2,11,6,Rajagopal Sathish,Subramanian Anand,R Rajkumar,1,1,0,run,0,,,84/3
1149580,2,12,1,Rajagopal Sathish,Subramanian Anand,Maan K Bafna,1,1,0,run,0,,,85/3
1149580,2,12,2,Subramanian Anand,Rajagopal Sathish,Maan K Bafna,6,6,0,six,0,,,91/3
1149580,2,12,3,Subramanian Anand,Rajagopal Sathish,Maan K Bafna,1,1,0,run,0,,,92/3
1149580,2,12,4,Rajagopal Sathish,Subramanian Anand,Maan K Bafna,1,1,0,run,0,,,93/3
1149580,2,12,5,Subramanian Anand,Rajagopal Sathish,Maan K Bafna,1,1,0,run,0,,,94/3
1149580,2,12,6,Rajagopal Sathish,Subramanian Anand,Maan K Bafna,1,1,0,run,0,,,95/3
1149580,2,13,1,Rajagopal Sathish,Subramanian Anand,Ashwath Mukunthan,1,0,1,wide,0,,,96/3
1149580,2,13,2,Rajagopal Sathish,Subramanian Anand,Ashwath Mukunthan,4,4,0,four,0,,,100/3
1149580,2,13,3,Rajagopal Sathish,Subramanian Anand,Ashwath Mukunthan,1,1,0,run,0,,,101/3
1149580,2,13,4,Subramanian Anand,Rajagopal Sathish,Ashwath Mukunthan,1,1,0,run,0,,,102/3
1149580,2,13,5,Rajagopal Sathish,Subramanian Anand,Ashwath Mukunthan,1,1,0,run,0,,,103/3
1149580,2,13,6,Subramanian Anand,Rajagopal Sathish,Ashwath Mukunthan,1,1,0,run,0,,,104/3
1149580,2,13,7,Rajagopal Sathish,Subramanian Anand,Ashwath Mukunthan,2,2,0,run,0,,,106/3
1149580,2,14,1,Subramanian Anand,Rajagopal Sathish,S Mohan Prasath,6,6,0,six,0,,,112/3
1149580,2,14,2,Subramanian Anand,Rajagopal Sathish,S Mohan Prasath,1,1,0,run,0,,,113/3
1149580,2,14,3,Rajagopal Sathish,Subramanian Anand,S Mohan Prasath,6,6,0,six,0,,,119/3
1149580,2,14,4,Rajagopal Sathish,Subramanian Anand,S Mohan Prasath,1,1,0,run,0,,,120/3
1149580,2,14,5,Subramanian Anand,Rajagopal Sathish,S Mohan Prasath,1,1,0,run,0,,,121/3
1149580,2,14,6,Rajagopal Sathish,Subramanian Anand,S Mohan Prasath,1,1,0,run,0,,,122/3
1149580,2,15,1,Rajagopal Sathish,Subramanian Anand,S Swaminathan,1,1,0,run,0,,,123/3
1149580,2,15,2,Subramanian Anand,Rajagopal Sathish,S Swaminathan,0,0,0,out,1,caught,Subramanian Anand,123/4
1149580,2,15,3,Rajagopal Sathish,0,S Swaminathan,1,1,0,run,0,,,124/4
1149580,2,15,4,S Abishiek,Rajagopal Sathish,S Swaminathan,1,1,0,run,0,,,125/4
1149580,2,15,5,Rajagopal Sathish,S Abishiek,S Swaminathan,1,1,0,run,0,,,126/4
1149580,2,15,6,S Abishiek,Rajagopal Sathish,S Swaminathan,1,1,0,run,0,,,127/4
1149580,2,16,1,S Abishiek,Rajagopal Sathish,Vijaykumar Yo Mahesh,1,1,0,run,0,,,128/4
1149580,2,16,2,Rajagopal Sathish,S Abishiek,Vijaykumar Yo Mahesh,1,1,0,run,0,,,129/4
1149580,2,16,3,S Abishiek,Rajagopal Sathish,Vijaykumar Yo Mahesh,4,4,0,four,0,,,133/4
1149580,2,16,4,S Abishiek,Rajagopal Sathish,Vijaykumar Yo Mahesh,0,0,0,out,1,bowled,S Abishiek,133/5
1149580,2,16,5,Malolan Rangarajan,Rajagopal Sathish,Vijaykumar Yo Mahesh,0,0,0,no run,0,,,133/5
1149580,2,16,6,Malolan Rangarajan,Rajagopal Sathish,Vijaykumar Yo Mahesh,1,1,0,run,0,,,134/5
1149580,2,17,1,Malolan Rangarajan,Rajagopal Sathish,R Rajkumar,1,1,0,run,0,,,135/5
1149580,2,17,2,Rajagopal Sathish,Malolan Rangarajan,R Rajkumar,1,1,0,run,0,,,136/5
1149580,2,17,3,Malolan Rangarajan,Rajagopal Sathish,R Rajkumar,0,0,0,out,1,caught,Malolan Rangarajan,136/6
1149580,2,17,4,Rajagopal Sathish,0,R Rajkumar,1,1,0,run,0,,,137/6
1149580,2,17,5,M Ganesh Moorthi,Rajagopal Sathish,R Rajkumar,1,0,1,wide,0,,,138/6
1149580,2,17,6,M Ganesh Moorthi,Rajagopal Sathish,R Rajkumar,0,0,0,no run,0,,,138/6
1149580,2,17,7,M Ganesh Moorthi,Rajagopal Sathish,R Rajkumar,0,0,0,no run,0,,,138/6
1149580,2,18,1,Rajagopal Sathish,M Ganesh Moorthi,Vijaykumar Yo Mahesh,4,4,0,four,0,,,142/6
1149580,2,18,2,Rajagopal Sathish,M Ganesh Moorthi,Vijaykumar Yo Mahesh,1,1,0,run,0,,,143/6
1149580,2,18,3,M Ganesh Moorthi,Rajagopal Sathish,Vijaykumar Yo Mahesh,1,0,1,wide,0,,,144/6
1149580,2,18,4,M Ganesh Moorthi,Rajagopal Sathish,Vijaykumar Yo Mahesh,0,0,0,no run,0,,,144/6
1149580,2,18,5,M Ganesh Moorthi,Rajagopal Sathish,Vijaykumar Yo Mahesh,1,1,0,run,0,,,145/6
1149580,2,18,6,Rajagopal Sathish,M Ganesh Moorthi,Vijaykumar Yo Mahesh,4,4,0,four,0,,,149/6
1149580,2,18,7,Rajagopal Sathish,M Ganesh Moorthi,Vijaykumar Yo Mahesh,1,1,0,run,0,,,150/6
1149580,2,19,1,Rajagopal Sathish,M Ganesh Moorthi,R Rajkumar,0,0,0,no run,0,,,150/6
1149580,2,19,2,Rajagopal Sathish,M Ganesh Moorthi,R Rajkumar,0,0,0,no run,0,,,150/6
1149580,2,19,3,Rajagopal Sathish,M Ganesh Moorthi,R Rajkumar,0,0,0,no run,0,,,150/6
1149580,2,19,4,Rajagopal Sathish,M Ganesh Moorthi,R Rajkumar,6,6,0,six,0,,,156/6
1149580,2,19,5,Rajagopal Sathish,M Ganesh Moorthi,R Rajkumar,0,0,0,no run,0,,,156/6
1149580,2,19,6,Rajagopal Sathish,M Ganesh Moorthi,R Rajkumar,1,1,0,run,0,,,157/6
1149580,2,20,1,Rajagopal Sathish,M Ganesh Moorthi,Ashwath Mukunthan,4,4,0,four,0,,,161/6
1149580,2,20,2,Rajagopal Sathish,M Ganesh Moorthi,Ashwath Mukunthan,4,4,0,four,0,,,165/6
1149581,1,1,1,Chezhian Nishaanth,0,Abhishek Baljeetsingh Tanwar,6,6,0,six,0,,,6/0
1149581,1,1,2,Chezhian Nishaanth,0,Abhishek Baljeetsingh Tanwar,4,4,0,four,0,,,10/0
1149581,1,1,3,Chezhian Nishaanth,0,Abhishek Baljeetsingh Tanwar,0,0,0,no run,0,,,10/0
1149581,1,1,4,Chezhian Nishaanth,0,Abhishek Baljeetsingh Tanwar,4,4,0,four,0,,,14/0
1149581,1,1,5,Chezhian Nishaanth,0,Abhishek Baljeetsingh Tanwar,0,0,0,no run,0,,,14/0
1149581,1,1,6,Chezhian Nishaanth,Narayan Jagadeesan,Abhishek Baljeetsingh Tanwar,6,6,0,six,0,,,20/0
1149581,1,2,1,Narayan Jagadeesan,Chezhian Nishaanth,Varun Chakravarthy Vinod,0,0,0,no run,0,,,20/0
1149581,1,2,2,Narayan Jagadeesan,Chezhian Nishaanth,Varun Chakravarthy Vinod,0,0,0,no run,0,,,20/0
1149581,1,2,3,Narayan Jagadeesan,Chezhian Nishaanth,Varun Chakravarthy Vinod,0,0,0,no run,0,,,20/0
1149581,1,2,4,Narayan Jagadeesan,Chezhian Nishaanth,Varun Chakravarthy Vinod,0,0,0,no run,0,,,20/0
1149581,1,2,5,Narayan Jagadeesan,Chezhian Nishaanth,Varun Chakravarthy Vinod,1,0,1,wide,0,,,21/0
1149581,1,2,6,Narayan Jagadeesan,Chezhian Nishaanth,Varun Chakravarthy Vinod,1,1,0,run,0,,,22/0
1149581,1,2,7,Chezhian Nishaanth,Narayan Jagadeesan,Varun Chakravarthy Vinod,0,0,0,no run,0,,,22/0
1149581,1,3,1,Narayan Jagadeesan,Chezhian Nishaanth,RS Jaganath Sinivas,4,4,0,four,0,,,26/0
1149581,1,3,2,Narayan Jagadeesan,Chezhian Nishaanth,RS Jaganath Sinivas,1,1,0,run,0,,,27/0
1149581,1,3,3,Chezhian Nishaanth,Narayan Jagadeesan,RS Jaganath Sinivas,0,0,0,no run,0,,,27/0
1149581,1,3,4,Chezhian Nishaanth,Narayan Jagadeesan,RS Jaganath Sinivas,6,6,0,six,0,,,33/0
1149581,1,3,5,Chezhian Nishaanth,Narayan Jagadeesan,RS Jaganath Sinivas,1,1,0,run,0,,,34/0
1149581,1,3,6,Narayan Jagadeesan,Chezhian Nishaanth,RS Jaganath Sinivas,4,4,0,four,0,,,38/0
1149581,1,4,1,Chezhian Nishaanth,Narayan Jagadeesan,Varun Chakravarthy Vinod,2,2,0,run,0,,,40/0
1149581,1,4,2,Chezhian Nishaanth,Narayan Jagadeesan,Varun Chakravarthy Vinod,0,0,0,no run,0,,,40/0
1149581,1,4,3,Chezhian Nishaanth,Narayan Jagadeesan,Varun Chakravarthy Vinod,0,0,0,no run,0,,,40/0
1149581,1,4,4,Chezhian Nishaanth,Narayan Jagadeesan,Varun Chakravarthy Vinod,0,0,0,no run,0,,,40/0
1149581,1,4,5,Chezhian Nishaanth,Narayan Jagadeesan,Varun Chakravarthy Vinod,0,0,0,no run,0,,,40/0
1149581,1,4,6,Chezhian Nishaanth,Narayan Jagadeesan,Varun Chakravarthy Vinod,0,0,0,no run,0,,,40/0
1149581,1,5,1,Narayan Jagadeesan,Chezhian Nishaanth,Abhishek Baljeetsingh Tanwar,0,0,0,no run,0,,,40/0
1149581,1,5,2,Narayan Jagadeesan,Chezhian Nishaanth,Abhishek Baljeetsingh Tanwar,0,0,0,no run,0,,,40/0
1149581,1,5,3,Narayan Jagadeesan,Chezhian Nishaanth,Abhishek Baljeetsingh Tanwar,6,6,0,six,0,,,46/0
1149581,1,5,4,Narayan Jagadeesan,Chezhian Nishaanth,Abhishek Baljeetsingh Tanwar,0,0,0,no run,0,,,46/0
1149581,1,5,5,Narayan Jagadeesan,Chezhian Nishaanth,Abhishek Baljeetsingh Tanwar,4,4,0,four,0,,,50/0
1149581,1,5,6,Narayan Jagadeesan,Chezhian Nishaanth,Abhishek Baljeetsingh Tanwar,0,0,0,no run,0,,,50/0
1149581,1,6,1,Chezhian Nishaanth,Narayan Jagadeesan,RS Jaganath Sinivas,4,4,0,four,0,,,54/0
1149581,1,6,2,Chezhian Nishaanth,Narayan Jagadeesan,RS Jaganath Sinivas,4,4,0,four,0,,,58/0
1149581,1,6,3,Chezhian Nishaanth,Narayan Jagadeesan,RS Jaganath Sinivas,1,1,0,run,0,,,59/0
1149581,1,6,4,Narayan Jagadeesan,Chezhian Nishaanth,RS Jaganath Sinivas,4,4,0,four,0,,,63/0
1149581,1,6,5,Narayan Jagadeesan,Chezhian Nishaanth,RS Jaganath Sinivas,4,4,0,four,0,,,67/0
1149581,1,6,6,Narayan Jagadeesan,Chezhian Nishaanth,RS Jaganath Sinivas,0,0,0,no run,0,,,67/0
1149581,1,7,1,Chezhian Nishaanth,Narayan Jagadeesan,Rahil S Shah,1,1,0,run,0,,,68/0
1149581,1,7,2,Narayan Jagadeesan,Chezhian Nishaanth,Rahil S Shah,1,1,0,run,0,,,69/0
1149581,1,7,3,Chezhian Nishaanth,Narayan Jagadeesan,Rahil S Shah,1,1,0,run,0,,,70/0
1149581,1,7,4,Narayan Jagadeesan,Chezhian Nishaanth,Rahil S Shah,1,1,0,run,0,,,71/0
1149581,1,7,5,Chezhian Nishaanth,Narayan Jagadeesan,Rahil S Shah,1,1,0,run,0,,,72/0
1149581,1,7,6,Narayan Jagadeesan,Chezhian Nishaanth,Rahil S Shah,0,0,0,no run,0,,,72/0
1149581,1,8,1,Chezhian Nishaanth,Narayan Jagadeesan,Ravi Karthikeyan,6,6,0,six,0,,,78/0
1149581,1,8,2,Chezhian Nishaanth,Narayan Jagadeesan,Ravi Karthikeyan,0,0,0,no run,0,,,78/0
1149581,1,8,3,Chezhian Nishaanth,Narayan Jagadeesan,Ravi Karthikeyan,1,1,0,run,0,,,79/0
1149581,1,8,4,Narayan Jagadeesan,Chezhian Nishaanth,Ravi Karthikeyan,0,0,0,no run,0,,,79/0
1149581,1,8,5,Narayan Jagadeesan,Chezhian Nishaanth,Ravi Karthikeyan,1,1,0,run,0,,,80/0
1149581,1,8,6,Chezhian Nishaanth,Narayan Jagadeesan,Ravi Karthikeyan,1,1,0,run,0,,,81/0
1149581,1,9,1,Chezhian Nishaanth,Narayan Jagadeesan,Rahil S Shah,1,1,0,run,0,,,82/0
1149581,1,9,2,Narayan Jagadeesan,Chezhian Nishaanth,Rahil S Shah,0,0,0,no run,0,,,82/0
1149581,1,9,3,Narayan Jagadeesan,Chezhian Nishaanth,Rahil S Shah,1,1,0,run,0,,,83/0
1149581,1,9,4,Chezhian Nishaanth,Narayan Jagadeesan,Rahil S Shah,0,0,0,no run,0,,,83/0
1149581,1,9,5,Chezhian Nishaanth,Narayan Jagadeesan,Rahil S Shah,6,6,0,six,0,,,89/0
1149581,1,9,6,Chezhian Nishaanth,Narayan Jagadeesan,Rahil S Shah,1,1,0,run,0,,,90/0
1149581,1,10,1,Chezhian Nishaanth,Narayan Jagadeesan,Ravi Karthikeyan,0,0,0,out,1,leg before wicket,Chezhian Nishaanth,90/1
1149581,1,10,2,Rajendran Vivek,Narayan Jagadeesan,Ravi Karthikeyan,1,1,0,run,0,,,91/1
1149581,1,10,3,Narayan Jagadeesan,Rajendran Vivek,Ravi Karthikeyan,4,4,0,four,0,,,95/1
1149581,1,10,4,Narayan Jagadeesan,Rajendran Vivek,Ravi Karthikeyan,2,2,0,run,0,,,97/1
1149581,1,10,5,Narayan Jagadeesan,Rajendran Vivek,Ravi Karthikeyan,1,1,0,run,0,,,98/1
1149581,1,10,6,Rajendran Vivek,Narayan Jagadeesan,Ravi Karthikeyan,1,0,1,wide,0,,,99/1
1149581,1,10,7,Rajendran Vivek,Narayan Jagadeesan,Ravi Karthikeyan,1,1,0,run,0,,,100/1
1149581,1,11,1,Rajendran Vivek,Narayan Jagadeesan,Rahil S Shah,6,6,0,six,0,,,106/1
1149581,1,11,2,Rajendran Vivek,Narayan Jagadeesan,Rahil S Shah,0,0,0,no run,0,,,106/1
1149581,1,11,3,Rajendran Vivek,Narayan Jagadeesan,Rahil S Shah,1,1,0,run,0,,,107/1
1149581,1,11,4,Narayan Jagadeesan,Rajendran Vivek,Rahil S Shah,0,0,0,no run,0,,,107/1
1149581,1,11,5,Narayan Jagadeesan,Rajendran Vivek,Rahil S Shah,1,1,0,run,0,,,108/1
1149581,1,11,6,Rajendran Vivek,Narayan Jagadeesan,Rahil S Shah,0,0,0,no run,0,,,108/1
1149581,1,12,1,Narayan Jagadeesan,Rajendran Vivek,Ravi Karthikeyan,0,0,0,no run,0,,,108/1
1149581,1,12,2,Narayan Jagadeesan,Rajendran Vivek,Ravi Karthikeyan,1,1,0,run,0,,,109/1
1149581,1,12,3,Rajendran Vivek,Narayan Jagadeesan,Ravi Karthikeyan,4,4,0,four,0,,,113/1
1149581,1,12,4,Rajendran Vivek,Narayan Jagadeesan,Ravi Karthikeyan,1,1,0,run,0,,,114/1
1149581,1,12,5,Narayan Jagadeesan,Rajendran Vivek,Ravi Karthikeyan,1,1,0,run,0,,,115/1
1149581,1,12,6,Rajendran Vivek,Narayan Jagadeesan,Ravi Karthikeyan,6,6,0,six,0,,,121/1
1149581,1,13,1,Narayan Jagadeesan,Rajendran Vivek,Jagatheesan Kousik,1,1,0,run,0,,,122/1
1149581,1,13,2,Rajendran Vivek,Narayan Jagadeesan,Jagatheesan Kousik,1,1,0,run,0,,,123/1
1149581,1,13,3,Narayan Jagadeesan,Rajendran Vivek,Jagatheesan Kousik,0,0,0,out,1,bowled,Narayan Jagadeesan,123/2
1149581,1,13,4,Balchander Anirudh,Rajendran Vivek,Jagatheesan Kousik,1,1,0,run,0,,,124/2
1149581,1,13,5,Rajendran Vivek,Balchander Anirudh,Jagatheesan Kousik,6,6,0,six,0,,,130/2
1149581,1,13,6,Rajendran Vivek,Balchander Anirudh,Jagatheesan Kousik,1,1,0,run,0,,,131/2
1149581,1,14,1,Rajendran Vivek,Balchander Anirudh,Varun Chakravarthy Vinod,0,0,0,no run,0,,,131/2
1149581,1,14,2,Rajendran Vivek,Balchander Anirudh,Varun Chakravarthy Vinod,6,6,0,six,0,,,137/2
1149581,1,14,3,Rajendran Vivek,Balchander Anirudh,Varun Chakravarthy Vinod,1,1,0,run,0,,,138/2
1149581,1,14,4,Balchander Anirudh,Rajendran Vivek,Varun Chakravarthy Vinod,1,1,0,run,0,,,139/2
1149581,1,14,5,Rajendran Vivek,Balchander Anirudh,Varun Chakravarthy Vinod,1,1,0,run,0,,,140/2
1149581,1,14,6,Balchander Anirudh,Rajendran Vivek,Varun Chakravarthy Vinod,0,0,0,no run,0,,,140/2
1149581,1,15,1,Rajendran Vivek,Balchander Anirudh,Jagatheesan Kousik,1,1,0,run,0,,,141/2
1149581,1,15,2,Balchander Anirudh,Rajendran Vivek,Jagatheesan Kousik,1,1,0,run,0,,,142/2
1149581,1,15,3,Rajendran Vivek,Balchander Anirudh,Jagatheesan Kousik,0,0,0,no run,0,,,142/2
1149581,1,15,4,Rajendran Vivek,Balchander Anirudh,Jagatheesan Kousik,6,6,0,six,0,,,148/2
1149581,1,15,5,Rajendran Vivek,Balchander Anirudh,Jagatheesan Kousik,4,4,0,four,0,,,152/2
1149581,1,15,6,Rajendran Vivek,Balchander Anirudh,Jagatheesan Kousik,1,1,0,run,0,,,153/2
1149581,1,16,1,Rajendran Vivek,Balchander Anirudh,Abhishek Baljeetsingh Tanwar,1,0,1,wide,0,,,154/2
1149581,1,16,2,Rajendran Vivek,Balchander Anirudh,Abhishek Baljeetsingh Tanwar,0,0,0,no run,0,,,154/2
1149581,1,16,3,Rajendran Vivek,Balchander Anirudh,Abhishek Baljeetsingh Tanwar,1,0,1,wide,0,,,155/2
1149581,1,16,4,Rajendran Vivek,Balchander Anirudh,Abhishek Baljeetsingh Tanwar,1,0,1,wide,0,,,156/2
1149581,1,16,5,Rajendran Vivek,Balchander Anirudh,Abhishek Baljeetsingh Tanwar,0,0,0,no run,0,,,156/2
1149581,1,16,6,Rajendran Vivek,Balchander Anirudh,Abhishek Baljeetsingh Tanwar,6,6,0,six,0,,,162/2
1149581,1,16,7,Rajendran Vivek,Balchander Anirudh,Abhishek Baljeetsingh Tanwar,0,0,0,out,1,caught,Rajendran Vivek,162/3
1149581,1,16,8,Balchander Anirudh,0,Abhishek Baljeetsingh Tanwar,1,1,0,run,0,,,163/3
1149581,1,16,9,M Mohammed,Balchander Anirudh,Abhishek Baljeetsingh Tanwar,1,0,1,wide,0,,,164/3
1149581,1,16,10,M Mohammed,Balchander Anirudh,Abhishek Baljeetsingh Tanwar,0,0,0,no run,0,,,164/3
1149581,1,17,1,Balchander Anirudh,M Mohammed,Jagatheesan Kousik,1,1,0,run,0,,,165/3
1149581,1,17,2,M Mohammed,Balchander Anirudh,Jagatheesan Kousik,1,1,0,run,0,,,166/3
1149581,1,17,3,Balchander Anirudh,M Mohammed,Jagatheesan Kousik,6,6,0,six,0,,,172/3
1149581,1,17,4,Balchander Anirudh,M Mohammed,Jagatheesan Kousik,1,1,0,run,0,,,173/3
1149581,1,17,5,M Mohammed,Balchander Anirudh,Jagatheesan Kousik,4,4,0,four,0,,,177/3
1149581,1,17,6,M Mohammed,Balchander Anirudh,Jagatheesan Kousik,1,1,0,run,0,,,178/3
1149581,1,18,1,M Mohammed,Balchander Anirudh,Varun Chakravarthy Vinod,1,1,0,run,0,,,179/3
1149581,1,18,2,Balchander Anirudh,M Mohammed,Varun Chakravarthy Vinod,0,0,0,no run,0,,,179/3
1149581,1,18,3,Balchander Anirudh,M Mohammed,Varun Chakravarthy Vinod,0,0,0,no run,0,,,179/3
1149581,1,18,4,Balchander Anirudh,M Mohammed,Varun Chakravarthy Vinod,1,1,0,run,0,,,180/3
1149581,1,18,5,M Mohammed,Balchander Anirudh,Varun Chakravarthy Vinod,0,0,0,no run,0,,,180/3
1149581,1,18,6,M Mohammed,Balchander Anirudh,Varun Chakravarthy Vinod,0,0,0,no run,0,,,180/3
1149581,1,19,1,Balchander Anirudh,M Mohammed,RS Jaganath Sinivas,1,1,0,run,0,,,181/3
1149581,1,19,2,M Mohammed,Balchander Anirudh,RS Jaganath Sinivas,0,0,0,out,1,caught,M Mohammed,181/4
1149581,1,19,3,Balchander Anirudh,0,RS Jaganath Sinivas,6,6,0,six,0,,,187/4
1149581,1,19,4,Balchander Anirudh,0,RS Jaganath Sinivas,2,2,0,run,0,,,189/4
1149581,1,19,5,Balchander Anirudh,N Sarangarajan Chaturved,RS Jaganath Sinivas,0,0,0,out,1,caught,Balchander Anirudh,189/5
1149581,1,19,6,N Sarangarajan Chaturved,Ramalingam Rohit,RS Jaganath Sinivas,0,0,0,out,1,bowled,N Sarangarajan Chaturved,189/6
1149581,1,20,1,Ramalingam Rohit,0,Abhishek Baljeetsingh Tanwar,1,1,0,run,0,,,190/6
1149581,1,20,2,Mohan Abhinav,Ramalingam Rohit,Abhishek Baljeetsingh Tanwar,1,1,0,run,0,,,191/6
1149581,1,20,3,Ramalingam Rohit,Mohan Abhinav,Abhishek Baljeetsingh Tanwar,0,0,0,no run,0,,,191/6
1149581,1,20,4,Ramalingam Rohit,Mohan Abhinav,Abhishek Baljeetsingh Tanwar,4,4,0,four,0,,,195/6
1149581,1,20,5,Ramalingam Rohit,Mohan Abhinav,Abhishek Baljeetsingh Tanwar,4,4,0,four,0,,,199/6
1149581,1,20,6,Ramalingam Rohit,Mohan Abhinav,Abhishek Baljeetsingh Tanwar,4,4,0,four,0,,,203/6
1149581,2,1,1,Konda Bhaskir Arun Karthik,0,M Silambarasan,6,6,0,six,0,,,6/0
1149581,2,1,2,Konda Bhaskir Arun Karthik,0,M Silambarasan,1,1,0,run,0,,,7/0
1149581,2,1,3,0,Konda Bhaskir Arun Karthik,M Silambarasan,0,0,0,no run,0,,,7/0
1149581,2,1,4,0,Konda Bhaskir Arun Karthik,M Silambarasan,0,0,0,no run,0,,,7/0
1149581,2,1,5,0,Konda Bhaskir Arun Karthik,M Silambarasan,0,0,0,no run,0,,,7/0
1149581,2,1,6,0,Konda Bhaskir Arun Karthik,M Silambarasan,0,0,0,no run,0,,,7/0
1149581,2,2,1,Konda Bhaskir Arun Karthik,0,M Mohammed,4,4,0,four,0,,,11/0
1149581,2,2,2,Konda Bhaskir Arun Karthik,0,M Mohammed,0,0,0,out,1,caught,Konda Bhaskir Arun Karthik,11/1
1149581,2,2,3,Xavier Thalaivan Sargunam,0,M Mohammed,0,0,0,no run,0,,,11/1
1149581,2,2,4,Xavier Thalaivan Sargunam,0,M Mohammed,6,6,0,six,0,,,17/1
1149581,2,2,5,Xavier Thalaivan Sargunam,0,M Mohammed,0,0,0,no run,0,,,17/1
1149581,2,2,6,Xavier Thalaivan Sargunam,0,M Mohammed,0,0,0,no run,0,,,17/1
1149581,2,3,1,0,Xavier Thalaivan Sargunam,M Silambarasan,1,1,0,run,0,,,18/1
1149581,2,3,2,Xavier Thalaivan Sargunam,0,M Silambarasan,0,0,0,no run,0,,,18/1
1149581,2,3,3,Xavier Thalaivan Sargunam,0,M Silambarasan,1,1,0,run,0,,,19/1
1149581,2,3,4,0,Xavier Thalaivan Sargunam,M Silambarasan,4,4,0,four,0,,,23/1
1149581,2,3,5,0,Xavier Thalaivan Sargunam,M Silambarasan,4,4,0,four,0,,,27/1
1149581,2,3,6,0,Xavier Thalaivan Sargunam,M Silambarasan,1,0,1,leg bye,0,,,28/1
1149581,2,4,1,0,Xavier Thalaivan Sargunam,M Mohammed,1,1,0,run,0,,,29/1
1149581,2,4,2,Xavier Thalaivan Sargunam,0,M Mohammed,0,0,0,no run,0,,,29/1
1149581,2,4,3,Xavier Thalaivan Sargunam,0,M Mohammed,1,1,0,run,0,,,30/1
1149581,2,4,4,0,Xavier Thalaivan Sargunam,M Mohammed,0,0,0,out,1,,,30/2
1149581,2,4,5,Xavier Thalaivan Sargunam,Poovathinga Shijit Chandran,M Mohammed,0,0,0,out,1,caught,Xavier Thalaivan Sargunam,30/3
1149581,2,4,6,Ravi Karthikeyan,Poovathinga Shijit Chandran,M Mohammed,0,0,0,no run,0,,,30/3
1149581,2,5,1,Poovathinga Shijit Chandran,Ravi Karthikeyan,Ramalingam Rohit,4,4,0,four,0,,,34/3
1149581,2,5,2,Poovathinga Shijit Chandran,Ravi Karthikeyan,Ramalingam Rohit,2,2,0,run,0,,,36/3
1149581,2,5,3,Poovathinga Shijit Chandran,Ravi Karthikeyan,Ramalingam Rohit,4,4,0,four,0,,,40/3
1149581,2,5,4,Poovathinga Shijit Chandran,Ravi Karthikeyan,Ramalingam Rohit,1,1,0,run,0,,,41/3
1149581,2,5,5,Ravi Karthikeyan,Poovathinga Shijit Chandran,Ramalingam Rohit,0,0,0,no run,0,,,41/3
1149581,2,5,6,Ravi Karthikeyan,Poovathinga Shijit Chandran,Ramalingam Rohit,2,2,0,run,0,,,43/3
1149581,2,6,1,Poovathinga Shijit Chandran,Ravi Karthikeyan,M Mohammed,4,4,0,four,0,,,47/3
1149581,2,6,2,Poovathinga Shijit Chandran,Ravi Karthikeyan,M Mohammed,0,0,0,no run,0,,,47/3
1149581,2,6,3,Poovathinga Shijit Chandran,Ravi Karthikeyan,M Mohammed,0,0,0,no run,0,,,47/3
1149581,2,6,4,Poovathinga Shijit Chandran,Ravi Karthikeyan,M Mohammed,0,0,0,no run,0,,,47/3
1149581,2,6,5,Poovathinga Shijit Chandran,Ravi Karthikeyan,M Mohammed,0,0,0,no run,0,,,47/3
1149581,2,6,6,Poovathinga Shijit Chandran,Ravi Karthikeyan,M Mohammed,0,0,0,no run,0,,,47/3
1149581,2,7,1,Ravi Karthikeyan,Poovathinga Shijit Chandran,Ramalingam Rohit,1,1,0,run,0,,,48/3
1149581,2,7,2,Poovathinga Shijit Chandran,Ravi Karthikeyan,Ramalingam Rohit,1,1,0,run,0,,,49/3
1149581,2,7,3,Ravi Karthikeyan,Poovathinga Shijit Chandran,Ramalingam Rohit,1,1,0,run,0,,,50/3
1149581,2,7,4,Poovathinga Shijit Chandran,Ravi Karthikeyan,Ramalingam Rohit,1,1,0,run,0,,,51/3
1149581,2,7,5,Ravi Karthikeyan,Poovathinga Shijit Chandran,Ramalingam Rohit,1,1,0,run,0,,,52/3
1149581,2,7,6,Poovathinga Shijit Chandran,Ravi Karthikeyan,Ramalingam Rohit,1,1,0,run,0,,,53/3
1149581,2,8,1,Poovathinga Shijit Chandran,Ravi Karthikeyan,H Trilok Nag,0,0,0,out,1,caught,Poovathinga Shijit Chandran,53/4
1149581,2,8,2,Ravi Karthikeyan,0,H Trilok Nag,4,4,0,four,0,,,57/4
1149581,2,8,3,Ravi Karthikeyan,0,H Trilok Nag,1,1,0,run,0,,,58/4
1149581,2,8,4,Jagatheesan Kousik,Ravi Karthikeyan,H Trilok Nag,4,4,0,four,0,,,62/4
1149581,2,8,5,Jagatheesan Kousik,Ravi Karthikeyan,H Trilok Nag,1,1,0,run,0,,,63/4
1149581,2,8,6,Ravi Karthikeyan,Jagatheesan Kousik,H Trilok Nag,1,1,0,run,0,,,64/4
1149581,2,9,1,Ravi Karthikeyan,Jagatheesan Kousik,Mohan Abhinav,0,0,0,no run,0,,,64/4
1149581,2,9,2,Ravi Karthikeyan,Jagatheesan Kousik,Mohan Abhinav,0,0,0,no run,0,,,64/4
1149581,2,9,3,Ravi Karthikeyan,Jagatheesan Kousik,Mohan Abhinav,0,0,0,no run,0,,,64/4
1149581,2,9,4,Ravi Karthikeyan,Jagatheesan Kousik,Mohan Abhinav,4,4,0,four,0,,,68/4
1149581,2,9,5,Ravi Karthikeyan,Jagatheesan Kousik,Mohan Abhinav,4,4,0,four,0,,,72/4
1149581,2,9,6,Ravi Karthikeyan,Jagatheesan Kousik,Mohan Abhinav,0,0,0,no run,0,,,72/4
1149581,2,10,1,Jagatheesan Kousik,Ravi Karthikeyan,H Trilok Nag,1,1,0,run,0,,,73/4
1149581,2,10,2,Ravi Karthikeyan,Jagatheesan Kousik,H Trilok Nag,0,0,0,out,1,caught,Ravi Karthikeyan,73/5
1149581,2,10,3,R Nilesh Subramanian,Jagatheesan Kousik,H Trilok Nag,0,0,0,no run,0,,,73/5
1149581,2,10,4,R Nilesh Subramanian,Jagatheesan Kousik,H Trilok Nag,1,1,0,run,0,,,74/5
1149581,2,10,5,Jagatheesan Kousik,R Nilesh Subramanian,H Trilok Nag,1,1,0,run,0,,,75/5
1149581,2,10,6,R Nilesh Subramanian,Jagatheesan Kousik,H Trilok Nag,0,0,0,no run,0,,,75/5
1149581,2,11,1,Jagatheesan Kousik,R Nilesh Subramanian,Mohan Abhinav,0,0,0,no run,0,,,75/5
1149581,2,11,2,Jagatheesan Kousik,R Nilesh Subramanian,Mohan Abhinav,0,0,0,out,1,caught,Jagatheesan Kousik,75/6
1149581,2,11,3,R Nilesh Subramanian,0,Mohan Abhinav,1,1,0,run,0,,,76/6
1149581,2,11,4,Abhishek Baljeetsingh Tanwar,R Nilesh Subramanian,Mohan Abhinav,0,0,0,no run,0,,,76/6
1149581,2,11,5,Abhishek Baljeetsingh Tanwar,R Nilesh Subramanian,Mohan Abhinav,0,0,0,no run,0,,,76/6
1149581,2,11,6,Abhishek Baljeetsingh Tanwar,R Nilesh Subramanian,Mohan Abhinav,1,1,0,run,0,,,77/6
1149581,2,12,1,Abhishek Baljeetsingh Tanwar,R Nilesh Subramanian,H Trilok Nag,0,0,0,no run,0,,,77/6
1149581,2,12,2,Abhishek Baljeetsingh Tanwar,R Nilesh Subramanian,H Trilok Nag,1,1,0,run,0,,,78/6
1149581,2,12,3,R Nilesh Subramanian,Abhishek Baljeetsingh Tanwar,H Trilok Nag,0,0,0,no run,0,,,78/6
1149581,2,12,4,R Nilesh Subramanian,Abhishek Baljeetsingh Tanwar,H Trilok Nag,1,0,1,leg bye,0,,,79/6
1149581,2,12,5,Abhishek Baljeetsingh Tanwar,R Nilesh Subramanian,H Trilok Nag,1,1,0,run,0,,,80/6
1149581,2,12,6,R Nilesh Subramanian,Abhishek Baljeetsingh Tanwar,H Trilok Nag,1,1,0,run,0,,,81/6
1149581,2,13,1,R Nilesh Subramanian,Abhishek Baljeetsingh Tanwar,Mohan Abhinav,0,0,0,out,1,caught,R Nilesh Subramanian,81/7
1149581,2,13,2,Varun Chakravarthy Vinod,Abhishek Baljeetsingh Tanwar,Mohan Abhinav,0,0,0,no run,0,,,81/7
1149581,2,13,3,Varun Chakravarthy Vinod,Abhishek Baljeetsingh Tanwar,Mohan Abhinav,1,1,0,run,0,,,82/7
1149581,2,13,4,Abhishek Baljeetsingh Tanwar,Varun Chakravarthy Vinod,Mohan Abhinav,0,0,0,no run,0,,,82/7
1149581,2,13,5,Abhishek Baljeetsingh Tanwar,Varun Chakravarthy Vinod,Mohan Abhinav,0,0,0,no run,0,,,82/7
1149581,2,13,6,Abhishek Baljeetsingh Tanwar,Varun Chakravarthy Vinod,Mohan Abhinav,0,0,0,no run,0,,,82/7
1149581,2,14,1,Varun Chakravarthy Vinod,Abhishek Baljeetsingh Tanwar,Varun M Totadri,1,1,0,run,0,,,83/7
1149581,2,14,2,Abhishek Baljeetsingh Tanwar,Varun Chakravarthy Vinod,Varun M Totadri,0,0,0,no run,0,,,83/7
1149581,2,14,3,Abhishek Baljeetsingh Tanwar,Varun Chakravarthy Vinod,Varun M Totadri,0,0,0,no run,0,,,83/7
1149581,2,14,4,Abhishek Baljeetsingh Tanwar,Varun Chakravarthy Vinod,Varun M Totadri,1,1,0,run,0,,,84/7
1149581,2,14,5,Varun Chakravarthy Vinod,Abhishek Baljeetsingh Tanwar,Varun M Totadri,1,1,0,run,0,,,85/7
1149581,2,14,6,Abhishek Baljeetsingh Tanwar,Varun Chakravarthy Vinod,Varun M Totadri,1,0,1,leg bye,0,,,86/7
1149581,2,15,1,Abhishek Baljeetsingh Tanwar,Varun Chakravarthy Vinod,Mohan Abhinav,6,6,0,six,0,,,92/7
1149581,2,15,2,Abhishek Baljeetsingh Tanwar,Varun Chakravarthy Vinod,Mohan Abhinav,0,0,0,no run,0,,,92/7
1149581,2,15,3,Abhishek Baljeetsingh Tanwar,Varun Chakravarthy Vinod,Mohan Abhinav,6,6,0,six,0,,,98/7
1149581,2,15,4,Abhishek Baljeetsingh Tanwar,Varun Chakravarthy Vinod,Mohan Abhinav,1,1,0,run,0,,,99/7
1149581,2,15,5,Varun Chakravarthy Vinod,Abhishek Baljeetsingh Tanwar,Mohan Abhinav,1,1,0,run,0,,,100/7
1149581,2,15,6,Abhishek Baljeetsingh Tanwar,Varun Chakravarthy Vinod,Mohan Abhinav,1,0,1,wide,0,,,101/7
1149581,2,15,7,Abhishek Baljeetsingh Tanwar,Varun Chakravarthy Vinod,Mohan Abhinav,0,0,0,no run,0,,,101/7
1149581,2,16,1,Varun Chakravarthy Vinod,Abhishek Baljeetsingh Tanwar,Varun M Totadri,0,0,0,no run,0,,,101/7
1149581,2,16,2,Varun Chakravarthy Vinod,Abhishek Baljeetsingh Tanwar,Varun M Totadri,1,1,0,run,0,,,102/7
1149581,2,16,3,Abhishek Baljeetsingh Tanwar,Varun Chakravarthy Vinod,Varun M Totadri,1,1,0,run,0,,,103/7
1149581,2,16,4,Varun Chakravarthy Vinod,Abhishek Baljeetsingh Tanwar,Varun M Totadri,1,1,0,run,0,,,104/7
1149581,2,16,5,Abhishek Baljeetsingh Tanwar,Varun Chakravarthy Vinod,Varun M Totadri,1,1,0,run,0,,,105/7
1149581,2,16,6,Varun Chakravarthy Vinod,Abhishek Baljeetsingh Tanwar,Varun M Totadri,0,0,0,no run,0,,,105/7
1149581,2,17,1,Abhishek Baljeetsingh Tanwar,Varun Chakravarthy Vinod,Ramalingam Rohit,1,1,0,run,0,,,106/7
1149581,2,17,2,Varun Chakravarthy Vinod,Abhishek Baljeetsingh Tanwar,Ramalingam Rohit,1,0,1,wide,0,,,107/7
1149581,2,17,3,Varun Chakravarthy Vinod,Abhishek Baljeetsingh Tanwar,Ramalingam Rohit,1,1,0,run,0,,,108/7
1149581,2,17,4,Abhishek Baljeetsingh Tanwar,Varun Chakravarthy Vinod,Ramalingam Rohit,0,0,0,no run,0,,,108/7
1149581,2,17,5,Abhishek Baljeetsingh Tanwar,Varun Chakravarthy Vinod,Ramalingam Rohit,2,2,0,run,0,,,110/7
1149581,2,17,6,Abhishek Baljeetsingh Tanwar,Varun Chakravarthy Vinod,Ramalingam Rohit,6,6,0,six,0,,,116/7
1149581,2,17,7,Abhishek Baljeetsingh Tanwar,Varun Chakravarthy Vinod,Ramalingam Rohit,0,0,0,no run,0,,,116/7
1149581,2,18,1,Varun Chakravarthy Vinod,Abhishek Baljeetsingh Tanwar,Varun M Totadri,4,4,0,four,0,,,120/7
1149581,2,18,2,Varun Chakravarthy Vinod,Abhishek Baljeetsingh Tanwar,Varun M Totadri,1,1,0,run,0,,,121/7
1149581,2,18,3,Abhishek Baljeetsingh Tanwar,Varun Chakravarthy Vinod,Varun M Totadri,0,0,0,out,1,caught,Abhishek Baljeetsingh Tanwar,121/8
1149581,2,18,4,Rahil S Shah,Varun Chakravarthy Vinod,Varun M Totadri,0,0,0,no run,0,,,121/8
1149581,2,18,5,Rahil S Shah,Varun Chakravarthy Vinod,Varun M Totadri,0,0,0,no run,0,,,121/8
1149581,2,18,6,Rahil S Shah,Varun Chakravarthy Vinod,Varun M Totadri,1,1,0,run,0,,,122/8
1149581,2,19,1,Rahil S Shah,Varun Chakravarthy Vinod,Ramalingam Rohit,0,0,0,no run,0,,,122/8
1149581,2,19,2,Rahil S Shah,Varun Chakravarthy Vinod,Ramalingam Rohit,0,0,0,no run,0,,,122/8
1149581,2,19,3,Rahil S Shah,Varun Chakravarthy Vinod,Ramalingam Rohit,0,0,0,no run,0,,,122/8
1149581,2,19,4,Rahil S Shah,Varun Chakravarthy Vinod,Ramalingam Rohit,0,0,0,out,1,run out,Rahil S Shah,122/9
1149581,2,19,5,Varun Chakravarthy Vinod,0,Ramalingam Rohit,0,0,0,no run,0,,,122/9
1149581,2,19,6,Varun Chakravarthy Vinod,RS Jaganath Sinivas,Ramalingam Rohit,1,1,0,run,0,,,123/9
1149581,2,20,1,Varun Chakravarthy Vinod,RS Jaganath Sinivas,M Silambarasan,1,1,0,run,0,,,124/9
1149581,2,20,2,RS Jaganath Sinivas,Varun Chakravarthy Vinod,M Silambarasan,4,4,0,four,0,,,128/9
1149581,2,20,3,RS Jaganath Sinivas,Varun Chakravarthy Vinod,M Silambarasan,0,0,0,out,1,bowled,RS Jaganath Sinivas,128/10
1149582,1,1,1,Masood Shahrukh Khan,0,Vijaykumar Yo Mahesh,1,0,1,leg bye,0,,,1/0
1149582,1,1,2,Abhinav Mukund,Masood Shahrukh Khan,Vijaykumar Yo Mahesh,0,0,0,no run,0,,,1/0
1149582,1,1,3,Abhinav Mukund,Masood Shahrukh Khan,Vijaykumar Yo Mahesh,2,2,0,run,0,,,3/0
1149582,1,1,4,Abhinav Mukund,Masood Shahrukh Khan,Vijaykumar Yo Mahesh,0,0,0,no run,0,,,3/0
1149582,1,1,5,Abhinav Mukund,Masood Shahrukh Khan,Vijaykumar Yo Mahesh,1,1,0,run,0,,,4/0
1149582,1,1,6,Masood Shahrukh Khan,Abhinav Mukund,Vijaykumar Yo Mahesh,4,4,0,four,0,,,8/0
1149582,1,2,1,Abhinav Mukund,Masood Shahrukh Khan,Velidi Lakshman,0,0,0,no run,0,,,8/0
1149582,1,2,2,Abhinav Mukund,Masood Shahrukh Khan,Velidi Lakshman,4,4,0,four,0,,,12/0
1149582,1,2,3,Abhinav Mukund,Masood Shahrukh Khan,Velidi Lakshman,4,4,0,four,0,,,16/0
1149582,1,2,4,Abhinav Mukund,Masood Shahrukh Khan,Velidi Lakshman,0,0,0,no run,0,,,16/0
1149582,1,2,5,Abhinav Mukund,Masood Shahrukh Khan,Velidi Lakshman,0,0,0,no run,0,,,16/0
1149582,1,2,6,Abhinav Mukund,Masood Shahrukh Khan,Velidi Lakshman,1,1,0,run,0,,,17/0
1149582,1,3,1,Abhinav Mukund,Masood Shahrukh Khan,Vijaykumar Yo Mahesh,1,1,0,run,0,,,18/0
1149582,1,3,2,Masood Shahrukh Khan,Abhinav Mukund,Vijaykumar Yo Mahesh,2,2,0,run,0,,,20/0
1149582,1,3,3,Masood Shahrukh Khan,Abhinav Mukund,Vijaykumar Yo Mahesh,1,1,0,run,0,,,21/0
1149582,1,3,4,Abhinav Mukund,Masood Shahrukh Khan,Vijaykumar Yo Mahesh,0,0,0,no run,0,,,21/0
1149582,1,3,5,Abhinav Mukund,Masood Shahrukh Khan,Vijaykumar Yo Mahesh,4,4,0,four,0,,,25/0
1149582,1,3,6,Abhinav Mukund,Masood Shahrukh Khan,Vijaykumar Yo Mahesh,0,0,0,no run,0,,,25/0
1149582,1,4,1,Masood Shahrukh Khan,Abhinav Mukund,S Mohan Prasath,0,0,0,no run,0,,,25/0
1149582,1,4,2,Masood Shahrukh Khan,Abhinav Mukund,S Mohan Prasath,1,1,0,run,0,,,26/0
1149582,1,4,3,Abhinav Mukund,Masood Shahrukh Khan,S Mohan Prasath,1,1,0,run,0,,,27/0
1149582,1,4,4,Masood Shahrukh Khan,Abhinav Mukund,S Mohan Prasath,0,0,0,no run,0,,,27/0
1149582,1,4,5,Masood Shahrukh Khan,Abhinav Mukund,S Mohan Prasath,0,0,0,no run,0,,,27/0
1149582,1,4,6,Masood Shahrukh Khan,Abhinav Mukund,S Mohan Prasath,1,1,0,run,0,,,28/0
1149582,1,5,1,Masood Shahrukh Khan,Abhinav Mukund,S Kishan Kumar,0,0,0,no run,0,,,28/0
1149582,1,5,2,Masood Shahrukh Khan,Abhinav Mukund,S Kishan Kumar,4,4,0,four,0,,,32/0
1149582,1,5,3,Masood Shahrukh Khan,Abhinav Mukund,S Kishan Kumar,1,1,0,run,0,,,33/0
1149582,1,5,4,Abhinav Mukund,Masood Shahrukh Khan,S Kishan Kumar,1,1,0,run,0,,,34/0
1149582,1,5,5,Masood Shahrukh Khan,Abhinav Mukund,S Kishan Kumar,0,0,0,out,1,stumped,Masood Shahrukh Khan,34/1
1149582,1,5,6,Ravi Kumar Rohith,Abhinav Mukund,S Kishan Kumar,1,1,0,run,0,,,35/1
1149582,1,6,1,Ravi Kumar Rohith,Abhinav Mukund,S Mohan Prasath,1,1,0,run,0,,,36/1
1149582,1,6,2,Abhinav Mukund,Ravi Kumar Rohith,S Mohan Prasath,1,1,0,run,0,,,37/1
1149582,1,6,3,Ravi Kumar Rohith,Abhinav Mukund,S Mohan Prasath,0,0,0,no run,0,,,37/1
1149582,1,6,4,Ravi Kumar Rohith,Abhinav Mukund,S Mohan Prasath,0,0,0,no run,0,,,37/1
1149582,1,6,5,Ravi Kumar Rohith,Abhinav Mukund,S Mohan Prasath,0,0,0,no run,0,,,37/1
1149582,1,6,6,Ravi Kumar Rohith,Abhinav Mukund,S Mohan Prasath,1,1,0,run,0,,,38/1
1149582,1,7,1,Ravi Kumar Rohith,Abhinav Mukund,S Kishan Kumar,0,0,0,no run,0,,,38/1
1149582,1,7,2,Ravi Kumar Rohith,Abhinav Mukund,S Kishan Kumar,1,1,0,run,0,,,39/1
1149582,1,7,3,Abhinav Mukund,Ravi Kumar Rohith,S Kishan Kumar,1,1,0,run,0,,,40/1
1149582,1,7,4,Ravi Kumar Rohith,Abhinav Mukund,S Kishan Kumar,0,0,0,out,1,caught,Ravi Kumar Rohith,40/2
1149582,1,7,5,Abhinav Mukund,0,S Kishan Kumar,1,1,0,run,0,,,41/2
1149582,1,7,6,Wenseslaus Antony Dhas,Abhinav Mukund,S Kishan Kumar,1,1,0,run,0,,,42/2
1149582,1,8,1,Wenseslaus Antony Dhas,Abhinav Mukund,Velidi Lakshman,0,0,0,no run,0,,,42/2
1149582,1,8,2,Wenseslaus Antony Dhas,Abhinav Mukund,Velidi Lakshman,0,0,0,no run,0,,,42/2
1149582,1,8,3,Wenseslaus Antony Dhas,Abhinav Mukund,Velidi Lakshman,4,4,0,four,0,,,46/2
1149582,1,8,4,Wenseslaus Antony Dhas,Abhinav Mukund,Velidi Lakshman,1,1,0,run,0,,,47/2
1149582,1,8,5,Abhinav Mukund,Wenseslaus Antony Dhas,Velidi Lakshman,0,0,0,no run,0,,,47/2
1149582,1,8,6,Abhinav Mukund,Wenseslaus Antony Dhas,Velidi Lakshman,1,1,0,run,0,,,48/2
1149582,1,9,1,Abhinav Mukund,Wenseslaus Antony Dhas,R Rajkumar,1,1,0,run,0,,,49/2
1149582,1,9,2,Wenseslaus Antony Dhas,Abhinav Mukund,R Rajkumar,1,1,0,run,0,,,50/2
1149582,1,9,3,Abhinav Mukund,Wenseslaus Antony Dhas,R Rajkumar,1,0,1,wide,0,,,51/2
1149582,1,9,4,Abhinav Mukund,Wenseslaus Antony Dhas,R Rajkumar,1,1,0,run,0,,,52/2
1149582,1,9,5,Wenseslaus Antony Dhas,Abhinav Mukund,R Rajkumar,1,1,0,run,0,,,53/2
1149582,1,9,6,Abhinav Mukund,Wenseslaus Antony Dhas,R Rajkumar,1,1,0,run,0,,,54/2
1149582,1,9,7,Wenseslaus Antony Dhas,Abhinav Mukund,R Rajkumar,0,0,0,no run,0,,,54/2
1149582,1,10,1,Abhinav Mukund,Wenseslaus Antony Dhas,Velidi Lakshman,0,0,0,no run,0,,,54/2
1149582,1,10,2,Abhinav Mukund,Wenseslaus Antony Dhas,Velidi Lakshman,0,0,0,no run,0,,,54/2
1149582,1,10,3,Abhinav Mukund,Wenseslaus Antony Dhas,Velidi Lakshman,1,1,0,run,0,,,55/2
1149582,1,10,4,Wenseslaus Antony Dhas,Abhinav Mukund,Velidi Lakshman,1,0,1,wide,0,,,56/2
1149582,1,10,5,Wenseslaus Antony Dhas,Abhinav Mukund,Velidi Lakshman,0,0,0,out,1,caught,Wenseslaus Antony Dhas,56/3
1149582,1,10,6,Abhinav Mukund,0,Velidi Lakshman,0,0,0,no run,0,,,56/3
1149582,1,10,7,Abhinav Mukund,Akkil Srinaath,Velidi Lakshman,1,1,0,run,0,,,57/3
1149582,1,11,1,Abhinav Mukund,Akkil Srinaath,S Kishan Kumar,0,0,0,no run,0,,,57/3
1149582,1,11,2,Abhinav Mukund,Akkil Srinaath,S Kishan Kumar,0,0,0,no run,0,,,57/3
1149582,1,11,3,Abhinav Mukund,Akkil Srinaath,S Kishan Kumar,1,1,0,run,0,,,58/3
1149582,1,11,4,Akkil Srinaath,Abhinav Mukund,S Kishan Kumar,2,2,0,run,0,,,60/3
1149582,1,11,5,Akkil Srinaath,Abhinav Mukund,S Kishan Kumar,1,1,0,run,0,,,61/3
1149582,1,11,6,Abhinav Mukund,Akkil Srinaath,S Kishan Kumar,2,2,0,run,0,,,63/3
1149582,1,12,1,Akkil Srinaath,Abhinav Mukund,Velidi Lakshman,1,1,0,run,0,,,64/3
1149582,1,12,2,Abhinav Mukund,Akkil Srinaath,Velidi Lakshman,1,1,0,run,0,,,65/3
1149582,1,12,3,Akkil Srinaath,Abhinav Mukund,Velidi Lakshman,0,0,0,no run,0,,,65/3
1149582,1,12,4,Akkil Srinaath,Abhinav Mukund,Velidi Lakshman,0,0,0,no run,0,,,65/3
1149582,1,12,5,Akkil Srinaath,Abhinav Mukund,Velidi Lakshman,1,1,0,run,0,,,66/3
1149582,1,12,6,Abhinav Mukund,Akkil Srinaath,Velidi Lakshman,1,1,0,run,0,,,67/3
1149582,1,13,1,Abhinav Mukund,Akkil Srinaath,R Rajkumar,4,4,0,four,0,,,71/3
1149582,1,13,2,Abhinav Mukund,Akkil Srinaath,R Rajkumar,1,1,0,run,0,,,72/3
1149582,1,13,3,Akkil Srinaath,Abhinav Mukund,R Rajkumar,0,0,0,no run,0,,,72/3
1149582,1,13,4,Akkil Srinaath,Abhinav Mukund,R Rajkumar,0,0,0,out,1,caught,Akkil Srinaath,72/4
1149582,1,13,5,Abhinav Mukund,0,R Rajkumar,2,2,0,run,0,,,74/4
1149582,1,13,6,Abhinav Mukund,Ashwin Venkataraman,R Rajkumar,1,1,0,run,0,,,75/4
1149582,1,14,1,Abhinav Mukund,Ashwin Venkataraman,S Mohan Prasath,1,1,0,run,0,,,76/4
1149582,1,14,2,Ashwin Venkataraman,Abhinav Mukund,S Mohan Prasath,1,1,0,run,0,,,77/4
1149582,1,14,3,Abhinav Mukund,Ashwin Venkataraman,S Mohan Prasath,1,1,0,run,0,,,78/4
1149582,1,14,4,Ashwin Venkataraman,Abhinav Mukund,S Mohan Prasath,1,1,0,run,0,,,79/4
1149582,1,14,5,Abhinav Mukund,Ashwin Venkataraman,S Mohan Prasath,1,1,0,run,0,,,80/4
1149582,1,14,6,Ashwin Venkataraman,Abhinav Mukund,S Mohan Prasath,0,0,0,no run,0,,,80/4
1149582,1,15,1,Abhinav Mukund,Ashwin Venkataraman,S Kishan Kumar,1,0,1,wide,0,,,81/4
1149582,1,15,2,Abhinav Mukund,Ashwin Venkataraman,S Kishan Kumar,6,6,0,six,0,,,87/4
1149582,1,15,3,Abhinav Mukund,Ashwin Venkataraman,S Kishan Kumar,0,0,0,no run,0,,,87/4
1149582,1,15,4,Abhinav Mukund,Ashwin Venkataraman,S Kishan Kumar,0,0,0,no run,0,,,87/4
1149582,1,15,5,Abhinav Mukund,Ashwin Venkataraman,S Kishan Kumar,1,1,0,run,1,run out,Abhinav Mukund,88/5
1149582,1,15,6,M Prasanth Rajesh,Ashwin Venkataraman,S Kishan Kumar,1,1,0,run,0,,,89/5
1149582,1,15,7,Ashwin Venkataraman,M Prasanth Rajesh,S Kishan Kumar,1,1,0,run,0,,,90/5
1149582,1,16,1,Ashwin Venkataraman,M Prasanth Rajesh,S Mohan Prasath,0,0,0,no run,0,,,90/5
1149582,1,16,2,Ashwin Venkataraman,M Prasanth Rajesh,S Mohan Prasath,1,1,0,run,0,,,91/5
1149582,1,16,3,M Prasanth Rajesh,Ashwin Venkataraman,S Mohan Prasath,1,1,0,run,0,,,92/5
1149582,1,16,4,Ashwin Venkataraman,M Prasanth Rajesh,S Mohan Prasath,1,1,0,run,0,,,93/5
1149582,1,16,5,M Prasanth Rajesh,Ashwin Venkataraman,S Mohan Prasath,1,1,0,run,0,,,94/5
1149582,1,16,6,Ashwin Venkataraman,M Prasanth Rajesh,S Mohan Prasath,2,2,0,run,0,,,96/5
1149582,1,17,1,M Prasanth Rajesh,Ashwin Venkataraman,R Rajkumar,1,0,1,leg bye,0,,,97/5
1149582,1,17,2,Ashwin Venkataraman,M Prasanth Rajesh,R Rajkumar,4,4,0,four,0,,,101/5
1149582,1,17,3,Ashwin Venkataraman,M Prasanth Rajesh,R Rajkumar,4,4,0,four,0,,,105/5
1149582,1,17,4,Ashwin Venkataraman,M Prasanth Rajesh,R Rajkumar,0,0,0,out,1,bowled,Ashwin Venkataraman,105/6
1149582,1,17,5,R Mithun,M Prasanth Rajesh,R Rajkumar,1,1,0,run,0,,,106/6
1149582,1,17,6,M Prasanth Rajesh,R Mithun,R Rajkumar,1,1,0,run,0,,,107/6
1149582,1,18,1,M Prasanth Rajesh,R Mithun,Vijaykumar Yo Mahesh,1,0,1,wide,0,,,108/6
1149582,1,18,2,M Prasanth Rajesh,R Mithun,Vijaykumar Yo Mahesh,1,1,0,run,0,,,109/6
1149582,1,18,3,R Mithun,M Prasanth Rajesh,Vijaykumar Yo Mahesh,1,0,1,leg bye,0,,,110/6
1149582,1,18,4,M Prasanth Rajesh,R Mithun,Vijaykumar Yo Mahesh,4,4,0,four,0,,,114/6
1149582,1,18,5,M Prasanth Rajesh,R Mithun,Vijaykumar Yo Mahesh,0,0,0,no run,0,,,114/6
1149582,1,18,6,M Prasanth Rajesh,R Mithun,Vijaykumar Yo Mahesh,1,1,0,run,0,,,115/6
1149582,1,18,7,R Mithun,M Prasanth Rajesh,Vijaykumar Yo Mahesh,4,4,0,four,0,,,119/6
1149582,1,19,1,M Prasanth Rajesh,R Mithun,R Rajkumar,1,0,1,leg bye,0,,,120/6
1149582,1,19,2,R Mithun,M Prasanth Rajesh,R Rajkumar,1,1,0,run,0,,,121/6
1149582,1,19,3,M Prasanth Rajesh,R Mithun,R Rajkumar,0,0,0,out,1,caught,M Prasanth Rajesh,121/7
1149582,1,19,4,R Mithun,0,R Rajkumar,4,4,0,four,0,,,125/7
1149582,1,19,5,R Mithun, Sriram Ajith Ram,R Rajkumar,0,0,0,out,1,bowled,R Mithun,125/8
1149582,1,19,6,Krishnamoorthy Vignesh, Sriram Ajith Ram,R Rajkumar,1,1,0,run,0,,,126/8
1149582,1,20,1,Krishnamoorthy Vignesh, Sriram Ajith Ram,Vijaykumar Yo Mahesh,1,1,0,run,0,,,127/8
1149582,1,20,2, Sriram Ajith Ram,Krishnamoorthy Vignesh,Vijaykumar Yo Mahesh,4,4,0,four,0,,,131/8
1149582,1,20,3, Sriram Ajith Ram,Krishnamoorthy Vignesh,Vijaykumar Yo Mahesh,2,2,0,run,0,,,133/8
1149582,1,20,4, Sriram Ajith Ram,Krishnamoorthy Vignesh,Vijaykumar Yo Mahesh,0,0,0,no run,0,,,133/8
1149582,1,20,5, Sriram Ajith Ram,Krishnamoorthy Vignesh,Vijaykumar Yo Mahesh,0,0,0,no run,0,,,133/8
1149582,1,20,6, Sriram Ajith Ram,Krishnamoorthy Vignesh,Vijaykumar Yo Mahesh,4,4,0,four,0,,,137/8
1149582,2,1,1,0,0,Krishnamoorthy Vignesh,1,1,0,run,0,,,1/0
1149582,2,1,2,Srikkanth Anirudha,0,Krishnamoorthy Vignesh,0,0,0,no run,0,,,1/0
1149582,2,1,3,Srikkanth Anirudha,0,Krishnamoorthy Vignesh,0,0,0,no run,0,,,1/0
1149582,2,1,4,Srikkanth Anirudha,0,Krishnamoorthy Vignesh,0,0,0,no run,0,,,1/0
1149582,2,1,5,Srikkanth Anirudha,0,Krishnamoorthy Vignesh,1,0,1,wide,0,,,2/0
1149582,2,1,6,Srikkanth Anirudha,0,Krishnamoorthy Vignesh,0,0,0,no run,0,,,2/0
1149582,2,1,7,Srikkanth Anirudha,0,Krishnamoorthy Vignesh,1,1,0,run,0,,,3/0
1149582,2,2,1,Srikkanth Anirudha,0, Sriram Ajith Ram,1,1,0,run,0,,,4/0
1149582,2,2,2,0,Srikkanth Anirudha, Sriram Ajith Ram,0,0,0,no run,0,,,4/0
1149582,2,2,3,0,Srikkanth Anirudha, Sriram Ajith Ram,0,0,0,no run,0,,,4/0
1149582,2,2,4,0,Srikkanth Anirudha, Sriram Ajith Ram,1,1,0,run,0,,,5/0
1149582,2,2,5,Srikkanth Anirudha,0, Sriram Ajith Ram,1,1,0,run,0,,,6/0
1149582,2,2,6,0,Srikkanth Anirudha, Sriram Ajith Ram,0,0,0,no run,0,,,6/0
1149582,2,3,1,Srikkanth Anirudha,0,Krishnamoorthy Vignesh,4,4,0,four,0,,,10/0
1149582,2,3,2,Srikkanth Anirudha,0,Krishnamoorthy Vignesh,4,4,0,four,0,,,14/0
1149582,2,3,3,Srikkanth Anirudha,0,Krishnamoorthy Vignesh,0,0,0,out,1,caught,Srikkanth Anirudha,14/1
1149582,2,3,4,Rajhamany Srinivasan,0,Krishnamoorthy Vignesh,1,0,1,wide,0,,,15/1
1149582,2,3,5,Rajhamany Srinivasan,0,Krishnamoorthy Vignesh,1,1,0,run,0,,,16/1
1149582,2,3,6,0,Rajhamany Srinivasan,Krishnamoorthy Vignesh,0,0,0,no run,0,,,16/1
1149582,2,3,7,0,Rajhamany Srinivasan,Krishnamoorthy Vignesh,1,1,0,run,0,,,17/1
1149582,2,4,1,0,Rajhamany Srinivasan, Sriram Ajith Ram,0,0,0,out,1,,,17/2
1149582,2,4,2,Maan K Bafna,Rajhamany Srinivasan, Sriram Ajith Ram,1,1,0,run,0,,,18/2
1149582,2,4,3,Rajhamany Srinivasan,Maan K Bafna, Sriram Ajith Ram,1,1,0,run,0,,,19/2
1149582,2,4,4,Maan K Bafna,Rajhamany Srinivasan, Sriram Ajith Ram,0,0,0,no run,0,,,19/2
1149582,2,4,5,Maan K Bafna,Rajhamany Srinivasan, Sriram Ajith Ram,1,1,0,run,0,,,20/2
1149582,2,4,6,Rajhamany Srinivasan,Maan K Bafna, Sriram Ajith Ram,1,1,0,run,0,,,21/2
1149582,2,5,1,Rajhamany Srinivasan,Maan K Bafna,Krishnamoorthy Vignesh,0,0,0,out,1,caught,Rajhamany Srinivasan,21/3
1149582,2,5,2,R Kavin,Maan K Bafna,Krishnamoorthy Vignesh,0,0,0,no run,0,,,21/3
1149582,2,5,3,R Kavin,Maan K Bafna,Krishnamoorthy Vignesh,1,1,0,run,0,,,22/3
1149582,2,5,4,Maan K Bafna,R Kavin,Krishnamoorthy Vignesh,1,1,0,run,0,,,23/3
1149582,2,5,5,R Kavin,Maan K Bafna,Krishnamoorthy Vignesh,0,0,0,out,1,caught,R Kavin,23/4
1149582,2,5,6,Vijaykumar Yo Mahesh,Maan K Bafna,Krishnamoorthy Vignesh,0,0,0,no run,0,,,23/4
1149582,2,6,1,Maan K Bafna,Vijaykumar Yo Mahesh,Thangarasu Natarajan,0,0,0,no run,0,,,23/4
1149582,2,6,1,Maan K Bafna,Vijaykumar Yo Mahesh,Thangarasu Natarajan,0,0,0,no run,0,,,23/4
1149582,2,6,2,Maan K Bafna,Vijaykumar Yo Mahesh,Thangarasu Natarajan,4,4,0,four,0,,,27/4
1149582,2,6,3,Maan K Bafna,Vijaykumar Yo Mahesh,Thangarasu Natarajan,1,1,0,run,0,,,28/4
1149582,2,6,4,Vijaykumar Yo Mahesh,Maan K Bafna,Thangarasu Natarajan,0,0,0,no run,0,,,28/4
1149582,2,6,5,Vijaykumar Yo Mahesh,Maan K Bafna,Thangarasu Natarajan,0,0,0,no run,0,,,28/4
1149582,2,6,6,Vijaykumar Yo Mahesh,Maan K Bafna,Thangarasu Natarajan,1,1,0,run,0,,,29/4
1149582,2,7,1,Vijaykumar Yo Mahesh,Maan K Bafna,M Prasanth Rajesh,1,1,0,run,0,,,30/4
1149582,2,7,2,Maan K Bafna,Vijaykumar Yo Mahesh,M Prasanth Rajesh,1,1,0,run,0,,,31/4
1149582,2,7,3,Vijaykumar Yo Mahesh,Maan K Bafna,M Prasanth Rajesh,0,0,0,out,1,caught,Vijaykumar Yo Mahesh,31/5
1149582,2,7,4,R Rajkumar,Maan K Bafna,M Prasanth Rajesh,0,0,0,no run,0,,,31/5
1149582,2,7,5,R Rajkumar,Maan K Bafna,M Prasanth Rajesh,0,0,0,no run,0,,,31/5
1149582,2,7,6,R Rajkumar,Maan K Bafna,M Prasanth Rajesh,4,4,0,four,0,,,35/5
1149582,2,8,1,Maan K Bafna,R Rajkumar, Sriram Ajith Ram,1,1,0,run,0,,,36/5
1149582,2,8,2,R Rajkumar,Maan K Bafna, Sriram Ajith Ram,1,1,0,run,0,,,37/5
1149582,2,8,3,Maan K Bafna,R Rajkumar, Sriram Ajith Ram,0,0,0,no run,0,,,37/5
1149582,2,8,4,Maan K Bafna,R Rajkumar, Sriram Ajith Ram,1,1,0,run,0,,,38/5
1149582,2,8,5,R Rajkumar,Maan K Bafna, Sriram Ajith Ram,1,1,0,run,0,,,39/5
1149582,2,8,6,Maan K Bafna,R Rajkumar, Sriram Ajith Ram,1,1,0,run,0,,,40/5
1149582,2,9,1,Maan K Bafna,R Rajkumar,M Prasanth Rajesh,1,1,0,run,0,,,41/5
1149582,2,9,2,R Rajkumar,Maan K Bafna,M Prasanth Rajesh,0,0,0,no run,0,,,41/5
1149582,2,9,3,R Rajkumar,Maan K Bafna,M Prasanth Rajesh,0,0,0,no run,0,,,41/5
1149582,2,9,4,R Rajkumar,Maan K Bafna,M Prasanth Rajesh,0,0,0,no run,0,,,41/5
1149582,2,9,5,R Rajkumar,Maan K Bafna,M Prasanth Rajesh,0,0,0,no run,0,,,41/5
1149582,2,9,6,R Rajkumar,Maan K Bafna,M Prasanth Rajesh,1,1,0,run,0,,,42/5
1149582,2,10,1,R Rajkumar,Maan K Bafna,R Mithun,6,6,0,six,0,,,48/5
1149582,2,10,2,R Rajkumar,Maan K Bafna,R Mithun,1,1,0,run,0,,,49/5
1149582,2,10,3,Maan K Bafna,R Rajkumar,R Mithun,1,1,0,run,0,,,50/5
1149582,2,10,4,R Rajkumar,Maan K Bafna,R Mithun,0,0,0,no run,0,,,50/5
1149582,2,10,5,R Rajkumar,Maan K Bafna,R Mithun,0,0,0,no run,0,,,50/5
1149582,2,10,6,R Rajkumar,Maan K Bafna,R Mithun,0,0,0,out,1,caught,R Rajkumar,50/6
1149582,2,11,1,Maan K Bafna,0,Krishnamoorthy Vignesh,1,1,0,run,0,,,51/6
1149582,2,11,2,M Shajahan,Maan K Bafna,Krishnamoorthy Vignesh,0,0,0,no run,0,,,51/6
1149582,2,11,3,M Shajahan,Maan K Bafna,Krishnamoorthy Vignesh,1,1,0,run,0,,,52/6
1149582,2,11,4,Maan K Bafna,M Shajahan,Krishnamoorthy Vignesh,0,0,0,no run,0,,,52/6
1149582,2,11,5,Maan K Bafna,M Shajahan,Krishnamoorthy Vignesh,1,1,0,run,0,,,53/6
1149582,2,11,6,M Shajahan,Maan K Bafna,Krishnamoorthy Vignesh,0,0,0,no run,0,,,53/6
1149582,2,12,1,Maan K Bafna,M Shajahan,R Mithun,1,1,0,run,0,,,54/6
1149582,2,12,2,M Shajahan,Maan K Bafna,R Mithun,1,1,0,run,0,,,55/6
1149582,2,12,3,Maan K Bafna,M Shajahan,R Mithun,0,0,0,no run,0,,,55/6
1149582,2,12,4,Maan K Bafna,M Shajahan,R Mithun,0,0,0,no run,0,,,55/6
1149582,2,12,5,Maan K Bafna,M Shajahan,R Mithun,0,0,0,no run,0,,,55/6
1149582,2,12,6,Maan K Bafna,M Shajahan,R Mithun,0,0,0,no run,0,,,55/6
1149582,2,13,1,M Shajahan,Maan K Bafna,Thangarasu Natarajan,4,4,0,four,0,,,59/6
1149582,2,13,2,M Shajahan,Maan K Bafna,Thangarasu Natarajan,2,2,0,run,0,,,61/6
1149582,2,13,3,M Shajahan,Maan K Bafna,Thangarasu Natarajan,1,0,1,wide,0,,,62/6
1149582,2,13,4,M Shajahan,Maan K Bafna,Thangarasu Natarajan,0,0,0,no run,0,,,62/6
1149582,2,13,5,M Shajahan,Maan K Bafna,Thangarasu Natarajan,0,0,0,out,1,caught,M Shajahan,62/7
1149582,2,13,6,S Kishan Kumar,Maan K Bafna,Thangarasu Natarajan,1,1,0,run,0,,,63/7
1149582,2,13,7,Maan K Bafna,S Kishan Kumar,Thangarasu Natarajan,0,0,0,no run,0,,,63/7
1149582,2,14,1,S Kishan Kumar,Maan K Bafna,R Mithun,0,0,0,no run,0,,,63/7
1149582,2,14,2,S Kishan Kumar,Maan K Bafna,R Mithun,1,1,0,run,0,,,64/7
1149582,2,14,3,Maan K Bafna,S Kishan Kumar,R Mithun,1,1,0,run,0,,,65/7
1149582,2,14,4,S Kishan Kumar,Maan K Bafna,R Mithun,0,0,0,no run,0,,,65/7
1149582,2,14,5,S Kishan Kumar,Maan K Bafna,R Mithun,0,0,0,no run,0,,,65/7
1149582,2,14,6,S Kishan Kumar,Maan K Bafna,R Mithun,2,2,0,run,0,,,67/7
1149582,2,15,1,Maan K Bafna,S Kishan Kumar,Wenseslaus Antony Dhas,1,0,1,wide,0,,,68/7
1149582,2,15,2,Maan K Bafna,S Kishan Kumar,Wenseslaus Antony Dhas,1,1,0,run,0,,,69/7
1149582,2,15,3,S Kishan Kumar,Maan K Bafna,Wenseslaus Antony Dhas,1,1,0,run,0,,,70/7
1149582,2,15,4,Maan K Bafna,S Kishan Kumar,Wenseslaus Antony Dhas,0,0,0,no run,0,,,70/7
1149582,2,15,5,Maan K Bafna,S Kishan Kumar,Wenseslaus Antony Dhas,0,0,0,no run,0,,,70/7
1149582,2,15,6,Maan K Bafna,S Kishan Kumar,Wenseslaus Antony Dhas,1,1,0,run,0,,,71/7
1149582,2,15,7,S Kishan Kumar,Maan K Bafna,Wenseslaus Antony Dhas,0,0,0,no run,0,,,71/7
1149582,2,16,1,Maan K Bafna,S Kishan Kumar,R Mithun,4,4,0,four,0,,,75/7
1149582,2,16,2,Maan K Bafna,S Kishan Kumar,R Mithun,6,6,0,six,0,,,81/7
1149582,2,16,3,Maan K Bafna,S Kishan Kumar,R Mithun,1,1,0,run,0,,,82/7
1149582,2,16,4,S Kishan Kumar,Maan K Bafna,R Mithun,4,4,0,four,0,,,86/7
1149582,2,16,5,S Kishan Kumar,Maan K Bafna,R Mithun,1,1,0,run,0,,,87/7
1149582,2,16,6,Maan K Bafna,S Kishan Kumar,R Mithun,1,1,0,run,0,,,88/7
1149582,2,17,1,Maan K Bafna,S Kishan Kumar,Wenseslaus Antony Dhas,1,1,0,run,0,,,89/7
1149582,2,17,2,S Kishan Kumar,Maan K Bafna,Wenseslaus Antony Dhas,0,0,0,no run,0,,,89/7
1149582,2,17,3,S Kishan Kumar,Maan K Bafna,Wenseslaus Antony Dhas,0,0,0,no run,0,,,89/7
1149582,2,17,4,S Kishan Kumar,Maan K Bafna,Wenseslaus Antony Dhas,6,6,0,six,0,,,95/7
1149582,2,17,5,S Kishan Kumar,Maan K Bafna,Wenseslaus Antony Dhas,1,1,0,run,0,,,96/7
1149582,2,17,6,Maan K Bafna,S Kishan Kumar,Wenseslaus Antony Dhas,0,0,0,no run,0,,,96/7
1149582,2,18,1,S Kishan Kumar,Maan K Bafna,Thangarasu Natarajan,1,1,0,run,0,,,97/7
1149582,2,18,2,Maan K Bafna,S Kishan Kumar,Thangarasu Natarajan,6,6,0,six,0,,,103/7
1149582,2,18,3,Maan K Bafna,S Kishan Kumar,Thangarasu Natarajan,0,0,0,no run,0,,,103/7
1149582,2,18,4,Maan K Bafna,S Kishan Kumar,Thangarasu Natarajan,1,1,0,run,0,,,104/7
1149582,2,18,5,S Kishan Kumar,Maan K Bafna,Thangarasu Natarajan,1,1,0,run,0,,,105/7
1149582,2,18,6,Maan K Bafna,S Kishan Kumar,Thangarasu Natarajan,0,0,0,out,1,leg before wicket,Maan K Bafna,105/8
1149582,2,19,1,S Kishan Kumar,0,Wenseslaus Antony Dhas,0,0,0,no run,0,,,105/8
1149582,2,19,2,S Kishan Kumar,0,Wenseslaus Antony Dhas,1,1,0,run,0,,,106/8
1149582,2,19,3,S Mohan Prasath,S Kishan Kumar,Wenseslaus Antony Dhas,1,1,0,run,0,,,107/8
1149582,2,19,4,S Kishan Kumar,S Mohan Prasath,Wenseslaus Antony Dhas,4,4,0,four,0,,,111/8
1149582,2,19,5,S Kishan Kumar,S Mohan Prasath,Wenseslaus Antony Dhas,1,1,0,run,0,,,112/8
1149582,2,19,6,S Mohan Prasath,S Kishan Kumar,Wenseslaus Antony Dhas,0,0,0,no run,0,,,112/8
1149582,2,20,1,S Kishan Kumar,S Mohan Prasath,Thangarasu Natarajan,0,0,0,out,1,bowled,S Kishan Kumar,112/9
1149582,2,20,2,Velidi Lakshman,S Mohan Prasath,Thangarasu Natarajan,0,0,0,no run,0,,,112/9
1149582,2,20,3,Velidi Lakshman,S Mohan Prasath,Thangarasu Natarajan,1,1,0,run,0,,,113/9
1149582,2,20,4,S Mohan Prasath,Velidi Lakshman,Thangarasu Natarajan,0,0,0,out,1,caught,S Mohan Prasath,113/10
1149583,1,1,1,Masood Shahrukh Khan,0,Abhishek Baljeetsingh Tanwar,0,0,0,no run,0,,,0/0
1149583,1,1,2,Masood Shahrukh Khan,0,Abhishek Baljeetsingh Tanwar,0,0,0,no run,0,,,0/0
1149583,1,1,3,Masood Shahrukh Khan,0,Abhishek Baljeetsingh Tanwar,4,4,0,four,0,,,4/0
1149583,1,1,4,Masood Shahrukh Khan,Abhinav Mukund,Abhishek Baljeetsingh Tanwar,0,0,0,out,1,caught,Masood Shahrukh Khan,4/1
1149583,1,1,5,Ravi Kumar Rohith,Abhinav Mukund,Abhishek Baljeetsingh Tanwar,0,0,0,no run,0,,,4/1
1149583,1,1,6,Ravi Kumar Rohith,Abhinav Mukund,Abhishek Baljeetsingh Tanwar,0,0,0,no run,0,,,4/1
1149583,1,2,1,Abhinav Mukund,Ravi Kumar Rohith,TD Lokesh Raj,0,0,0,no run,0,,,4/1
1149583,1,2,2,Abhinav Mukund,Ravi Kumar Rohith,TD Lokesh Raj,0,0,0,no run,0,,,4/1
1149583,1,2,3,Abhinav Mukund,Ravi Kumar Rohith,TD Lokesh Raj,0,0,0,no run,0,,,4/1
1149583,1,2,4,Abhinav Mukund,Ravi Kumar Rohith,TD Lokesh Raj,1,1,0,run,0,,,5/1
1149583,1,2,5,Ravi Kumar Rohith,Abhinav Mukund,TD Lokesh Raj,1,0,1,wide,0,,,6/1
1149583,1,2,6,Ravi Kumar Rohith,Abhinav Mukund,TD Lokesh Raj,1,1,0,run,0,,,7/1
1149583,1,2,7,Abhinav Mukund,Ravi Kumar Rohith,TD Lokesh Raj,0,0,0,no run,0,,,7/1
1149583,1,3,1,Ravi Kumar Rohith,Abhinav Mukund,Abhishek Baljeetsingh Tanwar,0,0,0,no run,0,,,7/1
1149583,1,3,2,Ravi Kumar Rohith,Abhinav Mukund,Abhishek Baljeetsingh Tanwar,4,4,0,four,0,,,11/1
1149583,1,3,3,Ravi Kumar Rohith,Abhinav Mukund,Abhishek Baljeetsingh Tanwar,0,0,0,out,1,caught,Ravi Kumar Rohith,11/2
1149583,1,3,4,Abhinav Mukund,0,Abhishek Baljeetsingh Tanwar,4,4,0,four,0,,,15/2
1149583,1,3,5,Abhinav Mukund,0,Abhishek Baljeetsingh Tanwar,0,0,0,no run,0,,,15/2
1149583,1,3,6,Abhinav Mukund,Ashwin Venkataraman,Abhishek Baljeetsingh Tanwar,2,2,0,run,0,,,17/2
1149583,1,4,1,Ashwin Venkataraman,Abhinav Mukund,TD Lokesh Raj,1,0,1,wide,0,,,18/2
1149583,1,4,2,Ashwin Venkataraman,Abhinav Mukund,TD Lokesh Raj,0,0,0,no run,0,,,18/2
1149583,1,4,3,Ashwin Venkataraman,Abhinav Mukund,TD Lokesh Raj,0,0,0,no run,0,,,18/2
1149583,1,4,4,Ashwin Venkataraman,Abhinav Mukund,TD Lokesh Raj,1,0,1,wide,0,,,19/2
1149583,1,4,5,Ashwin Venkataraman,Abhinav Mukund,TD Lokesh Raj,0,0,0,no run,0,,,19/2
1149583,1,4,6,Ashwin Venkataraman,Abhinav Mukund,TD Lokesh Raj,0,0,0,no run,0,,,19/2
1149583,1,4,7,Ashwin Venkataraman,Abhinav Mukund,TD Lokesh Raj,0,0,0,no run,0,,,19/2
1149583,1,4,8,Ashwin Venkataraman,Abhinav Mukund,TD Lokesh Raj,4,4,0,four,0,,,23/2
1149583,1,5,1,Abhinav Mukund,Ashwin Venkataraman,Abhishek Baljeetsingh Tanwar,0,0,0,no run,0,,,23/2
1149583,1,5,2,Abhinav Mukund,Ashwin Venkataraman,Abhishek Baljeetsingh Tanwar,0,0,0,no run,0,,,23/2
1149583,1,5,3,Abhinav Mukund,Ashwin Venkataraman,Abhishek Baljeetsingh Tanwar,4,4,0,four,0,,,27/2
1149583,1,5,4,Abhinav Mukund,Ashwin Venkataraman,Abhishek Baljeetsingh Tanwar,0,0,0,no run,0,,,27/2
1149583,1,5,5,Abhinav Mukund,Ashwin Venkataraman,Abhishek Baljeetsingh Tanwar,0,0,0,no run,0,,,27/2
1149583,1,5,6,Abhinav Mukund,Ashwin Venkataraman,Abhishek Baljeetsingh Tanwar,1,1,0,run,0,,,28/2
1149583,1,6,1,Abhinav Mukund,Ashwin Venkataraman,Varun Chakravarthy Vinod,0,0,0,no run,0,,,28/2
1149583,1,6,2,Abhinav Mukund,Ashwin Venkataraman,Varun Chakravarthy Vinod,1,1,0,run,0,,,29/2
1149583,1,6,3,Ashwin Venkataraman,Abhinav Mukund,Varun Chakravarthy Vinod,0,0,0,no run,0,,,29/2
1149583,1,6,4,Ashwin Venkataraman,Abhinav Mukund,Varun Chakravarthy Vinod,0,0,0,no run,0,,,29/2
1149583,1,6,5,Ashwin Venkataraman,Abhinav Mukund,Varun Chakravarthy Vinod,0,0,0,no run,0,,,29/2
1149583,1,6,6,Ashwin Venkataraman,Abhinav Mukund,Varun Chakravarthy Vinod,0,0,0,no run,0,,,29/2
1149583,1,7,1,Abhinav Mukund,Ashwin Venkataraman,Rahil S Shah,1,1,0,run,0,,,30/2
1149583,1,7,2,Ashwin Venkataraman,Abhinav Mukund,Rahil S Shah,1,1,0,run,0,,,31/2
1149583,1,7,3,Abhinav Mukund,Ashwin Venkataraman,Rahil S Shah,1,1,0,run,0,,,32/2
1149583,1,7,4,Ashwin Venkataraman,Abhinav Mukund,Rahil S Shah,0,0,0,no run,0,,,32/2
1149583,1,7,5,Ashwin Venkataraman,Abhinav Mukund,Rahil S Shah,1,1,0,run,0,,,33/2
1149583,1,7,6,Abhinav Mukund,Ashwin Venkataraman,Rahil S Shah,0,0,0,no run,0,,,33/2
1149583,1,8,1,Ashwin Venkataraman,Abhinav Mukund,Ravi Karthikeyan,0,0,0,no run,0,,,33/2
1149583,1,8,2,Ashwin Venkataraman,Abhinav Mukund,Ravi Karthikeyan,1,1,0,run,0,,,34/2
1149583,1,8,3,Abhinav Mukund,Ashwin Venkataraman,Ravi Karthikeyan,1,1,0,run,0,,,35/2
1149583,1,8,4,Ashwin Venkataraman,Abhinav Mukund,Ravi Karthikeyan,1,1,0,run,0,,,36/2
1149583,1,8,5,Abhinav Mukund,Ashwin Venkataraman,Ravi Karthikeyan,0,0,0,no run,0,,,36/2
1149583,1,8,6,Abhinav Mukund,Ashwin Venkataraman,Ravi Karthikeyan,4,4,0,four,0,,,40/2
1149583,1,9,1,Ashwin Venkataraman,Abhinav Mukund,Rahil S Shah,1,1,0,run,0,,,41/2
1149583,1,9,2,Abhinav Mukund,Ashwin Venkataraman,Rahil S Shah,1,1,0,run,0,,,42/2
1149583,1,9,3,Ashwin Venkataraman,Abhinav Mukund,Rahil S Shah,1,1,0,run,0,,,43/2
1149583,1,9,4,Abhinav Mukund,Ashwin Venkataraman,Rahil S Shah,1,0,1,bye,0,,,44/2
1149583,1,9,5,Ashwin Venkataraman,Abhinav Mukund,Rahil S Shah,0,0,0,no run,0,,,44/2
1149583,1,9,6,Ashwin Venkataraman,Abhinav Mukund,Rahil S Shah,0,0,0,no run,0,,,44/2
1149583,1,10,1,Abhinav Mukund,Ashwin Venkataraman,Ravi Karthikeyan,1,1,0,run,0,,,45/2
1149583,1,10,2,Ashwin Venkataraman,Abhinav Mukund,Ravi Karthikeyan,0,0,0,no run,0,,,45/2
1149583,1,10,3,Ashwin Venkataraman,Abhinav Mukund,Ravi Karthikeyan,1,1,0,run,0,,,46/2
1149583,1,10,4,Abhinav Mukund,Ashwin Venkataraman,Ravi Karthikeyan,3,3,0,run,0,,,49/2
1149583,1,10,5,Ashwin Venkataraman,Abhinav Mukund,Ravi Karthikeyan,1,1,0,run,0,,,50/2
1149583,1,10,6,Abhinav Mukund,Ashwin Venkataraman,Ravi Karthikeyan,1,1,0,run,0,,,51/2
1149583,1,11,1,Abhinav Mukund,Ashwin Venkataraman,Rahil S Shah,1,1,0,run,0,,,52/2
1149583,1,11,2,Ashwin Venkataraman,Abhinav Mukund,Rahil S Shah,4,4,0,four,0,,,56/2
1149583,1,11,3,Ashwin Venkataraman,Abhinav Mukund,Rahil S Shah,1,1,0,run,0,,,57/2
1149583,1,11,4,Abhinav Mukund,Ashwin Venkataraman,Rahil S Shah,1,1,0,run,0,,,58/2
1149583,1,11,5,Ashwin Venkataraman,Abhinav Mukund,Rahil S Shah,0,0,0,no run,0,,,58/2
1149583,1,11,6,Ashwin Venkataraman,Abhinav Mukund,Rahil S Shah,1,1,0,run,0,,,59/2
1149583,1,12,1,Ashwin Venkataraman,Abhinav Mukund,Jagatheesan Kousik,1,1,0,run,0,,,60/2
1149583,1,12,2,Abhinav Mukund,Ashwin Venkataraman,Jagatheesan Kousik,0,0,0,out,1,caught,Abhinav Mukund,60/3
1149583,1,12,3,Wenseslaus Antony Dhas,Ashwin Venkataraman,Jagatheesan Kousik,0,0,0,no run,0,,,60/3
1149583,1,12,4,Wenseslaus Antony Dhas,Ashwin Venkataraman,Jagatheesan Kousik,0,0,0,no run,0,,,60/3
1149583,1,12,5,Wenseslaus Antony Dhas,Ashwin Venkataraman,Jagatheesan Kousik,0,0,0,out,1,run out,Wenseslaus Antony Dhas,60/4
1149583,1,12,6,M Prasanth Rajesh,Ashwin Venkataraman,Jagatheesan Kousik,1,1,0,run,0,,,61/4
1149583,1,13,1,M Prasanth Rajesh,Ashwin Venkataraman,Rahil S Shah,0,0,0,no run,0,,,61/4
1149583,1,13,2,M Prasanth Rajesh,Ashwin Venkataraman,Rahil S Shah,1,1,0,run,0,,,62/4
1149583,1,13,3,Ashwin Venkataraman,M Prasanth Rajesh,Rahil S Shah,2,2,0,run,0,,,64/4
1149583,1,13,4,Ashwin Venkataraman,M Prasanth Rajesh,Rahil S Shah,1,1,0,run,0,,,65/4
1149583,1,13,5,M Prasanth Rajesh,Ashwin Venkataraman,Rahil S Shah,1,1,0,run,0,,,66/4
1149583,1,13,6,Ashwin Venkataraman,M Prasanth Rajesh,Rahil S Shah,0,0,0,no run,0,,,66/4
1149583,1,14,1,M Prasanth Rajesh,Ashwin Venkataraman,Jagatheesan Kousik,1,1,0,run,0,,,67/4
1149583,1,14,2,Ashwin Venkataraman,M Prasanth Rajesh,Jagatheesan Kousik,1,1,0,run,0,,,68/4
1149583,1,14,3,M Prasanth Rajesh,Ashwin Venkataraman,Jagatheesan Kousik,1,1,0,run,0,,,69/4
1149583,1,14,4,Ashwin Venkataraman,M Prasanth Rajesh,Jagatheesan Kousik,1,1,0,run,0,,,70/4
1149583,1,14,5,M Prasanth Rajesh,Ashwin Venkataraman,Jagatheesan Kousik,1,1,0,run,0,,,71/4
1149583,1,14,6,Ashwin Venkataraman,M Prasanth Rajesh,Jagatheesan Kousik,4,4,0,four,0,,,75/4
1149583,1,15,1,M Prasanth Rajesh,Ashwin Venkataraman,Varun Chakravarthy Vinod,0,0,0,no run,0,,,75/4
1149583,1,15,2,M Prasanth Rajesh,Ashwin Venkataraman,Varun Chakravarthy Vinod,1,1,0,run,0,,,76/4
1149583,1,15,3,Ashwin Venkataraman,M Prasanth Rajesh,Varun Chakravarthy Vinod,1,1,0,run,0,,,77/4
1149583,1,15,4,M Prasanth Rajesh,Ashwin Venkataraman,Varun Chakravarthy Vinod,0,0,0,no run,0,,,77/4
1149583,1,15,5,M Prasanth Rajesh,Ashwin Venkataraman,Varun Chakravarthy Vinod,0,0,0,no run,0,,,77/4
1149583,1,15,6,M Prasanth Rajesh,Ashwin Venkataraman,Varun Chakravarthy Vinod,0,0,0,no run,0,,,77/4
1149583,1,16,1,Ashwin Venkataraman,M Prasanth Rajesh,Jagatheesan Kousik,1,1,0,run,0,,,78/4
1149583,1,16,2,M Prasanth Rajesh,Ashwin Venkataraman,Jagatheesan Kousik,0,0,0,no run,0,,,78/4
1149583,1,16,3,M Prasanth Rajesh,Ashwin Venkataraman,Jagatheesan Kousik,3,3,0,run,0,,,81/4
1149583,1,16,4,Ashwin Venkataraman,M Prasanth Rajesh,Jagatheesan Kousik,0,0,0,no run,0,,,81/4
1149583,1,16,5,Ashwin Venkataraman,M Prasanth Rajesh,Jagatheesan Kousik,2,2,0,run,0,,,83/4
1149583,1,16,6,Ashwin Venkataraman,M Prasanth Rajesh,Jagatheesan Kousik,0,0,0,no run,0,,,83/4
1149583,1,17,1,M Prasanth Rajesh,Ashwin Venkataraman,Varun Chakravarthy Vinod,1,1,0,run,0,,,84/4
1149583,1,17,2,Ashwin Venkataraman,M Prasanth Rajesh,Varun Chakravarthy Vinod,0,0,0,no run,0,,,84/4
1149583,1,17,3,Ashwin Venkataraman,M Prasanth Rajesh,Varun Chakravarthy Vinod,4,4,0,four,0,,,88/4
1149583,1,17,4,Ashwin Venkataraman,M Prasanth Rajesh,Varun Chakravarthy Vinod,0,0,0,no run,0,,,88/4
1149583,1,17,5,Ashwin Venkataraman,M Prasanth Rajesh,Varun Chakravarthy Vinod,1,1,0,run,0,,,89/4
1149583,1,17,6,M Prasanth Rajesh,Ashwin Venkataraman,Varun Chakravarthy Vinod,1,1,0,run,0,,,90/4
1149583,1,18,1,M Prasanth Rajesh,Ashwin Venkataraman,Jagatheesan Kousik,6,6,0,six,0,,,96/4
1149583,1,18,2,M Prasanth Rajesh,Ashwin Venkataraman,Jagatheesan Kousik,4,4,0,four,0,,,100/4
1149583,1,18,3,M Prasanth Rajesh,Ashwin Venkataraman,Jagatheesan Kousik,4,4,0,four,0,,,104/4
1149583,1,18,4,M Prasanth Rajesh,Ashwin Venkataraman,Jagatheesan Kousik,1,1,0,run,0,,,105/4
1149583,1,18,5,Ashwin Venkataraman,M Prasanth Rajesh,Jagatheesan Kousik,6,6,0,six,0,,,111/4
1149583,1,18,6,Ashwin Venkataraman,M Prasanth Rajesh,Jagatheesan Kousik,1,1,0,run,0,,,112/4
1149583,1,19,1,Ashwin Venkataraman,M Prasanth Rajesh,Varun Chakravarthy Vinod,0,0,0,no run,0,,,112/4
1149583,1,19,2,Ashwin Venkataraman,M Prasanth Rajesh,Varun Chakravarthy Vinod,1,0,1,leg bye,0,,,113/4
1149583,1,19,3,M Prasanth Rajesh,Ashwin Venkataraman,Varun Chakravarthy Vinod,1,1,0,run,0,,,114/4
1149583,1,19,4,Ashwin Venkataraman,M Prasanth Rajesh,Varun Chakravarthy Vinod,1,1,0,run,0,,,115/4
1149583,1,19,5,M Prasanth Rajesh,Ashwin Venkataraman,Varun Chakravarthy Vinod,1,1,0,run,0,,,116/4
1149583,1,19,6,Ashwin Venkataraman,M Prasanth Rajesh,Varun Chakravarthy Vinod,0,0,0,no run,0,,,116/4
1149583,1,20,1,M Prasanth Rajesh,Ashwin Venkataraman,Abhishek Baljeetsingh Tanwar,0,0,0,no run,0,,,116/4
1149583,1,20,2,M Prasanth Rajesh,Ashwin Venkataraman,Abhishek Baljeetsingh Tanwar,1,0,1,wide,0,,,117/4
1149583,1,20,3,M Prasanth Rajesh,Ashwin Venkataraman,Abhishek Baljeetsingh Tanwar,0,0,0,out,1,run out,M Prasanth Rajesh,117/5
1149583,1,20,4,Ashwin Venkataraman,R Mithun,Abhishek Baljeetsingh Tanwar,0,0,0,out,1,leg before wicket,Ashwin Venkataraman,117/6
1149583,1,20,5, Sriram Ajith Ram,R Mithun,Abhishek Baljeetsingh Tanwar,6,6,0,six,0,,,123/6
1149583,1,20,6, Sriram Ajith Ram,R Mithun,Abhishek Baljeetsingh Tanwar,1,1,0,run,0,,,124/6
1149583,1,20,7,R Mithun, Sriram Ajith Ram,Abhishek Baljeetsingh Tanwar,1,1,0,run,0,run out, Sriram Ajith Ram,125/6
1149583,2,1,1,Konda Bhaskir Arun Karthik,0,Krishnamoorthy Vignesh,1,1,0,run,0,,,1/0
1149583,2,1,2,Tushar Raheja,Konda Bhaskir Arun Karthik,Krishnamoorthy Vignesh,1,1,0,run,0,,,2/0
1149583,2,1,3,Konda Bhaskir Arun Karthik,Tushar Raheja,Krishnamoorthy Vignesh,4,4,0,four,0,,,6/0
1149583,2,1,4,Konda Bhaskir Arun Karthik,Tushar Raheja,Krishnamoorthy Vignesh,0,0,0,no run,0,,,6/0
1149583,2,1,5,Konda Bhaskir Arun Karthik,Tushar Raheja,Krishnamoorthy Vignesh,0,0,0,no run,0,,,6/0
1149583,2,1,6,Konda Bhaskir Arun Karthik,Tushar Raheja,Krishnamoorthy Vignesh,1,1,0,run,0,,,7/0
1149583,2,2,1,Konda Bhaskir Arun Karthik,Tushar Raheja, Sriram Ajith Ram,1,1,0,run,0,,,8/0
1149583,2,2,2,Tushar Raheja,Konda Bhaskir Arun Karthik, Sriram Ajith Ram,1,1,0,run,0,,,9/0
1149583,2,2,3,Konda Bhaskir Arun Karthik,Tushar Raheja, Sriram Ajith Ram,1,1,0,run,0,,,10/0
1149583,2,2,4,Tushar Raheja,Konda Bhaskir Arun Karthik, Sriram Ajith Ram,0,0,0,no run,0,,,10/0
1149583,2,2,5,Tushar Raheja,Konda Bhaskir Arun Karthik, Sriram Ajith Ram,2,2,0,run,0,,,12/0
1149583,2,2,6,Tushar Raheja,Konda Bhaskir Arun Karthik, Sriram Ajith Ram,4,4,0,four,0,,,16/0
1149583,2,3,1,Konda Bhaskir Arun Karthik,Tushar Raheja,Krishnamoorthy Vignesh,0,0,0,no run,0,,,16/0
1149583,2,3,2,Konda Bhaskir Arun Karthik,Tushar Raheja,Krishnamoorthy Vignesh,0,0,0,no run,0,,,16/0
1149583,2,3,3,Konda Bhaskir Arun Karthik,Tushar Raheja,Krishnamoorthy Vignesh,0,0,0,no run,0,,,16/0
1149583,2,3,4,Konda Bhaskir Arun Karthik,Tushar Raheja,Krishnamoorthy Vignesh,0,0,0,no run,0,,,16/0
1149583,2,3,5,Konda Bhaskir Arun Karthik,Tushar Raheja,Krishnamoorthy Vignesh,6,6,0,six,0,,,22/0
1149583,2,3,6,Konda Bhaskir Arun Karthik,Tushar Raheja,Krishnamoorthy Vignesh,0,0,0,no run,0,,,22/0
1149583,2,4,1,Tushar Raheja,Konda Bhaskir Arun Karthik,R Mithun,0,0,0,no run,0,,,22/0
1149583,2,4,2,Tushar Raheja,Konda Bhaskir Arun Karthik,R Mithun,0,0,0,no run,0,,,22/0
1149583,2,4,3,Tushar Raheja,Konda Bhaskir Arun Karthik,R Mithun,0,0,0,out,1,caught,Tushar Raheja,22/1
1149583,2,4,4,Konda Bhaskir Arun Karthik,0,R Mithun,4,4,0,four,0,,,26/1
1149583,2,4,5,Konda Bhaskir Arun Karthik,0,R Mithun,1,1,0,run,0,,,27/1
1149583,2,4,6,Xavier Thalaivan Sargunam,Konda Bhaskir Arun Karthik,R Mithun,4,4,0,four,0,,,31/1
1149583,2,5,1,Konda Bhaskir Arun Karthik,Xavier Thalaivan Sargunam,Krishnamoorthy Vignesh,4,4,0,four,0,,,35/1
1149583,2,5,2,Konda Bhaskir Arun Karthik,Xavier Thalaivan Sargunam,Krishnamoorthy Vignesh,0,0,0,no run,0,,,35/1
1149583,2,5,3,Konda Bhaskir Arun Karthik,Xavier Thalaivan Sargunam,Krishnamoorthy Vignesh,0,0,0,no run,0,,,35/1
1149583,2,5,4,Konda Bhaskir Arun Karthik,Xavier Thalaivan Sargunam,Krishnamoorthy Vignesh,0,0,0,no run,0,,,35/1
1149583,2,5,5,Konda Bhaskir Arun Karthik,Xavier Thalaivan Sargunam,Krishnamoorthy Vignesh,1,1,0,run,0,,,36/1
1149583,2,5,6,Xavier Thalaivan Sargunam,Konda Bhaskir Arun Karthik,Krishnamoorthy Vignesh,0,0,0,no run,0,,,36/1
1149583,2,6,1,Konda Bhaskir Arun Karthik,Xavier Thalaivan Sargunam,Thangarasu Natarajan,1,1,0,run,0,,,37/1
1149583,2,6,2,Xavier Thalaivan Sargunam,Konda Bhaskir Arun Karthik,Thangarasu Natarajan,1,1,0,run,0,,,38/1
1149583,2,6,3,Konda Bhaskir Arun Karthik,Xavier Thalaivan Sargunam,Thangarasu Natarajan,1,1,0,run,0,,,39/1
1149583,2,6,4,Xavier Thalaivan Sargunam,Konda Bhaskir Arun Karthik,Thangarasu Natarajan,1,0,1,wide,0,,,40/1
1149583,2,6,5,Xavier Thalaivan Sargunam,Konda Bhaskir Arun Karthik,Thangarasu Natarajan,0,0,0,no run,0,,,40/1
1149583,2,6,6,Xavier Thalaivan Sargunam,Konda Bhaskir Arun Karthik,Thangarasu Natarajan,0,0,0,out,1,caught,Xavier Thalaivan Sargunam,40/2
1149583,2,6,7,0,Konda Bhaskir Arun Karthik,Thangarasu Natarajan,0,0,0,no run,0,,,40/2
1149583,2,7,1,Konda Bhaskir Arun Karthik,0,M Prasanth Rajesh,1,1,0,run,0,,,41/2
1149583,2,7,2,0,Konda Bhaskir Arun Karthik,M Prasanth Rajesh,0,0,0,no run,0,,,41/2
1149583,2,7,3,0,Konda Bhaskir Arun Karthik,M Prasanth Rajesh,0,0,0,no run,0,,,41/2
1149583,2,7,4,0,Konda Bhaskir Arun Karthik,M Prasanth Rajesh,1,1,0,run,0,,,42/2
1149583,2,7,5,Konda Bhaskir Arun Karthik,0,M Prasanth Rajesh,0,0,0,no run,0,,,42/2
1149583,2,7,6,Konda Bhaskir Arun Karthik,0,M Prasanth Rajesh,6,6,0,six,0,,,48/2
1149583,2,8,1,0,Konda Bhaskir Arun Karthik, Sriram Ajith Ram,1,1,0,run,0,,,49/2
1149583,2,8,2,Konda Bhaskir Arun Karthik,0, Sriram Ajith Ram,1,1,0,run,0,,,50/2
1149583,2,8,3,0,Konda Bhaskir Arun Karthik, Sriram Ajith Ram,1,1,0,run,0,,,51/2
1149583,2,8,4,Konda Bhaskir Arun Karthik,0, Sriram Ajith Ram,1,1,0,run,0,,,52/2
1149583,2,8,5,0,Konda Bhaskir Arun Karthik, Sriram Ajith Ram,1,1,0,run,0,,,53/2
1149583,2,8,6,Konda Bhaskir Arun Karthik,0, Sriram Ajith Ram,0,0,0,no run,0,,,53/2
1149583,2,9,1,0,Konda Bhaskir Arun Karthik,S Manigandan,1,1,0,run,0,,,54/2
1149583,2,9,2,Konda Bhaskir Arun Karthik,0,S Manigandan,1,1,0,run,0,,,55/2
1149583,2,9,3,0,Konda Bhaskir Arun Karthik,S Manigandan,0,0,0,no run,0,,,55/2
1149583,2,9,4,0,Konda Bhaskir Arun Karthik,S Manigandan,0,0,0,no run,0,,,55/2
1149583,2,9,5,0,Konda Bhaskir Arun Karthik,S Manigandan,1,1,0,run,0,,,56/2
1149583,2,9,6,Konda Bhaskir Arun Karthik,0,S Manigandan,1,1,0,run,0,,,57/2
1149583,2,10,1,Konda Bhaskir Arun Karthik,0, Sriram Ajith Ram,0,0,0,no run,0,,,57/2
1149583,2,10,2,Konda Bhaskir Arun Karthik,0, Sriram Ajith Ram,1,1,0,run,0,,,58/2
1149583,2,10,3,0,Konda Bhaskir Arun Karthik, Sriram Ajith Ram,4,4,0,four,0,,,62/2
1149583,2,10,4,0,Konda Bhaskir Arun Karthik, Sriram Ajith Ram,0,0,0,no run,0,,,62/2
1149583,2,10,5,0,Konda Bhaskir Arun Karthik, Sriram Ajith Ram,0,0,0,no run,0,,,62/2
1149583,2,10,6,0,Konda Bhaskir Arun Karthik, Sriram Ajith Ram,1,1,0,run,0,,,63/2
1149583,2,11,1,0,Konda Bhaskir Arun Karthik,S Manigandan,0,0,0,no run,0,,,63/2
1149583,2,11,2,0,Konda Bhaskir Arun Karthik,S Manigandan,1,0,1,wide,0,,,64/2
1149583,2,11,3,0,Konda Bhaskir Arun Karthik,S Manigandan,1,1,0,run,0,,,65/2
1149583,2,11,4,Konda Bhaskir Arun Karthik,0,S Manigandan,1,1,0,run,0,,,66/2
1149583,2,11,5,0,Konda Bhaskir Arun Karthik,S Manigandan,1,1,0,run,0,,,67/2
1149583,2,11,6,Konda Bhaskir Arun Karthik,0,S Manigandan,1,1,0,run,0,,,68/2
1149583,2,11,7,0,Konda Bhaskir Arun Karthik,S Manigandan,1,1,0,run,0,,,69/2
1149583,2,12,1,0,Konda Bhaskir Arun Karthik,M Prasanth Rajesh,0,0,0,no run,0,,,69/2
1149583,2,12,2,0,Konda Bhaskir Arun Karthik,M Prasanth Rajesh,1,1,0,run,0,,,70/2
1149583,2,12,3,Konda Bhaskir Arun Karthik,0,M Prasanth Rajesh,0,0,0,no run,0,,,70/2
1149583,2,12,4,Konda Bhaskir Arun Karthik,0,M Prasanth Rajesh,1,1,0,run,0,,,71/2
1149583,2,12,5,0,Konda Bhaskir Arun Karthik,M Prasanth Rajesh,1,1,0,run,0,,,72/2
1149583,2,12,6,Konda Bhaskir Arun Karthik,0,M Prasanth Rajesh,0,0,0,no run,0,,,72/2
1149583,2,13,1,0,Konda Bhaskir Arun Karthik,S Manigandan,0,0,0,no run,0,,,72/2
1149583,2,13,2,0,Konda Bhaskir Arun Karthik,S Manigandan,1,1,0,run,0,,,73/2
1149583,2,13,3,Konda Bhaskir Arun Karthik,0,S Manigandan,1,1,0,run,0,,,74/2
1149583,2,13,4,0,Konda Bhaskir Arun Karthik,S Manigandan,1,1,0,run,0,,,75/2
1149583,2,13,5,Konda Bhaskir Arun Karthik,0,S Manigandan,6,6,0,six,0,,,81/2
1149583,2,13,6,Konda Bhaskir Arun Karthik,0,S Manigandan,0,0,0,no run,0,,,81/2
1149583,2,14,1,0,Konda Bhaskir Arun Karthik,Thangarasu Natarajan,1,1,0,run,0,,,82/2
1149583,2,14,2,Konda Bhaskir Arun Karthik,0,Thangarasu Natarajan,0,0,0,no run,0,,,82/2
1149583,2,14,3,Konda Bhaskir Arun Karthik,0,Thangarasu Natarajan,4,4,0,four,0,,,86/2
1149583,2,14,4,Konda Bhaskir Arun Karthik,0,Thangarasu Natarajan,1,1,0,run,0,,,87/2
1149583,2,14,5,0,Konda Bhaskir Arun Karthik,Thangarasu Natarajan,0,0,0,no run,0,,,87/2
1149583,2,14,6,0,Konda Bhaskir Arun Karthik,Thangarasu Natarajan,4,4,0,four,0,,,91/2
1149583,2,15,1,Konda Bhaskir Arun Karthik,0,Krishnamoorthy Vignesh,4,4,0,four,0,,,95/2
1149583,2,15,2,Konda Bhaskir Arun Karthik,0,Krishnamoorthy Vignesh,1,1,0,run,0,,,96/2
1149583,2,15,3,0,Konda Bhaskir Arun Karthik,Krishnamoorthy Vignesh,0,0,0,no run,0,,,96/2
1149583,2,15,4,0,Konda Bhaskir Arun Karthik,Krishnamoorthy Vignesh,2,2,0,run,0,,,98/2
1149583,2,15,5,0,Konda Bhaskir Arun Karthik,Krishnamoorthy Vignesh,0,0,0,no run,0,,,98/2
1149583,2,15,6,0,Konda Bhaskir Arun Karthik,Krishnamoorthy Vignesh,1,1,0,run,0,,,99/2
1149583,2,16,1,0,Konda Bhaskir Arun Karthik,M Prasanth Rajesh,1,1,0,run,0,,,100/2
1149583,2,16,2,Konda Bhaskir Arun Karthik,0,M Prasanth Rajesh,0,0,0,no run,0,,,100/2
1149583,2,16,3,Konda Bhaskir Arun Karthik,0,M Prasanth Rajesh,1,1,0,run,0,,,101/2
1149583,2,16,4,0,Konda Bhaskir Arun Karthik,M Prasanth Rajesh,1,1,0,run,0,,,102/2
1149583,2,16,5,Konda Bhaskir Arun Karthik,0,M Prasanth Rajesh,4,4,0,four,0,,,106/2
1149583,2,16,6,Konda Bhaskir Arun Karthik,0,M Prasanth Rajesh,6,6,0,six,0,,,112/2
1149583,2,17,1,0,Konda Bhaskir Arun Karthik,S Manigandan,1,1,0,run,0,,,113/2
1149583,2,17,2,Konda Bhaskir Arun Karthik,0,S Manigandan,1,1,0,run,0,,,114/2
1149583,2,17,3,0,Konda Bhaskir Arun Karthik,S Manigandan,1,1,0,run,0,,,115/2
1149583,2,17,4,Konda Bhaskir Arun Karthik,0,S Manigandan,1,1,0,run,0,,,116/2
1149583,2,17,5,0,Konda Bhaskir Arun Karthik,S Manigandan,0,0,0,out,1,,,116/3
1149583,2,17,6,Konda Bhaskir Arun Karthik,Poovathinga Shijit Chandran,S Manigandan,0,0,0,no run,0,,,116/3
1149583,2,18,1,Poovathinga Shijit Chandran,Konda Bhaskir Arun Karthik,Thangarasu Natarajan,0,0,0,no run,0,,,116/3
1149583,2,18,2,Poovathinga Shijit Chandran,Konda Bhaskir Arun Karthik,Thangarasu Natarajan,1,1,0,run,0,,,117/3
1149583,2,18,3,Konda Bhaskir Arun Karthik,Poovathinga Shijit Chandran,Thangarasu Natarajan,4,4,0,four,0,,,121/3
1149583,2,18,4,Konda Bhaskir Arun Karthik,Poovathinga Shijit Chandran,Thangarasu Natarajan,0,0,0,no run,0,,,121/3
1149583,2,18,5,Konda Bhaskir Arun Karthik,Poovathinga Shijit Chandran,Thangarasu Natarajan,4,4,0,four,0,,,125/3
1149583,2,18,6,Konda Bhaskir Arun Karthik,Poovathinga Shijit Chandran,Thangarasu Natarajan,0,0,0,no run,0,,,125/3
1149583,2,19,1,Poovathinga Shijit Chandran,Konda Bhaskir Arun Karthik,R Mithun,0,0,0,no run,0,,,125/3
1149583,2,19,2,Poovathinga Shijit Chandran,Konda Bhaskir Arun Karthik,R Mithun,6,6,0,six,0,,,131/3
1149584,1,1,1,Chezhian Nishaanth,0,Abhishek Baljeetsingh Tanwar,1,1,0,run,0,,,1/0
1149584,1,1,2,Narayan Jagadeesan,Chezhian Nishaanth,Abhishek Baljeetsingh Tanwar,2,2,0,run,0,,,3/0
1149584,1,1,3,Narayan Jagadeesan,Chezhian Nishaanth,Abhishek Baljeetsingh Tanwar,0,0,0,no run,0,,,3/0
1149584,1,1,4,Narayan Jagadeesan,Chezhian Nishaanth,Abhishek Baljeetsingh Tanwar,1,1,0,run,0,,,4/0
1149584,1,1,5,Chezhian Nishaanth,Narayan Jagadeesan,Abhishek Baljeetsingh Tanwar,0,0,0,out,1,bowled,Chezhian Nishaanth,4/1
1149584,1,1,6,Balchander Anirudh,Narayan Jagadeesan,Abhishek Baljeetsingh Tanwar,4,4,0,four,0,,,8/1
1149584,1,2,1,Narayan Jagadeesan,Balchander Anirudh,TD Lokesh Raj,1,1,0,run,0,,,9/1
1149584,1,2,2,Balchander Anirudh,Narayan Jagadeesan,TD Lokesh Raj,0,0,0,out,1,caught,Balchander Anirudh,9/2
1149584,1,2,3,N Sarangarajan Chaturved,Narayan Jagadeesan,TD Lokesh Raj,4,4,0,four,0,,,13/2
1149584,1,2,4,N Sarangarajan Chaturved,Narayan Jagadeesan,TD Lokesh Raj,1,0,1,wide,0,,,14/2
1149584,1,2,5,N Sarangarajan Chaturved,Narayan Jagadeesan,TD Lokesh Raj,4,4,0,four,0,,,18/2
1149584,1,2,6,N Sarangarajan Chaturved,Narayan Jagadeesan,TD Lokesh Raj,0,0,0,no run,0,,,18/2
1149584,1,2,7,N Sarangarajan Chaturved,Narayan Jagadeesan,TD Lokesh Raj,1,1,0,run,0,,,19/2
1149584,1,3,1,N Sarangarajan Chaturved,Narayan Jagadeesan,Abhishek Baljeetsingh Tanwar,0,0,0,out,1,caught,N Sarangarajan Chaturved,19/3
1149584,1,3,2,Varun M Totadri,Narayan Jagadeesan,Abhishek Baljeetsingh Tanwar,0,0,0,no run,0,,,19/3
1149584,1,3,3,Varun M Totadri,Narayan Jagadeesan,Abhishek Baljeetsingh Tanwar,0,0,0,no run,0,,,19/3
1149584,1,3,4,Varun M Totadri,Narayan Jagadeesan,Abhishek Baljeetsingh Tanwar,0,0,0,no run,0,,,19/3
1149584,1,3,5,Varun M Totadri,Narayan Jagadeesan,Abhishek Baljeetsingh Tanwar,0,0,0,no run,0,,,19/3
1149584,1,3,6,Varun M Totadri,Narayan Jagadeesan,Abhishek Baljeetsingh Tanwar,0,0,0,no run,0,,,19/3
1149584,1,4,1,Narayan Jagadeesan,Varun M Totadri,TD Lokesh Raj,1,1,0,run,0,,,20/3
1149584,1,4,2,Varun M Totadri,Narayan Jagadeesan,TD Lokesh Raj,0,0,0,out,1,caught,Varun M Totadri,20/4
1149584,1,4,3,Mohan Abhinav,Narayan Jagadeesan,TD Lokesh Raj,0,0,0,no run,0,,,20/4
1149584,1,4,4,Mohan Abhinav,Narayan Jagadeesan,TD Lokesh Raj,1,1,0,run,0,,,21/4
1149584,1,4,5,Narayan Jagadeesan,Mohan Abhinav,TD Lokesh Raj,0,0,0,no run,0,,,21/4
1149584,1,4,6,Narayan Jagadeesan,Mohan Abhinav,TD Lokesh Raj,0,0,0,no run,0,,,21/4
1149584,1,5,1,Mohan Abhinav,Narayan Jagadeesan,Abhishek Baljeetsingh Tanwar,0,0,0,no run,0,,,21/4
1149584,1,5,2,Mohan Abhinav,Narayan Jagadeesan,Abhishek Baljeetsingh Tanwar,0,0,0,no run,0,,,21/4
1149584,1,5,3,Mohan Abhinav,Narayan Jagadeesan,Abhishek Baljeetsingh Tanwar,0,0,0,no run,0,,,21/4
1149584,1,5,4,Mohan Abhinav,Narayan Jagadeesan,Abhishek Baljeetsingh Tanwar,0,0,0,out,1,caught,Mohan Abhinav,21/5
1149584,1,5,5,Rajendran Vivek,Narayan Jagadeesan,Abhishek Baljeetsingh Tanwar,6,6,0,six,0,,,27/5
1149584,1,5,6,Rajendran Vivek,Narayan Jagadeesan,Abhishek Baljeetsingh Tanwar,1,1,0,run,0,,,28/5
1149584,1,6,1,Rajendran Vivek,Narayan Jagadeesan,TD Lokesh Raj,0,0,0,no run,0,,,28/5
1149584,1,6,2,Rajendran Vivek,Narayan Jagadeesan,TD Lokesh Raj,1,1,0,run,0,,,29/5
1149584,1,6,3,Narayan Jagadeesan,Rajendran Vivek,TD Lokesh Raj,1,1,0,run,0,,,30/5
1149584,1,6,4,Rajendran Vivek,Narayan Jagadeesan,TD Lokesh Raj,2,2,0,run,0,,,32/5
1149584,1,6,5,Rajendran Vivek,Narayan Jagadeesan,TD Lokesh Raj,1,1,0,run,0,,,33/5
1149584,1,6,6,Narayan Jagadeesan,Rajendran Vivek,TD Lokesh Raj,0,0,0,no run,0,,,33/5
1149584,1,7,1,Rajendran Vivek,Narayan Jagadeesan,Varun Chakravarthy Vinod,1,1,0,run,0,,,34/5
1149584,1,7,2,Narayan Jagadeesan,Rajendran Vivek,Varun Chakravarthy Vinod,0,0,0,no run,0,,,34/5
1149584,1,7,3,Narayan Jagadeesan,Rajendran Vivek,Varun Chakravarthy Vinod,1,1,0,run,0,,,35/5
1149584,1,7,4,Rajendran Vivek,Narayan Jagadeesan,Varun Chakravarthy Vinod,1,1,0,run,0,,,36/5
1149584,1,7,5,Narayan Jagadeesan,Rajendran Vivek,Varun Chakravarthy Vinod,0,0,0,no run,0,,,36/5
1149584,1,7,6,Narayan Jagadeesan,Rajendran Vivek,Varun Chakravarthy Vinod,1,1,0,run,0,,,37/5
1149584,1,8,1,Narayan Jagadeesan,Rajendran Vivek,TD Lokesh Raj,4,4,0,four,0,,,41/5
1149584,1,8,2,Narayan Jagadeesan,Rajendran Vivek,TD Lokesh Raj,1,1,0,run,0,,,42/5
1149584,1,8,3,Rajendran Vivek,Narayan Jagadeesan,TD Lokesh Raj,0,0,0,no run,0,,,42/5
1149584,1,8,4,Rajendran Vivek,Narayan Jagadeesan,TD Lokesh Raj,0,0,0,out,1,caught,Rajendran Vivek,42/6
1149584,1,8,5,Narayan Jagadeesan,0,TD Lokesh Raj,4,4,0,four,0,,,46/6
1149584,1,8,6,Narayan Jagadeesan,Ramalingam Rohit,TD Lokesh Raj,4,4,0,four,0,,,50/6
1149584,1,9,1,Ramalingam Rohit,Narayan Jagadeesan,Rahil S Shah,1,1,0,run,0,,,51/6
1149584,1,9,2,Narayan Jagadeesan,Ramalingam Rohit,Rahil S Shah,4,4,0,four,0,,,55/6
1149584,1,9,3,Narayan Jagadeesan,Ramalingam Rohit,Rahil S Shah,0,0,0,no run,0,,,55/6
1149584,1,9,4,Narayan Jagadeesan,Ramalingam Rohit,Rahil S Shah,1,1,0,run,0,,,56/6
1149584,1,9,5,Ramalingam Rohit,Narayan Jagadeesan,Rahil S Shah,1,1,0,run,0,,,57/6
1149584,1,9,6,Narayan Jagadeesan,Ramalingam Rohit,Rahil S Shah,0,0,0,no run,0,,,57/6
1149584,1,10,1,Ramalingam Rohit,Narayan Jagadeesan,Jagatheesan Kousik,1,1,0,run,0,,,58/6
1149584,1,10,2,Narayan Jagadeesan,Ramalingam Rohit,Jagatheesan Kousik,1,1,0,run,0,,,59/6
1149584,1,10,3,Ramalingam Rohit,Narayan Jagadeesan,Jagatheesan Kousik,0,0,0,no run,0,,,59/6
1149584,1,10,4,Ramalingam Rohit,Narayan Jagadeesan,Jagatheesan Kousik,0,0,0,no run,0,,,59/6
1149584,1,10,5,Ramalingam Rohit,Narayan Jagadeesan,Jagatheesan Kousik,1,1,0,run,0,,,60/6
1149584,1,10,6,Narayan Jagadeesan,Ramalingam Rohit,Jagatheesan Kousik,0,0,0,no run,0,,,60/6
1149584,1,11,1,Ramalingam Rohit,Narayan Jagadeesan,Rahil S Shah,0,0,0,no run,0,,,60/6
1149584,1,11,2,Ramalingam Rohit,Narayan Jagadeesan,Rahil S Shah,0,0,0,no run,0,,,60/6
1149584,1,11,3,Ramalingam Rohit,Narayan Jagadeesan,Rahil S Shah,1,1,0,run,0,,,61/6
1149584,1,11,4,Narayan Jagadeesan,Ramalingam Rohit,Rahil S Shah,1,1,0,run,0,,,62/6
1149584,1,11,5,Ramalingam Rohit,Narayan Jagadeesan,Rahil S Shah,0,0,0,no run,0,,,62/6
1149584,1,11,6,Ramalingam Rohit,Narayan Jagadeesan,Rahil S Shah,1,1,0,run,0,,,63/6
1149584,1,12,1,Ramalingam Rohit,Narayan Jagadeesan,Jagatheesan Kousik,0,0,0,no run,0,,,63/6
1149584,1,12,2,Ramalingam Rohit,Narayan Jagadeesan,Jagatheesan Kousik,1,1,0,run,0,,,64/6
1149584,1,12,3,Narayan Jagadeesan,Ramalingam Rohit,Jagatheesan Kousik,1,1,0,run,0,,,65/6
1149584,1,12,4,Ramalingam Rohit,Narayan Jagadeesan,Jagatheesan Kousik,1,1,0,run,0,,,66/6
1149584,1,12,5,Narayan Jagadeesan,Ramalingam Rohit,Jagatheesan Kousik,1,1,0,run,0,,,67/6
1149584,1,12,6,Ramalingam Rohit,Narayan Jagadeesan,Jagatheesan Kousik,1,1,0,run,0,,,68/6
1149584,1,13,1,Ramalingam Rohit,Narayan Jagadeesan,Varun Chakravarthy Vinod,0,0,0,no run,0,,,68/6
1149584,1,13,2,Ramalingam Rohit,Narayan Jagadeesan,Varun Chakravarthy Vinod,0,0,0,no run,0,,,68/6
1149584,1,13,3,Ramalingam Rohit,Narayan Jagadeesan,Varun Chakravarthy Vinod,0,0,0,no run,0,,,68/6
1149584,1,13,4,Ramalingam Rohit,Narayan Jagadeesan,Varun Chakravarthy Vinod,0,0,0,no run,0,,,68/6
1149584,1,13,5,Ramalingam Rohit,Narayan Jagadeesan,Varun Chakravarthy Vinod,0,0,0,no run,0,,,68/6
1149584,1,13,6,Ramalingam Rohit,Narayan Jagadeesan,Varun Chakravarthy Vinod,0,0,0,no run,0,,,68/6
1149584,1,14,1,Narayan Jagadeesan,Ramalingam Rohit,Rahil S Shah,6,6,0,six,0,,,74/6
1149584,1,14,2,Narayan Jagadeesan,Ramalingam Rohit,Rahil S Shah,0,0,0,no run,0,,,74/6
1149584,1,14,3,Narayan Jagadeesan,Ramalingam Rohit,Rahil S Shah,1,1,0,run,0,,,75/6
1149584,1,14,4,Ramalingam Rohit,Narayan Jagadeesan,Rahil S Shah,3,3,0,run,0,,,78/6
1149584,1,14,5,Narayan Jagadeesan,Ramalingam Rohit,Rahil S Shah,1,1,0,run,0,,,79/6
1149584,1,14,6,Ramalingam Rohit,Narayan Jagadeesan,Rahil S Shah,0,0,0,no run,0,,,79/6
1149584,1,15,1,Narayan Jagadeesan,Ramalingam Rohit,Jagatheesan Kousik,1,1,0,run,0,,,80/6
1149584,1,15,2,Ramalingam Rohit,Narayan Jagadeesan,Jagatheesan Kousik,1,1,0,run,0,,,81/6
1149584,1,15,3,Narayan Jagadeesan,Ramalingam Rohit,Jagatheesan Kousik,1,1,0,run,0,,,82/6
1149584,1,15,4,Ramalingam Rohit,Narayan Jagadeesan,Jagatheesan Kousik,1,1,0,run,0,,,83/6
1149584,1,15,5,Narayan Jagadeesan,Ramalingam Rohit,Jagatheesan Kousik,1,1,0,run,0,,,84/6
1149584,1,15,6,Ramalingam Rohit,Narayan Jagadeesan,Jagatheesan Kousik,1,1,0,run,0,run out,Ramalingam Rohit,85/6
1149584,1,16,1,Narayan Jagadeesan,0,Rahil S Shah,1,1,0,run,0,,,86/6
1149584,1,16,2,M Mohammed,Narayan Jagadeesan,Rahil S Shah,0,0,0,no run,0,,,86/6
1149584,1,16,3,M Mohammed,Narayan Jagadeesan,Rahil S Shah,0,0,0,no run,0,,,86/6
1149584,1,16,4,M Mohammed,Narayan Jagadeesan,Rahil S Shah,1,0,1,leg bye,0,,,87/6
1149584,1,16,5,Narayan Jagadeesan,M Mohammed,Rahil S Shah,0,0,0,no run,0,,,87/6
1149584,1,16,6,Narayan Jagadeesan,M Mohammed,Rahil S Shah,0,0,0,no run,1,,,87/7
1149584,1,17,1,M Mohammed,Narayan Jagadeesan,Varun Chakravarthy Vinod,0,0,0,no run,0,,,87/7
1149584,1,17,2,M Mohammed,Narayan Jagadeesan,Varun Chakravarthy Vinod,1,1,0,run,0,,,88/7
1149584,1,17,3,Narayan Jagadeesan,M Mohammed,Varun Chakravarthy Vinod,1,1,0,run,0,,,89/7
1149584,1,17,4,M Mohammed,Narayan Jagadeesan,Varun Chakravarthy Vinod,1,1,0,run,0,,,90/7
1149584,1,17,5,Narayan Jagadeesan,M Mohammed,Varun Chakravarthy Vinod,0,0,0,no run,0,,,90/7
1149584,1,17,6,Narayan Jagadeesan,M Mohammed,Varun Chakravarthy Vinod,0,0,0,no run,0,,,90/7
1149584,1,18,1,M Mohammed,Narayan Jagadeesan,Jagatheesan Kousik,1,1,0,run,0,,,91/7
1149584,1,18,2,Narayan Jagadeesan,M Mohammed,Jagatheesan Kousik,1,1,0,run,0,,,92/7
1149584,1,18,3,M Mohammed,Narayan Jagadeesan,Jagatheesan Kousik,1,1,0,run,0,,,93/7
1149584,1,18,4,Narayan Jagadeesan,M Mohammed,Jagatheesan Kousik,4,4,0,four,0,,,97/7
1149584,1,18,5,Narayan Jagadeesan,M Mohammed,Jagatheesan Kousik,2,2,0,run,0,,,99/7
1149584,1,18,6,Narayan Jagadeesan,M Mohammed,Jagatheesan Kousik,1,1,0,run,0,,,100/7
1149584,1,19,1,Narayan Jagadeesan,M Mohammed,Varun Chakravarthy Vinod,0,0,0,out,1,bowled,Narayan Jagadeesan,100/8
1149584,1,19,2,M Silambarasan,M Mohammed,Varun Chakravarthy Vinod,2,2,0,run,0,,,102/8
1149584,1,19,3,M Silambarasan,M Mohammed,Varun Chakravarthy Vinod,0,0,0,no run,0,,,102/8
1149584,1,19,4,M Silambarasan,M Mohammed,Varun Chakravarthy Vinod,0,0,0,out,1,bowled,M Silambarasan,102/9
1149584,1,19,5,H Trilok Nag,M Mohammed,Varun Chakravarthy Vinod,0,0,0,no run,0,,,102/9
1149584,1,19,6,H Trilok Nag,M Mohammed,Varun Chakravarthy Vinod,0,0,0,no run,0,,,102/9
1149584,1,20,1,M Mohammed,H Trilok Nag,Abhishek Baljeetsingh Tanwar,1,1,0,run,0,,,103/9
1149584,1,20,2,H Trilok Nag,M Mohammed,Abhishek Baljeetsingh Tanwar,1,1,0,run,0,,,104/9
1149584,1,20,3,M Mohammed,H Trilok Nag,Abhishek Baljeetsingh Tanwar,6,6,0,six,0,,,110/9
1149584,1,20,4,M Mohammed,H Trilok Nag,Abhishek Baljeetsingh Tanwar,1,0,1,wide,0,,,111/9
1149584,1,20,5,M Mohammed,H Trilok Nag,Abhishek Baljeetsingh Tanwar,6,6,0,six,0,,,117/9
1149584,1,20,6,M Mohammed,H Trilok Nag,Abhishek Baljeetsingh Tanwar,0,0,0,out,1,caught,M Mohammed,117/10
1149584,2,1,1,Konda Bhaskir Arun Karthik,0,M Silambarasan,1,1,0,run,0,,,1/0
1149584,2,1,2,Xavier Thalaivan Sargunam,Konda Bhaskir Arun Karthik,M Silambarasan,1,0,1,wide,0,,,2/0
1149584,2,1,3,Xavier Thalaivan Sargunam,Konda Bhaskir Arun Karthik,M Silambarasan,0,0,0,out,1,leg before wicket,Xavier Thalaivan Sargunam,2/1
1149584,2,1,4,Tushar Raheja,Konda Bhaskir Arun Karthik,M Silambarasan,0,0,0,no run,0,,,2/1
1149584,2,1,5,Tushar Raheja,Konda Bhaskir Arun Karthik,M Silambarasan,0,0,0,out,1,caught,Tushar Raheja,2/2
1149584,2,1,6,0,Konda Bhaskir Arun Karthik,M Silambarasan,0,0,0,out,1,,,2/3
1149584,2,1,7,Poovathinga Shijit Chandran,Konda Bhaskir Arun Karthik,M Silambarasan,0,0,0,no run,0,,,2/3
1149584,2,2,1,Konda Bhaskir Arun Karthik,Poovathinga Shijit Chandran,M Mohammed,0,0,0,no run,0,,,2/3
1149584,2,2,2,Konda Bhaskir Arun Karthik,Poovathinga Shijit Chandran,M Mohammed,1,1,0,run,0,,,3/3
1149584,2,2,3,Poovathinga Shijit Chandran,Konda Bhaskir Arun Karthik,M Mohammed,4,4,0,four,0,,,7/3
1149584,2,2,4,Poovathinga Shijit Chandran,Konda Bhaskir Arun Karthik,M Mohammed,0,0,0,no run,0,,,7/3
1149584,2,2,5,Poovathinga Shijit Chandran,Konda Bhaskir Arun Karthik,M Mohammed,0,0,0,no run,0,,,7/3
1149584,2,2,6,Poovathinga Shijit Chandran,Konda Bhaskir Arun Karthik,M Mohammed,0,0,0,no run,0,,,7/3
1149584,2,3,1,Konda Bhaskir Arun Karthik,Poovathinga Shijit Chandran,M Silambarasan,2,2,0,run,0,,,9/3
1149584,2,3,2,Konda Bhaskir Arun Karthik,Poovathinga Shijit Chandran,M Silambarasan,1,1,0,run,0,,,10/3
1149584,2,3,3,Poovathinga Shijit Chandran,Konda Bhaskir Arun Karthik,M Silambarasan,1,1,0,run,0,,,11/3
1149584,2,3,4,Konda Bhaskir Arun Karthik,Poovathinga Shijit Chandran,M Silambarasan,1,0,1,wide,0,,,12/3
1149584,2,3,5,Konda Bhaskir Arun Karthik,Poovathinga Shijit Chandran,M Silambarasan,1,1,0,run,0,,,13/3
1149584,2,3,6,Poovathinga Shijit Chandran,Konda Bhaskir Arun Karthik,M Silambarasan,1,1,0,run,0,,,14/3
1149584,2,3,7,Konda Bhaskir Arun Karthik,Poovathinga Shijit Chandran,M Silambarasan,4,4,0,four,0,,,18/3
1149584,2,4,1,Poovathinga Shijit Chandran,Konda Bhaskir Arun Karthik,M Mohammed,0,0,0,no run,0,,,18/3
1149584,2,4,2,Poovathinga Shijit Chandran,Konda Bhaskir Arun Karthik,M Mohammed,4,4,0,four,0,,,22/3
1149584,2,4,3,Poovathinga Shijit Chandran,Konda Bhaskir Arun Karthik,M Mohammed,1,1,0,run,0,,,23/3
1149584,2,4,4,Konda Bhaskir Arun Karthik,Poovathinga Shijit Chandran,M Mohammed,0,0,0,no run,0,,,23/3
1149584,2,4,5,Konda Bhaskir Arun Karthik,Poovathinga Shijit Chandran,M Mohammed,1,1,0,run,0,,,24/3
1149584,2,4,6,Poovathinga Shijit Chandran,Konda Bhaskir Arun Karthik,M Mohammed,0,0,0,no run,0,,,24/3
1149584,2,5,1,Konda Bhaskir Arun Karthik,Poovathinga Shijit Chandran,Mohan Abhinav,1,1,0,run,0,,,25/3
1149584,2,5,2,Poovathinga Shijit Chandran,Konda Bhaskir Arun Karthik,Mohan Abhinav,0,0,0,no run,0,,,25/3
1149584,2,5,3,Poovathinga Shijit Chandran,Konda Bhaskir Arun Karthik,Mohan Abhinav,1,1,0,run,0,,,26/3
1149584,2,5,4,Konda Bhaskir Arun Karthik,Poovathinga Shijit Chandran,Mohan Abhinav,0,0,0,no run,0,,,26/3
1149584,2,5,5,Konda Bhaskir Arun Karthik,Poovathinga Shijit Chandran,Mohan Abhinav,1,1,0,run,0,,,27/3
1149584,2,5,6,Poovathinga Shijit Chandran,Konda Bhaskir Arun Karthik,Mohan Abhinav,0,0,0,no run,0,,,27/3
1149584,2,6,1,Konda Bhaskir Arun Karthik,Poovathinga Shijit Chandran,H Trilok Nag,6,6,0,six,0,,,33/3
1149584,2,6,2,Konda Bhaskir Arun Karthik,Poovathinga Shijit Chandran,H Trilok Nag,0,0,0,no run,0,,,33/3
1149584,2,6,3,Konda Bhaskir Arun Karthik,Poovathinga Shijit Chandran,H Trilok Nag,0,0,0,no run,0,,,33/3
1149584,2,6,4,Konda Bhaskir Arun Karthik,Poovathinga Shijit Chandran,H Trilok Nag,1,1,0,run,0,,,34/3
1149584,2,6,5,Poovathinga Shijit Chandran,Konda Bhaskir Arun Karthik,H Trilok Nag,0,0,0,no run,0,,,34/3
1149584,2,6,6,Poovathinga Shijit Chandran,Konda Bhaskir Arun Karthik,H Trilok Nag,0,0,0,no run,0,,,34/3
1149584,2,7,1,Konda Bhaskir Arun Karthik,Poovathinga Shijit Chandran,Varun M Totadri,0,0,0,no run,0,,,34/3
1149584,2,7,2,Konda Bhaskir Arun Karthik,Poovathinga Shijit Chandran,Varun M Totadri,1,1,0,run,0,,,35/3
1149584,2,7,3,Poovathinga Shijit Chandran,Konda Bhaskir Arun Karthik,Varun M Totadri,1,1,0,run,0,,,36/3
1149584,2,7,4,Konda Bhaskir Arun Karthik,Poovathinga Shijit Chandran,Varun M Totadri,6,6,0,six,0,,,42/3
1149584,2,7,5,Konda Bhaskir Arun Karthik,Poovathinga Shijit Chandran,Varun M Totadri,2,2,0,run,0,,,44/3
1149584,2,7,6,Konda Bhaskir Arun Karthik,Poovathinga Shijit Chandran,Varun M Totadri,1,1,0,run,0,,,45/3
1149584,2,8,1,Konda Bhaskir Arun Karthik,Poovathinga Shijit Chandran,H Trilok Nag,1,1,0,run,0,,,46/3
1149584,2,8,2,Poovathinga Shijit Chandran,Konda Bhaskir Arun Karthik,H Trilok Nag,1,1,0,run,0,,,47/3
1149584,2,8,3,Konda Bhaskir Arun Karthik,Poovathinga Shijit Chandran,H Trilok Nag,1,1,0,run,0,,,48/3
1149584,2,8,4,Poovathinga Shijit Chandran,Konda Bhaskir Arun Karthik,H Trilok Nag,1,1,0,run,0,,,49/3
1149584,2,8,5,Konda Bhaskir Arun Karthik,Poovathinga Shijit Chandran,H Trilok Nag,1,0,1,wide,0,,,50/3
1149584,2,8,6,Konda Bhaskir Arun Karthik,Poovathinga Shijit Chandran,H Trilok Nag,0,0,0,no run,0,,,50/3
1149584,2,8,7,Konda Bhaskir Arun Karthik,Poovathinga Shijit Chandran,H Trilok Nag,2,2,0,run,0,,,52/3
1149584,2,9,1,Poovathinga Shijit Chandran,Konda Bhaskir Arun Karthik,Mohan Abhinav,0,0,0,no run,0,,,52/3
1149584,2,9,2,Poovathinga Shijit Chandran,Konda Bhaskir Arun Karthik,Mohan Abhinav,0,0,0,no run,0,,,52/3
1149584,2,9,3,Poovathinga Shijit Chandran,Konda Bhaskir Arun Karthik,Mohan Abhinav,0,0,0,no run,0,,,52/3
1149584,2,9,4,Poovathinga Shijit Chandran,Konda Bhaskir Arun Karthik,Mohan Abhinav,1,1,0,run,0,,,53/3
1149584,2,9,5,Konda Bhaskir Arun Karthik,Poovathinga Shijit Chandran,Mohan Abhinav,0,0,0,no run,0,,,53/3
1149584,2,9,6,Konda Bhaskir Arun Karthik,Poovathinga Shijit Chandran,Mohan Abhinav,1,1,0,run,0,,,54/3
1149584,2,10,1,Konda Bhaskir Arun Karthik,Poovathinga Shijit Chandran,Ramalingam Rohit,4,4,0,four,0,,,58/3
1149584,2,10,2,Konda Bhaskir Arun Karthik,Poovathinga Shijit Chandran,Ramalingam Rohit,2,2,0,run,0,,,60/3
1149584,2,10,3,Konda Bhaskir Arun Karthik,Poovathinga Shijit Chandran,Ramalingam Rohit,1,1,0,run,0,,,61/3
1149584,2,10,4,Poovathinga Shijit Chandran,Konda Bhaskir Arun Karthik,Ramalingam Rohit,0,0,0,no run,0,,,61/3
1149584,2,10,5,Poovathinga Shijit Chandran,Konda Bhaskir Arun Karthik,Ramalingam Rohit,1,1,0,run,0,,,62/3
1149584,2,10,6,Konda Bhaskir Arun Karthik,Poovathinga Shijit Chandran,Ramalingam Rohit,1,1,0,run,0,,,63/3
1149584,2,11,1,Konda Bhaskir Arun Karthik,Poovathinga Shijit Chandran,Mohan Abhinav,1,1,0,run,0,,,64/3
1149584,2,11,2,Poovathinga Shijit Chandran,Konda Bhaskir Arun Karthik,Mohan Abhinav,0,0,0,no run,0,,,64/3
1149584,2,11,3,Poovathinga Shijit Chandran,Konda Bhaskir Arun Karthik,Mohan Abhinav,0,0,0,no run,0,,,64/3
1149584,2,11,4,Poovathinga Shijit Chandran,Konda Bhaskir Arun Karthik,Mohan Abhinav,0,0,0,no run,0,,,64/3
1149584,2,11,5,Poovathinga Shijit Chandran,Konda Bhaskir Arun Karthik,Mohan Abhinav,1,1,0,run,0,,,65/3
1149584,2,11,6,Konda Bhaskir Arun Karthik,Poovathinga Shijit Chandran,Mohan Abhinav,0,0,0,no run,0,,,65/3
1149584,2,12,1,Poovathinga Shijit Chandran,Konda Bhaskir Arun Karthik,Chezhian Nishaanth,6,6,0,six,0,,,71/3
1149584,2,12,2,Poovathinga Shijit Chandran,Konda Bhaskir Arun Karthik,Chezhian Nishaanth,1,1,0,run,0,,,72/3
1149584,2,12,3,Konda Bhaskir Arun Karthik,Poovathinga Shijit Chandran,Chezhian Nishaanth,1,1,0,run,0,,,73/3
1149584,2,12,4,Poovathinga Shijit Chandran,Konda Bhaskir Arun Karthik,Chezhian Nishaanth,1,1,0,run,0,,,74/3
1149584,2,12,5,Konda Bhaskir Arun Karthik,Poovathinga Shijit Chandran,Chezhian Nishaanth,0,0,0,no run,0,,,74/3
1149584,2,12,6,Konda Bhaskir Arun Karthik,Poovathinga Shijit Chandran,Chezhian Nishaanth,1,1,0,run,0,,,75/3
1149584,2,13,1,Konda Bhaskir Arun Karthik,Poovathinga Shijit Chandran,Mohan Abhinav,0,0,0,no run,0,,,75/3
1149584,2,13,2,Konda Bhaskir Arun Karthik,Poovathinga Shijit Chandran,Mohan Abhinav,1,1,0,run,0,,,76/3
1149584,2,13,3,Poovathinga Shijit Chandran,Konda Bhaskir Arun Karthik,Mohan Abhinav,1,0,1,wide,0,,,77/3
1149584,2,13,4,Poovathinga Shijit Chandran,Konda Bhaskir Arun Karthik,Mohan Abhinav,1,1,0,run,0,,,78/3
1149584,2,13,5,Konda Bhaskir Arun Karthik,Poovathinga Shijit Chandran,Mohan Abhinav,1,1,0,run,0,,,79/3
1149584,2,13,6,Poovathinga Shijit Chandran,Konda Bhaskir Arun Karthik,Mohan Abhinav,0,0,0,no run,0,,,79/3
1149584,2,13,7,Poovathinga Shijit Chandran,Konda Bhaskir Arun Karthik,Mohan Abhinav,0,0,0,no run,0,,,79/3
1149584,2,14,1,Konda Bhaskir Arun Karthik,Poovathinga Shijit Chandran,Varun M Totadri,1,1,0,run,0,,,80/3
1149584,2,14,2,Poovathinga Shijit Chandran,Konda Bhaskir Arun Karthik,Varun M Totadri,1,1,0,run,0,,,81/3
1149584,2,14,3,Konda Bhaskir Arun Karthik,Poovathinga Shijit Chandran,Varun M Totadri,1,1,0,run,0,,,82/3
1149584,2,14,4,Poovathinga Shijit Chandran,Konda Bhaskir Arun Karthik,Varun M Totadri,0,0,0,no run,0,,,82/3
1149584,2,14,5,Poovathinga Shijit Chandran,Konda Bhaskir Arun Karthik,Varun M Totadri,0,0,0,no run,0,,,82/3
1149584,2,14,6,Poovathinga Shijit Chandran,Konda Bhaskir Arun Karthik,Varun M Totadri,1,1,0,run,0,,,83/3
1149584,2,15,1,Poovathinga Shijit Chandran,Konda Bhaskir Arun Karthik,M Silambarasan,1,1,0,run,0,,,84/3
1149584,2,15,2,Konda Bhaskir Arun Karthik,Poovathinga Shijit Chandran,M Silambarasan,1,1,0,run,0,,,85/3
1149584,2,15,3,Poovathinga Shijit Chandran,Konda Bhaskir Arun Karthik,M Silambarasan,0,0,0,no run,0,,,85/3
1149584,2,15,4,Poovathinga Shijit Chandran,Konda Bhaskir Arun Karthik,M Silambarasan,1,1,0,run,0,,,86/3
1149584,2,15,5,Konda Bhaskir Arun Karthik,Poovathinga Shijit Chandran,M Silambarasan,6,6,0,six,0,,,92/3
1149584,2,15,6,Konda Bhaskir Arun Karthik,Poovathinga Shijit Chandran,M Silambarasan,1,1,0,run,0,,,93/3
1149584,2,16,1,Konda Bhaskir Arun Karthik,Poovathinga Shijit Chandran,Varun M Totadri,1,1,0,run,0,,,94/3
1149584,2,16,2,Poovathinga Shijit Chandran,Konda Bhaskir Arun Karthik,Varun M Totadri,1,1,0,run,0,,,95/3
1149584,2,16,3,Konda Bhaskir Arun Karthik,Poovathinga Shijit Chandran,Varun M Totadri,6,6,0,six,0,,,101/3
1149584,2,16,4,Konda Bhaskir Arun Karthik,Poovathinga Shijit Chandran,Varun M Totadri,1,1,0,run,0,,,102/3
1149584,2,16,5,Poovathinga Shijit Chandran,Konda Bhaskir Arun Karthik,Varun M Totadri,0,0,0,no run,0,,,102/3
1149584,2,16,6,Poovathinga Shijit Chandran,Konda Bhaskir Arun Karthik,Varun M Totadri,1,1,0,run,0,,,103/3
1149584,2,17,1,Poovathinga Shijit Chandran,Konda Bhaskir Arun Karthik,H Trilok Nag,1,1,0,run,0,,,104/3
1149584,2,17,2,Konda Bhaskir Arun Karthik,Poovathinga Shijit Chandran,H Trilok Nag,4,4,0,four,0,,,108/3
1149584,2,17,3,Konda Bhaskir Arun Karthik,Poovathinga Shijit Chandran,H Trilok Nag,1,1,0,run,0,,,109/3
1149584,2,17,4,Poovathinga Shijit Chandran,Konda Bhaskir Arun Karthik,H Trilok Nag,1,0,1,wide,0,,,110/3
1149584,2,17,5,Poovathinga Shijit Chandran,Konda Bhaskir Arun Karthik,H Trilok Nag,0,0,0,no run,0,,,110/3
1149584,2,17,6,Poovathinga Shijit Chandran,Konda Bhaskir Arun Karthik,H Trilok Nag,0,0,0,no run,0,,,110/3
1149584,2,17,7,Poovathinga Shijit Chandran,Konda Bhaskir Arun Karthik,H Trilok Nag,4,4,0,four,0,,,114/3
1149584,2,18,1,Konda Bhaskir Arun Karthik,Poovathinga Shijit Chandran,M Mohammed,1,0,1,wide,0,,,115/3
1149584,2,18,2,Konda Bhaskir Arun Karthik,Poovathinga Shijit Chandran,M Mohammed,4,4,0,four,0,,,119/3
